Kernel,Time (s),Temperature (C),Power (W),Memory Usage (MB),GPU Utilization (%),Graphics Clock (MHz),Memory Clock (MHz),Decoder Utilization (%),Encoder Utilization (%),Decoder Memory Usage (MB),Encoder Memory Usage (MB),PCIe Tx Throughput (KB/s),PCIe Rx Throughput (KB/s)
yolov8x_training,0.000674,39,26.420,622.1250,0,210,405,"[0, 100000]","[0, 100000]",0,0,390,292
yolov8x_training,1.049574,39,26.445,622.1250,0,210,405,"[0, 100000]","[0, 100000]",0,0,341,292
yolov8x_training,2.092653,39,26.440,622.1250,0,210,405,"[0, 100000]","[0, 100000]",0,0,341,292
yolov8x_training,3.138132,39,26.533,625.0000,0,210,405,"[0, 100000]","[0, 100000]",0,0,341,292
yolov8x_training,4.180458,39,26.575,1430.3125,0,210,405,"[0, 100000]","[0, 100000]",0,0,292,292
yolov8x_training,5.223217,40,61.292,1532.3125,1,2505,10001,"[0, 100000]","[0, 100000]",0,0,341,244
yolov8x_training,6.266549,40,64.795,1782.3125,1,2505,10001,"[0, 100000]","[0, 100000]",0,0,292,292
yolov8x_training,7.314133,45,109.584,12914.3125,7,2505,10001,"[0, 100000]","[0, 100000]",0,0,4101,31250
yolov8x_training,8.357614,44,189.614,12914.3125,42,2265,10001,"[0, 100000]","[0, 100000]",0,0,292,292
yolov8x_training,9.400599,47,161.195,12976.3125,0,2535,10001,"[0, 100000]","[0, 100000]",0,0,3906,37060
yolov8x_training,10.455625,47,158.606,12978.3125,0,2700,10001,"[0, 100000]","[0, 100000]",0,0,11621,292
yolov8x_training,11.498331,49,217.034,12978.3125,17,1650,10001,"[0, 100000]","[0, 100000]",0,0,6982,98925
yolov8x_training,12.550221,49,197.532,12978.3125,0,2700,10001,"[0, 100000]","[0, 100000]",0,0,341,292
yolov8x_training,13.593006,45,192.529,12978.3125,87,1620,10001,"[0, 100000]","[0, 100000]",0,0,5029,17431
yolov8x_training,14.646245,46,183.778,13066.3125,8,2670,10001,"[0, 100000]","[0, 100000]",0,0,14062,40478
yolov8x_training,15.689639,51,196.854,13066.3125,58,1740,10001,"[0, 100000]","[0, 100000]",0,0,292,244
yolov8x_training,16.732418,52,207.577,13066.3125,82,2115,10001,"[0, 100000]","[0, 100000]",0,0,4248,15136
yolov8x_training,17.795579,49,232.982,13066.3125,77,2265,10001,"[0, 100000]","[0, 100000]",0,0,15234,39599
yolov8x_training,18.838670,52,233.263,13066.3125,91,2085,10001,"[0, 100000]","[0, 100000]",0,0,341,1030126
yolov8x_training,19.881828,54,228.978,13066.3125,56,2580,10001,"[0, 100000]","[0, 100000]",0,0,3027,10693
yolov8x_training,20.925425,53,226.680,13066.3125,69,2055,10001,"[0, 100000]","[0, 100000]",0,0,6982,100927
yolov8x_training,21.976473,50,227.963,13066.3125,82,2505,10001,"[0, 100000]","[0, 100000]",0,0,341,341
yolov8x_training,23.036462,49,226.954,13066.3125,82,2250,10001,"[0, 100000]","[0, 100000]",0,0,14257,38623
yolov8x_training,24.079720,53,194.271,13066.3125,63,2700,10001,"[0, 100000]","[0, 100000]",0,0,292,292
yolov8x_training,25.122603,53,199.200,13150.3125,0,1575,10001,"[0, 100000]","[0, 100000]",0,0,6982,292
yolov8x_training,26.165451,51,190.778,13152.3125,88,2685,10001,"[0, 100000]","[0, 100000]",0,0,4101,35595
yolov8x_training,27.208553,56,198.677,13152.3125,10,2505,10001,"[0, 100000]","[0, 100000]",0,0,4833,81103
yolov8x_training,28.278348,51,188.572,13370.3125,70,1785,10001,"[0, 100000]","[0, 100000]",0,0,292,292
yolov8x_training,29.321874,56,185.310,13370.3125,51,2130,10001,"[0, 100000]","[0, 100000]",0,0,2978,7666
yolov8x_training,30.391373,54,198.523,13370.3125,36,1755,10001,"[0, 100000]","[0, 100000]",0,0,14013,39648
yolov8x_training,31.434744,52,186.546,13370.3125,87,2010,10001,"[0, 100000]","[0, 100000]",0,0,341,244
yolov8x_training,32.477457,59,199.404,13370.3125,0,2685,10001,"[0, 100000]","[0, 100000]",0,0,292,292
yolov8x_training,33.520110,59,219.745,13370.3125,35,1620,10001,"[0, 100000]","[0, 100000]",0,0,5468,34326
yolov8x_training,34.563985,59,242.531,13370.3125,94,1485,10001,"[0, 100000]","[0, 100000]",0,0,341,1033593
yolov8x_training,35.606692,58,230.225,13370.3125,76,2610,10001,"[0, 100000]","[0, 100000]",0,0,3076,53613
yolov8x_training,36.652415,60,237.474,13370.3125,80,1425,10001,"[0, 100000]","[0, 100000]",0,0,15332,37158
yolov8x_training,37.695269,57,232.087,13370.3125,74,2670,10001,"[0, 100000]","[0, 100000]",0,0,341,1029785
yolov8x_training,38.738250,61,243.284,13370.3125,89,1665,10001,"[0, 100000]","[0, 100000]",0,0,3515,13623
yolov8x_training,39.810023,56,232.019,13370.3125,65,2280,10001,"[0, 100000]","[0, 100000]",0,0,15429,35986
yolov8x_training,40.852952,62,226.380,13370.3125,72,1665,10001,"[0, 100000]","[0, 100000]",0,0,292,292
yolov8x_training,41.895566,57,241.180,13370.3125,100,1575,10001,"[0, 100000]","[0, 100000]",0,0,6054,20263
yolov8x_training,42.939033,62,229.930,13370.3125,100,1980,10001,"[0, 100000]","[0, 100000]",0,0,4199,38574
yolov8x_training,43.993373,58,242.180,13370.3125,15,1545,10001,"[0, 100000]","[0, 100000]",0,0,1708,292
yolov8x_training,45.039104,58,228.508,13370.3125,93,2685,10001,"[0, 100000]","[0, 100000]",0,0,15380,31640
yolov8x_training,46.082584,64,239.744,13370.3125,26,1500,10001,"[0, 100000]","[0, 100000]",0,0,341,292
yolov8x_training,47.125178,59,230.380,13370.3125,93,2445,10001,"[0, 100000]","[0, 100000]",0,0,3808,14306
yolov8x_training,48.168149,65,236.196,13370.3125,59,1515,10001,"[0, 100000]","[0, 100000]",0,0,4101,39746
yolov8x_training,49.221893,65,228.026,13370.3125,33,1665,10001,"[0, 100000]","[0, 100000]",0,0,4150,34863
yolov8x_training,50.265084,61,226.254,13370.3125,93,1560,10001,"[0, 100000]","[0, 100000]",0,0,58105,146093
yolov8x_training,51.307793,66,234.442,13370.3125,47,2550,10001,"[0, 100000]","[0, 100000]",0,0,3173,9960
yolov8x_training,52.359475,61,244.399,13370.3125,95,1470,10001,"[0, 100000]","[0, 100000]",0,0,15625,34716
yolov8x_training,53.402779,67,232.469,13370.3125,60,2670,10001,"[0, 100000]","[0, 100000]",0,0,341,292
yolov8x_training,54.445997,63,240.710,13370.3125,75,1395,10001,"[0, 100000]","[0, 100000]",0,0,5371,16552
yolov8x_training,55.489368,67,225.250,13370.3125,100,2655,10001,"[0, 100000]","[0, 100000]",0,0,341,1035498
yolov8x_training,56.532210,66,230.039,13370.3125,10,1980,10001,"[0, 100000]","[0, 100000]",0,0,3369,12695
yolov8x_training,57.575386,67,242.010,13370.3125,94,1605,10001,"[0, 100000]","[0, 100000]",0,0,6884,104443
yolov8x_training,58.639280,68,231.118,13370.3125,49,1680,10001,"[0, 100000]","[0, 100000]",0,0,341,292
yolov8x_training,59.681992,69,245.523,13370.3125,93,1365,10001,"[0, 100000]","[0, 100000]",0,0,5810,22705
yolov8x_training,60.725783,64,229.767,13370.3125,83,1575,10001,"[0, 100000]","[0, 100000]",0,0,341,292
yolov8x_training,61.768533,70,238.030,13370.3125,51,1515,10001,"[0, 100000]","[0, 100000]",0,0,4101,15478
yolov8x_training,62.811683,65,230.585,13370.3125,100,1455,10001,"[0, 100000]","[0, 100000]",0,0,4492,40429
yolov8x_training,63.863935,71,244.821,13370.3125,17,1875,10001,"[0, 100000]","[0, 100000]",0,0,683,292
yolov8x_training,64.906983,67,242.882,13370.3125,93,1395,10001,"[0, 100000]","[0, 100000]",0,0,90039,28417
yolov8x_training,65.976165,69,202.582,13370.3125,98,1590,10001,"[0, 100000]","[0, 100000]",0,0,292,1039941
yolov8x_training,67.019252,71,198.572,13370.3125,25,2505,10001,"[0, 100000]","[0, 100000]",0,0,341,292
yolov8x_training,68.062102,71,200.626,13370.3125,46,1350,10001,"[0, 100000]","[0, 100000]",0,0,341,292
yolov8x_training,69.104717,66,232.402,13370.3125,93,2640,10001,"[0, 100000]","[0, 100000]",0,0,3759,29052
yolov8x_training,70.148689,70,234.276,13370.3125,64,1890,10001,"[0, 100000]","[0, 100000]",0,0,341,1033300
yolov8x_training,71.191367,70,242.182,13370.3125,64,2385,10001,"[0, 100000]","[0, 100000]",0,0,3320,13330
yolov8x_training,72.234251,71,243.926,13370.3125,100,2670,10001,"[0, 100000]","[0, 100000]",0,0,6542,102441
yolov8x_training,73.299902,73,231.055,13370.3125,14,1980,10001,"[0, 100000]","[0, 100000]",0,0,1708,341
yolov8x_training,74.361554,68,231.258,13370.3125,94,1500,10001,"[0, 100000]","[0, 100000]",0,0,15136,37255
yolov8x_training,75.404595,72,234.669,13370.3125,92,2670,10001,"[0, 100000]","[0, 100000]",0,0,341,292
yolov8x_training,76.447211,72,242.188,13370.3125,45,1425,10001,"[0, 100000]","[0, 100000]",0,0,6054,29882
yolov8x_training,77.490446,70,235.075,13370.3125,94,2565,10001,"[0, 100000]","[0, 100000]",0,0,292,292
yolov8x_training,78.533010,73,247.524,13370.3125,30,1950,10001,"[0, 100000]","[0, 100000]",0,0,5175,16455
yolov8x_training,79.576182,73,235.210,13370.3125,92,1500,10001,"[0, 100000]","[0, 100000]",0,0,88769,15820
yolov8x_training,80.619405,69,238.992,13370.3125,36,2295,10001,"[0, 100000]","[0, 100000]",0,0,2685,28125
yolov8x_training,81.663855,74,237.950,13370.3125,93,1365,10001,"[0, 100000]","[0, 100000]",0,0,6933,102343
yolov8x_training,82.717419,71,232.486,13370.3125,40,1365,10001,"[0, 100000]","[0, 100000]",0,0,976,292
yolov8x_training,83.760397,74,247.739,13370.3125,94,1335,10001,"[0, 100000]","[0, 100000]",0,0,7324,31005
yolov8x_training,84.803693,75,233.955,13370.3125,85,1485,10001,"[0, 100000]","[0, 100000]",0,0,390,292
yolov8x_training,85.846391,69,238.120,13370.3125,40,2205,10001,"[0, 100000]","[0, 100000]",0,0,4345,34814
yolov8x_training,86.889760,75,252.925,13370.3125,93,1590,10001,"[0, 100000]","[0, 100000]",0,0,292,1039648
yolov8x_training,87.932560,71,234.777,13370.3125,93,1440,10001,"[0, 100000]","[0, 100000]",0,0,5029,16064
yolov8x_training,88.975810,73,237.469,13370.3125,82,1335,10001,"[0, 100000]","[0, 100000]",0,0,90625,38134
yolov8x_training,90.040814,75,242.987,13370.3125,60,1395,10001,"[0, 100000]","[0, 100000]",0,0,5761,93554
yolov8x_training,91.084708,72,232.315,13370.3125,100,2340,10001,"[0, 100000]","[0, 100000]",0,0,8691,30664
yolov8x_training,92.127783,75,245.823,13370.3125,20,2040,10001,"[0, 100000]","[0, 100000]",0,0,341,292
yolov8x_training,93.170366,76,238.516,13370.3125,94,1425,10001,"[0, 100000]","[0, 100000]",0,0,5957,21240
yolov8x_training,94.214012,71,233.281,13370.3125,90,2670,10001,"[0, 100000]","[0, 100000]",0,0,341,292
yolov8x_training,95.266827,76,248.693,13370.3125,7,2670,10001,"[0, 100000]","[0, 100000]",0,0,15332,35693
yolov8x_training,96.310210,77,226.611,13370.3125,94,1725,10001,"[0, 100000]","[0, 100000]",0,0,927,292
yolov8x_training,97.353169,72,233.257,13370.3125,100,1365,10001,"[0, 100000]","[0, 100000]",0,0,6640,99658
yolov8x_training,98.407999,77,234.496,13370.3125,15,2610,10001,"[0, 100000]","[0, 100000]",0,0,16308,292
yolov8x_training,99.472953,77,247.670,13370.3125,88,1905,10001,"[0, 100000]","[0, 100000]",0,0,15185,36865
yolov8x_training,100.516257,73,233.565,13370.3125,100,1350,10001,"[0, 100000]","[0, 100000]",0,0,585,292
yolov8x_training,101.559084,75,228.762,13370.3125,23,2565,10001,"[0, 100000]","[0, 100000]",0,0,6542,103857
yolov8x_training,102.624405,72,245.168,13370.3125,72,1740,10001,"[0, 100000]","[0, 100000]",0,0,2880,3369
yolov8x_training,103.667387,74,238.520,13370.3125,94,1305,10001,"[0, 100000]","[0, 100000]",0,0,3222,38037
yolov8x_training,104.726663,76,231.153,13370.3125,59,1770,10001,"[0, 100000]","[0, 100000]",0,0,3222,10302
yolov8x_training,105.770362,72,239.958,13370.3125,38,2310,10001,"[0, 100000]","[0, 100000]",0,0,89501,21191
yolov8x_training,106.813380,75,244.341,13370.3125,94,1605,10001,"[0, 100000]","[0, 100000]",0,0,3906,12304
yolov8x_training,107.856656,77,243.869,13370.3125,81,1305,10001,"[0, 100000]","[0, 100000]",0,0,90136,27880
yolov8x_training,108.925627,73,230.504,13370.3125,94,2160,10001,"[0, 100000]","[0, 100000]",0,0,3564,13232
yolov8x_training,109.969246,78,237.128,13370.3125,85,2565,10001,"[0, 100000]","[0, 100000]",0,0,89550,21337
yolov8x_training,111.012420,77,248.936,13370.3125,32,1380,10001,"[0, 100000]","[0, 100000]",0,0,3515,13916
yolov8x_training,112.055370,78,233.202,13370.3125,94,2190,10001,"[0, 100000]","[0, 100000]",0,0,292,1040722
yolov8x_training,113.098326,73,237.154,13370.3125,93,1282,10001,"[0, 100000]","[0, 100000]",0,0,4785,19335
yolov8x_training,114.141407,76,248.991,13370.3125,36,1335,10001,"[0, 100000]","[0, 100000]",0,0,341,1028710
yolov8x_training,115.184113,78,232.917,13370.3125,94,2115,10001,"[0, 100000]","[0, 100000]",0,0,5615,17333
yolov8x_training,116.227368,73,238.342,13370.3125,82,2115,10001,"[0, 100000]","[0, 100000]",0,0,292,292
yolov8x_training,117.270072,79,250.087,13370.3125,19,1207,10001,"[0, 100000]","[0, 100000]",0,0,5273,29199
yolov8x_training,118.312939,79,233.175,13370.3125,93,1350,10001,"[0, 100000]","[0, 100000]",0,0,341,292
yolov8x_training,119.355594,74,233.564,13370.3125,84,1980,10001,"[0, 100000]","[0, 100000]",0,0,6835,22998
yolov8x_training,120.399256,78,236.231,13370.3125,27,1335,10001,"[0, 100000]","[0, 100000]",0,0,341,292
yolov8x_training,121.443757,79,254.246,13370.3125,94,1320,10001,"[0, 100000]","[0, 100000]",0,0,14892,32714
yolov8x_training,122.487341,74,230.011,13370.3125,89,1920,10001,"[0, 100000]","[0, 100000]",0,0,19677,683
yolov8x_training,123.543668,75,235.647,13370.3125,7,1335,10001,"[0, 100000]","[0, 100000]",0,0,15380,35986
yolov8x_training,124.586142,80,255.194,13370.3125,94,1335,10001,"[0, 100000]","[0, 100000]",0,0,341,292
yolov8x_training,125.639838,79,231.275,13370.3125,98,1485,10001,"[0, 100000]","[0, 100000]",0,0,15380,35546
yolov8x_training,126.683386,74,235.187,13370.3125,32,2355,10001,"[0, 100000]","[0, 100000]",0,0,292,341
yolov8x_training,127.726132,77,252.098,13370.3125,93,1470,10001,"[0, 100000]","[0, 100000]",0,0,6347,22998
yolov8x_training,128.769467,78,236.810,13370.3125,65,1305,10001,"[0, 100000]","[0, 100000]",0,0,292,341
yolov8x_training,129.812042,74,247.242,13370.3125,56,1965,10001,"[0, 100000]","[0, 100000]",0,0,12939,30175
yolov8x_training,130.855276,80,248.568,13370.3125,94,975,10001,"[0, 100000]","[0, 100000]",0,0,341,292
yolov8x_training,131.897863,78,228.076,13370.3125,37,1320,10001,"[0, 100000]","[0, 100000]",0,0,5810,31298
yolov8x_training,132.941276,78,231.007,13370.3125,100,2325,10001,"[0, 100000]","[0, 100000]",0,0,292,292
yolov8x_training,133.983981,80,251.211,13370.3125,28,2640,10001,"[0, 100000]","[0, 100000]",0,0,6201,26757
yolov8x_training,135.027300,80,239.946,13370.3125,71,1275,10001,"[0, 100000]","[0, 100000]",0,0,292,292
yolov8x_training,136.075830,77,246.678,13370.3125,100,1297,10001,"[0, 100000]","[0, 100000]",0,0,15136,35595
yolov8x_training,137.118986,77,254.646,13370.3125,23,1440,10001,"[0, 100000]","[0, 100000]",0,0,390,292
yolov8x_training,138.165442,81,233.110,13370.3125,93,1365,10001,"[0, 100000]","[0, 100000]",0,0,15332,33203
yolov8x_training,139.208804,76,237.519,13370.3125,100,1252,10001,"[0, 100000]","[0, 100000]",0,0,14404,341
yolov8x_training,140.258493,80,251.908,13370.3125,17,1267,10001,"[0, 100000]","[0, 100000]",0,0,15478,37255
yolov8x_training,141.301365,80,238.634,13370.3125,86,1965,10001,"[0, 100000]","[0, 100000]",0,0,1171,341
yolov8x_training,142.371125,78,230.430,13370.3125,100,1320,10001,"[0, 100000]","[0, 100000]",0,0,15087,35693
yolov8x_training,143.414212,78,233.002,13370.3125,31,2400,10001,"[0, 100000]","[0, 100000]",0,0,341,341
yolov8x_training,144.465329,81,247.930,13370.3125,94,1395,10001,"[0, 100000]","[0, 100000]",0,0,15527,34423
yolov8x_training,145.508527,77,239.017,13370.3125,100,1740,10001,"[0, 100000]","[0, 100000]",0,0,537,292
yolov8x_training,146.551805,77,235.350,13370.3125,15,1320,10001,"[0, 100000]","[0, 100000]",0,0,15332,33740
yolov8x_training,147.594777,79,261.505,13370.3125,94,1290,10001,"[0, 100000]","[0, 100000]",0,0,341,292
yolov8x_training,148.637370,80,241.744,13370.3125,70,2430,10001,"[0, 100000]","[0, 100000]",0,0,4248,22949
yolov8x_training,149.681948,81,213.919,13370.3125,0,2175,10001,"[0, 100000]","[0, 100000]",0,0,292,292
yolov8x_training,150.724718,75,208.276,13370.3125,86,1027,10001,"[0, 100000]","[0, 100000]",0,0,2539,3173
yolov8x_training,151.768806,80,200.762,13370.3125,0,2670,10001,"[0, 100000]","[0, 100000]",0,0,13037,41992
yolov8x_training,152.812189,75,207.402,13370.3125,99,1395,10001,"[0, 100000]","[0, 100000]",0,0,341,292
yolov8x_training,153.855011,81,197.555,13370.3125,0,2670,10001,"[0, 100000]","[0, 100000]",0,0,3076,12011
yolov8x_training,154.918990,75,216.031,13370.3125,100,2250,10001,"[0, 100000]","[0, 100000]",0,0,14013,37109
yolov8x_training,155.962502,81,200.409,13370.3125,88,1590,10001,"[0, 100000]","[0, 100000]",0,0,292,244
yolov8x_training,157.033519,76,234.929,13370.3125,95,1785,10001,"[0, 100000]","[0, 100000]",0,0,15234,35156
yolov8x_training,158.076956,80,255.435,13370.3125,21,1275,10001,"[0, 100000]","[0, 100000]",0,0,341,292
yolov8x_training,159.119611,80,233.980,13370.3125,94,2385,10001,"[0, 100000]","[0, 100000]",0,0,13769,31494
yolov8x_training,160.162530,76,244.129,13370.3125,69,2670,10001,"[0, 100000]","[0, 100000]",0,0,16308,292
yolov8x_training,161.223733,81,251.843,13370.3125,22,1830,10001,"[0, 100000]","[0, 100000]",0,0,15185,35498
yolov8x_training,162.266635,76,239.003,13370.3125,94,1335,10001,"[0, 100000]","[0, 100000]",0,0,1025,292
yolov8x_training,163.330027,81,233.009,13370.3125,91,2235,10001,"[0, 100000]","[0, 100000]",0,0,15478,34472
yolov8x_training,164.373259,81,241.088,13370.3125,11,2610,10001,"[0, 100000]","[0, 100000]",0,0,1074,292
yolov8x_training,165.426961,76,253.654,13370.3125,93,1350,10001,"[0, 100000]","[0, 100000]",0,0,15332,34228
yolov8x_training,166.470112,80,243.378,13370.3125,84,2205,10001,"[0, 100000]","[0, 100000]",0,0,341,292
yolov8x_training,167.534147,81,248.361,13370.3125,32,1365,10001,"[0, 100000]","[0, 100000]",0,0,15380,32617
yolov8x_training,168.577253,81,253.235,13370.3125,94,1230,10001,"[0, 100000]","[0, 100000]",0,0,292,292
yolov8x_training,169.619884,76,235.149,13370.3125,90,2085,10001,"[0, 100000]","[0, 100000]",0,0,6201,31445
yolov8x_training,170.662977,83,258.056,13370.3125,18,1327,10001,"[0, 100000]","[0, 100000]",0,0,292,292
yolov8x_training,171.705588,78,256.157,13370.3125,99,1290,10001,"[0, 100000]","[0, 100000]",0,0,3564,32519
yolov8x_training,172.748562,76,236.058,13370.3125,34,1320,10001,"[0, 100000]","[0, 100000]",0,0,341,292
yolov8x_training,173.797493,81,246.766,13370.3125,65,2100,10001,"[0, 100000]","[0, 100000]",0,0,15283,35839
yolov8x_training,174.840985,80,249.227,13370.3125,93,2670,10001,"[0, 100000]","[0, 100000]",0,0,341,292
yolov8x_training,175.883652,82,215.066,13370.3125,45,2505,10001,"[0, 100000]","[0, 100000]",0,0,3710,12500
yolov8x_training,176.946219,76,215.508,13370.3125,0,1395,10001,"[0, 100000]","[0, 100000]",0,0,14257,36083
yolov8x_training,177.989517,77,205.918,13370.3125,100,2340,10001,"[0, 100000]","[0, 100000]",0,0,292,292
yolov8x_training,179.032595,80,216.094,13370.3125,58,2520,10001,"[0, 100000]","[0, 100000]",0,0,10449,35546
yolov8x_training,180.076158,79,211.099,13370.3125,45,1005,10001,"[0, 100000]","[0, 100000]",0,0,6201,31054
yolov8x_training,181.119364,79,208.939,13370.3125,100,1252,10001,"[0, 100000]","[0, 100000]",0,0,4101,18212
yolov8x_training,182.162892,82,251.222,13370.3125,20,1380,10001,"[0, 100000]","[0, 100000]",0,0,89355,21191
yolov8x_training,183.206040,77,236.884,13370.3125,94,2220,10001,"[0, 100000]","[0, 100000]",0,0,3417,13378
yolov8x_training,184.249071,81,241.373,13370.3125,78,1950,10001,"[0, 100000]","[0, 100000]",0,0,4199,37890
yolov8x_training,185.302427,81,251.547,13370.3125,50,2505,10001,"[0, 100000]","[0, 100000]",0,0,2343,124658
yolov8x_training,186.345438,76,243.382,13370.3125,94,1305,10001,"[0, 100000]","[0, 100000]",0,0,341,292
yolov8x_training,187.388219,81,195.246,13370.3125,32,2670,10001,"[0, 100000]","[0, 100000]",0,0,3662,12744
yolov8x_training,188.432233,76,217.422,13370.3125,62,1380,10001,"[0, 100000]","[0, 100000]",0,0,3369,36669
yolov8x_training,189.492226,76,225.766,13370.3125,94,1365,10001,"[0, 100000]","[0, 100000]",0,0,2832,125488
yolov8x_training,190.535958,77,239.992,13370.3125,45,1290,10001,"[0, 100000]","[0, 100000]",0,0,6640,102392
yolov8x_training,191.594982,83,246.661,13370.3125,56,1815,10001,"[0, 100000]","[0, 100000]",0,0,2392,439
yolov8x_training,192.638081,81,245.923,13370.3125,95,1320,10001,"[0, 100000]","[0, 100000]",0,0,3515,37011
yolov8x_training,193.696982,77,232.398,13370.3125,68,2550,10001,"[0, 100000]","[0, 100000]",0,0,3076,11669
yolov8x_training,194.740140,82,242.222,13370.3125,30,2505,10001,"[0, 100000]","[0, 100000]",0,0,341,1038574
yolov8x_training,195.783031,82,257.360,13370.3125,93,1740,10001,"[0, 100000]","[0, 100000]",0,0,3662,28125
yolov8x_training,196.826652,78,234.484,13370.3125,100,1260,10001,"[0, 100000]","[0, 100000]",0,0,341,292
yolov8x_training,197.869393,78,237.874,13370.3125,26,1920,10001,"[0, 100000]","[0, 100000]",0,0,7128,31103
yolov8x_training,198.912361,83,235.788,13370.3125,70,2655,10001,"[0, 100000]","[0, 100000]",0,0,976,292
yolov8x_training,199.955465,82,244.569,13370.3125,71,1950,10001,"[0, 100000]","[0, 100000]",0,0,4638,102441
yolov8x_training,201.026785,77,249.987,13370.3125,8,1230,10001,"[0, 100000]","[0, 100000]",0,0,3173,11669
yolov8x_training,202.069911,80,226.710,13370.3125,70,2130,10001,"[0, 100000]","[0, 100000]",0,0,341,1034228
yolov8x_training,203.113037,77,232.154,13370.3125,95,2535,10001,"[0, 100000]","[0, 100000]",0,0,5419,26806
yolov8x_training,204.156269,83,248.354,13370.3125,55,1500,10001,"[0, 100000]","[0, 100000]",0,0,341,292
yolov8x_training,205.198863,81,246.482,13370.3125,71,1470,10001,"[0, 100000]","[0, 100000]",0,0,4443,22949
yolov8x_training,206.242713,80,249.371,13370.3125,99,2055,10001,"[0, 100000]","[0, 100000]",0,0,341,1032958
yolov8x_training,207.285687,83,254.776,13370.3125,31,1162,10001,"[0, 100000]","[0, 100000]",0,0,4101,32275
yolov8x_training,208.328909,82,240.060,13370.3125,59,1380,10001,"[0, 100000]","[0, 100000]",0,0,341,292
yolov8x_training,209.377595,77,242.132,13370.3125,96,1320,10001,"[0, 100000]","[0, 100000]",0,0,15283,35644
yolov8x_training,210.421020,84,243.513,13370.3125,47,1327,10001,"[0, 100000]","[0, 100000]",0,0,341,292
yolov8x_training,211.472550,82,250.471,13370.3125,62,1650,10001,"[0, 100000]","[0, 100000]",0,0,15332,30859
yolov8x_training,212.515657,80,242.845,13370.3125,94,1635,10001,"[0, 100000]","[0, 100000]",0,0,4980,292
yolov8x_training,213.581027,78,234.946,13370.3125,52,2655,10001,"[0, 100000]","[0, 100000]",0,0,15625,36718
yolov8x_training,214.624544,82,245.778,13370.3125,40,1890,10001,"[0, 100000]","[0, 100000]",0,0,1464,292
yolov8x_training,215.667501,83,248.203,13370.3125,94,1305,10001,"[0, 100000]","[0, 100000]",0,0,6933,101464
yolov8x_training,216.732625,79,231.016,13370.3125,90,2475,10001,"[0, 100000]","[0, 100000]",0,0,2832,10498
yolov8x_training,217.776548,82,237.038,13370.3125,13,2055,10001,"[0, 100000]","[0, 100000]",0,0,90039,26464
yolov8x_training,218.848085,83,235.618,13370.3125,80,2430,10001,"[0, 100000]","[0, 100000]",0,0,2880,11718
yolov8x_training,219.891375,82,249.763,13370.3125,100,1245,10001,"[0, 100000]","[0, 100000]",0,0,88671,15673
yolov8x_training,220.934307,78,240.781,13370.3125,50,1395,10001,"[0, 100000]","[0, 100000]",0,0,3906,15869
yolov8x_training,221.977775,82,238.740,13370.3125,94,2655,10001,"[0, 100000]","[0, 100000]",0,0,341,1028613
yolov8x_training,223.020402,83,244.339,13370.3125,82,1515,10001,"[0, 100000]","[0, 100000]",0,0,5029,21679
yolov8x_training,224.063635,83,254.147,13370.3125,19,1200,10001,"[0, 100000]","[0, 100000]",0,0,292,292
yolov8x_training,225.115503,79,241.809,13370.3125,95,2535,10001,"[0, 100000]","[0, 100000]",0,0,15673,35839
yolov8x_training,226.158507,83,243.297,13370.3125,95,1365,10001,"[0, 100000]","[0, 100000]",0,0,927,292
yolov8x_training,227.226081,83,257.508,13370.3125,27,1245,10001,"[0, 100000]","[0, 100000]",0,0,15087,31640
yolov8x_training,228.269050,79,237.544,13370.3125,94,1335,10001,"[0, 100000]","[0, 100000]",0,0,16113,292
yolov8x_training,229.333797,83,239.013,13370.3125,100,2475,10001,"[0, 100000]","[0, 100000]",0,0,15136,35693
yolov8x_training,230.377001,83,235.815,13370.3125,33,1500,10001,"[0, 100000]","[0, 100000]",0,0,2343,488
yolov8x_training,231.420202,83,251.123,13370.3125,65,1305,10001,"[0, 100000]","[0, 100000]",0,0,6542,103076
yolov8x_training,232.479452,78,244.910,13370.3125,96,1530,10001,"[0, 100000]","[0, 100000]",0,0,2783,8300
yolov8x_training,233.522579,84,238.736,13370.3125,49,2655,10001,"[0, 100000]","[0, 100000]",0,0,89404,21191
yolov8x_training,234.566126,83,244.398,13370.3125,29,1680,10001,"[0, 100000]","[0, 100000]",0,0,4638,18750
yolov8x_training,235.609294,84,254.766,13370.3125,94,1365,10001,"[0, 100000]","[0, 100000]",0,0,292,292
yolov8x_training,236.651956,80,237.915,13370.3125,100,2535,10001,"[0, 100000]","[0, 100000]",0,0,5712,29394
yolov8x_training,237.696410,83,254.510,13370.3125,20,1740,10001,"[0, 100000]","[0, 100000]",0,0,341,292
yolov8x_training,238.746299,83,252.749,13370.3125,94,1380,10001,"[0, 100000]","[0, 100000]",0,0,15332,35595
yolov8x_training,239.789303,83,242.383,13370.3125,100,1305,10001,"[0, 100000]","[0, 100000]",0,0,2343,976
yolov8x_training,240.832318,79,235.795,13370.3125,48,1320,10001,"[0, 100000]","[0, 100000]",0,0,4101,36523
yolov8x_training,241.889316,82,236.552,13370.3125,40,2460,10001,"[0, 100000]","[0, 100000]",0,0,2929,10058
yolov8x_training,242.932474,83,244.566,13370.3125,95,1680,10001,"[0, 100000]","[0, 100000]",0,0,89794,24658
yolov8x_training,244.005470,79,252.629,13370.3125,18,1275,10001,"[0, 100000]","[0, 100000]",0,0,3222,12744
yolov8x_training,245.048710,80,237.160,13370.3125,94,2445,10001,"[0, 100000]","[0, 100000]",0,0,89062,18847
yolov8x_training,246.092080,81,235.506,13370.3125,98,1740,10001,"[0, 100000]","[0, 100000]",0,0,4638,22851
yolov8x_training,247.135134,84,251.400,13370.3125,50,1290,10001,"[0, 100000]","[0, 100000]",0,0,341,292
yolov8x_training,248.178040,83,243.773,13370.3125,54,1860,10001,"[0, 100000]","[0, 100000]",0,0,5908,21142
yolov8x_training,249.221247,79,242.190,13370.3125,94,1185,10001,"[0, 100000]","[0, 100000]",0,0,585,341
yolov8x_training,250.263992,82,248.857,13370.3125,62,2655,10001,"[0, 100000]","[0, 100000]",0,0,6689,101464
yolov8x_training,251.325389,85,248.375,13370.3125,20,1800,10001,"[0, 100000]","[0, 100000]",0,0,2441,124560
yolov8x_training,252.368595,79,257.555,13370.3125,95,1200,10001,"[0, 100000]","[0, 100000]",0,0,6494,103759
yolov8x_training,253.436543,83,238.661,13370.3125,100,2415,10001,"[0, 100000]","[0, 100000]",0,0,2734,9912
yolov8x_training,254.479694,83,238.662,13370.3125,38,1380,10001,"[0, 100000]","[0, 100000]",0,0,3222,36669
yolov8x_training,255.541368,80,254.986,13370.3125,89,1185,10001,"[0, 100000]","[0, 100000]",0,0,2880,10791
yolov8x_training,256.584504,82,246.041,13370.3125,100,2115,10001,"[0, 100000]","[0, 100000]",0,0,3417,36328
yolov8x_training,257.645527,79,237.830,13370.3125,35,2025,10001,"[0, 100000]","[0, 100000]",0,0,3564,14599
yolov8x_training,258.688698,83,247.062,13370.3125,53,1725,10001,"[0, 100000]","[0, 100000]",0,0,341,1033642
yolov8x_training,259.731346,84,250.902,13370.3125,94,1335,10001,"[0, 100000]","[0, 100000]",0,0,5175,22558
yolov8x_training,260.774707,79,240.154,13370.3125,86,1305,10001,"[0, 100000]","[0, 100000]",0,0,341,292
yolov8x_training,261.817293,84,242.840,13370.3125,36,2535,10001,"[0, 100000]","[0, 100000]",0,0,5273,20019
yolov8x_training,262.860485,85,242.010,13370.3125,93,1425,10001,"[0, 100000]","[0, 100000]",0,0,683,292
yolov8x_training,263.903340,80,250.853,13370.3125,100,1260,10001,"[0, 100000]","[0, 100000]",0,0,6738,102539
yolov8x_training,264.968290,79,243.742,13370.3125,46,1575,10001,"[0, 100000]","[0, 100000]",0,0,2978,11572
yolov8x_training,266.011610,83,239.784,13370.3125,95,2655,10001,"[0, 100000]","[0, 100000]",0,0,18457,677783
yolov8x_training,267.055110,82,245.857,13370.3125,82,1395,10001,"[0, 100000]","[0, 100000]",0,0,5175,17382
yolov8x_training,268.098385,84,254.985,13370.3125,12,1275,10001,"[0, 100000]","[0, 100000]",0,0,292,341
yolov8x_training,269.140963,80,238.332,13370.3125,93,2505,10001,"[0, 100000]","[0, 100000]",0,0,6103,20263
yolov8x_training,270.184593,81,236.424,13370.3125,99,1680,10001,"[0, 100000]","[0, 100000]",0,0,1074,292
yolov8x_training,271.254140,85,253.533,13370.3125,50,1395,10001,"[0, 100000]","[0, 100000]",0,0,15527,34912
yolov8x_training,272.297432,83,245.502,13370.3125,52,1260,10001,"[0, 100000]","[0, 100000]",0,0,2441,7812
yolov8x_training,273.340593,79,237.198,13370.3125,94,1560,10001,"[0, 100000]","[0, 100000]",0,0,3417,36425
yolov8x_training,274.401636,84,236.840,13370.3125,89,1327,10001,"[0, 100000]","[0, 100000]",0,0,2978,10644
yolov8x_training,275.444799,85,241.815,13370.3125,9,1875,10001,"[0, 100000]","[0, 100000]",0,0,89648,21386
yolov8x_training,276.488513,82,256.369,13370.3125,75,1215,10001,"[0, 100000]","[0, 100000]",0,0,5664,19091
yolov8x_training,277.531674,80,246.425,13370.3125,100,2385,10001,"[0, 100000]","[0, 100000]",0,0,292,292
yolov8x_training,278.574300,79,239.352,13370.3125,41,1327,10001,"[0, 100000]","[0, 100000]",0,0,6640,22509
yolov8x_training,279.617792,83,251.699,13370.3125,56,1245,10001,"[0, 100000]","[0, 100000]",0,0,927,341
yolov8x_training,280.675689,83,243.161,13370.3125,93,2145,10001,"[0, 100000]","[0, 100000]",0,0,15185,31103
yolov8x_training,281.719126,79,249.415,13370.3125,69,2265,10001,"[0, 100000]","[0, 100000]",0,0,18457,292
yolov8x_training,282.776385,82,251.031,13370.3125,28,2595,10001,"[0, 100000]","[0, 100000]",0,0,15234,35595
yolov8x_training,283.819449,84,238.039,13370.3125,93,1365,10001,"[0, 100000]","[0, 100000]",0,0,2343,2294
yolov8x_training,284.862322,80,236.183,13370.3125,91,1245,10001,"[0, 100000]","[0, 100000]",0,0,4052,37402
yolov8x_training,285.917608,80,235.932,13370.3125,13,2400,10001,"[0, 100000]","[0, 100000]",0,0,4199,16699
yolov8x_training,286.960781,84,249.862,13370.3125,94,1875,10001,"[0, 100000]","[0, 100000]",0,0,341,292
yolov8x_training,288.003388,84,248.280,13370.3125,30,1320,10001,"[0, 100000]","[0, 100000]",0,0,4589,17724
yolov8x_training,289.046695,80,231.521,13370.3125,0,1245,10001,"[0, 100000]","[0, 100000]",0,0,5322,21044
yolov8x_training,290.089862,83,202.129,13370.3125,87,2655,10001,"[0, 100000]","[0, 100000]",0,0,292,292
yolov8x_training,291.132679,79,219.901,13370.3125,0,1320,10001,"[0, 100000]","[0, 100000]",0,0,4833,17675
yolov8x_training,292.176347,83,204.152,13370.3125,87,2655,10001,"[0, 100000]","[0, 100000]",0,0,89306,22167
yolov8x_training,293.220455,79,222.870,13370.3125,0,1380,10001,"[0, 100000]","[0, 100000]",0,0,781,292
yolov8x_training,294.291253,83,206.836,13370.3125,88,2655,10001,"[0, 100000]","[0, 100000]",0,0,13916,32324
yolov8x_training,295.334632,79,222.824,13370.3125,0,2010,10001,"[0, 100000]","[0, 100000]",0,0,292,244
yolov8x_training,296.377393,83,212.003,13370.3125,86,1515,10001,"[0, 100000]","[0, 100000]",0,0,2685,3027
yolov8x_training,297.420811,78,207.358,13370.3125,0,2055,10001,"[0, 100000]","[0, 100000]",0,0,4101,35937
yolov8x_training,298.476962,79,225.973,13370.3125,83,1410,10001,"[0, 100000]","[0, 100000]",0,0,3173,12988
yolov8x_training,299.520570,84,243.921,13370.3125,13,2610,10001,"[0, 100000]","[0, 100000]",0,0,89501,21386
yolov8x_training,300.563800,84,255.005,13370.3125,90,1710,10001,"[0, 100000]","[0, 100000]",0,0,4931,21337
yolov8x_training,301.607119,84,240.126,13370.3125,100,1200,10001,"[0, 100000]","[0, 100000]",0,0,341,292
yolov8x_training,302.653500,83,235.608,13370.3125,31,2445,10001,"[0, 100000]","[0, 100000]",0,0,15429,35644
yolov8x_training,303.696772,79,249.077,13370.3125,53,1770,10001,"[0, 100000]","[0, 100000]",0,0,2246,1708
yolov8x_training,304.740040,82,248.306,13370.3125,94,1290,10001,"[0, 100000]","[0, 100000]",0,0,4492,101318
yolov8x_training,305.813491,84,237.054,13370.3125,92,1365,10001,"[0, 100000]","[0, 100000]",0,0,3613,109082
yolov8x_training,306.856438,80,240.820,13370.3125,11,1290,10001,"[0, 100000]","[0, 100000]",0,0,4931,102929
yolov8x_training,307.927774,83,235.985,13370.3125,94,2595,10001,"[0, 100000]","[0, 100000]",0,0,3222,12109
yolov8x_training,308.970883,84,251.150,13370.3125,50,1335,10001,"[0, 100000]","[0, 100000]",0,0,89404,21044
yolov8x_training,310.014240,83,246.528,13370.3125,39,1245,10001,"[0, 100000]","[0, 100000]",0,0,3906,30761
yolov8x_training,311.057443,79,236.967,13370.3125,94,1500,10001,"[0, 100000]","[0, 100000]",0,0,390,292
yolov8x_training,312.105473,80,242.845,13370.3125,100,1327,10001,"[0, 100000]","[0, 100000]",0,0,15039,31396
yolov8x_training,313.148424,85,254.774,13370.3125,14,1380,10001,"[0, 100000]","[0, 100000]",0,0,9082,63427
yolov8x_training,314.191297,84,239.525,13370.3125,68,1230,10001,"[0, 100000]","[0, 100000]",0,0,4931,102343
yolov8x_training,315.262136,83,236.349,13370.3125,95,1230,10001,"[0, 100000]","[0, 100000]",0,0,3076,10742
yolov8x_training,316.305516,79,245.612,13370.3125,83,2055,10001,"[0, 100000]","[0, 100000]",0,0,89843,24560
yolov8x_training,317.377804,84,243.491,13370.3125,10,1252,10001,"[0, 100000]","[0, 100000]",0,0,3173,13085
yolov8x_training,318.420943,85,257.452,13370.3125,94,1455,10001,"[0, 100000]","[0, 100000]",0,0,292,1034814
yolov8x_training,319.463642,81,239.805,13370.3125,100,1260,10001,"[0, 100000]","[0, 100000]",0,0,4736,24365
yolov8x_training,320.506756,79,236.626,13370.3125,51,2460,10001,"[0, 100000]","[0, 100000]",0,0,14843,292
yolov8x_training,321.567996,79,248.831,13370.3125,40,1500,10001,"[0, 100000]","[0, 100000]",0,0,15429,35742
yolov8x_training,322.611241,84,252.578,13370.3125,95,1290,10001,"[0, 100000]","[0, 100000]",0,0,2392,1025
yolov8x_training,323.654331,85,236.698,13370.3125,99,1350,10001,"[0, 100000]","[0, 100000]",0,0,4589,104101
yolov8x_training,324.727213,83,235.528,13370.3125,12,2550,10001,"[0, 100000]","[0, 100000]",0,0,3222,13427
yolov8x_training,325.770983,80,253.201,13370.3125,72,2580,10001,"[0, 100000]","[0, 100000]",0,0,41894,39697
yolov8x_training,326.835046,84,244.022,13370.3125,98,1380,10001,"[0, 100000]","[0, 100000]",0,0,3076,12207
yolov8x_training,327.878159,84,244.964,13370.3125,47,1215,10001,"[0, 100000]","[0, 100000]",0,0,89892,24609
yolov8x_training,328.950284,79,241.246,13370.3125,57,2505,10001,"[0, 100000]","[0, 100000]",0,0,2783,26855
yolov8x_training,329.993409,84,250.392,13370.3125,60,1320,10001,"[0, 100000]","[0, 100000]",0,0,3076,39648
yolov8x_training,331.056777,84,249.117,13370.3125,35,1305,10001,"[0, 100000]","[0, 100000]",0,0,3613,12011
yolov8x_training,332.100696,85,239.621,13370.3125,94,1605,10001,"[0, 100000]","[0, 100000]",0,0,341,1040234
yolov8x_training,333.143634,80,241.347,13370.3125,100,2655,10001,"[0, 100000]","[0, 100000]",0,0,4931,22656
yolov8x_training,334.186880,82,258.903,13370.3125,24,1350,10001,"[0, 100000]","[0, 100000]",0,0,341,341
yolov8x_training,335.229908,85,239.574,13370.3125,89,1275,10001,"[0, 100000]","[0, 100000]",0,0,13134,34130
yolov8x_training,336.273066,82,241.012,13370.3125,100,1230,10001,"[0, 100000]","[0, 100000]",0,0,19628,292
yolov8x_training,337.316121,80,252.155,13370.3125,55,1215,10001,"[0, 100000]","[0, 100000]",0,0,341,292
yolov8x_training,338.358947,84,209.227,13370.3125,61,2655,10001,"[0, 100000]","[0, 100000]",0,0,5419,29052
yolov8x_training,339.402760,79,221.891,13370.3125,35,1260,10001,"[0, 100000]","[0, 100000]",0,0,341,292
yolov8x_training,340.445492,83,198.665,13370.3125,54,2655,10001,"[0, 100000]","[0, 100000]",0,0,3466,12695
yolov8x_training,341.489396,79,221.814,13370.3125,84,1305,10001,"[0, 100000]","[0, 100000]",0,0,292,1031835
yolov8x_training,342.532477,84,203.075,13370.3125,26,2505,10001,"[0, 100000]","[0, 100000]",0,0,6689,292
yolov8x_training,343.575484,79,218.868,13370.3125,90,1245,10001,"[0, 100000]","[0, 100000]",0,0,7373,31005
yolov8x_training,344.619000,84,198.866,13370.3125,32,2505,10001,"[0, 100000]","[0, 100000]",0,0,292,1029785
yolov8x_training,345.662114,81,233.536,13370.3125,33,2535,10001,"[0, 100000]","[0, 100000]",0,0,4003,27001
yolov8x_training,346.706073,80,251.942,13370.3125,60,1395,10001,"[0, 100000]","[0, 100000]",0,0,341,292
yolov8x_training,347.765611,83,245.889,13370.3125,95,1215,10001,"[0, 100000]","[0, 100000]",0,0,15332,34130
yolov8x_training,348.808933,84,235.387,13370.3125,92,1275,10001,"[0, 100000]","[0, 100000]",0,0,2343,1123
yolov8x_training,349.851859,80,242.103,13370.3125,17,1305,10001,"[0, 100000]","[0, 100000]",0,0,5029,103613
yolov8x_training,350.921905,82,235.644,13370.3125,93,2655,10001,"[0, 100000]","[0, 100000]",0,0,2978,10205
yolov8x_training,351.965477,84,250.455,13370.3125,100,1305,10001,"[0, 100000]","[0, 100000]",0,0,89257,20410
yolov8x_training,353.008937,83,247.221,13370.3125,38,1215,10001,"[0, 100000]","[0, 100000]",0,0,4492,19628
yolov8x_training,354.052122,79,236.735,13370.3125,95,2100,10001,"[0, 100000]","[0, 100000]",0,0,341,292
yolov8x_training,355.094852,80,245.129,13370.3125,92,1380,10001,"[0, 100000]","[0, 100000]",0,0,5517,21435
yolov8x_training,356.138221,84,255.931,13370.3125,12,1305,10001,"[0, 100000]","[0, 100000]",0,0,781,341
yolov8x_training,357.181405,84,240.571,13370.3125,76,1335,10001,"[0, 100000]","[0, 100000]",0,0,6640,103906
yolov8x_training,358.241496,83,237.766,13370.3125,96,2655,10001,"[0, 100000]","[0, 100000]",0,0,3027,6542
yolov8x_training,359.284575,79,250.591,13370.3125,63,2595,10001,"[0, 100000]","[0, 100000]",0,0,2978,39111
yolov8x_training,360.347521,84,245.885,13370.3125,55,1455,10001,"[0, 100000]","[0, 100000]",0,0,3125,11230
yolov8x_training,361.390630,84,253.847,13370.3125,94,1215,10001,"[0, 100000]","[0, 100000]",0,0,292,1041113
yolov8x_training,362.433603,80,241.801,13370.3125,86,2415,10001,"[0, 100000]","[0, 100000]",0,0,3808,15917
yolov8x_training,363.476744,85,244.059,13370.3125,19,1515,10001,"[0, 100000]","[0, 100000]",0,0,341,337255
yolov8x_training,364.519331,85,261.437,13370.3125,95,1260,10001,"[0, 100000]","[0, 100000]",0,0,3662,30712
yolov8x_training,365.562403,80,231.866,13370.3125,100,1980,10001,"[0, 100000]","[0, 100000]",0,0,341,292
yolov8x_training,366.619394,83,234.988,13370.3125,13,2565,10001,"[0, 100000]","[0, 100000]",0,0,15185,34521
yolov8x_training,367.662358,80,254.932,13370.3125,73,1545,10001,"[0, 100000]","[0, 100000]",0,0,2685,1269
yolov8x_training,368.706070,85,246.805,13370.3125,94,1245,10001,"[0, 100000]","[0, 100000]",0,0,6103,103662
yolov8x_training,369.775284,84,238.265,13370.3125,60,1215,10001,"[0, 100000]","[0, 100000]",0,0,6201,92236
yolov8x_training,370.819124,83,248.133,13370.3125,37,2490,10001,"[0, 100000]","[0, 100000]",0,0,6640,104492
yolov8x_training,371.873683,85,247.899,13370.3125,94,1350,10001,"[0, 100000]","[0, 100000]",0,0,2783,4150
yolov8x_training,372.917351,80,255.414,13370.3125,78,1245,10001,"[0, 100000]","[0, 100000]",0,0,341,292
yolov8x_training,373.960243,85,200.931,13370.3125,0,2655,10001,"[0, 100000]","[0, 100000]",0,0,4248,16552
yolov8x_training,375.003936,79,220.904,13370.3125,11,1290,10001,"[0, 100000]","[0, 100000]",0,0,13769,34277
yolov8x_training,376.047140,80,240.928,13370.3125,63,1275,10001,"[0, 100000]","[0, 100000]",0,0,2880,4492
yolov8x_training,377.090717,80,233.702,13370.3125,94,2430,10001,"[0, 100000]","[0, 100000]",0,0,90673,35693
yolov8x_training,378.157951,85,244.112,13370.3125,90,1380,10001,"[0, 100000]","[0, 100000]",0,0,3515,12792
yolov8x_training,379.201678,86,257.314,13370.3125,10,1200,10001,"[0, 100000]","[0, 100000]",0,0,89404,21093
yolov8x_training,380.245190,81,239.793,13370.3125,95,2175,10001,"[0, 100000]","[0, 100000]",0,0,4882,17041
yolov8x_training,381.288193,84,240.397,13370.3125,100,1380,10001,"[0, 100000]","[0, 100000]",0,0,341,292
yolov8x_training,382.330880,85,253.956,13370.3125,32,1275,10001,"[0, 100000]","[0, 100000]",0,0,5175,26513
yolov8x_training,383.373992,84,255.457,13370.3125,67,1830,10001,"[0, 100000]","[0, 100000]",0,0,341,292
yolov8x_training,384.430690,84,245.178,13370.3125,94,1230,10001,"[0, 100000]","[0, 100000]",0,0,15527,34960
yolov8x_training,385.473861,83,238.165,13370.3125,68,2535,10001,"[0, 100000]","[0, 100000]",0,0,2392,1806
yolov8x_training,386.516884,85,243.212,13370.3125,31,1830,10001,"[0, 100000]","[0, 100000]",0,0,3466,37109
yolov8x_training,387.576201,86,262.548,13370.3125,92,1230,10001,"[0, 100000]","[0, 100000]",0,0,2832,11816
yolov8x_training,388.619375,81,235.906,13370.3125,100,1500,10001,"[0, 100000]","[0, 100000]",0,0,390,1040820
yolov8x_training,389.662280,83,249.667,13370.3125,30,1275,10001,"[0, 100000]","[0, 100000]",0,0,5615,16992
yolov8x_training,390.705564,85,253.353,13370.3125,61,1830,10001,"[0, 100000]","[0, 100000]",0,0,341,292
yolov8x_training,391.748190,84,246.771,13370.3125,95,1290,10001,"[0, 100000]","[0, 100000]",0,0,5126,28564
yolov8x_training,392.791261,80,242.460,13370.3125,49,1245,10001,"[0, 100000]","[0, 100000]",0,0,341,292
yolov8x_training,393.839868,85,252.001,13370.3125,58,2580,10001,"[0, 100000]","[0, 100000]",0,0,15527,33691
yolov8x_training,394.883348,84,244.393,13370.3125,94,1365,10001,"[0, 100000]","[0, 100000]",0,0,2343,3173
yolov8x_training,395.926480,81,259.307,13370.3125,89,1200,10001,"[0, 100000]","[0, 100000]",0,0,3027,39160
yolov8x_training,396.990121,86,231.447,13370.3125,95,2355,10001,"[0, 100000]","[0, 100000]",0,0,2734,10644
yolov8x_training,398.033637,85,236.915,13370.3125,100,1117,10001,"[0, 100000]","[0, 100000]",0,0,89794,24511
yolov8x_training,399.107381,86,252.511,13370.3125,43,1260,10001,"[0, 100000]","[0, 100000]",0,0,3613,12207
yolov8x_training,400.150385,85,246.984,13370.3125,50,1245,10001,"[0, 100000]","[0, 100000]",0,0,341,1038623
yolov8x_training,401.193285,80,239.046,13370.3125,94,2655,10001,"[0, 100000]","[0, 100000]",0,0,6494,94384
yolov8x_training,402.247644,85,221.044,13370.3125,0,1305,10001,"[0, 100000]","[0, 100000]",0,0,292,244
yolov8x_training,403.290495,82,220.350,13370.3125,73,2040,10001,"[0, 100000]","[0, 100000]",0,0,292,292
yolov8x_training,404.333076,80,221.113,13370.3125,88,2025,10001,"[0, 100000]","[0, 100000]",0,0,3564,12255
yolov8x_training,405.376611,84,221.979,13370.3125,0,2655,10001,"[0, 100000]","[0, 100000]",0,0,90722,38085
yolov8x_training,406.443410,80,206.265,13370.3125,87,1500,10001,"[0, 100000]","[0, 100000]",0,0,341,292
yolov8x_training,407.486238,84,239.769,13370.3125,35,1440,10001,"[0, 100000]","[0, 100000]",0,0,292,292
yolov8x_training,408.528824,85,217.418,13370.3125,0,2655,10001,"[0, 100000]","[0, 100000]",0,0,3564,12500
yolov8x_training,409.572178,80,222.102,13370.3125,87,1215,10001,"[0, 100000]","[0, 100000]",0,0,2539,78906
yolov8x_training,410.615160,81,237.845,13370.3125,99,2430,10001,"[0, 100000]","[0, 100000]",0,0,90478,34179
yolov8x_training,411.683709,82,235.203,13370.3125,27,1275,10001,"[0, 100000]","[0, 100000]",0,0,3564,14941
yolov8x_training,412.726246,85,249.032,13370.3125,70,1680,10001,"[0, 100000]","[0, 100000]",0,0,341,285400
yolov8x_training,413.768859,85,249.020,13370.3125,95,1275,10001,"[0, 100000]","[0, 100000]",0,0,5615,20849
yolov8x_training,414.812171,80,239.044,13370.3125,80,1200,10001,"[0, 100000]","[0, 100000]",0,0,634,292
yolov8x_training,415.867692,85,245.301,13370.3125,17,2490,10001,"[0, 100000]","[0, 100000]",0,0,14990,29931
yolov8x_training,416.911084,85,241.224,13370.3125,93,1410,10001,"[0, 100000]","[0, 100000]",0,0,12011,48925
yolov8x_training,417.982425,81,257.799,13370.3125,14,1200,10001,"[0, 100000]","[0, 100000]",0,0,15625,35302
yolov8x_training,419.025784,85,240.643,13370.3125,89,2055,10001,"[0, 100000]","[0, 100000]",0,0,1171,292
yolov8x_training,420.098303,83,239.031,13370.3125,100,1155,10001,"[0, 100000]","[0, 100000]",0,0,15527,34521
yolov8x_training,421.141227,85,253.988,13370.3125,39,1260,10001,"[0, 100000]","[0, 100000]",0,0,1123,341
yolov8x_training,422.211906,84,244.754,13370.3125,64,1470,10001,"[0, 100000]","[0, 100000]",0,0,15332,34228
yolov8x_training,423.255241,80,240.174,13370.3125,94,1312,10001,"[0, 100000]","[0, 100000]",0,0,2490,1171
yolov8x_training,424.298538,85,249.921,13370.3125,64,2655,10001,"[0, 100000]","[0, 100000]",0,0,6689,103369
yolov8x_training,425.353212,84,250.786,13370.3125,55,1470,10001,"[0, 100000]","[0, 100000]",0,0,4736,105468
yolov8x_training,426.396518,80,248.845,13370.3125,94,1290,10001,"[0, 100000]","[0, 100000]",0,0,5322,104150
yolov8x_training,427.464888,85,240.997,13370.3125,86,2070,10001,"[0, 100000]","[0, 100000]",0,0,2832,3369
yolov8x_training,428.507890,86,243.603,13370.3125,14,1485,10001,"[0, 100000]","[0, 100000]",0,0,4052,36816
yolov8x_training,429.563445,81,263.675,13370.3125,92,1275,10001,"[0, 100000]","[0, 100000]",0,0,3125,12792
yolov8x_training,430.606489,83,238.015,13370.3125,100,2175,10001,"[0, 100000]","[0, 100000]",0,0,341,978808
yolov8x_training,431.649722,82,249.749,13370.3125,25,2505,10001,"[0, 100000]","[0, 100000]",0,0,4589,22216
yolov8x_training,432.692762,86,253.031,13370.3125,76,1335,10001,"[0, 100000]","[0, 100000]",0,0,292,292
yolov8x_training,433.735373,84,248.305,13370.3125,94,1305,10001,"[0, 100000]","[0, 100000]",0,0,6347,26562
yolov8x_training,434.778368,80,242.178,13370.3125,74,2430,10001,"[0, 100000]","[0, 100000]",0,0,390,292
yolov8x_training,435.829495,84,252.699,13370.3125,61,2655,10001,"[0, 100000]","[0, 100000]",0,0,15283,34521
yolov8x_training,436.872452,85,252.063,13370.3125,93,1485,10001,"[0, 100000]","[0, 100000]",0,0,2343,781
yolov8x_training,437.915960,81,256.296,13370.3125,84,1155,10001,"[0, 100000]","[0, 100000]",0,0,6445,104443
yolov8x_training,438.981376,83,245.193,13370.3125,14,2640,10001,"[0, 100000]","[0, 100000]",0,0,1464,292
yolov8x_training,440.024226,86,244.312,13370.3125,100,1560,10001,"[0, 100000]","[0, 100000]",0,0,4248,102587
yolov8x_training,441.098202,86,258.517,13370.3125,20,1200,10001,"[0, 100000]","[0, 100000]",0,0,5322,95751
yolov8x_training,442.160719,81,232.863,13370.3125,91,2445,10001,"[0, 100000]","[0, 100000]",0,0,15527,33642
yolov8x_training,443.203746,85,245.278,13370.3125,100,1335,10001,"[0, 100000]","[0, 100000]",0,0,1171,292
yolov8x_training,444.268055,87,256.616,13370.3125,20,1320,10001,"[0, 100000]","[0, 100000]",0,0,15332,34423
yolov8x_training,445.311557,82,245.918,13370.3125,81,1230,10001,"[0, 100000]","[0, 100000]",0,0,1171,292
yolov8x_training,446.354279,83,250.669,13370.3125,100,1905,10001,"[0, 100000]","[0, 100000]",0,0,6591,104296
yolov8x_training,447.408686,86,240.562,13370.3125,27,1395,10001,"[0, 100000]","[0, 100000]",0,0,2343,2734
yolov8x_training,448.479810,82,262.962,13370.3125,74,1290,10001,"[0, 100000]","[0, 100000]",0,0,15332,29687
yolov8x_training,449.522813,85,234.203,13370.3125,100,2070,10001,"[0, 100000]","[0, 100000]",0,0,6054,92529
yolov8x_training,450.586175,84,241.874,13370.3125,47,1380,10001,"[0, 100000]","[0, 100000]",0,0,15234,33593
yolov8x_training,451.629049,86,255.946,13370.3125,66,1545,10001,"[0, 100000]","[0, 100000]",0,0,1513,341
yolov8x_training,452.671998,85,238.826,13370.3125,100,2040,10001,"[0, 100000]","[0, 100000]",0,0,6738,104199
yolov8x_training,453.726128,81,238.100,13370.3125,49,2655,10001,"[0, 100000]","[0, 100000]",0,0,2685,7812
yolov8x_training,454.769468,83,249.163,13370.3125,46,1260,10001,"[0, 100000]","[0, 100000]",0,0,90625,35498
yolov8x_training,455.835945,86,249.614,13370.3125,94,1410,10001,"[0, 100000]","[0, 100000]",0,0,3417,14355
yolov8x_training,456.879226,81,235.254,13370.3125,100,1185,10001,"[0, 100000]","[0, 100000]",0,0,390,292
yolov8x_training,457.921783,86,245.246,13370.3125,27,2505,10001,"[0, 100000]","[0, 100000]",0,0,5322,17773
yolov8x_training,458.964671,86,239.481,13370.3125,94,1470,10001,"[0, 100000]","[0, 100000]",0,0,341,292
yolov8x_training,460.007269,83,256.367,13370.3125,28,1290,10001,"[0, 100000]","[0, 100000]",0,0,4833,25439
yolov8x_training,461.050463,83,245.738,13370.3125,70,2070,10001,"[0, 100000]","[0, 100000]",0,0,390,292
yolov8x_training,462.096917,82,244.076,13370.3125,98,2640,10001,"[0, 100000]","[0, 100000]",0,0,15332,35791
yolov8x_training,463.140067,87,251.838,13370.3125,52,1245,10001,"[0, 100000]","[0, 100000]",0,0,1123,292
yolov8x_training,464.200423,84,251.197,13370.3125,79,2355,10001,"[0, 100000]","[0, 100000]",0,0,15429,30419
yolov8x_training,465.243441,81,235.880,13370.3125,93,1297,10001,"[0, 100000]","[0, 100000]",0,0,19726,292
yolov8x_training,466.313415,85,252.515,13370.3125,67,2640,10001,"[0, 100000]","[0, 100000]",0,0,15478,33349
yolov8x_training,467.356491,86,251.457,13370.3125,30,1920,10001,"[0, 100000]","[0, 100000]",0,0,341,292
yolov8x_training,468.407587,81,253.503,13370.3125,96,1560,10001,"[0, 100000]","[0, 100000]",0,0,15722,34912
yolov8x_training,469.451021,85,241.117,13370.3125,66,2655,10001,"[0, 100000]","[0, 100000]",0,0,341,292
yolov8x_training,470.493695,83,263.775,13370.3125,82,1260,10001,"[0, 100000]","[0, 100000]",0,0,7177,23681
yolov8x_training,471.536729,85,244.937,13370.3125,100,2220,10001,"[0, 100000]","[0, 100000]",0,0,1416,292
yolov8x_training,472.579464,86,241.101,13370.3125,48,2610,10001,"[0, 100000]","[0, 100000]",0,0,6494,103564
yolov8x_training,473.638543,87,251.513,13370.3125,38,952,10001,"[0, 100000]","[0, 100000]",0,0,6201,92480
yolov8x_training,474.682388,86,258.995,13370.3125,95,1275,10001,"[0, 100000]","[0, 100000]",0,0,6738,104589
yolov8x_training,475.737664,81,240.277,13370.3125,80,2385,10001,"[0, 100000]","[0, 100000]",0,0,3125,11083
yolov8x_training,476.780867,87,242.206,13370.3125,25,1410,10001,"[0, 100000]","[0, 100000]",0,0,89453,22021
yolov8x_training,477.824121,87,267.448,13370.3125,94,1875,10001,"[0, 100000]","[0, 100000]",0,0,3417,13476
yolov8x_training,478.867221,82,240.691,13370.3125,94,1170,10001,"[0, 100000]","[0, 100000]",0,0,341,1029541
yolov8x_training,479.909978,86,243.680,13370.3125,15,2505,10001,"[0, 100000]","[0, 100000]",0,0,3417,28955
yolov8x_training,480.953083,86,253.033,13370.3125,81,1830,10001,"[0, 100000]","[0, 100000]",0,0,341,292
yolov8x_training,482.002191,86,252.892,13370.3125,53,1680,10001,"[0, 100000]","[0, 100000]",0,0,15429,35302
yolov8x_training,483.045378,81,252.489,13370.3125,65,2370,10001,"[0, 100000]","[0, 100000]",0,0,341,292
yolov8x_training,484.088157,86,231.956,13370.3125,18,2400,10001,"[0, 100000]","[0, 100000]",0,0,537,292
yolov8x_training,485.137627,80,206.422,13370.3125,92,1380,10001,"[0, 100000]","[0, 100000]",0,0,14453,31347
yolov8x_training,486.181026,85,213.450,13370.3125,46,2655,10001,"[0, 100000]","[0, 100000]",0,0,341,292
yolov8x_training,487.223811,86,214.948,13370.3125,41,1275,10001,"[0, 100000]","[0, 100000]",0,0,90332,29443
yolov8x_training,488.291723,80,236.285,13370.3125,37,2160,10001,"[0, 100000]","[0, 100000]",0,0,341,292
yolov8x_training,489.334824,83,209.055,13370.3125,77,1260,10001,"[0, 100000]","[0, 100000]",0,0,18310,7958
yolov8x_training,490.395913,80,241.241,13370.3125,95,2175,10001,"[0, 100000]","[0, 100000]",0,0,15283,34472
yolov8x_training,491.438845,86,256.026,13370.3125,62,1365,10001,"[0, 100000]","[0, 100000]",0,0,683,292
yolov8x_training,492.510660,85,246.655,13370.3125,43,1260,10001,"[0, 100000]","[0, 100000]",0,0,15576,33691
yolov8x_training,493.553969,81,244.598,13370.3125,94,1935,10001,"[0, 100000]","[0, 100000]",0,0,830,292
yolov8x_training,494.627362,81,245.299,13370.3125,71,2655,10001,"[0, 100000]","[0, 100000]",0,0,15527,36279
yolov8x_training,495.670346,86,259.393,13370.3125,30,1260,10001,"[0, 100000]","[0, 100000]",0,0,1806,292
yolov8x_training,496.716456,86,254.261,13370.3125,95,1290,10001,"[0, 100000]","[0, 100000]",0,0,6982,103222
yolov8x_training,497.779510,81,247.113,13370.3125,23,2610,10001,"[0, 100000]","[0, 100000]",0,0,6884,76855
yolov8x_training,498.822479,81,256.734,13370.3125,86,1320,10001,"[0, 100000]","[0, 100000]",0,0,341,292
yolov8x_training,499.865141,86,213.522,13370.3125,45,1162,10001,"[0, 100000]","[0, 100000]",0,0,4980,22070
yolov8x_training,500.908444,86,252.235,13370.3125,71,1500,10001,"[0, 100000]","[0, 100000]",0,0,292,341
yolov8x_training,501.960848,81,241.297,13370.3125,9,1275,10001,"[0, 100000]","[0, 100000]",0,0,15087,29394
yolov8x_training,503.003973,84,235.002,13370.3125,95,2505,10001,"[0, 100000]","[0, 100000]",0,0,2832,38476
yolov8x_training,504.047653,85,250.526,13370.3125,59,1650,10001,"[0, 100000]","[0, 100000]",0,0,4003,36718
yolov8x_training,505.103159,85,250.656,13370.3125,30,1785,10001,"[0, 100000]","[0, 100000]",0,0,3710,14453
yolov8x_training,506.146533,86,235.441,13370.3125,94,1170,10001,"[0, 100000]","[0, 100000]",0,0,341,292
yolov8x_training,507.189313,82,247.301,13370.3125,100,2625,10001,"[0, 100000]","[0, 100000]",0,0,3613,31494
yolov8x_training,508.232269,83,257.469,13370.3125,31,1800,10001,"[0, 100000]","[0, 100000]",0,0,292,292
yolov8x_training,509.290048,85,242.618,13370.3125,79,1260,10001,"[0, 100000]","[0, 100000]",0,0,15039,28222
yolov8x_training,510.333445,85,239.018,13370.3125,94,1275,10001,"[0, 100000]","[0, 100000]",0,0,19531,292
yolov8x_training,511.401189,81,238.983,13370.3125,62,2025,10001,"[0, 100000]","[0, 100000]",0,0,15332,35400
yolov8x_training,512.444277,83,249.171,13370.3125,38,2610,10001,"[0, 100000]","[0, 100000]",0,0,2685,5957
yolov8x_training,513.487685,86,252.384,13370.3125,81,1305,10001,"[0, 100000]","[0, 100000]",0,0,341,1041015
yolov8x_training,514.530569,84,246.642,13370.3125,95,1290,10001,"[0, 100000]","[0, 100000]",0,0,4248,31640
yolov8x_training,515.574558,81,235.910,13370.3125,67,1635,10001,"[0, 100000]","[0, 100000]",0,0,390,292
yolov8x_training,516.617363,86,228.888,13370.3125,13,2430,10001,"[0, 100000]","[0, 100000]",0,0,292,244
yolov8x_training,517.660182,80,223.667,13370.3125,100,1965,10001,"[0, 100000]","[0, 100000]",0,0,6054,26904
yolov8x_training,518.703664,86,205.998,13370.3125,19,2595,10001,"[0, 100000]","[0, 100000]",0,0,4199,104589
yolov8x_training,519.777907,86,225.477,13370.3125,22,2025,10001,"[0, 100000]","[0, 100000]",0,0,89892,26367
yolov8x_training,520.850027,80,223.291,13370.3125,100,1200,10001,"[0, 100000]","[0, 100000]",0,0,341,244
yolov8x_training,521.892818,81,225.574,13370.3125,23,1305,10001,"[0, 100000]","[0, 100000]",0,0,6494,104833
yolov8x_training,522.957582,86,241.928,13370.3125,93,2295,10001,"[0, 100000]","[0, 100000]",0,0,2978,3466
yolov8x_training,524.000670,86,262.996,13370.3125,18,2190,10001,"[0, 100000]","[0, 100000]",0,0,6640,104443
yolov8x_training,525.057308,81,238.856,13370.3125,94,1800,10001,"[0, 100000]","[0, 100000]",0,0,2343,1171
yolov8x_training,526.100483,81,243.773,13370.3125,100,1305,10001,"[0, 100000]","[0, 100000]",0,0,6591,102734
yolov8x_training,527.166332,85,258.921,13370.3125,10,1290,10001,"[0, 100000]","[0, 100000]",0,0,2294,125195
yolov8x_training,528.209892,87,234.359,13370.3125,90,1305,10001,"[0, 100000]","[0, 100000]",0,0,6494,103759
yolov8x_training,529.265539,83,239.308,13370.3125,100,2355,10001,"[0, 100000]","[0, 100000]",0,0,2929,11181
yolov8x_training,530.308539,81,249.615,13370.3125,62,2400,10001,"[0, 100000]","[0, 100000]",0,0,341,1038574
yolov8x_training,531.351349,80,249.470,13370.3125,0,2070,10001,"[0, 100000]","[0, 100000]",0,0,292,292
yolov8x_training,532.394075,85,206.963,13370.3125,89,1335,10001,"[0, 100000]","[0, 100000]",0,0,2783,26660
yolov8x_training,533.437631,80,210.985,13370.3125,0,2415,10001,"[0, 100000]","[0, 100000]",0,0,6396,93115
yolov8x_training,534.504123,84,208.924,13370.3125,92,1755,10001,"[0, 100000]","[0, 100000]",0,0,292,292
yolov8x_training,535.546954,82,214.389,13370.3125,0,2385,10001,"[0, 100000]","[0, 100000]",0,0,3515,11816
yolov8x_training,536.590386,84,217.200,13370.3125,88,1500,10001,"[0, 100000]","[0, 100000]",0,0,90087,27832
yolov8x_training,537.661262,85,208.718,13370.3125,0,2610,10001,"[0, 100000]","[0, 100000]",0,0,341,341
yolov8x_training,538.704076,80,220.779,13370.3125,100,1410,10001,"[0, 100000]","[0, 100000]",0,0,3564,14599
yolov8x_training,539.747453,81,218.261,13370.3125,0,2460,10001,"[0, 100000]","[0, 100000]",0,0,2929,5615
yolov8x_training,540.791550,84,255.398,13370.3125,95,1147,10001,"[0, 100000]","[0, 100000]",0,0,4150,36767
yolov8x_training,541.845770,85,247.229,13370.3125,100,1620,10001,"[0, 100000]","[0, 100000]",0,0,2978,10644
yolov8x_training,542.888737,82,252.006,13370.3125,18,1275,10001,"[0, 100000]","[0, 100000]",0,0,4101,36230
yolov8x_training,543.945366,85,241.998,13370.3125,91,2310,10001,"[0, 100000]","[0, 100000]",0,0,2978,10009
yolov8x_training,544.989062,85,254.425,13370.3125,100,1740,10001,"[0, 100000]","[0, 100000]",0,0,341,1041601
yolov8x_training,546.032199,84,244.442,13370.3125,67,1200,10001,"[0, 100000]","[0, 100000]",0,0,5273,17822
yolov8x_training,547.076042,81,244.999,13370.3125,100,2085,10001,"[0, 100000]","[0, 100000]",0,0,89355,21093
yolov8x_training,548.119475,83,254.094,13370.3125,33,1695,10001,"[0, 100000]","[0, 100000]",0,0,5468,16406
yolov8x_training,549.162788,85,237.434,13370.3125,71,1230,10001,"[0, 100000]","[0, 100000]",0,0,341,292
yolov8x_training,550.205450,84,239.882,13370.3125,93,2175,10001,"[0, 100000]","[0, 100000]",0,0,5810,23681
yolov8x_training,551.249954,83,259.430,13370.3125,41,1312,10001,"[0, 100000]","[0, 100000]",0,0,292,292
yolov8x_training,552.292584,86,246.903,13370.3125,70,1215,10001,"[0, 100000]","[0, 100000]",0,0,6152,20312
yolov8x_training,553.336193,85,241.615,13370.3125,94,1185,10001,"[0, 100000]","[0, 100000]",0,0,14599,292
yolov8x_training,554.397319,81,249.606,13370.3125,78,2205,10001,"[0, 100000]","[0, 100000]",0,0,15283,35839
yolov8x_training,555.440346,85,247.008,13370.3125,27,2145,10001,"[0, 100000]","[0, 100000]",0,0,2099,292
yolov8x_training,556.483419,86,256.744,13370.3125,94,1380,10001,"[0, 100000]","[0, 100000]",0,0,4199,37402
yolov8x_training,557.538372,86,222.383,13370.3125,88,1252,10001,"[0, 100000]","[0, 100000]",0,0,341,292
yolov8x_training,558.581548,80,213.295,13370.3125,0,2100,10001,"[0, 100000]","[0, 100000]",0,0,3173,11621
yolov8x_training,559.624735,80,211.603,13370.3125,88,1770,10001,"[0, 100000]","[0, 100000]",0,0,5322,90380
yolov8x_training,560.694337,84,210.389,13370.3125,0,1935,10001,"[0, 100000]","[0, 100000]",0,0,341,292
yolov8x_training,561.737306,80,216.955,13370.3125,92,1650,10001,"[0, 100000]","[0, 100000]",0,0,3125,11718
yolov8x_training,562.780741,85,205.805,13370.3125,0,2595,10001,"[0, 100000]","[0, 100000]",0,0,6494,93115
yolov8x_training,563.835706,80,222.163,13370.3125,96,2430,10001,"[0, 100000]","[0, 100000]",0,0,341,292
yolov8x_training,564.878452,83,209.986,13370.3125,58,1320,10001,"[0, 100000]","[0, 100000]",0,0,5126,81542
yolov8x_training,565.922680,84,204.192,13370.3125,39,2505,10001,"[0, 100000]","[0, 100000]",0,0,9765,36279
yolov8x_training,566.965853,80,218.749,13370.3125,88,1200,10001,"[0, 100000]","[0, 100000]",0,0,341,292
yolov8x_training,568.008645,84,235.124,13370.3125,34,1215,10001,"[0, 100000]","[0, 100000]",0,0,6201,21728
yolov8x_training,569.052190,80,242.059,13370.3125,93,2415,10001,"[0, 100000]","[0, 100000]",0,0,341,292
yolov8x_training,570.095077,85,257.956,13370.3125,48,945,10001,"[0, 100000]","[0, 100000]",0,0,3955,33203
yolov8x_training,571.138375,85,245.830,13370.3125,68,1275,10001,"[0, 100000]","[0, 100000]",0,0,292,292
yolov8x_training,572.180966,84,241.168,13370.3125,97,2580,10001,"[0, 100000]","[0, 100000]",0,0,5615,28808
yolov8x_training,573.224136,83,257.593,13370.3125,29,1815,10001,"[0, 100000]","[0, 100000]",0,0,341,292
yolov8x_training,574.266824,85,235.712,13370.3125,68,1335,10001,"[0, 100000]","[0, 100000]",0,0,7128,27539
yolov8x_training,575.309762,82,243.424,13370.3125,100,1245,10001,"[0, 100000]","[0, 100000]",0,0,390,292
yolov8x_training,576.375159,82,256.742,13370.3125,43,2565,10001,"[0, 100000]","[0, 100000]",0,0,15429,32031
yolov8x_training,577.418362,83,258.365,13370.3125,79,1365,10001,"[0, 100000]","[0, 100000]",0,0,292,292
yolov8x_training,578.463084,82,244.122,13370.3125,99,1275,10001,"[0, 100000]","[0, 100000]",0,0,14990,33935
yolov8x_training,579.506469,86,242.157,13370.3125,48,2565,10001,"[0, 100000]","[0, 100000]",0,0,585,341
yolov8x_training,580.567046,84,251.670,13370.3125,57,1635,10001,"[0, 100000]","[0, 100000]",0,0,15234,37255
yolov8x_training,581.610295,85,249.393,13370.3125,96,1230,10001,"[0, 100000]","[0, 100000]",0,0,1123,292
yolov8x_training,582.667972,80,239.868,13370.3125,56,2505,10001,"[0, 100000]","[0, 100000]",0,0,15625,36279
yolov8x_training,583.711298,86,253.042,13370.3125,64,1755,10001,"[0, 100000]","[0, 100000]",0,0,976,341
yolov8x_training,584.754348,84,245.519,13370.3125,95,1215,10001,"[0, 100000]","[0, 100000]",0,0,6591,102539
yolov8x_training,585.809239,81,250.142,13370.3125,65,1230,10001,"[0, 100000]","[0, 100000]",0,0,19287,292
yolov8x_training,586.876797,85,249.428,13370.3125,46,2415,10001,"[0, 100000]","[0, 100000]",0,0,15625,35791
yolov8x_training,587.919893,85,250.616,13370.3125,92,2265,10001,"[0, 100000]","[0, 100000]",0,0,1171,292
yolov8x_training,588.982138,81,254.498,13370.3125,68,1395,10001,"[0, 100000]","[0, 100000]",0,0,15332,34130
yolov8x_training,590.025395,84,239.081,13370.3125,95,2085,10001,"[0, 100000]","[0, 100000]",0,0,1171,292
yolov8x_training,591.068163,85,246.777,13370.3125,89,2655,10001,"[0, 100000]","[0, 100000]",0,0,6396,103466
yolov8x_training,592.127766,86,258.957,13370.3125,14,1680,10001,"[0, 100000]","[0, 100000]",0,0,2685,7763
yolov8x_training,593.170882,81,244.091,13370.3125,95,2340,10001,"[0, 100000]","[0, 100000]",0,0,6640,103662
yolov8x_training,594.229601,84,244.699,13370.3125,83,1455,10001,"[0, 100000]","[0, 100000]",0,0,6103,91796
yolov8x_training,595.283305,86,263.326,13370.3125,31,1755,10001,"[0, 100000]","[0, 100000]",0,0,14990,34716
yolov8x_training,596.326319,81,244.876,13370.3125,93,1200,10001,"[0, 100000]","[0, 100000]",0,0,2636,1464
yolov8x_training,597.397631,86,240.548,13370.3125,100,2355,10001,"[0, 100000]","[0, 100000]",0,0,15625,34619
yolov8x_training,598.440610,87,244.227,13370.3125,11,2655,10001,"[0, 100000]","[0, 100000]",0,0,2441,1220
yolov8x_training,599.510456,87,264.687,13370.3125,94,1275,10001,"[0, 100000]","[0, 100000]",0,0,15576,33154
yolov8x_training,600.554050,86,239.880,13370.3125,95,1995,10001,"[0, 100000]","[0, 100000]",0,0,2050,292
yolov8x_training,601.602603,86,262.658,13370.3125,23,1335,10001,"[0, 100000]","[0, 100000]",0,0,15234,30615
yolov8x_training,602.645537,87,252.416,13370.3125,95,1515,10001,"[0, 100000]","[0, 100000]",0,0,3222,12060
yolov8x_training,603.688739,85,251.348,13370.3125,94,1305,10001,"[0, 100000]","[0, 100000]",0,0,4003,36083
yolov8x_training,604.746858,83,243.056,13370.3125,46,2580,10001,"[0, 100000]","[0, 100000]",0,0,2880,9619
yolov8x_training,605.790130,86,256.604,13370.3125,74,1275,10001,"[0, 100000]","[0, 100000]",0,0,4003,35742
yolov8x_training,606.844849,84,244.008,13370.3125,100,1320,10001,"[0, 100000]","[0, 100000]",0,0,2929,5224
yolov8x_training,607.887879,84,242.023,13370.3125,24,1725,10001,"[0, 100000]","[0, 100000]",0,0,3808,35986
yolov8x_training,608.946072,86,250.132,13370.3125,70,1282,10001,"[0, 100000]","[0, 100000]",0,0,2539,7080
yolov8x_training,609.989559,83,259.233,13370.3125,100,1275,10001,"[0, 100000]","[0, 100000]",0,0,3027,38818
yolov8x_training,611.051723,82,244.383,13370.3125,67,1380,10001,"[0, 100000]","[0, 100000]",0,0,2880,28710
yolov8x_training,612.095290,86,250.230,13370.3125,94,2280,10001,"[0, 100000]","[0, 100000]",0,0,5175,104394
yolov8x_training,613.165383,87,256.376,13370.3125,48,1500,10001,"[0, 100000]","[0, 100000]",0,0,2294,1171
yolov8x_training,614.208273,85,249.352,13370.3125,65,1305,10001,"[0, 100000]","[0, 100000]",0,0,6445,104150
yolov8x_training,615.265503,82,240.486,13370.3125,93,2565,10001,"[0, 100000]","[0, 100000]",0,0,2343,830
yolov8x_training,616.308820,86,256.950,13370.3125,59,1215,10001,"[0, 100000]","[0, 100000]",0,0,4492,104541
yolov8x_training,617.381498,86,246.299,13370.3125,50,1815,10001,"[0, 100000]","[0, 100000]",0,0,2832,8447
yolov8x_training,618.425334,81,250.350,13370.3125,95,1200,10001,"[0, 100000]","[0, 100000]",0,0,4150,37451
yolov8x_training,619.480857,85,245.001,13370.3125,66,2580,10001,"[0, 100000]","[0, 100000]",0,0,2441,124511
yolov8x_training,620.524059,86,251.612,13370.3125,43,1560,10001,"[0, 100000]","[0, 100000]",0,0,6542,104101
yolov8x_training,621.581689,81,254.078,13370.3125,92,1260,10001,"[0, 100000]","[0, 100000]",0,0,2392,488
yolov8x_training,622.624958,81,244.415,13370.3125,62,2085,10001,"[0, 100000]","[0, 100000]",0,0,6542,103564
yolov8x_training,623.682489,86,250.395,13370.3125,54,1800,10001,"[0, 100000]","[0, 100000]",0,0,2832,4003
yolov8x_training,624.726001,86,255.241,13370.3125,94,1380,10001,"[0, 100000]","[0, 100000]",0,0,4931,103759
yolov8x_training,625.796741,81,242.425,13370.3125,75,2340,10001,"[0, 100000]","[0, 100000]",0,0,2539,8447
yolov8x_training,626.840211,86,248.882,13370.3125,29,2520,10001,"[0, 100000]","[0, 100000]",0,0,90234,28271
yolov8x_training,627.907294,87,260.124,13370.3125,93,1410,10001,"[0, 100000]","[0, 100000]",0,0,2734,13183
yolov8x_training,628.950332,82,257.413,13370.3125,100,1200,10001,"[0, 100000]","[0, 100000]",0,0,90332,30175
yolov8x_training,630.019330,83,242.699,13370.3125,75,1365,10001,"[0, 100000]","[0, 100000]",0,0,3417,12548
yolov8x_training,631.062867,86,241.337,13370.3125,95,2610,10001,"[0, 100000]","[0, 100000]",0,0,341,588476
yolov8x_training,632.105414,86,249.368,13370.3125,78,1320,10001,"[0, 100000]","[0, 100000]",0,0,3906,34082
yolov8x_training,633.148524,86,259.188,13370.3125,51,1365,10001,"[0, 100000]","[0, 100000]",0,0,341,341
yolov8x_training,634.191144,82,242.265,13370.3125,94,2655,10001,"[0, 100000]","[0, 100000]",0,0,5517,25830
yolov8x_training,635.234168,86,265.341,13370.3125,30,2220,10001,"[0, 100000]","[0, 100000]",0,0,341,1029003
yolov8x_training,636.276906,85,246.931,13370.3125,72,1740,10001,"[0, 100000]","[0, 100000]",0,0,3564,31787
yolov8x_training,637.320076,83,241.763,13370.3125,94,1350,10001,"[0, 100000]","[0, 100000]",0,0,341,244
yolov8x_training,638.366699,86,247.868,13370.3125,72,2505,10001,"[0, 100000]","[0, 100000]",0,0,15478,37060
yolov8x_training,639.409946,86,255.988,13370.3125,52,1470,10001,"[0, 100000]","[0, 100000]",0,0,537,292
yolov8x_training,640.477305,82,251.527,13370.3125,95,1185,10001,"[0, 100000]","[0, 100000]",0,0,15625,37158
yolov8x_training,641.520531,85,239.411,13370.3125,73,2460,10001,"[0, 100000]","[0, 100000]",0,0,1318,292
yolov8x_training,642.563620,87,247.182,13370.3125,18,2610,10001,"[0, 100000]","[0, 100000]",0,0,6591,102636
yolov8x_training,643.616770,82,263.347,13370.3125,95,1200,10001,"[0, 100000]","[0, 100000]",0,0,2246,122216
yolov8x_training,644.689713,82,242.545,13370.3125,100,2415,10001,"[0, 100000]","[0, 100000]",0,0,15283,34960
yolov8x_training,645.733050,86,243.337,13370.3125,15,1350,10001,"[0, 100000]","[0, 100000]",0,0,1806,292
yolov8x_training,646.776057,86,257.710,13370.3125,94,1290,10001,"[0, 100000]","[0, 100000]",0,0,4394,104736
yolov8x_training,647.849839,86,237.297,13370.3125,100,1215,10001,"[0, 100000]","[0, 100000]",0,0,2880,3369
yolov8x_training,648.893132,82,241.352,13370.3125,39,1935,10001,"[0, 100000]","[0, 100000]",0,0,5126,104589
yolov8x_training,649.961715,87,240.934,13370.3125,66,2640,10001,"[0, 100000]","[0, 100000]",0,0,2587,2246
yolov8x_training,651.035582,83,263.731,13370.3125,38,1260,10001,"[0, 100000]","[0, 100000]",0,0,15332,30859
yolov8x_training,652.078597,84,243.128,13370.3125,70,2100,10001,"[0, 100000]","[0, 100000]",0,0,19531,292
yolov8x_training,653.130367,84,242.799,13370.3125,97,2580,10001,"[0, 100000]","[0, 100000]",0,0,15332,33593
yolov8x_training,654.173288,88,252.328,13370.3125,59,1320,10001,"[0, 100000]","[0, 100000]",0,0,1757,292
yolov8x_training,655.216237,86,253.652,13370.3125,38,1275,10001,"[0, 100000]","[0, 100000]",0,0,6640,103173
yolov8x_training,656.281638,82,241.891,13370.3125,93,2460,10001,"[0, 100000]","[0, 100000]",0,0,1074,341
yolov8x_training,657.324642,86,257.507,13370.3125,60,1327,10001,"[0, 100000]","[0, 100000]",0,0,6689,104296
yolov8x_training,658.378853,86,249.084,13370.3125,51,1890,10001,"[0, 100000]","[0, 100000]",0,0,2539,3222
yolov8x_training,659.421756,82,254.583,13370.3125,95,1380,10001,"[0, 100000]","[0, 100000]",0,0,5175,102441
yolov8x_training,660.491633,85,243.487,13370.3125,80,2655,10001,"[0, 100000]","[0, 100000]",0,0,6054,91943
yolov8x_training,661.554994,87,254.711,13370.3125,34,1815,10001,"[0, 100000]","[0, 100000]",0,0,15234,33056
yolov8x_training,662.597847,82,256.922,13370.3125,93,1275,10001,"[0, 100000]","[0, 100000]",0,0,2343,2392
yolov8x_training,663.640657,82,239.996,13370.3125,98,960,10001,"[0, 100000]","[0, 100000]",0,0,5712,104052
yolov8x_training,664.708646,87,245.332,13370.3125,13,1425,10001,"[0, 100000]","[0, 100000]",0,0,2880,4541
yolov8x_training,665.752311,87,258.158,13370.3125,94,1200,10001,"[0, 100000]","[0, 100000]",0,0,3564,36962
yolov8x_training,666.810274,82,250.372,13370.3125,100,2370,10001,"[0, 100000]","[0, 100000]",0,0,2734,5419
yolov8x_training,667.853733,87,244.601,13370.3125,15,2580,10001,"[0, 100000]","[0, 100000]",0,0,5078,103417
yolov8x_training,668.921427,87,263.350,13370.3125,92,1575,10001,"[0, 100000]","[0, 100000]",0,0,2343,125927
yolov8x_training,669.965298,85,258.817,13370.3125,100,1410,10001,"[0, 100000]","[0, 100000]",0,0,3320,36816
yolov8x_training,671.026999,83,247.203,13370.3125,67,1950,10001,"[0, 100000]","[0, 100000]",0,0,3173,12744
yolov8x_training,672.070246,88,254.557,13370.3125,98,2640,10001,"[0, 100000]","[0, 100000]",0,0,6494,104833
yolov8x_training,673.125557,87,261.208,13370.3125,34,1590,10001,"[0, 100000]","[0, 100000]",0,0,2978,5322
yolov8x_training,674.169529,86,246.530,13370.3125,60,2025,10001,"[0, 100000]","[0, 100000]",0,0,3027,38964
yolov8x_training,675.233559,81,248.641,13370.3125,96,960,10001,"[0, 100000]","[0, 100000]",0,0,3417,10791
yolov8x_training,676.276980,87,256.129,13370.3125,49,1545,10001,"[0, 100000]","[0, 100000]",0,0,90283,28271
yolov8x_training,677.346086,86,250.572,13370.3125,46,1530,10001,"[0, 100000]","[0, 100000]",0,0,3564,11718
yolov8x_training,678.389543,82,242.269,13370.3125,94,1320,10001,"[0, 100000]","[0, 100000]",0,0,90136,28173
yolov8x_training,679.460478,87,237.467,13370.3125,96,2430,10001,"[0, 100000]","[0, 100000]",0,0,3857,11669
yolov8x_training,680.503576,87,249.187,13370.3125,28,1365,10001,"[0, 100000]","[0, 100000]",0,0,90625,36181
yolov8x_training,681.570308,82,258.042,13370.3125,95,1170,10001,"[0, 100000]","[0, 100000]",0,0,3515,13085
yolov8x_training,682.613306,88,237.272,13370.3125,100,2460,10001,"[0, 100000]","[0, 100000]",0,0,89404,21093
yolov8x_training,683.656459,86,244.341,13370.3125,21,1875,10001,"[0, 100000]","[0, 100000]",0,0,4541,18164
yolov8x_training,684.699700,87,255.674,13370.3125,82,1170,10001,"[0, 100000]","[0, 100000]",0,0,341,341
yolov8x_training,685.742372,84,239.807,13370.3125,97,2325,10001,"[0, 100000]","[0, 100000]",0,0,3955,32666
yolov8x_training,686.785968,82,240.827,13370.3125,42,1335,10001,"[0, 100000]","[0, 100000]",0,0,341,292
yolov8x_training,687.853336,86,252.875,13370.3125,58,1290,10001,"[0, 100000]","[0, 100000]",0,0,15722,35888
yolov8x_training,688.896505,87,254.108,13370.3125,93,990,10001,"[0, 100000]","[0, 100000]",0,0,1220,292
yolov8x_training,689.950545,82,260.492,13370.3125,77,1650,10001,"[0, 100000]","[0, 100000]",0,0,15625,33691
yolov8x_training,690.993772,86,237.856,13370.3125,44,2640,10001,"[0, 100000]","[0, 100000]",0,0,2441,2343
yolov8x_training,692.036745,87,260.936,13370.3125,100,1395,10001,"[0, 100000]","[0, 100000]",0,0,7080,103613
yolov8x_training,693.100579,83,247.807,13370.3125,27,1365,10001,"[0, 100000]","[0, 100000]",0,0,6396,87255
yolov8x_training,694.144141,83,244.714,13370.3125,95,2655,10001,"[0, 100000]","[0, 100000]",0,0,5517,104003
yolov8x_training,695.213033,87,261.871,13370.3125,100,1680,10001,"[0, 100000]","[0, 100000]",0,0,2392,2050
yolov8x_training,696.256114,87,246.147,13370.3125,35,1185,10001,"[0, 100000]","[0, 100000]",0,0,2832,39990
yolov8x_training,697.318260,85,246.706,13370.3125,78,2175,10001,"[0, 100000]","[0, 100000]",0,0,2685,10009
yolov8x_training,698.361652,82,254.635,13370.3125,100,2325,10001,"[0, 100000]","[0, 100000]",0,0,3857,36816
yolov8x_training,699.417679,86,249.151,13370.3125,79,2220,10001,"[0, 100000]","[0, 100000]",0,0,2978,12158
yolov8x_training,700.461138,86,249.846,13370.3125,95,1275,10001,"[0, 100000]","[0, 100000]",0,0,89599,21484
yolov8x_training,701.504354,83,250.342,13370.3125,50,2385,10001,"[0, 100000]","[0, 100000]",0,0,3759,13330
yolov8x_training,702.547459,87,255.677,13370.3125,58,2430,10001,"[0, 100000]","[0, 100000]",0,0,89794,22705
yolov8x_training,703.622383,86,250.316,13370.3125,94,1275,10001,"[0, 100000]","[0, 100000]",0,0,3857,15869
yolov8x_training,704.665523,87,236.825,13370.3125,93,1305,10001,"[0, 100000]","[0, 100000]",0,0,341,292
yolov8x_training,705.708388,83,252.695,13370.3125,13,2505,10001,"[0, 100000]","[0, 100000]",0,0,5859,21679
yolov8x_training,706.752339,85,261.592,13370.3125,95,1830,10001,"[0, 100000]","[0, 100000]",0,0,341,292
yolov8x_training,707.810490,87,242.972,13370.3125,100,1290,10001,"[0, 100000]","[0, 100000]",0,0,15087,30615
yolov8x_training,708.853405,84,245.841,13370.3125,31,1185,10001,"[0, 100000]","[0, 100000]",0,0,16406,292
yolov8x_training,709.903471,83,256.667,13370.3125,66,2355,10001,"[0, 100000]","[0, 100000]",0,0,15283,33593
yolov8x_training,710.946424,87,254.420,13370.3125,100,1365,10001,"[0, 100000]","[0, 100000]",0,0,2294,1171
yolov8x_training,711.989372,86,248.788,13370.3125,47,1245,10001,"[0, 100000]","[0, 100000]",0,0,6494,103613
yolov8x_training,713.045048,82,238.900,13370.3125,95,1950,10001,"[0, 100000]","[0, 100000]",0,0,2880,10498
yolov8x_training,714.088461,89,254.634,13370.3125,61,1695,10001,"[0, 100000]","[0, 100000]",0,0,6835,105517
yolov8x_training,715.150306,87,249.311,13370.3125,47,1215,10001,"[0, 100000]","[0, 100000]",0,0,2832,4785
yolov8x_training,716.193476,87,247.406,13370.3125,95,2355,10001,"[0, 100000]","[0, 100000]",0,0,6445,99902
yolov8x_training,717.252664,82,250.687,13370.3125,64,1830,10001,"[0, 100000]","[0, 100000]",0,0,2832,39355
yolov8x_training,718.318611,88,255.663,13370.3125,65,2205,10001,"[0, 100000]","[0, 100000]",0,0,15673,33593
yolov8x_training,719.362069,86,239.996,13370.3125,94,1230,10001,"[0, 100000]","[0, 100000]",0,0,1953,292
yolov8x_training,720.404901,82,249.642,13370.3125,69,1575,10001,"[0, 100000]","[0, 100000]",0,0,6884,104589
yolov8x_training,721.467928,86,247.716,13370.3125,27,2550,10001,"[0, 100000]","[0, 100000]",0,0,2929,3173
yolov8x_training,722.510919,86,260.173,13370.3125,94,1245,10001,"[0, 100000]","[0, 100000]",0,0,6542,104736
yolov8x_training,723.576125,82,239.074,13370.3125,86,1320,10001,"[0, 100000]","[0, 100000]",0,0,2392,3125
yolov8x_training,724.619199,87,246.025,13370.3125,24,2520,10001,"[0, 100000]","[0, 100000]",0,0,90625,35644
yolov8x_training,725.686857,87,259.910,13370.3125,90,1605,10001,"[0, 100000]","[0, 100000]",0,0,2929,10546
yolov8x_training,726.730227,87,243.050,13370.3125,100,1185,10001,"[0, 100000]","[0, 100000]",0,0,89599,20849
yolov8x_training,727.773821,86,241.813,13370.3125,54,2445,10001,"[0, 100000]","[0, 100000]",0,0,5322,18945
yolov8x_training,728.817080,82,250.298,13370.3125,63,2550,10001,"[0, 100000]","[0, 100000]",0,0,341,292
yolov8x_training,729.859760,87,256.982,13370.3125,93,2055,10001,"[0, 100000]","[0, 100000]",0,0,4980,28613
yolov8x_training,730.902784,86,238.766,13370.3125,66,2040,10001,"[0, 100000]","[0, 100000]",0,0,341,292
yolov8x_training,731.956780,82,239.699,13370.3125,38,2025,10001,"[0, 100000]","[0, 100000]",0,0,15185,30468
yolov8x_training,732.999924,88,261.344,13370.3125,94,2655,10001,"[0, 100000]","[0, 100000]",0,0,13769,341
yolov8x_training,734.051834,87,260.966,13370.3125,29,1815,10001,"[0, 100000]","[0, 100000]",0,0,15429,33447
yolov8x_training,735.095037,83,246.705,13370.3125,95,1800,10001,"[0, 100000]","[0, 100000]",0,0,927,341
yolov8x_training,736.163998,83,244.488,13370.3125,100,1282,10001,"[0, 100000]","[0, 100000]",0,0,15625,34228
yolov8x_training,737.207589,85,259.689,13370.3125,29,1725,10001,"[0, 100000]","[0, 100000]",0,0,2783,7763
yolov8x_training,738.250998,89,248.509,13370.3125,55,1290,10001,"[0, 100000]","[0, 100000]",0,0,89501,21337
yolov8x_training,739.294237,86,242.849,13370.3125,94,2430,10001,"[0, 100000]","[0, 100000]",0,0,4931,16699
yolov8x_training,740.337395,82,254.949,13370.3125,61,2160,10001,"[0, 100000]","[0, 100000]",0,0,292,1035742
yolov8x_training,741.380257,87,253.815,13370.3125,46,1275,10001,"[0, 100000]","[0, 100000]",0,0,6005,17382
yolov8x_training,742.423429,87,241.195,13370.3125,94,1260,10001,"[0, 100000]","[0, 100000]",0,0,341,292
yolov8x_training,743.466033,82,242.506,13370.3125,74,1950,10001,"[0, 100000]","[0, 100000]",0,0,4003,29736
yolov8x_training,744.509362,87,247.570,13370.3125,20,1275,10001,"[0, 100000]","[0, 100000]",0,0,292,292
yolov8x_training,745.557977,88,258.689,13370.3125,95,1170,10001,"[0, 100000]","[0, 100000]",0,0,15625,33496
yolov8x_training,746.601080,83,248.087,13370.3125,86,2175,10001,"[0, 100000]","[0, 100000]",0,0,537,341
yolov8x_training,747.672899,83,244.369,13370.3125,25,1252,10001,"[0, 100000]","[0, 100000]",0,0,15234,32031
yolov8x_training,748.715875,85,264.150,13370.3125,93,1665,10001,"[0, 100000]","[0, 100000]",0,0,341,292
yolov8x_training,749.758588,87,242.450,13370.3125,100,1785,10001,"[0, 100000]","[0, 100000]",0,0,6591,27685
yolov8x_training,750.801484,83,248.967,13370.3125,17,2505,10001,"[0, 100000]","[0, 100000]",0,0,1025,292
yolov8x_training,751.844506,87,257.958,13370.3125,94,2415,10001,"[0, 100000]","[0, 100000]",0,0,6689,104492
yolov8x_training,752.898210,87,243.852,13370.3125,100,1950,10001,"[0, 100000]","[0, 100000]",0,0,2783,5419
yolov8x_training,753.941810,84,240.576,13370.3125,25,1200,10001,"[0, 100000]","[0, 100000]",0,0,5175,103710
yolov8x_training,755.013554,85,239.343,13370.3125,78,2130,10001,"[0, 100000]","[0, 100000]",0,0,2929,10253
yolov8x_training,756.056947,89,254.146,13370.3125,63,1320,10001,"[0, 100000]","[0, 100000]",0,0,46972,39697
yolov8x_training,757.121899,87,248.780,13370.3125,65,1200,10001,"[0, 100000]","[0, 100000]",0,0,2783,28710
yolov8x_training,758.165755,86,246.162,13370.3125,94,2295,10001,"[0, 100000]","[0, 100000]",0,0,6933,103662
yolov8x_training,759.229896,82,251.211,13370.3125,69,1395,10001,"[0, 100000]","[0, 100000]",0,0,3027,6542
yolov8x_training,760.273001,85,253.631,13370.3125,39,1260,10001,"[0, 100000]","[0, 100000]",0,0,3369,36767
yolov8x_training,761.334729,87,240.621,13370.3125,94,1545,10001,"[0, 100000]","[0, 100000]",0,0,3759,11718
yolov8x_training,762.377566,83,249.201,13370.3125,100,1410,10001,"[0, 100000]","[0, 100000]",0,0,89111,17871
yolov8x_training,763.420687,88,258.106,13370.3125,20,2505,10001,"[0, 100000]","[0, 100000]",0,0,4736,20166
yolov8x_training,764.463866,88,258.266,13370.3125,90,1440,10001,"[0, 100000]","[0, 100000]",0,0,341,292
yolov8x_training,765.506997,86,246.912,13370.3125,99,1260,10001,"[0, 100000]","[0, 100000]",0,0,5029,19824
yolov8x_training,766.549937,82,239.409,13370.3125,63,2520,10001,"[0, 100000]","[0, 100000]",0,0,2734,2343
yolov8x_training,767.593892,87,247.067,13370.3125,20,1590,10001,"[0, 100000]","[0, 100000]",0,0,65332,38671
yolov8x_training,768.658715,85,258.401,13370.3125,95,1305,10001,"[0, 100000]","[0, 100000]",0,0,3857,17236
yolov8x_training,769.701804,87,244.949,13370.3125,100,1245,10001,"[0, 100000]","[0, 100000]",0,0,341,341
yolov8x_training,770.745597,87,239.607,13370.3125,65,2505,10001,"[0, 100000]","[0, 100000]",0,0,14990,30419
yolov8x_training,771.788589,83,246.741,13370.3125,18,825,10001,"[0, 100000]","[0, 100000]",0,0,2343,124853
yolov8x_training,772.832038,86,257.441,13370.3125,86,1380,10001,"[0, 100000]","[0, 100000]",0,0,4052,35791
yolov8x_training,773.890195,85,246.380,13370.3125,100,1335,10001,"[0, 100000]","[0, 100000]",0,0,5224,16992
yolov8x_training,774.933295,87,240.236,13370.3125,78,1200,10001,"[0, 100000]","[0, 100000]",0,0,341,292
yolov8x_training,775.987527,83,240.697,13370.3125,14,1290,10001,"[0, 100000]","[0, 100000]",0,0,15185,34570
yolov8x_training,777.030535,84,238.300,13370.3125,74,2640,10001,"[0, 100000]","[0, 100000]",0,0,2490,3222
yolov8x_training,778.073513,85,249.582,13370.3125,95,1260,10001,"[0, 100000]","[0, 100000]",0,0,89501,20507
yolov8x_training,779.117882,87,258.439,13370.3125,17,1230,10001,"[0, 100000]","[0, 100000]",0,0,3857,18115
yolov8x_training,780.161028,86,241.918,13370.3125,71,1260,10001,"[0, 100000]","[0, 100000]",0,0,341,292
yolov8x_training,781.208304,82,240.457,13370.3125,95,2430,10001,"[0, 100000]","[0, 100000]",0,0,14990,34716
yolov8x_training,782.251366,89,250.899,13370.3125,62,1935,10001,"[0, 100000]","[0, 100000]",0,0,390,292
yolov8x_training,783.294072,87,254.446,13370.3125,31,1170,10001,"[0, 100000]","[0, 100000]",0,0,6689,103222
yolov8x_training,784.357653,83,235.926,13370.3125,95,1260,10001,"[0, 100000]","[0, 100000]",0,0,2783,10302
yolov8x_training,785.400491,88,242.938,13370.3125,100,1395,10001,"[0, 100000]","[0, 100000]",0,0,341,1038330
yolov8x_training,786.443513,87,237.881,13370.3125,55,1905,10001,"[0, 100000]","[0, 100000]",0,0,3808,29931
yolov8x_training,787.487124,87,262.403,13370.3125,52,1800,10001,"[0, 100000]","[0, 100000]",0,0,292,1034716
yolov8x_training,788.529830,82,248.518,13370.3125,94,1365,10001,"[0, 100000]","[0, 100000]",0,0,3417,31005
yolov8x_training,789.572866,86,238.126,13370.3125,61,2025,10001,"[0, 100000]","[0, 100000]",0,0,341,292
yolov8x_training,790.638521,87,249.987,13370.3125,39,1485,10001,"[0, 100000]","[0, 100000]",0,0,15478,34570
yolov8x_training,791.682223,88,256.936,13370.3125,94,1230,10001,"[0, 100000]","[0, 100000]",0,0,2294,488
yolov8x_training,792.725325,84,231.056,13370.3125,100,1350,10001,"[0, 100000]","[0, 100000]",0,0,4687,102441
yolov8x_training,793.798115,84,240.945,13370.3125,30,2055,10001,"[0, 100000]","[0, 100000]",0,0,2685,13671
yolov8x_training,794.841124,87,257.642,13370.3125,58,907,10001,"[0, 100000]","[0, 100000]",0,0,90087,27099
yolov8x_training,795.911494,87,250.150,13370.3125,93,1320,10001,"[0, 100000]","[0, 100000]",0,0,3466,12109
yolov8x_training,796.954782,83,259.651,13370.3125,67,1185,10001,"[0, 100000]","[0, 100000]",0,0,88818,15673
yolov8x_training,797.998647,87,241.319,13370.3125,23,1830,10001,"[0, 100000]","[0, 100000]",0,0,4736,21093
yolov8x_training,799.041773,87,240.490,13370.3125,95,2595,10001,"[0, 100000]","[0, 100000]",0,0,341,292
yolov8x_training,800.113715,86,253.917,13370.3125,62,1590,10001,"[0, 100000]","[0, 100000]",0,0,15185,28808
yolov8x_training,801.157248,87,248.859,13370.3125,47,1200,10001,"[0, 100000]","[0, 100000]",0,0,19335,292
yolov8x_training,802.202130,83,236.297,13370.3125,94,1950,10001,"[0, 100000]","[0, 100000]",0,0,6933,105126
yolov8x_training,803.265171,85,253.134,13370.3125,100,2580,10001,"[0, 100000]","[0, 100000]",0,0,2929,12597
yolov8x_training,804.308140,88,257.798,13370.3125,48,2595,10001,"[0, 100000]","[0, 100000]",0,0,10546,38769
yolov8x_training,805.373483,86,253.037,13370.3125,68,1410,10001,"[0, 100000]","[0, 100000]",0,0,3417,12890
yolov8x_training,806.416520,82,238.636,13370.3125,94,1260,10001,"[0, 100000]","[0, 100000]",0,0,341,1037500
yolov8x_training,807.459378,85,238.222,13370.3125,69,2565,10001,"[0, 100000]","[0, 100000]",0,0,5224,25439
yolov8x_training,808.502365,87,250.040,13370.3125,30,1440,10001,"[0, 100000]","[0, 100000]",0,0,341,292
yolov8x_training,809.545050,82,257.319,13370.3125,95,1170,10001,"[0, 100000]","[0, 100000]",0,0,7470,22460
yolov8x_training,810.588228,87,235.015,13370.3125,100,2115,10001,"[0, 100000]","[0, 100000]",0,0,1562,292
yolov8x_training,811.653720,87,243.215,13370.3125,22,2505,10001,"[0, 100000]","[0, 100000]",0,0,15332,34521
yolov8x_training,812.697427,87,261.141,13370.3125,90,1590,10001,"[0, 100000]","[0, 100000]",0,0,2636,2734
yolov8x_training,813.741514,86,239.885,13370.3125,99,1635,10001,"[0, 100000]","[0, 100000]",0,0,3027,38134
yolov8x_training,814.802667,82,239.627,13370.3125,62,2565,10001,"[0, 100000]","[0, 100000]",0,0,2685,9521
yolov8x_training,815.845487,88,257.382,13370.3125,56,1770,10001,"[0, 100000]","[0, 100000]",0,0,3369,36425
yolov8x_training,816.905019,87,249.075,13370.3125,94,2625,10001,"[0, 100000]","[0, 100000]",0,0,3222,12695
yolov8x_training,817.947993,83,241.005,13370.3125,82,1215,10001,"[0, 100000]","[0, 100000]",0,0,341,1040185
yolov8x_training,818.991016,87,242.165,13370.3125,19,2055,10001,"[0, 100000]","[0, 100000]",0,0,4882,28417
yolov8x_training,820.034041,87,239.483,13370.3125,83,2565,10001,"[0, 100000]","[0, 100000]",0,0,390,292
yolov8x_training,821.096946,85,254.754,13370.3125,58,1320,10001,"[0, 100000]","[0, 100000]",0,0,15234,34130
yolov8x_training,822.140054,82,248.518,13370.3125,37,1260,10001,"[0, 100000]","[0, 100000]",0,0,2539,2343
yolov8x_training,823.183268,82,238.267,13370.3125,95,1965,10001,"[0, 100000]","[0, 100000]",0,0,3027,38476
yolov8x_training,824.244534,88,243.714,13370.3125,100,1320,10001,"[0, 100000]","[0, 100000]",0,0,2978,11083
yolov8x_training,825.287573,88,258.120,13370.3125,40,1215,10001,"[0, 100000]","[0, 100000]",0,0,89697,25000
yolov8x_training,826.360175,87,248.293,13370.3125,66,1320,10001,"[0, 100000]","[0, 100000]",0,0,3857,17187
yolov8x_training,827.403290,82,237.340,13370.3125,95,1230,10001,"[0, 100000]","[0, 100000]",0,0,341,1031005
yolov8x_training,828.445955,85,254.414,13370.3125,80,2580,10001,"[0, 100000]","[0, 100000]",0,0,4345,30615
yolov8x_training,829.489856,87,248.606,13370.3125,51,1350,10001,"[0, 100000]","[0, 100000]",0,0,341,292
yolov8x_training,830.532520,82,255.662,13370.3125,94,1200,10001,"[0, 100000]","[0, 100000]",0,0,7324,28027
yolov8x_training,831.576253,88,236.312,13370.3125,99,2400,10001,"[0, 100000]","[0, 100000]",0,0,6103,91992
yolov8x_training,832.640675,87,242.309,13370.3125,22,2505,10001,"[0, 100000]","[0, 100000]",0,0,15576,35546
yolov8x_training,833.683823,88,266.318,13370.3125,94,1170,10001,"[0, 100000]","[0, 100000]",0,0,878,292
yolov8x_training,834.744311,84,234.039,13370.3125,100,1890,10001,"[0, 100000]","[0, 100000]",0,0,15478,34326
yolov8x_training,835.787803,86,242.451,13370.3125,13,2295,10001,"[0, 100000]","[0, 100000]",0,0,2343,537
yolov8x_training,836.831048,88,259.689,13370.3125,76,1530,10001,"[0, 100000]","[0, 100000]",0,0,3320,36376
yolov8x_training,837.892223,86,248.649,13370.3125,94,1530,10001,"[0, 100000]","[0, 100000]",0,0,2587,9228
yolov8x_training,838.935354,82,243.440,13370.3125,56,1320,10001,"[0, 100000]","[0, 100000]",0,0,2929,38769
yolov8x_training,839.998433,87,240.272,13370.3125,50,2505,10001,"[0, 100000]","[0, 100000]",0,0,3222,10791
yolov8x_training,841.042336,87,243.892,13370.3125,94,1290,10001,"[0, 100000]","[0, 100000]",0,0,292,1036523
yolov8x_training,842.085349,83,264.650,13370.3125,15,1245,10001,"[0, 100000]","[0, 100000]",0,0,4833,22607
yolov8x_training,843.128373,85,242.524,13370.3125,77,1425,10001,"[0, 100000]","[0, 100000]",0,0,341,292
yolov8x_training,844.170995,85,247.986,13370.3125,100,1830,10001,"[0, 100000]","[0, 100000]",0,0,5078,21728
yolov8x_training,845.214352,88,251.365,13370.3125,41,1260,10001,"[0, 100000]","[0, 100000]",0,0,878,341
yolov8x_training,846.282828,85,246.107,13370.3125,77,1860,10001,"[0, 100000]","[0, 100000]",0,0,15283,31542
yolov8x_training,847.325955,84,241.627,13370.3125,94,1327,10001,"[0, 100000]","[0, 100000]",0,0,16308,341
yolov8x_training,848.388818,87,253.273,13370.3125,64,2610,10001,"[0, 100000]","[0, 100000]",0,0,15429,33105
yolov8x_training,849.432065,87,251.779,13370.3125,31,1335,10001,"[0, 100000]","[0, 100000]",0,0,2148,537
yolov8x_training,850.475391,83,254.749,13370.3125,93,1200,10001,"[0, 100000]","[0, 100000]",0,0,6982,103710
yolov8x_training,851.536597,87,239.486,13370.3125,96,2505,10001,"[0, 100000]","[0, 100000]",0,0,2978,11328
yolov8x_training,852.579723,88,250.703,13370.3125,8,2505,10001,"[0, 100000]","[0, 100000]",0,0,88623,15722
yolov8x_training,853.623357,86,255.692,13370.3125,79,1275,10001,"[0, 100000]","[0, 100000]",0,0,3222,26660
yolov8x_training,854.666442,86,251.442,13370.3125,93,1575,10001,"[0, 100000]","[0, 100000]",0,0,341,292
yolov8x_training,855.709029,82,245.073,13370.3125,71,1320,10001,"[0, 100000]","[0, 100000]",0,0,5175,20214
yolov8x_training,856.752431,85,254.163,13370.3125,31,1335,10001,"[0, 100000]","[0, 100000]",0,0,537,292
yolov8x_training,857.824206,88,255.795,13370.3125,95,1215,10001,"[0, 100000]","[0, 100000]",0,0,15527,37060
yolov8x_training,858.867411,83,246.866,13370.3125,89,1170,10001,"[0, 100000]","[0, 100000]",0,0,1074,292
yolov8x_training,859.938310,88,244.088,13370.3125,14,2370,10001,"[0, 100000]","[0, 100000]",0,0,15380,34716
yolov8x_training,860.981317,88,239.932,13370.3125,95,1290,10001,"[0, 100000]","[0, 100000]",0,0,2246,2246
yolov8x_training,862.024338,85,257.301,13370.3125,100,1170,10001,"[0, 100000]","[0, 100000]",0,0,4052,35400
yolov8x_training,863.082559,82,247.962,13370.3125,43,1275,10001,"[0, 100000]","[0, 100000]",0,0,3320,12304
yolov8x_training,864.125616,87,239.920,13370.3125,93,2235,10001,"[0, 100000]","[0, 100000]",0,0,72314,15136
yolov8x_training,865.168533,88,248.497,13370.3125,94,2640,10001,"[0, 100000]","[0, 100000]",0,0,5517,17382
yolov8x_training,866.211528,88,266.634,13370.3125,14,1170,10001,"[0, 100000]","[0, 100000]",0,0,341,383984
yolov8x_training,867.254172,83,240.490,13370.3125,94,2430,10001,"[0, 100000]","[0, 100000]",0,0,4833,27539
yolov8x_training,868.297262,85,243.656,13370.3125,100,2010,10001,"[0, 100000]","[0, 100000]",0,0,390,292
yolov8x_training,869.369168,88,260.160,13370.3125,23,2205,10001,"[0, 100000]","[0, 100000]",0,0,15185,30859
yolov8x_training,870.412356,87,245.848,13370.3125,68,1200,10001,"[0, 100000]","[0, 100000]",0,0,19335,292
yolov8x_training,871.455345,82,241.196,13370.3125,95,1440,10001,"[0, 100000]","[0, 100000]",0,0,6494,103466
yolov8x_training,872.509113,86,242.851,13370.3125,81,2610,10001,"[0, 100000]","[0, 100000]",0,0,2734,8349
yolov8x_training,873.552229,88,245.898,13370.3125,9,1590,10001,"[0, 100000]","[0, 100000]",0,0,89794,25244
yolov8x_training,874.623744,83,263.844,13370.3125,94,1245,10001,"[0, 100000]","[0, 100000]",0,0,3271,12451
yolov8x_training,875.666774,85,242.655,13370.3125,100,2325,10001,"[0, 100000]","[0, 100000]",0,0,341,1037597
yolov8x_training,876.709530,82,256.169,13370.3125,32,1575,10001,"[0, 100000]","[0, 100000]",0,0,3710,25244
yolov8x_training,877.752747,87,257.214,13370.3125,54,1425,10001,"[0, 100000]","[0, 100000]",0,0,341,292
yolov8x_training,878.795420,87,252.252,13370.3125,94,1350,10001,"[0, 100000]","[0, 100000]",0,0,5175,20703
yolov8x_training,879.838491,83,246.549,13370.3125,75,1327,10001,"[0, 100000]","[0, 100000]",0,0,341,292
yolov8x_training,880.881132,88,247.065,13370.3125,50,2430,10001,"[0, 100000]","[0, 100000]",0,0,6542,104931
yolov8x_training,881.935157,88,264.016,13370.3125,94,1425,10001,"[0, 100000]","[0, 100000]",0,0,3027,3417
yolov8x_training,882.978471,83,260.517,13370.3125,99,1200,10001,"[0, 100000]","[0, 100000]",0,0,4003,35400
yolov8x_training,884.035164,86,238.379,13370.3125,19,1830,10001,"[0, 100000]","[0, 100000]",0,0,3417,13525
yolov8x_training,885.078386,88,240.786,13370.3125,100,1545,10001,"[0, 100000]","[0, 100000]",0,0,341,1036669
yolov8x_training,886.121291,87,256.220,13370.3125,54,1230,10001,"[0, 100000]","[0, 100000]",0,0,5126,21289
yolov8x_training,887.164580,87,252.135,13370.3125,54,1350,10001,"[0, 100000]","[0, 100000]",0,0,341,292
yolov8x_training,888.207254,83,239.885,13370.3125,94,2535,10001,"[0, 100000]","[0, 100000]",0,0,7958,28222
yolov8x_training,889.250498,87,248.542,13370.3125,92,1275,10001,"[0, 100000]","[0, 100000]",0,0,390,341
yolov8x_training,890.299851,89,258.623,13370.3125,12,1350,10001,"[0, 100000]","[0, 100000]",0,0,15625,33740
yolov8x_training,891.343284,83,244.754,13370.3125,94,2565,10001,"[0, 100000]","[0, 100000]",0,0,878,292
yolov8x_training,892.386290,88,245.930,13370.3125,96,2625,10001,"[0, 100000]","[0, 100000]",0,0,6298,104150
yolov8x_training,893.446755,88,260.024,13370.3125,18,1575,10001,"[0, 100000]","[0, 100000]",0,0,2392,125341
yolov8x_training,894.490026,84,262.031,13370.3125,83,1170,10001,"[0, 100000]","[0, 100000]",0,0,6884,103613
yolov8x_training,895.554699,85,242.457,13370.3125,100,2520,10001,"[0, 100000]","[0, 100000]",0,0,2734,10205
yolov8x_training,896.598431,88,244.904,13370.3125,44,1350,10001,"[0, 100000]","[0, 100000]",0,0,3076,39306
yolov8x_training,897.661840,87,246.824,13370.3125,70,1305,10001,"[0, 100000]","[0, 100000]",0,0,3173,12109
yolov8x_training,898.704898,87,243.635,13370.3125,95,2070,10001,"[0, 100000]","[0, 100000]",0,0,89404,21191
yolov8x_training,899.748374,83,248.962,13370.3125,69,2580,10001,"[0, 100000]","[0, 100000]",0,0,3613,26025
yolov8x_training,900.791979,88,254.529,13370.3125,15,847,10001,"[0, 100000]","[0, 100000]",0,0,341,292
yolov8x_training,901.834582,88,246.140,13370.3125,87,1275,10001,"[0, 100000]","[0, 100000]",0,0,6054,28759
yolov8x_training,902.877731,86,239.050,13370.3125,100,1200,10001,"[0, 100000]","[0, 100000]",0,0,1171,292
yolov8x_training,903.920431,83,257.713,13370.3125,27,2010,10001,"[0, 100000]","[0, 100000]",0,0,6250,103955
yolov8x_training,904.980966,88,256.387,13370.3125,96,1440,10001,"[0, 100000]","[0, 100000]",0,0,3076,5322
yolov8x_training,906.024559,87,250.139,13370.3125,56,1200,10001,"[0, 100000]","[0, 100000]",0,0,90771,35693
yolov8x_training,907.091707,83,242.983,13370.3125,94,1575,10001,"[0, 100000]","[0, 100000]",0,0,3125,11083
yolov8x_training,908.134857,87,244.760,13370.3125,100,2505,10001,"[0, 100000]","[0, 100000]",0,0,341,1036914
yolov8x_training,909.177728,86,256.182,13370.3125,19,1425,10001,"[0, 100000]","[0, 100000]",0,0,4003,29931
yolov8x_training,910.221163,87,258.489,13370.3125,70,1200,10001,"[0, 100000]","[0, 100000]",0,0,341,292
yolov8x_training,911.276641,87,238.641,13370.3125,95,2025,10001,"[0, 100000]","[0, 100000]",0,0,15380,35400
yolov8x_training,912.320010,82,255.136,13370.3125,66,1065,10001,"[0, 100000]","[0, 100000]",0,0,1171,292
yolov8x_training,913.384834,85,251.946,13370.3125,34,1290,10001,"[0, 100000]","[0, 100000]",0,0,15625,36230
yolov8x_training,914.427656,87,247.217,13370.3125,94,1290,10001,"[0, 100000]","[0, 100000]",0,0,1416,292
yolov8x_training,915.470567,83,239.731,13370.3125,83,1320,10001,"[0, 100000]","[0, 100000]",0,0,6542,103222
yolov8x_training,916.530119,87,240.845,13370.3125,5,1890,10001,"[0, 100000]","[0, 100000]",0,0,2734,9423
yolov8x_training,917.573951,89,267.704,13370.3125,87,1095,10001,"[0, 100000]","[0, 100000]",0,0,6640,104101
yolov8x_training,918.628169,84,242.835,13370.3125,100,1185,10001,"[0, 100000]","[0, 100000]",0,0,2685,9716
yolov8x_training,919.671549,85,241.829,13370.3125,33,1875,10001,"[0, 100000]","[0, 100000]",0,0,90185,27734
yolov8x_training,920.740932,83,252.627,13370.3125,75,1290,10001,"[0, 100000]","[0, 100000]",0,0,3320,12158
yolov8x_training,921.784425,87,247.304,13370.3125,95,1245,10001,"[0, 100000]","[0, 100000]",0,0,89306,20996
yolov8x_training,922.828019,87,243.310,13370.3125,47,2325,10001,"[0, 100000]","[0, 100000]",0,0,4882,16308
yolov8x_training,923.871365,82,256.892,13370.3125,62,2025,10001,"[0, 100000]","[0, 100000]",0,0,292,292
yolov8x_training,924.913945,85,249.178,13370.3125,94,2325,10001,"[0, 100000]","[0, 100000]",0,0,3808,37207
yolov8x_training,925.956813,87,242.610,13370.3125,82,1350,10001,"[0, 100000]","[0, 100000]",0,0,341,292
yolov8x_training,926.999461,83,251.001,13370.3125,26,1350,10001,"[0, 100000]","[0, 100000]",0,0,5175,22705
yolov8x_training,928.043317,87,250.483,13370.3125,95,2535,10001,"[0, 100000]","[0, 100000]",0,0,2246,1464
yolov8x_training,929.086972,88,263.568,13370.3125,28,1455,10001,"[0, 100000]","[0, 100000]",0,0,6738,104150
yolov8x_training,930.149880,84,244.477,13370.3125,71,1260,10001,"[0, 100000]","[0, 100000]",0,0,2587,3271
yolov8x_training,931.192750,85,255.541,13370.3125,100,2505,10001,"[0, 100000]","[0, 100000]",0,0,4296,101806
yolov8x_training,932.266420,84,257.896,13370.3125,41,1845,10001,"[0, 100000]","[0, 100000]",0,0,5517,93896
yolov8x_training,933.309993,87,249.158,13370.3125,67,1170,10001,"[0, 100000]","[0, 100000]",0,0,6298,103710
yolov8x_training,934.367897,87,239.018,13370.3125,93,2385,10001,"[0, 100000]","[0, 100000]",0,0,2587,8691
yolov8x_training,935.411000,83,248.895,13370.3125,94,1530,10001,"[0, 100000]","[0, 100000]",0,0,55761,163037
yolov8x_training,936.453966,88,261.096,13370.3125,7,2130,10001,"[0, 100000]","[0, 100000]",0,0,4052,30712
yolov8x_training,937.498032,87,256.648,13370.3125,88,907,10001,"[0, 100000]","[0, 100000]",0,0,341,341
yolov8x_training,938.560584,87,247.761,13370.3125,94,1185,10001,"[0, 100000]","[0, 100000]",0,0,15283,30810
yolov8x_training,939.603454,82,244.718,13370.3125,50,2415,10001,"[0, 100000]","[0, 100000]",0,0,6103,90234
yolov8x_training,940.647589,85,249.999,13370.3125,34,720,10001,"[0, 100000]","[0, 100000]",0,0,6591,104589
yolov8x_training,941.701899,87,255.711,13370.3125,94,1200,10001,"[0, 100000]","[0, 100000]",0,0,3076,4589
yolov8x_training,942.745005,88,233.997,13370.3125,100,1305,10001,"[0, 100000]","[0, 100000]",0,0,4638,104150
yolov8x_training,943.817391,83,246.741,13370.3125,24,2415,10001,"[0, 100000]","[0, 100000]",0,0,2880,6445
yolov8x_training,944.860633,87,263.617,13370.3125,95,1215,10001,"[0, 100000]","[0, 100000]",0,0,3125,39501
yolov8x_training,945.922375,87,240.329,13370.3125,100,1290,10001,"[0, 100000]","[0, 100000]",0,0,3710,13281
yolov8x_training,946.965402,86,241.371,13370.3125,46,1170,10001,"[0, 100000]","[0, 100000]",0,0,341,1028808
yolov8x_training,948.008268,82,242.401,13370.3125,45,2325,10001,"[0, 100000]","[0, 100000]",0,0,5957,21679
yolov8x_training,949.051702,86,253.453,13370.3125,94,2370,10001,"[0, 100000]","[0, 100000]",0,0,341,292
yolov8x_training,950.094492,87,255.654,13370.3125,42,1530,10001,"[0, 100000]","[0, 100000]",0,0,5761,21191
yolov8x_training,951.137905,86,235.289,13370.3125,34,1275,10001,"[0, 100000]","[0, 100000]",0,0,5224,17724
yolov8x_training,952.180944,82,231.367,13370.3125,51,2010,10001,"[0, 100000]","[0, 100000]",0,0,89306,22167
yolov8x_training,953.224826,87,209.156,13370.3125,71,1815,10001,"[0, 100000]","[0, 100000]",0,0,341,244
yolov8x_training,954.268032,82,212.893,13370.3125,60,1275,10001,"[0, 100000]","[0, 100000]",0,0,5029,29150
yolov8x_training,955.311478,85,222.021,13370.3125,95,2505,10001,"[0, 100000]","[0, 100000]",0,0,4833,18115
yolov8x_training,956.354900,82,251.467,13370.3125,66,2490,10001,"[0, 100000]","[0, 100000]",0,0,2392,51269
yolov8x_training,957.398217,86,213.560,13370.3125,49,2640,10001,"[0, 100000]","[0, 100000]",0,0,4101,36962
yolov8x_training,958.453764,82,210.064,13370.3125,94,1335,10001,"[0, 100000]","[0, 100000]",0,0,341,292
yolov8x_training,959.497041,86,242.235,13370.3125,94,1230,10001,"[0, 100000]","[0, 100000]",0,0,88720,16796
yolov8x_training,960.548835,85,234.819,13370.3125,92,1215,10001,"[0, 100000]","[0, 100000]",0,0,15625,36132
yolov8x_training,961.591670,82,241.873,13370.3125,69,2265,10001,"[0, 100000]","[0, 100000]",0,0,1708,292
yolov8x_training,962.634737,85,250.713,13370.3125,31,2595,10001,"[0, 100000]","[0, 100000]",0,0,6591,104785
yolov8x_training,963.694069,87,259.363,13370.3125,95,1890,10001,"[0, 100000]","[0, 100000]",0,0,2734,6591
yolov8x_training,964.737508,87,241.848,13370.3125,94,1470,10001,"[0, 100000]","[0, 100000]",0,0,89843,25341
yolov8x_training,965.810524,83,239.846,13370.3125,20,1327,10001,"[0, 100000]","[0, 100000]",0,0,2734,11523
yolov8x_training,966.853722,86,258.621,13370.3125,82,1620,10001,"[0, 100000]","[0, 100000]",0,0,89062,17871
yolov8x_training,967.897017,87,245.527,13370.3125,95,1320,10001,"[0, 100000]","[0, 100000]",0,0,4003,17089
yolov8x_training,968.940420,85,246.398,13370.3125,49,1185,10001,"[0, 100000]","[0, 100000]",0,0,292,1030078
yolov8x_training,969.983446,81,246.530,13370.3125,64,2610,10001,"[0, 100000]","[0, 100000]",0,0,3857,30517
yolov8x_training,971.027066,84,252.456,13370.3125,95,1440,10001,"[0, 100000]","[0, 100000]",0,0,341,341
yolov8x_training,972.069715,86,253.435,13370.3125,67,1215,10001,"[0, 100000]","[0, 100000]",0,0,14355,32617
yolov8x_training,973.113071,82,238.021,13370.3125,94,2085,10001,"[0, 100000]","[0, 100000]",0,0,2685,5175
yolov8x_training,974.156757,87,244.048,13370.3125,100,1995,10001,"[0, 100000]","[0, 100000]",0,0,3613,36132
yolov8x_training,975.215654,84,258.618,13370.3125,26,1410,10001,"[0, 100000]","[0, 100000]",0,0,2978,11181
yolov8x_training,976.258749,81,238.111,13370.3125,53,1830,10001,"[0, 100000]","[0, 100000]",0,0,2929,3369
yolov8x_training,977.301780,84,247.318,13370.3125,36,1260,10001,"[0, 100000]","[0, 100000]",0,0,4443,104736
yolov8x_training,978.373736,86,248.298,13370.3125,95,2610,10001,"[0, 100000]","[0, 100000]",0,0,2734,3125
yolov8x_training,979.416839,82,250.204,13370.3125,92,2325,10001,"[0, 100000]","[0, 100000]",0,0,3466,36816
yolov8x_training,980.477668,86,251.414,13370.3125,20,2325,10001,"[0, 100000]","[0, 100000]",0,0,3271,13720
yolov8x_training,981.520636,88,266.256,13370.3125,94,1200,10001,"[0, 100000]","[0, 100000]",0,0,89013,18798
yolov8x_training,982.565957,83,239.408,13370.3125,100,1275,10001,"[0, 100000]","[0, 100000]",0,0,4003,17675
yolov8x_training,983.609075,84,250.096,13370.3125,25,2430,10001,"[0, 100000]","[0, 100000]",0,0,292,292
yolov8x_training,984.652349,86,255.932,13370.3125,52,2580,10001,"[0, 100000]","[0, 100000]",0,0,5371,31494
yolov8x_training,985.695532,85,252.939,13370.3125,100,1215,10001,"[0, 100000]","[0, 100000]",0,0,341,292
yolov8x_training,986.742077,82,241.137,13370.3125,47,2415,10001,"[0, 100000]","[0, 100000]",0,0,15234,34570
yolov8x_training,987.785472,85,253.149,13370.3125,50,2370,10001,"[0, 100000]","[0, 100000]",0,0,2636,2441
yolov8x_training,988.849785,86,255.531,13370.3125,95,1305,10001,"[0, 100000]","[0, 100000]",0,0,15380,29541
yolov8x_training,989.893224,82,245.569,13370.3125,64,1215,10001,"[0, 100000]","[0, 100000]",0,0,14794,30566
yolov8x_training,990.936558,82,256.565,13370.3125,32,2340,10001,"[0, 100000]","[0, 100000]",0,0,7421,24609
yolov8x_training,991.979930,86,254.430,13370.3125,95,1470,10001,"[0, 100000]","[0, 100000]",0,0,1611,292
yolov8x_training,993.022846,82,253.940,13370.3125,62,1245,10001,"[0, 100000]","[0, 100000]",0,0,6542,104101
yolov8x_training,994.080663,87,240.163,13370.3125,95,2115,10001,"[0, 100000]","[0, 100000]",0,0,3027,10058
yolov8x_training,995.123908,87,243.570,13370.3125,100,2580,10001,"[0, 100000]","[0, 100000]",0,0,89257,20263
yolov8x_training,996.167669,83,258.575,13370.3125,36,1260,10001,"[0, 100000]","[0, 100000]",0,0,5029,18212
yolov8x_training,997.211069,85,243.926,13370.3125,74,1245,10001,"[0, 100000]","[0, 100000]",0,0,341,292
yolov8x_training,998.253680,83,250.753,13370.3125,96,1200,10001,"[0, 100000]","[0, 100000]",0,0,4980,28662
yolov8x_training,999.297177,86,254.197,13370.3125,61,1485,10001,"[0, 100000]","[0, 100000]",0,0,341,292
yolov8x_training,1000.352456,86,252.575,13370.3125,43,1185,10001,"[0, 100000]","[0, 100000]",0,0,15185,32519
yolov8x_training,1001.395374,82,241.214,13370.3125,95,1170,10001,"[0, 100000]","[0, 100000]",0,0,1171,292
yolov8x_training,1002.466635,86,250.502,13370.3125,83,2265,10001,"[0, 100000]","[0, 100000]",0,0,15527,33642
yolov8x_training,1003.509991,87,241.616,13370.3125,26,2325,10001,"[0, 100000]","[0, 100000]",0,0,2636,1416
yolov8x_training,1004.553661,83,257.956,13370.3125,85,1575,10001,"[0, 100000]","[0, 100000]",0,0,3369,36376
yolov8x_training,1005.615059,85,244.401,13370.3125,100,1200,10001,"[0, 100000]","[0, 100000]",0,0,3076,12695
yolov8x_training,1006.658050,87,238.456,13370.3125,68,2550,10001,"[0, 100000]","[0, 100000]",0,0,88476,15283
yolov8x_training,1007.701381,87,248.068,13370.3125,27,1395,10001,"[0, 100000]","[0, 100000]",0,0,4101,28759
yolov8x_training,1008.744365,87,256.567,13370.3125,94,1230,10001,"[0, 100000]","[0, 100000]",0,0,976,292
yolov8x_training,1009.787508,86,243.008,13370.3125,100,1260,10001,"[0, 100000]","[0, 100000]",0,0,6445,104443
yolov8x_training,1010.855822,82,242.243,13370.3125,57,2655,10001,"[0, 100000]","[0, 100000]",0,0,2685,9228
yolov8x_training,1011.898947,87,249.695,13370.3125,36,2460,10001,"[0, 100000]","[0, 100000]",0,0,88720,16650
yolov8x_training,1012.941966,88,256.730,13370.3125,94,1365,10001,"[0, 100000]","[0, 100000]",0,0,5126,20898
yolov8x_training,1013.985267,86,254.450,13370.3125,100,667,10001,"[0, 100000]","[0, 100000]",0,0,341,341
yolov8x_training,1015.046367,82,249.252,13370.3125,55,1200,10001,"[0, 100000]","[0, 100000]",0,0,15136,34570
yolov8x_training,1016.089437,87,238.957,13370.3125,94,2475,10001,"[0, 100000]","[0, 100000]",0,0,2734,3369
yolov8x_training,1017.132463,87,241.090,13370.3125,100,1635,10001,"[0, 100000]","[0, 100000]",0,0,2978,38964
yolov8x_training,1018.196086,87,262.093,13370.3125,24,2205,10001,"[0, 100000]","[0, 100000]",0,0,2832,11132
yolov8x_training,1019.239328,85,235.025,13370.3125,81,1980,10001,"[0, 100000]","[0, 100000]",0,0,292,1039550
yolov8x_training,1020.282121,84,243.116,13370.3125,95,2625,10001,"[0, 100000]","[0, 100000]",0,0,5322,16699
yolov8x_training,1021.325706,85,251.557,13370.3125,74,2535,10001,"[0, 100000]","[0, 100000]",0,0,292,292
yolov8x_training,1022.368360,87,257.047,13370.3125,27,1170,10001,"[0, 100000]","[0, 100000]",0,0,6054,29248
yolov8x_training,1023.411384,83,237.061,13370.3125,95,1230,10001,"[0, 100000]","[0, 100000]",0,0,2685,2343
yolov8x_training,1024.454646,82,237.259,13370.3125,100,1305,10001,"[0, 100000]","[0, 100000]",0,0,89892,24609
yolov8x_training,1025.527988,87,236.944,13370.3125,60,2655,10001,"[0, 100000]","[0, 100000]",0,0,3515,13476
yolov8x_training,1026.571233,87,249.892,13370.3125,33,1590,10001,"[0, 100000]","[0, 100000]",0,0,341,1033203
yolov8x_training,1027.614134,82,256.511,13370.3125,95,1200,10001,"[0, 100000]","[0, 100000]",0,0,4980,21337
yolov8x_training,1028.658314,86,241.352,13370.3125,100,2040,10001,"[0, 100000]","[0, 100000]",0,0,292,341
yolov8x_training,1029.700929,86,249.452,13370.3125,31,1252,10001,"[0, 100000]","[0, 100000]",0,0,7519,23681
yolov8x_training,1030.744367,86,262.857,13370.3125,94,1230,10001,"[0, 100000]","[0, 100000]",0,0,683,341
yolov8x_training,1031.787246,86,244.123,13370.3125,100,1470,10001,"[0, 100000]","[0, 100000]",0,0,6494,103613
yolov8x_training,1032.841480,82,239.181,13370.3125,50,1027,10001,"[0, 100000]","[0, 100000]",0,0,2978,11669
yolov8x_training,1033.884871,87,258.552,13370.3125,39,2595,10001,"[0, 100000]","[0, 100000]",0,0,90625,35644
yolov8x_training,1034.952549,87,254.127,13370.3125,93,2505,10001,"[0, 100000]","[0, 100000]",0,0,3369,11376
yolov8x_training,1035.995800,83,263.562,13370.3125,96,1170,10001,"[0, 100000]","[0, 100000]",0,0,89501,21191
yolov8x_training,1037.038878,86,242.496,13370.3125,14,2340,10001,"[0, 100000]","[0, 100000]",0,0,6054,17871
yolov8x_training,1038.081980,87,241.619,13370.3125,94,1545,10001,"[0, 100000]","[0, 100000]",0,0,341,1031152
yolov8x_training,1039.124702,84,258.346,13370.3125,31,1815,10001,"[0, 100000]","[0, 100000]",0,0,5859,22949
yolov8x_training,1040.168529,83,247.439,13370.3125,53,1305,10001,"[0, 100000]","[0, 100000]",0,0,878,292
yolov8x_training,1041.215894,83,248.337,13370.3125,100,2355,10001,"[0, 100000]","[0, 100000]",0,0,14990,28417
yolov8x_training,1042.258866,87,256.187,13370.3125,45,1425,10001,"[0, 100000]","[0, 100000]",0,0,19628,634
yolov8x_training,1043.321422,86,249.691,13370.3125,60,1200,10001,"[0, 100000]","[0, 100000]",0,0,15869,34277
yolov8x_training,1044.364827,82,240.890,13370.3125,94,2625,10001,"[0, 100000]","[0, 100000]",0,0,1562,292
yolov8x_training,1045.407585,85,250.625,13370.3125,86,1995,10001,"[0, 100000]","[0, 100000]",0,0,6982,103125
yolov8x_training,1046.470075,88,257.366,13370.3125,14,1320,10001,"[0, 100000]","[0, 100000]",0,0,2832,3857
yolov8x_training,1047.513692,83,257.435,13370.3125,95,1185,10001,"[0, 100000]","[0, 100000]",0,0,90087,27880
yolov8x_training,1048.583186,87,246.211,13370.3125,100,2295,10001,"[0, 100000]","[0, 100000]",0,0,3125,10839
yolov8x_training,1049.626305,86,237.576,13370.3125,28,2625,10001,"[0, 100000]","[0, 100000]",0,0,292,1033984
yolov8x_training,1050.669510,86,257.487,13370.3125,65,1320,10001,"[0, 100000]","[0, 100000]",0,0,5322,18261
yolov8x_training,1051.712559,87,249.924,13370.3125,95,1290,10001,"[0, 100000]","[0, 100000]",0,0,2539,3222
yolov8x_training,1052.755502,81,206.087,13370.3125,83,907,10001,"[0, 100000]","[0, 100000]",0,0,4101,36572
yolov8x_training,1053.809794,87,220.996,13370.3125,52,1470,10001,"[0, 100000]","[0, 100000]",0,0,341,341
yolov8x_training,1054.852388,86,234.713,13370.3125,94,1305,10001,"[0, 100000]","[0, 100000]",0,0,5126,19970
yolov8x_training,1055.895588,82,241.820,13370.3125,90,1260,10001,"[0, 100000]","[0, 100000]",0,0,341,292
yolov8x_training,1056.938225,87,242.909,13370.3125,34,2445,10001,"[0, 100000]","[0, 100000]",0,0,6347,102832
yolov8x_training,1057.996595,87,240.813,13370.3125,93,1335,10001,"[0, 100000]","[0, 100000]",0,0,2929,9130
yolov8x_training,1059.040039,85,254.047,13370.3125,100,1830,10001,"[0, 100000]","[0, 100000]",0,0,89794,25292
yolov8x_training,1060.110300,83,250.727,13370.3125,69,2175,10001,"[0, 100000]","[0, 100000]",0,0,2636,9912
yolov8x_training,1061.153221,87,249.873,13370.3125,100,1252,10001,"[0, 100000]","[0, 100000]",0,0,3906,35449
yolov8x_training,1062.212457,85,222.388,13370.3125,74,2505,10001,"[0, 100000]","[0, 100000]",0,0,341,292
yolov8x_training,1063.255258,86,218.194,13370.3125,22,1155,10001,"[0, 100000]","[0, 100000]",0,0,3808,15332
yolov8x_training,1064.298684,83,199.505,13370.3125,87,2505,10001,"[0, 100000]","[0, 100000]",0,0,341,1035937
yolov8x_training,1065.342034,85,217.419,13370.3125,31,1260,10001,"[0, 100000]","[0, 100000]",0,0,341,292
yolov8x_training,1066.400232,85,203.971,13370.3125,68,1710,10001,"[0, 100000]","[0, 100000]",0,0,14257,29492
yolov8x_training,1067.443342,84,211.856,13370.3125,38,2100,10001,"[0, 100000]","[0, 100000]",0,0,292,244
yolov8x_training,1068.486070,83,209.182,13370.3125,81,1380,10001,"[0, 100000]","[0, 100000]",0,0,2929,9326
yolov8x_training,1069.530253,83,218.404,13370.3125,23,2115,10001,"[0, 100000]","[0, 100000]",0,0,4785,96435
yolov8x_training,1070.599672,81,211.945,13370.3125,88,2025,10001,"[0, 100000]","[0, 100000]",0,0,341,1034326
yolov8x_training,1071.642776,83,251.788,13370.3125,75,1215,10001,"[0, 100000]","[0, 100000]",0,0,5224,18994
yolov8x_training,1072.686024,81,246.198,13370.3125,95,1905,10001,"[0, 100000]","[0, 100000]",0,0,341,341
yolov8x_training,1073.730366,81,241.795,13370.3125,56,2655,10001,"[0, 100000]","[0, 100000]",0,0,15087,34570
yolov8x_training,1074.773313,85,249.961,13370.3125,41,1845,10001,"[0, 100000]","[0, 100000]",0,0,1562,341
yolov8x_training,1075.816475,86,260.353,13370.3125,94,1245,10001,"[0, 100000]","[0, 100000]",0,0,341,292
yolov8x_training,1076.860114,81,206.331,13370.3125,16,2655,10001,"[0, 100000]","[0, 100000]",0,0,4003,33056
yolov8x_training,1077.903461,85,225.640,13370.3125,82,2610,10001,"[0, 100000]","[0, 100000]",0,0,292,292
yolov8x_training,1078.957168,86,223.298,13370.3125,26,2295,10001,"[0, 100000]","[0, 100000]",0,0,15380,37207
yolov8x_training,1080.000152,86,244.775,13370.3125,92,1395,10001,"[0, 100000]","[0, 100000]",0,0,1123,341
yolov8x_training,1081.042921,82,261.605,13370.3125,100,1200,10001,"[0, 100000]","[0, 100000]",0,0,6689,100195
yolov8x_training,1082.097602,85,232.541,13370.3125,95,2025,10001,"[0, 100000]","[0, 100000]",0,0,6103,92919
yolov8x_training,1083.141305,86,240.248,13370.3125,100,1500,10001,"[0, 100000]","[0, 100000]",0,0,5029,102832
yolov8x_training,1084.211489,86,257.926,13370.3125,45,1260,10001,"[0, 100000]","[0, 100000]",0,0,2734,9570
yolov8x_training,1085.254636,86,249.652,13370.3125,45,1350,10001,"[0, 100000]","[0, 100000]",0,0,89794,25097
yolov8x_training,1086.327421,82,238.466,13370.3125,94,2610,10001,"[0, 100000]","[0, 100000]",0,0,3320,12646
yolov8x_training,1087.370910,86,247.952,13370.3125,98,1440,10001,"[0, 100000]","[0, 100000]",0,0,89355,21191
yolov8x_training,1088.414455,87,257.809,13370.3125,16,1440,10001,"[0, 100000]","[0, 100000]",0,0,4541,19140
yolov8x_training,1089.457597,83,235.223,13370.3125,86,1290,10001,"[0, 100000]","[0, 100000]",0,0,341,292
yolov8x_training,1090.500321,84,248.375,13370.3125,100,2235,10001,"[0, 100000]","[0, 100000]",0,0,5126,19091
yolov8x_training,1091.543290,86,238.407,13370.3125,54,2640,10001,"[0, 100000]","[0, 100000]",0,0,1171,341
yolov8x_training,1092.586108,86,252.116,13370.3125,43,1365,10001,"[0, 100000]","[0, 100000]",0,0,6542,102539
yolov8x_training,1093.642408,82,257.505,13370.3125,94,1215,10001,"[0, 100000]","[0, 100000]",0,0,2783,10498
yolov8x_training,1094.685862,86,239.248,13370.3125,95,2655,10001,"[0, 100000]","[0, 100000]",0,0,89990,26562
yolov8x_training,1095.756753,86,245.481,13370.3125,17,1320,10001,"[0, 100000]","[0, 100000]",0,0,3076,10351
yolov8x_training,1096.800600,87,256.702,13370.3125,93,1230,10001,"[0, 100000]","[0, 100000]",0,0,341,1038525
yolov8x_training,1097.843457,85,245.130,13370.3125,98,2370,10001,"[0, 100000]","[0, 100000]",0,0,6152,19580
yolov8x_training,1098.887255,82,241.124,13370.3125,42,1267,10001,"[0, 100000]","[0, 100000]",0,0,341,341
yolov8x_training,1099.929858,86,253.144,13370.3125,65,2655,10001,"[0, 100000]","[0, 100000]",0,0,5810,22412
yolov8x_training,1100.972843,87,257.741,13370.3125,93,1305,10001,"[0, 100000]","[0, 100000]",0,0,2294,732
yolov8x_training,1102.015893,82,261.027,13370.3125,97,1320,10001,"[0, 100000]","[0, 100000]",0,0,6640,103271
yolov8x_training,1103.071705,88,258.354,13370.3125,18,1087,10001,"[0, 100000]","[0, 100000]",0,0,341,292
yolov8x_training,1104.127614,86,251.787,13370.3125,82,1260,10001,"[0, 100000]","[0, 100000]",0,0,15380,31738
yolov8x_training,1105.170710,82,254.430,13370.3125,25,1350,10001,"[0, 100000]","[0, 100000]",0,0,2294,124609
yolov8x_training,1106.213995,83,243.372,13370.3125,87,2415,10001,"[0, 100000]","[0, 100000]",0,0,6933,104492
yolov8x_training,1107.278133,84,259.319,13370.3125,96,1290,10001,"[0, 100000]","[0, 100000]",0,0,3369,13037
yolov8x_training,1108.321832,86,249.146,13370.3125,63,1245,10001,"[0, 100000]","[0, 100000]",0,0,341,1037939
yolov8x_training,1109.364529,87,236.290,13370.3125,23,1515,10001,"[0, 100000]","[0, 100000]",0,0,4248,34472
yolov8x_training,1110.410249,82,245.751,13370.3125,93,1215,10001,"[0, 100000]","[0, 100000]",0,0,341,292
yolov8x_training,1111.470028,87,258.628,13370.3125,11,2505,10001,"[0, 100000]","[0, 100000]",0,0,15234,30810
yolov8x_training,1112.512911,87,255.452,13370.3125,76,1650,10001,"[0, 100000]","[0, 100000]",0,0,2246,122802
yolov8x_training,1113.556131,86,247.780,13370.3125,95,1185,10001,"[0, 100000]","[0, 100000]",0,0,4589,102197
yolov8x_training,1114.628052,82,241.053,13370.3125,83,1575,10001,"[0, 100000]","[0, 100000]",0,0,2636,8447
yolov8x_training,1115.670957,87,246.819,13370.3125,23,1327,10001,"[0, 100000]","[0, 100000]",0,0,90283,31787
yolov8x_training,1116.739391,87,261.233,13370.3125,93,1815,10001,"[0, 100000]","[0, 100000]",0,0,3515,11718
yolov8x_training,1117.782552,88,241.365,13370.3125,100,1215,10001,"[0, 100000]","[0, 100000]",0,0,341,1041113
yolov8x_training,1118.825707,83,247.642,13370.3125,15,2655,10001,"[0, 100000]","[0, 100000]",0,0,5029,14697
yolov8x_training,1119.868921,87,259.554,13370.3125,86,1545,10001,"[0, 100000]","[0, 100000]",0,0,341,341
yolov8x_training,1120.911642,87,245.964,13370.3125,100,1290,10001,"[0, 100000]","[0, 100000]",0,0,4150,36376
yolov8x_training,1121.955250,87,239.408,13370.3125,45,1245,10001,"[0, 100000]","[0, 100000]",0,0,341,292
yolov8x_training,1122.997838,82,242.803,13370.3125,67,1950,10001,"[0, 100000]","[0, 100000]",0,0,6054,31152
yolov8x_training,1124.041078,85,251.706,13370.3125,95,2655,10001,"[0, 100000]","[0, 100000]",0,0,2294,390
yolov8x_training,1125.084029,86,255.325,13370.3125,72,660,10001,"[0, 100000]","[0, 100000]",0,0,6738,103271
yolov8x_training,1126.147755,82,235.610,13370.3125,93,1320,10001,"[0, 100000]","[0, 100000]",0,0,2783,11181
yolov8x_training,1127.190813,87,243.545,13370.3125,100,2430,10001,"[0, 100000]","[0, 100000]",0,0,89648,22851
yolov8x_training,1128.265320,85,258.559,13370.3125,31,1290,10001,"[0, 100000]","[0, 100000]",0,0,3369,12792
yolov8x_training,1129.308762,87,241.306,13370.3125,74,1350,10001,"[0, 100000]","[0, 100000]",0,0,3027,39062
yolov8x_training,1130.373126,86,240.064,13370.3125,96,2055,10001,"[0, 100000]","[0, 100000]",0,0,3271,13671
yolov8x_training,1131.416043,82,249.532,13370.3125,79,1305,10001,"[0, 100000]","[0, 100000]",0,0,341,292
yolov8x_training,1132.458814,87,256.721,13370.3125,14,1320,10001,"[0, 100000]","[0, 100000]",0,0,5615,20751
yolov8x_training,1133.502033,88,259.398,13370.3125,93,1425,10001,"[0, 100000]","[0, 100000]",0,0,1123,341
yolov8x_training,1134.544708,86,244.844,13370.3125,98,1185,10001,"[0, 100000]","[0, 100000]",0,0,90234,28173
yolov8x_training,1135.614028,82,237.463,13370.3125,85,1305,10001,"[0, 100000]","[0, 100000]",0,0,3417,12500
yolov8x_training,1136.657729,87,237.710,13370.3125,14,2505,10001,"[0, 100000]","[0, 100000]",0,0,341,292
yolov8x_training,1137.704648,82,253.605,13370.3125,59,1290,10001,"[0, 100000]","[0, 100000]",0,0,15087,35449
yolov8x_training,1138.748079,87,252.153,13370.3125,94,1215,10001,"[0, 100000]","[0, 100000]",0,0,2929,3369
yolov8x_training,1139.791119,87,241.642,13370.3125,97,1350,10001,"[0, 100000]","[0, 100000]",0,0,90380,28027
yolov8x_training,1140.861996,85,237.718,13370.3125,27,2505,10001,"[0, 100000]","[0, 100000]",0,0,3662,15869
yolov8x_training,1141.905075,82,250.906,13370.3125,50,1815,10001,"[0, 100000]","[0, 100000]",0,0,341,292
yolov8x_training,1142.947681,87,254.497,13370.3125,94,1327,10001,"[0, 100000]","[0, 100000]",0,0,6298,28613
yolov8x_training,1143.990746,87,244.357,13370.3125,100,1635,10001,"[0, 100000]","[0, 100000]",0,0,2148,341
yolov8x_training,1145.033560,86,246.629,13370.3125,27,1185,10001,"[0, 100000]","[0, 100000]",0,0,3271,36962
yolov8x_training,1146.095328,82,236.727,13370.3125,54,1575,10001,"[0, 100000]","[0, 100000]",0,0,4296,17675
yolov8x_training,1147.138986,88,244.316,13370.3125,100,2655,10001,"[0, 100000]","[0, 100000]",0,0,341,292
yolov8x_training,1148.186662,87,257.165,13370.3125,46,1800,10001,"[0, 100000]","[0, 100000]",0,0,15283,31787
yolov8x_training,1149.229573,87,248.436,13370.3125,50,1185,10001,"[0, 100000]","[0, 100000]",0,0,5273,105078
yolov8x_training,1150.273125,87,242.581,13370.3125,94,1995,10001,"[0, 100000]","[0, 100000]",0,0,6542,102441
yolov8x_training,1151.334173,83,243.579,13370.3125,100,2655,10001,"[0, 100000]","[0, 100000]",0,0,3613,12207
yolov8x_training,1152.377775,83,255.979,13370.3125,42,1545,10001,"[0, 100000]","[0, 100000]",0,0,341,408496
yolov8x_training,1153.420340,85,248.364,13370.3125,42,1312,10001,"[0, 100000]","[0, 100000]",0,0,5761,22021
yolov8x_training,1154.463368,87,239.389,13370.3125,95,1320,10001,"[0, 100000]","[0, 100000]",0,0,2148,732
yolov8x_training,1155.506582,83,244.430,13370.3125,100,1260,10001,"[0, 100000]","[0, 100000]",0,0,4052,36376
yolov8x_training,1156.563850,84,239.200,13370.3125,37,2550,10001,"[0, 100000]","[0, 100000]",0,0,3320,12939
yolov8x_training,1157.607177,84,249.003,13370.3125,40,1252,10001,"[0, 100000]","[0, 100000]",0,0,292,292
yolov8x_training,1158.653749,87,254.629,13370.3125,90,1590,10001,"[0, 100000]","[0, 100000]",0,0,15332,34033
yolov8x_training,1159.697226,85,245.245,13370.3125,100,1155,10001,"[0, 100000]","[0, 100000]",0,0,2685,7617
yolov8x_training,1160.740481,87,238.451,13370.3125,62,2235,10001,"[0, 100000]","[0, 100000]",0,0,390,993603
yolov8x_training,1161.783614,83,244.611,13370.3125,14,2505,10001,"[0, 100000]","[0, 100000]",0,0,3759,26074
yolov8x_training,1162.826885,84,257.800,13370.3125,87,907,10001,"[0, 100000]","[0, 100000]",0,0,14550,292
yolov8x_training,1163.900627,85,247.430,13370.3125,94,1200,10001,"[0, 100000]","[0, 100000]",0,0,15332,35742
yolov8x_training,1164.943748,87,239.108,13370.3125,90,1230,10001,"[0, 100000]","[0, 100000]",0,0,2734,2490
yolov8x_training,1165.987556,84,240.669,13370.3125,18,1215,10001,"[0, 100000]","[0, 100000]",0,0,89746,24316
yolov8x_training,1167.061658,82,240.778,13370.3125,76,2400,10001,"[0, 100000]","[0, 100000]",0,0,3515,14550
yolov8x_training,1168.104621,87,249.190,13370.3125,88,2115,10001,"[0, 100000]","[0, 100000]",0,0,292,292
yolov8x_training,1169.153141,87,258.735,13370.3125,14,1215,10001,"[0, 100000]","[0, 100000]",0,0,15039,30712
yolov8x_training,1170.196075,86,240.442,13370.3125,65,1170,10001,"[0, 100000]","[0, 100000]",0,0,2539,68505
yolov8x_training,1171.239049,86,240.428,13370.3125,94,2355,10001,"[0, 100000]","[0, 100000]",0,0,3271,37060
yolov8x_training,1172.300920,83,247.431,13370.3125,96,2370,10001,"[0, 100000]","[0, 100000]",0,0,3173,12890
yolov8x_training,1173.344397,85,256.230,13370.3125,32,1800,10001,"[0, 100000]","[0, 100000]",0,0,292,292
yolov8x_training,1174.386948,87,247.823,13370.3125,56,1185,10001,"[0, 100000]","[0, 100000]",0,0,6152,30126
yolov8x_training,1175.429833,86,242.430,13370.3125,95,1215,10001,"[0, 100000]","[0, 100000]",0,0,2392,1171
yolov8x_training,1176.472956,82,250.472,13370.3125,82,1965,10001,"[0, 100000]","[0, 100000]",0,0,4443,102539
yolov8x_training,1177.545710,87,244.228,13370.3125,16,2115,10001,"[0, 100000]","[0, 100000]",0,0,3125,29589
yolov8x_training,1178.589681,87,257.252,13370.3125,82,1350,10001,"[0, 100000]","[0, 100000]",0,0,89794,22851
yolov8x_training,1179.663783,86,248.459,13370.3125,94,1185,10001,"[0, 100000]","[0, 100000]",0,0,5078,16943
yolov8x_training,1180.706836,83,235.179,13370.3125,99,1575,10001,"[0, 100000]","[0, 100000]",0,0,341,292
yolov8x_training,1181.779355,86,240.143,13370.3125,23,2655,10001,"[0, 100000]","[0, 100000]",0,0,15332,35595
yolov8x_training,1182.822713,82,253.369,13370.3125,54,1635,10001,"[0, 100000]","[0, 100000]",0,0,2294,2099
yolov8x_training,1183.865451,86,252.695,13370.3125,94,1200,10001,"[0, 100000]","[0, 100000]",0,0,3320,36376
yolov8x_training,1184.926037,88,240.585,13370.3125,100,1230,10001,"[0, 100000]","[0, 100000]",0,0,3417,11767
yolov8x_training,1185.969288,85,237.125,13370.3125,24,1260,10001,"[0, 100000]","[0, 100000]",0,0,88769,15478
yolov8x_training,1187.012812,82,241.456,13370.3125,76,2610,10001,"[0, 100000]","[0, 100000]",0,0,3613,31103
yolov8x_training,1188.056458,85,251.034,13370.3125,95,1320,10001,"[0, 100000]","[0, 100000]",0,0,341,292
yolov8x_training,1189.099243,87,253.455,13370.3125,76,1230,10001,"[0, 100000]","[0, 100000]",0,0,6445,102587
yolov8x_training,1190.157781,84,243.318,13370.3125,70,1290,10001,"[0, 100000]","[0, 100000]",0,0,2880,11865
yolov8x_training,1191.200684,84,241.580,13370.3125,95,2655,10001,"[0, 100000]","[0, 100000]",0,0,341,976513
yolov8x_training,1192.243670,86,250.912,13370.3125,77,1380,10001,"[0, 100000]","[0, 100000]",0,0,3808,32373
yolov8x_training,1193.286821,87,256.268,13370.3125,16,1230,10001,"[0, 100000]","[0, 100000]",0,0,341,341
yolov8x_training,1194.337531,84,242.668,13370.3125,89,1440,10001,"[0, 100000]","[0, 100000]",0,0,15380,34716
yolov8x_training,1195.380589,82,240.630,13370.3125,96,2655,10001,"[0, 100000]","[0, 100000]",0,0,2832,7080
yolov8x_training,1196.423627,86,252.991,13370.3125,68,2490,10001,"[0, 100000]","[0, 100000]",0,0,89941,26367
yolov8x_training,1197.494719,87,251.333,13370.3125,0,2625,10001,"[0, 100000]","[0, 100000]",0,0,5273,18066
yolov8x_training,1198.538206,86,253.352,13370.3125,59,1830,10001,"[0, 100000]","[0, 100000]",0,0,390,292
yolov8x_training,1199.590813,82,250.055,13370.3125,94,1185,10001,"[0, 100000]","[0, 100000]",0,0,15429,34521
yolov8x_training,1200.633857,87,240.543,13370.3125,95,2115,10001,"[0, 100000]","[0, 100000]",0,0,2246,1855
yolov8x_training,1201.677556,87,240.917,13370.3125,9,2505,10001,"[0, 100000]","[0, 100000]",0,0,4003,36035
yolov8x_training,1202.735551,87,256.643,13370.3125,83,1560,10001,"[0, 100000]","[0, 100000]",0,0,3662,14599
yolov8x_training,1203.778576,87,247.649,13370.3125,96,1200,10001,"[0, 100000]","[0, 100000]",0,0,341,292
yolov8x_training,1204.821135,82,239.484,13370.3125,74,2460,10001,"[0, 100000]","[0, 100000]",0,0,6494,26269
yolov8x_training,1205.864018,87,246.237,13370.3125,11,1785,10001,"[0, 100000]","[0, 100000]",0,0,11816,50634
yolov8x_training,1206.906888,87,256.799,13370.3125,80,1560,10001,"[0, 100000]","[0, 100000]",0,0,2929,38720
yolov8x_training,1207.969589,87,248.455,13370.3125,95,1275,10001,"[0, 100000]","[0, 100000]",0,0,3613,15185
yolov8x_training,1209.013078,83,257.844,13370.3125,83,1215,10001,"[0, 100000]","[0, 100000]",0,0,341,1031933
yolov8x_training,1210.055864,85,241.905,13370.3125,16,1260,10001,"[0, 100000]","[0, 100000]",0,0,6494,27587
yolov8x_training,1211.098958,87,238.210,13370.3125,75,2640,10001,"[0, 100000]","[0, 100000]",0,0,2685,3320
yolov8x_training,1212.141804,87,248.988,13370.3125,98,1290,10001,"[0, 100000]","[0, 100000]",0,0,89794,24316
yolov8x_training,1213.214375,87,255.403,13370.3125,14,1230,10001,"[0, 100000]","[0, 100000]",0,0,3271,13183
yolov8x_training,1214.257591,86,243.494,13370.3125,67,1230,10001,"[0, 100000]","[0, 100000]",0,0,341,292
yolov8x_training,1215.300465,82,240.216,13370.3125,93,2580,10001,"[0, 100000]","[0, 100000]",0,0,3710,34521
yolov8x_training,1216.343490,87,260.000,13370.3125,47,1830,10001,"[0, 100000]","[0, 100000]",0,0,341,292
yolov8x_training,1217.386242,86,247.866,13370.3125,40,1200,10001,"[0, 100000]","[0, 100000]",0,0,7226,31054
yolov8x_training,1218.429785,82,240.953,13370.3125,94,1215,10001,"[0, 100000]","[0, 100000]",0,0,2636,2246
yolov8x_training,1219.473177,87,250.167,13370.3125,89,2070,10001,"[0, 100000]","[0, 100000]",0,0,6738,103125
yolov8x_training,1220.528637,87,244.754,13370.3125,24,1290,10001,"[0, 100000]","[0, 100000]",0,0,2490,124365
yolov8x_training,1221.571852,83,258.638,13370.3125,95,1275,10001,"[0, 100000]","[0, 100000]",0,0,6738,104443
yolov8x_training,1222.637129,85,243.296,13370.3125,100,1515,10001,"[0, 100000]","[0, 100000]",0,0,3125,12792
yolov8x_training,1223.680372,87,240.965,13370.3125,56,2100,10001,"[0, 100000]","[0, 100000]",0,0,292,1037500
yolov8x_training,1224.723030,87,252.119,13370.3125,57,1830,10001,"[0, 100000]","[0, 100000]",0,0,4882,21093
yolov8x_training,1225.766565,87,253.842,13370.3125,95,1275,10001,"[0, 100000]","[0, 100000]",0,0,341,292
yolov8x_training,1226.809203,82,240.305,13370.3125,80,2100,10001,"[0, 100000]","[0, 100000]",0,0,12890,32128
yolov8x_training,1227.852344,87,254.108,13370.3125,26,1470,10001,"[0, 100000]","[0, 100000]",0,0,13671,292
yolov8x_training,1228.906607,87,261.029,13370.3125,94,1200,10001,"[0, 100000]","[0, 100000]",0,0,15527,33496
yolov8x_training,1229.949966,84,237.438,13370.3125,100,1500,10001,"[0, 100000]","[0, 100000]",0,0,1416,292
yolov8x_training,1230.992723,86,258.194,13370.3125,12,2190,10001,"[0, 100000]","[0, 100000]",0,0,6494,103955
yolov8x_training,1232.046447,88,239.901,13370.3125,91,2655,10001,"[0, 100000]","[0, 100000]",0,0,3125,13183
yolov8x_training,1233.089939,86,251.142,13370.3125,96,1650,10001,"[0, 100000]","[0, 100000]",0,0,292,1038671
yolov8x_training,1234.132869,82,254.649,13370.3125,23,1245,10001,"[0, 100000]","[0, 100000]",0,0,3613,28222
yolov8x_training,1235.176636,86,243.992,13370.3125,95,2580,10001,"[0, 100000]","[0, 100000]",0,0,341,292
yolov8x_training,1236.219307,85,251.644,13370.3125,82,1365,10001,"[0, 100000]","[0, 100000]",0,0,4199,31738
yolov8x_training,1237.263026,88,255.948,13370.3125,13,1185,10001,"[0, 100000]","[0, 100000]",0,0,341,292
yolov8x_training,1238.321493,83,237.182,13370.3125,90,2100,10001,"[0, 100000]","[0, 100000]",0,0,15380,35107
yolov8x_training,1239.365116,84,240.994,13370.3125,100,2535,10001,"[0, 100000]","[0, 100000]",0,0,2539,3173
yolov8x_training,1240.408074,87,256.646,13370.3125,56,1215,10001,"[0, 100000]","[0, 100000]",0,0,4980,104687
yolov8x_training,1241.477498,86,249.129,13370.3125,52,1320,10001,"[0, 100000]","[0, 100000]",0,0,3369,10986
yolov8x_training,1242.521120,82,260.382,13370.3125,94,1230,10001,"[0, 100000]","[0, 100000]",0,0,292,1041015
yolov8x_training,1243.564072,86,236.988,13370.3125,100,2325,10001,"[0, 100000]","[0, 100000]",0,0,4785,20996
yolov8x_training,1244.607036,86,254.013,13370.3125,37,1252,10001,"[0, 100000]","[0, 100000]",0,0,341,292
yolov8x_training,1245.649631,86,255.652,13370.3125,66,1365,10001,"[0, 100000]","[0, 100000]",0,0,7812,22998
yolov8x_training,1246.693120,82,250.519,13370.3125,100,1290,10001,"[0, 100000]","[0, 100000]",0,0,634,292
yolov8x_training,1247.735798,82,239.938,13370.3125,54,2385,10001,"[0, 100000]","[0, 100000]",0,0,6591,102343
yolov8x_training,1248.791272,87,249.406,13370.3125,47,1995,10001,"[0, 100000]","[0, 100000]",0,0,2783,11279
yolov8x_training,1249.834424,87,260.802,13370.3125,94,1305,10001,"[0, 100000]","[0, 100000]",0,0,6396,103906
yolov8x_training,1250.891024,82,244.447,13370.3125,71,1110,10001,"[0, 100000]","[0, 100000]",0,0,5029,105371
yolov8x_training,1251.934049,84,251.462,13370.3125,41,2640,10001,"[0, 100000]","[0, 100000]",0,0,6835,103808
yolov8x_training,1252.998053,87,256.913,13370.3125,94,2580,10001,"[0, 100000]","[0, 100000]",0,0,3710,12841
yolov8x_training,1254.041740,83,267.991,13370.3125,100,1200,10001,"[0, 100000]","[0, 100000]",0,0,55029,38085
yolov8x_training,1255.106548,86,232.628,13370.3125,15,2055,10001,"[0, 100000]","[0, 100000]",0,0,3613,12597
yolov8x_training,1256.150464,87,237.944,13370.3125,95,2655,10001,"[0, 100000]","[0, 100000]",0,0,341,1028173
yolov8x_training,1257.193220,87,255.204,13370.3125,60,1845,10001,"[0, 100000]","[0, 100000]",0,0,3857,27343
yolov8x_training,1258.237274,86,248.024,13370.3125,50,1260,10001,"[0, 100000]","[0, 100000]",0,0,292,292
yolov8x_training,1259.280082,82,250.697,13370.3125,95,2340,10001,"[0, 100000]","[0, 100000]",0,0,4736,29638
yolov8x_training,1260.323490,86,248.607,13370.3125,74,1335,10001,"[0, 100000]","[0, 100000]",0,0,341,292
yolov8x_training,1261.366211,87,255.076,13370.3125,23,1245,10001,"[0, 100000]","[0, 100000]",0,0,6494,103369
yolov8x_training,1262.419963,83,234.499,13370.3125,84,2520,10001,"[0, 100000]","[0, 100000]",0,0,1416,292
yolov8x_training,1263.462824,86,249.527,13370.3125,100,1380,10001,"[0, 100000]","[0, 100000]",0,0,3955,36767
yolov8x_training,1264.517203,87,256.537,13370.3125,25,2655,10001,"[0, 100000]","[0, 100000]",0,0,3515,14599
yolov8x_training,1265.560343,86,250.617,13370.3125,65,1335,10001,"[0, 100000]","[0, 100000]",0,0,341,292
yolov8x_training,1266.602939,82,251.621,13370.3125,95,1275,10001,"[0, 100000]","[0, 100000]",0,0,5517,19482
yolov8x_training,1267.646368,87,243.848,13370.3125,100,2175,10001,"[0, 100000]","[0, 100000]",0,0,341,292
yolov8x_training,1268.714349,88,240.607,13370.3125,5,1320,10001,"[0, 100000]","[0, 100000]",0,0,15673,34521
yolov8x_training,1269.757738,87,252.212,13370.3125,83,1200,10001,"[0, 100000]","[0, 100000]",0,0,3027,5371
yolov8x_training,1270.801173,87,247.716,13370.3125,94,1365,10001,"[0, 100000]","[0, 100000]",0,0,390,1041748
yolov8x_training,1271.844329,82,235.662,13370.3125,97,1920,10001,"[0, 100000]","[0, 100000]",0,0,4345,19873
yolov8x_training,1272.887292,87,241.760,13370.3125,8,1335,10001,"[0, 100000]","[0, 100000]",0,0,341,292
yolov8x_training,1273.940681,87,246.718,13370.3125,69,1110,10001,"[0, 100000]","[0, 100000]",0,0,15136,34570
yolov8x_training,1274.983782,86,247.327,13370.3125,95,1485,10001,"[0, 100000]","[0, 100000]",0,0,2832,3417
yolov8x_training,1276.026658,83,253.426,13370.3125,75,1245,10001,"[0, 100000]","[0, 100000]",0,0,90527,35351
yolov8x_training,1277.094793,86,246.685,13370.3125,17,2280,10001,"[0, 100000]","[0, 100000]",0,0,3613,11230
yolov8x_training,1278.137918,87,240.073,13370.3125,100,1575,10001,"[0, 100000]","[0, 100000]",0,0,292,1035449
yolov8x_training,1279.180768,86,254.225,13370.3125,55,1245,10001,"[0, 100000]","[0, 100000]",0,0,4101,25732
yolov8x_training,1280.223908,86,247.676,13370.3125,46,1380,10001,"[0, 100000]","[0, 100000]",0,0,2832,292
yolov8x_training,1281.291427,82,234.680,13370.3125,94,2595,10001,"[0, 100000]","[0, 100000]",0,0,15332,34423
yolov8x_training,1282.334357,87,246.282,13370.3125,100,1290,10001,"[0, 100000]","[0, 100000]",0,0,878,341
yolov8x_training,1283.403151,87,261.540,13370.3125,14,1215,10001,"[0, 100000]","[0, 100000]",0,0,15771,32373
yolov8x_training,1284.446319,84,246.980,13370.3125,77,1200,10001,"[0, 100000]","[0, 100000]",0,0,2539,3271
yolov8x_training,1285.489443,82,236.882,13370.3125,95,1290,10001,"[0, 100000]","[0, 100000]",0,0,90478,35107
yolov8x_training,1286.557586,85,241.540,13370.3125,80,1327,10001,"[0, 100000]","[0, 100000]",0,0,3320,13574
yolov8x_training,1287.600628,87,248.949,13370.3125,21,1890,10001,"[0, 100000]","[0, 100000]",0,0,341,1030029
yolov8x_training,1288.643420,83,258.002,13370.3125,95,1170,10001,"[0, 100000]","[0, 100000]",0,0,5322,31005
yolov8x_training,1289.686595,81,243.062,13370.3125,98,1860,10001,"[0, 100000]","[0, 100000]",0,0,1025,292
yolov8x_training,1290.729288,82,239.481,13370.3125,79,2490,10001,"[0, 100000]","[0, 100000]",0,0,4199,36669
yolov8x_training,1291.784206,87,242.516,13370.3125,26,1177,10001,"[0, 100000]","[0, 100000]",0,0,3076,12841
yolov8x_training,1292.827643,87,260.909,13370.3125,95,1170,10001,"[0, 100000]","[0, 100000]",0,0,341,1031005
yolov8x_training,1293.870347,86,242.397,13370.3125,97,1995,10001,"[0, 100000]","[0, 100000]",0,0,5224,20898
yolov8x_training,1294.913658,82,241.408,13370.3125,53,2325,10001,"[0, 100000]","[0, 100000]",0,0,341,341
yolov8x_training,1295.961221,85,250.270,13370.3125,36,1312,10001,"[0, 100000]","[0, 100000]",0,0,15380,34667
yolov8x_training,1297.004184,87,256.251,13370.3125,94,1830,10001,"[0, 100000]","[0, 100000]",0,0,1513,341
yolov8x_training,1298.047427,83,255.629,13370.3125,86,1200,10001,"[0, 100000]","[0, 100000]",0,0,5029,103613
yolov8x_training,1299.117372,86,244.960,13370.3125,16,2415,10001,"[0, 100000]","[0, 100000]",0,0,2929,5224
yolov8x_training,1300.160553,87,241.116,13370.3125,95,1890,10001,"[0, 100000]","[0, 100000]",0,0,3076,39208
yolov8x_training,1301.222614,84,256.742,13370.3125,59,1185,10001,"[0, 100000]","[0, 100000]",0,0,3466,11083
yolov8x_training,1302.265579,86,246.022,13370.3125,55,2100,10001,"[0, 100000]","[0, 100000]",0,0,341,1038574
yolov8x_training,1303.308637,82,240.294,13370.3125,94,1320,10001,"[0, 100000]","[0, 100000]",0,0,4980,21728
yolov8x_training,1304.352123,87,256.573,13370.3125,89,1815,10001,"[0, 100000]","[0, 100000]",0,0,341,292
yolov8x_training,1305.403034,87,258.055,13370.3125,15,1170,10001,"[0, 100000]","[0, 100000]",0,0,15625,35888
yolov8x_training,1306.446516,84,245.175,13370.3125,81,1245,10001,"[0, 100000]","[0, 100000]",0,0,1074,292
yolov8x_training,1307.489191,81,238.301,13370.3125,100,1800,10001,"[0, 100000]","[0, 100000]",0,0,4785,103417
yolov8x_training,1308.560715,87,237.213,13370.3125,60,1327,10001,"[0, 100000]","[0, 100000]",0,0,2929,11035
yolov8x_training,1309.603825,87,258.385,13370.3125,23,1395,10001,"[0, 100000]","[0, 100000]",0,0,341,1038964
yolov8x_training,1310.646566,83,241.244,13370.3125,93,1215,10001,"[0, 100000]","[0, 100000]",0,0,4052,22949
yolov8x_training,1311.691122,82,238.943,13370.3125,95,2280,10001,"[0, 100000]","[0, 100000]",0,0,341,341
yolov8x_training,1312.760350,82,250.043,13370.3125,63,1275,10001,"[0, 100000]","[0, 100000]",0,0,15332,33935
yolov8x_training,1313.803833,87,256.596,13370.3125,37,1395,10001,"[0, 100000]","[0, 100000]",0,0,341,292
yolov8x_training,1314.846464,87,240.778,13370.3125,95,1320,10001,"[0, 100000]","[0, 100000]",0,0,6738,104882
yolov8x_training,1315.899900,82,247.304,13370.3125,98,2415,10001,"[0, 100000]","[0, 100000]",0,0,2539,7421
yolov8x_training,1316.942995,85,240.426,13370.3125,13,2460,10001,"[0, 100000]","[0, 100000]",0,0,88720,16015
yolov8x_training,1317.985934,87,246.453,13370.3125,96,1455,10001,"[0, 100000]","[0, 100000]",0,0,6250,19921
yolov8x_training,1319.029315,86,252.041,13370.3125,61,1335,10001,"[0, 100000]","[0, 100000]",0,0,341,292
yolov8x_training,1320.071946,82,254.553,13370.3125,55,1320,10001,"[0, 100000]","[0, 100000]",0,0,8496,30273
yolov8x_training,1321.114814,87,241.312,13370.3125,94,2445,10001,"[0, 100000]","[0, 100000]",0,0,2783,3125
yolov8x_training,1322.157902,87,255.095,13370.3125,50,1440,10001,"[0, 100000]","[0, 100000]",0,0,90185,27832
yolov8x_training,1323.226243,86,248.578,13370.3125,20,1680,10001,"[0, 100000]","[0, 100000]",0,0,89404,22167
yolov8x_training,1324.270072,87,201.193,13370.3125,88,2505,10001,"[0, 100000]","[0, 100000]",0,0,292,244
yolov8x_training,1325.312923,81,213.546,13370.3125,36,1365,10001,"[0, 100000]","[0, 100000]",0,0,6152,31103
yolov8x_training,1326.356169,83,222.212,13370.3125,100,2265,10001,"[0, 100000]","[0, 100000]",0,0,5273,102636
yolov8x_training,1327.425498,83,242.235,13370.3125,100,2625,10001,"[0, 100000]","[0, 100000]",0,0,6640,78662
yolov8x_training,1328.469056,83,256.737,13370.3125,36,2190,10001,"[0, 100000]","[0, 100000]",0,0,7128,104296
yolov8x_training,1329.532643,87,252.977,13370.3125,65,1365,10001,"[0, 100000]","[0, 100000]",0,0,2636,8593
yolov8x_training,1330.575830,86,249.785,13370.3125,95,1260,10001,"[0, 100000]","[0, 100000]",0,0,88623,15576
yolov8x_training,1331.619218,82,238.889,13370.3125,98,1290,10001,"[0, 100000]","[0, 100000]",0,0,5468,17822
yolov8x_training,1332.662164,85,245.799,13370.3125,33,2565,10001,"[0, 100000]","[0, 100000]",0,0,341,292
yolov8x_training,1333.705216,87,260.968,13370.3125,95,1425,10001,"[0, 100000]","[0, 100000]",0,0,4980,20166
yolov8x_training,1334.749012,88,233.314,13370.3125,100,1260,10001,"[0, 100000]","[0, 100000]",0,0,341,292
yolov8x_training,1335.803048,84,236.942,13370.3125,28,2310,10001,"[0, 100000]","[0, 100000]",0,0,15429,34619
yolov8x_training,1336.846242,83,256.498,13370.3125,63,1290,10001,"[0, 100000]","[0, 100000]",0,0,1660,292
yolov8x_training,1337.889803,86,248.966,13370.3125,95,1275,10001,"[0, 100000]","[0, 100000]",0,0,6298,104589
yolov8x_training,1338.950509,86,244.682,13370.3125,60,1230,10001,"[0, 100000]","[0, 100000]",0,0,2539,3271
yolov8x_training,1339.993788,82,254.409,13370.3125,54,1425,10001,"[0, 100000]","[0, 100000]",0,0,4443,104248
yolov8x_training,1341.067881,87,261.751,13370.3125,95,1282,10001,"[0, 100000]","[0, 100000]",0,0,1416,292
yolov8x_training,1342.126865,85,257.476,13370.3125,63,1260,10001,"[0, 100000]","[0, 100000]",0,0,15380,30712
yolov8x_training,1343.170063,84,244.365,13370.3125,94,2535,10001,"[0, 100000]","[0, 100000]",0,0,19628,341
yolov8x_training,1344.213459,85,249.899,13370.3125,78,1425,10001,"[0, 100000]","[0, 100000]",0,0,6396,103906
yolov8x_training,1345.272132,87,258.297,13370.3125,19,1102,10001,"[0, 100000]","[0, 100000]",0,0,2929,9082
yolov8x_training,1346.315461,87,241.048,13370.3125,87,1260,10001,"[0, 100000]","[0, 100000]",0,0,89550,20947
yolov8x_training,1347.358519,84,242.420,13370.3125,100,2505,10001,"[0, 100000]","[0, 100000]",0,0,5371,16845
yolov8x_training,1348.401458,82,252.593,13370.3125,48,1830,10001,"[0, 100000]","[0, 100000]",0,0,341,292
yolov8x_training,1349.444043,87,250.584,13370.3125,58,1530,10001,"[0, 100000]","[0, 100000]",0,0,14404,30859
yolov8x_training,1350.487469,86,240.767,13370.3125,95,1320,10001,"[0, 100000]","[0, 100000]",0,0,18212,292
yolov8x_training,1351.530175,82,246.377,13370.3125,92,1590,10001,"[0, 100000]","[0, 100000]",0,0,6835,104931
yolov8x_training,1352.583862,87,242.253,13370.3125,13,2520,10001,"[0, 100000]","[0, 100000]",0,0,3027,11083
yolov8x_training,1353.627246,87,259.610,13370.3125,83,2055,10001,"[0, 100000]","[0, 100000]",0,0,3027,39501
yolov8x_training,1354.689131,83,247.511,13370.3125,100,1260,10001,"[0, 100000]","[0, 100000]",0,0,3027,10595
yolov8x_training,1355.732881,85,251.053,13370.3125,30,2445,10001,"[0, 100000]","[0, 100000]",0,0,341,292
yolov8x_training,1356.775557,84,223.434,13370.3125,0,1770,10001,"[0, 100000]","[0, 100000]",0,0,4882,70068
yolov8x_training,1357.818769,82,202.990,13370.3125,88,2505,10001,"[0, 100000]","[0, 100000]",0,0,6835,85498
yolov8x_training,1358.881225,85,206.217,13370.3125,8,1320,10001,"[0, 100000]","[0, 100000]",0,0,341,1040234
yolov8x_training,1359.924133,86,225.862,13370.3125,100,1320,10001,"[0, 100000]","[0, 100000]",0,0,341,292
yolov8x_training,1360.966906,85,194.263,13370.3125,81,2025,10001,"[0, 100000]","[0, 100000]",0,0,3417,14306
yolov8x_training,1362.010250,82,218.963,13370.3125,27,2220,10001,"[0, 100000]","[0, 100000]",0,0,292,1029687
yolov8x_training,1363.053702,85,210.967,13370.3125,65,1320,10001,"[0, 100000]","[0, 100000]",0,0,6738,74072
yolov8x_training,1364.116384,81,211.204,13370.3125,66,2430,10001,"[0, 100000]","[0, 100000]",0,0,14648,36035
yolov8x_training,1365.159533,84,216.387,13370.3125,57,1395,10001,"[0, 100000]","[0, 100000]",0,0,341,292
yolov8x_training,1366.202287,80,200.569,13370.3125,58,2400,10001,"[0, 100000]","[0, 100000]",0,0,3662,14648
yolov8x_training,1367.245541,81,210.834,13370.3125,77,1380,10001,"[0, 100000]","[0, 100000]",0,0,292,1033349
yolov8x_training,1368.288232,86,215.029,13370.3125,15,2130,10001,"[0, 100000]","[0, 100000]",0,0,2197,1074
yolov8x_training,1369.331242,87,232.784,13370.3125,89,1305,10001,"[0, 100000]","[0, 100000]",0,0,3027,38476
yolov8x_training,1370.395136,83,239.936,13370.3125,100,2280,10001,"[0, 100000]","[0, 100000]",0,0,2685,25585
yolov8x_training,1371.438374,83,258.590,13370.3125,34,2565,10001,"[0, 100000]","[0, 100000]",0,0,6445,104443
yolov8x_training,1372.505981,86,246.852,13370.3125,77,1635,10001,"[0, 100000]","[0, 100000]",0,0,2734,2392
yolov8x_training,1373.549744,85,247.807,13370.3125,96,1200,10001,"[0, 100000]","[0, 100000]",0,0,5664,101904
yolov8x_training,1374.618222,81,242.890,13370.3125,48,2550,10001,"[0, 100000]","[0, 100000]",0,0,2880,3417
yolov8x_training,1375.661464,87,257.749,13370.3125,67,1410,10001,"[0, 100000]","[0, 100000]",0,0,4345,103710
yolov8x_training,1376.734222,85,248.904,13370.3125,94,1215,10001,"[0, 100000]","[0, 100000]",0,0,2441,8447
yolov8x_training,1377.777349,85,249.614,13370.3125,55,2475,10001,"[0, 100000]","[0, 100000]",0,0,3906,36035
yolov8x_training,1378.835236,81,253.184,13370.3125,48,1455,10001,"[0, 100000]","[0, 100000]",0,0,2587,103076
yolov8x_training,1379.878597,85,253.269,13370.3125,93,1215,10001,"[0, 100000]","[0, 100000]",0,0,5566,104785
yolov8x_training,1380.945224,86,240.612,13370.3125,79,1860,10001,"[0, 100000]","[0, 100000]",0,0,2880,9130
yolov8x_training,1381.988737,82,242.522,13370.3125,27,1830,10001,"[0, 100000]","[0, 100000]",0,0,89160,17773
yolov8x_training,1383.032223,86,261.023,13370.3125,94,2580,10001,"[0, 100000]","[0, 100000]",0,0,5419,19775
yolov8x_training,1384.075687,86,254.889,13370.3125,100,2175,10001,"[0, 100000]","[0, 100000]",0,0,341,292
yolov8x_training,1385.118310,85,247.818,13370.3125,44,1230,10001,"[0, 100000]","[0, 100000]",0,0,12841,31347
yolov8x_training,1386.161232,81,242.934,13370.3125,93,2430,10001,"[0, 100000]","[0, 100000]",0,0,14697,292
yolov8x_training,1387.222136,86,251.753,13370.3125,69,1410,10001,"[0, 100000]","[0, 100000]",0,0,15185,34912
yolov8x_training,1388.265222,85,258.604,13370.3125,46,1335,10001,"[0, 100000]","[0, 100000]",0,0,585,292
yolov8x_training,1389.307940,87,238.562,13370.3125,94,2070,10001,"[0, 100000]","[0, 100000]",0,0,6738,101171
yolov8x_training,1390.361225,82,255.378,13370.3125,100,1830,10001,"[0, 100000]","[0, 100000]",0,0,2783,9960
yolov8x_training,1391.404390,86,260.361,13370.3125,18,1440,10001,"[0, 100000]","[0, 100000]",0,0,89941,26367
yolov8x_training,1392.473574,87,248.130,13370.3125,95,1230,10001,"[0, 100000]","[0, 100000]",0,0,2734,6152
yolov8x_training,1393.516664,83,240.887,13370.3125,100,1410,10001,"[0, 100000]","[0, 100000]",0,0,90185,27880
yolov8x_training,1394.587548,84,237.476,13370.3125,35,2100,10001,"[0, 100000]","[0, 100000]",0,0,2783,9423
yolov8x_training,1395.630867,87,255.710,13370.3125,64,1605,10001,"[0, 100000]","[0, 100000]",0,0,90673,35839
yolov8x_training,1396.697802,86,249.237,13370.3125,94,1185,10001,"[0, 100000]","[0, 100000]",0,0,3417,13623
yolov8x_training,1397.740758,86,240.452,13370.3125,86,2355,10001,"[0, 100000]","[0, 100000]",0,0,341,1031933
yolov8x_training,1398.783189,86,243.957,13370.3125,22,2610,10001,"[0, 100000]","[0, 100000]",0,0,5126,20019
yolov8x_training,1399.826223,86,259.956,13370.3125,87,810,10001,"[0, 100000]","[0, 100000]",0,0,1171,341
yolov8x_training,1400.881269,83,237.027,13370.3125,100,1395,10001,"[0, 100000]","[0, 100000]",0,0,15332,31787
yolov8x_training,1401.924254,85,244.026,13370.3125,33,2190,10001,"[0, 100000]","[0, 100000]",0,0,10351,55810
yolov8x_training,1402.993809,87,253.661,13370.3125,65,2505,10001,"[0, 100000]","[0, 100000]",0,0,15380,34130
yolov8x_training,1404.037224,86,247.558,13370.3125,95,1590,10001,"[0, 100000]","[0, 100000]",0,0,2001,292
yolov8x_training,1405.080067,82,252.637,13370.3125,57,1200,10001,"[0, 100000]","[0, 100000]",0,0,4150,37158
yolov8x_training,1406.133762,88,245.688,13370.3125,30,2310,10001,"[0, 100000]","[0, 100000]",0,0,2832,3369
yolov8x_training,1407.176564,86,248.157,13370.3125,84,2505,10001,"[0, 100000]","[0, 100000]",0,0,3955,36621
yolov8x_training,1408.232374,82,258.828,13370.3125,9,1200,10001,"[0, 100000]","[0, 100000]",0,0,3320,13525
yolov8x_training,1409.275559,83,236.147,13370.3125,94,1920,10001,"[0, 100000]","[0, 100000]",0,0,292,1028710
yolov8x_training,1410.318218,85,238.847,13370.3125,100,1275,10001,"[0, 100000]","[0, 100000]",0,0,3515,31445
yolov8x_training,1411.361056,87,253.922,13370.3125,42,1740,10001,"[0, 100000]","[0, 100000]",0,0,390,341
yolov8x_training,1412.403203,86,248.370,13370.3125,72,1275,10001,"[0, 100000]","[0, 100000]",0,0,6201,22998
yolov8x_training,1413.446470,82,241.013,13370.3125,94,1215,10001,"[0, 100000]","[0, 100000]",0,0,634,390
yolov8x_training,1414.504968,87,251.788,13370.3125,65,2070,10001,"[0, 100000]","[0, 100000]",0,0,15429,34277
yolov8x_training,1415.548237,86,248.676,13370.3125,51,1365,10001,"[0, 100000]","[0, 100000]",0,0,1855,341
yolov8x_training,1416.591061,82,254.006,13370.3125,93,1170,10001,"[0, 100000]","[0, 100000]",0,0,6738,101025
yolov8x_training,1417.647398,85,245.823,13370.3125,82,2325,10001,"[0, 100000]","[0, 100000]",0,0,16259,341
yolov8x_training,1418.703994,86,255.492,13370.3125,45,682,10001,"[0, 100000]","[0, 100000]",0,0,15429,34130
yolov8x_training,1419.747281,86,256.052,13370.3125,95,1185,10001,"[0, 100000]","[0, 100000]",0,0,1171,341
yolov8x_training,1420.808952,82,245.184,13370.3125,77,2280,10001,"[0, 100000]","[0, 100000]",0,0,15332,32958
yolov8x_training,1421.851227,85,256.809,13370.3125,55,2610,10001,"[0, 100000]","[0, 100000]",0,0,1708,292
yolov8x_training,1422.894220,87,257.515,13370.3125,94,1170,10001,"[0, 100000]","[0, 100000]",0,0,89453,21044
yolov8x_training,1423.937223,85,239.661,13370.3125,100,1950,10001,"[0, 100000]","[0, 100000]",0,0,4687,19921
yolov8x_training,1424.980659,82,239.273,13370.3125,48,1305,10001,"[0, 100000]","[0, 100000]",0,0,292,292
yolov8x_training,1426.034559,88,250.906,13370.3125,42,2505,10001,"[0, 100000]","[0, 100000]",0,0,15429,36083
yolov8x_training,1427.078129,87,240.987,13370.3125,92,1845,10001,"[0, 100000]","[0, 100000]",0,0,2685,7128
yolov8x_training,1428.121267,84,225.194,13370.3125,100,1305,10001,"[0, 100000]","[0, 100000]",0,0,5859,89355
yolov8x_training,1429.189973,85,207.809,13370.3125,99,1252,10001,"[0, 100000]","[0, 100000]",0,0,341,292
yolov8x_training,1430.232763,85,228.258,13370.3125,0,1395,10001,"[0, 100000]","[0, 100000]",0,0,5419,16552
yolov8x_training,1431.275886,82,202.181,13370.3125,87,2655,10001,"[0, 100000]","[0, 100000]",0,0,341,292
yolov8x_training,1432.318648,87,222.028,13370.3125,0,1200,10001,"[0, 100000]","[0, 100000]",0,0,5029,66308
yolov8x_training,1433.376944,82,206.914,13370.3125,87,2655,10001,"[0, 100000]","[0, 100000]",0,0,14111,34765
yolov8x_training,1434.420215,86,224.833,13370.3125,0,1860,10001,"[0, 100000]","[0, 100000]",0,0,292,292
yolov8x_training,1435.462950,81,204.916,13370.3125,94,1380,10001,"[0, 100000]","[0, 100000]",0,0,3759,15234
yolov8x_training,1436.506413,86,224.227,13370.3125,0,2655,10001,"[0, 100000]","[0, 100000]",0,0,88867,19873
yolov8x_training,1437.549776,81,209.239,13370.3125,88,1875,10001,"[0, 100000]","[0, 100000]",0,0,1562,292
yolov8x_training,1438.593278,85,213.040,13370.3125,0,2370,10001,"[0, 100000]","[0, 100000]",0,0,3759,35644
yolov8x_training,1439.636442,86,252.386,13370.3125,38,1177,10001,"[0, 100000]","[0, 100000]",0,0,341,292
yolov8x_training,1440.691830,85,252.536,13370.3125,68,1350,10001,"[0, 100000]","[0, 100000]",0,0,15234,34716
yolov8x_training,1441.734676,81,248.912,13370.3125,94,1245,10001,"[0, 100000]","[0, 100000]",0,0,2050,292
yolov8x_training,1442.777425,82,238.909,13370.3125,70,1680,10001,"[0, 100000]","[0, 100000]",0,0,6933,104736
yolov8x_training,1443.840488,87,247.511,13370.3125,33,1860,10001,"[0, 100000]","[0, 100000]",0,0,2880,4980
yolov8x_training,1444.883840,86,254.788,13370.3125,95,1245,10001,"[0, 100000]","[0, 100000]",0,0,4589,103613
yolov8x_training,1445.953667,82,245.036,13370.3125,92,1185,10001,"[0, 100000]","[0, 100000]",0,0,2685,125732
yolov8x_training,1446.997442,86,249.781,13370.3125,11,2295,10001,"[0, 100000]","[0, 100000]",0,0,4296,102441
yolov8x_training,1448.071805,87,236.673,13370.3125,94,2295,10001,"[0, 100000]","[0, 100000]",0,0,2978,10107
yolov8x_training,1449.115164,86,254.689,13370.3125,100,1350,10001,"[0, 100000]","[0, 100000]",0,0,90771,38916
yolov8x_training,1450.181213,82,247.540,13370.3125,47,1230,10001,"[0, 100000]","[0, 100000]",0,0,3320,12841
yolov8x_training,1451.224195,88,252.660,13370.3125,95,1327,10001,"[0, 100000]","[0, 100000]",0,0,3955,37646
yolov8x_training,1452.278500,87,255.298,13370.3125,56,1515,10001,"[0, 100000]","[0, 100000]",0,0,3271,10449
yolov8x_training,1453.321403,85,244.951,13370.3125,78,1860,10001,"[0, 100000]","[0, 100000]",0,0,2978,38720
yolov8x_training,1454.384672,82,239.583,13370.3125,95,2595,10001,"[0, 100000]","[0, 100000]",0,0,3320,12451
yolov8x_training,1455.427953,85,251.244,13370.3125,72,1845,10001,"[0, 100000]","[0, 100000]",0,0,341,1039501
yolov8x_training,1456.470771,88,254.226,13370.3125,17,1320,10001,"[0, 100000]","[0, 100000]",0,0,6347,20068
yolov8x_training,1457.514242,82,242.098,13370.3125,93,1245,10001,"[0, 100000]","[0, 100000]",0,0,292,401708
yolov8x_training,1458.557128,88,244.954,13370.3125,96,2355,10001,"[0, 100000]","[0, 100000]",0,0,3613,31884
yolov8x_training,1459.600135,87,243.620,13370.3125,26,1500,10001,"[0, 100000]","[0, 100000]",0,0,292,292
yolov8x_training,1460.642919,83,265.854,13370.3125,94,1350,10001,"[0, 100000]","[0, 100000]",0,0,5273,20458
yolov8x_training,1461.686420,87,243.015,13370.3125,100,2085,10001,"[0, 100000]","[0, 100000]",0,0,14550,292
yolov8x_training,1462.729703,88,244.831,13370.3125,19,1320,10001,"[0, 100000]","[0, 100000]",0,0,6201,31835
yolov8x_training,1463.773303,88,262.737,13370.3125,95,1170,10001,"[0, 100000]","[0, 100000]",0,0,1318,292
yolov8x_training,1464.839813,83,244.328,13370.3125,100,2355,10001,"[0, 100000]","[0, 100000]",0,0,15478,34277
yolov8x_training,1465.883361,83,238.546,13370.3125,12,1725,10001,"[0, 100000]","[0, 100000]",0,0,2880,4785
yolov8x_training,1466.926672,87,259.493,13370.3125,69,1245,10001,"[0, 100000]","[0, 100000]",0,0,4687,105468
yolov8x_training,1467.998058,86,247.334,13370.3125,95,1815,10001,"[0, 100000]","[0, 100000]",0,0,2832,9570
yolov8x_training,1469.041695,82,238.771,13370.3125,66,1305,10001,"[0, 100000]","[0, 100000]",0,0,89599,21240
yolov8x_training,1470.085537,86,243.654,13370.3125,24,2580,10001,"[0, 100000]","[0, 100000]",0,0,4003,15917
yolov8x_training,1471.128674,88,242.316,13370.3125,94,1380,10001,"[0, 100000]","[0, 100000]",0,0,341,292
yolov8x_training,1472.171360,84,259.231,13370.3125,26,1185,10001,"[0, 100000]","[0, 100000]",0,0,5566,21191
yolov8x_training,1473.214541,82,245.687,13370.3125,65,1950,10001,"[0, 100000]","[0, 100000]",0,0,1025,292
yolov8x_training,1474.257653,82,238.380,13370.3125,95,2655,10001,"[0, 100000]","[0, 100000]",0,0,6396,104150
yolov8x_training,1475.323737,86,250.980,13370.3125,76,1785,10001,"[0, 100000]","[0, 100000]",0,0,2636,6152
yolov8x_training,1476.367126,87,252.795,13370.3125,21,1185,10001,"[0, 100000]","[0, 100000]",0,0,89697,23193
yolov8x_training,1477.441272,83,242.153,13370.3125,95,2505,10001,"[0, 100000]","[0, 100000]",0,0,2783,27148
yolov8x_training,1478.485038,85,255.036,13370.3125,100,1950,10001,"[0, 100000]","[0, 100000]",0,0,2978,38964
yolov8x_training,1479.548821,87,255.838,13370.3125,40,2655,10001,"[0, 100000]","[0, 100000]",0,0,3417,12988
yolov8x_training,1480.592654,86,254.539,13370.3125,53,1260,10001,"[0, 100000]","[0, 100000]",0,0,341,1037500
yolov8x_training,1481.635536,82,250.695,13370.3125,94,1320,10001,"[0, 100000]","[0, 100000]",0,0,4980,20996
yolov8x_training,1482.678565,87,245.942,13370.3125,58,2580,10001,"[0, 100000]","[0, 100000]",0,0,341,292
yolov8x_training,1483.721142,87,251.806,13370.3125,52,1230,10001,"[0, 100000]","[0, 100000]",0,0,4687,27490
yolov8x_training,1484.764364,87,251.614,13370.3125,94,1335,10001,"[0, 100000]","[0, 100000]",0,0,8837,292
yolov8x_training,1485.818642,83,237.808,13370.3125,100,2400,10001,"[0, 100000]","[0, 100000]",0,0,15429,34912
yolov8x_training,1486.862307,87,246.684,13370.3125,19,2115,10001,"[0, 100000]","[0, 100000]",0,0,830,292
yolov8x_training,1487.927054,89,263.313,13370.3125,95,1200,10001,"[0, 100000]","[0, 100000]",0,0,15332,33593
yolov8x_training,1488.969964,84,236.179,13370.3125,100,1185,10001,"[0, 100000]","[0, 100000]",0,0,2783,4101
yolov8x_training,1490.013588,82,239.894,13370.3125,34,1380,10001,"[0, 100000]","[0, 100000]",0,0,90429,30566
yolov8x_training,1491.082343,87,237.621,13370.3125,54,2640,10001,"[0, 100000]","[0, 100000]",0,0,3173,11767
yolov8x_training,1492.125865,88,245.980,13370.3125,95,877,10001,"[0, 100000]","[0, 100000]",0,0,292,600048
yolov8x_training,1493.168478,83,258.249,13370.3125,20,1260,10001,"[0, 100000]","[0, 100000]",0,0,4345,22509
yolov8x_training,1494.213205,86,245.073,13370.3125,87,2400,10001,"[0, 100000]","[0, 100000]",0,0,341,292
yolov8x_training,1495.255923,88,248.511,13370.3125,100,1320,10001,"[0, 100000]","[0, 100000]",0,0,4736,28125
yolov8x_training,1496.298923,88,259.732,13370.3125,24,1245,10001,"[0, 100000]","[0, 100000]",0,0,341,292
yolov8x_training,1497.341859,84,247.388,13370.3125,88,2445,10001,"[0, 100000]","[0, 100000]",0,0,12792,35351
yolov8x_training,1498.384728,85,244.097,13370.3125,100,1380,10001,"[0, 100000]","[0, 100000]",0,0,1123,292
yolov8x_training,1499.447319,88,262.216,13370.3125,16,1185,10001,"[0, 100000]","[0, 100000]",0,0,15332,29541
yolov8x_training,1500.490693,84,244.354,13370.3125,83,1185,10001,"[0, 100000]","[0, 100000]",0,0,16308,292
yolov8x_training,1501.540750,86,246.546,13370.3125,100,2340,10001,"[0, 100000]","[0, 100000]",0,0,15332,34570
yolov8x_training,1502.584239,88,252.286,13370.3125,41,2595,10001,"[0, 100000]","[0, 100000]",0,0,1123,292
yolov8x_training,1503.655449,87,258.227,13370.3125,71,1245,10001,"[0, 100000]","[0, 100000]",0,0,15429,33691
yolov8x_training,1504.698807,82,250.346,13370.3125,100,1935,10001,"[0, 100000]","[0, 100000]",0,0,292,341
yolov8x_training,1505.749792,89,249.302,13370.3125,17,1440,10001,"[0, 100000]","[0, 100000]",0,0,15478,34716
yolov8x_training,1506.793328,88,257.752,13370.3125,80,1230,10001,"[0, 100000]","[0, 100000]",0,0,292,292
yolov8x_training,1507.838037,84,252.536,13370.3125,100,2640,10001,"[0, 100000]","[0, 100000]",0,0,14990,30371
yolov8x_training,1508.881274,85,241.424,13370.3125,24,1425,10001,"[0, 100000]","[0, 100000]",0,0,9521,60595
yolov8x_training,1509.924115,88,258.923,13370.3125,68,1185,10001,"[0, 100000]","[0, 100000]",0,0,6591,103466
yolov8x_training,1510.986713,87,249.214,13370.3125,94,1260,10001,"[0, 100000]","[0, 100000]",0,0,2197,292
yolov8x_training,1512.061123,82,247.870,13370.3125,44,2040,10001,"[0, 100000]","[0, 100000]",0,0,15429,34521
yolov8x_training,1513.104499,86,247.142,13370.3125,66,1305,10001,"[0, 100000]","[0, 100000]",0,0,2734,2441
yolov8x_training,1514.148580,88,245.627,13370.3125,95,1147,10001,"[0, 100000]","[0, 100000]",0,0,90429,35205
yolov8x_training,1515.216669,83,266.225,13370.3125,13,1275,10001,"[0, 100000]","[0, 100000]",0,0,2929,12500
yolov8x_training,1516.259928,86,236.512,13370.3125,66,2340,10001,"[0, 100000]","[0, 100000]",0,0,341,292
yolov8x_training,1517.302816,82,252.937,13370.3125,95,1755,10001,"[0, 100000]","[0, 100000]",0,0,6005,26513
yolov8x_training,1518.346716,86,253.081,13370.3125,91,1305,10001,"[0, 100000]","[0, 100000]",0,0,439,292
yolov8x_training,1519.419153,89,238.090,13370.3125,12,1230,10001,"[0, 100000]","[0, 100000]",0,0,15429,33691
yolov8x_training,1520.462634,86,239.807,13370.3125,78,1170,10001,"[0, 100000]","[0, 100000]",0,0,2636,7568
yolov8x_training,1521.505991,82,258.116,13370.3125,100,2085,10001,"[0, 100000]","[0, 100000]",0,0,69189,38134
yolov8x_training,1522.571903,87,250.748,13370.3125,57,1312,10001,"[0, 100000]","[0, 100000]",0,0,3027,11572
yolov8x_training,1523.615418,88,255.812,13370.3125,93,1575,10001,"[0, 100000]","[0, 100000]",0,0,341,244
yolov8x_training,1524.658235,84,243.433,13370.3125,100,1170,10001,"[0, 100000]","[0, 100000]",0,0,5468,21289
yolov8x_training,1525.701258,85,240.999,13370.3125,44,2400,10001,"[0, 100000]","[0, 100000]",0,0,341,292
yolov8x_training,1526.758642,88,253.601,13370.3125,59,1995,10001,"[0, 100000]","[0, 100000]",0,0,15039,34472
yolov8x_training,1527.802006,86,249.301,13370.3125,94,1815,10001,"[0, 100000]","[0, 100000]",0,0,2343,2490
yolov8x_training,1528.844832,87,253.966,13370.3125,75,1485,10001,"[0, 100000]","[0, 100000]",0,0,3027,38818
yolov8x_training,1529.905482,83,252.640,13370.3125,28,2400,10001,"[0, 100000]","[0, 100000]",0,0,2734,9912
yolov8x_training,1530.948925,88,257.191,13370.3125,95,1410,10001,"[0, 100000]","[0, 100000]",0,0,89453,21191
yolov8x_training,1531.992773,88,241.421,13370.3125,100,1305,10001,"[0, 100000]","[0, 100000]",0,0,5371,18945
yolov8x_training,1533.035935,87,240.470,13370.3125,46,1200,10001,"[0, 100000]","[0, 100000]",0,0,341,341
yolov8x_training,1534.078584,82,240.486,13370.3125,67,1935,10001,"[0, 100000]","[0, 100000]",0,0,8935,31494
yolov8x_training,1535.121511,87,253.398,13370.3125,94,2580,10001,"[0, 100000]","[0, 100000]",0,0,830,341
yolov8x_training,1536.191943,87,252.769,13370.3125,29,1335,10001,"[0, 100000]","[0, 100000]",0,0,15234,34521
yolov8x_training,1537.235519,83,238.135,13370.3125,86,1290,10001,"[0, 100000]","[0, 100000]",0,0,2734,8154
yolov8x_training,1538.279052,85,237.513,13370.3125,100,2550,10001,"[0, 100000]","[0, 100000]",0,0,89355,21044
yolov8x_training,1539.323892,82,253.607,13370.3125,56,1455,10001,"[0, 100000]","[0, 100000]",0,0,4687,16406
yolov8x_training,1540.369240,86,251.040,13370.3125,31,1230,10001,"[0, 100000]","[0, 100000]",0,0,341,292
yolov8x_training,1541.411887,87,244.639,13370.3125,94,1335,10001,"[0, 100000]","[0, 100000]",0,0,12988,33984
yolov8x_training,1542.455074,84,239.695,13370.3125,100,1815,10001,"[0, 100000]","[0, 100000]",0,0,2246,634
yolov8x_training,1543.498125,85,263.318,13370.3125,20,2325,10001,"[0, 100000]","[0, 100000]",0,0,6591,104541
yolov8x_training,1544.552226,88,240.499,13370.3125,69,1740,10001,"[0, 100000]","[0, 100000]",0,0,3027,11181
yolov8x_training,1545.595668,87,251.179,13370.3125,94,1260,10001,"[0, 100000]","[0, 100000]",0,0,341,1031738
yolov8x_training,1546.638433,82,238.284,13370.3125,89,1320,10001,"[0, 100000]","[0, 100000]",0,0,4052,22119
yolov8x_training,1547.683475,88,239.499,13370.3125,17,2430,10001,"[0, 100000]","[0, 100000]",0,0,341,292
yolov8x_training,1548.741142,88,256.634,13370.3125,67,1530,10001,"[0, 100000]","[0, 100000]",0,0,15478,34570
yolov8x_training,1549.784187,86,248.452,13370.3125,96,1245,10001,"[0, 100000]","[0, 100000]",0,0,2734,3125
yolov8x_training,1550.827078,87,240.299,13370.3125,63,2265,10001,"[0, 100000]","[0, 100000]",0,0,4296,104638
yolov8x_training,1551.899785,82,258.172,13370.3125,49,1455,10001,"[0, 100000]","[0, 100000]",0,0,1708,292
yolov8x_training,1552.942480,87,248.048,13370.3125,94,1155,10001,"[0, 100000]","[0, 100000]",0,0,6689,102343
yolov8x_training,1554.007699,87,235.763,13370.3125,66,2535,10001,"[0, 100000]","[0, 100000]",0,0,14355,35205
yolov8x_training,1555.050782,82,215.604,13370.3125,100,1245,10001,"[0, 100000]","[0, 100000]",0,0,44580,318115
yolov8x_training,1556.093652,82,237.800,13370.3125,73,2385,10001,"[0, 100000]","[0, 100000]",0,0,4003,36523
yolov8x_training,1557.137196,87,255.108,13370.3125,93,1935,10001,"[0, 100000]","[0, 100000]",0,0,341,341
yolov8x_training,1558.179946,86,250.841,13370.3125,43,1185,10001,"[0, 100000]","[0, 100000]",0,0,6005,25976
yolov8x_training,1559.222948,82,242.466,13370.3125,94,2160,10001,"[0, 100000]","[0, 100000]",0,0,341,292
yolov8x_training,1560.272248,82,253.907,13370.3125,70,1245,10001,"[0, 100000]","[0, 100000]",0,0,15478,34667
yolov8x_training,1561.315202,86,256.747,13370.3125,28,907,10001,"[0, 100000]","[0, 100000]",0,0,2050,292
yolov8x_training,1562.376554,87,246.799,13370.3125,95,1965,10001,"[0, 100000]","[0, 100000]",0,0,15234,33691
yolov8x_training,1563.419941,82,244.847,13370.3125,97,1297,10001,"[0, 100000]","[0, 100000]",0,0,3125,5371
yolov8x_training,1564.463527,87,260.454,13370.3125,18,900,10001,"[0, 100000]","[0, 100000]",0,0,390,292
yolov8x_training,1565.505843,82,230.714,13370.3125,72,1830,10001,"[0, 100000]","[0, 100000]",0,0,12353,20751
yolov8x_training,1566.579142,86,197.360,13370.3125,29,2505,10001,"[0, 100000]","[0, 100000]",0,0,14501,33447
yolov8x_training,1567.622136,82,226.156,13370.3125,90,1605,10001,"[0, 100000]","[0, 100000]",0,0,292,292
yolov8x_training,1568.664791,86,206.023,13370.3125,24,2595,10001,"[0, 100000]","[0, 100000]",0,0,3613,14257
yolov8x_training,1569.707458,83,218.499,13370.3125,100,1575,10001,"[0, 100000]","[0, 100000]",0,0,292,1040673
yolov8x_training,1570.750160,86,201.751,13370.3125,24,2505,10001,"[0, 100000]","[0, 100000]",0,0,1123,292
yolov8x_training,1571.793233,80,220.556,13370.3125,100,1920,10001,"[0, 100000]","[0, 100000]",0,0,5859,22412
yolov8x_training,1572.836747,86,201.984,13370.3125,0,2340,10001,"[0, 100000]","[0, 100000]",0,0,292,292
yolov8x_training,1573.879533,81,221.412,13370.3125,64,1200,10001,"[0, 100000]","[0, 100000]",0,0,2539,3173
yolov8x_training,1574.928014,85,205.489,13370.3125,51,2655,10001,"[0, 100000]","[0, 100000]",0,0,13964,33203
yolov8x_training,1575.971393,80,223.215,13370.3125,60,2355,10001,"[0, 100000]","[0, 100000]",0,0,341,292
yolov8x_training,1577.014139,85,209.446,13370.3125,59,1320,10001,"[0, 100000]","[0, 100000]",0,0,4882,15283
yolov8x_training,1578.057357,83,219.161,13370.3125,59,2445,10001,"[0, 100000]","[0, 100000]",0,0,5078,96093
yolov8x_training,1579.127624,81,224.209,13370.3125,88,1350,10001,"[0, 100000]","[0, 100000]",0,0,3662,35498
yolov8x_training,1580.170638,84,238.840,13370.3125,100,1290,10001,"[0, 100000]","[0, 100000]",0,0,341,292
yolov8x_training,1581.213673,86,252.877,13370.3125,27,1680,10001,"[0, 100000]","[0, 100000]",0,0,15380,34570
yolov8x_training,1582.256674,82,248.053,13370.3125,81,1290,10001,"[0, 100000]","[0, 100000]",0,0,1123,292
yolov8x_training,1583.299351,84,237.180,13370.3125,100,1920,10001,"[0, 100000]","[0, 100000]",0,0,6884,103466
yolov8x_training,1584.360351,86,259.442,13370.3125,22,1725,10001,"[0, 100000]","[0, 100000]",0,0,18359,341
yolov8x_training,1585.425583,86,236.271,13370.3125,71,1230,10001,"[0, 100000]","[0, 100000]",0,0,15283,33593
yolov8x_training,1586.468924,85,239.726,13370.3125,94,2550,10001,"[0, 100000]","[0, 100000]",0,0,2539,2392
yolov8x_training,1587.511845,81,248.037,13370.3125,72,2355,10001,"[0, 100000]","[0, 100000]",0,0,6591,103613
yolov8x_training,1588.577066,85,250.125,13370.3125,48,2505,10001,"[0, 100000]","[0, 100000]",0,0,2685,2148
yolov8x_training,1589.620332,85,255.411,13370.3125,94,1260,10001,"[0, 100000]","[0, 100000]",0,0,5175,104003
yolov8x_training,1590.690390,81,238.313,13370.3125,90,2070,10001,"[0, 100000]","[0, 100000]",0,0,3125,10888
yolov8x_training,1591.733438,86,241.620,13370.3125,19,2400,10001,"[0, 100000]","[0, 100000]",0,0,88769,15478
yolov8x_training,1592.776608,85,257.714,13370.3125,82,1350,10001,"[0, 100000]","[0, 100000]",0,0,3857,17578
yolov8x_training,1593.819631,86,247.295,13370.3125,97,1215,10001,"[0, 100000]","[0, 100000]",0,0,341,341
yolov8x_training,1594.862255,85,239.066,13370.3125,69,2370,10001,"[0, 100000]","[0, 100000]",0,0,6152,20166
yolov8x_training,1595.906372,81,250.861,13370.3125,51,1410,10001,"[0, 100000]","[0, 100000]",0,0,1318,292
yolov8x_training,1596.949382,87,260.849,13370.3125,94,1200,10001,"[0, 100000]","[0, 100000]",0,0,6591,104492
yolov8x_training,1598.009942,87,240.020,13370.3125,100,1305,10001,"[0, 100000]","[0, 100000]",0,0,2587,2636
yolov8x_training,1599.053954,82,247.750,13370.3125,16,2220,10001,"[0, 100000]","[0, 100000]",0,0,6396,103515
yolov8x_training,1600.110296,86,244.901,13370.3125,94,1455,10001,"[0, 100000]","[0, 100000]",0,0,5322,99804
yolov8x_training,1601.154549,87,257.138,13370.3125,100,1275,10001,"[0, 100000]","[0, 100000]",0,0,6445,104541
yolov8x_training,1602.211482,83,231.498,13370.3125,84,1320,10001,"[0, 100000]","[0, 100000]",0,0,2734,9765
yolov8x_training,1603.254667,81,238.719,13370.3125,96,1995,10001,"[0, 100000]","[0, 100000]",0,0,88476,15332
yolov8x_training,1604.298132,81,252.098,13370.3125,71,1320,10001,"[0, 100000]","[0, 100000]",0,0,3564,30517
yolov8x_training,1605.341247,87,252.557,13370.3125,16,1215,10001,"[0, 100000]","[0, 100000]",0,0,341,341
yolov8x_training,1606.402294,82,240.914,13370.3125,95,2160,10001,"[0, 100000]","[0, 100000]",0,0,15283,29638
yolov8x_training,1607.445397,86,241.935,13370.3125,100,2565,10001,"[0, 100000]","[0, 100000]",0,0,14746,292
yolov8x_training,1608.505690,87,261.585,13370.3125,23,1252,10001,"[0, 100000]","[0, 100000]",0,0,15576,33691
yolov8x_training,1609.549136,86,239.862,13370.3125,70,1500,10001,"[0, 100000]","[0, 100000]",0,0,2392,2148
yolov8x_training,1610.591965,82,247.142,13370.3125,95,1200,10001,"[0, 100000]","[0, 100000]",0,0,6640,103808
yolov8x_training,1611.655648,85,239.938,13370.3125,63,2115,10001,"[0, 100000]","[0, 100000]",0,0,3027,9521
yolov8x_training,1612.699139,86,252.258,13370.3125,39,1515,10001,"[0, 100000]","[0, 100000]",0,0,89892,25244
yolov8x_training,1613.772591,82,258.596,13370.3125,94,1290,10001,"[0, 100000]","[0, 100000]",0,0,3320,13623
yolov8x_training,1614.815542,83,242.448,13370.3125,100,1935,10001,"[0, 100000]","[0, 100000]",0,0,292,1037451
yolov8x_training,1615.858241,86,239.400,13370.3125,23,2505,10001,"[0, 100000]","[0, 100000]",0,0,5224,16796
yolov8x_training,1616.901484,87,259.189,13370.3125,71,1350,10001,"[0, 100000]","[0, 100000]",0,0,341,244
yolov8x_training,1617.944636,86,246.090,13370.3125,100,1185,10001,"[0, 100000]","[0, 100000]",0,0,4199,33740
yolov8x_training,1618.988365,83,248.306,13370.3125,29,1365,10001,"[0, 100000]","[0, 100000]",0,0,341,292
yolov8x_training,1620.030971,87,254.141,13370.3125,75,2400,10001,"[0, 100000]","[0, 100000]",0,0,7568,23437
yolov8x_training,1621.074269,85,248.199,13370.3125,96,1920,10001,"[0, 100000]","[0, 100000]",0,0,341,292
yolov8x_training,1622.141886,82,248.972,13370.3125,33,1230,10001,"[0, 100000]","[0, 100000]",0,0,15136,30566
yolov8x_training,1623.185411,87,246.754,13370.3125,95,2250,10001,"[0, 100000]","[0, 100000]",0,0,9570,292
yolov8x_training,1624.228070,87,257.406,13370.3125,47,2550,10001,"[0, 100000]","[0, 100000]",0,0,7666,27099
yolov8x_training,1625.270223,82,253.094,13370.3125,60,1200,10001,"[0, 100000]","[0, 100000]",0,0,537,292
yolov8x_training,1626.332729,81,219.957,13370.3125,71,1290,10001,"[0, 100000]","[0, 100000]",0,0,14257,35644
yolov8x_training,1627.376178,85,209.201,13370.3125,71,2355,10001,"[0, 100000]","[0, 100000]",0,0,4980,102392
yolov8x_training,1628.446628,82,236.048,13370.3125,94,2640,10001,"[0, 100000]","[0, 100000]",0,0,2734,28808
yolov8x_training,1629.490270,86,249.610,13370.3125,79,2100,10001,"[0, 100000]","[0, 100000]",0,0,3222,37255
yolov8x_training,1630.551836,87,258.621,13370.3125,32,1365,10001,"[0, 100000]","[0, 100000]",0,0,2734,9277
yolov8x_training,1631.595364,82,255.655,13370.3125,93,1260,10001,"[0, 100000]","[0, 100000]",0,0,90820,37158
yolov8x_training,1632.661542,86,236.888,13370.3125,100,2160,10001,"[0, 100000]","[0, 100000]",0,0,3759,15869
yolov8x_training,1633.704611,88,254.993,13370.3125,17,1830,10001,"[0, 100000]","[0, 100000]",0,0,341,625781
yolov8x_training,1634.747423,84,255.038,13370.3125,81,1230,10001,"[0, 100000]","[0, 100000]",0,0,5175,25292
yolov8x_training,1635.790062,88,247.173,13370.3125,92,1215,10001,"[0, 100000]","[0, 100000]",0,0,2880,10205
yolov8x_training,1636.833129,84,245.020,13370.3125,100,1725,10001,"[0, 100000]","[0, 100000]",0,0,82519,36914
yolov8x_training,1637.900080,84,248.606,13370.3125,42,2505,10001,"[0, 100000]","[0, 100000]",0,0,3613,11621
yolov8x_training,1638.943511,87,255.749,13370.3125,74,1800,10001,"[0, 100000]","[0, 100000]",0,0,85644,38671
yolov8x_training,1640.009131,86,248.083,13370.3125,100,1380,10001,"[0, 100000]","[0, 100000]",0,0,3906,18359
yolov8x_training,1641.051903,82,239.522,13370.3125,71,1200,10001,"[0, 100000]","[0, 100000]",0,0,390,1028076
yolov8x_training,1642.094468,86,245.409,13370.3125,30,2445,10001,"[0, 100000]","[0, 100000]",0,0,3759,27978
yolov8x_training,1643.137734,87,247.449,13370.3125,93,1800,10001,"[0, 100000]","[0, 100000]",0,0,341,292
yolov8x_training,1644.180317,83,257.056,13370.3125,16,1185,10001,"[0, 100000]","[0, 100000]",0,0,6250,29785
yolov8x_training,1645.223026,87,243.082,13370.3125,95,2235,10001,"[0, 100000]","[0, 100000]",0,0,488,341
yolov8x_training,1646.279443,87,241.534,13370.3125,100,1575,10001,"[0, 100000]","[0, 100000]",0,0,15380,33691
yolov8x_training,1647.322663,87,257.489,13370.3125,30,1830,10001,"[0, 100000]","[0, 100000]",0,0,2880,3076
yolov8x_training,1648.365663,86,246.292,13370.3125,65,1500,10001,"[0, 100000]","[0, 100000]",0,0,4638,103710
yolov8x_training,1649.437558,85,245.032,13370.3125,100,2040,10001,"[0, 100000]","[0, 100000]",0,0,2343,1171
yolov8x_training,1650.480057,87,255.735,13370.3125,46,2550,10001,"[0, 100000]","[0, 100000]",0,0,5859,102978
yolov8x_training,1651.546125,85,246.432,13370.3125,75,1215,10001,"[0, 100000]","[0, 100000]",0,0,6152,90820
yolov8x_training,1652.589837,82,248.961,13370.3125,95,1245,10001,"[0, 100000]","[0, 100000]",0,0,6250,104394
yolov8x_training,1653.657083,87,238.054,13370.3125,84,1935,10001,"[0, 100000]","[0, 100000]",0,0,2832,10449
yolov8x_training,1654.700392,88,242.084,13370.3125,7,1305,10001,"[0, 100000]","[0, 100000]",0,0,88623,15625
yolov8x_training,1655.743291,83,256.266,13370.3125,93,1185,10001,"[0, 100000]","[0, 100000]",0,0,5126,21728
yolov8x_training,1656.786336,86,246.763,13370.3125,100,1800,10001,"[0, 100000]","[0, 100000]",0,0,390,341
yolov8x_training,1657.828526,82,241.665,13370.3125,38,2580,10001,"[0, 100000]","[0, 100000]",0,0,7519,26660
yolov8x_training,1658.871388,88,257.928,13370.3125,64,1335,10001,"[0, 100000]","[0, 100000]",0,0,6787,341
yolov8x_training,1659.913694,87,247.789,13370.3125,95,1275,10001,"[0, 100000]","[0, 100000]",0,0,7910,30273
yolov8x_training,1660.957227,82,249.935,13370.3125,45,1252,10001,"[0, 100000]","[0, 100000]",0,0,1025,341
yolov8x_training,1662.016031,89,252.348,13370.3125,70,1320,10001,"[0, 100000]","[0, 100000]",0,0,15039,35058
yolov8x_training,1663.059341,87,253.110,13370.3125,94,1830,10001,"[0, 100000]","[0, 100000]",0,0,2343,2343
yolov8x_training,1664.102005,82,254.988,13370.3125,72,1200,10001,"[0, 100000]","[0, 100000]",0,0,6640,104931
yolov8x_training,1665.159351,85,241.957,13370.3125,40,1560,10001,"[0, 100000]","[0, 100000]",0,0,2832,8544
yolov8x_training,1666.201937,87,245.799,13370.3125,100,1305,10001,"[0, 100000]","[0, 100000]",0,0,90039,26074
yolov8x_training,1667.272401,83,255.852,13370.3125,11,1245,10001,"[0, 100000]","[0, 100000]",0,0,3173,10986
yolov8x_training,1668.314857,85,246.310,13370.3125,78,1830,10001,"[0, 100000]","[0, 100000]",0,0,89648,21533
yolov8x_training,1669.357675,87,253.344,13370.3125,98,2640,10001,"[0, 100000]","[0, 100000]",0,0,3808,15527
yolov8x_training,1670.400231,88,257.852,13370.3125,43,1290,10001,"[0, 100000]","[0, 100000]",0,0,390,1039599
yolov8x_training,1671.442590,85,248.731,13370.3125,71,1860,10001,"[0, 100000]","[0, 100000]",0,0,5273,22802
yolov8x_training,1672.485401,82,253.644,13370.3125,100,1260,10001,"[0, 100000]","[0, 100000]",0,0,439,341
yolov8x_training,1673.527504,88,255.906,13370.3125,52,2595,10001,"[0, 100000]","[0, 100000]",0,0,7177,24707
yolov8x_training,1674.570563,87,251.383,13370.3125,59,1260,10001,"[0, 100000]","[0, 100000]",0,0,10839,341
yolov8x_training,1675.612835,84,247.082,13370.3125,93,1920,10001,"[0, 100000]","[0, 100000]",0,0,4882,29638
yolov8x_training,1676.655701,88,240.438,13370.3125,45,2085,10001,"[0, 100000]","[0, 100000]",0,0,781,390
yolov8x_training,1677.717220,87,256.484,13370.3125,47,1245,10001,"[0, 100000]","[0, 100000]",0,0,15136,32128
yolov8x_training,1678.759918,82,250.623,13370.3125,94,1245,10001,"[0, 100000]","[0, 100000]",0,0,2392,2099
yolov8x_training,1679.802791,83,245.910,13370.3125,67,2625,10001,"[0, 100000]","[0, 100000]",0,0,6396,103955
yolov8x_training,1680.862671,87,244.941,13370.3125,27,1440,10001,"[0, 100000]","[0, 100000]",0,0,3564,12011
yolov8x_training,1681.906367,88,254.963,13370.3125,79,1170,10001,"[0, 100000]","[0, 100000]",0,0,390,1031201
yolov8x_training,1682.948611,85,238.598,13370.3125,95,2340,10001,"[0, 100000]","[0, 100000]",0,0,5273,17529
yolov8x_training,1683.991323,84,239.525,13370.3125,49,2040,10001,"[0, 100000]","[0, 100000]",0,0,390,292
yolov8x_training,1685.033478,87,254.371,13370.3125,68,1312,10001,"[0, 100000]","[0, 100000]",0,0,5761,21191
yolov8x_training,1686.076679,87,251.126,13370.3125,93,1335,10001,"[0, 100000]","[0, 100000]",0,0,585,341
yolov8x_training,1687.141187,82,253.771,13370.3125,72,1260,10001,"[0, 100000]","[0, 100000]",0,0,15332,34277
yolov8x_training,1688.183915,86,240.833,13370.3125,29,2280,10001,"[0, 100000]","[0, 100000]",0,0,1367,341
yolov8x_training,1689.255495,88,247.322,13370.3125,100,937,10001,"[0, 100000]","[0, 100000]",0,0,15039,31445
yolov8x_training,1690.298777,88,264.074,13370.3125,21,1200,10001,"[0, 100000]","[0, 100000]",0,0,15869,341
yolov8x_training,1691.364383,83,240.572,13370.3125,94,2010,10001,"[0, 100000]","[0, 100000]",0,0,15136,33691
yolov8x_training,1692.407555,83,239.648,13370.3125,96,2655,10001,"[0, 100000]","[0, 100000]",0,0,2783,3320
yolov8x_training,1693.449836,88,255.803,13370.3125,41,1260,10001,"[0, 100000]","[0, 100000]",0,0,7128,103271
yolov8x_training,1694.511135,86,249.500,13370.3125,69,1815,10001,"[0, 100000]","[0, 100000]",0,0,2539,2539
yolov8x_training,1695.553368,82,243.053,13370.3125,100,1920,10001,"[0, 100000]","[0, 100000]",0,0,6445,102441
yolov8x_training,1696.618427,87,241.362,13370.3125,49,1327,10001,"[0, 100000]","[0, 100000]",0,0,3173,11035
yolov8x_training,1697.660817,87,251.031,13370.3125,44,1335,10001,"[0, 100000]","[0, 100000]",0,0,88964,17968
yolov8x_training,1698.703739,83,253.903,13370.3125,93,1215,10001,"[0, 100000]","[0, 100000]",0,0,5371,17871
yolov8x_training,1699.746431,87,241.052,13370.3125,100,2550,10001,"[0, 100000]","[0, 100000]",0,0,390,341
yolov8x_training,1700.788569,85,237.838,13370.3125,27,1350,10001,"[0, 100000]","[0, 100000]",0,0,13281,35986
yolov8x_training,1701.831537,87,254.369,13370.3125,78,1770,10001,"[0, 100000]","[0, 100000]",0,0,2441,2539
yolov8x_training,1702.874022,87,251.905,13370.3125,94,1815,10001,"[0, 100000]","[0, 100000]",0,0,6494,102050
yolov8x_training,1703.940864,82,238.336,13370.3125,74,2655,10001,"[0, 100000]","[0, 100000]",0,0,2636,9423
yolov8x_training,1704.983224,85,250.084,13370.3125,33,1635,10001,"[0, 100000]","[0, 100000]",0,0,89990,25830
yolov8x_training,1706.055073,88,256.124,13370.3125,93,1260,10001,"[0, 100000]","[0, 100000]",0,0,3173,12988
yolov8x_training,1707.098351,86,254.121,13370.3125,100,1215,10001,"[0, 100000]","[0, 100000]",0,0,341,244
yolov8x_training,1708.141000,82,251.536,13370.3125,57,1275,10001,"[0, 100000]","[0, 100000]",0,0,7031,28662
yolov8x_training,1709.183881,87,239.264,13370.3125,31,2505,10001,"[0, 100000]","[0, 100000]",0,0,2734,2636
yolov8x_training,1710.227987,87,239.927,13370.3125,95,1965,10001,"[0, 100000]","[0, 100000]",0,0,90283,27294
yolov8x_training,1711.298389,87,250.699,13370.3125,79,1335,10001,"[0, 100000]","[0, 100000]",0,0,4345,16650
yolov8x_training,1712.341894,87,256.390,13370.3125,21,1215,10001,"[0, 100000]","[0, 100000]",0,0,292,292
yolov8x_training,1713.384562,84,238.265,13370.3125,77,2400,10001,"[0, 100000]","[0, 100000]",0,0,13720,35302
yolov8x_training,1714.427500,82,236.310,13370.3125,94,1935,10001,"[0, 100000]","[0, 100000]",0,0,2734,9472
yolov8x_training,1715.470669,87,247.747,13370.3125,91,1335,10001,"[0, 100000]","[0, 100000]",0,0,88964,19238
yolov8x_training,1716.513580,87,258.048,13370.3125,19,1350,10001,"[0, 100000]","[0, 100000]",0,0,5029,27539
yolov8x_training,1717.556649,86,241.306,13370.3125,70,1305,10001,"[0, 100000]","[0, 100000]",0,0,585,292
yolov8x_training,1718.626004,82,255.305,13370.3125,94,1800,10001,"[0, 100000]","[0, 100000]",0,0,15185,31591
yolov8x_training,1719.669124,86,238.978,13370.3125,80,2655,10001,"[0, 100000]","[0, 100000]",0,0,16259,292
yolov8x_training,1720.734025,87,249.088,13370.3125,20,922,10001,"[0, 100000]","[0, 100000]",0,0,15625,34716
yolov8x_training,1721.777139,83,265.448,13370.3125,93,1275,10001,"[0, 100000]","[0, 100000]",0,0,1416,292
yolov8x_training,1722.819918,84,240.752,13370.3125,100,2565,10001,"[0, 100000]","[0, 100000]",0,0,4492,102734
yolov8x_training,1723.891905,82,259.256,13370.3125,25,1395,10001,"[0, 100000]","[0, 100000]",0,0,3027,11718
yolov8x_training,1724.934929,85,246.685,13370.3125,65,1245,10001,"[0, 100000]","[0, 100000]",0,0,89013,18164
yolov8x_training,1725.978072,87,236.541,13370.3125,94,1380,10001,"[0, 100000]","[0, 100000]",0,0,5468,26318
yolov8x_training,1727.021141,83,244.614,13370.3125,100,1200,10001,"[0, 100000]","[0, 100000]",0,0,341,341
yolov8x_training,1728.078809,83,258.538,13370.3125,24,2145,10001,"[0, 100000]","[0, 100000]",0,0,15283,35546
yolov8x_training,1729.121773,88,257.936,13370.3125,73,1275,10001,"[0, 100000]","[0, 100000]",0,0,1074,292
yolov8x_training,1730.164495,86,247.126,13370.3125,99,1260,10001,"[0, 100000]","[0, 100000]",0,0,6787,102880
yolov8x_training,1731.229374,82,239.526,13370.3125,94,1335,10001,"[0, 100000]","[0, 100000]",0,0,2734,9082
yolov8x_training,1732.272832,87,243.553,13370.3125,100,1222,10001,"[0, 100000]","[0, 100000]",0,0,89062,18554
yolov8x_training,1733.315801,84,256.596,13370.3125,38,1365,10001,"[0, 100000]","[0, 100000]",0,0,3515,26708
yolov8x_training,1734.359304,88,245.049,13370.3125,65,1200,10001,"[0, 100000]","[0, 100000]",0,0,292,292
yolov8x_training,1735.401977,86,247.284,13370.3125,94,1935,10001,"[0, 100000]","[0, 100000]",0,0,6835,23144
yolov8x_training,1736.445123,82,250.538,13370.3125,80,2595,10001,"[0, 100000]","[0, 100000]",0,0,1171,292
yolov8x_training,1737.487910,87,260.559,13370.3125,15,1290,10001,"[0, 100000]","[0, 100000]",0,0,3125,39599
yolov8x_training,1738.552139,82,238.191,13370.3125,21,1170,10001,"[0, 100000]","[0, 100000]",0,0,292,292
yolov8x_training,1739.594893,87,207.581,13370.3125,87,1252,10001,"[0, 100000]","[0, 100000]",0,0,4003,17773
yolov8x_training,1740.638458,81,220.001,13370.3125,6,1260,10001,"[0, 100000]","[0, 100000]",0,0,292,1039990
yolov8x_training,1741.681503,86,200.459,13370.3125,87,2505,10001,"[0, 100000]","[0, 100000]",0,0,2099,390
yolov8x_training,1742.724718,81,217.413,13370.3125,0,1320,10001,"[0, 100000]","[0, 100000]",0,0,5908,21240
yolov8x_training,1743.768543,86,215.484,13370.3125,88,1395,10001,"[0, 100000]","[0, 100000]",0,0,341,1040771
yolov8x_training,1744.811617,85,209.159,13370.3125,9,2610,10001,"[0, 100000]","[0, 100000]",0,0,878,292
yolov8x_training,1745.881294,85,239.552,13370.3125,38,2460,10001,"[0, 100000]","[0, 100000]",0,0,15185,30761
yolov8x_training,1746.925048,81,253.018,13370.3125,63,1530,10001,"[0, 100000]","[0, 100000]",0,0,6152,90234
yolov8x_training,1747.969275,86,252.743,13370.3125,93,1185,10001,"[0, 100000]","[0, 100000]",0,0,6494,103759
yolov8x_training,1749.026558,86,237.924,13370.3125,80,1350,10001,"[0, 100000]","[0, 100000]",0,0,2783,6787
yolov8x_training,1750.069820,82,249.359,13370.3125,40,1290,10001,"[0, 100000]","[0, 100000]",0,0,3027,38818
yolov8x_training,1751.132480,86,241.291,13370.3125,94,2565,10001,"[0, 100000]","[0, 100000]",0,0,3417,14062
yolov8x_training,1752.175699,86,255.557,13370.3125,100,2655,10001,"[0, 100000]","[0, 100000]",0,0,341,292
yolov8x_training,1753.218351,86,253.106,13370.3125,39,1200,10001,"[0, 100000]","[0, 100000]",0,0,5908,24023
yolov8x_training,1754.261508,81,240.018,13370.3125,94,1620,10001,"[0, 100000]","[0, 100000]",0,0,15966,341
yolov8x_training,1755.304617,82,245.229,13370.3125,100,2505,10001,"[0, 100000]","[0, 100000]",0,0,6445,103564
yolov8x_training,1756.359534,84,257.295,13370.3125,31,1380,10001,"[0, 100000]","[0, 100000]",0,0,2978,11083
yolov8x_training,1757.402714,87,249.456,13370.3125,61,1230,10001,"[0, 100000]","[0, 100000]",0,0,341,1040673
yolov8x_training,1758.445746,86,239.605,13370.3125,94,2055,10001,"[0, 100000]","[0, 100000]",0,0,3515,31005
yolov8x_training,1759.488819,82,252.395,13370.3125,78,1365,10001,"[0, 100000]","[0, 100000]",0,0,341,292
yolov8x_training,1760.537130,87,254.052,13370.3125,26,2655,10001,"[0, 100000]","[0, 100000]",0,0,15136,30859
yolov8x_training,1761.580570,87,242.434,13370.3125,94,1350,10001,"[0, 100000]","[0, 100000]",0,0,6445,88916
yolov8x_training,1762.650038,83,246.323,13370.3125,100,1245,10001,"[0, 100000]","[0, 100000]",0,0,15234,35546
yolov8x_training,1763.693281,81,239.150,13370.3125,38,2460,10001,"[0, 100000]","[0, 100000]",0,0,2929,7617
yolov8x_training,1764.736827,86,252.351,13370.3125,46,1410,10001,"[0, 100000]","[0, 100000]",0,0,3417,36572
yolov8x_training,1765.796899,86,252.032,13370.3125,95,1275,10001,"[0, 100000]","[0, 100000]",0,0,3027,12597
yolov8x_training,1766.839883,88,236.069,13370.3125,74,2070,10001,"[0, 100000]","[0, 100000]",0,0,89062,16894
yolov8x_training,1767.883250,82,246.588,13370.3125,13,2325,10001,"[0, 100000]","[0, 100000]",0,0,4492,19238
yolov8x_training,1768.926445,87,256.790,13370.3125,94,1380,10001,"[0, 100000]","[0, 100000]",0,0,341,292
yolov8x_training,1769.969294,86,245.166,13370.3125,100,1200,10001,"[0, 100000]","[0, 100000]",0,0,13574,34863
yolov8x_training,1771.012549,86,239.660,13370.3125,54,1200,10001,"[0, 100000]","[0, 100000]",0,0,2636,2441
yolov8x_training,1772.055672,82,249.732,13370.3125,52,2040,10001,"[0, 100000]","[0, 100000]",0,0,3808,36962
yolov8x_training,1773.111969,86,247.558,13370.3125,94,1290,10001,"[0, 100000]","[0, 100000]",0,0,3369,12890
yolov8x_training,1774.154993,87,259.065,13370.3125,100,1830,10001,"[0, 100000]","[0, 100000]",0,0,292,1027148
yolov8x_training,1775.197664,85,244.792,13370.3125,21,1185,10001,"[0, 100000]","[0, 100000]",0,0,4785,17529
yolov8x_training,1776.240754,82,241.772,13370.3125,95,2520,10001,"[0, 100000]","[0, 100000]",0,0,14111,292
yolov8x_training,1777.288810,85,252.090,13370.3125,65,1365,10001,"[0, 100000]","[0, 100000]",0,0,15478,34375
yolov8x_training,1778.331896,85,253.469,13370.3125,35,1215,10001,"[0, 100000]","[0, 100000]",0,0,2441,1513
yolov8x_training,1779.375130,87,240.702,13370.3125,95,1440,10001,"[0, 100000]","[0, 100000]",0,0,6396,102929
yolov8x_training,1780.442231,83,241.969,13370.3125,100,2505,10001,"[0, 100000]","[0, 100000]",0,0,3417,12158
yolov8x_training,1781.485550,83,257.960,13370.3125,43,1725,10001,"[0, 100000]","[0, 100000]",0,0,341,1041015
yolov8x_training,1782.528544,87,245.628,13370.3125,72,1440,10001,"[0, 100000]","[0, 100000]",0,0,4345,19140
yolov8x_training,1783.571821,86,243.218,13370.3125,94,1245,10001,"[0, 100000]","[0, 100000]",0,0,341,292
yolov8x_training,1784.614458,82,241.754,13370.3125,76,2205,10001,"[0, 100000]","[0, 100000]",0,0,5468,19287
yolov8x_training,1785.657741,87,247.165,13370.3125,20,2625,10001,"[0, 100000]","[0, 100000]",0,0,927,292
yolov8x_training,1786.729648,87,262.280,13370.3125,93,1365,10001,"[0, 100000]","[0, 100000]",0,0,15185,34472
yolov8x_training,1787.772573,83,244.069,13370.3125,100,1170,10001,"[0, 100000]","[0, 100000]",0,0,2978,11767
yolov8x_training,1788.815602,86,238.098,13370.3125,50,2505,10001,"[0, 100000]","[0, 100000]",0,0,90673,36132
yolov8x_training,1789.882856,87,221.862,13370.3125,0,2415,10001,"[0, 100000]","[0, 100000]",0,0,341,292
yolov8x_training,1790.925946,82,220.049,13370.3125,92,967,10001,"[0, 100000]","[0, 100000]",0,0,3271,12841
yolov8x_training,1791.969664,86,210.892,13370.3125,27,2445,10001,"[0, 100000]","[0, 100000]",0,0,89306,21679
yolov8x_training,1793.013270,81,225.327,13370.3125,100,1425,10001,"[0, 100000]","[0, 100000]",0,0,292,292
yolov8x_training,1794.056117,86,205.151,13370.3125,0,2655,10001,"[0, 100000]","[0, 100000]",0,0,5566,19042
yolov8x_training,1795.099881,81,221.421,13370.3125,100,1185,10001,"[0, 100000]","[0, 100000]",0,0,341,292
yolov8x_training,1796.143125,87,209.257,13370.3125,0,2655,10001,"[0, 100000]","[0, 100000]",0,0,3417,14208
yolov8x_training,1797.186399,81,223.858,13370.3125,100,1155,10001,"[0, 100000]","[0, 100000]",0,0,292,1030224
yolov8x_training,1798.229263,85,204.103,13370.3125,87,2655,10001,"[0, 100000]","[0, 100000]",0,0,2197,292
yolov8x_training,1799.272386,82,237.698,13370.3125,95,2565,10001,"[0, 100000]","[0, 100000]",0,0,292,292
yolov8x_training,1800.314985,81,250.878,13370.3125,61,2055,10001,"[0, 100000]","[0, 100000]",0,0,3808,32617
yolov8x_training,1801.358341,86,254.628,13370.3125,43,1200,10001,"[0, 100000]","[0, 100000]",0,0,341,292
yolov8x_training,1802.401048,85,246.218,13370.3125,93,2535,10001,"[0, 100000]","[0, 100000]",0,0,5761,25927
yolov8x_training,1803.445116,81,254.255,13370.3125,63,1425,10001,"[0, 100000]","[0, 100000]",0,0,341,292
yolov8x_training,1804.511688,87,250.944,13370.3125,22,1350,10001,"[0, 100000]","[0, 100000]",0,0,15185,34570
yolov8x_training,1805.554654,87,234.759,13370.3125,94,1380,10001,"[0, 100000]","[0, 100000]",0,0,2587,6494
yolov8x_training,1806.597651,83,240.945,13370.3125,100,1350,10001,"[0, 100000]","[0, 100000]",0,0,3125,39111
yolov8x_training,1807.660893,84,250.144,13370.3125,36,2415,10001,"[0, 100000]","[0, 100000]",0,0,3027,35791
yolov8x_training,1808.704298,86,256.676,13370.3125,71,1920,10001,"[0, 100000]","[0, 100000]",0,0,3759,35937
yolov8x_training,1809.762592,86,251.908,13370.3125,94,1305,10001,"[0, 100000]","[0, 100000]",0,0,2880,10302
yolov8x_training,1810.805821,84,238.424,13370.3125,69,1980,10001,"[0, 100000]","[0, 100000]",0,0,88720,15869
yolov8x_training,1811.849211,86,248.041,13370.3125,26,2655,10001,"[0, 100000]","[0, 100000]",0,0,4101,33496
yolov8x_training,1812.892865,87,260.545,13370.3125,95,1230,10001,"[0, 100000]","[0, 100000]",0,0,390,292
yolov8x_training,1813.935535,82,243.061,13370.3125,86,1950,10001,"[0, 100000]","[0, 100000]",0,0,5029,20068
yolov8x_training,1814.978663,86,246.519,13370.3125,17,1365,10001,"[0, 100000]","[0, 100000]",0,0,341,341
yolov8x_training,1816.021357,87,263.931,13370.3125,94,1410,10001,"[0, 100000]","[0, 100000]",0,0,4150,32031
yolov8x_training,1817.065291,82,241.451,13370.3125,87,1185,10001,"[0, 100000]","[0, 100000]",0,0,341,292
yolov8x_training,1818.107977,87,245.298,13370.3125,14,1365,10001,"[0, 100000]","[0, 100000]",0,0,6591,104052
yolov8x_training,1819.163247,87,242.823,13370.3125,83,1275,10001,"[0, 100000]","[0, 100000]",0,0,2490,1367
yolov8x_training,1820.206583,84,257.043,13370.3125,100,1440,10001,"[0, 100000]","[0, 100000]",0,0,4199,104296
yolov8x_training,1821.279708,83,247.739,13370.3125,60,1260,10001,"[0, 100000]","[0, 100000]",0,0,2783,5224
yolov8x_training,1822.323681,82,243.566,13370.3125,99,990,10001,"[0, 100000]","[0, 100000]",0,0,7080,103466
yolov8x_training,1823.385954,87,254.793,13370.3125,47,1830,10001,"[0, 100000]","[0, 100000]",0,0,3222,36376
yolov8x_training,1824.429807,85,249.290,13370.3125,66,1275,10001,"[0, 100000]","[0, 100000]",0,0,6640,104638
yolov8x_training,1825.486235,82,240.086,13370.3125,95,1980,10001,"[0, 100000]","[0, 100000]",0,0,3173,11962
yolov8x_training,1826.529540,85,246.246,13370.3125,88,2400,10001,"[0, 100000]","[0, 100000]",0,0,89794,24072
yolov8x_training,1827.601397,88,259.356,13370.3125,6,1620,10001,"[0, 100000]","[0, 100000]",0,0,3417,13232
yolov8x_training,1828.645063,82,254.706,13370.3125,94,1815,10001,"[0, 100000]","[0, 100000]",0,0,89404,21142
yolov8x_training,1829.688664,86,243.110,13370.3125,100,1545,10001,"[0, 100000]","[0, 100000]",0,0,4589,18603
yolov8x_training,1830.732014,87,241.838,13370.3125,22,1312,10001,"[0, 100000]","[0, 100000]",0,0,292,292
yolov8x_training,1831.774695,84,256.926,13370.3125,76,1335,10001,"[0, 100000]","[0, 100000]",0,0,4589,28613
yolov8x_training,1832.818103,86,248.930,13370.3125,95,1230,10001,"[0, 100000]","[0, 100000]",0,0,341,292
yolov8x_training,1833.869332,82,242.384,13370.3125,57,2580,10001,"[0, 100000]","[0, 100000]",0,0,15380,36279
yolov8x_training,1834.912245,86,252.686,13370.3125,66,1335,10001,"[0, 100000]","[0, 100000]",0,0,1171,292
yolov8x_training,1835.954915,87,254.482,13370.3125,95,1200,10001,"[0, 100000]","[0, 100000]",0,0,6640,104296
yolov8x_training,1837.013994,82,240.325,13370.3125,81,1245,10001,"[0, 100000]","[0, 100000]",0,0,2929,9472
yolov8x_training,1838.057043,87,248.696,13370.3125,13,2010,10001,"[0, 100000]","[0, 100000]",0,0,6445,102880
yolov8x_training,1839.122216,88,260.748,13370.3125,95,922,10001,"[0, 100000]","[0, 100000]",0,0,7666,75195
yolov8x_training,1840.245162,87,241.027,13370.3125,88,1395,10001,"[0, 100000]","[0, 100000]",0,0,4443,104248
yolov8x_training,1841.317979,85,257.957,13370.3125,10,1200,10001,"[0, 100000]","[0, 100000]",0,0,3710,32470
yolov8x_training,1842.361372,82,209.057,13370.3125,87,2655,10001,"[0, 100000]","[0, 100000]",0,0,292,244
yolov8x_training,1843.404142,84,223.407,13370.3125,0,1185,10001,"[0, 100000]","[0, 100000]",0,0,2880,37255
yolov8x_training,1844.448230,83,193.499,13370.3125,88,2505,10001,"[0, 100000]","[0, 100000]",0,0,2880,39208
yolov8x_training,1845.510145,85,219.985,13370.3125,18,1185,10001,"[0, 100000]","[0, 100000]",0,0,341,292
yolov8x_training,1846.560781,86,235.343,13370.3125,26,2655,10001,"[0, 100000]","[0, 100000]",0,0,15576,31738
yolov8x_training,1847.604238,86,245.985,13370.3125,60,1830,10001,"[0, 100000]","[0, 100000]",0,0,3222,12353
yolov8x_training,1848.647334,85,219.401,13370.3125,17,2325,10001,"[0, 100000]","[0, 100000]",0,0,5761,93847
yolov8x_training,1849.715223,82,216.561,13370.3125,87,1620,10001,"[0, 100000]","[0, 100000]",0,0,292,292
yolov8x_training,1850.758266,86,214.719,13370.3125,0,2610,10001,"[0, 100000]","[0, 100000]",0,0,2880,10107
yolov8x_training,1851.802061,81,214.721,13370.3125,85,1995,10001,"[0, 100000]","[0, 100000]",0,0,5224,30175
yolov8x_training,1852.845446,86,256.798,13370.3125,93,1170,10001,"[0, 100000]","[0, 100000]",0,0,341,292
yolov8x_training,1853.888107,84,238.326,13370.3125,100,2280,10001,"[0, 100000]","[0, 100000]",0,0,4003,35742
yolov8x_training,1854.944504,81,230.615,13370.3125,40,2610,10001,"[0, 100000]","[0, 100000]",0,0,4882,17675
yolov8x_training,1855.987892,86,242.670,13370.3125,10,1290,10001,"[0, 100000]","[0, 100000]",0,0,10009,292
yolov8x_training,1857.046971,87,255.081,13370.3125,66,2625,10001,"[0, 100000]","[0, 100000]",0,0,15185,34570
yolov8x_training,1858.089933,86,247.089,13370.3125,96,1680,10001,"[0, 100000]","[0, 100000]",0,0,2636,3417
yolov8x_training,1859.132843,82,253.140,13370.3125,67,1170,10001,"[0, 100000]","[0, 100000]",0,0,89453,21142
yolov8x_training,1860.176338,85,233.138,13370.3125,11,2025,10001,"[0, 100000]","[0, 100000]",0,0,3564,31738
yolov8x_training,1861.219398,88,241.564,13370.3125,94,1312,10001,"[0, 100000]","[0, 100000]",0,0,341,292
yolov8x_training,1862.262397,86,250.873,13370.3125,90,2505,10001,"[0, 100000]","[0, 100000]",0,0,6591,101318
yolov8x_training,1863.321385,87,254.186,13370.3125,13,1185,10001,"[0, 100000]","[0, 100000]",0,0,2929,11083
yolov8x_training,1864.364560,85,243.858,13370.3125,75,1935,10001,"[0, 100000]","[0, 100000]",0,0,88964,18701
yolov8x_training,1865.407560,82,237.756,13370.3125,93,2595,10001,"[0, 100000]","[0, 100000]",0,0,5615,25488
yolov8x_training,1866.450908,86,252.791,13370.3125,77,1320,10001,"[0, 100000]","[0, 100000]",0,0,292,292
yolov8x_training,1867.493599,87,252.632,13370.3125,21,1275,10001,"[0, 100000]","[0, 100000]",0,0,4736,102539
yolov8x_training,1868.565085,86,243.527,13370.3125,61,1830,10001,"[0, 100000]","[0, 100000]",0,0,3222,11816
yolov8x_training,1869.608706,82,238.772,13370.3125,94,1215,10001,"[0, 100000]","[0, 100000]",0,0,88867,15527
yolov8x_training,1870.651730,86,238.125,13370.3125,85,2565,10001,"[0, 100000]","[0, 100000]",0,0,5175,18945
yolov8x_training,1871.695006,87,238.111,13370.3125,20,2295,10001,"[0, 100000]","[0, 100000]",0,0,341,292
yolov8x_training,1872.745162,86,256.126,13370.3125,61,1230,10001,"[0, 100000]","[0, 100000]",0,0,15478,34326
yolov8x_training,1873.788180,82,249.799,13370.3125,95,1185,10001,"[0, 100000]","[0, 100000]",0,0,2978,10156
yolov8x_training,1874.831526,83,238.174,13370.3125,86,2460,10001,"[0, 100000]","[0, 100000]",0,0,89257,20263
yolov8x_training,1875.874714,84,242.146,13370.3125,19,1275,10001,"[0, 100000]","[0, 100000]",0,0,3369,26513
yolov8x_training,1876.918065,87,257.611,13370.3125,71,1215,10001,"[0, 100000]","[0, 100000]",0,0,341,292
yolov8x_training,1877.960751,87,249.105,13370.3125,94,1320,10001,"[0, 100000]","[0, 100000]",0,0,292,292
yolov8x_training,1879.003462,82,209.210,13370.3125,73,2160,10001,"[0, 100000]","[0, 100000]",0,0,634,292
yolov8x_training,1880.046406,82,234.357,13370.3125,42,1785,10001,"[0, 100000]","[0, 100000]",0,0,3662,16162
yolov8x_training,1881.089773,87,225.019,13370.3125,81,2640,10001,"[0, 100000]","[0, 100000]",0,0,88671,17724
yolov8x_training,1882.133356,82,207.953,13370.3125,41,1350,10001,"[0, 100000]","[0, 100000]",0,0,1416,292
yolov8x_training,1883.176847,87,233.876,13370.3125,100,1380,10001,"[0, 100000]","[0, 100000]",0,0,341,341
yolov8x_training,1884.246993,83,253.845,13370.3125,46,1215,10001,"[0, 100000]","[0, 100000]",0,0,15136,33300
yolov8x_training,1885.290019,84,249.564,13370.3125,78,2175,10001,"[0, 100000]","[0, 100000]",0,0,14501,292
yolov8x_training,1886.360940,82,236.475,13370.3125,92,2580,10001,"[0, 100000]","[0, 100000]",0,0,15039,34667
yolov8x_training,1887.404001,85,248.826,13370.3125,87,1920,10001,"[0, 100000]","[0, 100000]",0,0,2392,976
yolov8x_training,1888.446961,87,262.658,13370.3125,25,1275,10001,"[0, 100000]","[0, 100000]",0,0,6298,102343
yolov8x_training,1889.505198,83,242.120,13370.3125,94,2025,10001,"[0, 100000]","[0, 100000]",0,0,3173,12890
yolov8x_training,1890.548280,85,242.217,13370.3125,100,2265,10001,"[0, 100000]","[0, 100000]",0,0,88671,15380
yolov8x_training,1891.591609,87,252.605,13370.3125,34,2565,10001,"[0, 100000]","[0, 100000]",0,0,3320,27490
yolov8x_training,1892.634576,86,255.385,13370.3125,56,2055,10001,"[0, 100000]","[0, 100000]",0,0,341,341
yolov8x_training,1893.677187,82,253.122,13370.3125,94,1965,10001,"[0, 100000]","[0, 100000]",0,0,4541,26806
yolov8x_training,1894.722079,87,244.080,13370.3125,53,2535,10001,"[0, 100000]","[0, 100000]",0,0,341,292
yolov8x_training,1895.784260,87,245.821,13370.3125,25,1845,10001,"[0, 100000]","[0, 100000]",0,0,15185,32177
yolov8x_training,1896.827122,88,255.392,13370.3125,93,1170,10001,"[0, 100000]","[0, 100000]",0,0,2392,2099
yolov8x_training,1897.869982,83,245.028,13370.3125,100,2490,10001,"[0, 100000]","[0, 100000]",0,0,6640,102246
yolov8x_training,1898.931929,81,252.906,13370.3125,15,1770,10001,"[0, 100000]","[0, 100000]",0,0,8740,29492
yolov8x_training,1899.975423,86,220.493,13370.3125,45,2220,10001,"[0, 100000]","[0, 100000]",0,0,341,244
yolov8x_training,1901.018215,81,199.022,13370.3125,89,1335,10001,"[0, 100000]","[0, 100000]",0,0,2587,3271
yolov8x_training,1902.070827,86,219.549,13370.3125,8,2505,10001,"[0, 100000]","[0, 100000]",0,0,14453,30371
yolov8x_training,1903.114247,84,211.847,13370.3125,88,2100,10001,"[0, 100000]","[0, 100000]",0,0,341,1034570
yolov8x_training,1904.157242,85,203.164,13370.3125,0,1395,10001,"[0, 100000]","[0, 100000]",0,0,1611,292
yolov8x_training,1905.201459,86,220.079,13370.3125,100,2520,10001,"[0, 100000]","[0, 100000]",0,0,13964,31689
yolov8x_training,1906.244531,81,224.462,13370.3125,47,1335,10001,"[0, 100000]","[0, 100000]",0,0,3173,12890
yolov8x_training,1907.287701,84,239.848,13370.3125,93,2445,10001,"[0, 100000]","[0, 100000]",0,0,28369,39550
yolov8x_training,1908.350122,86,252.267,13370.3125,69,1305,10001,"[0, 100000]","[0, 100000]",0,0,3173,10839
yolov8x_training,1909.393745,86,250.148,13370.3125,58,1350,10001,"[0, 100000]","[0, 100000]",0,0,6640,105175
yolov8x_training,1910.458147,83,249.703,13370.3125,99,1785,10001,"[0, 100000]","[0, 100000]",0,0,2294,1171
yolov8x_training,1911.519753,86,257.186,13370.3125,44,1215,10001,"[0, 100000]","[0, 100000]",0,0,15185,33154
yolov8x_training,1912.562694,83,240.011,13370.3125,85,1260,10001,"[0, 100000]","[0, 100000]",0,0,1953,292
yolov8x_training,1913.605493,84,243.094,13370.3125,98,2040,10001,"[0, 100000]","[0, 100000]",0,0,7031,101416
yolov8x_training,1914.665924,87,244.424,13370.3125,50,2520,10001,"[0, 100000]","[0, 100000]",0,0,2441,125976
yolov8x_training,1915.709601,86,251.310,13370.3125,37,1515,10001,"[0, 100000]","[0, 100000]",0,0,4931,102246
yolov8x_training,1916.779671,82,257.429,13370.3125,94,1230,10001,"[0, 100000]","[0, 100000]",0,0,2685,7714
yolov8x_training,1917.822732,88,244.349,13370.3125,93,2310,10001,"[0, 100000]","[0, 100000]",0,0,6298,103808
yolov8x_training,1918.890791,87,245.289,13370.3125,29,1500,10001,"[0, 100000]","[0, 100000]",0,0,2734,9716
yolov8x_training,1919.933844,88,262.735,13370.3125,93,1290,10001,"[0, 100000]","[0, 100000]",0,0,4199,102539
yolov8x_training,1921.008388,83,239.931,13370.3125,100,1995,10001,"[0, 100000]","[0, 100000]",0,0,2685,9570
yolov8x_training,1922.081341,86,249.982,13370.3125,21,2655,10001,"[0, 100000]","[0, 100000]",0,0,15234,31591
yolov8x_training,1923.124958,88,264.539,13370.3125,94,922,10001,"[0, 100000]","[0, 100000]",0,0,341,292
yolov8x_training,1924.167940,82,258.396,13370.3125,83,2010,10001,"[0, 100000]","[0, 100000]",0,0,5419,31347
yolov8x_training,1925.211402,87,247.503,13370.3125,55,1710,10001,"[0, 100000]","[0, 100000]",0,0,341,292
yolov8x_training,1926.253988,87,252.546,13370.3125,67,1320,10001,"[0, 100000]","[0, 100000]",0,0,7128,21191
yolov8x_training,1927.296984,83,259.383,13370.3125,67,2370,10001,"[0, 100000]","[0, 100000]",0,0,341,341
yolov8x_training,1928.339627,82,252.277,13370.3125,94,1635,10001,"[0, 100000]","[0, 100000]",0,0,10400,33105
yolov8x_training,1929.382533,87,251.522,13370.3125,66,1200,10001,"[0, 100000]","[0, 100000]",0,0,1269,292
yolov8x_training,1930.445445,86,244.849,13370.3125,63,2025,10001,"[0, 100000]","[0, 100000]",0,0,15136,32861
yolov8x_training,1931.488464,84,255.709,13370.3125,95,1350,10001,"[0, 100000]","[0, 100000]",0,0,14648,292
yolov8x_training,1932.555618,86,248.279,13370.3125,74,1207,10001,"[0, 100000]","[0, 100000]",0,0,15136,34667
yolov8x_training,1933.598561,88,238.082,13370.3125,16,1530,10001,"[0, 100000]","[0, 100000]",0,0,2685,3320
yolov8x_training,1934.641347,84,241.141,13370.3125,100,1185,10001,"[0, 100000]","[0, 100000]",0,0,3173,36083
yolov8x_training,1935.702969,85,251.489,13370.3125,34,2415,10001,"[0, 100000]","[0, 100000]",0,0,3759,11962
yolov8x_training,1936.746892,87,250.385,13370.3125,65,2355,10001,"[0, 100000]","[0, 100000]",0,0,341,1029931
yolov8x_training,1937.790050,86,256.253,13370.3125,94,2205,10001,"[0, 100000]","[0, 100000]",0,0,3564,27880
yolov8x_training,1938.833220,87,238.057,13370.3125,79,1425,10001,"[0, 100000]","[0, 100000]",0,0,341,292
yolov8x_training,1939.875847,82,250.642,13370.3125,28,1057,10001,"[0, 100000]","[0, 100000]",0,0,5957,20947
yolov8x_training,1940.919807,87,257.975,13370.3125,94,1680,10001,"[0, 100000]","[0, 100000]",0,0,1074,292
yolov8x_training,1941.962485,87,248.044,13370.3125,100,1245,10001,"[0, 100000]","[0, 100000]",0,0,88671,15771
yolov8x_training,1943.005494,85,224.328,13370.3125,70,1260,10001,"[0, 100000]","[0, 100000]",0,0,6347,104199
yolov8x_training,1944.073227,85,235.031,13370.3125,69,2400,10001,"[0, 100000]","[0, 100000]",0,0,292,341
yolov8x_training,1945.116006,86,204.779,13370.3125,54,1605,10001,"[0, 100000]","[0, 100000]",0,0,3808,15039
yolov8x_training,1946.159255,82,203.115,13370.3125,60,1275,10001,"[0, 100000]","[0, 100000]",0,0,341,1037255
yolov8x_training,1947.202337,86,223.570,13370.3125,42,1305,10001,"[0, 100000]","[0, 100000]",0,0,21826,38720
yolov8x_training,1948.267344,86,221.126,13370.3125,68,1935,10001,"[0, 100000]","[0, 100000]",0,0,292,292
yolov8x_training,1949.310071,81,218.856,13370.3125,0,1170,10001,"[0, 100000]","[0, 100000]",0,0,7177,22998
yolov8x_training,1950.353676,82,205.052,13370.3125,99,1252,10001,"[0, 100000]","[0, 100000]",0,0,292,244
yolov8x_training,1951.396434,85,216.338,13370.3125,12,1230,10001,"[0, 100000]","[0, 100000]",0,0,2880,4882
yolov8x_training,1952.439754,85,196.903,13370.3125,95,2505,10001,"[0, 100000]","[0, 100000]",0,0,89062,21240
yolov8x_training,1953.483431,83,218.831,13370.3125,0,1215,10001,"[0, 100000]","[0, 100000]",0,0,12158,292
yolov8x_training,1954.535890,86,200.612,13370.3125,87,1815,10001,"[0, 100000]","[0, 100000]",0,0,14111,33789
yolov8x_training,1955.579224,81,226.368,13370.3125,0,1755,10001,"[0, 100000]","[0, 100000]",0,0,341,292
yolov8x_training,1956.622001,85,205.991,13370.3125,95,1335,10001,"[0, 100000]","[0, 100000]",0,0,3759,11181
yolov8x_training,1957.665706,86,241.687,13370.3125,80,1380,10001,"[0, 100000]","[0, 100000]",0,0,341,292
yolov8x_training,1958.716009,85,247.312,13370.3125,95,1200,10001,"[0, 100000]","[0, 100000]",0,0,15478,36181
yolov8x_training,1959.759430,81,242.139,13370.3125,51,2070,10001,"[0, 100000]","[0, 100000]",0,0,2734,6005
yolov8x_training,1960.802732,84,248.122,13370.3125,38,1327,10001,"[0, 100000]","[0, 100000]",0,0,4003,37255
yolov8x_training,1961.858590,86,256.294,13370.3125,93,1260,10001,"[0, 100000]","[0, 100000]",0,0,3173,11621
yolov8x_training,1962.901541,87,245.555,13370.3125,94,1470,10001,"[0, 100000]","[0, 100000]",0,0,88964,17480
yolov8x_training,1963.944585,82,245.566,13370.3125,18,1252,10001,"[0, 100000]","[0, 100000]",0,0,4003,16259
yolov8x_training,1964.987619,86,259.325,13370.3125,94,1335,10001,"[0, 100000]","[0, 100000]",0,0,341,1040771
yolov8x_training,1966.030461,87,242.291,13370.3125,100,1245,10001,"[0, 100000]","[0, 100000]",0,0,5175,16455
yolov8x_training,1967.073366,82,250.417,13370.3125,16,1350,10001,"[0, 100000]","[0, 100000]",0,0,341,1029589
yolov8x_training,1968.116175,85,260.231,13370.3125,93,2400,10001,"[0, 100000]","[0, 100000]",0,0,4248,31787
yolov8x_training,1969.159965,87,261.433,13370.3125,100,1770,10001,"[0, 100000]","[0, 100000]",0,0,341,292
yolov8x_training,1970.202574,82,238.585,13370.3125,23,1365,10001,"[0, 100000]","[0, 100000]",0,0,5566,25732
yolov8x_training,1971.245538,81,224.930,13370.3125,57,2220,10001,"[0, 100000]","[0, 100000]",0,0,6054,22851
yolov8x_training,1972.289602,86,211.001,13370.3125,68,1320,10001,"[0, 100000]","[0, 100000]",0,0,292,292
yolov8x_training,1973.332398,83,215.014,13370.3125,41,2475,10001,"[0, 100000]","[0, 100000]",0,0,2978,12207
yolov8x_training,1974.375775,85,221.912,13370.3125,33,1275,10001,"[0, 100000]","[0, 100000]",0,0,5029,103271
yolov8x_training,1975.419376,87,238.280,13370.3125,95,1365,10001,"[0, 100000]","[0, 100000]",0,0,4687,102587
yolov8x_training,1976.491583,82,248.307,13370.3125,96,2640,10001,"[0, 100000]","[0, 100000]",0,0,1562,292
yolov8x_training,1977.534369,86,265.245,13370.3125,8,622,10001,"[0, 100000]","[0, 100000]",0,0,6347,102636
yolov8x_training,1978.594555,86,240.517,13370.3125,88,1380,10001,"[0, 100000]","[0, 100000]",0,0,2929,10595
yolov8x_training,1979.637864,84,237.007,13370.3125,100,1170,10001,"[0, 100000]","[0, 100000]",0,0,89306,20654
yolov8x_training,1980.681422,82,238.368,13370.3125,42,2220,10001,"[0, 100000]","[0, 100000]",0,0,4541,19628
yolov8x_training,1981.724483,87,254.940,13370.3125,54,2475,10001,"[0, 100000]","[0, 100000]",0,0,292,292
yolov8x_training,1982.767083,86,249.953,13370.3125,94,1485,10001,"[0, 100000]","[0, 100000]",0,0,5712,21435
yolov8x_training,1983.810280,82,247.314,13370.3125,87,2070,10001,"[0, 100000]","[0, 100000]",0,0,341,292
yolov8x_training,1984.877667,83,242.636,13370.3125,6,1252,10001,"[0, 100000]","[0, 100000]",0,0,15332,36767
yolov8x_training,1985.921067,81,261.941,13370.3125,94,1380,10001,"[0, 100000]","[0, 100000]",0,0,3906,15966
yolov8x_training,1986.964333,85,215.970,13370.3125,57,2655,10001,"[0, 100000]","[0, 100000]",0,0,4589,24609
yolov8x_training,1988.007312,81,248.262,13370.3125,38,1380,10001,"[0, 100000]","[0, 100000]",0,0,341,292
yolov8x_training,1989.049936,81,246.293,13370.3125,94,1185,10001,"[0, 100000]","[0, 100000]",0,0,488,292
yolov8x_training,1990.093753,86,207.264,13370.3125,1,2505,10001,"[0, 100000]","[0, 100000]",0,0,14208,34619
yolov8x_training,1991.137616,81,214.814,13370.3125,100,1245,10001,"[0, 100000]","[0, 100000]",0,0,341,292
yolov8x_training,1992.180642,86,200.231,13370.3125,0,1305,10001,"[0, 100000]","[0, 100000]",0,0,3173,10791
yolov8x_training,1993.224593,86,243.890,13370.3125,100,2400,10001,"[0, 100000]","[0, 100000]",0,0,341,292
yolov8x_training,1994.267531,86,258.721,13370.3125,21,1485,10001,"[0, 100000]","[0, 100000]",0,0,15039,34228
yolov8x_training,1995.310922,82,235.813,13370.3125,89,1320,10001,"[0, 100000]","[0, 100000]",0,0,2099,292
yolov8x_training,1996.353647,83,242.137,13370.3125,100,2400,10001,"[0, 100000]","[0, 100000]",0,0,6542,103271
yolov8x_training,1997.416183,85,259.969,13370.3125,30,960,10001,"[0, 100000]","[0, 100000]",0,0,2294,125439
yolov8x_training,1998.476434,87,236.712,13370.3125,85,1230,10001,"[0, 100000]","[0, 100000]",0,0,15185,34667
yolov8x_training,1999.519367,83,244.428,13370.3125,100,2355,10001,"[0, 100000]","[0, 100000]",0,0,1708,292
yolov8x_training,2000.578901,86,258.516,13370.3125,25,2505,10001,"[0, 100000]","[0, 100000]",0,0,15576,34472
yolov8x_training,2001.621746,87,248.846,13370.3125,82,1410,10001,"[0, 100000]","[0, 100000]",0,0,1611,292
yolov8x_training,2002.664467,84,247.319,13370.3125,100,1260,10001,"[0, 100000]","[0, 100000]",0,0,4003,35791
yolov8x_training,2003.721000,83,230.265,13370.3125,100,1275,10001,"[0, 100000]","[0, 100000]",0,0,4150,103955
yolov8x_training,2004.793402,82,247.407,13370.3125,95,2055,10001,"[0, 100000]","[0, 100000]",0,0,6103,93017
yolov8x_training,2005.864122,82,244.344,13370.3125,13,1252,10001,"[0, 100000]","[0, 100000]",0,0,15527,35253
yolov8x_training,2006.907372,86,263.123,13370.3125,93,1290,10001,"[0, 100000]","[0, 100000]",0,0,1123,341
yolov8x_training,2007.950366,86,241.316,13370.3125,100,1425,10001,"[0, 100000]","[0, 100000]",0,0,6396,103759
yolov8x_training,2009.009178,86,248.767,13370.3125,23,2505,10001,"[0, 100000]","[0, 100000]",0,0,2734,10107
yolov8x_training,2010.052216,81,256.628,13370.3125,69,2565,10001,"[0, 100000]","[0, 100000]",0,0,3271,36669
yolov8x_training,2011.114467,86,247.091,13370.3125,95,1575,10001,"[0, 100000]","[0, 100000]",0,0,3125,12500
yolov8x_training,2012.157425,86,256.245,13370.3125,77,1170,10001,"[0, 100000]","[0, 100000]",0,0,341,1040917
yolov8x_training,2013.200359,82,239.406,13370.3125,28,2400,10001,"[0, 100000]","[0, 100000]",0,0,4785,17138
yolov8x_training,2014.243869,87,243.696,13370.3125,94,1980,10001,"[0, 100000]","[0, 100000]",0,0,341,292
yolov8x_training,2015.286482,87,260.158,13370.3125,18,1320,10001,"[0, 100000]","[0, 100000]",0,0,5468,22021
yolov8x_training,2016.329893,84,235.334,13370.3125,71,1320,10001,"[0, 100000]","[0, 100000]",0,0,1708,292
yolov8x_training,2017.372750,86,238.394,13370.3125,95,2580,10001,"[0, 100000]","[0, 100000]",0,0,4345,104980
yolov8x_training,2018.446059,87,250.023,13370.3125,90,1470,10001,"[0, 100000]","[0, 100000]",0,0,2783,10253
yolov8x_training,2019.489439,87,255.929,13370.3125,14,1185,10001,"[0, 100000]","[0, 100000]",0,0,341,955908
yolov8x_training,2020.532635,83,240.063,13370.3125,95,1785,10001,"[0, 100000]","[0, 100000]",0,0,3857,16210
yolov8x_training,2021.576171,86,240.361,13370.3125,100,1365,10001,"[0, 100000]","[0, 100000]",0,0,341,1029101
yolov8x_training,2022.618705,87,257.287,13370.3125,45,2340,10001,"[0, 100000]","[0, 100000]",0,0,5615,21533
yolov8x_training,2023.662186,86,251.351,13370.3125,41,1320,10001,"[0, 100000]","[0, 100000]",0,0,927,292
yolov8x_training,2024.705182,82,253.094,13370.3125,95,1185,10001,"[0, 100000]","[0, 100000]",0,0,6591,104589
yolov8x_training,2025.763008,86,244.063,13370.3125,86,1995,10001,"[0, 100000]","[0, 100000]",0,0,2734,5322
yolov8x_training,2026.806383,87,242.922,13370.3125,15,1252,10001,"[0, 100000]","[0, 100000]",0,0,90185,28173
yolov8x_training,2027.874739,87,261.114,13370.3125,88,1275,10001,"[0, 100000]","[0, 100000]",0,0,3369,12695
yolov8x_training,2028.917709,86,245.034,13370.3125,100,1230,10001,"[0, 100000]","[0, 100000]",0,0,341,1040820
yolov8x_training,2029.960875,82,236.254,13370.3125,68,1905,10001,"[0, 100000]","[0, 100000]",0,0,4248,28662
yolov8x_training,2031.003981,87,250.933,13370.3125,30,2655,10001,"[0, 100000]","[0, 100000]",0,0,292,292
yolov8x_training,2032.046641,87,258.124,13370.3125,94,1200,10001,"[0, 100000]","[0, 100000]",0,0,7128,103710
yolov8x_training,2033.109222,86,245.062,13370.3125,100,2130,10001,"[0, 100000]","[0, 100000]",0,0,3027,11474
yolov8x_training,2034.152500,82,256.404,13370.3125,64,1185,10001,"[0, 100000]","[0, 100000]",0,0,292,1039013
yolov8x_training,2035.195341,88,236.610,13370.3125,24,2160,10001,"[0, 100000]","[0, 100000]",0,0,3955,30371
yolov8x_training,2036.238624,87,240.368,13370.3125,94,1327,10001,"[0, 100000]","[0, 100000]",0,0,341,292
yolov8x_training,2037.301951,86,255.598,13370.3125,47,1380,10001,"[0, 100000]","[0, 100000]",0,0,15429,34667
yolov8x_training,2038.345400,82,246.507,13370.3125,50,1155,10001,"[0, 100000]","[0, 100000]",0,0,634,292
yolov8x_training,2039.388198,82,248.355,13370.3125,94,1275,10001,"[0, 100000]","[0, 100000]",0,0,6542,104199
yolov8x_training,2040.443613,86,254.075,13370.3125,83,2535,10001,"[0, 100000]","[0, 100000]",0,0,2783,7373
yolov8x_training,2041.486809,88,258.656,13370.3125,9,1605,10001,"[0, 100000]","[0, 100000]",0,0,51318,220361
yolov8x_training,2042.529578,82,250.996,13370.3125,95,2280,10001,"[0, 100000]","[0, 100000]",0,0,3222,12109
yolov8x_training,2043.572834,87,242.524,13370.3125,100,2325,10001,"[0, 100000]","[0, 100000]",0,0,341,1037060
yolov8x_training,2044.615993,86,254.536,13370.3125,33,2505,10001,"[0, 100000]","[0, 100000]",0,0,5078,28125
yolov8x_training,2045.659136,87,254.558,13370.3125,47,1650,10001,"[0, 100000]","[0, 100000]",0,0,732,292
yolov8x_training,2046.702258,83,253.686,13370.3125,94,1500,10001,"[0, 100000]","[0, 100000]",0,0,4003,36718
yolov8x_training,2047.787321,85,234.617,13370.3125,100,1680,10001,"[0, 100000]","[0, 100000]",0,0,13867,32617
yolov8x_training,2048.830720,86,203.521,13370.3125,73,1965,10001,"[0, 100000]","[0, 100000]",0,0,292,292
yolov8x_training,2049.873474,87,226.388,13370.3125,31,1290,10001,"[0, 100000]","[0, 100000]",0,0,3515,12109
yolov8x_training,2050.916654,81,209.478,13370.3125,72,1117,10001,"[0, 100000]","[0, 100000]",0,0,4638,17822
yolov8x_training,2051.959818,82,238.674,13370.3125,39,2655,10001,"[0, 100000]","[0, 100000]",0,0,5712,91259
yolov8x_training,2053.028606,85,225.363,13370.3125,81,1185,10001,"[0, 100000]","[0, 100000]",0,0,341,341
yolov8x_training,2054.071906,82,210.330,13370.3125,37,1327,10001,"[0, 100000]","[0, 100000]",0,0,4003,24267
yolov8x_training,2055.115128,87,229.472,13370.3125,82,1425,10001,"[0, 100000]","[0, 100000]",0,0,3466,13623
yolov8x_training,2056.158705,84,217.797,13370.3125,99,2430,10001,"[0, 100000]","[0, 100000]",0,0,4052,36718
yolov8x_training,2057.215578,87,225.834,13370.3125,45,2505,10001,"[0, 100000]","[0, 100000]",0,0,3710,14990
yolov8x_training,2058.258555,87,242.823,13370.3125,100,1350,10001,"[0, 100000]","[0, 100000]",0,0,341,1035839
yolov8x_training,2059.301305,82,263.947,13370.3125,17,1275,10001,"[0, 100000]","[0, 100000]",0,0,3515,27050
yolov8x_training,2060.344445,82,224.667,13370.3125,95,2370,10001,"[0, 100000]","[0, 100000]",0,0,88623,15820
yolov8x_training,2061.388050,87,205.255,13370.3125,13,2130,10001,"[0, 100000]","[0, 100000]",0,0,1123,292
yolov8x_training,2062.461373,81,205.723,13370.3125,99,1395,10001,"[0, 100000]","[0, 100000]",0,0,14013,27490
yolov8x_training,2063.504632,81,229.928,13370.3125,100,1095,10001,"[0, 100000]","[0, 100000]",0,0,3808,28955
yolov8x_training,2064.547704,86,219.524,13370.3125,0,1920,10001,"[0, 100000]","[0, 100000]",0,0,341,1027978
yolov8x_training,2065.590620,81,214.934,13370.3125,92,1200,10001,"[0, 100000]","[0, 100000]",0,0,341,244
yolov8x_training,2066.633805,86,213.756,13370.3125,41,2655,10001,"[0, 100000]","[0, 100000]",0,0,7470,22753
yolov8x_training,2067.677009,87,235.415,13370.3125,15,2505,10001,"[0, 100000]","[0, 100000]",0,0,5224,16455
yolov8x_training,2068.720249,80,222.074,13370.3125,85,1185,10001,"[0, 100000]","[0, 100000]",0,0,292,1029199
yolov8x_training,2069.763281,86,221.523,13370.3125,37,1785,10001,"[0, 100000]","[0, 100000]",0,0,3173,37060
yolov8x_training,2070.824014,81,252.199,13370.3125,94,1170,10001,"[0, 100000]","[0, 100000]",0,0,3466,12890
yolov8x_training,2071.867048,82,233.475,13370.3125,100,2100,10001,"[0, 100000]","[0, 100000]",0,0,341,1040771
yolov8x_training,2072.910126,84,237.188,13370.3125,23,2370,10001,"[0, 100000]","[0, 100000]",0,0,3515,32275
yolov8x_training,2073.953261,86,252.178,13370.3125,76,922,10001,"[0, 100000]","[0, 100000]",0,0,390,292
yolov8x_training,2074.995941,86,247.094,13370.3125,95,1275,10001,"[0, 100000]","[0, 100000]",0,0,341,292
yolov8x_training,2076.038775,81,221.999,13370.3125,88,2070,10001,"[0, 100000]","[0, 100000]",0,0,2636,52246
yolov8x_training,2077.082712,86,214.754,13370.3125,4,2655,10001,"[0, 100000]","[0, 100000]",0,0,90673,37451
yolov8x_training,2078.149564,81,207.028,13370.3125,86,1170,10001,"[0, 100000]","[0, 100000]",0,0,390,292
yolov8x_training,2079.192361,85,233.721,13370.3125,6,1260,10001,"[0, 100000]","[0, 100000]",0,0,341,481103
yolov8x_training,2080.234913,81,237.676,13370.3125,58,1365,10001,"[0, 100000]","[0, 100000]",0,0,292,292
yolov8x_training,2081.277672,85,208.154,13370.3125,64,2445,10001,"[0, 100000]","[0, 100000]",0,0,3564,12744
yolov8x_training,2082.321127,80,226.639,13370.3125,57,1380,10001,"[0, 100000]","[0, 100000]",0,0,89550,24072
yolov8x_training,2083.394168,85,240.157,13370.3125,56,2220,10001,"[0, 100000]","[0, 100000]",0,0,3222,10937
yolov8x_training,2084.438139,85,253.214,13370.3125,44,1230,10001,"[0, 100000]","[0, 100000]",0,0,89843,20898
yolov8x_training,2085.481663,81,244.139,13370.3125,95,2595,10001,"[0, 100000]","[0, 100000]",0,0,3369,13281
yolov8x_training,2086.524778,85,252.065,13370.3125,80,1485,10001,"[0, 100000]","[0, 100000]",0,0,341,1039550
yolov8x_training,2087.567458,86,257.482,13370.3125,28,1410,10001,"[0, 100000]","[0, 100000]",0,0,3320,30566
yolov8x_training,2088.610454,84,234.036,13370.3125,0,2640,10001,"[0, 100000]","[0, 100000]",0,0,292,244
yolov8x_training,2089.653223,81,201.867,13370.3125,87,2040,10001,"[0, 100000]","[0, 100000]",0,0,2392,2099
yolov8x_training,2090.721752,86,219.164,13370.3125,5,2055,10001,"[0, 100000]","[0, 100000]",0,0,14062,35302
yolov8x_training,2091.765083,81,209.237,13370.3125,86,1845,10001,"[0, 100000]","[0, 100000]",0,0,341,244
yolov8x_training,2092.807920,85,207.847,13370.3125,4,2610,10001,"[0, 100000]","[0, 100000]",0,0,3515,13916
yolov8x_training,2093.851142,81,199.759,13370.3125,88,2040,10001,"[0, 100000]","[0, 100000]",0,0,292,1036035
yolov8x_training,2094.894766,86,222.164,13370.3125,16,2505,10001,"[0, 100000]","[0, 100000]",0,0,13037,10693
yolov8x_training,2095.938256,85,224.318,13370.3125,77,1230,10001,"[0, 100000]","[0, 100000]",0,0,341,341
yolov8x_training,2096.980841,84,243.822,13370.3125,100,2070,10001,"[0, 100000]","[0, 100000]",0,0,5175,21484
yolov8x_training,2098.024256,83,245.517,13370.3125,36,1177,10001,"[0, 100000]","[0, 100000]",0,0,878,341
yolov8x_training,2099.095433,85,253.835,13370.3125,57,1327,10001,"[0, 100000]","[0, 100000]",0,0,15380,37109
yolov8x_training,2100.138800,85,249.199,13370.3125,93,1365,10001,"[0, 100000]","[0, 100000]",0,0,1367,341
yolov8x_training,2101.182005,81,256.523,13370.3125,72,1305,10001,"[0, 100000]","[0, 100000]",0,0,5810,103564
yolov8x_training,2102.250563,86,237.263,13370.3125,17,1920,10001,"[0, 100000]","[0, 100000]",0,0,5224,102587
yolov8x_training,2103.315259,86,258.197,13370.3125,86,930,10001,"[0, 100000]","[0, 100000]",0,0,15136,33886
yolov8x_training,2104.358690,81,258.523,13370.3125,28,1290,10001,"[0, 100000]","[0, 100000]",0,0,927,341
yolov8x_training,2105.414819,81,245.770,13370.3125,94,2220,10001,"[0, 100000]","[0, 100000]",0,0,15332,33544
yolov8x_training,2106.458228,86,243.710,13370.3125,100,1440,10001,"[0, 100000]","[0, 100000]",0,0,2343,2392
yolov8x_training,2107.501312,86,263.403,13370.3125,10,1200,10001,"[0, 100000]","[0, 100000]",0,0,6396,104345
yolov8x_training,2108.568006,83,237.772,13370.3125,86,1200,10001,"[0, 100000]","[0, 100000]",0,0,2539,7080
yolov8x_training,2109.611207,82,243.902,13370.3125,100,1965,10001,"[0, 100000]","[0, 100000]",0,0,62597,87548
yolov8x_training,2110.653868,88,251.626,13370.3125,62,2250,10001,"[0, 100000]","[0, 100000]",0,0,3564,13623
yolov8x_training,2111.697049,86,252.886,13370.3125,53,1260,10001,"[0, 100000]","[0, 100000]",0,0,89013,18896
yolov8x_training,2112.740364,81,250.738,13370.3125,93,1665,10001,"[0, 100000]","[0, 100000]",0,0,5908,18945
yolov8x_training,2113.784218,86,241.504,13370.3125,67,1327,10001,"[0, 100000]","[0, 100000]",0,0,341,292
yolov8x_training,2114.826853,85,245.977,13370.3125,49,1800,10001,"[0, 100000]","[0, 100000]",0,0,6933,28759
yolov8x_training,2115.869681,87,257.746,13370.3125,94,1245,10001,"[0, 100000]","[0, 100000]",0,0,634,292
yolov8x_training,2116.912409,82,241.368,13370.3125,94,2595,10001,"[0, 100000]","[0, 100000]",0,0,6298,102392
yolov8x_training,2117.980119,85,252.609,13370.3125,33,2370,10001,"[0, 100000]","[0, 100000]",0,0,2441,124316
yolov8x_training,2119.023298,87,255.754,13370.3125,68,1290,10001,"[0, 100000]","[0, 100000]",0,0,6738,104687
yolov8x_training,2120.087505,85,251.185,13370.3125,97,1275,10001,"[0, 100000]","[0, 100000]",0,0,2783,3466
yolov8x_training,2121.130501,81,239.305,13370.3125,45,1350,10001,"[0, 100000]","[0, 100000]",0,0,3662,36035
yolov8x_training,2122.188275,84,235.703,13370.3125,51,2085,10001,"[0, 100000]","[0, 100000]",0,0,89453,22216
yolov8x_training,2123.232279,85,202.982,13370.3125,0,1335,10001,"[0, 100000]","[0, 100000]",0,0,292,292
yolov8x_training,2124.275400,85,213.872,13370.3125,5,2340,10001,"[0, 100000]","[0, 100000]",0,0,3710,31591
yolov8x_training,2125.319186,84,225.126,13370.3125,87,1980,10001,"[0, 100000]","[0, 100000]",0,0,341,292
yolov8x_training,2126.361764,87,241.392,13370.3125,100,1320,10001,"[0, 100000]","[0, 100000]",0,0,13378,35253
yolov8x_training,2127.404670,86,255.477,13370.3125,55,1260,10001,"[0, 100000]","[0, 100000]",0,0,2050,292
yolov8x_training,2128.468849,85,239.237,13370.3125,74,1455,10001,"[0, 100000]","[0, 100000]",0,0,15380,31640
yolov8x_training,2129.512195,84,243.349,13370.3125,100,1335,10001,"[0, 100000]","[0, 100000]",0,0,7470,341
yolov8x_training,2130.554924,87,258.403,13370.3125,30,1275,10001,"[0, 100000]","[0, 100000]",0,0,5273,19824
yolov8x_training,2131.597913,83,239.636,13370.3125,79,1275,10001,"[0, 100000]","[0, 100000]",0,0,537,292
yolov8x_training,2132.655310,83,239.995,13370.3125,97,2430,10001,"[0, 100000]","[0, 100000]",0,0,15234,32177
yolov8x_training,2133.698809,81,221.515,13370.3125,100,1200,10001,"[0, 100000]","[0, 100000]",0,0,341,292
yolov8x_training,2134.741607,86,202.757,13370.3125,0,2505,10001,"[0, 100000]","[0, 100000]",0,0,2734,9326
yolov8x_training,2135.813553,81,221.865,13370.3125,97,1335,10001,"[0, 100000]","[0, 100000]",0,0,13525,35986
yolov8x_training,2136.856873,86,198.945,13370.3125,25,2505,10001,"[0, 100000]","[0, 100000]",0,0,292,292
yolov8x_training,2137.899668,86,217.591,13370.3125,100,1245,10001,"[0, 100000]","[0, 100000]",0,0,19628,683
yolov8x_training,2138.943048,85,233.152,13370.3125,95,2220,10001,"[0, 100000]","[0, 100000]",0,0,6494,105029
yolov8x_training,2140.000563,81,253.292,13370.3125,68,2580,10001,"[0, 100000]","[0, 100000]",0,0,2539,2392
yolov8x_training,2141.043419,85,250.647,13370.3125,52,1305,10001,"[0, 100000]","[0, 100000]",0,0,4150,36376
yolov8x_training,2142.098985,87,240.882,13370.3125,95,1350,10001,"[0, 100000]","[0, 100000]",0,0,3369,12695
yolov8x_training,2143.142362,82,246.940,13370.3125,89,1305,10001,"[0, 100000]","[0, 100000]",0,0,90380,33203
yolov8x_training,2144.211525,86,240.851,13370.3125,93,2655,10001,"[0, 100000]","[0, 100000]",0,0,3271,10986
yolov8x_training,2145.254515,87,260.629,13370.3125,100,1620,10001,"[0, 100000]","[0, 100000]",0,0,88916,17968
yolov8x_training,2146.298074,83,239.798,13370.3125,87,1260,10001,"[0, 100000]","[0, 100000]",0,0,5322,16699
yolov8x_training,2147.341233,85,244.799,13370.3125,99,2490,10001,"[0, 100000]","[0, 100000]",0,0,341,292
yolov8x_training,2148.383808,82,256.607,13370.3125,49,1275,10001,"[0, 100000]","[0, 100000]",0,0,5517,21728
yolov8x_training,2149.427129,86,250.317,13370.3125,57,1260,10001,"[0, 100000]","[0, 100000]",0,0,341,292
yolov8x_training,2150.473977,86,240.971,13370.3125,93,2160,10001,"[0, 100000]","[0, 100000]",0,0,15234,34130
yolov8x_training,2151.517298,82,253.218,13370.3125,90,2655,10001,"[0, 100000]","[0, 100000]",0,0,2636,9130
yolov8x_training,2152.560440,84,259.396,13370.3125,39,2190,10001,"[0, 100000]","[0, 100000]",0,0,6542,103173
yolov8x_training,2153.622331,87,241.744,13370.3125,95,1245,10001,"[0, 100000]","[0, 100000]",0,0,2246,122558
yolov8x_training,2154.692807,82,243.968,13370.3125,74,1320,10001,"[0, 100000]","[0, 100000]",0,0,15185,32177
yolov8x_training,2155.735687,87,246.137,13370.3125,20,1297,10001,"[0, 100000]","[0, 100000]",0,0,2343,2294
yolov8x_training,2156.778476,87,259.623,13370.3125,95,1425,10001,"[0, 100000]","[0, 100000]",0,0,6640,104687
yolov8x_training,2157.842840,83,256.609,13370.3125,100,1200,10001,"[0, 100000]","[0, 100000]",0,0,2880,10742
yolov8x_training,2158.886191,86,239.711,13370.3125,36,2160,10001,"[0, 100000]","[0, 100000]",0,0,89013,17968
yolov8x_training,2159.929619,81,254.975,13370.3125,59,1395,10001,"[0, 100000]","[0, 100000]",0,0,4833,18896
yolov8x_training,2160.973593,86,247.712,13370.3125,94,1485,10001,"[0, 100000]","[0, 100000]",0,0,341,292
yolov8x_training,2162.016242,86,251.151,13370.3125,63,2280,10001,"[0, 100000]","[0, 100000]",0,0,4980,21386
yolov8x_training,2163.059414,82,250.948,13370.3125,35,2325,10001,"[0, 100000]","[0, 100000]",0,0,341,292
yolov8x_training,2164.102232,86,256.130,13370.3125,93,1162,10001,"[0, 100000]","[0, 100000]",0,0,15478,35009
yolov8x_training,2165.145220,88,235.211,13370.3125,91,1080,10001,"[0, 100000]","[0, 100000]",0,0,585,292
yolov8x_training,2166.188001,83,241.065,13370.3125,26,1245,10001,"[0, 100000]","[0, 100000]",0,0,6445,104199
yolov8x_training,2167.247389,87,242.544,13370.3125,93,2505,10001,"[0, 100000]","[0, 100000]",0,0,2734,4687
yolov8x_training,2168.290440,87,250.449,13370.3125,98,1327,10001,"[0, 100000]","[0, 100000]",0,0,292,292
yolov8x_training,2169.346980,87,256.627,13370.3125,35,1440,10001,"[0, 100000]","[0, 100000]",0,0,15576,36279
yolov8x_training,2170.390129,87,248.235,13370.3125,64,1185,10001,"[0, 100000]","[0, 100000]",0,0,1464,292
yolov8x_training,2171.460953,86,242.718,13370.3125,94,2415,10001,"[0, 100000]","[0, 100000]",0,0,15429,34521
yolov8x_training,2172.503924,82,254.716,13370.3125,58,1995,10001,"[0, 100000]","[0, 100000]",0,0,2294,732
yolov8x_training,2173.570727,86,252.600,13370.3125,45,1305,10001,"[0, 100000]","[0, 100000]",0,0,15478,33154
yolov8x_training,2174.613836,87,240.239,13370.3125,94,1170,10001,"[0, 100000]","[0, 100000]",0,0,2392,439
yolov8x_training,2175.656990,82,252.551,13370.3125,72,2085,10001,"[0, 100000]","[0, 100000]",0,0,6640,103466
yolov8x_training,2176.718340,87,246.153,13370.3125,28,1830,10001,"[0, 100000]","[0, 100000]",0,0,2392,125488
yolov8x_training,2177.761473,88,257.525,13370.3125,95,1305,10001,"[0, 100000]","[0, 100000]",0,0,6152,102978
yolov8x_training,2178.828721,84,232.678,13370.3125,100,1230,10001,"[0, 100000]","[0, 100000]",0,0,3027,12597
yolov8x_training,2179.871558,82,240.799,13370.3125,44,2085,10001,"[0, 100000]","[0, 100000]",0,0,89160,17431
yolov8x_training,2180.915045,83,256.520,13370.3125,62,1320,10001,"[0, 100000]","[0, 100000]",0,0,5371,18310
yolov8x_training,2181.958278,84,249.342,13370.3125,96,1245,10001,"[0, 100000]","[0, 100000]",0,0,2880,6103
yolov8x_training,2183.001837,83,209.291,13370.3125,70,2640,10001,"[0, 100000]","[0, 100000]",0,0,3466,13623
yolov8x_training,2184.044975,84,258.932,13370.3125,77,1500,10001,"[0, 100000]","[0, 100000]",0,0,341,1038769
yolov8x_training,2185.088204,82,242.550,13370.3125,100,1305,10001,"[0, 100000]","[0, 100000]",0,0,341,292
yolov8x_training,2186.131285,87,216.514,13370.3125,10,1815,10001,"[0, 100000]","[0, 100000]",0,0,2539,2343
yolov8x_training,2187.175001,83,243.233,13370.3125,14,1350,10001,"[0, 100000]","[0, 100000]",0,0,4882,101269
yolov8x_training,2188.246301,86,241.909,13370.3125,87,2505,10001,"[0, 100000]","[0, 100000]",0,0,2490,114257
yolov8x_training,2189.289496,87,252.734,13370.3125,56,1680,10001,"[0, 100000]","[0, 100000]",0,0,89648,22021
yolov8x_training,2190.332918,85,228.466,13370.3125,88,2595,10001,"[0, 100000]","[0, 100000]",0,0,292,292
yolov8x_training,2191.375709,82,234.231,13370.3125,90,2400,10001,"[0, 100000]","[0, 100000]",0,0,341,244
yolov8x_training,2192.418417,86,224.199,13370.3125,0,1185,10001,"[0, 100000]","[0, 100000]",0,0,3417,12695
yolov8x_training,2193.462179,85,210.369,13370.3125,93,2655,10001,"[0, 100000]","[0, 100000]",0,0,3466,36230
yolov8x_training,2194.522433,84,228.187,13370.3125,0,1275,10001,"[0, 100000]","[0, 100000]",0,0,292,244
yolov8x_training,2195.565245,86,225.411,13370.3125,27,1245,10001,"[0, 100000]","[0, 100000]",0,0,341,292
yolov8x_training,2196.608201,83,217.759,13370.3125,100,1275,10001,"[0, 100000]","[0, 100000]",0,0,341,292
yolov8x_training,2197.650812,84,256.607,13370.3125,35,2145,10001,"[0, 100000]","[0, 100000]",0,0,4833,29345
yolov8x_training,2198.693818,87,255.883,13370.3125,70,1575,10001,"[0, 100000]","[0, 100000]",0,0,341,292
yolov8x_training,2199.752353,86,248.097,13370.3125,98,1170,10001,"[0, 100000]","[0, 100000]",0,0,15771,34667
yolov8x_training,2200.795834,81,242.388,13370.3125,52,1650,10001,"[0, 100000]","[0, 100000]",0,0,1464,341
yolov8x_training,2201.861639,87,255.151,13370.3125,63,1305,10001,"[0, 100000]","[0, 100000]",0,0,15087,29492
yolov8x_training,2202.904680,86,249.050,13370.3125,94,1155,10001,"[0, 100000]","[0, 100000]",0,0,12011,49169
yolov8x_training,2203.962657,86,245.311,13370.3125,74,1890,10001,"[0, 100000]","[0, 100000]",0,0,15185,32226
yolov8x_training,2205.005597,83,244.342,13370.3125,23,2505,10001,"[0, 100000]","[0, 100000]",0,0,2832,3417
yolov8x_training,2206.048412,87,262.142,13370.3125,94,1710,10001,"[0, 100000]","[0, 100000]",0,0,4296,37060
yolov8x_training,2207.103506,88,235.543,13370.3125,100,1800,10001,"[0, 100000]","[0, 100000]",0,0,2978,10791
yolov8x_training,2208.146749,84,242.762,13370.3125,12,1245,10001,"[0, 100000]","[0, 100000]",0,0,341,1041455
yolov8x_training,2209.189800,85,245.199,13370.3125,73,2625,10001,"[0, 100000]","[0, 100000]",0,0,4199,20312
yolov8x_training,2210.289360,87,253.362,13370.3125,66,1575,10001,"[0, 100000]","[0, 100000]",0,0,12207,292
yolov8x_training,2211.359740,87,241.153,13370.3125,62,1425,10001,"[0, 100000]","[0, 100000]",0,0,15380,33447
yolov8x_training,2212.402920,85,251.666,13370.3125,45,1245,10001,"[0, 100000]","[0, 100000]",0,0,1562,292
yolov8x_training,2213.446364,87,240.148,13370.3125,95,2025,10001,"[0, 100000]","[0, 100000]",0,0,6542,103271
yolov8x_training,2214.506365,82,244.812,13370.3125,95,1365,10001,"[0, 100000]","[0, 100000]",0,0,2685,3369
yolov8x_training,2215.549278,88,262.667,13370.3125,20,1200,10001,"[0, 100000]","[0, 100000]",0,0,6494,104101
yolov8x_training,2216.609078,87,238.655,13370.3125,94,1335,10001,"[0, 100000]","[0, 100000]",0,0,2636,9423
yolov8x_training,2217.652215,83,240.875,13370.3125,100,1350,10001,"[0, 100000]","[0, 100000]",0,0,88964,19824
yolov8x_training,2218.695245,84,240.606,13370.3125,37,2655,10001,"[0, 100000]","[0, 100000]",0,0,3808,18164
yolov8x_training,2219.738387,87,255.276,13370.3125,58,1830,10001,"[0, 100000]","[0, 100000]",0,0,292,292
yolov8x_training,2220.780956,87,251.071,13370.3125,95,1185,10001,"[0, 100000]","[0, 100000]",0,0,5566,20214
yolov8x_training,2221.825284,82,238.799,13370.3125,82,2385,10001,"[0, 100000]","[0, 100000]",0,0,537,292
yolov8x_training,2222.883511,87,247.259,13370.3125,41,1635,10001,"[0, 100000]","[0, 100000]",0,0,15283,35302
yolov8x_training,2223.926736,88,262.427,13370.3125,94,1170,10001,"[0, 100000]","[0, 100000]",0,0,2392,1220
yolov8x_training,2224.969819,83,233.947,13370.3125,100,1470,10001,"[0, 100000]","[0, 100000]",0,0,5078,103320
yolov8x_training,2226.040726,85,238.582,13370.3125,26,2640,10001,"[0, 100000]","[0, 100000]",0,0,2636,62939
yolov8x_training,2227.107755,88,264.102,13370.3125,67,2475,10001,"[0, 100000]","[0, 100000]",0,0,15527,34863
yolov8x_training,2228.151135,85,236.836,13370.3125,100,1365,10001,"[0, 100000]","[0, 100000]",0,0,2539,2294
yolov8x_training,2229.194281,82,249.052,13370.3125,37,1215,10001,"[0, 100000]","[0, 100000]",0,0,3320,37011
yolov8x_training,2230.252528,87,250.652,13370.3125,52,2550,10001,"[0, 100000]","[0, 100000]",0,0,2685,3271
yolov8x_training,2231.295379,86,251.282,13370.3125,63,2040,10001,"[0, 100000]","[0, 100000]",0,0,3076,39697
yolov8x_training,2232.357197,82,255.631,13370.3125,29,1170,10001,"[0, 100000]","[0, 100000]",0,0,3027,12109
yolov8x_training,2233.400463,82,241.985,13370.3125,94,2385,10001,"[0, 100000]","[0, 100000]",0,0,88671,15673
yolov8x_training,2234.443323,88,246.258,13370.3125,97,840,10001,"[0, 100000]","[0, 100000]",0,0,5224,16552
yolov8x_training,2235.486242,88,263.289,13370.3125,16,1845,10001,"[0, 100000]","[0, 100000]",0,0,341,292
yolov8x_training,2236.528797,86,244.713,13370.3125,68,1245,10001,"[0, 100000]","[0, 100000]",0,0,14306,37060
yolov8x_training,2237.572248,82,243.520,13370.3125,95,2595,10001,"[0, 100000]","[0, 100000]",0,0,1757,292
yolov8x_training,2238.615215,85,252.554,13370.3125,70,1875,10001,"[0, 100000]","[0, 100000]",0,0,6787,104003
yolov8x_training,2239.679842,87,250.241,13370.3125,40,1365,10001,"[0, 100000]","[0, 100000]",0,0,2832,8984
yolov8x_training,2240.722913,82,260.774,13370.3125,93,1185,10001,"[0, 100000]","[0, 100000]",0,0,4785,103076
yolov8x_training,2241.794228,87,239.080,13370.3125,91,2220,10001,"[0, 100000]","[0, 100000]",0,0,2685,23144
yolov8x_training,2242.837257,88,241.412,13370.3125,13,1200,10001,"[0, 100000]","[0, 100000]",0,0,90039,27246
yolov8x_training,2243.908477,89,261.388,13370.3125,83,1230,10001,"[0, 100000]","[0, 100000]",0,0,2978,5078
yolov8x_training,2244.951599,84,247.828,13370.3125,100,1275,10001,"[0, 100000]","[0, 100000]",0,0,3271,36572
yolov8x_training,2246.013602,84,239.740,13370.3125,29,2385,10001,"[0, 100000]","[0, 100000]",0,0,3271,13623
yolov8x_training,2247.056720,87,254.731,13370.3125,68,907,10001,"[0, 100000]","[0, 100000]",0,0,341,1031054
yolov8x_training,2248.099299,87,249.783,13370.3125,93,1905,10001,"[0, 100000]","[0, 100000]",0,0,3906,27050
yolov8x_training,2249.142915,83,238.761,13370.3125,84,1320,10001,"[0, 100000]","[0, 100000]",0,0,10888,292
yolov8x_training,2250.205122,86,243.108,13370.3125,12,2010,10001,"[0, 100000]","[0, 100000]",0,0,15332,34570
yolov8x_training,2251.248327,88,242.424,13370.3125,86,2550,10001,"[0, 100000]","[0, 100000]",0,0,2832,3222
yolov8x_training,2252.291336,87,252.227,13370.3125,66,1815,10001,"[0, 100000]","[0, 100000]",0,0,2978,38476
yolov8x_training,2253.354848,83,253.927,13370.3125,46,1305,10001,"[0, 100000]","[0, 100000]",0,0,2880,10400
yolov8x_training,2254.398335,83,239.470,13370.3125,94,2280,10001,"[0, 100000]","[0, 100000]",0,0,341,1040283
yolov8x_training,2255.441140,86,244.200,13370.3125,100,1320,10001,"[0, 100000]","[0, 100000]",0,0,3564,29150
yolov8x_training,2256.484354,87,252.565,13370.3125,21,1245,10001,"[0, 100000]","[0, 100000]",0,0,341,292
yolov8x_training,2257.526978,86,246.146,13370.3125,69,1320,10001,"[0, 100000]","[0, 100000]",0,0,13281,34960
yolov8x_training,2258.569916,82,242.802,13370.3125,94,2430,10001,"[0, 100000]","[0, 100000]",0,0,2246,781
yolov8x_training,2259.613466,85,248.526,13370.3125,78,2580,10001,"[0, 100000]","[0, 100000]",0,0,4785,103320
yolov8x_training,2260.684704,88,259.699,13370.3125,16,1755,10001,"[0, 100000]","[0, 100000]",0,0,2832,10058
yolov8x_training,2261.727638,83,261.885,13370.3125,95,1170,10001,"[0, 100000]","[0, 100000]",0,0,90234,28173
yolov8x_training,2262.797619,87,237.806,13370.3125,100,2055,10001,"[0, 100000]","[0, 100000]",0,0,3076,11230
yolov8x_training,2263.840778,88,243.038,13370.3125,24,1755,10001,"[0, 100000]","[0, 100000]",0,0,89062,17822
yolov8x_training,2264.883873,86,259.409,13370.3125,69,1515,10001,"[0, 100000]","[0, 100000]",0,0,3759,15087
yolov8x_training,2265.927038,87,248.003,13370.3125,98,1305,10001,"[0, 100000]","[0, 100000]",0,0,341,1032958
yolov8x_training,2266.969962,85,254.845,13370.3125,54,2640,10001,"[0, 100000]","[0, 100000]",0,0,6103,16894
yolov8x_training,2268.013564,88,260.659,13370.3125,76,1875,10001,"[0, 100000]","[0, 100000]",0,0,341,1036572
yolov8x_training,2269.056444,85,250.160,13370.3125,100,1575,10001,"[0, 100000]","[0, 100000]",0,0,3320,30175
yolov8x_training,2270.099646,82,251.925,13370.3125,43,1230,10001,"[0, 100000]","[0, 100000]",0,0,341,292
yolov8x_training,2271.142294,89,257.101,13370.3125,53,1320,10001,"[0, 100000]","[0, 100000]",0,0,4296,21777
yolov8x_training,2272.185447,87,255.210,13370.3125,100,1470,10001,"[0, 100000]","[0, 100000]",0,0,390,292
yolov8x_training,2273.228273,83,249.029,13370.3125,54,1290,10001,"[0, 100000]","[0, 100000]",0,0,6494,23876
yolov8x_training,2274.271459,87,243.777,13370.3125,71,2655,10001,"[0, 100000]","[0, 100000]",0,0,1562,292
yolov8x_training,2275.314553,87,257.671,13370.3125,54,1320,10001,"[0, 100000]","[0, 100000]",0,0,292,1041357
yolov8x_training,2276.357522,88,210.280,13370.3125,63,2640,10001,"[0, 100000]","[0, 100000]",0,0,2294,2246
yolov8x_training,2277.424888,82,214.642,13370.3125,58,1320,10001,"[0, 100000]","[0, 100000]",0,0,13085,39941
yolov8x_training,2278.468207,87,206.543,13370.3125,31,2085,10001,"[0, 100000]","[0, 100000]",0,0,292,341
yolov8x_training,2279.511139,87,225.275,13370.3125,40,1275,10001,"[0, 100000]","[0, 100000]",0,0,292,292
yolov8x_training,2280.553853,85,227.223,13370.3125,39,1260,10001,"[0, 100000]","[0, 100000]",0,0,8056,72119
yolov8x_training,2281.597432,86,210.624,13370.3125,65,2625,10001,"[0, 100000]","[0, 100000]",0,0,6445,93896
yolov8x_training,2282.651580,82,218.611,13370.3125,49,1290,10001,"[0, 100000]","[0, 100000]",0,0,88769,15527
yolov8x_training,2283.695076,87,238.068,13370.3125,66,1860,10001,"[0, 100000]","[0, 100000]",0,0,3857,22753
yolov8x_training,2284.738223,84,220.504,13370.3125,54,1380,10001,"[0, 100000]","[0, 100000]",0,0,5078,18701
yolov8x_training,2285.781361,87,241.659,13370.3125,65,2580,10001,"[0, 100000]","[0, 100000]",0,0,292,292
yolov8x_training,2286.840265,86,253.360,13370.3125,51,1380,10001,"[0, 100000]","[0, 100000]",0,0,15429,34570
yolov8x_training,2287.883219,82,252.198,13370.3125,95,1200,10001,"[0, 100000]","[0, 100000]",0,0,1269,292
yolov8x_training,2288.957467,82,245.350,13370.3125,67,2505,10001,"[0, 100000]","[0, 100000]",0,0,15380,31689
yolov8x_training,2290.000571,87,247.907,13370.3125,27,2115,10001,"[0, 100000]","[0, 100000]",0,0,2343,1269
yolov8x_training,2291.043684,88,259.194,13370.3125,95,1170,10001,"[0, 100000]","[0, 100000]",0,0,6445,101855
yolov8x_training,2292.102134,83,242.396,13370.3125,100,1275,10001,"[0, 100000]","[0, 100000]",0,0,2490,125634
yolov8x_training,2293.146609,84,238.547,13370.3125,19,2055,10001,"[0, 100000]","[0, 100000]",0,0,87060,37792
yolov8x_training,2294.211180,87,251.278,13370.3125,67,1207,10001,"[0, 100000]","[0, 100000]",0,0,3271,12646
yolov8x_training,2295.254392,87,251.743,13370.3125,95,1275,10001,"[0, 100000]","[0, 100000]",0,0,88769,17236
yolov8x_training,2296.297785,82,252.028,13370.3125,22,1185,10001,"[0, 100000]","[0, 100000]",0,0,3564,30908
yolov8x_training,2297.340836,88,242.133,13370.3125,93,2505,10001,"[0, 100000]","[0, 100000]",0,0,341,292
yolov8x_training,2298.402393,86,257.518,13370.3125,100,1515,10001,"[0, 100000]","[0, 100000]",0,0,15234,30566
yolov8x_training,2299.445849,88,258.473,13370.3125,39,1185,10001,"[0, 100000]","[0, 100000]",0,0,19140,292
yolov8x_training,2300.488911,88,247.048,13370.3125,21,1230,10001,"[0, 100000]","[0, 100000]",0,0,89648,21093
yolov8x_training,2301.532264,83,237.293,13370.3125,93,2565,10001,"[0, 100000]","[0, 100000]",0,0,4052,18066
yolov8x_training,2302.575698,86,248.836,13370.3125,100,1425,10001,"[0, 100000]","[0, 100000]",0,0,341,1035546
yolov8x_training,2303.618501,88,262.981,13370.3125,13,1320,10001,"[0, 100000]","[0, 100000]",0,0,3955,33447
yolov8x_training,2304.662252,83,247.031,13370.3125,95,1155,10001,"[0, 100000]","[0, 100000]",0,0,341,341
yolov8x_training,2305.704875,87,244.353,13370.3125,100,2115,10001,"[0, 100000]","[0, 100000]",0,0,4394,17919
yolov8x_training,2306.747818,88,240.472,13370.3125,26,1290,10001,"[0, 100000]","[0, 100000]",0,0,14599,292
yolov8x_training,2307.793790,85,261.225,13370.3125,69,1275,10001,"[0, 100000]","[0, 100000]",0,0,15283,33496
yolov8x_training,2308.837001,85,237.887,13370.3125,100,1560,10001,"[0, 100000]","[0, 100000]",0,0,1806,292
yolov8x_training,2309.909735,84,243.411,13370.3125,54,1320,10001,"[0, 100000]","[0, 100000]",0,0,15185,32226
yolov8x_training,2310.952566,88,253.306,13370.3125,64,1470,10001,"[0, 100000]","[0, 100000]",0,0,2343,878
yolov8x_training,2311.995442,87,255.383,13370.3125,93,1410,10001,"[0, 100000]","[0, 100000]",0,0,5078,104150
yolov8x_training,2313.064687,83,242.489,13370.3125,69,2625,10001,"[0, 100000]","[0, 100000]",0,0,2783,4882
yolov8x_training,2314.107724,87,246.931,13370.3125,30,2520,10001,"[0, 100000]","[0, 100000]",0,0,89794,25292
yolov8x_training,2315.179757,89,260.756,13370.3125,94,1350,10001,"[0, 100000]","[0, 100000]",0,0,2734,9033
yolov8x_training,2316.223363,84,263.621,13370.3125,100,1155,10001,"[0, 100000]","[0, 100000]",0,0,7080,104003
yolov8x_training,2317.287228,87,244.914,13370.3125,17,2550,10001,"[0, 100000]","[0, 100000]",0,0,2978,3955
yolov8x_training,2318.330405,87,242.731,13370.3125,100,1245,10001,"[0, 100000]","[0, 100000]",0,0,4687,104492
yolov8x_training,2319.402936,88,257.294,13370.3125,29,1245,10001,"[0, 100000]","[0, 100000]",0,0,3125,5371
yolov8x_training,2320.446480,86,246.169,13370.3125,69,2355,10001,"[0, 100000]","[0, 100000]",0,0,3466,37011
yolov8x_training,2321.504409,82,242.942,13370.3125,96,1282,10001,"[0, 100000]","[0, 100000]",0,0,3076,11425
yolov8x_training,2322.547146,89,253.744,13370.3125,56,1260,10001,"[0, 100000]","[0, 100000]",0,0,15673,664257
yolov8x_training,2323.590121,87,252.278,13370.3125,43,1275,10001,"[0, 100000]","[0, 100000]",0,0,4052,13378
yolov8x_training,2324.633129,82,245.289,13370.3125,94,1350,10001,"[0, 100000]","[0, 100000]",0,0,341,1036621
yolov8x_training,2325.676121,86,247.439,13370.3125,81,2580,10001,"[0, 100000]","[0, 100000]",0,0,5273,20263
yolov8x_training,2326.719818,88,249.472,13370.3125,27,1800,10001,"[0, 100000]","[0, 100000]",0,0,341,292
yolov8x_training,2327.770538,83,256.324,13370.3125,94,1230,10001,"[0, 100000]","[0, 100000]",0,0,15234,34619
yolov8x_training,2328.813571,87,241.704,13370.3125,100,2445,10001,"[0, 100000]","[0, 100000]",0,0,2246,976
yolov8x_training,2329.856466,87,254.441,13370.3125,16,1485,10001,"[0, 100000]","[0, 100000]",0,0,6396,102685
yolov8x_training,2330.913370,88,257.368,13370.3125,76,1245,10001,"[0, 100000]","[0, 100000]",0,0,2490,89306
yolov8x_training,2331.957030,87,250.181,13370.3125,95,2280,10001,"[0, 100000]","[0, 100000]",0,0,4736,102294
yolov8x_training,2333.029445,83,241.185,13370.3125,63,1695,10001,"[0, 100000]","[0, 100000]",0,0,2587,9033
yolov8x_training,2334.073054,86,248.644,13370.3125,51,1200,10001,"[0, 100000]","[0, 100000]",0,0,89599,20849
yolov8x_training,2335.116263,88,256.990,13370.3125,94,960,10001,"[0, 100000]","[0, 100000]",0,0,5175,17626
yolov8x_training,2336.159992,83,245.581,13370.3125,95,1200,10001,"[0, 100000]","[0, 100000]",0,0,341,341
yolov8x_training,2337.202421,88,255.356,13370.3125,13,2220,10001,"[0, 100000]","[0, 100000]",0,0,4980,18359
yolov8x_training,2338.245631,88,237.572,13370.3125,86,1365,10001,"[0, 100000]","[0, 100000]",0,0,19335,292
yolov8x_training,2339.300901,87,258.214,13370.3125,100,1230,10001,"[0, 100000]","[0, 100000]",0,0,15429,33203
yolov8x_training,2340.344031,82,239.613,13370.3125,51,2010,10001,"[0, 100000]","[0, 100000]",0,0,2294,634
yolov8x_training,2341.413984,83,254.920,13370.3125,94,2580,10001,"[0, 100000]","[0, 100000]",0,0,15673,35546
yolov8x_training,2342.457521,88,249.644,13370.3125,64,1260,10001,"[0, 100000]","[0, 100000]",0,0,1123,292
yolov8x_training,2343.521024,87,247.663,13370.3125,52,2220,10001,"[0, 100000]","[0, 100000]",0,0,15429,35986
yolov8x_training,2344.564245,83,249.210,13370.3125,95,1297,10001,"[0, 100000]","[0, 100000]",0,0,2441,3271
yolov8x_training,2345.607207,88,255.219,13370.3125,100,2580,10001,"[0, 100000]","[0, 100000]",0,0,4150,36083
yolov8x_training,2346.664250,89,241.087,13370.3125,19,1350,10001,"[0, 100000]","[0, 100000]",0,0,2539,75244
yolov8x_training,2347.707129,83,239.133,13370.3125,100,1200,10001,"[0, 100000]","[0, 100000]",0,0,2929,39355
yolov8x_training,2348.770804,84,243.972,13370.3125,43,2310,10001,"[0, 100000]","[0, 100000]",0,0,3955,15771
yolov8x_training,2349.813778,87,251.875,13370.3125,44,1057,10001,"[0, 100000]","[0, 100000]",0,0,341,1032763
yolov8x_training,2350.856847,87,253.471,13370.3125,94,1335,10001,"[0, 100000]","[0, 100000]",0,0,10400,34130
yolov8x_training,2351.899784,83,246.523,13370.3125,87,1470,10001,"[0, 100000]","[0, 100000]",0,0,585,292
yolov8x_training,2352.960981,83,244.747,13370.3125,20,2655,10001,"[0, 100000]","[0, 100000]",0,0,15380,32568
yolov8x_training,2354.004357,87,258.723,13370.3125,95,1845,10001,"[0, 100000]","[0, 100000]",0,0,6152,92089
yolov8x_training,2355.048273,87,244.051,13370.3125,100,1140,10001,"[0, 100000]","[0, 100000]",0,0,3271,37060
yolov8x_training,2356.109437,87,240.874,13370.3125,71,1275,10001,"[0, 100000]","[0, 100000]",0,0,3173,12011
yolov8x_training,2357.152517,82,252.030,13370.3125,51,1890,10001,"[0, 100000]","[0, 100000]",0,0,89892,25439
yolov8x_training,2358.225543,88,249.358,13370.3125,94,2400,10001,"[0, 100000]","[0, 100000]",0,0,3466,13183
yolov8x_training,2359.268585,88,266.234,13370.3125,95,1875,10001,"[0, 100000]","[0, 100000]",0,0,341,1038769
yolov8x_training,2360.311745,84,242.929,13370.3125,80,1230,10001,"[0, 100000]","[0, 100000]",0,0,3906,26318
yolov8x_training,2361.354820,84,239.375,13370.3125,100,1845,10001,"[0, 100000]","[0, 100000]",0,0,341,292
yolov8x_training,2362.397716,87,259.925,13370.3125,30,1320,10001,"[0, 100000]","[0, 100000]",0,0,5126,20898
yolov8x_training,2363.440816,87,239.094,13370.3125,76,1245,10001,"[0, 100000]","[0, 100000]",0,0,341,292
yolov8x_training,2364.506954,86,240.745,13370.3125,94,2310,10001,"[0, 100000]","[0, 100000]",0,0,15039,35546
yolov8x_training,2365.550075,82,252.618,13370.3125,60,2655,10001,"[0, 100000]","[0, 100000]",0,0,1025,292
yolov8x_training,2366.612194,87,254.264,13370.3125,55,2145,10001,"[0, 100000]","[0, 100000]",0,0,15429,35791
yolov8x_training,2367.655301,87,241.538,13370.3125,94,2220,10001,"[0, 100000]","[0, 100000]",0,0,1708,292
yolov8x_training,2368.698017,83,251.425,13370.3125,92,1275,10001,"[0, 100000]","[0, 100000]",0,0,3564,36962
yolov8x_training,2369.757290,87,243.533,13370.3125,14,2400,10001,"[0, 100000]","[0, 100000]",0,0,3271,13183
yolov8x_training,2370.800718,87,259.198,13370.3125,83,1485,10001,"[0, 100000]","[0, 100000]",0,0,90283,28320
yolov8x_training,2371.870587,86,248.111,13370.3125,95,1170,10001,"[0, 100000]","[0, 100000]",0,0,3417,14013
yolov8x_training,2372.913856,87,239.797,13370.3125,67,2340,10001,"[0, 100000]","[0, 100000]",0,0,341,1034423
yolov8x_training,2373.956355,82,251.005,13370.3125,51,1980,10001,"[0, 100000]","[0, 100000]",0,0,5078,28564
yolov8x_training,2374.999417,88,261.588,13370.3125,93,1335,10001,"[0, 100000]","[0, 100000]",0,0,488,341
yolov8x_training,2376.042514,88,237.762,13370.3125,100,1305,10001,"[0, 100000]","[0, 100000]",0,0,292,341
yolov8x_training,2377.085275,82,222.463,13370.3125,100,952,10001,"[0, 100000]","[0, 100000]",0,0,976,292
yolov8x_training,2378.128896,87,203.593,13370.3125,22,2505,10001,"[0, 100000]","[0, 100000]",0,0,6835,89892
yolov8x_training,2379.193831,86,220.314,13370.3125,100,2655,10001,"[0, 100000]","[0, 100000]",0,0,6445,20947
yolov8x_training,2380.237341,81,214.187,13370.3125,99,1455,10001,"[0, 100000]","[0, 100000]",0,0,292,1029638
yolov8x_training,2381.280367,87,199.390,13370.3125,21,1252,10001,"[0, 100000]","[0, 100000]",0,0,2636,1464
yolov8x_training,2382.324446,81,218.021,13370.3125,0,1755,10001,"[0, 100000]","[0, 100000]",0,0,6591,95947
yolov8x_training,2383.378117,85,218.970,13370.3125,39,1200,10001,"[0, 100000]","[0, 100000]",0,0,5175,18896
yolov8x_training,2384.421376,85,229.741,13370.3125,27,1830,10001,"[0, 100000]","[0, 100000]",0,0,5224,20214
yolov8x_training,2385.464630,86,245.651,13370.3125,74,1260,10001,"[0, 100000]","[0, 100000]",0,0,292,292
yolov8x_training,2386.507270,87,230.448,13370.3125,67,2580,10001,"[0, 100000]","[0, 100000]",0,0,341,292
yolov8x_training,2387.550666,87,242.432,13370.3125,94,1395,10001,"[0, 100000]","[0, 100000]",0,0,292,1040039
yolov8x_training,2388.595994,81,226.669,13370.3125,0,1290,10001,"[0, 100000]","[0, 100000]",0,0,341,292
yolov8x_training,2389.658457,86,199.426,13370.3125,85,2655,10001,"[0, 100000]","[0, 100000]",0,0,14501,34667
yolov8x_training,2390.701647,81,221.618,13370.3125,11,1275,10001,"[0, 100000]","[0, 100000]",0,0,89257,20458
yolov8x_training,2391.744874,81,225.836,13370.3125,33,1290,10001,"[0, 100000]","[0, 100000]",0,0,341,1039843
yolov8x_training,2392.801836,85,224.371,13370.3125,94,1200,10001,"[0, 100000]","[0, 100000]",0,0,15234,33935
yolov8x_training,2393.845572,81,242.425,13370.3125,74,2400,10001,"[0, 100000]","[0, 100000]",0,0,341,292
yolov8x_training,2394.898797,86,256.827,13370.3125,72,1290,10001,"[0, 100000]","[0, 100000]",0,0,15478,34521
yolov8x_training,2395.942127,84,250.145,13370.3125,95,1185,10001,"[0, 100000]","[0, 100000]",0,0,1757,341
yolov8x_training,2397.012586,85,243.050,13370.3125,66,2355,10001,"[0, 100000]","[0, 100000]",0,0,14941,30566
yolov8x_training,2398.055700,81,251.452,13370.3125,41,2445,10001,"[0, 100000]","[0, 100000]",0,0,7861,292
yolov8x_training,2399.122287,84,258.049,13370.3125,95,1935,10001,"[0, 100000]","[0, 100000]",0,0,15185,33642
yolov8x_training,2400.165311,87,239.427,13370.3125,98,1275,10001,"[0, 100000]","[0, 100000]",0,0,1123,292
yolov8x_training,2401.208042,82,242.239,13370.3125,18,1260,10001,"[0, 100000]","[0, 100000]",0,0,4492,104296
yolov8x_training,2402.279480,83,240.353,13370.3125,86,2085,10001,"[0, 100000]","[0, 100000]",0,0,3027,3369
yolov8x_training,2403.322511,87,259.740,13370.3125,27,2490,10001,"[0, 100000]","[0, 100000]",0,0,6835,104785
yolov8x_training,2404.385399,84,246.112,13370.3125,55,1185,10001,"[0, 100000]","[0, 100000]",0,0,3320,10986
yolov8x_training,2405.428368,85,244.860,13370.3125,94,2460,10001,"[0, 100000]","[0, 100000]",0,0,59960,129150
yolov8x_training,2406.471039,81,251.711,13370.3125,66,1290,10001,"[0, 100000]","[0, 100000]",0,0,3662,14892
yolov8x_training,2407.514246,86,255.306,13370.3125,45,1185,10001,"[0, 100000]","[0, 100000]",0,0,66699,32177
yolov8x_training,2408.556991,86,247.054,13370.3125,94,1845,10001,"[0, 100000]","[0, 100000]",0,0,4394,17773
yolov8x_training,2409.601408,82,250.847,13370.3125,69,1515,10001,"[0, 100000]","[0, 100000]",0,0,341,292
yolov8x_training,2410.644192,86,254.910,13370.3125,22,2505,10001,"[0, 100000]","[0, 100000]",0,0,5761,22509
yolov8x_training,2411.687376,86,247.926,13370.3125,95,1245,10001,"[0, 100000]","[0, 100000]",0,0,292,292
yolov8x_training,2412.729885,82,241.079,13370.3125,81,1965,10001,"[0, 100000]","[0, 100000]",0,0,8984,28662
yolov8x_training,2413.773317,87,248.492,13370.3125,22,2520,10001,"[0, 100000]","[0, 100000]",0,0,19189,292
yolov8x_training,2414.843854,87,257.655,13370.3125,94,1455,10001,"[0, 100000]","[0, 100000]",0,0,15380,33984
yolov8x_training,2415.887372,83,232.479,13370.3125,100,1320,10001,"[0, 100000]","[0, 100000]",0,0,2343,976
yolov8x_training,2416.930465,84,242.286,13370.3125,42,2595,10001,"[0, 100000]","[0, 100000]",0,0,6738,103466
yolov8x_training,2417.987427,82,257.170,13370.3125,81,855,10001,"[0, 100000]","[0, 100000]",0,0,2832,10839
yolov8x_training,2419.031361,87,248.687,13370.3125,94,1245,10001,"[0, 100000]","[0, 100000]",0,0,4003,37548
yolov8x_training,2420.086795,85,243.560,13370.3125,57,2565,10001,"[0, 100000]","[0, 100000]",0,0,2880,11669
yolov8x_training,2421.130366,82,254.972,13370.3125,51,2220,10001,"[0, 100000]","[0, 100000]",0,0,341,913232
yolov8x_training,2422.173409,86,249.894,13370.3125,94,2655,10001,"[0, 100000]","[0, 100000]",0,0,5468,17871
yolov8x_training,2423.216409,87,242.813,13370.3125,94,1830,10001,"[0, 100000]","[0, 100000]",0,0,390,1034765
yolov8x_training,2424.259783,82,245.967,13370.3125,33,2175,10001,"[0, 100000]","[0, 100000]",0,0,3808,36474
yolov8x_training,2425.302995,86,243.502,13370.3125,95,1665,10001,"[0, 100000]","[0, 100000]",0,0,341,292
yolov8x_training,2426.345613,87,261.350,13370.3125,12,1815,10001,"[0, 100000]","[0, 100000]",0,0,7470,30078
yolov8x_training,2427.388765,83,243.194,13370.3125,85,1500,10001,"[0, 100000]","[0, 100000]",0,0,1513,292
yolov8x_training,2428.431890,84,242.200,13370.3125,100,2610,10001,"[0, 100000]","[0, 100000]",0,0,6738,102832
yolov8x_training,2429.486007,87,253.222,13370.3125,43,1680,10001,"[0, 100000]","[0, 100000]",0,0,2978,35937
yolov8x_training,2430.529695,87,248.719,13370.3125,53,1185,10001,"[0, 100000]","[0, 100000]",0,0,3076,38671
yolov8x_training,2431.592360,82,237.854,13370.3125,94,2340,10001,"[0, 100000]","[0, 100000]",0,0,2880,10644
yolov8x_training,2432.635727,87,248.376,13370.3125,83,2160,10001,"[0, 100000]","[0, 100000]",0,0,341,1038574
yolov8x_training,2433.678391,87,258.970,13370.3125,13,2520,10001,"[0, 100000]","[0, 100000]",0,0,3369,31005
yolov8x_training,2434.721393,83,258.631,13370.3125,95,1395,10001,"[0, 100000]","[0, 100000]",0,0,341,292
yolov8x_training,2435.767306,87,246.321,13370.3125,100,1470,10001,"[0, 100000]","[0, 100000]",0,0,14990,29638
yolov8x_training,2436.810321,87,249.146,13370.3125,41,2400,10001,"[0, 100000]","[0, 100000]",0,0,16113,292
yolov8x_training,2437.878014,86,253.310,13370.3125,56,1830,10001,"[0, 100000]","[0, 100000]",0,0,15478,34521
yolov8x_training,2438.921015,86,251.847,13370.3125,93,1305,10001,"[0, 100000]","[0, 100000]",0,0,585,292
yolov8x_training,2439.987581,82,240.479,13370.3125,68,2040,10001,"[0, 100000]","[0, 100000]",0,0,15527,34570
yolov8x_training,2441.030782,86,250.838,13370.3125,50,1395,10001,"[0, 100000]","[0, 100000]",0,0,1318,341
yolov8x_training,2442.073842,87,254.332,13370.3125,95,1230,10001,"[0, 100000]","[0, 100000]",0,0,341,341
yolov8x_training,2443.116151,81,226.582,13370.3125,87,1725,10001,"[0, 100000]","[0, 100000]",0,0,2832,70312
yolov8x_training,2444.183671,87,203.163,13370.3125,0,2655,10001,"[0, 100000]","[0, 100000]",0,0,14355,34570
yolov8x_training,2445.226750,81,225.877,13370.3125,88,1260,10001,"[0, 100000]","[0, 100000]",0,0,341,292
yolov8x_training,2446.269622,86,208.766,13370.3125,6,2655,10001,"[0, 100000]","[0, 100000]",0,0,4980,20654
yolov8x_training,2447.312486,81,227.179,13370.3125,88,1260,10001,"[0, 100000]","[0, 100000]",0,0,292,292
yolov8x_training,2448.354891,86,207.179,13370.3125,73,2655,10001,"[0, 100000]","[0, 100000]",0,0,2783,11279
yolov8x_training,2449.397575,81,219.306,13370.3125,31,1365,10001,"[0, 100000]","[0, 100000]",0,0,7177,94921
yolov8x_training,2450.461027,85,209.252,13370.3125,61,2595,10001,"[0, 100000]","[0, 100000]",0,0,341,341
yolov8x_training,2451.503731,85,224.194,13370.3125,41,1260,10001,"[0, 100000]","[0, 100000]",0,0,88720,15380
yolov8x_training,2452.546922,81,242.275,13370.3125,94,2580,10001,"[0, 100000]","[0, 100000]",0,0,4296,17431
yolov8x_training,2453.589549,86,253.920,13370.3125,65,1410,10001,"[0, 100000]","[0, 100000]",0,0,390,341
yolov8x_training,2454.631696,86,253.416,13370.3125,37,1380,10001,"[0, 100000]","[0, 100000]",0,0,3564,32373
yolov8x_training,2455.674529,81,239.765,13370.3125,93,1200,10001,"[0, 100000]","[0, 100000]",0,0,390,341
yolov8x_training,2456.716805,86,246.433,13370.3125,94,1980,10001,"[0, 100000]","[0, 100000]",0,0,5078,21679
yolov8x_training,2457.760025,87,244.598,13370.3125,14,1470,10001,"[0, 100000]","[0, 100000]",0,0,1123,341
yolov8x_training,2458.802238,82,262.179,13370.3125,94,1260,10001,"[0, 100000]","[0, 100000]",0,0,7031,104150
yolov8x_training,2459.865724,85,243.101,13370.3125,100,1800,10001,"[0, 100000]","[0, 100000]",0,0,2636,7324
yolov8x_training,2460.908162,87,243.535,13370.3125,40,2505,10001,"[0, 100000]","[0, 100000]",0,0,89941,24560
yolov8x_training,2461.979959,87,255.854,13370.3125,58,1515,10001,"[0, 100000]","[0, 100000]",0,0,3125,29785
yolov8x_training,2463.023168,86,250.953,13370.3125,95,1230,10001,"[0, 100000]","[0, 100000]",0,0,3857,36914
yolov8x_training,2464.079737,82,241.178,13370.3125,73,2310,10001,"[0, 100000]","[0, 100000]",0,0,4101,16699
yolov8x_training,2465.122100,87,244.122,13370.3125,21,1290,10001,"[0, 100000]","[0, 100000]",0,0,390,1030908
yolov8x_training,2466.164590,87,262.972,13370.3125,93,1365,10001,"[0, 100000]","[0, 100000]",0,0,3759,36718
yolov8x_training,2467.207252,83,238.088,13370.3125,100,1800,10001,"[0, 100000]","[0, 100000]",0,0,439,341
yolov8x_training,2468.262124,84,237.149,13370.3125,23,1695,10001,"[0, 100000]","[0, 100000]",0,0,15185,29589
yolov8x_training,2469.304802,87,242.017,13370.3125,68,2655,10001,"[0, 100000]","[0, 100000]",0,0,6347,92822
yolov8x_training,2470.348226,86,252.317,13370.3125,67,915,10001,"[0, 100000]","[0, 100000]",0,0,6640,104248
yolov8x_training,2471.402081,82,251.283,13370.3125,45,1260,10001,"[0, 100000]","[0, 100000]",0,0,3027,4882
yolov8x_training,2472.444779,82,241.753,13370.3125,93,2580,10001,"[0, 100000]","[0, 100000]",0,0,4931,104150
yolov8x_training,2473.513609,86,255.437,13370.3125,63,1635,10001,"[0, 100000]","[0, 100000]",0,0,1611,341
yolov8x_training,2474.556205,86,251.212,13370.3125,39,1290,10001,"[0, 100000]","[0, 100000]",0,0,6591,104248
yolov8x_training,2475.612238,82,249.153,13370.3125,95,2655,10001,"[0, 100000]","[0, 100000]",0,0,1611,341
yolov8x_training,2476.681432,87,252.935,13370.3125,61,2550,10001,"[0, 100000]","[0, 100000]",0,0,15185,32666
yolov8x_training,2477.724435,86,254.476,13370.3125,55,1380,10001,"[0, 100000]","[0, 100000]",0,0,19384,341
yolov8x_training,2478.767443,85,248.533,13370.3125,95,1365,10001,"[0, 100000]","[0, 100000]",0,0,5664,20263
yolov8x_training,2479.810600,87,248.051,13370.3125,35,2505,10001,"[0, 100000]","[0, 100000]",0,0,390,142822
yolov8x_training,2480.852895,83,265.078,13370.3125,94,1290,10001,"[0, 100000]","[0, 100000]",0,0,3759,29199
yolov8x_training,2481.895749,87,241.725,13370.3125,99,2520,10001,"[0, 100000]","[0, 100000]",0,0,439,1034472
yolov8x_training,2482.938040,87,253.949,13370.3125,37,1785,10001,"[0, 100000]","[0, 100000]",0,0,3710,13720
yolov8x_training,2483.980451,86,251.963,13370.3125,100,1500,10001,"[0, 100000]","[0, 100000]",0,0,77978,36816
yolov8x_training,2485.046972,87,245.744,13370.3125,26,1305,10001,"[0, 100000]","[0, 100000]",0,0,1513,341
yolov8x_training,2486.089449,87,263.750,13370.3125,94,1200,10001,"[0, 100000]","[0, 100000]",0,0,292,292
yolov8x_training,2487.132268,82,216.225,13370.3125,65,1215,10001,"[0, 100000]","[0, 100000]",0,0,2392,1269
yolov8x_training,2488.176832,87,224.465,13370.3125,0,2655,10001,"[0, 100000]","[0, 100000]",0,0,14208,34619
yolov8x_training,2489.220363,86,230.531,13370.3125,86,2145,10001,"[0, 100000]","[0, 100000]",0,0,341,1030175
yolov8x_training,2490.263327,82,211.672,13370.3125,5,1875,10001,"[0, 100000]","[0, 100000]",0,0,292,292
yolov8x_training,2491.306043,85,209.721,13370.3125,52,2235,10001,"[0, 100000]","[0, 100000]",0,0,5029,21337
yolov8x_training,2492.349644,81,222.154,13370.3125,36,1665,10001,"[0, 100000]","[0, 100000]",0,0,292,1041357
yolov8x_training,2493.392667,87,215.928,13370.3125,88,2655,10001,"[0, 100000]","[0, 100000]",0,0,341,292
yolov8x_training,2494.435426,86,224.225,13370.3125,56,1230,10001,"[0, 100000]","[0, 100000]",0,0,341,292
yolov8x_training,2495.477960,86,249.995,13370.3125,100,2655,10001,"[0, 100000]","[0, 100000]",0,0,3955,17724
yolov8x_training,2496.520879,87,268.045,13370.3125,27,1200,10001,"[0, 100000]","[0, 100000]",0,0,3271,39355
yolov8x_training,2497.583730,81,248.506,13370.3125,94,2565,10001,"[0, 100000]","[0, 100000]",0,0,2636,7275
yolov8x_training,2498.647512,87,254.129,13370.3125,35,1890,10001,"[0, 100000]","[0, 100000]",0,0,15478,32275
yolov8x_training,2499.690591,83,239.085,13370.3125,93,1380,10001,"[0, 100000]","[0, 100000]",0,0,341,292
yolov8x_training,2500.733242,86,253.770,13370.3125,81,2565,10001,"[0, 100000]","[0, 100000]",0,0,3955,16601
yolov8x_training,2501.776312,86,254.392,13370.3125,60,1590,10001,"[0, 100000]","[0, 100000]",0,0,4345,104443
yolov8x_training,2502.943004,81,213.789,15804.3125,26,1740,10001,"[0, 100000]","[0, 100000]",0,0,927,5029
yolov8x_training,2504.029761,81,179.033,16770.3125,18,2655,10001,"[0, 100000]","[0, 100000]",0,0,341,292
yolov8x_training,2505.134743,80,125.435,16770.3125,0,2655,10001,"[0, 100000]","[0, 100000]",0,0,292,292
yolov8x_training,2506.217852,79,105.992,16770.3125,0,2505,10001,"[0, 100000]","[0, 100000]",0,0,341,60156
yolov8x_training,2507.261706,79,91.924,16774.3125,37,2505,10001,"[0, 100000]","[0, 100000]",0,0,341,292
yolov8x_training,2508.304398,78,89.976,16774.3125,7,2505,10001,"[0, 100000]","[0, 100000]",0,0,292,292
yolov8x_training,2509.346932,78,88.545,16774.3125,0,2505,10001,"[0, 100000]","[0, 100000]",0,0,292,292
yolov8x_training,2510.455287,77,88.105,16774.3125,0,2505,10001,"[0, 100000]","[0, 100000]",0,0,292,244
yolov8x_training,2511.498324,77,87.355,16774.3125,0,2505,10001,"[0, 100000]","[0, 100000]",0,0,390,292
yolov8x_training,2512.542169,82,87.530,16774.3125,0,2505,10001,"[0, 100000]","[0, 100000]",0,0,341,1728027
yolov8x_training,2513.672606,77,161.054,16774.3125,0,2655,10001,"[0, 100000]","[0, 100000]",0,0,732,117724
yolov8x_training,2514.820742,77,103.522,16774.3125,0,2655,10001,"[0, 100000]","[0, 100000]",0,0,341,292
yolov8x_training,2515.887230,77,103.957,16774.3125,0,2655,10001,"[0, 100000]","[0, 100000]",0,0,341,341
