Kernel,Time (s),Temperature (C),Power (W),Memory Usage (MB),GPU Utilization (%),Graphics Clock (MHz),Memory Clock (MHz),Decoder Utilization (%),Encoder Utilization (%),Decoder Memory Usage (MB),Encoder Memory Usage (MB),PCIe Tx Throughput (KB/s),PCIe Rx Throughput (KB/s)
yolov8x_training,0.000704,54,28.205,622.1250,0,210,405,"[0, 100000]","[0, 100000]",0,0,341,292
yolov8x_training,1.049984,54,28.235,622.1250,0,210,405,"[0, 100000]","[0, 100000]",0,0,292,292
yolov8x_training,2.092996,54,28.396,622.1250,0,210,405,"[0, 100000]","[0, 100000]",0,0,341,292
yolov8x_training,3.136118,54,28.307,625.0000,0,210,405,"[0, 100000]","[0, 100000]",0,0,341,292
yolov8x_training,4.178428,54,30.995,1436.3125,20,2505,10001,"[0, 100000]","[0, 100000]",0,0,6982,1953
yolov8x_training,5.220575,55,72.358,1532.3125,0,2505,10001,"[0, 100000]","[0, 100000]",0,0,878,341
yolov8x_training,6.262805,55,72.183,1782.3125,0,2505,10001,"[0, 100000]","[0, 100000]",0,0,390,341
yolov8x_training,7.306996,56,157.560,12914.3125,78,1950,10001,"[0, 100000]","[0, 100000]",0,0,3008398,292
yolov8x_training,8.349203,59,214.505,12976.3125,76,2490,10001,"[0, 100000]","[0, 100000]",0,0,390,341
yolov8x_training,9.391394,59,225.013,12978.3125,84,2025,10001,"[0, 100000]","[0, 100000]",0,0,3173,40185
yolov8x_training,10.452543,61,228.887,12978.3125,100,1590,10001,"[0, 100000]","[0, 100000]",0,0,3564,12890
yolov8x_training,11.496015,59,192.358,12978.3125,87,1635,10001,"[0, 100000]","[0, 100000]",0,0,341,292
yolov8x_training,12.539310,65,194.441,12978.3125,10,2310,10001,"[0, 100000]","[0, 100000]",0,0,11962,29492
yolov8x_training,13.582313,60,190.136,13066.3125,86,1845,10001,"[0, 100000]","[0, 100000]",0,0,13916,33544
yolov8x_training,14.625144,65,192.904,13066.3125,0,2370,10001,"[0, 100000]","[0, 100000]",0,0,292,292
yolov8x_training,15.667859,64,199.236,13066.3125,88,1342,10001,"[0, 100000]","[0, 100000]",0,0,6494,74072
yolov8x_training,16.711873,64,192.429,13066.3125,0,2685,10001,"[0, 100000]","[0, 100000]",0,0,5761,92822
yolov8x_training,17.779139,68,205.017,13066.3125,86,1860,10001,"[0, 100000]","[0, 100000]",0,0,3125,30664
yolov8x_training,18.823231,63,241.531,13066.3125,78,1395,10001,"[0, 100000]","[0, 100000]",0,0,5322,104394
yolov8x_training,19.892042,68,228.336,13066.3125,44,2670,10001,"[0, 100000]","[0, 100000]",0,0,927,292
yolov8x_training,20.940138,67,241.185,13066.3125,36,1950,10001,"[0, 100000]","[0, 100000]",0,0,15478,31884
yolov8x_training,21.982912,66,222.546,13066.3125,88,2295,10001,"[0, 100000]","[0, 100000]",0,0,341,292
yolov8x_training,23.025633,70,232.698,13066.3125,88,2280,10001,"[0, 100000]","[0, 100000]",0,0,4052,35449
yolov8x_training,24.068320,70,247.454,13066.3125,24,1395,10001,"[0, 100000]","[0, 100000]",0,0,341,292
yolov8x_training,25.110954,66,232.310,13150.3125,94,2670,10001,"[0, 100000]","[0, 100000]",0,0,5957,19287
yolov8x_training,26.154038,71,241.491,13152.3125,33,697,10001,"[0, 100000]","[0, 100000]",0,0,89257,21386
yolov8x_training,27.197292,68,232.117,13370.3125,75,1965,10001,"[0, 100000]","[0, 100000]",0,0,4003,14550
yolov8x_training,28.240411,70,228.925,13370.3125,100,2070,10001,"[0, 100000]","[0, 100000]",0,0,341,1039257
yolov8x_training,29.283273,73,245.569,13370.3125,13,2085,10001,"[0, 100000]","[0, 100000]",0,0,3808,16650
yolov8x_training,30.326386,69,245.894,13370.3125,94,1305,10001,"[0, 100000]","[0, 100000]",0,0,88671,15771
yolov8x_training,31.369542,73,230.008,13370.3125,100,2475,10001,"[0, 100000]","[0, 100000]",0,0,4101,15673
yolov8x_training,32.412719,74,233.822,13370.3125,16,1680,10001,"[0, 100000]","[0, 100000]",0,0,50878,40527
yolov8x_training,33.475034,69,242.644,13370.3125,94,1440,10001,"[0, 100000]","[0, 100000]",0,0,8154,68603
yolov8x_training,34.525431,73,235.459,13370.3125,40,2655,10001,"[0, 100000]","[0, 100000]",0,0,15478,35986
yolov8x_training,35.568207,75,246.923,13370.3125,73,1680,10001,"[0, 100000]","[0, 100000]",0,0,341,292
yolov8x_training,36.612520,71,230.994,13370.3125,100,2145,10001,"[0, 100000]","[0, 100000]",0,0,15185,35449
yolov8x_training,37.655573,75,228.803,13370.3125,8,1147,10001,"[0, 100000]","[0, 100000]",0,0,341,292
yolov8x_training,38.698254,76,252.864,13370.3125,95,1320,10001,"[0, 100000]","[0, 100000]",0,0,7177,28759
yolov8x_training,39.741018,71,236.376,13370.3125,82,1335,10001,"[0, 100000]","[0, 100000]",0,0,292,292
yolov8x_training,40.783860,76,246.983,13370.3125,42,1327,10001,"[0, 100000]","[0, 100000]",0,0,5126,17138
yolov8x_training,41.826665,73,253.170,13370.3125,100,1815,10001,"[0, 100000]","[0, 100000]",0,0,341,1035791
yolov8x_training,42.869286,76,222.945,13370.3125,16,2370,10001,"[0, 100000]","[0, 100000]",0,0,5810,19384
yolov8x_training,43.913048,78,230.036,13370.3125,100,1515,10001,"[0, 100000]","[0, 100000]",0,0,341,1037011
yolov8x_training,44.955834,74,251.216,13370.3125,21,1320,10001,"[0, 100000]","[0, 100000]",0,0,5419,19189
yolov8x_training,45.999237,78,235.766,13370.3125,95,1410,10001,"[0, 100000]","[0, 100000]",0,0,90087,28320
yolov8x_training,47.068338,73,221.158,13370.3125,93,2655,10001,"[0, 100000]","[0, 100000]",0,0,7861,23193
yolov8x_training,48.111213,79,251.509,13370.3125,42,1470,10001,"[0, 100000]","[0, 100000]",0,0,292,341
yolov8x_training,49.153904,75,240.115,13370.3125,94,2430,10001,"[0, 100000]","[0, 100000]",0,0,4882,22460
yolov8x_training,50.196729,78,237.694,13370.3125,87,1425,10001,"[0, 100000]","[0, 100000]",0,0,390,1040820
yolov8x_training,51.239296,79,250.088,13370.3125,42,1935,10001,"[0, 100000]","[0, 100000]",0,0,3173,10400
yolov8x_training,52.281939,74,238.115,13370.3125,94,1455,10001,"[0, 100000]","[0, 100000]",0,0,4736,105175
yolov8x_training,53.353373,80,244.759,13370.3125,35,2160,10001,"[0, 100000]","[0, 100000]",0,0,1025,341
yolov8x_training,54.396104,76,254.938,13370.3125,93,1380,10001,"[0, 100000]","[0, 100000]",0,0,5712,21142
yolov8x_training,55.439062,78,242.258,13370.3125,85,2235,10001,"[0, 100000]","[0, 100000]",0,0,390,341
yolov8x_training,56.481287,78,254.729,13370.3125,72,1320,10001,"[0, 100000]","[0, 100000]",0,0,5664,16748
yolov8x_training,57.524009,77,242.423,13370.3125,100,2220,10001,"[0, 100000]","[0, 100000]",0,0,390,1041992
yolov8x_training,58.566773,80,238.488,13370.3125,18,2055,10001,"[0, 100000]","[0, 100000]",0,0,3955,14599
yolov8x_training,59.609259,80,255.417,13370.3125,95,1350,10001,"[0, 100000]","[0, 100000]",0,0,3710,37353
yolov8x_training,60.665992,79,249.998,13370.3125,65,2655,10001,"[0, 100000]","[0, 100000]",0,0,16015,341
yolov8x_training,61.708740,81,252.944,13370.3125,78,1260,10001,"[0, 100000]","[0, 100000]",0,0,12695,36621
yolov8x_training,62.751554,78,239.222,13370.3125,100,1260,10001,"[0, 100000]","[0, 100000]",0,0,439,341
yolov8x_training,63.793731,83,241.299,13370.3125,12,2535,10001,"[0, 100000]","[0, 100000]",0,0,4785,21630
yolov8x_training,64.836856,82,242.451,13370.3125,95,922,10001,"[0, 100000]","[0, 100000]",0,0,390,341
yolov8x_training,65.879027,77,252.274,13370.3125,79,1350,10001,"[0, 100000]","[0, 100000]",0,0,5810,23974
yolov8x_training,66.922697,82,241.516,13370.3125,94,2655,10001,"[0, 100000]","[0, 100000]",0,0,439,341
yolov8x_training,67.964825,82,250.971,13370.3125,54,1335,10001,"[0, 100000]","[0, 100000]",0,0,6738,27490
yolov8x_training,69.007577,77,243.139,13370.3125,48,1440,10001,"[0, 100000]","[0, 100000]",0,0,13037,341
yolov8x_training,70.049785,78,238.498,13370.3125,95,1327,10001,"[0, 100000]","[0, 100000]",0,0,7128,31396
yolov8x_training,71.092552,82,247.988,13370.3125,63,1425,10001,"[0, 100000]","[0, 100000]",0,0,976,341
yolov8x_training,72.144367,83,253.646,13370.3125,47,1380,10001,"[0, 100000]","[0, 100000]",0,0,15771,35058
yolov8x_training,73.187450,78,239.189,13370.3125,94,2535,10001,"[0, 100000]","[0, 100000]",0,0,927,341
yolov8x_training,74.245203,81,248.237,13370.3125,67,1320,10001,"[0, 100000]","[0, 100000]",0,0,15771,33789
yolov8x_training,75.288498,83,246.207,13370.3125,58,1365,10001,"[0, 100000]","[0, 100000]",0,0,1904,292
yolov8x_training,76.345993,79,251.777,13370.3125,93,1860,10001,"[0, 100000]","[0, 100000]",0,0,15478,30566
yolov8x_training,77.389121,84,237.364,13370.3125,63,2655,10001,"[0, 100000]","[0, 100000]",0,0,19775,341
yolov8x_training,78.436639,83,253.057,13370.3125,47,1350,10001,"[0, 100000]","[0, 100000]",0,0,15478,34667
yolov8x_training,79.479365,79,249.196,13370.3125,95,1380,10001,"[0, 100000]","[0, 100000]",0,0,830,292
yolov8x_training,80.522596,81,243.017,13370.3125,61,1252,10001,"[0, 100000]","[0, 100000]",0,0,15429,37304
yolov8x_training,81.565327,85,255.026,13370.3125,78,1305,10001,"[0, 100000]","[0, 100000]",0,0,830,292
yolov8x_training,82.619298,82,241.861,13370.3125,100,2355,10001,"[0, 100000]","[0, 100000]",0,0,15527,37109
yolov8x_training,83.662128,82,243.819,13370.3125,32,1440,10001,"[0, 100000]","[0, 100000]",0,0,488,292
yolov8x_training,84.713229,85,255.813,13370.3125,78,1215,10001,"[0, 100000]","[0, 100000]",0,0,15283,33007
yolov8x_training,85.756024,84,247.603,13370.3125,100,1950,10001,"[0, 100000]","[0, 100000]",0,0,5859,28759
yolov8x_training,86.799131,80,210.069,13370.3125,92,1965,10001,"[0, 100000]","[0, 100000]",0,0,341,244
yolov8x_training,87.841990,82,205.126,13370.3125,0,1755,10001,"[0, 100000]","[0, 100000]",0,0,2343,732
yolov8x_training,88.885230,85,220.321,13370.3125,93,2355,10001,"[0, 100000]","[0, 100000]",0,0,7812,30078
yolov8x_training,89.928346,81,203.564,13370.3125,100,2040,10001,"[0, 100000]","[0, 100000]",0,0,292,292
yolov8x_training,90.971358,83,219.780,13370.3125,0,2025,10001,"[0, 100000]","[0, 100000]",0,0,14160,31738
yolov8x_training,92.014171,85,188.325,13370.3125,87,2505,10001,"[0, 100000]","[0, 100000]",0,0,341,292
yolov8x_training,93.056918,85,212.049,13370.3125,28,1890,10001,"[0, 100000]","[0, 100000]",0,0,5566,20214
yolov8x_training,94.100348,82,203.054,13370.3125,80,2625,10001,"[0, 100000]","[0, 100000]",0,0,341,244
yolov8x_training,95.143070,84,221.582,13370.3125,67,2160,10001,"[0, 100000]","[0, 100000]",0,0,5322,19628
yolov8x_training,96.186245,80,235.331,13370.3125,95,2640,10001,"[0, 100000]","[0, 100000]",0,0,1123,341
yolov8x_training,97.229047,85,246.661,13370.3125,93,1995,10001,"[0, 100000]","[0, 100000]",0,0,6689,103271
yolov8x_training,98.290350,86,257.611,13370.3125,9,1800,10001,"[0, 100000]","[0, 100000]",0,0,2783,2636
yolov8x_training,99.334752,81,262.858,13370.3125,94,1260,10001,"[0, 100000]","[0, 100000]",0,0,6591,104492
yolov8x_training,100.390388,86,241.519,13370.3125,91,1327,10001,"[0, 100000]","[0, 100000]",0,0,2539,8056
yolov8x_training,101.433349,86,246.574,13370.3125,17,1440,10001,"[0, 100000]","[0, 100000]",0,0,3271,37109
yolov8x_training,102.494561,82,257.478,13370.3125,92,1200,10001,"[0, 100000]","[0, 100000]",0,0,3076,11035
yolov8x_training,103.537997,83,244.151,13370.3125,100,2520,10001,"[0, 100000]","[0, 100000]",0,0,3027,38232
yolov8x_training,104.599698,83,241.551,13370.3125,38,1290,10001,"[0, 100000]","[0, 100000]",0,0,3466,13134
yolov8x_training,105.642881,87,253.373,13370.3125,73,1200,10001,"[0, 100000]","[0, 100000]",0,0,46289,376367
yolov8x_training,106.685895,85,248.622,13370.3125,94,2145,10001,"[0, 100000]","[0, 100000]",0,0,4492,25244
yolov8x_training,107.729744,81,243.848,13370.3125,66,1710,10001,"[0, 100000]","[0, 100000]",0,0,341,292
yolov8x_training,108.772324,86,250.667,13370.3125,48,2595,10001,"[0, 100000]","[0, 100000]",0,0,5322,18603
yolov8x_training,109.815852,86,243.600,13370.3125,94,1215,10001,"[0, 100000]","[0, 100000]",0,0,4101,292
yolov8x_training,110.859101,82,243.120,13370.3125,92,1320,10001,"[0, 100000]","[0, 100000]",0,0,15722,33593
yolov8x_training,111.902118,87,246.891,13370.3125,30,2655,10001,"[0, 100000]","[0, 100000]",0,0,2099,292
yolov8x_training,112.944917,87,258.984,13370.3125,100,1785,10001,"[0, 100000]","[0, 100000]",0,0,4443,104638
yolov8x_training,114.018700,84,243.624,13370.3125,44,1185,10001,"[0, 100000]","[0, 100000]",0,0,2832,3369
yolov8x_training,115.061663,85,244.052,13370.3125,74,2505,10001,"[0, 100000]","[0, 100000]",0,0,6689,104052
yolov8x_training,116.127283,84,256.616,13370.3125,100,1530,10001,"[0, 100000]","[0, 100000]",0,0,2539,7226
yolov8x_training,117.170344,87,245.519,13370.3125,70,1200,10001,"[0, 100000]","[0, 100000]",0,0,3076,39355
yolov8x_training,118.233507,87,244.058,13370.3125,94,1200,10001,"[0, 100000]","[0, 100000]",0,0,2783,26123
yolov8x_training,119.276667,82,253.672,13370.3125,60,2130,10001,"[0, 100000]","[0, 100000]",0,0,5029,103808
yolov8x_training,120.347009,86,250.915,13370.3125,43,2340,10001,"[0, 100000]","[0, 100000]",0,0,3027,10205
yolov8x_training,121.390470,88,254.894,13370.3125,95,1320,10001,"[0, 100000]","[0, 100000]",0,0,90283,28271
yolov8x_training,122.459653,83,239.399,13370.3125,100,1185,10001,"[0, 100000]","[0, 100000]",0,0,5175,17089
yolov8x_training,123.502926,85,237.713,13370.3125,36,2280,10001,"[0, 100000]","[0, 100000]",0,0,341,292
yolov8x_training,124.570799,83,250.486,13370.3125,37,1260,10001,"[0, 100000]","[0, 100000]",0,0,15136,29687
yolov8x_training,125.613402,87,257.101,13370.3125,94,787,10001,"[0, 100000]","[0, 100000]",0,0,2197,124609
yolov8x_training,126.656257,88,242.741,13370.3125,100,1185,10001,"[0, 100000]","[0, 100000]",0,0,3515,35791
yolov8x_training,127.717063,88,238.677,13370.3125,62,1725,10001,"[0, 100000]","[0, 100000]",0,0,3955,17822
yolov8x_training,128.760314,84,248.153,13370.3125,30,1260,10001,"[0, 100000]","[0, 100000]",0,0,292,292
yolov8x_training,129.803768,87,263.360,13370.3125,95,2520,10001,"[0, 100000]","[0, 100000]",0,0,15283,34765
yolov8x_training,130.846444,89,251.406,13370.3125,100,2490,10001,"[0, 100000]","[0, 100000]",0,0,3027,10156
yolov8x_training,131.890346,88,257.204,13370.3125,78,1215,10001,"[0, 100000]","[0, 100000]",0,0,89404,20849
yolov8x_training,132.933620,84,240.688,13370.3125,94,1245,10001,"[0, 100000]","[0, 100000]",0,0,4882,21240
yolov8x_training,133.977126,85,240.077,13370.3125,95,2370,10001,"[0, 100000]","[0, 100000]",0,0,341,292
yolov8x_training,135.019760,87,250.034,13370.3125,86,2655,10001,"[0, 100000]","[0, 100000]",0,0,6396,103808
yolov8x_training,136.077117,88,255.909,13370.3125,18,1815,10001,"[0, 100000]","[0, 100000]",0,0,3417,12353
yolov8x_training,137.120551,89,244.715,13370.3125,68,1170,10001,"[0, 100000]","[0, 100000]",0,0,390,1034423
yolov8x_training,138.163430,88,241.785,13370.3125,94,2145,10001,"[0, 100000]","[0, 100000]",0,0,4541,18017
yolov8x_training,139.206322,84,252.733,13370.3125,76,2625,10001,"[0, 100000]","[0, 100000]",0,0,7910,292
yolov8x_training,140.270539,89,259.739,13370.3125,17,2505,10001,"[0, 100000]","[0, 100000]",0,0,15722,35009
yolov8x_training,141.313421,89,244.977,13370.3125,64,1365,10001,"[0, 100000]","[0, 100000]",0,0,3027,11914
yolov8x_training,142.356561,88,251.683,13370.3125,94,1035,10001,"[0, 100000]","[0, 100000]",0,0,341,1029248
yolov8x_training,143.399290,85,239.780,13370.3125,100,1200,10001,"[0, 100000]","[0, 100000]",0,0,13232,34423
yolov8x_training,144.442059,85,240.603,13370.3125,40,2475,10001,"[0, 100000]","[0, 100000]",0,0,2490,2343
yolov8x_training,145.485268,86,249.624,13370.3125,38,1725,10001,"[0, 100000]","[0, 100000]",0,0,74316,15283
yolov8x_training,146.528135,89,260.199,13370.3125,93,1815,10001,"[0, 100000]","[0, 100000]",0,0,5224,19042
yolov8x_training,147.571323,89,243.846,13370.3125,100,1170,10001,"[0, 100000]","[0, 100000]",0,0,341,292
yolov8x_training,148.613962,89,236.716,13370.3125,76,1905,10001,"[0, 100000]","[0, 100000]",0,0,6787,103613
yolov8x_training,149.667404,85,257.572,13370.3125,33,1252,10001,"[0, 100000]","[0, 100000]",0,0,2734,6835
yolov8x_training,150.710525,89,262.208,13370.3125,94,765,10001,"[0, 100000]","[0, 100000]",0,0,4345,103808
yolov8x_training,151.783566,89,246.644,13370.3125,100,1425,10001,"[0, 100000]","[0, 100000]",0,0,2539,9130
yolov8x_training,152.826827,85,243.265,13370.3125,17,1230,10001,"[0, 100000]","[0, 100000]",0,0,70996,37402
yolov8x_training,153.894402,86,240.565,13370.3125,80,2055,10001,"[0, 100000]","[0, 100000]",0,0,3417,11083
yolov8x_training,154.937691,90,255.602,13370.3125,65,1170,10001,"[0, 100000]","[0, 100000]",0,0,65136,103955
yolov8x_training,155.980541,89,251.754,13370.3125,14,1200,10001,"[0, 100000]","[0, 100000]",0,0,5957,27978
yolov8x_training,157.023158,85,242.402,13370.3125,94,1290,10001,"[0, 100000]","[0, 100000]",0,0,537,341
yolov8x_training,158.075292,86,246.699,13370.3125,100,2430,10001,"[0, 100000]","[0, 100000]",0,0,15234,34667
yolov8x_training,159.117962,87,264.156,13370.3125,41,1770,10001,"[0, 100000]","[0, 100000]",0,0,2636,3222
yolov8x_training,160.161091,89,241.131,13370.3125,72,1170,10001,"[0, 100000]","[0, 100000]",0,0,3369,35498
yolov8x_training,161.221431,89,237.234,13370.3125,94,2265,10001,"[0, 100000]","[0, 100000]",0,0,3320,12255
yolov8x_training,162.264917,84,250.011,13370.3125,93,1845,10001,"[0, 100000]","[0, 100000]",0,0,88964,18603
yolov8x_training,163.307211,89,259.793,13370.3125,12,2505,10001,"[0, 100000]","[0, 100000]",0,0,3466,30664
yolov8x_training,164.349957,89,258.687,13370.3125,79,1575,10001,"[0, 100000]","[0, 100000]",0,0,439,390
yolov8x_training,165.418772,88,250.314,13370.3125,96,1155,10001,"[0, 100000]","[0, 100000]",0,0,15087,33642
yolov8x_training,166.461622,85,243.108,13370.3125,64,2205,10001,"[0, 100000]","[0, 100000]",0,0,2197,488
yolov8x_training,167.503209,87,256.595,13370.3125,35,2505,10001,"[0, 100000]","[0, 100000]",0,0,4931,102343
yolov8x_training,168.574246,87,256.076,13370.3125,95,1080,10001,"[0, 100000]","[0, 100000]",0,0,3173,12744
yolov8x_training,169.617650,89,244.207,13370.3125,96,1185,10001,"[0, 100000]","[0, 100000]",0,0,341,1037109
yolov8x_training,170.660219,88,243.559,13370.3125,66,1695,10001,"[0, 100000]","[0, 100000]",0,0,4833,20898
yolov8x_training,171.703294,84,257.205,13370.3125,62,2610,10001,"[0, 100000]","[0, 100000]",0,0,390,341
yolov8x_training,172.756243,89,256.799,13370.3125,94,2625,10001,"[0, 100000]","[0, 100000]",0,0,15429,36279
yolov8x_training,173.799193,89,241.644,13370.3125,97,1800,10001,"[0, 100000]","[0, 100000]",0,0,2832,9619
yolov8x_training,174.841916,87,249.813,13370.3125,42,1215,10001,"[0, 100000]","[0, 100000]",0,0,89013,17822
yolov8x_training,175.885128,84,235.656,13370.3125,48,915,10001,"[0, 100000]","[0, 100000]",0,0,5566,20605
yolov8x_training,176.928154,88,242.937,13370.3125,95,2655,10001,"[0, 100000]","[0, 100000]",0,0,390,341
yolov8x_training,177.970596,87,227.280,13370.3125,73,2325,10001,"[0, 100000]","[0, 100000]",0,0,3417,13623
yolov8x_training,179.013853,86,217.684,13370.3125,58,1275,10001,"[0, 100000]","[0, 100000]",0,0,292,292
yolov8x_training,180.056753,86,211.066,13370.3125,40,2325,10001,"[0, 100000]","[0, 100000]",0,0,2539,1367
yolov8x_training,181.100249,88,235.881,13370.3125,77,1230,10001,"[0, 100000]","[0, 100000]",0,0,341,341
yolov8x_training,182.143252,83,225.767,13370.3125,29,1350,10001,"[0, 100000]","[0, 100000]",0,0,4394,19677
yolov8x_training,183.186670,88,208.186,13370.3125,73,2655,10001,"[0, 100000]","[0, 100000]",0,0,341,244
yolov8x_training,184.229605,83,211.670,13370.3125,70,1350,10001,"[0, 100000]","[0, 100000]",0,0,2490,2832
yolov8x_training,185.273398,83,241.098,13370.3125,86,1155,10001,"[0, 100000]","[0, 100000]",0,0,1123,292
yolov8x_training,186.316633,86,213.269,13370.3125,46,1440,10001,"[0, 100000]","[0, 100000]",0,0,3369,13330
yolov8x_training,187.359721,88,257.777,13370.3125,94,1320,10001,"[0, 100000]","[0, 100000]",0,0,292,341
yolov8x_training,188.402223,85,235.971,13370.3125,100,1320,10001,"[0, 100000]","[0, 100000]",0,0,3955,35009
yolov8x_training,189.445729,86,239.760,13370.3125,30,2505,10001,"[0, 100000]","[0, 100000]",0,0,341,292
yolov8x_training,190.506150,88,255.994,13370.3125,76,1785,10001,"[0, 100000]","[0, 100000]",0,0,15185,34863
yolov8x_training,191.549240,87,251.081,13370.3125,93,1200,10001,"[0, 100000]","[0, 100000]",0,0,2148,488
yolov8x_training,192.592501,87,242.403,13370.3125,72,2505,10001,"[0, 100000]","[0, 100000]",0,0,4589,101416
yolov8x_training,193.666381,84,246.805,13370.3125,24,1500,10001,"[0, 100000]","[0, 100000]",0,0,2294,125000
yolov8x_training,194.709900,88,259.909,13370.3125,93,1275,10001,"[0, 100000]","[0, 100000]",0,0,4931,102539
yolov8x_training,195.782040,88,235.802,13370.3125,100,1230,10001,"[0, 100000]","[0, 100000]",0,0,2734,6982
yolov8x_training,196.825307,85,240.802,13370.3125,23,1275,10001,"[0, 100000]","[0, 100000]",0,0,4296,38037
yolov8x_training,197.880229,88,242.695,13370.3125,77,2550,10001,"[0, 100000]","[0, 100000]",0,0,3222,12402
yolov8x_training,198.923494,87,254.552,13370.3125,99,1905,10001,"[0, 100000]","[0, 100000]",0,0,88818,15722
yolov8x_training,199.967194,87,252.448,13370.3125,38,1185,10001,"[0, 100000]","[0, 100000]",0,0,4785,20556
yolov8x_training,201.010304,86,243.479,13370.3125,95,2220,10001,"[0, 100000]","[0, 100000]",0,0,341,341
yolov8x_training,202.052993,87,254.651,13370.3125,87,1275,10001,"[0, 100000]","[0, 100000]",0,0,5615,20751
yolov8x_training,203.095646,88,259.383,13370.3125,17,1500,10001,"[0, 100000]","[0, 100000]",0,0,390,292
yolov8x_training,204.138333,85,244.131,13370.3125,82,1320,10001,"[0, 100000]","[0, 100000]",0,0,6884,102294
yolov8x_training,205.202651,83,240.455,13370.3125,92,2580,10001,"[0, 100000]","[0, 100000]",0,0,2636,8935
yolov8x_training,206.245991,86,253.002,13370.3125,74,2400,10001,"[0, 100000]","[0, 100000]",0,0,42382,359423
yolov8x_training,207.288950,88,253.743,13370.3125,42,1425,10001,"[0, 100000]","[0, 100000]",0,0,4882,14843
yolov8x_training,208.331840,83,242.415,13370.3125,94,1170,10001,"[0, 100000]","[0, 100000]",0,0,341,292
yolov8x_training,209.374478,86,234.838,13370.3125,100,1290,10001,"[0, 100000]","[0, 100000]",0,0,14404,31445
yolov8x_training,210.417864,88,242.527,13370.3125,55,2580,10001,"[0, 100000]","[0, 100000]",0,0,2783,7617
yolov8x_training,211.461461,87,249.118,13370.3125,40,1530,10001,"[0, 100000]","[0, 100000]",0,0,90625,35449
yolov8x_training,212.526653,83,259.364,13370.3125,94,1170,10001,"[0, 100000]","[0, 100000]",0,0,3759,11181
yolov8x_training,213.569848,84,241.423,13370.3125,97,1965,10001,"[0, 100000]","[0, 100000]",0,0,341,1035888
yolov8x_training,214.612847,84,239.889,13370.3125,24,2520,10001,"[0, 100000]","[0, 100000]",0,0,4687,24707
yolov8x_training,215.656213,88,258.813,13370.3125,67,1395,10001,"[0, 100000]","[0, 100000]",0,0,14550,292
yolov8x_training,216.718675,88,248.414,13370.3125,93,1155,10001,"[0, 100000]","[0, 100000]",0,0,15380,35595
yolov8x_training,217.761885,84,240.225,13370.3125,95,1215,10001,"[0, 100000]","[0, 100000]",0,0,2734,7275
yolov8x_training,218.804870,86,238.023,13370.3125,13,1275,10001,"[0, 100000]","[0, 100000]",0,0,89257,19628
yolov8x_training,219.848292,90,244.810,13370.3125,71,2265,10001,"[0, 100000]","[0, 100000]",0,0,6054,16796
yolov8x_training,220.891549,87,249.825,13370.3125,95,1290,10001,"[0, 100000]","[0, 100000]",0,0,341,292
yolov8x_training,221.934111,87,227.508,13370.3125,72,2535,10001,"[0, 100000]","[0, 100000]",0,0,14257,781
yolov8x_training,222.977338,86,223.924,13370.3125,6,1260,10001,"[0, 100000]","[0, 100000]",0,0,5908,23583
yolov8x_training,224.020994,84,201.991,13370.3125,100,2505,10001,"[0, 100000]","[0, 100000]",0,0,341,292
yolov8x_training,225.063500,88,222.756,13370.3125,37,2220,10001,"[0, 100000]","[0, 100000]",0,0,8251,74121
yolov8x_training,226.106547,82,206.837,13370.3125,84,1290,10001,"[0, 100000]","[0, 100000]",0,0,13867,34521
yolov8x_training,227.149911,87,213.682,13370.3125,43,2625,10001,"[0, 100000]","[0, 100000]",0,0,292,292
yolov8x_training,228.192690,84,217.761,13370.3125,49,1395,10001,"[0, 100000]","[0, 100000]",0,0,3076,10693
yolov8x_training,229.236891,87,211.376,13370.3125,53,2280,10001,"[0, 100000]","[0, 100000]",0,0,6542,90625
yolov8x_training,230.302389,82,229.127,13370.3125,60,1170,10001,"[0, 100000]","[0, 100000]",0,0,341,292
yolov8x_training,231.344851,87,202.766,13370.3125,34,2505,10001,"[0, 100000]","[0, 100000]",0,0,5517,19775
yolov8x_training,232.388111,82,224.141,13370.3125,100,1230,10001,"[0, 100000]","[0, 100000]",0,0,3955,35351
yolov8x_training,233.444685,82,238.278,13370.3125,100,1170,10001,"[0, 100000]","[0, 100000]",0,0,292,1036621
yolov8x_training,234.487687,87,215.825,13370.3125,21,2505,10001,"[0, 100000]","[0, 100000]",0,0,341,520166
yolov8x_training,235.530586,86,262.501,13370.3125,60,1290,10001,"[0, 100000]","[0, 100000]",0,0,5712,18066
yolov8x_training,236.574342,85,248.111,13370.3125,96,1365,10001,"[0, 100000]","[0, 100000]",0,0,341,1031005
yolov8x_training,237.617060,82,243.073,13370.3125,54,2580,10001,"[0, 100000]","[0, 100000]",0,0,4980,28027
yolov8x_training,238.660166,85,250.442,13370.3125,57,1815,10001,"[0, 100000]","[0, 100000]",0,0,537,292
yolov8x_training,239.732154,88,257.972,13370.3125,94,1230,10001,"[0, 100000]","[0, 100000]",0,0,15625,34960
yolov8x_training,240.775470,83,240.410,13370.3125,89,1215,10001,"[0, 100000]","[0, 100000]",0,0,292,292
yolov8x_training,241.836062,87,250.273,13370.3125,26,2265,10001,"[0, 100000]","[0, 100000]",0,0,15380,29101
yolov8x_training,242.879117,88,242.497,13370.3125,94,1350,10001,"[0, 100000]","[0, 100000]",0,0,6396,89111
yolov8x_training,243.922812,84,252.849,13370.3125,100,1230,10001,"[0, 100000]","[0, 100000]",0,0,5029,103662
yolov8x_training,244.992386,83,251.246,13370.3125,52,1215,10001,"[0, 100000]","[0, 100000]",0,0,2929,11816
yolov8x_training,246.035382,87,240.249,13370.3125,94,2445,10001,"[0, 100000]","[0, 100000]",0,0,89843,25292
yolov8x_training,247.108228,86,250.056,13370.3125,75,1890,10001,"[0, 100000]","[0, 100000]",0,0,2929,11865
yolov8x_training,248.151372,88,260.241,13370.3125,6,1170,10001,"[0, 100000]","[0, 100000]",0,0,292,1040039
yolov8x_training,249.194168,84,233.953,13370.3125,95,1965,10001,"[0, 100000]","[0, 100000]",0,0,3320,28125
yolov8x_training,250.237123,87,241.432,13370.3125,100,1815,10001,"[0, 100000]","[0, 100000]",0,0,341,292
yolov8x_training,251.279572,88,254.584,13370.3125,39,1252,10001,"[0, 100000]","[0, 100000]",0,0,7177,22656
yolov8x_training,252.322983,87,251.681,13370.3125,61,1485,10001,"[0, 100000]","[0, 100000]",0,0,2001,292
yolov8x_training,253.365929,83,255.169,13370.3125,93,1200,10001,"[0, 100000]","[0, 100000]",0,0,6787,104052
yolov8x_training,254.418645,88,241.811,13370.3125,90,2400,10001,"[0, 100000]","[0, 100000]",0,0,3515,11669
yolov8x_training,255.462253,88,249.021,13370.3125,19,1575,10001,"[0, 100000]","[0, 100000]",0,0,89404,20361
yolov8x_training,256.505700,84,262.905,13370.3125,95,1200,10001,"[0, 100000]","[0, 100000]",0,0,3320,27099
yolov8x_training,257.548814,87,245.350,13370.3125,98,1290,10001,"[0, 100000]","[0, 100000]",0,0,292,292
yolov8x_training,258.591477,86,254.423,13370.3125,57,2595,10001,"[0, 100000]","[0, 100000]",0,0,5126,28076
yolov8x_training,259.634564,87,255.766,13370.3125,52,1575,10001,"[0, 100000]","[0, 100000]",0,0,976,341
yolov8x_training,260.695931,87,252.213,13370.3125,93,1185,10001,"[0, 100000]","[0, 100000]",0,0,15429,32568
yolov8x_training,261.739262,83,241.649,13370.3125,73,2475,10001,"[0, 100000]","[0, 100000]",0,0,2197,927
yolov8x_training,262.782119,88,246.510,13370.3125,22,1815,10001,"[0, 100000]","[0, 100000]",0,0,2978,38720
yolov8x_training,263.845248,89,256.893,13370.3125,94,2220,10001,"[0, 100000]","[0, 100000]",0,0,3369,11083
yolov8x_training,264.888773,86,253.301,13370.3125,100,1215,10001,"[0, 100000]","[0, 100000]",0,0,341,1040869
yolov8x_training,265.931875,84,250.254,13370.3125,51,1260,10001,"[0, 100000]","[0, 100000]",0,0,4638,21337
yolov8x_training,266.975009,88,239.472,13370.3125,93,2430,10001,"[0, 100000]","[0, 100000]",0,0,341,292
yolov8x_training,268.021305,88,248.462,13370.3125,89,1785,10001,"[0, 100000]","[0, 100000]",0,0,15039,35009
yolov8x_training,269.064528,89,260.449,13370.3125,12,1170,10001,"[0, 100000]","[0, 100000]",0,0,2343,1123
yolov8x_training,270.107663,87,239.642,13370.3125,67,1455,10001,"[0, 100000]","[0, 100000]",0,0,90380,33593
yolov8x_training,271.177103,83,240.772,13370.3125,95,1905,10001,"[0, 100000]","[0, 100000]",0,0,3027,11816
yolov8x_training,272.220376,87,250.885,13370.3125,73,1320,10001,"[0, 100000]","[0, 100000]",0,0,292,1041552
yolov8x_training,273.263242,88,253.672,13370.3125,31,1755,10001,"[0, 100000]","[0, 100000]",0,0,5224,18505
yolov8x_training,274.306244,84,244.663,13370.3125,95,1215,10001,"[0, 100000]","[0, 100000]",0,0,341,292
yolov8x_training,275.350301,88,244.051,13370.3125,100,2400,10001,"[0, 100000]","[0, 100000]",0,0,15478,36279
yolov8x_training,276.393376,89,242.714,13370.3125,48,1012,10001,"[0, 100000]","[0, 100000]",0,0,2539,3076
yolov8x_training,277.436238,88,250.632,13370.3125,49,727,10001,"[0, 100000]","[0, 100000]",0,0,89501,21533
yolov8x_training,278.479603,84,258.674,13370.3125,94,1110,10001,"[0, 100000]","[0, 100000]",0,0,4687,24365
yolov8x_training,279.522806,85,234.518,13370.3125,96,1890,10001,"[0, 100000]","[0, 100000]",0,0,341,292
yolov8x_training,280.568255,84,243.628,13370.3125,45,1875,10001,"[0, 100000]","[0, 100000]",0,0,15136,33544
yolov8x_training,281.611190,86,253.699,13370.3125,48,1320,10001,"[0, 100000]","[0, 100000]",0,0,2929,3466
yolov8x_training,282.654483,89,255.987,13370.3125,95,1200,10001,"[0, 100000]","[0, 100000]",0,0,3515,36132
yolov8x_training,283.715842,84,238.857,13370.3125,97,2340,10001,"[0, 100000]","[0, 100000]",0,0,3271,13574
yolov8x_training,284.758868,87,242.083,13370.3125,17,2340,10001,"[0, 100000]","[0, 100000]",0,0,341,1035449
yolov8x_training,285.801499,90,268.174,13370.3125,77,1260,10001,"[0, 100000]","[0, 100000]",0,0,4394,18798
yolov8x_training,286.844435,86,236.835,13370.3125,100,1155,10001,"[0, 100000]","[0, 100000]",0,0,341,292
yolov8x_training,287.887049,84,250.290,13370.3125,52,1350,10001,"[0, 100000]","[0, 100000]",0,0,10791,29394
yolov8x_training,288.929940,87,248.853,13370.3125,51,2625,10001,"[0, 100000]","[0, 100000]",0,0,878,292
yolov8x_training,289.972972,89,248.117,13370.3125,93,1755,10001,"[0, 100000]","[0, 100000]",0,0,6591,103710
yolov8x_training,291.028131,84,260.624,13370.3125,16,1140,10001,"[0, 100000]","[0, 100000]",0,0,3320,12109
yolov8x_training,292.071207,88,245.234,13370.3125,58,2100,10001,"[0, 100000]","[0, 100000]",0,0,341,1028466
yolov8x_training,293.114187,84,242.710,13370.3125,95,1327,10001,"[0, 100000]","[0, 100000]",0,0,6640,20214
yolov8x_training,294.157681,88,248.955,13370.3125,100,1785,10001,"[0, 100000]","[0, 100000]",0,0,4980,104443
yolov8x_training,295.229745,90,256.222,13370.3125,22,1155,10001,"[0, 100000]","[0, 100000]",0,0,15283,34570
yolov8x_training,296.273004,88,247.005,13370.3125,71,945,10001,"[0, 100000]","[0, 100000]",0,0,2832,10986
yolov8x_training,297.316109,84,232.598,13370.3125,95,1170,10001,"[0, 100000]","[0, 100000]",0,0,341,341
yolov8x_training,298.358706,88,245.719,13370.3125,100,2385,10001,"[0, 100000]","[0, 100000]",0,0,5468,20263
yolov8x_training,299.401998,88,242.486,13370.3125,28,1147,10001,"[0, 100000]","[0, 100000]",0,0,1123,292
yolov8x_training,300.444694,88,254.112,13370.3125,60,1200,10001,"[0, 100000]","[0, 100000]",0,0,5371,103417
yolov8x_training,301.513931,84,257.045,13370.3125,95,915,10001,"[0, 100000]","[0, 100000]",0,0,2783,9960
yolov8x_training,302.557128,85,236.427,13370.3125,100,2430,10001,"[0, 100000]","[0, 100000]",0,0,89355,21093
yolov8x_training,303.600652,85,255.772,13370.3125,30,1590,10001,"[0, 100000]","[0, 100000]",0,0,3466,32373
yolov8x_training,304.643617,87,253.239,13370.3125,65,1845,10001,"[0, 100000]","[0, 100000]",0,0,341,292
yolov8x_training,305.713834,89,257.009,13370.3125,95,1230,10001,"[0, 100000]","[0, 100000]",0,0,15478,36279
yolov8x_training,306.756691,84,248.038,13370.3125,96,1140,10001,"[0, 100000]","[0, 100000]",0,0,1953,292
yolov8x_training,307.799607,89,252.451,13370.3125,13,1950,10001,"[0, 100000]","[0, 100000]",0,0,4931,102929
yolov8x_training,308.871206,89,237.657,13370.3125,76,1500,10001,"[0, 100000]","[0, 100000]",0,0,2880,10888
yolov8x_training,309.914421,88,252.651,13370.3125,95,1140,10001,"[0, 100000]","[0, 100000]",0,0,341,1041259
yolov8x_training,310.957508,85,257.491,13370.3125,12,1200,10001,"[0, 100000]","[0, 100000]",0,0,4248,27734
yolov8x_training,312.000571,84,245.371,13370.3125,61,2100,10001,"[0, 100000]","[0, 100000]",0,0,1123,292
yolov8x_training,313.043266,88,239.432,13370.3125,94,2655,10001,"[0, 100000]","[0, 100000]",0,0,4052,36523
yolov8x_training,314.099988,89,253.027,13370.3125,95,1305,10001,"[0, 100000]","[0, 100000]",0,0,3027,10937
yolov8x_training,315.142938,89,259.706,13370.3125,16,1170,10001,"[0, 100000]","[0, 100000]",0,0,341,1031298
yolov8x_training,316.185637,87,246.951,13370.3125,70,2400,10001,"[0, 100000]","[0, 100000]",0,0,3955,35839
yolov8x_training,317.229148,84,244.146,13370.3125,96,1335,10001,"[0, 100000]","[0, 100000]",0,0,341,292
yolov8x_training,318.284511,86,251.287,13370.3125,76,2565,10001,"[0, 100000]","[0, 100000]",0,0,15332,33740
yolov8x_training,319.327198,89,243.726,13370.3125,18,1770,10001,"[0, 100000]","[0, 100000]",0,0,2832,3466
yolov8x_training,320.370245,85,245.180,13370.3125,95,1155,10001,"[0, 100000]","[0, 100000]",0,0,90380,27978
yolov8x_training,321.440576,85,240.890,13370.3125,100,2175,10001,"[0, 100000]","[0, 100000]",0,0,3564,16064
yolov8x_training,322.483855,87,248.222,13370.3125,66,2250,10001,"[0, 100000]","[0, 100000]",0,0,341,292
yolov8x_training,323.526510,89,262.870,13370.3125,21,1485,10001,"[0, 100000]","[0, 100000]",0,0,5078,30371
yolov8x_training,324.569173,89,242.989,13370.3125,95,1170,10001,"[0, 100000]","[0, 100000]",0,0,2148,976
yolov8x_training,325.612464,88,243.893,13370.3125,42,2070,10001,"[0, 100000]","[0, 100000]",0,0,3417,36425
yolov8x_training,326.673627,84,238.820,13370.3125,50,2655,10001,"[0, 100000]","[0, 100000]",0,0,3759,15380
yolov8x_training,327.716641,89,260.456,13370.3125,95,780,10001,"[0, 100000]","[0, 100000]",0,0,341,292
yolov8x_training,328.759288,89,245.583,13370.3125,100,915,10001,"[0, 100000]","[0, 100000]",0,0,9082,26708
yolov8x_training,329.802019,88,243.722,13370.3125,51,1215,10001,"[0, 100000]","[0, 100000]",0,0,19531,292
yolov8x_training,330.844799,84,251.624,13370.3125,52,945,10001,"[0, 100000]","[0, 100000]",0,0,6884,104833
yolov8x_training,331.907230,89,247.509,13370.3125,95,1170,10001,"[0, 100000]","[0, 100000]",0,0,3173,12255
yolov8x_training,332.950472,89,258.082,13370.3125,100,1245,10001,"[0, 100000]","[0, 100000]",0,0,341,1033593
yolov8x_training,333.993079,88,250.605,13370.3125,49,1230,10001,"[0, 100000]","[0, 100000]",0,0,6347,27050
yolov8x_training,335.035662,84,239.722,13370.3125,95,1410,10001,"[0, 100000]","[0, 100000]",0,0,781,341
yolov8x_training,336.079044,85,248.163,13370.3125,100,2310,10001,"[0, 100000]","[0, 100000]",0,0,6884,102685
yolov8x_training,337.142224,89,262.652,13370.3125,19,1545,10001,"[0, 100000]","[0, 100000]",0,0,2880,36669
yolov8x_training,338.186009,89,249.335,13370.3125,64,1215,10001,"[0, 100000]","[0, 100000]",0,0,89501,21191
yolov8x_training,339.229433,88,241.209,13370.3125,93,1650,10001,"[0, 100000]","[0, 100000]",0,0,4052,20947
yolov8x_training,340.272178,85,243.785,13370.3125,100,1185,10001,"[0, 100000]","[0, 100000]",0,0,390,292
yolov8x_training,341.314137,84,258.761,13370.3125,62,1755,10001,"[0, 100000]","[0, 100000]",0,0,2929,39257
yolov8x_training,342.377038,87,251.078,13370.3125,37,1267,10001,"[0, 100000]","[0, 100000]",0,0,3125,13476
yolov8x_training,343.420314,89,261.237,13370.3125,95,2415,10001,"[0, 100000]","[0, 100000]",0,0,292,292
yolov8x_training,344.462931,86,237.897,13370.3125,100,1200,10001,"[0, 100000]","[0, 100000]",0,0,5175,27539
yolov8x_training,345.506182,84,242.887,13370.3125,46,2010,10001,"[0, 100000]","[0, 100000]",0,0,830,292
yolov8x_training,346.549489,86,250.757,13370.3125,41,1290,10001,"[0, 100000]","[0, 100000]",0,0,6787,104833
yolov8x_training,347.602648,89,262.007,13370.3125,95,1125,10001,"[0, 100000]","[0, 100000]",0,0,2490,7763
yolov8x_training,348.646029,88,242.593,13370.3125,100,1110,10001,"[0, 100000]","[0, 100000]",0,0,341,1039062
yolov8x_training,349.688869,88,241.501,13370.3125,41,2400,10001,"[0, 100000]","[0, 100000]",0,0,3369,28564
yolov8x_training,350.731881,85,260.815,13370.3125,62,1320,10001,"[0, 100000]","[0, 100000]",0,0,292,341
yolov8x_training,351.785450,89,251.117,13370.3125,95,1995,10001,"[0, 100000]","[0, 100000]",0,0,15332,33691
yolov8x_training,352.828532,89,240.701,13370.3125,100,1365,10001,"[0, 100000]","[0, 100000]",0,0,2734,6152
yolov8x_training,353.871821,87,246.577,13370.3125,17,1155,10001,"[0, 100000]","[0, 100000]",0,0,89941,26367
yolov8x_training,354.944109,84,246.437,13370.3125,71,2100,10001,"[0, 100000]","[0, 100000]",0,0,3857,17480
yolov8x_training,355.987176,88,246.557,13370.3125,100,2580,10001,"[0, 100000]","[0, 100000]",0,0,292,292
yolov8x_training,357.039641,89,262.830,13370.3125,41,1830,10001,"[0, 100000]","[0, 100000]",0,0,15234,29150
yolov8x_training,358.082536,89,247.158,13370.3125,71,1155,10001,"[0, 100000]","[0, 100000]",0,0,6494,79589
yolov8x_training,359.126188,88,246.904,13370.3125,94,2310,10001,"[0, 100000]","[0, 100000]",0,0,4296,104833
yolov8x_training,360.198187,84,247.928,13370.3125,96,1207,10001,"[0, 100000]","[0, 100000]",0,0,2832,7031
yolov8x_training,361.241212,89,262.308,13370.3125,12,1305,10001,"[0, 100000]","[0, 100000]",0,0,3466,36035
yolov8x_training,362.302451,88,238.238,13370.3125,79,1725,10001,"[0, 100000]","[0, 100000]",0,0,4931,16455
yolov8x_training,363.345579,88,241.027,13370.3125,94,1305,10001,"[0, 100000]","[0, 100000]",0,0,341,292
yolov8x_training,364.414542,84,245.559,13370.3125,97,1365,10001,"[0, 100000]","[0, 100000]",0,0,15234,30126
yolov8x_training,365.457736,88,259.786,13370.3125,20,2580,10001,"[0, 100000]","[0, 100000]",0,0,19628,292
yolov8x_training,366.501334,89,257.447,13370.3125,70,1320,10001,"[0, 100000]","[0, 100000]",0,0,5078,103710
yolov8x_training,367.571455,87,255.523,13370.3125,94,1185,10001,"[0, 100000]","[0, 100000]",0,0,2929,11181
yolov8x_training,368.614567,89,241.192,13370.3125,97,1320,10001,"[0, 100000]","[0, 100000]",0,0,341,1036523
yolov8x_training,369.657512,87,240.844,13370.3125,16,2385,10001,"[0, 100000]","[0, 100000]",0,0,5078,27539
yolov8x_training,370.700538,84,259.981,13370.3125,71,1222,10001,"[0, 100000]","[0, 100000]",0,0,341,292
yolov8x_training,371.743173,89,250.041,13370.3125,95,1140,10001,"[0, 100000]","[0, 100000]",0,0,341,341
yolov8x_training,372.785716,84,214.503,13370.3125,88,1245,10001,"[0, 100000]","[0, 100000]",0,0,2636,8886
yolov8x_training,373.828784,88,219.755,13370.3125,0,2400,10001,"[0, 100000]","[0, 100000]",0,0,6933,92431
yolov8x_training,374.889210,83,228.318,13370.3125,86,1185,10001,"[0, 100000]","[0, 100000]",0,0,292,292
yolov8x_training,375.931913,86,211.415,13370.3125,0,2655,10001,"[0, 100000]","[0, 100000]",0,0,3662,14599
yolov8x_training,376.974507,83,227.125,13370.3125,0,1365,10001,"[0, 100000]","[0, 100000]",0,0,89501,22900
yolov8x_training,378.048734,88,210.908,13370.3125,87,2655,10001,"[0, 100000]","[0, 100000]",0,0,341,292
yolov8x_training,379.091240,82,224.949,13370.3125,0,1230,10001,"[0, 100000]","[0, 100000]",0,0,3759,33203
yolov8x_training,380.134107,84,234.737,13370.3125,46,1087,10001,"[0, 100000]","[0, 100000]",0,0,2783,8935
yolov8x_training,381.176874,87,249.975,13370.3125,53,1155,10001,"[0, 100000]","[0, 100000]",0,0,88964,18750
yolov8x_training,382.219450,87,244.226,13370.3125,94,2400,10001,"[0, 100000]","[0, 100000]",0,0,4589,15429
yolov8x_training,383.262092,83,256.759,13370.3125,69,1530,10001,"[0, 100000]","[0, 100000]",0,0,439,292
yolov8x_training,384.304340,87,257.093,13370.3125,33,2580,10001,"[0, 100000]","[0, 100000]",0,0,3955,28417
yolov8x_training,385.347151,89,241.605,13370.3125,94,1185,10001,"[0, 100000]","[0, 100000]",0,0,439,341
yolov8x_training,386.410039,84,242.388,13370.3125,100,1230,10001,"[0, 100000]","[0, 100000]",0,0,15136,33935
yolov8x_training,387.453468,84,241.263,13370.3125,42,2520,10001,"[0, 100000]","[0, 100000]",0,0,2783,9082
yolov8x_training,388.496204,87,249.843,13370.3125,51,2040,10001,"[0, 100000]","[0, 100000]",0,0,89453,21142
yolov8x_training,389.538861,88,260.522,13370.3125,94,1155,10001,"[0, 100000]","[0, 100000]",0,0,4150,15429
yolov8x_training,390.581239,88,243.071,13370.3125,71,2055,10001,"[0, 100000]","[0, 100000]",0,0,390,1028808
yolov8x_training,391.623660,84,248.432,13370.3125,26,1350,10001,"[0, 100000]","[0, 100000]",0,0,5175,25146
yolov8x_training,392.667009,89,262.072,13370.3125,94,1230,10001,"[0, 100000]","[0, 100000]",0,0,488,341
yolov8x_training,393.709285,89,241.072,13370.3125,100,1920,10001,"[0, 100000]","[0, 100000]",0,0,5029,19873
yolov8x_training,394.752316,84,249.739,13370.3125,19,2580,10001,"[0, 100000]","[0, 100000]",0,0,390,341
yolov8x_training,395.798095,87,267.945,13370.3125,95,2310,10001,"[0, 100000]","[0, 100000]",0,0,15380,34326
yolov8x_training,396.841431,89,233.648,13370.3125,100,1440,10001,"[0, 100000]","[0, 100000]",0,0,2539,8056
yolov8x_training,397.884005,87,249.067,13370.3125,48,1230,10001,"[0, 100000]","[0, 100000]",0,0,90576,34619
yolov8x_training,398.949721,83,250.153,13370.3125,50,2550,10001,"[0, 100000]","[0, 100000]",0,0,3271,29541
yolov8x_training,399.992848,87,254.659,13370.3125,65,2295,10001,"[0, 100000]","[0, 100000]",0,0,90917,35791
yolov8x_training,401.059863,88,254.861,13370.3125,21,1170,10001,"[0, 100000]","[0, 100000]",0,0,3369,14208
yolov8x_training,402.102159,89,240.166,13370.3125,95,1380,10001,"[0, 100000]","[0, 100000]",0,0,390,1038037
yolov8x_training,403.144506,85,245.041,13370.3125,100,1252,10001,"[0, 100000]","[0, 100000]",0,0,3613,31591
yolov8x_training,404.187196,86,261.712,13370.3125,32,1230,10001,"[0, 100000]","[0, 100000]",0,0,390,341
yolov8x_training,405.229307,89,246.583,13370.3125,47,1170,10001,"[0, 100000]","[0, 100000]",0,0,6982,102734
yolov8x_training,406.285227,84,241.856,13370.3125,95,1155,10001,"[0, 100000]","[0, 100000]",0,0,2978,9130
yolov8x_training,407.328471,89,249.281,13370.3125,100,1380,10001,"[0, 100000]","[0, 100000]",0,0,89550,21484
yolov8x_training,408.371507,89,258.659,13370.3125,39,2550,10001,"[0, 100000]","[0, 100000]",0,0,3759,31396
yolov8x_training,409.414280,88,252.543,13370.3125,46,1515,10001,"[0, 100000]","[0, 100000]",0,0,390,341
yolov8x_training,410.470627,84,259.470,13370.3125,95,1140,10001,"[0, 100000]","[0, 100000]",0,0,15478,33691
yolov8x_training,411.513749,88,240.165,13370.3125,97,1725,10001,"[0, 100000]","[0, 100000]",0,0,2685,9521
yolov8x_training,412.556210,89,239.971,13370.3125,35,1327,10001,"[0, 100000]","[0, 100000]",0,0,89453,20214
yolov8x_training,413.599006,89,260.564,13370.3125,65,1560,10001,"[0, 100000]","[0, 100000]",0,0,4052,18017
yolov8x_training,414.641674,88,250.854,13370.3125,94,1260,10001,"[0, 100000]","[0, 100000]",0,0,390,1034863
yolov8x_training,415.684739,84,245.337,13370.3125,65,2535,10001,"[0, 100000]","[0, 100000]",0,0,3759,31542
yolov8x_training,416.728118,88,251.716,13370.3125,56,1260,10001,"[0, 100000]","[0, 100000]",0,0,390,341
yolov8x_training,417.770227,89,255.472,13370.3125,95,1155,10001,"[0, 100000]","[0, 100000]",0,0,11181,35302
yolov8x_training,418.812900,84,240.156,13370.3125,90,1245,10001,"[0, 100000]","[0, 100000]",0,0,2685,1318
yolov8x_training,419.855717,89,248.147,13370.3125,23,1980,10001,"[0, 100000]","[0, 100000]",0,0,6884,102490
yolov8x_training,420.911304,89,260.352,13370.3125,95,2580,10001,"[0, 100000]","[0, 100000]",0,0,2734,9082
yolov8x_training,421.953696,88,260.503,13370.3125,100,1620,10001,"[0, 100000]","[0, 100000]",0,0,53857,38330
yolov8x_training,423.017212,88,250.191,13370.3125,45,1155,10001,"[0, 100000]","[0, 100000]",0,0,4150,17529
yolov8x_training,424.059885,89,242.260,13370.3125,94,2250,10001,"[0, 100000]","[0, 100000]",0,0,439,341
yolov8x_training,425.102038,88,245.786,13370.3125,100,1740,10001,"[0, 100000]","[0, 100000]",0,0,8789,31298
yolov8x_training,426.144902,88,257.154,13370.3125,53,1290,10001,"[0, 100000]","[0, 100000]",0,0,2880,8642
yolov8x_training,427.188501,89,251.634,13370.3125,32,915,10001,"[0, 100000]","[0, 100000]",0,0,341,1037939
yolov8x_training,428.231485,84,238.608,13370.3125,93,1935,10001,"[0, 100000]","[0, 100000]",0,0,5566,24609
yolov8x_training,429.275285,87,243.449,13370.3125,100,2355,10001,"[0, 100000]","[0, 100000]",0,0,341,292
yolov8x_training,430.329634,89,256.444,13370.3125,48,1230,10001,"[0, 100000]","[0, 100000]",0,0,15527,34082
yolov8x_training,431.372594,88,249.334,13370.3125,40,2280,10001,"[0, 100000]","[0, 100000]",0,0,2148,341
yolov8x_training,432.441265,84,256.768,13370.3125,95,1215,10001,"[0, 100000]","[0, 100000]",0,0,16259,33740
yolov8x_training,433.484510,87,241.368,13370.3125,74,2370,10001,"[0, 100000]","[0, 100000]",0,0,2783,3369
yolov8x_training,434.527467,89,247.049,13370.3125,26,1245,10001,"[0, 100000]","[0, 100000]",0,0,3125,39306
yolov8x_training,435.592046,89,250.328,13370.3125,79,1215,10001,"[0, 100000]","[0, 100000]",0,0,3808,14990
yolov8x_training,436.635060,88,250.467,13370.3125,95,1200,10001,"[0, 100000]","[0, 100000]",0,0,341,292
yolov8x_training,437.678977,84,241.584,13370.3125,90,1815,10001,"[0, 100000]","[0, 100000]",0,0,15722,35058
yolov8x_training,438.721793,86,241.115,13370.3125,16,1920,10001,"[0, 100000]","[0, 100000]",0,0,2685,2441
yolov8x_training,439.765191,83,257.806,13370.3125,83,1185,10001,"[0, 100000]","[0, 100000]",0,0,88964,18359
yolov8x_training,440.807949,89,250.693,13370.3125,95,1260,10001,"[0, 100000]","[0, 100000]",0,0,5224,24560
yolov8x_training,441.850683,85,239.715,13370.3125,100,1245,10001,"[0, 100000]","[0, 100000]",0,0,19287,341
yolov8x_training,442.911139,86,250.480,13370.3125,43,1305,10001,"[0, 100000]","[0, 100000]",0,0,15429,32568
yolov8x_training,443.954751,88,241.555,13370.3125,69,1260,10001,"[0, 100000]","[0, 100000]",0,0,2783,3222
yolov8x_training,444.997792,89,246.938,13370.3125,100,1275,10001,"[0, 100000]","[0, 100000]",0,0,88916,19433
yolov8x_training,446.040866,85,255.669,13370.3125,34,1200,10001,"[0, 100000]","[0, 100000]",0,0,5371,27929
yolov8x_training,447.084368,89,248.648,13370.3125,30,1200,10001,"[0, 100000]","[0, 100000]",0,0,2197,488
yolov8x_training,448.127659,85,235.523,13370.3125,94,2355,10001,"[0, 100000]","[0, 100000]",0,0,89453,21289
yolov8x_training,449.170900,84,241.483,13370.3125,95,2520,10001,"[0, 100000]","[0, 100000]",0,0,3857,32568
yolov8x_training,450.214021,88,247.111,13370.3125,100,1410,10001,"[0, 100000]","[0, 100000]",0,0,1611,292
yolov8x_training,451.257475,89,261.756,13370.3125,39,1290,10001,"[0, 100000]","[0, 100000]",0,0,2880,38769
yolov8x_training,452.320863,89,251.182,13370.3125,18,1185,10001,"[0, 100000]","[0, 100000]",0,0,6054,17236
yolov8x_training,453.364303,85,238.856,13370.3125,92,1185,10001,"[0, 100000]","[0, 100000]",0,0,341,292
yolov8x_training,454.407073,83,249.941,13370.3125,95,1215,10001,"[0, 100000]","[0, 100000]",0,0,5224,103417
yolov8x_training,455.476598,88,238.307,13370.3125,87,2400,10001,"[0, 100000]","[0, 100000]",0,0,2832,10937
yolov8x_training,456.520130,89,252.601,13370.3125,42,2625,10001,"[0, 100000]","[0, 100000]",0,0,292,1027587
yolov8x_training,457.563398,89,252.285,13370.3125,28,712,10001,"[0, 100000]","[0, 100000]",0,0,15478,35839
yolov8x_training,458.606983,88,257.935,13370.3125,95,1755,10001,"[0, 100000]","[0, 100000]",0,0,2636,8251
yolov8x_training,459.650235,88,251.553,13370.3125,98,1380,10001,"[0, 100000]","[0, 100000]",0,0,292,1040722
yolov8x_training,460.693524,84,238.834,13370.3125,69,2580,10001,"[0, 100000]","[0, 100000]",0,0,4345,23974
yolov8x_training,461.736643,85,243.191,13370.3125,3,1935,10001,"[0, 100000]","[0, 100000]",0,0,2246,124804
yolov8x_training,462.779957,87,253.386,13370.3125,53,1335,10001,"[0, 100000]","[0, 100000]",0,0,89843,24511
yolov8x_training,463.853666,89,253.921,13370.3125,93,990,10001,"[0, 100000]","[0, 100000]",0,0,4052,18652
yolov8x_training,464.896938,88,255.886,13370.3125,100,1500,10001,"[0, 100000]","[0, 100000]",0,0,292,292
yolov8x_training,465.939607,84,252.379,13370.3125,61,1155,10001,"[0, 100000]","[0, 100000]",0,0,6884,102441
yolov8x_training,467.004857,85,244.630,13370.3125,45,1290,10001,"[0, 100000]","[0, 100000]",0,0,3271,12939
yolov8x_training,468.047943,87,235.545,13370.3125,93,2295,10001,"[0, 100000]","[0, 100000]",0,0,292,292
yolov8x_training,469.103873,85,237.910,13370.3125,100,2340,10001,"[0, 100000]","[0, 100000]",0,0,15283,34863
yolov8x_training,470.147316,87,252.697,13370.3125,78,1252,10001,"[0, 100000]","[0, 100000]",0,0,3125,12158
yolov8x_training,471.190481,89,255.626,13370.3125,28,1230,10001,"[0, 100000]","[0, 100000]",0,0,292,1028222
yolov8x_training,472.233279,88,248.397,13370.3125,51,1260,10001,"[0, 100000]","[0, 100000]",0,0,14794,33203
yolov8x_training,473.276298,84,240.685,13370.3125,95,2040,10001,"[0, 100000]","[0, 100000]",0,0,2783,10107
yolov8x_training,474.319360,86,249.196,13370.3125,100,1950,10001,"[0, 100000]","[0, 100000]",0,0,341,244
yolov8x_training,475.362000,88,251.963,13370.3125,76,2340,10001,"[0, 100000]","[0, 100000]",0,0,6201,22949
yolov8x_training,476.405568,88,241.055,13370.3125,19,787,10001,"[0, 100000]","[0, 100000]",0,0,2929,9667
yolov8x_training,477.448783,87,251.723,13370.3125,55,1845,10001,"[0, 100000]","[0, 100000]",0,0,24072,647167
yolov8x_training,478.491932,84,258.083,13370.3125,93,1185,10001,"[0, 100000]","[0, 100000]",0,0,4833,27832
yolov8x_training,479.535016,88,241.486,13370.3125,100,2340,10001,"[0, 100000]","[0, 100000]",0,0,1123,292
yolov8x_training,480.577775,88,237.666,13370.3125,52,1327,10001,"[0, 100000]","[0, 100000]",0,0,89404,21093
yolov8x_training,481.621242,88,246.487,13370.3125,11,1425,10001,"[0, 100000]","[0, 100000]",0,0,5126,24902
yolov8x_training,482.664276,88,259.799,13370.3125,81,1170,10001,"[0, 100000]","[0, 100000]",0,0,292,341
yolov8x_training,483.707057,88,249.156,13370.3125,94,1230,10001,"[0, 100000]","[0, 100000]",0,0,6201,102490
yolov8x_training,484.775375,86,237.128,13370.3125,99,2190,10001,"[0, 100000]","[0, 100000]",0,0,3271,13476
yolov8x_training,485.818459,83,241.862,13370.3125,38,1365,10001,"[0, 100000]","[0, 100000]",0,0,341,1033691
yolov8x_training,486.861394,88,254.399,13370.3125,58,2595,10001,"[0, 100000]","[0, 100000]",0,0,3955,30322
yolov8x_training,487.904719,88,256.613,13370.3125,94,1860,10001,"[0, 100000]","[0, 100000]",0,0,341,292
yolov8x_training,488.958336,84,259.397,13370.3125,82,1185,10001,"[0, 100000]","[0, 100000]",0,0,15380,33056
yolov8x_training,490.001354,86,242.050,13370.3125,68,2055,10001,"[0, 100000]","[0, 100000]",0,0,2734,8447
yolov8x_training,491.044504,88,242.337,13370.3125,95,1267,10001,"[0, 100000]","[0, 100000]",0,0,89160,20312
yolov8x_training,492.087887,87,253.060,13370.3125,72,1890,10001,"[0, 100000]","[0, 100000]",0,0,5224,18847
yolov8x_training,493.130810,88,257.964,13370.3125,25,1290,10001,"[0, 100000]","[0, 100000]",0,0,341,292
yolov8x_training,494.173538,84,243.925,13370.3125,94,2565,10001,"[0, 100000]","[0, 100000]",0,0,4785,17871
yolov8x_training,495.216834,88,246.513,13370.3125,100,1635,10001,"[0, 100000]","[0, 100000]",0,0,15771,341
yolov8x_training,496.260107,88,257.419,13370.3125,41,1185,10001,"[0, 100000]","[0, 100000]",0,0,6787,102050
yolov8x_training,497.320007,87,252.546,13370.3125,64,1230,10001,"[0, 100000]","[0, 100000]",0,0,2636,7275
yolov8x_training,498.363429,83,240.039,13370.3125,95,1245,10001,"[0, 100000]","[0, 100000]",0,0,90820,36474
yolov8x_training,499.428646,88,238.628,13370.3125,91,1995,10001,"[0, 100000]","[0, 100000]",0,0,5175,16894
yolov8x_training,500.471878,88,241.976,13370.3125,17,2625,10001,"[0, 100000]","[0, 100000]",0,0,341,292
yolov8x_training,501.514580,87,256.807,13370.3125,71,1200,10001,"[0, 100000]","[0, 100000]",0,0,9472,27734
yolov8x_training,502.557578,83,252.780,13370.3125,95,1290,10001,"[0, 100000]","[0, 100000]",0,0,5273,101562
yolov8x_training,503.601420,84,241.506,13370.3125,83,2325,10001,"[0, 100000]","[0, 100000]",0,0,6884,102099
yolov8x_training,504.666446,89,243.071,13370.3125,14,1290,10001,"[0, 100000]","[0, 100000]",0,0,2734,10009
yolov8x_training,505.709667,89,249.584,13370.3125,93,1290,10001,"[0, 100000]","[0, 100000]",0,0,292,1032031
yolov8x_training,506.752462,88,250.753,13370.3125,94,1305,10001,"[0, 100000]","[0, 100000]",0,0,5322,19189
yolov8x_training,507.796017,84,242.023,13370.3125,85,1185,10001,"[0, 100000]","[0, 100000]",0,0,830,292
yolov8x_training,508.838706,88,249.427,13370.3125,14,2145,10001,"[0, 100000]","[0, 100000]",0,0,6396,101562
yolov8x_training,509.898921,89,238.649,13370.3125,83,1320,10001,"[0, 100000]","[0, 100000]",0,0,2832,37011
yolov8x_training,510.942263,87,256.759,13370.3125,100,1245,10001,"[0, 100000]","[0, 100000]",0,0,90087,27929
yolov8x_training,512.011884,83,251.923,13370.3125,24,1215,10001,"[0, 100000]","[0, 100000]",0,0,3759,15966
yolov8x_training,513.054908,87,240.082,13370.3125,90,2010,10001,"[0, 100000]","[0, 100000]",0,0,341,292
yolov8x_training,514.099886,83,239.693,13370.3125,95,2115,10001,"[0, 100000]","[0, 100000]",0,0,15478,36816
yolov8x_training,515.143143,83,252.184,13370.3125,86,1200,10001,"[0, 100000]","[0, 100000]",0,0,5273,20751
yolov8x_training,516.186595,87,214.181,13370.3125,55,2655,10001,"[0, 100000]","[0, 100000]",0,0,341,292
yolov8x_training,517.229467,83,211.007,13370.3125,87,1320,10001,"[0, 100000]","[0, 100000]",0,0,2734,9423
yolov8x_training,518.272768,87,216.882,13370.3125,63,2655,10001,"[0, 100000]","[0, 100000]",0,0,4101,37353
yolov8x_training,519.326246,83,215.254,13370.3125,76,1800,10001,"[0, 100000]","[0, 100000]",0,0,341,292
yolov8x_training,520.368693,88,219.385,13370.3125,26,2655,10001,"[0, 100000]","[0, 100000]",0,0,3759,32812
yolov8x_training,521.411616,82,229.274,13370.3125,74,2025,10001,"[0, 100000]","[0, 100000]",0,0,341,292
yolov8x_training,522.454396,87,208.292,13370.3125,50,2145,10001,"[0, 100000]","[0, 100000]",0,0,1757,292
yolov8x_training,523.497118,85,230.967,13370.3125,74,2580,10001,"[0, 100000]","[0, 100000]",0,0,341,292
yolov8x_training,524.542525,82,218.943,13370.3125,70,1500,10001,"[0, 100000]","[0, 100000]",0,0,14306,31347
yolov8x_training,525.585953,87,216.791,13370.3125,36,1327,10001,"[0, 100000]","[0, 100000]",0,0,341,292
yolov8x_training,526.628727,85,214.575,13370.3125,82,1275,10001,"[0, 100000]","[0, 100000]",0,0,2783,5957
yolov8x_training,527.683420,82,213.459,13370.3125,48,720,10001,"[0, 100000]","[0, 100000]",0,0,15185,32177
yolov8x_training,528.726499,83,242.429,13370.3125,35,1380,10001,"[0, 100000]","[0, 100000]",0,0,6494,80468
yolov8x_training,529.770121,88,248.583,13370.3125,54,1215,10001,"[0, 100000]","[0, 100000]",0,0,6396,102978
yolov8x_training,530.838912,87,240.183,13370.3125,95,1440,10001,"[0, 100000]","[0, 100000]",0,0,2978,11621
yolov8x_training,531.882060,84,245.685,13370.3125,96,1170,10001,"[0, 100000]","[0, 100000]",0,0,88769,15576
yolov8x_training,532.925175,83,245.314,13370.3125,89,2385,10001,"[0, 100000]","[0, 100000]",0,0,3564,30566
yolov8x_training,533.968049,87,249.854,13370.3125,96,1327,10001,"[0, 100000]","[0, 100000]",0,0,781,292
yolov8x_training,535.011303,87,259.078,13370.3125,4,1275,10001,"[0, 100000]","[0, 100000]",0,0,6396,102099
yolov8x_training,536.078374,84,239.529,13370.3125,95,1200,10001,"[0, 100000]","[0, 100000]",0,0,2343,125488
yolov8x_training,537.121409,87,241.100,13370.3125,100,2400,10001,"[0, 100000]","[0, 100000]",0,0,2978,39257
yolov8x_training,538.184771,83,250.134,13370.3125,80,2490,10001,"[0, 100000]","[0, 100000]",0,0,5273,20068
yolov8x_training,539.228238,87,255.113,13370.3125,14,1755,10001,"[0, 100000]","[0, 100000]",0,0,341,292
yolov8x_training,540.293561,89,247.163,13370.3125,59,1185,10001,"[0, 100000]","[0, 100000]",0,0,15234,34570
yolov8x_training,541.336575,87,243.721,13370.3125,94,1185,10001,"[0, 100000]","[0, 100000]",0,0,2978,5029
yolov8x_training,542.380187,83,235.797,13370.3125,89,1290,10001,"[0, 100000]","[0, 100000]",0,0,88720,15527
yolov8x_training,543.423119,86,236.612,13370.3125,21,2355,10001,"[0, 100000]","[0, 100000]",0,0,5517,20312
yolov8x_training,544.465858,88,258.875,13370.3125,70,1275,10001,"[0, 100000]","[0, 100000]",0,0,292,292
yolov8x_training,545.508479,87,251.103,13370.3125,93,1230,10001,"[0, 100000]","[0, 100000]",0,0,14306,32177
yolov8x_training,546.551461,83,235.653,13370.3125,90,1290,10001,"[0, 100000]","[0, 100000]",0,0,2929,3222
yolov8x_training,547.594631,88,244.852,13370.3125,24,2415,10001,"[0, 100000]","[0, 100000]",0,0,4052,35693
yolov8x_training,548.652124,87,263.129,13370.3125,95,2295,10001,"[0, 100000]","[0, 100000]",0,0,3271,11279
yolov8x_training,549.695327,88,236.474,13370.3125,100,1230,10001,"[0, 100000]","[0, 100000]",0,0,341,1031103
yolov8x_training,550.738199,87,241.460,13370.3125,51,2040,10001,"[0, 100000]","[0, 100000]",0,0,4248,32177
yolov8x_training,551.782005,84,249.427,13370.3125,24,2475,10001,"[0, 100000]","[0, 100000]",0,0,1074,292
yolov8x_training,552.824828,87,261.470,13370.3125,95,2580,10001,"[0, 100000]","[0, 100000]",0,0,6591,103662
yolov8x_training,553.879536,88,250.230,13370.3125,100,1575,10001,"[0, 100000]","[0, 100000]",0,0,2783,9863
yolov8x_training,554.922728,87,251.395,13370.3125,38,1335,10001,"[0, 100000]","[0, 100000]",0,0,89062,18408
yolov8x_training,555.965788,83,237.797,13370.3125,50,1440,10001,"[0, 100000]","[0, 100000]",0,0,3222,27880
yolov8x_training,557.008813,88,249.216,13370.3125,100,2580,10001,"[0, 100000]","[0, 100000]",0,0,341,292
yolov8x_training,558.051447,88,256.065,13370.3125,45,1335,10001,"[0, 100000]","[0, 100000]",0,0,6396,103613
yolov8x_training,559.108571,87,252.103,13370.3125,31,1185,10001,"[0, 100000]","[0, 100000]",0,0,3369,11132
yolov8x_training,560.151980,88,239.123,13370.3125,88,1245,10001,"[0, 100000]","[0, 100000]",0,0,292,292
yolov8x_training,561.224600,88,234.552,13370.3125,94,1515,10001,"[0, 100000]","[0, 100000]",0,0,14990,34326
yolov8x_training,562.267850,84,249.552,13370.3125,100,1260,10001,"[0, 100000]","[0, 100000]",0,0,2636,6103
yolov8x_training,563.311041,87,248.101,13370.3125,30,2445,10001,"[0, 100000]","[0, 100000]",0,0,89648,21972
yolov8x_training,564.354333,89,249.504,13370.3125,64,1305,10001,"[0, 100000]","[0, 100000]",0,0,4541,15966
yolov8x_training,565.397496,88,237.224,13370.3125,93,1245,10001,"[0, 100000]","[0, 100000]",0,0,341,292
yolov8x_training,566.447201,84,236.878,13370.3125,100,1245,10001,"[0, 100000]","[0, 100000]",0,0,15380,36962
yolov8x_training,567.490285,86,242.092,13370.3125,22,2085,10001,"[0, 100000]","[0, 100000]",0,0,2685,3320
yolov8x_training,568.533351,89,253.320,13370.3125,67,1275,10001,"[0, 100000]","[0, 100000]",0,0,2929,38769
yolov8x_training,569.596028,88,252.910,13370.3125,94,1185,10001,"[0, 100000]","[0, 100000]",0,0,3173,12744
yolov8x_training,570.639372,89,235.266,13370.3125,90,1335,10001,"[0, 100000]","[0, 100000]",0,0,341,292
yolov8x_training,571.681993,86,238.439,13370.3125,24,2355,10001,"[0, 100000]","[0, 100000]",0,0,5566,18505
yolov8x_training,572.725547,83,256.571,13370.3125,69,1320,10001,"[0, 100000]","[0, 100000]",0,0,1220,244
yolov8x_training,573.768441,86,250.922,13370.3125,93,1215,10001,"[0, 100000]","[0, 100000]",0,0,6103,104980
yolov8x_training,574.837244,89,237.667,13370.3125,87,1155,10001,"[0, 100000]","[0, 100000]",0,0,2978,8935
yolov8x_training,575.880755,84,247.985,13370.3125,10,1215,10001,"[0, 100000]","[0, 100000]",0,0,89013,17773
yolov8x_training,576.923916,86,241.462,13370.3125,78,2445,10001,"[0, 100000]","[0, 100000]",0,0,3515,30273
yolov8x_training,577.966910,88,251.592,13370.3125,95,1365,10001,"[0, 100000]","[0, 100000]",0,0,341,292
yolov8x_training,579.025639,89,255.923,13370.3125,18,1215,10001,"[0, 100000]","[0, 100000]",0,0,15576,33447
yolov8x_training,580.068913,86,242.413,13370.3125,75,1200,10001,"[0, 100000]","[0, 100000]",0,0,2734,7031
yolov8x_training,581.111955,88,242.681,13370.3125,95,2295,10001,"[0, 100000]","[0, 100000]",0,0,90136,27832
yolov8x_training,582.183449,84,250.482,13370.3125,78,1455,10001,"[0, 100000]","[0, 100000]",0,0,3320,13769
yolov8x_training,583.227149,88,259.515,13370.3125,21,1155,10001,"[0, 100000]","[0, 100000]",0,0,341,1028710
yolov8x_training,584.269885,89,239.641,13370.3125,93,1350,10001,"[0, 100000]","[0, 100000]",0,0,4687,17724
yolov8x_training,585.312937,85,243.753,13370.3125,100,1185,10001,"[0, 100000]","[0, 100000]",0,0,14746,292
yolov8x_training,586.355939,84,254.371,13370.3125,60,2385,10001,"[0, 100000]","[0, 100000]",0,0,6396,104736
yolov8x_training,587.411876,87,252.192,13370.3125,34,1327,10001,"[0, 100000]","[0, 100000]",0,0,2929,10498
yolov8x_training,588.455390,89,258.364,13370.3125,93,1305,10001,"[0, 100000]","[0, 100000]",0,0,292,1037890
yolov8x_training,589.498264,86,243.872,13370.3125,100,1155,10001,"[0, 100000]","[0, 100000]",0,0,5175,27441
yolov8x_training,590.541404,84,238.684,13370.3125,53,2325,10001,"[0, 100000]","[0, 100000]",0,0,634,292
yolov8x_training,591.584242,88,248.769,13370.3125,32,2505,10001,"[0, 100000]","[0, 100000]",0,0,3759,36865
yolov8x_training,592.641163,88,261.347,13370.3125,94,1305,10001,"[0, 100000]","[0, 100000]",0,0,3417,11816
yolov8x_training,593.684263,89,246.489,13370.3125,100,1170,10001,"[0, 100000]","[0, 100000]",0,0,89160,18505
yolov8x_training,594.727817,88,239.262,13370.3125,57,1665,10001,"[0, 100000]","[0, 100000]",0,0,5029,26562
yolov8x_training,595.771044,84,251.997,13370.3125,31,1327,10001,"[0, 100000]","[0, 100000]",0,0,732,292
yolov8x_training,596.814117,87,260.959,13370.3125,95,2655,10001,"[0, 100000]","[0, 100000]",0,0,6298,104150
yolov8x_training,597.873120,89,246.381,13370.3125,100,1755,10001,"[0, 100000]","[0, 100000]",0,0,3222,10888
yolov8x_training,598.916842,88,255.692,13370.3125,62,1170,10001,"[0, 100000]","[0, 100000]",0,0,341,1036474
yolov8x_training,599.959876,84,242.774,13370.3125,28,2340,10001,"[0, 100000]","[0, 100000]",0,0,4052,23632
yolov8x_training,601.004266,88,243.490,13370.3125,94,2550,10001,"[0, 100000]","[0, 100000]",0,0,341,292
yolov8x_training,602.076687,89,259.138,13370.3125,49,1365,10001,"[0, 100000]","[0, 100000]",0,0,15380,34716
yolov8x_training,603.119987,88,251.245,13370.3125,48,1245,10001,"[0, 100000]","[0, 100000]",0,0,1806,292
yolov8x_training,604.162717,89,240.660,13370.3125,94,1995,10001,"[0, 100000]","[0, 100000]",0,0,4492,104248
yolov8x_training,605.237108,86,241.178,13370.3125,100,1192,10001,"[0, 100000]","[0, 100000]",0,0,3320,13232
yolov8x_training,606.280526,84,257.850,13370.3125,53,1785,10001,"[0, 100000]","[0, 100000]",0,0,341,292
yolov8x_training,607.323204,87,253.525,13370.3125,33,2025,10001,"[0, 100000]","[0, 100000]",0,0,6005,19970
yolov8x_training,608.366839,89,238.839,13370.3125,92,1500,10001,"[0, 100000]","[0, 100000]",0,0,2294,2734
yolov8x_training,609.410307,88,248.698,13370.3125,93,1155,10001,"[0, 100000]","[0, 100000]",0,0,292,1030322
yolov8x_training,610.454965,85,241.007,13370.3125,100,1305,10001,"[0, 100000]","[0, 100000]",0,0,15332,33691
yolov8x_training,611.498631,84,237.461,13370.3125,50,2385,10001,"[0, 100000]","[0, 100000]",0,0,2880,11914
yolov8x_training,612.541960,89,248.279,13370.3125,28,1365,10001,"[0, 100000]","[0, 100000]",0,0,89062,17968
yolov8x_training,613.585305,84,263.347,13370.3125,93,1155,10001,"[0, 100000]","[0, 100000]",0,0,3613,15673
yolov8x_training,614.628573,86,242.843,13370.3125,100,1275,10001,"[0, 100000]","[0, 100000]",0,0,341,292
yolov8x_training,615.683170,84,239.904,13370.3125,41,1935,10001,"[0, 100000]","[0, 100000]",0,0,15429,33642
yolov8x_training,616.726284,88,250.577,13370.3125,44,1365,10001,"[0, 100000]","[0, 100000]",0,0,2392,2929
yolov8x_training,617.770011,90,259.716,13370.3125,93,1170,10001,"[0, 100000]","[0, 100000]",0,0,3857,35839
yolov8x_training,618.830510,86,243.210,13370.3125,100,1575,10001,"[0, 100000]","[0, 100000]",0,0,3515,16113
yolov8x_training,619.873374,84,239.262,13370.3125,45,1230,10001,"[0, 100000]","[0, 100000]",0,0,341,292
yolov8x_training,620.915959,87,238.462,13370.3125,35,2370,10001,"[0, 100000]","[0, 100000]",0,0,5126,21679
yolov8x_training,621.959435,89,249.571,13370.3125,94,1455,10001,"[0, 100000]","[0, 100000]",0,0,341,292
yolov8x_training,623.002370,85,252.273,13370.3125,93,1320,10001,"[0, 100000]","[0, 100000]",0,0,4541,102490
yolov8x_training,624.075927,84,250.247,13370.3125,48,1140,10001,"[0, 100000]","[0, 100000]",0,0,3125,12695
yolov8x_training,625.119182,85,238.193,13370.3125,94,1950,10001,"[0, 100000]","[0, 100000]",0,0,292,1032763
yolov8x_training,626.162070,86,247.014,13370.3125,100,2085,10001,"[0, 100000]","[0, 100000]",0,0,4638,19189
yolov8x_training,627.205147,89,259.862,13370.3125,38,1545,10001,"[0, 100000]","[0, 100000]",0,0,14746,292
yolov8x_training,628.273021,88,250.914,13370.3125,53,1215,10001,"[0, 100000]","[0, 100000]",0,0,15185,34570
yolov8x_training,629.316438,84,247.220,13370.3125,95,1200,10001,"[0, 100000]","[0, 100000]",0,0,2001,292
yolov8x_training,630.359200,89,246.952,13370.3125,100,1905,10001,"[0, 100000]","[0, 100000]",0,0,4003,37304
yolov8x_training,631.413390,89,240.646,13370.3125,41,2505,10001,"[0, 100000]","[0, 100000]",0,0,3759,29345
yolov8x_training,632.456535,88,257.423,13370.3125,66,1305,10001,"[0, 100000]","[0, 100000]",0,0,292,292
yolov8x_training,633.515903,84,254.620,13370.3125,95,1125,10001,"[0, 100000]","[0, 100000]",0,0,15087,29394
yolov8x_training,634.558965,89,239.884,13370.3125,100,1815,10001,"[0, 100000]","[0, 100000]",0,0,2636,115625
yolov8x_training,635.602450,88,241.022,13370.3125,34,1297,10001,"[0, 100000]","[0, 100000]",0,0,6640,104589
yolov8x_training,636.668724,90,256.252,13370.3125,60,892,10001,"[0, 100000]","[0, 100000]",0,0,3076,10107
yolov8x_training,637.711888,89,256.656,13370.3125,94,1140,10001,"[0, 100000]","[0, 100000]",0,0,341,1034375
yolov8x_training,638.754692,86,241.780,13370.3125,100,1980,10001,"[0, 100000]","[0, 100000]",0,0,6005,28662
yolov8x_training,639.797692,84,237.719,13370.3125,28,1252,10001,"[0, 100000]","[0, 100000]",0,0,2294,2197
yolov8x_training,640.840765,88,249.745,13370.3125,44,2520,10001,"[0, 100000]","[0, 100000]",0,0,89990,25878
yolov8x_training,641.910814,89,260.752,13370.3125,92,1485,10001,"[0, 100000]","[0, 100000]",0,0,3759,11816
yolov8x_training,642.954358,88,253.295,13370.3125,100,1380,10001,"[0, 100000]","[0, 100000]",0,0,341,292
yolov8x_training,644.011048,84,255.863,13370.3125,70,1155,10001,"[0, 100000]","[0, 100000]",0,0,15380,33056
yolov8x_training,645.053927,89,242.573,13370.3125,94,1905,10001,"[0, 100000]","[0, 100000]",0,0,1318,292
yolov8x_training,646.097211,89,240.787,13370.3125,95,2655,10001,"[0, 100000]","[0, 100000]",0,0,89941,26074
yolov8x_training,647.169074,88,254.341,13370.3125,83,1965,10001,"[0, 100000]","[0, 100000]",0,0,3466,14013
yolov8x_training,648.212172,89,253.227,13370.3125,16,1155,10001,"[0, 100000]","[0, 100000]",0,0,341,292
yolov8x_training,649.260279,88,246.680,13370.3125,65,1200,10001,"[0, 100000]","[0, 100000]",0,0,15332,33593
yolov8x_training,650.303493,84,241.798,13370.3125,95,2640,10001,"[0, 100000]","[0, 100000]",0,0,2734,3173
yolov8x_training,651.346845,88,248.951,13370.3125,100,2295,10001,"[0, 100000]","[0, 100000]",0,0,2880,39160
yolov8x_training,652.409218,89,269.785,13370.3125,10,2505,10001,"[0, 100000]","[0, 100000]",0,0,5273,28027
yolov8x_training,653.452307,88,251.121,13370.3125,39,1320,10001,"[0, 100000]","[0, 100000]",0,0,341,292
yolov8x_training,654.501976,84,265.553,13370.3125,94,1170,10001,"[0, 100000]","[0, 100000]",0,0,15332,31835
yolov8x_training,655.545025,89,239.875,13370.3125,100,2220,10001,"[0, 100000]","[0, 100000]",0,0,2636,97900
yolov8x_training,656.589028,89,242.965,13370.3125,36,1252,10001,"[0, 100000]","[0, 100000]",0,0,2978,38769
yolov8x_training,657.653111,89,253.858,13370.3125,48,1725,10001,"[0, 100000]","[0, 100000]",0,0,3417,12939
yolov8x_training,658.696699,89,257.979,13370.3125,94,1140,10001,"[0, 100000]","[0, 100000]",0,0,390,1028076
yolov8x_training,659.739572,86,241.937,13370.3125,100,2085,10001,"[0, 100000]","[0, 100000]",0,0,7373,31298
yolov8x_training,660.782673,84,240.660,13370.3125,31,2505,10001,"[0, 100000]","[0, 100000]",0,0,2783,4833
yolov8x_training,661.826197,87,252.322,13370.3125,48,2550,10001,"[0, 100000]","[0, 100000]",0,0,90576,35498
yolov8x_training,662.892731,89,259.526,13370.3125,93,1335,10001,"[0, 100000]","[0, 100000]",0,0,3027,11767
yolov8x_training,663.935694,85,254.070,13370.3125,100,1800,10001,"[0, 100000]","[0, 100000]",0,0,292,1036621
yolov8x_training,664.978412,85,249.366,13370.3125,28,1245,10001,"[0, 100000]","[0, 100000]",0,0,5712,19921
yolov8x_training,666.021250,87,236.274,13370.3125,94,2205,10001,"[0, 100000]","[0, 100000]",0,0,2685,3125
yolov8x_training,667.064147,89,238.840,13370.3125,93,1237,10001,"[0, 100000]","[0, 100000]",0,0,341,1032470
yolov8x_training,668.107132,88,253.226,13370.3125,93,2550,10001,"[0, 100000]","[0, 100000]",0,0,6689,24267
yolov8x_training,669.149770,89,258.817,13370.3125,30,1230,10001,"[0, 100000]","[0, 100000]",0,0,2685,50439
yolov8x_training,670.192720,89,249.047,13370.3125,32,1200,10001,"[0, 100000]","[0, 100000]",0,0,341,341
yolov8x_training,671.240210,86,237.523,13370.3125,73,1965,10001,"[0, 100000]","[0, 100000]",0,0,15136,34472
yolov8x_training,672.283025,84,249.724,13370.3125,94,2655,10001,"[0, 100000]","[0, 100000]",0,0,3027,10351
yolov8x_training,673.326111,86,245.778,13370.3125,100,1380,10001,"[0, 100000]","[0, 100000]",0,0,341,292
yolov8x_training,674.392179,88,253.761,13370.3125,55,2190,10001,"[0, 100000]","[0, 100000]",0,0,15234,32275
yolov8x_training,675.435647,89,249.182,13370.3125,4,1860,10001,"[0, 100000]","[0, 100000]",0,0,2636,16210
yolov8x_training,676.478829,88,252.628,13370.3125,45,1770,10001,"[0, 100000]","[0, 100000]",0,0,341,292
yolov8x_training,677.535157,85,252.325,13370.3125,88,1770,10001,"[0, 100000]","[0, 100000]",0,0,15380,35791
yolov8x_training,678.578159,83,249.626,13370.3125,94,1155,10001,"[0, 100000]","[0, 100000]",0,0,3222,12109
yolov8x_training,679.621017,86,239.149,13370.3125,100,2115,10001,"[0, 100000]","[0, 100000]",0,0,341,292
yolov8x_training,680.676142,83,238.185,13370.3125,41,2505,10001,"[0, 100000]","[0, 100000]",0,0,15136,31787
yolov8x_training,681.719031,89,250.027,13370.3125,31,1860,10001,"[0, 100000]","[0, 100000]",0,0,2197,123339
yolov8x_training,682.762033,89,261.242,13370.3125,94,1155,10001,"[0, 100000]","[0, 100000]",0,0,5029,102441
yolov8x_training,683.833133,87,244.550,13370.3125,100,1305,10001,"[0, 100000]","[0, 100000]",0,0,3759,18212
yolov8x_training,684.876533,84,235.101,13370.3125,71,1155,10001,"[0, 100000]","[0, 100000]",0,0,341,292
yolov8x_training,685.927439,88,247.788,13370.3125,20,2370,10001,"[0, 100000]","[0, 100000]",0,0,15380,35644
yolov8x_training,686.970807,88,243.390,13370.3125,79,2310,10001,"[0, 100000]","[0, 100000]",0,0,2539,2343
yolov8x_training,688.014431,88,254.565,13370.3125,94,1200,10001,"[0, 100000]","[0, 100000]",0,0,3125,39062
yolov8x_training,689.075320,84,257.124,13370.3125,15,1185,10001,"[0, 100000]","[0, 100000]",0,0,3466,13378
yolov8x_training,690.118466,87,240.392,13370.3125,73,2100,10001,"[0, 100000]","[0, 100000]",0,0,292,292
yolov8x_training,691.161064,83,242.246,13370.3125,93,2580,10001,"[0, 100000]","[0, 100000]",0,0,8105,26318
yolov8x_training,692.203982,86,254.272,13370.3125,81,1260,10001,"[0, 100000]","[0, 100000]",0,0,1074,292
yolov8x_training,693.247295,84,224.855,13370.3125,100,2295,10001,"[0, 100000]","[0, 100000]",0,0,2783,7324
yolov8x_training,694.290680,88,257.085,13370.3125,43,1245,10001,"[0, 100000]","[0, 100000]",0,0,4687,101416
yolov8x_training,695.361831,88,251.130,13370.3125,68,1170,10001,"[0, 100000]","[0, 100000]",0,0,2197,124951
yolov8x_training,696.404889,84,244.664,13370.3125,94,1800,10001,"[0, 100000]","[0, 100000]",0,0,7080,103369
yolov8x_training,697.469270,88,248.135,13370.3125,63,1230,10001,"[0, 100000]","[0, 100000]",0,0,2636,8349
yolov8x_training,698.512390,89,251.337,13370.3125,35,2010,10001,"[0, 100000]","[0, 100000]",0,0,90576,36230
yolov8x_training,699.577331,84,262.799,13370.3125,94,1140,10001,"[0, 100000]","[0, 100000]",0,0,3710,17382
yolov8x_training,700.620680,88,244.698,13370.3125,100,1995,10001,"[0, 100000]","[0, 100000]",0,0,341,292
yolov8x_training,701.663317,83,242.781,13370.3125,40,2550,10001,"[0, 100000]","[0, 100000]",0,0,6494,19970
yolov8x_training,702.705989,88,256.440,13370.3125,62,1245,10001,"[0, 100000]","[0, 100000]",0,0,19628,341
yolov8x_training,703.748828,89,252.810,13370.3125,94,1200,10001,"[0, 100000]","[0, 100000]",0,0,6835,102392
yolov8x_training,704.810127,86,240.904,13370.3125,100,2340,10001,"[0, 100000]","[0, 100000]",0,0,3271,11132
yolov8x_training,705.853471,83,241.569,13370.3125,33,1890,10001,"[0, 100000]","[0, 100000]",0,0,341,1036962
yolov8x_training,706.896221,86,253.032,13370.3125,59,2580,10001,"[0, 100000]","[0, 100000]",0,0,4785,22753
yolov8x_training,707.938953,88,246.042,13370.3125,94,2445,10001,"[0, 100000]","[0, 100000]",0,0,1025,292
yolov8x_training,708.982148,85,260.833,13370.3125,100,1170,10001,"[0, 100000]","[0, 100000]",0,0,6445,101269
yolov8x_training,710.049063,83,238.184,13370.3125,65,1725,10001,"[0, 100000]","[0, 100000]",0,0,2783,9375
yolov8x_training,711.092834,87,242.436,13370.3125,94,2610,10001,"[0, 100000]","[0, 100000]",0,0,90380,28173
yolov8x_training,712.160709,88,248.241,13370.3125,100,1410,10001,"[0, 100000]","[0, 100000]",0,0,4150,16845
yolov8x_training,713.203747,89,256.036,13370.3125,42,1200,10001,"[0, 100000]","[0, 100000]",0,0,341,341
yolov8x_training,714.268854,88,249.189,13370.3125,35,1335,10001,"[0, 100000]","[0, 100000]",0,0,15185,34814
yolov8x_training,715.311871,85,237.349,13370.3125,94,1965,10001,"[0, 100000]","[0, 100000]",0,0,2929,10839
yolov8x_training,716.355117,85,241.723,13370.3125,100,1920,10001,"[0, 100000]","[0, 100000]",0,0,88769,15576
yolov8x_training,717.398315,90,255.569,13370.3125,59,1215,10001,"[0, 100000]","[0, 100000]",0,0,4833,28222
yolov8x_training,718.442161,89,243.927,13370.3125,9,1252,10001,"[0, 100000]","[0, 100000]",0,0,1171,341
yolov8x_training,719.484886,87,260.270,13370.3125,71,1245,10001,"[0, 100000]","[0, 100000]",0,0,5273,102539
yolov8x_training,720.553356,83,249.904,13370.3125,97,1275,10001,"[0, 100000]","[0, 100000]",0,0,2880,10644
yolov8x_training,721.596448,88,239.485,13370.3125,66,2595,10001,"[0, 100000]","[0, 100000]",0,0,90234,27636
yolov8x_training,722.664206,88,250.223,13370.3125,38,1275,10001,"[0, 100000]","[0, 100000]",0,0,3515,15625
yolov8x_training,723.707199,84,224.573,13370.3125,20,2505,10001,"[0, 100000]","[0, 100000]",0,0,4296,96289
yolov8x_training,724.779987,85,225.760,13370.3125,80,1275,10001,"[0, 100000]","[0, 100000]",0,0,292,292
yolov8x_training,725.823159,83,210.167,13370.3125,39,1860,10001,"[0, 100000]","[0, 100000]",0,0,3906,27783
yolov8x_training,726.866909,88,224.945,13370.3125,100,2580,10001,"[0, 100000]","[0, 100000]",0,0,341,244
yolov8x_training,727.909794,84,205.803,13370.3125,16,1995,10001,"[0, 100000]","[0, 100000]",0,0,2734,6542
yolov8x_training,728.953043,87,221.273,13370.3125,100,2565,10001,"[0, 100000]","[0, 100000]",0,0,3027,38720
yolov8x_training,730.017357,85,198.689,13370.3125,0,1575,10001,"[0, 100000]","[0, 100000]",0,0,341,292
yolov8x_training,731.060139,86,207.234,13370.3125,0,2280,10001,"[0, 100000]","[0, 100000]",0,0,3662,30566
yolov8x_training,732.103493,85,223.664,13370.3125,51,1155,10001,"[0, 100000]","[0, 100000]",0,0,3759,16455
yolov8x_training,733.146476,87,240.439,13370.3125,52,2040,10001,"[0, 100000]","[0, 100000]",0,0,292,292
yolov8x_training,734.189059,83,248.316,13370.3125,95,2640,10001,"[0, 100000]","[0, 100000]",0,0,5566,20507
yolov8x_training,735.232220,87,257.484,13370.3125,100,1425,10001,"[0, 100000]","[0, 100000]",0,0,1220,341
yolov8x_training,736.275211,88,246.531,13370.3125,38,1140,10001,"[0, 100000]","[0, 100000]",0,0,4638,104541
yolov8x_training,737.346406,87,254.207,13370.3125,66,1185,10001,"[0, 100000]","[0, 100000]",0,0,2929,3955
yolov8x_training,738.389493,82,255.501,13370.3125,69,1965,10001,"[0, 100000]","[0, 100000]",0,0,4296,103173
yolov8x_training,739.462791,87,250.785,13370.3125,49,2460,10001,"[0, 100000]","[0, 100000]",0,0,2685,9179
yolov8x_training,740.505867,87,262.313,13370.3125,94,1215,10001,"[0, 100000]","[0, 100000]",0,0,3076,39160
yolov8x_training,741.571332,83,240.222,13370.3125,91,1275,10001,"[0, 100000]","[0, 100000]",0,0,2929,10986
yolov8x_training,742.614665,88,249.312,13370.3125,16,2295,10001,"[0, 100000]","[0, 100000]",0,0,3027,39013
yolov8x_training,743.677459,86,243.145,13370.3125,89,1290,10001,"[0, 100000]","[0, 100000]",0,0,3759,17968
yolov8x_training,744.720628,88,249.528,13370.3125,100,1260,10001,"[0, 100000]","[0, 100000]",0,0,390,1033642
yolov8x_training,745.763485,87,240.812,13370.3125,43,2130,10001,"[0, 100000]","[0, 100000]",0,0,5126,21142
yolov8x_training,746.806470,83,247.979,13370.3125,44,2505,10001,"[0, 100000]","[0, 100000]",0,0,1367,292
yolov8x_training,747.849728,88,260.280,13370.3125,94,1252,10001,"[0, 100000]","[0, 100000]",0,0,6396,102539
yolov8x_training,748.905751,88,243.037,13370.3125,100,2640,10001,"[0, 100000]","[0, 100000]",0,0,3027,10742
yolov8x_training,749.948684,87,249.403,13370.3125,42,1230,10001,"[0, 100000]","[0, 100000]",0,0,292,729443
yolov8x_training,750.991198,83,242.236,13370.3125,37,1305,10001,"[0, 100000]","[0, 100000]",0,0,4638,27685
yolov8x_training,752.034402,88,245.994,13370.3125,100,2505,10001,"[0, 100000]","[0, 100000]",0,0,341,292
yolov8x_training,753.099934,88,258.001,13370.3125,28,1320,10001,"[0, 100000]","[0, 100000]",0,0,15283,33886
yolov8x_training,754.143740,88,241.694,13370.3125,69,1140,10001,"[0, 100000]","[0, 100000]",0,0,2539,2343
yolov8x_training,755.187079,83,226.873,13370.3125,0,930,10001,"[0, 100000]","[0, 100000]",0,0,5419,19970
yolov8x_training,756.230304,88,202.039,13370.3125,89,2130,10001,"[0, 100000]","[0, 100000]",0,0,341,292
yolov8x_training,757.273954,82,223.325,13370.3125,2,1260,10001,"[0, 100000]","[0, 100000]",0,0,3027,11865
yolov8x_training,758.317400,83,220.207,13370.3125,96,1312,10001,"[0, 100000]","[0, 100000]",0,0,19677,292
yolov8x_training,759.391168,87,260.022,13370.3125,16,2190,10001,"[0, 100000]","[0, 100000]",0,0,15380,34033
yolov8x_training,760.434493,88,260.709,13370.3125,68,1275,10001,"[0, 100000]","[0, 100000]",0,0,1562,292
yolov8x_training,761.477271,87,249.306,13370.3125,93,1185,10001,"[0, 100000]","[0, 100000]",0,0,3271,36376
yolov8x_training,762.537268,83,244.802,13370.3125,61,1905,10001,"[0, 100000]","[0, 100000]",0,0,3613,11718
yolov8x_training,763.580740,88,249.398,13370.3125,26,1327,10001,"[0, 100000]","[0, 100000]",0,0,89111,17285
yolov8x_training,764.624073,88,267.383,13370.3125,95,1200,10001,"[0, 100000]","[0, 100000]",0,0,4443,19140
yolov8x_training,765.667130,88,239.444,13370.3125,100,1245,10001,"[0, 100000]","[0, 100000]",0,0,341,292
yolov8x_training,766.726578,87,238.744,13370.3125,39,2445,10001,"[0, 100000]","[0, 100000]",0,0,15576,36230
yolov8x_training,767.769627,83,252.742,13370.3125,48,1335,10001,"[0, 100000]","[0, 100000]",0,0,3027,4003
yolov8x_training,768.813062,88,259.262,13370.3125,95,1860,10001,"[0, 100000]","[0, 100000]",0,0,5078,103564
yolov8x_training,769.880373,88,243.356,13370.3125,89,862,10001,"[0, 100000]","[0, 100000]",0,0,3564,13232
yolov8x_training,770.923351,87,238.165,13370.3125,30,1170,10001,"[0, 100000]","[0, 100000]",0,0,341,1034521
yolov8x_training,771.966022,85,242.092,13370.3125,65,2265,10001,"[0, 100000]","[0, 100000]",0,0,4736,24169
yolov8x_training,773.009230,87,250.722,13370.3125,94,2640,10001,"[0, 100000]","[0, 100000]",0,0,11230,292
yolov8x_training,774.051945,89,258.526,13370.3125,20,652,10001,"[0, 100000]","[0, 100000]",0,0,6787,103662
yolov8x_training,775.114699,87,238.361,13370.3125,76,1185,10001,"[0, 100000]","[0, 100000]",0,0,2685,8300
yolov8x_training,776.157722,87,238.219,13370.3125,95,2370,10001,"[0, 100000]","[0, 100000]",0,0,390,1041650
yolov8x_training,777.200697,84,247.355,13370.3125,100,1252,10001,"[0, 100000]","[0, 100000]",0,0,5664,21679
yolov8x_training,778.244367,87,263.698,13370.3125,23,1080,10001,"[0, 100000]","[0, 100000]",0,0,341,292
yolov8x_training,779.287004,87,237.019,13370.3125,78,1260,10001,"[0, 100000]","[0, 100000]",0,0,6298,102832
yolov8x_training,780.352264,87,242.832,13370.3125,95,1185,10001,"[0, 100000]","[0, 100000]",0,0,2490,89941
yolov8x_training,781.396253,84,249.513,13370.3125,86,1815,10001,"[0, 100000]","[0, 100000]",0,0,90673,37646
yolov8x_training,782.460694,88,254.052,13370.3125,10,2565,10001,"[0, 100000]","[0, 100000]",0,0,3564,14941
yolov8x_training,783.503574,89,255.992,13370.3125,67,1260,10001,"[0, 100000]","[0, 100000]",0,0,292,341
yolov8x_training,784.551802,87,252.805,13370.3125,93,1260,10001,"[0, 100000]","[0, 100000]",0,0,15429,31201
yolov8x_training,785.595033,84,234.626,13370.3125,89,1440,10001,"[0, 100000]","[0, 100000]",0,0,2880,4980
yolov8x_training,786.638609,86,242.137,13370.3125,21,2310,10001,"[0, 100000]","[0, 100000]",0,0,89697,23535
yolov8x_training,787.711577,85,257.393,13370.3125,66,1275,10001,"[0, 100000]","[0, 100000]",0,0,2832,10791
yolov8x_training,788.754909,88,249.459,13370.3125,95,1215,10001,"[0, 100000]","[0, 100000]",0,0,89648,22021
yolov8x_training,789.798075,88,241.976,13370.3125,78,1995,10001,"[0, 100000]","[0, 100000]",0,0,3613,34765
yolov8x_training,790.841129,85,245.203,13370.3125,9,1230,10001,"[0, 100000]","[0, 100000]",0,0,341,292
yolov8x_training,791.883733,85,264.625,13370.3125,85,2535,10001,"[0, 100000]","[0, 100000]",0,0,6542,104589
yolov8x_training,792.939702,89,252.171,13370.3125,92,2130,10001,"[0, 100000]","[0, 100000]",0,0,2783,4931
yolov8x_training,793.982810,88,258.501,13370.3125,64,1620,10001,"[0, 100000]","[0, 100000]",0,0,3417,36279
yolov8x_training,795.044009,84,236.537,13370.3125,94,1260,10001,"[0, 100000]","[0, 100000]",0,0,3955,18164
yolov8x_training,796.088805,84,238.104,13370.3125,95,2265,10001,"[0, 100000]","[0, 100000]",0,0,341,244
yolov8x_training,797.158425,84,248.928,13370.3125,92,2505,10001,"[0, 100000]","[0, 100000]",0,0,15234,33691
yolov8x_training,798.201513,86,257.658,13370.3125,31,2520,10001,"[0, 100000]","[0, 100000]",0,0,2832,7861
yolov8x_training,799.245224,88,250.453,13370.3125,48,1020,10001,"[0, 100000]","[0, 100000]",0,0,292,1039013
yolov8x_training,800.288018,89,246.012,13370.3125,95,2265,10001,"[0, 100000]","[0, 100000]",0,0,3564,32861
yolov8x_training,801.332108,84,248.243,13370.3125,100,2610,10001,"[0, 100000]","[0, 100000]",0,0,341,292
yolov8x_training,802.403249,86,261.627,13370.3125,24,2580,10001,"[0, 100000]","[0, 100000]",0,0,15380,36328
yolov8x_training,803.446586,88,250.402,13370.3125,48,1530,10001,"[0, 100000]","[0, 100000]",0,0,2685,3369
yolov8x_training,804.489470,89,260.826,13370.3125,94,915,10001,"[0, 100000]","[0, 100000]",0,0,4150,36621
yolov8x_training,805.543647,84,239.895,13370.3125,100,1290,10001,"[0, 100000]","[0, 100000]",0,0,5371,15722
yolov8x_training,806.586707,85,235.674,13370.3125,37,2025,10001,"[0, 100000]","[0, 100000]",0,0,341,341
yolov8x_training,807.629367,87,249.804,13370.3125,32,1275,10001,"[0, 100000]","[0, 100000]",0,0,6396,103662
yolov8x_training,808.686206,87,256.876,13370.3125,95,1215,10001,"[0, 100000]","[0, 100000]",0,0,2783,10107
yolov8x_training,809.729057,88,247.547,13370.3125,94,1200,10001,"[0, 100000]","[0, 100000]",0,0,390,1034082
yolov8x_training,810.772128,89,242.598,13370.3125,81,2325,10001,"[0, 100000]","[0, 100000]",0,0,5908,22412
yolov8x_training,811.816120,85,244.511,13370.3125,22,2655,10001,"[0, 100000]","[0, 100000]",0,0,1562,292
yolov8x_training,812.859363,84,258.806,13370.3125,79,2280,10001,"[0, 100000]","[0, 100000]",0,0,90673,35546
yolov8x_training,813.928753,86,253.801,13370.3125,94,1065,10001,"[0, 100000]","[0, 100000]",0,0,4882,14990
yolov8x_training,814.972122,90,264.182,13370.3125,100,1230,10001,"[0, 100000]","[0, 100000]",0,0,341,292
yolov8x_training,816.014711,87,244.305,13370.3125,29,1200,10001,"[0, 100000]","[0, 100000]",0,0,7519,30078
yolov8x_training,817.057863,84,243.123,13370.3125,94,2190,10001,"[0, 100000]","[0, 100000]",0,0,2929,11083
yolov8x_training,818.101059,88,241.412,13370.3125,96,2025,10001,"[0, 100000]","[0, 100000]",0,0,341,292
yolov8x_training,819.150176,88,254.597,13370.3125,90,1380,10001,"[0, 100000]","[0, 100000]",0,0,15478,34960
yolov8x_training,820.193773,89,253.744,13370.3125,21,1245,10001,"[0, 100000]","[0, 100000]",0,0,2880,10107
yolov8x_training,821.237739,88,242.319,13370.3125,63,1185,10001,"[0, 100000]","[0, 100000]",0,0,341,968457
yolov8x_training,822.281305,89,241.392,13370.3125,94,2520,10001,"[0, 100000]","[0, 100000]",0,0,3857,29980
yolov8x_training,823.324709,89,245.448,13370.3125,100,2295,10001,"[0, 100000]","[0, 100000]",0,0,390,292
yolov8x_training,824.367386,90,253.817,13370.3125,45,2325,10001,"[0, 100000]","[0, 100000]",0,0,6298,103613
yolov8x_training,825.425923,88,251.308,13370.3125,37,2445,10001,"[0, 100000]","[0, 100000]",0,0,4052,17968
yolov8x_training,826.469375,85,262.780,13370.3125,94,1335,10001,"[0, 100000]","[0, 100000]",0,0,341,292
yolov8x_training,827.512192,85,241.862,13370.3125,96,1350,10001,"[0, 100000]","[0, 100000]",0,0,5957,22314
yolov8x_training,828.555214,86,235.699,13370.3125,65,2235,10001,"[0, 100000]","[0, 100000]",0,0,2539,51220
yolov8x_training,829.598378,89,241.550,13370.3125,13,2655,10001,"[0, 100000]","[0, 100000]",0,0,88671,15771
yolov8x_training,830.641697,88,255.570,13370.3125,57,1380,10001,"[0, 100000]","[0, 100000]",0,0,4882,28222
yolov8x_training,831.684780,89,254.873,13370.3125,95,1140,10001,"[0, 100000]","[0, 100000]",0,0,2539,3222
yolov8x_training,832.727893,87,240.289,13370.3125,100,1380,10001,"[0, 100000]","[0, 100000]",0,0,89599,21191
yolov8x_training,833.771232,84,238.628,13370.3125,51,2265,10001,"[0, 100000]","[0, 100000]",0,0,5126,19921
yolov8x_training,834.814689,89,247.426,13370.3125,14,1650,10001,"[0, 100000]","[0, 100000]",0,0,14453,292
yolov8x_training,835.881305,89,259.684,13370.3125,86,2595,10001,"[0, 100000]","[0, 100000]",0,0,15234,34228
yolov8x_training,836.924647,87,250.771,13370.3125,100,2505,10001,"[0, 100000]","[0, 100000]",0,0,2832,10986
yolov8x_training,837.967613,84,256.309,13370.3125,77,1245,10001,"[0, 100000]","[0, 100000]",0,0,341,1039062
yolov8x_training,839.010557,84,242.709,13370.3125,10,1215,10001,"[0, 100000]","[0, 100000]",0,0,4687,20263
yolov8x_training,840.054018,89,243.678,13370.3125,93,2520,10001,"[0, 100000]","[0, 100000]",0,0,927,292
yolov8x_training,841.119030,87,256.566,13370.3125,68,1770,10001,"[0, 100000]","[0, 100000]",0,0,15332,30859
yolov8x_training,842.161883,89,253.594,13370.3125,24,945,10001,"[0, 100000]","[0, 100000]",0,0,2490,125537
yolov8x_training,843.205224,85,239.852,13370.3125,91,1545,10001,"[0, 100000]","[0, 100000]",0,0,2929,39257
yolov8x_training,844.268641,83,239.008,13370.3125,95,2430,10001,"[0, 100000]","[0, 100000]",0,0,6005,16894
yolov8x_training,845.312559,87,258.594,13370.3125,64,1245,10001,"[0, 100000]","[0, 100000]",0,0,341,292
yolov8x_training,846.355135,89,259.863,13370.3125,17,1162,10001,"[0, 100000]","[0, 100000]",0,0,14843,37158
yolov8x_training,847.398004,84,246.567,13370.3125,95,1155,10001,"[0, 100000]","[0, 100000]",0,0,1757,341
yolov8x_training,848.442584,84,241.346,13370.3125,96,1275,10001,"[0, 100000]","[0, 100000]",0,0,90625,35742
yolov8x_training,849.510928,86,239.920,13370.3125,71,2565,10001,"[0, 100000]","[0, 100000]",0,0,3320,12988
yolov8x_training,850.554534,89,246.599,13370.3125,20,1650,10001,"[0, 100000]","[0, 100000]",0,0,292,1034179
yolov8x_training,851.597742,86,258.832,13370.3125,81,1755,10001,"[0, 100000]","[0, 100000]",0,0,5078,28222
yolov8x_training,852.640841,83,250.671,13370.3125,100,1155,10001,"[0, 100000]","[0, 100000]",0,0,1269,292
yolov8x_training,853.684074,84,246.191,13370.3125,53,2595,10001,"[0, 100000]","[0, 100000]",0,0,6201,103808
yolov8x_training,854.752898,89,249.689,13370.3125,17,2655,10001,"[0, 100000]","[0, 100000]",0,0,2880,12109
yolov8x_training,855.796583,89,249.873,13370.3125,88,1125,10001,"[0, 100000]","[0, 100000]",0,0,341,292
yolov8x_training,856.839398,89,250.675,13370.3125,94,1140,10001,"[0, 100000]","[0, 100000]",0,0,6640,27929
yolov8x_training,857.882398,85,242.667,13370.3125,100,1155,10001,"[0, 100000]","[0, 100000]",0,0,1757,292
yolov8x_training,858.925361,86,243.369,13370.3125,18,1425,10001,"[0, 100000]","[0, 100000]",0,0,3662,35253
yolov8x_training,859.984875,87,236.881,13370.3125,71,2580,10001,"[0, 100000]","[0, 100000]",0,0,5322,16357
yolov8x_training,861.028540,89,246.560,13370.3125,93,2115,10001,"[0, 100000]","[0, 100000]",0,0,341,341
yolov8x_training,862.073247,86,265.433,13370.3125,23,2055,10001,"[0, 100000]","[0, 100000]",0,0,14941,30419
yolov8x_training,863.116199,84,246.312,13370.3125,56,1215,10001,"[0, 100000]","[0, 100000]",0,0,2978,36621
yolov8x_training,864.159114,84,240.560,13370.3125,95,2310,10001,"[0, 100000]","[0, 100000]",0,0,3466,36669
yolov8x_training,865.219309,89,244.572,13370.3125,100,1290,10001,"[0, 100000]","[0, 100000]",0,0,3564,11669
yolov8x_training,866.262523,90,266.450,13370.3125,20,1155,10001,"[0, 100000]","[0, 100000]",0,0,88769,15722
yolov8x_training,867.305667,86,247.255,13370.3125,89,2040,10001,"[0, 100000]","[0, 100000]",0,0,3710,30859
yolov8x_training,868.348808,84,241.257,13370.3125,96,1260,10001,"[0, 100000]","[0, 100000]",0,0,1708,292
yolov8x_training,869.391687,89,249.158,13370.3125,100,2265,10001,"[0, 100000]","[0, 100000]",0,0,90820,38281
yolov8x_training,870.455703,89,244.684,13370.3125,15,1680,10001,"[0, 100000]","[0, 100000]",0,0,3271,12109
yolov8x_training,871.498840,88,257.340,13370.3125,66,915,10001,"[0, 100000]","[0, 100000]",0,0,341,1035400
yolov8x_training,872.541551,84,252.231,13370.3125,94,1110,10001,"[0, 100000]","[0, 100000]",0,0,4833,26660
yolov8x_training,873.584702,89,244.421,13370.3125,89,2520,10001,"[0, 100000]","[0, 100000]",0,0,341,341
yolov8x_training,874.639228,89,247.667,13370.3125,28,2310,10001,"[0, 100000]","[0, 100000]",0,0,15429,36816
yolov8x_training,875.682513,89,265.183,13370.3125,94,1155,10001,"[0, 100000]","[0, 100000]",0,0,2490,8447
yolov8x_training,876.725236,88,237.665,13370.3125,100,1260,10001,"[0, 100000]","[0, 100000]",0,0,341,1039941
yolov8x_training,877.768040,84,240.429,13370.3125,75,2565,10001,"[0, 100000]","[0, 100000]",0,0,6152,20996
yolov8x_training,878.811669,89,249.665,13370.3125,27,1410,10001,"[0, 100000]","[0, 100000]",0,0,341,292
yolov8x_training,879.854338,89,255.283,13370.3125,83,1410,10001,"[0, 100000]","[0, 100000]",0,0,6982,104589
yolov8x_training,880.918781,89,251.904,13370.3125,94,1800,10001,"[0, 100000]","[0, 100000]",0,0,2587,9277
yolov8x_training,881.962193,84,258.171,13370.3125,79,1230,10001,"[0, 100000]","[0, 100000]",0,0,88720,15429
yolov8x_training,883.005689,89,248.405,13370.3125,10,2175,10001,"[0, 100000]","[0, 100000]",0,0,2978,25781
yolov8x_training,884.048701,91,240.068,13370.3125,76,2595,10001,"[0, 100000]","[0, 100000]",0,0,16113,292
yolov8x_training,885.091925,89,248.648,13370.3125,97,1365,10001,"[0, 100000]","[0, 100000]",0,0,6298,104248
yolov8x_training,886.157140,89,256.827,13370.3125,28,1785,10001,"[0, 100000]","[0, 100000]",0,0,3417,11230
yolov8x_training,887.200104,89,249.699,13370.3125,37,1245,10001,"[0, 100000]","[0, 100000]",0,0,341,292
yolov8x_training,888.242808,85,237.482,13370.3125,92,2430,10001,"[0, 100000]","[0, 100000]",0,0,7470,28320
yolov8x_training,889.285988,85,243.229,13370.3125,100,1245,10001,"[0, 100000]","[0, 100000]",0,0,2685,6884
yolov8x_training,890.329068,87,249.458,13370.3125,76,1545,10001,"[0, 100000]","[0, 100000]",0,0,341,147167
yolov8x_training,891.371855,89,261.015,13370.3125,12,1455,10001,"[0, 100000]","[0, 100000]",0,0,5712,20361
yolov8x_training,892.415200,88,244.467,13370.3125,68,1800,10001,"[0, 100000]","[0, 100000]",0,0,1562,292
yolov8x_training,893.459388,84,252.731,13370.3125,95,1230,10001,"[0, 100000]","[0, 100000]",0,0,4150,36376
yolov8x_training,894.513024,89,238.158,13370.3125,96,2340,10001,"[0, 100000]","[0, 100000]",0,0,3955,16748
yolov8x_training,895.556210,89,240.406,13370.3125,19,2175,10001,"[0, 100000]","[0, 100000]",0,0,341,292
yolov8x_training,896.598865,88,250.019,13370.3125,53,1080,10001,"[0, 100000]","[0, 100000]",0,0,6347,102343
yolov8x_training,897.658653,88,251.050,13370.3125,93,1110,10001,"[0, 100000]","[0, 100000]",0,0,3125,13134
yolov8x_training,898.702216,89,249.600,13370.3125,95,1260,10001,"[0, 100000]","[0, 100000]",0,0,292,1028759
yolov8x_training,899.744769,84,240.374,13370.3125,93,1920,10001,"[0, 100000]","[0, 100000]",0,0,4882,19726
yolov8x_training,900.788116,85,239.978,13370.3125,11,1260,10001,"[0, 100000]","[0, 100000]",0,0,2734,3125
yolov8x_training,901.831047,86,255.690,13370.3125,72,1185,10001,"[0, 100000]","[0, 100000]",0,0,88720,17187
yolov8x_training,902.874447,88,252.734,13370.3125,94,1815,10001,"[0, 100000]","[0, 100000]",0,0,3564,26953
yolov8x_training,903.918064,86,239.556,13370.3125,100,1170,10001,"[0, 100000]","[0, 100000]",0,0,292,341
yolov8x_training,904.972500,85,245.862,13370.3125,30,1935,10001,"[0, 100000]","[0, 100000]",0,0,15820,33447
yolov8x_training,906.015820,86,239.698,13370.3125,67,2430,10001,"[0, 100000]","[0, 100000]",0,0,2636,8789
yolov8x_training,907.059480,89,242.580,13370.3125,100,1260,10001,"[0, 100000]","[0, 100000]",0,0,341,997656
yolov8x_training,908.102546,86,257.541,13370.3125,60,1230,10001,"[0, 100000]","[0, 100000]",0,0,6005,24218
yolov8x_training,909.145841,84,254.405,13370.3125,18,1140,10001,"[0, 100000]","[0, 100000]",0,0,2392,3222
yolov8x_training,910.189266,85,237.855,13370.3125,94,2505,10001,"[0, 100000]","[0, 100000]",0,0,89550,21240
yolov8x_training,911.232702,84,236.453,13370.3125,94,2505,10001,"[0, 100000]","[0, 100000]",0,0,3662,31884
yolov8x_training,912.275754,88,251.354,13370.3125,93,1305,10001,"[0, 100000]","[0, 100000]",0,0,537,292
yolov8x_training,913.318857,89,259.522,13370.3125,30,1155,10001,"[0, 100000]","[0, 100000]",0,0,6250,103320
yolov8x_training,914.380641,88,248.507,13370.3125,46,1275,10001,"[0, 100000]","[0, 100000]",0,0,3369,13916
yolov8x_training,915.423608,84,239.995,13370.3125,95,1155,10001,"[0, 100000]","[0, 100000]",0,0,292,1034521
yolov8x_training,916.466175,88,243.342,13370.3125,91,1995,10001,"[0, 100000]","[0, 100000]",0,0,4345,24560
yolov8x_training,917.509516,89,243.454,13370.3125,21,1230,10001,"[0, 100000]","[0, 100000]",0,0,5126,292
yolov8x_training,918.580763,88,255.565,13370.3125,68,1170,10001,"[0, 100000]","[0, 100000]",0,0,15673,34912
yolov8x_training,919.624236,84,256.041,13370.3125,94,1170,10001,"[0, 100000]","[0, 100000]",0,0,2880,10839
yolov8x_training,920.667702,85,243.735,13370.3125,100,2505,10001,"[0, 100000]","[0, 100000]",0,0,89648,23193
yolov8x_training,921.742259,85,241.627,13370.3125,22,1725,10001,"[0, 100000]","[0, 100000]",0,0,3515,11621
yolov8x_training,922.786068,88,257.875,13370.3125,71,1215,10001,"[0, 100000]","[0, 100000]",0,0,292,840527
yolov8x_training,923.828784,89,252.187,13370.3125,95,1260,10001,"[0, 100000]","[0, 100000]",0,0,4492,19287
yolov8x_training,924.872254,85,237.710,13370.3125,100,1155,10001,"[0, 100000]","[0, 100000]",0,0,2832,30175
yolov8x_training,925.915953,84,238.426,13370.3125,52,2010,10001,"[0, 100000]","[0, 100000]",0,0,89648,22070
yolov8x_training,926.959114,89,251.636,13370.3125,46,2085,10001,"[0, 100000]","[0, 100000]",0,0,3857,32763
yolov8x_training,928.002735,89,243.118,13370.3125,94,915,10001,"[0, 100000]","[0, 100000]",0,0,341,292
yolov8x_training,929.065892,86,258.078,13370.3125,44,1050,10001,"[0, 100000]","[0, 100000]",0,0,15429,35595
yolov8x_training,930.108928,85,247.894,13370.3125,46,2235,10001,"[0, 100000]","[0, 100000]",0,0,2343,3222
yolov8x_training,931.152003,87,239.397,13370.3125,93,2535,10001,"[0, 100000]","[0, 100000]",0,0,4003,35253
yolov8x_training,932.210153,89,246.827,13370.3125,100,1470,10001,"[0, 100000]","[0, 100000]",0,0,3466,14111
yolov8x_training,933.253346,88,259.481,13370.3125,36,1170,10001,"[0, 100000]","[0, 100000]",0,0,390,292
yolov8x_training,934.296203,88,249.091,13370.3125,61,2040,10001,"[0, 100000]","[0, 100000]",0,0,5224,30468
yolov8x_training,935.339283,83,255.031,13370.3125,94,1950,10001,"[0, 100000]","[0, 100000]",0,0,341,292
yolov8x_training,936.385574,87,253.021,13370.3125,73,1920,10001,"[0, 100000]","[0, 100000]",0,0,15087,33154
yolov8x_training,937.428486,88,241.479,13370.3125,40,1170,10001,"[0, 100000]","[0, 100000]",0,0,2050,341
yolov8x_training,938.471387,84,260.715,13370.3125,94,1395,10001,"[0, 100000]","[0, 100000]",0,0,6494,103320
yolov8x_training,939.527912,89,247.829,13370.3125,100,2580,10001,"[0, 100000]","[0, 100000]",0,0,2392,9082
yolov8x_training,940.571218,88,255.855,13370.3125,33,1245,10001,"[0, 100000]","[0, 100000]",0,0,341,1040771
yolov8x_training,941.613910,88,258.621,13370.3125,61,1080,10001,"[0, 100000]","[0, 100000]",0,0,4980,20898
yolov8x_training,942.657036,83,240.132,13370.3125,67,1395,10001,"[0, 100000]","[0, 100000]",0,0,341,292
yolov8x_training,943.715507,85,248.187,13370.3125,36,2535,10001,"[0, 100000]","[0, 100000]",0,0,15283,34033
yolov8x_training,944.759302,89,265.065,13370.3125,95,1575,10001,"[0, 100000]","[0, 100000]",0,0,1953,292
yolov8x_training,945.802243,89,237.346,13370.3125,100,1170,10001,"[0, 100000]","[0, 100000]",0,0,4443,103515
yolov8x_training,946.875674,88,245.201,13370.3125,42,1140,10001,"[0, 100000]","[0, 100000]",0,0,2929,30078
yolov8x_training,947.919268,84,257.171,13370.3125,54,1950,10001,"[0, 100000]","[0, 100000]",0,0,3710,36816
yolov8x_training,948.975748,86,255.346,13370.3125,93,1725,10001,"[0, 100000]","[0, 100000]",0,0,3173,12695
yolov8x_training,950.018977,89,257.575,13370.3125,67,1320,10001,"[0, 100000]","[0, 100000]",0,0,90722,34960
yolov8x_training,951.088228,84,241.882,13370.3125,95,1230,10001,"[0, 100000]","[0, 100000]",0,0,3076,12841
yolov8x_training,952.131564,89,247.372,13370.3125,100,1252,10001,"[0, 100000]","[0, 100000]",0,0,341,1036425
yolov8x_training,953.174297,83,259.776,13370.3125,46,1215,10001,"[0, 100000]","[0, 100000]",0,0,6494,27490
yolov8x_training,954.217172,87,248.764,13370.3125,34,1170,10001,"[0, 100000]","[0, 100000]",0,0,2685,99511
yolov8x_training,955.260772,89,240.223,13370.3125,86,1185,10001,"[0, 100000]","[0, 100000]",0,0,89599,22363
yolov8x_training,956.335438,87,254.250,13370.3125,99,2295,10001,"[0, 100000]","[0, 100000]",0,0,2978,10888
yolov8x_training,957.378335,84,252.746,13370.3125,77,1335,10001,"[0, 100000]","[0, 100000]",0,0,341,292
yolov8x_training,958.420911,88,257.594,13370.3125,6,1275,10001,"[0, 100000]","[0, 100000]",0,0,8789,35693
yolov8x_training,959.463899,89,258.613,13370.3125,82,1545,10001,"[0, 100000]","[0, 100000]",0,0,2587,8007
yolov8x_training,960.507678,88,250.237,13370.3125,95,1155,10001,"[0, 100000]","[0, 100000]",0,0,89062,18212
yolov8x_training,961.551319,84,242.837,13370.3125,77,1530,10001,"[0, 100000]","[0, 100000]",0,0,4638,16357
yolov8x_training,962.594876,88,249.082,13370.3125,29,1312,10001,"[0, 100000]","[0, 100000]",0,0,341,341
yolov8x_training,963.637314,89,260.945,13370.3125,95,1785,10001,"[0, 100000]","[0, 100000]",0,0,4833,20654
yolov8x_training,964.680560,89,246.487,13370.3125,100,1170,10001,"[0, 100000]","[0, 100000]",0,0,1318,292
yolov8x_training,965.723440,87,244.017,13370.3125,40,2235,10001,"[0, 100000]","[0, 100000]",0,0,3808,35742
yolov8x_training,966.782851,84,250.895,13370.3125,44,2595,10001,"[0, 100000]","[0, 100000]",0,0,3125,13281
yolov8x_training,967.826121,88,257.114,13370.3125,94,1560,10001,"[0, 100000]","[0, 100000]",0,0,292,292
yolov8x_training,968.868711,89,242.592,13370.3125,100,1155,10001,"[0, 100000]","[0, 100000]",0,0,5371,19531
yolov8x_training,969.911752,88,241.877,13370.3125,60,1245,10001,"[0, 100000]","[0, 100000]",0,0,1123,292
yolov8x_training,970.954391,84,251.286,13370.3125,48,1365,10001,"[0, 100000]","[0, 100000]",0,0,4150,35595
yolov8x_training,972.011744,86,241.359,13370.3125,94,2580,10001,"[0, 100000]","[0, 100000]",0,0,4345,16992
yolov8x_training,973.054770,89,254.589,13370.3125,100,1335,10001,"[0, 100000]","[0, 100000]",0,0,341,292
yolov8x_training,974.097357,88,255.089,13370.3125,36,1155,10001,"[0, 100000]","[0, 100000]",0,0,4736,19335
yolov8x_training,975.140734,84,241.573,13370.3125,93,1845,10001,"[0, 100000]","[0, 100000]",0,0,12597,341
yolov8x_training,976.200603,84,246.596,13370.3125,96,1155,10001,"[0, 100000]","[0, 100000]",0,0,15234,34912
yolov8x_training,977.243763,88,266.001,13370.3125,29,1275,10001,"[0, 100000]","[0, 100000]",0,0,341,292
yolov8x_training,978.311024,89,244.509,13370.3125,95,1230,10001,"[0, 100000]","[0, 100000]",0,0,15283,34130
yolov8x_training,979.354325,86,246.780,13370.3125,100,2610,10001,"[0, 100000]","[0, 100000]",0,0,2685,2490
yolov8x_training,980.398171,84,254.701,13370.3125,51,2235,10001,"[0, 100000]","[0, 100000]",0,0,4052,35742
yolov8x_training,981.453738,89,249.562,13370.3125,69,1455,10001,"[0, 100000]","[0, 100000]",0,0,3222,13427
yolov8x_training,982.540139,89,258.699,13370.3125,93,1230,10001,"[0, 100000]","[0, 100000]",0,0,12158,292
yolov8x_training,983.611210,89,239.167,13370.3125,95,1290,10001,"[0, 100000]","[0, 100000]",0,0,15283,33935
yolov8x_training,984.654542,86,244.327,13370.3125,100,1155,10001,"[0, 100000]","[0, 100000]",0,0,2783,8251
yolov8x_training,985.697624,88,243.655,13370.3125,59,2385,10001,"[0, 100000]","[0, 100000]",0,0,89648,22412
yolov8x_training,986.772628,84,251.412,13370.3125,43,2535,10001,"[0, 100000]","[0, 100000]",0,0,3564,11083
yolov8x_training,987.815845,89,261.670,13370.3125,95,1185,10001,"[0, 100000]","[0, 100000]",0,0,88867,16845
yolov8x_training,988.859337,89,241.155,13370.3125,100,1290,10001,"[0, 100000]","[0, 100000]",0,0,3320,26074
yolov8x_training,989.902497,84,246.432,13370.3125,21,1290,10001,"[0, 100000]","[0, 100000]",0,0,341,292
yolov8x_training,990.945079,86,254.727,13370.3125,84,2430,10001,"[0, 100000]","[0, 100000]",0,0,7226,21240
yolov8x_training,991.988074,89,258.523,13370.3125,100,1905,10001,"[0, 100000]","[0, 100000]",0,0,1171,292
yolov8x_training,993.052162,88,252.554,13370.3125,49,1155,10001,"[0, 100000]","[0, 100000]",0,0,15234,34814
yolov8x_training,994.095502,83,244.582,13370.3125,94,2190,10001,"[0, 100000]","[0, 100000]",0,0,488,292
yolov8x_training,995.160307,88,251.808,13370.3125,68,1305,10001,"[0, 100000]","[0, 100000]",0,0,15429,32421
yolov8x_training,996.203384,87,255.394,13370.3125,32,1155,10001,"[0, 100000]","[0, 100000]",0,0,2441,3222
yolov8x_training,997.246486,88,245.800,13370.3125,94,2100,10001,"[0, 100000]","[0, 100000]",0,0,6542,102783
yolov8x_training,998.308266,84,256.007,13370.3125,87,1890,10001,"[0, 100000]","[0, 100000]",0,0,2148,124902
yolov8x_training,999.351259,89,264.918,13370.3125,18,1815,10001,"[0, 100000]","[0, 100000]",0,0,4296,104833
yolov8x_training,1000.424749,89,242.767,13370.3125,84,1935,10001,"[0, 100000]","[0, 100000]",0,0,2783,6542
yolov8x_training,1001.468125,86,259.495,13370.3125,100,1200,10001,"[0, 100000]","[0, 100000]",0,0,5078,104052
yolov8x_training,1002.537718,85,243.636,13370.3125,35,2190,10001,"[0, 100000]","[0, 100000]",0,0,3710,14062
yolov8x_training,1003.580891,86,250.510,13370.3125,46,2580,10001,"[0, 100000]","[0, 100000]",0,0,292,1031005
yolov8x_training,1004.623458,89,264.370,13370.3125,94,1170,10001,"[0, 100000]","[0, 100000]",0,0,3857,31933
yolov8x_training,1005.667057,84,240.241,13370.3125,90,1380,10001,"[0, 100000]","[0, 100000]",0,0,341,292
yolov8x_training,1006.723526,86,242.177,13370.3125,22,1770,10001,"[0, 100000]","[0, 100000]",0,0,15332,32177
yolov8x_training,1007.766388,84,257.782,13370.3125,65,1320,10001,"[0, 100000]","[0, 100000]",0,0,2685,3369
yolov8x_training,1008.809328,86,252.087,13370.3125,96,990,10001,"[0, 100000]","[0, 100000]",0,0,3466,35449
yolov8x_training,1009.870196,89,238.616,13370.3125,81,1485,10001,"[0, 100000]","[0, 100000]",0,0,3759,15917
yolov8x_training,1010.913475,84,250.175,13370.3125,17,1080,10001,"[0, 100000]","[0, 100000]",0,0,292,292
yolov8x_training,1011.956116,87,249.619,13370.3125,74,2235,10001,"[0, 100000]","[0, 100000]",0,0,5712,26513
yolov8x_training,1012.999269,88,247.978,13370.3125,94,712,10001,"[0, 100000]","[0, 100000]",0,0,3027,30322
yolov8x_training,1014.043105,89,256.722,13370.3125,100,1140,10001,"[0, 100000]","[0, 100000]",0,0,90380,27978
yolov8x_training,1015.112830,87,239.834,13370.3125,81,1260,10001,"[0, 100000]","[0, 100000]",0,0,3222,12695
yolov8x_training,1016.156222,84,241.021,13370.3125,95,1320,10001,"[0, 100000]","[0, 100000]",0,0,292,1036621
yolov8x_training,1017.199162,84,254.716,13370.3125,78,1200,10001,"[0, 100000]","[0, 100000]",0,0,5029,28857
yolov8x_training,1018.242363,89,254.015,13370.3125,25,1185,10001,"[0, 100000]","[0, 100000]",0,0,341,292
yolov8x_training,1019.291636,89,241.650,13370.3125,95,2370,10001,"[0, 100000]","[0, 100000]",0,0,14941,29833
yolov8x_training,1020.335124,85,245.238,13370.3125,100,1252,10001,"[0, 100000]","[0, 100000]",0,0,2490,98339
yolov8x_training,1021.378761,84,256.810,13370.3125,56,2415,10001,"[0, 100000]","[0, 100000]",0,0,2832,39208
yolov8x_training,1022.442296,89,250.855,13370.3125,59,1305,10001,"[0, 100000]","[0, 100000]",0,0,3417,12060
yolov8x_training,1023.485836,88,253.527,13370.3125,95,1140,10001,"[0, 100000]","[0, 100000]",0,0,89013,18701
yolov8x_training,1024.528819,84,241.060,13370.3125,87,2160,10001,"[0, 100000]","[0, 100000]",0,0,3759,28076
yolov8x_training,1025.571985,89,247.931,13370.3125,17,2295,10001,"[0, 100000]","[0, 100000]",0,0,341,292
yolov8x_training,1026.614601,85,263.130,13370.3125,95,1245,10001,"[0, 100000]","[0, 100000]",0,0,12402,27246
yolov8x_training,1027.657693,86,245.767,13370.3125,100,1260,10001,"[0, 100000]","[0, 100000]",0,0,2490,124902
yolov8x_training,1028.701308,84,242.439,13370.3125,59,2340,10001,"[0, 100000]","[0, 100000]",0,0,6347,103515
yolov8x_training,1029.761909,87,254.208,13370.3125,50,2070,10001,"[0, 100000]","[0, 100000]",0,0,3173,12744
yolov8x_training,1030.804965,89,257.076,13370.3125,94,1275,10001,"[0, 100000]","[0, 100000]",0,0,390,1041503
yolov8x_training,1031.847863,87,241.496,13370.3125,100,1425,10001,"[0, 100000]","[0, 100000]",0,0,4882,19824
yolov8x_training,1032.891276,83,252.172,13370.3125,47,1215,10001,"[0, 100000]","[0, 100000]",0,0,1123,341
yolov8x_training,1033.933936,88,256.565,13370.3125,48,2340,10001,"[0, 100000]","[0, 100000]",0,0,6982,103710
yolov8x_training,1034.997283,89,248.986,13370.3125,94,2445,10001,"[0, 100000]","[0, 100000]",0,0,2783,35400
yolov8x_training,1036.040979,85,261.700,13370.3125,100,1470,10001,"[0, 100000]","[0, 100000]",0,0,2880,39599
yolov8x_training,1037.105534,86,249.159,13370.3125,61,1020,10001,"[0, 100000]","[0, 100000]",0,0,3857,17382
yolov8x_training,1038.148806,88,239.594,13370.3125,93,2520,10001,"[0, 100000]","[0, 100000]",0,0,341,244
yolov8x_training,1039.191458,87,250.468,13370.3125,86,1845,10001,"[0, 100000]","[0, 100000]",0,0,4980,29785
yolov8x_training,1040.234534,89,259.387,13370.3125,13,915,10001,"[0, 100000]","[0, 100000]",0,0,1123,292
yolov8x_training,1041.277283,86,239.628,13370.3125,90,1650,10001,"[0, 100000]","[0, 100000]",0,0,4492,103320
yolov8x_training,1042.348812,84,244.169,13370.3125,96,2565,10001,"[0, 100000]","[0, 100000]",0,0,2636,50634
yolov8x_training,1043.391958,90,254.815,13370.3125,61,2310,10001,"[0, 100000]","[0, 100000]",0,0,6591,104101
yolov8x_training,1044.454354,88,253.959,13370.3125,39,1290,10001,"[0, 100000]","[0, 100000]",0,0,2929,11816
yolov8x_training,1045.497333,84,258.053,13370.3125,94,1170,10001,"[0, 100000]","[0, 100000]",0,0,89501,21533
yolov8x_training,1046.540550,89,235.550,13370.3125,100,1320,10001,"[0, 100000]","[0, 100000]",0,0,3955,30419
yolov8x_training,1047.584298,89,247.129,13370.3125,17,2415,10001,"[0, 100000]","[0, 100000]",0,0,341,341
yolov8x_training,1048.630421,87,259.689,13370.3125,76,1755,10001,"[0, 100000]","[0, 100000]",0,0,15087,30517
yolov8x_training,1049.673883,84,249.009,13370.3125,94,1185,10001,"[0, 100000]","[0, 100000]",0,0,6152,91357
yolov8x_training,1050.718149,84,238.437,13370.3125,92,2055,10001,"[0, 100000]","[0, 100000]",0,0,75732,37402
yolov8x_training,1051.784644,88,245.521,13370.3125,21,1252,10001,"[0, 100000]","[0, 100000]",0,0,3271,12158
yolov8x_training,1052.827658,88,262.399,13370.3125,94,1800,10001,"[0, 100000]","[0, 100000]",0,0,89550,20800
yolov8x_training,1053.871231,88,238.806,13370.3125,100,1470,10001,"[0, 100000]","[0, 100000]",0,0,5175,28613
yolov8x_training,1054.914396,84,237.362,13370.3125,68,1125,10001,"[0, 100000]","[0, 100000]",0,0,1806,292
yolov8x_training,1055.957232,89,247.906,13370.3125,19,2130,10001,"[0, 100000]","[0, 100000]",0,0,5126,102099
yolov8x_training,1057.026688,88,249.175,13370.3125,82,2310,10001,"[0, 100000]","[0, 100000]",0,0,3027,12695
yolov8x_training,1058.069592,88,253.368,13370.3125,94,1830,10001,"[0, 100000]","[0, 100000]",0,0,89648,20703
yolov8x_training,1059.112841,84,256.960,13370.3125,22,1155,10001,"[0, 100000]","[0, 100000]",0,0,3564,30615
yolov8x_training,1060.155791,89,243.490,13370.3125,90,2130,10001,"[0, 100000]","[0, 100000]",0,0,341,292
yolov8x_training,1061.198432,84,239.256,13370.3125,95,1320,10001,"[0, 100000]","[0, 100000]",0,0,6787,103076
yolov8x_training,1062.251119,87,253.399,13370.3125,81,1410,10001,"[0, 100000]","[0, 100000]",0,0,3125,11767
yolov8x_training,1063.294575,88,256.521,13370.3125,49,1200,10001,"[0, 100000]","[0, 100000]",0,0,89355,21093
yolov8x_training,1064.339908,84,242.447,13370.3125,94,2370,10001,"[0, 100000]","[0, 100000]",0,0,3857,17822
yolov8x_training,1065.384163,87,245.227,13370.3125,100,1335,10001,"[0, 100000]","[0, 100000]",0,0,341,292
yolov8x_training,1066.431857,89,258.635,13370.3125,51,2400,10001,"[0, 100000]","[0, 100000]",0,0,14990,33984
yolov8x_training,1067.474916,88,251.032,13370.3125,47,1695,10001,"[0, 100000]","[0, 100000]",0,0,2392,439
yolov8x_training,1068.518155,84,258.073,13370.3125,94,1140,10001,"[0, 100000]","[0, 100000]",0,0,4150,36669
yolov8x_training,1069.573366,89,245.546,13370.3125,100,2145,10001,"[0, 100000]","[0, 100000]",0,0,2587,9814
yolov8x_training,1070.616467,89,243.688,13370.3125,14,1335,10001,"[0, 100000]","[0, 100000]",0,0,341,1040625
yolov8x_training,1071.659624,86,253.437,13370.3125,76,1230,10001,"[0, 100000]","[0, 100000]",0,0,4296,21972
yolov8x_training,1072.703579,88,249.572,13370.3125,95,1260,10001,"[0, 100000]","[0, 100000]",0,0,341,292
yolov8x_training,1073.768619,84,245.947,13370.3125,71,1027,10001,"[0, 100000]","[0, 100000]",0,0,15332,34326
yolov8x_training,1074.811622,88,246.931,13370.3125,19,1320,10001,"[0, 100000]","[0, 100000]",0,0,2294,1806
yolov8x_training,1075.855266,89,261.936,13370.3125,93,1170,10001,"[0, 100000]","[0, 100000]",0,0,5078,104345
yolov8x_training,1076.926121,87,246.879,13370.3125,100,1575,10001,"[0, 100000]","[0, 100000]",0,0,3173,11230
yolov8x_training,1077.969759,84,242.214,13370.3125,66,1275,10001,"[0, 100000]","[0, 100000]",0,0,90136,27246
yolov8x_training,1079.040866,86,243.419,13370.3125,47,2580,10001,"[0, 100000]","[0, 100000]",0,0,3662,11230
yolov8x_training,1080.084008,89,249.301,13370.3125,94,1320,10001,"[0, 100000]","[0, 100000]",0,0,16699,735205
yolov8x_training,1081.127021,85,261.805,13370.3125,21,1170,10001,"[0, 100000]","[0, 100000]",0,0,5419,19042
yolov8x_training,1082.170136,84,247.284,13370.3125,69,1275,10001,"[0, 100000]","[0, 100000]",0,0,341,292
yolov8x_training,1083.234347,84,246.126,13370.3125,94,2625,10001,"[0, 100000]","[0, 100000]",0,0,15380,35595
yolov8x_training,1084.277322,87,252.622,13370.3125,73,1335,10001,"[0, 100000]","[0, 100000]",0,0,1562,292
yolov8x_training,1085.320165,89,254.448,13370.3125,30,1230,10001,"[0, 100000]","[0, 100000]",0,0,3906,36035
yolov8x_training,1086.378436,84,236.840,13370.3125,93,2295,10001,"[0, 100000]","[0, 100000]",0,0,2734,28320
yolov8x_training,1087.422079,85,229.089,13370.3125,88,2505,10001,"[0, 100000]","[0, 100000]",0,0,5517,19433
yolov8x_training,1088.465610,89,230.470,13370.3125,4,2400,10001,"[0, 100000]","[0, 100000]",0,0,88623,16113
yolov8x_training,1089.508745,83,211.164,13370.3125,88,1815,10001,"[0, 100000]","[0, 100000]",0,0,12060,292
yolov8x_training,1090.553950,89,220.964,13370.3125,5,2100,10001,"[0, 100000]","[0, 100000]",0,0,12500,34960
yolov8x_training,1091.597242,83,206.289,13370.3125,88,1305,10001,"[0, 100000]","[0, 100000]",0,0,292,292
yolov8x_training,1092.640014,88,215.561,13370.3125,3,2415,10001,"[0, 100000]","[0, 100000]",0,0,3662,11669
yolov8x_training,1093.683363,83,214.113,13370.3125,86,1800,10001,"[0, 100000]","[0, 100000]",0,0,3173,38623
yolov8x_training,1094.746877,88,219.635,13370.3125,0,2040,10001,"[0, 100000]","[0, 100000]",0,0,341,292
yolov8x_training,1095.800817,84,234.741,13370.3125,100,2400,10001,"[0, 100000]","[0, 100000]",0,0,15185,30468
yolov8x_training,1096.843868,86,241.364,13370.3125,36,1035,10001,"[0, 100000]","[0, 100000]",0,0,16015,22265
yolov8x_training,1097.900372,88,259.132,13370.3125,65,2580,10001,"[0, 100000]","[0, 100000]",0,0,15136,34521
yolov8x_training,1098.943277,87,251.100,13370.3125,100,1260,10001,"[0, 100000]","[0, 100000]",0,0,1416,292
yolov8x_training,1099.986124,83,243.735,13370.3125,42,1545,10001,"[0, 100000]","[0, 100000]",0,0,6298,104687
yolov8x_training,1101.041986,87,240.827,13370.3125,62,1230,10001,"[0, 100000]","[0, 100000]",0,0,3076,5224
yolov8x_training,1102.085346,87,255.724,13370.3125,94,1170,10001,"[0, 100000]","[0, 100000]",0,0,6640,104638
yolov8x_training,1103.150474,83,250.908,13370.3125,20,1260,10001,"[0, 100000]","[0, 100000]",0,0,2880,11914
yolov8x_training,1104.193532,83,239.723,13370.3125,94,2190,10001,"[0, 100000]","[0, 100000]",0,0,88671,16210
yolov8x_training,1105.236392,88,242.095,13370.3125,100,1350,10001,"[0, 100000]","[0, 100000]",0,0,5126,18701
yolov8x_training,1106.279587,88,259.313,13370.3125,37,1155,10001,"[0, 100000]","[0, 100000]",0,0,390,292
yolov8x_training,1107.322668,87,250.068,13370.3125,58,1350,10001,"[0, 100000]","[0, 100000]",0,0,15136,34228
yolov8x_training,1108.366126,83,241.893,13370.3125,93,1290,10001,"[0, 100000]","[0, 100000]",0,0,537,292
yolov8x_training,1109.420589,88,257.502,13370.3125,55,2505,10001,"[0, 100000]","[0, 100000]",0,0,15625,33691
yolov8x_training,1110.464050,87,248.547,13370.3125,66,1290,10001,"[0, 100000]","[0, 100000]",0,0,585,292
yolov8x_training,1111.528149,83,253.537,13370.3125,96,1485,10001,"[0, 100000]","[0, 100000]",0,0,15283,29101
yolov8x_training,1112.571801,88,244.253,13370.3125,65,2625,10001,"[0, 100000]","[0, 100000]",0,0,16015,292
yolov8x_training,1113.614832,88,253.190,13370.3125,36,1485,10001,"[0, 100000]","[0, 100000]",0,0,6738,103662
yolov8x_training,1114.669111,84,260.585,13370.3125,93,1170,10001,"[0, 100000]","[0, 100000]",0,0,2636,8740
yolov8x_training,1115.712580,85,240.279,13370.3125,100,2340,10001,"[0, 100000]","[0, 100000]",0,0,89794,24267
yolov8x_training,1116.783588,85,253.500,13370.3125,23,1605,10001,"[0, 100000]","[0, 100000]",0,0,3759,11718
yolov8x_training,1117.826930,88,256.335,13370.3125,79,1185,10001,"[0, 100000]","[0, 100000]",0,0,88671,16064
yolov8x_training,1118.869809,87,249.838,13370.3125,95,1380,10001,"[0, 100000]","[0, 100000]",0,0,3173,27587
yolov8x_training,1119.913326,83,243.924,13370.3125,77,1230,10001,"[0, 100000]","[0, 100000]",0,0,292,292
yolov8x_training,1120.965907,87,247.994,13370.3125,11,2370,10001,"[0, 100000]","[0, 100000]",0,0,15429,33642
yolov8x_training,1122.009318,89,243.807,13370.3125,93,2190,10001,"[0, 100000]","[0, 100000]",0,0,1171,292
yolov8x_training,1123.074299,85,263.349,13370.3125,100,1170,10001,"[0, 100000]","[0, 100000]",0,0,15136,35205
yolov8x_training,1124.117481,85,236.730,13370.3125,81,1920,10001,"[0, 100000]","[0, 100000]",0,0,2246,732
yolov8x_training,1125.187514,89,244.481,13370.3125,100,1500,10001,"[0, 100000]","[0, 100000]",0,0,15332,34570
yolov8x_training,1126.230612,89,259.933,13370.3125,51,1575,10001,"[0, 100000]","[0, 100000]",0,0,2294,1171
yolov8x_training,1127.273828,87,252.944,13370.3125,70,2025,10001,"[0, 100000]","[0, 100000]",0,0,4003,37744
yolov8x_training,1128.327679,83,250.100,13370.3125,95,1312,10001,"[0, 100000]","[0, 100000]",0,0,3564,11523
yolov8x_training,1129.371217,88,247.775,13370.3125,100,795,10001,"[0, 100000]","[0, 100000]",0,0,341,1038769
yolov8x_training,1130.414287,89,264.305,13370.3125,16,645,10001,"[0, 100000]","[0, 100000]",0,0,4785,21142
yolov8x_training,1131.457273,86,239.128,13370.3125,83,1155,10001,"[0, 100000]","[0, 100000]",0,0,341,292
yolov8x_training,1132.513801,83,250.696,13370.3125,100,1365,10001,"[0, 100000]","[0, 100000]",0,0,15283,34472
yolov8x_training,1133.557110,88,244.417,13370.3125,61,1327,10001,"[0, 100000]","[0, 100000]",0,0,1562,292
yolov8x_training,1134.599941,89,255.092,13370.3125,39,1845,10001,"[0, 100000]","[0, 100000]",0,0,6445,102587
yolov8x_training,1135.660051,83,258.451,13370.3125,95,1500,10001,"[0, 100000]","[0, 100000]",0,0,2392,125439
yolov8x_training,1136.703277,84,239.341,13370.3125,100,2655,10001,"[0, 100000]","[0, 100000]",0,0,6201,104394
yolov8x_training,1137.771589,88,243.547,13370.3125,13,1845,10001,"[0, 100000]","[0, 100000]",0,0,3027,11669
yolov8x_training,1138.814614,89,260.321,13370.3125,90,990,10001,"[0, 100000]","[0, 100000]",0,0,90380,33691
yolov8x_training,1139.883794,87,249.043,13370.3125,100,2430,10001,"[0, 100000]","[0, 100000]",0,0,3466,14550
yolov8x_training,1140.926860,83,238.611,13370.3125,57,1305,10001,"[0, 100000]","[0, 100000]",0,0,341,292
yolov8x_training,1141.969513,89,255.151,13370.3125,31,2385,10001,"[0, 100000]","[0, 100000]",0,0,7177,26562
yolov8x_training,1143.012626,89,261.963,13370.3125,94,1590,10001,"[0, 100000]","[0, 100000]",0,0,18359,7568
yolov8x_training,1144.073483,85,244.986,13370.3125,100,1170,10001,"[0, 100000]","[0, 100000]",0,0,15380,33544
yolov8x_training,1145.116833,85,242.560,13370.3125,70,2385,10001,"[0, 100000]","[0, 100000]",0,0,2294,1123
yolov8x_training,1146.159684,88,257.504,13370.3125,94,2610,10001,"[0, 100000]","[0, 100000]",0,0,6689,103759
yolov8x_training,1147.219997,87,250.346,13370.3125,78,1170,10001,"[0, 100000]","[0, 100000]",0,0,3125,12841
yolov8x_training,1148.263466,89,242.898,13370.3125,20,1350,10001,"[0, 100000]","[0, 100000]",0,0,89892,24560
yolov8x_training,1149.337227,84,247.900,13370.3125,94,2355,10001,"[0, 100000]","[0, 100000]",0,0,3320,10888
yolov8x_training,1150.380418,88,264.101,13370.3125,100,1860,10001,"[0, 100000]","[0, 100000]",0,0,341,1030224
yolov8x_training,1151.423321,88,243.214,13370.3125,76,1575,10001,"[0, 100000]","[0, 100000]",0,0,3564,31396
yolov8x_training,1152.466387,88,239.841,13370.3125,95,1185,10001,"[0, 100000]","[0, 100000]",0,0,341,292
yolov8x_training,1153.519672,83,242.245,13370.3125,71,1845,10001,"[0, 100000]","[0, 100000]",0,0,15185,34667
yolov8x_training,1154.562866,89,249.629,13370.3125,18,2610,10001,"[0, 100000]","[0, 100000]",0,0,2685,7763
yolov8x_training,1155.605904,89,259.336,13370.3125,95,1605,10001,"[0, 100000]","[0, 100000]",0,0,2978,39453
yolov8x_training,1156.667661,85,248.766,13370.3125,100,1170,10001,"[0, 100000]","[0, 100000]",0,0,3076,11132
yolov8x_training,1157.710755,87,251.292,13370.3125,35,2400,10001,"[0, 100000]","[0, 100000]",0,0,88720,15869
yolov8x_training,1158.753966,83,256.702,13370.3125,65,1485,10001,"[0, 100000]","[0, 100000]",0,0,5224,19238
yolov8x_training,1159.797309,86,252.806,13370.3125,95,1800,10001,"[0, 100000]","[0, 100000]",0,0,341,292
yolov8x_training,1160.857410,89,257.615,13370.3125,100,1260,10001,"[0, 100000]","[0, 100000]",0,0,15429,34472
yolov8x_training,1161.900890,87,242.263,13370.3125,11,2355,10001,"[0, 100000]","[0, 100000]",0,0,2832,3173
yolov8x_training,1162.944447,84,255.573,13370.3125,69,2040,10001,"[0, 100000]","[0, 100000]",0,0,3027,38476
yolov8x_training,1164.008538,89,253.120,13370.3125,94,2580,10001,"[0, 100000]","[0, 100000]",0,0,3125,10986
yolov8x_training,1165.051582,88,259.438,13370.3125,76,1125,10001,"[0, 100000]","[0, 100000]",0,0,341,1035937
yolov8x_training,1166.094128,84,243.131,13370.3125,15,1245,10001,"[0, 100000]","[0, 100000]",0,0,4882,21240
yolov8x_training,1167.137387,86,239.628,13370.3125,97,2355,10001,"[0, 100000]","[0, 100000]",0,0,537,341
yolov8x_training,1168.210629,84,255.083,13370.3125,64,1072,10001,"[0, 100000]","[0, 100000]",0,0,15380,30712
yolov8x_training,1169.253474,90,256.484,13370.3125,23,1815,10001,"[0, 100000]","[0, 100000]",0,0,2636,3369
yolov8x_training,1170.296345,89,242.300,13370.3125,83,1155,10001,"[0, 100000]","[0, 100000]",0,0,90087,27001
yolov8x_training,1171.366052,87,256.157,13370.3125,100,2505,10001,"[0, 100000]","[0, 100000]",0,0,3466,16015
yolov8x_training,1172.409408,84,253.769,13370.3125,66,1410,10001,"[0, 100000]","[0, 100000]",0,0,292,292
yolov8x_training,1173.451987,88,255.112,13370.3125,10,1125,10001,"[0, 100000]","[0, 100000]",0,0,7128,28710
yolov8x_training,1174.494903,89,241.360,13370.3125,74,1320,10001,"[0, 100000]","[0, 100000]",0,0,2392,2929
yolov8x_training,1175.538321,88,251.275,13370.3125,95,1155,10001,"[0, 100000]","[0, 100000]",0,0,89062,18750
yolov8x_training,1176.581521,84,243.208,13370.3125,95,1785,10001,"[0, 100000]","[0, 100000]",0,0,5029,20703
yolov8x_training,1177.624556,88,246.028,13370.3125,15,2655,10001,"[0, 100000]","[0, 100000]",0,0,341,292
yolov8x_training,1178.695888,89,255.067,13370.3125,84,1800,10001,"[0, 100000]","[0, 100000]",0,0,15283,30810
yolov8x_training,1179.739183,90,249.132,13370.3125,95,1170,10001,"[0, 100000]","[0, 100000]",0,0,19531,292
yolov8x_training,1180.781919,89,240.806,13370.3125,77,2055,10001,"[0, 100000]","[0, 100000]",0,0,7275,104443
yolov8x_training,1181.843661,85,247.616,13370.3125,12,1320,10001,"[0, 100000]","[0, 100000]",0,0,3027,12744
yolov8x_training,1182.887155,88,260.360,13370.3125,94,1530,10001,"[0, 100000]","[0, 100000]",0,0,89501,20556
yolov8x_training,1183.930404,89,246.344,13370.3125,100,1260,10001,"[0, 100000]","[0, 100000]",0,0,3613,30517
yolov8x_training,1184.973519,88,240.099,13370.3125,53,1140,10001,"[0, 100000]","[0, 100000]",0,0,341,292
yolov8x_training,1186.016187,84,238.405,13370.3125,31,1290,10001,"[0, 100000]","[0, 100000]",0,0,4150,101464
yolov8x_training,1187.092249,84,236.485,13370.3125,79,2445,10001,"[0, 100000]","[0, 100000]",0,0,3271,12890
yolov8x_training,1188.136187,89,246.213,13370.3125,100,1252,10001,"[0, 100000]","[0, 100000]",0,0,341,292
yolov8x_training,1189.179063,90,264.840,13370.3125,17,855,10001,"[0, 100000]","[0, 100000]",0,0,4785,27539
yolov8x_training,1190.222236,89,246.576,13370.3125,67,1215,10001,"[0, 100000]","[0, 100000]",0,0,1171,292
yolov8x_training,1191.265171,88,238.729,13370.3125,94,2355,10001,"[0, 100000]","[0, 100000]",0,0,90576,36914
yolov8x_training,1192.332886,84,255.595,13370.3125,100,2370,10001,"[0, 100000]","[0, 100000]",0,0,3076,12841
yolov8x_training,1193.375862,86,258.707,13370.3125,30,1245,10001,"[0, 100000]","[0, 100000]",0,0,341,292
yolov8x_training,1194.418622,88,248.092,13370.3125,48,1425,10001,"[0, 100000]","[0, 100000]",0,0,6054,27587
yolov8x_training,1195.461656,89,234.728,13370.3125,95,1770,10001,"[0, 100000]","[0, 100000]",0,0,3222,12841
yolov8x_training,1196.505360,88,238.983,13370.3125,94,1155,10001,"[0, 100000]","[0, 100000]",0,0,341,1033300
yolov8x_training,1197.548179,84,234.686,13370.3125,92,1785,10001,"[0, 100000]","[0, 100000]",0,0,4052,36669
yolov8x_training,1198.605140,88,211.645,13370.3125,87,1410,10001,"[0, 100000]","[0, 100000]",0,0,292,292
yolov8x_training,1199.647971,83,206.243,13370.3125,0,1905,10001,"[0, 100000]","[0, 100000]",0,0,3906,32714
yolov8x_training,1200.691069,88,212.758,13370.3125,88,1515,10001,"[0, 100000]","[0, 100000]",0,0,292,292
yolov8x_training,1201.733814,86,217.588,13370.3125,0,2055,10001,"[0, 100000]","[0, 100000]",0,0,2246,75634
yolov8x_training,1202.777432,84,204.432,13370.3125,88,1147,10001,"[0, 100000]","[0, 100000]",0,0,6445,95751
yolov8x_training,1203.837893,87,220.205,13370.3125,0,1860,10001,"[0, 100000]","[0, 100000]",0,0,341,244
yolov8x_training,1204.880661,83,203.433,13370.3125,88,2085,10001,"[0, 100000]","[0, 100000]",0,0,4980,21191
yolov8x_training,1205.931047,86,215.333,13370.3125,12,2505,10001,"[0, 100000]","[0, 100000]",0,0,15429,35498
yolov8x_training,1206.974365,88,236.154,13370.3125,100,1665,10001,"[0, 100000]","[0, 100000]",0,0,2636,2636
yolov8x_training,1208.017809,85,250.363,13370.3125,21,1155,10001,"[0, 100000]","[0, 100000]",0,0,3125,37158
yolov8x_training,1209.079174,83,239.861,13370.3125,66,2430,10001,"[0, 100000]","[0, 100000]",0,0,3125,12304
yolov8x_training,1210.122276,87,252.995,13370.3125,89,1620,10001,"[0, 100000]","[0, 100000]",0,0,341,1033105
yolov8x_training,1211.165529,88,259.431,13370.3125,23,1230,10001,"[0, 100000]","[0, 100000]",0,0,3710,30126
yolov8x_training,1212.208476,84,240.907,13370.3125,94,1245,10001,"[0, 100000]","[0, 100000]",0,0,341,292
yolov8x_training,1213.266254,87,254.403,13370.3125,100,2325,10001,"[0, 100000]","[0, 100000]",0,0,15185,35546
yolov8x_training,1214.309342,83,256.416,13370.3125,50,2400,10001,"[0, 100000]","[0, 100000]",0,0,1953,292
yolov8x_training,1215.352034,86,251.912,13370.3125,36,1185,10001,"[0, 100000]","[0, 100000]",0,0,3027,37939
yolov8x_training,1216.413570,88,243.034,13370.3125,94,1140,10001,"[0, 100000]","[0, 100000]",0,0,3173,10888
yolov8x_training,1217.457164,84,246.186,13370.3125,98,1950,10001,"[0, 100000]","[0, 100000]",0,0,341,1035937
yolov8x_training,1218.499982,87,259.583,13370.3125,27,1327,10001,"[0, 100000]","[0, 100000]",0,0,4345,21826
yolov8x_training,1219.545432,89,253.428,13370.3125,64,1380,10001,"[0, 100000]","[0, 100000]",0,0,439,292
yolov8x_training,1220.607840,88,253.361,13370.3125,94,1170,10001,"[0, 100000]","[0, 100000]",0,0,15478,37060
yolov8x_training,1221.650783,84,239.069,13370.3125,98,1995,10001,"[0, 100000]","[0, 100000]",0,0,2832,4785
yolov8x_training,1222.693877,88,244.423,13370.3125,17,2655,10001,"[0, 100000]","[0, 100000]",0,0,3466,36279
yolov8x_training,1223.753394,83,257.948,13370.3125,81,1380,10001,"[0, 100000]","[0, 100000]",0,0,2832,11962
yolov8x_training,1224.796615,89,249.124,13370.3125,96,1215,10001,"[0, 100000]","[0, 100000]",0,0,390,1028613
yolov8x_training,1225.839314,88,238.253,13370.3125,76,2400,10001,"[0, 100000]","[0, 100000]",0,0,4101,32080
yolov8x_training,1226.882614,83,249.683,13370.3125,27,1890,10001,"[0, 100000]","[0, 100000]",0,0,341,341
yolov8x_training,1227.925330,86,250.036,13370.3125,94,2085,10001,"[0, 100000]","[0, 100000]",0,0,6884,102539
yolov8x_training,1228.989462,90,248.502,13370.3125,96,915,10001,"[0, 100000]","[0, 100000]",0,0,2929,8984
yolov8x_training,1230.032798,88,253.075,13370.3125,58,1155,10001,"[0, 100000]","[0, 100000]",0,0,88720,15722
yolov8x_training,1231.076370,84,235.835,13370.3125,24,2115,10001,"[0, 100000]","[0, 100000]",0,0,4589,20117
yolov8x_training,1232.119420,88,242.670,13370.3125,100,1252,10001,"[0, 100000]","[0, 100000]",0,0,341,292
yolov8x_training,1233.162360,85,261.589,13370.3125,28,1320,10001,"[0, 100000]","[0, 100000]",0,0,4589,21240
yolov8x_training,1234.205537,85,248.448,13370.3125,70,1230,10001,"[0, 100000]","[0, 100000]",0,0,1220,292
yolov8x_training,1235.248313,83,239.892,13370.3125,95,2445,10001,"[0, 100000]","[0, 100000]",0,0,4296,103808
yolov8x_training,1236.320531,88,251.724,13370.3125,88,1410,10001,"[0, 100000]","[0, 100000]",0,0,2685,7177
yolov8x_training,1237.363595,89,258.374,13370.3125,19,1185,10001,"[0, 100000]","[0, 100000]",0,0,90283,27343
yolov8x_training,1238.434641,85,237.089,13370.3125,92,1290,10001,"[0, 100000]","[0, 100000]",0,0,3027,12792
yolov8x_training,1239.477997,85,239.886,13370.3125,100,1245,10001,"[0, 100000]","[0, 100000]",0,0,341,1030419
yolov8x_training,1240.521046,83,231.831,13370.3125,94,1395,10001,"[0, 100000]","[0, 100000]",0,0,341,244
yolov8x_training,1241.565366,88,210.658,13370.3125,0,2325,10001,"[0, 100000]","[0, 100000]",0,0,13427,37548
yolov8x_training,1242.608464,83,219.392,13370.3125,100,1290,10001,"[0, 100000]","[0, 100000]",0,0,292,292
yolov8x_training,1243.651225,88,207.896,13370.3125,0,2580,10001,"[0, 100000]","[0, 100000]",0,0,2685,9716
yolov8x_training,1244.694705,83,227.691,13370.3125,100,1245,10001,"[0, 100000]","[0, 100000]",0,0,2832,9521
yolov8x_training,1245.737767,83,245.505,13370.3125,64,1590,10001,"[0, 100000]","[0, 100000]",0,0,6054,104882
yolov8x_training,1246.805640,86,255.349,13370.3125,51,1650,10001,"[0, 100000]","[0, 100000]",0,0,2587,8007
yolov8x_training,1247.849225,88,253.914,13370.3125,95,1185,10001,"[0, 100000]","[0, 100000]",0,0,2978,38867
yolov8x_training,1248.913447,83,241.933,13370.3125,90,2280,10001,"[0, 100000]","[0, 100000]",0,0,3027,9716
yolov8x_training,1249.956638,88,244.530,13370.3125,17,1860,10001,"[0, 100000]","[0, 100000]",0,0,90527,36083
yolov8x_training,1251.024122,88,244.351,13370.3125,95,2505,10001,"[0, 100000]","[0, 100000]",0,0,3271,12988
yolov8x_training,1252.067322,87,258.632,13370.3125,100,1365,10001,"[0, 100000]","[0, 100000]",0,0,341,1032958
yolov8x_training,1253.110538,83,249.060,13370.3125,50,1140,10001,"[0, 100000]","[0, 100000]",0,0,3710,31982
yolov8x_training,1254.153601,89,243.921,13370.3125,93,2415,10001,"[0, 100000]","[0, 100000]",0,0,390,292
yolov8x_training,1255.196334,88,252.785,13370.3125,80,2295,10001,"[0, 100000]","[0, 100000]",0,0,14794,29687
yolov8x_training,1256.239448,88,256.369,13370.3125,34,1170,10001,"[0, 100000]","[0, 100000]",0,0,17138,14746
yolov8x_training,1257.302043,84,246.152,13370.3125,94,2280,10001,"[0, 100000]","[0, 100000]",0,0,15478,33496
yolov8x_training,1258.345390,89,244.167,13370.3125,100,1260,10001,"[0, 100000]","[0, 100000]",0,0,2246,634
yolov8x_training,1259.388447,89,257.304,13370.3125,23,1185,10001,"[0, 100000]","[0, 100000]",0,0,6347,103759
yolov8x_training,1260.449796,85,243.775,13370.3125,88,1260,10001,"[0, 100000]","[0, 100000]",0,0,2636,10009
yolov8x_training,1261.492752,83,240.584,13370.3125,97,1155,10001,"[0, 100000]","[0, 100000]",0,0,292,1035546
yolov8x_training,1262.535379,86,244.924,13370.3125,70,2595,10001,"[0, 100000]","[0, 100000]",0,0,3173,27343
yolov8x_training,1263.578353,88,250.304,13370.3125,36,1425,10001,"[0, 100000]","[0, 100000]",0,0,341,292
yolov8x_training,1264.620924,84,260.931,13370.3125,95,1155,10001,"[0, 100000]","[0, 100000]",0,0,13232,35205
yolov8x_training,1265.663865,88,235.351,13370.3125,100,2010,10001,"[0, 100000]","[0, 100000]",0,0,1562,341
yolov8x_training,1266.706964,88,244.142,13370.3125,33,945,10001,"[0, 100000]","[0, 100000]",0,0,6640,105126
yolov8x_training,1267.769348,89,255.961,13370.3125,75,1635,10001,"[0, 100000]","[0, 100000]",0,0,2832,10400
yolov8x_training,1268.812439,87,249.546,13370.3125,98,1275,10001,"[0, 100000]","[0, 100000]",0,0,52734,38720
yolov8x_training,1269.876734,86,233.119,13370.3125,59,2640,10001,"[0, 100000]","[0, 100000]",0,0,89648,23730
yolov8x_training,1270.950973,88,221.144,13370.3125,94,1875,10001,"[0, 100000]","[0, 100000]",0,0,341,292
yolov8x_training,1271.993797,84,212.074,13370.3125,0,1170,10001,"[0, 100000]","[0, 100000]",0,0,341,292
yolov8x_training,1273.063462,83,244.992,13370.3125,11,1215,10001,"[0, 100000]","[0, 100000]",0,0,15429,34521
yolov8x_training,1274.106552,88,236.071,13370.3125,62,1455,10001,"[0, 100000]","[0, 100000]",0,0,5078,93652
yolov8x_training,1275.176413,87,206.334,13370.3125,97,2505,10001,"[0, 100000]","[0, 100000]",0,0,341,292
yolov8x_training,1276.219927,83,229.210,13370.3125,0,1245,10001,"[0, 100000]","[0, 100000]",0,0,4248,17529
yolov8x_training,1277.263604,83,210.262,13370.3125,100,1102,10001,"[0, 100000]","[0, 100000]",0,0,341,1033300
yolov8x_training,1278.306839,89,226.028,13370.3125,0,1725,10001,"[0, 100000]","[0, 100000]",0,0,341,244
yolov8x_training,1279.360285,83,207.903,13370.3125,99,2355,10001,"[0, 100000]","[0, 100000]",0,0,14208,34423
yolov8x_training,1280.403555,87,223.469,13370.3125,0,1275,10001,"[0, 100000]","[0, 100000]",0,0,89062,16748
yolov8x_training,1281.446892,88,238.088,13370.3125,38,1665,10001,"[0, 100000]","[0, 100000]",0,0,3857,16650
yolov8x_training,1282.489770,89,235.647,13370.3125,13,1290,10001,"[0, 100000]","[0, 100000]",0,0,3662,14111
yolov8x_training,1283.532840,84,254.880,13370.3125,93,1230,10001,"[0, 100000]","[0, 100000]",0,0,341,1030712
yolov8x_training,1284.575522,85,247.142,13370.3125,100,1290,10001,"[0, 100000]","[0, 100000]",0,0,5810,22021
yolov8x_training,1285.618837,88,242.950,13370.3125,45,2475,10001,"[0, 100000]","[0, 100000]",0,0,341,292
yolov8x_training,1286.690038,87,252.848,13370.3125,57,1740,10001,"[0, 100000]","[0, 100000]",0,0,15234,29638
yolov8x_training,1287.733026,88,253.237,13370.3125,94,1155,10001,"[0, 100000]","[0, 100000]",0,0,5224,101171
yolov8x_training,1288.803127,84,245.887,13370.3125,100,2400,10001,"[0, 100000]","[0, 100000]",0,0,15283,34765
yolov8x_training,1289.846532,86,242.514,13370.3125,14,2595,10001,"[0, 100000]","[0, 100000]",0,0,3027,3906
yolov8x_training,1290.889783,88,258.750,13370.3125,87,1185,10001,"[0, 100000]","[0, 100000]",0,0,3955,36767
yolov8x_training,1291.945075,87,247.559,13370.3125,99,1800,10001,"[0, 100000]","[0, 100000]",0,0,3613,11621
yolov8x_training,1292.988314,83,246.123,13370.3125,51,1170,10001,"[0, 100000]","[0, 100000]",0,0,341,1036572
yolov8x_training,1294.031286,86,245.041,13370.3125,38,2610,10001,"[0, 100000]","[0, 100000]",0,0,3173,27880
yolov8x_training,1295.074223,88,247.144,13370.3125,94,1455,10001,"[0, 100000]","[0, 100000]",0,0,341,292
yolov8x_training,1296.122258,84,258.203,13370.3125,100,1155,10001,"[0, 100000]","[0, 100000]",0,0,15527,33593
yolov8x_training,1297.165326,87,238.643,13370.3125,82,1920,10001,"[0, 100000]","[0, 100000]",0,0,878,292
yolov8x_training,1298.208329,88,244.444,13370.3125,97,2505,10001,"[0, 100000]","[0, 100000]",0,0,6787,103466
yolov8x_training,1299.269436,86,254.858,13370.3125,74,1620,10001,"[0, 100000]","[0, 100000]",0,0,3710,12207
yolov8x_training,1300.313216,90,251.351,13370.3125,15,1215,10001,"[0, 100000]","[0, 100000]",0,0,341,584521
yolov8x_training,1301.355929,86,233.743,13370.3125,81,2160,10001,"[0, 100000]","[0, 100000]",0,0,14257,33544
yolov8x_training,1302.398990,85,242.393,13370.3125,95,1020,10001,"[0, 100000]","[0, 100000]",0,0,6201,93066
yolov8x_training,1303.442652,88,250.868,13370.3125,82,2595,10001,"[0, 100000]","[0, 100000]",0,0,6640,103564
yolov8x_training,1304.503307,89,261.962,13370.3125,12,1575,10001,"[0, 100000]","[0, 100000]",0,0,3466,12597
yolov8x_training,1305.546602,86,260.077,13370.3125,80,1170,10001,"[0, 100000]","[0, 100000]",0,0,341,1034570
yolov8x_training,1306.589238,84,252.068,13370.3125,95,915,10001,"[0, 100000]","[0, 100000]",0,0,6103,28808
yolov8x_training,1307.632128,89,237.431,13370.3125,93,2550,10001,"[0, 100000]","[0, 100000]",0,0,2392,1269
yolov8x_training,1308.675258,89,245.798,13370.3125,15,1260,10001,"[0, 100000]","[0, 100000]",0,0,90283,31445
yolov8x_training,1309.742335,89,259.599,13370.3125,65,1050,10001,"[0, 100000]","[0, 100000]",0,0,3417,11279
yolov8x_training,1310.785266,87,249.605,13370.3125,95,1800,10001,"[0, 100000]","[0, 100000]",0,0,88916,19677
yolov8x_training,1311.828375,84,242.474,13370.3125,78,2475,10001,"[0, 100000]","[0, 100000]",0,0,4052,33251
yolov8x_training,1312.872219,85,245.332,13370.3125,12,2655,10001,"[0, 100000]","[0, 100000]",0,0,2294,927
yolov8x_training,1313.915121,88,256.544,13370.3125,65,1230,10001,"[0, 100000]","[0, 100000]",0,0,5029,104541
yolov8x_training,1314.985817,89,252.942,13370.3125,95,1815,10001,"[0, 100000]","[0, 100000]",0,0,2978,12109
yolov8x_training,1316.029272,84,263.944,13370.3125,96,1200,10001,"[0, 100000]","[0, 100000]",0,0,88769,15625
yolov8x_training,1317.072328,87,243.809,13370.3125,7,2325,10001,"[0, 100000]","[0, 100000]",0,0,5273,18945
yolov8x_training,1318.115760,89,253.660,13370.3125,86,1530,10001,"[0, 100000]","[0, 100000]",0,0,390,292
yolov8x_training,1319.169955,88,251.894,13370.3125,72,1845,10001,"[0, 100000]","[0, 100000]",0,0,15234,34570
yolov8x_training,1320.212862,84,257.893,13370.3125,7,1155,10001,"[0, 100000]","[0, 100000]",0,0,2783,7177
yolov8x_training,1321.255833,86,242.571,13370.3125,79,2355,10001,"[0, 100000]","[0, 100000]",0,0,89697,22314
yolov8x_training,1322.331364,84,242.341,13370.3125,99,2505,10001,"[0, 100000]","[0, 100000]",0,0,2978,12158
yolov8x_training,1323.374527,89,255.514,13370.3125,52,1605,10001,"[0, 100000]","[0, 100000]",0,0,341,1035546
yolov8x_training,1324.417131,89,252.983,13370.3125,36,1245,10001,"[0, 100000]","[0, 100000]",0,0,3662,31884
yolov8x_training,1325.460125,85,240.968,13370.3125,94,1170,10001,"[0, 100000]","[0, 100000]",0,0,341,292
yolov8x_training,1326.527257,87,243.223,13370.3125,100,2235,10001,"[0, 100000]","[0, 100000]",0,0,15527,33349
yolov8x_training,1327.571121,88,240.730,13370.3125,50,1132,10001,"[0, 100000]","[0, 100000]",0,0,2636,8789
yolov8x_training,1328.614390,89,252.639,13370.3125,31,1605,10001,"[0, 100000]","[0, 100000]",0,0,89453,21386
yolov8x_training,1329.657632,85,264.244,13370.3125,95,1230,10001,"[0, 100000]","[0, 100000]",0,0,4687,17480
yolov8x_training,1330.700768,89,242.896,13370.3125,100,2160,10001,"[0, 100000]","[0, 100000]",0,0,341,292
yolov8x_training,1331.747364,84,242.917,13370.3125,39,1785,10001,"[0, 100000]","[0, 100000]",0,0,15527,34765
yolov8x_training,1332.790735,89,247.916,13370.3125,42,1425,10001,"[0, 100000]","[0, 100000]",0,0,2929,8984
yolov8x_training,1333.834395,89,256.823,13370.3125,94,1185,10001,"[0, 100000]","[0, 100000]",0,0,89355,20507
yolov8x_training,1334.877715,88,245.428,13370.3125,100,2250,10001,"[0, 100000]","[0, 100000]",0,0,4101,30664
yolov8x_training,1335.921456,84,240.247,13370.3125,56,2565,10001,"[0, 100000]","[0, 100000]",0,0,634,341
yolov8x_training,1336.964250,89,251.515,13370.3125,33,1890,10001,"[0, 100000]","[0, 100000]",0,0,341,292
yolov8x_training,1338.009198,89,236.318,13370.3125,3,2400,10001,"[0, 100000]","[0, 100000]",0,0,15234,33837
yolov8x_training,1339.052576,89,253.220,13370.3125,89,2370,10001,"[0, 100000]","[0, 100000]",0,0,2880,5126
yolov8x_training,1340.095807,88,256.176,13370.3125,94,915,10001,"[0, 100000]","[0, 100000]",0,0,89648,23046
yolov8x_training,1341.170727,85,253.387,13370.3125,17,1200,10001,"[0, 100000]","[0, 100000]",0,0,5761,17822
yolov8x_training,1342.213674,86,246.424,13370.3125,67,1965,10001,"[0, 100000]","[0, 100000]",0,0,341,292
yolov8x_training,1343.256331,84,251.776,13370.3125,98,2505,10001,"[0, 100000]","[0, 100000]",0,0,8593,25781
yolov8x_training,1344.299388,88,253.692,13370.3125,72,1230,10001,"[0, 100000]","[0, 100000]",0,0,2685,114843
yolov8x_training,1345.344945,89,252.970,13370.3125,22,1155,10001,"[0, 100000]","[0, 100000]",0,0,89404,20849
yolov8x_training,1346.388479,89,247.934,13370.3125,44,1935,10001,"[0, 100000]","[0, 100000]",0,0,4931,18603
yolov8x_training,1347.431761,85,234.906,13370.3125,92,2250,10001,"[0, 100000]","[0, 100000]",0,0,2441,3222
yolov8x_training,1348.475075,84,238.902,13370.3125,95,1755,10001,"[0, 100000]","[0, 100000]",0,0,88916,17333
yolov8x_training,1349.518349,89,251.765,13370.3125,73,1260,10001,"[0, 100000]","[0, 100000]",0,0,4443,17285
yolov8x_training,1350.561612,88,256.728,13370.3125,30,1350,10001,"[0, 100000]","[0, 100000]",0,0,8154,292
yolov8x_training,1351.604345,88,259.188,13370.3125,74,915,10001,"[0, 100000]","[0, 100000]",0,0,6347,103222
yolov8x_training,1352.660130,84,240.130,13370.3125,93,1335,10001,"[0, 100000]","[0, 100000]",0,0,2978,12744
yolov8x_training,1353.703132,89,242.572,13370.3125,98,2415,10001,"[0, 100000]","[0, 100000]",0,0,341,1036035
yolov8x_training,1354.748789,86,253.212,13370.3125,36,1290,10001,"[0, 100000]","[0, 100000]",0,0,4687,19970
yolov8x_training,1355.792224,89,250.810,13370.3125,71,1155,10001,"[0, 100000]","[0, 100000]",0,0,341,292
yolov8x_training,1356.834837,86,248.303,13370.3125,44,2265,10001,"[0, 100000]","[0, 100000]",0,0,4589,16845
yolov8x_training,1357.877863,88,259.965,13370.3125,79,1320,10001,"[0, 100000]","[0, 100000]",0,0,292,292
yolov8x_training,1358.920414,90,261.386,13370.3125,100,1155,10001,"[0, 100000]","[0, 100000]",0,0,3515,31347
yolov8x_training,1359.963295,85,253.527,13370.3125,28,1260,10001,"[0, 100000]","[0, 100000]",0,0,292,292
yolov8x_training,1361.005839,88,261.940,13370.3125,94,2175,10001,"[0, 100000]","[0, 100000]",0,0,5957,31005
yolov8x_training,1362.048916,89,269.048,13370.3125,89,1230,10001,"[0, 100000]","[0, 100000]",0,0,341,292
yolov8x_training,1363.091501,84,249.855,13370.3125,38,1365,10001,"[0, 100000]","[0, 100000]",0,0,2978,25439
yolov8x_training,1364.134400,86,247.817,13370.3125,95,2655,10001,"[0, 100000]","[0, 100000]",0,0,537,341
yolov8x_training,1365.181179,89,265.154,13370.3125,23,1380,10001,"[0, 100000]","[0, 100000]",0,0,15039,32763
yolov8x_training,1366.224357,84,258.904,13370.3125,100,2295,10001,"[0, 100000]","[0, 100000]",0,0,341,341
yolov8x_training,1367.266980,84,255.228,13370.3125,69,2175,10001,"[0, 100000]","[0, 100000]",0,0,4150,28515
yolov8x_training,1368.309951,89,253.341,13370.3125,65,1440,10001,"[0, 100000]","[0, 100000]",0,0,341,292
yolov8x_training,1369.352518,88,252.071,13370.3125,95,2055,10001,"[0, 100000]","[0, 100000]",0,0,4638,17431
yolov8x_training,1370.395541,84,253.489,13370.3125,70,1305,10001,"[0, 100000]","[0, 100000]",0,0,439,292
yolov8x_training,1371.438593,88,256.733,13370.3125,48,1605,10001,"[0, 100000]","[0, 100000]",0,0,14501,34472
yolov8x_training,1372.481776,88,249.471,13370.3125,99,1200,10001,"[0, 100000]","[0, 100000]",0,0,1171,292
yolov8x_training,1373.550612,84,244.146,13370.3125,59,1830,10001,"[0, 100000]","[0, 100000]",0,0,14990,29882
yolov8x_training,1374.593767,90,255.197,13370.3125,54,1305,10001,"[0, 100000]","[0, 100000]",0,0,19677,341
yolov8x_training,1375.645193,89,250.860,13370.3125,94,1215,10001,"[0, 100000]","[0, 100000]",0,0,15527,33251
yolov8x_training,1376.688663,84,255.295,13370.3125,69,2115,10001,"[0, 100000]","[0, 100000]",0,0,341,292
yolov8x_training,1377.731287,86,206.770,14976.3125,66,2655,10001,"[0, 100000]","[0, 100000]",0,0,3564,3857
yolov8x_training,1378.775202,83,155.262,16770.3125,0,1410,10001,"[0, 100000]","[0, 100000]",0,0,176220,2490
yolov8x_training,1380.011533,82,141.496,16770.3125,75,2580,10001,"[0, 100000]","[0, 100000]",0,0,341,292
yolov8x_training,1381.092180,82,102.730,16774.3125,0,2580,10001,"[0, 100000]","[0, 100000]",0,0,1406445,488
yolov8x_training,1382.165851,81,96.791,16774.3125,0,2505,10001,"[0, 100000]","[0, 100000]",0,0,341,292
yolov8x_training,1383.208555,80,94.201,16774.3125,0,2505,10001,"[0, 100000]","[0, 100000]",0,0,292,292
yolov8x_training,1384.292467,80,93.119,16774.3125,0,2505,10001,"[0, 100000]","[0, 100000]",0,0,292,292
yolov8x_training,1385.338190,80,92.836,16774.3125,0,2505,10001,"[0, 100000]","[0, 100000]",0,0,341,292
yolov8x_training,1386.381050,79,92.361,16774.3125,0,2505,10001,"[0, 100000]","[0, 100000]",0,0,292,292
yolov8x_training,1387.423840,79,91.725,16790.3125,0,2505,10001,"[0, 100000]","[0, 100000]",0,0,2099,4687
yolov8x_training,1388.466659,78,105.772,16790.3125,0,1905,10001,"[0, 100000]","[0, 100000]",0,0,7226,1123
yolov8x_training,1389.515913,79,144.278,16790.3125,23,2505,10001,"[0, 100000]","[0, 100000]",0,0,390,2197
yolov8x_training,1390.590426,78,91.051,16790.3125,0,2505,10001,"[0, 100000]","[0, 100000]",0,0,292,292
yolov8x_training,1391.637733,78,90.598,16790.3125,0,2505,10001,"[0, 100000]","[0, 100000]",0,0,292,244
yolov8x_training,1392.686900,77,88.342,16790.3125,0,2505,10001,"[0, 100000]","[0, 100000]",0,0,341,292
yolov8x_training,1393.754702,77,87.803,2876.3125,0,2505,10001,"[0, 100000]","[0, 100000]",0,0,878,2001
