Kernel,Time (s),Temperature (C),Power (W),Memory Usage (MB),GPU Utilization (%),Graphics Clock (MHz),Memory Clock (MHz),Decoder Utilization (%),Encoder Utilization (%),Decoder Memory Usage (MB),Encoder Memory Usage (MB),PCIe Tx Throughput (KB/s),PCIe Rx Throughput (KB/s)
yolov8x_training,0.000724,49,28.043,622.1250,0,210,405,"[0, 100000]","[0, 100000]",0,0,341,292
yolov8x_training,1.050090,49,27.979,622.1250,0,210,405,"[0, 100000]","[0, 100000]",0,0,292,292
yolov8x_training,2.093102,49,27.995,622.1250,0,210,405,"[0, 100000]","[0, 100000]",0,0,341,292
yolov8x_training,3.139290,49,27.993,622.1250,0,210,405,"[0, 100000]","[0, 100000]",0,0,292,292
yolov8x_training,4.182343,49,27.991,625.0000,0,210,405,"[0, 100000]","[0, 100000]",0,0,341,341
yolov8x_training,5.224646,50,32.698,1502.3125,4,2505,10001,"[0, 100000]","[0, 100000]",0,0,3027,21337
yolov8x_training,6.267278,50,71.645,1532.3125,0,2505,10001,"[0, 100000]","[0, 100000]",0,0,341,292
yolov8x_training,7.310292,51,70.553,2454.3125,0,2505,10001,"[0, 100000]","[0, 100000]",0,0,4638,45117
yolov8x_training,8.354797,52,149.825,12914.3125,54,2040,10001,"[0, 100000]","[0, 100000]",0,0,292,1039599
yolov8x_training,9.400211,57,208.649,12976.3125,93,1590,10001,"[0, 100000]","[0, 100000]",0,0,89501,23339
yolov8x_training,10.472437,58,216.510,12978.3125,94,1057,10001,"[0, 100000]","[0, 100000]",0,0,3808,30761
yolov8x_training,11.516470,61,223.901,12978.3125,100,2250,10001,"[0, 100000]","[0, 100000]",0,0,341,292
yolov8x_training,12.559191,55,200.279,12978.3125,96,1425,10001,"[0, 100000]","[0, 100000]",0,0,7031,29736
yolov8x_training,13.602640,61,184.383,12978.3125,0,2685,10001,"[0, 100000]","[0, 100000]",0,0,292,292
yolov8x_training,14.645830,62,200.747,13066.3125,100,2100,10001,"[0, 100000]","[0, 100000]",0,0,4785,35400
yolov8x_training,15.689504,57,229.997,13066.3125,10,1620,10001,"[0, 100000]","[0, 100000]",0,0,341,1033300
yolov8x_training,16.732457,61,236.014,13066.3125,93,1680,10001,"[0, 100000]","[0, 100000]",0,0,4589,21533
yolov8x_training,17.775462,60,226.485,13066.3125,59,1770,10001,"[0, 100000]","[0, 100000]",0,0,89208,20800
yolov8x_training,18.818495,62,225.730,13066.3125,72,2475,10001,"[0, 100000]","[0, 100000]",0,0,3125,10693
yolov8x_training,19.861581,63,243.792,13066.3125,100,1395,10001,"[0, 100000]","[0, 100000]",0,0,6884,103808
yolov8x_training,20.913153,64,229.936,13066.3125,94,2685,10001,"[0, 100000]","[0, 100000]",0,0,585,292
yolov8x_training,21.956096,62,237.954,13066.3125,32,1575,10001,"[0, 100000]","[0, 100000]",0,0,5322,19580
yolov8x_training,22.999424,65,230.280,13066.3125,94,2415,10001,"[0, 100000]","[0, 100000]",0,0,341,1031982
yolov8x_training,24.042314,66,235.235,13066.3125,47,1935,10001,"[0, 100000]","[0, 100000]",0,0,3515,12207
yolov8x_training,25.104505,62,229.421,13150.3125,95,1800,10001,"[0, 100000]","[0, 100000]",0,0,15185,36669
yolov8x_training,26.147453,66,234.816,13370.3125,60,1605,10001,"[0, 100000]","[0, 100000]",0,0,292,292
yolov8x_training,27.190120,66,235.158,13370.3125,57,1425,10001,"[0, 100000]","[0, 100000]",0,0,7763,27783
yolov8x_training,28.233132,63,224.678,13370.3125,94,1365,10001,"[0, 100000]","[0, 100000]",0,0,341,292
yolov8x_training,29.290109,66,237.458,13370.3125,70,2640,10001,"[0, 100000]","[0, 100000]",0,0,15234,37255
yolov8x_training,30.333210,68,235.649,13370.3125,35,1560,10001,"[0, 100000]","[0, 100000]",0,0,341,292
yolov8x_training,31.379466,64,237.075,13370.3125,93,1365,10001,"[0, 100000]","[0, 100000]",0,0,15283,36474
yolov8x_training,32.422525,68,229.601,13370.3125,57,2670,10001,"[0, 100000]","[0, 100000]",0,0,5615,292
yolov8x_training,33.465309,68,242.627,13370.3125,63,1560,10001,"[0, 100000]","[0, 100000]",0,0,6933,29101
yolov8x_training,34.508878,67,230.642,13370.3125,95,1515,10001,"[0, 100000]","[0, 100000]",0,0,292,292
yolov8x_training,35.551516,68,225.089,13370.3125,30,2670,10001,"[0, 100000]","[0, 100000]",0,0,6884,29589
yolov8x_training,36.594670,71,239.733,13370.3125,57,1965,10001,"[0, 100000]","[0, 100000]",0,0,390,292
yolov8x_training,37.640227,68,232.282,13370.3125,96,1440,10001,"[0, 100000]","[0, 100000]",0,0,15234,35644
yolov8x_training,38.683605,67,229.099,13370.3125,23,2670,10001,"[0, 100000]","[0, 100000]",0,0,1123,341
yolov8x_training,39.743232,72,242.865,13370.3125,71,2670,10001,"[0, 100000]","[0, 100000]",0,0,15429,37109
yolov8x_training,40.786756,69,231.050,13370.3125,100,1875,10001,"[0, 100000]","[0, 100000]",0,0,830,292
yolov8x_training,41.829525,72,208.605,13370.3125,33,1335,10001,"[0, 100000]","[0, 100000]",0,0,3613,13671
yolov8x_training,42.872395,69,209.318,13370.3125,93,1440,10001,"[0, 100000]","[0, 100000]",0,0,90576,36230
yolov8x_training,43.938389,69,191.144,13370.3125,98,2670,10001,"[0, 100000]","[0, 100000]",0,0,292,292
yolov8x_training,44.981765,73,207.672,13370.3125,10,2160,10001,"[0, 100000]","[0, 100000]",0,0,4296,16748
yolov8x_training,46.025192,68,190.759,13370.3125,100,2295,10001,"[0, 100000]","[0, 100000]",0,0,4003,37011
yolov8x_training,47.080931,71,235.135,13370.3125,70,1530,10001,"[0, 100000]","[0, 100000]",0,0,2929,9667
yolov8x_training,48.124826,73,244.075,13370.3125,3,1470,10001,"[0, 100000]","[0, 100000]",0,0,1220,341
yolov8x_training,49.167970,75,220.995,13370.3125,18,1335,10001,"[0, 100000]","[0, 100000]",0,0,6787,101220
yolov8x_training,50.224531,70,228.965,13370.3125,92,1335,10001,"[0, 100000]","[0, 100000]",0,0,5273,102978
yolov8x_training,51.269114,74,229.135,13370.3125,100,2415,10001,"[0, 100000]","[0, 100000]",0,0,4980,102441
yolov8x_training,52.339263,75,240.085,13370.3125,28,2610,10001,"[0, 100000]","[0, 100000]",0,0,2832,9033
yolov8x_training,53.382809,74,246.960,13370.3125,64,1410,10001,"[0, 100000]","[0, 100000]",0,0,4052,36816
yolov8x_training,54.437315,73,238.241,13370.3125,100,2115,10001,"[0, 100000]","[0, 100000]",0,0,3076,11328
yolov8x_training,55.481145,75,218.684,13370.3125,27,2655,10001,"[0, 100000]","[0, 100000]",0,0,292,292
yolov8x_training,56.524025,75,212.520,13370.3125,90,1320,10001,"[0, 100000]","[0, 100000]",0,0,5419,18066
yolov8x_training,57.567681,70,201.478,13370.3125,52,2670,10001,"[0, 100000]","[0, 100000]",0,0,4052,38818
yolov8x_training,58.620830,76,209.866,13370.3125,13,2400,10001,"[0, 100000]","[0, 100000]",0,0,292,244
yolov8x_training,59.663645,70,190.471,13370.3125,87,1560,10001,"[0, 100000]","[0, 100000]",0,0,3613,14013
yolov8x_training,60.706967,76,205.816,13370.3125,2,2580,10001,"[0, 100000]","[0, 100000]",0,0,4052,36230
yolov8x_training,61.763478,71,200.065,13370.3125,86,1305,10001,"[0, 100000]","[0, 100000]",0,0,341,341
yolov8x_training,62.806290,75,196.480,13370.3125,0,1335,10001,"[0, 100000]","[0, 100000]",0,0,5761,19531
yolov8x_training,63.850290,76,212.376,13370.3125,93,2385,10001,"[0, 100000]","[0, 100000]",0,0,7128,93750
yolov8x_training,64.930856,71,209.751,13370.3125,30,1725,10001,"[0, 100000]","[0, 100000]",0,0,15234,35693
yolov8x_training,65.974142,76,233.681,13370.3125,85,2340,10001,"[0, 100000]","[0, 100000]",0,0,341,341
yolov8x_training,67.016812,77,248.869,13370.3125,87,1665,10001,"[0, 100000]","[0, 100000]",0,0,4687,28125
yolov8x_training,68.060367,76,247.661,13370.3125,55,1365,10001,"[0, 100000]","[0, 100000]",0,0,341,292
yolov8x_training,69.102912,72,235.017,13370.3125,93,2445,10001,"[0, 100000]","[0, 100000]",0,0,5761,24121
yolov8x_training,70.146604,77,249.148,13370.3125,37,1470,10001,"[0, 100000]","[0, 100000]",0,0,25781,632714
yolov8x_training,71.189829,74,237.883,13370.3125,82,2010,10001,"[0, 100000]","[0, 100000]",0,0,3808,15136
yolov8x_training,72.232920,76,233.621,13370.3125,100,2130,10001,"[0, 100000]","[0, 100000]",0,0,292,1040917
yolov8x_training,73.275937,77,250.622,13370.3125,15,2460,10001,"[0, 100000]","[0, 100000]",0,0,341,341
yolov8x_training,74.319019,78,213.959,13370.3125,88,2595,10001,"[0, 100000]","[0, 100000]",0,0,5322,26562
yolov8x_training,75.362216,79,239.492,13370.3125,25,1545,10001,"[0, 100000]","[0, 100000]",0,0,341,292
yolov8x_training,76.404829,73,246.133,13370.3125,95,1365,10001,"[0, 100000]","[0, 100000]",0,0,5371,20312
yolov8x_training,77.448274,80,244.494,13370.3125,56,1177,10001,"[0, 100000]","[0, 100000]",0,0,90185,27832
yolov8x_training,78.515746,79,253.501,13370.3125,87,1245,10001,"[0, 100000]","[0, 100000]",0,0,2441,439
yolov8x_training,79.559051,78,230.992,13370.3125,100,1380,10001,"[0, 100000]","[0, 100000]",0,0,5761,20166
yolov8x_training,80.602305,74,198.219,13370.3125,43,2655,10001,"[0, 100000]","[0, 100000]",0,0,5273,85888
yolov8x_training,81.671947,79,213.784,13370.3125,45,2115,10001,"[0, 100000]","[0, 100000]",0,0,6542,102636
yolov8x_training,82.727666,75,217.451,13370.3125,100,2085,10001,"[0, 100000]","[0, 100000]",0,0,5566,17919
yolov8x_training,83.770597,77,215.562,13370.3125,66,2100,10001,"[0, 100000]","[0, 100000]",0,0,90136,27929
yolov8x_training,84.838885,74,211.212,13370.3125,65,1290,10001,"[0, 100000]","[0, 100000]",0,0,341,292
yolov8x_training,85.881279,79,217.607,13370.3125,11,1965,10001,"[0, 100000]","[0, 100000]",0,0,88671,15722
yolov8x_training,86.924231,74,245.458,13370.3125,69,1455,10001,"[0, 100000]","[0, 100000]",0,0,3320,12841
yolov8x_training,87.967469,80,241.445,13370.3125,100,2565,10001,"[0, 100000]","[0, 100000]",0,0,4833,104003
yolov8x_training,89.037118,81,256.841,13370.3125,13,1365,10001,"[0, 100000]","[0, 100000]",0,0,1269,292
yolov8x_training,90.100313,76,234.218,13370.3125,94,2625,10001,"[0, 100000]","[0, 100000]",0,0,15380,35742
yolov8x_training,91.143368,81,253.366,13370.3125,100,1845,10001,"[0, 100000]","[0, 100000]",0,0,683,341
yolov8x_training,92.191028,80,253.152,13370.3125,26,1365,10001,"[0, 100000]","[0, 100000]",0,0,15087,31933
yolov8x_training,93.233880,75,239.910,13370.3125,93,1455,10001,"[0, 100000]","[0, 100000]",0,0,390,341
yolov8x_training,94.276050,80,244.865,13370.3125,63,1230,10001,"[0, 100000]","[0, 100000]",0,0,5224,32910
yolov8x_training,95.318849,80,247.458,13370.3125,56,1395,10001,"[0, 100000]","[0, 100000]",0,0,390,292
yolov8x_training,96.361060,77,242.039,13370.3125,94,2115,10001,"[0, 100000]","[0, 100000]",0,0,3955,34472
yolov8x_training,97.403496,81,234.057,13370.3125,33,1785,10001,"[0, 100000]","[0, 100000]",0,0,292,292
yolov8x_training,98.447073,79,248.529,13370.3125,71,1380,10001,"[0, 100000]","[0, 100000]",0,0,15283,35839
yolov8x_training,99.490213,76,241.918,13370.3125,94,1800,10001,"[0, 100000]","[0, 100000]",0,0,878,292
yolov8x_training,100.533155,76,235.727,13370.3125,58,2430,10001,"[0, 100000]","[0, 100000]",0,0,6494,101708
yolov8x_training,101.589531,81,245.371,13370.3125,37,1470,10001,"[0, 100000]","[0, 100000]",0,0,15722,24755
yolov8x_training,102.650485,81,243.834,13370.3125,94,1470,10001,"[0, 100000]","[0, 100000]",0,0,15527,35009
yolov8x_training,103.694014,76,235.875,13370.3125,69,2550,10001,"[0, 100000]","[0, 100000]",0,0,878,341
yolov8x_training,104.737356,82,242.309,13370.3125,51,2565,10001,"[0, 100000]","[0, 100000]",0,0,4736,103613
yolov8x_training,105.807077,82,253.298,13370.3125,93,1395,10001,"[0, 100000]","[0, 100000]",0,0,2832,9375
yolov8x_training,106.850984,77,251.290,13370.3125,100,1365,10001,"[0, 100000]","[0, 100000]",0,0,90673,35693
yolov8x_training,107.918859,79,239.045,13370.3125,26,2190,10001,"[0, 100000]","[0, 100000]",0,0,3173,12988
yolov8x_training,108.961789,83,236.919,13370.3125,94,2610,10001,"[0, 100000]","[0, 100000]",0,0,292,1036425
yolov8x_training,110.004413,81,248.239,13370.3125,43,1920,10001,"[0, 100000]","[0, 100000]",0,0,4052,11816
yolov8x_training,111.047701,79,242.601,13370.3125,66,2250,10001,"[0, 100000]","[0, 100000]",0,0,90380,28662
yolov8x_training,112.116849,79,249.812,13370.3125,100,1695,10001,"[0, 100000]","[0, 100000]",0,0,3076,8447
yolov8x_training,113.159353,82,250.891,13370.3125,35,1320,10001,"[0, 100000]","[0, 100000]",0,0,2978,38867
yolov8x_training,114.221550,80,242.563,13370.3125,74,1350,10001,"[0, 100000]","[0, 100000]",0,0,3027,4687
yolov8x_training,115.264891,78,235.720,13370.3125,100,2145,10001,"[0, 100000]","[0, 100000]",0,0,90234,27734
yolov8x_training,116.334465,82,234.477,13370.3125,48,2655,10001,"[0, 100000]","[0, 100000]",0,0,2929,11962
yolov8x_training,117.377575,82,251.537,13370.3125,57,1890,10001,"[0, 100000]","[0, 100000]",0,0,4199,36083
yolov8x_training,118.434366,78,241.304,13370.3125,95,2115,10001,"[0, 100000]","[0, 100000]",0,0,2783,125927
yolov8x_training,119.507795,83,246.277,13370.3125,41,2655,10001,"[0, 100000]","[0, 100000]",0,0,15380,35498
yolov8x_training,120.551261,82,254.885,13370.3125,70,1260,10001,"[0, 100000]","[0, 100000]",0,0,830,341
yolov8x_training,121.605018,80,241.026,13370.3125,100,2175,10001,"[0, 100000]","[0, 100000]",0,0,15625,37060
yolov8x_training,122.647972,83,247.607,13370.3125,14,1380,10001,"[0, 100000]","[0, 100000]",0,0,341,292
yolov8x_training,123.690556,83,258.564,13370.3125,94,1335,10001,"[0, 100000]","[0, 100000]",0,0,7031,31201
yolov8x_training,124.733598,78,240.994,13370.3125,98,1215,10001,"[0, 100000]","[0, 100000]",0,0,341,292
yolov8x_training,125.783381,83,240.710,13370.3125,11,2610,10001,"[0, 100000]","[0, 100000]",0,0,15234,32568
yolov8x_training,126.826415,83,241.886,13370.3125,92,1905,10001,"[0, 100000]","[0, 100000]",0,0,15917,292
yolov8x_training,127.880901,79,257.164,13370.3125,100,1260,10001,"[0, 100000]","[0, 100000]",0,0,15429,35937
yolov8x_training,128.923838,83,237.792,13370.3125,95,2520,10001,"[0, 100000]","[0, 100000]",0,0,1171,292
yolov8x_training,129.966619,83,249.415,13370.3125,100,1635,10001,"[0, 100000]","[0, 100000]",0,0,6933,103466
yolov8x_training,131.018265,80,258.483,13370.3125,16,1230,10001,"[0, 100000]","[0, 100000]",0,0,2587,1562
yolov8x_training,132.061942,80,239.174,13370.3125,84,2640,10001,"[0, 100000]","[0, 100000]",0,0,6738,102539
yolov8x_training,133.126313,81,238.994,13370.3125,100,1935,10001,"[0, 100000]","[0, 100000]",0,0,2490,3222
yolov8x_training,134.197219,84,256.304,13370.3125,21,1230,10001,"[0, 100000]","[0, 100000]",0,0,15283,33056
yolov8x_training,135.240294,79,243.639,13370.3125,94,1290,10001,"[0, 100000]","[0, 100000]",0,0,14648,292
yolov8x_training,136.283312,84,238.611,13370.3125,100,2565,10001,"[0, 100000]","[0, 100000]",0,0,13964,37402
yolov8x_training,137.326708,84,239.086,13370.3125,16,1875,10001,"[0, 100000]","[0, 100000]",0,0,1123,292
yolov8x_training,138.398057,80,253.732,13370.3125,84,1200,10001,"[0, 100000]","[0, 100000]",0,0,15332,37060
yolov8x_training,139.440923,79,243.963,13370.3125,100,1305,10001,"[0, 100000]","[0, 100000]",0,0,6640,96240
yolov8x_training,140.501656,84,209.011,13370.3125,21,1080,10001,"[0, 100000]","[0, 100000]",0,0,292,292
yolov8x_training,141.544531,83,210.828,13370.3125,85,1620,10001,"[0, 100000]","[0, 100000]",0,0,2832,3076
yolov8x_training,142.592851,78,226.922,13370.3125,70,1425,10001,"[0, 100000]","[0, 100000]",0,0,14453,36572
yolov8x_training,143.636167,84,212.241,13370.3125,14,2595,10001,"[0, 100000]","[0, 100000]",0,0,341,244
yolov8x_training,144.679694,78,218.494,13370.3125,87,1560,10001,"[0, 100000]","[0, 100000]",0,0,1123,292
yolov8x_training,145.731704,82,210.244,13370.3125,0,1560,10001,"[0, 100000]","[0, 100000]",0,0,14453,35156
yolov8x_training,146.775143,82,218.984,13370.3125,87,2490,10001,"[0, 100000]","[0, 100000]",0,0,292,292
yolov8x_training,147.817884,82,201.377,13370.3125,64,2625,10001,"[0, 100000]","[0, 100000]",0,0,2832,9326
yolov8x_training,148.871446,83,206.936,13370.3125,35,2490,10001,"[0, 100000]","[0, 100000]",0,0,14160,35253
yolov8x_training,149.914705,81,234.081,13370.3125,86,2160,10001,"[0, 100000]","[0, 100000]",0,0,3173,11962
yolov8x_training,150.958291,84,255.936,13370.3125,41,2655,10001,"[0, 100000]","[0, 100000]",0,0,3466,36523
yolov8x_training,152.016827,83,243.301,13370.3125,71,1845,10001,"[0, 100000]","[0, 100000]",0,0,2783,27832
yolov8x_training,153.060086,80,247.909,13370.3125,100,2505,10001,"[0, 100000]","[0, 100000]",0,0,6591,103759
yolov8x_training,154.117132,83,257.663,13370.3125,22,1470,10001,"[0, 100000]","[0, 100000]",0,0,1806,292
yolov8x_training,155.162045,84,238.708,13370.3125,89,1290,10001,"[0, 100000]","[0, 100000]",0,0,6494,103710
yolov8x_training,156.222575,81,235.286,13370.3125,99,2550,10001,"[0, 100000]","[0, 100000]",0,0,2246,585
yolov8x_training,157.265999,78,252.112,13370.3125,48,2070,10001,"[0, 100000]","[0, 100000]",0,0,5029,103955
yolov8x_training,158.335119,84,252.967,13370.3125,73,1365,10001,"[0, 100000]","[0, 100000]",0,0,2636,3759
yolov8x_training,159.378604,83,255.781,13370.3125,94,1215,10001,"[0, 100000]","[0, 100000]",0,0,6738,102587
yolov8x_training,160.440038,80,240.462,13370.3125,43,2355,10001,"[0, 100000]","[0, 100000]",0,0,19482,292
yolov8x_training,161.494477,84,252.925,13370.3125,73,1380,10001,"[0, 100000]","[0, 100000]",0,0,15429,36718
yolov8x_training,162.537589,84,246.781,13370.3125,100,1200,10001,"[0, 100000]","[0, 100000]",0,0,585,341
yolov8x_training,163.602073,82,238.081,13370.3125,32,2565,10001,"[0, 100000]","[0, 100000]",0,0,15380,34521
yolov8x_training,164.645016,80,250.942,13370.3125,77,1395,10001,"[0, 100000]","[0, 100000]",0,0,2099,292
yolov8x_training,165.687975,81,243.884,13370.3125,95,2010,10001,"[0, 100000]","[0, 100000]",0,0,341,292
yolov8x_training,166.730602,79,241.225,13370.3125,100,2220,10001,"[0, 100000]","[0, 100000]",0,0,390,292
yolov8x_training,167.773541,84,204.050,13370.3125,43,2475,10001,"[0, 100000]","[0, 100000]",0,0,5322,28515
yolov8x_training,168.816841,78,221.211,13370.3125,76,1395,10001,"[0, 100000]","[0, 100000]",0,0,341,292
yolov8x_training,169.859593,82,229.650,13370.3125,33,1230,10001,"[0, 100000]","[0, 100000]",0,0,3417,36230
yolov8x_training,170.920445,79,236.875,13370.3125,64,2055,10001,"[0, 100000]","[0, 100000]",0,0,2783,26318
yolov8x_training,171.963888,82,232.369,13370.3125,88,2595,10001,"[0, 100000]","[0, 100000]",0,0,1611,292
yolov8x_training,173.007278,79,221.188,13370.3125,4,1680,10001,"[0, 100000]","[0, 100000]",0,0,6298,95117
yolov8x_training,174.074652,84,241.873,13370.3125,4,1395,10001,"[0, 100000]","[0, 100000]",0,0,3027,11669
yolov8x_training,175.117693,79,220.533,13370.3125,72,1335,10001,"[0, 100000]","[0, 100000]",0,0,3564,12890
yolov8x_training,176.186440,84,255.505,13370.3125,69,1395,10001,"[0, 100000]","[0, 100000]",0,0,15771,37207
yolov8x_training,177.229520,80,251.575,13370.3125,100,2610,10001,"[0, 100000]","[0, 100000]",0,0,341,292
yolov8x_training,178.286652,85,259.314,13370.3125,16,1237,10001,"[0, 100000]","[0, 100000]",0,0,15527,37207
yolov8x_training,179.329645,84,244.153,13370.3125,73,1680,10001,"[0, 100000]","[0, 100000]",0,0,1855,292
yolov8x_training,180.372596,82,244.897,13370.3125,100,1215,10001,"[0, 100000]","[0, 100000]",0,0,6835,104003
yolov8x_training,181.434627,81,241.235,13370.3125,45,2190,10001,"[0, 100000]","[0, 100000]",0,0,2148,781
yolov8x_training,182.502430,84,256.190,13370.3125,77,2460,10001,"[0, 100000]","[0, 100000]",0,0,15478,30859
yolov8x_training,183.545865,85,245.773,13370.3125,100,1275,10001,"[0, 100000]","[0, 100000]",0,0,14843,341
yolov8x_training,184.594139,82,247.764,13370.3125,40,2460,10001,"[0, 100000]","[0, 100000]",0,0,15478,33740
yolov8x_training,185.637555,80,251.627,13370.3125,65,2310,10001,"[0, 100000]","[0, 100000]",0,0,2490,1220
yolov8x_training,186.680664,85,246.257,13370.3125,94,1275,10001,"[0, 100000]","[0, 100000]",0,0,6689,104443
yolov8x_training,187.742524,84,238.828,13370.3125,57,1215,10001,"[0, 100000]","[0, 100000]",0,0,2783,8349
yolov8x_training,188.785645,80,250.137,13370.3125,43,2325,10001,"[0, 100000]","[0, 100000]",0,0,4101,37597
yolov8x_training,189.840789,83,248.635,13370.3125,94,2490,10001,"[0, 100000]","[0, 100000]",0,0,3125,11914
yolov8x_training,190.883357,84,259.443,13370.3125,82,1230,10001,"[0, 100000]","[0, 100000]",0,0,3271,37451
yolov8x_training,191.944823,81,244.414,13370.3125,100,2085,10001,"[0, 100000]","[0, 100000]",0,0,14599,292
yolov8x_training,192.988923,85,256.864,13370.3125,31,2505,10001,"[0, 100000]","[0, 100000]",0,0,15576,33398
yolov8x_training,194.032426,82,247.099,13370.3125,77,1230,10001,"[0, 100000]","[0, 100000]",0,0,537,292
yolov8x_training,195.083780,83,249.213,13370.3125,98,2430,10001,"[0, 100000]","[0, 100000]",0,0,15576,33496
yolov8x_training,196.127162,82,257.310,13370.3125,33,825,10001,"[0, 100000]","[0, 100000]",0,0,1074,341
yolov8x_training,197.186021,86,244.642,13370.3125,73,1335,10001,"[0, 100000]","[0, 100000]",0,0,15087,34130
yolov8x_training,198.229531,82,252.255,13370.3125,100,2580,10001,"[0, 100000]","[0, 100000]",0,0,732,292
yolov8x_training,199.289757,84,258.420,13370.3125,19,2355,10001,"[0, 100000]","[0, 100000]",0,0,15136,30664
yolov8x_training,200.333051,85,242.258,13370.3125,86,1770,10001,"[0, 100000]","[0, 100000]",0,0,16064,292
yolov8x_training,201.383457,82,234.501,13370.3125,100,1290,10001,"[0, 100000]","[0, 100000]",0,0,15380,33447
yolov8x_training,202.426583,81,235.375,13370.3125,44,2055,10001,"[0, 100000]","[0, 100000]",0,0,2343,683
yolov8x_training,203.494647,87,259.826,13370.3125,57,1327,10001,"[0, 100000]","[0, 100000]",0,0,15625,34619
yolov8x_training,204.538002,86,247.728,13370.3125,99,1230,10001,"[0, 100000]","[0, 100000]",0,0,2001,292
yolov8x_training,205.607341,84,242.057,13370.3125,54,2295,10001,"[0, 100000]","[0, 100000]",0,0,15478,34765
yolov8x_training,206.650388,80,252.481,13370.3125,69,2040,10001,"[0, 100000]","[0, 100000]",0,0,2294,488
yolov8x_training,207.693502,84,249.590,13370.3125,93,1200,10001,"[0, 100000]","[0, 100000]",0,0,4150,37109
yolov8x_training,208.746404,85,238.890,13370.3125,87,1935,10001,"[0, 100000]","[0, 100000]",0,0,2880,18457
yolov8x_training,209.789952,81,244.957,13370.3125,12,1380,10001,"[0, 100000]","[0, 100000]",0,0,77978,38720
yolov8x_training,210.854751,85,247.581,13370.3125,95,2640,10001,"[0, 100000]","[0, 100000]",0,0,2978,9082
yolov8x_training,211.898230,86,260.259,13370.3125,93,1860,10001,"[0, 100000]","[0, 100000]",0,0,90673,35791
yolov8x_training,212.965219,82,242.143,13370.3125,70,1290,10001,"[0, 100000]","[0, 100000]",0,0,3906,17822
yolov8x_training,214.008403,81,235.848,13370.3125,94,2625,10001,"[0, 100000]","[0, 100000]",0,0,341,1030029
yolov8x_training,215.051541,80,254.117,13370.3125,61,885,10001,"[0, 100000]","[0, 100000]",0,0,3417,28125
yolov8x_training,216.094489,86,244.244,13370.3125,69,1275,10001,"[0, 100000]","[0, 100000]",0,0,292,292
yolov8x_training,217.137056,85,245.107,13370.3125,95,2640,10001,"[0, 100000]","[0, 100000]",0,0,4199,32226
yolov8x_training,218.180805,81,252.273,13370.3125,57,1845,10001,"[0, 100000]","[0, 100000]",0,0,341,292
yolov8x_training,219.228668,84,250.840,13370.3125,44,1275,10001,"[0, 100000]","[0, 100000]",0,0,15283,35009
yolov8x_training,220.272342,86,235.045,13370.3125,94,1290,10001,"[0, 100000]","[0, 100000]",0,0,1269,292
yolov8x_training,221.315254,81,246.065,13370.3125,97,1875,10001,"[0, 100000]","[0, 100000]",0,0,7031,102978
yolov8x_training,222.376786,87,247.904,13370.3125,17,1995,10001,"[0, 100000]","[0, 100000]",0,0,2587,2197
yolov8x_training,223.420589,86,257.760,13370.3125,88,1215,10001,"[0, 100000]","[0, 100000]",0,0,3027,38720
yolov8x_training,224.482032,82,244.663,13370.3125,100,1815,10001,"[0, 100000]","[0, 100000]",0,0,2441,125830
yolov8x_training,225.525024,85,242.460,13370.3125,23,1185,10001,"[0, 100000]","[0, 100000]",0,0,6738,102929
yolov8x_training,226.589917,83,252.626,13370.3125,71,1350,10001,"[0, 100000]","[0, 100000]",0,0,2929,9472
yolov8x_training,227.633076,86,245.156,13370.3125,100,1260,10001,"[0, 100000]","[0, 100000]",0,0,3466,36669
yolov8x_training,228.691749,80,242.080,13370.3125,35,2595,10001,"[0, 100000]","[0, 100000]",0,0,6103,29492
yolov8x_training,229.734744,86,218.317,13370.3125,14,2130,10001,"[0, 100000]","[0, 100000]",0,0,341,1030322
yolov8x_training,230.777398,80,205.526,13370.3125,88,1230,10001,"[0, 100000]","[0, 100000]",0,0,781,292
yolov8x_training,231.842664,86,201.495,13370.3125,0,2640,10001,"[0, 100000]","[0, 100000]",0,0,14453,34814
yolov8x_training,232.885474,80,224.849,13370.3125,88,960,10001,"[0, 100000]","[0, 100000]",0,0,341,292
yolov8x_training,233.928268,86,202.109,13370.3125,7,2595,10001,"[0, 100000]","[0, 100000]",0,0,3955,16210
yolov8x_training,234.971619,80,220.905,13370.3125,31,1380,10001,"[0, 100000]","[0, 100000]",0,0,341,1030175
yolov8x_training,236.014784,85,206.071,13370.3125,83,2655,10001,"[0, 100000]","[0, 100000]",0,0,13525,10888
yolov8x_training,237.057819,82,231.489,13370.3125,16,1305,10001,"[0, 100000]","[0, 100000]",0,0,3906,31298
yolov8x_training,238.100906,85,243.663,13370.3125,31,1245,10001,"[0, 100000]","[0, 100000]",0,0,439,390
yolov8x_training,239.143214,81,238.056,13370.3125,94,2385,10001,"[0, 100000]","[0, 100000]",0,0,15625,35107
yolov8x_training,240.186585,86,258.918,13370.3125,99,1305,10001,"[0, 100000]","[0, 100000]",0,0,1562,341
yolov8x_training,241.229057,86,255.721,13370.3125,9,1305,10001,"[0, 100000]","[0, 100000]",0,0,6787,102148
yolov8x_training,242.286658,81,242.930,13370.3125,94,1260,10001,"[0, 100000]","[0, 100000]",0,0,3027,115771
yolov8x_training,243.355406,85,233.553,13370.3125,100,1485,10001,"[0, 100000]","[0, 100000]",0,0,15429,37158
yolov8x_training,244.398815,86,240.224,13370.3125,24,2400,10001,"[0, 100000]","[0, 100000]",0,0,2197,341
yolov8x_training,245.441576,85,258.743,13370.3125,66,1875,10001,"[0, 100000]","[0, 100000]",0,0,6640,101904
yolov8x_training,246.495655,80,248.564,13370.3125,100,1230,10001,"[0, 100000]","[0, 100000]",0,0,2978,11035
yolov8x_training,247.538316,86,242.550,13370.3125,40,2370,10001,"[0, 100000]","[0, 100000]",0,0,4345,36914
yolov8x_training,248.592415,85,251.952,13370.3125,66,922,10001,"[0, 100000]","[0, 100000]",0,0,3125,12158
yolov8x_training,249.634949,85,250.444,13370.3125,94,1215,10001,"[0, 100000]","[0, 100000]",0,0,89501,21044
yolov8x_training,250.677895,81,241.204,13370.3125,64,2040,10001,"[0, 100000]","[0, 100000]",0,0,3613,11914
yolov8x_training,251.720372,81,231.191,13370.3125,20,2640,10001,"[0, 100000]","[0, 100000]",0,0,4589,31396
yolov8x_training,252.764380,85,221.964,13370.3125,47,2610,10001,"[0, 100000]","[0, 100000]",0,0,90185,27636
yolov8x_training,253.834878,86,227.161,13370.3125,93,2610,10001,"[0, 100000]","[0, 100000]",0,0,6542,21191
yolov8x_training,254.878494,83,222.244,13370.3125,88,1440,10001,"[0, 100000]","[0, 100000]",0,0,73876,15820
yolov8x_training,255.921745,84,201.613,13370.3125,0,2085,10001,"[0, 100000]","[0, 100000]",0,0,732,292
yolov8x_training,256.973594,85,217.935,13370.3125,0,2085,10001,"[0, 100000]","[0, 100000]",0,0,14062,32324
yolov8x_training,258.017048,81,205.255,13370.3125,97,1410,10001,"[0, 100000]","[0, 100000]",0,0,89843,24755
yolov8x_training,259.090040,83,245.733,13370.3125,66,1770,10001,"[0, 100000]","[0, 100000]",0,0,3564,14648
yolov8x_training,260.133042,85,253.263,13370.3125,20,1275,10001,"[0, 100000]","[0, 100000]",0,0,390,244
yolov8x_training,261.175799,81,233.393,13370.3125,90,2400,10001,"[0, 100000]","[0, 100000]",0,0,5029,30517
yolov8x_training,262.218936,83,244.325,13370.3125,100,1455,10001,"[0, 100000]","[0, 100000]",0,0,439,292
yolov8x_training,263.281367,85,258.100,13370.3125,27,2625,10001,"[0, 100000]","[0, 100000]",0,0,15136,30419
yolov8x_training,264.324429,82,246.090,13370.3125,73,1260,10001,"[0, 100000]","[0, 100000]",0,0,19140,292
yolov8x_training,265.367534,80,248.911,13370.3125,94,1335,10001,"[0, 100000]","[0, 100000]",0,0,6445,103369
yolov8x_training,266.426121,83,235.162,13370.3125,73,2415,10001,"[0, 100000]","[0, 100000]",0,0,2832,3076
yolov8x_training,267.469041,86,245.620,13370.3125,19,1320,10001,"[0, 100000]","[0, 100000]",0,0,2929,39257
yolov8x_training,268.532479,81,260.033,13370.3125,92,1320,10001,"[0, 100000]","[0, 100000]",0,0,3955,14941
yolov8x_training,269.575671,85,241.788,13370.3125,100,1575,10001,"[0, 100000]","[0, 100000]",0,0,341,292
yolov8x_training,270.618783,81,239.760,13370.3125,41,2565,10001,"[0, 100000]","[0, 100000]",0,0,6640,27490
yolov8x_training,271.661847,83,252.747,13370.3125,42,2505,10001,"[0, 100000]","[0, 100000]",0,0,14990,292
yolov8x_training,272.721908,86,255.514,13370.3125,94,1200,10001,"[0, 100000]","[0, 100000]",0,0,15673,34179
yolov8x_training,273.765303,81,237.313,13370.3125,98,1185,10001,"[0, 100000]","[0, 100000]",0,0,2343,976
yolov8x_training,274.808260,86,241.616,13370.3125,10,2235,10001,"[0, 100000]","[0, 100000]",0,0,6445,103369
yolov8x_training,275.873001,86,240.513,13370.3125,89,1470,10001,"[0, 100000]","[0, 100000]",0,0,2685,2587
yolov8x_training,276.916939,82,255.288,13370.3125,100,1290,10001,"[0, 100000]","[0, 100000]",0,0,6835,103955
yolov8x_training,277.979625,86,248.684,13370.3125,83,2205,10001,"[0, 100000]","[0, 100000]",0,0,2294,2197
yolov8x_training,279.022501,86,248.481,13370.3125,98,2655,10001,"[0, 100000]","[0, 100000]",0,0,90869,38671
yolov8x_training,280.088046,86,254.469,13370.3125,45,930,10001,"[0, 100000]","[0, 100000]",0,0,2636,104785
yolov8x_training,281.132029,85,248.885,13370.3125,62,1335,10001,"[0, 100000]","[0, 100000]",0,0,6591,102197
yolov8x_training,282.198020,81,239.915,13370.3125,94,2250,10001,"[0, 100000]","[0, 100000]",0,0,3027,9570
yolov8x_training,283.241355,86,250.299,13370.3125,67,1890,10001,"[0, 100000]","[0, 100000]",0,0,5029,103906
yolov8x_training,284.311421,86,254.463,13370.3125,41,2505,10001,"[0, 100000]","[0, 100000]",0,0,2783,10107
yolov8x_training,285.354489,81,256.331,13370.3125,94,1170,10001,"[0, 100000]","[0, 100000]",0,0,90625,35595
yolov8x_training,286.420776,86,234.606,13370.3125,91,2460,10001,"[0, 100000]","[0, 100000]",0,0,3027,9765
yolov8x_training,287.463967,86,253.849,13370.3125,39,1860,10001,"[0, 100000]","[0, 100000]",0,0,4980,102197
yolov8x_training,288.534681,81,252.776,13370.3125,95,1185,10001,"[0, 100000]","[0, 100000]",0,0,2685,126269
yolov8x_training,289.578517,82,237.829,13370.3125,100,2415,10001,"[0, 100000]","[0, 100000]",0,0,4687,103320
yolov8x_training,290.650972,86,240.798,13370.3125,8,2505,10001,"[0, 100000]","[0, 100000]",0,0,2929,5273
yolov8x_training,291.694251,86,261.973,13370.3125,94,1290,10001,"[0, 100000]","[0, 100000]",0,0,4199,36132
yolov8x_training,292.750242,85,235.785,13370.3125,100,1800,10001,"[0, 100000]","[0, 100000]",0,0,3613,14355
yolov8x_training,293.793247,81,238.268,13370.3125,44,1275,10001,"[0, 100000]","[0, 100000]",0,0,292,1034765
yolov8x_training,294.835933,86,260.205,13370.3125,55,1327,10001,"[0, 100000]","[0, 100000]",0,0,4833,16894
yolov8x_training,295.879094,85,255.555,13370.3125,93,1290,10001,"[0, 100000]","[0, 100000]",0,0,341,292
yolov8x_training,296.921678,81,250.289,13370.3125,57,1335,10001,"[0, 100000]","[0, 100000]",0,0,4980,28076
yolov8x_training,297.964746,84,239.957,13370.3125,93,2430,10001,"[0, 100000]","[0, 100000]",0,0,341,292
yolov8x_training,299.007376,86,253.726,13370.3125,67,1305,10001,"[0, 100000]","[0, 100000]",0,0,5322,21191
yolov8x_training,300.050715,81,249.971,13370.3125,28,1230,10001,"[0, 100000]","[0, 100000]",0,0,341,341
yolov8x_training,301.104466,81,245.945,13370.3125,93,2475,10001,"[0, 100000]","[0, 100000]",0,0,15527,35400
yolov8x_training,302.147361,86,247.626,13370.3125,92,1545,10001,"[0, 100000]","[0, 100000]",0,0,1562,292
yolov8x_training,303.190295,87,255.339,13370.3125,15,1200,10001,"[0, 100000]","[0, 100000]",0,0,5859,102050
yolov8x_training,304.260052,82,240.193,13370.3125,95,1305,10001,"[0, 100000]","[0, 100000]",0,0,16113,22753
yolov8x_training,305.303353,86,241.118,13370.3125,100,2445,10001,"[0, 100000]","[0, 100000]",0,0,6787,102734
yolov8x_training,306.357067,87,245.326,13370.3125,15,1440,10001,"[0, 100000]","[0, 100000]",0,0,2929,3515
yolov8x_training,307.400108,87,245.939,13370.3125,10,1530,10001,"[0, 100000]","[0, 100000]",0,0,341,292
yolov8x_training,308.442733,82,259.654,13370.3125,95,1185,10001,"[0, 100000]","[0, 100000]",0,0,14160,37646
yolov8x_training,309.486145,86,244.737,13370.3125,100,2445,10001,"[0, 100000]","[0, 100000]",0,0,390,292
yolov8x_training,310.529178,86,253.758,13370.3125,26,1485,10001,"[0, 100000]","[0, 100000]",0,0,6640,101660
yolov8x_training,311.582616,86,259.637,13370.3125,71,1755,10001,"[0, 100000]","[0, 100000]",0,0,3417,110449
yolov8x_training,312.625454,85,250.503,13370.3125,95,1560,10001,"[0, 100000]","[0, 100000]",0,0,1220,341
yolov8x_training,313.668131,81,204.863,13370.3125,58,1327,10001,"[0, 100000]","[0, 100000]",0,0,3613,15332
yolov8x_training,314.711377,86,251.924,13370.3125,41,1860,10001,"[0, 100000]","[0, 100000]",0,0,390,1030957
yolov8x_training,315.753947,87,253.672,13370.3125,93,1320,10001,"[0, 100000]","[0, 100000]",0,0,5175,27343
yolov8x_training,316.797227,82,241.006,13370.3125,100,1275,10001,"[0, 100000]","[0, 100000]",0,0,341,292
yolov8x_training,317.839856,86,254.011,13370.3125,22,2445,10001,"[0, 100000]","[0, 100000]",0,0,13916,35449
yolov8x_training,318.883195,87,239.456,13370.3125,91,1327,10001,"[0, 100000]","[0, 100000]",0,0,2539,2099
yolov8x_training,319.926077,85,254.484,13370.3125,96,1275,10001,"[0, 100000]","[0, 100000]",0,0,4296,37402
yolov8x_training,320.980224,81,248.422,13370.3125,31,1260,10001,"[0, 100000]","[0, 100000]",0,0,3906,12402
yolov8x_training,322.023440,81,230.010,13370.3125,60,1305,10001,"[0, 100000]","[0, 100000]",0,0,89892,26367
yolov8x_training,323.095435,84,210.970,13370.3125,73,2655,10001,"[0, 100000]","[0, 100000]",0,0,341,244
yolov8x_training,324.138643,85,231.620,13370.3125,35,1170,10001,"[0, 100000]","[0, 100000]",0,0,3125,12695
yolov8x_training,325.181958,82,208.545,13370.3125,86,2655,10001,"[0, 100000]","[0, 100000]",0,0,3369,36962
yolov8x_training,326.239899,86,226.708,13370.3125,25,1200,10001,"[0, 100000]","[0, 100000]",0,0,341,292
yolov8x_training,327.283047,83,205.940,13370.3125,76,1605,10001,"[0, 100000]","[0, 100000]",0,0,5371,17675
yolov8x_training,328.326353,83,224.985,13370.3125,0,2580,10001,"[0, 100000]","[0, 100000]",0,0,341,1040966
yolov8x_training,329.369476,86,227.001,13370.3125,97,2325,10001,"[0, 100000]","[0, 100000]",0,0,3955,14990
yolov8x_training,330.412569,86,247.339,13370.3125,25,1785,10001,"[0, 100000]","[0, 100000]",0,0,341,1038720
yolov8x_training,331.455674,82,265.275,13370.3125,94,1215,10001,"[0, 100000]","[0, 100000]",0,0,5517,19140
yolov8x_training,332.498820,86,243.704,13370.3125,94,2175,10001,"[0, 100000]","[0, 100000]",0,0,341,1032226
yolov8x_training,333.541535,85,247.355,13370.3125,48,1905,10001,"[0, 100000]","[0, 100000]",0,0,5468,17822
yolov8x_training,334.584649,86,255.891,13370.3125,95,1335,10001,"[0, 100000]","[0, 100000]",0,0,341,292
yolov8x_training,335.627316,81,245.907,13370.3125,67,2325,10001,"[0, 100000]","[0, 100000]",0,0,4492,20800
yolov8x_training,336.670647,86,257.502,13370.3125,55,1815,10001,"[0, 100000]","[0, 100000]",0,0,341,1030908
yolov8x_training,337.713531,85,246.987,13370.3125,93,2055,10001,"[0, 100000]","[0, 100000]",0,0,3955,30566
yolov8x_training,338.757021,81,243.886,13370.3125,72,1440,10001,"[0, 100000]","[0, 100000]",0,0,341,292
yolov8x_training,339.806892,86,246.872,13370.3125,43,2655,10001,"[0, 100000]","[0, 100000]",0,0,15185,35742
yolov8x_training,340.850124,87,256.904,13370.3125,94,1680,10001,"[0, 100000]","[0, 100000]",0,0,781,292
yolov8x_training,341.903649,82,264.564,13370.3125,92,1335,10001,"[0, 100000]","[0, 100000]",0,0,15185,35400
yolov8x_training,342.946589,84,243.500,13370.3125,24,1155,10001,"[0, 100000]","[0, 100000]",0,0,732,292
yolov8x_training,344.008074,86,246.804,13370.3125,94,1980,10001,"[0, 100000]","[0, 100000]",0,0,15527,32031
yolov8x_training,345.051649,82,264.335,13370.3125,24,1305,10001,"[0, 100000]","[0, 100000]",0,0,14648,292
yolov8x_training,346.106001,82,240.257,13370.3125,92,2385,10001,"[0, 100000]","[0, 100000]",0,0,15576,35742
yolov8x_training,347.149299,86,262.303,13370.3125,100,1650,10001,"[0, 100000]","[0, 100000]",0,0,2392,2148
yolov8x_training,348.222538,88,244.187,13370.3125,25,1215,10001,"[0, 100000]","[0, 100000]",0,0,15380,35742
yolov8x_training,349.265727,84,239.070,13370.3125,81,1200,10001,"[0, 100000]","[0, 100000]",0,0,2734,3417
yolov8x_training,350.308896,84,261.722,13370.3125,100,2565,10001,"[0, 100000]","[0, 100000]",0,0,6640,101660
yolov8x_training,351.364033,87,257.136,13370.3125,27,1305,10001,"[0, 100000]","[0, 100000]",0,0,2539,2392
yolov8x_training,352.407432,84,247.353,13370.3125,78,1185,10001,"[0, 100000]","[0, 100000]",0,0,4003,38232
yolov8x_training,353.459855,81,241.844,13370.3125,94,2160,10001,"[0, 100000]","[0, 100000]",0,0,3076,10253
yolov8x_training,354.503084,86,251.846,13370.3125,47,1815,10001,"[0, 100000]","[0, 100000]",0,0,341,292
yolov8x_training,355.545699,81,213.533,13370.3125,0,1875,10001,"[0, 100000]","[0, 100000]",0,0,4394,16552
yolov8x_training,356.589160,81,214.539,13370.3125,86,1395,10001,"[0, 100000]","[0, 100000]",0,0,292,1034765
yolov8x_training,357.631947,86,209.431,13370.3125,0,2025,10001,"[0, 100000]","[0, 100000]",0,0,292,292
yolov8x_training,358.674792,81,217.412,13370.3125,100,2640,10001,"[0, 100000]","[0, 100000]",0,0,6201,30175
yolov8x_training,359.718199,86,211.247,13370.3125,0,2145,10001,"[0, 100000]","[0, 100000]",0,0,292,292
yolov8x_training,360.761086,81,212.530,13370.3125,87,1350,10001,"[0, 100000]","[0, 100000]",0,0,3173,13378
yolov8x_training,361.804495,84,211.522,13370.3125,0,2655,10001,"[0, 100000]","[0, 100000]",0,0,4150,36132
yolov8x_training,362.861645,81,225.229,13370.3125,87,1215,10001,"[0, 100000]","[0, 100000]",0,0,341,292
yolov8x_training,363.904532,85,210.285,13370.3125,0,2610,10001,"[0, 100000]","[0, 100000]",0,0,3710,15625
yolov8x_training,364.947482,85,254.132,13370.3125,100,1410,10001,"[0, 100000]","[0, 100000]",0,0,341,1040820
yolov8x_training,365.990531,84,245.712,13370.3125,64,1290,10001,"[0, 100000]","[0, 100000]",0,0,3759,31738
yolov8x_training,367.033529,82,239.673,13370.3125,93,2250,10001,"[0, 100000]","[0, 100000]",0,0,341,292
yolov8x_training,368.077871,81,250.714,13370.3125,73,2025,10001,"[0, 100000]","[0, 100000]",0,0,14990,32275
yolov8x_training,369.121462,84,253.289,13370.3125,35,1215,10001,"[0, 100000]","[0, 100000]",0,0,18554,6542
yolov8x_training,370.174490,86,239.955,13370.3125,92,1335,10001,"[0, 100000]","[0, 100000]",0,0,15283,34912
yolov8x_training,371.217862,81,246.154,13370.3125,91,1057,10001,"[0, 100000]","[0, 100000]",0,0,2539,3369
yolov8x_training,372.260701,86,264.579,13370.3125,24,1455,10001,"[0, 100000]","[0, 100000]",0,0,6396,102636
yolov8x_training,373.319235,86,239.048,13370.3125,92,1680,10001,"[0, 100000]","[0, 100000]",0,0,3173,11914
yolov8x_training,374.362311,83,240.163,13370.3125,100,1695,10001,"[0, 100000]","[0, 100000]",0,0,90429,28369
yolov8x_training,375.430909,84,238.157,13370.3125,29,2490,10001,"[0, 100000]","[0, 100000]",0,0,3320,13037
yolov8x_training,376.473907,86,253.303,13370.3125,63,1440,10001,"[0, 100000]","[0, 100000]",0,0,292,1040771
yolov8x_training,377.516948,85,250.941,13370.3125,94,1215,10001,"[0, 100000]","[0, 100000]",0,0,4296,16748
yolov8x_training,378.560181,81,239.880,13370.3125,70,1905,10001,"[0, 100000]","[0, 100000]",0,0,292,341
yolov8x_training,379.602775,81,250.791,13370.3125,23,1725,10001,"[0, 100000]","[0, 100000]",0,0,5419,19824
yolov8x_training,380.646029,86,257.458,13370.3125,93,1200,10001,"[0, 100000]","[0, 100000]",0,0,878,292
yolov8x_training,381.717023,87,243.000,13370.3125,95,1335,10001,"[0, 100000]","[0, 100000]",0,0,15576,35498
yolov8x_training,382.760437,83,251.168,13370.3125,9,2595,10001,"[0, 100000]","[0, 100000]",0,0,2148,2099
yolov8x_training,383.803566,82,257.067,13370.3125,69,2535,10001,"[0, 100000]","[0, 100000]",0,0,4931,101708
yolov8x_training,384.874467,87,259.771,13370.3125,94,1830,10001,"[0, 100000]","[0, 100000]",0,0,11425,49755
yolov8x_training,385.947304,85,246.397,13370.3125,49,1185,10001,"[0, 100000]","[0, 100000]",0,0,15332,35156
yolov8x_training,386.990519,81,241.340,13370.3125,94,2370,10001,"[0, 100000]","[0, 100000]",0,0,2587,2490
yolov8x_training,388.033832,84,247.584,13370.3125,80,1252,10001,"[0, 100000]","[0, 100000]",0,0,6396,103808
yolov8x_training,389.090429,85,257.785,13370.3125,48,1170,10001,"[0, 100000]","[0, 100000]",0,0,2685,2148
yolov8x_training,390.162279,86,242.584,13370.3125,94,1575,10001,"[0, 100000]","[0, 100000]",0,0,15625,36279
yolov8x_training,391.205593,81,260.913,13370.3125,46,1327,10001,"[0, 100000]","[0, 100000]",0,0,292,292
yolov8x_training,392.263995,87,250.344,13370.3125,67,1185,10001,"[0, 100000]","[0, 100000]",0,0,15380,32763
yolov8x_training,393.307152,84,255.440,13370.3125,98,1350,10001,"[0, 100000]","[0, 100000]",0,0,341,292
yolov8x_training,394.349777,85,263.732,13370.3125,25,1327,10001,"[0, 100000]","[0, 100000]",0,0,5126,28564
yolov8x_training,395.393059,88,262.377,13370.3125,66,1800,10001,"[0, 100000]","[0, 100000]",0,0,292,292
yolov8x_training,396.435632,85,237.246,13370.3125,100,1275,10001,"[0, 100000]","[0, 100000]",0,0,5908,29052
yolov8x_training,397.479035,82,243.328,13370.3125,50,2235,10001,"[0, 100000]","[0, 100000]",0,0,341,292
yolov8x_training,398.540525,86,254.213,13370.3125,77,1305,10001,"[0, 100000]","[0, 100000]",0,0,15136,35449
yolov8x_training,399.583886,86,250.135,13370.3125,95,1185,10001,"[0, 100000]","[0, 100000]",0,0,2343,1220
yolov8x_training,400.626981,86,245.932,13370.3125,57,2415,10001,"[0, 100000]","[0, 100000]",0,0,5126,101318
yolov8x_training,401.693874,82,257.280,13370.3125,46,1275,10001,"[0, 100000]","[0, 100000]",0,0,19531,292
yolov8x_training,402.763566,86,251.459,13370.3125,95,1185,10001,"[0, 100000]","[0, 100000]",0,0,15917,36669
yolov8x_training,403.806973,87,244.616,13370.3125,81,1275,10001,"[0, 100000]","[0, 100000]",0,0,1953,292
yolov8x_training,404.849678,82,245.987,13370.3125,31,1890,10001,"[0, 100000]","[0, 100000]",0,0,6494,103076
yolov8x_training,405.907563,86,242.222,13370.3125,94,2505,10001,"[0, 100000]","[0, 100000]",0,0,2685,5957
yolov8x_training,406.950782,87,262.743,13370.3125,100,1875,10001,"[0, 100000]","[0, 100000]",0,0,4785,102392
yolov8x_training,408.022706,83,243.164,13370.3125,87,1350,10001,"[0, 100000]","[0, 100000]",0,0,2490,8007
yolov8x_training,409.066035,86,241.784,13370.3125,100,2505,10001,"[0, 100000]","[0, 100000]",0,0,89599,21728
yolov8x_training,410.110224,82,252.260,13370.3125,48,697,10001,"[0, 100000]","[0, 100000]",0,0,4394,16503
yolov8x_training,411.153410,84,250.775,13370.3125,37,1185,10001,"[0, 100000]","[0, 100000]",0,0,390,1028222
yolov8x_training,412.196663,87,237.901,13370.3125,94,2055,10001,"[0, 100000]","[0, 100000]",0,0,5615,20849
yolov8x_training,413.239992,83,241.860,13370.3125,100,2505,10001,"[0, 100000]","[0, 100000]",0,0,2392,439
yolov8x_training,414.283197,86,262.396,13370.3125,18,2385,10001,"[0, 100000]","[0, 100000]",0,0,6494,102636
yolov8x_training,415.336301,87,242.258,13370.3125,72,645,10001,"[0, 100000]","[0, 100000]",0,0,2978,11962
yolov8x_training,416.379279,86,250.380,13370.3125,93,1245,10001,"[0, 100000]","[0, 100000]",0,0,89111,17626
yolov8x_training,417.422635,82,254.764,13370.3125,63,2385,10001,"[0, 100000]","[0, 100000]",0,0,3076,10546
yolov8x_training,418.465682,87,256.687,13370.3125,67,1215,10001,"[0, 100000]","[0, 100000]",0,0,27880,38671
yolov8x_training,419.530367,86,250.267,13370.3125,94,1230,10001,"[0, 100000]","[0, 100000]",0,0,3027,6591
yolov8x_training,420.573670,86,247.681,13370.3125,39,2325,10001,"[0, 100000]","[0, 100000]",0,0,90039,27636
yolov8x_training,421.644735,82,253.473,13370.3125,61,2655,10001,"[0, 100000]","[0, 100000]",0,0,3076,12646
yolov8x_training,422.687786,85,254.697,13370.3125,94,1185,10001,"[0, 100000]","[0, 100000]",0,0,90136,27929
yolov8x_training,423.756792,86,247.208,13370.3125,75,2295,10001,"[0, 100000]","[0, 100000]",0,0,3222,11181
yolov8x_training,424.800464,82,253.964,13370.3125,38,2445,10001,"[0, 100000]","[0, 100000]",0,0,89697,24316
yolov8x_training,425.872352,85,250.518,13370.3125,93,1425,10001,"[0, 100000]","[0, 100000]",0,0,2880,32324
yolov8x_training,426.915731,87,256.198,13370.3125,86,1215,10001,"[0, 100000]","[0, 100000]",0,0,90039,27246
yolov8x_training,427.984706,83,240.733,13370.3125,94,2100,10001,"[0, 100000]","[0, 100000]",0,0,2880,10986
yolov8x_training,429.028051,87,244.641,13370.3125,97,1560,10001,"[0, 100000]","[0, 100000]",0,0,4052,38769
yolov8x_training,430.080757,87,262.455,13370.3125,24,1230,10001,"[0, 100000]","[0, 100000]",0,0,2978,11230
yolov8x_training,431.123687,88,233.763,13370.3125,91,2025,10001,"[0, 100000]","[0, 100000]",0,0,90380,28125
yolov8x_training,432.195094,83,242.262,13370.3125,100,1252,10001,"[0, 100000]","[0, 100000]",0,0,3222,13037
yolov8x_training,433.238117,85,260.021,13370.3125,27,1965,10001,"[0, 100000]","[0, 100000]",0,0,89990,27539
yolov8x_training,434.308942,87,250.270,13370.3125,71,1605,10001,"[0, 100000]","[0, 100000]",0,0,3466,13525
yolov8x_training,435.352255,86,252.627,13370.3125,98,1845,10001,"[0, 100000]","[0, 100000]",0,0,6591,102685
yolov8x_training,436.414165,87,239.477,13370.3125,25,2655,10001,"[0, 100000]","[0, 100000]",0,0,3027,12304
yolov8x_training,437.457602,86,251.967,13370.3125,53,1410,10001,"[0, 100000]","[0, 100000]",0,0,341,1038964
yolov8x_training,438.500455,82,250.287,13370.3125,93,1155,10001,"[0, 100000]","[0, 100000]",0,0,4492,32958
yolov8x_training,439.543511,82,236.690,13370.3125,83,2130,10001,"[0, 100000]","[0, 100000]",0,0,537,292
yolov8x_training,440.601525,86,242.991,13370.3125,18,2100,10001,"[0, 100000]","[0, 100000]",0,0,15380,27441
yolov8x_training,441.644530,87,247.870,13370.3125,79,1365,10001,"[0, 100000]","[0, 100000]",0,0,2294,125097
yolov8x_training,442.687891,86,248.805,13370.3125,95,1215,10001,"[0, 100000]","[0, 100000]",0,0,4931,101025
yolov8x_training,443.759287,82,238.768,13370.3125,64,2550,10001,"[0, 100000]","[0, 100000]",0,0,2734,3369
yolov8x_training,444.802361,86,246.983,13370.3125,47,1335,10001,"[0, 100000]","[0, 100000]",0,0,2880,38476
yolov8x_training,445.864781,88,258.078,13370.3125,95,1410,10001,"[0, 100000]","[0, 100000]",0,0,3125,11572
yolov8x_training,446.907885,82,259.713,13370.3125,87,1200,10001,"[0, 100000]","[0, 100000]",0,0,90380,28173
yolov8x_training,447.976540,88,246.041,13370.3125,94,2190,10001,"[0, 100000]","[0, 100000]",0,0,3027,11425
yolov8x_training,449.019723,88,240.779,13370.3125,100,2310,10001,"[0, 100000]","[0, 100000]",0,0,292,1036279
yolov8x_training,450.062750,86,255.827,13370.3125,45,1845,10001,"[0, 100000]","[0, 100000]",0,0,3613,32617
yolov8x_training,451.105750,86,251.731,13370.3125,65,1305,10001,"[0, 100000]","[0, 100000]",0,0,341,292
yolov8x_training,452.148376,82,241.903,13370.3125,95,2055,10001,"[0, 100000]","[0, 100000]",0,0,5566,20117
yolov8x_training,453.192347,85,254.023,13370.3125,66,1335,10001,"[0, 100000]","[0, 100000]",0,0,878,341
yolov8x_training,454.244864,87,255.093,13370.3125,39,1335,10001,"[0, 100000]","[0, 100000]",0,0,15234,34228
yolov8x_training,455.288219,82,245.371,13370.3125,94,1125,10001,"[0, 100000]","[0, 100000]",0,0,2294,439
yolov8x_training,456.331470,86,250.792,13370.3125,83,2325,10001,"[0, 100000]","[0, 100000]",0,0,6542,101904
yolov8x_training,457.390353,87,245.721,13370.3125,29,1365,10001,"[0, 100000]","[0, 100000]",0,0,2685,99609
yolov8x_training,458.434072,83,258.176,13370.3125,95,1305,10001,"[0, 100000]","[0, 100000]",0,0,4492,103027
yolov8x_training,459.508649,86,236.022,13370.3125,100,1305,10001,"[0, 100000]","[0, 100000]",0,0,2636,8984
yolov8x_training,460.552255,87,240.516,13370.3125,48,2655,10001,"[0, 100000]","[0, 100000]",0,0,90332,28369
yolov8x_training,461.621771,87,251.465,13370.3125,68,1635,10001,"[0, 100000]","[0, 100000]",0,0,3417,12695
yolov8x_training,462.665067,86,249.173,13370.3125,93,1650,10001,"[0, 100000]","[0, 100000]",0,0,4296,38916
yolov8x_training,463.718504,82,240.846,13370.3125,45,1327,10001,"[0, 100000]","[0, 100000]",0,0,3369,10937
yolov8x_training,464.762192,88,255.695,13370.3125,50,1320,10001,"[0, 100000]","[0, 100000]",0,0,89453,21191
yolov8x_training,465.805825,86,249.114,13370.3125,93,1785,10001,"[0, 100000]","[0, 100000]",0,0,4003,15478
yolov8x_training,466.848886,82,246.931,13370.3125,77,1215,10001,"[0, 100000]","[0, 100000]",0,0,341,1038330
yolov8x_training,467.891940,85,240.422,13370.3125,48,2415,10001,"[0, 100000]","[0, 100000]",0,0,4833,27490
yolov8x_training,468.935080,87,251.076,13370.3125,93,1755,10001,"[0, 100000]","[0, 100000]",0,0,292,244
yolov8x_training,469.977713,83,261.767,13370.3125,83,1170,10001,"[0, 100000]","[0, 100000]",0,0,6591,24414
yolov8x_training,471.020933,87,239.973,13370.3125,95,2130,10001,"[0, 100000]","[0, 100000]",0,0,1171,292
yolov8x_training,472.085600,88,244.766,13370.3125,100,2505,10001,"[0, 100000]","[0, 100000]",0,0,14990,31787
yolov8x_training,473.128558,87,261.977,13370.3125,17,1245,10001,"[0, 100000]","[0, 100000]",0,0,6298,91210
yolov8x_training,474.172186,85,245.909,13370.3125,80,1620,10001,"[0, 100000]","[0, 100000]",0,0,6445,103369
yolov8x_training,475.226907,82,240.227,13370.3125,94,2535,10001,"[0, 100000]","[0, 100000]",0,0,2978,9472
yolov8x_training,476.269988,87,254.092,13370.3125,67,1455,10001,"[0, 100000]","[0, 100000]",0,0,4492,102099
yolov8x_training,477.344801,87,250.765,13370.3125,44,2175,10001,"[0, 100000]","[0, 100000]",0,0,2636,3369
yolov8x_training,478.387742,82,255.400,13370.3125,94,1320,10001,"[0, 100000]","[0, 100000]",0,0,6250,103857
yolov8x_training,479.455228,87,241.010,13370.3125,64,2295,10001,"[0, 100000]","[0, 100000]",0,0,2880,8398
yolov8x_training,480.498962,88,253.170,13370.3125,23,1410,10001,"[0, 100000]","[0, 100000]",0,0,90625,35644
yolov8x_training,481.565813,82,260.734,13370.3125,93,1170,10001,"[0, 100000]","[0, 100000]",0,0,2880,9472
yolov8x_training,482.609327,83,238.624,13370.3125,100,2295,10001,"[0, 100000]","[0, 100000]",0,0,2929,38769
yolov8x_training,483.670870,86,255.824,13370.3125,19,2580,10001,"[0, 100000]","[0, 100000]",0,0,3417,12207
yolov8x_training,484.713898,87,255.883,13370.3125,91,1170,10001,"[0, 100000]","[0, 100000]",0,0,24755,590917
yolov8x_training,485.757236,86,248.021,13370.3125,100,1485,10001,"[0, 100000]","[0, 100000]",0,0,3515,31982
yolov8x_training,486.800185,82,241.716,13370.3125,56,1200,10001,"[0, 100000]","[0, 100000]",0,0,341,292
yolov8x_training,487.849598,87,253.860,13370.3125,56,2640,10001,"[0, 100000]","[0, 100000]",0,0,15185,32617
yolov8x_training,488.892847,87,252.843,13370.3125,93,1635,10001,"[0, 100000]","[0, 100000]",0,0,7275,292
yolov8x_training,489.935658,82,251.103,13370.3125,80,1215,10001,"[0, 100000]","[0, 100000]",0,0,13281,33105
yolov8x_training,490.978863,88,245.417,13370.3125,44,2565,10001,"[0, 100000]","[0, 100000]",0,0,2294,1074
yolov8x_training,492.021793,88,247.827,13370.3125,100,1875,10001,"[0, 100000]","[0, 100000]",0,0,6787,104101
yolov8x_training,493.085150,88,262.844,13370.3125,21,1200,10001,"[0, 100000]","[0, 100000]",0,0,2832,4833
yolov8x_training,494.128275,83,237.434,13370.3125,94,2340,10001,"[0, 100000]","[0, 100000]",0,0,6054,102734
yolov8x_training,495.197530,86,247.199,13370.3125,100,1425,10001,"[0, 100000]","[0, 100000]",0,0,2734,6152
yolov8x_training,496.240651,88,262.485,13370.3125,17,1215,10001,"[0, 100000]","[0, 100000]",0,0,6396,102246
yolov8x_training,497.307433,84,246.480,13370.3125,89,1740,10001,"[0, 100000]","[0, 100000]",0,0,5273,101708
yolov8x_training,498.351100,85,250.786,13370.3125,100,1890,10001,"[0, 100000]","[0, 100000]",0,0,6347,102490
yolov8x_training,499.417474,87,241.169,13370.3125,48,2640,10001,"[0, 100000]","[0, 100000]",0,0,2978,3466
yolov8x_training,500.460996,86,256.553,13370.3125,55,1320,10001,"[0, 100000]","[0, 100000]",0,0,4199,102539
yolov8x_training,501.536539,82,248.973,13370.3125,95,1245,10001,"[0, 100000]","[0, 100000]",0,0,2832,9619
yolov8x_training,502.579401,85,242.318,13370.3125,63,2415,10001,"[0, 100000]","[0, 100000]",0,0,90820,36523
yolov8x_training,503.646040,87,248.610,13370.3125,28,1740,10001,"[0, 100000]","[0, 100000]",0,0,3076,12402
yolov8x_training,504.689579,88,259.079,13370.3125,94,1260,10001,"[0, 100000]","[0, 100000]",0,0,89746,24267
yolov8x_training,505.762172,83,241.938,13370.3125,100,2415,10001,"[0, 100000]","[0, 100000]",0,0,2734,28564
yolov8x_training,506.805819,87,246.051,13370.3125,18,2580,10001,"[0, 100000]","[0, 100000]",0,0,4052,35400
yolov8x_training,507.862863,88,263.902,13370.3125,93,1470,10001,"[0, 100000]","[0, 100000]",0,0,3125,10986
yolov8x_training,508.906500,85,257.761,13370.3125,100,1185,10001,"[0, 100000]","[0, 100000]",0,0,341,1040771
yolov8x_training,509.949502,86,249.494,13370.3125,35,2295,10001,"[0, 100000]","[0, 100000]",0,0,5273,18652
yolov8x_training,510.992624,87,240.598,13370.3125,93,1245,10001,"[0, 100000]","[0, 100000]",0,0,292,292
yolov8x_training,512.035231,86,254.841,13370.3125,67,1215,10001,"[0, 100000]","[0, 100000]",0,0,5322,22363
yolov8x_training,513.078078,82,249.336,13370.3125,49,1335,10001,"[0, 100000]","[0, 100000]",0,0,341,292
yolov8x_training,514.123837,82,242.445,13370.3125,94,2265,10001,"[0, 100000]","[0, 100000]",0,0,15087,35400
yolov8x_training,515.167306,87,247.371,13370.3125,84,1935,10001,"[0, 100000]","[0, 100000]",0,0,2880,3515
yolov8x_training,516.210529,88,256.866,13370.3125,17,1155,10001,"[0, 100000]","[0, 100000]",0,0,89990,26367
yolov8x_training,517.280008,85,246.682,13370.3125,82,2400,10001,"[0, 100000]","[0, 100000]",0,0,3173,11181
yolov8x_training,518.323167,82,240.048,13370.3125,100,1905,10001,"[0, 100000]","[0, 100000]",0,0,88964,19287
yolov8x_training,519.366150,88,255.663,13370.3125,47,2655,10001,"[0, 100000]","[0, 100000]",0,0,4199,20703
yolov8x_training,520.409113,87,249.343,13370.3125,49,1335,10001,"[0, 100000]","[0, 100000]",0,0,341,341
yolov8x_training,521.451809,83,254.763,13370.3125,94,1200,10001,"[0, 100000]","[0, 100000]",0,0,7861,26318
yolov8x_training,522.495044,87,235.823,13370.3125,100,2370,10001,"[0, 100000]","[0, 100000]",0,0,2099,341
yolov8x_training,523.537949,88,236.181,13370.3125,28,1500,10001,"[0, 100000]","[0, 100000]",0,0,4931,102490
yolov8x_training,524.609581,87,254.415,13370.3125,71,1200,10001,"[0, 100000]","[0, 100000]",0,0,2832,10693
yolov8x_training,525.652748,86,251.459,13370.3125,96,1800,10001,"[0, 100000]","[0, 100000]",0,0,4296,102392
yolov8x_training,526.725792,82,243.260,13370.3125,53,2310,10001,"[0, 100000]","[0, 100000]",0,0,2587,8593
yolov8x_training,527.769292,87,252.437,13370.3125,50,1200,10001,"[0, 100000]","[0, 100000]",0,0,90869,37695
yolov8x_training,528.835224,87,251.880,13370.3125,93,1935,10001,"[0, 100000]","[0, 100000]",0,0,3125,12890
yolov8x_training,529.878356,83,239.978,13370.3125,99,1170,10001,"[0, 100000]","[0, 100000]",0,0,88964,18359
yolov8x_training,530.921149,87,244.774,13370.3125,13,1995,10001,"[0, 100000]","[0, 100000]",0,0,5419,18017
yolov8x_training,531.964780,87,239.104,13370.3125,94,1500,10001,"[0, 100000]","[0, 100000]",0,0,341,292
yolov8x_training,533.007411,85,257.112,13370.3125,47,1245,10001,"[0, 100000]","[0, 100000]",0,0,6640,23095
yolov8x_training,534.051076,82,246.568,13370.3125,47,1560,10001,"[0, 100000]","[0, 100000]",0,0,1171,341
yolov8x_training,535.093827,82,240.112,13370.3125,94,1327,10001,"[0, 100000]","[0, 100000]",0,0,6494,101464
yolov8x_training,536.153785,89,257.781,13370.3125,63,945,10001,"[0, 100000]","[0, 100000]",0,0,15087,292
yolov8x_training,537.196774,87,259.732,13370.3125,31,1275,10001,"[0, 100000]","[0, 100000]",0,0,6640,102392
yolov8x_training,538.252900,83,241.535,13370.3125,94,780,10001,"[0, 100000]","[0, 100000]",0,0,3076,12597
yolov8x_training,539.295814,87,238.869,13370.3125,100,2400,10001,"[0, 100000]","[0, 100000]",0,0,89453,20898
yolov8x_training,540.339110,88,262.156,13370.3125,24,1440,10001,"[0, 100000]","[0, 100000]",0,0,6250,19335
yolov8x_training,541.382468,85,243.246,13370.3125,78,1845,10001,"[0, 100000]","[0, 100000]",0,0,390,292
yolov8x_training,542.425076,82,248.785,13370.3125,95,1515,10001,"[0, 100000]","[0, 100000]",0,0,4882,17773
yolov8x_training,543.468591,88,246.230,13370.3125,55,1365,10001,"[0, 100000]","[0, 100000]",0,0,292,292
yolov8x_training,544.511183,86,249.285,13370.3125,49,1275,10001,"[0, 100000]","[0, 100000]",0,0,14746,35205
yolov8x_training,545.554172,82,254.408,13370.3125,92,1890,10001,"[0, 100000]","[0, 100000]",0,0,732,341
yolov8x_training,546.615367,82,243.155,13370.3125,80,2655,10001,"[0, 100000]","[0, 100000]",0,0,15576,34619
yolov8x_training,547.658819,86,252.134,13370.3125,48,1800,10001,"[0, 100000]","[0, 100000]",0,0,1123,292
yolov8x_training,548.730907,87,257.641,13370.3125,94,1530,10001,"[0, 100000]","[0, 100000]",0,0,15234,36181
yolov8x_training,549.774206,82,246.597,13370.3125,85,2310,10001,"[0, 100000]","[0, 100000]",0,0,2099,292
yolov8x_training,550.817339,87,246.157,13370.3125,9,2070,10001,"[0, 100000]","[0, 100000]",0,0,39160,38574
yolov8x_training,551.882595,82,251.494,13370.3125,73,1995,10001,"[0, 100000]","[0, 100000]",0,0,292,292
yolov8x_training,552.925633,87,209.981,13370.3125,0,1162,10001,"[0, 100000]","[0, 100000]",0,0,2978,10205
yolov8x_training,553.969282,82,214.840,13370.3125,87,1980,10001,"[0, 100000]","[0, 100000]",0,0,3076,38671
yolov8x_training,555.032747,87,204.360,13370.3125,86,2505,10001,"[0, 100000]","[0, 100000]",0,0,292,292
yolov8x_training,556.075549,81,216.792,13370.3125,27,1170,10001,"[0, 100000]","[0, 100000]",0,0,5859,33349
yolov8x_training,557.118953,83,200.494,13370.3125,83,2595,10001,"[0, 100000]","[0, 100000]",0,0,90136,27929
yolov8x_training,558.189103,81,253.354,13370.3125,94,1455,10001,"[0, 100000]","[0, 100000]",0,0,3369,12255
yolov8x_training,559.232140,86,248.453,13370.3125,68,1260,10001,"[0, 100000]","[0, 100000]",0,0,89062,17480
yolov8x_training,560.275841,87,235.609,13370.3125,93,1275,10001,"[0, 100000]","[0, 100000]",0,0,3857,35253
yolov8x_training,561.319366,82,244.047,13370.3125,100,1200,10001,"[0, 100000]","[0, 100000]",0,0,341,292
yolov8x_training,562.366855,86,262.771,13370.3125,15,2505,10001,"[0, 100000]","[0, 100000]",0,0,15283,34326
yolov8x_training,563.410414,87,256.605,13370.3125,88,1590,10001,"[0, 100000]","[0, 100000]",0,0,1806,292
yolov8x_training,564.453140,84,248.606,13370.3125,100,1185,10001,"[0, 100000]","[0, 100000]",0,0,6347,101904
yolov8x_training,565.511845,82,240.973,13370.3125,49,2310,10001,"[0, 100000]","[0, 100000]",0,0,5029,105322
yolov8x_training,566.555373,87,254.714,13370.3125,65,1575,10001,"[0, 100000]","[0, 100000]",0,0,6640,102636
yolov8x_training,567.609040,84,248.408,13370.3125,94,1305,10001,"[0, 100000]","[0, 100000]",0,0,4785,33837
yolov8x_training,568.652230,85,210.225,13370.3125,80,2655,10001,"[0, 100000]","[0, 100000]",0,0,341,1028662
yolov8x_training,569.695078,87,223.647,13370.3125,14,1275,10001,"[0, 100000]","[0, 100000]",0,0,3320,37597
yolov8x_training,570.756779,83,244.448,13370.3125,15,2565,10001,"[0, 100000]","[0, 100000]",0,0,2880,30468
yolov8x_training,571.800139,86,260.537,13370.3125,91,2280,10001,"[0, 100000]","[0, 100000]",0,0,5419,103759
yolov8x_training,572.869145,87,244.359,13370.3125,100,1620,10001,"[0, 100000]","[0, 100000]",0,0,2880,3662
yolov8x_training,573.912168,83,245.909,13370.3125,20,1200,10001,"[0, 100000]","[0, 100000]",0,0,6298,104345
yolov8x_training,574.973247,86,241.553,13370.3125,95,2025,10001,"[0, 100000]","[0, 100000]",0,0,2832,3222
yolov8x_training,576.016286,87,258.081,13370.3125,29,1350,10001,"[0, 100000]","[0, 100000]",0,0,4394,103857
yolov8x_training,577.088405,83,240.499,13370.3125,71,1200,10001,"[0, 100000]","[0, 100000]",0,0,2587,5810
yolov8x_training,578.133341,86,238.685,13370.3125,95,2040,10001,"[0, 100000]","[0, 100000]",0,0,26708,39355
yolov8x_training,579.197088,82,253.845,13370.3125,49,1380,10001,"[0, 100000]","[0, 100000]",0,0,2587,9375
yolov8x_training,580.240558,86,248.608,13370.3125,47,1290,10001,"[0, 100000]","[0, 100000]",0,0,90283,32177
yolov8x_training,581.308933,87,239.472,13370.3125,93,1335,10001,"[0, 100000]","[0, 100000]",0,0,3222,12841
yolov8x_training,582.352175,82,248.238,13370.3125,98,1320,10001,"[0, 100000]","[0, 100000]",0,0,90673,35595
yolov8x_training,583.419780,87,258.007,13370.3125,18,2610,10001,"[0, 100000]","[0, 100000]",0,0,3417,13232
yolov8x_training,584.463523,87,259.511,13370.3125,94,1605,10001,"[0, 100000]","[0, 100000]",0,0,341,1036962
yolov8x_training,585.506649,83,244.841,13370.3125,100,1170,10001,"[0, 100000]","[0, 100000]",0,0,3857,27099
yolov8x_training,586.550206,82,237.130,13370.3125,55,2460,10001,"[0, 100000]","[0, 100000]",0,0,4199,292
yolov8x_training,587.612802,82,252.393,13370.3125,48,1252,10001,"[0, 100000]","[0, 100000]",0,0,15185,35400
yolov8x_training,588.656126,87,257.982,13370.3125,93,1245,10001,"[0, 100000]","[0, 100000]",0,0,2587,7275
yolov8x_training,589.699741,88,240.543,13370.3125,100,1185,10001,"[0, 100000]","[0, 100000]",0,0,89892,25488
yolov8x_training,590.771899,86,239.061,13370.3125,40,2085,10001,"[0, 100000]","[0, 100000]",0,0,5322,20019
yolov8x_training,591.815372,82,247.995,13370.3125,28,1350,10001,"[0, 100000]","[0, 100000]",0,0,341,292
yolov8x_training,592.875386,85,253.288,13370.3125,95,2655,10001,"[0, 100000]","[0, 100000]",0,0,15039,30371
yolov8x_training,593.918399,87,251.603,13370.3125,95,1815,10001,"[0, 100000]","[0, 100000]",0,0,2490,125048
yolov8x_training,594.961552,87,250.432,13370.3125,76,1275,10001,"[0, 100000]","[0, 100000]",0,0,52294,222607
yolov8x_training,596.004540,86,243.255,13370.3125,54,1185,10001,"[0, 100000]","[0, 100000]",0,0,5322,21337
yolov8x_training,597.047758,82,241.013,13370.3125,93,2310,10001,"[0, 100000]","[0, 100000]",0,0,341,292
yolov8x_training,598.090367,85,244.471,13370.3125,96,1185,10001,"[0, 100000]","[0, 100000]",0,0,6640,103710
yolov8x_training,599.149572,86,263.872,13370.3125,10,1830,10001,"[0, 100000]","[0, 100000]",0,0,2539,5517
yolov8x_training,600.192939,87,236.092,13370.3125,88,1260,10001,"[0, 100000]","[0, 100000]",0,0,89843,22656
yolov8x_training,601.267092,84,256.996,13370.3125,100,2550,10001,"[0, 100000]","[0, 100000]",0,0,2832,35302
yolov8x_training,602.310807,84,257.418,13370.3125,37,2370,10001,"[0, 100000]","[0, 100000]",0,0,4785,102392
yolov8x_training,603.383416,87,249.159,13370.3125,58,1410,10001,"[0, 100000]","[0, 100000]",0,0,2734,8837
yolov8x_training,604.427137,86,250.173,13370.3125,93,1185,10001,"[0, 100000]","[0, 100000]",0,0,2978,39404
yolov8x_training,605.490883,82,239.199,13370.3125,83,1785,10001,"[0, 100000]","[0, 100000]",0,0,3906,17822
yolov8x_training,606.534200,87,240.720,13370.3125,13,2205,10001,"[0, 100000]","[0, 100000]",0,0,341,1029589
yolov8x_training,607.577109,87,264.505,13370.3125,93,1515,10001,"[0, 100000]","[0, 100000]",0,0,4541,24169
yolov8x_training,608.620170,87,235.106,13370.3125,100,1245,10001,"[0, 100000]","[0, 100000]",0,0,341,341
yolov8x_training,609.663427,84,245.888,13370.3125,39,2355,10001,"[0, 100000]","[0, 100000]",0,0,8496,36328
yolov8x_training,610.706468,82,256.800,13370.3125,60,667,10001,"[0, 100000]","[0, 100000]",0,0,2490,3320
yolov8x_training,611.749302,85,250.565,13370.3125,94,1320,10001,"[0, 100000]","[0, 100000]",0,0,3222,36669
yolov8x_training,612.810713,87,241.338,13370.3125,84,1800,10001,"[0, 100000]","[0, 100000]",0,0,3173,10644
yolov8x_training,613.854254,82,250.262,13370.3125,35,1335,10001,"[0, 100000]","[0, 100000]",0,0,88964,18115
yolov8x_training,614.897619,87,256.458,13370.3125,94,2610,10001,"[0, 100000]","[0, 100000]",0,0,4443,19873
yolov8x_training,615.940782,87,255.733,13370.3125,100,1380,10001,"[0, 100000]","[0, 100000]",0,0,292,292
yolov8x_training,616.986308,86,248.469,13370.3125,51,1170,10001,"[0, 100000]","[0, 100000]",0,0,15185,34521
yolov8x_training,618.029366,82,240.747,13370.3125,95,2175,10001,"[0, 100000]","[0, 100000]",0,0,2050,292
yolov8x_training,619.072247,86,245.554,13370.3125,100,1327,10001,"[0, 100000]","[0, 100000]",0,0,4248,37353
yolov8x_training,620.126211,85,264.687,13370.3125,19,1650,10001,"[0, 100000]","[0, 100000]",0,0,4150,12011
yolov8x_training,621.169839,87,243.234,13370.3125,75,1275,10001,"[0, 100000]","[0, 100000]",0,0,89111,17724
yolov8x_training,622.213437,84,254.531,13370.3125,100,1297,10001,"[0, 100000]","[0, 100000]",0,0,4589,20214
yolov8x_training,623.256697,82,257.200,13370.3125,46,1027,10001,"[0, 100000]","[0, 100000]",0,0,341,292
yolov8x_training,624.306343,84,249.251,13370.3125,41,1252,10001,"[0, 100000]","[0, 100000]",0,0,15576,36669
yolov8x_training,625.349519,87,239.022,13370.3125,93,1365,10001,"[0, 100000]","[0, 100000]",0,0,2685,2441
yolov8x_training,626.393227,84,249.999,13370.3125,100,1245,10001,"[0, 100000]","[0, 100000]",0,0,3906,35498
yolov8x_training,627.453013,82,239.100,13370.3125,48,2565,10001,"[0, 100000]","[0, 100000]",0,0,3466,14697
yolov8x_training,628.496178,86,249.466,13370.3125,50,1755,10001,"[0, 100000]","[0, 100000]",0,0,341,1031054
yolov8x_training,629.538775,86,256.749,13370.3125,94,1200,10001,"[0, 100000]","[0, 100000]",0,0,4638,24560
yolov8x_training,630.581889,83,238.723,13370.3125,100,2055,10001,"[0, 100000]","[0, 100000]",0,0,4785,292
yolov8x_training,631.624626,86,237.030,13370.3125,27,2505,10001,"[0, 100000]","[0, 100000]",0,0,341,292
yolov8x_training,632.667249,86,221.737,13370.3125,31,1320,10001,"[0, 100000]","[0, 100000]",0,0,2392,1367
yolov8x_training,633.741627,83,210.935,13370.3125,87,1530,10001,"[0, 100000]","[0, 100000]",0,0,14160,27783
yolov8x_training,634.785049,86,220.189,13370.3125,36,1290,10001,"[0, 100000]","[0, 100000]",0,0,341,292
yolov8x_training,635.827854,83,210.538,13370.3125,88,1275,10001,"[0, 100000]","[0, 100000]",0,0,2880,10986
yolov8x_training,636.871074,86,215.532,13370.3125,11,2595,10001,"[0, 100000]","[0, 100000]",0,0,4101,38769
yolov8x_training,637.923278,82,223.636,13370.3125,85,1200,10001,"[0, 100000]","[0, 100000]",0,0,292,244
yolov8x_training,638.966621,82,206.017,13370.3125,25,2565,10001,"[0, 100000]","[0, 100000]",0,0,7910,34326
yolov8x_training,640.009962,85,228.851,13370.3125,51,1545,10001,"[0, 100000]","[0, 100000]",0,0,341,292
yolov8x_training,641.052707,81,207.204,13370.3125,45,2490,10001,"[0, 100000]","[0, 100000]",0,0,5419,15869
yolov8x_training,642.096079,85,207.445,13370.3125,93,2445,10001,"[0, 100000]","[0, 100000]",0,0,341,292
yolov8x_training,643.138989,85,204.079,13370.3125,53,2415,10001,"[0, 100000]","[0, 100000]",0,0,14794,341
yolov8x_training,644.210517,81,225.780,13370.3125,93,2235,10001,"[0, 100000]","[0, 100000]",0,0,15283,34960
yolov8x_training,645.253772,86,245.314,13370.3125,100,1005,10001,"[0, 100000]","[0, 100000]",0,0,2685,2392
yolov8x_training,646.296468,86,256.651,13370.3125,29,1860,10001,"[0, 100000]","[0, 100000]",0,0,2880,38671
yolov8x_training,647.357962,85,238.677,13370.3125,71,1545,10001,"[0, 100000]","[0, 100000]",0,0,2734,8984
yolov8x_training,648.401564,82,242.134,13370.3125,100,1245,10001,"[0, 100000]","[0, 100000]",0,0,3125,39160
yolov8x_training,649.463964,86,237.595,13370.3125,49,2385,10001,"[0, 100000]","[0, 100000]",0,0,3076,11914
yolov8x_training,650.507426,86,249.195,13370.3125,46,2520,10001,"[0, 100000]","[0, 100000]",0,0,341,1039013
yolov8x_training,651.550174,81,258.683,13370.3125,93,1380,10001,"[0, 100000]","[0, 100000]",0,0,4345,15869
yolov8x_training,652.593111,84,239.696,13370.3125,73,2100,10001,"[0, 100000]","[0, 100000]",0,0,341,1034375
yolov8x_training,653.635940,85,261.812,13370.3125,13,2655,10001,"[0, 100000]","[0, 100000]",0,0,6054,19238
yolov8x_training,654.679212,86,259.044,13370.3125,95,1185,10001,"[0, 100000]","[0, 100000]",0,0,341,341
yolov8x_training,655.721847,81,239.875,13370.3125,80,2370,10001,"[0, 100000]","[0, 100000]",0,0,4980,28515
yolov8x_training,656.764881,87,247.202,13370.3125,31,1695,10001,"[0, 100000]","[0, 100000]",0,0,341,292
yolov8x_training,657.807631,86,259.076,13370.3125,94,1980,10001,"[0, 100000]","[0, 100000]",0,0,7226,26953
yolov8x_training,658.851240,81,246.162,13370.3125,89,1245,10001,"[0, 100000]","[0, 100000]",0,0,341,292
yolov8x_training,659.893903,85,246.110,13370.3125,19,2355,10001,"[0, 100000]","[0, 100000]",0,0,5078,21191
yolov8x_training,660.936456,86,249.913,13370.3125,95,1380,10001,"[0, 100000]","[0, 100000]",0,0,1171,292
yolov8x_training,661.993124,82,261.688,13370.3125,88,1215,10001,"[0, 100000]","[0, 100000]",0,0,15869,33593
yolov8x_training,663.036177,86,238.234,13370.3125,95,1980,10001,"[0, 100000]","[0, 100000]",0,0,2929,5224
yolov8x_training,664.079392,87,239.262,13370.3125,99,2655,10001,"[0, 100000]","[0, 100000]",0,0,89892,25292
yolov8x_training,665.151571,87,254.502,13370.3125,58,1605,10001,"[0, 100000]","[0, 100000]",0,0,3417,11572
yolov8x_training,666.195729,86,247.321,13370.3125,56,1170,10001,"[0, 100000]","[0, 100000]",0,0,89062,18261
yolov8x_training,667.239554,81,245.173,13370.3125,93,2310,10001,"[0, 100000]","[0, 100000]",0,0,3222,14257
yolov8x_training,668.282815,85,253.725,13370.3125,67,982,10001,"[0, 100000]","[0, 100000]",0,0,292,1030322
yolov8x_training,669.325838,87,256.420,13370.3125,27,1380,10001,"[0, 100000]","[0, 100000]",0,0,4296,29882
yolov8x_training,670.369029,83,238.096,13370.3125,95,1515,10001,"[0, 100000]","[0, 100000]",0,0,341,292
yolov8x_training,671.411966,87,239.113,13370.3125,95,2460,10001,"[0, 100000]","[0, 100000]",0,0,11572,29638
yolov8x_training,672.454794,87,236.311,13370.3125,7,1162,10001,"[0, 100000]","[0, 100000]",0,0,2587,2294
yolov8x_training,673.498708,85,256.582,13370.3125,70,1260,10001,"[0, 100000]","[0, 100000]",0,0,4589,40136
yolov8x_training,674.562669,82,241.493,13370.3125,94,1335,10001,"[0, 100000]","[0, 100000]",0,0,2880,37207
yolov8x_training,675.606424,86,242.000,13370.3125,56,1282,10001,"[0, 100000]","[0, 100000]",0,0,6640,103466
yolov8x_training,676.671729,87,264.497,13370.3125,52,2055,10001,"[0, 100000]","[0, 100000]",0,0,1025,341
yolov8x_training,677.738371,85,248.626,13370.3125,100,1365,10001,"[0, 100000]","[0, 100000]",0,0,15380,34667
yolov8x_training,678.781342,82,239.612,13370.3125,36,2580,10001,"[0, 100000]","[0, 100000]",0,0,2734,2197
yolov8x_training,679.825071,84,252.267,13370.3125,56,2430,10001,"[0, 100000]","[0, 100000]",0,0,2929,39257
yolov8x_training,680.886744,87,253.920,13370.3125,93,1320,10001,"[0, 100000]","[0, 100000]",0,0,3271,10937
yolov8x_training,681.929732,82,265.721,13370.3125,95,1230,10001,"[0, 100000]","[0, 100000]",0,0,88671,15673
yolov8x_training,682.973002,86,237.729,13370.3125,8,1935,10001,"[0, 100000]","[0, 100000]",0,0,5371,17480
yolov8x_training,684.016589,87,241.591,13370.3125,100,862,10001,"[0, 100000]","[0, 100000]",0,0,341,244
yolov8x_training,685.059221,86,254.178,13370.3125,57,1425,10001,"[0, 100000]","[0, 100000]",0,0,13085,31640
yolov8x_training,686.102360,82,251.167,13370.3125,62,1305,10001,"[0, 100000]","[0, 100000]",0,0,634,341
yolov8x_training,687.172843,82,239.561,13370.3125,94,2625,10001,"[0, 100000]","[0, 100000]",0,0,15234,34277
yolov8x_training,688.216148,86,251.538,13370.3125,81,705,10001,"[0, 100000]","[0, 100000]",0,0,2099,292
yolov8x_training,689.259230,87,252.891,13370.3125,25,1185,10001,"[0, 100000]","[0, 100000]",0,0,6298,103222
yolov8x_training,690.325853,83,236.821,13370.3125,95,1215,10001,"[0, 100000]","[0, 100000]",0,0,2929,9277
yolov8x_training,691.369266,81,237.862,13370.3125,95,1335,10001,"[0, 100000]","[0, 100000]",0,0,89355,21093
yolov8x_training,692.412467,88,252.626,13370.3125,61,2655,10001,"[0, 100000]","[0, 100000]",0,0,5615,19042
yolov8x_training,693.456083,86,254.454,13370.3125,55,1815,10001,"[0, 100000]","[0, 100000]",0,0,341,1036865
yolov8x_training,694.498855,82,250.106,13370.3125,95,1230,10001,"[0, 100000]","[0, 100000]",0,0,4248,30566
yolov8x_training,695.542553,86,241.534,13370.3125,68,2610,10001,"[0, 100000]","[0, 100000]",0,0,341,292
yolov8x_training,696.585285,87,253.602,13370.3125,30,1830,10001,"[0, 100000]","[0, 100000]",0,0,11767,31445
yolov8x_training,697.628410,87,254.944,13370.3125,94,1230,10001,"[0, 100000]","[0, 100000]",0,0,16259,292
yolov8x_training,698.686840,82,243.980,13370.3125,88,2535,10001,"[0, 100000]","[0, 100000]",0,0,15136,32275
yolov8x_training,699.729711,85,248.669,13370.3125,9,1635,10001,"[0, 100000]","[0, 100000]",0,0,2978,4052
yolov8x_training,700.773485,87,260.041,13370.3125,95,1185,10001,"[0, 100000]","[0, 100000]",0,0,90380,28906
yolov8x_training,701.841305,86,248.644,13370.3125,96,1545,10001,"[0, 100000]","[0, 100000]",0,0,3759,12304
yolov8x_training,702.885267,82,242.076,13370.3125,59,1245,10001,"[0, 100000]","[0, 100000]",0,0,89648,20849
yolov8x_training,703.928578,87,243.647,13370.3125,50,2550,10001,"[0, 100000]","[0, 100000]",0,0,4980,20166
yolov8x_training,704.971723,86,250.681,13370.3125,95,1830,10001,"[0, 100000]","[0, 100000]",0,0,341,292
yolov8x_training,706.014361,82,256.175,13370.3125,83,1170,10001,"[0, 100000]","[0, 100000]",0,0,4248,32373
yolov8x_training,707.058074,87,240.429,13370.3125,93,2415,10001,"[0, 100000]","[0, 100000]",0,0,292,244
yolov8x_training,708.104005,87,247.878,13370.3125,100,1725,10001,"[0, 100000]","[0, 100000]",0,0,15185,35351
yolov8x_training,709.147276,87,257.869,13370.3125,26,1230,10001,"[0, 100000]","[0, 100000]",0,0,2246,585
yolov8x_training,710.190563,86,239.039,13370.3125,65,1515,10001,"[0, 100000]","[0, 100000]",0,0,3027,38134
yolov8x_training,711.250551,82,242.955,13370.3125,95,1297,10001,"[0, 100000]","[0, 100000]",0,0,3417,10888
yolov8x_training,712.293908,87,254.154,13370.3125,62,1290,10001,"[0, 100000]","[0, 100000]",0,0,89648,21972
yolov8x_training,713.337084,87,253.756,13370.3125,45,1935,10001,"[0, 100000]","[0, 100000]",0,0,4394,14453
yolov8x_training,714.380312,82,243.665,13370.3125,94,1335,10001,"[0, 100000]","[0, 100000]",0,0,89257,20214
yolov8x_training,715.423598,87,247.035,13370.3125,57,1207,10001,"[0, 100000]","[0, 100000]",0,0,4345,16650
yolov8x_training,716.466927,86,250.936,13370.3125,51,1335,10001,"[0, 100000]","[0, 100000]",0,0,89062,18750
yolov8x_training,717.510124,83,253.992,13370.3125,96,1995,10001,"[0, 100000]","[0, 100000]",0,0,3906,18017
yolov8x_training,718.553540,87,239.095,13370.3125,49,2580,10001,"[0, 100000]","[0, 100000]",0,0,341,341
yolov8x_training,719.596354,86,252.892,13370.3125,54,1290,10001,"[0, 100000]","[0, 100000]",0,0,4443,25878
yolov8x_training,720.639457,86,251.573,13370.3125,94,1260,10001,"[0, 100000]","[0, 100000]",0,0,341,292
yolov8x_training,721.682029,82,238.683,13370.3125,85,2115,10001,"[0, 100000]","[0, 100000]",0,0,9570,35693
yolov8x_training,722.725064,87,245.973,13370.3125,11,2505,10001,"[0, 100000]","[0, 100000]",0,0,1806,292
yolov8x_training,723.767845,87,259.012,13370.3125,94,1185,10001,"[0, 100000]","[0, 100000]",0,0,3369,36962
yolov8x_training,724.826055,86,246.882,13370.3125,100,1275,10001,"[0, 100000]","[0, 100000]",0,0,3320,12255
yolov8x_training,725.869372,82,238.429,13370.3125,47,1260,10001,"[0, 100000]","[0, 100000]",0,0,341,292
yolov8x_training,726.930574,87,233.684,13370.3125,21,2430,10001,"[0, 100000]","[0, 100000]",0,0,15039,30468
yolov8x_training,727.973566,87,236.240,13370.3125,70,1312,10001,"[0, 100000]","[0, 100000]",0,0,2392,125390
yolov8x_training,729.016677,87,249.483,13370.3125,95,1410,10001,"[0, 100000]","[0, 100000]",0,0,2832,39062
yolov8x_training,730.080125,83,256.674,13370.3125,16,1215,10001,"[0, 100000]","[0, 100000]",0,0,4101,17724
yolov8x_training,731.123522,86,245.146,13370.3125,44,1335,10001,"[0, 100000]","[0, 100000]",0,0,292,292
yolov8x_training,732.166254,83,233.254,13370.3125,94,2280,10001,"[0, 100000]","[0, 100000]",0,0,4150,36767
yolov8x_training,733.221075,82,237.182,13370.3125,100,2565,10001,"[0, 100000]","[0, 100000]",0,0,3369,11230
yolov8x_training,734.264979,88,256.220,13370.3125,60,1245,10001,"[0, 100000]","[0, 100000]",0,0,341,1036669
yolov8x_training,735.307952,87,253.749,13370.3125,24,1245,10001,"[0, 100000]","[0, 100000]",0,0,4980,28564
yolov8x_training,736.350938,83,240.115,13370.3125,95,1170,10001,"[0, 100000]","[0, 100000]",0,0,732,292
yolov8x_training,737.393852,84,236.555,13370.3125,95,2040,10001,"[0, 100000]","[0, 100000]",0,0,6640,103662
yolov8x_training,738.455753,84,239.035,13370.3125,66,1260,10001,"[0, 100000]","[0, 100000]",0,0,3222,12988
yolov8x_training,739.499440,87,248.200,13370.3125,35,1545,10001,"[0, 100000]","[0, 100000]",0,0,341,1040917
yolov8x_training,740.542530,82,260.510,13370.3125,94,1185,10001,"[0, 100000]","[0, 100000]",0,0,4687,24560
yolov8x_training,741.585564,83,239.535,13370.3125,100,2055,10001,"[0, 100000]","[0, 100000]",0,0,15917,292
yolov8x_training,742.628678,82,235.877,13370.3125,66,1230,10001,"[0, 100000]","[0, 100000]",0,0,6738,102441
yolov8x_training,743.693996,87,242.267,13370.3125,7,1335,10001,"[0, 100000]","[0, 100000]",0,0,3076,10595
yolov8x_training,744.737779,87,250.887,13370.3125,93,1185,10001,"[0, 100000]","[0, 100000]",0,0,341,1035839
yolov8x_training,745.780502,86,248.636,13370.3125,94,1515,10001,"[0, 100000]","[0, 100000]",0,0,5712,20605
yolov8x_training,746.823643,82,233.513,13370.3125,78,1155,10001,"[0, 100000]","[0, 100000]",0,0,2099,292
yolov8x_training,747.866561,83,238.970,13370.3125,12,2265,10001,"[0, 100000]","[0, 100000]",0,0,90039,25976
yolov8x_training,748.938573,85,232.848,13370.3125,59,1305,10001,"[0, 100000]","[0, 100000]",0,0,3564,14013
yolov8x_training,749.981667,87,244.836,13370.3125,93,1755,10001,"[0, 100000]","[0, 100000]",0,0,292,1032421
yolov8x_training,751.024500,83,259.756,13370.3125,13,1200,10001,"[0, 100000]","[0, 100000]",0,0,5419,29052
yolov8x_training,752.067616,81,243.192,13370.3125,53,2235,10001,"[0, 100000]","[0, 100000]",0,0,2392,1416
yolov8x_training,753.110792,87,239.482,13370.3125,94,1290,10001,"[0, 100000]","[0, 100000]",0,0,6201,102441
yolov8x_training,754.179138,86,248.907,13370.3125,97,1245,10001,"[0, 100000]","[0, 100000]",0,0,2929,11865
yolov8x_training,755.222374,87,253.096,13370.3125,24,1185,10001,"[0, 100000]","[0, 100000]",0,0,341,292
yolov8x_training,756.265170,86,249.297,13370.3125,50,2025,10001,"[0, 100000]","[0, 100000]",0,0,5908,21337
yolov8x_training,757.308864,82,236.505,13370.3125,93,2655,10001,"[0, 100000]","[0, 100000]",0,0,1367,292
yolov8x_training,758.351978,86,242.850,13370.3125,100,2415,10001,"[0, 100000]","[0, 100000]",0,0,4199,38818
yolov8x_training,759.404610,87,260.952,13370.3125,39,1320,10001,"[0, 100000]","[0, 100000]",0,0,3417,12255
yolov8x_training,760.448378,86,251.794,13370.3125,53,1215,10001,"[0, 100000]","[0, 100000]",0,0,292,292
yolov8x_training,761.490972,82,236.478,13370.3125,95,1365,10001,"[0, 100000]","[0, 100000]",0,0,5371,19238
yolov8x_training,762.534551,87,245.104,13370.3125,99,2355,10001,"[0, 100000]","[0, 100000]",0,0,11181,292
yolov8x_training,763.608576,87,258.236,13370.3125,20,1305,10001,"[0, 100000]","[0, 100000]",0,0,15136,35351
yolov8x_training,764.651707,87,248.602,13370.3125,61,1200,10001,"[0, 100000]","[0, 100000]",0,0,1562,292
yolov8x_training,765.694659,86,243.438,13370.3125,98,2100,10001,"[0, 100000]","[0, 100000]",0,0,6689,101953
yolov8x_training,766.759784,82,252.331,13370.3125,56,2655,10001,"[0, 100000]","[0, 100000]",0,0,2978,5322
yolov8x_training,767.803232,87,254.720,13370.3125,94,1185,10001,"[0, 100000]","[0, 100000]",0,0,90283,28271
yolov8x_training,768.873616,88,238.188,13370.3125,98,1740,10001,"[0, 100000]","[0, 100000]",0,0,2685,8496
yolov8x_training,769.916378,82,249.001,13370.3125,12,1335,10001,"[0, 100000]","[0, 100000]",0,0,3125,39550
yolov8x_training,770.978916,87,248.710,13370.3125,93,2625,10001,"[0, 100000]","[0, 100000]",0,0,2929,9277
yolov8x_training,772.022539,86,255.741,13370.3125,100,1845,10001,"[0, 100000]","[0, 100000]",0,0,390,1034423
yolov8x_training,773.065315,86,248.273,13370.3125,56,1185,10001,"[0, 100000]","[0, 100000]",0,0,4101,34277
yolov8x_training,774.109183,82,237.417,13370.3125,95,1335,10001,"[0, 100000]","[0, 100000]",0,0,781,292
yolov8x_training,775.152455,84,246.658,13370.3125,100,2505,10001,"[0, 100000]","[0, 100000]",0,0,4443,102441
yolov8x_training,776.226287,82,253.071,13370.3125,62,1455,10001,"[0, 100000]","[0, 100000]",0,0,3710,10449
yolov8x_training,777.270272,86,251.013,13370.3125,32,1245,10001,"[0, 100000]","[0, 100000]",0,0,341,292
yolov8x_training,778.312962,88,250.407,13370.3125,82,1185,10001,"[0, 100000]","[0, 100000]",0,0,5712,20947
yolov8x_training,779.356451,86,242.200,13370.3125,95,1215,10001,"[0, 100000]","[0, 100000]",0,0,1953,292
yolov8x_training,780.399237,82,253.148,13370.3125,71,1350,10001,"[0, 100000]","[0, 100000]",0,0,4833,102099
yolov8x_training,781.470656,87,240.322,13370.3125,25,2655,10001,"[0, 100000]","[0, 100000]",0,0,2343,683
yolov8x_training,782.513563,87,260.909,13370.3125,95,1530,10001,"[0, 100000]","[0, 100000]",0,0,3027,37890
yolov8x_training,783.575510,82,244.691,13370.3125,99,1380,10001,"[0, 100000]","[0, 100000]",0,0,2734,9716
yolov8x_training,784.618674,87,243.682,13370.3125,17,1005,10001,"[0, 100000]","[0, 100000]",0,0,4052,36181
yolov8x_training,785.675686,87,263.013,13370.3125,93,1920,10001,"[0, 100000]","[0, 100000]",0,0,2539,94189
yolov8x_training,786.719462,87,240.132,13370.3125,100,1245,10001,"[0, 100000]","[0, 100000]",0,0,3076,38037
yolov8x_training,787.781574,85,238.173,13370.3125,31,2430,10001,"[0, 100000]","[0, 100000]",0,0,3466,13964
yolov8x_training,788.824706,82,253.695,13370.3125,68,1620,10001,"[0, 100000]","[0, 100000]",0,0,341,1035546
yolov8x_training,789.867444,87,251.501,13370.3125,93,1755,10001,"[0, 100000]","[0, 100000]",0,0,3662,34375
yolov8x_training,790.910540,86,243.235,13370.3125,59,1800,10001,"[0, 100000]","[0, 100000]",0,0,341,292
yolov8x_training,791.969692,82,236.889,13370.3125,40,1740,10001,"[0, 100000]","[0, 100000]",0,0,15234,32666
yolov8x_training,793.012988,86,243.111,13370.3125,93,2505,10001,"[0, 100000]","[0, 100000]",0,0,5224,105224
yolov8x_training,794.056724,88,255.842,13370.3125,53,1290,10001,"[0, 100000]","[0, 100000]",0,0,87207,37646
yolov8x_training,795.122227,87,251.416,13370.3125,20,1275,10001,"[0, 100000]","[0, 100000]",0,0,4248,18115
yolov8x_training,796.165473,86,236.274,13370.3125,75,1215,10001,"[0, 100000]","[0, 100000]",0,0,341,292
yolov8x_training,797.234731,86,239.977,13370.3125,94,2145,10001,"[0, 100000]","[0, 100000]",0,0,15527,34619
yolov8x_training,798.278255,82,251.130,13370.3125,92,2565,10001,"[0, 100000]","[0, 100000]",0,0,2246,1074
yolov8x_training,799.321294,87,255.940,13370.3125,22,1620,10001,"[0, 100000]","[0, 100000]",0,0,5078,99804
yolov8x_training,800.390824,88,242.200,13370.3125,92,1245,10001,"[0, 100000]","[0, 100000]",0,0,4882,103662
yolov8x_training,801.434880,83,239.970,13370.3125,100,1305,10001,"[0, 100000]","[0, 100000]",0,0,6787,102685
yolov8x_training,802.495383,86,232.333,13370.3125,30,2565,10001,"[0, 100000]","[0, 100000]",0,0,4199,24023
yolov8x_training,803.539376,82,224.674,13370.3125,99,1335,10001,"[0, 100000]","[0, 100000]",0,0,292,292
yolov8x_training,804.582259,85,212.529,13370.3125,31,2565,10001,"[0, 100000]","[0, 100000]",0,0,7958,74462
yolov8x_training,805.625229,82,229.856,13370.3125,97,1290,10001,"[0, 100000]","[0, 100000]",0,0,3417,13281
yolov8x_training,806.668367,81,239.316,13370.3125,94,1230,10001,"[0, 100000]","[0, 100000]",0,0,4101,31787
yolov8x_training,807.711907,85,210.307,13370.3125,42,2655,10001,"[0, 100000]","[0, 100000]",0,0,341,341
yolov8x_training,808.755042,87,228.689,13370.3125,78,1950,10001,"[0, 100000]","[0, 100000]",0,0,7275,30175
yolov8x_training,809.798474,82,247.763,13370.3125,14,1147,10001,"[0, 100000]","[0, 100000]",0,0,537,292
yolov8x_training,810.841238,86,255.691,13370.3125,95,2415,10001,"[0, 100000]","[0, 100000]",0,0,6689,102343
yolov8x_training,811.904634,87,244.495,13370.3125,100,1920,10001,"[0, 100000]","[0, 100000]",0,0,2832,5517
yolov8x_training,812.948226,85,246.558,13370.3125,31,1245,10001,"[0, 100000]","[0, 100000]",0,0,89160,20361
yolov8x_training,813.991613,81,243.708,13370.3125,49,1635,10001,"[0, 100000]","[0, 100000]",0,0,3417,15234
yolov8x_training,815.034919,86,250.263,13370.3125,75,1275,10001,"[0, 100000]","[0, 100000]",0,0,341,1028906
yolov8x_training,816.077471,86,252.584,13370.3125,43,1185,10001,"[0, 100000]","[0, 100000]",0,0,4882,21777
yolov8x_training,817.122256,82,240.717,13370.3125,94,1920,10001,"[0, 100000]","[0, 100000]",0,0,341,292
yolov8x_training,818.164868,82,244.270,13370.3125,100,1252,10001,"[0, 100000]","[0, 100000]",0,0,12939,34570
yolov8x_training,819.207842,85,258.122,13370.3125,24,930,10001,"[0, 100000]","[0, 100000]",0,0,2490,3466
yolov8x_training,820.282242,86,240.064,13370.3125,79,1275,10001,"[0, 100000]","[0, 100000]",0,0,15332,34521
yolov8x_training,821.325204,84,240.475,13370.3125,100,2295,10001,"[0, 100000]","[0, 100000]",0,0,2490,2246
yolov8x_training,822.368281,82,254.163,13370.3125,47,2415,10001,"[0, 100000]","[0, 100000]",0,0,90429,30078
yolov8x_training,823.436764,84,250.769,13370.3125,40,2505,10001,"[0, 100000]","[0, 100000]",0,0,2734,22656
yolov8x_training,824.479989,87,255.904,13370.3125,93,1845,10001,"[0, 100000]","[0, 100000]",0,0,66113,37988
yolov8x_training,825.546179,82,245.490,13370.3125,100,1725,10001,"[0, 100000]","[0, 100000]",0,0,3125,12646
yolov8x_training,826.589694,86,245.388,13370.3125,11,2640,10001,"[0, 100000]","[0, 100000]",0,0,89160,20410
yolov8x_training,827.632879,88,252.779,13370.3125,90,1605,10001,"[0, 100000]","[0, 100000]",0,0,3564,30078
yolov8x_training,828.675913,88,246.719,13370.3125,98,1185,10001,"[0, 100000]","[0, 100000]",0,0,341,292
yolov8x_training,829.724269,86,247.416,13370.3125,46,2565,10001,"[0, 100000]","[0, 100000]",0,0,15380,30957
yolov8x_training,830.767716,82,252.693,13370.3125,41,2370,10001,"[0, 100000]","[0, 100000]",0,0,341,292
yolov8x_training,831.817842,86,257.949,13370.3125,95,1170,10001,"[0, 100000]","[0, 100000]",0,0,15429,34277
yolov8x_training,832.860903,87,241.786,13370.3125,81,1305,10001,"[0, 100000]","[0, 100000]",0,0,341,292
yolov8x_training,833.914110,82,256.435,13370.3125,61,2040,10001,"[0, 100000]","[0, 100000]",0,0,15283,34716
yolov8x_training,834.957023,86,259.140,13370.3125,93,1327,10001,"[0, 100000]","[0, 100000]",0,0,341,292
yolov8x_training,836.006026,84,255.399,13370.3125,49,1215,10001,"[0, 100000]","[0, 100000]",0,0,15332,35888
yolov8x_training,837.049788,82,238.864,13370.3125,93,2595,10001,"[0, 100000]","[0, 100000]",0,0,2392,1318
yolov8x_training,838.092870,86,251.192,13370.3125,79,2355,10001,"[0, 100000]","[0, 100000]",0,0,6591,101464
yolov8x_training,839.151655,88,253.773,13370.3125,51,1170,10001,"[0, 100000]","[0, 100000]",0,0,16357,292
yolov8x_training,840.224609,86,244.996,13370.3125,93,2205,10001,"[0, 100000]","[0, 100000]",0,0,15478,35693
yolov8x_training,841.267704,82,252.857,13370.3125,90,1470,10001,"[0, 100000]","[0, 100000]",0,0,2294,1074
yolov8x_training,842.310743,85,258.130,13370.3125,23,1260,10001,"[0, 100000]","[0, 100000]",0,0,90527,32910
yolov8x_training,843.379640,87,244.153,13370.3125,68,1800,10001,"[0, 100000]","[0, 100000]",0,0,3613,14892
yolov8x_training,844.422625,86,239.167,13370.3125,93,1215,10001,"[0, 100000]","[0, 100000]",0,0,341,1032763
yolov8x_training,845.465538,82,237.942,13370.3125,73,2355,10001,"[0, 100000]","[0, 100000]",0,0,5126,26220
yolov8x_training,846.509286,85,250.172,13370.3125,35,1380,10001,"[0, 100000]","[0, 100000]",0,0,341,292
yolov8x_training,847.560384,87,258.236,13370.3125,93,1470,10001,"[0, 100000]","[0, 100000]",0,0,15185,35302
yolov8x_training,848.603356,83,234.973,13370.3125,100,1350,10001,"[0, 100000]","[0, 100000]",0,0,634,341
yolov8x_training,849.654054,87,245.899,13370.3125,21,1297,10001,"[0, 100000]","[0, 100000]",0,0,15332,34130
yolov8x_training,850.697556,88,264.481,13370.3125,94,1215,10001,"[0, 100000]","[0, 100000]",0,0,878,488
yolov8x_training,851.764179,84,236.285,13370.3125,100,1515,10001,"[0, 100000]","[0, 100000]",0,0,15380,35888
yolov8x_training,852.807590,84,243.527,13370.3125,11,1245,10001,"[0, 100000]","[0, 100000]",0,0,2294,2246
yolov8x_training,853.850486,87,260.011,13370.3125,76,2580,10001,"[0, 100000]","[0, 100000]",0,0,4150,37451
yolov8x_training,854.905108,86,247.526,13370.3125,93,885,10001,"[0, 100000]","[0, 100000]",0,0,3027,29248
yolov8x_training,855.949463,86,255.323,13370.3125,60,1950,10001,"[0, 100000]","[0, 100000]",0,0,12646,36230
yolov8x_training,856.992429,87,243.211,13370.3125,92,2475,10001,"[0, 100000]","[0, 100000]",0,0,2197,292
yolov8x_training,858.035121,85,256.429,13370.3125,100,1605,10001,"[0, 100000]","[0, 100000]",0,0,4003,37548
yolov8x_training,859.089630,82,248.227,13370.3125,53,1290,10001,"[0, 100000]","[0, 100000]",0,0,3417,12548
yolov8x_training,860.133291,88,251.489,13370.3125,95,2610,10001,"[0, 100000]","[0, 100000]",0,0,3466,36962
yolov8x_training,861.191391,86,254.964,13370.3125,71,937,10001,"[0, 100000]","[0, 100000]",0,0,3076,12890
yolov8x_training,862.234581,86,250.290,13370.3125,68,1215,10001,"[0, 100000]","[0, 100000]",0,0,88769,16113
yolov8x_training,863.278812,82,242.623,13370.3125,94,2430,10001,"[0, 100000]","[0, 100000]",0,0,3857,17333
yolov8x_training,864.321810,86,249.529,13370.3125,86,1425,10001,"[0, 100000]","[0, 100000]",0,0,341,1028466
yolov8x_training,865.364605,88,257.408,13370.3125,13,1500,10001,"[0, 100000]","[0, 100000]",0,0,6054,27246
yolov8x_training,866.407598,83,235.950,13370.3125,94,1230,10001,"[0, 100000]","[0, 100000]",0,0,439,341
yolov8x_training,867.476460,85,244.919,13370.3125,100,1290,10001,"[0, 100000]","[0, 100000]",0,0,15380,35107
yolov8x_training,868.519312,87,241.525,13370.3125,37,2580,10001,"[0, 100000]","[0, 100000]",0,0,1953,292
yolov8x_training,869.585919,86,257.732,13370.3125,72,1350,10001,"[0, 100000]","[0, 100000]",0,0,15771,31347
yolov8x_training,870.629130,85,245.700,13370.3125,99,1275,10001,"[0, 100000]","[0, 100000]",0,0,16796,292
yolov8x_training,871.682706,83,241.074,13370.3125,47,2550,10001,"[0, 100000]","[0, 100000]",0,0,15771,35058
yolov8x_training,872.726380,88,254.115,13370.3125,54,772,10001,"[0, 100000]","[0, 100000]",0,0,1220,292
yolov8x_training,873.769217,86,250.767,13370.3125,95,1170,10001,"[0, 100000]","[0, 100000]",0,0,6396,102441
yolov8x_training,874.826716,82,239.860,13370.3125,65,2550,10001,"[0, 100000]","[0, 100000]",0,0,2587,8886
yolov8x_training,875.869951,86,249.057,13370.3125,35,2340,10001,"[0, 100000]","[0, 100000]",0,0,89355,21142
yolov8x_training,876.913440,87,255.528,13370.3125,94,1155,10001,"[0, 100000]","[0, 100000]",0,0,3808,28515
yolov8x_training,877.956824,84,258.628,13370.3125,100,1230,10001,"[0, 100000]","[0, 100000]",0,0,341,292
yolov8x_training,878.999452,83,243.538,13370.3125,33,1350,10001,"[0, 100000]","[0, 100000]",0,0,5957,21435
yolov8x_training,880.043136,89,254.907,13370.3125,71,2625,10001,"[0, 100000]","[0, 100000]",0,0,341,292
yolov8x_training,881.085799,86,253.984,13370.3125,62,1470,10001,"[0, 100000]","[0, 100000]",0,0,29833,487646
yolov8x_training,882.129040,88,215.577,13370.3125,67,2655,10001,"[0, 100000]","[0, 100000]",0,0,341,292
yolov8x_training,883.171897,84,225.578,13370.3125,0,1305,10001,"[0, 100000]","[0, 100000]",0,0,5517,19140
yolov8x_training,884.215237,87,237.365,13370.3125,26,1260,10001,"[0, 100000]","[0, 100000]",0,0,341,292
yolov8x_training,885.267585,84,239.157,13370.3125,85,2190,10001,"[0, 100000]","[0, 100000]",0,0,15527,35351
yolov8x_training,886.310939,82,239.670,13370.3125,99,1320,10001,"[0, 100000]","[0, 100000]",0,0,1806,292
yolov8x_training,887.353893,84,256.880,13370.3125,65,2595,10001,"[0, 100000]","[0, 100000]",0,0,89746,24023
yolov8x_training,888.426271,87,249.539,13370.3125,27,1485,10001,"[0, 100000]","[0, 100000]",0,0,3710,12500
yolov8x_training,889.469624,83,260.488,13370.3125,94,1335,10001,"[0, 100000]","[0, 100000]",0,0,292,292
yolov8x_training,890.512253,82,244.747,13370.3125,93,1290,10001,"[0, 100000]","[0, 100000]",0,0,5859,21386
yolov8x_training,891.555752,85,237.407,13370.3125,80,2430,10001,"[0, 100000]","[0, 100000]",0,0,537,292
yolov8x_training,892.598594,87,249.630,13370.3125,34,2235,10001,"[0, 100000]","[0, 100000]",0,0,6494,102978
yolov8x_training,893.653590,87,254.522,13370.3125,94,1230,10001,"[0, 100000]","[0, 100000]",0,0,3417,14013
yolov8x_training,894.696643,87,247.841,13370.3125,94,1275,10001,"[0, 100000]","[0, 100000]",0,0,341,292
yolov8x_training,895.757874,83,235.706,13370.3125,87,2445,10001,"[0, 100000]","[0, 100000]",0,0,15039,30810
yolov8x_training,896.801495,82,238.049,13370.3125,25,2655,10001,"[0, 100000]","[0, 100000]",0,0,2685,28222
yolov8x_training,897.844980,86,246.082,13370.3125,45,1530,10001,"[0, 100000]","[0, 100000]",0,0,89843,24560
yolov8x_training,898.917737,87,257.576,13370.3125,93,1800,10001,"[0, 100000]","[0, 100000]",0,0,3515,13769
yolov8x_training,899.960806,84,262.149,13370.3125,100,2205,10001,"[0, 100000]","[0, 100000]",0,0,88916,15869
yolov8x_training,901.004610,85,246.836,13370.3125,18,1590,10001,"[0, 100000]","[0, 100000]",0,0,3466,30908
yolov8x_training,902.047612,88,245.022,13370.3125,100,1252,10001,"[0, 100000]","[0, 100000]",0,0,292,292
yolov8x_training,903.098642,86,256.147,13370.3125,63,1365,10001,"[0, 100000]","[0, 100000]",0,0,15380,32666
yolov8x_training,904.141562,82,248.549,13370.3125,45,1245,10001,"[0, 100000]","[0, 100000]",0,0,6152,90283
yolov8x_training,905.211889,82,241.125,13370.3125,94,2565,10001,"[0, 100000]","[0, 100000]",0,0,15380,36035
yolov8x_training,906.255086,87,244.212,13370.3125,100,1905,10001,"[0, 100000]","[0, 100000]",0,0,2832,3515
yolov8x_training,907.298010,87,263.730,13370.3125,7,1710,10001,"[0, 100000]","[0, 100000]",0,0,4589,103466
yolov8x_training,908.370738,85,234.824,13370.3125,75,1200,10001,"[0, 100000]","[0, 100000]",0,0,3027,10107
yolov8x_training,909.414052,86,244.521,13370.3125,100,1980,10001,"[0, 100000]","[0, 100000]",0,0,7080,103613
yolov8x_training,910.477870,87,238.868,13370.3125,28,1305,10001,"[0, 100000]","[0, 100000]",0,0,2685,9570
yolov8x_training,911.521305,86,256.301,13370.3125,74,1185,10001,"[0, 100000]","[0, 100000]",0,0,89404,20458
yolov8x_training,912.564492,82,249.066,13370.3125,94,1215,10001,"[0, 100000]","[0, 100000]",0,0,4833,22949
yolov8x_training,913.607570,86,235.211,13370.3125,100,1320,10001,"[0, 100000]","[0, 100000]",0,0,341,292
yolov8x_training,914.653450,86,255.136,13370.3125,14,2580,10001,"[0, 100000]","[0, 100000]",0,0,15332,34814
yolov8x_training,915.696579,87,255.905,13370.3125,83,1395,10001,"[0, 100000]","[0, 100000]",0,0,2685,2587
yolov8x_training,916.740205,87,249.694,13370.3125,94,1230,10001,"[0, 100000]","[0, 100000]",0,0,90771,36523
yolov8x_training,917.806295,82,242.657,13370.3125,80,2070,10001,"[0, 100000]","[0, 100000]",0,0,3369,10791
yolov8x_training,918.849737,87,244.708,13370.3125,25,1335,10001,"[0, 100000]","[0, 100000]",0,0,341,1031933
yolov8x_training,919.892983,87,256.056,13370.3125,87,1335,10001,"[0, 100000]","[0, 100000]",0,0,4101,32128
yolov8x_training,920.936966,86,246.680,13370.3125,100,1260,10001,"[0, 100000]","[0, 100000]",0,0,390,292
yolov8x_training,921.979683,82,248.878,13370.3125,52,1245,10001,"[0, 100000]","[0, 100000]",0,0,7031,101904
yolov8x_training,923.043887,87,238.262,13370.3125,20,1935,10001,"[0, 100000]","[0, 100000]",0,0,2587,8886
yolov8x_training,924.087128,87,237.629,13370.3125,94,2655,10001,"[0, 100000]","[0, 100000]",0,0,341,1030761
yolov8x_training,925.129811,86,249.907,13370.3125,77,675,10001,"[0, 100000]","[0, 100000]",0,0,4492,26611
yolov8x_training,926.172942,87,253.747,13370.3125,25,1230,10001,"[0, 100000]","[0, 100000]",0,0,16259,341
yolov8x_training,927.236764,83,238.319,13370.3125,94,2535,10001,"[0, 100000]","[0, 100000]",0,0,15185,34863
yolov8x_training,928.279758,84,237.793,13370.3125,100,1500,10001,"[0, 100000]","[0, 100000]",0,0,2392,390
yolov8x_training,929.323086,88,258.251,13370.3125,41,1200,10001,"[0, 100000]","[0, 100000]",0,0,6298,100878
yolov8x_training,930.382199,86,246.236,13370.3125,55,1830,10001,"[0, 100000]","[0, 100000]",0,0,2832,5908
yolov8x_training,931.425751,82,244.994,13370.3125,94,1290,10001,"[0, 100000]","[0, 100000]",0,0,90087,24023
yolov8x_training,932.498700,87,244.617,13370.3125,64,2655,10001,"[0, 100000]","[0, 100000]",0,0,2832,10009
yolov8x_training,933.541984,87,246.217,13370.3125,38,1335,10001,"[0, 100000]","[0, 100000]",0,0,90039,27587
yolov8x_training,934.611891,83,256.229,13370.3125,95,1185,10001,"[0, 100000]","[0, 100000]",0,0,3613,11230
yolov8x_training,935.655025,83,231.419,13370.3125,100,2415,10001,"[0, 100000]","[0, 100000]",0,0,89453,20800
yolov8x_training,936.698619,87,243.359,13370.3125,19,1650,10001,"[0, 100000]","[0, 100000]",0,0,5224,17675
yolov8x_training,937.741644,88,256.104,13370.3125,75,1815,10001,"[0, 100000]","[0, 100000]",0,0,341,292
yolov8x_training,938.788368,87,248.509,13370.3125,94,1680,10001,"[0, 100000]","[0, 100000]",0,0,15136,36669
yolov8x_training,939.831377,82,245.934,13370.3125,65,2145,10001,"[0, 100000]","[0, 100000]",0,0,1757,292
yolov8x_training,940.874118,87,250.601,13370.3125,39,2370,10001,"[0, 100000]","[0, 100000]",0,0,6787,101123
yolov8x_training,941.939466,87,256.616,13370.3125,94,1860,10001,"[0, 100000]","[0, 100000]",0,0,3808,108056
yolov8x_training,942.983772,83,260.240,13370.3125,100,1200,10001,"[0, 100000]","[0, 100000]",0,0,6347,103320
yolov8x_training,944.051164,86,242.044,13370.3125,12,2400,10001,"[0, 100000]","[0, 100000]",0,0,2978,12255
yolov8x_training,945.094356,87,240.266,13370.3125,94,2580,10001,"[0, 100000]","[0, 100000]",0,0,59326,169726
yolov8x_training,946.137308,86,251.405,13370.3125,66,1515,10001,"[0, 100000]","[0, 100000]",0,0,5957,20166
yolov8x_training,947.181147,86,257.869,13370.3125,62,2235,10001,"[0, 100000]","[0, 100000]",0,0,341,1038476
yolov8x_training,948.224303,82,242.570,13370.3125,96,2550,10001,"[0, 100000]","[0, 100000]",0,0,4687,22607
yolov8x_training,949.267364,87,258.151,13370.3125,54,1230,10001,"[0, 100000]","[0, 100000]",0,0,341,292
yolov8x_training,950.310019,86,249.865,13370.3125,54,1305,10001,"[0, 100000]","[0, 100000]",0,0,3808,37695
yolov8x_training,951.353095,82,247.373,13370.3125,94,2565,10001,"[0, 100000]","[0, 100000]",0,0,341,244
yolov8x_training,952.395738,87,247.004,13370.3125,86,1320,10001,"[0, 100000]","[0, 100000]",0,0,11767,36621
yolov8x_training,953.438643,88,262.474,13370.3125,16,1875,10001,"[0, 100000]","[0, 100000]",0,0,2490,1269
yolov8x_training,954.481772,83,255.636,13370.3125,94,1260,10001,"[0, 100000]","[0, 100000]",0,0,6884,103515
yolov8x_training,955.543911,87,242.437,13370.3125,100,2415,10001,"[0, 100000]","[0, 100000]",0,0,2783,10107
yolov8x_training,956.586887,88,246.599,13370.3125,11,1380,10001,"[0, 100000]","[0, 100000]",0,0,3271,36132
yolov8x_training,957.647253,86,257.466,13370.3125,76,1215,10001,"[0, 100000]","[0, 100000]",0,0,3076,10351
yolov8x_training,958.690687,86,250.004,13370.3125,95,1395,10001,"[0, 100000]","[0, 100000]",0,0,341,1038964
yolov8x_training,959.733613,82,245.286,13370.3125,75,1320,10001,"[0, 100000]","[0, 100000]",0,0,4980,21337
yolov8x_training,960.776960,88,244.962,13370.3125,39,1365,10001,"[0, 100000]","[0, 100000]",0,0,341,292
yolov8x_training,961.831442,88,263.445,13370.3125,93,1290,10001,"[0, 100000]","[0, 100000]",0,0,15234,35693
yolov8x_training,962.874568,84,237.075,13370.3125,100,1170,10001,"[0, 100000]","[0, 100000]",0,0,2294,1855
yolov8x_training,963.917857,84,251.587,13370.3125,36,1365,10001,"[0, 100000]","[0, 100000]",0,0,4443,101611
yolov8x_training,964.991519,88,247.580,13370.3125,60,1335,10001,"[0, 100000]","[0, 100000]",0,0,12304,46630
yolov8x_training,966.034400,86,254.821,13370.3125,100,1200,10001,"[0, 100000]","[0, 100000]",0,0,6494,102392
yolov8x_training,967.092454,82,249.777,13370.3125,27,1560,10001,"[0, 100000]","[0, 100000]",0,0,3027,12744
yolov8x_training,968.135608,87,238.243,13370.3125,93,2415,10001,"[0, 100000]","[0, 100000]",0,0,89990,25878
yolov8x_training,969.207841,87,263.455,13370.3125,100,1830,10001,"[0, 100000]","[0, 100000]",0,0,3417,12500
yolov8x_training,970.251367,88,246.086,13370.3125,15,1275,10001,"[0, 100000]","[0, 100000]",0,0,89160,18750
yolov8x_training,971.294827,84,239.787,13370.3125,92,2190,10001,"[0, 100000]","[0, 100000]",0,0,4785,15966
yolov8x_training,972.338933,82,261.662,13370.3125,100,2505,10001,"[0, 100000]","[0, 100000]",0,0,6054,86572
yolov8x_training,973.387784,87,215.573,13370.3125,30,1290,10001,"[0, 100000]","[0, 100000]",0,0,14355,35205
yolov8x_training,974.431255,82,225.393,13370.3125,82,1305,10001,"[0, 100000]","[0, 100000]",0,0,341,292
yolov8x_training,975.474034,85,214.857,13370.3125,70,1350,10001,"[0, 100000]","[0, 100000]",0,0,2441,56787
yolov8x_training,976.517260,81,200.769,13370.3125,90,1980,10001,"[0, 100000]","[0, 100000]",0,0,6689,91796
yolov8x_training,977.578475,85,217.205,13370.3125,100,1845,10001,"[0, 100000]","[0, 100000]",0,0,341,292
yolov8x_training,978.621242,84,205.029,13370.3125,0,2430,10001,"[0, 100000]","[0, 100000]",0,0,3613,14013
yolov8x_training,979.664510,81,204.360,13370.3125,90,1410,10001,"[0, 100000]","[0, 100000]",0,0,89892,26074
yolov8x_training,980.736004,86,204.533,13370.3125,11,2505,10001,"[0, 100000]","[0, 100000]",0,0,292,292
yolov8x_training,981.877815,87,220.571,13370.3125,100,2430,10001,"[0, 100000]","[0, 100000]",0,0,12060,292
yolov8x_training,982.920470,86,205.631,13370.3125,12,2505,10001,"[0, 100000]","[0, 100000]",0,0,4931,30126
yolov8x_training,983.963843,80,216.584,13370.3125,79,1230,10001,"[0, 100000]","[0, 100000]",0,0,292,244
yolov8x_training,985.006603,87,204.709,13370.3125,0,2505,10001,"[0, 100000]","[0, 100000]",0,0,2587,52294
yolov8x_training,986.050232,84,237.762,13370.3125,90,1200,10001,"[0, 100000]","[0, 100000]",0,0,341,292
yolov8x_training,987.092881,84,232.119,13370.3125,88,2655,10001,"[0, 100000]","[0, 100000]",0,0,2294,390
yolov8x_training,988.158068,81,221.600,13370.3125,0,1200,10001,"[0, 100000]","[0, 100000]",0,0,14160,31640
yolov8x_training,989.201429,84,202.623,13370.3125,100,2610,10001,"[0, 100000]","[0, 100000]",0,0,292,292
yolov8x_training,990.244436,86,222.269,13370.3125,94,1290,10001,"[0, 100000]","[0, 100000]",0,0,4443,104589
yolov8x_training,991.317309,81,246.011,13370.3125,98,1320,10001,"[0, 100000]","[0, 100000]",0,0,2783,8251
yolov8x_training,992.360759,86,257.719,13370.3125,12,1440,10001,"[0, 100000]","[0, 100000]",0,0,3808,35986
yolov8x_training,993.419618,86,241.178,13370.3125,94,1470,10001,"[0, 100000]","[0, 100000]",0,0,3027,11279
yolov8x_training,994.462874,82,256.447,13370.3125,100,1245,10001,"[0, 100000]","[0, 100000]",0,0,3027,39208
yolov8x_training,995.525987,84,236.888,13370.3125,17,2010,10001,"[0, 100000]","[0, 100000]",0,0,3076,12646
yolov8x_training,996.568932,86,256.977,13370.3125,72,1350,10001,"[0, 100000]","[0, 100000]",0,0,2880,38574
yolov8x_training,997.631509,85,244.241,13370.3125,95,1200,10001,"[0, 100000]","[0, 100000]",0,0,3466,14160
yolov8x_training,998.674438,85,242.342,13370.3125,59,2070,10001,"[0, 100000]","[0, 100000]",0,0,341,731982
yolov8x_training,999.717000,81,245.664,13370.3125,50,1305,10001,"[0, 100000]","[0, 100000]",0,0,5126,28369
yolov8x_training,1000.759992,86,258.489,13370.3125,94,1380,10001,"[0, 100000]","[0, 100000]",0,0,1123,341
yolov8x_training,1001.821672,87,239.320,13370.3125,100,1230,10001,"[0, 100000]","[0, 100000]",0,0,15283,30419
yolov8x_training,1002.864632,82,242.677,13370.3125,20,1282,10001,"[0, 100000]","[0, 100000]",0,0,15234,29003
yolov8x_training,1003.907920,83,255.860,13370.3125,72,2370,10001,"[0, 100000]","[0, 100000]",0,0,6884,105126
yolov8x_training,1004.971016,86,254.278,13370.3125,94,2610,10001,"[0, 100000]","[0, 100000]",0,0,2929,3906
yolov8x_training,1006.014071,86,251.000,13370.3125,53,1830,10001,"[0, 100000]","[0, 100000]",0,0,4199,36669
yolov8x_training,1007.069758,81,241.275,13370.3125,94,1920,10001,"[0, 100000]","[0, 100000]",0,0,3466,12597
yolov8x_training,1008.113161,85,245.171,13370.3125,95,2505,10001,"[0, 100000]","[0, 100000]",0,0,89697,20898
yolov8x_training,1009.156492,86,261.194,13370.3125,33,1230,10001,"[0, 100000]","[0, 100000]",0,0,3417,14550
yolov8x_training,1010.199428,86,242.050,13370.3125,95,2310,10001,"[0, 100000]","[0, 100000]",0,0,292,1037597
yolov8x_training,1011.242608,82,250.313,13370.3125,81,2655,10001,"[0, 100000]","[0, 100000]",0,0,4052,17382
yolov8x_training,1012.285714,86,260.061,13370.3125,13,1470,10001,"[0, 100000]","[0, 100000]",0,0,341,292
yolov8x_training,1013.328311,87,240.425,13370.3125,94,1320,10001,"[0, 100000]","[0, 100000]",0,0,5371,22314
yolov8x_training,1014.372440,85,237.265,13370.3125,100,1245,10001,"[0, 100000]","[0, 100000]",0,0,683,341
yolov8x_training,1015.440683,83,259.624,13370.3125,35,2040,10001,"[0, 100000]","[0, 100000]",0,0,15673,33593
yolov8x_training,1016.484262,87,252.208,13370.3125,70,1275,10001,"[0, 100000]","[0, 100000]",0,0,2099,830
yolov8x_training,1017.527356,86,249.347,13370.3125,93,1215,10001,"[0, 100000]","[0, 100000]",0,0,6591,102929
yolov8x_training,1018.592770,82,242.817,13370.3125,66,2280,10001,"[0, 100000]","[0, 100000]",0,0,2783,126123
yolov8x_training,1019.637642,85,246.803,13370.3125,30,2655,10001,"[0, 100000]","[0, 100000]",0,0,5761,104199
yolov8x_training,1020.705270,85,257.635,13370.3125,95,1260,10001,"[0, 100000]","[0, 100000]",0,0,2392,2343
yolov8x_training,1021.748154,87,238.625,13370.3125,99,1380,10001,"[0, 100000]","[0, 100000]",0,0,5029,104492
yolov8x_training,1022.818988,82,248.229,13370.3125,20,2625,10001,"[0, 100000]","[0, 100000]",0,0,2294,439
yolov8x_training,1023.861920,87,259.773,13370.3125,94,1245,10001,"[0, 100000]","[0, 100000]",0,0,7031,104687
yolov8x_training,1024.922870,87,243.184,13370.3125,99,1380,10001,"[0, 100000]","[0, 100000]",0,0,2832,10449
yolov8x_training,1025.965988,85,252.549,13370.3125,28,1230,10001,"[0, 100000]","[0, 100000]",0,0,390,1041357
yolov8x_training,1027.008937,83,241.462,13370.3125,58,2565,10001,"[0, 100000]","[0, 100000]",0,0,3955,15527
yolov8x_training,1028.051929,87,257.450,13370.3125,98,1455,10001,"[0, 100000]","[0, 100000]",0,0,292,1037402
yolov8x_training,1029.094653,86,247.464,13370.3125,48,1275,10001,"[0, 100000]","[0, 100000]",0,0,3662,32177
yolov8x_training,1030.137723,81,242.662,13370.3125,94,2235,10001,"[0, 100000]","[0, 100000]",0,0,292,292
yolov8x_training,1031.186479,82,246.518,13370.3125,85,2415,10001,"[0, 100000]","[0, 100000]",0,0,15429,34570
yolov8x_training,1032.229925,86,258.610,13370.3125,10,1200,10001,"[0, 100000]","[0, 100000]",0,0,2734,4589
yolov8x_training,1033.273126,87,238.302,13370.3125,77,1200,10001,"[0, 100000]","[0, 100000]",0,0,89794,23925
yolov8x_training,1034.347757,86,238.919,13370.3125,95,2460,10001,"[0, 100000]","[0, 100000]",0,0,3320,13183
yolov8x_training,1035.391508,82,248.451,13370.3125,84,1620,10001,"[0, 100000]","[0, 100000]",0,0,341,1033105
yolov8x_training,1036.434316,85,255.539,13370.3125,15,2355,10001,"[0, 100000]","[0, 100000]",0,0,6152,22753
yolov8x_training,1037.477942,88,255.953,13370.3125,61,1305,10001,"[0, 100000]","[0, 100000]",0,0,1123,292
yolov8x_training,1038.520658,86,247.646,13370.3125,95,1185,10001,"[0, 100000]","[0, 100000]",0,0,6396,103906
yolov8x_training,1039.587128,82,242.794,13370.3125,74,2130,10001,"[0, 100000]","[0, 100000]",0,0,2880,10400
yolov8x_training,1040.630429,87,244.921,13370.3125,14,1290,10001,"[0, 100000]","[0, 100000]",0,0,88671,16162
yolov8x_training,1041.673305,86,258.060,13370.3125,92,1740,10001,"[0, 100000]","[0, 100000]",0,0,5712,17480
yolov8x_training,1042.716300,87,244.489,13370.3125,95,1200,10001,"[0, 100000]","[0, 100000]",0,0,341,292
yolov8x_training,1043.762764,86,239.174,13370.3125,65,2460,10001,"[0, 100000]","[0, 100000]",0,0,15332,36230
yolov8x_training,1044.805873,82,249.443,13370.3125,43,1485,10001,"[0, 100000]","[0, 100000]",0,0,2197,292
yolov8x_training,1045.848586,86,257.429,13370.3125,95,1215,10001,"[0, 100000]","[0, 100000]",0,0,4003,36523
yolov8x_training,1046.904940,87,234.946,13370.3125,100,1590,10001,"[0, 100000]","[0, 100000]",0,0,2978,13037
yolov8x_training,1047.948287,84,240.730,13370.3125,36,1275,10001,"[0, 100000]","[0, 100000]",0,0,292,1038623
yolov8x_training,1048.991758,82,239.218,13370.3125,65,2445,10001,"[0, 100000]","[0, 100000]",0,0,5273,22607
yolov8x_training,1050.034945,85,253.840,13370.3125,93,1275,10001,"[0, 100000]","[0, 100000]",0,0,341,292
yolov8x_training,1051.081497,88,259.321,13370.3125,23,1260,10001,"[0, 100000]","[0, 100000]",0,0,15185,34570
yolov8x_training,1052.124576,83,237.706,13370.3125,92,1575,10001,"[0, 100000]","[0, 100000]",0,0,2539,3271
yolov8x_training,1053.167773,87,255.993,13370.3125,100,1305,10001,"[0, 100000]","[0, 100000]",0,0,3906,35253
yolov8x_training,1054.226114,82,255.562,13370.3125,51,1425,10001,"[0, 100000]","[0, 100000]",0,0,3125,12255
yolov8x_training,1055.269105,86,248.939,13370.3125,46,1245,10001,"[0, 100000]","[0, 100000]",0,0,341,244
yolov8x_training,1056.311726,87,241.813,13370.3125,94,2295,10001,"[0, 100000]","[0, 100000]",0,0,5175,28955
yolov8x_training,1057.354745,83,251.118,13370.3125,100,2595,10001,"[0, 100000]","[0, 100000]",0,0,341,292
yolov8x_training,1058.422167,87,257.926,13370.3125,38,2520,10001,"[0, 100000]","[0, 100000]",0,0,15478,34570
yolov8x_training,1059.465759,86,246.733,13370.3125,61,1845,10001,"[0, 100000]","[0, 100000]",0,0,1953,292
yolov8x_training,1060.508842,82,248.547,13370.3125,94,1185,10001,"[0, 100000]","[0, 100000]",0,0,3955,36279
yolov8x_training,1061.563892,85,242.686,13370.3125,67,2460,10001,"[0, 100000]","[0, 100000]",0,0,2783,11669
yolov8x_training,1062.606851,87,245.075,13370.3125,24,2505,10001,"[0, 100000]","[0, 100000]",0,0,24804,596533
yolov8x_training,1063.649877,83,263.542,13370.3125,95,1305,10001,"[0, 100000]","[0, 100000]",0,0,5419,16992
yolov8x_training,1064.692917,84,241.994,13370.3125,100,1305,10001,"[0, 100000]","[0, 100000]",0,0,341,292
yolov8x_training,1065.742218,82,240.055,13370.3125,49,2595,10001,"[0, 100000]","[0, 100000]",0,0,15478,36230
yolov8x_training,1066.785074,86,255.453,13370.3125,65,1425,10001,"[0, 100000]","[0, 100000]",0,0,1464,341
yolov8x_training,1067.828011,87,251.099,13370.3125,94,1170,10001,"[0, 100000]","[0, 100000]",0,0,7031,103710
yolov8x_training,1068.891747,83,236.865,13370.3125,88,1245,10001,"[0, 100000]","[0, 100000]",0,0,3271,10595
yolov8x_training,1069.935411,86,242.815,13370.3125,23,1620,10001,"[0, 100000]","[0, 100000]",0,0,89892,26367
yolov8x_training,1071.006564,87,252.130,13370.3125,86,2445,10001,"[0, 100000]","[0, 100000]",0,0,3369,12988
yolov8x_training,1072.049694,86,258.257,13370.3125,99,1950,10001,"[0, 100000]","[0, 100000]",0,0,89013,18066
yolov8x_training,1073.092802,82,248.374,13370.3125,55,1200,10001,"[0, 100000]","[0, 100000]",0,0,5078,20068
yolov8x_training,1074.136106,86,239.534,13370.3125,95,2385,10001,"[0, 100000]","[0, 100000]",0,0,341,292
yolov8x_training,1075.178740,87,250.263,13370.3125,81,1290,10001,"[0, 100000]","[0, 100000]",0,0,5859,22314
yolov8x_training,1076.222632,87,256.683,13370.3125,27,1230,10001,"[0, 100000]","[0, 100000]",0,0,341,292
yolov8x_training,1077.269106,82,247.082,13370.3125,94,2280,10001,"[0, 100000]","[0, 100000]",0,0,15429,29589
yolov8x_training,1078.312873,87,245.137,13370.3125,94,1275,10001,"[0, 100000]","[0, 100000]",0,0,19531,292
yolov8x_training,1079.385466,87,263.199,13370.3125,17,1980,10001,"[0, 100000]","[0, 100000]",0,0,15380,33642
yolov8x_training,1080.428607,84,237.432,13370.3125,88,1500,10001,"[0, 100000]","[0, 100000]",0,0,927,341
yolov8x_training,1081.501216,85,235.318,13370.3125,100,1350,10001,"[0, 100000]","[0, 100000]",0,0,15429,33007
yolov8x_training,1082.544265,87,242.175,13370.3125,34,2505,10001,"[0, 100000]","[0, 100000]",0,0,2685,2539
yolov8x_training,1083.587499,86,255.668,13370.3125,66,1875,10001,"[0, 100000]","[0, 100000]",0,0,6542,103466
yolov8x_training,1084.655371,84,245.812,13370.3125,94,1725,10001,"[0, 100000]","[0, 100000]",0,0,1757,292
yolov8x_training,1085.698060,82,238.577,13370.3125,47,2655,10001,"[0, 100000]","[0, 100000]",0,0,4492,103564
yolov8x_training,1086.769921,88,252.690,13370.3125,46,1575,10001,"[0, 100000]","[0, 100000]",0,0,17041,16064
yolov8x_training,1087.834657,87,251.026,13370.3125,93,1245,10001,"[0, 100000]","[0, 100000]",0,0,15429,34472
yolov8x_training,1088.877592,82,245.690,13370.3125,72,2565,10001,"[0, 100000]","[0, 100000]",0,0,1708,292
yolov8x_training,1089.949988,85,249.304,13370.3125,47,2400,10001,"[0, 100000]","[0, 100000]",0,0,15527,35058
yolov8x_training,1090.992983,87,249.867,13370.3125,92,1680,10001,"[0, 100000]","[0, 100000]",0,0,1562,292
yolov8x_training,1092.057280,83,260.707,13370.3125,83,1335,10001,"[0, 100000]","[0, 100000]",0,0,15283,36279
yolov8x_training,1093.100113,86,247.941,13370.3125,93,2445,10001,"[0, 100000]","[0, 100000]",0,0,1367,292
yolov8x_training,1094.143273,87,247.775,13370.3125,99,2475,10001,"[0, 100000]","[0, 100000]",0,0,6884,102441
yolov8x_training,1095.205853,88,261.534,13370.3125,13,1185,10001,"[0, 100000]","[0, 100000]",0,0,2343,125781
yolov8x_training,1096.279247,83,242.821,13370.3125,95,2310,10001,"[0, 100000]","[0, 100000]",0,0,15576,33447
yolov8x_training,1097.322566,87,245.132,13370.3125,100,1965,10001,"[0, 100000]","[0, 100000]",0,0,1074,341
yolov8x_training,1098.365230,87,258.330,13370.3125,25,1815,10001,"[0, 100000]","[0, 100000]",0,0,6738,103222
yolov8x_training,1099.421558,86,246.259,13370.3125,65,1335,10001,"[0, 100000]","[0, 100000]",0,0,3173,12890
yolov8x_training,1100.465420,82,243.190,13370.3125,94,1305,10001,"[0, 100000]","[0, 100000]",0,0,90136,27832
yolov8x_training,1101.535059,87,243.615,13370.3125,61,2340,10001,"[0, 100000]","[0, 100000]",0,0,2929,11767
yolov8x_training,1102.578356,87,256.046,13370.3125,45,1860,10001,"[0, 100000]","[0, 100000]",0,0,89599,22363
yolov8x_training,1103.652488,82,255.538,13370.3125,95,1260,10001,"[0, 100000]","[0, 100000]",0,0,2294,124804
yolov8x_training,1104.695431,82,245.985,13370.3125,68,1170,10001,"[0, 100000]","[0, 100000]",0,0,5029,104541
yolov8x_training,1105.765634,85,250.279,13370.3125,30,2505,10001,"[0, 100000]","[0, 100000]",0,0,2734,3417
yolov8x_training,1106.829755,87,258.115,13370.3125,94,1305,10001,"[0, 100000]","[0, 100000]",0,0,15332,34570
yolov8x_training,1107.873027,82,246.440,13370.3125,52,2595,10001,"[0, 100000]","[0, 100000]",0,0,341,292
yolov8x_training,1108.937191,87,254.956,13370.3125,65,2625,10001,"[0, 100000]","[0, 100000]",0,0,15527,33544
yolov8x_training,1109.980610,87,249.453,13370.3125,94,1290,10001,"[0, 100000]","[0, 100000]",0,0,2832,8349
yolov8x_training,1111.024144,83,262.200,13370.3125,100,1155,10001,"[0, 100000]","[0, 100000]",0,0,292,1039013
yolov8x_training,1112.066902,82,243.475,13370.3125,31,1335,10001,"[0, 100000]","[0, 100000]",0,0,3613,31445
yolov8x_training,1113.110367,85,244.443,13370.3125,94,2520,10001,"[0, 100000]","[0, 100000]",0,0,341,292
yolov8x_training,1114.178500,88,246.337,13370.3125,100,2445,10001,"[0, 100000]","[0, 100000]",0,0,15136,34619
yolov8x_training,1115.221750,88,262.152,13370.3125,13,1545,10001,"[0, 100000]","[0, 100000]",0,0,732,292
yolov8x_training,1116.264683,85,234.641,13370.3125,73,1980,10001,"[0, 100000]","[0, 100000]",0,0,6689,103613
yolov8x_training,1117.324927,82,240.047,13370.3125,98,2505,10001,"[0, 100000]","[0, 100000]",0,0,2978,9960
yolov8x_training,1118.368587,86,254.791,13370.3125,58,1365,10001,"[0, 100000]","[0, 100000]",0,0,341,1032128
yolov8x_training,1119.411369,87,249.765,13370.3125,12,2505,10001,"[0, 100000]","[0, 100000]",0,0,6347,25195
yolov8x_training,1120.454565,87,243.667,13370.3125,51,2190,10001,"[0, 100000]","[0, 100000]",0,0,1171,341
yolov8x_training,1121.497340,82,254.203,13370.3125,94,1215,10001,"[0, 100000]","[0, 100000]",0,0,4785,104736
yolov8x_training,1122.568443,86,236.895,13370.3125,99,2310,10001,"[0, 100000]","[0, 100000]",0,0,3662,11230
yolov8x_training,1123.612005,88,254.254,13370.3125,16,1260,10001,"[0, 100000]","[0, 100000]",0,0,292,1041455
yolov8x_training,1124.655274,86,256.304,13370.3125,77,1230,10001,"[0, 100000]","[0, 100000]",0,0,3906,25146
yolov8x_training,1125.698476,87,249.189,13370.3125,93,1260,10001,"[0, 100000]","[0, 100000]",0,0,341,292
yolov8x_training,1126.763686,83,242.323,13370.3125,82,2610,10001,"[0, 100000]","[0, 100000]",0,0,15283,36816
yolov8x_training,1127.806936,86,244.099,13370.3125,9,1620,10001,"[0, 100000]","[0, 100000]",0,0,2685,2197
yolov8x_training,1128.850537,88,254.421,13370.3125,85,1800,10001,"[0, 100000]","[0, 100000]",0,0,90625,35791
yolov8x_training,1129.917659,87,250.466,13370.3125,94,750,10001,"[0, 100000]","[0, 100000]",0,0,3710,12695
yolov8x_training,1130.961012,83,239.249,13370.3125,69,1155,10001,"[0, 100000]","[0, 100000]",0,0,341,292
yolov8x_training,1132.019845,85,242.765,13370.3125,15,2055,10001,"[0, 100000]","[0, 100000]",0,0,15576,31445
yolov8x_training,1133.063511,87,239.769,13370.3125,59,1327,10001,"[0, 100000]","[0, 100000]",0,0,17138,292
yolov8x_training,1134.106256,87,256.363,13370.3125,73,1635,10001,"[0, 100000]","[0, 100000]",0,0,6445,104394
yolov8x_training,1135.163344,82,258.192,13370.3125,23,1230,10001,"[0, 100000]","[0, 100000]",0,0,2734,8837
yolov8x_training,1136.206971,84,236.443,13370.3125,84,2400,10001,"[0, 100000]","[0, 100000]",0,0,89062,18847
yolov8x_training,1137.250137,85,242.355,13370.3125,100,1605,10001,"[0, 100000]","[0, 100000]",0,0,5468,17480
yolov8x_training,1138.293174,87,254.528,13370.3125,53,1215,10001,"[0, 100000]","[0, 100000]",0,0,341,341
yolov8x_training,1139.335893,87,248.371,13370.3125,25,1290,10001,"[0, 100000]","[0, 100000]",0,0,6591,102246
yolov8x_training,1140.390303,83,237.870,13370.3125,93,2505,10001,"[0, 100000]","[0, 100000]",0,0,2539,67968
yolov8x_training,1141.433303,83,251.335,13370.3125,100,2055,10001,"[0, 100000]","[0, 100000]",0,0,89550,22314
yolov8x_training,1142.506181,87,242.268,13370.3125,59,2580,10001,"[0, 100000]","[0, 100000]",0,0,3466,12744
yolov8x_training,1143.549602,87,250.485,13370.3125,30,870,10001,"[0, 100000]","[0, 100000]",0,0,341,1031689
yolov8x_training,1144.592443,83,252.437,13370.3125,94,1245,10001,"[0, 100000]","[0, 100000]",0,0,5712,20654
yolov8x_training,1145.635709,87,242.840,13370.3125,100,1605,10001,"[0, 100000]","[0, 100000]",0,0,1025,341
yolov8x_training,1146.679004,87,240.359,13370.3125,34,2580,10001,"[0, 100000]","[0, 100000]",0,0,5175,102685
yolov8x_training,1147.749081,84,251.196,13370.3125,37,2025,10001,"[0, 100000]","[0, 100000]",0,0,2636,46826
yolov8x_training,1148.791362,87,258.622,13370.3125,94,1245,10001,"[0, 100000]","[0, 100000]",0,0,90820,38378
yolov8x_training,1149.857025,84,240.723,13370.3125,100,2400,10001,"[0, 100000]","[0, 100000]",0,0,3759,15820
yolov8x_training,1150.900294,82,239.455,13370.3125,29,1440,10001,"[0, 100000]","[0, 100000]",0,0,341,292
yolov8x_training,1151.942915,84,254.895,13370.3125,58,1297,10001,"[0, 100000]","[0, 100000]",0,0,6640,22460
yolov8x_training,1152.986656,86,252.460,13370.3125,95,1290,10001,"[0, 100000]","[0, 100000]",0,0,1171,292
yolov8x_training,1154.029485,83,256.323,13370.3125,89,1215,10001,"[0, 100000]","[0, 100000]",0,0,4150,36572
yolov8x_training,1155.083574,84,242.446,13370.3125,24,2175,10001,"[0, 100000]","[0, 100000]",0,0,3222,12207
yolov8x_training,1156.126663,87,242.433,13370.3125,94,2310,10001,"[0, 100000]","[0, 100000]",0,0,292,1038427
yolov8x_training,1157.169372,86,249.512,13370.3125,77,1605,10001,"[0, 100000]","[0, 100000]",0,0,6298,30761
yolov8x_training,1158.213038,82,223.038,13370.3125,94,2655,10001,"[0, 100000]","[0, 100000]",0,0,7080,104736
yolov8x_training,1159.274980,87,251.348,13370.3125,100,1890,10001,"[0, 100000]","[0, 100000]",0,0,2539,3222
yolov8x_training,1160.317982,88,260.362,13370.3125,9,1275,10001,"[0, 100000]","[0, 100000]",0,0,4150,36132
yolov8x_training,1161.374705,83,243.988,13370.3125,95,2460,10001,"[0, 100000]","[0, 100000]",0,0,2978,31347
yolov8x_training,1162.418267,86,254.606,13370.3125,100,2325,10001,"[0, 100000]","[0, 100000]",0,0,7128,104443
yolov8x_training,1163.479551,87,266.505,13370.3125,15,1860,10001,"[0, 100000]","[0, 100000]",0,0,2734,2392
yolov8x_training,1164.550471,83,262.588,13370.3125,95,1200,10001,"[0, 100000]","[0, 100000]",0,0,15429,36962
yolov8x_training,1165.593542,87,236.819,13370.3125,100,2325,10001,"[0, 100000]","[0, 100000]",0,0,1416,341
yolov8x_training,1166.654367,88,245.799,13370.3125,16,1245,10001,"[0, 100000]","[0, 100000]",0,0,15576,36279
yolov8x_training,1167.697731,88,268.744,13370.3125,95,1230,10001,"[0, 100000]","[0, 100000]",0,0,1123,292
yolov8x_training,1168.762659,83,237.233,13370.3125,100,2595,10001,"[0, 100000]","[0, 100000]",0,0,14941,30712
yolov8x_training,1169.806354,87,248.446,13370.3125,20,1335,10001,"[0, 100000]","[0, 100000]",0,0,14843,292
yolov8x_training,1170.856963,88,257.350,13370.3125,92,1170,10001,"[0, 100000]","[0, 100000]",0,0,15625,35351
yolov8x_training,1171.899904,83,249.904,13370.3125,100,1275,10001,"[0, 100000]","[0, 100000]",0,0,1074,292
yolov8x_training,1172.957911,87,255.697,13370.3125,21,2355,10001,"[0, 100000]","[0, 100000]",0,0,15332,34179
yolov8x_training,1174.001565,88,240.817,13370.3125,95,1455,10001,"[0, 100000]","[0, 100000]",0,0,2343,830
yolov8x_training,1175.044462,84,257.285,13370.3125,100,1200,10001,"[0, 100000]","[0, 100000]",0,0,7031,103662
yolov8x_training,1176.107818,85,248.671,13370.3125,75,2475,10001,"[0, 100000]","[0, 100000]",0,0,2539,2343
yolov8x_training,1177.151359,87,243.369,13370.3125,100,1320,10001,"[0, 100000]","[0, 100000]",0,0,3320,36474
yolov8x_training,1178.212019,87,247.261,13370.3125,53,1185,10001,"[0, 100000]","[0, 100000]",0,0,2734,19580
yolov8x_training,1179.255599,86,247.657,13370.3125,59,2250,10001,"[0, 100000]","[0, 100000]",0,0,6298,104199
yolov8x_training,1180.324676,82,253.908,13370.3125,94,2640,10001,"[0, 100000]","[0, 100000]",0,0,2685,3369
yolov8x_training,1181.393111,87,253.174,13370.3125,54,1260,10001,"[0, 100000]","[0, 100000]",0,0,15625,32666
yolov8x_training,1182.436622,86,243.522,13370.3125,59,1275,10001,"[0, 100000]","[0, 100000]",0,0,2099,292
yolov8x_training,1183.483849,84,261.676,13370.3125,97,2400,10001,"[0, 100000]","[0, 100000]",0,0,15332,33056
yolov8x_training,1184.526867,87,251.451,13370.3125,37,2040,10001,"[0, 100000]","[0, 100000]",0,0,2636,4150
yolov8x_training,1185.570351,86,254.445,13370.3125,65,1245,10001,"[0, 100000]","[0, 100000]",0,0,6445,103613
yolov8x_training,1186.627872,83,243.010,13370.3125,49,2340,10001,"[0, 100000]","[0, 100000]",0,0,5175,102783
yolov8x_training,1187.671453,88,265.060,13370.3125,68,1440,10001,"[0, 100000]","[0, 100000]",0,0,7666,29589
yolov8x_training,1188.714732,87,246.708,13370.3125,99,1170,10001,"[0, 100000]","[0, 100000]",0,0,2099,292
yolov8x_training,1189.757833,86,240.873,13370.3125,54,2145,10001,"[0, 100000]","[0, 100000]",0,0,4199,37500
yolov8x_training,1190.811919,82,246.105,13370.3125,51,2640,10001,"[0, 100000]","[0, 100000]",0,0,3515,13623
yolov8x_training,1191.855126,86,257.592,13370.3125,94,1740,10001,"[0, 100000]","[0, 100000]",0,0,341,292
yolov8x_training,1192.898838,86,239.757,13370.3125,100,1200,10001,"[0, 100000]","[0, 100000]",0,0,14941,32177
yolov8x_training,1193.942537,86,237.328,13370.3125,52,2235,10001,"[0, 100000]","[0, 100000]",0,0,15234,28076
yolov8x_training,1194.985407,82,250.543,13370.3125,35,1290,10001,"[0, 100000]","[0, 100000]",0,0,4199,37060
yolov8x_training,1196.040771,87,241.819,13370.3125,94,2460,10001,"[0, 100000]","[0, 100000]",0,0,3613,14794
yolov8x_training,1197.084070,88,256.273,13370.3125,100,1470,10001,"[0, 100000]","[0, 100000]",0,0,341,292
yolov8x_training,1198.131398,86,250.790,13370.3125,25,1200,10001,"[0, 100000]","[0, 100000]",0,0,15283,36279
yolov8x_training,1199.174384,82,239.540,13370.3125,94,1395,10001,"[0, 100000]","[0, 100000]",0,0,2099,341
yolov8x_training,1200.217212,83,240.279,13370.3125,100,2445,10001,"[0, 100000]","[0, 100000]",0,0,90771,37744
yolov8x_training,1201.283161,84,256.217,13370.3125,50,1395,10001,"[0, 100000]","[0, 100000]",0,0,3466,12500
yolov8x_training,1202.326530,87,249.463,13370.3125,19,1275,10001,"[0, 100000]","[0, 100000]",0,0,341,341
yolov8x_training,1203.371653,87,237.353,13370.3125,78,1185,10001,"[0, 100000]","[0, 100000]",0,0,15332,33544
yolov8x_training,1204.414862,86,238.965,13370.3125,94,1830,10001,"[0, 100000]","[0, 100000]",0,0,2929,9472
yolov8x_training,1205.458174,82,247.966,13370.3125,92,1245,10001,"[0, 100000]","[0, 100000]",0,0,89599,21142
yolov8x_training,1206.501614,88,255.713,13370.3125,26,2625,10001,"[0, 100000]","[0, 100000]",0,0,4541,14794
yolov8x_training,1207.544537,88,260.403,13370.3125,94,1590,10001,"[0, 100000]","[0, 100000]",0,0,341,1039599
yolov8x_training,1208.587227,82,248.630,13370.3125,84,1935,10001,"[0, 100000]","[0, 100000]",0,0,3515,12646
yolov8x_training,1209.630441,87,253.822,13370.3125,51,1770,10001,"[0, 100000]","[0, 100000]",0,0,90429,34570
yolov8x_training,1210.698683,86,249.605,13370.3125,94,1155,10001,"[0, 100000]","[0, 100000]",0,0,2880,6494
yolov8x_training,1211.741803,86,244.600,13370.3125,59,2355,10001,"[0, 100000]","[0, 100000]",0,0,3417,36230
yolov8x_training,1212.801631,82,251.976,13370.3125,53,1147,10001,"[0, 100000]","[0, 100000]",0,0,3027,4443
yolov8x_training,1213.872864,87,256.803,13370.3125,98,1260,10001,"[0, 100000]","[0, 100000]",0,0,15039,32568
yolov8x_training,1214.915818,84,241.699,13370.3125,39,1185,10001,"[0, 100000]","[0, 100000]",0,0,1269,292
yolov8x_training,1215.979443,86,260.492,13370.3125,66,2520,10001,"[0, 100000]","[0, 100000]",0,0,15087,30859
yolov8x_training,1217.022571,87,255.232,13370.3125,97,1815,10001,"[0, 100000]","[0, 100000]",0,0,19824,292
yolov8x_training,1218.077929,86,247.290,13370.3125,54,1170,10001,"[0, 100000]","[0, 100000]",0,0,15283,33544
yolov8x_training,1219.120768,82,243.567,13370.3125,95,2550,10001,"[0, 100000]","[0, 100000]",0,0,1171,341
yolov8x_training,1220.173383,87,256.463,13370.3125,40,1755,10001,"[0, 100000]","[0, 100000]",0,0,15429,34814
yolov8x_training,1221.216371,88,246.395,13370.3125,59,1185,10001,"[0, 100000]","[0, 100000]",0,0,1611,292
yolov8x_training,1222.259447,84,254.784,13370.3125,100,2625,10001,"[0, 100000]","[0, 100000]",0,0,6787,26171
yolov8x_training,1223.302375,86,261.511,13370.3125,21,1860,10001,"[0, 100000]","[0, 100000]",0,0,1123,292
yolov8x_training,1224.360735,87,243.259,13370.3125,95,1290,10001,"[0, 100000]","[0, 100000]",0,0,15185,29541
yolov8x_training,1225.404303,84,239.994,13370.3125,100,1980,10001,"[0, 100000]","[0, 100000]",0,0,18066,292
yolov8x_training,1226.447016,88,267.035,13370.3125,18,1155,10001,"[0, 100000]","[0, 100000]",0,0,5712,20361
yolov8x_training,1227.490597,87,239.497,13370.3125,95,1290,10001,"[0, 100000]","[0, 100000]",0,0,390,292
yolov8x_training,1228.533282,83,251.575,13370.3125,100,1920,10001,"[0, 100000]","[0, 100000]",0,0,5517,22167
yolov8x_training,1229.576483,85,251.371,13370.3125,39,1320,10001,"[0, 100000]","[0, 100000]",0,0,292,292
yolov8x_training,1230.619507,87,255.366,13370.3125,94,1275,10001,"[0, 100000]","[0, 100000]",0,0,8496,29638
yolov8x_training,1231.662951,84,257.701,13370.3125,47,2160,10001,"[0, 100000]","[0, 100000]",0,0,341,292
yolov8x_training,1232.705534,87,252.958,13370.3125,67,1335,10001,"[0, 100000]","[0, 100000]",0,0,4638,17919
yolov8x_training,1233.749148,88,245.405,13370.3125,93,1320,10001,"[0, 100000]","[0, 100000]",0,0,341,292
yolov8x_training,1234.791977,84,244.527,13370.3125,24,2355,10001,"[0, 100000]","[0, 100000]",0,0,3564,34375
yolov8x_training,1235.835099,82,243.580,13370.3125,72,2115,10001,"[0, 100000]","[0, 100000]",0,0,6103,22412
yolov8x_training,1236.878751,87,217.775,13370.3125,0,1965,10001,"[0, 100000]","[0, 100000]",0,0,3222,37255
yolov8x_training,1237.941070,87,235.994,13370.3125,100,1680,10001,"[0, 100000]","[0, 100000]",0,0,3320,14013
yolov8x_training,1238.984254,83,243.405,13370.3125,36,1350,10001,"[0, 100000]","[0, 100000]",0,0,292,1040820
yolov8x_training,1240.027125,85,239.560,13370.3125,72,1252,10001,"[0, 100000]","[0, 100000]",0,0,3759,15869
yolov8x_training,1241.070472,87,258.853,13370.3125,100,1320,10001,"[0, 100000]","[0, 100000]",0,0,89160,20556
yolov8x_training,1242.114186,83,242.558,13370.3125,98,1305,10001,"[0, 100000]","[0, 100000]",0,0,3906,16259
yolov8x_training,1243.157302,85,244.143,13370.3125,100,2505,10001,"[0, 100000]","[0, 100000]",0,0,341,1040966
yolov8x_training,1244.200175,88,263.451,13370.3125,13,1605,10001,"[0, 100000]","[0, 100000]",0,0,5322,17431
yolov8x_training,1245.243284,87,243.336,13370.3125,88,1320,10001,"[0, 100000]","[0, 100000]",0,0,341,1029199
yolov8x_training,1246.285891,83,241.874,13370.3125,100,2160,10001,"[0, 100000]","[0, 100000]",0,0,3466,27880
yolov8x_training,1247.329357,87,264.753,13370.3125,9,1425,10001,"[0, 100000]","[0, 100000]",0,0,341,292
yolov8x_training,1248.372138,87,234.900,13370.3125,97,1275,10001,"[0, 100000]","[0, 100000]",0,0,3906,32421
yolov8x_training,1249.415889,83,246.352,13370.3125,100,1980,10001,"[0, 100000]","[0, 100000]",0,0,341,1034521
yolov8x_training,1250.458732,85,264.701,13370.3125,35,1725,10001,"[0, 100000]","[0, 100000]",0,0,5224,19775
yolov8x_training,1251.502072,86,244.452,13370.3125,97,1170,10001,"[0, 100000]","[0, 100000]",0,0,341,1033691
yolov8x_training,1252.544948,82,249.440,13370.3125,62,2565,10001,"[0, 100000]","[0, 100000]",0,0,5175,18115
yolov8x_training,1253.588012,87,250.669,13370.3125,64,1530,10001,"[0, 100000]","[0, 100000]",0,0,341,1035986
yolov8x_training,1254.630615,86,243.165,13370.3125,98,1275,10001,"[0, 100000]","[0, 100000]",0,0,4931,17138
yolov8x_training,1255.673635,84,241.613,13370.3125,43,2100,10001,"[0, 100000]","[0, 100000]",0,0,341,341
yolov8x_training,1256.716556,82,251.395,13370.3125,44,1305,10001,"[0, 100000]","[0, 100000]",0,0,4980,22460
yolov8x_training,1257.760089,87,253.612,13370.3125,95,1215,10001,"[0, 100000]","[0, 100000]",0,0,585,292
yolov8x_training,1258.831215,87,242.992,13370.3125,89,2175,10001,"[0, 100000]","[0, 100000]",0,0,15283,33349
yolov8x_training,1259.874240,83,241.016,13370.3125,13,1327,10001,"[0, 100000]","[0, 100000]",0,0,1953,292
yolov8x_training,1260.917036,83,261.613,13370.3125,88,1267,10001,"[0, 100000]","[0, 100000]",0,0,5078,103076
yolov8x_training,1261.987513,87,239.476,13370.3125,97,1815,10001,"[0, 100000]","[0, 100000]",0,0,2539,6347
yolov8x_training,1263.030616,86,249.934,13370.3125,52,1200,10001,"[0, 100000]","[0, 100000]",0,0,3076,39013
yolov8x_training,1264.091375,82,240.501,13370.3125,46,2100,10001,"[0, 100000]","[0, 100000]",0,0,3271,12109
yolov8x_training,1265.134588,86,258.209,13370.3125,72,2655,10001,"[0, 100000]","[0, 100000]",0,0,90136,27783
yolov8x_training,1266.204378,82,260.023,13370.3125,19,1200,10001,"[0, 100000]","[0, 100000]",0,0,3417,11718
yolov8x_training,1267.247657,83,239.866,13370.3125,94,1755,10001,"[0, 100000]","[0, 100000]",0,0,88623,15283
yolov8x_training,1268.290812,85,245.567,13370.3125,100,1177,10001,"[0, 100000]","[0, 100000]",0,0,4492,25000
yolov8x_training,1269.333911,87,261.402,13370.3125,21,1830,10001,"[0, 100000]","[0, 100000]",0,0,341,292
yolov8x_training,1270.376653,83,242.406,13370.3125,94,1920,10001,"[0, 100000]","[0, 100000]",0,0,3369,26953
yolov8x_training,1271.419726,87,247.948,13370.3125,96,1815,10001,"[0, 100000]","[0, 100000]",0,0,341,292
yolov8x_training,1272.462364,87,261.337,13370.3125,17,2580,10001,"[0, 100000]","[0, 100000]",0,0,5126,27392
yolov8x_training,1273.505459,84,243.054,13370.3125,84,1290,10001,"[0, 100000]","[0, 100000]",0,0,341,292
yolov8x_training,1274.548172,85,244.409,13370.3125,100,1245,10001,"[0, 100000]","[0, 100000]",0,0,14062,36962
yolov8x_training,1275.591281,87,256.768,13370.3125,22,2565,10001,"[0, 100000]","[0, 100000]",0,0,585,341
yolov8x_training,1276.656280,84,258.398,13370.3125,89,1410,10001,"[0, 100000]","[0, 100000]",0,0,15380,36914
yolov8x_training,1277.699409,87,248.353,13370.3125,100,1365,10001,"[0, 100000]","[0, 100000]",0,0,634,292
yolov8x_training,1278.755767,84,242.124,13370.3125,27,1327,10001,"[0, 100000]","[0, 100000]",0,0,15234,33251
yolov8x_training,1279.798902,87,261.763,13370.3125,71,1335,10001,"[0, 100000]","[0, 100000]",0,0,19042,292
yolov8x_training,1280.841933,84,244.350,13370.3125,100,1290,10001,"[0, 100000]","[0, 100000]",0,0,5126,21630
yolov8x_training,1281.885217,85,243.590,13370.3125,30,2655,10001,"[0, 100000]","[0, 100000]",0,0,1269,341
yolov8x_training,1282.953493,87,254.092,13370.3125,85,1207,10001,"[0, 100000]","[0, 100000]",0,0,15478,36816
yolov8x_training,1283.996836,86,248.315,13370.3125,100,1830,10001,"[0, 100000]","[0, 100000]",0,0,1464,292
yolov8x_training,1285.054085,84,247.742,13370.3125,44,1215,10001,"[0, 100000]","[0, 100000]",0,0,15429,37646
yolov8x_training,1286.097375,88,255.500,13370.3125,69,2085,10001,"[0, 100000]","[0, 100000]",0,0,341,292
yolov8x_training,1287.139968,83,259.252,13370.3125,24,1275,10001,"[0, 100000]","[0, 100000]",0,0,11816,31835
yolov8x_training,1288.182894,87,246.064,13370.3125,95,1875,10001,"[0, 100000]","[0, 100000]",0,0,6933,341
yolov8x_training,1289.225585,88,243.395,13370.3125,100,1800,10001,"[0, 100000]","[0, 100000]",0,0,5224,19824
yolov8x_training,1290.268688,82,227.141,13370.3125,89,2655,10001,"[0, 100000]","[0, 100000]",0,0,341,292
yolov8x_training,1291.311904,86,220.741,13370.3125,11,1275,10001,"[0, 100000]","[0, 100000]",0,0,2929,12011
yolov8x_training,1292.355523,82,200.262,13370.3125,88,2505,10001,"[0, 100000]","[0, 100000]",0,0,90185,28125
yolov8x_training,1293.425965,83,223.594,13370.3125,37,1575,10001,"[0, 100000]","[0, 100000]",0,0,292,292
yolov8x_training,1294.485061,85,203.681,13370.3125,72,2655,10001,"[0, 100000]","[0, 100000]",0,0,14208,28222
yolov8x_training,1295.528775,81,222.619,13370.3125,71,1320,10001,"[0, 100000]","[0, 100000]",0,0,292,292
yolov8x_training,1296.571570,86,201.781,13370.3125,28,2655,10001,"[0, 100000]","[0, 100000]",0,0,3417,14111
yolov8x_training,1297.614680,81,225.896,13370.3125,82,1200,10001,"[0, 100000]","[0, 100000]",0,0,341,292
yolov8x_training,1298.657309,85,201.019,13370.3125,2,2655,10001,"[0, 100000]","[0, 100000]",0,0,341,292
yolov8x_training,1299.724926,86,241.290,13370.3125,11,1335,10001,"[0, 100000]","[0, 100000]",0,0,15527,33496
yolov8x_training,1300.768588,86,250.800,13370.3125,92,1260,10001,"[0, 100000]","[0, 100000]",0,0,2294,2441
yolov8x_training,1301.811681,85,244.250,13370.3125,100,1485,10001,"[0, 100000]","[0, 100000]",0,0,6738,105029
yolov8x_training,1302.875177,81,244.141,13370.3125,34,2595,10001,"[0, 100000]","[0, 100000]",0,0,2832,10351
yolov8x_training,1303.918053,87,253.667,13370.3125,48,1755,10001,"[0, 100000]","[0, 100000]",0,0,4003,35693
yolov8x_training,1304.975829,85,251.158,13370.3125,95,1830,10001,"[0, 100000]","[0, 100000]",0,0,2685,57324
yolov8x_training,1306.018673,81,241.912,13370.3125,60,1290,10001,"[0, 100000]","[0, 100000]",0,0,4052,36767
yolov8x_training,1307.074207,84,240.003,13370.3125,52,2565,10001,"[0, 100000]","[0, 100000]",0,0,3222,12744
yolov8x_training,1308.117540,87,246.720,13370.3125,94,1500,10001,"[0, 100000]","[0, 100000]",0,0,89111,17871
yolov8x_training,1309.160907,82,256.361,13370.3125,17,1320,10001,"[0, 100000]","[0, 100000]",0,0,4736,20947
yolov8x_training,1310.204066,86,243.863,13370.3125,94,1635,10001,"[0, 100000]","[0, 100000]",0,0,341,292
yolov8x_training,1311.246650,86,242.827,13370.3125,100,1455,10001,"[0, 100000]","[0, 100000]",0,0,5664,25830
yolov8x_training,1312.289645,86,261.699,13370.3125,10,1275,10001,"[0, 100000]","[0, 100000]",0,0,14208,292
yolov8x_training,1313.354905,85,242.512,13370.3125,69,1335,10001,"[0, 100000]","[0, 100000]",0,0,15185,34521
yolov8x_training,1314.398393,81,238.737,13370.3125,95,2580,10001,"[0, 100000]","[0, 100000]",0,0,2294,781
yolov8x_training,1315.471819,86,250.675,13370.3125,69,2505,10001,"[0, 100000]","[0, 100000]",0,0,15283,33105
yolov8x_training,1316.514698,86,253.848,13370.3125,30,1785,10001,"[0, 100000]","[0, 100000]",0,0,2246,585
yolov8x_training,1317.558040,81,257.375,13370.3125,95,1185,10001,"[0, 100000]","[0, 100000]",0,0,6445,104345
yolov8x_training,1318.625395,86,240.531,13370.3125,90,2550,10001,"[0, 100000]","[0, 100000]",0,0,2099,292
yolov8x_training,1319.668241,87,243.730,13370.3125,24,1260,10001,"[0, 100000]","[0, 100000]",0,0,5371,102343
yolov8x_training,1320.737570,88,261.727,13370.3125,94,1170,10001,"[0, 100000]","[0, 100000]",0,0,2490,125439
yolov8x_training,1321.780511,84,232.313,13370.3125,100,1965,10001,"[0, 100000]","[0, 100000]",0,0,3613,36962
yolov8x_training,1322.839088,82,243.141,13370.3125,48,2655,10001,"[0, 100000]","[0, 100000]",0,0,3271,11669
yolov8x_training,1323.882096,87,253.694,13370.3125,72,1320,10001,"[0, 100000]","[0, 100000]",0,0,23193,39599
yolov8x_training,1324.945932,85,244.305,13370.3125,99,1380,10001,"[0, 100000]","[0, 100000]",0,0,3710,12255
yolov8x_training,1325.989659,82,239.583,13370.3125,56,1215,10001,"[0, 100000]","[0, 100000]",0,0,15527,673583
yolov8x_training,1327.033100,84,235.801,13370.3125,45,2130,10001,"[0, 100000]","[0, 100000]",0,0,4589,24658
yolov8x_training,1328.076172,87,261.730,13370.3125,95,1305,10001,"[0, 100000]","[0, 100000]",0,0,341,292
yolov8x_training,1329.118853,82,257.983,13370.3125,98,1185,10001,"[0, 100000]","[0, 100000]",0,0,5810,21337
yolov8x_training,1330.162578,87,250.513,13370.3125,94,2370,10001,"[0, 100000]","[0, 100000]",0,0,341,292
yolov8x_training,1331.205153,86,229.637,13370.3125,95,2565,10001,"[0, 100000]","[0, 100000]",0,0,89306,19970
yolov8x_training,1332.248586,87,244.332,13370.3125,100,1320,10001,"[0, 100000]","[0, 100000]",0,0,4833,21093
yolov8x_training,1333.291597,87,259.911,13370.3125,26,1200,10001,"[0, 100000]","[0, 100000]",0,0,341,341
yolov8x_training,1334.352249,85,241.912,13370.3125,68,1485,10001,"[0, 100000]","[0, 100000]",0,0,15039,30419
yolov8x_training,1335.395231,81,241.773,13370.3125,94,1312,10001,"[0, 100000]","[0, 100000]",0,0,6201,90673
yolov8x_training,1336.439006,88,256.923,13370.3125,48,1275,10001,"[0, 100000]","[0, 100000]",0,0,7080,30664
yolov8x_training,1337.482169,86,254.625,13370.3125,67,1485,10001,"[0, 100000]","[0, 100000]",0,0,1171,341
yolov8x_training,1338.554833,82,243.643,13370.3125,93,1860,10001,"[0, 100000]","[0, 100000]",0,0,15527,35009
yolov8x_training,1339.598346,85,237.969,13370.3125,67,2610,10001,"[0, 100000]","[0, 100000]",0,0,2587,3417
yolov8x_training,1340.641521,86,251.328,13370.3125,46,1470,10001,"[0, 100000]","[0, 100000]",0,0,6591,104003
yolov8x_training,1341.702439,82,258.740,13370.3125,95,1260,10001,"[0, 100000]","[0, 100000]",0,0,2978,3759
yolov8x_training,1342.774025,82,254.424,13370.3125,74,2580,10001,"[0, 100000]","[0, 100000]",0,0,15380,29199
yolov8x_training,1343.817263,86,250.120,13370.3125,36,1335,10001,"[0, 100000]","[0, 100000]",0,0,16699,18701
yolov8x_training,1344.880475,87,254.750,13370.3125,95,1245,10001,"[0, 100000]","[0, 100000]",0,0,15283,35253
yolov8x_training,1345.923893,83,237.035,13370.3125,95,2535,10001,"[0, 100000]","[0, 100000]",0,0,1318,292
yolov8x_training,1346.966782,86,249.529,13370.3125,25,2010,10001,"[0, 100000]","[0, 100000]",0,0,6542,104492
yolov8x_training,1348.020717,88,260.988,13370.3125,95,2580,10001,"[0, 100000]","[0, 100000]",0,0,1464,292
yolov8x_training,1349.063613,83,261.807,13370.3125,87,592,10001,"[0, 100000]","[0, 100000]",0,0,4052,38183
yolov8x_training,1350.117500,86,247.555,13370.3125,22,2160,10001,"[0, 100000]","[0, 100000]",0,0,2929,11376
yolov8x_training,1351.160784,87,239.056,13370.3125,100,1305,10001,"[0, 100000]","[0, 100000]",0,0,89648,23095
yolov8x_training,1352.234079,87,257.593,13370.3125,34,1200,10001,"[0, 100000]","[0, 100000]",0,0,2880,11181
yolov8x_training,1353.277100,86,245.167,13370.3125,51,1365,10001,"[0, 100000]","[0, 100000]",0,0,89453,20312
yolov8x_training,1354.321050,82,244.379,13370.3125,94,2550,10001,"[0, 100000]","[0, 100000]",0,0,5517,16650
yolov8x_training,1355.364179,86,247.624,13370.3125,84,2265,10001,"[0, 100000]","[0, 100000]",0,0,341,292
yolov8x_training,1356.406774,88,259.442,13370.3125,16,1215,10001,"[0, 100000]","[0, 100000]",0,0,6250,30371
yolov8x_training,1357.449880,83,242.778,13370.3125,93,1245,10001,"[0, 100000]","[0, 100000]",0,0,341,292
yolov8x_training,1358.492568,87,246.009,13370.3125,100,2445,10001,"[0, 100000]","[0, 100000]",0,0,6494,103466
yolov8x_training,1359.546578,87,255.869,13370.3125,18,1425,10001,"[0, 100000]","[0, 100000]",0,0,2392,125439
yolov8x_training,1360.589509,85,257.954,13370.3125,81,1170,10001,"[0, 100000]","[0, 100000]",0,0,6738,104199
yolov8x_training,1361.648825,82,247.559,13370.3125,94,1410,10001,"[0, 100000]","[0, 100000]",0,0,3173,12646
yolov8x_training,1362.692170,86,238.758,13370.3125,82,2550,10001,"[0, 100000]","[0, 100000]",0,0,88671,15625
yolov8x_training,1363.735363,87,243.443,13370.3125,25,1380,10001,"[0, 100000]","[0, 100000]",0,0,4199,30957
yolov8x_training,1364.778991,88,265.424,13370.3125,93,1200,10001,"[0, 100000]","[0, 100000]",0,0,341,292
yolov8x_training,1365.829913,84,241.782,13370.3125,100,2415,10001,"[0, 100000]","[0, 100000]",0,0,14648,30517
yolov8x_training,1366.873369,83,250.219,13370.3125,41,2100,10001,"[0, 100000]","[0, 100000]",0,0,6054,93408
yolov8x_training,1367.939154,87,254.657,13370.3125,58,1320,10001,"[0, 100000]","[0, 100000]",0,0,15429,34082
yolov8x_training,1368.982365,86,251.783,13370.3125,96,1245,10001,"[0, 100000]","[0, 100000]",0,0,1171,292
yolov8x_training,1370.025195,82,238.920,13370.3125,54,1290,10001,"[0, 100000]","[0, 100000]",0,0,6640,104785
yolov8x_training,1371.079114,85,243.655,13370.3125,48,1290,10001,"[0, 100000]","[0, 100000]",0,0,2832,7226
yolov8x_training,1372.122118,86,250.128,13370.3125,94,1440,10001,"[0, 100000]","[0, 100000]",0,0,4052,36718
yolov8x_training,1373.176009,82,257.201,13370.3125,15,1245,10001,"[0, 100000]","[0, 100000]",0,0,3027,12011
yolov8x_training,1374.219254,87,239.590,13370.3125,95,2550,10001,"[0, 100000]","[0, 100000]",0,0,89013,18554
yolov8x_training,1375.262186,87,243.982,13370.3125,100,1230,10001,"[0, 100000]","[0, 100000]",0,0,5712,18554
yolov8x_training,1376.305300,88,263.612,13370.3125,16,1215,10001,"[0, 100000]","[0, 100000]",0,0,341,1029052
yolov8x_training,1377.348075,84,236.462,13370.3125,78,2340,10001,"[0, 100000]","[0, 100000]",0,0,5322,18505
yolov8x_training,1378.391656,82,235.854,13370.3125,94,2640,10001,"[0, 100000]","[0, 100000]",0,0,1074,292
yolov8x_training,1379.434416,87,252.722,13370.3125,83,2655,10001,"[0, 100000]","[0, 100000]",0,0,6347,102050
yolov8x_training,1380.501868,88,256.150,13370.3125,13,1440,10001,"[0, 100000]","[0, 100000]",0,0,3369,10937
yolov8x_training,1381.545066,83,260.235,13370.3125,94,1185,10001,"[0, 100000]","[0, 100000]",0,0,89648,22021
yolov8x_training,1382.588267,84,245.173,13370.3125,100,2340,10001,"[0, 100000]","[0, 100000]",0,0,4492,25390
yolov8x_training,1383.633130,86,239.511,13370.3125,77,2610,10001,"[0, 100000]","[0, 100000]",0,0,341,292
yolov8x_training,1384.678769,87,247.879,13370.3125,23,1335,10001,"[0, 100000]","[0, 100000]",0,0,15283,33447
yolov8x_training,1385.722038,83,243.676,13370.3125,93,1245,10001,"[0, 100000]","[0, 100000]",0,0,3076,5273
yolov8x_training,1386.765854,86,238.900,13370.3125,100,2460,10001,"[0, 100000]","[0, 100000]",0,0,89599,21533
yolov8x_training,1387.809237,82,250.998,13370.3125,56,1695,10001,"[0, 100000]","[0, 100000]",0,0,4541,19189
yolov8x_training,1388.852677,87,253.525,13370.3125,29,1590,10001,"[0, 100000]","[0, 100000]",0,0,1464,292
yolov8x_training,1389.918986,87,256.686,13370.3125,86,1185,10001,"[0, 100000]","[0, 100000]",0,0,15332,35693
yolov8x_training,1390.961983,86,238.414,13370.3125,100,1275,10001,"[0, 100000]","[0, 100000]",0,0,2587,8984
yolov8x_training,1392.005260,83,246.773,13370.3125,70,1245,10001,"[0, 100000]","[0, 100000]",0,0,341,1040136
yolov8x_training,1393.048146,86,241.428,13370.3125,8,2565,10001,"[0, 100000]","[0, 100000]",0,0,4003,30517
yolov8x_training,1394.091798,87,257.165,13370.3125,100,2655,10001,"[0, 100000]","[0, 100000]",0,0,341,341
yolov8x_training,1395.134479,87,252.816,13370.3125,54,915,10001,"[0, 100000]","[0, 100000]",0,0,6347,101025
yolov8x_training,1396.194206,82,242.147,13370.3125,94,1305,10001,"[0, 100000]","[0, 100000]",0,0,5224,105322
yolov8x_training,1397.237568,83,250.896,13370.3125,100,2580,10001,"[0, 100000]","[0, 100000]",0,0,3857,36035
yolov8x_training,1398.294250,85,260.889,13370.3125,27,1410,10001,"[0, 100000]","[0, 100000]",0,0,3564,12548
yolov8x_training,1399.338565,88,244.835,13370.3125,68,1170,10001,"[0, 100000]","[0, 100000]",0,0,89111,17724
yolov8x_training,1400.382048,86,249.960,13370.3125,93,2400,10001,"[0, 100000]","[0, 100000]",0,0,4492,23388
yolov8x_training,1401.425301,82,254.940,13370.3125,65,2445,10001,"[0, 100000]","[0, 100000]",0,0,341,292
yolov8x_training,1402.476621,85,251.723,13370.3125,42,2580,10001,"[0, 100000]","[0, 100000]",0,0,15283,32714
yolov8x_training,1403.519931,87,241.185,13370.3125,94,1320,10001,"[0, 100000]","[0, 100000]",0,0,13330,41162
yolov8x_training,1404.590622,83,240.369,13370.3125,100,1290,10001,"[0, 100000]","[0, 100000]",0,0,15234,35449
yolov8x_training,1405.633764,84,238.166,13370.3125,36,1785,10001,"[0, 100000]","[0, 100000]",0,0,2685,3417
yolov8x_training,1406.676608,86,250.014,13370.3125,48,1267,10001,"[0, 100000]","[0, 100000]",0,0,89648,21044
yolov8x_training,1407.720061,86,252.367,13370.3125,95,1200,10001,"[0, 100000]","[0, 100000]",0,0,3808,15332
yolov8x_training,1408.762991,87,240.746,13370.3125,75,1380,10001,"[0, 100000]","[0, 100000]",0,0,341,292
yolov8x_training,1409.805629,83,246.399,13370.3125,17,2415,10001,"[0, 100000]","[0, 100000]",0,0,4589,18359
yolov8x_training,1410.848662,86,260.234,13370.3125,93,1800,10001,"[0, 100000]","[0, 100000]",0,0,18261,292
yolov8x_training,1411.908063,87,237.070,13370.3125,100,1200,10001,"[0, 100000]","[0, 100000]",0,0,15136,34765
yolov8x_training,1412.951062,86,239.907,13370.3125,48,1185,10001,"[0, 100000]","[0, 100000]",0,0,2197,439
yolov8x_training,1413.994125,82,256.649,13370.3125,71,2160,10001,"[0, 100000]","[0, 100000]",0,0,6933,102294
yolov8x_training,1415.057439,86,256.076,13370.3125,93,2415,10001,"[0, 100000]","[0, 100000]",0,0,1953,292
yolov8x_training,1416.100247,86,248.086,13370.3125,49,1290,10001,"[0, 100000]","[0, 100000]",0,0,6347,102343
yolov8x_training,1417.168679,86,225.601,13370.3125,57,1290,10001,"[0, 100000]","[0, 100000]",0,0,341,292
yolov8x_training,1418.211444,85,208.761,13370.3125,83,2385,10001,"[0, 100000]","[0, 100000]",0,0,2929,3955
yolov8x_training,1419.254943,81,219.348,13370.3125,34,1335,10001,"[0, 100000]","[0, 100000]",0,0,6982,97460
yolov8x_training,1420.317275,87,213.051,13370.3125,89,2655,10001,"[0, 100000]","[0, 100000]",0,0,292,292
yolov8x_training,1421.359985,81,225.578,13370.3125,0,1200,10001,"[0, 100000]","[0, 100000]",0,0,2734,3369
yolov8x_training,1422.420482,87,240.124,13370.3125,47,1170,10001,"[0, 100000]","[0, 100000]",0,0,15771,32031
yolov8x_training,1423.463405,85,248.692,13370.3125,98,1200,10001,"[0, 100000]","[0, 100000]",0,0,341,341
yolov8x_training,1424.507969,84,261.673,13370.3125,35,2445,10001,"[0, 100000]","[0, 100000]",0,0,15771,35742
yolov8x_training,1425.551205,87,256.237,13370.3125,83,1455,10001,"[0, 100000]","[0, 100000]",0,0,1562,292
yolov8x_training,1426.611509,85,247.383,13370.3125,100,1215,10001,"[0, 100000]","[0, 100000]",0,0,15478,30419
yolov8x_training,1427.654420,85,244.736,13370.3125,37,2505,10001,"[0, 100000]","[0, 100000]",0,0,14648,292
yolov8x_training,1428.705534,87,253.900,13370.3125,75,1680,10001,"[0, 100000]","[0, 100000]",0,0,15576,35253
yolov8x_training,1429.748449,87,248.003,13370.3125,97,1230,10001,"[0, 100000]","[0, 100000]",0,0,1123,292
yolov8x_training,1430.812746,85,244.862,13370.3125,47,2565,10001,"[0, 100000]","[0, 100000]",0,0,15527,33642
yolov8x_training,1431.855744,83,255.669,13370.3125,74,1380,10001,"[0, 100000]","[0, 100000]",0,0,878,292
yolov8x_training,1432.916438,87,248.799,13370.3125,100,1170,10001,"[0, 100000]","[0, 100000]",0,0,15332,34375
yolov8x_training,1433.959309,86,243.543,13370.3125,45,1170,10001,"[0, 100000]","[0, 100000]",0,0,1660,292
yolov8x_training,1435.019510,84,257.163,13370.3125,66,2565,10001,"[0, 100000]","[0, 100000]",0,0,15332,30322
yolov8x_training,1436.062597,87,254.926,13370.3125,98,1350,10001,"[0, 100000]","[0, 100000]",0,0,19824,292
yolov8x_training,1437.114249,86,249.335,13370.3125,62,1155,10001,"[0, 100000]","[0, 100000]",0,0,15771,34130
yolov8x_training,1438.157612,82,245.291,13370.3125,100,2535,10001,"[0, 100000]","[0, 100000]",0,0,292,292
yolov8x_training,1439.206871,87,256.836,13370.3125,44,1545,10001,"[0, 100000]","[0, 100000]",0,0,15478,34570
yolov8x_training,1440.249723,89,247.770,13370.3125,57,1140,10001,"[0, 100000]","[0, 100000]",0,0,1855,292
yolov8x_training,1441.323582,86,245.031,13370.3125,96,2445,10001,"[0, 100000]","[0, 100000]",0,0,15722,35302
yolov8x_training,1442.366859,82,258.686,13370.3125,61,1350,10001,"[0, 100000]","[0, 100000]",0,0,585,292
yolov8x_training,1443.426822,87,251.069,13370.3125,69,1170,10001,"[0, 100000]","[0, 100000]",0,0,15332,31445
yolov8x_training,1444.469826,86,246.121,13370.3125,99,1185,10001,"[0, 100000]","[0, 100000]",0,0,13623,292
yolov8x_training,1445.521521,82,254.573,13370.3125,64,2460,10001,"[0, 100000]","[0, 100000]",0,0,15673,34863
yolov8x_training,1446.564516,87,255.191,13370.3125,56,1395,10001,"[0, 100000]","[0, 100000]",0,0,1123,292
yolov8x_training,1447.627156,86,252.695,13370.3125,97,1710,10001,"[0, 100000]","[0, 100000]",0,0,15527,34326
yolov8x_training,1448.670093,82,247.180,13370.3125,70,2325,10001,"[0, 100000]","[0, 100000]",0,0,830,292
yolov8x_training,1449.718823,88,257.932,13370.3125,61,1365,10001,"[0, 100000]","[0, 100000]",0,0,15478,35058
yolov8x_training,1450.762030,88,252.124,13370.3125,98,1170,10001,"[0, 100000]","[0, 100000]",0,0,341,292
yolov8x_training,1451.809278,85,246.305,13370.3125,41,2505,10001,"[0, 100000]","[0, 100000]",0,0,15185,30273
yolov8x_training,1452.852835,85,256.978,13370.3125,74,1665,10001,"[0, 100000]","[0, 100000]",0,0,15917,292
yolov8x_training,1453.901006,87,247.139,13370.3125,98,1170,10001,"[0, 100000]","[0, 100000]",0,0,15087,35595
yolov8x_training,1454.943946,86,245.663,13370.3125,46,2520,10001,"[0, 100000]","[0, 100000]",0,0,878,292
yolov8x_training,1456.003521,83,255.189,13370.3125,74,2355,10001,"[0, 100000]","[0, 100000]",0,0,15478,33642
yolov8x_training,1457.046554,87,258.208,13370.3125,100,1770,10001,"[0, 100000]","[0, 100000]",0,0,683,292
yolov8x_training,1458.111695,85,249.289,13370.3125,37,1155,10001,"[0, 100000]","[0, 100000]",0,0,15380,34375
yolov8x_training,1459.154644,84,242.225,13370.3125,96,2550,10001,"[0, 100000]","[0, 100000]",0,0,878,292
yolov8x_training,1460.199405,87,260.037,13370.3125,40,1275,10001,"[0, 100000]","[0, 100000]",0,0,15087,30957
yolov8x_training,1461.242528,85,245.560,13370.3125,87,1290,10001,"[0, 100000]","[0, 100000]",0,0,14843,341
yolov8x_training,1462.285559,85,243.305,13370.3125,100,2655,10001,"[0, 100000]","[0, 100000]",0,0,14355,30908
yolov8x_training,1463.328701,86,259.657,13370.3125,24,1200,10001,"[0, 100000]","[0, 100000]",0,0,732,292
yolov8x_training,1464.388857,86,247.610,13370.3125,82,1260,10001,"[0, 100000]","[0, 100000]",0,0,15380,33984
yolov8x_training,1465.431782,86,242.392,13370.3125,98,2655,10001,"[0, 100000]","[0, 100000]",0,0,2294,781
yolov8x_training,1466.475243,84,256.141,13370.3125,55,2265,10001,"[0, 100000]","[0, 100000]",0,0,6542,105566
yolov8x_training,1467.533273,87,248.182,13370.3125,65,1485,10001,"[0, 100000]","[0, 100000]",0,0,2636,3955
yolov8x_training,1468.576514,86,252.563,13370.3125,97,1215,10001,"[0, 100000]","[0, 100000]",0,0,6542,102880
yolov8x_training,1469.643996,82,245.751,13370.3125,61,2595,10001,"[0, 100000]","[0, 100000]",0,0,5224,105419
yolov8x_training,1470.687595,86,250.836,13370.3125,45,1320,10001,"[0, 100000]","[0, 100000]",0,0,4687,103222
yolov8x_training,1471.759794,87,254.257,13370.3125,94,1275,10001,"[0, 100000]","[0, 100000]",0,0,3222,12255
yolov8x_training,1472.803089,87,245.589,13370.3125,100,1260,10001,"[0, 100000]","[0, 100000]",0,0,341,1030029
yolov8x_training,1473.846073,86,239.141,13370.3125,47,2115,10001,"[0, 100000]","[0, 100000]",0,0,5566,19824
yolov8x_training,1474.889410,87,249.470,13370.3125,48,1365,10001,"[0, 100000]","[0, 100000]",0,0,976,341
yolov8x_training,1475.932505,87,255.329,13370.3125,94,1215,10001,"[0, 100000]","[0, 100000]",0,0,6835,101074
yolov8x_training,1476.994870,83,240.809,13370.3125,100,1230,10001,"[0, 100000]","[0, 100000]",0,0,3076,36132
yolov8x_training,1478.038636,83,239.705,13370.3125,36,1215,10001,"[0, 100000]","[0, 100000]",0,0,44335,38623
yolov8x_training,1479.103999,87,243.511,13370.3125,68,2550,10001,"[0, 100000]","[0, 100000]",0,0,3417,11718
yolov8x_training,1480.146978,87,249.125,13370.3125,94,1320,10001,"[0, 100000]","[0, 100000]",0,0,88720,15917
yolov8x_training,1481.190184,82,260.244,13370.3125,27,1170,10001,"[0, 100000]","[0, 100000]",0,0,4492,24414
yolov8x_training,1482.233479,87,238.955,13370.3125,95,2130,10001,"[0, 100000]","[0, 100000]",0,0,341,341
yolov8x_training,1483.279938,86,242.108,13370.3125,100,2400,10001,"[0, 100000]","[0, 100000]",0,0,14941,29541
yolov8x_training,1484.322764,87,256.756,13370.3125,38,697,10001,"[0, 100000]","[0, 100000]",0,0,2685,101416
yolov8x_training,1485.366523,87,248.850,13370.3125,47,1185,10001,"[0, 100000]","[0, 100000]",0,0,6494,102539
yolov8x_training,1486.434398,82,245.021,13370.3125,95,2550,10001,"[0, 100000]","[0, 100000]",0,0,2978,9619
yolov8x_training,1487.477545,87,245.899,13370.3125,100,2055,10001,"[0, 100000]","[0, 100000]",0,0,89404,20898
yolov8x_training,1488.520763,88,263.161,13370.3125,12,2505,10001,"[0, 100000]","[0, 100000]",0,0,5224,19677
yolov8x_training,1489.564080,83,261.725,13370.3125,95,1230,10001,"[0, 100000]","[0, 100000]",0,0,341,292
yolov8x_training,1490.609882,84,244.586,13370.3125,100,1245,10001,"[0, 100000]","[0, 100000]",0,0,15087,31738
yolov8x_training,1491.652977,87,242.017,13370.3125,61,2565,10001,"[0, 100000]","[0, 100000]",0,0,5419,94140
yolov8x_training,1492.696618,87,248.345,13370.3125,27,1425,10001,"[0, 100000]","[0, 100000]",0,0,6933,102832
yolov8x_training,1493.759805,87,260.515,13370.3125,95,1215,10001,"[0, 100000]","[0, 100000]",0,0,2636,7275
yolov8x_training,1494.802903,83,242.372,13370.3125,100,2070,10001,"[0, 100000]","[0, 100000]",0,0,5078,104003
yolov8x_training,1495.872368,87,244.255,13370.3125,12,2520,10001,"[0, 100000]","[0, 100000]",0,0,2978,11181
yolov8x_training,1496.915457,87,259.394,13370.3125,80,1320,10001,"[0, 100000]","[0, 100000]",0,0,89013,18115
yolov8x_training,1497.958766,86,246.467,13370.3125,96,1665,10001,"[0, 100000]","[0, 100000]",0,0,4345,18945
yolov8x_training,1499.001658,82,244.964,13370.3125,60,1170,10001,"[0, 100000]","[0, 100000]",0,0,341,292
yolov8x_training,1500.044241,87,248.158,13370.3125,28,2295,10001,"[0, 100000]","[0, 100000]",0,0,7568,29638
yolov8x_training,1501.087595,88,244.593,13370.3125,95,1380,10001,"[0, 100000]","[0, 100000]",0,0,2246,732
yolov8x_training,1502.130847,84,260.246,13370.3125,100,1260,10001,"[0, 100000]","[0, 100000]",0,0,4541,102783
yolov8x_training,1503.204358,82,246.133,13370.3125,58,1275,10001,"[0, 100000]","[0, 100000]",0,0,2929,10302
yolov8x_training,1504.248349,87,241.534,13370.3125,94,2385,10001,"[0, 100000]","[0, 100000]",0,0,89843,25244
yolov8x_training,1505.321741,87,259.172,13370.3125,86,1830,10001,"[0, 100000]","[0, 100000]",0,0,3027,13037
yolov8x_training,1506.365140,87,255.962,13370.3125,22,1185,10001,"[0, 100000]","[0, 100000]",0,0,341,1033740
yolov8x_training,1507.407840,83,240.746,13370.3125,92,2220,10001,"[0, 100000]","[0, 100000]",0,0,3613,35107
yolov8x_training,1508.450932,84,239.278,13370.3125,100,1297,10001,"[0, 100000]","[0, 100000]",0,0,341,292
yolov8x_training,1509.504406,87,255.742,13370.3125,60,2655,10001,"[0, 100000]","[0, 100000]",0,0,15087,35498
yolov8x_training,1510.547428,87,252.868,13370.3125,38,1845,10001,"[0, 100000]","[0, 100000]",0,0,2294,1220
yolov8x_training,1511.590301,82,254.169,13370.3125,93,1155,10001,"[0, 100000]","[0, 100000]",0,0,3271,36279
yolov8x_training,1512.651825,87,244.513,13370.3125,100,2100,10001,"[0, 100000]","[0, 100000]",0,0,3515,14746
yolov8x_training,1513.695091,87,240.577,13370.3125,28,2295,10001,"[0, 100000]","[0, 100000]",0,0,292,292
yolov8x_training,1514.737741,86,257.118,13370.3125,59,1260,10001,"[0, 100000]","[0, 100000]",0,0,5175,20019
yolov8x_training,1515.781129,87,249.779,13370.3125,95,1215,10001,"[0, 100000]","[0, 100000]",0,0,341,292
yolov8x_training,1516.855971,83,240.136,13370.3125,93,2415,10001,"[0, 100000]","[0, 100000]",0,0,15332,35009
yolov8x_training,1517.899613,83,224.584,13370.3125,12,2595,10001,"[0, 100000]","[0, 100000]",0,0,6640,97363
yolov8x_training,1518.965666,86,222.372,13370.3125,100,2655,10001,"[0, 100000]","[0, 100000]",0,0,341,292
yolov8x_training,1520.008998,82,207.828,13370.3125,32,1710,10001,"[0, 100000]","[0, 100000]",0,0,2880,8984
yolov8x_training,1521.052798,86,224.537,13370.3125,58,2595,10001,"[0, 100000]","[0, 100000]",0,0,6494,96533
yolov8x_training,1522.108346,84,224.099,13370.3125,66,1470,10001,"[0, 100000]","[0, 100000]",0,0,7421,25244
yolov8x_training,1523.151617,87,250.596,13370.3125,56,1305,10001,"[0, 100000]","[0, 100000]",0,0,292,292
yolov8x_training,1524.194293,85,259.104,13370.3125,36,1245,10001,"[0, 100000]","[0, 100000]",0,0,4931,20166
yolov8x_training,1525.237343,84,246.912,13370.3125,76,1410,10001,"[0, 100000]","[0, 100000]",0,0,390,292
yolov8x_training,1526.279916,85,256.590,13370.3125,100,2550,10001,"[0, 100000]","[0, 100000]",0,0,5664,20654
yolov8x_training,1527.323546,87,259.682,13370.3125,24,1155,10001,"[0, 100000]","[0, 100000]",0,0,292,292
yolov8x_training,1528.366125,82,249.641,13370.3125,97,2235,10001,"[0, 100000]","[0, 100000]",0,0,3759,32861
yolov8x_training,1529.409366,87,249.523,13370.3125,94,1710,10001,"[0, 100000]","[0, 100000]",0,0,292,341
yolov8x_training,1530.451999,87,258.161,13370.3125,31,1170,10001,"[0, 100000]","[0, 100000]",0,0,3906,26904
yolov8x_training,1531.494998,82,246.468,13370.3125,97,1365,10001,"[0, 100000]","[0, 100000]",0,0,341,292
yolov8x_training,1532.537586,87,250.532,13370.3125,75,2355,10001,"[0, 100000]","[0, 100000]",0,0,4394,27294
yolov8x_training,1533.581595,86,258.748,13370.3125,56,1320,10001,"[0, 100000]","[0, 100000]",0,0,341,440966
yolov8x_training,1534.624271,82,249.362,13370.3125,97,1290,10001,"[0, 100000]","[0, 100000]",0,0,4345,25195
yolov8x_training,1535.667599,86,244.281,13370.3125,40,2505,10001,"[0, 100000]","[0, 100000]",0,0,292,292
yolov8x_training,1536.710045,84,254.226,13370.3125,84,1200,10001,"[0, 100000]","[0, 100000]",0,0,3564,30664
yolov8x_training,1537.753020,85,248.819,13370.3125,100,1740,10001,"[0, 100000]","[0, 100000]",0,0,341,341
yolov8x_training,1538.795598,83,240.257,13370.3125,43,2310,10001,"[0, 100000]","[0, 100000]",0,0,4980,18505
yolov8x_training,1539.839197,87,265.026,13370.3125,71,1830,10001,"[0, 100000]","[0, 100000]",0,0,390,292
yolov8x_training,1540.881767,84,235.964,13370.3125,100,1950,10001,"[0, 100000]","[0, 100000]",0,0,5029,27246
yolov8x_training,1541.925014,87,249.146,13370.3125,32,2505,10001,"[0, 100000]","[0, 100000]",0,0,341,292
yolov8x_training,1542.967599,87,264.902,13370.3125,97,907,10001,"[0, 100000]","[0, 100000]",0,0,4687,22900
yolov8x_training,1544.010507,82,238.170,13370.3125,86,1230,10001,"[0, 100000]","[0, 100000]",0,0,341,313867
yolov8x_training,1545.053230,85,253.272,13370.3125,36,2415,10001,"[0, 100000]","[0, 100000]",0,0,3808,28222
yolov8x_training,1546.096205,86,249.215,13370.3125,97,1530,10001,"[0, 100000]","[0, 100000]",0,0,292,292
yolov8x_training,1547.138814,84,251.921,13370.3125,73,2205,10001,"[0, 100000]","[0, 100000]",0,0,4296,15185
yolov8x_training,1548.182116,87,241.286,13370.3125,98,1830,10001,"[0, 100000]","[0, 100000]",0,0,341,292
yolov8x_training,1549.224713,86,255.559,13370.3125,43,787,10001,"[0, 100000]","[0, 100000]",0,0,4443,24316
yolov8x_training,1550.267823,86,246.880,13370.3125,49,1320,10001,"[0, 100000]","[0, 100000]",0,0,341,292
yolov8x_training,1551.310416,82,249.665,13370.3125,97,1155,10001,"[0, 100000]","[0, 100000]",0,0,5078,27734
yolov8x_training,1552.353644,87,251.608,13370.3125,63,1440,10001,"[0, 100000]","[0, 100000]",0,0,341,292
yolov8x_training,1553.399882,86,252.993,13370.3125,45,1545,10001,"[0, 100000]","[0, 100000]",0,0,15722,33203
yolov8x_training,1554.443135,82,245.195,13370.3125,97,945,10001,"[0, 100000]","[0, 100000]",0,0,439,341
yolov8x_training,1555.490769,87,255.046,13370.3125,47,2625,10001,"[0, 100000]","[0, 100000]",0,0,14892,30859
yolov8x_training,1556.533837,86,250.546,13370.3125,61,1530,10001,"[0, 100000]","[0, 100000]",0,0,1562,341
yolov8x_training,1557.576598,84,238.993,13370.3125,99,2265,10001,"[0, 100000]","[0, 100000]",0,0,5664,21435
yolov8x_training,1558.619863,87,238.480,13370.3125,37,1515,10001,"[0, 100000]","[0, 100000]",0,0,341,292
yolov8x_training,1559.662501,86,260.876,13370.3125,62,1440,10001,"[0, 100000]","[0, 100000]",0,0,8447,29345
yolov8x_training,1560.705517,85,247.868,13370.3125,100,2340,10001,"[0, 100000]","[0, 100000]",0,0,341,292
yolov8x_training,1561.748142,87,253.067,13370.3125,18,2055,10001,"[0, 100000]","[0, 100000]",0,0,14062,29687
yolov8x_training,1562.791272,88,262.139,13370.3125,97,1200,10001,"[0, 100000]","[0, 100000]",0,0,634,292
yolov8x_training,1563.853426,83,243.961,13370.3125,100,2475,10001,"[0, 100000]","[0, 100000]",0,0,15478,30322
yolov8x_training,1564.896647,87,245.211,13370.3125,19,1320,10001,"[0, 100000]","[0, 100000]",0,0,9375,292
yolov8x_training,1565.951651,88,261.046,13370.3125,85,1260,10001,"[0, 100000]","[0, 100000]",0,0,16455,31542
yolov8x_training,1566.994776,83,248.235,13370.3125,100,1185,10001,"[0, 100000]","[0, 100000]",0,0,341,292
yolov8x_training,1568.037618,87,245.576,13370.3125,17,2475,10001,"[0, 100000]","[0, 100000]",0,0,12695,31005
yolov8x_training,1569.080581,88,254.483,13370.3125,96,1665,10001,"[0, 100000]","[0, 100000]",0,0,341,292
yolov8x_training,1570.123179,82,260.909,13370.3125,87,1170,10001,"[0, 100000]","[0, 100000]",0,0,13134,28515
yolov8x_training,1571.166233,87,248.849,13370.3125,97,2595,10001,"[0, 100000]","[0, 100000]",0,0,341,292
yolov8x_training,1572.208919,87,256.190,13370.3125,85,1620,10001,"[0, 100000]","[0, 100000]",0,0,13671,26269
yolov8x_training,1573.251994,82,255.768,13370.3125,52,1335,10001,"[0, 100000]","[0, 100000]",0,0,390,292
yolov8x_training,1574.294591,82,247.235,13370.3125,97,1327,10001,"[0, 100000]","[0, 100000]",0,0,7421,22753
yolov8x_training,1575.337700,89,253.275,13370.3125,63,1365,10001,"[0, 100000]","[0, 100000]",0,0,341,292
yolov8x_training,1576.383073,86,256.710,13370.3125,50,1260,10001,"[0, 100000]","[0, 100000]",0,0,15283,35693
yolov8x_training,1577.426398,82,243.061,13370.3125,96,2595,10001,"[0, 100000]","[0, 100000]",0,0,341,341
yolov8x_training,1578.469316,86,261.354,13370.3125,34,1470,10001,"[0, 100000]","[0, 100000]",0,0,4931,20019
yolov8x_training,1579.512511,85,244.180,13370.3125,86,1170,10001,"[0, 100000]","[0, 100000]",0,0,292,292
yolov8x_training,1580.555132,87,248.549,13370.3125,100,2205,10001,"[0, 100000]","[0, 100000]",0,0,3564,31982
yolov8x_training,1581.598149,87,246.728,13370.3125,32,1395,10001,"[0, 100000]","[0, 100000]",0,0,341,292
yolov8x_training,1582.640937,83,258.728,13370.3125,97,1230,10001,"[0, 100000]","[0, 100000]",0,0,4003,36132
yolov8x_training,1583.684174,85,247.937,13370.3125,86,2400,10001,"[0, 100000]","[0, 100000]",0,0,341,292
yolov8x_training,1584.726786,87,248.532,13370.3125,33,1230,10001,"[0, 100000]","[0, 100000]",0,0,4101,31884
yolov8x_training,1585.770039,86,259.673,13370.3125,96,1935,10001,"[0, 100000]","[0, 100000]",0,0,341,292
yolov8x_training,1586.812609,82,242.204,13370.3125,59,2355,10001,"[0, 100000]","[0, 100000]",0,0,6103,27832
yolov8x_training,1587.855654,87,262.055,13370.3125,57,675,10001,"[0, 100000]","[0, 100000]",0,0,341,595019
yolov8x_training,1588.898533,85,248.866,13370.3125,100,2265,10001,"[0, 100000]","[0, 100000]",0,0,3466,25878
yolov8x_training,1589.941887,86,253.912,13370.3125,35,1905,10001,"[0, 100000]","[0, 100000]",0,0,341,1030566
yolov8x_training,1590.984813,87,262.353,13370.3125,92,1725,10001,"[0, 100000]","[0, 100000]",0,0,4931,20849
yolov8x_training,1592.027913,84,244.556,13370.3125,100,1245,10001,"[0, 100000]","[0, 100000]",0,0,341,341
yolov8x_training,1593.070557,85,233.220,13370.3125,6,2025,10001,"[0, 100000]","[0, 100000]",0,0,4101,33154
yolov8x_training,1594.114609,87,262.370,13370.3125,93,1252,10001,"[0, 100000]","[0, 100000]",0,0,341,292
yolov8x_training,1595.157264,82,267.358,13370.3125,100,1260,10001,"[0, 100000]","[0, 100000]",0,0,4833,20849
yolov8x_training,1596.200564,85,245.989,13370.3125,97,2655,10001,"[0, 100000]","[0, 100000]",0,0,341,292
yolov8x_training,1597.243125,87,266.175,13370.3125,62,2070,10001,"[0, 100000]","[0, 100000]",0,0,4345,15283
yolov8x_training,1598.286143,86,242.399,13370.3125,58,2070,10001,"[0, 100000]","[0, 100000]",0,0,341,1031005
yolov8x_training,1599.328694,83,257.300,13370.3125,96,2625,10001,"[0, 100000]","[0, 100000]",0,0,4443,14648
yolov8x_training,1600.371786,88,254.426,13370.3125,45,1170,10001,"[0, 100000]","[0, 100000]",0,0,292,1037500
yolov8x_training,1601.414737,87,241.204,13370.3125,62,2100,10001,"[0, 100000]","[0, 100000]",0,0,5078,23828
yolov8x_training,1602.457816,82,255.571,13370.3125,56,1860,10001,"[0, 100000]","[0, 100000]",0,0,341,1030615
yolov8x_training,1603.500599,87,249.084,13370.3125,69,2370,10001,"[0, 100000]","[0, 100000]",0,0,5468,17919
yolov8x_training,1604.543655,83,249.506,13370.3125,100,1155,10001,"[0, 100000]","[0, 100000]",0,0,292,1030419
yolov8x_training,1605.586566,85,238.234,13370.3125,20,2445,10001,"[0, 100000]","[0, 100000]",0,0,4980,20898
yolov8x_training,1606.629717,87,253.386,13370.3125,73,1275,10001,"[0, 100000]","[0, 100000]",0,0,341,292
yolov8x_training,1607.672353,86,250.192,13370.3125,97,1185,10001,"[0, 100000]","[0, 100000]",0,0,5908,22021
yolov8x_training,1608.715430,84,251.747,13370.3125,44,2370,10001,"[0, 100000]","[0, 100000]",0,0,341,292
yolov8x_training,1609.759010,87,254.898,13370.3125,46,2505,10001,"[0, 100000]","[0, 100000]",0,0,16552,31054
yolov8x_training,1610.802053,88,253.425,13370.3125,100,1230,10001,"[0, 100000]","[0, 100000]",0,0,341,292
yolov8x_training,1611.844665,85,242.251,13370.3125,25,2535,10001,"[0, 100000]","[0, 100000]",0,0,9326,27832
yolov8x_training,1612.887625,87,268.639,13370.3125,96,1530,10001,"[0, 100000]","[0, 100000]",0,0,292,292
yolov8x_training,1613.930208,87,246.791,13370.3125,89,1305,10001,"[0, 100000]","[0, 100000]",0,0,5029,18066
yolov8x_training,1614.973835,83,250.409,13370.3125,12,1725,10001,"[0, 100000]","[0, 100000]",0,0,341,292
yolov8x_training,1616.016598,87,266.850,13370.3125,97,952,10001,"[0, 100000]","[0, 100000]",0,0,5078,21142
yolov8x_training,1617.059654,86,247.219,13370.3125,71,1185,10001,"[0, 100000]","[0, 100000]",0,0,341,292
yolov8x_training,1618.102287,82,245.255,13370.3125,63,2175,10001,"[0, 100000]","[0, 100000]",0,0,3662,31396
yolov8x_training,1619.145370,87,251.922,13370.3125,97,1875,10001,"[0, 100000]","[0, 100000]",0,0,341,292
yolov8x_training,1620.187967,85,252.583,13370.3125,82,1185,10001,"[0, 100000]","[0, 100000]",0,0,3710,29589
yolov8x_training,1621.231066,85,240.782,13370.3125,100,1740,10001,"[0, 100000]","[0, 100000]",0,0,292,244
yolov8x_training,1622.273662,85,256.790,13370.3125,41,1275,10001,"[0, 100000]","[0, 100000]",0,0,3857,27636
yolov8x_training,1623.317288,87,237.680,13370.3125,88,1170,10001,"[0, 100000]","[0, 100000]",0,0,341,292
yolov8x_training,1624.359856,84,241.679,13370.3125,100,2265,10001,"[0, 100000]","[0, 100000]",0,0,5078,28466
yolov8x_training,1625.403308,87,259.993,13370.3125,25,1290,10001,"[0, 100000]","[0, 100000]",0,0,341,292
yolov8x_training,1626.445918,89,235.777,13370.3125,85,1245,10001,"[0, 100000]","[0, 100000]",0,0,3564,29785
yolov8x_training,1627.488931,83,248.857,13370.3125,100,1320,10001,"[0, 100000]","[0, 100000]",0,0,292,292
yolov8x_training,1628.535994,85,262.324,13370.3125,18,2580,10001,"[0, 100000]","[0, 100000]",0,0,15283,34033
yolov8x_training,1629.579118,87,255.103,13370.3125,93,1650,10001,"[0, 100000]","[0, 100000]",0,0,1318,292
yolov8x_training,1630.631356,84,249.126,13370.3125,100,1320,10001,"[0, 100000]","[0, 100000]",0,0,15234,30224
yolov8x_training,1631.674414,86,241.589,13370.3125,23,2100,10001,"[0, 100000]","[0, 100000]",0,0,14453,292
yolov8x_training,1632.718193,88,262.254,13370.3125,91,1275,10001,"[0, 100000]","[0, 100000]",0,0,5859,22460
yolov8x_training,1633.761221,83,242.592,13370.3125,97,1635,10001,"[0, 100000]","[0, 100000]",0,0,341,292
yolov8x_training,1634.821028,83,244.922,13370.3125,16,2445,10001,"[0, 100000]","[0, 100000]",0,0,15380,35253
yolov8x_training,1635.864080,87,263.252,13370.3125,97,1305,10001,"[0, 100000]","[0, 100000]",0,0,488,292
yolov8x_training,1636.906848,87,238.527,13370.3125,97,1515,10001,"[0, 100000]","[0, 100000]",0,0,7958,29101
yolov8x_training,1637.950367,82,249.832,13370.3125,25,915,10001,"[0, 100000]","[0, 100000]",0,0,585,292
yolov8x_training,1638.997905,85,256.149,13370.3125,97,1267,10001,"[0, 100000]","[0, 100000]",0,0,15380,30419
yolov8x_training,1640.040803,87,251.375,13370.3125,85,1185,10001,"[0, 100000]","[0, 100000]",0,0,292,341
yolov8x_training,1641.083411,82,241.130,13370.3125,55,1965,10001,"[0, 100000]","[0, 100000]",0,0,4101,31982
yolov8x_training,1642.127142,88,261.122,13370.3125,98,2580,10001,"[0, 100000]","[0, 100000]",0,0,341,356738
yolov8x_training,1643.169678,86,247.151,13370.3125,26,1185,10001,"[0, 100000]","[0, 100000]",0,0,4199,33398
yolov8x_training,1644.213359,84,252.482,13370.3125,100,2445,10001,"[0, 100000]","[0, 100000]",0,0,341,292
yolov8x_training,1645.256088,88,261.507,13370.3125,28,1380,10001,"[0, 100000]","[0, 100000]",0,0,5078,28613
yolov8x_training,1646.299278,88,245.780,13370.3125,76,1260,10001,"[0, 100000]","[0, 100000]",0,0,292,341
yolov8x_training,1647.343733,84,255.952,13370.3125,100,1252,10001,"[0, 100000]","[0, 100000]",0,0,14746,31591
yolov8x_training,1648.387183,83,256.091,13370.3125,45,2130,10001,"[0, 100000]","[0, 100000]",0,0,16308,292
yolov8x_training,1649.430533,85,249.935,13370.3125,34,1185,10001,"[0, 100000]","[0, 100000]",0,0,3710,35986
yolov8x_training,1650.488440,87,235.541,13370.3125,93,1515,10001,"[0, 100000]","[0, 100000]",0,0,5761,18115
yolov8x_training,1651.532499,84,253.800,13370.3125,96,1185,10001,"[0, 100000]","[0, 100000]",0,0,341,341
yolov8x_training,1652.578232,82,253.538,13370.3125,63,2160,10001,"[0, 100000]","[0, 100000]",0,0,15527,36767
yolov8x_training,1653.621653,85,248.628,13370.3125,37,2655,10001,"[0, 100000]","[0, 100000]",0,0,2685,3173
yolov8x_training,1654.664613,88,262.749,13370.3125,93,1830,10001,"[0, 100000]","[0, 100000]",0,0,89746,24414
yolov8x_training,1655.737999,86,244.750,13370.3125,95,1185,10001,"[0, 100000]","[0, 100000]",0,0,3662,12207
yolov8x_training,1656.780977,87,238.222,13370.3125,65,2070,10001,"[0, 100000]","[0, 100000]",0,0,292,292
yolov8x_training,1657.823613,83,243.790,13370.3125,3,2655,10001,"[0, 100000]","[0, 100000]",0,0,7080,28271
yolov8x_training,1658.866556,82,252.236,13370.3125,78,2565,10001,"[0, 100000]","[0, 100000]",0,0,2978,4345
yolov8x_training,1659.910288,87,252.527,13370.3125,93,1155,10001,"[0, 100000]","[0, 100000]",0,0,88671,15625
yolov8x_training,1660.953785,87,237.331,13370.3125,89,1950,10001,"[0, 100000]","[0, 100000]",0,0,4199,20410
yolov8x_training,1661.996732,83,250.422,13370.3125,12,1230,10001,"[0, 100000]","[0, 100000]",0,0,1953,292
yolov8x_training,1663.064805,82,253.463,13370.3125,57,2400,10001,"[0, 100000]","[0, 100000]",0,0,15234,36328
yolov8x_training,1664.108014,85,249.544,13370.3125,92,1710,10001,"[0, 100000]","[0, 100000]",0,0,2441,1513
yolov8x_training,1665.177793,87,260.270,13370.3125,84,735,10001,"[0, 100000]","[0, 100000]",0,0,15527,35253
yolov8x_training,1666.221171,82,240.830,13370.3125,95,2070,10001,"[0, 100000]","[0, 100000]",0,0,2685,3369
yolov8x_training,1667.263987,87,240.818,13370.3125,100,2505,10001,"[0, 100000]","[0, 100000]",0,0,3710,36669
yolov8x_training,1668.322594,84,255.205,13370.3125,40,1290,10001,"[0, 100000]","[0, 100000]",0,0,3369,11669
yolov8x_training,1669.366582,87,248.168,13370.3125,85,1335,10001,"[0, 100000]","[0, 100000]",0,0,90478,30322
yolov8x_training,1670.435054,84,241.368,13370.3125,100,2550,10001,"[0, 100000]","[0, 100000]",0,0,2685,26806
yolov8x_training,1671.479124,85,261.591,13370.3125,27,1815,10001,"[0, 100000]","[0, 100000]",0,0,5078,102050
yolov8x_training,1672.550168,86,246.764,13370.3125,52,2580,10001,"[0, 100000]","[0, 100000]",0,0,3027,9033
yolov8x_training,1673.593908,86,251.834,13370.3125,95,1200,10001,"[0, 100000]","[0, 100000]",0,0,2929,38769
yolov8x_training,1674.656192,82,240.082,13370.3125,71,2280,10001,"[0, 100000]","[0, 100000]",0,0,3320,12597
yolov8x_training,1675.699509,84,245.983,13370.3125,40,1485,10001,"[0, 100000]","[0, 100000]",0,0,341,1032861
yolov8x_training,1676.742406,88,263.712,13370.3125,93,1335,10001,"[0, 100000]","[0, 100000]",0,0,4785,17285
yolov8x_training,1677.785637,87,239.398,13370.3125,90,2055,10001,"[0, 100000]","[0, 100000]",0,0,341,292
yolov8x_training,1678.828294,82,257.794,13370.3125,17,1395,10001,"[0, 100000]","[0, 100000]",0,0,3417,31835
yolov8x_training,1679.871317,87,259.419,13370.3125,95,1410,10001,"[0, 100000]","[0, 100000]",0,0,341,292
yolov8x_training,1680.913926,87,245.123,13370.3125,100,1845,10001,"[0, 100000]","[0, 100000]",0,0,6835,28271
yolov8x_training,1681.956785,85,240.052,13370.3125,19,1327,10001,"[0, 100000]","[0, 100000]",0,0,1269,292
yolov8x_training,1682.999686,87,253.375,13370.3125,81,2625,10001,"[0, 100000]","[0, 100000]",0,0,3955,35302
yolov8x_training,1684.056801,86,249.963,13370.3125,93,1410,10001,"[0, 100000]","[0, 100000]",0,0,3417,16015
yolov8x_training,1685.099953,82,257.410,13370.3125,99,1290,10001,"[0, 100000]","[0, 100000]",0,0,292,292
yolov8x_training,1686.142604,83,234.755,13370.3125,19,1305,10001,"[0, 100000]","[0, 100000]",0,0,8154,33447
yolov8x_training,1687.185655,84,232.765,13370.3125,93,2445,10001,"[0, 100000]","[0, 100000]",0,0,2783,7177
yolov8x_training,1688.228795,88,243.426,13370.3125,100,1117,10001,"[0, 100000]","[0, 100000]",0,0,89697,22021
yolov8x_training,1689.271888,83,259.759,13370.3125,23,1440,10001,"[0, 100000]","[0, 100000]",0,0,5322,16650
yolov8x_training,1690.315258,84,247.121,13370.3125,76,1425,10001,"[0, 100000]","[0, 100000]",0,0,292,292
yolov8x_training,1691.358286,82,237.228,13370.3125,100,2535,10001,"[0, 100000]","[0, 100000]",0,0,5126,20214
yolov8x_training,1692.401792,87,266.352,13370.3125,15,2175,10001,"[0, 100000]","[0, 100000]",0,0,292,292
yolov8x_training,1693.444352,84,235.796,13370.3125,83,1365,10001,"[0, 100000]","[0, 100000]",0,0,4736,22412
yolov8x_training,1694.488994,82,241.380,13370.3125,96,1215,10001,"[0, 100000]","[0, 100000]",0,0,488,292
yolov8x_training,1695.553193,86,255.687,13370.3125,61,2385,10001,"[0, 100000]","[0, 100000]",0,0,15283,37890
yolov8x_training,1696.596355,87,253.110,13370.3125,42,1290,10001,"[0, 100000]","[0, 100000]",0,0,2246,390
yolov8x_training,1697.639286,82,259.410,13370.3125,93,1290,10001,"[0, 100000]","[0, 100000]",0,0,6347,102490
yolov8x_training,1698.707474,87,240.070,13370.3125,92,1710,10001,"[0, 100000]","[0, 100000]",0,0,2734,4785
yolov8x_training,1699.750557,88,242.357,13370.3125,8,1950,10001,"[0, 100000]","[0, 100000]",0,0,4003,35693
yolov8x_training,1700.808594,87,259.122,13370.3125,85,1335,10001,"[0, 100000]","[0, 100000]",0,0,3076,12744
yolov8x_training,1701.851721,85,247.933,13370.3125,96,1260,10001,"[0, 100000]","[0, 100000]",0,0,89697,23388
yolov8x_training,1702.925783,83,241.625,13370.3125,46,2535,10001,"[0, 100000]","[0, 100000]",0,0,2978,8935
yolov8x_training,1703.969237,87,257.249,13370.3125,73,1575,10001,"[0, 100000]","[0, 100000]",0,0,3027,39208
yolov8x_training,1705.033218,86,247.236,13370.3125,95,1830,10001,"[0, 100000]","[0, 100000]",0,0,2880,11035
yolov8x_training,1706.076909,82,242.937,13370.3125,47,1155,10001,"[0, 100000]","[0, 100000]",0,0,47265,298437
yolov8x_training,1707.119678,88,250.493,13370.3125,39,2625,10001,"[0, 100000]","[0, 100000]",0,0,3515,16845
yolov8x_training,1708.163314,86,249.966,13370.3125,94,1785,10001,"[0, 100000]","[0, 100000]",0,0,341,292
yolov8x_training,1709.205867,82,253.993,13370.3125,30,1260,10001,"[0, 100000]","[0, 100000]",0,0,3906,31689
yolov8x_training,1710.249052,87,239.378,13370.3125,93,2430,10001,"[0, 100000]","[0, 100000]",0,0,341,292
yolov8x_training,1711.299665,86,243.373,13370.3125,100,1305,10001,"[0, 100000]","[0, 100000]",0,0,15234,35644
yolov8x_training,1712.342653,88,259.223,13370.3125,27,1290,10001,"[0, 100000]","[0, 100000]",0,0,341,292
yolov8x_training,1713.405528,83,248.027,13370.3125,83,2205,10001,"[0, 100000]","[0, 100000]",0,0,15039,34179
yolov8x_training,1714.448563,82,254.318,13370.3125,100,1027,10001,"[0, 100000]","[0, 100000]",0,0,2783,3417
yolov8x_training,1715.491683,87,254.906,13370.3125,46,2595,10001,"[0, 100000]","[0, 100000]",0,0,3710,35595
yolov8x_training,1716.549937,86,251.360,13370.3125,65,1320,10001,"[0, 100000]","[0, 100000]",0,0,2978,35742
yolov8x_training,1717.593505,82,250.617,13370.3125,95,1275,10001,"[0, 100000]","[0, 100000]",0,0,4736,103222
yolov8x_training,1718.664230,86,238.778,13370.3125,81,2220,10001,"[0, 100000]","[0, 100000]",0,0,3320,12939
yolov8x_training,1719.707447,87,237.891,13370.3125,14,2175,10001,"[0, 100000]","[0, 100000]",0,0,341,292
yolov8x_training,1720.750015,86,253.282,13370.3125,65,2550,10001,"[0, 100000]","[0, 100000]",0,0,13037,34863
yolov8x_training,1721.792920,87,256.300,13370.3125,94,1185,10001,"[0, 100000]","[0, 100000]",0,0,2490,8447
yolov8x_training,1722.836155,84,237.822,13370.3125,100,1470,10001,"[0, 100000]","[0, 100000]",0,0,292,1036474
yolov8x_training,1723.878667,83,237.977,13370.3125,48,2655,10001,"[0, 100000]","[0, 100000]",0,0,5322,18164
yolov8x_training,1724.921861,87,257.905,13370.3125,66,1290,10001,"[0, 100000]","[0, 100000]",0,0,341,292
yolov8x_training,1725.964622,86,249.003,13370.3125,95,1245,10001,"[0, 100000]","[0, 100000]",0,0,4980,26660
yolov8x_training,1727.007634,82,248.600,13370.3125,33,1275,10001,"[0, 100000]","[0, 100000]",0,0,341,292
yolov8x_training,1728.069948,85,251.014,13370.3125,54,2580,10001,"[0, 100000]","[0, 100000]",0,0,15283,32324
yolov8x_training,1729.112834,88,239.936,13370.3125,94,2040,10001,"[0, 100000]","[0, 100000]",0,0,2636,6103
yolov8x_training,1730.156289,86,254.252,13370.3125,100,1395,10001,"[0, 100000]","[0, 100000]",0,0,341,1031054
yolov8x_training,1731.198838,82,252.505,13370.3125,33,1230,10001,"[0, 100000]","[0, 100000]",0,0,4003,33984
yolov8x_training,1732.242368,87,235.594,13370.3125,94,2385,10001,"[0, 100000]","[0, 100000]",0,0,390,341
yolov8x_training,1733.285099,87,236.138,13370.3125,94,2565,10001,"[0, 100000]","[0, 100000]",0,0,4150,36132
yolov8x_training,1734.341363,87,248.379,13370.3125,83,1800,10001,"[0, 100000]","[0, 100000]",0,0,3808,16503
yolov8x_training,1735.384767,87,259.484,13370.3125,13,1215,10001,"[0, 100000]","[0, 100000]",0,0,341,292
yolov8x_training,1736.427360,84,237.794,13370.3125,88,2085,10001,"[0, 100000]","[0, 100000]",0,0,5224,18457
yolov8x_training,1737.470922,84,243.610,13370.3125,100,2595,10001,"[0, 100000]","[0, 100000]",0,0,15673,341
yolov8x_training,1738.537400,86,254.462,13370.3125,58,2580,10001,"[0, 100000]","[0, 100000]",0,0,15332,34326
yolov8x_training,1739.580363,87,250.351,13370.3125,37,1860,10001,"[0, 100000]","[0, 100000]",0,0,2294,781
yolov8x_training,1740.623711,82,255.087,13370.3125,94,1170,10001,"[0, 100000]","[0, 100000]",0,0,6787,103515
yolov8x_training,1741.686052,87,238.867,13370.3125,98,2415,10001,"[0, 100000]","[0, 100000]",0,0,2734,4150
yolov8x_training,1742.729574,87,248.576,13370.3125,27,1380,10001,"[0, 100000]","[0, 100000]",0,0,6738,102294
yolov8x_training,1743.794619,82,259.920,13370.3125,94,1185,10001,"[0, 100000]","[0, 100000]",0,0,2490,2587
yolov8x_training,1744.838600,83,243.064,13370.3125,88,2460,10001,"[0, 100000]","[0, 100000]",0,0,4833,101074
yolov8x_training,1745.908875,87,255.517,13370.3125,16,1380,10001,"[0, 100000]","[0, 100000]",0,0,2246,125244
yolov8x_training,1746.952312,87,260.103,13370.3125,83,1245,10001,"[0, 100000]","[0, 100000]",0,0,5126,102929
yolov8x_training,1748.022222,86,245.245,13370.3125,100,1260,10001,"[0, 100000]","[0, 100000]",0,0,2783,9423
yolov8x_training,1749.065785,82,238.381,13370.3125,42,1275,10001,"[0, 100000]","[0, 100000]",0,0,88720,15332
yolov8x_training,1750.109293,86,248.479,13370.3125,39,2580,10001,"[0, 100000]","[0, 100000]",0,0,5273,15722
yolov8x_training,1751.152569,87,246.785,13370.3125,94,1147,10001,"[0, 100000]","[0, 100000]",0,0,341,292
yolov8x_training,1752.195359,82,262.030,13370.3125,84,1215,10001,"[0, 100000]","[0, 100000]",0,0,4931,18115
yolov8x_training,1753.238490,87,240.654,13370.3125,95,2565,10001,"[0, 100000]","[0, 100000]",0,0,6933,292
yolov8x_training,1754.299128,86,242.414,13370.3125,100,1290,10001,"[0, 100000]","[0, 100000]",0,0,15332,34619
yolov8x_training,1755.342175,87,254.618,13370.3125,52,1260,10001,"[0, 100000]","[0, 100000]",0,0,3027,5273
yolov8x_training,1756.385881,87,249.313,13370.3125,36,1275,10001,"[0, 100000]","[0, 100000]",0,0,3173,37841
yolov8x_training,1757.447632,82,240.674,13370.3125,94,2655,10001,"[0, 100000]","[0, 100000]",0,0,3222,12158
yolov8x_training,1758.490578,87,248.525,13370.3125,100,2430,10001,"[0, 100000]","[0, 100000]",0,0,89501,21142
yolov8x_training,1759.533534,88,265.081,13370.3125,18,1305,10001,"[0, 100000]","[0, 100000]",0,0,4296,19042
yolov8x_training,1760.576531,84,239.864,13370.3125,80,1185,10001,"[0, 100000]","[0, 100000]",0,0,341,292
yolov8x_training,1761.619144,84,245.171,13370.3125,97,2070,10001,"[0, 100000]","[0, 100000]",0,0,6103,21435
yolov8x_training,1762.662824,87,240.580,13370.3125,48,1147,10001,"[0, 100000]","[0, 100000]",0,0,439,292
yolov8x_training,1763.733416,86,248.262,13370.3125,45,915,10001,"[0, 100000]","[0, 100000]",0,0,15380,34912
yolov8x_training,1764.776646,82,253.689,13370.3125,95,1230,10001,"[0, 100000]","[0, 100000]",0,0,1757,292
yolov8x_training,1765.847087,82,246.670,13370.3125,77,2655,10001,"[0, 100000]","[0, 100000]",0,0,15478,32275
yolov8x_training,1766.890177,87,255.784,13370.3125,33,1605,10001,"[0, 100000]","[0, 100000]",0,0,2197,732
yolov8x_training,1767.941941,86,261.316,13370.3125,92,1290,10001,"[0, 100000]","[0, 100000]",0,0,15136,32128
yolov8x_training,1768.984956,82,243.380,13370.3125,75,2595,10001,"[0, 100000]","[0, 100000]",0,0,19140,292
yolov8x_training,1770.032094,86,250.348,13370.3125,27,1327,10001,"[0, 100000]","[0, 100000]",0,0,15136,34716
yolov8x_training,1771.075141,87,259.760,13370.3125,94,1500,10001,"[0, 100000]","[0, 100000]",0,0,1953,341
yolov8x_training,1772.145707,82,257.778,13370.3125,78,1230,10001,"[0, 100000]","[0, 100000]",0,0,15332,32470
yolov8x_training,1773.188635,87,241.099,13370.3125,34,2580,10001,"[0, 100000]","[0, 100000]",0,0,2246,585
yolov8x_training,1774.232028,87,245.587,13370.3125,100,1470,10001,"[0, 100000]","[0, 100000]",0,0,6835,103173
yolov8x_training,1775.294138,82,261.802,13370.3125,17,1200,10001,"[0, 100000]","[0, 100000]",0,0,1904,292
yolov8x_training,1776.348090,82,250.532,13370.3125,94,1290,10001,"[0, 100000]","[0, 100000]",0,0,15429,30322
yolov8x_training,1777.391539,87,245.941,13370.3125,90,1800,10001,"[0, 100000]","[0, 100000]",0,0,9228,62451
yolov8x_training,1778.434353,87,259.446,13370.3125,17,1290,10001,"[0, 100000]","[0, 100000]",0,0,6591,104492
yolov8x_training,1779.489268,83,241.944,13370.3125,89,2400,10001,"[0, 100000]","[0, 100000]",0,0,2832,5859
yolov8x_training,1780.532485,83,253.246,13370.3125,100,1980,10001,"[0, 100000]","[0, 100000]",0,0,89892,25585
yolov8x_training,1781.602921,87,246.308,13370.3125,48,2160,10001,"[0, 100000]","[0, 100000]",0,0,3271,12109
yolov8x_training,1782.645871,86,251.562,13370.3125,64,1170,10001,"[0, 100000]","[0, 100000]",0,0,89843,24462
yolov8x_training,1783.718684,84,253.101,13370.3125,94,2055,10001,"[0, 100000]","[0, 100000]",0,0,2685,9375
yolov8x_training,1784.761821,82,227.039,13370.3125,100,1230,10001,"[0, 100000]","[0, 100000]",0,0,11621,35302
yolov8x_training,1785.805358,82,210.276,13370.3125,0,1327,10001,"[0, 100000]","[0, 100000]",0,0,90234,28173
yolov8x_training,1786.875725,82,239.263,13370.3125,19,1222,10001,"[0, 100000]","[0, 100000]",0,0,5615,18701
yolov8x_training,1787.919725,84,253.243,13370.3125,56,1815,10001,"[0, 100000]","[0, 100000]",0,0,341,292
yolov8x_training,1788.965239,87,253.456,13370.3125,93,1275,10001,"[0, 100000]","[0, 100000]",0,0,15087,31494
yolov8x_training,1790.008413,82,237.503,13370.3125,93,1275,10001,"[0, 100000]","[0, 100000]",0,0,19433,292
yolov8x_training,1791.051280,82,251.144,13370.3125,16,2280,10001,"[0, 100000]","[0, 100000]",0,0,3662,39990
yolov8x_training,1792.115794,87,234.648,13370.3125,59,2265,10001,"[0, 100000]","[0, 100000]",0,0,4687,17871
yolov8x_training,1793.159020,87,240.624,13370.3125,95,1830,10001,"[0, 100000]","[0, 100000]",0,0,292,292
yolov8x_training,1794.202834,83,250.460,13370.3125,100,1155,10001,"[0, 100000]","[0, 100000]",0,0,15283,36474
yolov8x_training,1795.245854,82,248.319,13370.3125,34,2055,10001,"[0, 100000]","[0, 100000]",0,0,2783,6298
yolov8x_training,1796.288990,88,236.634,13370.3125,93,1320,10001,"[0, 100000]","[0, 100000]",0,0,88671,15966
yolov8x_training,1797.331873,82,238.043,13370.3125,97,1770,10001,"[0, 100000]","[0, 100000]",0,0,4003,33398
yolov8x_training,1798.374963,84,249.970,13370.3125,65,1305,10001,"[0, 100000]","[0, 100000]",0,0,1025,292
yolov8x_training,1799.418119,87,235.131,13370.3125,22,1275,10001,"[0, 100000]","[0, 100000]",0,0,6982,103808
yolov8x_training,1800.481309,83,242.512,13370.3125,91,2640,10001,"[0, 100000]","[0, 100000]",0,0,2880,5761
yolov8x_training,1801.524987,84,261.107,13370.3125,100,2475,10001,"[0, 100000]","[0, 100000]",0,0,90625,35595
yolov8x_training,1802.592823,88,243.382,13370.3125,37,2565,10001,"[0, 100000]","[0, 100000]",0,0,3076,13037
yolov8x_training,1803.635971,86,248.293,13370.3125,56,1185,10001,"[0, 100000]","[0, 100000]",0,0,341,1034570
yolov8x_training,1804.678805,83,253.085,13370.3125,93,2355,10001,"[0, 100000]","[0, 100000]",0,0,2929,10791
yolov8x_training,1805.722287,87,259.524,13370.3125,37,1320,10001,"[0, 100000]","[0, 100000]",0,0,90625,35595
yolov8x_training,1806.790640,86,262.784,13370.3125,93,1365,10001,"[0, 100000]","[0, 100000]",0,0,3173,9960
yolov8x_training,1807.833866,86,238.486,13370.3125,45,2010,10001,"[0, 100000]","[0, 100000]",0,0,90039,26513
yolov8x_training,1808.905363,82,251.749,13370.3125,58,2160,10001,"[0, 100000]","[0, 100000]",0,0,3417,14062
yolov8x_training,1809.948928,86,251.536,13370.3125,94,1755,10001,"[0, 100000]","[0, 100000]",0,0,89941,26074
yolov8x_training,1811.019694,86,247.315,13370.3125,65,1200,10001,"[0, 100000]","[0, 100000]",0,0,2978,11767
yolov8x_training,1812.062823,82,250.864,13370.3125,43,1350,10001,"[0, 100000]","[0, 100000]",0,0,88720,15380
yolov8x_training,1813.108107,87,246.082,13370.3125,94,2130,10001,"[0, 100000]","[0, 100000]",0,0,4052,17333
yolov8x_training,1814.152453,87,262.558,13370.3125,100,2130,10001,"[0, 100000]","[0, 100000]",0,0,341,1035888
yolov8x_training,1815.195172,83,240.570,13370.3125,21,1245,10001,"[0, 100000]","[0, 100000]",0,0,4589,28906
yolov8x_training,1816.238454,85,238.514,13370.3125,100,1875,10001,"[0, 100000]","[0, 100000]",0,0,341,341
yolov8x_training,1817.302574,87,252.087,13370.3125,56,1440,10001,"[0, 100000]","[0, 100000]",0,0,15185,35742
yolov8x_training,1818.345658,85,248.905,13370.3125,42,1200,10001,"[0, 100000]","[0, 100000]",0,0,2050,292
yolov8x_training,1819.388515,86,243.495,13370.3125,94,2055,10001,"[0, 100000]","[0, 100000]",0,0,6347,101416
yolov8x_training,1820.455259,82,248.146,13370.3125,86,2310,10001,"[0, 100000]","[0, 100000]",0,0,3027,36132
yolov8x_training,1821.498844,87,256.082,13370.3125,12,922,10001,"[0, 100000]","[0, 100000]",0,0,89404,21044
yolov8x_training,1822.542159,87,245.050,13370.3125,70,2655,10001,"[0, 100000]","[0, 100000]",0,0,6250,20605
yolov8x_training,1823.585642,86,247.432,13370.3125,94,2025,10001,"[0, 100000]","[0, 100000]",0,0,292,1027880
yolov8x_training,1824.628597,82,254.873,13370.3125,54,2415,10001,"[0, 100000]","[0, 100000]",0,0,5175,23730
yolov8x_training,1825.671688,87,256.871,13370.3125,74,1395,10001,"[0, 100000]","[0, 100000]",0,0,341,292
yolov8x_training,1826.717209,86,251.229,13370.3125,96,1200,10001,"[0, 100000]","[0, 100000]",0,0,14892,31494
yolov8x_training,1827.760197,82,238.990,13370.3125,69,1785,10001,"[0, 100000]","[0, 100000]",0,0,6640,80078
yolov8x_training,1828.828635,82,248.421,13370.3125,23,1327,10001,"[0, 100000]","[0, 100000]",0,0,15136,33154
yolov8x_training,1829.872017,87,257.876,13370.3125,94,1395,10001,"[0, 100000]","[0, 100000]",0,0,2392,2392
yolov8x_training,1830.915126,85,240.970,13370.3125,90,1230,10001,"[0, 100000]","[0, 100000]",0,0,341,292
yolov8x_training,1831.957779,86,250.303,13370.3125,67,2175,10001,"[0, 100000]","[0, 100000]",0,0,3955,24951
yolov8x_training,1833.002001,82,248.824,13370.3125,50,1305,10001,"[0, 100000]","[0, 100000]",0,0,341,292
yolov8x_training,1834.044590,86,253.397,13370.3125,93,2070,10001,"[0, 100000]","[0, 100000]",0,0,4687,19873
yolov8x_training,1835.087641,87,244.150,13370.3125,86,1200,10001,"[0, 100000]","[0, 100000]",0,0,7324,292
yolov8x_training,1836.143620,82,239.640,13370.3125,19,1710,10001,"[0, 100000]","[0, 100000]",0,0,14892,35253
yolov8x_training,1837.187233,83,222.124,13370.3125,90,1935,10001,"[0, 100000]","[0, 100000]",0,0,341,292
yolov8x_training,1838.230114,83,213.892,13370.3125,88,2655,10001,"[0, 100000]","[0, 100000]",0,0,2880,10595
yolov8x_training,1839.273816,82,225.003,13370.3125,0,1275,10001,"[0, 100000]","[0, 100000]",0,0,6689,91015
yolov8x_training,1840.339585,86,206.262,13370.3125,86,2550,10001,"[0, 100000]","[0, 100000]",0,0,292,292
yolov8x_training,1841.382369,81,226.455,13370.3125,0,1185,10001,"[0, 100000]","[0, 100000]",0,0,3613,26025
yolov8x_training,1842.426126,81,225.846,13370.3125,57,1800,10001,"[0, 100000]","[0, 100000]",0,0,5810,93847
yolov8x_training,1843.469963,88,248.728,13370.3125,50,1155,10001,"[0, 100000]","[0, 100000]",0,0,292,244
yolov8x_training,1844.512763,81,225.140,13370.3125,63,1200,10001,"[0, 100000]","[0, 100000]",0,0,2294,1025
yolov8x_training,1845.555901,86,209.714,13370.3125,72,2655,10001,"[0, 100000]","[0, 100000]",0,0,6250,94140
yolov8x_training,1846.626729,81,230.439,13370.3125,62,2010,10001,"[0, 100000]","[0, 100000]",0,0,15625,34423
yolov8x_training,1847.670315,86,244.229,13370.3125,11,1252,10001,"[0, 100000]","[0, 100000]",0,0,2001,292
yolov8x_training,1848.713299,87,260.891,13370.3125,94,1350,10001,"[0, 100000]","[0, 100000]",0,0,6494,102343
yolov8x_training,1849.768056,82,244.097,13370.3125,100,1320,10001,"[0, 100000]","[0, 100000]",0,0,2001,292
yolov8x_training,1850.810836,88,248.133,13370.3125,22,2445,10001,"[0, 100000]","[0, 100000]",0,0,6640,102099
yolov8x_training,1851.866574,86,262.150,13370.3125,95,1260,10001,"[0, 100000]","[0, 100000]",0,0,2832,4980
yolov8x_training,1852.909689,87,233.292,13370.3125,100,1275,10001,"[0, 100000]","[0, 100000]",0,0,3564,35498
yolov8x_training,1853.970118,85,238.939,13370.3125,29,2205,10001,"[0, 100000]","[0, 100000]",0,0,2978,11035
yolov8x_training,1855.013365,83,255.722,13370.3125,65,2580,10001,"[0, 100000]","[0, 100000]",0,0,90234,28320
yolov8x_training,1856.082205,87,245.722,13370.3125,96,1365,10001,"[0, 100000]","[0, 100000]",0,0,3027,11669
yolov8x_training,1857.125175,85,246.559,13370.3125,45,1200,10001,"[0, 100000]","[0, 100000]",0,0,89746,21337
yolov8x_training,1858.168782,82,241.026,13370.3125,52,2220,10001,"[0, 100000]","[0, 100000]",0,0,6152,19531
yolov8x_training,1859.212097,87,250.226,13370.3125,94,2370,10001,"[0, 100000]","[0, 100000]",0,0,341,1039648
yolov8x_training,1860.255028,86,255.768,13370.3125,47,1200,10001,"[0, 100000]","[0, 100000]",0,0,4785,17968
yolov8x_training,1861.298357,82,236.646,13370.3125,94,2160,10001,"[0, 100000]","[0, 100000]",0,0,341,292
yolov8x_training,1862.340993,82,248.234,13370.3125,84,1785,10001,"[0, 100000]","[0, 100000]",0,0,5517,21142
yolov8x_training,1863.384026,87,260.717,13370.3125,15,1290,10001,"[0, 100000]","[0, 100000]",0,0,537,292
yolov8x_training,1864.426359,87,239.822,13370.3125,65,1230,10001,"[0, 100000]","[0, 100000]",0,0,3417,36425
yolov8x_training,1865.488555,86,235.487,13370.3125,93,2430,10001,"[0, 100000]","[0, 100000]",0,0,3906,16748
yolov8x_training,1866.531666,82,245.314,13370.3125,99,1245,10001,"[0, 100000]","[0, 100000]",0,0,341,292
yolov8x_training,1867.584980,85,254.988,13370.3125,26,2280,10001,"[0, 100000]","[0, 100000]",0,0,14794,31542
yolov8x_training,1868.628135,85,248.593,13370.3125,46,2505,10001,"[0, 100000]","[0, 100000]",0,0,2734,28662
yolov8x_training,1869.672017,87,258.151,13370.3125,94,1170,10001,"[0, 100000]","[0, 100000]",0,0,76513,38720
yolov8x_training,1870.737694,83,240.539,13370.3125,100,1275,10001,"[0, 100000]","[0, 100000]",0,0,3173,12792
yolov8x_training,1871.780931,83,238.289,13370.3125,40,1410,10001,"[0, 100000]","[0, 100000]",0,0,341,1031054
yolov8x_training,1872.823477,82,252.513,13370.3125,68,1470,10001,"[0, 100000]","[0, 100000]",0,0,6005,29150
yolov8x_training,1873.866611,86,251.441,13370.3125,93,1230,10001,"[0, 100000]","[0, 100000]",0,0,2343,439
yolov8x_training,1874.909956,86,234.979,13370.3125,100,1320,10001,"[0, 100000]","[0, 100000]",0,0,88769,15527
yolov8x_training,1875.952889,87,235.754,13370.3125,61,2460,10001,"[0, 100000]","[0, 100000]",0,0,4248,32421
yolov8x_training,1876.996637,83,242.514,13370.3125,10,1155,10001,"[0, 100000]","[0, 100000]",0,0,683,292
yolov8x_training,1878.070468,82,255.434,13370.3125,78,2655,10001,"[0, 100000]","[0, 100000]",0,0,15185,34667
yolov8x_training,1879.113530,81,247.231,13370.3125,98,1230,10001,"[0, 100000]","[0, 100000]",0,0,341,292
yolov8x_training,1880.156804,86,204.105,13370.3125,0,2625,10001,"[0, 100000]","[0, 100000]",0,0,3564,14550
yolov8x_training,1881.200212,82,227.551,13370.3125,90,1215,10001,"[0, 100000]","[0, 100000]",0,0,341,1035888
yolov8x_training,1882.243621,86,240.622,13370.3125,17,1200,10001,"[0, 100000]","[0, 100000]",0,0,5224,19824
yolov8x_training,1883.286458,82,241.377,13370.3125,89,1965,10001,"[0, 100000]","[0, 100000]",0,0,1123,341
yolov8x_training,1884.329146,83,231.071,13370.3125,44,2400,10001,"[0, 100000]","[0, 100000]",0,0,2392,60986
yolov8x_training,1885.372304,82,200.717,13370.3125,100,2055,10001,"[0, 100000]","[0, 100000]",0,0,6542,22851
yolov8x_training,1886.415560,81,247.581,13370.3125,71,1380,10001,"[0, 100000]","[0, 100000]",0,0,3710,32421
yolov8x_training,1887.458650,81,241.142,13370.3125,76,1845,10001,"[0, 100000]","[0, 100000]",0,0,341,292
yolov8x_training,1888.501604,86,251.514,13370.3125,20,1200,10001,"[0, 100000]","[0, 100000]",0,0,4150,102197
yolov8x_training,1889.574074,87,238.867,13370.3125,81,1815,10001,"[0, 100000]","[0, 100000]",0,0,3125,36425
yolov8x_training,1890.617928,81,234.972,13370.3125,94,1260,10001,"[0, 100000]","[0, 100000]",0,0,341,1000830
yolov8x_training,1891.661237,86,234.810,13370.3125,100,2010,10001,"[0, 100000]","[0, 100000]",0,0,4394,32812
yolov8x_training,1892.705033,86,238.702,13370.3125,27,2535,10001,"[0, 100000]","[0, 100000]",0,0,781,292
yolov8x_training,1893.748498,85,255.483,13370.3125,69,937,10001,"[0, 100000]","[0, 100000]",0,0,6640,102392
yolov8x_training,1894.802242,81,246.865,13370.3125,94,1245,10001,"[0, 100000]","[0, 100000]",0,0,2832,10351
yolov8x_training,1895.845360,82,238.167,13370.3125,81,2400,10001,"[0, 100000]","[0, 100000]",0,0,341,1041406
yolov8x_training,1896.888180,87,245.313,13370.3125,9,1252,10001,"[0, 100000]","[0, 100000]",0,0,4833,21972
yolov8x_training,1897.931363,87,247.370,13370.3125,71,1605,10001,"[0, 100000]","[0, 100000]",0,0,341,292
yolov8x_training,1898.997373,86,249.993,13370.3125,94,1170,10001,"[0, 100000]","[0, 100000]",0,0,15332,35546
yolov8x_training,1900.040298,82,237.027,13370.3125,75,1245,10001,"[0, 100000]","[0, 100000]",0,0,2685,6005
yolov8x_training,1901.083721,84,240.827,13370.3125,14,1275,10001,"[0, 100000]","[0, 100000]",0,0,89843,23925
yolov8x_training,1902.157912,87,234.267,13370.3125,76,1815,10001,"[0, 100000]","[0, 100000]",0,0,4785,15820
yolov8x_training,1903.201046,87,245.071,13370.3125,94,1380,10001,"[0, 100000]","[0, 100000]",0,0,341,292
yolov8x_training,1904.262857,83,251.528,13370.3125,29,1860,10001,"[0, 100000]","[0, 100000]",0,0,15185,35693
yolov8x_training,1905.306404,82,248.837,13370.3125,37,1185,10001,"[0, 100000]","[0, 100000]",0,0,2685,7666
yolov8x_training,1906.349607,83,237.070,13370.3125,93,2070,10001,"[0, 100000]","[0, 100000]",0,0,341,1033984
yolov8x_training,1907.392480,81,235.009,13370.3125,95,2640,10001,"[0, 100000]","[0, 100000]",0,0,5468,21337
yolov8x_training,1908.435644,86,247.957,13370.3125,85,1335,10001,"[0, 100000]","[0, 100000]",0,0,2587,2441
yolov8x_training,1909.479397,87,253.200,13370.3125,18,1260,10001,"[0, 100000]","[0, 100000]",0,0,3271,37255
yolov8x_training,1910.539033,82,244.428,13370.3125,94,1215,10001,"[0, 100000]","[0, 100000]",0,0,2880,10595
yolov8x_training,1911.582229,85,239.199,13370.3125,100,1305,10001,"[0, 100000]","[0, 100000]",0,0,90722,37011
yolov8x_training,1912.648731,87,237.267,13370.3125,45,1905,10001,"[0, 100000]","[0, 100000]",0,0,3710,15039
yolov8x_training,1913.691739,86,253.464,13370.3125,50,1545,10001,"[0, 100000]","[0, 100000]",0,0,292,1036425
yolov8x_training,1914.734782,82,250.669,13370.3125,93,1245,10001,"[0, 100000]","[0, 100000]",0,0,4150,30712
yolov8x_training,1915.778695,85,240.241,13370.3125,74,2535,10001,"[0, 100000]","[0, 100000]",0,0,341,292
yolov8x_training,1916.834256,87,243.350,13370.3125,23,1485,10001,"[0, 100000]","[0, 100000]",0,0,15087,31591
yolov8x_training,1917.877162,87,254.709,13370.3125,93,1290,10001,"[0, 100000]","[0, 100000]",0,0,2197,122851
yolov8x_training,1918.920418,85,236.931,13370.3125,96,1515,10001,"[0, 100000]","[0, 100000]",0,0,6640,102441
yolov8x_training,1919.978052,82,239.647,13370.3125,53,1327,10001,"[0, 100000]","[0, 100000]",0,0,2880,8935
yolov8x_training,1921.021765,87,254.086,13370.3125,69,1800,10001,"[0, 100000]","[0, 100000]",0,0,4833,101611
yolov8x_training,1922.093986,86,249.934,13370.3125,94,2040,10001,"[0, 100000]","[0, 100000]",0,0,2685,5761
yolov8x_training,1923.137186,82,254.630,13370.3125,64,1170,10001,"[0, 100000]","[0, 100000]",0,0,3417,36230
yolov8x_training,1924.197545,85,236.012,13370.3125,36,2325,10001,"[0, 100000]","[0, 100000]",0,0,3271,14111
yolov8x_training,1925.240685,88,240.106,13370.3125,100,1350,10001,"[0, 100000]","[0, 100000]",0,0,292,292
yolov8x_training,1926.283422,86,256.968,13370.3125,46,1260,10001,"[0, 100000]","[0, 100000]",0,0,6689,23583
yolov8x_training,1927.326833,86,248.884,13370.3125,43,1335,10001,"[0, 100000]","[0, 100000]",0,0,927,292
yolov8x_training,1928.369542,82,236.646,13370.3125,93,1440,10001,"[0, 100000]","[0, 100000]",0,0,3955,36572
yolov8x_training,1929.423194,83,250.187,13370.3125,99,2640,10001,"[0, 100000]","[0, 100000]",0,0,4492,18212
yolov8x_training,1930.466173,86,257.176,13370.3125,55,1395,10001,"[0, 100000]","[0, 100000]",0,0,341,292
yolov8x_training,1931.510942,87,247.920,13370.3125,39,1245,10001,"[0, 100000]","[0, 100000]",0,0,15332,32910
yolov8x_training,1932.553940,82,242.195,13370.3125,94,1185,10001,"[0, 100000]","[0, 100000]",0,0,9863,63769
yolov8x_training,1933.596763,84,248.187,13370.3125,100,1950,10001,"[0, 100000]","[0, 100000]",0,0,6298,101953
yolov8x_training,1934.663692,87,238.518,13370.3125,47,2595,10001,"[0, 100000]","[0, 100000]",0,0,3417,11572
yolov8x_training,1935.706745,87,244.316,13370.3125,23,1305,10001,"[0, 100000]","[0, 100000]",0,0,341,292
yolov8x_training,1936.751357,83,252.757,13370.3125,84,1170,10001,"[0, 100000]","[0, 100000]",0,0,15185,35253
yolov8x_training,1937.794640,82,247.015,13370.3125,98,1260,10001,"[0, 100000]","[0, 100000]",0,0,2734,9716
yolov8x_training,1938.837922,83,236.275,13370.3125,88,2505,10001,"[0, 100000]","[0, 100000]",0,0,341,1038964
yolov8x_training,1939.880598,84,243.858,13370.3125,10,1425,10001,"[0, 100000]","[0, 100000]",0,0,3808,32226
yolov8x_training,1940.924196,84,250.726,13370.3125,57,1830,10001,"[0, 100000]","[0, 100000]",0,0,1171,292
yolov8x_training,1941.967024,88,249.509,13370.3125,92,1155,10001,"[0, 100000]","[0, 100000]",0,0,90722,36523
yolov8x_training,1943.033439,86,245.194,13370.3125,100,1440,10001,"[0, 100000]","[0, 100000]",0,0,4199,17138
yolov8x_training,1944.076655,82,242.163,13370.3125,58,1170,10001,"[0, 100000]","[0, 100000]",0,0,341,292
yolov8x_training,1945.119313,87,244.926,13370.3125,28,2235,10001,"[0, 100000]","[0, 100000]",0,0,14794,31347
yolov8x_training,1946.162721,87,238.540,13370.3125,93,2655,10001,"[0, 100000]","[0, 100000]",0,0,2294,125146
yolov8x_training,1947.206569,86,252.370,13370.3125,100,1425,10001,"[0, 100000]","[0, 100000]",0,0,78955,38476
yolov8x_training,1948.272135,82,252.947,13370.3125,30,1170,10001,"[0, 100000]","[0, 100000]",0,0,3662,14941
yolov8x_training,1949.315102,87,236.553,13370.3125,86,2055,10001,"[0, 100000]","[0, 100000]",0,0,341,292
yolov8x_training,1950.363567,82,236.093,13370.3125,94,2415,10001,"[0, 100000]","[0, 100000]",0,0,15136,35644
yolov8x_training,1951.406521,86,254.545,13370.3125,62,2205,10001,"[0, 100000]","[0, 100000]",0,0,1757,292
yolov8x_training,1952.449461,86,253.912,13370.3125,51,1290,10001,"[0, 100000]","[0, 100000]",0,0,6640,102636
yolov8x_training,1953.509950,82,245.912,13370.3125,94,2340,10001,"[0, 100000]","[0, 100000]",0,0,7470,73339
yolov8x_training,1954.580751,85,253.169,13370.3125,68,2610,10001,"[0, 100000]","[0, 100000]",0,0,15185,34667
yolov8x_training,1955.624390,87,255.675,13370.3125,25,1515,10001,"[0, 100000]","[0, 100000]",0,0,2734,3417
yolov8x_training,1956.667466,84,261.281,13370.3125,85,1245,10001,"[0, 100000]","[0, 100000]",0,0,4492,101220
yolov8x_training,1957.741491,86,234.439,13370.3125,100,2070,10001,"[0, 100000]","[0, 100000]",0,0,3076,4003
yolov8x_training,1958.784827,87,239.215,13370.3125,21,787,10001,"[0, 100000]","[0, 100000]",0,0,4248,102392
yolov8x_training,1959.859952,87,256.351,13370.3125,69,1530,10001,"[0, 100000]","[0, 100000]",0,0,2832,11865
yolov8x_training,1960.903027,86,249.915,13370.3125,93,1335,10001,"[0, 100000]","[0, 100000]",0,0,341,1030517
yolov8x_training,1961.946202,83,236.600,13370.3125,98,2445,10001,"[0, 100000]","[0, 100000]",0,0,3564,32031
yolov8x_training,1962.989368,87,243.408,13370.3125,15,1290,10001,"[0, 100000]","[0, 100000]",0,0,341,292
yolov8x_training,1964.057495,87,255.521,13370.3125,94,2145,10001,"[0, 100000]","[0, 100000]",0,0,15185,35400
yolov8x_training,1965.100441,86,244.988,13370.3125,94,2205,10001,"[0, 100000]","[0, 100000]",0,0,537,292
yolov8x_training,1966.165064,82,255.974,13370.3125,49,1335,10001,"[0, 100000]","[0, 100000]",0,0,15185,34667
yolov8x_training,1967.208876,87,240.536,13370.3125,54,2655,10001,"[0, 100000]","[0, 100000]",0,0,1708,341
yolov8x_training,1968.251840,87,258.548,13370.3125,80,1845,10001,"[0, 100000]","[0, 100000]",0,0,6396,101806
yolov8x_training,1969.307835,83,256.613,13370.3125,19,1200,10001,"[0, 100000]","[0, 100000]",0,0,2587,9570
yolov8x_training,1970.350995,83,240.807,13370.3125,94,2505,10001,"[0, 100000]","[0, 100000]",0,0,3027,39404
yolov8x_training,1971.416067,83,251.489,13370.3125,100,1440,10001,"[0, 100000]","[0, 100000]",0,0,3857,18212
yolov8x_training,1972.459423,88,256.861,13370.3125,47,1470,10001,"[0, 100000]","[0, 100000]",0,0,89990,23242
yolov8x_training,1973.534255,86,254.272,13370.3125,56,1200,10001,"[0, 100000]","[0, 100000]",0,0,3662,14941
yolov8x_training,1974.577287,82,242.592,13370.3125,92,1365,10001,"[0, 100000]","[0, 100000]",0,0,341,1040966
yolov8x_training,1975.620571,87,254.073,13370.3125,60,2565,10001,"[0, 100000]","[0, 100000]",0,0,4785,15332
yolov8x_training,1976.663899,87,253.781,13370.3125,54,1230,10001,"[0, 100000]","[0, 100000]",0,0,341,292
yolov8x_training,1977.706464,82,250.046,13370.3125,94,1275,10001,"[0, 100000]","[0, 100000]",0,0,3857,32324
yolov8x_training,1978.749787,89,254.727,13370.3125,68,2325,10001,"[0, 100000]","[0, 100000]",0,0,341,1030078
yolov8x_training,1979.792778,87,249.570,13370.3125,36,1350,10001,"[0, 100000]","[0, 100000]",0,0,5566,19873
yolov8x_training,1980.835853,87,253.603,13370.3125,94,1230,10001,"[0, 100000]","[0, 100000]",0,0,1171,292
yolov8x_training,1981.907567,83,233.733,13370.3125,94,2535,10001,"[0, 100000]","[0, 100000]",0,0,15478,34814
yolov8x_training,1982.950745,87,246.216,13370.3125,17,1365,10001,"[0, 100000]","[0, 100000]",0,0,2050,341
yolov8x_training,1984.021647,88,258.271,13370.3125,91,1185,10001,"[0, 100000]","[0, 100000]",0,0,15185,30908
yolov8x_training,1985.064758,84,245.509,13370.3125,100,1260,10001,"[0, 100000]","[0, 100000]",0,0,14550,292
yolov8x_training,1986.129401,85,255.107,13370.3125,22,2310,10001,"[0, 100000]","[0, 100000]",0,0,15380,35595
yolov8x_training,1987.172928,88,243.989,13370.3125,78,2655,10001,"[0, 100000]","[0, 100000]",0,0,1464,292
yolov8x_training,1988.215628,87,252.711,13370.3125,97,1290,10001,"[0, 100000]","[0, 100000]",0,0,6103,103613
yolov8x_training,1989.283172,82,252.707,13370.3125,37,1245,10001,"[0, 100000]","[0, 100000]",0,0,2880,3417
yolov8x_training,1990.326203,86,239.976,13370.3125,95,2250,10001,"[0, 100000]","[0, 100000]",0,0,89404,20996
yolov8x_training,1991.369270,82,231.908,13370.3125,95,2475,10001,"[0, 100000]","[0, 100000]",0,0,7421,23925
yolov8x_training,1992.412308,88,252.729,13370.3125,60,1230,10001,"[0, 100000]","[0, 100000]",0,0,341,341
yolov8x_training,1993.457828,87,252.199,13370.3125,49,1305,10001,"[0, 100000]","[0, 100000]",0,0,15234,33398
yolov8x_training,1994.500825,82,240.779,13370.3125,93,2430,10001,"[0, 100000]","[0, 100000]",0,0,1806,341
yolov8x_training,1995.543867,87,247.293,13370.3125,90,2640,10001,"[0, 100000]","[0, 100000]",0,0,6542,102587
yolov8x_training,1996.602595,88,261.479,13370.3125,14,1830,10001,"[0, 100000]","[0, 100000]",0,0,2734,7763
yolov8x_training,1997.645994,83,259.926,13370.3125,94,1245,10001,"[0, 100000]","[0, 100000]",0,0,341,341
yolov8x_training,1998.688308,87,215.747,13370.3125,41,1327,10001,"[0, 100000]","[0, 100000]",0,0,5175,85449
yolov8x_training,1999.732404,82,227.170,13370.3125,88,1305,10001,"[0, 100000]","[0, 100000]",0,0,6347,91357
yolov8x_training,2000.788104,86,203.670,13370.3125,51,2505,10001,"[0, 100000]","[0, 100000]",0,0,390,292
yolov8x_training,2001.830607,84,222.364,13370.3125,62,2340,10001,"[0, 100000]","[0, 100000]",0,0,3271,12451
yolov8x_training,2002.873651,82,205.420,13370.3125,57,1575,10001,"[0, 100000]","[0, 100000]",0,0,4003,35400
yolov8x_training,2003.930762,87,224.395,13370.3125,39,2085,10001,"[0, 100000]","[0, 100000]",0,0,390,341
yolov8x_training,2004.973377,81,203.509,13370.3125,78,870,10001,"[0, 100000]","[0, 100000]",0,0,3515,14453
yolov8x_training,2006.016162,87,225.721,13370.3125,13,2550,10001,"[0, 100000]","[0, 100000]",0,0,4980,91455
yolov8x_training,2007.087487,81,213.278,13370.3125,87,1335,10001,"[0, 100000]","[0, 100000]",0,0,341,341
yolov8x_training,2008.129880,85,212.934,13370.3125,0,1215,10001,"[0, 100000]","[0, 100000]",0,0,439,341
yolov8x_training,2009.172059,81,240.654,13370.3125,55,1890,10001,"[0, 100000]","[0, 100000]",0,0,3710,32568
yolov8x_training,2010.214764,88,257.937,13370.3125,67,2655,10001,"[0, 100000]","[0, 100000]",0,0,390,341
yolov8x_training,2011.256947,86,247.684,13370.3125,60,1530,10001,"[0, 100000]","[0, 100000]",0,0,6591,28369
yolov8x_training,2012.299724,81,248.333,13370.3125,58,2040,10001,"[0, 100000]","[0, 100000]",0,0,390,390
yolov8x_training,2013.360872,82,249.789,13370.3125,94,2265,10001,"[0, 100000]","[0, 100000]",0,0,15136,34179
yolov8x_training,2014.404591,85,252.836,13370.3125,83,1875,10001,"[0, 100000]","[0, 100000]",0,0,2099,390
yolov8x_training,2015.447030,87,254.448,13370.3125,26,1320,10001,"[0, 100000]","[0, 100000]",0,0,6542,102490
yolov8x_training,2016.511559,82,249.054,13370.3125,97,2550,10001,"[0, 100000]","[0, 100000]",0,0,2832,57666
yolov8x_training,2017.553960,86,257.543,13370.3125,19,2175,10001,"[0, 100000]","[0, 100000]",0,0,6591,102050
yolov8x_training,2018.620931,87,243.626,13370.3125,81,1335,10001,"[0, 100000]","[0, 100000]",0,0,3320,11132
yolov8x_training,2019.663571,86,248.255,13370.3125,94,1200,10001,"[0, 100000]","[0, 100000]",0,0,90332,28369
yolov8x_training,2020.730861,82,238.145,13370.3125,66,1485,10001,"[0, 100000]","[0, 100000]",0,0,3759,15136
yolov8x_training,2021.773611,87,251.691,13370.3125,61,1282,10001,"[0, 100000]","[0, 100000]",0,0,390,1036865
yolov8x_training,2022.816240,86,256.165,13370.3125,94,1215,10001,"[0, 100000]","[0, 100000]",0,0,3662,32519
yolov8x_training,2023.859241,87,239.037,13370.3125,85,1305,10001,"[0, 100000]","[0, 100000]",0,0,390,341
yolov8x_training,2024.901380,82,248.001,13370.3125,22,2460,10001,"[0, 100000]","[0, 100000]",0,0,5517,19970
yolov8x_training,2025.944462,83,257.540,13370.3125,84,1290,10001,"[0, 100000]","[0, 100000]",0,0,2539,3222
yolov8x_training,2026.987353,86,248.661,13370.3125,97,1245,10001,"[0, 100000]","[0, 100000]",0,0,89648,22021
yolov8x_training,2028.030488,87,236.243,13370.3125,77,1350,10001,"[0, 100000]","[0, 100000]",0,0,4003,30322
yolov8x_training,2029.074421,85,238.159,13370.3125,17,1275,10001,"[0, 100000]","[0, 100000]",0,0,1123,292
yolov8x_training,2030.117194,82,257.669,13370.3125,63,2145,10001,"[0, 100000]","[0, 100000]",0,0,6689,101513
yolov8x_training,2031.182149,86,246.977,13370.3125,93,2550,10001,"[0, 100000]","[0, 100000]",0,0,2587,8984
yolov8x_training,2032.225735,87,254.436,13370.3125,99,1440,10001,"[0, 100000]","[0, 100000]",0,0,88964,18505
yolov8x_training,2033.268608,86,243.243,13370.3125,59,1200,10001,"[0, 100000]","[0, 100000]",0,0,5175,27929
yolov8x_training,2034.311679,82,234.025,13370.3125,93,1245,10001,"[0, 100000]","[0, 100000]",0,0,1074,341
yolov8x_training,2035.354502,83,241.227,13370.3125,100,2385,10001,"[0, 100000]","[0, 100000]",0,0,6591,104199
yolov8x_training,2036.410927,85,259.781,13370.3125,22,1875,10001,"[0, 100000]","[0, 100000]",0,0,2832,10156
yolov8x_training,2037.454080,87,241.429,13370.3125,90,1230,10001,"[0, 100000]","[0, 100000]",0,0,51123,39550
yolov8x_training,2038.518595,84,239.162,13370.3125,100,1845,10001,"[0, 100000]","[0, 100000]",0,0,2929,10595
yolov8x_training,2039.561784,82,255.643,13370.3125,51,2130,10001,"[0, 100000]","[0, 100000]",0,0,90185,27539
yolov8x_training,2040.631058,86,247.836,13370.3125,49,2625,10001,"[0, 100000]","[0, 100000]",0,0,3173,12792
yolov8x_training,2041.674186,87,253.466,13370.3125,93,1575,10001,"[0, 100000]","[0, 100000]",0,0,341,1041601
yolov8x_training,2042.717448,82,241.435,13370.3125,94,1860,10001,"[0, 100000]","[0, 100000]",0,0,5078,21289
yolov8x_training,2043.760827,86,244.417,13370.3125,30,2655,10001,"[0, 100000]","[0, 100000]",0,0,341,292
yolov8x_training,2044.803414,87,265.827,13370.3125,93,937,10001,"[0, 100000]","[0, 100000]",0,0,4882,18798
yolov8x_training,2045.846840,87,238.379,13370.3125,100,1245,10001,"[0, 100000]","[0, 100000]",0,0,19580,292
yolov8x_training,2046.918057,86,252.827,13370.3125,33,2490,10001,"[0, 100000]","[0, 100000]",0,0,15332,35595
yolov8x_training,2047.961626,82,255.983,13370.3125,61,2505,10001,"[0, 100000]","[0, 100000]",0,0,1074,341
yolov8x_training,2049.029516,87,250.569,13370.3125,96,1620,10001,"[0, 100000]","[0, 100000]",0,0,15283,35302
yolov8x_training,2050.072408,86,240.515,13370.3125,54,1200,10001,"[0, 100000]","[0, 100000]",0,0,2246,390
yolov8x_training,2051.115395,82,253.532,13370.3125,50,2010,10001,"[0, 100000]","[0, 100000]",0,0,5126,103173
yolov8x_training,2052.183855,85,249.303,13370.3125,92,2580,10001,"[0, 100000]","[0, 100000]",0,0,2587,3320
yolov8x_training,2053.226757,87,258.630,13370.3125,90,1230,10001,"[0, 100000]","[0, 100000]",0,0,4101,35937
yolov8x_training,2054.283262,83,232.108,13370.3125,88,1260,10001,"[0, 100000]","[0, 100000]",0,0,3710,11718
yolov8x_training,2055.326595,85,246.209,13370.3125,100,1162,10001,"[0, 100000]","[0, 100000]",0,0,90185,28173
yolov8x_training,2056.397155,83,259.248,13370.3125,41,1500,10001,"[0, 100000]","[0, 100000]",0,0,3466,14404
yolov8x_training,2057.440592,88,247.961,13370.3125,62,1185,10001,"[0, 100000]","[0, 100000]",0,0,341,969580
yolov8x_training,2058.483963,86,242.432,13370.3125,95,1635,10001,"[0, 100000]","[0, 100000]",0,0,5029,21777
yolov8x_training,2059.526858,82,254.569,13370.3125,66,1320,10001,"[0, 100000]","[0, 100000]",0,0,341,292
yolov8x_training,2060.569479,85,250.731,13370.3125,35,2295,10001,"[0, 100000]","[0, 100000]",0,0,7714,30664
yolov8x_training,2061.612526,87,243.784,13370.3125,94,1275,10001,"[0, 100000]","[0, 100000]",0,0,15576,341
yolov8x_training,2062.655558,83,245.483,13370.3125,98,1905,10001,"[0, 100000]","[0, 100000]",0,0,12988,35986
yolov8x_training,2063.698561,87,245.637,13370.3125,24,2505,10001,"[0, 100000]","[0, 100000]",0,0,2001,292
yolov8x_training,2064.741471,88,261.599,13370.3125,93,892,10001,"[0, 100000]","[0, 100000]",0,0,6396,102587
yolov8x_training,2065.800113,83,242.116,13370.3125,100,1260,10001,"[0, 100000]","[0, 100000]",0,0,2734,7324
yolov8x_training,2066.843076,86,243.296,13370.3125,20,2655,10001,"[0, 100000]","[0, 100000]",0,0,4589,102441
yolov8x_training,2067.914101,85,260.035,13370.3125,90,1350,10001,"[0, 100000]","[0, 100000]",0,0,2832,8300
yolov8x_training,2068.957591,87,245.491,13370.3125,100,1185,10001,"[0, 100000]","[0, 100000]",0,0,90820,35791
yolov8x_training,2070.026364,86,242.548,13370.3125,45,2550,10001,"[0, 100000]","[0, 100000]",0,0,2685,26855
yolov8x_training,2071.069823,82,252.232,13370.3125,51,2010,10001,"[0, 100000]","[0, 100000]",0,0,3125,39453
yolov8x_training,2072.133904,86,252.793,13370.3125,93,1365,10001,"[0, 100000]","[0, 100000]",0,0,3125,12841
yolov8x_training,2073.177357,87,253.089,13370.3125,69,1755,10001,"[0, 100000]","[0, 100000]",0,0,90429,34326
yolov8x_training,2074.245445,82,241.993,13370.3125,40,1755,10001,"[0, 100000]","[0, 100000]",0,0,3613,12548
yolov8x_training,2075.289608,87,241.625,13370.3125,100,1252,10001,"[0, 100000]","[0, 100000]",0,0,23730,575244
yolov8x_training,2076.332531,88,264.671,13370.3125,14,1230,10001,"[0, 100000]","[0, 100000]",0,0,4541,19677
yolov8x_training,2077.375813,88,242.602,13370.3125,67,1230,10001,"[0, 100000]","[0, 100000]",0,0,341,292
yolov8x_training,2078.431987,86,240.586,13370.3125,94,2220,10001,"[0, 100000]","[0, 100000]",0,0,15576,35302
yolov8x_training,2079.475199,82,250.875,13370.3125,82,1845,10001,"[0, 100000]","[0, 100000]",0,0,2783,7226
yolov8x_training,2080.518356,86,254.659,13370.3125,17,1665,10001,"[0, 100000]","[0, 100000]",0,0,89062,19238
yolov8x_training,2081.561404,86,243.149,13370.3125,47,1755,10001,"[0, 100000]","[0, 100000]",0,0,3710,31396
yolov8x_training,2082.604422,86,243.024,13370.3125,94,1170,10001,"[0, 100000]","[0, 100000]",0,0,341,341
yolov8x_training,2083.674155,83,238.329,13370.3125,99,2175,10001,"[0, 100000]","[0, 100000]",0,0,14941,31445
yolov8x_training,2084.717560,85,236.056,13370.3125,20,1312,10001,"[0, 100000]","[0, 100000]",0,0,2929,35253
yolov8x_training,2085.761220,86,253.205,13370.3125,49,2595,10001,"[0, 100000]","[0, 100000]",0,0,89013,18261
yolov8x_training,2086.804799,88,259.757,13370.3125,93,1200,10001,"[0, 100000]","[0, 100000]",0,0,3759,31738
yolov8x_training,2087.848057,83,242.440,13370.3125,100,1335,10001,"[0, 100000]","[0, 100000]",0,0,341,292
yolov8x_training,2088.890735,86,238.483,13370.3125,38,2280,10001,"[0, 100000]","[0, 100000]",0,0,6396,102490
yolov8x_training,2089.957000,82,247.523,13370.3125,33,1380,10001,"[0, 100000]","[0, 100000]",0,0,3417,11914
yolov8x_training,2091.000585,86,254.273,13370.3125,92,1200,10001,"[0, 100000]","[0, 100000]",0,0,341,1029980
yolov8x_training,2092.043676,87,245.684,13370.3125,100,1350,10001,"[0, 100000]","[0, 100000]",0,0,4833,20654
yolov8x_training,2093.087030,86,242.643,13370.3125,45,1275,10001,"[0, 100000]","[0, 100000]",0,0,341,292
yolov8x_training,2094.136488,82,248.827,13370.3125,64,2460,10001,"[0, 100000]","[0, 100000]",0,0,15527,37939
yolov8x_training,2095.179588,85,251.232,13370.3125,93,1440,10001,"[0, 100000]","[0, 100000]",0,0,1171,292
yolov8x_training,2096.241986,82,254.392,13370.3125,79,1185,10001,"[0, 100000]","[0, 100000]",0,0,15576,35791
yolov8x_training,2097.285118,87,238.944,13370.3125,95,2205,10001,"[0, 100000]","[0, 100000]",0,0,2246,2148
yolov8x_training,2098.328118,87,247.303,13370.3125,100,2505,10001,"[0, 100000]","[0, 100000]",0,0,6933,101513
yolov8x_training,2099.392438,88,262.692,13370.3125,17,1335,10001,"[0, 100000]","[0, 100000]",0,0,2294,118164
yolov8x_training,2100.435574,83,242.562,13370.3125,95,1800,10001,"[0, 100000]","[0, 100000]",0,0,6542,102246
yolov8x_training,2101.489819,87,240.961,13370.3125,100,2355,10001,"[0, 100000]","[0, 100000]",0,0,2929,3417
yolov8x_training,2102.533128,87,262.417,13370.3125,15,2205,10001,"[0, 100000]","[0, 100000]",0,0,3222,37060
yolov8x_training,2103.595627,86,236.118,13370.3125,67,1950,10001,"[0, 100000]","[0, 100000]",0,0,3125,12353
yolov8x_training,2104.639105,83,244.688,13370.3125,100,1215,10001,"[0, 100000]","[0, 100000]",0,0,90429,34423
yolov8x_training,2105.706499,87,242.701,13370.3125,31,2595,10001,"[0, 100000]","[0, 100000]",0,0,2734,10156
yolov8x_training,2106.749858,86,254.975,13370.3125,62,1635,10001,"[0, 100000]","[0, 100000]",0,0,88769,15625
yolov8x_training,2107.792911,82,251.185,13370.3125,93,1200,10001,"[0, 100000]","[0, 100000]",0,0,5371,18603
yolov8x_training,2108.836011,85,240.010,13370.3125,80,2190,10001,"[0, 100000]","[0, 100000]",0,0,341,1033544
yolov8x_training,2109.878754,85,256.533,13370.3125,17,1365,10001,"[0, 100000]","[0, 100000]",0,0,5273,23535
yolov8x_training,2110.921994,87,260.683,13370.3125,94,1830,10001,"[0, 100000]","[0, 100000]",0,0,341,292
yolov8x_training,2111.965051,83,239.563,13370.3125,96,2175,10001,"[0, 100000]","[0, 100000]",0,0,12890,34033
yolov8x_training,2113.008313,87,242.244,13370.3125,17,1680,10001,"[0, 100000]","[0, 100000]",0,0,1562,292
yolov8x_training,2114.079563,88,261.823,13370.3125,92,1252,10001,"[0, 100000]","[0, 100000]",0,0,15234,31250
yolov8x_training,2115.122568,83,243.095,13370.3125,100,1200,10001,"[0, 100000]","[0, 100000]",0,0,19580,341
yolov8x_training,2116.190661,85,244.409,13370.3125,32,1260,10001,"[0, 100000]","[0, 100000]",0,0,15185,35449
yolov8x_training,2117.233671,87,251.609,13370.3125,75,2385,10001,"[0, 100000]","[0, 100000]",0,0,537,292
yolov8x_training,2118.297868,86,255.161,13370.3125,46,915,10001,"[0, 100000]","[0, 100000]",0,0,15039,35009
yolov8x_training,2119.341057,82,248.481,13370.3125,49,1200,10001,"[0, 100000]","[0, 100000]",0,0,2539,3222
yolov8x_training,2120.383937,82,240.496,13370.3125,94,1830,10001,"[0, 100000]","[0, 100000]",0,0,3271,37158
yolov8x_training,2121.445750,87,243.547,13370.3125,100,1365,10001,"[0, 100000]","[0, 100000]",0,0,3271,11669
yolov8x_training,2122.489226,87,259.363,13370.3125,18,1230,10001,"[0, 100000]","[0, 100000]",0,0,33056,481982
yolov8x_training,2123.532201,83,242.091,13370.3125,95,2265,10001,"[0, 100000]","[0, 100000]",0,0,5664,18505
yolov8x_training,2124.575675,84,238.545,13370.3125,100,1830,10001,"[0, 100000]","[0, 100000]",0,0,292,292
yolov8x_training,2125.618815,87,254.813,13370.3125,46,2655,10001,"[0, 100000]","[0, 100000]",0,0,5224,19238
yolov8x_training,2126.662115,86,252.193,13370.3125,48,1410,10001,"[0, 100000]","[0, 100000]",0,0,878,292
yolov8x_training,2127.729283,82,251.072,13370.3125,95,1185,10001,"[0, 100000]","[0, 100000]",0,0,15527,37158
yolov8x_training,2128.772384,85,240.370,13370.3125,72,2430,10001,"[0, 100000]","[0, 100000]",0,0,2197,292
yolov8x_training,2129.815437,87,248.763,13370.3125,11,2625,10001,"[0, 100000]","[0, 100000]",0,0,6884,100976
yolov8x_training,2130.877900,88,264.686,13370.3125,94,1170,10001,"[0, 100000]","[0, 100000]",0,0,2978,35400
yolov8x_training,2131.921732,81,219.281,13370.3125,87,1305,10001,"[0, 100000]","[0, 100000]",0,0,6542,91748
yolov8x_training,2132.984620,87,219.320,13370.3125,17,2085,10001,"[0, 100000]","[0, 100000]",0,0,292,292
yolov8x_training,2134.029366,81,195.993,13370.3125,87,1305,10001,"[0, 100000]","[0, 100000]",0,0,4052,17578
yolov8x_training,2135.074419,85,212.037,13370.3125,26,2505,10001,"[0, 100000]","[0, 100000]",0,0,292,1033251
yolov8x_training,2136.117470,81,198.564,13370.3125,82,1980,10001,"[0, 100000]","[0, 100000]",0,0,2294,1074
yolov8x_training,2137.166389,87,204.047,13370.3125,42,2505,10001,"[0, 100000]","[0, 100000]",0,0,14013,35937
yolov8x_training,2138.209792,81,211.068,13370.3125,85,1305,10001,"[0, 100000]","[0, 100000]",0,0,341,341
yolov8x_training,2139.252567,85,232.094,13370.3125,55,1770,10001,"[0, 100000]","[0, 100000]",0,0,89062,18652
yolov8x_training,2140.295566,81,255.965,13370.3125,29,1245,10001,"[0, 100000]","[0, 100000]",0,0,4980,15332
yolov8x_training,2141.338702,84,241.217,13370.3125,94,2565,10001,"[0, 100000]","[0, 100000]",0,0,341,1028808
yolov8x_training,2142.381303,85,251.757,13370.3125,81,1635,10001,"[0, 100000]","[0, 100000]",0,0,4687,22070
yolov8x_training,2143.424645,87,254.696,13370.3125,19,1215,10001,"[0, 100000]","[0, 100000]",0,0,341,292
yolov8x_training,2144.479076,83,244.880,13370.3125,80,2025,10001,"[0, 100000]","[0, 100000]",0,0,15283,35302
yolov8x_training,2145.521983,82,237.367,13370.3125,94,2535,10001,"[0, 100000]","[0, 100000]",0,0,2294,1171
yolov8x_training,2146.565470,84,247.980,13370.3125,80,2415,10001,"[0, 100000]","[0, 100000]",0,0,79394,38964
yolov8x_training,2147.629123,86,252.114,13370.3125,34,1320,10001,"[0, 100000]","[0, 100000]",0,0,3466,10888
yolov8x_training,2148.672396,82,263.471,13370.3125,94,1200,10001,"[0, 100000]","[0, 100000]",0,0,89599,21484
yolov8x_training,2149.715815,85,238.296,13370.3125,100,2040,10001,"[0, 100000]","[0, 100000]",0,0,5566,16308
yolov8x_training,2150.758982,87,241.276,13370.3125,21,1530,10001,"[0, 100000]","[0, 100000]",0,0,341,1028271
yolov8x_training,2151.801614,84,251.199,13370.3125,71,1275,10001,"[0, 100000]","[0, 100000]",0,0,4931,22412
yolov8x_training,2152.845730,81,246.879,13370.3125,100,1275,10001,"[0, 100000]","[0, 100000]",0,0,683,341
yolov8x_training,2153.908042,81,241.869,13370.3125,56,2655,10001,"[0, 100000]","[0, 100000]",0,0,15283,34423
yolov8x_training,2154.951087,85,250.404,13370.3125,49,1590,10001,"[0, 100000]","[0, 100000]",0,0,2343,2197
yolov8x_training,2155.994191,87,251.796,13370.3125,95,1200,10001,"[0, 100000]","[0, 100000]",0,0,2929,38476
yolov8x_training,2157.057764,83,238.249,13370.3125,100,2055,10001,"[0, 100000]","[0, 100000]",0,0,3222,12646
yolov8x_training,2158.101002,83,240.245,13370.3125,36,1320,10001,"[0, 100000]","[0, 100000]",0,0,89160,18652
yolov8x_training,2159.144275,86,251.977,13370.3125,72,2655,10001,"[0, 100000]","[0, 100000]",0,0,4345,32177
yolov8x_training,2160.188296,87,246.281,13370.3125,94,1395,10001,"[0, 100000]","[0, 100000]",0,0,439,292
yolov8x_training,2161.231356,83,258.152,13370.3125,97,1260,10001,"[0, 100000]","[0, 100000]",0,0,6591,102929
yolov8x_training,2162.287683,84,243.398,13370.3125,70,1485,10001,"[0, 100000]","[0, 100000]",0,0,2685,9863
yolov8x_training,2163.331043,87,241.005,13370.3125,97,2595,10001,"[0, 100000]","[0, 100000]",0,0,89843,25830
yolov8x_training,2164.402598,86,253.559,13370.3125,57,1365,10001,"[0, 100000]","[0, 100000]",0,0,2880,10839
yolov8x_training,2165.445727,86,251.118,13370.3125,40,1275,10001,"[0, 100000]","[0, 100000]",0,0,89746,25146
yolov8x_training,2166.518244,82,239.172,13370.3125,94,2610,10001,"[0, 100000]","[0, 100000]",0,0,3808,14990
yolov8x_training,2167.561148,86,241.390,13370.3125,100,1380,10001,"[0, 100000]","[0, 100000]",0,0,341,1034570
yolov8x_training,2168.603864,86,258.085,13370.3125,33,1890,10001,"[0, 100000]","[0, 100000]",0,0,5615,21191
yolov8x_training,2169.647268,85,242.945,13370.3125,64,1395,10001,"[0, 100000]","[0, 100000]",0,0,2001,292
yolov8x_training,2170.690027,82,256.016,13370.3125,95,1275,10001,"[0, 100000]","[0, 100000]",0,0,6542,101904
yolov8x_training,2171.751498,87,239.345,13370.3125,95,2580,10001,"[0, 100000]","[0, 100000]",0,0,3173,36474
yolov8x_training,2172.795183,87,241.778,13370.3125,20,1380,10001,"[0, 100000]","[0, 100000]",0,0,3076,39306
yolov8x_training,2173.859195,86,255.034,13370.3125,70,1260,10001,"[0, 100000]","[0, 100000]",0,0,3271,13232
yolov8x_training,2174.902196,86,248.827,13370.3125,100,1320,10001,"[0, 100000]","[0, 100000]",0,0,292,1030957
yolov8x_training,2175.944747,82,241.456,13370.3125,64,2655,10001,"[0, 100000]","[0, 100000]",0,0,5126,26757
yolov8x_training,2176.988230,87,247.836,13370.3125,37,1635,10001,"[0, 100000]","[0, 100000]",0,0,537,341
yolov8x_training,2178.030965,87,257.090,13370.3125,95,1170,10001,"[0, 100000]","[0, 100000]",0,0,6396,101074
yolov8x_training,2179.091365,85,241.119,13370.3125,100,1200,10001,"[0, 100000]","[0, 100000]",0,0,2734,43310
yolov8x_training,2180.134433,82,241.196,13370.3125,51,1680,10001,"[0, 100000]","[0, 100000]",0,0,3564,36230
yolov8x_training,2181.193822,86,240.425,13370.3125,58,2655,10001,"[0, 100000]","[0, 100000]",0,0,3222,13281
yolov8x_training,2182.237077,87,246.792,13370.3125,93,1815,10001,"[0, 100000]","[0, 100000]",0,0,292,1033691
yolov8x_training,2183.279829,82,259.390,13370.3125,13,1170,10001,"[0, 100000]","[0, 100000]",0,0,4248,28906
yolov8x_training,2184.322910,87,242.766,13370.3125,70,2385,10001,"[0, 100000]","[0, 100000]",0,0,927,292
yolov8x_training,2185.386482,82,239.484,13370.3125,100,780,10001,"[0, 100000]","[0, 100000]",0,0,15283,31494
yolov8x_training,2186.429905,87,253.086,13370.3125,57,1215,10001,"[0, 100000]","[0, 100000]",0,0,6591,78222
yolov8x_training,2187.473638,87,251.186,13370.3125,41,1260,10001,"[0, 100000]","[0, 100000]",0,0,6396,102343
yolov8x_training,2188.531927,83,236.052,13370.3125,94,2505,10001,"[0, 100000]","[0, 100000]",0,0,3271,12451
yolov8x_training,2189.574890,84,222.488,13370.3125,84,1185,10001,"[0, 100000]","[0, 100000]",0,0,2734,9814
yolov8x_training,2190.618132,82,234.880,13370.3125,99,1290,10001,"[0, 100000]","[0, 100000]",0,0,89599,22070
yolov8x_training,2191.661361,86,252.078,13370.3125,66,2655,10001,"[0, 100000]","[0, 100000]",0,0,4833,16796
yolov8x_training,2192.704361,86,249.256,13370.3125,40,1335,10001,"[0, 100000]","[0, 100000]",0,0,341,292
yolov8x_training,2193.746918,82,254.984,13370.3125,94,1275,10001,"[0, 100000]","[0, 100000]",0,0,3564,31054
yolov8x_training,2194.789954,87,239.321,13370.3125,100,2580,10001,"[0, 100000]","[0, 100000]",0,0,341,292
yolov8x_training,2195.832587,87,239.438,13370.3125,22,1290,10001,"[0, 100000]","[0, 100000]",0,0,6396,102587
yolov8x_training,2196.887743,87,253.122,13370.3125,71,1215,10001,"[0, 100000]","[0, 100000]",0,0,2978,11083
yolov8x_training,2197.930964,87,250.540,13370.3125,94,1290,10001,"[0, 100000]","[0, 100000]",0,0,341,1036718
yolov8x_training,2198.974085,83,238.542,13370.3125,95,2595,10001,"[0, 100000]","[0, 100000]",0,0,4687,24560
yolov8x_training,2200.017198,85,241.239,13370.3125,16,1275,10001,"[0, 100000]","[0, 100000]",0,0,16113,292
yolov8x_training,2201.090129,87,253.410,13370.3125,67,2625,10001,"[0, 100000]","[0, 100000]",0,0,15380,34667
yolov8x_training,2202.133687,87,251.525,13370.3125,94,1650,10001,"[0, 100000]","[0, 100000]",0,0,2343,2441
yolov8x_training,2203.176558,83,254.770,13370.3125,81,1185,10001,"[0, 100000]","[0, 100000]",0,0,90771,35791
yolov8x_training,2204.243943,84,243.134,13370.3125,17,2100,10001,"[0, 100000]","[0, 100000]",0,0,3417,13964
yolov8x_training,2205.286984,87,237.106,13370.3125,95,2655,10001,"[0, 100000]","[0, 100000]",0,0,341,292
yolov8x_training,2206.329565,86,249.441,13370.3125,89,1350,10001,"[0, 100000]","[0, 100000]",0,0,4443,18212
yolov8x_training,2207.372597,87,256.908,13370.3125,12,1260,10001,"[0, 100000]","[0, 100000]",0,0,10742,53320
yolov8x_training,2208.415457,85,239.771,13370.3125,74,2535,10001,"[0, 100000]","[0, 100000]",0,0,5029,103027
yolov8x_training,2209.485306,84,241.551,13370.3125,96,1350,10001,"[0, 100000]","[0, 100000]",0,0,2880,4833
yolov8x_training,2210.528575,85,250.743,13370.3125,77,1215,10001,"[0, 100000]","[0, 100000]",0,0,88867,16845
yolov8x_training,2211.571944,88,255.741,13370.3125,13,1845,10001,"[0, 100000]","[0, 100000]",0,0,3857,31787
yolov8x_training,2212.616083,84,238.616,13370.3125,94,1170,10001,"[0, 100000]","[0, 100000]",0,0,341,292
yolov8x_training,2213.685255,83,247.178,13370.3125,95,2235,10001,"[0, 100000]","[0, 100000]",0,0,15136,31347
yolov8x_training,2214.728538,86,240.581,13370.3125,68,2235,10001,"[0, 100000]","[0, 100000]",0,0,5273,99853
yolov8x_training,2215.772333,87,246.597,13370.3125,22,1515,10001,"[0, 100000]","[0, 100000]",0,0,4687,102587
yolov8x_training,2216.844605,83,240.219,13370.3125,89,1185,10001,"[0, 100000]","[0, 100000]",0,0,3662,11669
yolov8x_training,2217.888139,86,239.976,13370.3125,100,2325,10001,"[0, 100000]","[0, 100000]",0,0,292,1039404
yolov8x_training,2218.931193,82,250.085,13370.3125,54,2400,10001,"[0, 100000]","[0, 100000]",0,0,3857,32421
yolov8x_training,2219.974630,87,254.343,13370.3125,45,1215,10001,"[0, 100000]","[0, 100000]",0,0,341,341
yolov8x_training,2221.017357,88,239.874,13370.3125,94,1230,10001,"[0, 100000]","[0, 100000]",0,0,6445,101025
yolov8x_training,2222.077443,86,238.368,13370.3125,100,1200,10001,"[0, 100000]","[0, 100000]",0,0,2832,35986
yolov8x_training,2223.121525,82,252.823,13370.3125,54,2085,10001,"[0, 100000]","[0, 100000]",0,0,4296,102197
yolov8x_training,2224.196059,84,249.860,13370.3125,94,1185,10001,"[0, 100000]","[0, 100000]",0,0,2978,11621
yolov8x_training,2225.239167,87,255.076,13370.3125,76,1335,10001,"[0, 100000]","[0, 100000]",0,0,89111,17431
yolov8x_training,2226.282531,83,240.560,13370.3125,81,1185,10001,"[0, 100000]","[0, 100000]",0,0,4199,31347
yolov8x_training,2227.326313,84,237.973,13370.3125,94,2385,10001,"[0, 100000]","[0, 100000]",0,0,439,341
yolov8x_training,2228.369007,86,250.679,13370.3125,84,2220,10001,"[0, 100000]","[0, 100000]",0,0,6982,101660
yolov8x_training,2229.432737,87,253.788,13370.3125,22,1365,10001,"[0, 100000]","[0, 100000]",0,0,2734,47509
yolov8x_training,2230.476648,87,239.277,13370.3125,94,1200,10001,"[0, 100000]","[0, 100000]",0,0,89843,25244
yolov8x_training,2231.549103,86,238.581,13370.3125,94,2145,10001,"[0, 100000]","[0, 100000]",0,0,4492,17968
yolov8x_training,2232.592430,82,249.863,13370.3125,80,1500,10001,"[0, 100000]","[0, 100000]",0,0,292,1033447
yolov8x_training,2233.635314,87,256.546,13370.3125,22,2655,10001,"[0, 100000]","[0, 100000]",0,0,4931,20117
yolov8x_training,2234.678413,87,258.589,13370.3125,95,1425,10001,"[0, 100000]","[0, 100000]",0,0,1660,292
yolov8x_training,2235.721371,84,244.915,13370.3125,100,1185,10001,"[0, 100000]","[0, 100000]",0,0,6982,101074
yolov8x_training,2236.785191,82,239.457,13370.3125,48,2220,10001,"[0, 100000]","[0, 100000]",0,0,2734,27294
yolov8x_training,2237.828748,85,250.620,13370.3125,40,2505,10001,"[0, 100000]","[0, 100000]",0,0,90820,37255
yolov8x_training,2238.895050,86,256.965,13370.3125,95,825,10001,"[0, 100000]","[0, 100000]",0,0,3759,16308
yolov8x_training,2239.937993,87,241.690,13370.3125,100,1170,10001,"[0, 100000]","[0, 100000]",0,0,341,292
yolov8x_training,2240.980587,86,240.412,13370.3125,32,2340,10001,"[0, 100000]","[0, 100000]",0,0,6250,30712
yolov8x_training,2242.023646,82,253.018,13370.3125,62,1500,10001,"[0, 100000]","[0, 100000]",0,0,1660,292
yolov8x_training,2243.066788,85,249.902,13370.3125,95,1230,10001,"[0, 100000]","[0, 100000]",0,0,6982,100976
yolov8x_training,2244.130531,88,237.220,13370.3125,94,1830,10001,"[0, 100000]","[0, 100000]",0,0,2929,10937
yolov8x_training,2245.173775,85,237.540,13370.3125,27,1200,10001,"[0, 100000]","[0, 100000]",0,0,43164,420019
yolov8x_training,2246.216952,82,242.162,13370.3125,71,2100,10001,"[0, 100000]","[0, 100000]",0,0,4882,21484
yolov8x_training,2247.259907,85,250.523,13370.3125,94,2370,10001,"[0, 100000]","[0, 100000]",0,0,341,292
yolov8x_training,2248.317780,87,254.578,13370.3125,11,1455,10001,"[0, 100000]","[0, 100000]",0,0,15527,34033
yolov8x_training,2249.361068,83,241.560,13370.3125,86,1350,10001,"[0, 100000]","[0, 100000]",0,0,2294,2294
yolov8x_training,2250.403852,85,237.470,13370.3125,100,2640,10001,"[0, 100000]","[0, 100000]",0,0,2929,38525
yolov8x_training,2251.467356,82,252.759,13370.3125,60,1260,10001,"[0, 100000]","[0, 100000]",0,0,3320,12304
yolov8x_training,2252.510467,86,251.792,13370.3125,32,1260,10001,"[0, 100000]","[0, 100000]",0,0,88769,15869
yolov8x_training,2253.554158,88,239.671,13370.3125,94,1335,10001,"[0, 100000]","[0, 100000]",0,0,4248,30712
yolov8x_training,2254.597848,84,241.027,13370.3125,100,1200,10001,"[0, 100000]","[0, 100000]",0,0,537,292
yolov8x_training,2255.640886,82,254.016,13370.3125,58,2280,10001,"[0, 100000]","[0, 100000]",0,0,6591,102636
yolov8x_training,2256.707518,85,245.719,13370.3125,36,2505,10001,"[0, 100000]","[0, 100000]",0,0,2929,12158
yolov8x_training,2257.751213,87,259.126,13370.3125,95,1350,10001,"[0, 100000]","[0, 100000]",0,0,341,1035546
yolov8x_training,2258.794098,86,243.245,13370.3125,99,1185,10001,"[0, 100000]","[0, 100000]",0,0,3710,33056
yolov8x_training,2259.837309,82,238.882,13370.3125,66,2235,10001,"[0, 100000]","[0, 100000]",0,0,341,292
yolov8x_training,2260.880253,87,228.908,13370.3125,27,2505,10001,"[0, 100000]","[0, 100000]",0,0,292,292
yolov8x_training,2261.923053,81,222.517,13370.3125,79,1200,10001,"[0, 100000]","[0, 100000]",0,0,4101,26318
yolov8x_training,2262.966623,86,209.356,13370.3125,53,2655,10001,"[0, 100000]","[0, 100000]",0,0,341,1029443
yolov8x_training,2264.009813,81,226.196,13370.3125,77,1275,10001,"[0, 100000]","[0, 100000]",0,0,2343,878
yolov8x_training,2265.065498,85,213.842,13370.3125,56,2655,10001,"[0, 100000]","[0, 100000]",0,0,14013,31396
yolov8x_training,2266.108847,82,225.106,13370.3125,61,2280,10001,"[0, 100000]","[0, 100000]",0,0,292,244
yolov8x_training,2267.151617,86,202.558,13370.3125,66,1680,10001,"[0, 100000]","[0, 100000]",0,0,5566,18945
yolov8x_training,2268.194880,85,231.773,13370.3125,85,2655,10001,"[0, 100000]","[0, 100000]",0,0,4736,17968
yolov8x_training,2269.238194,86,252.786,13370.3125,100,840,10001,"[0, 100000]","[0, 100000]",0,0,341,292
yolov8x_training,2270.280789,85,247.406,13370.3125,70,1260,10001,"[0, 100000]","[0, 100000]",0,0,3808,29443
yolov8x_training,2271.324350,81,241.998,13370.3125,94,2430,10001,"[0, 100000]","[0, 100000]",0,0,341,292
yolov8x_training,2272.384247,81,249.884,13370.3125,76,1500,10001,"[0, 100000]","[0, 100000]",0,0,15576,35546
yolov8x_training,2273.427361,86,257.887,13370.3125,26,1290,10001,"[0, 100000]","[0, 100000]",0,0,1269,292
yolov8x_training,2274.495109,87,240.383,13370.3125,94,2025,10001,"[0, 100000]","[0, 100000]",0,0,15185,35546
yolov8x_training,2275.538434,82,245.701,13370.3125,99,1155,10001,"[0, 100000]","[0, 100000]",0,0,1855,292
yolov8x_training,2276.581350,86,258.274,13370.3125,17,1252,10001,"[0, 100000]","[0, 100000]",0,0,15380,31347
yolov8x_training,2277.668084,87,242.022,13370.3125,92,1350,10001,"[0, 100000]","[0, 100000]",0,0,17382,292
yolov8x_training,2278.735643,83,241.918,13370.3125,100,1215,10001,"[0, 100000]","[0, 100000]",0,0,15039,34619
yolov8x_training,2279.778838,82,247.209,13370.3125,52,2280,10001,"[0, 100000]","[0, 100000]",0,0,2636,2490
yolov8x_training,2280.822245,85,253.328,13370.3125,39,1365,10001,"[0, 100000]","[0, 100000]",0,0,4541,102246
yolov8x_training,2281.895743,87,251.872,13370.3125,94,1230,10001,"[0, 100000]","[0, 100000]",0,0,3222,12353
yolov8x_training,2282.938876,87,241.339,13370.3125,94,1350,10001,"[0, 100000]","[0, 100000]",0,0,292,1030859
yolov8x_training,2283.981636,85,247.551,13370.3125,37,1200,10001,"[0, 100000]","[0, 100000]",0,0,4394,16503
yolov8x_training,2285.024864,82,250.168,13370.3125,43,1365,10001,"[0, 100000]","[0, 100000]",0,0,18066,8837
yolov8x_training,2286.068039,86,252.169,13370.3125,93,1305,10001,"[0, 100000]","[0, 100000]",0,0,6298,102343
yolov8x_training,2287.135948,87,231.416,13370.3125,100,1635,10001,"[0, 100000]","[0, 100000]",0,0,3271,13232
yolov8x_training,2288.179171,86,235.922,13370.3125,53,1230,10001,"[0, 100000]","[0, 100000]",0,0,390,1028759
yolov8x_training,2289.230931,82,233.765,13370.3125,34,1275,10001,"[0, 100000]","[0, 100000]",0,0,15429,36718
yolov8x_training,2290.274157,84,236.173,13370.3125,76,2430,10001,"[0, 100000]","[0, 100000]",0,0,2978,3662
yolov8x_training,2291.317644,86,247.603,13370.3125,94,1290,10001,"[0, 100000]","[0, 100000]",0,0,341,1037402
yolov8x_training,2292.360360,87,251.051,13370.3125,22,1275,10001,"[0, 100000]","[0, 100000]",0,0,5224,32080
yolov8x_training,2293.403454,85,243.881,13370.3125,46,1185,10001,"[0, 100000]","[0, 100000]",0,0,1562,292
yolov8x_training,2294.447815,87,237.353,13370.3125,94,2085,10001,"[0, 100000]","[0, 100000]",0,0,82519,38037
yolov8x_training,2295.513829,86,235.154,13370.3125,95,2640,10001,"[0, 100000]","[0, 100000]",0,0,5322,16455
yolov8x_training,2296.557067,82,252.049,13370.3125,72,1860,10001,"[0, 100000]","[0, 100000]",0,0,341,292
yolov8x_training,2297.599703,86,251.522,13370.3125,10,2505,10001,"[0, 100000]","[0, 100000]",0,0,6738,101269
yolov8x_training,2298.652572,86,238.626,13370.3125,77,1755,10001,"[0, 100000]","[0, 100000]",0,0,3076,30322
yolov8x_training,2299.696686,86,247.864,13370.3125,93,1185,10001,"[0, 100000]","[0, 100000]",0,0,88916,19189
yolov8x_training,2300.739521,82,233.952,13370.3125,100,1470,10001,"[0, 100000]","[0, 100000]",0,0,6005,28271
yolov8x_training,2301.782875,81,228.949,13370.3125,60,2505,10001,"[0, 100000]","[0, 100000]",0,0,2783,9179
yolov8x_training,2302.826570,85,242.896,13370.3125,31,1155,10001,"[0, 100000]","[0, 100000]",0,0,341,1036865
yolov8x_training,2303.869360,87,257.743,13370.3125,76,1335,10001,"[0, 100000]","[0, 100000]",0,0,4687,24560
yolov8x_training,2304.912491,86,244.574,13370.3125,94,1245,10001,"[0, 100000]","[0, 100000]",0,0,19482,292
yolov8x_training,2305.955651,83,233.137,13370.3125,93,2070,10001,"[0, 100000]","[0, 100000]",0,0,4199,35888
yolov8x_training,2307.010551,82,233.977,13370.3125,30,2565,10001,"[0, 100000]","[0, 100000]",0,0,5126,19873
yolov8x_training,2308.054031,87,245.977,13370.3125,46,1650,10001,"[0, 100000]","[0, 100000]",0,0,830,292
yolov8x_training,2309.113125,88,256.918,13370.3125,92,1297,10001,"[0, 100000]","[0, 100000]",0,0,15429,37158
yolov8x_training,2310.156139,84,245.633,13370.3125,100,1350,10001,"[0, 100000]","[0, 100000]",0,0,2539,7177
yolov8x_training,2311.199951,82,249.465,13370.3125,52,1185,10001,"[0, 100000]","[0, 100000]",0,0,341,1039746
yolov8x_training,2312.242739,87,238.332,13370.3125,21,2265,10001,"[0, 100000]","[0, 100000]",0,0,5810,19726
yolov8x_training,2313.285764,87,241.690,13370.3125,92,1215,10001,"[0, 100000]","[0, 100000]",0,0,341,292
yolov8x_training,2314.329437,84,258.809,13370.3125,37,1365,10001,"[0, 100000]","[0, 100000]",0,0,15283,35595
yolov8x_training,2315.372365,81,247.526,13370.3125,57,1155,10001,"[0, 100000]","[0, 100000]",0,0,2587,3222
yolov8x_training,2316.415413,82,245.170,13370.3125,95,2550,10001,"[0, 100000]","[0, 100000]",0,0,6445,103808
yolov8x_training,2317.482272,87,249.316,13370.3125,90,1410,10001,"[0, 100000]","[0, 100000]",0,0,2685,5712
yolov8x_training,2318.525640,87,256.939,13370.3125,24,1185,10001,"[0, 100000]","[0, 100000]",0,0,89697,24707
yolov8x_training,2319.596414,82,240.480,13370.3125,93,1275,10001,"[0, 100000]","[0, 100000]",0,0,2685,101660
yolov8x_training,2320.640364,86,243.772,13370.3125,100,1875,10001,"[0, 100000]","[0, 100000]",0,0,3955,36425
yolov8x_training,2321.696300,88,248.205,13370.3125,15,1800,10001,"[0, 100000]","[0, 100000]",0,0,2978,10546
yolov8x_training,2322.739409,84,258.031,13370.3125,79,1515,10001,"[0, 100000]","[0, 100000]",0,0,88964,16650
yolov8x_training,2323.782594,85,249.788,13370.3125,100,1245,10001,"[0, 100000]","[0, 100000]",0,0,5175,18896
yolov8x_training,2324.825788,87,240.889,13370.3125,45,2535,10001,"[0, 100000]","[0, 100000]",0,0,341,292
yolov8x_training,2325.868370,86,253.987,13370.3125,69,1320,10001,"[0, 100000]","[0, 100000]",0,0,7812,27294
yolov8x_training,2326.911422,86,250.044,13370.3125,93,1215,10001,"[0, 100000]","[0, 100000]",0,0,8398,292
yolov8x_training,2327.964794,82,239.617,13370.3125,74,2100,10001,"[0, 100000]","[0, 100000]",0,0,15283,36035
yolov8x_training,2329.007926,88,248.470,13370.3125,13,1410,10001,"[0, 100000]","[0, 100000]",0,0,2539,3369
yolov8x_training,2330.050976,87,256.589,13370.3125,94,1200,10001,"[0, 100000]","[0, 100000]",0,0,4248,38134
yolov8x_training,2331.104248,85,245.228,13370.3125,100,1830,10001,"[0, 100000]","[0, 100000]",0,0,3808,11621
yolov8x_training,2332.147294,82,236.077,13370.3125,27,1290,10001,"[0, 100000]","[0, 100000]",0,0,341,1036425
yolov8x_training,2333.190138,87,256.412,13370.3125,63,2655,10001,"[0, 100000]","[0, 100000]",0,0,3417,27783
yolov8x_training,2334.233441,86,255.137,13370.3125,95,1500,10001,"[0, 100000]","[0, 100000]",0,0,341,292
yolov8x_training,2335.282882,82,251.370,13370.3125,74,1170,10001,"[0, 100000]","[0, 100000]",0,0,15380,36914
yolov8x_training,2336.325746,88,239.076,13370.3125,94,2415,10001,"[0, 100000]","[0, 100000]",0,0,1464,292
yolov8x_training,2337.395833,87,241.962,13370.3125,100,2610,10001,"[0, 100000]","[0, 100000]",0,0,15234,35546
yolov8x_training,2338.439312,87,263.206,13370.3125,26,1290,10001,"[0, 100000]","[0, 100000]",0,0,2539,2978
yolov8x_training,2339.483417,86,238.466,13370.3125,71,1815,10001,"[0, 100000]","[0, 100000]",0,0,6396,103271
yolov8x_training,2340.550797,82,241.246,13370.3125,100,2295,10001,"[0, 100000]","[0, 100000]",0,0,2539,8398
yolov8x_training,2341.594438,87,257.629,13370.3125,46,2505,10001,"[0, 100000]","[0, 100000]",0,0,4003,36718
yolov8x_training,2342.649223,86,247.571,13370.3125,67,1350,10001,"[0, 100000]","[0, 100000]",0,0,2978,29980
yolov8x_training,2343.693142,82,251.578,13370.3125,94,1245,10001,"[0, 100000]","[0, 100000]",0,0,3710,36132
yolov8x_training,2344.750698,86,239.392,13370.3125,78,2400,10001,"[0, 100000]","[0, 100000]",0,0,3222,11230
yolov8x_training,2345.794065,87,247.980,13370.3125,31,2025,10001,"[0, 100000]","[0, 100000]",0,0,88623,15478
yolov8x_training,2346.837363,83,258.900,13370.3125,93,1245,10001,"[0, 100000]","[0, 100000]",0,0,4296,25097
yolov8x_training,2347.880724,87,243.646,13370.3125,100,2010,10001,"[0, 100000]","[0, 100000]",0,0,341,292
yolov8x_training,2348.938721,82,242.038,13370.3125,28,1267,10001,"[0, 100000]","[0, 100000]",0,0,15478,31494
yolov8x_training,2349.982193,89,253.454,13370.3125,61,1650,10001,"[0, 100000]","[0, 100000]",0,0,19824,292
yolov8x_training,2351.043844,87,252.427,13370.3125,94,1185,10001,"[0, 100000]","[0, 100000]",0,0,15429,34082
yolov8x_training,2352.087359,82,242.497,13370.3125,79,1200,10001,"[0, 100000]","[0, 100000]",0,0,2001,292
yolov8x_training,2353.130296,88,243.727,13370.3125,35,2385,10001,"[0, 100000]","[0, 100000]",0,0,3808,35986
yolov8x_training,2354.187435,88,267.848,13370.3125,93,1365,10001,"[0, 100000]","[0, 100000]",0,0,3125,12695
yolov8x_training,2355.230710,84,258.032,13370.3125,100,1350,10001,"[0, 100000]","[0, 100000]",0,0,292,1039599
yolov8x_training,2356.273447,83,249.538,13370.3125,37,1290,10001,"[0, 100000]","[0, 100000]",0,0,4345,24902
yolov8x_training,2357.316565,85,238.934,13370.3125,94,2595,10001,"[0, 100000]","[0, 100000]",0,0,15771,292
yolov8x_training,2358.359821,88,248.687,13370.3125,100,1905,10001,"[0, 100000]","[0, 100000]",0,0,6347,102636
yolov8x_training,2359.415747,87,254.833,13370.3125,31,1260,10001,"[0, 100000]","[0, 100000]",0,0,2929,10400
yolov8x_training,2360.459092,86,246.988,13370.3125,49,1245,10001,"[0, 100000]","[0, 100000]",0,0,341,1037060
yolov8x_training,2361.502024,82,239.657,13370.3125,93,2625,10001,"[0, 100000]","[0, 100000]",0,0,5029,22509
yolov8x_training,2362.545022,87,251.181,13370.3125,90,1845,10001,"[0, 100000]","[0, 100000]",0,0,341,292
yolov8x_training,2363.587604,88,255.020,13370.3125,18,1170,10001,"[0, 100000]","[0, 100000]",0,0,5810,25781
yolov8x_training,2364.631033,83,238.794,13370.3125,94,1215,10001,"[0, 100000]","[0, 100000]",0,0,5273,100537
yolov8x_training,2365.674833,84,238.674,13370.3125,98,1470,10001,"[0, 100000]","[0, 100000]",0,0,6689,102685
yolov8x_training,2366.739106,87,239.184,13370.3125,63,2385,10001,"[0, 100000]","[0, 100000]",0,0,2880,5957
yolov8x_training,2367.782212,87,254.209,13370.3125,49,2055,10001,"[0, 100000]","[0, 100000]",0,0,90576,35449
yolov8x_training,2368.850714,82,256.885,13370.3125,95,1185,10001,"[0, 100000]","[0, 100000]",0,0,3564,12402
yolov8x_training,2369.894399,87,237.588,13370.3125,99,1785,10001,"[0, 100000]","[0, 100000]",0,0,341,1038574
yolov8x_training,2370.937147,87,243.911,13370.3125,9,1290,10001,"[0, 100000]","[0, 100000]",0,0,4003,21728
yolov8x_training,2371.980346,88,259.237,13370.3125,90,1185,10001,"[0, 100000]","[0, 100000]",0,0,341,292
yolov8x_training,2373.022957,86,244.520,13370.3125,100,2055,10001,"[0, 100000]","[0, 100000]",0,0,6250,29931
yolov8x_training,2374.066166,83,240.519,13370.3125,52,2580,10001,"[0, 100000]","[0, 100000]",0,0,341,292
yolov8x_training,2375.124049,87,257.966,13370.3125,74,2265,10001,"[0, 100000]","[0, 100000]",0,0,15234,35595
yolov8x_training,2376.167608,87,250.747,13370.3125,94,1335,10001,"[0, 100000]","[0, 100000]",0,0,2294,1123
yolov8x_training,2377.210566,82,253.412,13370.3125,68,1200,10001,"[0, 100000]","[0, 100000]",0,0,90429,29150
yolov8x_training,2378.277561,87,235.966,13370.3125,9,2340,10001,"[0, 100000]","[0, 100000]",0,0,3222,12841
yolov8x_training,2379.320517,88,237.871,13370.3125,100,1515,10001,"[0, 100000]","[0, 100000]",0,0,292,292
yolov8x_training,2380.362448,86,254.173,13370.3125,52,1260,10001,"[0, 100000]","[0, 100000]",0,0,3613,32324
yolov8x_training,2381.405560,86,251.015,13370.3125,55,1680,10001,"[0, 100000]","[0, 100000]",0,0,341,292
yolov8x_training,2382.453993,82,242.018,13370.3125,93,2580,10001,"[0, 100000]","[0, 100000]",0,0,15380,37109
yolov8x_training,2383.496969,85,249.664,13370.3125,84,1410,10001,"[0, 100000]","[0, 100000]",0,0,976,292
yolov8x_training,2384.556005,88,254.765,13370.3125,15,1275,10001,"[0, 100000]","[0, 100000]",0,0,15673,34472
yolov8x_training,2385.599088,82,247.254,13370.3125,94,2595,10001,"[0, 100000]","[0, 100000]",0,0,634,341
yolov8x_training,2386.655808,86,253.608,13370.3125,63,2520,10001,"[0, 100000]","[0, 100000]",0,0,15087,32666
yolov8x_training,2387.698774,87,253.578,13370.3125,33,1845,10001,"[0, 100000]","[0, 100000]",0,0,19335,390
yolov8x_training,2388.741719,83,261.423,13370.3125,93,1200,10001,"[0, 100000]","[0, 100000]",0,0,6494,102050
yolov8x_training,2389.802015,84,240.014,13370.3125,100,2085,10001,"[0, 100000]","[0, 100000]",0,0,3515,11621
yolov8x_training,2390.845490,85,232.058,13370.3125,64,2580,10001,"[0, 100000]","[0, 100000]",0,0,292,292
yolov8x_training,2391.904933,84,236.096,13370.3125,11,1335,10001,"[0, 100000]","[0, 100000]",0,0,15429,35693
yolov8x_training,2392.948542,84,254.128,13370.3125,71,1305,10001,"[0, 100000]","[0, 100000]",0,0,2539,8447
yolov8x_training,2393.992029,87,249.643,13370.3125,94,1185,10001,"[0, 100000]","[0, 100000]",0,0,341,1030957
yolov8x_training,2395.034590,86,239.972,13370.3125,100,2175,10001,"[0, 100000]","[0, 100000]",0,0,5664,21533
yolov8x_training,2396.077651,82,234.680,13370.3125,58,2655,10001,"[0, 100000]","[0, 100000]",0,0,2343,2441
yolov8x_training,2397.120811,87,243.453,13370.3125,22,2505,10001,"[0, 100000]","[0, 100000]",0,0,3076,39306
yolov8x_training,2398.183114,87,262.547,13370.3125,91,2550,10001,"[0, 100000]","[0, 100000]",0,0,3906,17382
yolov8x_training,2399.226470,86,246.600,13370.3125,92,1530,10001,"[0, 100000]","[0, 100000]",0,0,341,292
yolov8x_training,2400.269103,83,259.213,13370.3125,100,1170,10001,"[0, 100000]","[0, 100000]",0,0,4492,101318
yolov8x_training,2401.342455,82,246.172,13370.3125,50,1320,10001,"[0, 100000]","[0, 100000]",0,0,2783,26806
yolov8x_training,2402.386303,87,234.372,13370.3125,90,2535,10001,"[0, 100000]","[0, 100000]",0,0,341,292
yolov8x_training,2403.428800,82,238.414,13370.3125,96,1785,10001,"[0, 100000]","[0, 100000]",0,0,6201,27343
yolov8x_training,2404.471871,85,251.356,13370.3125,71,1320,10001,"[0, 100000]","[0, 100000]",0,0,2343,976
yolov8x_training,2405.514909,88,252.367,13370.3125,10,1215,10001,"[0, 100000]","[0, 100000]",0,0,3076,39599
yolov8x_training,2406.578877,85,232.612,13370.3125,73,2025,10001,"[0, 100000]","[0, 100000]",0,0,5517,17871
yolov8x_training,2407.621906,82,240.701,13370.3125,93,1320,10001,"[0, 100000]","[0, 100000]",0,0,439,341
yolov8x_training,2408.664236,87,250.679,13370.3125,82,2640,10001,"[0, 100000]","[0, 100000]",0,0,6250,29785
yolov8x_training,2409.707544,87,251.074,13370.3125,15,802,10001,"[0, 100000]","[0, 100000]",0,0,2832,1611
yolov8x_training,2410.750628,86,255.038,13370.3125,71,1860,10001,"[0, 100000]","[0, 100000]",0,0,90527,29687
yolov8x_training,2411.819239,82,250.794,13370.3125,93,1200,10001,"[0, 100000]","[0, 100000]",0,0,5859,22607
yolov8x_training,2412.861996,87,232.222,13370.3125,95,2565,10001,"[0, 100000]","[0, 100000]",0,0,390,292
yolov8x_training,2413.914773,82,242.095,13370.3125,8,2025,10001,"[0, 100000]","[0, 100000]",0,0,14843,31591
yolov8x_training,2414.957619,87,256.390,13370.3125,52,1290,10001,"[0, 100000]","[0, 100000]",0,0,13378,40527
yolov8x_training,2416.000671,87,252.168,13370.3125,93,1395,10001,"[0, 100000]","[0, 100000]",0,0,4638,102783
yolov8x_training,2417.073958,83,234.719,13370.3125,98,2355,10001,"[0, 100000]","[0, 100000]",0,0,3125,12841
yolov8x_training,2418.116451,82,236.944,13370.3125,16,2175,10001,"[0, 100000]","[0, 100000]",0,0,341,1030126
yolov8x_training,2419.159519,86,254.427,13370.3125,58,2610,10001,"[0, 100000]","[0, 100000]",0,0,5126,23779
yolov8x_training,2420.202301,85,247.385,13370.3125,93,1185,10001,"[0, 100000]","[0, 100000]",0,0,439,341
yolov8x_training,2421.244553,82,248.502,13370.3125,58,2010,10001,"[0, 100000]","[0, 100000]",0,0,4541,18994
yolov8x_training,2422.288233,85,237.888,13370.3125,46,2535,10001,"[0, 100000]","[0, 100000]",0,0,15136,341
yolov8x_training,2423.340122,88,255.592,13370.3125,85,1845,10001,"[0, 100000]","[0, 100000]",0,0,15380,34619
yolov8x_training,2424.382855,83,239.600,13370.3125,10,1275,10001,"[0, 100000]","[0, 100000]",0,0,2490,2392
yolov8x_training,2425.425152,83,243.758,13370.3125,95,2640,10001,"[0, 100000]","[0, 100000]",0,0,4638,102685
yolov8x_training,2426.498532,83,256.222,13370.3125,96,1920,10001,"[0, 100000]","[0, 100000]",0,0,3369,12060
yolov8x_training,2427.540934,86,247.471,13370.3125,63,1185,10001,"[0, 100000]","[0, 100000]",0,0,390,1036669
yolov8x_training,2428.583268,86,239.065,13370.3125,38,1860,10001,"[0, 100000]","[0, 100000]",0,0,3417,28027
yolov8x_training,2429.626072,82,248.895,13370.3125,93,1335,10001,"[0, 100000]","[0, 100000]",0,0,390,341
yolov8x_training,2430.668260,85,259.114,13370.3125,87,1267,10001,"[0, 100000]","[0, 100000]",0,0,4687,28271
yolov8x_training,2431.711163,87,256.536,13370.3125,34,622,10001,"[0, 100000]","[0, 100000]",0,0,390,341
yolov8x_training,2432.753304,83,239.854,13370.3125,98,1320,10001,"[0, 100000]","[0, 100000]",0,0,7617,28369
yolov8x_training,2433.796110,86,244.676,13370.3125,16,2580,10001,"[0, 100000]","[0, 100000]",0,0,1171,341
yolov8x_training,2434.864312,88,262.013,13370.3125,94,1440,10001,"[0, 100000]","[0, 100000]",0,0,15234,35107
yolov8x_training,2435.907028,83,260.686,13370.3125,100,1245,10001,"[0, 100000]","[0, 100000]",0,0,2392,634
yolov8x_training,2436.949840,84,240.709,13370.3125,20,2400,10001,"[0, 100000]","[0, 100000]",0,0,6103,101611
yolov8x_training,2438.018072,85,258.344,13370.3125,71,2505,10001,"[0, 100000]","[0, 100000]",0,0,2929,117138
yolov8x_training,2439.061987,87,247.693,13370.3125,93,1665,10001,"[0, 100000]","[0, 100000]",0,0,5175,101660
yolov8x_training,2440.132446,87,244.960,13370.3125,71,1320,10001,"[0, 100000]","[0, 100000]",0,0,3125,12451
yolov8x_training,2441.174870,82,246.968,13370.3125,33,1320,10001,"[0, 100000]","[0, 100000]",0,0,3320,37451
yolov8x_training,2442.234184,86,254.507,13370.3125,93,1267,10001,"[0, 100000]","[0, 100000]",0,0,3173,5371
yolov8x_training,2443.276788,86,254.588,13370.3125,67,2010,10001,"[0, 100000]","[0, 100000]",0,0,4248,38330
yolov8x_training,2444.329650,82,252.821,13370.3125,94,2070,10001,"[0, 100000]","[0, 100000]",0,0,2929,10107
yolov8x_training,2445.372431,87,246.231,13370.3125,99,2460,10001,"[0, 100000]","[0, 100000]",0,0,88769,15722
yolov8x_training,2446.416515,87,265.546,13370.3125,16,952,10001,"[0, 100000]","[0, 100000]",0,0,4345,16699
yolov8x_training,2447.459438,88,235.395,13370.3125,94,1230,10001,"[0, 100000]","[0, 100000]",0,0,390,1030224
yolov8x_training,2448.501995,84,237.746,13370.3125,100,2115,10001,"[0, 100000]","[0, 100000]",0,0,4248,30664
yolov8x_training,2449.545480,85,258.005,13370.3125,37,1275,10001,"[0, 100000]","[0, 100000]",0,0,439,341
yolov8x_training,2450.594806,87,239.701,13370.3125,65,1245,10001,"[0, 100000]","[0, 100000]",0,0,15332,36621
yolov8x_training,2451.637689,86,240.987,13370.3125,95,1230,10001,"[0, 100000]","[0, 100000]",0,0,2099,341
yolov8x_training,2452.680183,82,253.477,13370.3125,59,1965,10001,"[0, 100000]","[0, 100000]",0,0,6396,100976
yolov8x_training,2453.746247,85,245.157,13370.3125,44,2655,10001,"[0, 100000]","[0, 100000]",0,0,3076,12695
yolov8x_training,2454.789230,88,262.949,13370.3125,93,1995,10001,"[0, 100000]","[0, 100000]",0,0,7128,102294
yolov8x_training,2455.852401,83,235.042,13370.3125,100,1200,10001,"[0, 100000]","[0, 100000]",0,0,3417,12548
yolov8x_training,2456.894753,85,254.736,13370.3125,30,2520,10001,"[0, 100000]","[0, 100000]",0,0,390,1038818
yolov8x_training,2457.937222,83,256.571,13370.3125,70,2655,10001,"[0, 100000]","[0, 100000]",0,0,5126,23632
yolov8x_training,2458.980484,86,252.880,13370.3125,98,1200,10001,"[0, 100000]","[0, 100000]",0,0,390,390
yolov8x_training,2460.022701,87,243.329,13370.3125,63,2415,10001,"[0, 100000]","[0, 100000]",0,0,4541,17773
yolov8x_training,2461.065852,82,254.381,13370.3125,54,2310,10001,"[0, 100000]","[0, 100000]",0,0,15869,341
yolov8x_training,2462.131213,86,253.824,13370.3125,93,2565,10001,"[0, 100000]","[0, 100000]",0,0,15332,34179
yolov8x_training,2463.174784,87,237.860,13370.3125,99,1305,10001,"[0, 100000]","[0, 100000]",0,0,2539,1074
yolov8x_training,2464.245495,83,240.046,13370.3125,21,1320,10001,"[0, 100000]","[0, 100000]",0,0,15429,34375
yolov8x_training,2465.288783,87,242.031,13370.3125,94,2505,10001,"[0, 100000]","[0, 100000]",0,0,1416,341
yolov8x_training,2466.331541,88,261.499,13370.3125,30,1920,10001,"[0, 100000]","[0, 100000]",0,0,6494,102246
yolov8x_training,2467.398612,85,239.756,13370.3125,68,1245,10001,"[0, 100000]","[0, 100000]",0,0,2929,8398
yolov8x_training,2468.441494,86,238.041,13370.3125,95,2535,10001,"[0, 100000]","[0, 100000]",0,0,89257,19921
yolov8x_training,2469.484421,82,254.421,13370.3125,68,2535,10001,"[0, 100000]","[0, 100000]",0,0,3857,15136
yolov8x_training,2470.526997,87,254.393,13370.3125,28,1215,10001,"[0, 100000]","[0, 100000]",0,0,390,292
yolov8x_training,2471.569479,87,237.435,13370.3125,94,1305,10001,"[0, 100000]","[0, 100000]",0,0,4931,18115
yolov8x_training,2472.611449,83,241.329,13370.3125,100,2505,10001,"[0, 100000]","[0, 100000]",0,0,488,292
yolov8x_training,2473.684003,84,261.427,13370.3125,38,2565,10001,"[0, 100000]","[0, 100000]",0,0,15576,35791
yolov8x_training,2474.727287,87,255.598,13370.3125,72,1620,10001,"[0, 100000]","[0, 100000]",0,0,1611,341
yolov8x_training,2475.770626,86,246.697,13370.3125,95,1185,10001,"[0, 100000]","[0, 100000]",0,0,7031,101660
yolov8x_training,2476.830827,82,246.261,13370.3125,55,2445,10001,"[0, 100000]","[0, 100000]",0,0,5273,100097
yolov8x_training,2477.903555,84,251.294,13370.3125,39,2475,10001,"[0, 100000]","[0, 100000]",0,0,15429,36962
yolov8x_training,2478.946452,85,257.986,13370.3125,95,1380,10001,"[0, 100000]","[0, 100000]",0,0,1171,292
yolov8x_training,2479.989127,87,240.963,13370.3125,86,1920,10001,"[0, 100000]","[0, 100000]",0,0,5468,102685
yolov8x_training,2481.057210,83,242.994,13370.3125,19,2655,10001,"[0, 100000]","[0, 100000]",0,0,2587,8300
yolov8x_training,2482.100570,87,263.354,13370.3125,94,1590,10001,"[0, 100000]","[0, 100000]",0,0,5029,102343
yolov8x_training,2483.172121,88,242.177,13370.3125,100,1725,10001,"[0, 100000]","[0, 100000]",0,0,2734,4736
yolov8x_training,2484.215223,83,243.001,13370.3125,18,1305,10001,"[0, 100000]","[0, 100000]",0,0,5126,101953
yolov8x_training,2485.285256,87,253.150,13370.3125,83,2580,10001,"[0, 100000]","[0, 100000]",0,0,2685,125634
yolov8x_training,2486.328737,87,257.691,13370.3125,35,1515,10001,"[0, 100000]","[0, 100000]",0,0,6054,102099
yolov8x_training,2487.397821,86,247.375,13370.3125,65,1200,10001,"[0, 100000]","[0, 100000]",0,0,2392,927
yolov8x_training,2488.440728,86,250.400,13370.3125,95,2160,10001,"[0, 100000]","[0, 100000]",0,0,6396,102539
yolov8x_training,2489.499592,82,254.918,13370.3125,47,1327,10001,"[0, 100000]","[0, 100000]",0,0,2734,3125
yolov8x_training,2490.542356,86,253.007,13370.3125,49,1185,10001,"[0, 100000]","[0, 100000]",0,0,3076,38085
yolov8x_training,2491.602621,87,242.708,13370.3125,93,2430,10001,"[0, 100000]","[0, 100000]",0,0,3076,10498
yolov8x_training,2492.644915,82,252.759,13370.3125,62,2190,10001,"[0, 100000]","[0, 100000]",0,0,88720,16699
yolov8x_training,2493.687663,88,253.197,13370.3125,52,1305,10001,"[0, 100000]","[0, 100000]",0,0,3222,11816
yolov8x_training,2494.730107,87,248.283,13370.3125,94,1200,10001,"[0, 100000]","[0, 100000]",0,0,90185,24072
yolov8x_training,2495.801870,82,251.497,13370.3125,61,2340,10001,"[0, 100000]","[0, 100000]",0,0,2587,3320
yolov8x_training,2496.844676,86,249.822,13370.3125,44,1320,10001,"[0, 100000]","[0, 100000]",0,0,90917,36474
yolov8x_training,2497.909486,87,256.155,13370.3125,93,1185,10001,"[0, 100000]","[0, 100000]",0,0,2978,10595
yolov8x_training,2498.951971,87,240.400,13370.3125,77,1500,10001,"[0, 100000]","[0, 100000]",0,0,90185,26123
yolov8x_training,2500.022517,82,251.976,13370.3125,33,1425,10001,"[0, 100000]","[0, 100000]",0,0,2587,8740
yolov8x_training,2501.065485,86,250.846,13370.3125,94,1200,10001,"[0, 100000]","[0, 100000]",0,0,90332,27490
yolov8x_training,2502.132614,87,254.532,13370.3125,87,1365,10001,"[0, 100000]","[0, 100000]",0,0,390,341
yolov8x_training,2503.177201,83,258.719,13370.3125,69,990,10001,"[0, 100000]","[0, 100000]",0,0,15087,33203
yolov8x_training,2504.219459,88,246.634,13370.3125,95,1710,10001,"[0, 100000]","[0, 100000]",0,0,2343,1025
yolov8x_training,2505.262359,87,252.554,13370.3125,60,1230,10001,"[0, 100000]","[0, 100000]",0,0,89648,21093
yolov8x_training,2506.305793,83,236.964,13370.3125,11,1860,10001,"[0, 100000]","[0, 100000]",0,0,5908,19726
yolov8x_training,2507.349064,86,236.892,13370.3125,94,2595,10001,"[0, 100000]","[0, 100000]",0,0,341,292
yolov8x_training,2508.391770,85,249.145,13370.3125,93,2505,10001,"[0, 100000]","[0, 100000]",0,0,5126,101220
yolov8x_training,2509.461612,84,252.486,13370.3125,27,1425,10001,"[0, 100000]","[0, 100000]",0,0,3125,12792
yolov8x_training,2510.504761,86,248.231,13370.3125,53,1200,10001,"[0, 100000]","[0, 100000]",0,0,390,1036474
yolov8x_training,2511.547575,82,234.601,13370.3125,94,2310,10001,"[0, 100000]","[0, 100000]",0,0,5175,27685
yolov8x_training,2512.590922,85,239.680,13370.3125,100,1252,10001,"[0, 100000]","[0, 100000]",0,0,2197,830
yolov8x_training,2513.634085,85,254.131,13370.3125,63,2475,10001,"[0, 100000]","[0, 100000]",0,0,89306,21044
yolov8x_training,2514.677538,87,247.561,13370.3125,24,2550,10001,"[0, 100000]","[0, 100000]",0,0,3857,30566
yolov8x_training,2515.721298,83,259.487,13370.3125,86,1305,10001,"[0, 100000]","[0, 100000]",0,0,341,292
yolov8x_training,2516.793578,82,244.584,13370.3125,95,1170,10001,"[0, 100000]","[0, 100000]",0,0,15332,36669
yolov8x_training,2517.836613,87,233.060,13370.3125,80,2190,10001,"[0, 100000]","[0, 100000]",0,0,2832,3906
yolov8x_training,2518.879723,87,234.368,13370.3125,31,2505,10001,"[0, 100000]","[0, 100000]",0,0,341,292
yolov8x_training,2519.939021,87,243.197,13370.3125,39,1905,10001,"[0, 100000]","[0, 100000]",0,0,15576,30664
yolov8x_training,2520.982107,86,256.389,13370.3125,86,1545,10001,"[0, 100000]","[0, 100000]",0,0,3271,12353
yolov8x_training,2522.026059,87,248.142,13370.3125,94,1275,10001,"[0, 100000]","[0, 100000]",0,0,341,292
yolov8x_training,2523.068617,83,237.742,13370.3125,100,1845,10001,"[0, 100000]","[0, 100000]",0,0,4882,19921
yolov8x_training,2524.111653,82,241.999,13370.3125,41,2310,10001,"[0, 100000]","[0, 100000]",0,0,1611,292
yolov8x_training,2525.154789,87,247.716,13370.3125,58,2325,10001,"[0, 100000]","[0, 100000]",0,0,90283,28320
yolov8x_training,2526.224040,87,236.978,13370.3125,93,2505,10001,"[0, 100000]","[0, 100000]",0,0,5078,21044
yolov8x_training,2527.267158,86,255.222,13370.3125,94,2490,10001,"[0, 100000]","[0, 100000]",0,0,341,292
yolov8x_training,2528.309788,82,255.283,13370.3125,53,1215,10001,"[0, 100000]","[0, 100000]",0,0,9277,30175
yolov8x_training,2529.352668,87,233.351,13370.3125,93,2025,10001,"[0, 100000]","[0, 100000]",0,0,2880,113916
yolov8x_training,2530.396677,86,251.728,13370.3125,98,2475,10001,"[0, 100000]","[0, 100000]",0,0,89843,25195
yolov8x_training,2531.468856,85,253.559,13370.3125,69,1425,10001,"[0, 100000]","[0, 100000]",0,0,5468,16650
yolov8x_training,2532.512192,87,253.518,13370.3125,16,1215,10001,"[0, 100000]","[0, 100000]",0,0,341,292
yolov8x_training,2533.585617,86,243.941,13370.3125,50,1380,10001,"[0, 100000]","[0, 100000]",0,0,15283,36132
yolov8x_training,2534.628860,82,241.091,13370.3125,94,1935,10001,"[0, 100000]","[0, 100000]",0,0,2343,488
yolov8x_training,2535.672216,85,247.351,13370.3125,79,2355,10001,"[0, 100000]","[0, 100000]",0,0,4589,101513
yolov8x_training,2536.744727,87,237.384,13370.3125,15,2655,10001,"[0, 100000]","[0, 100000]",0,0,3662,11230
yolov8x_training,2537.788081,87,245.663,13370.3125,35,1260,10001,"[0, 100000]","[0, 100000]",0,0,341,292
yolov8x_training,2538.830690,82,260.617,13370.3125,92,1305,10001,"[0, 100000]","[0, 100000]",0,0,5957,20751
yolov8x_training,2539.874345,85,240.124,13370.3125,100,1875,10001,"[0, 100000]","[0, 100000]",0,0,2343,2392
yolov8x_training,2540.916355,86,249.739,13370.3125,29,2460,10001,"[0, 100000]","[0, 100000]",0,0,3222,39453
yolov8x_training,2541.978504,86,256.428,13370.3125,57,1110,10001,"[0, 100000]","[0, 100000]",0,0,3515,10937
yolov8x_training,2543.021233,86,252.864,13370.3125,94,1245,10001,"[0, 100000]","[0, 100000]",0,0,439,1028320
yolov8x_training,2544.063863,83,235.387,13370.3125,95,2430,10001,"[0, 100000]","[0, 100000]",0,0,3808,32812
yolov8x_training,2545.106602,84,250.832,13370.3125,18,2295,10001,"[0, 100000]","[0, 100000]",0,0,390,341
yolov8x_training,2546.148937,86,254.738,13370.3125,74,2595,10001,"[0, 100000]","[0, 100000]",0,0,6835,102001
yolov8x_training,2547.210446,87,249.889,13370.3125,94,1335,10001,"[0, 100000]","[0, 100000]",0,0,2978,9033
yolov8x_training,2548.253952,82,261.202,13370.3125,83,1185,10001,"[0, 100000]","[0, 100000]",0,0,5029,103710
yolov8x_training,2549.321172,85,242.477,13370.3125,32,2415,10001,"[0, 100000]","[0, 100000]",0,0,2783,4882
yolov8x_training,2550.363393,87,245.783,13370.3125,100,2505,10001,"[0, 100000]","[0, 100000]",0,0,90771,35546
yolov8x_training,2551.431400,87,259.977,13370.3125,13,1305,10001,"[0, 100000]","[0, 100000]",0,0,2929,10400
yolov8x_training,2552.474076,87,242.201,13370.3125,26,2055,10001,"[0, 100000]","[0, 100000]",0,0,292,292
yolov8x_training,2553.538343,81,205.951,13370.3125,100,922,10001,"[0, 100000]","[0, 100000]",0,0,14208,35351
yolov8x_training,2554.581301,87,221.907,13370.3125,10,2130,10001,"[0, 100000]","[0, 100000]",0,0,341,292
yolov8x_training,2555.624178,81,211.067,13370.3125,100,1365,10001,"[0, 100000]","[0, 100000]",0,0,2587,8593
yolov8x_training,2556.667735,87,223.744,13370.3125,12,2655,10001,"[0, 100000]","[0, 100000]",0,0,6933,92138
yolov8x_training,2557.731638,81,225.169,13370.3125,90,1185,10001,"[0, 100000]","[0, 100000]",0,0,292,341
yolov8x_training,2558.774467,86,205.575,13370.3125,31,2655,10001,"[0, 100000]","[0, 100000]",0,0,3564,14501
yolov8x_training,2559.817718,84,232.195,13370.3125,64,1260,10001,"[0, 100000]","[0, 100000]",0,0,2587,1367
yolov8x_training,2560.860948,85,245.989,13370.3125,42,1815,10001,"[0, 100000]","[0, 100000]",0,0,341,292
yolov8x_training,2561.903594,83,214.378,13370.3125,0,1605,10001,"[0, 100000]","[0, 100000]",0,0,2636,70996
yolov8x_training,2562.946902,85,222.167,13370.3125,94,1290,10001,"[0, 100000]","[0, 100000]",0,0,341,292
yolov8x_training,2563.989536,81,242.249,13370.3125,82,2430,10001,"[0, 100000]","[0, 100000]",0,0,9765,31835
yolov8x_training,2565.032391,85,247.742,13370.3125,48,2115,10001,"[0, 100000]","[0, 100000]",0,0,1269,292
yolov8x_training,2566.098413,87,257.484,13370.3125,95,1200,10001,"[0, 100000]","[0, 100000]",0,0,15185,33984
yolov8x_training,2567.141523,81,239.712,13370.3125,84,1305,10001,"[0, 100000]","[0, 100000]",0,0,2246,927
yolov8x_training,2568.210797,86,247.555,13370.3125,19,2550,10001,"[0, 100000]","[0, 100000]",0,0,15478,29394
yolov8x_training,2569.253988,87,243.941,13370.3125,94,1365,10001,"[0, 100000]","[0, 100000]",0,0,16015,292
yolov8x_training,2570.307231,82,260.707,13370.3125,99,1185,10001,"[0, 100000]","[0, 100000]",0,0,15136,34814
yolov8x_training,2571.349928,86,241.472,13370.3125,95,1365,10001,"[0, 100000]","[0, 100000]",0,0,1074,292
yolov8x_training,2572.392586,86,252.986,13370.3125,100,2505,10001,"[0, 100000]","[0, 100000]",0,0,6494,104931
yolov8x_training,2573.457495,87,254.542,13370.3125,44,1380,10001,"[0, 100000]","[0, 100000]",0,0,2539,8789
yolov8x_training,2574.500628,85,249.937,13370.3125,60,1455,10001,"[0, 100000]","[0, 100000]",0,0,3808,36035
yolov8x_training,2575.558990,81,243.671,13370.3125,100,2580,10001,"[0, 100000]","[0, 100000]",0,0,2685,9814
yolov8x_training,2576.602773,87,255.866,13370.3125,45,1290,10001,"[0, 100000]","[0, 100000]",0,0,90625,35644
yolov8x_training,2577.669916,86,247.697,13370.3125,52,1845,10001,"[0, 100000]","[0, 100000]",0,0,2832,26708
yolov8x_training,2578.713198,81,244.058,13370.3125,94,1275,10001,"[0, 100000]","[0, 100000]",0,0,3369,36376
yolov8x_training,2579.774055,87,246.468,13370.3125,70,1327,10001,"[0, 100000]","[0, 100000]",0,0,2880,10156
yolov8x_training,2580.817424,86,237.446,13370.3125,32,1155,10001,"[0, 100000]","[0, 100000]",0,0,341,292
yolov8x_training,2581.867617,86,251.451,13370.3125,58,1230,10001,"[0, 100000]","[0, 100000]",0,0,15380,35791
yolov8x_training,2582.910391,82,252.206,13370.3125,93,1665,10001,"[0, 100000]","[0, 100000]",0,0,1123,292
yolov8x_training,2583.953116,82,240.562,13370.3125,63,2655,10001,"[0, 100000]","[0, 100000]",0,0,6591,103466
yolov8x_training,2585.007502,86,253.779,13370.3125,42,1350,10001,"[0, 100000]","[0, 100000]",0,0,6054,93652
yolov8x_training,2586.050927,87,252.607,13370.3125,94,1215,10001,"[0, 100000]","[0, 100000]",0,0,6689,104638
yolov8x_training,2587.108174,82,240.382,13370.3125,88,2535,10001,"[0, 100000]","[0, 100000]",0,0,2929,5273
yolov8x_training,2588.151464,86,243.699,13370.3125,22,2565,10001,"[0, 100000]","[0, 100000]",0,0,3222,37011
yolov8x_training,2589.213445,87,264.175,13370.3125,94,1335,10001,"[0, 100000]","[0, 100000]",0,0,3320,12646
yolov8x_training,2590.257067,83,255.165,13370.3125,100,1245,10001,"[0, 100000]","[0, 100000]",0,0,89501,20556
yolov8x_training,2591.300244,84,243.858,13370.3125,27,2010,10001,"[0, 100000]","[0, 100000]",0,0,4638,19775
yolov8x_training,2592.343116,87,239.844,13370.3125,94,2640,10001,"[0, 100000]","[0, 100000]",0,0,341,292
yolov8x_training,2593.385766,86,249.727,13370.3125,77,997,10001,"[0, 100000]","[0, 100000]",0,0,12841,34619
yolov8x_training,2594.428557,82,259.378,13370.3125,7,1215,10001,"[0, 100000]","[0, 100000]",0,0,2539,3222
yolov8x_training,2595.471388,83,242.644,13370.3125,95,2475,10001,"[0, 100000]","[0, 100000]",0,0,5566,105322
yolov8x_training,2596.539681,85,240.409,13370.3125,100,1380,10001,"[0, 100000]","[0, 100000]",0,0,2832,7275
yolov8x_training,2597.582897,87,253.070,13370.3125,46,1245,10001,"[0, 100000]","[0, 100000]",0,0,3076,39550
yolov8x_training,2598.646676,86,245.500,13370.3125,70,1845,10001,"[0, 100000]","[0, 100000]",0,0,2880,11621
yolov8x_training,2599.689787,82,242.889,13370.3125,96,1815,10001,"[0, 100000]","[0, 100000]",0,0,89746,21240
yolov8x_training,2600.733359,88,251.704,13370.3125,60,1177,10001,"[0, 100000]","[0, 100000]",0,0,3369,12744
yolov8x_training,2601.776532,86,248.657,13370.3125,45,1335,10001,"[0, 100000]","[0, 100000]",0,0,341,1032958
yolov8x_training,2602.819452,82,256.150,13370.3125,92,1305,10001,"[0, 100000]","[0, 100000]",0,0,5029,20458
yolov8x_training,2603.862786,87,239.778,13370.3125,88,2640,10001,"[0, 100000]","[0, 100000]",0,0,341,292
yolov8x_training,2604.905417,87,248.141,13370.3125,26,1425,10001,"[0, 100000]","[0, 100000]",0,0,14257,35693
yolov8x_training,2605.948491,89,259.527,13370.3125,94,1260,10001,"[0, 100000]","[0, 100000]",0,0,1123,341
yolov8x_training,2606.991161,83,247.554,13370.3125,100,2505,10001,"[0, 100000]","[0, 100000]",0,0,6542,103027
yolov8x_training,2608.044733,86,255.431,13370.3125,23,1695,10001,"[0, 100000]","[0, 100000]",0,0,2636,115429
yolov8x_training,2609.087976,87,258.687,13370.3125,70,1845,10001,"[0, 100000]","[0, 100000]",0,0,5371,104541
yolov8x_training,2610.157116,86,247.844,13370.3125,100,1215,10001,"[0, 100000]","[0, 100000]",0,0,2832,10839
yolov8x_training,2611.200420,82,235.232,13370.3125,57,1260,10001,"[0, 100000]","[0, 100000]",0,0,390,1041455
yolov8x_training,2612.243448,87,235.222,13370.3125,27,2055,10001,"[0, 100000]","[0, 100000]",0,0,5175,24072
yolov8x_training,2613.286446,87,241.624,13370.3125,94,645,10001,"[0, 100000]","[0, 100000]",0,0,341,292
yolov8x_training,2614.349386,84,251.883,13370.3125,45,1200,10001,"[0, 100000]","[0, 100000]",0,0,14941,31445
yolov8x_training,2615.392789,82,247.032,13370.3125,60,1725,10001,"[0, 100000]","[0, 100000]",0,0,8203,69238
yolov8x_training,2616.435602,85,236.604,13370.3125,93,1207,10001,"[0, 100000]","[0, 100000]",0,0,6591,103662
yolov8x_training,2617.495254,85,249.040,13370.3125,84,1012,10001,"[0, 100000]","[0, 100000]",0,0,3027,4003
yolov8x_training,2618.538615,87,264.369,13370.3125,28,1260,10001,"[0, 100000]","[0, 100000]",0,0,5468,102392
yolov8x_training,2619.608384,83,239.548,13370.3125,93,1965,10001,"[0, 100000]","[0, 100000]",0,0,3027,12841
yolov8x_training,2620.651727,85,243.123,13370.3125,100,2085,10001,"[0, 100000]","[0, 100000]",0,0,292,1034375
yolov8x_training,2621.694592,88,251.206,13370.3125,44,1470,10001,"[0, 100000]","[0, 100000]",0,0,4833,20947
yolov8x_training,2622.737759,86,249.457,13370.3125,48,1395,10001,"[0, 100000]","[0, 100000]",0,0,390,292
yolov8x_training,2623.780392,82,252.269,13370.3125,94,1305,10001,"[0, 100000]","[0, 100000]",0,0,9472,34082
yolov8x_training,2624.823343,87,242.213,13370.3125,96,2595,10001,"[0, 100000]","[0, 100000]",0,0,1660,292
yolov8x_training,2625.866629,88,244.806,13370.3125,8,1590,10001,"[0, 100000]","[0, 100000]",0,0,6884,103173
yolov8x_training,2626.930967,84,258.186,13370.3125,95,1170,10001,"[0, 100000]","[0, 100000]",0,0,2929,10986
yolov8x_training,2627.974609,87,245.887,13370.3125,95,1665,10001,"[0, 100000]","[0, 100000]",0,0,341,1034570
yolov8x_training,2629.017469,82,247.747,13370.3125,62,1380,10001,"[0, 100000]","[0, 100000]",0,0,4394,18847
yolov8x_training,2630.060599,85,249.727,13370.3125,38,1245,10001,"[0, 100000]","[0, 100000]",0,0,341,292
yolov8x_training,2631.109540,88,254.081,13370.3125,94,1200,10001,"[0, 100000]","[0, 100000]",0,0,15234,35644
yolov8x_training,2632.152833,83,242.978,13370.3125,100,1350,10001,"[0, 100000]","[0, 100000]",0,0,341,292
yolov8x_training,2633.195409,87,270.544,13370.3125,29,2280,10001,"[0, 100000]","[0, 100000]",0,0,5566,20507
yolov8x_training,2634.238968,88,257.849,13370.3125,94,1830,10001,"[0, 100000]","[0, 100000]",0,0,1171,292
yolov8x_training,2635.281650,84,243.977,13370.3125,100,1260,10001,"[0, 100000]","[0, 100000]",0,0,3271,36425
yolov8x_training,2636.341943,82,233.292,13370.3125,94,1710,10001,"[0, 100000]","[0, 100000]",0,0,4589,17968
yolov8x_training,2637.385376,87,241.284,13370.3125,100,2640,10001,"[0, 100000]","[0, 100000]",0,0,341,292
yolov8x_training,2638.429903,87,257.457,13370.3125,43,1980,10001,"[0, 100000]","[0, 100000]",0,0,15380,37011
yolov8x_training,2639.472893,87,252.498,13370.3125,51,1590,10001,"[0, 100000]","[0, 100000]",0,0,2490,3417
yolov8x_training,2640.516024,88,235.076,13370.3125,94,1275,10001,"[0, 100000]","[0, 100000]",0,0,341,1036718
yolov8x_training,2641.558882,85,250.239,13370.3125,94,2505,10001,"[0, 100000]","[0, 100000]",0,0,5566,20117
yolov8x_training,2642.602539,82,250.257,13370.3125,89,1162,10001,"[0, 100000]","[0, 100000]",0,0,2294,1074
yolov8x_training,2643.645757,86,254.949,13370.3125,15,2505,10001,"[0, 100000]","[0, 100000]",0,0,292,1037890
yolov8x_training,2644.688500,88,243.205,13370.3125,65,1440,10001,"[0, 100000]","[0, 100000]",0,0,3564,31542
yolov8x_training,2645.731890,88,233.076,13370.3125,93,1815,10001,"[0, 100000]","[0, 100000]",0,0,341,292
yolov8x_training,2646.775393,83,240.613,13370.3125,99,1350,10001,"[0, 100000]","[0, 100000]",0,0,15283,35302
yolov8x_training,2647.818681,87,242.784,13370.3125,10,2640,10001,"[0, 100000]","[0, 100000]",0,0,2832,3466
yolov8x_training,2648.861500,87,258.694,13370.3125,92,1545,10001,"[0, 100000]","[0, 100000]",0,0,2978,38720
yolov8x_training,2649.922256,84,248.804,13370.3125,100,1200,10001,"[0, 100000]","[0, 100000]",0,0,2929,10058
yolov8x_training,2650.965702,86,239.082,13370.3125,31,2430,10001,"[0, 100000]","[0, 100000]",0,0,89062,18115
yolov8x_training,2652.008767,82,253.466,13370.3125,58,1740,10001,"[0, 100000]","[0, 100000]",0,0,3906,18066
yolov8x_training,2653.053902,86,253.518,13370.3125,93,1500,10001,"[0, 100000]","[0, 100000]",0,0,292,244
yolov8x_training,2654.096496,87,238.773,13370.3125,87,1335,10001,"[0, 100000]","[0, 100000]",0,0,4980,27001
yolov8x_training,2655.139585,83,256.222,13370.3125,27,2640,10001,"[0, 100000]","[0, 100000]",0,0,292,292
yolov8x_training,2656.186092,88,261.738,13370.3125,94,2505,10001,"[0, 100000]","[0, 100000]",0,0,15283,35644
yolov8x_training,2657.229052,87,249.856,13370.3125,100,1260,10001,"[0, 100000]","[0, 100000]",0,0,390,292
yolov8x_training,2658.281228,82,237.650,13370.3125,27,1320,10001,"[0, 100000]","[0, 100000]",0,0,15380,31250
yolov8x_training,2659.324237,87,248.684,13370.3125,94,1320,10001,"[0, 100000]","[0, 100000]",0,0,16796,341
yolov8x_training,2660.384604,88,257.623,13370.3125,16,1800,10001,"[0, 100000]","[0, 100000]",0,0,15429,35644
yolov8x_training,2661.427498,84,243.945,13370.3125,75,1170,10001,"[0, 100000]","[0, 100000]",0,0,2734,3369
yolov8x_training,2662.470539,86,242.623,13370.3125,96,2565,10001,"[0, 100000]","[0, 100000]",0,0,5468,102783
yolov8x_training,2663.539707,84,257.914,13370.3125,39,2565,10001,"[0, 100000]","[0, 100000]",0,0,2880,3417
yolov8x_training,2664.582727,86,249.447,13370.3125,47,1185,10001,"[0, 100000]","[0, 100000]",0,0,90771,37011
yolov8x_training,2665.648781,86,237.113,13370.3125,93,1275,10001,"[0, 100000]","[0, 100000]",0,0,3222,11328
yolov8x_training,2666.692075,82,249.330,13370.3125,80,1845,10001,"[0, 100000]","[0, 100000]",0,0,341,1038671
yolov8x_training,2667.735126,87,257.751,13370.3125,15,1252,10001,"[0, 100000]","[0, 100000]",0,0,6005,20263
yolov8x_training,2668.778684,88,265.050,13370.3125,93,1860,10001,"[0, 100000]","[0, 100000]",0,0,292,1034912
yolov8x_training,2669.821249,83,245.672,13370.3125,100,1350,10001,"[0, 100000]","[0, 100000]",0,0,4638,24316
yolov8x_training,2670.864283,87,244.900,13370.3125,6,2055,10001,"[0, 100000]","[0, 100000]",0,0,341,292
yolov8x_training,2671.907137,88,258.756,13370.3125,95,1815,10001,"[0, 100000]","[0, 100000]",0,0,13525,34130
yolov8x_training,2672.950296,87,248.350,13370.3125,100,1215,10001,"[0, 100000]","[0, 100000]",0,0,1953,292
yolov8x_training,2673.993028,86,244.419,13370.3125,39,2175,10001,"[0, 100000]","[0, 100000]",0,0,6445,102050
yolov8x_training,2675.060668,82,254.596,13370.3125,53,2505,10001,"[0, 100000]","[0, 100000]",0,0,2685,101220
yolov8x_training,2676.104173,85,254.516,13370.3125,94,1200,10001,"[0, 100000]","[0, 100000]",0,0,4150,37060
yolov8x_training,2677.157685,87,240.050,13370.3125,88,1320,10001,"[0, 100000]","[0, 100000]",0,0,2978,12060
yolov8x_training,2678.200755,83,246.671,13370.3125,37,1935,10001,"[0, 100000]","[0, 100000]",0,0,90576,35937
yolov8x_training,2679.268351,87,243.831,13370.3125,93,2505,10001,"[0, 100000]","[0, 100000]",0,0,3417,14599
yolov8x_training,2680.311296,87,258.497,13370.3125,100,1545,10001,"[0, 100000]","[0, 100000]",0,0,341,1029052
yolov8x_training,2681.353915,84,248.756,13370.3125,66,1275,10001,"[0, 100000]","[0, 100000]",0,0,3564,33642
yolov8x_training,2682.397023,85,241.680,13370.3125,100,2565,10001,"[0, 100000]","[0, 100000]",0,0,341,292
yolov8x_training,2683.439587,87,252.114,13370.3125,60,1845,10001,"[0, 100000]","[0, 100000]",0,0,6347,31054
yolov8x_training,2684.482369,85,253.057,13370.3125,42,1950,10001,"[0, 100000]","[0, 100000]",0,0,1171,292
yolov8x_training,2685.525288,87,237.552,13370.3125,94,1980,10001,"[0, 100000]","[0, 100000]",0,0,6640,102246
yolov8x_training,2686.586440,83,243.675,13370.3125,100,1327,10001,"[0, 100000]","[0, 100000]",0,0,2587,9033
yolov8x_training,2687.630075,85,258.435,13370.3125,27,1335,10001,"[0, 100000]","[0, 100000]",0,0,89453,21582
yolov8x_training,2688.673167,87,242.777,13370.3125,84,1320,10001,"[0, 100000]","[0, 100000]",0,0,4443,18847
yolov8x_training,2689.716412,86,239.192,13370.3125,92,1200,10001,"[0, 100000]","[0, 100000]",0,0,341,292
yolov8x_training,2690.759003,82,241.643,13370.3125,53,2505,10001,"[0, 100000]","[0, 100000]",0,0,3613,32666
yolov8x_training,2691.801983,86,252.303,13370.3125,47,1380,10001,"[0, 100000]","[0, 100000]",0,0,341,292
yolov8x_training,2692.865755,87,254.660,13370.3125,93,1185,10001,"[0, 100000]","[0, 100000]",0,0,15527,36962
yolov8x_training,2693.908591,83,237.243,13370.3125,100,1260,10001,"[0, 100000]","[0, 100000]",0,0,2832,2587
yolov8x_training,2694.952642,84,237.942,13370.3125,20,2340,10001,"[0, 100000]","[0, 100000]",0,0,5126,103222
yolov8x_training,2696.022747,82,258.102,13370.3125,81,1935,10001,"[0, 100000]","[0, 100000]",0,0,2978,11962
yolov8x_training,2697.066167,87,248.792,13370.3125,93,1200,10001,"[0, 100000]","[0, 100000]",0,0,89550,22363
yolov8x_training,2698.139601,86,243.452,13370.3125,56,1920,10001,"[0, 100000]","[0, 100000]",0,0,2685,105859
yolov8x_training,2699.198251,86,263.366,13370.3125,53,1327,10001,"[0, 100000]","[0, 100000]",0,0,15283,34472
yolov8x_training,2700.241149,87,247.755,13370.3125,100,1425,10001,"[0, 100000]","[0, 100000]",0,0,3173,5273
yolov8x_training,2701.284881,86,250.457,13370.3125,58,1185,10001,"[0, 100000]","[0, 100000]",0,0,5175,103613
yolov8x_training,2702.353477,82,243.898,13370.3125,93,2385,10001,"[0, 100000]","[0, 100000]",0,0,2441,1269
yolov8x_training,2703.396529,87,251.937,13370.3125,76,1305,10001,"[0, 100000]","[0, 100000]",0,0,6494,102783
yolov8x_training,2704.460927,85,253.851,13370.3125,39,1290,10001,"[0, 100000]","[0, 100000]",0,0,2539,2246
yolov8x_training,2705.504075,87,241.540,13370.3125,93,2415,10001,"[0, 100000]","[0, 100000]",0,0,4150,36035
yolov8x_training,2706.561930,82,248.698,13370.3125,86,1282,10001,"[0, 100000]","[0, 100000]",0,0,2880,31201
yolov8x_training,2707.605429,87,267.129,13370.3125,15,945,10001,"[0, 100000]","[0, 100000]",0,0,4101,35937
yolov8x_training,2708.662544,88,243.868,13370.3125,93,1350,10001,"[0, 100000]","[0, 100000]",0,0,2490,537
yolov8x_training,2709.736108,82,255.795,13370.3125,72,2295,10001,"[0, 100000]","[0, 100000]",0,0,15478,35644
yolov8x_training,2710.779099,88,258.826,13370.3125,19,2655,10001,"[0, 100000]","[0, 100000]",0,0,1171,292
yolov8x_training,2711.848780,86,258.785,13370.3125,95,1185,10001,"[0, 100000]","[0, 100000]",0,0,15087,34716
yolov8x_training,2712.892286,82,238.826,13370.3125,82,2295,10001,"[0, 100000]","[0, 100000]",0,0,2197,1123
yolov8x_training,2713.935490,87,240.396,13370.3125,14,1207,10001,"[0, 100000]","[0, 100000]",0,0,17968,38671
yolov8x_training,2714.998703,85,254.138,13370.3125,85,645,10001,"[0, 100000]","[0, 100000]",0,0,2929,11132
yolov8x_training,2716.041827,87,244.965,13370.3125,93,1200,10001,"[0, 100000]","[0, 100000]",0,0,89257,20312
yolov8x_training,2717.085549,87,241.126,13370.3125,72,2100,10001,"[0, 100000]","[0, 100000]",0,0,3564,31005
yolov8x_training,2718.128532,83,244.020,13370.3125,24,2100,10001,"[0, 100000]","[0, 100000]",0,0,341,292
yolov8x_training,2719.171594,87,257.443,13370.3125,91,2550,10001,"[0, 100000]","[0, 100000]",0,0,5224,102539
yolov8x_training,2720.241959,86,244.486,13370.3125,94,2550,10001,"[0, 100000]","[0, 100000]",0,0,3173,11230
yolov8x_training,2721.285565,82,260.886,13370.3125,90,1200,10001,"[0, 100000]","[0, 100000]",0,0,292,1038671
yolov8x_training,2722.328549,82,237.081,13370.3125,15,667,10001,"[0, 100000]","[0, 100000]",0,0,341,292
yolov8x_training,2723.371251,87,207.394,13370.3125,65,2655,10001,"[0, 100000]","[0, 100000]",0,0,5517,15820
yolov8x_training,2724.414436,81,213.728,13370.3125,72,1905,10001,"[0, 100000]","[0, 100000]",0,0,292,244
yolov8x_training,2725.457160,87,200.551,13370.3125,16,2070,10001,"[0, 100000]","[0, 100000]",0,0,3271,13085
yolov8x_training,2726.500460,81,197.506,13370.3125,100,1252,10001,"[0, 100000]","[0, 100000]",0,0,89355,22216
yolov8x_training,2727.544232,86,219.253,13370.3125,6,1425,10001,"[0, 100000]","[0, 100000]",0,0,10009,292
yolov8x_training,2728.594917,81,195.969,13370.3125,90,2520,10001,"[0, 100000]","[0, 100000]",0,0,13134,41699
yolov8x_training,2729.637921,83,219.972,13370.3125,0,1275,10001,"[0, 100000]","[0, 100000]",0,0,341,244
yolov8x_training,2730.680638,82,206.226,13370.3125,100,1275,10001,"[0, 100000]","[0, 100000]",0,0,292,244
yolov8x_training,2731.723155,86,252.320,13370.3125,49,2415,10001,"[0, 100000]","[0, 100000]",0,0,4687,28808
yolov8x_training,2732.766392,85,239.258,13370.3125,70,1177,10001,"[0, 100000]","[0, 100000]",0,0,3662,11718
yolov8x_training,2733.809787,86,223.263,13370.3125,21,1500,10001,"[0, 100000]","[0, 100000]",0,0,5761,92578
yolov8x_training,2734.877810,81,210.724,13370.3125,87,2175,10001,"[0, 100000]","[0, 100000]",0,0,341,292
yolov8x_training,2735.920421,86,209.929,13370.3125,5,2085,10001,"[0, 100000]","[0, 100000]",0,0,3955,12207
yolov8x_training,2736.963796,80,202.124,13370.3125,86,1995,10001,"[0, 100000]","[0, 100000]",0,0,292,1032421
yolov8x_training,2738.007650,85,222.489,13370.3125,6,1875,10001,"[0, 100000]","[0, 100000]",0,0,13037,14697
yolov8x_training,2739.052419,80,199.977,13370.3125,88,2355,10001,"[0, 100000]","[0, 100000]",0,0,14355,37207
yolov8x_training,2740.095770,85,222.757,13370.3125,0,2400,10001,"[0, 100000]","[0, 100000]",0,0,292,292
yolov8x_training,2741.138493,80,207.957,13370.3125,86,1290,10001,"[0, 100000]","[0, 100000]",0,0,2734,38232
yolov8x_training,2742.182667,80,227.704,13370.3125,0,1245,10001,"[0, 100000]","[0, 100000]",0,0,341,292
yolov8x_training,2743.225207,84,220.944,13370.3125,0,1297,10001,"[0, 100000]","[0, 100000]",0,0,5126,30273
yolov8x_training,2744.268352,84,219.202,13370.3125,95,1395,10001,"[0, 100000]","[0, 100000]",0,0,341,292
yolov8x_training,2745.310708,83,201.967,13370.3125,0,2640,10001,"[0, 100000]","[0, 100000]",0,0,2001,341
yolov8x_training,2746.358068,84,212.770,13370.3125,12,1335,10001,"[0, 100000]","[0, 100000]",0,0,14355,34716
yolov8x_training,2747.401023,81,205.644,13370.3125,99,1455,10001,"[0, 100000]","[0, 100000]",0,0,341,292
yolov8x_training,2748.443469,85,213.541,13370.3125,35,2475,10001,"[0, 100000]","[0, 100000]",0,0,2880,11328
yolov8x_training,2749.487525,80,200.208,13370.3125,95,1365,10001,"[0, 100000]","[0, 100000]",0,0,3710,35986
yolov8x_training,2750.545040,85,213.601,13370.3125,30,2520,10001,"[0, 100000]","[0, 100000]",0,0,390,292
yolov8x_training,2751.588178,79,198.283,13370.3125,100,1815,10001,"[0, 100000]","[0, 100000]",0,0,4785,24951
yolov8x_training,2752.658560,86,216.872,13370.3125,7,2445,10001,"[0, 100000]","[0, 100000]",0,0,15234,33593
yolov8x_training,2753.701524,81,232.021,13370.3125,93,1260,10001,"[0, 100000]","[0, 100000]",0,0,2294,439
yolov8x_training,2754.744637,85,241.265,13370.3125,100,1710,10001,"[0, 100000]","[0, 100000]",0,0,6689,103613
yolov8x_training,2755.798642,85,222.316,13370.3125,22,2505,10001,"[0, 100000]","[0, 100000]",0,0,5029,21679
yolov8x_training,2756.841800,79,218.570,13370.3125,100,607,10001,"[0, 100000]","[0, 100000]",0,0,88671,15576
yolov8x_training,2757.885245,84,206.445,13370.3125,57,2655,10001,"[0, 100000]","[0, 100000]",0,0,341,292
yolov8x_training,2758.927737,82,220.616,13370.3125,57,1350,10001,"[0, 100000]","[0, 100000]",0,0,4394,22851
yolov8x_training,2759.971921,79,208.591,13370.3125,66,1027,10001,"[0, 100000]","[0, 100000]",0,0,292,1033496
yolov8x_training,2761.014645,84,221.527,13370.3125,15,2325,10001,"[0, 100000]","[0, 100000]",0,0,1171,292
yolov8x_training,2762.057191,79,209.122,13370.3125,87,1950,10001,"[0, 100000]","[0, 100000]",0,0,4296,28173
yolov8x_training,2763.100372,84,217.984,13370.3125,0,2250,10001,"[0, 100000]","[0, 100000]",0,0,341,1040771
yolov8x_training,2764.142985,84,227.841,13370.3125,96,1275,10001,"[0, 100000]","[0, 100000]",0,0,6738,101806
yolov8x_training,2765.208109,81,239.591,13370.3125,100,1320,10001,"[0, 100000]","[0, 100000]",0,0,2246,439
yolov8x_training,2766.250602,83,242.523,13370.3125,29,1515,10001,"[0, 100000]","[0, 100000]",0,0,4345,36865
yolov8x_training,2767.304177,85,239.406,13370.3125,60,1327,10001,"[0, 100000]","[0, 100000]",0,0,2832,26953
yolov8x_training,2768.347085,84,253.486,13370.3125,95,930,10001,"[0, 100000]","[0, 100000]",0,0,5175,102001
yolov8x_training,2769.416542,80,248.580,13370.3125,68,1350,10001,"[0, 100000]","[0, 100000]",0,0,1904,341
yolov8x_training,2770.459090,80,232.724,13370.3125,0,1200,10001,"[0, 100000]","[0, 100000]",0,0,6005,27685
yolov8x_training,2771.502436,80,213.977,13370.3125,92,2655,10001,"[0, 100000]","[0, 100000]",0,0,292,1031103
yolov8x_training,2772.545247,85,222.894,13370.3125,0,1425,10001,"[0, 100000]","[0, 100000]",0,0,341,292
yolov8x_training,2773.589783,79,201.680,13370.3125,90,1327,10001,"[0, 100000]","[0, 100000]",0,0,13378,37646
yolov8x_training,2774.633204,84,219.451,13370.3125,0,1320,10001,"[0, 100000]","[0, 100000]",0,0,292,292
yolov8x_training,2775.676076,79,199.587,13370.3125,87,1440,10001,"[0, 100000]","[0, 100000]",0,0,3613,13085
yolov8x_training,2776.719684,85,224.036,13370.3125,0,2520,10001,"[0, 100000]","[0, 100000]",0,0,89941,26123
yolov8x_training,2777.791621,79,223.582,13370.3125,90,1290,10001,"[0, 100000]","[0, 100000]",0,0,341,292
yolov8x_training,2778.834723,84,205.791,13370.3125,0,2595,10001,"[0, 100000]","[0, 100000]",0,0,4150,23681
yolov8x_training,2779.879127,79,211.391,13370.3125,98,1410,10001,"[0, 100000]","[0, 100000]",0,0,292,1028027
yolov8x_training,2780.922116,85,222.781,13370.3125,4,1455,10001,"[0, 100000]","[0, 100000]",0,0,6152,101660
yolov8x_training,2781.989748,85,258.660,13370.3125,88,1215,10001,"[0, 100000]","[0, 100000]",0,0,5224,102099
yolov8x_training,2783.033494,82,241.521,13370.3125,100,1770,10001,"[0, 100000]","[0, 100000]",0,0,6591,102099
yolov8x_training,2784.087369,81,239.553,13370.3125,37,2610,10001,"[0, 100000]","[0, 100000]",0,0,3125,11914
yolov8x_training,2785.130378,85,252.323,13370.3125,71,1365,10001,"[0, 100000]","[0, 100000]",0,0,3271,36669
yolov8x_training,2786.191753,84,247.797,13370.3125,95,1590,10001,"[0, 100000]","[0, 100000]",0,0,3662,11230
yolov8x_training,2787.234683,80,243.708,13370.3125,61,1290,10001,"[0, 100000]","[0, 100000]",0,0,90625,36572
yolov8x_training,2788.301396,85,241.149,13370.3125,57,2655,10001,"[0, 100000]","[0, 100000]",0,0,3027,12011
yolov8x_training,2789.344432,84,248.404,13370.3125,95,1830,10001,"[0, 100000]","[0, 100000]",0,0,341,1039941
yolov8x_training,2790.387943,81,252.236,13370.3125,33,1215,10001,"[0, 100000]","[0, 100000]",0,0,4003,18554
yolov8x_training,2791.432250,84,242.370,13370.3125,93,2655,10001,"[0, 100000]","[0, 100000]",0,0,292,1035449
yolov8x_training,2792.475150,85,245.196,13370.3125,94,930,10001,"[0, 100000]","[0, 100000]",0,0,4736,22070
yolov8x_training,2793.518050,86,260.816,13370.3125,18,1215,10001,"[0, 100000]","[0, 100000]",0,0,341,292
yolov8x_training,2794.560597,81,240.893,13370.3125,95,2610,10001,"[0, 100000]","[0, 100000]",0,0,7373,30126
yolov8x_training,2795.603680,83,238.837,13370.3125,100,1290,10001,"[0, 100000]","[0, 100000]",0,0,1757,341
yolov8x_training,2796.646611,85,255.113,13370.3125,34,1215,10001,"[0, 100000]","[0, 100000]",0,0,6738,101269
yolov8x_training,2797.707369,83,245.455,13370.3125,78,1215,10001,"[0, 100000]","[0, 100000]",0,0,6103,91992
yolov8x_training,2798.750977,80,240.342,13370.3125,94,1620,10001,"[0, 100000]","[0, 100000]",0,0,6445,102880
yolov8x_training,2799.811870,85,242.788,13370.3125,65,2640,10001,"[0, 100000]","[0, 100000]",0,0,2929,5029
yolov8x_training,2800.854996,85,250.301,13370.3125,43,1350,10001,"[0, 100000]","[0, 100000]",0,0,4833,102294
yolov8x_training,2801.926363,81,251.674,13370.3125,93,1290,10001,"[0, 100000]","[0, 100000]",0,0,2929,3906
yolov8x_training,2802.969415,81,241.249,13370.3125,64,2655,10001,"[0, 100000]","[0, 100000]",0,0,6689,102441
yolov8x_training,2804.033851,84,248.538,13370.3125,43,1350,10001,"[0, 100000]","[0, 100000]",0,0,3027,3417
yolov8x_training,2805.077625,86,253.075,13370.3125,94,1275,10001,"[0, 100000]","[0, 100000]",0,0,4931,101318
yolov8x_training,2806.149156,81,239.425,13370.3125,91,2610,10001,"[0, 100000]","[0, 100000]",0,0,3808,32568
yolov8x_training,2807.192234,84,222.347,13370.3125,85,2655,10001,"[0, 100000]","[0, 100000]",0,0,341,292
yolov8x_training,2808.234997,81,209.737,13370.3125,39,1650,10001,"[0, 100000]","[0, 100000]",0,0,2539,2392
yolov8x_training,2809.278502,86,237.106,13370.3125,77,1845,10001,"[0, 100000]","[0, 100000]",0,0,19482,292
yolov8x_training,2810.321421,82,242.903,13370.3125,100,2025,10001,"[0, 100000]","[0, 100000]",0,0,341,292
yolov8x_training,2811.364201,85,216.225,13370.3125,95,2595,10001,"[0, 100000]","[0, 100000]",0,0,3857,32080
yolov8x_training,2812.407165,81,203.514,13370.3125,98,1965,10001,"[0, 100000]","[0, 100000]",0,0,341,292
yolov8x_training,2813.449966,83,216.015,13370.3125,52,2655,10001,"[0, 100000]","[0, 100000]",0,0,585,292
yolov8x_training,2814.492887,82,214.646,13370.3125,58,1290,10001,"[0, 100000]","[0, 100000]",0,0,6640,24121
yolov8x_training,2815.535923,83,227.294,13370.3125,100,1350,10001,"[0, 100000]","[0, 100000]",0,0,3466,14550
yolov8x_training,2816.578997,85,256.148,13370.3125,27,1185,10001,"[0, 100000]","[0, 100000]",0,0,292,1041064
yolov8x_training,2817.622451,84,244.648,13370.3125,71,2130,10001,"[0, 100000]","[0, 100000]",0,0,5371,17822
yolov8x_training,2818.665397,81,239.880,13370.3125,94,2505,10001,"[0, 100000]","[0, 100000]",0,0,341,292
yolov8x_training,2819.708038,83,249.687,13370.3125,75,1327,10001,"[0, 100000]","[0, 100000]",0,0,14208,35791
yolov8x_training,2820.750999,86,253.409,13370.3125,20,1905,10001,"[0, 100000]","[0, 100000]",0,0,1757,292
yolov8x_training,2821.803148,86,216.308,13370.3125,0,2655,10001,"[0, 100000]","[0, 100000]",0,0,13769,34179
yolov8x_training,2822.846640,81,210.904,13370.3125,88,1380,10001,"[0, 100000]","[0, 100000]",0,0,341,292
yolov8x_training,2823.889920,84,212.455,13370.3125,0,2655,10001,"[0, 100000]","[0, 100000]",0,0,2490,2490
yolov8x_training,2824.932736,85,234.578,13370.3125,34,2610,10001,"[0, 100000]","[0, 100000]",0,0,6396,104199
yolov8x_training,2826.000588,84,252.169,13370.3125,69,1290,10001,"[0, 100000]","[0, 100000]",0,0,2734,10205
yolov8x_training,2827.044128,85,246.742,13370.3125,94,1320,10001,"[0, 100000]","[0, 100000]",0,0,90380,34619
yolov8x_training,2828.112076,81,240.345,13370.3125,82,2655,10001,"[0, 100000]","[0, 100000]",0,0,2978,9277
yolov8x_training,2829.155553,86,243.946,13370.3125,24,1530,10001,"[0, 100000]","[0, 100000]",0,0,90136,23925
yolov8x_training,2830.228444,86,259.377,13370.3125,94,1335,10001,"[0, 100000]","[0, 100000]",0,0,3564,14208
yolov8x_training,2831.271413,85,255.497,13370.3125,100,1215,10001,"[0, 100000]","[0, 100000]",0,0,341,1034472
yolov8x_training,2832.314083,81,246.682,13370.3125,36,1425,10001,"[0, 100000]","[0, 100000]",0,0,5224,28027
yolov8x_training,2833.357513,85,237.576,13370.3125,58,2655,10001,"[0, 100000]","[0, 100000]",0,0,585,292
yolov8x_training,2834.431064,86,246.386,13370.3125,98,1305,10001,"[0, 100000]","[0, 100000]",0,0,15039,29833
yolov8x_training,2835.474205,86,258.339,13370.3125,13,1275,10001,"[0, 100000]","[0, 100000]",0,0,19775,292
yolov8x_training,2836.544988,82,239.232,13370.3125,95,2580,10001,"[0, 100000]","[0, 100000]",0,0,15283,34423
yolov8x_training,2837.588363,82,239.545,13370.3125,98,1305,10001,"[0, 100000]","[0, 100000]",0,0,2734,6933
yolov8x_training,2838.631586,84,248.833,13370.3125,78,1185,10001,"[0, 100000]","[0, 100000]",0,0,89208,20068
yolov8x_training,2839.674826,87,255.259,13370.3125,7,1680,10001,"[0, 100000]","[0, 100000]",0,0,4150,28759
yolov8x_training,2840.717882,84,236.655,13370.3125,81,1200,10001,"[0, 100000]","[0, 100000]",0,0,1171,292
yolov8x_training,2841.760603,81,236.681,13370.3125,95,1815,10001,"[0, 100000]","[0, 100000]",0,0,4931,103759
yolov8x_training,2842.831711,86,243.984,13370.3125,94,2655,10001,"[0, 100000]","[0, 100000]",0,0,2880,10546
yolov8x_training,2843.874973,86,255.574,13370.3125,30,1320,10001,"[0, 100000]","[0, 100000]",0,0,88671,15869
yolov8x_training,2844.918178,85,247.080,13370.3125,63,1215,10001,"[0, 100000]","[0, 100000]",0,0,4882,22070
yolov8x_training,2845.961291,81,242.215,13370.3125,100,1845,10001,"[0, 100000]","[0, 100000]",0,0,341,292
yolov8x_training,2847.020353,82,246.093,13370.3125,70,2655,10001,"[0, 100000]","[0, 100000]",0,0,15527,35009
yolov8x_training,2848.063627,84,260.331,13370.3125,7,1710,10001,"[0, 100000]","[0, 100000]",0,0,2636,8300
yolov8x_training,2849.107395,86,240.766,13370.3125,74,1200,10001,"[0, 100000]","[0, 100000]",0,0,90625,35791
yolov8x_training,2850.175202,86,238.244,13370.3125,95,1275,10001,"[0, 100000]","[0, 100000]",0,0,3564,12011
yolov8x_training,2851.218853,82,248.531,13370.3125,29,1350,10001,"[0, 100000]","[0, 100000]",0,0,341,1035791
yolov8x_training,2852.261739,86,255.968,13370.3125,95,2550,10001,"[0, 100000]","[0, 100000]",0,0,5273,28222
yolov8x_training,2853.304920,87,253.267,13370.3125,100,1485,10001,"[0, 100000]","[0, 100000]",0,0,2392,488
yolov8x_training,2854.348395,86,250.457,13370.3125,55,1275,10001,"[0, 100000]","[0, 100000]",0,0,4052,36914
yolov8x_training,2855.403726,82,239.468,13370.3125,95,1350,10001,"[0, 100000]","[0, 100000]",0,0,3125,12304
yolov8x_training,2856.446797,87,239.570,13370.3125,100,2565,10001,"[0, 100000]","[0, 100000]",0,0,341,292
yolov8x_training,2857.489412,82,255.110,13370.3125,46,1350,10001,"[0, 100000]","[0, 100000]",0,0,5419,19140
yolov8x_training,2858.532739,85,247.966,13370.3125,43,1275,10001,"[0, 100000]","[0, 100000]",0,0,1074,292
yolov8x_training,2859.575456,87,241.140,13370.3125,95,1305,10001,"[0, 100000]","[0, 100000]",0,0,6640,103808
yolov8x_training,2860.629259,83,239.646,13370.3125,100,2655,10001,"[0, 100000]","[0, 100000]",0,0,3417,13964
yolov8x_training,2861.672281,82,253.715,13370.3125,54,1275,10001,"[0, 100000]","[0, 100000]",0,0,341,292
yolov8x_training,2862.714933,86,247.566,13370.3125,49,2655,10001,"[0, 100000]","[0, 100000]",0,0,12695,32226
yolov8x_training,2863.758007,87,237.692,13370.3125,95,1350,10001,"[0, 100000]","[0, 100000]",0,0,19726,341
yolov8x_training,2864.801217,83,239.046,13370.3125,100,1200,10001,"[0, 100000]","[0, 100000]",0,0,6445,104833
yolov8x_training,2865.860946,83,240.820,13370.3125,43,2370,10001,"[0, 100000]","[0, 100000]",0,0,3222,12597
yolov8x_training,2866.904356,85,250.301,13370.3125,43,2370,10001,"[0, 100000]","[0, 100000]",0,0,341,1039941
yolov8x_training,2867.947164,86,254.792,13370.3125,94,1335,10001,"[0, 100000]","[0, 100000]",0,0,4199,31298
yolov8x_training,2868.991096,87,241.638,13370.3125,100,1230,10001,"[0, 100000]","[0, 100000]",0,0,1171,292
yolov8x_training,2870.034443,86,238.935,13370.3125,36,2430,10001,"[0, 100000]","[0, 100000]",0,0,6591,102197
yolov8x_training,2871.100042,82,250.634,13370.3125,38,2610,10001,"[0, 100000]","[0, 100000]",0,0,2929,11132
yolov8x_training,2872.143100,86,253.063,13370.3125,94,1770,10001,"[0, 100000]","[0, 100000]",0,0,341,1033496
yolov8x_training,2873.185909,87,243.886,13370.3125,100,1575,10001,"[0, 100000]","[0, 100000]",0,0,5126,19677
yolov8x_training,2874.228983,87,238.497,13370.3125,59,1335,10001,"[0, 100000]","[0, 100000]",0,0,2539,3027
yolov8x_training,2875.271990,83,244.231,13370.3125,20,1185,10001,"[0, 100000]","[0, 100000]",0,0,89794,24365
yolov8x_training,2876.345613,82,236.289,13370.3125,79,2445,10001,"[0, 100000]","[0, 100000]",0,0,4785,15283
yolov8x_training,2877.388801,84,248.381,13370.3125,97,2505,10001,"[0, 100000]","[0, 100000]",0,0,292,292
yolov8x_training,2878.431414,88,256.307,13370.3125,14,1350,10001,"[0, 100000]","[0, 100000]",0,0,13281,35839
yolov8x_training,2879.474372,84,242.260,13370.3125,69,1185,10001,"[0, 100000]","[0, 100000]",0,0,2734,3076
yolov8x_training,2880.517267,86,240.527,13370.3125,95,2340,10001,"[0, 100000]","[0, 100000]",0,0,90625,35693
yolov8x_training,2881.585828,83,247.249,13370.3125,97,2505,10001,"[0, 100000]","[0, 100000]",0,0,3515,13671
yolov8x_training,2882.628920,86,261.261,13370.3125,20,1350,10001,"[0, 100000]","[0, 100000]",0,0,341,1031005
yolov8x_training,2883.671751,87,243.142,13370.3125,87,1260,10001,"[0, 100000]","[0, 100000]",0,0,4541,24951
yolov8x_training,2884.714993,86,240.677,13370.3125,96,1185,10001,"[0, 100000]","[0, 100000]",0,0,6152,292
yolov8x_training,2885.771779,82,252.444,13370.3125,64,2355,10001,"[0, 100000]","[0, 100000]",0,0,15478,33056
yolov8x_training,2886.814683,85,249.759,13370.3125,36,1830,10001,"[0, 100000]","[0, 100000]",0,0,2636,3369
yolov8x_training,2887.857528,88,256.437,13370.3125,94,1335,10001,"[0, 100000]","[0, 100000]",0,0,89746,25097
yolov8x_training,2888.929884,84,243.572,13370.3125,100,1200,10001,"[0, 100000]","[0, 100000]",0,0,3417,13720
yolov8x_training,2889.972990,83,238.707,13370.3125,42,2490,10001,"[0, 100000]","[0, 100000]",0,0,341,1031787
yolov8x_training,2891.015968,82,251.455,13370.3125,52,1380,10001,"[0, 100000]","[0, 100000]",0,0,4882,18896
yolov8x_training,2892.059088,87,254.859,13370.3125,95,1245,10001,"[0, 100000]","[0, 100000]",0,0,16015,292
yolov8x_training,2893.102177,88,238.917,13370.3125,100,1230,10001,"[0, 100000]","[0, 100000]",0,0,6542,104443
yolov8x_training,2894.158843,87,242.651,13370.3125,44,2565,10001,"[0, 100000]","[0, 100000]",0,0,2880,9619
yolov8x_training,2895.201955,82,254.014,13370.3125,67,2010,10001,"[0, 100000]","[0, 100000]",0,0,89941,26416
yolov8x_training,2896.273463,86,256.199,13370.3125,95,1725,10001,"[0, 100000]","[0, 100000]",0,0,3466,12597
yolov8x_training,2897.316518,87,258.005,13370.3125,81,1245,10001,"[0, 100000]","[0, 100000]",0,0,90039,25976
yolov8x_training,2898.387823,83,235.479,13370.3125,94,1515,10001,"[0, 100000]","[0, 100000]",0,0,3466,13623
yolov8x_training,2899.431399,87,244.089,13370.3125,100,2550,10001,"[0, 100000]","[0, 100000]",0,0,341,1029003
yolov8x_training,2900.474071,88,260.256,13370.3125,34,2580,10001,"[0, 100000]","[0, 100000]",0,0,3808,37353
yolov8x_training,2901.517017,88,247.372,13370.3125,77,1320,10001,"[0, 100000]","[0, 100000]",0,0,341,292
yolov8x_training,2902.559596,86,251.510,13370.3125,95,2325,10001,"[0, 100000]","[0, 100000]",0,0,4931,20800
yolov8x_training,2903.602677,82,254.283,13370.3125,64,1365,10001,"[0, 100000]","[0, 100000]",0,0,1708,292
yolov8x_training,2904.645656,86,255.872,13370.3125,45,1170,10001,"[0, 100000]","[0, 100000]",0,0,6347,104150
yolov8x_training,2905.702738,87,238.463,13370.3125,95,1470,10001,"[0, 100000]","[0, 100000]",0,0,2539,6982
yolov8x_training,2906.746050,83,249.333,13370.3125,84,1410,10001,"[0, 100000]","[0, 100000]",0,0,89990,26416
yolov8x_training,2907.818606,87,243.067,13370.3125,15,1320,10001,"[0, 100000]","[0, 100000]",0,0,2685,10937
yolov8x_training,2908.861805,88,251.799,13370.3125,83,1575,10001,"[0, 100000]","[0, 100000]",0,0,89941,26416
yolov8x_training,2909.932710,86,245.926,13370.3125,95,1170,10001,"[0, 100000]","[0, 100000]",0,0,3662,15869
yolov8x_training,2910.975730,82,240.342,13370.3125,65,2355,10001,"[0, 100000]","[0, 100000]",0,0,40185,426757
yolov8x_training,2912.018976,83,259.874,13370.3125,68,1365,10001,"[0, 100000]","[0, 100000]",0,0,4003,16259
yolov8x_training,2913.062577,88,248.488,13370.3125,95,1170,10001,"[0, 100000]","[0, 100000]",0,0,537,1034326
yolov8x_training,2914.105804,87,245.742,13370.3125,51,2040,10001,"[0, 100000]","[0, 100000]",0,0,4589,18554
yolov8x_training,2915.148749,83,253.357,13370.3125,57,1245,10001,"[0, 100000]","[0, 100000]",0,0,341,292
yolov8x_training,2916.191509,86,253.812,13370.3125,95,2610,10001,"[0, 100000]","[0, 100000]",0,0,5517,19970
yolov8x_training,2917.234970,89,239.786,13370.3125,88,1245,10001,"[0, 100000]","[0, 100000]",0,0,1123,292
yolov8x_training,2918.304435,83,239.763,13370.3125,25,1860,10001,"[0, 100000]","[0, 100000]",0,0,15722,33691
yolov8x_training,2919.347863,88,256.259,13370.3125,94,2505,10001,"[0, 100000]","[0, 100000]",0,0,2929,3417
yolov8x_training,2920.390850,88,255.891,13370.3125,45,1185,10001,"[0, 100000]","[0, 100000]",0,0,341,244
yolov8x_training,2921.433455,87,209.434,13370.3125,92,2505,10001,"[0, 100000]","[0, 100000]",0,0,6103,93017
yolov8x_training,2922.477454,87,224.383,13370.3125,89,2505,10001,"[0, 100000]","[0, 100000]",0,0,292,244
yolov8x_training,2923.524292,82,227.366,13370.3125,18,1260,10001,"[0, 100000]","[0, 100000]",0,0,14501,33300
yolov8x_training,2924.567420,84,222.380,13370.3125,100,2655,10001,"[0, 100000]","[0, 100000]",0,0,90722,36474
yolov8x_training,2925.632844,87,229.022,13370.3125,21,1455,10001,"[0, 100000]","[0, 100000]",0,0,292,244
yolov8x_training,2926.676018,83,208.714,13370.3125,100,1650,10001,"[0, 100000]","[0, 100000]",0,0,3320,12548
yolov8x_training,2927.719610,84,221.586,13370.3125,43,2655,10001,"[0, 100000]","[0, 100000]",0,0,4101,37939
yolov8x_training,2928.774826,82,213.957,13370.3125,65,1245,10001,"[0, 100000]","[0, 100000]",0,0,341,292
yolov8x_training,2929.817842,87,205.541,13370.3125,67,2550,10001,"[0, 100000]","[0, 100000]",0,0,3466,13427
yolov8x_training,2930.860941,81,222.776,13370.3125,38,1620,10001,"[0, 100000]","[0, 100000]",0,0,3173,36962
yolov8x_training,2931.922211,87,205.402,13370.3125,88,1470,10001,"[0, 100000]","[0, 100000]",0,0,341,292
yolov8x_training,2932.964951,81,223.611,13370.3125,2,2355,10001,"[0, 100000]","[0, 100000]",0,0,292,292
yolov8x_training,2934.007541,87,244.261,13370.3125,20,1312,10001,"[0, 100000]","[0, 100000]",0,0,6787,21972
yolov8x_training,2935.050913,87,266.416,13370.3125,93,1275,10001,"[0, 100000]","[0, 100000]",0,0,537,341
yolov8x_training,2936.108258,83,241.318,13370.3125,100,2070,10001,"[0, 100000]","[0, 100000]",0,0,15087,32714
yolov8x_training,2937.151477,86,264.018,13370.3125,17,1365,10001,"[0, 100000]","[0, 100000]",0,0,341,292
yolov8x_training,2938.194402,87,258.257,13370.3125,94,780,10001,"[0, 100000]","[0, 100000]",0,0,11035,29541
yolov8x_training,2939.237356,83,243.515,13370.3125,100,1185,10001,"[0, 100000]","[0, 100000]",0,0,2636,1611
yolov8x_training,2940.281116,84,239.654,13370.3125,19,1335,10001,"[0, 100000]","[0, 100000]",0,0,6738,104638
yolov8x_training,2941.340463,87,241.642,13370.3125,80,1027,10001,"[0, 100000]","[0, 100000]",0,0,2636,3320
yolov8x_training,2942.383317,85,259.949,13370.3125,100,2175,10001,"[0, 100000]","[0, 100000]",0,0,5078,104394
yolov8x_training,2943.454402,83,248.459,13370.3125,49,1230,10001,"[0, 100000]","[0, 100000]",0,0,2832,11328
yolov8x_training,2944.497629,82,244.481,13370.3125,95,2340,10001,"[0, 100000]","[0, 100000]",0,0,292,292
yolov8x_training,2945.540248,86,222.865,13370.3125,60,1260,10001,"[0, 100000]","[0, 100000]",0,0,341,1030566
yolov8x_training,2946.583091,86,229.408,13370.3125,48,2025,10001,"[0, 100000]","[0, 100000]",0,0,341,292
yolov8x_training,2947.625909,82,230.830,13370.3125,50,1365,10001,"[0, 100000]","[0, 100000]",0,0,3759,15234
yolov8x_training,2948.669314,85,208.192,13370.3125,70,1890,10001,"[0, 100000]","[0, 100000]",0,0,4687,93554
yolov8x_training,2949.741668,85,217.734,13370.3125,44,1260,10001,"[0, 100000]","[0, 100000]",0,0,341,292
yolov8x_training,2950.784478,85,206.214,13370.3125,69,2655,10001,"[0, 100000]","[0, 100000]",0,0,3710,25000
yolov8x_training,2951.827937,87,221.381,13370.3125,34,1605,10001,"[0, 100000]","[0, 100000]",0,0,89746,24609
yolov8x_training,2952.901855,86,203.389,13370.3125,68,1695,10001,"[0, 100000]","[0, 100000]",0,0,341,1040039
yolov8x_training,2953.944566,82,259.033,13370.3125,95,1305,10001,"[0, 100000]","[0, 100000]",0,0,5273,24169
yolov8x_training,2954.987636,87,236.160,13370.3125,100,1830,10001,"[0, 100000]","[0, 100000]",0,0,341,292
yolov8x_training,2956.030188,85,242.064,13370.3125,23,1327,10001,"[0, 100000]","[0, 100000]",0,0,5908,21240
yolov8x_training,2957.073205,87,258.405,13370.3125,71,1605,10001,"[0, 100000]","[0, 100000]",0,0,6103,93750
yolov8x_training,2958.116723,87,248.442,13370.3125,94,1185,10001,"[0, 100000]","[0, 100000]",0,0,4003,36328
yolov8x_training,2959.173376,82,238.638,13370.3125,99,2160,10001,"[0, 100000]","[0, 100000]",0,0,2832,3320
yolov8x_training,2960.216183,87,256.875,13370.3125,51,2385,10001,"[0, 100000]","[0, 100000]",0,0,6591,104541
yolov8x_training,2961.275576,86,250.803,13370.3125,93,1845,10001,"[0, 100000]","[0, 100000]",0,0,2685,2587
yolov8x_training,2962.319338,82,254.763,13370.3125,67,1170,10001,"[0, 100000]","[0, 100000]",0,0,90625,35644
yolov8x_training,2963.386648,88,240.605,13370.3125,16,2160,10001,"[0, 100000]","[0, 100000]",0,0,3125,12304
yolov8x_training,2964.430034,88,240.895,13370.3125,100,1335,10001,"[0, 100000]","[0, 100000]",0,0,292,1039453
yolov8x_training,2965.472751,83,267.594,13370.3125,29,1350,10001,"[0, 100000]","[0, 100000]",0,0,2978,28515
yolov8x_training,2966.516235,82,246.222,13370.3125,95,2310,10001,"[0, 100000]","[0, 100000]",0,0,30517,38720
yolov8x_training,2967.580999,87,241.181,13370.3125,100,1335,10001,"[0, 100000]","[0, 100000]",0,0,3662,11767
yolov8x_training,2968.624664,87,258.038,13370.3125,35,1290,10001,"[0, 100000]","[0, 100000]",0,0,292,1028271
yolov8x_training,2969.667300,86,248.871,13370.3125,63,1530,10001,"[0, 100000]","[0, 100000]",0,0,4052,37402
yolov8x_training,2970.710450,82,243.271,13370.3125,97,1275,10001,"[0, 100000]","[0, 100000]",0,0,341,292
yolov8x_training,2971.754362,88,257.052,13370.3125,55,2100,10001,"[0, 100000]","[0, 100000]",0,0,14990,30566
yolov8x_training,2972.797526,87,251.100,13370.3125,34,1800,10001,"[0, 100000]","[0, 100000]",0,0,19482,292
yolov8x_training,2973.844682,82,253.925,13370.3125,94,1275,10001,"[0, 100000]","[0, 100000]",0,0,15136,33105
yolov8x_training,2974.887590,86,245.156,13370.3125,74,2340,10001,"[0, 100000]","[0, 100000]",0,0,1367,341
yolov8x_training,2975.930914,87,253.648,13370.3125,34,1575,10001,"[0, 100000]","[0, 100000]",0,0,6835,104589
yolov8x_training,2976.985082,83,257.156,13370.3125,94,1185,10001,"[0, 100000]","[0, 100000]",0,0,3125,11718
yolov8x_training,2978.028032,84,241.330,13370.3125,100,2175,10001,"[0, 100000]","[0, 100000]",0,0,89746,22705
yolov8x_training,2979.100695,87,246.038,13370.3125,16,1335,10001,"[0, 100000]","[0, 100000]",0,0,3027,10253
yolov8x_training,2980.144042,88,256.895,13370.3125,80,1185,10001,"[0, 100000]","[0, 100000]",0,0,341,1041406
yolov8x_training,2981.186964,86,248.530,13370.3125,96,1260,10001,"[0, 100000]","[0, 100000]",0,0,5273,19482
yolov8x_training,2982.230267,82,243.591,13370.3125,67,1200,10001,"[0, 100000]","[0, 100000]",0,0,341,292
yolov8x_training,2983.281723,87,245.049,13370.3125,44,2400,10001,"[0, 100000]","[0, 100000]",0,0,15478,36279
yolov8x_training,2984.324585,88,248.941,13370.3125,93,1305,10001,"[0, 100000]","[0, 100000]",0,0,341,292
yolov8x_training,2985.377555,83,260.177,13370.3125,93,1170,10001,"[0, 100000]","[0, 100000]",0,0,15429,36230
yolov8x_training,2986.420480,87,240.140,13370.3125,94,2505,10001,"[0, 100000]","[0, 100000]",0,0,1025,292
yolov8x_training,2987.484197,88,246.007,13370.3125,100,1440,10001,"[0, 100000]","[0, 100000]",0,0,15332,31591
yolov8x_training,2988.527064,88,261.839,13370.3125,17,1170,10001,"[0, 100000]","[0, 100000]",0,0,19580,292
yolov8x_training,2989.589580,84,234.296,13370.3125,93,2010,10001,"[0, 100000]","[0, 100000]",0,0,15332,34619
yolov8x_training,2990.632792,85,242.793,13370.3125,99,1245,10001,"[0, 100000]","[0, 100000]",0,0,2880,4687
yolov8x_training,2991.675973,88,255.349,13370.3125,45,1815,10001,"[0, 100000]","[0, 100000]",0,0,4931,103613
yolov8x_training,2992.745716,87,247.707,13370.3125,54,1650,10001,"[0, 100000]","[0, 100000]",0,0,2978,9082
yolov8x_training,2993.789159,83,246.114,13370.3125,96,1170,10001,"[0, 100000]","[0, 100000]",0,0,90185,27832
yolov8x_training,2994.858821,86,236.373,13370.3125,75,2370,10001,"[0, 100000]","[0, 100000]",0,0,3027,13037
yolov8x_training,2995.901771,88,244.538,13370.3125,15,1275,10001,"[0, 100000]","[0, 100000]",0,0,341,1039941
yolov8x_training,2996.944582,84,260.430,13370.3125,93,1245,10001,"[0, 100000]","[0, 100000]",0,0,5419,17431
yolov8x_training,2997.987500,88,243.599,13370.3125,100,2055,10001,"[0, 100000]","[0, 100000]",0,0,341,292
yolov8x_training,2999.030133,83,241.724,13370.3125,35,1297,10001,"[0, 100000]","[0, 100000]",0,0,6445,30322
yolov8x_training,3000.073314,89,253.646,13370.3125,70,1485,10001,"[0, 100000]","[0, 100000]",0,0,341,292
yolov8x_training,3001.131558,88,251.864,13370.3125,95,1335,10001,"[0, 100000]","[0, 100000]",0,0,15332,34765
yolov8x_training,3002.174829,83,244.667,13370.3125,49,1320,10001,"[0, 100000]","[0, 100000]",0,0,341,341
yolov8x_training,3003.246412,88,258.047,13370.3125,67,2655,10001,"[0, 100000]","[0, 100000]",0,0,14892,30468
yolov8x_training,3004.289419,87,249.233,13370.3125,93,1845,10001,"[0, 100000]","[0, 100000]",0,0,19433,341
yolov8x_training,3005.332133,83,252.860,13370.3125,79,1185,10001,"[0, 100000]","[0, 100000]",0,0,6787,103662
yolov8x_training,3006.387263,88,240.167,13370.3125,23,2460,10001,"[0, 100000]","[0, 100000]",0,0,3027,12792
yolov8x_training,3007.430817,88,250.945,13370.3125,100,2460,10001,"[0, 100000]","[0, 100000]",0,0,89697,23632
yolov8x_training,3008.505762,88,252.863,13370.3125,54,817,10001,"[0, 100000]","[0, 100000]",0,0,3320,14062
yolov8x_training,3009.548644,87,253.602,13370.3125,49,1530,10001,"[0, 100000]","[0, 100000]",0,0,341,1039062
yolov8x_training,3010.591424,83,239.550,13370.3125,95,2655,10001,"[0, 100000]","[0, 100000]",0,0,3271,28076
yolov8x_training,3011.634290,87,254.064,13370.3125,67,1305,10001,"[0, 100000]","[0, 100000]",0,0,341,292
yolov8x_training,3012.677080,88,252.610,13370.3125,22,1200,10001,"[0, 100000]","[0, 100000]",0,0,5664,21337
yolov8x_training,3013.721070,84,244.232,13370.3125,95,1260,10001,"[0, 100000]","[0, 100000]",0,0,341,292
yolov8x_training,3014.763769,86,253.059,13370.3125,100,1860,10001,"[0, 100000]","[0, 100000]",0,0,6347,102734
yolov8x_training,3015.818398,88,241.500,13370.3125,43,2640,10001,"[0, 100000]","[0, 100000]",0,0,3076,11035
yolov8x_training,3016.861678,86,261.549,13370.3125,67,1275,10001,"[0, 100000]","[0, 100000]",0,0,6298,103808
yolov8x_training,3017.927618,85,240.834,13370.3125,100,1605,10001,"[0, 100000]","[0, 100000]",0,0,2587,6445
yolov8x_training,3018.970606,89,243.443,13370.3125,45,1290,10001,"[0, 100000]","[0, 100000]",0,0,6738,101367
yolov8x_training,3020.035511,88,254.964,13370.3125,67,1230,10001,"[0, 100000]","[0, 100000]",0,0,2832,26708
yolov8x_training,3021.078748,88,251.857,13370.3125,94,1275,10001,"[0, 100000]","[0, 100000]",0,0,14746,38037
yolov8x_training,3022.144191,83,243.127,13370.3125,81,2580,10001,"[0, 100000]","[0, 100000]",0,0,2734,7666
yolov8x_training,3023.187674,86,250.296,13370.3125,47,1380,10001,"[0, 100000]","[0, 100000]",0,0,90869,37939
yolov8x_training,3024.253705,89,257.664,13370.3125,94,1995,10001,"[0, 100000]","[0, 100000]",0,0,2636,8984
yolov8x_training,3025.297467,83,249.173,13370.3125,79,1215,10001,"[0, 100000]","[0, 100000]",0,0,4199,37695
yolov8x_training,3026.351130,87,240.206,13370.3125,32,2310,10001,"[0, 100000]","[0, 100000]",0,0,3417,10449
yolov8x_training,3027.394544,88,242.963,13370.3125,95,1440,10001,"[0, 100000]","[0, 100000]",0,0,341,1037646
yolov8x_training,3028.437711,84,264.542,13370.3125,10,1230,10001,"[0, 100000]","[0, 100000]",0,0,5224,17822
yolov8x_training,3029.480780,85,242.546,13370.3125,73,2070,10001,"[0, 100000]","[0, 100000]",0,0,341,292
yolov8x_training,3030.533112,83,238.097,13370.3125,93,2655,10001,"[0, 100000]","[0, 100000]",0,0,15039,33105
yolov8x_training,3031.575976,89,252.491,13370.3125,93,877,10001,"[0, 100000]","[0, 100000]",0,0,2832,9375
yolov8x_training,3032.619509,89,260.856,13370.3125,27,1185,10001,"[0, 100000]","[0, 100000]",0,0,89404,21044
yolov8x_training,3033.662505,87,243.850,13370.3125,75,2250,10001,"[0, 100000]","[0, 100000]",0,0,3662,24902
yolov8x_training,3034.705688,84,240.179,13370.3125,93,2130,10001,"[0, 100000]","[0, 100000]",0,0,341,292
yolov8x_training,3035.748309,87,257.962,13370.3125,55,2655,10001,"[0, 100000]","[0, 100000]",0,0,5957,25341
yolov8x_training,3036.792654,87,251.111,13370.3125,46,1320,10001,"[0, 100000]","[0, 100000]",0,0,341,292
yolov8x_training,3037.841143,83,252.687,13370.3125,94,1275,10001,"[0, 100000]","[0, 100000]",0,0,15283,35498
yolov8x_training,3038.884515,88,240.929,13370.3125,85,2490,10001,"[0, 100000]","[0, 100000]",0,0,2343,2343
yolov8x_training,3039.927361,88,242.807,13370.3125,18,2655,10001,"[0, 100000]","[0, 100000]",0,0,4638,102783
yolov8x_training,3041.000054,84,264.678,13370.3125,91,1605,10001,"[0, 100000]","[0, 100000]",0,0,2734,10302
yolov8x_training,3042.042912,86,236.478,13370.3125,99,2280,10001,"[0, 100000]","[0, 100000]",0,0,88964,18505
yolov8x_training,3043.085813,83,238.204,13370.3125,59,2655,10001,"[0, 100000]","[0, 100000]",0,0,5419,17041
yolov8x_training,3044.128894,86,249.928,13370.3125,40,615,10001,"[0, 100000]","[0, 100000]",0,0,292,292
yolov8x_training,3045.171561,88,254.835,13370.3125,94,1290,10001,"[0, 100000]","[0, 100000]",0,0,5419,18554
yolov8x_training,3046.214553,84,235.889,13370.3125,95,1200,10001,"[0, 100000]","[0, 100000]",0,0,781,341
yolov8x_training,3047.278465,87,244.721,13370.3125,15,2535,10001,"[0, 100000]","[0, 100000]",0,0,15380,33105
yolov8x_training,3048.321664,88,242.284,13370.3125,91,1770,10001,"[0, 100000]","[0, 100000]",0,0,2539,2343
yolov8x_training,3049.365098,87,218.517,13370.3125,98,2250,10001,"[0, 100000]","[0, 100000]",0,0,7763,31884
yolov8x_training,3050.408391,84,215.270,13370.3125,92,1350,10001,"[0, 100000]","[0, 100000]",0,0,292,292
yolov8x_training,3051.451161,88,217.504,13370.3125,65,2655,10001,"[0, 100000]","[0, 100000]",0,0,1123,292
yolov8x_training,3052.496046,82,226.326,13370.3125,38,1215,10001,"[0, 100000]","[0, 100000]",0,0,6689,23339
yolov8x_training,3053.539611,86,199.385,13370.3125,71,2505,10001,"[0, 100000]","[0, 100000]",0,0,292,292
yolov8x_training,3054.582646,84,217.025,13370.3125,39,1170,10001,"[0, 100000]","[0, 100000]",0,0,3027,12695
yolov8x_training,3055.626070,83,201.045,13370.3125,89,2505,10001,"[0, 100000]","[0, 100000]",0,0,5371,22656
yolov8x_training,3056.669359,86,257.132,13370.3125,100,2415,10001,"[0, 100000]","[0, 100000]",0,0,292,1035498
yolov8x_training,3057.711920,88,247.856,13370.3125,16,930,10001,"[0, 100000]","[0, 100000]",0,0,4882,22558
yolov8x_training,3058.755053,84,254.122,13370.3125,87,1200,10001,"[0, 100000]","[0, 100000]",0,0,341,292
yolov8x_training,3059.797669,87,262.467,13370.3125,100,2055,10001,"[0, 100000]","[0, 100000]",0,0,5371,29443
yolov8x_training,3060.840915,87,262.746,13370.3125,93,1125,10001,"[0, 100000]","[0, 100000]",0,0,292,292
yolov8x_training,3061.883609,83,239.415,13370.3125,84,1320,10001,"[0, 100000]","[0, 100000]",0,0,4638,26855
yolov8x_training,3062.926933,85,250.089,13370.3125,39,1590,10001,"[0, 100000]","[0, 100000]",0,0,292,1035498
yolov8x_training,3063.969654,86,251.876,13370.3125,93,1185,10001,"[0, 100000]","[0, 100000]",0,0,4101,15136
yolov8x_training,3065.012756,87,241.072,13370.3125,53,2055,10001,"[0, 100000]","[0, 100000]",0,0,292,1037597
yolov8x_training,3066.055562,82,255.141,13370.3125,51,1290,10001,"[0, 100000]","[0, 100000]",0,0,5468,21386
yolov8x_training,3067.098808,88,251.302,13370.3125,95,1215,10001,"[0, 100000]","[0, 100000]",0,0,341,1029003
yolov8x_training,3068.141374,87,244.038,13370.3125,46,2280,10001,"[0, 100000]","[0, 100000]",0,0,5566,17724
yolov8x_training,3069.184292,85,261.866,13370.3125,85,1455,10001,"[0, 100000]","[0, 100000]",0,0,341,1029638
yolov8x_training,3070.227079,87,243.600,13370.3125,100,1215,10001,"[0, 100000]","[0, 100000]",0,0,4492,20556
yolov8x_training,3071.270352,84,248.009,13370.3125,26,1200,10001,"[0, 100000]","[0, 100000]",0,0,341,292
yolov8x_training,3072.312958,85,251.435,13370.3125,71,2460,10001,"[0, 100000]","[0, 100000]",0,0,3857,33789
yolov8x_training,3073.355951,87,258.914,13370.3125,100,1455,10001,"[0, 100000]","[0, 100000]",0,0,341,292
yolov8x_training,3074.398550,85,245.054,13370.3125,25,1185,10001,"[0, 100000]","[0, 100000]",0,0,6005,23876
yolov8x_training,3075.441634,85,248.111,13370.3125,100,2475,10001,"[0, 100000]","[0, 100000]",0,0,341,292
yolov8x_training,3076.493376,87,256.164,13370.3125,44,2460,10001,"[0, 100000]","[0, 100000]",0,0,16162,32324
yolov8x_training,3077.536313,87,250.235,13370.3125,74,1245,10001,"[0, 100000]","[0, 100000]",0,0,341,292
yolov8x_training,3078.594858,85,242.266,13370.3125,100,2490,10001,"[0, 100000]","[0, 100000]",0,0,15527,30273
yolov8x_training,3079.637969,84,253.213,13370.3125,33,1320,10001,"[0, 100000]","[0, 100000]",0,0,19384,292
yolov8x_training,3080.687438,88,246.213,13370.3125,69,1200,10001,"[0, 100000]","[0, 100000]",0,0,16552,31054
yolov8x_training,3081.730434,86,248.492,13370.3125,100,1170,10001,"[0, 100000]","[0, 100000]",0,0,683,292
yolov8x_training,3082.792127,84,254.292,13370.3125,44,2400,10001,"[0, 100000]","[0, 100000]",0,0,15820,37890
yolov8x_training,3083.835065,87,256.772,13370.3125,66,1740,10001,"[0, 100000]","[0, 100000]",0,0,976,292
yolov8x_training,3084.903902,86,250.764,13370.3125,97,1275,10001,"[0, 100000]","[0, 100000]",0,0,15576,35693
yolov8x_training,3085.946847,82,241.765,13370.3125,55,2130,10001,"[0, 100000]","[0, 100000]",0,0,1513,292
yolov8x_training,3087.008481,88,256.096,13370.3125,64,1815,10001,"[0, 100000]","[0, 100000]",0,0,15380,31103
yolov8x_training,3088.051452,88,248.373,13370.3125,98,1170,10001,"[0, 100000]","[0, 100000]",0,0,8154,292
yolov8x_training,3089.094364,87,243.886,13370.3125,53,2505,10001,"[0, 100000]","[0, 100000]",0,0,5859,22119
yolov8x_training,3090.137893,83,256.605,13370.3125,68,1455,10001,"[0, 100000]","[0, 100000]",0,0,341,341
yolov8x_training,3091.180614,88,245.704,13370.3125,100,1170,10001,"[0, 100000]","[0, 100000]",0,0,12841,31591
yolov8x_training,3092.223994,84,247.348,13370.3125,24,1320,10001,"[0, 100000]","[0, 100000]",0,0,341,292
yolov8x_training,3093.280055,85,260.152,13370.3125,97,2415,10001,"[0, 100000]","[0, 100000]",0,0,16406,32470
yolov8x_training,3094.323212,87,259.988,13370.3125,100,1635,10001,"[0, 100000]","[0, 100000]",0,0,878,292
yolov8x_training,3095.370210,84,244.984,13370.3125,34,1260,10001,"[0, 100000]","[0, 100000]",0,0,15625,29638
yolov8x_training,3096.413211,88,264.643,13370.3125,99,1102,10001,"[0, 100000]","[0, 100000]",0,0,292,292
yolov8x_training,3097.455991,88,258.313,13370.3125,13,1500,10001,"[0, 100000]","[0, 100000]",0,0,5566,22216
yolov8x_training,3098.499398,83,247.217,13370.3125,97,1545,10001,"[0, 100000]","[0, 100000]",0,0,341,292
yolov8x_training,3099.541999,82,245.258,13370.3125,87,2355,10001,"[0, 100000]","[0, 100000]",0,0,5664,22412
yolov8x_training,3100.585444,87,260.386,13370.3125,23,1290,10001,"[0, 100000]","[0, 100000]",0,0,341,341
yolov8x_training,3101.628101,87,241.865,13370.3125,96,2130,10001,"[0, 100000]","[0, 100000]",0,0,8203,29687
yolov8x_training,3102.671189,82,250.780,13370.3125,88,1530,10001,"[0, 100000]","[0, 100000]",0,0,341,292
yolov8x_training,3103.715909,87,255.388,13370.3125,55,1335,10001,"[0, 100000]","[0, 100000]",0,0,15478,30957
yolov8x_training,3104.759186,87,240.471,13370.3125,97,1155,10001,"[0, 100000]","[0, 100000]",0,0,15966,292
yolov8x_training,3105.802305,82,252.449,13370.3125,66,2400,10001,"[0, 100000]","[0, 100000]",0,0,11572,28320
yolov8x_training,3106.845218,87,252.668,13370.3125,45,1995,10001,"[0, 100000]","[0, 100000]",0,0,927,292
yolov8x_training,3107.888012,86,254.169,13370.3125,97,1230,10001,"[0, 100000]","[0, 100000]",0,0,8886,28662
yolov8x_training,3108.930958,82,243.335,13370.3125,50,2505,10001,"[0, 100000]","[0, 100000]",0,0,1416,292
yolov8x_training,3109.983373,87,258.527,13370.3125,70,1440,10001,"[0, 100000]","[0, 100000]",0,0,15380,33496
yolov8x_training,3111.026362,88,240.496,13370.3125,98,1215,10001,"[0, 100000]","[0, 100000]",0,0,1953,292
yolov8x_training,3112.087567,85,247.371,13370.3125,47,2595,10001,"[0, 100000]","[0, 100000]",0,0,15136,29882
yolov8x_training,3113.130498,85,256.192,13370.3125,64,1455,10001,"[0, 100000]","[0, 100000]",0,0,16308,292
yolov8x_training,3114.173224,87,243.357,13370.3125,96,1200,10001,"[0, 100000]","[0, 100000]",0,0,6982,27490
yolov8x_training,3115.216200,84,239.124,13370.3125,41,1260,10001,"[0, 100000]","[0, 100000]",0,0,341,292
yolov8x_training,3116.258914,87,259.792,13370.3125,90,1320,10001,"[0, 100000]","[0, 100000]",0,0,4931,19726
yolov8x_training,3117.302315,88,246.509,13370.3125,100,1620,10001,"[0, 100000]","[0, 100000]",0,0,341,292
yolov8x_training,3118.344952,83,241.909,13370.3125,24,1365,10001,"[0, 100000]","[0, 100000]",0,0,5224,18554
yolov8x_training,3119.387941,86,250.601,13370.3125,97,2580,10001,"[0, 100000]","[0, 100000]",0,0,341,292
yolov8x_training,3120.430596,87,257.546,13370.3125,27,592,10001,"[0, 100000]","[0, 100000]",0,0,8642,20605
yolov8x_training,3121.474612,82,251.587,13370.3125,97,2130,10001,"[0, 100000]","[0, 100000]",0,0,292,341
yolov8x_training,3122.517222,88,255.703,13370.3125,44,2325,10001,"[0, 100000]","[0, 100000]",0,0,4785,25976
yolov8x_training,3123.560188,88,248.032,13370.3125,72,1170,10001,"[0, 100000]","[0, 100000]",0,0,341,1028369
yolov8x_training,3124.603034,86,253.915,13370.3125,100,2355,10001,"[0, 100000]","[0, 100000]",0,0,4150,33496
yolov8x_training,3125.646660,85,255.291,13370.3125,37,1875,10001,"[0, 100000]","[0, 100000]",0,0,341,292
yolov8x_training,3126.689520,87,251.681,13370.3125,18,1350,10001,"[0, 100000]","[0, 100000]",0,0,6689,110742
yolov8x_training,3127.753292,87,231.288,13370.3125,97,1170,10001,"[0, 100000]","[0, 100000]",0,0,2294,2294
yolov8x_training,3128.814954,82,254.195,13370.3125,77,2430,10001,"[0, 100000]","[0, 100000]",0,0,15527,32275
yolov8x_training,3129.857852,89,256.288,13370.3125,54,1665,10001,"[0, 100000]","[0, 100000]",0,0,341,292
yolov8x_training,3130.900663,86,248.798,13370.3125,97,1245,10001,"[0, 100000]","[0, 100000]",0,0,5029,19384
yolov8x_training,3131.943736,82,245.392,13370.3125,63,2280,10001,"[0, 100000]","[0, 100000]",0,0,341,292
yolov8x_training,3132.986418,87,252.917,13370.3125,59,1665,10001,"[0, 100000]","[0, 100000]",0,0,7177,26757
yolov8x_training,3134.029476,88,251.188,13370.3125,100,1230,10001,"[0, 100000]","[0, 100000]",0,0,390,292
yolov8x_training,3135.072505,85,253.820,13370.3125,24,2505,10001,"[0, 100000]","[0, 100000]",0,0,5029,19726
yolov8x_training,3136.115887,82,256.315,13370.3125,87,1545,10001,"[0, 100000]","[0, 100000]",0,0,1513,292
yolov8x_training,3137.158675,88,248.265,13370.3125,98,1215,10001,"[0, 100000]","[0, 100000]",0,0,6445,104101
yolov8x_training,3138.214584,86,243.129,13370.3125,60,1215,10001,"[0, 100000]","[0, 100000]",0,0,14746,292
yolov8x_training,3139.266145,84,257.977,13370.3125,70,2100,10001,"[0, 100000]","[0, 100000]",0,0,15625,34277
yolov8x_training,3140.309355,87,246.922,13370.3125,100,1380,10001,"[0, 100000]","[0, 100000]",0,0,341,341
yolov8x_training,3141.366154,85,245.103,13370.3125,26,1275,10001,"[0, 100000]","[0, 100000]",0,0,15478,35302
yolov8x_training,3142.409133,84,254.533,13370.3125,79,2460,10001,"[0, 100000]","[0, 100000]",0,0,341,292
yolov8x_training,3143.451835,83,260.305,13370.3125,20,1185,10001,"[0, 100000]","[0, 100000]",0,0,6542,27587
yolov8x_training,3144.494916,87,242.363,13370.3125,3,1575,10001,"[0, 100000]","[0, 100000]",0,0,4882,17187
yolov8x_training,3145.538128,83,238.003,13370.3125,94,2070,10001,"[0, 100000]","[0, 100000]",0,0,341,1030908
yolov8x_training,3146.581087,87,246.622,13370.3125,100,1275,10001,"[0, 100000]","[0, 100000]",0,0,3857,37744
yolov8x_training,3147.624273,88,259.092,13370.3125,21,1185,10001,"[0, 100000]","[0, 100000]",0,0,341,292
yolov8x_training,3148.667040,84,246.075,13370.3125,78,1260,10001,"[0, 100000]","[0, 100000]",0,0,4736,21435
yolov8x_training,3149.710249,84,252.871,13370.3125,97,2460,10001,"[0, 100000]","[0, 100000]",0,0,634,292
yolov8x_training,3150.780473,87,259.521,13370.3125,49,2580,10001,"[0, 100000]","[0, 100000]",0,0,15527,33691
yolov8x_training,3151.824137,86,251.060,13370.3125,57,1650,10001,"[0, 100000]","[0, 100000]",0,0,2978,3662
yolov8x_training,3152.867726,82,257.283,13370.3125,94,592,10001,"[0, 100000]","[0, 100000]",0,0,3955,38232
yolov8x_training,3153.920293,86,238.598,13370.3125,100,2025,10001,"[0, 100000]","[0, 100000]",0,0,3613,11279
yolov8x_training,3154.963366,88,242.066,13370.3125,24,1252,10001,"[0, 100000]","[0, 100000]",0,0,341,991259
yolov8x_training,3156.006235,85,253.082,13370.3125,72,1320,10001,"[0, 100000]","[0, 100000]",0,0,3955,29052
yolov8x_training,3157.050136,86,247.460,13370.3125,95,1185,10001,"[0, 100000]","[0, 100000]",0,0,341,292
yolov8x_training,3158.116810,82,235.427,13370.3125,71,2385,10001,"[0, 100000]","[0, 100000]",0,0,15332,34667
yolov8x_training,3159.159839,86,244.609,13370.3125,24,1800,10001,"[0, 100000]","[0, 100000]",0,0,2587,5615
yolov8x_training,3160.205446,87,251.618,13370.3125,72,1335,10001,"[0, 100000]","[0, 100000]",0,0,89453,21044
yolov8x_training,3161.248770,86,247.651,13370.3125,94,2190,10001,"[0, 100000]","[0, 100000]",0,0,3906,11230
yolov8x_training,3162.291950,82,245.744,13370.3125,50,1200,10001,"[0, 100000]","[0, 100000]",0,0,341,1033056
yolov8x_training,3163.334808,85,246.751,13370.3125,50,2460,10001,"[0, 100000]","[0, 100000]",0,0,3564,31640
yolov8x_training,3164.377820,87,246.623,13370.3125,95,1560,10001,"[0, 100000]","[0, 100000]",0,0,341,292
yolov8x_training,3165.441594,82,261.142,13370.3125,10,1230,10001,"[0, 100000]","[0, 100000]",0,0,15429,34521
yolov8x_training,3166.485217,87,233.749,13370.3125,76,1500,10001,"[0, 100000]","[0, 100000]",0,0,1708,292
yolov8x_training,3167.528234,82,239.488,13370.3125,100,2265,10001,"[0, 100000]","[0, 100000]",0,0,6884,100878
yolov8x_training,3168.590476,86,252.961,13370.3125,50,915,10001,"[0, 100000]","[0, 100000]",0,0,3222,10839
yolov8x_training,3169.634391,87,251.331,13370.3125,30,1290,10001,"[0, 100000]","[0, 100000]",0,0,89746,25146
yolov8x_training,3170.705225,82,236.639,13370.3125,95,2430,10001,"[0, 100000]","[0, 100000]",0,0,3417,13281
yolov8x_training,3171.748201,82,235.742,13370.3125,96,1290,10001,"[0, 100000]","[0, 100000]",0,0,341,292
yolov8x_training,3172.790844,86,253.028,13370.3125,65,2385,10001,"[0, 100000]","[0, 100000]",0,0,7177,21777
yolov8x_training,3173.833910,86,254.729,13370.3125,70,1365,10001,"[0, 100000]","[0, 100000]",0,0,292,292
yolov8x_training,3174.878399,83,249.398,13370.3125,96,1350,10001,"[0, 100000]","[0, 100000]",0,0,15283,32666
yolov8x_training,3175.921425,86,240.833,13370.3125,48,2400,10001,"[0, 100000]","[0, 100000]",0,0,6103,92041
yolov8x_training,3176.964894,87,253.288,13370.3125,15,1395,10001,"[0, 100000]","[0, 100000]",0,0,4394,103515
yolov8x_training,3178.036891,87,260.336,13370.3125,94,1200,10001,"[0, 100000]","[0, 100000]",0,0,3125,12646
yolov8x_training,3179.079858,86,242.902,13370.3125,100,1305,10001,"[0, 100000]","[0, 100000]",0,0,292,1040185
yolov8x_training,3180.122813,82,237.304,13370.3125,51,1230,10001,"[0, 100000]","[0, 100000]",0,0,4248,30468
yolov8x_training,3181.166559,87,249.520,13370.3125,39,1005,10001,"[0, 100000]","[0, 100000]",0,0,341,292
yolov8x_training,3182.227785,87,257.964,13370.3125,93,2295,10001,"[0, 100000]","[0, 100000]",0,0,15185,30810
yolov8x_training,3183.270756,83,235.879,13370.3125,100,1800,10001,"[0, 100000]","[0, 100000]",0,0,2685,116552
yolov8x_training,3184.313936,83,251.844,13370.3125,36,1335,10001,"[0, 100000]","[0, 100000]",0,0,5664,104150
yolov8x_training,3185.382521,87,249.091,13370.3125,71,1290,10001,"[0, 100000]","[0, 100000]",0,0,3125,10888
yolov8x_training,3186.426358,87,249.011,13370.3125,94,1980,10001,"[0, 100000]","[0, 100000]",0,0,88964,19726
yolov8x_training,3187.469597,82,258.857,13370.3125,15,1155,10001,"[0, 100000]","[0, 100000]",0,0,5712,20751
yolov8x_training,3188.512899,87,240.116,13370.3125,88,2385,10001,"[0, 100000]","[0, 100000]",0,0,341,292
yolov8x_training,3189.555487,84,238.591,13370.3125,100,1875,10001,"[0, 100000]","[0, 100000]",0,0,12890,31494
yolov8x_training,3190.598579,86,261.578,13370.3125,25,1800,10001,"[0, 100000]","[0, 100000]",0,0,13720,292
yolov8x_training,3191.648132,84,236.330,13370.3125,84,1965,10001,"[0, 100000]","[0, 100000]",0,0,15380,33447
yolov8x_training,3192.691188,82,241.639,13370.3125,94,2550,10001,"[0, 100000]","[0, 100000]",0,0,2587,2734
yolov8x_training,3193.735435,86,251.794,13370.3125,62,1192,10001,"[0, 100000]","[0, 100000]",0,0,6787,105273
yolov8x_training,3194.798917,87,253.858,13370.3125,37,1920,10001,"[0, 100000]","[0, 100000]",0,0,2587,8642
yolov8x_training,3195.842015,82,256.439,13370.3125,94,1170,10001,"[0, 100000]","[0, 100000]",0,0,89892,23925
yolov8x_training,3196.914966,86,241.017,13370.3125,100,2085,10001,"[0, 100000]","[0, 100000]",0,0,3710,14892
yolov8x_training,3197.957899,87,254.637,13370.3125,30,1252,10001,"[0, 100000]","[0, 100000]",0,0,341,341
yolov8x_training,3199.000355,86,256.944,13370.3125,64,1410,10001,"[0, 100000]","[0, 100000]",0,0,5078,22656
yolov8x_training,3200.043425,86,249.844,13370.3125,95,1275,10001,"[0, 100000]","[0, 100000]",0,0,341,292
yolov8x_training,3201.094015,82,239.567,13370.3125,67,2625,10001,"[0, 100000]","[0, 100000]",0,0,15527,33056
yolov8x_training,3202.136878,87,244.756,13370.3125,27,1305,10001,"[0, 100000]","[0, 100000]",0,0,2734,2539
yolov8x_training,3203.180655,87,262.460,13370.3125,93,1185,10001,"[0, 100000]","[0, 100000]",0,0,6591,104101
yolov8x_training,3204.247088,83,238.752,13370.3125,100,1320,10001,"[0, 100000]","[0, 100000]",0,0,2539,3125
yolov8x_training,3205.289863,87,243.261,13370.3125,16,1950,10001,"[0, 100000]","[0, 100000]",0,0,3369,36181
yolov8x_training,3206.349922,87,244.276,13370.3125,72,2610,10001,"[0, 100000]","[0, 100000]",0,0,2734,125683
yolov8x_training,3207.393394,85,257.760,13370.3125,100,1440,10001,"[0, 100000]","[0, 100000]",0,0,3466,37158
yolov8x_training,3208.451957,82,243.204,13370.3125,71,1320,10001,"[0, 100000]","[0, 100000]",0,0,3173,10839
yolov8x_training,3209.495602,86,238.605,13370.3125,95,2625,10001,"[0, 100000]","[0, 100000]",0,0,89208,20703
yolov8x_training,3210.539008,84,253.937,13370.3125,70,945,10001,"[0, 100000]","[0, 100000]",0,0,5175,18896
yolov8x_training,3211.582307,87,253.441,13370.3125,28,1290,10001,"[0, 100000]","[0, 100000]",0,0,341,292
yolov8x_training,3212.624957,82,246.958,13370.3125,93,1290,10001,"[0, 100000]","[0, 100000]",0,0,3515,27539
yolov8x_training,3213.667999,86,250.951,13370.3125,65,1290,10001,"[0, 100000]","[0, 100000]",0,0,341,292
yolov8x_training,3214.710597,87,254.437,13370.3125,28,1245,10001,"[0, 100000]","[0, 100000]",0,0,7617,30029
yolov8x_training,3215.753853,82,237.084,13370.3125,93,1215,10001,"[0, 100000]","[0, 100000]",0,0,341,292
yolov8x_training,3216.796815,85,246.793,13370.3125,100,2295,10001,"[0, 100000]","[0, 100000]",0,0,7177,103710
yolov8x_training,3217.860275,87,240.966,13370.3125,45,2655,10001,"[0, 100000]","[0, 100000]",0,0,2929,11669
yolov8x_training,3218.903239,86,250.983,13370.3125,54,1740,10001,"[0, 100000]","[0, 100000]",0,0,89697,20947
yolov8x_training,3219.946796,82,256.225,13370.3125,95,1335,10001,"[0, 100000]","[0, 100000]",0,0,4394,19140
yolov8x_training,3220.989649,86,238.111,13370.3125,99,2070,10001,"[0, 100000]","[0, 100000]",0,0,292,292
yolov8x_training,3222.032228,88,241.117,13370.3125,16,1290,10001,"[0, 100000]","[0, 100000]",0,0,7031,22656
yolov8x_training,3223.075870,87,251.654,13370.3125,70,1185,10001,"[0, 100000]","[0, 100000]",0,0,2246,732
yolov8x_training,3224.118932,86,246.333,13370.3125,97,1380,10001,"[0, 100000]","[0, 100000]",0,0,6445,103613
yolov8x_training,3225.180369,82,241.910,13370.3125,48,2445,10001,"[0, 100000]","[0, 100000]",0,0,2929,4052
yolov8x_training,3226.223885,84,249.282,13370.3125,49,667,10001,"[0, 100000]","[0, 100000]",0,0,4003,38720
yolov8x_training,3227.276534,86,254.253,13370.3125,95,1845,10001,"[0, 100000]","[0, 100000]",0,0,3173,13281
yolov8x_training,3228.319881,82,241.611,13370.3125,93,1215,10001,"[0, 100000]","[0, 100000]",0,0,390,1034228
yolov8x_training,3229.362853,87,237.789,13370.3125,13,2580,10001,"[0, 100000]","[0, 100000]",0,0,5175,16601
yolov8x_training,3230.405833,87,243.192,13370.3125,93,1425,10001,"[0, 100000]","[0, 100000]",0,0,341,292
yolov8x_training,3231.448432,85,260.089,13370.3125,29,1200,10001,"[0, 100000]","[0, 100000]",0,0,5419,22314
yolov8x_training,3232.491836,82,246.850,13370.3125,68,1950,10001,"[0, 100000]","[0, 100000]",0,0,1171,292
yolov8x_training,3233.561263,82,242.515,13370.3125,94,2640,10001,"[0, 100000]","[0, 100000]",0,0,15283,34960
yolov8x_training,3234.604216,85,249.221,13370.3125,80,1290,10001,"[0, 100000]","[0, 100000]",0,0,2441,2392
yolov8x_training,3235.647121,86,253.221,13370.3125,44,1335,10001,"[0, 100000]","[0, 100000]",0,0,4541,102929
yolov8x_training,3236.718112,82,240.135,13370.3125,94,2580,10001,"[0, 100000]","[0, 100000]",0,0,2343,125439
yolov8x_training,3237.761492,86,240.202,13370.3125,100,1860,10001,"[0, 100000]","[0, 100000]",0,0,4150,102392
yolov8x_training,3238.836572,87,255.807,13370.3125,32,2520,10001,"[0, 100000]","[0, 100000]",0,0,2880,10302
yolov8x_training,3239.879896,86,253.139,13370.3125,57,1320,10001,"[0, 100000]","[0, 100000]",0,0,89501,20800
yolov8x_training,3240.923138,82,252.540,13370.3125,95,1290,10001,"[0, 100000]","[0, 100000]",0,0,5419,23193
yolov8x_training,3241.966356,86,235.541,13370.3125,73,2445,10001,"[0, 100000]","[0, 100000]",0,0,292,292
yolov8x_training,3243.018857,87,241.341,13370.3125,25,1440,10001,"[0, 100000]","[0, 100000]",0,0,15136,31396
yolov8x_training,3244.061949,87,254.589,13370.3125,90,1185,10001,"[0, 100000]","[0, 100000]",0,0,16015,341
yolov8x_training,3245.124109,83,243.594,13370.3125,100,2415,10001,"[0, 100000]","[0, 100000]",0,0,15771,36181
yolov8x_training,3246.167166,83,242.230,13370.3125,38,2550,10001,"[0, 100000]","[0, 100000]",0,0,1562,292
yolov8x_training,3247.210209,87,252.750,13370.3125,75,1260,10001,"[0, 100000]","[0, 100000]",0,0,6787,104541
yolov8x_training,3248.261415,86,250.527,13370.3125,98,1215,10001,"[0, 100000]","[0, 100000]",0,0,3173,11035
yolov8x_training,3249.305078,82,239.601,13370.3125,63,1230,10001,"[0, 100000]","[0, 100000]",0,0,89697,24169
yolov8x_training,3250.378478,85,238.899,13370.3125,35,2655,10001,"[0, 100000]","[0, 100000]",0,0,3027,12158
yolov8x_training,3251.421516,87,248.023,13370.3125,93,1815,10001,"[0, 100000]","[0, 100000]",0,0,292,1038671
yolov8x_training,3252.464505,83,255.489,13370.3125,17,1200,10001,"[0, 100000]","[0, 100000]",0,0,5615,19384
yolov8x_training,3253.507893,84,243.676,13370.3125,71,2055,10001,"[0, 100000]","[0, 100000]",0,0,341,292
yolov8x_training,3254.550514,82,242.113,13370.3125,94,1365,10001,"[0, 100000]","[0, 100000]",0,0,10986,37109
yolov8x_training,3255.593495,87,252.519,13370.3125,65,1440,10001,"[0, 100000]","[0, 100000]",0,0,1318,292
yolov8x_training,3256.636821,87,253.415,13370.3125,31,1890,10001,"[0, 100000]","[0, 100000]",0,0,6347,104931
yolov8x_training,3257.702770,82,243.255,13370.3125,94,1327,10001,"[0, 100000]","[0, 100000]",0,0,2880,3710
yolov8x_training,3258.746213,87,251.570,13370.3125,84,2220,10001,"[0, 100000]","[0, 100000]",0,0,4589,103466
yolov8x_training,3259.818125,87,259.141,13370.3125,15,1740,10001,"[0, 100000]","[0, 100000]",0,0,2539,78271
yolov8x_training,3260.861079,83,259.599,13370.3125,86,1245,10001,"[0, 100000]","[0, 100000]",0,0,6298,104443
yolov8x_training,3261.930141,85,242.325,13370.3125,100,2010,10001,"[0, 100000]","[0, 100000]",0,0,2441,2392
yolov8x_training,3262.973289,87,240.510,13370.3125,26,1290,10001,"[0, 100000]","[0, 100000]",0,0,3759,36914
yolov8x_training,3264.031275,84,248.246,13370.3125,72,1245,10001,"[0, 100000]","[0, 100000]",0,0,3369,12109
yolov8x_training,3265.074253,86,241.220,13370.3125,96,2295,10001,"[0, 100000]","[0, 100000]",0,0,88964,19824
yolov8x_training,3266.117354,82,254.360,13370.3125,54,2580,10001,"[0, 100000]","[0, 100000]",0,0,4687,21289
yolov8x_training,3267.160445,86,249.730,13370.3125,36,1230,10001,"[0, 100000]","[0, 100000]",0,0,292,292
yolov8x_training,3268.203238,88,240.358,13370.3125,94,1290,10001,"[0, 100000]","[0, 100000]",0,0,5712,21044
yolov8x_training,3269.246789,82,247.208,13370.3125,100,1305,10001,"[0, 100000]","[0, 100000]",0,0,341,292
yolov8x_training,3270.291024,87,264.753,13370.3125,94,2505,10001,"[0, 100000]","[0, 100000]",0,0,15478,34619
yolov8x_training,3271.334368,88,235.831,13370.3125,99,1695,10001,"[0, 100000]","[0, 100000]",0,0,1171,292
yolov8x_training,3272.377211,83,243.316,13370.3125,14,1230,10001,"[0, 100000]","[0, 100000]",0,0,6494,104345
yolov8x_training,3273.430453,86,245.492,13370.3125,90,2505,10001,"[0, 100000]","[0, 100000]",0,0,2929,11962
yolov8x_training,3274.473582,87,255.663,13370.3125,53,1860,10001,"[0, 100000]","[0, 100000]",0,0,90039,26025
yolov8x_training,3275.546101,87,246.864,13370.3125,70,1185,10001,"[0, 100000]","[0, 100000]",0,0,3076,30175
yolov8x_training,3276.590179,86,242.733,13370.3125,94,2145,10001,"[0, 100000]","[0, 100000]",0,0,4736,103808
yolov8x_training,3277.662701,82,251.778,13370.3125,69,2490,10001,"[0, 100000]","[0, 100000]",0,0,2978,11230
yolov8x_training,3278.705699,87,256.604,13370.3125,12,1440,10001,"[0, 100000]","[0, 100000]",0,0,341,1040771
yolov8x_training,3279.748873,87,240.462,13370.3125,86,2460,10001,"[0, 100000]","[0, 100000]",0,0,5419,20117
yolov8x_training,3280.792145,83,247.246,13370.3125,100,1185,10001,"[0, 100000]","[0, 100000]",0,0,341,292
yolov8x_training,3281.834724,87,259.708,13370.3125,19,2370,10001,"[0, 100000]","[0, 100000]",0,0,4687,19628
yolov8x_training,3282.877959,87,259.037,13370.3125,72,697,10001,"[0, 100000]","[0, 100000]",0,0,5712,292
yolov8x_training,3283.922177,86,250.121,13370.3125,97,1185,10001,"[0, 100000]","[0, 100000]",0,0,15234,35058
yolov8x_training,3284.965502,82,240.915,13370.3125,59,1920,10001,"[0, 100000]","[0, 100000]",0,0,2246,1171
yolov8x_training,3286.008419,85,250.664,13370.3125,46,1875,10001,"[0, 100000]","[0, 100000]",0,0,5566,104394
yolov8x_training,3287.077185,86,253.971,13370.3125,93,1185,10001,"[0, 100000]","[0, 100000]",0,0,2685,7568
yolov8x_training,3288.120231,87,241.182,13370.3125,75,1500,10001,"[0, 100000]","[0, 100000]",0,0,2978,39160
yolov8x_training,3289.183944,83,245.566,13370.3125,25,2625,10001,"[0, 100000]","[0, 100000]",0,0,3320,10937
yolov8x_training,3290.227095,87,258.496,13370.3125,95,1335,10001,"[0, 100000]","[0, 100000]",0,0,341,1041210
yolov8x_training,3291.270121,88,236.516,13370.3125,100,1815,10001,"[0, 100000]","[0, 100000]",0,0,3515,13232
yolov8x_training,3292.313249,84,242.537,13370.3125,18,1170,10001,"[0, 100000]","[0, 100000]",0,0,341,292
yolov8x_training,3293.355890,83,244.117,13370.3125,73,2490,10001,"[0, 100000]","[0, 100000]",0,0,5859,21728
yolov8x_training,3294.398948,87,251.753,13370.3125,94,1755,10001,"[0, 100000]","[0, 100000]",0,0,341,341
yolov8x_training,3295.441581,85,254.116,13370.3125,58,1260,10001,"[0, 100000]","[0, 100000]",0,0,5371,22216
yolov8x_training,3296.485225,82,241.949,13370.3125,95,2445,10001,"[0, 100000]","[0, 100000]",0,0,927,292
yolov8x_training,3297.545171,87,255.768,13370.3125,68,1410,10001,"[0, 100000]","[0, 100000]",0,0,15527,32324
yolov8x_training,3298.588586,87,247.049,13370.3125,62,1200,10001,"[0, 100000]","[0, 100000]",0,0,16357,292
yolov8x_training,3299.652283,87,241.331,13370.3125,95,2325,10001,"[0, 100000]","[0, 100000]",0,0,15625,35253
yolov8x_training,3300.695528,82,248.915,13370.3125,80,2565,10001,"[0, 100000]","[0, 100000]",0,0,1855,292
yolov8x_training,3301.738537,87,257.567,13370.3125,13,1170,10001,"[0, 100000]","[0, 100000]",0,0,6640,104687
yolov8x_training,3302.799813,88,240.023,13370.3125,91,1380,10001,"[0, 100000]","[0, 100000]",0,0,2929,10400
yolov8x_training,3303.843780,83,240.201,13370.3125,100,1200,10001,"[0, 100000]","[0, 100000]",0,0,89404,21044
yolov8x_training,3304.886966,84,249.550,13370.3125,36,2445,10001,"[0, 100000]","[0, 100000]",0,0,4980,15576
yolov8x_training,3305.930134,87,255.890,13370.3125,59,2625,10001,"[0, 100000]","[0, 100000]",0,0,341,341
yolov8x_training,3306.972816,87,252.639,13370.3125,95,1200,10001,"[0, 100000]","[0, 100000]",0,0,3955,32275
yolov8x_training,3308.015982,82,243.077,13370.3125,77,2280,10001,"[0, 100000]","[0, 100000]",0,0,341,292
yolov8x_training,3309.058614,82,256.956,13370.3125,37,742,10001,"[0, 100000]","[0, 100000]",0,0,6347,29736
yolov8x_training,3310.101991,87,255.777,13370.3125,94,1830,10001,"[0, 100000]","[0, 100000]",0,0,2246,341
yolov8x_training,3311.145059,87,238.651,13370.3125,99,1335,10001,"[0, 100000]","[0, 100000]",0,0,6250,105615
yolov8x_training,3312.210787,83,243.857,13370.3125,18,1305,10001,"[0, 100000]","[0, 100000]",0,0,2636,4052
yolov8x_training,3313.254175,84,257.418,13370.3125,86,2010,10001,"[0, 100000]","[0, 100000]",0,0,90332,31152
yolov8x_training,3314.322902,87,247.668,13370.3125,96,1425,10001,"[0, 100000]","[0, 100000]",0,0,3076,11132
yolov8x_training,3315.366177,86,243.178,13370.3125,62,1170,10001,"[0, 100000]","[0, 100000]",0,0,4443,104345
yolov8x_training,3316.440360,82,241.476,13370.3125,69,2400,10001,"[0, 100000]","[0, 100000]",0,0,2880,10156
yolov8x_training,3317.484069,85,249.914,13370.3125,83,2580,10001,"[0, 100000]","[0, 100000]",0,0,88916,16357
yolov8x_training,3318.527203,86,255.363,13370.3125,12,1275,10001,"[0, 100000]","[0, 100000]",0,0,4931,25439
yolov8x_training,3319.570220,87,234.937,13370.3125,86,1335,10001,"[0, 100000]","[0, 100000]",0,0,341,292
yolov8x_training,3320.614796,84,238.167,13370.3125,100,2355,10001,"[0, 100000]","[0, 100000]",0,0,15185,28466
yolov8x_training,3321.658167,82,256.139,13370.3125,49,1395,10001,"[0, 100000]","[0, 100000]",0,0,2490,125781
yolov8x_training,3322.702371,86,248.483,13370.3125,41,1200,10001,"[0, 100000]","[0, 100000]",0,0,4101,35644
yolov8x_training,3323.758299,88,237.187,13370.3125,93,1815,10001,"[0, 100000]","[0, 100000]",0,0,3320,12402
yolov8x_training,3324.801350,83,245.660,13370.3125,100,1290,10001,"[0, 100000]","[0, 100000]",0,0,89013,17773
yolov8x_training,3325.844370,85,259.326,13370.3125,23,2505,10001,"[0, 100000]","[0, 100000]",0,0,3564,31445
yolov8x_training,3326.887421,87,253.351,13370.3125,76,1305,10001,"[0, 100000]","[0, 100000]",0,0,341,292
yolov8x_training,3327.941343,86,251.718,13370.3125,96,1170,10001,"[0, 100000]","[0, 100000]",0,0,15283,27929
yolov8x_training,3328.984209,82,242.063,13370.3125,69,2340,10001,"[0, 100000]","[0, 100000]",0,0,19482,292
yolov8x_training,3330.055860,82,250.093,13370.3125,33,960,10001,"[0, 100000]","[0, 100000]",0,0,15527,33935
yolov8x_training,3331.099204,87,261.397,13370.3125,93,1275,10001,"[0, 100000]","[0, 100000]",0,0,1611,292
yolov8x_training,3332.142104,87,237.694,13370.3125,100,1245,10001,"[0, 100000]","[0, 100000]",0,0,6054,105078
yolov8x_training,3333.208522,84,255.905,13370.3125,14,2535,10001,"[0, 100000]","[0, 100000]",0,0,3076,5273
yolov8x_training,3334.252133,82,257.457,13370.3125,83,1410,10001,"[0, 100000]","[0, 100000]",0,0,25488,38671
yolov8x_training,3335.316959,87,247.420,13370.3125,96,1545,10001,"[0, 100000]","[0, 100000]",0,0,3271,11767
yolov8x_training,3336.360698,86,253.372,13370.3125,61,1215,10001,"[0, 100000]","[0, 100000]",0,0,88867,19482
yolov8x_training,3337.403760,82,241.848,13370.3125,46,2445,10001,"[0, 100000]","[0, 100000]",0,0,5419,17382
yolov8x_training,3338.446767,87,246.694,13370.3125,94,1350,10001,"[0, 100000]","[0, 100000]",0,0,341,292
yolov8x_training,3339.489417,87,258.418,13370.3125,10,1320,10001,"[0, 100000]","[0, 100000]",0,0,11181,35449
yolov8x_training,3340.532259,83,243.905,13370.3125,86,1350,10001,"[0, 100000]","[0, 100000]",0,0,1171,341
yolov8x_training,3341.602436,86,239.736,13370.3125,99,2595,10001,"[0, 100000]","[0, 100000]",0,0,15429,34033
yolov8x_training,3342.645957,82,253.915,13370.3125,64,1785,10001,"[0, 100000]","[0, 100000]",0,0,2880,5029
yolov8x_training,3343.689255,85,247.419,13370.3125,42,1185,10001,"[0, 100000]","[0, 100000]",0,0,88769,15771
yolov8x_training,3344.732751,88,235.677,13370.3125,93,2055,10001,"[0, 100000]","[0, 100000]",0,0,3906,14746
yolov8x_training,3345.775885,84,242.497,13370.3125,100,1365,10001,"[0, 100000]","[0, 100000]",0,0,341,292
yolov8x_training,3346.818475,83,258.069,13370.3125,42,2340,10001,"[0, 100000]","[0, 100000]",0,0,7519,29980
yolov8x_training,3347.861973,87,249.455,13370.3125,51,1305,10001,"[0, 100000]","[0, 100000]",0,0,2001,292
yolov8x_training,3348.904962,87,253.147,13370.3125,93,1260,10001,"[0, 100000]","[0, 100000]",0,0,90625,35449
yolov8x_training,3349.971204,83,240.964,13370.3125,100,1860,10001,"[0, 100000]","[0, 100000]",0,0,3564,10400
yolov8x_training,3351.014626,87,252.041,13370.3125,10,2580,10001,"[0, 100000]","[0, 100000]",0,0,341,1040087
yolov8x_training,3352.057528,87,257.954,13370.3125,73,1440,10001,"[0, 100000]","[0, 100000]",0,0,3808,29931
yolov8x_training,3353.100647,86,248.835,13370.3125,94,1200,10001,"[0, 100000]","[0, 100000]",0,0,292,292
yolov8x_training,3354.143893,82,244.776,13370.3125,63,2520,10001,"[0, 100000]","[0, 100000]",0,0,15576,34375
yolov8x_training,3355.187357,87,248.439,13370.3125,36,1365,10001,"[0, 100000]","[0, 100000]",0,0,2636,1074
yolov8x_training,3356.230802,88,257.677,13370.3125,94,1215,10001,"[0, 100000]","[0, 100000]",0,0,6542,104248
yolov8x_training,3357.298183,84,241.479,13370.3125,100,1455,10001,"[0, 100000]","[0, 100000]",0,0,2685,6250
yolov8x_training,3358.341444,84,253.318,13370.3125,23,1215,10001,"[0, 100000]","[0, 100000]",0,0,341,894921
yolov8x_training,3359.384658,87,242.072,13370.3125,51,2595,10001,"[0, 100000]","[0, 100000]",0,0,5322,16845
yolov8x_training,3360.427919,87,248.143,13370.3125,94,1875,10001,"[0, 100000]","[0, 100000]",0,0,341,292
yolov8x_training,3361.470529,83,258.794,13370.3125,14,1245,10001,"[0, 100000]","[0, 100000]",0,0,7031,30029
yolov8x_training,3362.513426,86,241.836,13370.3125,95,1830,10001,"[0, 100000]","[0, 100000]",0,0,1074,292
yolov8x_training,3363.580633,86,242.911,13370.3125,100,1185,10001,"[0, 100000]","[0, 100000]",0,0,15771,34619
yolov8x_training,3364.624061,87,259.322,13370.3125,23,1320,10001,"[0, 100000]","[0, 100000]",0,0,1123,292
yolov8x_training,3365.682522,83,243.261,13370.3125,95,1560,10001,"[0, 100000]","[0, 100000]",0,0,14990,29638
yolov8x_training,3366.725527,86,238.744,13370.3125,100,2505,10001,"[0, 100000]","[0, 100000]",0,0,15771,25146
yolov8x_training,3367.768730,87,258.801,13370.3125,38,2445,10001,"[0, 100000]","[0, 100000]",0,0,6445,104345
yolov8x_training,3368.823945,86,246.876,13370.3125,58,2520,10001,"[0, 100000]","[0, 100000]",0,0,2880,5273
yolov8x_training,3369.867069,82,251.697,13370.3125,94,1260,10001,"[0, 100000]","[0, 100000]",0,0,2978,38916
yolov8x_training,3370.932070,87,240.545,13370.3125,88,2340,10001,"[0, 100000]","[0, 100000]",0,0,3710,11083
yolov8x_training,3371.975252,87,244.113,13370.3125,31,1800,10001,"[0, 100000]","[0, 100000]",0,0,341,1041015
yolov8x_training,3373.018311,82,264.716,13370.3125,94,1305,10001,"[0, 100000]","[0, 100000]",0,0,4785,17480
yolov8x_training,3374.061767,83,237.685,13370.3125,100,1965,10001,"[0, 100000]","[0, 100000]",0,0,341,292
yolov8x_training,3375.104359,83,253.019,13370.3125,27,2580,10001,"[0, 100000]","[0, 100000]",0,0,6835,25927
yolov8x_training,3376.147301,87,254.257,13370.3125,66,1845,10001,"[0, 100000]","[0, 100000]",0,0,1074,292
yolov8x_training,3377.212686,86,247.877,13370.3125,95,1245,10001,"[0, 100000]","[0, 100000]",0,0,15185,35253
yolov8x_training,3378.255883,82,240.093,13370.3125,57,2340,10001,"[0, 100000]","[0, 100000]",0,0,2050,292
yolov8x_training,3379.298683,86,249.727,13370.3125,44,2580,10001,"[0, 100000]","[0, 100000]",0,0,6494,104541
yolov8x_training,3380.364498,87,242.956,13370.3125,93,1147,10001,"[0, 100000]","[0, 100000]",0,0,2832,10205
yolov8x_training,3381.407625,83,261.061,13370.3125,100,1185,10001,"[0, 100000]","[0, 100000]",0,0,88720,16162
yolov8x_training,3382.450545,84,234.098,13370.3125,29,1740,10001,"[0, 100000]","[0, 100000]",0,0,5126,18945
yolov8x_training,3383.493555,87,244.573,13370.3125,96,2655,10001,"[0, 100000]","[0, 100000]",0,0,341,292
yolov8x_training,3384.536114,86,251.160,13370.3125,71,2580,10001,"[0, 100000]","[0, 100000]",0,0,6152,21093
yolov8x_training,3385.579369,87,254.865,13370.3125,29,1170,10001,"[0, 100000]","[0, 100000]",0,0,1074,292
yolov8x_training,3386.652133,82,238.266,13370.3125,94,2565,10001,"[0, 100000]","[0, 100000]",0,0,15576,35009
yolov8x_training,3387.695455,87,247.912,13370.3125,100,1605,10001,"[0, 100000]","[0, 100000]",0,0,2539,2343
yolov8x_training,3388.739377,86,256.807,13370.3125,23,1695,10001,"[0, 100000]","[0, 100000]",0,0,3076,38769
yolov8x_training,3389.801543,86,242.934,13370.3125,65,1470,10001,"[0, 100000]","[0, 100000]",0,0,3027,10595
yolov8x_training,3390.844707,82,243.681,13370.3125,94,1260,10001,"[0, 100000]","[0, 100000]",0,0,90087,24707
yolov8x_training,3391.917737,87,236.246,13370.3125,79,2565,10001,"[0, 100000]","[0, 100000]",0,0,3759,15722
yolov8x_training,3392.960961,87,252.694,13370.3125,12,1470,10001,"[0, 100000]","[0, 100000]",0,0,341,1031152
yolov8x_training,3394.003492,83,258.553,13370.3125,95,1215,10001,"[0, 100000]","[0, 100000]",0,0,5126,21142
yolov8x_training,3395.046410,84,243.202,13370.3125,100,1380,10001,"[0, 100000]","[0, 100000]",0,0,634,292
yolov8x_training,3396.116378,82,240.421,13370.3125,53,2115,10001,"[0, 100000]","[0, 100000]",0,0,15087,29589
yolov8x_training,3397.159351,86,252.718,13370.3125,44,2220,10001,"[0, 100000]","[0, 100000]",0,0,11181,55224
yolov8x_training,3398.202406,87,254.500,13370.3125,95,1200,10001,"[0, 100000]","[0, 100000]",0,0,6933,104736
yolov8x_training,3399.263917,83,241.745,13370.3125,99,2415,10001,"[0, 100000]","[0, 100000]",0,0,2832,8349
yolov8x_training,3400.307450,85,251.573,13370.3125,8,2055,10001,"[0, 100000]","[0, 100000]",0,0,87744,38720
yolov8x_training,3401.373057,87,237.469,13370.3125,86,2595,10001,"[0, 100000]","[0, 100000]",0,0,4394,17138
yolov8x_training,3402.416193,86,255.070,13370.3125,94,1425,10001,"[0, 100000]","[0, 100000]",0,0,292,1028808
yolov8x_training,3403.458728,82,251.626,13370.3125,66,1230,10001,"[0, 100000]","[0, 100000]",0,0,3613,30126
yolov8x_training,3404.501775,87,246.264,13370.3125,95,2580,10001,"[0, 100000]","[0, 100000]",0,0,341,341
yolov8x_training,3405.544412,87,248.086,13370.3125,84,2505,10001,"[0, 100000]","[0, 100000]",0,0,5615,21337
yolov8x_training,3406.587537,87,261.613,13370.3125,15,1185,10001,"[0, 100000]","[0, 100000]",0,0,878,292
yolov8x_training,3407.658667,83,240.781,13370.3125,93,2370,10001,"[0, 100000]","[0, 100000]",0,0,15185,34423
yolov8x_training,3408.701898,84,237.217,13370.3125,100,2445,10001,"[0, 100000]","[0, 100000]",0,0,2783,4052
yolov8x_training,3409.745620,87,255.165,13370.3125,54,1170,10001,"[0, 100000]","[0, 100000]",0,0,3076,39599
yolov8x_training,3410.809029,86,247.573,13370.3125,49,817,10001,"[0, 100000]","[0, 100000]",0,0,3564,10351
yolov8x_training,3411.852226,82,238.748,13370.3125,95,1260,10001,"[0, 100000]","[0, 100000]",0,0,390,1041796
yolov8x_training,3412.895363,87,242.810,13370.3125,88,2550,10001,"[0, 100000]","[0, 100000]",0,0,3906,18212
yolov8x_training,3413.938214,88,245.554,13370.3125,20,652,10001,"[0, 100000]","[0, 100000]",0,0,341,1031054
yolov8x_training,3414.980873,83,256.737,13370.3125,91,1170,10001,"[0, 100000]","[0, 100000]",0,0,5615,20556
yolov8x_training,3416.024121,85,244.014,13370.3125,100,2220,10001,"[0, 100000]","[0, 100000]",0,0,439,292
yolov8x_training,3417.086386,83,251.923,13370.3125,18,1860,10001,"[0, 100000]","[0, 100000]",0,0,15185,33496
yolov8x_training,3418.129340,87,255.043,13370.3125,73,1170,10001,"[0, 100000]","[0, 100000]",0,0,1269,292
yolov8x_training,3419.172157,86,246.236,13370.3125,94,1815,10001,"[0, 100000]","[0, 100000]",0,0,6787,103320
yolov8x_training,3420.236660,82,242.354,13370.3125,73,2640,10001,"[0, 100000]","[0, 100000]",0,0,2685,98437
yolov8x_training,3421.280617,87,246.608,13370.3125,24,2595,10001,"[0, 100000]","[0, 100000]",0,0,3955,36865
yolov8x_training,3422.336389,87,256.606,13370.3125,94,1365,10001,"[0, 100000]","[0, 100000]",0,0,5468,16357
yolov8x_training,3423.379399,86,254.907,13370.3125,100,1200,10001,"[0, 100000]","[0, 100000]",0,0,341,292
yolov8x_training,3424.421989,82,249.633,13370.3125,63,1260,10001,"[0, 100000]","[0, 100000]",0,0,11425,31054
yolov8x_training,3425.465053,85,240.230,13370.3125,37,2370,10001,"[0, 100000]","[0, 100000]",0,0,1562,292
yolov8x_training,3426.507818,87,245.116,13370.3125,97,2115,10001,"[0, 100000]","[0, 100000]",0,0,6347,102197
yolov8x_training,3427.564551,83,258.103,13370.3125,23,1245,10001,"[0, 100000]","[0, 100000]",0,0,2441,125585
yolov8x_training,3428.607673,83,246.031,13370.3125,93,2205,10001,"[0, 100000]","[0, 100000]",0,0,6835,103466
yolov8x_training,3429.670596,86,241.059,13370.3125,100,1320,10001,"[0, 100000]","[0, 100000]",0,0,2783,9570
yolov8x_training,3430.713795,87,260.218,13370.3125,32,1290,10001,"[0, 100000]","[0, 100000]",0,0,3759,36865
yolov8x_training,3431.773473,86,238.822,13370.3125,71,1260,10001,"[0, 100000]","[0, 100000]",0,0,3076,12207
yolov8x_training,3432.816852,82,244.494,13370.3125,100,1830,10001,"[0, 100000]","[0, 100000]",0,0,90039,26025
yolov8x_training,3433.887861,87,242.617,13370.3125,44,2640,10001,"[0, 100000]","[0, 100000]",0,0,2880,11962
yolov8x_training,3434.930913,86,255.961,13370.3125,70,1260,10001,"[0, 100000]","[0, 100000]",0,0,90087,23925
yolov8x_training,3436.003703,82,248.061,13370.3125,94,1395,10001,"[0, 100000]","[0, 100000]",0,0,2880,36718
yolov8x_training,3437.047411,87,244.140,13370.3125,63,1327,10001,"[0, 100000]","[0, 100000]",0,0,4248,104882
yolov8x_training,3438.121695,85,251.394,13370.3125,43,1035,10001,"[0, 100000]","[0, 100000]",0,0,2880,10693
yolov8x_training,3439.164722,87,257.604,13370.3125,95,1170,10001,"[0, 100000]","[0, 100000]",0,0,341,1034130
yolov8x_training,3440.207752,86,242.905,13370.3125,100,2265,10001,"[0, 100000]","[0, 100000]",0,0,5517,18652
yolov8x_training,3441.251255,82,237.916,13370.3125,55,2610,10001,"[0, 100000]","[0, 100000]",0,0,878,292
yolov8x_training,3442.323764,85,253.768,13370.3125,46,2595,10001,"[0, 100000]","[0, 100000]",0,0,15087,32324
yolov8x_training,3443.366925,87,257.805,13370.3125,94,1470,10001,"[0, 100000]","[0, 100000]",0,0,15771,24658
yolov8x_training,3444.409831,83,257.093,13370.3125,99,1200,10001,"[0, 100000]","[0, 100000]",0,0,6250,104150
yolov8x_training,3445.470198,84,235.749,13370.3125,15,1935,10001,"[0, 100000]","[0, 100000]",0,0,2880,10644
yolov8x_training,3446.513456,87,240.539,13370.3125,89,1980,10001,"[0, 100000]","[0, 100000]",0,0,89843,24658
yolov8x_training,3447.560243,86,247.207,13370.3125,80,2025,10001,"[0, 100000]","[0, 100000]",0,0,5615,17480
yolov8x_training,3448.603675,86,258.226,13370.3125,66,1875,10001,"[0, 100000]","[0, 100000]",0,0,89697,23193
yolov8x_training,3449.677811,84,241.886,13370.3125,100,1500,10001,"[0, 100000]","[0, 100000]",0,0,2734,9570
yolov8x_training,3450.747254,88,258.094,13370.3125,22,1170,10001,"[0, 100000]","[0, 100000]",0,0,15332,30810
yolov8x_training,3451.790692,82,248.528,13370.3125,95,1290,10001,"[0, 100000]","[0, 100000]",0,0,292,292
yolov8x_training,3452.833259,86,251.398,13370.3125,68,2340,10001,"[0, 100000]","[0, 100000]",0,0,4687,22509
yolov8x_training,3453.876413,86,258.386,13370.3125,68,1215,10001,"[0, 100000]","[0, 100000]",0,0,89794,25244
yolov8x_training,3454.949225,86,245.658,13370.3125,100,2355,10001,"[0, 100000]","[0, 100000]",0,0,3027,12646
yolov8x_training,3455.992240,87,255.908,13370.3125,27,1425,10001,"[0, 100000]","[0, 100000]",0,0,5029,104589
yolov8x_training,3457.061224,83,265.112,13370.3125,93,1275,10001,"[0, 100000]","[0, 100000]",0,0,1171,341
yolov8x_training,3458.115744,82,244.749,13370.3125,84,2655,10001,"[0, 100000]","[0, 100000]",0,0,15576,33544
yolov8x_training,3459.158952,88,249.394,13370.3125,43,1260,10001,"[0, 100000]","[0, 100000]",0,0,341,292
yolov8x_training,3460.201564,85,253.640,13370.3125,94,2385,10001,"[0, 100000]","[0, 100000]",0,0,3173,28076
yolov8x_training,3461.244945,87,245.266,13370.3125,36,1800,10001,"[0, 100000]","[0, 100000]",0,0,88818,17041
yolov8x_training,3462.288118,86,262.918,13370.3125,95,1200,10001,"[0, 100000]","[0, 100000]",0,0,2978,11132
yolov8x_training,3463.331229,82,249.163,13370.3125,73,2385,10001,"[0, 100000]","[0, 100000]",0,0,7031,104833
yolov8x_training,3464.392122,87,246.474,13370.3125,69,1800,10001,"[0, 100000]","[0, 100000]",0,0,341,292
yolov8x_training,3465.434788,84,261.449,13370.3125,100,1230,10001,"[0, 100000]","[0, 100000]",0,0,5712,21093
yolov8x_training,3466.477659,85,255.141,13370.3125,95,1725,10001,"[0, 100000]","[0, 100000]",0,0,341,292
yolov8x_training,3467.520298,86,249.441,13370.3125,51,1185,10001,"[0, 100000]","[0, 100000]",0,0,4687,22167
yolov8x_training,3468.563199,85,252.095,13370.3125,65,2415,10001,"[0, 100000]","[0, 100000]",0,0,341,1035449
yolov8x_training,3469.605378,87,262.516,13924.3125,100,892,10001,"[0, 100000]","[0, 100000]",0,0,5530957,439
yolov8x_training,3470.648363,81,155.983,16770.3125,0,2505,10001,"[0, 100000]","[0, 100000]",0,0,2392,19580
yolov8x_training,3471.702294,82,158.899,16770.3125,52,2655,10001,"[0, 100000]","[0, 100000]",0,0,341,292
yolov8x_training,3472.798540,80,129.871,16770.3125,0,2655,10001,"[0, 100000]","[0, 100000]",0,0,292,244
yolov8x_training,3473.841429,79,116.671,16770.3125,0,2505,10001,"[0, 100000]","[0, 100000]",0,0,341,292
yolov8x_training,3474.904102,79,90.913,16772.3125,0,2505,10001,"[0, 100000]","[0, 100000]",0,0,7177,341
yolov8x_training,3476.136544,78,92.381,16774.3125,7,2505,10001,"[0, 100000]","[0, 100000]",0,0,292,341
yolov8x_training,3477.179636,77,88.735,16774.3125,0,2505,10001,"[0, 100000]","[0, 100000]",0,0,292,292
yolov8x_training,3478.222377,77,88.477,16774.3125,0,2505,10001,"[0, 100000]","[0, 100000]",0,0,292,292
yolov8x_training,3479.265047,77,87.300,16774.3125,0,2505,10001,"[0, 100000]","[0, 100000]",0,0,292,292
yolov8x_training,3480.307745,76,86.793,16774.3125,0,2505,10001,"[0, 100000]","[0, 100000]",0,0,341,292
yolov8x_training,3481.351343,76,86.086,16774.3125,0,2505,10001,"[0, 100000]","[0, 100000]",0,0,341,292
yolov8x_training,3482.414833,75,93.078,16790.3125,0,2505,10001,"[0, 100000]","[0, 100000]",0,0,25244,137451
yolov8x_training,3483.457707,76,151.428,16790.3125,58,2505,10001,"[0, 100000]","[0, 100000]",0,0,11132,17724
yolov8x_training,3484.500649,76,154.512,16790.3125,0,2655,10001,"[0, 100000]","[0, 100000]",0,0,292,244
yolov8x_training,3485.543589,76,112.566,16790.3125,0,2655,10001,"[0, 100000]","[0, 100000]",0,0,292,292
yolov8x_training,3486.611043,75,88.312,16790.3125,0,2505,10001,"[0, 100000]","[0, 100000]",0,0,292,292
yolov8x_training,3487.677117,74,84.979,7716.3125,0,2505,10001,"[0, 100000]","[0, 100000]",0,0,830,4003
