Kernel,Time (s),Temperature (C),Power (W),Memory Usage (MB),GPU Utilization (%),Graphics Clock (MHz),Memory Clock (MHz),Decoder Utilization (%),Encoder Utilization (%),Decoder Memory Usage (MB),Encoder Memory Usage (MB),PCIe Tx Throughput (KB/s),PCIe Rx Throughput (KB/s)
yolov8x_training,0.000749,41,26.667,622.1250,0,210,405,"[0, 100000]","[0, 100000]",0,0,292,244
yolov8x_training,1.047109,41,26.734,622.1250,0,210,405,"[0, 100000]","[0, 100000]",0,0,292,244
yolov8x_training,2.092884,41,26.742,622.1250,0,210,405,"[0, 100000]","[0, 100000]",0,0,341,292
yolov8x_training,3.139635,41,26.768,625.0000,0,210,405,"[0, 100000]","[0, 100000]",0,0,341,292
yolov8x_training,4.182458,42,29.545,1436.3125,13,2505,10001,"[0, 100000]","[0, 100000]",0,0,8984,3320
yolov8x_training,5.225130,42,66.786,1532.3125,0,2505,10001,"[0, 100000]","[0, 100000]",0,0,341,3125
yolov8x_training,6.275901,42,65.367,1780.3125,3,2505,10001,"[0, 100000]","[0, 100000]",0,0,341,292
yolov8x_training,7.332527,43,94.407,12912.3125,22,330,10001,"[0, 100000]","[0, 100000]",0,0,927,4052
yolov8x_training,8.375569,44,112.421,12914.3125,97,270,10001,"[0, 100000]","[0, 100000]",0,0,341,689013
yolov8x_training,9.495966,44,108.807,12914.3125,100,1890,10001,"[0, 100000]","[0, 100000]",0,0,9960,36132
yolov8x_training,10.538906,45,116.961,12914.3125,100,240,10001,"[0, 100000]","[0, 100000]",0,0,1074,11523
yolov8x_training,11.581821,45,114.701,12976.3125,96,255,10001,"[0, 100000]","[0, 100000]",0,0,976,4492
yolov8x_training,12.624841,46,117.194,12976.3125,22,330,10001,"[0, 100000]","[0, 100000]",0,0,488,2734
yolov8x_training,13.667799,45,117.675,12976.3125,83,210,10001,"[0, 100000]","[0, 100000]",0,0,90332,12451
yolov8x_training,14.728657,45,118.128,12976.3125,97,270,10001,"[0, 100000]","[0, 100000]",0,0,11181,28222
yolov8x_training,15.771375,47,117.908,12976.3125,100,255,10001,"[0, 100000]","[0, 100000]",0,0,1318,6494
yolov8x_training,16.814241,46,114.543,12976.3125,100,270,10001,"[0, 100000]","[0, 100000]",0,0,1123,4687
yolov8x_training,17.857400,47,116.900,12976.3125,100,240,10001,"[0, 100000]","[0, 100000]",0,0,488,2783
yolov8x_training,18.900667,47,115.319,12976.3125,100,255,10001,"[0, 100000]","[0, 100000]",0,0,292,292
yolov8x_training,19.984215,47,114.386,12976.3125,100,210,10001,"[0, 100000]","[0, 100000]",0,0,10253,36474
yolov8x_training,21.027049,48,118.711,12976.3125,97,225,10001,"[0, 100000]","[0, 100000]",0,0,2148,5224
yolov8x_training,22.070086,47,119.567,12976.3125,100,675,10001,"[0, 100000]","[0, 100000]",0,0,1074,3466
yolov8x_training,23.112861,47,120.485,13064.3125,100,270,10001,"[0, 100000]","[0, 100000]",0,0,390,1037402
yolov8x_training,24.155873,48,124.813,13066.3125,85,210,10001,"[0, 100000]","[0, 100000]",0,0,1416,5664
yolov8x_training,25.198337,48,108.914,13066.3125,87,2505,10001,"[0, 100000]","[0, 100000]",0,0,1171,11572
yolov8x_training,26.241457,48,114.509,13066.3125,100,300,10001,"[0, 100000]","[0, 100000]",0,0,1074,4931
yolov8x_training,27.284454,48,117.196,13066.3125,100,300,10001,"[0, 100000]","[0, 100000]",0,0,927,2929
yolov8x_training,28.327313,49,119.900,13066.3125,100,210,10001,"[0, 100000]","[0, 100000]",0,0,341,292
yolov8x_training,29.406544,49,120.024,13066.3125,100,1132,10001,"[0, 100000]","[0, 100000]",0,0,9619,38085
yolov8x_training,30.449383,49,122.209,13066.3125,100,270,10001,"[0, 100000]","[0, 100000]",0,0,1074,4736
yolov8x_training,31.492009,49,119.041,13066.3125,38,375,10001,"[0, 100000]","[0, 100000]",0,0,1269,5126
yolov8x_training,32.534754,49,119.665,13066.3125,95,210,10001,"[0, 100000]","[0, 100000]",0,0,878,292
yolov8x_training,33.709739,49,119.428,13066.3125,97,255,10001,"[0, 100000]","[0, 100000]",0,0,10205,32763
yolov8x_training,34.752531,50,117.821,13066.3125,100,210,10001,"[0, 100000]","[0, 100000]",0,0,1318,12646
yolov8x_training,35.795114,49,119.675,13066.3125,100,270,10001,"[0, 100000]","[0, 100000]",0,0,1123,2636
yolov8x_training,36.837950,50,119.553,13066.3125,100,210,10001,"[0, 100000]","[0, 100000]",0,0,5078,292
yolov8x_training,37.965554,51,118.910,13066.3125,100,765,10001,"[0, 100000]","[0, 100000]",0,0,9863,39501
yolov8x_training,39.008302,50,118.899,13066.3125,97,210,10001,"[0, 100000]","[0, 100000]",0,0,1318,4687
yolov8x_training,40.051670,51,119.553,13066.3125,100,450,10001,"[0, 100000]","[0, 100000]",0,0,1416,2587
yolov8x_training,41.094461,51,119.496,13066.3125,100,210,10001,"[0, 100000]","[0, 100000]",0,0,634,341
yolov8x_training,42.181371,50,127.199,13066.3125,65,225,10001,"[0, 100000]","[0, 100000]",0,0,10058,37060
yolov8x_training,43.224257,51,114.460,13066.3125,75,240,10001,"[0, 100000]","[0, 100000]",0,0,2099,7714
yolov8x_training,44.266904,52,120.269,13066.3125,100,210,10001,"[0, 100000]","[0, 100000]",0,0,1123,2441
yolov8x_training,45.309791,52,124.753,13066.3125,100,210,10001,"[0, 100000]","[0, 100000]",0,0,9277,292
yolov8x_training,46.449321,52,119.703,13066.3125,100,1785,10001,"[0, 100000]","[0, 100000]",0,0,10498,31494
yolov8x_training,47.491962,52,120.387,13066.3125,100,255,10001,"[0, 100000]","[0, 100000]",0,0,1171,5078
yolov8x_training,48.534721,53,118.883,13066.3125,89,345,10001,"[0, 100000]","[0, 100000]",0,0,1220,4541
yolov8x_training,49.577153,52,119.788,13066.3125,31,210,10001,"[0, 100000]","[0, 100000]",0,0,488,3125
yolov8x_training,50.619292,52,119.574,13066.3125,100,300,10001,"[0, 100000]","[0, 100000]",0,0,2148,5712
yolov8x_training,51.816855,51,119.522,13066.3125,97,480,10001,"[0, 100000]","[0, 100000]",0,0,1074,5078
yolov8x_training,52.859679,53,120.380,13150.3125,100,210,10001,"[0, 100000]","[0, 100000]",0,0,1220,5224
yolov8x_training,53.901864,53,118.393,13150.3125,100,300,10001,"[0, 100000]","[0, 100000]",0,0,1025,1416
yolov8x_training,55.102970,54,120.053,13150.3125,36,210,10001,"[0, 100000]","[0, 100000]",0,0,9765,37060
yolov8x_training,56.145757,54,116.144,13150.3125,82,210,10001,"[0, 100000]","[0, 100000]",0,0,976,3955
yolov8x_training,57.188451,55,119.924,13150.3125,100,210,10001,"[0, 100000]","[0, 100000]",0,0,1220,4345
yolov8x_training,58.230621,54,117.619,13368.3125,100,210,10001,"[0, 100000]","[0, 100000]",0,0,1171,2050
yolov8x_training,59.272735,54,119.754,13368.3125,100,210,10001,"[0, 100000]","[0, 100000]",0,0,89941,11865
yolov8x_training,60.350715,54,120.529,13368.3125,100,225,10001,"[0, 100000]","[0, 100000]",0,0,9716,37548
yolov8x_training,61.393238,53,117.616,13368.3125,100,240,10001,"[0, 100000]","[0, 100000]",0,0,976,3808
yolov8x_training,62.436086,54,119.968,13368.3125,53,270,10001,"[0, 100000]","[0, 100000]",0,0,1318,5029
yolov8x_training,63.478243,54,119.163,13368.3125,80,210,10001,"[0, 100000]","[0, 100000]",0,0,1074,3906
yolov8x_training,64.520357,55,119.102,13368.3125,100,285,10001,"[0, 100000]","[0, 100000]",0,0,390,292
yolov8x_training,65.617520,55,120.350,13368.3125,98,210,10001,"[0, 100000]","[0, 100000]",0,0,8056,47314
yolov8x_training,66.660358,55,117.715,13368.3125,100,255,10001,"[0, 100000]","[0, 100000]",0,0,1171,3613
yolov8x_training,67.703178,55,120.522,13368.3125,100,2505,10001,"[0, 100000]","[0, 100000]",0,0,1220,4589
yolov8x_training,68.746008,55,123.665,13368.3125,100,240,10001,"[0, 100000]","[0, 100000]",0,0,1123,3759
yolov8x_training,69.788914,56,117.896,13368.3125,99,210,10001,"[0, 100000]","[0, 100000]",0,0,341,292
yolov8x_training,70.951713,55,118.427,13368.3125,100,2265,10001,"[0, 100000]","[0, 100000]",0,0,10058,37890
yolov8x_training,71.994951,55,122.346,13368.3125,97,240,10001,"[0, 100000]","[0, 100000]",0,0,878,3955
yolov8x_training,73.037726,56,116.910,13368.3125,100,255,10001,"[0, 100000]","[0, 100000]",0,0,1123,5371
yolov8x_training,74.080585,56,119.782,13368.3125,100,300,10001,"[0, 100000]","[0, 100000]",0,0,1074,3613
yolov8x_training,75.123526,56,119.517,13368.3125,100,240,10001,"[0, 100000]","[0, 100000]",0,0,341,292
yolov8x_training,76.290499,55,119.446,13368.3125,100,255,10001,"[0, 100000]","[0, 100000]",0,0,9667,38085
yolov8x_training,77.333536,58,118.942,13368.3125,99,270,10001,"[0, 100000]","[0, 100000]",0,0,1123,4003
yolov8x_training,78.376383,58,129.606,13368.3125,18,255,10001,"[0, 100000]","[0, 100000]",0,0,976,4052
yolov8x_training,79.419215,57,119.622,13368.3125,97,255,10001,"[0, 100000]","[0, 100000]",0,0,341,292
yolov8x_training,80.578176,57,120.452,13368.3125,100,210,10001,"[0, 100000]","[0, 100000]",0,0,7421,49658
yolov8x_training,81.621042,56,115.473,13368.3125,100,225,10001,"[0, 100000]","[0, 100000]",0,0,1074,4492
yolov8x_training,82.663798,57,120.704,13368.3125,100,210,10001,"[0, 100000]","[0, 100000]",0,0,1416,4492
yolov8x_training,83.706586,57,121.781,13368.3125,100,270,10001,"[0, 100000]","[0, 100000]",0,0,830,3173
yolov8x_training,84.749516,58,120.328,13368.3125,94,210,10001,"[0, 100000]","[0, 100000]",0,0,878,341
yolov8x_training,85.792215,57,120.164,13368.3125,18,1140,10001,"[0, 100000]","[0, 100000]",0,0,1318,66455
yolov8x_training,86.988333,57,121.363,13368.3125,100,1545,10001,"[0, 100000]","[0, 100000]",0,0,1220,4003
yolov8x_training,88.031139,58,124.977,13368.3125,100,225,10001,"[0, 100000]","[0, 100000]",0,0,1171,6298
yolov8x_training,89.073889,58,116.990,13368.3125,100,375,10001,"[0, 100000]","[0, 100000]",0,0,1074,3125
yolov8x_training,90.116679,58,120.389,13368.3125,100,285,10001,"[0, 100000]","[0, 100000]",0,0,927,26171
yolov8x_training,91.160133,58,119.603,13368.3125,100,255,10001,"[0, 100000]","[0, 100000]",0,0,3076,39208
yolov8x_training,92.220129,58,129.218,13368.3125,16,210,10001,"[0, 100000]","[0, 100000]",0,0,1025,4492
yolov8x_training,93.262904,58,115.811,13368.3125,100,255,10001,"[0, 100000]","[0, 100000]",0,0,1220,6738
yolov8x_training,94.305719,59,119.992,13368.3125,100,270,10001,"[0, 100000]","[0, 100000]",0,0,1318,2294
yolov8x_training,95.348683,59,119.055,13368.3125,95,240,10001,"[0, 100000]","[0, 100000]",0,0,634,1367
yolov8x_training,96.391649,59,117.969,13368.3125,95,225,10001,"[0, 100000]","[0, 100000]",0,0,341,292
yolov8x_training,97.434470,59,117.842,13368.3125,100,210,10001,"[0, 100000]","[0, 100000]",0,0,2636,7812
yolov8x_training,98.511276,59,118.253,13368.3125,100,255,10001,"[0, 100000]","[0, 100000]",0,0,9521,38867
yolov8x_training,99.554148,60,119.770,13368.3125,100,1252,10001,"[0, 100000]","[0, 100000]",0,0,1171,3759
yolov8x_training,100.596948,59,122.390,13368.3125,100,240,10001,"[0, 100000]","[0, 100000]",0,0,1220,6884
yolov8x_training,101.639742,60,118.811,13368.3125,100,225,10001,"[0, 100000]","[0, 100000]",0,0,1123,3125
yolov8x_training,102.682656,60,118.797,13368.3125,54,225,10001,"[0, 100000]","[0, 100000]",0,0,585,2490
yolov8x_training,103.724631,59,120.671,13368.3125,64,225,10001,"[0, 100000]","[0, 100000]",0,0,341,292
yolov8x_training,104.767454,59,118.347,13368.3125,56,2505,10001,"[0, 100000]","[0, 100000]",0,0,1171,64306
yolov8x_training,105.968252,60,123.689,13368.3125,96,210,10001,"[0, 100000]","[0, 100000]",0,0,1123,4003
yolov8x_training,107.011091,59,117.589,13368.3125,97,225,10001,"[0, 100000]","[0, 100000]",0,0,1220,6298
yolov8x_training,108.053802,60,120.825,13368.3125,100,300,10001,"[0, 100000]","[0, 100000]",0,0,1171,2343
yolov8x_training,109.096703,60,119.454,13368.3125,100,270,10001,"[0, 100000]","[0, 100000]",0,0,1074,878
yolov8x_training,110.139554,60,120.698,13368.3125,100,255,10001,"[0, 100000]","[0, 100000]",0,0,292,1040869
yolov8x_training,111.297786,59,119.294,13368.3125,100,210,10001,"[0, 100000]","[0, 100000]",0,0,9814,38769
yolov8x_training,112.340755,59,118.913,13368.3125,100,210,10001,"[0, 100000]","[0, 100000]",0,0,1318,5224
yolov8x_training,113.383571,61,119.612,13368.3125,71,285,10001,"[0, 100000]","[0, 100000]",0,0,2148,5175
yolov8x_training,114.426356,61,121.026,13368.3125,41,210,10001,"[0, 100000]","[0, 100000]",0,0,1074,4150
yolov8x_training,115.469173,62,119.935,13368.3125,100,210,10001,"[0, 100000]","[0, 100000]",0,0,878,3710
yolov8x_training,116.511890,61,118.977,13368.3125,100,255,10001,"[0, 100000]","[0, 100000]",0,0,341,292
yolov8x_training,117.704584,60,120.535,13368.3125,97,210,10001,"[0, 100000]","[0, 100000]",0,0,9423,39648
yolov8x_training,118.747799,61,120.735,13368.3125,100,285,10001,"[0, 100000]","[0, 100000]",0,0,1074,4052
yolov8x_training,119.790659,61,119.965,13368.3125,100,210,10001,"[0, 100000]","[0, 100000]",0,0,1611,5029
yolov8x_training,120.833462,62,119.582,13368.3125,100,210,10001,"[0, 100000]","[0, 100000]",0,0,1025,3857
yolov8x_training,121.876340,62,119.274,13368.3125,100,255,10001,"[0, 100000]","[0, 100000]",0,0,976,3710
yolov8x_training,122.919199,62,120.077,13368.3125,100,210,10001,"[0, 100000]","[0, 100000]",0,0,8349,292
yolov8x_training,124.126097,62,120.288,13368.3125,76,210,10001,"[0, 100000]","[0, 100000]",0,0,8837,40478
yolov8x_training,125.169063,62,121.094,13368.3125,12,210,10001,"[0, 100000]","[0, 100000]",0,0,1220,5908
yolov8x_training,126.211887,62,116.373,13368.3125,87,450,10001,"[0, 100000]","[0, 100000]",0,0,1171,7080
yolov8x_training,127.256516,63,117.128,13368.3125,100,210,10001,"[0, 100000]","[0, 100000]",0,0,1220,3906
yolov8x_training,128.299262,62,122.353,13368.3125,100,240,10001,"[0, 100000]","[0, 100000]",0,0,1074,3125
yolov8x_training,129.342070,62,120.241,13368.3125,96,210,10001,"[0, 100000]","[0, 100000]",0,0,585,2246
yolov8x_training,130.384949,62,120.649,13368.3125,100,210,10001,"[0, 100000]","[0, 100000]",0,0,292,292
yolov8x_training,131.580238,63,121.010,13368.3125,100,210,10001,"[0, 100000]","[0, 100000]",0,0,5566,60449
yolov8x_training,132.623011,62,117.336,13368.3125,100,210,10001,"[0, 100000]","[0, 100000]",0,0,1123,4296
yolov8x_training,133.665874,63,125.543,13368.3125,100,2490,10001,"[0, 100000]","[0, 100000]",0,0,1025,5712
yolov8x_training,134.708768,63,123.993,13368.3125,100,225,10001,"[0, 100000]","[0, 100000]",0,0,1025,3808
yolov8x_training,135.751615,63,124.215,13368.3125,100,210,10001,"[0, 100000]","[0, 100000]",0,0,927,3417
yolov8x_training,136.794461,63,118.810,13368.3125,100,210,10001,"[0, 100000]","[0, 100000]",0,0,830,1611
yolov8x_training,137.837519,63,121.493,13368.3125,72,210,10001,"[0, 100000]","[0, 100000]",0,0,341,1031054
yolov8x_training,139.018425,63,118.521,13368.3125,55,210,10001,"[0, 100000]","[0, 100000]",0,0,9423,38867
yolov8x_training,140.061337,63,116.556,13368.3125,100,2175,10001,"[0, 100000]","[0, 100000]",0,0,2050,6494
yolov8x_training,141.104161,63,121.597,13368.3125,100,210,10001,"[0, 100000]","[0, 100000]",0,0,1220,5664
yolov8x_training,142.147191,64,123.233,13368.3125,100,240,10001,"[0, 100000]","[0, 100000]",0,0,976,4736
yolov8x_training,143.190057,64,125.443,13368.3125,98,225,10001,"[0, 100000]","[0, 100000]",0,0,927,4394
yolov8x_training,144.232760,64,120.289,13368.3125,100,210,10001,"[0, 100000]","[0, 100000]",0,0,976,3662
yolov8x_training,145.275649,64,119.450,13368.3125,100,210,10001,"[0, 100000]","[0, 100000]",0,0,4101,85546
yolov8x_training,146.319062,64,118.992,13368.3125,100,210,10001,"[0, 100000]","[0, 100000]",0,0,341,1029199
yolov8x_training,147.529697,64,117.958,13368.3125,100,255,10001,"[0, 100000]","[0, 100000]",0,0,9814,38720
yolov8x_training,148.572626,65,117.867,13368.3125,100,2295,10001,"[0, 100000]","[0, 100000]",0,0,1171,4248
yolov8x_training,149.615389,65,121.422,13368.3125,100,645,10001,"[0, 100000]","[0, 100000]",0,0,1074,4785
yolov8x_training,150.658149,64,123.718,13368.3125,100,225,10001,"[0, 100000]","[0, 100000]",0,0,1171,5175
yolov8x_training,151.700993,64,123.637,13368.3125,100,240,10001,"[0, 100000]","[0, 100000]",0,0,976,4345
yolov8x_training,152.743786,64,120.285,13368.3125,100,225,10001,"[0, 100000]","[0, 100000]",0,0,781,3417
yolov8x_training,153.786695,64,119.826,13368.3125,100,240,10001,"[0, 100000]","[0, 100000]",0,0,976,3125
yolov8x_training,154.829571,64,119.454,13368.3125,100,225,10001,"[0, 100000]","[0, 100000]",0,0,878,341
yolov8x_training,155.872413,65,122.097,13368.3125,97,210,10001,"[0, 100000]","[0, 100000]",0,0,90332,24316
yolov8x_training,157.075735,65,121.591,13368.3125,24,210,10001,"[0, 100000]","[0, 100000]",0,0,10546,11376
yolov8x_training,158.118644,64,117.357,13368.3125,75,420,10001,"[0, 100000]","[0, 100000]",0,0,1123,4003
yolov8x_training,159.161423,65,121.750,13368.3125,100,2505,10001,"[0, 100000]","[0, 100000]",0,0,1123,6982
yolov8x_training,160.204190,65,122.871,13368.3125,100,210,10001,"[0, 100000]","[0, 100000]",0,0,1220,5761
yolov8x_training,161.246931,65,125.146,13368.3125,100,225,10001,"[0, 100000]","[0, 100000]",0,0,976,3222
yolov8x_training,162.289780,65,124.058,13368.3125,100,210,10001,"[0, 100000]","[0, 100000]",0,0,1123,2832
yolov8x_training,163.332627,65,120.661,13368.3125,97,210,10001,"[0, 100000]","[0, 100000]",0,0,1074,3271
yolov8x_training,164.375461,65,120.758,13368.3125,98,210,10001,"[0, 100000]","[0, 100000]",0,0,976,26123
yolov8x_training,165.418572,65,120.445,13368.3125,96,225,10001,"[0, 100000]","[0, 100000]",0,0,292,292
yolov8x_training,166.461180,65,120.539,13368.3125,98,210,10001,"[0, 100000]","[0, 100000]",0,0,3564,13574
yolov8x_training,167.665837,65,122.479,13368.3125,100,210,10001,"[0, 100000]","[0, 100000]",0,0,1171,10058
yolov8x_training,168.708699,66,121.594,13368.3125,100,210,10001,"[0, 100000]","[0, 100000]",0,0,1171,4931
yolov8x_training,169.751408,65,121.734,13368.3125,100,240,10001,"[0, 100000]","[0, 100000]",0,0,976,4248
yolov8x_training,170.794136,65,119.091,13368.3125,100,210,10001,"[0, 100000]","[0, 100000]",0,0,1855,6787
yolov8x_training,171.836891,65,122.028,13368.3125,100,210,10001,"[0, 100000]","[0, 100000]",0,0,1171,3759
yolov8x_training,172.879723,65,121.087,13368.3125,100,225,10001,"[0, 100000]","[0, 100000]",0,0,976,3710
yolov8x_training,173.922529,66,120.863,13368.3125,100,210,10001,"[0, 100000]","[0, 100000]",0,0,1123,3076
yolov8x_training,174.965387,66,120.968,13368.3125,100,240,10001,"[0, 100000]","[0, 100000]",0,0,878,732
yolov8x_training,176.008313,66,120.510,13368.3125,100,210,10001,"[0, 100000]","[0, 100000]",0,0,341,292
yolov8x_training,177.208466,65,121.040,13368.3125,100,210,10001,"[0, 100000]","[0, 100000]",0,0,8203,45263
yolov8x_training,178.251287,66,122.525,13368.3125,100,210,10001,"[0, 100000]","[0, 100000]",0,0,1953,8544
yolov8x_training,179.294030,66,121.215,13368.3125,77,240,10001,"[0, 100000]","[0, 100000]",0,0,878,4150
yolov8x_training,180.336769,66,122.850,13368.3125,47,210,10001,"[0, 100000]","[0, 100000]",0,0,1123,4980
yolov8x_training,181.379567,66,120.661,13368.3125,18,285,10001,"[0, 100000]","[0, 100000]",0,0,1171,5517
yolov8x_training,182.422291,66,121.071,13368.3125,22,225,10001,"[0, 100000]","[0, 100000]",0,0,976,4345
yolov8x_training,183.465162,66,120.315,13368.3125,48,225,10001,"[0, 100000]","[0, 100000]",0,0,927,4541
yolov8x_training,184.507821,66,123.081,13368.3125,38,210,10001,"[0, 100000]","[0, 100000]",0,0,830,3417
yolov8x_training,185.550631,66,121.312,13368.3125,100,225,10001,"[0, 100000]","[0, 100000]",0,0,830,1367
yolov8x_training,186.593374,66,120.727,13368.3125,100,210,10001,"[0, 100000]","[0, 100000]",0,0,439,292
yolov8x_training,187.636042,66,121.352,13368.3125,100,225,10001,"[0, 100000]","[0, 100000]",0,0,341,1038574
yolov8x_training,188.679003,66,120.337,13368.3125,100,225,10001,"[0, 100000]","[0, 100000]",0,0,1269,51416
yolov8x_training,189.891256,66,121.966,13368.3125,100,210,10001,"[0, 100000]","[0, 100000]",0,0,1660,3662
yolov8x_training,190.933975,66,122.030,13368.3125,100,210,10001,"[0, 100000]","[0, 100000]",0,0,1025,4003
yolov8x_training,191.976761,65,121.327,13368.3125,97,210,10001,"[0, 100000]","[0, 100000]",0,0,1025,4052
yolov8x_training,193.019519,65,121.134,13368.3125,98,210,10001,"[0, 100000]","[0, 100000]",0,0,1123,5517
yolov8x_training,194.062228,67,120.622,13368.3125,100,390,10001,"[0, 100000]","[0, 100000]",0,0,1074,3564
yolov8x_training,195.104984,67,122.420,13368.3125,100,270,10001,"[0, 100000]","[0, 100000]",0,0,781,3417
yolov8x_training,196.147855,67,120.658,13368.3125,100,210,10001,"[0, 100000]","[0, 100000]",0,0,927,3466
yolov8x_training,197.190723,67,121.761,13368.3125,100,285,10001,"[0, 100000]","[0, 100000]",0,0,1171,1904
yolov8x_training,198.233514,67,121.961,13368.3125,100,210,10001,"[0, 100000]","[0, 100000]",0,0,341,292
yolov8x_training,199.276134,67,122.180,13368.3125,100,210,10001,"[0, 100000]","[0, 100000]",0,0,341,892236
yolov8x_training,200.488608,67,123.308,13368.3125,100,360,10001,"[0, 100000]","[0, 100000]",0,0,9326,38769
yolov8x_training,201.531521,67,125.543,13368.3125,100,2400,10001,"[0, 100000]","[0, 100000]",0,0,1708,6298
yolov8x_training,202.574419,67,126.196,13368.3125,100,210,10001,"[0, 100000]","[0, 100000]",0,0,1025,3564
yolov8x_training,203.617154,67,121.481,13368.3125,100,210,10001,"[0, 100000]","[0, 100000]",0,0,976,4638
yolov8x_training,204.659915,67,121.206,13368.3125,100,225,10001,"[0, 100000]","[0, 100000]",0,0,1220,4980
yolov8x_training,205.702102,67,120.698,13368.3125,100,210,10001,"[0, 100000]","[0, 100000]",0,0,1123,3613
yolov8x_training,206.744291,67,121.772,13368.3125,100,210,10001,"[0, 100000]","[0, 100000]",0,0,1269,2148
yolov8x_training,207.786342,67,119.854,13368.3125,100,210,10001,"[0, 100000]","[0, 100000]",0,0,878,3173
yolov8x_training,208.829184,67,121.385,13368.3125,100,210,10001,"[0, 100000]","[0, 100000]",0,0,634,2148
yolov8x_training,209.871974,67,122.256,13368.3125,37,210,10001,"[0, 100000]","[0, 100000]",0,0,341,1037500
yolov8x_training,210.914754,67,120.984,13368.3125,38,210,10001,"[0, 100000]","[0, 100000]",0,0,1025,60937
yolov8x_training,212.135540,67,117.842,13368.3125,93,210,10001,"[0, 100000]","[0, 100000]",0,0,1367,10791
yolov8x_training,213.177729,67,124.497,13368.3125,100,210,10001,"[0, 100000]","[0, 100000]",0,0,1074,3808
yolov8x_training,214.220142,67,123.426,13368.3125,100,2040,10001,"[0, 100000]","[0, 100000]",0,0,1220,7177
yolov8x_training,215.264600,67,124.743,13368.3125,100,210,10001,"[0, 100000]","[0, 100000]",0,0,1464,7617
yolov8x_training,216.307333,67,125.085,13368.3125,100,210,10001,"[0, 100000]","[0, 100000]",0,0,1269,4492
yolov8x_training,217.350139,67,122.162,13368.3125,100,210,10001,"[0, 100000]","[0, 100000]",0,0,976,4296
yolov8x_training,218.392875,68,120.900,13368.3125,100,210,10001,"[0, 100000]","[0, 100000]",0,0,781,3710
yolov8x_training,219.435703,68,121.998,13368.3125,100,210,10001,"[0, 100000]","[0, 100000]",0,0,976,3466
yolov8x_training,220.478517,68,120.553,13368.3125,99,210,10001,"[0, 100000]","[0, 100000]",0,0,1171,537
yolov8x_training,221.521233,68,122.168,13368.3125,97,225,10001,"[0, 100000]","[0, 100000]",0,0,341,292
yolov8x_training,222.633817,68,131.417,13368.3125,100,210,10001,"[0, 100000]","[0, 100000]",0,0,8154,46582
yolov8x_training,223.676360,68,118.436,13368.3125,100,210,10001,"[0, 100000]","[0, 100000]",0,0,1708,6494
yolov8x_training,224.718566,68,117.834,13368.3125,100,210,10001,"[0, 100000]","[0, 100000]",0,0,1220,4150
yolov8x_training,225.760791,68,119.178,13368.3125,100,210,10001,"[0, 100000]","[0, 100000]",0,0,1074,8642
yolov8x_training,226.803233,68,123.772,13368.3125,100,210,10001,"[0, 100000]","[0, 100000]",0,0,1074,4980
yolov8x_training,227.845977,68,120.804,13368.3125,100,210,10001,"[0, 100000]","[0, 100000]",0,0,976,4052
yolov8x_training,228.888803,67,120.821,13368.3125,100,210,10001,"[0, 100000]","[0, 100000]",0,0,1025,4101
yolov8x_training,229.931609,68,122.950,13368.3125,100,210,10001,"[0, 100000]","[0, 100000]",0,0,927,3857
yolov8x_training,230.974514,68,122.332,13368.3125,100,225,10001,"[0, 100000]","[0, 100000]",0,0,634,2246
yolov8x_training,232.017372,68,123.099,13368.3125,100,210,10001,"[0, 100000]","[0, 100000]",0,0,341,292
yolov8x_training,233.059496,67,121.448,13368.3125,100,210,10001,"[0, 100000]","[0, 100000]",0,0,3759,13330
yolov8x_training,234.259239,67,123.516,13368.3125,100,210,10001,"[0, 100000]","[0, 100000]",0,0,7910,4492
yolov8x_training,235.302100,67,123.620,13368.3125,68,210,10001,"[0, 100000]","[0, 100000]",0,0,1806,8154
yolov8x_training,236.344821,67,120.877,13368.3125,57,285,10001,"[0, 100000]","[0, 100000]",0,0,1171,3515
yolov8x_training,237.387857,69,120.863,13368.3125,33,270,10001,"[0, 100000]","[0, 100000]",0,0,878,4003
yolov8x_training,238.430751,67,120.905,13368.3125,63,240,10001,"[0, 100000]","[0, 100000]",0,0,976,3710
yolov8x_training,239.473567,67,122.081,13368.3125,61,285,10001,"[0, 100000]","[0, 100000]",0,0,2294,4199
yolov8x_training,240.516374,69,121.452,13368.3125,34,435,10001,"[0, 100000]","[0, 100000]",0,0,1220,5419
yolov8x_training,241.559126,68,123.340,13368.3125,13,225,10001,"[0, 100000]","[0, 100000]",0,0,1025,3808
yolov8x_training,242.601881,68,123.032,13368.3125,17,270,10001,"[0, 100000]","[0, 100000]",0,0,781,3173
yolov8x_training,243.644695,68,123.680,13368.3125,77,210,10001,"[0, 100000]","[0, 100000]",0,0,1025,1220
yolov8x_training,244.687472,68,120.990,13368.3125,100,225,10001,"[0, 100000]","[0, 100000]",0,0,927,390
yolov8x_training,245.730271,68,122.968,13368.3125,100,210,10001,"[0, 100000]","[0, 100000]",0,0,341,292
yolov8x_training,246.772824,68,122.395,13368.3125,100,1395,10001,"[0, 100000]","[0, 100000]",0,0,3320,11425
yolov8x_training,247.989624,68,125.039,13368.3125,100,2340,10001,"[0, 100000]","[0, 100000]",0,0,2929,7226
yolov8x_training,249.032561,68,126.692,13368.3125,100,1020,10001,"[0, 100000]","[0, 100000]",0,0,1757,5664
yolov8x_training,250.075277,67,124.573,13368.3125,100,750,10001,"[0, 100000]","[0, 100000]",0,0,1171,3515
yolov8x_training,251.118097,69,124.448,13368.3125,100,210,10001,"[0, 100000]","[0, 100000]",0,0,1025,5468
yolov8x_training,252.160892,69,122.332,13368.3125,97,210,10001,"[0, 100000]","[0, 100000]",0,0,2343,3808
yolov8x_training,253.203959,68,122.963,13368.3125,97,210,10001,"[0, 100000]","[0, 100000]",0,0,1025,4248
yolov8x_training,254.246746,68,122.068,13368.3125,98,225,10001,"[0, 100000]","[0, 100000]",0,0,976,3613
yolov8x_training,255.289527,68,122.363,13368.3125,100,210,10001,"[0, 100000]","[0, 100000]",0,0,878,3417
yolov8x_training,256.332353,68,120.656,13368.3125,100,210,10001,"[0, 100000]","[0, 100000]",0,0,1074,3710
yolov8x_training,257.375176,68,124.373,13368.3125,100,210,10001,"[0, 100000]","[0, 100000]",0,0,1953,74218
yolov8x_training,258.417699,68,122.854,13368.3125,100,210,10001,"[0, 100000]","[0, 100000]",0,0,341,341
yolov8x_training,259.460314,68,124.124,13368.3125,100,210,10001,"[0, 100000]","[0, 100000]",0,0,89990,20117
yolov8x_training,260.651824,71,123.885,13368.3125,100,210,10001,"[0, 100000]","[0, 100000]",0,0,9423,37890
yolov8x_training,261.694865,69,124.282,13368.3125,100,210,10001,"[0, 100000]","[0, 100000]",0,0,1757,6884
yolov8x_training,262.737795,69,122.169,13368.3125,100,210,10001,"[0, 100000]","[0, 100000]",0,0,1953,5908
yolov8x_training,263.780773,69,122.286,13368.3125,100,255,10001,"[0, 100000]","[0, 100000]",0,0,927,3710
yolov8x_training,264.823680,68,120.782,13368.3125,100,210,10001,"[0, 100000]","[0, 100000]",0,0,2294,3906
yolov8x_training,265.866518,68,122.461,13368.3125,100,210,10001,"[0, 100000]","[0, 100000]",0,0,1464,5029
yolov8x_training,266.909273,68,123.684,13368.3125,100,210,10001,"[0, 100000]","[0, 100000]",0,0,927,4394
yolov8x_training,267.952036,68,123.464,13368.3125,100,210,10001,"[0, 100000]","[0, 100000]",0,0,1269,2636
yolov8x_training,268.995356,68,121.498,13368.3125,100,210,10001,"[0, 100000]","[0, 100000]",0,0,878,3808
yolov8x_training,270.038262,68,121.009,13368.3125,100,210,10001,"[0, 100000]","[0, 100000]",0,0,1074,2978
yolov8x_training,271.081112,68,123.167,13368.3125,100,210,10001,"[0, 100000]","[0, 100000]",0,0,634,2343
yolov8x_training,272.123874,68,120.974,13368.3125,100,210,10001,"[0, 100000]","[0, 100000]",0,0,488,292
yolov8x_training,273.166569,68,120.668,13368.3125,100,210,10001,"[0, 100000]","[0, 100000]",0,0,341,292
yolov8x_training,274.209291,68,120.908,13368.3125,100,210,10001,"[0, 100000]","[0, 100000]",0,0,341,292
yolov8x_training,275.251869,68,121.743,13368.3125,100,1755,10001,"[0, 100000]","[0, 100000]",0,0,90771,10009
yolov8x_training,276.295298,68,121.686,13368.3125,100,1965,10001,"[0, 100000]","[0, 100000]",0,0,1416,59033
yolov8x_training,277.506785,68,126.474,13368.3125,100,2115,10001,"[0, 100000]","[0, 100000]",0,0,1220,6054
yolov8x_training,278.549589,69,125.844,13368.3125,100,570,10001,"[0, 100000]","[0, 100000]",0,0,1904,6640
yolov8x_training,279.592385,69,127.696,13368.3125,100,210,10001,"[0, 100000]","[0, 100000]",0,0,1025,3466
yolov8x_training,280.635261,69,124.797,13368.3125,100,210,10001,"[0, 100000]","[0, 100000]",0,0,1171,10791
yolov8x_training,281.678072,68,121.987,13368.3125,100,210,10001,"[0, 100000]","[0, 100000]",0,0,1513,7128
yolov8x_training,282.720948,69,123.683,13368.3125,100,210,10001,"[0, 100000]","[0, 100000]",0,0,1269,3271
yolov8x_training,283.763850,69,122.074,13368.3125,100,210,10001,"[0, 100000]","[0, 100000]",0,0,1025,3759
yolov8x_training,284.806626,69,121.376,13368.3125,100,210,10001,"[0, 100000]","[0, 100000]",0,0,1171,2539
yolov8x_training,285.849645,69,123.498,13368.3125,100,210,10001,"[0, 100000]","[0, 100000]",0,0,976,3466
yolov8x_training,286.892463,69,122.426,13368.3125,100,210,10001,"[0, 100000]","[0, 100000]",0,0,1171,537
yolov8x_training,287.935277,69,122.541,13368.3125,100,210,10001,"[0, 100000]","[0, 100000]",0,0,537,341
yolov8x_training,288.978880,69,122.181,13368.3125,100,210,10001,"[0, 100000]","[0, 100000]",0,0,341,292
yolov8x_training,290.021626,69,122.776,13368.3125,100,210,10001,"[0, 100000]","[0, 100000]",0,0,88720,15625
yolov8x_training,291.064871,69,130.732,13368.3125,100,375,10001,"[0, 100000]","[0, 100000]",0,0,9277,8984
yolov8x_training,292.107623,69,120.357,13368.3125,100,795,10001,"[0, 100000]","[0, 100000]",0,0,1171,8984
yolov8x_training,293.150411,68,119.785,13368.3125,100,660,10001,"[0, 100000]","[0, 100000]",0,0,1074,3515
yolov8x_training,294.193406,69,125.026,13368.3125,100,2115,10001,"[0, 100000]","[0, 100000]",0,0,1123,4882
yolov8x_training,295.236538,69,125.680,13368.3125,100,210,10001,"[0, 100000]","[0, 100000]",0,0,1953,5224
yolov8x_training,296.279384,69,126.647,13368.3125,100,210,10001,"[0, 100000]","[0, 100000]",0,0,1025,3857
yolov8x_training,297.322178,69,127.933,13368.3125,100,210,10001,"[0, 100000]","[0, 100000]",0,0,927,3613
yolov8x_training,298.364989,69,123.044,13368.3125,96,225,10001,"[0, 100000]","[0, 100000]",0,0,927,3613
yolov8x_training,299.407758,69,123.209,13368.3125,98,210,10001,"[0, 100000]","[0, 100000]",0,0,927,1513
yolov8x_training,300.450516,69,124.278,13368.3125,99,210,10001,"[0, 100000]","[0, 100000]",0,0,12207,341
yolov8x_training,301.493164,69,124.399,13368.3125,100,210,10001,"[0, 100000]","[0, 100000]",0,0,2929,15527
yolov8x_training,302.706120,69,124.799,13368.3125,100,210,10001,"[0, 100000]","[0, 100000]",0,0,5810,4492
yolov8x_training,303.748914,69,123.923,13368.3125,100,210,10001,"[0, 100000]","[0, 100000]",0,0,1416,7519
yolov8x_training,304.791703,69,123.614,13368.3125,100,330,10001,"[0, 100000]","[0, 100000]",0,0,1123,4931
yolov8x_training,305.834475,69,123.760,13368.3125,100,210,10001,"[0, 100000]","[0, 100000]",0,0,1025,3515
yolov8x_training,306.877615,69,123.311,13368.3125,100,225,10001,"[0, 100000]","[0, 100000]",0,0,1953,4492
yolov8x_training,307.920439,69,122.170,13368.3125,100,210,10001,"[0, 100000]","[0, 100000]",0,0,1074,6201
yolov8x_training,308.963257,69,123.392,13368.3125,100,255,10001,"[0, 100000]","[0, 100000]",0,0,976,3271
yolov8x_training,310.006130,69,123.738,13368.3125,100,225,10001,"[0, 100000]","[0, 100000]",0,0,1025,3955
yolov8x_training,311.048846,69,123.355,13368.3125,100,210,10001,"[0, 100000]","[0, 100000]",0,0,927,3271
yolov8x_training,312.091722,69,123.815,13368.3125,100,210,10001,"[0, 100000]","[0, 100000]",0,0,1074,781
yolov8x_training,313.134450,69,122.893,13368.3125,100,210,10001,"[0, 100000]","[0, 100000]",0,0,634,2148
yolov8x_training,314.177299,69,123.435,13368.3125,100,210,10001,"[0, 100000]","[0, 100000]",0,0,341,292
yolov8x_training,315.219994,69,123.414,13368.3125,100,225,10001,"[0, 100000]","[0, 100000]",0,0,3906,64013
yolov8x_training,316.442307,69,129.156,13368.3125,100,210,10001,"[0, 100000]","[0, 100000]",0,0,3613,2392
yolov8x_training,317.485031,69,126.852,13368.3125,100,210,10001,"[0, 100000]","[0, 100000]",0,0,1904,5371
yolov8x_training,318.527796,69,121.427,13368.3125,100,210,10001,"[0, 100000]","[0, 100000]",0,0,1220,5126
yolov8x_training,319.570558,69,123.188,13368.3125,100,210,10001,"[0, 100000]","[0, 100000]",0,0,976,5175
yolov8x_training,320.613475,69,121.922,13368.3125,100,210,10001,"[0, 100000]","[0, 100000]",0,0,1025,4541
yolov8x_training,321.656366,69,123.822,13368.3125,100,210,10001,"[0, 100000]","[0, 100000]",0,0,1123,5419
yolov8x_training,322.699234,69,123.443,13368.3125,100,210,10001,"[0, 100000]","[0, 100000]",0,0,1074,3515
yolov8x_training,323.742105,69,122.343,13368.3125,100,210,10001,"[0, 100000]","[0, 100000]",0,0,1025,4345
yolov8x_training,324.784937,69,123.663,13368.3125,100,210,10001,"[0, 100000]","[0, 100000]",0,0,927,3662
yolov8x_training,325.827746,69,123.502,13368.3125,100,210,10001,"[0, 100000]","[0, 100000]",0,0,927,4052
yolov8x_training,326.870673,69,122.701,13368.3125,100,210,10001,"[0, 100000]","[0, 100000]",0,0,878,1171
yolov8x_training,327.913449,69,123.625,13368.3125,100,210,10001,"[0, 100000]","[0, 100000]",0,0,11035,47851
yolov8x_training,328.956406,69,122.737,13368.3125,100,210,10001,"[0, 100000]","[0, 100000]",0,0,341,292
yolov8x_training,329.999118,69,124.164,13368.3125,97,210,10001,"[0, 100000]","[0, 100000]",0,0,341,292
yolov8x_training,331.041850,69,122.138,13368.3125,100,210,10001,"[0, 100000]","[0, 100000]",0,0,292,292
yolov8x_training,332.084688,68,121.226,13368.3125,100,210,10001,"[0, 100000]","[0, 100000]",0,0,341,1035839
yolov8x_training,333.127567,68,120.943,13368.3125,100,255,10001,"[0, 100000]","[0, 100000]",0,0,2246,4199
yolov8x_training,334.310019,68,122.430,13368.3125,100,210,10001,"[0, 100000]","[0, 100000]",0,0,9619,37158
yolov8x_training,335.353010,68,124.060,13368.3125,100,225,10001,"[0, 100000]","[0, 100000]",0,0,2148,5371
yolov8x_training,336.395827,69,122.793,13368.3125,100,210,10001,"[0, 100000]","[0, 100000]",0,0,1074,4199
yolov8x_training,337.438559,72,122.636,13368.3125,100,210,10001,"[0, 100000]","[0, 100000]",0,0,927,4980
yolov8x_training,338.481424,70,123.072,13368.3125,97,315,10001,"[0, 100000]","[0, 100000]",0,0,2294,3808
yolov8x_training,339.524204,69,121.456,13368.3125,73,255,10001,"[0, 100000]","[0, 100000]",0,0,1171,5615
yolov8x_training,340.567004,69,122.777,13368.3125,100,210,10001,"[0, 100000]","[0, 100000]",0,0,1220,3320
yolov8x_training,341.609775,69,123.036,13368.3125,78,210,10001,"[0, 100000]","[0, 100000]",0,0,1074,4150
yolov8x_training,342.652564,69,123.707,13368.3125,38,255,10001,"[0, 100000]","[0, 100000]",0,0,1074,3662
yolov8x_training,343.695652,69,123.306,13368.3125,18,210,10001,"[0, 100000]","[0, 100000]",0,0,488,2685
yolov8x_training,344.737627,69,123.814,13368.3125,20,225,10001,"[0, 100000]","[0, 100000]",0,0,341,292
yolov8x_training,345.780472,69,121.601,13370.3125,0,210,10001,"[0, 100000]","[0, 100000]",0,0,292,292
yolov8x_training,346.823678,69,121.375,13370.3125,2,210,10001,"[0, 100000]","[0, 100000]",0,0,341,292
yolov8x_training,347.865644,69,123.493,13370.3125,20,210,10001,"[0, 100000]","[0, 100000]",0,0,26464,11425
yolov8x_training,348.908775,69,122.237,13370.3125,29,210,10001,"[0, 100000]","[0, 100000]",0,0,1123,5224
yolov8x_training,350.127464,69,121.881,13370.3125,11,210,10001,"[0, 100000]","[0, 100000]",0,0,7958,7080
yolov8x_training,351.170448,69,123.275,13370.3125,34,210,10001,"[0, 100000]","[0, 100000]",0,0,1953,5957
yolov8x_training,352.213583,69,122.651,13370.3125,48,210,10001,"[0, 100000]","[0, 100000]",0,0,1318,4833
yolov8x_training,353.256536,69,121.070,13370.3125,28,210,10001,"[0, 100000]","[0, 100000]",0,0,1074,3662
yolov8x_training,354.299546,69,121.542,13370.3125,45,255,10001,"[0, 100000]","[0, 100000]",0,0,830,4101
yolov8x_training,355.342530,69,121.379,13370.3125,26,255,10001,"[0, 100000]","[0, 100000]",0,0,1123,5419
yolov8x_training,356.386375,69,122.554,13370.3125,28,210,10001,"[0, 100000]","[0, 100000]",0,0,1025,6250
yolov8x_training,357.429364,69,124.349,13370.3125,15,210,10001,"[0, 100000]","[0, 100000]",0,0,1123,6152
yolov8x_training,358.472104,69,123.738,13370.3125,33,225,10001,"[0, 100000]","[0, 100000]",0,0,1025,3808
yolov8x_training,359.514874,69,122.243,13370.3125,68,225,10001,"[0, 100000]","[0, 100000]",0,0,1074,4345
yolov8x_training,360.557660,69,123.328,13370.3125,50,210,10001,"[0, 100000]","[0, 100000]",0,0,1123,2197
yolov8x_training,361.600417,69,123.130,13370.3125,50,225,10001,"[0, 100000]","[0, 100000]",0,0,976,3662
yolov8x_training,362.643256,69,122.042,13370.3125,65,210,10001,"[0, 100000]","[0, 100000]",0,0,1074,3955
yolov8x_training,363.686136,69,122.409,13370.3125,63,210,10001,"[0, 100000]","[0, 100000]",0,0,683,2294
yolov8x_training,364.729017,69,122.974,13370.3125,22,225,10001,"[0, 100000]","[0, 100000]",0,0,927,1025
yolov8x_training,365.771874,69,124.031,13370.3125,39,210,10001,"[0, 100000]","[0, 100000]",0,0,292,1033105
yolov8x_training,366.814979,69,122.960,13370.3125,84,210,10001,"[0, 100000]","[0, 100000]",0,0,3173,15332
yolov8x_training,368.056686,69,120.399,13370.3125,89,420,10001,"[0, 100000]","[0, 100000]",0,0,9130,38427
yolov8x_training,369.099474,69,118.368,13370.3125,90,240,10001,"[0, 100000]","[0, 100000]",0,0,1464,4003
yolov8x_training,370.142223,69,119.563,13370.3125,100,360,10001,"[0, 100000]","[0, 100000]",0,0,1220,5078
yolov8x_training,371.185142,69,120.690,13370.3125,100,2085,10001,"[0, 100000]","[0, 100000]",0,0,1123,4003
yolov8x_training,372.228143,69,123.639,13370.3125,100,2280,10001,"[0, 100000]","[0, 100000]",0,0,976,4736
yolov8x_training,373.271050,70,120.162,13370.3125,100,225,10001,"[0, 100000]","[0, 100000]",0,0,976,5078
yolov8x_training,374.313856,69,123.690,13370.3125,100,210,10001,"[0, 100000]","[0, 100000]",0,0,1220,5468
yolov8x_training,375.356652,70,125.453,13370.3125,100,210,10001,"[0, 100000]","[0, 100000]",0,0,1074,4394
yolov8x_training,376.399442,70,124.342,13370.3125,100,210,10001,"[0, 100000]","[0, 100000]",0,0,1171,2099
yolov8x_training,377.442225,69,122.630,13370.3125,100,210,10001,"[0, 100000]","[0, 100000]",0,0,1025,3466
yolov8x_training,378.485016,70,123.891,13370.3125,100,225,10001,"[0, 100000]","[0, 100000]",0,0,488,2441
yolov8x_training,379.527840,70,123.438,13370.3125,97,210,10001,"[0, 100000]","[0, 100000]",0,0,1464,292
yolov8x_training,380.570571,69,122.316,13370.3125,100,225,10001,"[0, 100000]","[0, 100000]",0,0,341,292
yolov8x_training,381.613145,69,122.511,13370.3125,100,210,10001,"[0, 100000]","[0, 100000]",0,0,3076,13769
yolov8x_training,382.835466,69,123.470,13370.3125,97,210,10001,"[0, 100000]","[0, 100000]",0,0,1806,2001
yolov8x_training,383.878553,68,123.853,13370.3125,97,210,10001,"[0, 100000]","[0, 100000]",0,0,1660,5322
yolov8x_training,384.921606,68,123.589,13370.3125,97,210,10001,"[0, 100000]","[0, 100000]",0,0,1123,3955
yolov8x_training,385.964603,68,122.473,13370.3125,97,240,10001,"[0, 100000]","[0, 100000]",0,0,976,5371
yolov8x_training,387.007670,71,121.667,13370.3125,99,210,10001,"[0, 100000]","[0, 100000]",0,0,1464,9619
yolov8x_training,388.050602,68,122.523,13370.3125,100,210,10001,"[0, 100000]","[0, 100000]",0,0,1074,4931
yolov8x_training,389.093585,70,122.842,13370.3125,100,315,10001,"[0, 100000]","[0, 100000]",0,0,976,4150
yolov8x_training,390.136348,70,121.946,13370.3125,100,330,10001,"[0, 100000]","[0, 100000]",0,0,927,4394
yolov8x_training,391.179114,70,122.599,13370.3125,100,210,10001,"[0, 100000]","[0, 100000]",0,0,927,3222
yolov8x_training,392.221962,70,122.269,13370.3125,100,345,10001,"[0, 100000]","[0, 100000]",0,0,976,3222
yolov8x_training,393.264802,70,123.525,13370.3125,100,210,10001,"[0, 100000]","[0, 100000]",0,0,585,2050
yolov8x_training,394.307653,70,124.513,13370.3125,100,210,10001,"[0, 100000]","[0, 100000]",0,0,341,292
yolov8x_training,395.350276,70,122.874,13370.3125,100,255,10001,"[0, 100000]","[0, 100000]",0,0,341,1036425
yolov8x_training,396.553109,70,123.240,13370.3125,100,210,10001,"[0, 100000]","[0, 100000]",0,0,9667,37402
yolov8x_training,397.596019,70,121.419,13370.3125,100,570,10001,"[0, 100000]","[0, 100000]",0,0,1562,3027
yolov8x_training,398.638785,70,119.354,13370.3125,100,1410,10001,"[0, 100000]","[0, 100000]",0,0,1806,5468
yolov8x_training,399.681519,70,119.653,13370.3125,100,390,10001,"[0, 100000]","[0, 100000]",0,0,1074,4248
yolov8x_training,400.724302,70,119.695,13370.3125,100,720,10001,"[0, 100000]","[0, 100000]",0,0,1025,5322
yolov8x_training,401.767229,70,122.482,13370.3125,100,225,10001,"[0, 100000]","[0, 100000]",0,0,1220,5078
yolov8x_training,402.810000,70,123.940,13370.3125,100,210,10001,"[0, 100000]","[0, 100000]",0,0,1074,3369
yolov8x_training,403.852748,70,119.890,13370.3125,100,210,10001,"[0, 100000]","[0, 100000]",0,0,1074,5468
yolov8x_training,404.895582,70,124.293,13370.3125,100,210,10001,"[0, 100000]","[0, 100000]",0,0,976,4052
yolov8x_training,405.938368,69,124.031,13370.3125,100,210,10001,"[0, 100000]","[0, 100000]",0,0,1123,3613
yolov8x_training,406.981226,70,123.960,13370.3125,100,210,10001,"[0, 100000]","[0, 100000]",0,0,1025,3857
yolov8x_training,408.024153,70,122.821,13370.3125,100,210,10001,"[0, 100000]","[0, 100000]",0,0,1074,1708
yolov8x_training,409.066940,70,121.887,13370.3125,100,210,10001,"[0, 100000]","[0, 100000]",0,0,585,2246
yolov8x_training,410.109725,70,123.481,13370.3125,100,210,10001,"[0, 100000]","[0, 100000]",0,0,341,292
yolov8x_training,411.152313,70,123.806,13370.3125,100,225,10001,"[0, 100000]","[0, 100000]",0,0,2832,6884
yolov8x_training,412.195637,69,121.984,13370.3125,100,210,10001,"[0, 100000]","[0, 100000]",0,0,976,6591
yolov8x_training,413.402272,69,124.712,13370.3125,100,210,10001,"[0, 100000]","[0, 100000]",0,0,683,9960
yolov8x_training,414.445040,69,122.199,13370.3125,100,210,10001,"[0, 100000]","[0, 100000]",0,0,1611,6689
yolov8x_training,415.487813,69,121.793,13370.3125,100,210,10001,"[0, 100000]","[0, 100000]",0,0,1269,6591
yolov8x_training,416.530585,69,124.368,13370.3125,100,210,10001,"[0, 100000]","[0, 100000]",0,0,1074,4052
yolov8x_training,417.573534,70,123.789,13370.3125,100,210,10001,"[0, 100000]","[0, 100000]",0,0,1416,10009
yolov8x_training,418.616508,70,123.363,13370.3125,100,210,10001,"[0, 100000]","[0, 100000]",0,0,1171,5615
yolov8x_training,419.659286,70,124.041,13370.3125,100,210,10001,"[0, 100000]","[0, 100000]",0,0,927,3906
yolov8x_training,420.702073,70,122.378,13370.3125,100,210,10001,"[0, 100000]","[0, 100000]",0,0,1074,3515
yolov8x_training,421.745113,70,123.098,13370.3125,100,210,10001,"[0, 100000]","[0, 100000]",0,0,976,3076
yolov8x_training,422.787986,70,123.255,13370.3125,100,210,10001,"[0, 100000]","[0, 100000]",0,0,634,2294
yolov8x_training,423.830862,70,121.432,13370.3125,99,210,10001,"[0, 100000]","[0, 100000]",0,0,634,2001
yolov8x_training,424.873863,70,123.465,13370.3125,100,210,10001,"[0, 100000]","[0, 100000]",0,0,292,292
yolov8x_training,425.916612,70,123.990,13370.3125,96,210,10001,"[0, 100000]","[0, 100000]",0,0,341,1039062
yolov8x_training,426.959436,70,123.352,13370.3125,78,210,10001,"[0, 100000]","[0, 100000]",0,0,90283,7617
yolov8x_training,428.002568,70,122.156,13370.3125,100,210,10001,"[0, 100000]","[0, 100000]",0,0,1953,64746
yolov8x_training,429.207310,70,123.968,13370.3125,73,210,10001,"[0, 100000]","[0, 100000]",0,0,878,11376
yolov8x_training,430.250400,70,121.384,13370.3125,19,210,10001,"[0, 100000]","[0, 100000]",0,0,1220,4345
yolov8x_training,431.293732,70,120.054,13370.3125,47,210,10001,"[0, 100000]","[0, 100000]",0,0,878,3808
yolov8x_training,432.336732,70,119.886,13370.3125,14,255,10001,"[0, 100000]","[0, 100000]",0,0,927,5419
yolov8x_training,433.379817,70,121.943,13370.3125,18,240,10001,"[0, 100000]","[0, 100000]",0,0,1074,5273
yolov8x_training,434.422840,70,122.238,13370.3125,37,210,10001,"[0, 100000]","[0, 100000]",0,0,1708,7666
yolov8x_training,435.465775,70,123.037,13370.3125,20,210,10001,"[0, 100000]","[0, 100000]",0,0,976,4931
yolov8x_training,436.508572,70,122.249,13370.3125,43,210,10001,"[0, 100000]","[0, 100000]",0,0,1318,3759
yolov8x_training,437.551517,70,122.016,13370.3125,47,210,10001,"[0, 100000]","[0, 100000]",0,0,927,3466
yolov8x_training,438.594398,70,124.586,13370.3125,36,240,10001,"[0, 100000]","[0, 100000]",0,0,1025,3466
yolov8x_training,439.637259,70,124.176,13370.3125,59,255,10001,"[0, 100000]","[0, 100000]",0,0,927,3466
yolov8x_training,440.680225,70,123.990,13370.3125,100,225,10001,"[0, 100000]","[0, 100000]",0,0,732,1318
yolov8x_training,441.723158,70,122.360,13370.3125,100,210,10001,"[0, 100000]","[0, 100000]",0,0,878,1171
yolov8x_training,442.766159,70,124.834,13370.3125,100,210,10001,"[0, 100000]","[0, 100000]",0,0,341,292
yolov8x_training,443.808778,70,122.991,13370.3125,100,210,10001,"[0, 100000]","[0, 100000]",0,0,341,292
yolov8x_training,444.851787,70,121.683,13370.3125,73,210,10001,"[0, 100000]","[0, 100000]",0,0,341,292
yolov8x_training,445.894611,70,119.876,13370.3125,28,210,10001,"[0, 100000]","[0, 100000]",0,0,341,292
yolov8x_training,446.937754,70,120.553,13370.3125,0,210,10001,"[0, 100000]","[0, 100000]",0,0,341,292
yolov8x_training,448.157966,71,125.596,13370.3125,16,210,10001,"[0, 100000]","[0, 100000]",0,0,9130,38671
yolov8x_training,449.200911,70,122.856,13370.3125,49,210,10001,"[0, 100000]","[0, 100000]",0,0,1074,9033
yolov8x_training,450.243770,70,120.637,13370.3125,57,210,10001,"[0, 100000]","[0, 100000]",0,0,1123,4345
yolov8x_training,451.286878,70,121.167,13370.3125,65,225,10001,"[0, 100000]","[0, 100000]",0,0,1074,3710
yolov8x_training,452.329849,70,120.076,13370.3125,56,210,10001,"[0, 100000]","[0, 100000]",0,0,1025,5126
yolov8x_training,453.372764,70,123.772,13370.3125,100,210,10001,"[0, 100000]","[0, 100000]",0,0,2148,4052
yolov8x_training,454.415638,70,123.052,13370.3125,100,210,10001,"[0, 100000]","[0, 100000]",0,0,1171,5371
yolov8x_training,455.458398,70,123.639,13370.3125,89,225,10001,"[0, 100000]","[0, 100000]",0,0,1171,3417
yolov8x_training,456.501221,70,123.511,13370.3125,100,255,10001,"[0, 100000]","[0, 100000]",0,0,1074,4150
yolov8x_training,457.544134,70,124.623,13370.3125,97,210,10001,"[0, 100000]","[0, 100000]",0,0,1171,1757
yolov8x_training,458.586887,70,123.531,13370.3125,100,210,10001,"[0, 100000]","[0, 100000]",0,0,1025,3759
yolov8x_training,459.629707,70,123.562,13370.3125,100,210,10001,"[0, 100000]","[0, 100000]",0,0,1074,3710
yolov8x_training,460.672586,70,124.168,13370.3125,100,210,10001,"[0, 100000]","[0, 100000]",0,0,927,488
yolov8x_training,461.715452,70,123.637,13370.3125,100,210,10001,"[0, 100000]","[0, 100000]",0,0,341,1036523
yolov8x_training,462.758424,70,124.126,13370.3125,100,225,10001,"[0, 100000]","[0, 100000]",0,0,1123,5175
yolov8x_training,463.975792,70,124.394,13370.3125,100,2505,10001,"[0, 100000]","[0, 100000]",0,0,6591,5908
yolov8x_training,465.018470,70,124.971,13370.3125,98,210,10001,"[0, 100000]","[0, 100000]",0,0,1953,5371
yolov8x_training,466.061263,70,124.359,13370.3125,98,210,10001,"[0, 100000]","[0, 100000]",0,0,976,3710
yolov8x_training,467.104112,70,122.828,13370.3125,98,210,10001,"[0, 100000]","[0, 100000]",0,0,927,3955
yolov8x_training,468.146943,70,124.090,13370.3125,98,210,10001,"[0, 100000]","[0, 100000]",0,0,2246,4248
yolov8x_training,469.189972,70,123.329,13370.3125,98,210,10001,"[0, 100000]","[0, 100000]",0,0,1171,5566
yolov8x_training,470.232859,70,123.025,13370.3125,100,210,10001,"[0, 100000]","[0, 100000]",0,0,1025,4492
yolov8x_training,471.275606,70,123.235,13370.3125,100,210,10001,"[0, 100000]","[0, 100000]",0,0,976,4687
yolov8x_training,472.318388,70,122.523,13370.3125,100,210,10001,"[0, 100000]","[0, 100000]",0,0,976,3710
yolov8x_training,473.361160,70,123.360,13370.3125,100,210,10001,"[0, 100000]","[0, 100000]",0,0,1074,537
yolov8x_training,474.404088,70,125.153,13370.3125,100,210,10001,"[0, 100000]","[0, 100000]",0,0,8300,65673
yolov8x_training,475.446875,70,125.400,13370.3125,100,210,10001,"[0, 100000]","[0, 100000]",0,0,341,1037646
yolov8x_training,476.669008,71,125.269,13370.3125,100,210,10001,"[0, 100000]","[0, 100000]",0,0,9570,37695
yolov8x_training,477.711853,70,123.610,13370.3125,100,210,10001,"[0, 100000]","[0, 100000]",0,0,1611,9472
yolov8x_training,478.754593,70,122.625,13370.3125,100,210,10001,"[0, 100000]","[0, 100000]",0,0,1123,4589
yolov8x_training,479.797378,70,121.274,13370.3125,100,255,10001,"[0, 100000]","[0, 100000]",0,0,1025,4052
yolov8x_training,480.840506,70,120.585,13370.3125,100,225,10001,"[0, 100000]","[0, 100000]",0,0,1123,7666
yolov8x_training,481.883293,70,123.814,13370.3125,100,210,10001,"[0, 100000]","[0, 100000]",0,0,1123,5615
yolov8x_training,482.926048,70,122.498,13370.3125,100,255,10001,"[0, 100000]","[0, 100000]",0,0,927,4687
yolov8x_training,483.968790,70,124.030,13370.3125,100,210,10001,"[0, 100000]","[0, 100000]",0,0,1220,3320
yolov8x_training,485.011522,70,125.021,13370.3125,100,210,10001,"[0, 100000]","[0, 100000]",0,0,1025,4150
yolov8x_training,486.054271,70,124.380,13370.3125,100,210,10001,"[0, 100000]","[0, 100000]",0,0,1025,3417
yolov8x_training,487.097076,70,123.632,13370.3125,100,210,10001,"[0, 100000]","[0, 100000]",0,0,732,1464
yolov8x_training,488.139807,70,123.378,13370.3125,100,210,10001,"[0, 100000]","[0, 100000]",0,0,341,341
yolov8x_training,489.182515,70,124.018,13370.3125,100,210,10001,"[0, 100000]","[0, 100000]",0,0,1757,5078
yolov8x_training,490.225652,70,122.552,13370.3125,100,210,10001,"[0, 100000]","[0, 100000]",0,0,1953,4492
yolov8x_training,491.421624,70,124.364,13370.3125,100,210,10001,"[0, 100000]","[0, 100000]",0,0,9472,37109
yolov8x_training,492.464516,70,123.233,13370.3125,100,210,10001,"[0, 100000]","[0, 100000]",0,0,781,10009
yolov8x_training,493.507292,70,123.679,13370.3125,100,210,10001,"[0, 100000]","[0, 100000]",0,0,1220,5126
yolov8x_training,494.550045,70,122.115,13370.3125,100,210,10001,"[0, 100000]","[0, 100000]",0,0,1171,4003
yolov8x_training,495.593063,70,124.087,13370.3125,100,210,10001,"[0, 100000]","[0, 100000]",0,0,1025,4248
yolov8x_training,496.635874,70,123.707,13370.3125,100,210,10001,"[0, 100000]","[0, 100000]",0,0,1806,6982
yolov8x_training,497.678773,70,122.978,13370.3125,100,210,10001,"[0, 100000]","[0, 100000]",0,0,1074,6103
yolov8x_training,498.721658,70,122.457,13370.3125,100,210,10001,"[0, 100000]","[0, 100000]",0,0,1025,3320
yolov8x_training,499.764554,70,123.587,13370.3125,100,210,10001,"[0, 100000]","[0, 100000]",0,0,1074,4492
yolov8x_training,500.807359,70,121.811,13370.3125,100,210,10001,"[0, 100000]","[0, 100000]",0,0,1025,2929
yolov8x_training,501.850113,70,124.209,13370.3125,100,210,10001,"[0, 100000]","[0, 100000]",0,0,1171,1855
yolov8x_training,502.892931,70,123.788,13370.3125,100,210,10001,"[0, 100000]","[0, 100000]",0,0,732,1513
yolov8x_training,503.935743,70,124.591,13370.3125,100,210,10001,"[0, 100000]","[0, 100000]",0,0,439,292
yolov8x_training,504.978449,70,125.600,13370.3125,43,210,10001,"[0, 100000]","[0, 100000]",0,0,4052,8837
yolov8x_training,506.207440,72,125.830,13370.3125,27,210,10001,"[0, 100000]","[0, 100000]",0,0,7910,44580
yolov8x_training,507.250266,73,123.844,13370.3125,17,210,10001,"[0, 100000]","[0, 100000]",0,0,927,10400
yolov8x_training,508.293046,70,123.941,13370.3125,35,210,10001,"[0, 100000]","[0, 100000]",0,0,927,3662
yolov8x_training,509.335926,70,121.451,13370.3125,91,225,10001,"[0, 100000]","[0, 100000]",0,0,1123,10742
yolov8x_training,510.378771,70,123.164,13370.3125,83,210,10001,"[0, 100000]","[0, 100000]",0,0,1757,5224
yolov8x_training,511.421555,70,121.590,13370.3125,85,225,10001,"[0, 100000]","[0, 100000]",0,0,1513,4882
yolov8x_training,512.464427,70,122.448,13370.3125,66,225,10001,"[0, 100000]","[0, 100000]",0,0,1123,5859
yolov8x_training,513.507335,70,122.622,13370.3125,66,255,10001,"[0, 100000]","[0, 100000]",0,0,1074,3906
yolov8x_training,514.550166,70,124.050,13370.3125,29,255,10001,"[0, 100000]","[0, 100000]",0,0,927,3662
yolov8x_training,515.592938,70,123.260,13370.3125,50,210,10001,"[0, 100000]","[0, 100000]",0,0,1025,4199
yolov8x_training,516.635671,70,122.564,13370.3125,48,240,10001,"[0, 100000]","[0, 100000]",0,0,781,3417
yolov8x_training,517.678686,70,124.615,13370.3125,37,225,10001,"[0, 100000]","[0, 100000]",0,0,1074,927
yolov8x_training,518.721688,70,122.427,13370.3125,65,255,10001,"[0, 100000]","[0, 100000]",0,0,1025,878
yolov8x_training,519.764755,70,125.377,13370.3125,56,210,10001,"[0, 100000]","[0, 100000]",0,0,292,292
yolov8x_training,520.807469,70,124.797,13370.3125,96,1080,10001,"[0, 100000]","[0, 100000]",0,0,90136,11669
yolov8x_training,521.850580,70,122.740,13370.3125,100,210,10001,"[0, 100000]","[0, 100000]",0,0,89550,18750
yolov8x_training,523.069834,70,119.301,13370.3125,93,225,10001,"[0, 100000]","[0, 100000]",0,0,9277,38183
yolov8x_training,524.112803,70,127.809,13370.3125,100,750,10001,"[0, 100000]","[0, 100000]",0,0,1171,9179
yolov8x_training,525.155744,70,120.849,13370.3125,100,360,10001,"[0, 100000]","[0, 100000]",0,0,1269,5566
yolov8x_training,526.198714,70,121.674,13370.3125,100,1005,10001,"[0, 100000]","[0, 100000]",0,0,878,3662
yolov8x_training,527.241828,70,124.050,13370.3125,100,2040,10001,"[0, 100000]","[0, 100000]",0,0,976,5078
yolov8x_training,528.284906,71,125.556,13370.3125,100,210,10001,"[0, 100000]","[0, 100000]",0,0,2099,4785
yolov8x_training,529.327759,70,126.506,13370.3125,100,210,10001,"[0, 100000]","[0, 100000]",0,0,1171,3076
yolov8x_training,530.370733,70,127.876,13370.3125,100,225,10001,"[0, 100000]","[0, 100000]",0,0,927,3320
yolov8x_training,531.413716,70,121.654,13370.3125,100,210,10001,"[0, 100000]","[0, 100000]",0,0,1025,4101
yolov8x_training,532.456597,70,123.063,13370.3125,100,210,10001,"[0, 100000]","[0, 100000]",0,0,927,3564
yolov8x_training,533.499471,70,123.793,13370.3125,100,210,10001,"[0, 100000]","[0, 100000]",0,0,1025,3906
yolov8x_training,534.542397,70,123.347,13370.3125,100,210,10001,"[0, 100000]","[0, 100000]",0,0,732,1513
yolov8x_training,535.585322,69,124.160,13370.3125,98,225,10001,"[0, 100000]","[0, 100000]",0,0,341,292
yolov8x_training,536.627974,69,123.105,13370.3125,97,225,10001,"[0, 100000]","[0, 100000]",0,0,88916,18505
yolov8x_training,537.671118,69,123.713,13370.3125,97,210,10001,"[0, 100000]","[0, 100000]",0,0,4345,56787
yolov8x_training,538.884737,69,123.566,13370.3125,96,210,10001,"[0, 100000]","[0, 100000]",0,0,781,9960
yolov8x_training,539.927675,69,122.790,13370.3125,98,210,10001,"[0, 100000]","[0, 100000]",0,0,1757,5517
yolov8x_training,540.970635,69,122.428,13370.3125,96,210,10001,"[0, 100000]","[0, 100000]",0,0,1025,4052
yolov8x_training,542.013700,69,123.621,13370.3125,97,210,10001,"[0, 100000]","[0, 100000]",0,0,976,4589
yolov8x_training,543.056698,71,124.040,13370.3125,100,210,10001,"[0, 100000]","[0, 100000]",0,0,927,5175
yolov8x_training,544.099573,70,123.753,13370.3125,100,345,10001,"[0, 100000]","[0, 100000]",0,0,1074,3515
yolov8x_training,545.142431,70,123.071,13370.3125,100,210,10001,"[0, 100000]","[0, 100000]",0,0,927,4638
yolov8x_training,546.185318,70,120.149,13370.3125,96,210,10001,"[0, 100000]","[0, 100000]",0,0,878,3710
yolov8x_training,547.228416,70,122.566,13370.3125,100,210,10001,"[0, 100000]","[0, 100000]",0,0,1074,4150
yolov8x_training,548.271364,70,121.214,13370.3125,98,210,10001,"[0, 100000]","[0, 100000]",0,0,1123,3515
yolov8x_training,549.314135,70,122.230,13370.3125,98,210,10001,"[0, 100000]","[0, 100000]",0,0,1074,3613
yolov8x_training,550.356895,70,122.781,13370.3125,97,225,10001,"[0, 100000]","[0, 100000]",0,0,1123,2392
yolov8x_training,551.399953,70,122.419,13370.3125,98,210,10001,"[0, 100000]","[0, 100000]",0,0,781,3515
yolov8x_training,552.442777,70,122.456,13370.3125,100,210,10001,"[0, 100000]","[0, 100000]",0,0,1025,3466
yolov8x_training,553.485557,70,122.584,13370.3125,100,210,10001,"[0, 100000]","[0, 100000]",0,0,1074,2392
yolov8x_training,554.528370,70,122.089,13370.3125,100,210,10001,"[0, 100000]","[0, 100000]",0,0,1025,1757
yolov8x_training,555.571203,70,124.401,13370.3125,98,225,10001,"[0, 100000]","[0, 100000]",0,0,341,292
yolov8x_training,556.613968,69,124.629,13370.3125,97,210,10001,"[0, 100000]","[0, 100000]",0,0,2685,53808
yolov8x_training,557.837811,69,123.787,13370.3125,97,210,10001,"[0, 100000]","[0, 100000]",0,0,8544,5810
yolov8x_training,558.880706,69,123.951,13370.3125,98,210,10001,"[0, 100000]","[0, 100000]",0,0,1855,3857
yolov8x_training,559.923657,69,122.695,13370.3125,98,210,10001,"[0, 100000]","[0, 100000]",0,0,1123,3710
yolov8x_training,560.966704,73,123.202,13370.3125,100,210,10001,"[0, 100000]","[0, 100000]",0,0,976,5126
yolov8x_training,562.009818,73,122.847,13370.3125,100,210,10001,"[0, 100000]","[0, 100000]",0,0,1025,4589
yolov8x_training,563.052840,73,123.990,13370.3125,100,390,10001,"[0, 100000]","[0, 100000]",0,0,1171,5566
yolov8x_training,564.095655,70,123.011,13370.3125,100,375,10001,"[0, 100000]","[0, 100000]",0,0,927,3955
yolov8x_training,565.138510,70,123.111,13370.3125,100,210,10001,"[0, 100000]","[0, 100000]",0,0,1074,3710
yolov8x_training,566.181363,70,122.714,13370.3125,100,345,10001,"[0, 100000]","[0, 100000]",0,0,976,4003
yolov8x_training,567.224524,70,123.732,13370.3125,100,210,10001,"[0, 100000]","[0, 100000]",0,0,1123,3320
yolov8x_training,568.267531,70,124.275,13370.3125,100,255,10001,"[0, 100000]","[0, 100000]",0,0,537,2441
yolov8x_training,569.310427,70,122.448,13370.3125,100,210,10001,"[0, 100000]","[0, 100000]",0,0,927,44482
yolov8x_training,570.353361,70,123.643,13370.3125,100,210,10001,"[0, 100000]","[0, 100000]",0,0,292,341
yolov8x_training,571.396283,70,125.160,13370.3125,100,210,10001,"[0, 100000]","[0, 100000]",0,0,89208,21142
yolov8x_training,572.584019,70,123.297,13370.3125,100,210,10001,"[0, 100000]","[0, 100000]",0,0,9228,37939
yolov8x_training,573.626893,70,121.573,13370.3125,100,210,10001,"[0, 100000]","[0, 100000]",0,0,7714,6982
yolov8x_training,574.669769,70,120.798,13370.3125,100,210,10001,"[0, 100000]","[0, 100000]",0,0,1025,8203
yolov8x_training,575.712732,70,120.777,13370.3125,100,210,10001,"[0, 100000]","[0, 100000]",0,0,1416,6933
yolov8x_training,576.755735,70,121.678,13370.3125,100,255,10001,"[0, 100000]","[0, 100000]",0,0,927,3417
yolov8x_training,577.798739,70,122.337,13370.3125,100,210,10001,"[0, 100000]","[0, 100000]",0,0,927,3564
yolov8x_training,578.841747,70,121.297,13370.3125,100,210,10001,"[0, 100000]","[0, 100000]",0,0,1171,5224
yolov8x_training,579.884763,70,123.362,13370.3125,100,210,10001,"[0, 100000]","[0, 100000]",0,0,2294,3857
yolov8x_training,580.927688,70,123.426,13370.3125,100,210,10001,"[0, 100000]","[0, 100000]",0,0,1171,6201
yolov8x_training,581.970466,70,122.599,13370.3125,100,210,10001,"[0, 100000]","[0, 100000]",0,0,1220,2978
yolov8x_training,583.013404,70,123.572,13370.3125,100,210,10001,"[0, 100000]","[0, 100000]",0,0,1025,3808
yolov8x_training,584.056285,70,123.112,13370.3125,100,210,10001,"[0, 100000]","[0, 100000]",0,0,927,4101
yolov8x_training,585.099095,70,124.308,13370.3125,100,210,10001,"[0, 100000]","[0, 100000]",0,0,927,3564
yolov8x_training,586.142031,70,125.092,13370.3125,100,210,10001,"[0, 100000]","[0, 100000]",0,0,1025,3271
yolov8x_training,587.184896,70,124.225,13370.3125,100,210,10001,"[0, 100000]","[0, 100000]",0,0,878,1171
yolov8x_training,588.227780,70,125.175,13370.3125,100,210,10001,"[0, 100000]","[0, 100000]",0,0,341,292
yolov8x_training,589.270788,70,123.009,13370.3125,100,210,10001,"[0, 100000]","[0, 100000]",0,0,292,1040673
yolov8x_training,590.314019,70,122.893,13370.3125,100,1080,10001,"[0, 100000]","[0, 100000]",0,0,3955,6689
yolov8x_training,591.523513,70,123.745,13370.3125,100,2265,10001,"[0, 100000]","[0, 100000]",0,0,9570,20312
yolov8x_training,592.566391,70,123.732,13370.3125,100,1177,10001,"[0, 100000]","[0, 100000]",0,0,1904,4736
yolov8x_training,593.609273,70,119.733,13370.3125,100,1125,10001,"[0, 100000]","[0, 100000]",0,0,1318,6982
yolov8x_training,594.652320,70,118.504,13370.3125,100,510,10001,"[0, 100000]","[0, 100000]",0,0,1562,5419
yolov8x_training,595.695385,70,125.016,13370.3125,100,1590,10001,"[0, 100000]","[0, 100000]",0,0,1025,3515
yolov8x_training,596.738525,71,125.469,13370.3125,100,2310,10001,"[0, 100000]","[0, 100000]",0,0,1025,11425
yolov8x_training,597.781633,70,127.076,13370.3125,100,2250,10001,"[0, 100000]","[0, 100000]",0,0,1123,4931
yolov8x_training,598.824516,70,125.454,13370.3125,100,225,10001,"[0, 100000]","[0, 100000]",0,0,1074,4589
yolov8x_training,599.867416,70,127.341,13370.3125,100,210,10001,"[0, 100000]","[0, 100000]",0,0,927,4492
yolov8x_training,600.910224,70,123.210,13370.3125,100,210,10001,"[0, 100000]","[0, 100000]",0,0,1025,2441
yolov8x_training,601.953101,71,122.409,13370.3125,100,225,10001,"[0, 100000]","[0, 100000]",0,0,1025,2148
yolov8x_training,602.996037,70,122.200,13370.3125,100,225,10001,"[0, 100000]","[0, 100000]",0,0,927,4003
yolov8x_training,604.038865,71,121.618,13370.3125,100,225,10001,"[0, 100000]","[0, 100000]",0,0,1025,3710
yolov8x_training,605.081787,70,123.532,13370.3125,100,210,10001,"[0, 100000]","[0, 100000]",0,0,683,16113
yolov8x_training,606.124721,70,123.037,13370.3125,100,210,10001,"[0, 100000]","[0, 100000]",0,0,488,292
yolov8x_training,607.167467,70,123.223,13370.3125,100,210,10001,"[0, 100000]","[0, 100000]",0,0,390,1029687
yolov8x_training,608.210727,70,121.659,13370.3125,100,210,10001,"[0, 100000]","[0, 100000]",0,0,2929,4882
yolov8x_training,609.253986,70,121.957,13370.3125,100,210,10001,"[0, 100000]","[0, 100000]",0,0,2587,5419
yolov8x_training,610.477636,70,125.922,13370.3125,100,1222,10001,"[0, 100000]","[0, 100000]",0,0,8251,43115
yolov8x_training,611.520519,70,126.626,13370.3125,100,210,10001,"[0, 100000]","[0, 100000]",0,0,1513,3955
yolov8x_training,612.563369,70,127.451,13370.3125,100,210,10001,"[0, 100000]","[0, 100000]",0,0,1416,5273
yolov8x_training,613.606189,70,127.778,13370.3125,100,210,10001,"[0, 100000]","[0, 100000]",0,0,1074,3369
yolov8x_training,614.649059,70,127.655,13370.3125,100,210,10001,"[0, 100000]","[0, 100000]",0,0,1123,5273
yolov8x_training,615.691855,70,130.105,13370.3125,100,210,10001,"[0, 100000]","[0, 100000]",0,0,1123,4980
yolov8x_training,616.734838,70,122.991,13370.3125,100,210,10001,"[0, 100000]","[0, 100000]",0,0,1025,4248
yolov8x_training,617.777739,70,124.547,13370.3125,100,210,10001,"[0, 100000]","[0, 100000]",0,0,878,3759
yolov8x_training,618.820579,70,123.359,13370.3125,100,210,10001,"[0, 100000]","[0, 100000]",0,0,1074,2441
yolov8x_training,619.863353,70,124.228,13370.3125,100,210,10001,"[0, 100000]","[0, 100000]",0,0,976,4003
yolov8x_training,620.906198,70,122.131,13370.3125,100,210,10001,"[0, 100000]","[0, 100000]",0,0,927,1464
yolov8x_training,621.949017,70,124.390,13370.3125,100,210,10001,"[0, 100000]","[0, 100000]",0,0,341,292
yolov8x_training,622.991677,70,123.847,13370.3125,100,210,10001,"[0, 100000]","[0, 100000]",0,0,89111,13916
yolov8x_training,624.035043,70,123.832,13370.3125,97,210,10001,"[0, 100000]","[0, 100000]",0,0,976,6542
yolov8x_training,625.241947,73,122.921,13370.3125,100,210,10001,"[0, 100000]","[0, 100000]",0,0,9472,23486
yolov8x_training,626.284729,70,125.137,13370.3125,77,210,10001,"[0, 100000]","[0, 100000]",0,0,1074,10009
yolov8x_training,627.327567,71,122.784,13370.3125,97,390,10001,"[0, 100000]","[0, 100000]",0,0,1171,5419
yolov8x_training,628.370338,70,124.257,13370.3125,64,210,10001,"[0, 100000]","[0, 100000]",0,0,927,4394
yolov8x_training,629.413212,71,123.322,13370.3125,74,210,10001,"[0, 100000]","[0, 100000]",0,0,1025,5419
yolov8x_training,630.456096,70,122.930,13370.3125,31,225,10001,"[0, 100000]","[0, 100000]",0,0,1562,4882
yolov8x_training,631.498952,70,124.127,13370.3125,25,240,10001,"[0, 100000]","[0, 100000]",0,0,1123,3613
yolov8x_training,632.542002,70,122.189,13370.3125,22,210,10001,"[0, 100000]","[0, 100000]",0,0,1025,3906
yolov8x_training,633.584776,70,121.250,13370.3125,14,210,10001,"[0, 100000]","[0, 100000]",0,0,927,3759
yolov8x_training,634.627515,70,123.727,13370.3125,35,240,10001,"[0, 100000]","[0, 100000]",0,0,1074,2490
yolov8x_training,635.670271,70,123.238,13370.3125,15,240,10001,"[0, 100000]","[0, 100000]",0,0,1123,3417
yolov8x_training,636.713134,70,122.552,13370.3125,27,210,10001,"[0, 100000]","[0, 100000]",0,0,1025,1269
yolov8x_training,637.756067,70,121.940,13370.3125,17,240,10001,"[0, 100000]","[0, 100000]",0,0,537,2539
yolov8x_training,638.798997,70,124.396,13370.3125,17,210,10001,"[0, 100000]","[0, 100000]",0,0,341,292
yolov8x_training,639.841582,70,124.695,13370.3125,56,1425,10001,"[0, 100000]","[0, 100000]",0,0,1123,5224
yolov8x_training,641.059617,70,119.984,13370.3125,57,345,10001,"[0, 100000]","[0, 100000]",0,0,8349,32910
yolov8x_training,642.102414,70,119.984,13370.3125,100,1380,10001,"[0, 100000]","[0, 100000]",0,0,1855,7226
yolov8x_training,643.145147,70,122.611,13370.3125,100,2130,10001,"[0, 100000]","[0, 100000]",0,0,1269,4736
yolov8x_training,644.187937,70,122.196,13370.3125,100,1057,10001,"[0, 100000]","[0, 100000]",0,0,1171,4003
yolov8x_training,645.230763,70,118.851,13370.3125,81,990,10001,"[0, 100000]","[0, 100000]",0,0,976,3271
yolov8x_training,646.273530,70,119.018,13370.3125,89,1245,10001,"[0, 100000]","[0, 100000]",0,0,1074,5517
yolov8x_training,647.316325,70,119.373,13370.3125,86,210,10001,"[0, 100000]","[0, 100000]",0,0,1123,8251
yolov8x_training,648.359128,70,119.787,13370.3125,82,210,10001,"[0, 100000]","[0, 100000]",0,0,1171,4931
yolov8x_training,649.401986,70,124.184,13370.3125,54,210,10001,"[0, 100000]","[0, 100000]",0,0,1123,4833
yolov8x_training,650.444784,70,124.772,13370.3125,77,210,10001,"[0, 100000]","[0, 100000]",0,0,976,4394
yolov8x_training,651.487504,70,123.720,13370.3125,100,210,10001,"[0, 100000]","[0, 100000]",0,0,830,3222
yolov8x_training,652.530279,70,122.816,13370.3125,100,210,10001,"[0, 100000]","[0, 100000]",0,0,927,3955
yolov8x_training,653.573039,70,122.589,13370.3125,100,210,10001,"[0, 100000]","[0, 100000]",0,0,1074,3417
yolov8x_training,654.615796,70,124.785,13370.3125,100,210,10001,"[0, 100000]","[0, 100000]",0,0,683,2001
yolov8x_training,655.658685,70,123.527,13370.3125,100,210,10001,"[0, 100000]","[0, 100000]",0,0,341,292
yolov8x_training,656.701295,70,123.965,13370.3125,100,225,10001,"[0, 100000]","[0, 100000]",0,0,3759,64550
yolov8x_training,657.912450,70,128.287,13370.3125,99,210,10001,"[0, 100000]","[0, 100000]",0,0,927,11132
yolov8x_training,658.954808,69,122.899,13370.3125,98,210,10001,"[0, 100000]","[0, 100000]",0,0,1269,5371
yolov8x_training,659.997189,69,123.439,13370.3125,97,210,10001,"[0, 100000]","[0, 100000]",0,0,927,4150
yolov8x_training,661.039557,69,122.857,13370.3125,97,210,10001,"[0, 100000]","[0, 100000]",0,0,976,3320
yolov8x_training,662.081951,69,124.036,13370.3125,98,210,10001,"[0, 100000]","[0, 100000]",0,0,1953,5712
yolov8x_training,663.124698,70,123.671,13370.3125,97,225,10001,"[0, 100000]","[0, 100000]",0,0,1220,4492
yolov8x_training,664.167523,70,122.465,13370.3125,97,210,10001,"[0, 100000]","[0, 100000]",0,0,1123,4003
yolov8x_training,665.210319,70,123.093,13370.3125,97,225,10001,"[0, 100000]","[0, 100000]",0,0,927,3906
yolov8x_training,666.253116,70,122.298,13370.3125,98,210,10001,"[0, 100000]","[0, 100000]",0,0,1074,2783
yolov8x_training,667.295894,70,123.419,13370.3125,100,210,10001,"[0, 100000]","[0, 100000]",0,0,1074,3271
yolov8x_training,668.338769,70,123.213,13370.3125,100,210,10001,"[0, 100000]","[0, 100000]",0,0,683,1953
yolov8x_training,669.381891,70,123.730,13370.3125,100,210,10001,"[0, 100000]","[0, 100000]",0,0,585,292
yolov8x_training,670.424560,70,122.803,13370.3125,100,210,10001,"[0, 100000]","[0, 100000]",0,0,341,1033447
yolov8x_training,671.612279,70,121.433,13370.3125,100,210,10001,"[0, 100000]","[0, 100000]",0,0,9814,35986
yolov8x_training,672.655196,70,120.522,13370.3125,100,210,10001,"[0, 100000]","[0, 100000]",0,0,9130,28369
yolov8x_training,673.698071,70,118.324,13370.3125,100,210,10001,"[0, 100000]","[0, 100000]",0,0,1806,2001
yolov8x_training,674.741166,70,119.624,13370.3125,100,210,10001,"[0, 100000]","[0, 100000]",0,0,1855,5810
yolov8x_training,675.783897,70,119.615,13370.3125,100,210,10001,"[0, 100000]","[0, 100000]",0,0,976,3417
yolov8x_training,676.826729,70,120.462,13370.3125,100,210,10001,"[0, 100000]","[0, 100000]",0,0,1025,4101
yolov8x_training,677.869525,70,125.127,13370.3125,100,210,10001,"[0, 100000]","[0, 100000]",0,0,1171,5517
yolov8x_training,678.912340,70,123.994,13370.3125,100,210,10001,"[0, 100000]","[0, 100000]",0,0,927,4199
yolov8x_training,679.955157,70,123.853,13370.3125,100,210,10001,"[0, 100000]","[0, 100000]",0,0,1220,2099
yolov8x_training,680.997935,69,123.094,13370.3125,100,225,10001,"[0, 100000]","[0, 100000]",0,0,781,3125
yolov8x_training,682.040709,69,122.695,13370.3125,100,225,10001,"[0, 100000]","[0, 100000]",0,0,1025,3906
yolov8x_training,683.083439,71,124.536,13370.3125,100,210,10001,"[0, 100000]","[0, 100000]",0,0,830,1464
yolov8x_training,684.126338,70,123.941,13370.3125,100,210,10001,"[0, 100000]","[0, 100000]",0,0,341,292
yolov8x_training,685.169123,70,122.682,13370.3125,100,210,10001,"[0, 100000]","[0, 100000]",0,0,292,558691
yolov8x_training,686.211830,70,123.918,13370.3125,100,210,10001,"[0, 100000]","[0, 100000]",0,0,1171,4199
yolov8x_training,687.254591,70,122.995,13370.3125,100,210,10001,"[0, 100000]","[0, 100000]",0,0,1220,65771
yolov8x_training,688.476807,70,122.829,13370.3125,100,210,10001,"[0, 100000]","[0, 100000]",0,0,9326,36865
yolov8x_training,689.519658,70,123.967,13370.3125,100,210,10001,"[0, 100000]","[0, 100000]",0,0,1806,3173
yolov8x_training,690.562439,70,123.849,13370.3125,100,210,10001,"[0, 100000]","[0, 100000]",0,0,1171,5566
yolov8x_training,691.605201,70,123.958,13370.3125,100,210,10001,"[0, 100000]","[0, 100000]",0,0,976,3808
yolov8x_training,692.647955,70,124.769,13370.3125,100,210,10001,"[0, 100000]","[0, 100000]",0,0,927,4541
yolov8x_training,693.690905,70,124.163,13370.3125,100,210,10001,"[0, 100000]","[0, 100000]",0,0,2050,4785
yolov8x_training,694.733818,70,124.447,13370.3125,100,210,10001,"[0, 100000]","[0, 100000]",0,0,1318,3076
yolov8x_training,695.776562,70,123.560,13370.3125,100,210,10001,"[0, 100000]","[0, 100000]",0,0,976,4492
yolov8x_training,696.819281,70,122.660,13370.3125,100,225,10001,"[0, 100000]","[0, 100000]",0,0,1025,3710
yolov8x_training,697.862029,70,123.792,13370.3125,100,210,10001,"[0, 100000]","[0, 100000]",0,0,1025,3417
yolov8x_training,698.904871,70,125.031,13370.3125,100,210,10001,"[0, 100000]","[0, 100000]",0,0,1123,683
yolov8x_training,699.947718,70,125.856,13370.3125,96,210,10001,"[0, 100000]","[0, 100000]",0,0,14843,292
yolov8x_training,700.991636,70,124.823,13370.3125,84,210,10001,"[0, 100000]","[0, 100000]",0,0,341,292
yolov8x_training,702.034219,70,125.363,13370.3125,39,210,10001,"[0, 100000]","[0, 100000]",0,0,2441,59326
yolov8x_training,703.244474,71,126.021,13370.3125,15,210,10001,"[0, 100000]","[0, 100000]",0,0,1562,3515
yolov8x_training,704.287646,70,124.546,13370.3125,32,210,10001,"[0, 100000]","[0, 100000]",0,0,1318,5126
yolov8x_training,705.330389,70,123.103,13370.3125,59,210,10001,"[0, 100000]","[0, 100000]",0,0,976,3662
yolov8x_training,706.373375,70,120.661,13370.3125,93,210,10001,"[0, 100000]","[0, 100000]",0,0,1513,9960
yolov8x_training,707.416577,70,123.045,13370.3125,100,210,10001,"[0, 100000]","[0, 100000]",0,0,1025,5712
yolov8x_training,708.459375,70,123.104,13370.3125,88,210,10001,"[0, 100000]","[0, 100000]",0,0,1074,4980
yolov8x_training,709.502263,72,120.987,13370.3125,1,210,10001,"[0, 100000]","[0, 100000]",0,0,1025,5517
yolov8x_training,710.545168,69,121.395,13370.3125,0,375,10001,"[0, 100000]","[0, 100000]",0,0,1025,5517
yolov8x_training,711.587835,72,122.151,13370.3125,20,225,10001,"[0, 100000]","[0, 100000]",0,0,1220,5664
yolov8x_training,712.630594,70,124.071,13370.3125,69,360,10001,"[0, 100000]","[0, 100000]",0,0,927,3369
yolov8x_training,713.673372,70,124.390,13370.3125,30,210,10001,"[0, 100000]","[0, 100000]",0,0,1025,4248
yolov8x_training,714.716279,70,121.479,13370.3125,8,390,10001,"[0, 100000]","[0, 100000]",0,0,976,3027
yolov8x_training,715.759334,70,123.284,13370.3125,13,375,10001,"[0, 100000]","[0, 100000]",0,0,1074,3271
yolov8x_training,716.802317,70,122.819,13370.3125,45,210,10001,"[0, 100000]","[0, 100000]",0,0,927,3466
yolov8x_training,717.845209,70,121.545,13370.3125,50,210,10001,"[0, 100000]","[0, 100000]",0,0,1074,3662
yolov8x_training,718.888106,70,123.186,13370.3125,58,210,10001,"[0, 100000]","[0, 100000]",0,0,878,292
yolov8x_training,719.931100,70,126.023,13370.3125,30,210,10001,"[0, 100000]","[0, 100000]",0,0,341,292
yolov8x_training,720.973708,70,124.437,13370.3125,17,210,10001,"[0, 100000]","[0, 100000]",0,0,2539,4785
yolov8x_training,722.194728,71,122.072,13370.3125,33,210,10001,"[0, 100000]","[0, 100000]",0,0,1904,6884
yolov8x_training,723.237802,70,121.744,13370.3125,69,210,10001,"[0, 100000]","[0, 100000]",0,0,878,11523
yolov8x_training,724.280922,70,121.897,13370.3125,47,210,10001,"[0, 100000]","[0, 100000]",0,0,1708,4931
yolov8x_training,725.323725,70,121.267,13370.3125,41,255,10001,"[0, 100000]","[0, 100000]",0,0,976,4248
yolov8x_training,726.366506,70,121.456,13370.3125,64,225,10001,"[0, 100000]","[0, 100000]",0,0,976,3710
yolov8x_training,727.409306,70,123.079,13370.3125,48,240,10001,"[0, 100000]","[0, 100000]",0,0,1074,5322
yolov8x_training,728.452079,70,123.927,13370.3125,22,210,10001,"[0, 100000]","[0, 100000]",0,0,1416,7714
yolov8x_training,729.494866,70,125.089,13370.3125,35,210,10001,"[0, 100000]","[0, 100000]",0,0,1220,3320
yolov8x_training,730.537709,70,123.510,13370.3125,81,210,10001,"[0, 100000]","[0, 100000]",0,0,1025,4101
yolov8x_training,731.580509,70,122.353,13370.3125,84,240,10001,"[0, 100000]","[0, 100000]",0,0,1074,4101
yolov8x_training,732.623281,70,124.787,13370.3125,37,210,10001,"[0, 100000]","[0, 100000]",0,0,976,2685
yolov8x_training,733.666090,70,124.148,13370.3125,90,210,10001,"[0, 100000]","[0, 100000]",0,0,1025,3857
yolov8x_training,734.709040,70,125.174,13370.3125,97,210,10001,"[0, 100000]","[0, 100000]",0,0,634,2490
yolov8x_training,735.751923,70,123.643,13370.3125,100,210,10001,"[0, 100000]","[0, 100000]",0,0,10742,40429
yolov8x_training,736.794852,70,124.674,13370.3125,95,210,10001,"[0, 100000]","[0, 100000]",0,0,341,292
yolov8x_training,737.837453,70,124.097,13370.3125,100,1650,10001,"[0, 100000]","[0, 100000]",0,0,1220,4052
yolov8x_training,738.880235,70,122.083,13370.3125,100,1110,10001,"[0, 100000]","[0, 100000]",0,0,1171,6103
yolov8x_training,740.122819,70,119.726,13370.3125,100,210,10001,"[0, 100000]","[0, 100000]",0,0,9814,36035
yolov8x_training,741.165852,70,117.961,13370.3125,100,210,10001,"[0, 100000]","[0, 100000]",0,0,1562,10400
yolov8x_training,742.208728,70,123.547,13370.3125,100,315,10001,"[0, 100000]","[0, 100000]",0,0,1171,5126
yolov8x_training,743.251374,70,125.649,13370.3125,100,615,10001,"[0, 100000]","[0, 100000]",0,0,976,5126
yolov8x_training,744.294291,70,127.371,13370.3125,100,1335,10001,"[0, 100000]","[0, 100000]",0,0,2099,3759
yolov8x_training,745.337090,69,128.060,13370.3125,100,210,10001,"[0, 100000]","[0, 100000]",0,0,1318,2734
yolov8x_training,746.379274,70,127.726,13370.3125,100,225,10001,"[0, 100000]","[0, 100000]",0,0,1074,3808
yolov8x_training,747.422177,69,122.943,13370.3125,100,210,10001,"[0, 100000]","[0, 100000]",0,0,1123,4101
yolov8x_training,748.464987,69,123.150,13370.3125,100,210,10001,"[0, 100000]","[0, 100000]",0,0,1074,2099
yolov8x_training,749.507929,69,122.221,13370.3125,100,210,10001,"[0, 100000]","[0, 100000]",0,0,927,3417
yolov8x_training,750.550771,70,124.139,13370.3125,100,210,10001,"[0, 100000]","[0, 100000]",0,0,1074,1025
yolov8x_training,751.593681,69,121.650,13370.3125,100,210,10001,"[0, 100000]","[0, 100000]",0,0,439,2832
yolov8x_training,752.636603,70,122.013,13370.3125,100,210,10001,"[0, 100000]","[0, 100000]",0,0,634,2197
yolov8x_training,753.679514,70,121.646,13370.3125,100,210,10001,"[0, 100000]","[0, 100000]",0,0,878,585
yolov8x_training,754.722442,70,123.748,13370.3125,100,210,10001,"[0, 100000]","[0, 100000]",0,0,341,1037451
yolov8x_training,755.765284,70,124.369,13370.3125,100,210,10001,"[0, 100000]","[0, 100000]",0,0,1416,61816
yolov8x_training,756.977260,70,124.102,13370.3125,99,210,10001,"[0, 100000]","[0, 100000]",0,0,1855,9423
yolov8x_training,758.020045,70,124.074,13370.3125,97,210,10001,"[0, 100000]","[0, 100000]",0,0,1269,4150
yolov8x_training,759.063224,70,122.590,13370.3125,97,210,10001,"[0, 100000]","[0, 100000]",0,0,976,3466
yolov8x_training,760.106022,70,123.067,13370.3125,96,210,10001,"[0, 100000]","[0, 100000]",0,0,927,3906
yolov8x_training,761.149756,70,123.859,13370.3125,97,210,10001,"[0, 100000]","[0, 100000]",0,0,2343,3857
yolov8x_training,762.192633,70,123.363,13370.3125,100,210,10001,"[0, 100000]","[0, 100000]",0,0,1171,3320
yolov8x_training,763.235506,70,123.636,13370.3125,100,225,10001,"[0, 100000]","[0, 100000]",0,0,1123,4150
yolov8x_training,764.278309,70,120.982,13370.3125,97,210,10001,"[0, 100000]","[0, 100000]",0,0,976,3906
yolov8x_training,765.321344,70,121.780,13370.3125,97,210,10001,"[0, 100000]","[0, 100000]",0,0,1074,2783
yolov8x_training,766.364208,70,123.163,13370.3125,100,210,10001,"[0, 100000]","[0, 100000]",0,0,1074,3027
yolov8x_training,767.407125,70,124.470,13370.3125,100,210,10001,"[0, 100000]","[0, 100000]",0,0,439,2685
yolov8x_training,768.450069,70,123.882,13370.3125,100,210,10001,"[0, 100000]","[0, 100000]",0,0,683,292
yolov8x_training,769.492868,70,122.840,13370.3125,100,210,10001,"[0, 100000]","[0, 100000]",0,0,341,292
yolov8x_training,770.535884,70,123.716,13370.3125,100,210,10001,"[0, 100000]","[0, 100000]",0,0,341,1039208
yolov8x_training,771.578783,70,124.036,13370.3125,100,210,10001,"[0, 100000]","[0, 100000]",0,0,2929,5078
yolov8x_training,772.622125,70,123.215,13370.3125,98,210,10001,"[0, 100000]","[0, 100000]",0,0,1074,5566
yolov8x_training,773.863316,69,123.142,13370.3125,97,210,10001,"[0, 100000]","[0, 100000]",0,0,9082,39892
yolov8x_training,774.906416,69,123.293,13370.3125,97,210,10001,"[0, 100000]","[0, 100000]",0,0,927,10791
yolov8x_training,775.949179,69,122.538,13370.3125,98,210,10001,"[0, 100000]","[0, 100000]",0,0,1708,4833
yolov8x_training,776.991948,69,123.338,13370.3125,98,210,10001,"[0, 100000]","[0, 100000]",0,0,927,4443
yolov8x_training,778.034704,72,121.668,13370.3125,100,210,10001,"[0, 100000]","[0, 100000]",0,0,1220,5615
yolov8x_training,779.077785,70,121.390,13370.3125,100,210,10001,"[0, 100000]","[0, 100000]",0,0,1513,8349
yolov8x_training,780.120582,70,122.224,13370.3125,97,210,10001,"[0, 100000]","[0, 100000]",0,0,1025,4931
yolov8x_training,781.163288,70,121.662,13370.3125,98,210,10001,"[0, 100000]","[0, 100000]",0,0,1220,5664
yolov8x_training,782.206084,70,123.464,13370.3125,100,225,10001,"[0, 100000]","[0, 100000]",0,0,1025,4052
yolov8x_training,783.248912,70,123.301,13370.3125,100,210,10001,"[0, 100000]","[0, 100000]",0,0,830,3125
yolov8x_training,784.291773,70,123.090,13370.3125,100,375,10001,"[0, 100000]","[0, 100000]",0,0,927,3466
yolov8x_training,785.334750,70,123.546,13370.3125,100,210,10001,"[0, 100000]","[0, 100000]",0,0,537,292
yolov8x_training,786.377593,70,123.983,13370.3125,100,210,10001,"[0, 100000]","[0, 100000]",0,0,341,1040771
yolov8x_training,787.420915,70,121.766,13370.3125,100,210,10001,"[0, 100000]","[0, 100000]",0,0,1074,6542
yolov8x_training,788.628294,69,119.963,13370.3125,100,210,10001,"[0, 100000]","[0, 100000]",0,0,1464,3759
yolov8x_training,789.671073,70,125.266,13370.3125,100,1125,10001,"[0, 100000]","[0, 100000]",0,0,1171,4003
yolov8x_training,790.713954,70,126.110,13370.3125,100,2385,10001,"[0, 100000]","[0, 100000]",0,0,1171,5517
yolov8x_training,791.756846,70,127.208,13370.3125,100,2505,10001,"[0, 100000]","[0, 100000]",0,0,1074,7177
yolov8x_training,792.799675,70,127.680,13370.3125,100,2400,10001,"[0, 100000]","[0, 100000]",0,0,1220,5224
yolov8x_training,793.842445,70,129.470,13370.3125,100,225,10001,"[0, 100000]","[0, 100000]",0,0,976,4296
yolov8x_training,794.885234,70,121.936,13370.3125,100,225,10001,"[0, 100000]","[0, 100000]",0,0,1025,3564
yolov8x_training,795.928134,70,123.424,13370.3125,100,225,10001,"[0, 100000]","[0, 100000]",0,0,1123,2392
yolov8x_training,796.970935,70,123.231,13370.3125,100,225,10001,"[0, 100000]","[0, 100000]",0,0,927,3906
yolov8x_training,798.013861,70,123.899,13370.3125,100,210,10001,"[0, 100000]","[0, 100000]",0,0,537,2441
yolov8x_training,799.056709,70,123.605,13370.3125,100,210,10001,"[0, 100000]","[0, 100000]",0,0,13818,292
yolov8x_training,800.099422,70,124.430,13370.3125,100,210,10001,"[0, 100000]","[0, 100000]",0,0,341,1039941
yolov8x_training,801.142271,69,123.741,13370.3125,100,210,10001,"[0, 100000]","[0, 100000]",0,0,1123,63623
yolov8x_training,802.363687,69,123.413,13370.3125,100,210,10001,"[0, 100000]","[0, 100000]",0,0,10351,11230
yolov8x_training,803.406723,69,122.409,13370.3125,100,210,10001,"[0, 100000]","[0, 100000]",0,0,1269,4541
yolov8x_training,804.449549,69,123.166,13370.3125,100,210,10001,"[0, 100000]","[0, 100000]",0,0,1171,4785
yolov8x_training,805.492342,71,121.620,13370.3125,100,210,10001,"[0, 100000]","[0, 100000]",0,0,976,4345
yolov8x_training,806.535139,70,122.629,13370.3125,100,210,10001,"[0, 100000]","[0, 100000]",0,0,1074,5224
yolov8x_training,807.577823,69,122.518,13370.3125,100,225,10001,"[0, 100000]","[0, 100000]",0,0,2099,3808
yolov8x_training,808.620631,70,122.020,13370.3125,100,225,10001,"[0, 100000]","[0, 100000]",0,0,1171,5517
yolov8x_training,809.663341,70,123.662,13370.3125,100,390,10001,"[0, 100000]","[0, 100000]",0,0,1025,4150
yolov8x_training,810.706136,70,122.144,13370.3125,65,285,10001,"[0, 100000]","[0, 100000]",0,0,1123,3662
yolov8x_training,811.748950,70,122.970,13370.3125,100,210,10001,"[0, 100000]","[0, 100000]",0,0,1171,2441
yolov8x_training,812.792023,70,122.940,13370.3125,92,210,10001,"[0, 100000]","[0, 100000]",0,0,976,3564
yolov8x_training,813.834910,70,123.687,13370.3125,77,210,10001,"[0, 100000]","[0, 100000]",0,0,439,2636
yolov8x_training,814.877757,70,122.846,13370.3125,37,210,10001,"[0, 100000]","[0, 100000]",0,0,13574,12695
yolov8x_training,815.920651,70,123.636,13370.3125,53,210,10001,"[0, 100000]","[0, 100000]",0,0,341,1030566
yolov8x_training,816.963428,70,125.547,13370.3125,29,210,10001,"[0, 100000]","[0, 100000]",0,0,1464,56396
yolov8x_training,818.174060,70,122.805,13370.3125,46,225,10001,"[0, 100000]","[0, 100000]",0,0,9960,9082
yolov8x_training,819.216843,70,122.646,13370.3125,8,210,10001,"[0, 100000]","[0, 100000]",0,0,927,8740
yolov8x_training,820.259700,70,123.386,13370.3125,40,210,10001,"[0, 100000]","[0, 100000]",0,0,1123,5371
yolov8x_training,821.302638,70,120.998,13370.3125,72,210,10001,"[0, 100000]","[0, 100000]",0,0,1074,5126
yolov8x_training,822.345644,69,119.786,13370.3125,96,210,10001,"[0, 100000]","[0, 100000]",0,0,1416,5712
yolov8x_training,823.388358,70,120.071,13370.3125,100,210,10001,"[0, 100000]","[0, 100000]",0,0,1367,4248
yolov8x_training,824.431214,70,123.008,13370.3125,100,210,10001,"[0, 100000]","[0, 100000]",0,0,1220,6054
yolov8x_training,825.473923,70,124.323,13370.3125,93,210,10001,"[0, 100000]","[0, 100000]",0,0,1025,3759
yolov8x_training,826.516680,70,122.797,13370.3125,100,210,10001,"[0, 100000]","[0, 100000]",0,0,1025,3662
yolov8x_training,827.559410,70,124.795,13370.3125,93,210,10001,"[0, 100000]","[0, 100000]",0,0,781,3173
yolov8x_training,828.602195,70,124.813,13370.3125,100,225,10001,"[0, 100000]","[0, 100000]",0,0,976,1367
yolov8x_training,829.644976,70,123.609,13370.3125,100,210,10001,"[0, 100000]","[0, 100000]",0,0,341,292
yolov8x_training,830.687587,70,123.816,13370.3125,100,210,10001,"[0, 100000]","[0, 100000]",0,0,341,1031054
yolov8x_training,831.902965,70,123.467,13370.3125,100,210,10001,"[0, 100000]","[0, 100000]",0,0,8886,41748
yolov8x_training,832.945699,69,124.121,13370.3125,98,210,10001,"[0, 100000]","[0, 100000]",0,0,1416,7861
yolov8x_training,833.988415,69,123.731,13370.3125,97,210,10001,"[0, 100000]","[0, 100000]",0,0,878,4150
yolov8x_training,835.031181,69,123.436,13370.3125,97,210,10001,"[0, 100000]","[0, 100000]",0,0,976,4589
yolov8x_training,836.074326,69,122.078,13370.3125,98,210,10001,"[0, 100000]","[0, 100000]",0,0,1074,12353
yolov8x_training,837.117218,70,122.476,13370.3125,98,210,10001,"[0, 100000]","[0, 100000]",0,0,1025,5566
yolov8x_training,838.159942,70,122.375,13370.3125,100,210,10001,"[0, 100000]","[0, 100000]",0,0,1220,3417
yolov8x_training,839.202681,70,122.176,13370.3125,98,210,10001,"[0, 100000]","[0, 100000]",0,0,1171,3027
yolov8x_training,840.245611,70,123.232,13370.3125,98,210,10001,"[0, 100000]","[0, 100000]",0,0,1074,4150
yolov8x_training,841.288396,70,122.177,13370.3125,100,210,10001,"[0, 100000]","[0, 100000]",0,0,781,2783
yolov8x_training,842.331288,70,123.814,13370.3125,100,210,10001,"[0, 100000]","[0, 100000]",0,0,1074,2246
yolov8x_training,843.374209,70,122.432,13370.3125,100,210,10001,"[0, 100000]","[0, 100000]",0,0,927,1416
yolov8x_training,844.417088,70,125.337,13370.3125,100,210,10001,"[0, 100000]","[0, 100000]",0,0,341,292
yolov8x_training,845.459755,70,124.615,13370.3125,100,210,10001,"[0, 100000]","[0, 100000]",0,0,2685,12353
yolov8x_training,846.503256,70,123.748,13370.3125,100,210,10001,"[0, 100000]","[0, 100000]",0,0,3759,59716
yolov8x_training,847.708759,70,124.896,13370.3125,100,210,10001,"[0, 100000]","[0, 100000]",0,0,1171,8935
yolov8x_training,848.751634,70,123.723,13370.3125,100,210,10001,"[0, 100000]","[0, 100000]",0,0,2050,5273
yolov8x_training,849.794625,70,122.595,13370.3125,100,210,10001,"[0, 100000]","[0, 100000]",0,0,976,4345
yolov8x_training,850.837569,70,122.924,13370.3125,100,210,10001,"[0, 100000]","[0, 100000]",0,0,976,3369
yolov8x_training,851.880649,70,121.862,13370.3125,100,210,10001,"[0, 100000]","[0, 100000]",0,0,2197,4785
yolov8x_training,852.923448,70,122.347,13370.3125,100,210,10001,"[0, 100000]","[0, 100000]",0,0,1220,5126
yolov8x_training,853.966177,70,123.446,13370.3125,100,210,10001,"[0, 100000]","[0, 100000]",0,0,1171,3466
yolov8x_training,855.008904,70,122.149,13370.3125,100,210,10001,"[0, 100000]","[0, 100000]",0,0,1025,2978
yolov8x_training,856.051675,70,123.532,13370.3125,100,210,10001,"[0, 100000]","[0, 100000]",0,0,1074,3613
yolov8x_training,857.094386,70,124.365,13370.3125,100,210,10001,"[0, 100000]","[0, 100000]",0,0,927,3173
yolov8x_training,858.137235,70,124.951,13370.3125,100,210,10001,"[0, 100000]","[0, 100000]",0,0,878,1367
yolov8x_training,859.180005,70,124.312,13370.3125,100,210,10001,"[0, 100000]","[0, 100000]",0,0,878,439
yolov8x_training,860.222837,70,123.544,13370.3125,100,225,10001,"[0, 100000]","[0, 100000]",0,0,341,341
yolov8x_training,861.265560,70,123.821,13370.3125,100,210,10001,"[0, 100000]","[0, 100000]",0,0,2197,4492
yolov8x_training,862.489804,70,128.166,13370.3125,100,210,10001,"[0, 100000]","[0, 100000]",0,0,9619,35693
yolov8x_training,863.532987,70,126.847,13370.3125,100,210,10001,"[0, 100000]","[0, 100000]",0,0,1416,10400
yolov8x_training,864.575735,70,128.900,13370.3125,100,210,10001,"[0, 100000]","[0, 100000]",0,0,976,4248
yolov8x_training,865.618537,70,124.280,13370.3125,100,210,10001,"[0, 100000]","[0, 100000]",0,0,1171,6787
yolov8x_training,866.662656,70,124.339,13370.3125,100,210,10001,"[0, 100000]","[0, 100000]",0,0,1953,4199
yolov8x_training,867.705399,70,122.872,13370.3125,100,210,10001,"[0, 100000]","[0, 100000]",0,0,1220,5126
yolov8x_training,868.748281,70,122.391,13370.3125,100,210,10001,"[0, 100000]","[0, 100000]",0,0,1074,3613
yolov8x_training,869.791144,70,124.449,13370.3125,100,210,10001,"[0, 100000]","[0, 100000]",0,0,927,4394
yolov8x_training,870.833833,70,123.531,13370.3125,100,210,10001,"[0, 100000]","[0, 100000]",0,0,927,3857
yolov8x_training,871.876648,70,124.451,13370.3125,100,210,10001,"[0, 100000]","[0, 100000]",0,0,1074,3466
yolov8x_training,872.919425,70,124.474,13370.3125,100,210,10001,"[0, 100000]","[0, 100000]",0,0,927,1318
yolov8x_training,873.962226,70,124.556,13370.3125,100,210,10001,"[0, 100000]","[0, 100000]",0,0,11962,292
yolov8x_training,875.004947,70,123.939,13370.3125,100,210,10001,"[0, 100000]","[0, 100000]",0,0,341,292
yolov8x_training,876.047531,70,124.597,13370.3125,98,210,10001,"[0, 100000]","[0, 100000]",0,0,976,6542
yolov8x_training,877.253387,70,123.986,13370.3125,83,210,10001,"[0, 100000]","[0, 100000]",0,0,1074,9570
yolov8x_training,878.296177,70,125.407,13370.3125,69,210,10001,"[0, 100000]","[0, 100000]",0,0,927,8740
yolov8x_training,879.338933,70,122.736,13370.3125,77,210,10001,"[0, 100000]","[0, 100000]",0,0,1220,3808
yolov8x_training,880.381811,70,125.614,13370.3125,36,255,10001,"[0, 100000]","[0, 100000]",0,0,1074,4638
yolov8x_training,881.424684,70,123.201,13370.3125,10,240,10001,"[0, 100000]","[0, 100000]",0,0,1562,8496
yolov8x_training,882.467457,70,121.655,13370.3125,27,210,10001,"[0, 100000]","[0, 100000]",0,0,1513,6835
yolov8x_training,883.510217,70,123.004,13370.3125,37,255,10001,"[0, 100000]","[0, 100000]",0,0,1171,5273
yolov8x_training,884.553020,70,121.768,13370.3125,23,210,10001,"[0, 100000]","[0, 100000]",0,0,1318,2294
yolov8x_training,885.595805,70,123.557,13370.3125,37,210,10001,"[0, 100000]","[0, 100000]",0,0,927,4296
yolov8x_training,886.638595,70,124.128,13370.3125,24,225,10001,"[0, 100000]","[0, 100000]",0,0,878,3710
yolov8x_training,887.681354,70,121.893,13370.3125,46,210,10001,"[0, 100000]","[0, 100000]",0,0,1025,3662
yolov8x_training,888.724228,70,123.242,13370.3125,41,210,10001,"[0, 100000]","[0, 100000]",0,0,585,2294
yolov8x_training,889.767058,70,124.701,13370.3125,71,210,10001,"[0, 100000]","[0, 100000]",0,0,4882,292
yolov8x_training,890.809690,70,123.865,13370.3125,61,210,10001,"[0, 100000]","[0, 100000]",0,0,88623,15283
yolov8x_training,892.012064,70,125.329,13370.3125,96,930,10001,"[0, 100000]","[0, 100000]",0,0,9667,36132
yolov8x_training,893.055008,70,125.774,13370.3125,100,210,10001,"[0, 100000]","[0, 100000]",0,0,2050,5712
yolov8x_training,894.097862,70,126.617,13370.3125,100,210,10001,"[0, 100000]","[0, 100000]",0,0,1708,5468
yolov8x_training,895.140643,70,127.067,13370.3125,100,210,10001,"[0, 100000]","[0, 100000]",0,0,976,3906
yolov8x_training,896.183718,70,128.947,13370.3125,100,210,10001,"[0, 100000]","[0, 100000]",0,0,2050,5078
yolov8x_training,897.226578,70,126.977,13370.3125,100,210,10001,"[0, 100000]","[0, 100000]",0,0,1171,5615
yolov8x_training,898.269363,70,123.663,13370.3125,98,210,10001,"[0, 100000]","[0, 100000]",0,0,976,3613
yolov8x_training,899.312188,70,123.231,13370.3125,97,210,10001,"[0, 100000]","[0, 100000]",0,0,1074,2929
yolov8x_training,900.354979,70,123.294,13370.3125,98,210,10001,"[0, 100000]","[0, 100000]",0,0,1123,3076
yolov8x_training,901.397786,70,122.976,13370.3125,100,210,10001,"[0, 100000]","[0, 100000]",0,0,830,19189
yolov8x_training,902.440763,70,122.922,13370.3125,98,210,10001,"[0, 100000]","[0, 100000]",0,0,927,1123
yolov8x_training,903.483586,70,123.909,13370.3125,97,210,10001,"[0, 100000]","[0, 100000]",0,0,341,292
yolov8x_training,904.526309,70,124.394,13370.3125,100,210,10001,"[0, 100000]","[0, 100000]",0,0,90771,15380
yolov8x_training,905.569775,70,124.839,13370.3125,100,210,10001,"[0, 100000]","[0, 100000]",0,0,1318,61572
yolov8x_training,906.787258,71,124.404,13370.3125,100,210,10001,"[0, 100000]","[0, 100000]",0,0,1806,5957
yolov8x_training,907.830021,70,122.679,13370.3125,100,240,10001,"[0, 100000]","[0, 100000]",0,0,1171,4785
yolov8x_training,908.872810,70,120.453,13370.3125,100,240,10001,"[0, 100000]","[0, 100000]",0,0,976,3564
yolov8x_training,909.915628,70,120.708,13370.3125,100,255,10001,"[0, 100000]","[0, 100000]",0,0,1220,4638
yolov8x_training,910.958705,70,122.201,13370.3125,100,240,10001,"[0, 100000]","[0, 100000]",0,0,1464,10058
yolov8x_training,912.001757,70,124.507,13370.3125,100,210,10001,"[0, 100000]","[0, 100000]",0,0,1318,2783
yolov8x_training,913.044601,70,124.676,13370.3125,100,210,10001,"[0, 100000]","[0, 100000]",0,0,1025,3613
yolov8x_training,914.087476,70,124.192,13370.3125,100,210,10001,"[0, 100000]","[0, 100000]",0,0,830,3173
yolov8x_training,915.130263,70,123.717,13370.3125,100,210,10001,"[0, 100000]","[0, 100000]",0,0,1025,2441
yolov8x_training,916.173131,70,123.732,13370.3125,100,225,10001,"[0, 100000]","[0, 100000]",0,0,390,292
yolov8x_training,917.216176,70,124.177,13370.3125,100,210,10001,"[0, 100000]","[0, 100000]",0,0,341,1035839
yolov8x_training,918.258910,70,123.456,13370.3125,100,210,10001,"[0, 100000]","[0, 100000]",0,0,1318,4003
yolov8x_training,919.481821,70,122.791,13370.3125,100,210,10001,"[0, 100000]","[0, 100000]",0,0,6933,51611
yolov8x_training,920.524519,70,121.818,13370.3125,100,210,10001,"[0, 100000]","[0, 100000]",0,0,5273,3808
yolov8x_training,921.567334,70,123.826,13370.3125,100,2505,10001,"[0, 100000]","[0, 100000]",0,0,781,9960
yolov8x_training,922.610150,70,123.290,13370.3125,100,210,10001,"[0, 100000]","[0, 100000]",0,0,1171,4785
yolov8x_training,923.652926,70,124.520,13370.3125,100,210,10001,"[0, 100000]","[0, 100000]",0,0,1074,5371
yolov8x_training,924.695771,70,124.077,13370.3125,100,210,10001,"[0, 100000]","[0, 100000]",0,0,927,5712
yolov8x_training,925.738628,70,122.505,13370.3125,100,210,10001,"[0, 100000]","[0, 100000]",0,0,976,4687
yolov8x_training,926.781523,70,122.446,13370.3125,100,210,10001,"[0, 100000]","[0, 100000]",0,0,1367,2734
yolov8x_training,927.824286,70,124.193,13370.3125,100,210,10001,"[0, 100000]","[0, 100000]",0,0,1074,4101
yolov8x_training,928.867105,70,123.119,13370.3125,100,210,10001,"[0, 100000]","[0, 100000]",0,0,976,3857
yolov8x_training,929.909915,70,122.178,13370.3125,100,210,10001,"[0, 100000]","[0, 100000]",0,0,1025,3613
yolov8x_training,930.952756,70,123.887,13370.3125,100,210,10001,"[0, 100000]","[0, 100000]",0,0,439,2490
yolov8x_training,931.995512,70,124.594,13370.3125,96,210,10001,"[0, 100000]","[0, 100000]",0,0,292,292
yolov8x_training,933.038177,70,123.235,13370.3125,100,210,10001,"[0, 100000]","[0, 100000]",0,0,341,292
yolov8x_training,934.080734,70,124.313,13370.3125,92,210,10001,"[0, 100000]","[0, 100000]",0,0,89257,20263
yolov8x_training,935.124192,69,125.372,13370.3125,51,210,10001,"[0, 100000]","[0, 100000]",0,0,1416,64208
yolov8x_training,936.328457,70,123.148,13370.3125,55,210,10001,"[0, 100000]","[0, 100000]",0,0,4003,6250
yolov8x_training,937.371236,69,123.954,13370.3125,76,285,10001,"[0, 100000]","[0, 100000]",0,0,830,8691
yolov8x_training,938.413977,71,125.532,13370.3125,36,210,10001,"[0, 100000]","[0, 100000]",0,0,1025,4199
yolov8x_training,939.456822,70,121.450,13370.3125,25,255,10001,"[0, 100000]","[0, 100000]",0,0,1074,4589
yolov8x_training,940.499686,70,121.122,13370.3125,24,330,10001,"[0, 100000]","[0, 100000]",0,0,1025,6396
yolov8x_training,941.542458,69,122.094,13370.3125,47,210,10001,"[0, 100000]","[0, 100000]",0,0,1074,6884
yolov8x_training,942.585219,69,122.996,13370.3125,52,450,10001,"[0, 100000]","[0, 100000]",0,0,1171,5566
yolov8x_training,943.627944,70,124.140,13370.3125,17,210,10001,"[0, 100000]","[0, 100000]",0,0,1025,3759
yolov8x_training,944.670699,70,123.748,13370.3125,33,240,10001,"[0, 100000]","[0, 100000]",0,0,1074,2099
yolov8x_training,945.713512,70,123.901,13370.3125,40,225,10001,"[0, 100000]","[0, 100000]",0,0,976,3369
yolov8x_training,946.756390,70,121.943,13370.3125,86,255,10001,"[0, 100000]","[0, 100000]",0,0,927,3613
yolov8x_training,947.799215,70,122.825,13370.3125,69,255,10001,"[0, 100000]","[0, 100000]",0,0,585,2490
yolov8x_training,948.842050,70,124.224,13370.3125,77,210,10001,"[0, 100000]","[0, 100000]",0,0,341,292
yolov8x_training,949.884751,70,125.023,13370.3125,96,585,10001,"[0, 100000]","[0, 100000]",0,0,4345,61718
yolov8x_training,951.093269,70,126.417,13370.3125,100,2190,10001,"[0, 100000]","[0, 100000]",0,0,1025,9375
yolov8x_training,952.136095,70,126.565,13370.3125,100,2490,10001,"[0, 100000]","[0, 100000]",0,0,976,10058
yolov8x_training,953.178906,70,127.683,13370.3125,100,2130,10001,"[0, 100000]","[0, 100000]",0,0,1074,3564
yolov8x_training,954.221714,70,126.893,13370.3125,100,210,10001,"[0, 100000]","[0, 100000]",0,0,927,3955
yolov8x_training,955.264667,70,124.190,13370.3125,100,1860,10001,"[0, 100000]","[0, 100000]",0,0,1660,7519
yolov8x_training,956.307463,70,128.204,13370.3125,97,210,10001,"[0, 100000]","[0, 100000]",0,0,1269,3466
yolov8x_training,957.350239,70,123.014,13370.3125,100,210,10001,"[0, 100000]","[0, 100000]",0,0,927,3027
yolov8x_training,958.393106,70,122.430,13370.3125,100,210,10001,"[0, 100000]","[0, 100000]",0,0,927,4003
yolov8x_training,959.435892,70,123.735,13370.3125,98,210,10001,"[0, 100000]","[0, 100000]",0,0,830,2734
yolov8x_training,960.478709,70,123.022,13370.3125,97,225,10001,"[0, 100000]","[0, 100000]",0,0,1074,3613
yolov8x_training,961.521559,71,122.494,13370.3125,100,210,10001,"[0, 100000]","[0, 100000]",0,0,1074,3369
yolov8x_training,962.564353,70,123.697,13370.3125,97,225,10001,"[0, 100000]","[0, 100000]",0,0,878,976
yolov8x_training,963.607146,70,123.841,13370.3125,98,225,10001,"[0, 100000]","[0, 100000]",0,0,341,292
yolov8x_training,964.649714,70,124.516,13370.3125,97,210,10001,"[0, 100000]","[0, 100000]",0,0,89892,11181
yolov8x_training,965.692911,70,122.394,13370.3125,97,210,10001,"[0, 100000]","[0, 100000]",0,0,2490,61962
yolov8x_training,966.895509,69,124.980,13370.3125,98,210,10001,"[0, 100000]","[0, 100000]",0,0,1464,4345
yolov8x_training,967.938366,69,120.597,13370.3125,100,210,10001,"[0, 100000]","[0, 100000]",0,0,830,11474
yolov8x_training,968.981698,69,122.215,13370.3125,100,210,10001,"[0, 100000]","[0, 100000]",0,0,1123,4785
yolov8x_training,970.024649,69,124.486,13370.3125,98,210,10001,"[0, 100000]","[0, 100000]",0,0,1025,4296
yolov8x_training,971.067645,69,123.204,13370.3125,100,210,10001,"[0, 100000]","[0, 100000]",0,0,2197,3955
yolov8x_training,972.110514,69,122.475,13370.3125,100,210,10001,"[0, 100000]","[0, 100000]",0,0,1171,5664
yolov8x_training,973.153285,70,123.984,13370.3125,100,405,10001,"[0, 100000]","[0, 100000]",0,0,976,3173
yolov8x_training,974.196171,70,124.597,13370.3125,100,210,10001,"[0, 100000]","[0, 100000]",0,0,1171,2343
yolov8x_training,975.239067,70,122.638,13370.3125,100,210,10001,"[0, 100000]","[0, 100000]",0,0,927,3710
yolov8x_training,976.282102,70,122.108,13370.3125,100,210,10001,"[0, 100000]","[0, 100000]",0,0,927,4052
yolov8x_training,977.324995,70,121.500,13370.3125,100,300,10001,"[0, 100000]","[0, 100000]",0,0,1025,3466
yolov8x_training,978.367890,70,122.644,13370.3125,100,210,10001,"[0, 100000]","[0, 100000]",0,0,732,1269
yolov8x_training,979.410773,70,123.748,13370.3125,100,210,10001,"[0, 100000]","[0, 100000]",0,0,439,292
yolov8x_training,980.453565,70,125.599,13370.3125,100,210,10001,"[0, 100000]","[0, 100000]",0,0,341,1034521
yolov8x_training,981.496681,70,123.367,13370.3125,100,210,10001,"[0, 100000]","[0, 100000]",0,0,1123,4931
yolov8x_training,982.539497,70,122.147,13370.3125,100,210,10001,"[0, 100000]","[0, 100000]",0,0,1318,63671
yolov8x_training,983.753881,71,123.636,13370.3125,100,210,10001,"[0, 100000]","[0, 100000]",0,0,732,9960
yolov8x_training,984.796778,70,124.387,13370.3125,100,210,10001,"[0, 100000]","[0, 100000]",0,0,976,8740
yolov8x_training,985.839710,72,122.319,13370.3125,100,330,10001,"[0, 100000]","[0, 100000]",0,0,878,11132
yolov8x_training,986.882716,72,121.721,13370.3125,100,405,10001,"[0, 100000]","[0, 100000]",0,0,1123,5810
yolov8x_training,987.925744,71,123.138,13370.3125,100,225,10001,"[0, 100000]","[0, 100000]",0,0,976,4882
yolov8x_training,988.968683,71,122.616,13370.3125,100,210,10001,"[0, 100000]","[0, 100000]",0,0,1025,4589
yolov8x_training,990.011524,71,124.091,13370.3125,100,210,10001,"[0, 100000]","[0, 100000]",0,0,1171,5664
yolov8x_training,991.054346,70,124.392,13370.3125,100,225,10001,"[0, 100000]","[0, 100000]",0,0,927,4541
yolov8x_training,992.097154,70,124.158,13370.3125,100,210,10001,"[0, 100000]","[0, 100000]",0,0,1171,2343
yolov8x_training,993.140029,70,122.572,13370.3125,100,210,10001,"[0, 100000]","[0, 100000]",0,0,927,2246
yolov8x_training,994.182907,70,124.793,13370.3125,100,210,10001,"[0, 100000]","[0, 100000]",0,0,976,4296
yolov8x_training,995.225756,70,123.198,13370.3125,100,210,10001,"[0, 100000]","[0, 100000]",0,0,634,2099
yolov8x_training,996.268681,70,123.879,13370.3125,100,210,10001,"[0, 100000]","[0, 100000]",0,0,8251,292
yolov8x_training,997.311448,70,123.458,13370.3125,100,210,10001,"[0, 100000]","[0, 100000]",0,0,341,292
yolov8x_training,998.354077,70,124.371,13370.3125,100,2100,10001,"[0, 100000]","[0, 100000]",0,0,2392,5371
yolov8x_training,999.565664,70,125.513,13370.3125,100,960,10001,"[0, 100000]","[0, 100000]",0,0,9619,36376
yolov8x_training,1000.608727,70,125.185,13370.3125,100,1845,10001,"[0, 100000]","[0, 100000]",0,0,5029,3955
yolov8x_training,1001.651438,70,125.349,13370.3125,100,2130,10001,"[0, 100000]","[0, 100000]",0,0,1757,6152
yolov8x_training,1002.694279,70,126.145,13370.3125,100,2445,10001,"[0, 100000]","[0, 100000]",0,0,976,3808
yolov8x_training,1003.737226,70,127.642,13370.3125,100,210,10001,"[0, 100000]","[0, 100000]",0,0,1123,5126
yolov8x_training,1004.780111,70,128.303,13370.3125,100,210,10001,"[0, 100000]","[0, 100000]",0,0,878,4931
yolov8x_training,1005.822855,70,128.753,13370.3125,100,210,10001,"[0, 100000]","[0, 100000]",0,0,976,4443
yolov8x_training,1006.865619,70,123.301,13370.3125,100,225,10001,"[0, 100000]","[0, 100000]",0,0,1025,4296
yolov8x_training,1007.908415,70,123.897,13370.3125,100,210,10001,"[0, 100000]","[0, 100000]",0,0,1025,3417
yolov8x_training,1008.951233,70,122.090,13370.3125,100,210,10001,"[0, 100000]","[0, 100000]",0,0,878,3759
yolov8x_training,1009.994019,70,123.558,13370.3125,100,210,10001,"[0, 100000]","[0, 100000]",0,0,683,1953
yolov8x_training,1011.036834,70,122.616,13370.3125,100,210,10001,"[0, 100000]","[0, 100000]",0,0,830,341
yolov8x_training,1012.079616,70,122.486,13370.3125,100,210,10001,"[0, 100000]","[0, 100000]",0,0,12548,341
yolov8x_training,1013.122309,70,123.307,13370.3125,100,210,10001,"[0, 100000]","[0, 100000]",0,0,341,1030126
yolov8x_training,1014.165425,69,123.292,13370.3125,100,210,10001,"[0, 100000]","[0, 100000]",0,0,4150,62548
yolov8x_training,1015.377082,72,125.637,13370.3125,100,210,10001,"[0, 100000]","[0, 100000]",0,0,8642,34619
yolov8x_training,1016.419884,69,122.522,13370.3125,100,210,10001,"[0, 100000]","[0, 100000]",0,0,3466,5029
yolov8x_training,1017.462740,69,122.737,13370.3125,100,210,10001,"[0, 100000]","[0, 100000]",0,0,1611,5664
yolov8x_training,1018.505512,71,122.643,13370.3125,100,210,10001,"[0, 100000]","[0, 100000]",0,0,1025,4052
yolov8x_training,1019.548652,71,121.263,13370.3125,100,210,10001,"[0, 100000]","[0, 100000]",0,0,1025,4980
yolov8x_training,1020.591565,70,122.323,13370.3125,100,210,10001,"[0, 100000]","[0, 100000]",0,0,1074,4687
yolov8x_training,1021.634430,70,122.788,13370.3125,100,210,10001,"[0, 100000]","[0, 100000]",0,0,1904,5126
yolov8x_training,1022.677307,70,122.645,13370.3125,100,210,10001,"[0, 100000]","[0, 100000]",0,0,1269,3271
yolov8x_training,1023.720063,70,123.025,13370.3125,100,210,10001,"[0, 100000]","[0, 100000]",0,0,1074,3466
yolov8x_training,1024.762877,70,121.125,13370.3125,100,210,10001,"[0, 100000]","[0, 100000]",0,0,976,3515
yolov8x_training,1025.805670,70,123.604,13370.3125,100,225,10001,"[0, 100000]","[0, 100000]",0,0,732,2783
yolov8x_training,1026.848473,70,122.554,13370.3125,93,210,10001,"[0, 100000]","[0, 100000]",0,0,1074,3613
yolov8x_training,1027.891321,70,122.092,13370.3125,58,210,10001,"[0, 100000]","[0, 100000]",0,0,927,39453
yolov8x_training,1028.934127,70,123.285,13370.3125,67,210,10001,"[0, 100000]","[0, 100000]",0,0,830,292
yolov8x_training,1029.976909,70,124.653,13370.3125,71,210,10001,"[0, 100000]","[0, 100000]",0,0,292,1030126
yolov8x_training,1031.020110,70,123.139,13370.3125,46,210,10001,"[0, 100000]","[0, 100000]",0,0,90722,17529
yolov8x_training,1032.253036,70,124.033,13370.3125,62,210,10001,"[0, 100000]","[0, 100000]",0,0,9375,38525
yolov8x_training,1033.295936,70,124.681,13370.3125,32,210,10001,"[0, 100000]","[0, 100000]",0,0,1855,6982
yolov8x_training,1034.338729,70,124.666,13370.3125,18,210,10001,"[0, 100000]","[0, 100000]",0,0,2099,5957
yolov8x_training,1035.381793,70,123.481,13370.3125,21,210,10001,"[0, 100000]","[0, 100000]",0,0,1220,3906
yolov8x_training,1036.424811,70,123.295,13370.3125,49,345,10001,"[0, 100000]","[0, 100000]",0,0,1025,3564
yolov8x_training,1037.467645,70,123.234,13370.3125,65,210,10001,"[0, 100000]","[0, 100000]",0,0,976,5273
yolov8x_training,1038.510436,70,122.288,13370.3125,36,210,10001,"[0, 100000]","[0, 100000]",0,0,1513,8837
yolov8x_training,1039.553321,70,122.394,13370.3125,32,210,10001,"[0, 100000]","[0, 100000]",0,0,1025,5175
yolov8x_training,1040.596173,70,124.018,13370.3125,66,210,10001,"[0, 100000]","[0, 100000]",0,0,1074,3710
yolov8x_training,1041.638943,70,123.157,13370.3125,36,240,10001,"[0, 100000]","[0, 100000]",0,0,1025,4052
yolov8x_training,1042.681755,70,124.214,13370.3125,17,225,10001,"[0, 100000]","[0, 100000]",0,0,1074,3515
yolov8x_training,1043.724505,70,124.959,13370.3125,72,210,10001,"[0, 100000]","[0, 100000]",0,0,1171,439
yolov8x_training,1044.767355,70,124.745,13370.3125,59,210,10001,"[0, 100000]","[0, 100000]",0,0,878,488
yolov8x_training,1045.810293,70,125.097,13370.3125,94,210,10001,"[0, 100000]","[0, 100000]",0,0,341,1033105
yolov8x_training,1046.853355,70,124.495,13370.3125,100,2475,10001,"[0, 100000]","[0, 100000]",0,0,1220,4345
yolov8x_training,1047.896168,70,122.580,13370.3125,100,1770,10001,"[0, 100000]","[0, 100000]",0,0,1074,5273
yolov8x_training,1049.113213,70,119.469,13370.3125,100,1170,10001,"[0, 100000]","[0, 100000]",0,0,4248,2539
yolov8x_training,1050.155935,70,124.533,13370.3125,100,2160,10001,"[0, 100000]","[0, 100000]",0,0,1904,5419
yolov8x_training,1051.198716,70,125.535,13370.3125,100,2400,10001,"[0, 100000]","[0, 100000]",0,0,976,4443
yolov8x_training,1052.241576,70,127.334,13370.3125,100,2505,10001,"[0, 100000]","[0, 100000]",0,0,878,4492
yolov8x_training,1053.284511,70,126.021,13370.3125,100,210,10001,"[0, 100000]","[0, 100000]",0,0,1025,5419
yolov8x_training,1054.327375,70,126.747,13370.3125,100,1095,10001,"[0, 100000]","[0, 100000]",0,0,1220,5273
yolov8x_training,1055.370161,70,128.238,13370.3125,100,225,10001,"[0, 100000]","[0, 100000]",0,0,927,4541
yolov8x_training,1056.412832,70,126.780,13370.3125,100,210,10001,"[0, 100000]","[0, 100000]",0,0,976,3222
yolov8x_training,1057.455641,70,122.061,13370.3125,100,210,10001,"[0, 100000]","[0, 100000]",0,0,1269,2490
yolov8x_training,1058.498666,70,123.524,13370.3125,100,210,10001,"[0, 100000]","[0, 100000]",0,0,1025,3417
yolov8x_training,1059.541473,70,122.774,13370.3125,100,225,10001,"[0, 100000]","[0, 100000]",0,0,976,1318
yolov8x_training,1060.584226,70,124.198,13370.3125,100,225,10001,"[0, 100000]","[0, 100000]",0,0,732,292
yolov8x_training,1061.626905,70,123.530,13370.3125,96,210,10001,"[0, 100000]","[0, 100000]",0,0,390,1035546
yolov8x_training,1062.669752,69,124.555,13370.3125,97,210,10001,"[0, 100000]","[0, 100000]",0,0,1074,6103
yolov8x_training,1063.881723,69,122.195,13370.3125,98,210,10001,"[0, 100000]","[0, 100000]",0,0,9277,36816
yolov8x_training,1064.924642,69,123.189,13370.3125,96,210,10001,"[0, 100000]","[0, 100000]",0,0,1318,8447
yolov8x_training,1065.967582,73,123.856,13370.3125,100,285,10001,"[0, 100000]","[0, 100000]",0,0,1025,3466
yolov8x_training,1067.010520,70,122.766,13370.3125,100,345,10001,"[0, 100000]","[0, 100000]",0,0,1220,12500
yolov8x_training,1068.053403,70,122.244,13370.3125,100,375,10001,"[0, 100000]","[0, 100000]",0,0,1660,4589
yolov8x_training,1069.096239,70,123.412,13370.3125,100,210,10001,"[0, 100000]","[0, 100000]",0,0,878,3906
yolov8x_training,1070.139049,70,124.124,13370.3125,100,255,10001,"[0, 100000]","[0, 100000]",0,0,1025,4492
yolov8x_training,1071.181827,70,122.057,13370.3125,100,255,10001,"[0, 100000]","[0, 100000]",0,0,1025,2783
yolov8x_training,1072.224632,70,123.533,13370.3125,100,255,10001,"[0, 100000]","[0, 100000]",0,0,1074,2832
yolov8x_training,1073.267452,70,122.386,13370.3125,100,255,10001,"[0, 100000]","[0, 100000]",0,0,1025,2783
yolov8x_training,1074.310369,70,123.325,13370.3125,100,210,10001,"[0, 100000]","[0, 100000]",0,0,927,341
yolov8x_training,1075.353136,70,123.411,13370.3125,100,210,10001,"[0, 100000]","[0, 100000]",0,0,488,292
yolov8x_training,1076.396072,70,123.285,13370.3125,100,210,10001,"[0, 100000]","[0, 100000]",0,0,292,1037451
yolov8x_training,1077.439005,70,122.723,13370.3125,100,210,10001,"[0, 100000]","[0, 100000]",0,0,1220,5224
yolov8x_training,1078.658993,70,120.944,13370.3125,100,210,10001,"[0, 100000]","[0, 100000]",0,0,8837,36376
yolov8x_training,1079.701901,70,121.916,13370.3125,100,210,10001,"[0, 100000]","[0, 100000]",0,0,1562,2832
yolov8x_training,1080.744758,70,121.434,13370.3125,100,705,10001,"[0, 100000]","[0, 100000]",0,0,1269,5517
yolov8x_training,1081.787608,69,119.908,13370.3125,100,1110,10001,"[0, 100000]","[0, 100000]",0,0,1025,5126
yolov8x_training,1082.830551,69,124.351,13370.3125,100,2265,10001,"[0, 100000]","[0, 100000]",0,0,1074,12939
yolov8x_training,1083.873425,70,118.858,13370.3125,100,210,10001,"[0, 100000]","[0, 100000]",0,0,1123,10449
yolov8x_training,1084.916214,70,118.544,13370.3125,100,210,10001,"[0, 100000]","[0, 100000]",0,0,1171,5517
yolov8x_training,1085.959009,69,124.101,13370.3125,100,210,10001,"[0, 100000]","[0, 100000]",0,0,1074,4345
yolov8x_training,1087.001777,70,124.296,13370.3125,100,210,10001,"[0, 100000]","[0, 100000]",0,0,1220,2392
yolov8x_training,1088.044725,69,122.800,13370.3125,100,210,10001,"[0, 100000]","[0, 100000]",0,0,1123,2197
yolov8x_training,1089.087459,71,123.986,13370.3125,100,210,10001,"[0, 100000]","[0, 100000]",0,0,1025,3320
yolov8x_training,1090.130211,70,121.882,13370.3125,100,225,10001,"[0, 100000]","[0, 100000]",0,0,1123,1953
yolov8x_training,1091.173004,70,123.244,13370.3125,100,210,10001,"[0, 100000]","[0, 100000]",0,0,1025,71826
yolov8x_training,1092.215813,70,122.397,13370.3125,100,210,10001,"[0, 100000]","[0, 100000]",0,0,878,439
yolov8x_training,1093.258636,70,122.852,13370.3125,100,210,10001,"[0, 100000]","[0, 100000]",0,0,341,292
yolov8x_training,1094.301285,70,124.097,13370.3125,100,210,10001,"[0, 100000]","[0, 100000]",0,0,1123,4345
yolov8x_training,1095.344038,70,122.856,13370.3125,100,2505,10001,"[0, 100000]","[0, 100000]",0,0,1025,6201
yolov8x_training,1096.552070,70,125.431,13370.3125,100,675,10001,"[0, 100000]","[0, 100000]",0,0,8886,8789
yolov8x_training,1097.594795,70,126.254,13370.3125,100,210,10001,"[0, 100000]","[0, 100000]",0,0,830,11083
yolov8x_training,1098.637518,70,126.311,13370.3125,100,210,10001,"[0, 100000]","[0, 100000]",0,0,1171,5371
yolov8x_training,1099.680276,70,126.242,13370.3125,100,315,10001,"[0, 100000]","[0, 100000]",0,0,1220,4589
yolov8x_training,1100.723157,70,126.253,13370.3125,100,1965,10001,"[0, 100000]","[0, 100000]",0,0,1123,4589
yolov8x_training,1101.766075,70,127.136,13370.3125,100,210,10001,"[0, 100000]","[0, 100000]",0,0,927,5468
yolov8x_training,1102.808900,70,129.779,13370.3125,100,210,10001,"[0, 100000]","[0, 100000]",0,0,1025,4150
yolov8x_training,1103.851696,70,122.655,13370.3125,100,225,10001,"[0, 100000]","[0, 100000]",0,0,927,3564
yolov8x_training,1104.894516,70,124.253,13370.3125,100,210,10001,"[0, 100000]","[0, 100000]",0,0,781,2539
yolov8x_training,1105.937266,70,123.642,13370.3125,100,210,10001,"[0, 100000]","[0, 100000]",0,0,1074,3320
yolov8x_training,1106.980038,70,123.824,13370.3125,100,210,10001,"[0, 100000]","[0, 100000]",0,0,683,19628
yolov8x_training,1108.022885,70,122.610,13370.3125,100,210,10001,"[0, 100000]","[0, 100000]",0,0,878,537
yolov8x_training,1109.065725,70,123.685,13370.3125,100,210,10001,"[0, 100000]","[0, 100000]",0,0,341,292
yolov8x_training,1110.108315,70,123.311,13370.3125,100,210,10001,"[0, 100000]","[0, 100000]",0,0,4003,9521
yolov8x_training,1111.342195,70,124.794,13370.3125,100,210,10001,"[0, 100000]","[0, 100000]",0,0,9375,37255
yolov8x_training,1112.385006,70,122.694,13370.3125,100,210,10001,"[0, 100000]","[0, 100000]",0,0,1318,6835
yolov8x_training,1113.427840,69,122.816,13370.3125,100,210,10001,"[0, 100000]","[0, 100000]",0,0,1855,8154
yolov8x_training,1114.470646,69,123.128,13370.3125,100,210,10001,"[0, 100000]","[0, 100000]",0,0,1074,3955
yolov8x_training,1115.513513,69,122.172,13370.3125,100,210,10001,"[0, 100000]","[0, 100000]",0,0,878,3369
yolov8x_training,1116.556338,69,123.190,13370.3125,100,210,10001,"[0, 100000]","[0, 100000]",0,0,1171,10156
yolov8x_training,1117.599117,72,123.406,13370.3125,100,315,10001,"[0, 100000]","[0, 100000]",0,0,1123,4785
yolov8x_training,1118.641908,71,123.144,13370.3125,98,300,10001,"[0, 100000]","[0, 100000]",0,0,1025,4296
yolov8x_training,1119.684754,70,123.351,13370.3125,89,210,10001,"[0, 100000]","[0, 100000]",0,0,878,3857
yolov8x_training,1120.727561,70,122.273,13370.3125,50,210,10001,"[0, 100000]","[0, 100000]",0,0,830,2832
yolov8x_training,1121.770523,70,121.825,13370.3125,45,210,10001,"[0, 100000]","[0, 100000]",0,0,976,3613
yolov8x_training,1122.813477,70,122.214,13370.3125,58,210,10001,"[0, 100000]","[0, 100000]",0,0,878,3759
yolov8x_training,1123.856419,70,122.338,13370.3125,83,210,10001,"[0, 100000]","[0, 100000]",0,0,1025,830
yolov8x_training,1124.899224,70,122.510,13370.3125,76,210,10001,"[0, 100000]","[0, 100000]",0,0,830,683
yolov8x_training,1125.942076,70,123.623,13370.3125,77,210,10001,"[0, 100000]","[0, 100000]",0,0,88720,17041
yolov8x_training,1126.985565,70,125.522,13370.3125,32,240,10001,"[0, 100000]","[0, 100000]",0,0,1416,4785
yolov8x_training,1128.208637,70,124.037,13370.3125,18,210,10001,"[0, 100000]","[0, 100000]",0,0,8886,35253
yolov8x_training,1129.251524,70,122.838,13370.3125,15,210,10001,"[0, 100000]","[0, 100000]",0,0,1806,4736
yolov8x_training,1130.294227,70,124.721,13370.3125,14,210,10001,"[0, 100000]","[0, 100000]",0,0,1123,4003
yolov8x_training,1131.337000,70,124.860,13370.3125,14,210,10001,"[0, 100000]","[0, 100000]",0,0,976,3613
yolov8x_training,1132.380028,70,123.581,13370.3125,37,210,10001,"[0, 100000]","[0, 100000]",0,0,1855,6982
yolov8x_training,1133.422801,70,126.133,13370.3125,91,210,10001,"[0, 100000]","[0, 100000]",0,0,1171,5615
yolov8x_training,1134.465658,70,122.541,13370.3125,100,210,10001,"[0, 100000]","[0, 100000]",0,0,976,3515
yolov8x_training,1135.508425,70,123.810,13370.3125,92,210,10001,"[0, 100000]","[0, 100000]",0,0,878,3710
yolov8x_training,1136.551212,69,123.779,13370.3125,100,225,10001,"[0, 100000]","[0, 100000]",0,0,976,3417
yolov8x_training,1137.593971,70,123.791,13370.3125,100,210,10001,"[0, 100000]","[0, 100000]",0,0,1074,1171
yolov8x_training,1138.636744,70,124.267,13370.3125,100,225,10001,"[0, 100000]","[0, 100000]",0,0,14501,341
yolov8x_training,1139.679749,70,123.505,13370.3125,100,210,10001,"[0, 100000]","[0, 100000]",0,0,292,292
yolov8x_training,1140.898268,70,124.202,13370.3125,97,210,10001,"[0, 100000]","[0, 100000]",0,0,9570,37304
yolov8x_training,1141.941123,69,124.891,13370.3125,100,210,10001,"[0, 100000]","[0, 100000]",0,0,1074,8154
yolov8x_training,1142.983916,70,122.254,13370.3125,100,210,10001,"[0, 100000]","[0, 100000]",0,0,1171,6835
yolov8x_training,1144.026921,70,122.741,13370.3125,97,210,10001,"[0, 100000]","[0, 100000]",0,0,1220,5175
yolov8x_training,1145.069719,69,121.716,13370.3125,100,210,10001,"[0, 100000]","[0, 100000]",0,0,927,4345
yolov8x_training,1146.112533,69,123.434,13370.3125,100,210,10001,"[0, 100000]","[0, 100000]",0,0,1123,6494
yolov8x_training,1147.155297,70,123.037,13370.3125,100,210,10001,"[0, 100000]","[0, 100000]",0,0,1464,8593
yolov8x_training,1148.198417,70,121.455,13370.3125,100,210,10001,"[0, 100000]","[0, 100000]",0,0,1611,5322
yolov8x_training,1149.241288,70,121.752,13370.3125,97,210,10001,"[0, 100000]","[0, 100000]",0,0,1269,5175
yolov8x_training,1150.284168,70,123.446,13370.3125,100,210,10001,"[0, 100000]","[0, 100000]",0,0,1025,4345
yolov8x_training,1151.326874,70,121.600,13370.3125,98,210,10001,"[0, 100000]","[0, 100000]",0,0,1025,3808
yolov8x_training,1152.369724,70,121.546,13370.3125,99,210,10001,"[0, 100000]","[0, 100000]",0,0,1074,4492
yolov8x_training,1153.412436,70,124.229,13370.3125,100,210,10001,"[0, 100000]","[0, 100000]",0,0,976,4052
yolov8x_training,1154.455233,70,124.891,13370.3125,100,210,10001,"[0, 100000]","[0, 100000]",0,0,683,1904
yolov8x_training,1155.498045,70,122.986,13370.3125,100,210,10001,"[0, 100000]","[0, 100000]",0,0,732,1464
yolov8x_training,1156.540777,70,124.303,13370.3125,100,210,10001,"[0, 100000]","[0, 100000]",0,0,341,292
yolov8x_training,1157.583411,70,125.741,13370.3125,100,210,10001,"[0, 100000]","[0, 100000]",0,0,89501,13134
yolov8x_training,1158.626400,70,122.762,13370.3125,100,210,10001,"[0, 100000]","[0, 100000]",0,0,89941,10693
yolov8x_training,1159.836336,69,123.453,13370.3125,100,210,10001,"[0, 100000]","[0, 100000]",0,0,9863,35791
yolov8x_training,1160.879456,69,125.806,13370.3125,100,240,10001,"[0, 100000]","[0, 100000]",0,0,878,11523
yolov8x_training,1161.922401,73,125.290,13370.3125,100,210,10001,"[0, 100000]","[0, 100000]",0,0,1220,5419
yolov8x_training,1162.965191,69,123.755,13370.3125,100,270,10001,"[0, 100000]","[0, 100000]",0,0,927,3417
yolov8x_training,1164.008006,73,123.094,13370.3125,100,285,10001,"[0, 100000]","[0, 100000]",0,0,1074,5419
yolov8x_training,1165.050871,72,124.209,13370.3125,100,330,10001,"[0, 100000]","[0, 100000]",0,0,1318,5078
yolov8x_training,1166.093647,71,123.042,13370.3125,100,210,10001,"[0, 100000]","[0, 100000]",0,0,1318,4492
yolov8x_training,1167.136574,71,121.657,13370.3125,100,210,10001,"[0, 100000]","[0, 100000]",0,0,1171,4833
yolov8x_training,1168.179325,70,124.653,13370.3125,100,210,10001,"[0, 100000]","[0, 100000]",0,0,1074,4150
yolov8x_training,1169.222055,70,124.090,13370.3125,100,240,10001,"[0, 100000]","[0, 100000]",0,0,878,3662
yolov8x_training,1170.264927,70,124.705,13370.3125,100,210,10001,"[0, 100000]","[0, 100000]",0,0,927,1367
yolov8x_training,1171.307800,70,124.243,13370.3125,100,210,10001,"[0, 100000]","[0, 100000]",0,0,927,292
yolov8x_training,1172.350678,70,123.079,13370.3125,100,210,10001,"[0, 100000]","[0, 100000]",0,0,341,292
yolov8x_training,1173.393564,70,123.306,13370.3125,100,225,10001,"[0, 100000]","[0, 100000]",0,0,341,292
yolov8x_training,1174.436160,70,125.027,13370.3125,100,210,10001,"[0, 100000]","[0, 100000]",0,0,3466,5419
yolov8x_training,1175.655609,70,124.964,13370.3125,100,630,10001,"[0, 100000]","[0, 100000]",0,0,1660,4003
yolov8x_training,1176.698338,70,126.810,13370.3125,100,1155,10001,"[0, 100000]","[0, 100000]",0,0,1025,3857
yolov8x_training,1177.741186,70,127.185,13370.3125,100,210,10001,"[0, 100000]","[0, 100000]",0,0,1123,3466
yolov8x_training,1178.784109,70,123.254,13370.3125,100,2505,10001,"[0, 100000]","[0, 100000]",0,0,927,4687
yolov8x_training,1179.826917,71,128.505,13370.3125,100,210,10001,"[0, 100000]","[0, 100000]",0,0,1171,5175
yolov8x_training,1180.869738,71,122.965,13370.3125,100,210,10001,"[0, 100000]","[0, 100000]",0,0,927,4248
yolov8x_training,1181.912559,70,124.007,13370.3125,100,225,10001,"[0, 100000]","[0, 100000]",0,0,1074,4345
yolov8x_training,1182.955341,70,123.132,13370.3125,100,210,10001,"[0, 100000]","[0, 100000]",0,0,1123,2294
yolov8x_training,1183.998119,70,123.064,13370.3125,100,225,10001,"[0, 100000]","[0, 100000]",0,0,830,4052
yolov8x_training,1185.040844,70,123.311,13370.3125,100,225,10001,"[0, 100000]","[0, 100000]",0,0,1074,3906
yolov8x_training,1186.083711,70,123.270,13370.3125,100,225,10001,"[0, 100000]","[0, 100000]",0,0,634,2587
yolov8x_training,1187.126473,71,122.582,13370.3125,100,210,10001,"[0, 100000]","[0, 100000]",0,0,634,2343
yolov8x_training,1188.169253,70,123.426,13370.3125,100,210,10001,"[0, 100000]","[0, 100000]",0,0,341,292
yolov8x_training,1189.211882,70,122.514,13370.3125,100,225,10001,"[0, 100000]","[0, 100000]",0,0,341,1038037
yolov8x_training,1190.254791,70,123.943,13370.3125,100,225,10001,"[0, 100000]","[0, 100000]",0,0,3125,16210
yolov8x_training,1191.465651,70,123.869,13370.3125,100,210,10001,"[0, 100000]","[0, 100000]",0,0,3759,3173
yolov8x_training,1192.508417,70,122.037,13370.3125,100,210,10001,"[0, 100000]","[0, 100000]",0,0,1660,2978
yolov8x_training,1193.551237,70,123.828,13370.3125,100,210,10001,"[0, 100000]","[0, 100000]",0,0,1171,4785
yolov8x_training,1194.593971,70,122.613,13370.3125,100,210,10001,"[0, 100000]","[0, 100000]",0,0,1025,3662
yolov8x_training,1195.636861,70,123.411,13370.3125,100,210,10001,"[0, 100000]","[0, 100000]",0,0,1025,5078
yolov8x_training,1196.679774,70,122.194,13370.3125,100,210,10001,"[0, 100000]","[0, 100000]",0,0,1123,12695
yolov8x_training,1197.723128,70,122.621,13370.3125,100,210,10001,"[0, 100000]","[0, 100000]",0,0,1562,5712
yolov8x_training,1198.766016,70,123.409,13370.3125,100,210,10001,"[0, 100000]","[0, 100000]",0,0,1123,4541
yolov8x_training,1199.808797,70,122.989,13370.3125,100,210,10001,"[0, 100000]","[0, 100000]",0,0,1025,3613
yolov8x_training,1200.851670,70,123.950,13370.3125,100,210,10001,"[0, 100000]","[0, 100000]",0,0,976,3906
yolov8x_training,1201.894563,70,122.703,13370.3125,100,210,10001,"[0, 100000]","[0, 100000]",0,0,976,3662
yolov8x_training,1202.937435,70,123.348,13370.3125,100,210,10001,"[0, 100000]","[0, 100000]",0,0,976,2832
yolov8x_training,1203.980335,70,124.546,13370.3125,97,210,10001,"[0, 100000]","[0, 100000]",0,0,878,341
yolov8x_training,1205.023203,70,125.232,13370.3125,76,210,10001,"[0, 100000]","[0, 100000]",0,0,341,1039941
yolov8x_training,1206.065904,70,125.116,13370.3125,24,210,10001,"[0, 100000]","[0, 100000]",0,0,1660,4003
yolov8x_training,1207.259326,71,122.317,13370.3125,35,210,10001,"[0, 100000]","[0, 100000]",0,0,9619,35937
yolov8x_training,1208.302388,70,125.292,13370.3125,24,210,10001,"[0, 100000]","[0, 100000]",0,0,4101,2539
yolov8x_training,1209.345431,73,122.081,13370.3125,12,210,10001,"[0, 100000]","[0, 100000]",0,0,1660,5175
yolov8x_training,1210.388427,71,125.057,13370.3125,8,420,10001,"[0, 100000]","[0, 100000]",0,0,1171,4785
yolov8x_training,1211.431447,72,122.783,13370.3125,12,210,10001,"[0, 100000]","[0, 100000]",0,0,927,3564
yolov8x_training,1212.475379,71,124.499,13370.3125,36,225,10001,"[0, 100000]","[0, 100000]",0,0,1904,5175
yolov8x_training,1213.518265,70,124.006,13370.3125,82,210,10001,"[0, 100000]","[0, 100000]",0,0,1171,4833
yolov8x_training,1214.561254,70,122.190,13370.3125,66,255,10001,"[0, 100000]","[0, 100000]",0,0,1123,3613
yolov8x_training,1215.604063,70,122.204,13370.3125,64,240,10001,"[0, 100000]","[0, 100000]",0,0,1074,3662
yolov8x_training,1216.646862,70,124.284,13370.3125,54,210,10001,"[0, 100000]","[0, 100000]",0,0,976,4345
yolov8x_training,1217.689752,70,123.904,13370.3125,81,210,10001,"[0, 100000]","[0, 100000]",0,0,1025,3613
yolov8x_training,1218.732632,70,122.879,13370.3125,85,210,10001,"[0, 100000]","[0, 100000]",0,0,927,3320
yolov8x_training,1219.775657,70,124.700,13370.3125,77,210,10001,"[0, 100000]","[0, 100000]",0,0,878,634
yolov8x_training,1220.818637,70,122.285,13370.3125,100,210,10001,"[0, 100000]","[0, 100000]",0,0,537,341
yolov8x_training,1221.861442,70,124.535,13370.3125,99,390,10001,"[0, 100000]","[0, 100000]",0,0,341,292
yolov8x_training,1222.904022,70,124.566,13370.3125,100,1035,10001,"[0, 100000]","[0, 100000]",0,0,2783,5078
yolov8x_training,1224.095268,70,124.333,13370.3125,100,975,10001,"[0, 100000]","[0, 100000]",0,0,9375,36865
yolov8x_training,1225.138198,70,126.664,13370.3125,100,2445,10001,"[0, 100000]","[0, 100000]",0,0,1708,6201
yolov8x_training,1226.181137,70,128.706,13370.3125,100,2505,10001,"[0, 100000]","[0, 100000]",0,0,1025,4003
yolov8x_training,1227.224150,71,129.574,13370.3125,100,210,10001,"[0, 100000]","[0, 100000]",0,0,1220,5224
yolov8x_training,1228.267219,70,128.274,13370.3125,96,210,10001,"[0, 100000]","[0, 100000]",0,0,1171,5517
yolov8x_training,1229.310105,70,124.205,13370.3125,97,210,10001,"[0, 100000]","[0, 100000]",0,0,927,4394
yolov8x_training,1230.352877,70,122.706,13370.3125,97,210,10001,"[0, 100000]","[0, 100000]",0,0,878,3662
yolov8x_training,1231.395784,70,124.126,13370.3125,100,210,10001,"[0, 100000]","[0, 100000]",0,0,976,3466
yolov8x_training,1232.438679,70,121.994,13370.3125,100,210,10001,"[0, 100000]","[0, 100000]",0,0,976,3759
yolov8x_training,1233.481583,70,125.600,13370.3125,100,210,10001,"[0, 100000]","[0, 100000]",0,0,5419,89892
yolov8x_training,1234.525025,70,122.805,13370.3125,100,210,10001,"[0, 100000]","[0, 100000]",0,0,537,292
yolov8x_training,1235.567776,70,121.500,13370.3125,97,210,10001,"[0, 100000]","[0, 100000]",0,0,341,292
yolov8x_training,1236.610473,70,124.608,13370.3125,100,210,10001,"[0, 100000]","[0, 100000]",0,0,88671,15771
yolov8x_training,1237.653616,70,122.713,13370.3125,98,210,10001,"[0, 100000]","[0, 100000]",0,0,88671,13720
yolov8x_training,1238.696627,69,122.658,13370.3125,97,210,10001,"[0, 100000]","[0, 100000]",0,0,1220,4931
yolov8x_training,1239.881307,69,122.469,13370.3125,97,210,10001,"[0, 100000]","[0, 100000]",0,0,9667,37011
yolov8x_training,1240.924271,72,125.023,13370.3125,100,210,10001,"[0, 100000]","[0, 100000]",0,0,1757,3466
yolov8x_training,1241.967218,69,123.119,13370.3125,98,210,10001,"[0, 100000]","[0, 100000]",0,0,1562,5419
yolov8x_training,1243.010203,73,123.692,13370.3125,100,210,10001,"[0, 100000]","[0, 100000]",0,0,927,4443
yolov8x_training,1244.053134,70,122.613,13370.3125,100,210,10001,"[0, 100000]","[0, 100000]",0,0,1220,5224
yolov8x_training,1245.096278,71,123.319,13370.3125,100,360,10001,"[0, 100000]","[0, 100000]",0,0,1171,5566
yolov8x_training,1246.139063,70,123.925,13370.3125,100,420,10001,"[0, 100000]","[0, 100000]",0,0,1171,2343
yolov8x_training,1247.182024,70,123.604,13370.3125,100,360,10001,"[0, 100000]","[0, 100000]",0,0,1074,4101
yolov8x_training,1248.224826,70,124.114,13370.3125,100,210,10001,"[0, 100000]","[0, 100000]",0,0,1074,2392
yolov8x_training,1249.267769,70,122.103,13370.3125,100,210,10001,"[0, 100000]","[0, 100000]",0,0,927,3564
yolov8x_training,1250.310763,70,122.051,13370.3125,100,405,10001,"[0, 100000]","[0, 100000]",0,0,1025,3173
yolov8x_training,1251.353710,70,123.941,13370.3125,100,210,10001,"[0, 100000]","[0, 100000]",0,0,488,2490
yolov8x_training,1252.396625,70,123.788,13370.3125,100,210,10001,"[0, 100000]","[0, 100000]",0,0,341,292
yolov8x_training,1253.439214,70,123.075,13370.3125,100,210,10001,"[0, 100000]","[0, 100000]",0,0,341,292
yolov8x_training,1254.481880,70,122.224,13370.3125,100,210,10001,"[0, 100000]","[0, 100000]",0,0,89355,21875
yolov8x_training,1255.525699,70,122.779,13370.3125,100,210,10001,"[0, 100000]","[0, 100000]",0,0,1318,61767
yolov8x_training,1256.740509,70,121.061,13370.3125,100,210,10001,"[0, 100000]","[0, 100000]",0,0,5957,5126
yolov8x_training,1257.783453,70,122.803,13370.3125,100,210,10001,"[0, 100000]","[0, 100000]",0,0,1123,7958
yolov8x_training,1258.826386,70,123.722,13370.3125,100,210,10001,"[0, 100000]","[0, 100000]",0,0,2050,5859
yolov8x_training,1259.869523,70,123.550,13370.3125,100,210,10001,"[0, 100000]","[0, 100000]",0,0,976,3613
yolov8x_training,1260.912530,70,121.870,13370.3125,100,210,10001,"[0, 100000]","[0, 100000]",0,0,1025,5468
yolov8x_training,1261.955478,70,121.438,13370.3125,100,255,10001,"[0, 100000]","[0, 100000]",0,0,1074,4833
yolov8x_training,1262.998426,70,123.298,13370.3125,100,210,10001,"[0, 100000]","[0, 100000]",0,0,927,5517
yolov8x_training,1264.041202,70,124.091,13370.3125,100,210,10001,"[0, 100000]","[0, 100000]",0,0,1171,3710
yolov8x_training,1265.084278,70,124.773,13370.3125,100,210,10001,"[0, 100000]","[0, 100000]",0,0,1074,4687
yolov8x_training,1266.127165,70,124.170,13370.3125,100,210,10001,"[0, 100000]","[0, 100000]",0,0,781,2636
yolov8x_training,1267.170070,70,123.656,13370.3125,100,210,10001,"[0, 100000]","[0, 100000]",0,0,976,3906
yolov8x_training,1268.212937,70,124.565,13370.3125,100,225,10001,"[0, 100000]","[0, 100000]",0,0,585,292
yolov8x_training,1269.255686,70,122.463,13370.3125,100,210,10001,"[0, 100000]","[0, 100000]",0,0,292,292
yolov8x_training,1270.298503,70,123.317,13370.3125,100,210,10001,"[0, 100000]","[0, 100000]",0,0,90820,6640
yolov8x_training,1271.341893,70,121.459,13370.3125,100,225,10001,"[0, 100000]","[0, 100000]",0,0,1123,63427
yolov8x_training,1272.563566,70,128.583,13370.3125,100,210,10001,"[0, 100000]","[0, 100000]",0,0,1611,3906
yolov8x_training,1273.606474,70,127.020,13370.3125,100,210,10001,"[0, 100000]","[0, 100000]",0,0,1123,4736
yolov8x_training,1274.649436,70,127.764,13370.3125,100,210,10001,"[0, 100000]","[0, 100000]",0,0,1025,3515
yolov8x_training,1275.692443,70,123.841,13370.3125,100,210,10001,"[0, 100000]","[0, 100000]",0,0,1318,11181
yolov8x_training,1276.735323,70,124.108,13370.3125,100,210,10001,"[0, 100000]","[0, 100000]",0,0,1220,4541
yolov8x_training,1277.778233,70,122.579,13370.3125,100,210,10001,"[0, 100000]","[0, 100000]",0,0,1123,3613
yolov8x_training,1278.821098,70,124.349,13370.3125,100,210,10001,"[0, 100000]","[0, 100000]",0,0,1025,3515
yolov8x_training,1279.863922,70,123.707,13370.3125,100,210,10001,"[0, 100000]","[0, 100000]",0,0,976,3466
yolov8x_training,1280.906829,70,123.698,13370.3125,100,210,10001,"[0, 100000]","[0, 100000]",0,0,732,1513
yolov8x_training,1281.949735,70,124.081,13370.3125,96,210,10001,"[0, 100000]","[0, 100000]",0,0,488,292
yolov8x_training,1282.992562,70,125.466,13370.3125,55,210,10001,"[0, 100000]","[0, 100000]",0,0,3857,9375
yolov8x_training,1284.232825,70,122.285,13370.3125,0,210,10001,"[0, 100000]","[0, 100000]",0,0,9765,35400
yolov8x_training,1285.300473,71,122.281,13370.3125,11,210,10001,"[0, 100000]","[0, 100000]",0,0,9667,34863
yolov8x_training,1286.352982,71,121.375,13370.3125,39,210,10001,"[0, 100000]","[0, 100000]",0,0,9228,38427
yolov8x_training,1287.396019,71,121.447,13370.3125,96,210,10001,"[0, 100000]","[0, 100000]",0,0,781,9960
yolov8x_training,1288.438908,71,123.163,13370.3125,100,210,10001,"[0, 100000]","[0, 100000]",0,0,1464,5664
yolov8x_training,1289.481839,73,122.923,13370.3125,99,210,10001,"[0, 100000]","[0, 100000]",0,0,1074,3613
yolov8x_training,1290.524829,71,122.962,13370.3125,97,405,10001,"[0, 100000]","[0, 100000]",0,0,1171,5224
yolov8x_training,1291.567800,70,122.793,13370.3125,58,210,10001,"[0, 100000]","[0, 100000]",0,0,1171,5566
yolov8x_training,1292.610617,70,122.870,13370.3125,23,210,10001,"[0, 100000]","[0, 100000]",0,0,1123,3369
yolov8x_training,1293.653455,70,122.307,13370.3125,46,390,10001,"[0, 100000]","[0, 100000]",0,0,1123,2978
yolov8x_training,1294.696396,70,122.508,13370.3125,58,210,10001,"[0, 100000]","[0, 100000]",0,0,1025,4296
yolov8x_training,1295.739257,70,123.487,13370.3125,31,255,10001,"[0, 100000]","[0, 100000]",0,0,927,3466
yolov8x_training,1296.782235,70,123.084,13370.3125,21,210,10001,"[0, 100000]","[0, 100000]",0,0,1123,1904
yolov8x_training,1297.825151,70,124.375,13370.3125,16,210,10001,"[0, 100000]","[0, 100000]",0,0,878,390
yolov8x_training,1298.868064,70,122.515,13370.3125,66,210,10001,"[0, 100000]","[0, 100000]",0,0,292,292
yolov8x_training,1299.910750,70,123.955,13370.3125,53,210,10001,"[0, 100000]","[0, 100000]",0,0,89404,21630
yolov8x_training,1300.953908,70,124.215,13370.3125,75,330,10001,"[0, 100000]","[0, 100000]",0,0,1464,59228
yolov8x_training,1302.163915,70,118.830,13370.3125,100,810,10001,"[0, 100000]","[0, 100000]",0,0,8593,35595
yolov8x_training,1303.207068,70,118.598,13370.3125,95,345,10001,"[0, 100000]","[0, 100000]",0,0,878,9716
yolov8x_training,1304.249966,70,123.733,13370.3125,100,1605,10001,"[0, 100000]","[0, 100000]",0,0,1123,4638
yolov8x_training,1305.293118,70,119.461,13370.3125,100,1050,10001,"[0, 100000]","[0, 100000]",0,0,1074,3613
yolov8x_training,1306.336083,70,118.781,13370.3125,97,405,10001,"[0, 100000]","[0, 100000]",0,0,1123,5322
yolov8x_training,1307.379078,70,125.623,13370.3125,100,210,10001,"[0, 100000]","[0, 100000]",0,0,1025,5517
yolov8x_training,1308.421928,70,126.254,13370.3125,100,210,10001,"[0, 100000]","[0, 100000]",0,0,1074,3759
yolov8x_training,1309.464782,70,127.172,13370.3125,100,210,10001,"[0, 100000]","[0, 100000]",0,0,1025,3515
yolov8x_training,1310.507661,70,123.121,13370.3125,100,225,10001,"[0, 100000]","[0, 100000]",0,0,634,3955
yolov8x_training,1311.550520,70,123.915,13370.3125,100,210,10001,"[0, 100000]","[0, 100000]",0,0,1074,1123
yolov8x_training,1312.593542,70,123.849,13370.3125,97,210,10001,"[0, 100000]","[0, 100000]",0,0,11474,27392
yolov8x_training,1313.636440,70,123.944,13370.3125,96,210,10001,"[0, 100000]","[0, 100000]",0,0,341,292
yolov8x_training,1314.679049,69,123.652,13370.3125,98,210,10001,"[0, 100000]","[0, 100000]",0,0,2734,7226
yolov8x_training,1315.870389,69,123.171,13370.3125,98,225,10001,"[0, 100000]","[0, 100000]",0,0,9667,36962
yolov8x_training,1316.915129,69,124.870,13370.3125,97,210,10001,"[0, 100000]","[0, 100000]",0,0,9326,35888
yolov8x_training,1317.958164,69,122.013,13370.3125,98,210,10001,"[0, 100000]","[0, 100000]",0,0,1611,7275
yolov8x_training,1319.001068,70,122.046,13370.3125,97,210,10001,"[0, 100000]","[0, 100000]",0,0,976,4248
yolov8x_training,1320.043998,73,121.692,13370.3125,100,210,10001,"[0, 100000]","[0, 100000]",0,0,976,4492
yolov8x_training,1321.087341,69,122.166,13370.3125,100,210,10001,"[0, 100000]","[0, 100000]",0,0,1074,9570
yolov8x_training,1322.130166,72,123.343,13370.3125,100,435,10001,"[0, 100000]","[0, 100000]",0,0,1074,5664
yolov8x_training,1323.172984,70,123.309,13370.3125,100,210,10001,"[0, 100000]","[0, 100000]",0,0,976,4345
yolov8x_training,1324.215827,70,123.733,13370.3125,100,255,10001,"[0, 100000]","[0, 100000]",0,0,781,3125
yolov8x_training,1325.258872,70,122.820,13370.3125,100,255,10001,"[0, 100000]","[0, 100000]",0,0,1025,3125
yolov8x_training,1326.301836,70,123.004,13370.3125,100,255,10001,"[0, 100000]","[0, 100000]",0,0,1025,3466
yolov8x_training,1327.344774,70,121.554,13370.3125,100,255,10001,"[0, 100000]","[0, 100000]",0,0,683,1757
yolov8x_training,1328.387694,70,123.674,13370.3125,100,255,10001,"[0, 100000]","[0, 100000]",0,0,7373,292
yolov8x_training,1329.430430,70,122.179,13370.3125,100,210,10001,"[0, 100000]","[0, 100000]",0,0,341,341
yolov8x_training,1330.473049,70,123.529,13370.3125,100,210,10001,"[0, 100000]","[0, 100000]",0,0,90576,13818
yolov8x_training,1331.678119,70,123.386,13370.3125,100,210,10001,"[0, 100000]","[0, 100000]",0,0,9667,36865
yolov8x_training,1332.721208,70,123.140,13370.3125,100,210,10001,"[0, 100000]","[0, 100000]",0,0,8886,22509
yolov8x_training,1333.764024,70,121.711,13370.3125,100,225,10001,"[0, 100000]","[0, 100000]",0,0,1855,5175
yolov8x_training,1334.807002,70,121.692,13370.3125,100,630,10001,"[0, 100000]","[0, 100000]",0,0,1025,3808
yolov8x_training,1335.850056,70,124.185,13370.3125,100,2190,10001,"[0, 100000]","[0, 100000]",0,0,1123,9570
yolov8x_training,1336.893106,70,118.638,13370.3125,100,210,10001,"[0, 100000]","[0, 100000]",0,0,1074,9570
yolov8x_training,1337.935882,70,118.305,13370.3125,100,210,10001,"[0, 100000]","[0, 100000]",0,0,1171,5566
yolov8x_training,1338.978738,70,124.038,13370.3125,100,210,10001,"[0, 100000]","[0, 100000]",0,0,927,4199
yolov8x_training,1340.021598,71,124.214,13370.3125,100,210,10001,"[0, 100000]","[0, 100000]",0,0,1074,4003
yolov8x_training,1341.064435,71,124.376,13370.3125,100,210,10001,"[0, 100000]","[0, 100000]",0,0,830,3759
yolov8x_training,1342.107312,70,123.128,13370.3125,100,210,10001,"[0, 100000]","[0, 100000]",0,0,1074,878
yolov8x_training,1343.150196,70,124.079,13370.3125,100,225,10001,"[0, 100000]","[0, 100000]",0,0,341,292
yolov8x_training,1344.192850,70,123.355,13370.3125,100,210,10001,"[0, 100000]","[0, 100000]",0,0,341,292
yolov8x_training,1345.235454,70,121.643,13370.3125,100,225,10001,"[0, 100000]","[0, 100000]",0,0,88916,18505
yolov8x_training,1346.446721,70,122.649,13370.3125,100,210,10001,"[0, 100000]","[0, 100000]",0,0,8642,41113
yolov8x_training,1347.489601,69,123.567,13370.3125,100,210,10001,"[0, 100000]","[0, 100000]",0,0,1806,5957
yolov8x_training,1348.532526,69,124.277,13370.3125,100,210,10001,"[0, 100000]","[0, 100000]",0,0,1123,4541
yolov8x_training,1349.575523,69,122.530,13370.3125,100,210,10001,"[0, 100000]","[0, 100000]",0,0,976,4101
yolov8x_training,1350.618624,69,123.903,13370.3125,100,210,10001,"[0, 100000]","[0, 100000]",0,0,1220,10449
yolov8x_training,1351.661629,70,122.403,13370.3125,100,210,10001,"[0, 100000]","[0, 100000]",0,0,1171,5712
yolov8x_training,1352.704515,70,121.800,13370.3125,100,210,10001,"[0, 100000]","[0, 100000]",0,0,1123,4785
yolov8x_training,1353.747311,70,123.141,13370.3125,100,210,10001,"[0, 100000]","[0, 100000]",0,0,1025,4345
yolov8x_training,1354.790289,70,122.060,13370.3125,100,210,10001,"[0, 100000]","[0, 100000]",0,0,1123,2294
yolov8x_training,1355.833210,70,123.138,13370.3125,97,375,10001,"[0, 100000]","[0, 100000]",0,0,1025,3271
yolov8x_training,1356.876103,70,122.996,13370.3125,94,210,10001,"[0, 100000]","[0, 100000]",0,0,634,1855
yolov8x_training,1357.919016,70,122.643,13370.3125,58,210,10001,"[0, 100000]","[0, 100000]",0,0,292,292
yolov8x_training,1358.961723,70,123.881,13370.3125,37,210,10001,"[0, 100000]","[0, 100000]",0,0,90283,14990
yolov8x_training,1360.004853,70,124.016,13370.3125,12,210,10001,"[0, 100000]","[0, 100000]",0,0,1367,4492
yolov8x_training,1361.190932,70,122.290,13370.3125,14,210,10001,"[0, 100000]","[0, 100000]",0,0,9667,36474
yolov8x_training,1362.233873,70,123.563,13370.3125,43,210,10001,"[0, 100000]","[0, 100000]",0,0,1416,4980
yolov8x_training,1363.276823,70,121.240,13370.3125,52,345,10001,"[0, 100000]","[0, 100000]",0,0,1171,4638
yolov8x_training,1364.319767,70,121.641,13370.3125,52,480,10001,"[0, 100000]","[0, 100000]",0,0,927,3173
yolov8x_training,1365.362573,70,120.723,13370.3125,76,1065,10001,"[0, 100000]","[0, 100000]",0,0,1269,11376
yolov8x_training,1366.405449,70,123.436,13370.3125,100,210,10001,"[0, 100000]","[0, 100000]",0,0,976,5078
yolov8x_training,1367.448276,70,123.519,13370.3125,100,210,10001,"[0, 100000]","[0, 100000]",0,0,1269,3466
yolov8x_training,1368.491083,70,122.335,13370.3125,100,210,10001,"[0, 100000]","[0, 100000]",0,0,927,3515
yolov8x_training,1369.533933,70,123.224,13370.3125,100,225,10001,"[0, 100000]","[0, 100000]",0,0,1025,4687
yolov8x_training,1370.576649,71,123.162,13370.3125,100,210,10001,"[0, 100000]","[0, 100000]",0,0,976,3710
yolov8x_training,1371.619411,70,123.578,13370.3125,100,225,10001,"[0, 100000]","[0, 100000]",0,0,439,2832
yolov8x_training,1372.662220,70,123.693,13370.3125,100,210,10001,"[0, 100000]","[0, 100000]",0,0,927,292
yolov8x_training,1373.704999,70,122.041,13370.3125,100,210,10001,"[0, 100000]","[0, 100000]",0,0,341,292
yolov8x_training,1374.747645,70,121.838,13370.3125,98,210,10001,"[0, 100000]","[0, 100000]",0,0,341,1035009
yolov8x_training,1375.790753,70,123.724,13370.3125,97,225,10001,"[0, 100000]","[0, 100000]",0,0,1171,4833
yolov8x_training,1377.010943,70,123.850,13370.3125,96,210,10001,"[0, 100000]","[0, 100000]",0,0,1464,6835
yolov8x_training,1378.053717,70,122.858,13370.3125,98,210,10001,"[0, 100000]","[0, 100000]",0,0,1708,5664
yolov8x_training,1379.096554,70,122.921,13370.3125,100,210,10001,"[0, 100000]","[0, 100000]",0,0,1025,3515
yolov8x_training,1380.139328,69,122.043,13370.3125,100,210,10001,"[0, 100000]","[0, 100000]",0,0,976,4736
yolov8x_training,1381.182145,70,121.045,13370.3125,100,210,10001,"[0, 100000]","[0, 100000]",0,0,1416,9619
yolov8x_training,1382.225078,70,123.384,13370.3125,100,210,10001,"[0, 100000]","[0, 100000]",0,0,1123,4150
yolov8x_training,1383.267887,70,123.260,13370.3125,100,210,10001,"[0, 100000]","[0, 100000]",0,0,1074,3857
yolov8x_training,1384.310764,70,123.442,13370.3125,100,285,10001,"[0, 100000]","[0, 100000]",0,0,732,2587
yolov8x_training,1385.353530,70,122.292,13370.3125,100,210,10001,"[0, 100000]","[0, 100000]",0,0,976,4052
yolov8x_training,1386.396379,70,123.031,13370.3125,100,210,10001,"[0, 100000]","[0, 100000]",0,0,927,3613
yolov8x_training,1387.439170,70,124.060,13370.3125,100,210,10001,"[0, 100000]","[0, 100000]",0,0,9960,55712
yolov8x_training,1388.481928,70,122.624,13370.3125,100,210,10001,"[0, 100000]","[0, 100000]",0,0,341,1040722
yolov8x_training,1389.524882,70,119.737,13370.3125,100,210,10001,"[0, 100000]","[0, 100000]",0,0,1318,65820
yolov8x_training,1390.740399,70,121.681,13370.3125,100,225,10001,"[0, 100000]","[0, 100000]",0,0,1220,8642
yolov8x_training,1391.783232,70,124.796,13370.3125,100,210,10001,"[0, 100000]","[0, 100000]",0,0,1025,4199
yolov8x_training,1392.826100,70,125.592,13370.3125,100,1065,10001,"[0, 100000]","[0, 100000]",0,0,1074,5078
yolov8x_training,1393.868890,70,126.160,13370.3125,100,2280,10001,"[0, 100000]","[0, 100000]",0,0,1757,7324
yolov8x_training,1394.911705,70,124.024,13370.3125,100,210,10001,"[0, 100000]","[0, 100000]",0,0,1220,5664
yolov8x_training,1395.954407,70,126.817,13370.3125,100,210,10001,"[0, 100000]","[0, 100000]",0,0,1220,4101
yolov8x_training,1396.997323,70,123.580,13370.3125,100,210,10001,"[0, 100000]","[0, 100000]",0,0,1074,4052
yolov8x_training,1398.040080,71,123.856,13370.3125,100,210,10001,"[0, 100000]","[0, 100000]",0,0,878,3515
yolov8x_training,1399.082933,70,122.712,13370.3125,100,210,10001,"[0, 100000]","[0, 100000]",0,0,1074,3710
yolov8x_training,1400.125741,71,122.865,13370.3125,100,210,10001,"[0, 100000]","[0, 100000]",0,0,1074,781
yolov8x_training,1401.168519,70,121.631,13370.3125,100,210,10001,"[0, 100000]","[0, 100000]",0,0,634,2441
yolov8x_training,1402.211300,70,121.968,13370.3125,100,210,10001,"[0, 100000]","[0, 100000]",0,0,537,292
yolov8x_training,1403.254040,70,123.537,13370.3125,100,210,10001,"[0, 100000]","[0, 100000]",0,0,341,1028613
yolov8x_training,1404.297074,70,123.559,13370.3125,100,210,10001,"[0, 100000]","[0, 100000]",0,0,2050,62011
yolov8x_training,1405.496902,70,122.304,13370.3125,100,210,10001,"[0, 100000]","[0, 100000]",0,0,8203,36767
yolov8x_training,1406.539703,70,123.564,13370.3125,100,210,10001,"[0, 100000]","[0, 100000]",0,0,1562,6347
yolov8x_training,1407.582421,70,122.055,13370.3125,100,210,10001,"[0, 100000]","[0, 100000]",0,0,1708,5468
yolov8x_training,1408.625279,70,123.027,13370.3125,100,210,10001,"[0, 100000]","[0, 100000]",0,0,878,4443
yolov8x_training,1409.668038,70,122.977,13370.3125,100,210,10001,"[0, 100000]","[0, 100000]",0,0,1123,10839
yolov8x_training,1410.710864,70,120.651,13370.3125,100,210,10001,"[0, 100000]","[0, 100000]",0,0,2099,4638
yolov8x_training,1411.753680,70,122.328,13370.3125,100,210,10001,"[0, 100000]","[0, 100000]",0,0,1074,4833
yolov8x_training,1412.796400,70,122.614,13370.3125,100,210,10001,"[0, 100000]","[0, 100000]",0,0,927,4492
yolov8x_training,1413.839114,70,123.107,13370.3125,78,210,10001,"[0, 100000]","[0, 100000]",0,0,830,3173
yolov8x_training,1414.881973,70,121.308,13370.3125,46,210,10001,"[0, 100000]","[0, 100000]",0,0,1025,3662
yolov8x_training,1415.924842,70,122.038,13370.3125,85,210,10001,"[0, 100000]","[0, 100000]",0,0,976,3369
yolov8x_training,1416.967744,70,122.295,13370.3125,78,210,10001,"[0, 100000]","[0, 100000]",0,0,537,2294
yolov8x_training,1418.010651,70,123.122,13370.3125,58,210,10001,"[0, 100000]","[0, 100000]",0,0,390,292
yolov8x_training,1419.053347,70,123.910,13370.3125,56,210,10001,"[0, 100000]","[0, 100000]",0,0,341,292
yolov8x_training,1420.096401,70,125.825,13370.3125,17,210,10001,"[0, 100000]","[0, 100000]",0,0,1171,4248
yolov8x_training,1421.290212,73,123.194,13370.3125,17,210,10001,"[0, 100000]","[0, 100000]",0,0,9375,38867
yolov8x_training,1422.333051,71,124.575,13370.3125,29,210,10001,"[0, 100000]","[0, 100000]",0,0,1464,3955
yolov8x_training,1423.375773,71,123.949,13370.3125,11,210,10001,"[0, 100000]","[0, 100000]",0,0,1513,2343
yolov8x_training,1424.418649,70,122.262,13370.3125,17,435,10001,"[0, 100000]","[0, 100000]",0,0,2099,6347
yolov8x_training,1425.461435,73,122.490,13370.3125,17,240,10001,"[0, 100000]","[0, 100000]",0,0,1074,5273
yolov8x_training,1426.504515,70,124.811,13370.3125,57,210,10001,"[0, 100000]","[0, 100000]",0,0,1025,5664
yolov8x_training,1427.547366,70,124.965,13370.3125,77,210,10001,"[0, 100000]","[0, 100000]",0,0,1123,3369
yolov8x_training,1428.590163,70,123.528,13370.3125,100,210,10001,"[0, 100000]","[0, 100000]",0,0,1074,4101
yolov8x_training,1429.632885,70,123.889,13370.3125,100,210,10001,"[0, 100000]","[0, 100000]",0,0,927,3662
yolov8x_training,1430.675727,70,123.439,13370.3125,100,210,10001,"[0, 100000]","[0, 100000]",0,0,1025,1855
yolov8x_training,1431.718522,70,122.821,13370.3125,100,210,10001,"[0, 100000]","[0, 100000]",0,0,878,976
yolov8x_training,1432.761375,70,123.749,13370.3125,100,210,10001,"[0, 100000]","[0, 100000]",0,0,341,1028808
yolov8x_training,1433.804240,70,123.492,13370.3125,98,210,10001,"[0, 100000]","[0, 100000]",0,0,1367,5224
yolov8x_training,1435.049838,70,122.896,13370.3125,98,210,10001,"[0, 100000]","[0, 100000]",0,0,9472,36328
yolov8x_training,1436.092818,70,124.377,13370.3125,97,210,10001,"[0, 100000]","[0, 100000]",0,0,1855,5371
yolov8x_training,1437.135798,70,123.676,13370.3125,97,210,10001,"[0, 100000]","[0, 100000]",0,0,1074,3369
yolov8x_training,1438.178818,70,122.667,13370.3125,97,210,10001,"[0, 100000]","[0, 100000]",0,0,878,3906
yolov8x_training,1439.221819,70,123.502,13370.3125,96,210,10001,"[0, 100000]","[0, 100000]",0,0,976,6396
yolov8x_training,1440.265012,70,123.093,13370.3125,96,210,10001,"[0, 100000]","[0, 100000]",0,0,1953,5175
yolov8x_training,1441.307948,70,123.841,13370.3125,97,210,10001,"[0, 100000]","[0, 100000]",0,0,1074,3613
yolov8x_training,1442.350780,70,121.616,13370.3125,96,210,10001,"[0, 100000]","[0, 100000]",0,0,1025,4443
yolov8x_training,1443.393647,70,122.912,13370.3125,98,225,10001,"[0, 100000]","[0, 100000]",0,0,1025,3515
yolov8x_training,1444.436437,70,123.854,13370.3125,98,210,10001,"[0, 100000]","[0, 100000]",0,0,1074,2392
yolov8x_training,1445.479288,70,122.418,13370.3125,97,210,10001,"[0, 100000]","[0, 100000]",0,0,1074,3613
yolov8x_training,1446.522187,70,122.006,13370.3125,96,210,10001,"[0, 100000]","[0, 100000]",0,0,1074,3564
yolov8x_training,1447.565046,70,122.893,13370.3125,98,210,10001,"[0, 100000]","[0, 100000]",0,0,830,1367
yolov8x_training,1448.607942,70,122.106,13370.3125,97,225,10001,"[0, 100000]","[0, 100000]",0,0,927,1123
yolov8x_training,1449.650787,70,123.479,13370.3125,96,210,10001,"[0, 100000]","[0, 100000]",0,0,292,292
yolov8x_training,1450.694081,70,121.199,13370.3125,95,240,10001,"[0, 100000]","[0, 100000]",0,0,341,292
yolov8x_training,1451.736883,70,120.696,13370.3125,100,225,10001,"[0, 100000]","[0, 100000]",0,0,390,292
yolov8x_training,1452.779722,70,121.841,13370.3125,100,210,10001,"[0, 100000]","[0, 100000]",0,0,341,292
yolov8x_training,1453.822453,70,123.399,13370.3125,100,210,10001,"[0, 100000]","[0, 100000]",0,0,1562,5371
yolov8x_training,1454.865520,70,121.852,13370.3125,100,210,10001,"[0, 100000]","[0, 100000]",0,0,1416,5371
yolov8x_training,1456.063985,70,127.128,13370.3125,100,1215,10001,"[0, 100000]","[0, 100000]",0,0,9570,37109
yolov8x_training,1457.106905,70,129.813,13370.3125,98,210,10001,"[0, 100000]","[0, 100000]",0,0,2099,5908
yolov8x_training,1458.149184,70,124.637,13370.3125,98,210,10001,"[0, 100000]","[0, 100000]",0,0,976,3955
yolov8x_training,1459.191493,70,122.778,13370.3125,98,210,10001,"[0, 100000]","[0, 100000]",0,0,976,3857
yolov8x_training,1460.233808,70,122.766,13370.3125,97,210,10001,"[0, 100000]","[0, 100000]",0,0,1123,4882
yolov8x_training,1461.276593,70,124.014,13370.3125,97,210,10001,"[0, 100000]","[0, 100000]",0,0,1074,5029
yolov8x_training,1462.319557,70,123.372,13370.3125,100,210,10001,"[0, 100000]","[0, 100000]",0,0,976,4199
yolov8x_training,1463.362321,70,121.754,13370.3125,98,210,10001,"[0, 100000]","[0, 100000]",0,0,976,3564
yolov8x_training,1464.405153,70,122.557,13370.3125,100,210,10001,"[0, 100000]","[0, 100000]",0,0,927,3466
yolov8x_training,1465.447971,70,120.774,13370.3125,100,210,10001,"[0, 100000]","[0, 100000]",0,0,1074,3613
yolov8x_training,1466.490831,70,122.318,13370.3125,100,210,10001,"[0, 100000]","[0, 100000]",0,0,927,1367
yolov8x_training,1467.533723,70,124.619,13370.3125,100,210,10001,"[0, 100000]","[0, 100000]",0,0,878,292
yolov8x_training,1468.576368,70,122.967,13370.3125,100,210,10001,"[0, 100000]","[0, 100000]",0,0,341,292
yolov8x_training,1469.618991,70,124.079,13370.3125,100,210,10001,"[0, 100000]","[0, 100000]",0,0,90234,18554
yolov8x_training,1470.842875,71,124.737,13370.3125,100,210,10001,"[0, 100000]","[0, 100000]",0,0,9912,8886
yolov8x_training,1471.885750,70,124.651,13370.3125,100,450,10001,"[0, 100000]","[0, 100000]",0,0,1855,6982
yolov8x_training,1472.928478,70,124.119,13370.3125,100,210,10001,"[0, 100000]","[0, 100000]",0,0,1025,3857
yolov8x_training,1473.971241,70,124.819,13370.3125,100,255,10001,"[0, 100000]","[0, 100000]",0,0,1123,5419
yolov8x_training,1475.014046,70,121.239,13370.3125,100,210,10001,"[0, 100000]","[0, 100000]",0,0,1025,4736
yolov8x_training,1476.056797,70,124.241,13370.3125,100,255,10001,"[0, 100000]","[0, 100000]",0,0,1171,5517
yolov8x_training,1477.099547,70,121.819,13370.3125,100,255,10001,"[0, 100000]","[0, 100000]",0,0,1220,4150
yolov8x_training,1478.142291,70,122.230,13370.3125,100,270,10001,"[0, 100000]","[0, 100000]",0,0,1025,3857
yolov8x_training,1479.185042,70,123.580,13370.3125,100,210,10001,"[0, 100000]","[0, 100000]",0,0,1025,3857
yolov8x_training,1480.227760,70,122.081,13370.3125,100,210,10001,"[0, 100000]","[0, 100000]",0,0,781,3320
yolov8x_training,1481.270520,70,124.279,13370.3125,100,210,10001,"[0, 100000]","[0, 100000]",0,0,1074,2294
yolov8x_training,1482.313398,70,124.872,13370.3125,100,210,10001,"[0, 100000]","[0, 100000]",0,0,10742,50341
yolov8x_training,1483.356233,70,123.553,13370.3125,100,210,10001,"[0, 100000]","[0, 100000]",0,0,341,341
yolov8x_training,1484.398869,70,122.456,13370.3125,100,660,10001,"[0, 100000]","[0, 100000]",0,0,88671,15087
yolov8x_training,1485.612586,70,124.883,13370.3125,100,1890,10001,"[0, 100000]","[0, 100000]",0,0,9423,37500
yolov8x_training,1486.655414,70,125.301,13370.3125,100,1965,10001,"[0, 100000]","[0, 100000]",0,0,10253,11328
yolov8x_training,1487.698374,71,125.616,13370.3125,100,1740,10001,"[0, 100000]","[0, 100000]",0,0,1416,7568
yolov8x_training,1488.741205,70,125.605,13370.3125,100,2460,10001,"[0, 100000]","[0, 100000]",0,0,1123,3662
yolov8x_training,1489.784165,70,127.101,13370.3125,100,2430,10001,"[0, 100000]","[0, 100000]",0,0,1269,5224
yolov8x_training,1490.827016,70,127.510,13370.3125,100,315,10001,"[0, 100000]","[0, 100000]",0,0,1074,6835
yolov8x_training,1491.871051,70,127.918,13370.3125,100,2145,10001,"[0, 100000]","[0, 100000]",0,0,1220,6152
yolov8x_training,1492.913813,70,129.695,13370.3125,100,225,10001,"[0, 100000]","[0, 100000]",0,0,1025,3417
yolov8x_training,1493.956530,70,124.145,13370.3125,100,210,10001,"[0, 100000]","[0, 100000]",0,0,976,3808
yolov8x_training,1494.999307,70,123.157,13370.3125,100,210,10001,"[0, 100000]","[0, 100000]",0,0,1025,3417
yolov8x_training,1496.042112,70,123.892,13370.3125,100,210,10001,"[0, 100000]","[0, 100000]",0,0,781,585
yolov8x_training,1497.084906,70,123.158,13370.3125,100,210,10001,"[0, 100000]","[0, 100000]",0,0,390,341
yolov8x_training,1498.127477,70,124.935,13370.3125,100,210,10001,"[0, 100000]","[0, 100000]",0,0,89892,22070
yolov8x_training,1499.340408,70,124.993,13370.3125,70,210,10001,"[0, 100000]","[0, 100000]",0,0,7958,6884
yolov8x_training,1500.383421,70,124.278,13370.3125,49,210,10001,"[0, 100000]","[0, 100000]",0,0,1513,3955
yolov8x_training,1501.426233,70,123.799,13370.3125,53,420,10001,"[0, 100000]","[0, 100000]",0,0,1904,5761
yolov8x_training,1502.468974,70,122.750,13370.3125,88,210,10001,"[0, 100000]","[0, 100000]",0,0,1220,4882
yolov8x_training,1503.511852,70,123.126,13370.3125,77,210,10001,"[0, 100000]","[0, 100000]",0,0,927,4931
yolov8x_training,1504.554747,70,123.140,13370.3125,36,210,10001,"[0, 100000]","[0, 100000]",0,0,2148,4589
yolov8x_training,1505.597565,70,124.464,13370.3125,13,255,10001,"[0, 100000]","[0, 100000]",0,0,1318,2587
yolov8x_training,1506.640345,70,123.230,13370.3125,9,240,10001,"[0, 100000]","[0, 100000]",0,0,976,3417
yolov8x_training,1507.683140,70,124.590,13370.3125,36,210,10001,"[0, 100000]","[0, 100000]",0,0,830,3369
yolov8x_training,1508.725991,70,124.127,13370.3125,92,210,10001,"[0, 100000]","[0, 100000]",0,0,1074,3466
yolov8x_training,1509.768756,70,124.560,13370.3125,100,210,10001,"[0, 100000]","[0, 100000]",0,0,3710,73828
yolov8x_training,1510.811711,70,124.535,13370.3125,100,210,10001,"[0, 100000]","[0, 100000]",0,0,341,341
yolov8x_training,1511.854277,70,122.345,13370.3125,100,210,10001,"[0, 100000]","[0, 100000]",0,0,89355,13330
yolov8x_training,1512.897516,70,123.116,13370.3125,100,2490,10001,"[0, 100000]","[0, 100000]",0,0,1025,5664
yolov8x_training,1514.113368,70,126.615,13370.3125,100,2325,10001,"[0, 100000]","[0, 100000]",0,0,8398,6542
yolov8x_training,1515.156292,70,127.119,13370.3125,100,210,10001,"[0, 100000]","[0, 100000]",0,0,1171,5712
yolov8x_training,1516.199066,70,129.746,13370.3125,100,210,10001,"[0, 100000]","[0, 100000]",0,0,976,4345
yolov8x_training,1517.241931,70,123.383,13370.3125,98,210,10001,"[0, 100000]","[0, 100000]",0,0,1269,11816
yolov8x_training,1518.284780,70,124.140,13370.3125,98,210,10001,"[0, 100000]","[0, 100000]",0,0,976,5029
yolov8x_training,1519.327709,70,123.687,13370.3125,98,210,10001,"[0, 100000]","[0, 100000]",0,0,976,4345
yolov8x_training,1520.370424,70,123.825,13370.3125,99,210,10001,"[0, 100000]","[0, 100000]",0,0,1171,2392
yolov8x_training,1521.413241,70,122.006,13370.3125,100,210,10001,"[0, 100000]","[0, 100000]",0,0,927,3955
yolov8x_training,1522.456011,70,122.023,13370.3125,97,210,10001,"[0, 100000]","[0, 100000]",0,0,976,3417
yolov8x_training,1523.498901,70,122.285,13370.3125,98,210,10001,"[0, 100000]","[0, 100000]",0,0,781,1318
yolov8x_training,1524.541677,70,124.939,13370.3125,100,210,10001,"[0, 100000]","[0, 100000]",0,0,341,341
yolov8x_training,1525.584309,70,125.258,13370.3125,100,210,10001,"[0, 100000]","[0, 100000]",0,0,4345,292
yolov8x_training,1526.626987,70,121.314,13370.3125,97,210,10001,"[0, 100000]","[0, 100000]",0,0,89501,12060
yolov8x_training,1527.670166,70,121.863,13370.3125,98,210,10001,"[0, 100000]","[0, 100000]",0,0,3027,15527
yolov8x_training,1528.881887,72,124.306,13370.3125,100,210,10001,"[0, 100000]","[0, 100000]",0,0,3515,8056
yolov8x_training,1529.924740,72,124.760,13370.3125,100,210,10001,"[0, 100000]","[0, 100000]",0,0,830,9570
yolov8x_training,1530.967539,70,124.756,13370.3125,100,210,10001,"[0, 100000]","[0, 100000]",0,0,927,10742
yolov8x_training,1532.010460,69,121.435,13370.3125,96,210,10001,"[0, 100000]","[0, 100000]",0,0,2050,5419
yolov8x_training,1533.053403,69,121.766,13370.3125,97,210,10001,"[0, 100000]","[0, 100000]",0,0,1123,4833
yolov8x_training,1534.096222,69,122.163,13370.3125,97,210,10001,"[0, 100000]","[0, 100000]",0,0,1074,3564
yolov8x_training,1535.139049,69,123.090,13370.3125,97,210,10001,"[0, 100000]","[0, 100000]",0,0,927,4248
yolov8x_training,1536.181864,69,123.893,13370.3125,98,210,10001,"[0, 100000]","[0, 100000]",0,0,1074,12597
yolov8x_training,1537.224826,70,122.178,13370.3125,97,210,10001,"[0, 100000]","[0, 100000]",0,0,1123,5664
yolov8x_training,1538.267630,70,122.880,13370.3125,97,210,10001,"[0, 100000]","[0, 100000]",0,0,1123,4931
yolov8x_training,1539.310427,70,123.631,13370.3125,98,210,10001,"[0, 100000]","[0, 100000]",0,0,1025,3564
yolov8x_training,1540.353274,70,123.744,13370.3125,97,210,10001,"[0, 100000]","[0, 100000]",0,0,1074,3662
yolov8x_training,1541.396104,70,122.454,13370.3125,97,210,10001,"[0, 100000]","[0, 100000]",0,0,781,3515
yolov8x_training,1542.439015,70,122.129,13370.3125,97,210,10001,"[0, 100000]","[0, 100000]",0,0,830,3466
yolov8x_training,1543.481878,70,122.185,13370.3125,98,210,10001,"[0, 100000]","[0, 100000]",0,0,927,4248
yolov8x_training,1544.524724,70,122.562,13370.3125,97,210,10001,"[0, 100000]","[0, 100000]",0,0,1123,537
yolov8x_training,1545.567621,70,122.542,13370.3125,98,210,10001,"[0, 100000]","[0, 100000]",0,0,634,2734
yolov8x_training,1546.610458,70,122.636,13370.3125,100,225,10001,"[0, 100000]","[0, 100000]",0,0,537,2441
yolov8x_training,1547.653386,70,123.957,13370.3125,97,210,10001,"[0, 100000]","[0, 100000]",0,0,341,1029052
yolov8x_training,1548.696000,69,123.121,13370.3125,97,210,10001,"[0, 100000]","[0, 100000]",0,0,2783,5175
yolov8x_training,1549.738768,69,122.235,13370.3125,98,210,10001,"[0, 100000]","[0, 100000]",0,0,89697,16406
yolov8x_training,1550.781926,70,122.826,13370.3125,100,210,10001,"[0, 100000]","[0, 100000]",0,0,1074,58593
yolov8x_training,1552.006521,70,124.252,13370.3125,97,210,10001,"[0, 100000]","[0, 100000]",0,0,1904,5957
yolov8x_training,1553.049411,69,122.859,13370.3125,96,210,10001,"[0, 100000]","[0, 100000]",0,0,2001,5859
yolov8x_training,1554.092217,69,123.290,13370.3125,98,210,10001,"[0, 100000]","[0, 100000]",0,0,1220,5126
yolov8x_training,1555.134918,69,123.839,13370.3125,97,210,10001,"[0, 100000]","[0, 100000]",0,0,927,5029
yolov8x_training,1556.177749,69,123.861,13370.3125,98,225,10001,"[0, 100000]","[0, 100000]",0,0,1416,5175
yolov8x_training,1557.220528,70,124.030,13370.3125,100,330,10001,"[0, 100000]","[0, 100000]",0,0,976,4150
yolov8x_training,1558.263286,70,121.878,13370.3125,100,210,10001,"[0, 100000]","[0, 100000]",0,0,976,3222
yolov8x_training,1559.306105,70,123.131,13370.3125,100,360,10001,"[0, 100000]","[0, 100000]",0,0,1123,2343
yolov8x_training,1560.348919,70,123.353,13370.3125,100,210,10001,"[0, 100000]","[0, 100000]",0,0,927,3808
yolov8x_training,1561.391703,70,123.806,13370.3125,100,225,10001,"[0, 100000]","[0, 100000]",0,0,2832,71484
yolov8x_training,1562.434511,70,122.260,13370.3125,100,210,10001,"[0, 100000]","[0, 100000]",0,0,341,341
yolov8x_training,1563.477139,70,124.115,13370.3125,100,210,10001,"[0, 100000]","[0, 100000]",0,0,90429,16748
yolov8x_training,1564.661994,70,121.617,13370.3125,100,210,10001,"[0, 100000]","[0, 100000]",0,0,9716,36865
yolov8x_training,1565.704796,70,120.668,13370.3125,100,1080,10001,"[0, 100000]","[0, 100000]",0,0,976,6005
yolov8x_training,1566.747557,70,119.167,13370.3125,100,1320,10001,"[0, 100000]","[0, 100000]",0,0,1855,5859
yolov8x_training,1567.790403,70,122.004,13370.3125,100,1815,10001,"[0, 100000]","[0, 100000]",0,0,1123,3710
yolov8x_training,1568.833157,71,123.817,13370.3125,100,2265,10001,"[0, 100000]","[0, 100000]",0,0,1220,12255
yolov8x_training,1569.876060,70,126.525,13370.3125,100,2490,10001,"[0, 100000]","[0, 100000]",0,0,1171,4931
yolov8x_training,1570.918826,70,126.979,13370.3125,100,210,10001,"[0, 100000]","[0, 100000]",0,0,927,4003
yolov8x_training,1571.961568,70,127.990,13370.3125,100,225,10001,"[0, 100000]","[0, 100000]",0,0,1025,4101
yolov8x_training,1573.004297,70,121.325,13370.3125,100,210,10001,"[0, 100000]","[0, 100000]",0,0,1025,4394
yolov8x_training,1574.047045,71,122.452,13370.3125,100,210,10001,"[0, 100000]","[0, 100000]",0,0,927,3808
yolov8x_training,1575.089750,71,122.940,13370.3125,100,210,10001,"[0, 100000]","[0, 100000]",0,0,830,4052
yolov8x_training,1576.132514,70,122.078,13370.3125,100,210,10001,"[0, 100000]","[0, 100000]",0,0,1074,3564
yolov8x_training,1577.175297,71,122.752,13370.3125,100,210,10001,"[0, 100000]","[0, 100000]",0,0,927,1367
yolov8x_training,1578.218114,70,123.346,13370.3125,100,210,10001,"[0, 100000]","[0, 100000]",0,0,634,2148
yolov8x_training,1579.260853,70,123.689,13370.3125,100,210,10001,"[0, 100000]","[0, 100000]",0,0,341,341
yolov8x_training,1580.303453,70,123.457,13370.3125,100,210,10001,"[0, 100000]","[0, 100000]",0,0,4150,6054
yolov8x_training,1581.551234,70,126.707,13370.3125,100,210,10001,"[0, 100000]","[0, 100000]",0,0,8740,40917
yolov8x_training,1582.594008,70,124.145,13370.3125,100,210,10001,"[0, 100000]","[0, 100000]",0,0,1806,6201
yolov8x_training,1583.636779,70,127.475,13370.3125,100,210,10001,"[0, 100000]","[0, 100000]",0,0,927,4443
yolov8x_training,1584.679518,69,123.532,13370.3125,100,210,10001,"[0, 100000]","[0, 100000]",0,0,1171,7031
yolov8x_training,1585.723263,70,123.851,13370.3125,100,210,10001,"[0, 100000]","[0, 100000]",0,0,1855,5029
yolov8x_training,1586.766057,70,122.404,13370.3125,100,210,10001,"[0, 100000]","[0, 100000]",0,0,1025,5566
yolov8x_training,1587.808759,70,123.034,13370.3125,100,210,10001,"[0, 100000]","[0, 100000]",0,0,830,4101
yolov8x_training,1588.851614,70,122.904,13370.3125,100,210,10001,"[0, 100000]","[0, 100000]",0,0,1025,4248
yolov8x_training,1589.894356,70,120.867,13370.3125,100,210,10001,"[0, 100000]","[0, 100000]",0,0,1025,3222
yolov8x_training,1590.937173,70,122.965,13370.3125,100,210,10001,"[0, 100000]","[0, 100000]",0,0,1025,4052
yolov8x_training,1591.979941,70,128.082,13370.3125,100,210,10001,"[0, 100000]","[0, 100000]",0,0,1123,4492
yolov8x_training,1593.022711,70,122.719,13370.3125,100,225,10001,"[0, 100000]","[0, 100000]",0,0,732,3906
yolov8x_training,1594.065447,70,123.993,13370.3125,100,210,10001,"[0, 100000]","[0, 100000]",0,0,1025,3564
yolov8x_training,1595.108333,70,122.807,13370.3125,100,210,10001,"[0, 100000]","[0, 100000]",0,0,439,2636
yolov8x_training,1596.151137,70,122.221,13370.3125,100,225,10001,"[0, 100000]","[0, 100000]",0,0,537,341
yolov8x_training,1597.193784,70,123.833,13370.3125,100,210,10001,"[0, 100000]","[0, 100000]",0,0,341,1034423
yolov8x_training,1598.370608,69,124.598,13370.3125,100,210,10001,"[0, 100000]","[0, 100000]",0,0,9423,37792
yolov8x_training,1599.413531,72,125.004,13370.3125,100,210,10001,"[0, 100000]","[0, 100000]",0,0,4296,2587
yolov8x_training,1600.456347,71,121.975,13370.3125,100,375,10001,"[0, 100000]","[0, 100000]",0,0,1123,4687
yolov8x_training,1601.499141,73,122.545,13370.3125,100,390,10001,"[0, 100000]","[0, 100000]",0,0,976,3759
yolov8x_training,1602.541898,71,122.933,13370.3125,97,330,10001,"[0, 100000]","[0, 100000]",0,0,1025,5419
yolov8x_training,1603.584673,70,122.015,13370.3125,83,210,10001,"[0, 100000]","[0, 100000]",0,0,2001,4785
yolov8x_training,1604.627363,70,123.140,13370.3125,76,255,10001,"[0, 100000]","[0, 100000]",0,0,1269,3320
yolov8x_training,1605.670142,70,122.318,13370.3125,69,360,10001,"[0, 100000]","[0, 100000]",0,0,1074,3027
yolov8x_training,1606.712880,70,123.178,13370.3125,76,210,10001,"[0, 100000]","[0, 100000]",0,0,1123,3515
yolov8x_training,1607.755648,70,122.964,13370.3125,55,240,10001,"[0, 100000]","[0, 100000]",0,0,1025,2441
yolov8x_training,1608.798414,70,124.864,13370.3125,38,225,10001,"[0, 100000]","[0, 100000]",0,0,1074,1757
yolov8x_training,1609.841291,70,123.489,13370.3125,100,210,10001,"[0, 100000]","[0, 100000]",0,0,585,2099
yolov8x_training,1610.884217,70,124.339,13370.3125,100,210,10001,"[0, 100000]","[0, 100000]",0,0,341,292
yolov8x_training,1611.926889,70,124.066,13370.3125,100,2100,10001,"[0, 100000]","[0, 100000]",0,0,2783,47900
yolov8x_training,1613.130752,70,129.224,13370.3125,100,2400,10001,"[0, 100000]","[0, 100000]",0,0,8789,35742
yolov8x_training,1614.173643,70,128.762,13370.3125,98,1500,10001,"[0, 100000]","[0, 100000]",0,0,1611,5273
yolov8x_training,1615.216436,70,122.376,13370.3125,100,210,10001,"[0, 100000]","[0, 100000]",0,0,1025,4736
yolov8x_training,1616.259236,70,123.680,13370.3125,97,210,10001,"[0, 100000]","[0, 100000]",0,0,1123,5468
yolov8x_training,1617.302026,70,123.782,13370.3125,97,210,10001,"[0, 100000]","[0, 100000]",0,0,1074,10937
yolov8x_training,1618.344812,70,123.748,13370.3125,97,210,10001,"[0, 100000]","[0, 100000]",0,0,1220,5468
yolov8x_training,1619.387642,70,122.207,13370.3125,98,210,10001,"[0, 100000]","[0, 100000]",0,0,1025,3417
yolov8x_training,1620.430499,70,124.027,13370.3125,98,225,10001,"[0, 100000]","[0, 100000]",0,0,1123,4101
yolov8x_training,1621.473242,70,122.315,13370.3125,98,225,10001,"[0, 100000]","[0, 100000]",0,0,1025,3857
yolov8x_training,1622.515995,70,124.230,13370.3125,98,210,10001,"[0, 100000]","[0, 100000]",0,0,1025,3906
yolov8x_training,1623.558809,70,124.186,13370.3125,100,210,10001,"[0, 100000]","[0, 100000]",0,0,878,781
yolov8x_training,1624.601626,70,125.723,13370.3125,100,210,10001,"[0, 100000]","[0, 100000]",0,0,341,292
yolov8x_training,1625.644139,70,124.592,13370.3125,100,210,10001,"[0, 100000]","[0, 100000]",0,0,2148,6298
yolov8x_training,1626.856901,69,123.554,13370.3125,100,210,10001,"[0, 100000]","[0, 100000]",0,0,9765,37207
yolov8x_training,1627.900090,73,124.779,13370.3125,100,210,10001,"[0, 100000]","[0, 100000]",0,0,1123,6787
yolov8x_training,1628.942811,70,123.546,13370.3125,100,210,10001,"[0, 100000]","[0, 100000]",0,0,1513,3076
yolov8x_training,1629.985783,69,123.261,13370.3125,100,210,10001,"[0, 100000]","[0, 100000]",0,0,1855,5517
yolov8x_training,1631.028519,69,123.075,13370.3125,100,315,10001,"[0, 100000]","[0, 100000]",0,0,976,3710
yolov8x_training,1632.071455,73,124.056,13370.3125,100,210,10001,"[0, 100000]","[0, 100000]",0,0,2148,5419
yolov8x_training,1633.114255,71,121.787,13370.3125,100,330,10001,"[0, 100000]","[0, 100000]",0,0,1904,4052
yolov8x_training,1634.157044,73,124.656,13370.3125,100,210,10001,"[0, 100000]","[0, 100000]",0,0,1318,2392
yolov8x_training,1635.199847,71,124.364,13370.3125,100,255,10001,"[0, 100000]","[0, 100000]",0,0,976,4443
yolov8x_training,1636.242568,70,122.290,13370.3125,100,255,10001,"[0, 100000]","[0, 100000]",0,0,1123,2490
yolov8x_training,1637.285291,70,122.402,13370.3125,100,255,10001,"[0, 100000]","[0, 100000]",0,0,1123,2148
yolov8x_training,1638.328139,70,122.413,13370.3125,100,210,10001,"[0, 100000]","[0, 100000]",0,0,927,4003
yolov8x_training,1639.370927,70,123.439,13370.3125,100,255,10001,"[0, 100000]","[0, 100000]",0,0,683,2246
yolov8x_training,1640.413740,70,123.227,13370.3125,100,210,10001,"[0, 100000]","[0, 100000]",0,0,5273,90478
yolov8x_training,1641.456881,70,123.993,13370.3125,100,210,10001,"[0, 100000]","[0, 100000]",0,0,341,292
yolov8x_training,1642.499672,70,123.736,13370.3125,100,210,10001,"[0, 100000]","[0, 100000]",0,0,3906,10449
yolov8x_training,1643.704498,70,125.452,13370.3125,100,315,10001,"[0, 100000]","[0, 100000]",0,0,5371,2539
yolov8x_training,1644.747287,70,125.373,13370.3125,100,495,10001,"[0, 100000]","[0, 100000]",0,0,1318,3564
yolov8x_training,1645.790199,70,126.300,13370.3125,100,960,10001,"[0, 100000]","[0, 100000]",0,0,1171,3955
yolov8x_training,1646.833021,70,127.363,13370.3125,100,2280,10001,"[0, 100000]","[0, 100000]",0,0,1171,5224
yolov8x_training,1647.875850,70,129.038,13370.3125,100,210,10001,"[0, 100000]","[0, 100000]",0,0,976,5712
yolov8x_training,1648.918636,70,122.693,13370.3125,100,225,10001,"[0, 100000]","[0, 100000]",0,0,1123,4443
yolov8x_training,1649.961381,70,125.554,13370.3125,100,210,10001,"[0, 100000]","[0, 100000]",0,0,976,4296
yolov8x_training,1651.004135,71,123.878,13370.3125,100,225,10001,"[0, 100000]","[0, 100000]",0,0,1123,4101
yolov8x_training,1652.046877,70,124.297,13370.3125,100,210,10001,"[0, 100000]","[0, 100000]",0,0,927,3857
yolov8x_training,1653.089681,70,122.805,13370.3125,100,210,10001,"[0, 100000]","[0, 100000]",0,0,1025,3125
yolov8x_training,1654.132502,70,124.208,13370.3125,100,225,10001,"[0, 100000]","[0, 100000]",0,0,927,927
yolov8x_training,1655.175279,70,125.049,13370.3125,100,210,10001,"[0, 100000]","[0, 100000]",0,0,341,1036132
yolov8x_training,1656.218306,69,124.306,13370.3125,100,210,10001,"[0, 100000]","[0, 100000]",0,0,1416,5371
yolov8x_training,1657.419023,70,122.546,13370.3125,100,210,10001,"[0, 100000]","[0, 100000]",0,0,9667,36865
yolov8x_training,1658.461879,69,124.969,13370.3125,93,225,10001,"[0, 100000]","[0, 100000]",0,0,1708,3466
yolov8x_training,1659.504602,69,124.490,13370.3125,76,345,10001,"[0, 100000]","[0, 100000]",0,0,1074,3662
yolov8x_training,1660.547445,69,123.363,13370.3125,62,210,10001,"[0, 100000]","[0, 100000]",0,0,830,4003
yolov8x_training,1661.590131,69,121.585,13370.3125,50,210,10001,"[0, 100000]","[0, 100000]",0,0,1074,4785
yolov8x_training,1662.632897,69,122.510,13370.3125,57,300,10001,"[0, 100000]","[0, 100000]",0,0,2148,4199
yolov8x_training,1663.675724,71,124.138,13370.3125,38,210,10001,"[0, 100000]","[0, 100000]",0,0,1123,3515
yolov8x_training,1664.718452,70,123.408,13370.3125,28,210,10001,"[0, 100000]","[0, 100000]",0,0,878,4003
yolov8x_training,1665.761155,70,123.845,13370.3125,19,255,10001,"[0, 100000]","[0, 100000]",0,0,1025,2929
yolov8x_training,1666.803854,70,124.475,13370.3125,53,225,10001,"[0, 100000]","[0, 100000]",0,0,1025,4150
yolov8x_training,1667.846720,70,124.523,13370.3125,77,210,10001,"[0, 100000]","[0, 100000]",0,0,976,36865
yolov8x_training,1668.889695,70,124.006,13370.3125,89,210,10001,"[0, 100000]","[0, 100000]",0,0,439,292
yolov8x_training,1669.932614,70,124.903,13370.3125,95,375,10001,"[0, 100000]","[0, 100000]",0,0,89257,20361
yolov8x_training,1671.150932,70,125.686,13370.3125,100,1590,10001,"[0, 100000]","[0, 100000]",0,0,7080,50439
yolov8x_training,1672.193711,70,126.000,13370.3125,100,960,10001,"[0, 100000]","[0, 100000]",0,0,9033,22705
yolov8x_training,1673.236511,70,125.715,13370.3125,100,1050,10001,"[0, 100000]","[0, 100000]",0,0,927,10693
yolov8x_training,1674.279350,70,126.471,13370.3125,100,1890,10001,"[0, 100000]","[0, 100000]",0,0,927,4541
yolov8x_training,1675.322127,70,127.904,13370.3125,100,630,10001,"[0, 100000]","[0, 100000]",0,0,1220,5224
yolov8x_training,1676.365174,70,124.460,13370.3125,100,2505,10001,"[0, 100000]","[0, 100000]",0,0,1123,4541
yolov8x_training,1677.408009,70,127.830,13370.3125,100,210,10001,"[0, 100000]","[0, 100000]",0,0,1123,5517
yolov8x_training,1678.450735,70,129.077,13370.3125,100,210,10001,"[0, 100000]","[0, 100000]",0,0,976,4003
yolov8x_training,1679.493456,70,128.277,13370.3125,97,225,10001,"[0, 100000]","[0, 100000]",0,0,1171,2880
yolov8x_training,1680.536257,71,123.492,13370.3125,100,210,10001,"[0, 100000]","[0, 100000]",0,0,976,2783
yolov8x_training,1681.579015,70,121.621,13370.3125,100,210,10001,"[0, 100000]","[0, 100000]",0,0,976,3857
yolov8x_training,1682.621832,70,123.727,13370.3125,98,210,10001,"[0, 100000]","[0, 100000]",0,0,1074,878
yolov8x_training,1683.664589,70,124.260,13370.3125,98,225,10001,"[0, 100000]","[0, 100000]",0,0,14892,341
yolov8x_training,1684.707459,70,123.167,13370.3125,98,225,10001,"[0, 100000]","[0, 100000]",0,0,292,292
yolov8x_training,1685.750116,70,123.323,13370.3125,98,225,10001,"[0, 100000]","[0, 100000]",0,0,90576,7861
yolov8x_training,1686.967119,70,122.941,13370.3125,97,210,10001,"[0, 100000]","[0, 100000]",0,0,9619,37451
yolov8x_training,1688.010000,70,122.893,13370.3125,97,210,10001,"[0, 100000]","[0, 100000]",0,0,7031,4980
yolov8x_training,1689.052760,70,124.211,13370.3125,97,210,10001,"[0, 100000]","[0, 100000]",0,0,1123,10400
yolov8x_training,1690.095429,70,122.465,13370.3125,98,210,10001,"[0, 100000]","[0, 100000]",0,0,1757,6152
yolov8x_training,1691.138191,70,122.750,13370.3125,97,210,10001,"[0, 100000]","[0, 100000]",0,0,1123,4199
yolov8x_training,1692.180997,70,124.744,13370.3125,97,210,10001,"[0, 100000]","[0, 100000]",0,0,878,4003
yolov8x_training,1693.223711,70,124.058,13370.3125,98,210,10001,"[0, 100000]","[0, 100000]",0,0,2148,4150
yolov8x_training,1694.266509,70,122.183,13370.3125,100,210,10001,"[0, 100000]","[0, 100000]",0,0,1171,4492
yolov8x_training,1695.309254,70,123.826,13370.3125,100,210,10001,"[0, 100000]","[0, 100000]",0,0,1074,4052
yolov8x_training,1696.352135,70,123.949,13370.3125,100,390,10001,"[0, 100000]","[0, 100000]",0,0,683,3759
yolov8x_training,1697.394943,70,123.869,13370.3125,100,210,10001,"[0, 100000]","[0, 100000]",0,0,1123,537
yolov8x_training,1698.437777,70,122.912,13370.3125,100,210,10001,"[0, 100000]","[0, 100000]",0,0,585,341
yolov8x_training,1699.480400,70,123.340,13370.3125,100,210,10001,"[0, 100000]","[0, 100000]",0,0,292,341
yolov8x_training,1700.522979,70,122.006,13370.3125,100,255,10001,"[0, 100000]","[0, 100000]",0,0,2050,62011
yolov8x_training,1701.743002,70,120.107,13370.3125,100,210,10001,"[0, 100000]","[0, 100000]",0,0,9179,28564
yolov8x_training,1702.785710,70,118.926,13370.3125,100,210,10001,"[0, 100000]","[0, 100000]",0,0,1416,6738
yolov8x_training,1703.828522,70,120.783,13370.3125,100,210,10001,"[0, 100000]","[0, 100000]",0,0,1074,3906
yolov8x_training,1704.871435,70,123.362,13370.3125,100,720,10001,"[0, 100000]","[0, 100000]",0,0,878,4443
yolov8x_training,1705.914155,70,121.380,13370.3125,100,210,10001,"[0, 100000]","[0, 100000]",0,0,1123,6982
yolov8x_training,1706.956855,70,123.898,13370.3125,100,210,10001,"[0, 100000]","[0, 100000]",0,0,1611,5712
yolov8x_training,1707.999622,70,121.769,13370.3125,100,210,10001,"[0, 100000]","[0, 100000]",0,0,1171,4345
yolov8x_training,1709.042356,71,123.978,13370.3125,100,210,10001,"[0, 100000]","[0, 100000]",0,0,976,4394
yolov8x_training,1710.085065,71,122.549,13370.3125,100,210,10001,"[0, 100000]","[0, 100000]",0,0,976,4638
yolov8x_training,1711.127933,71,122.764,13370.3125,100,210,10001,"[0, 100000]","[0, 100000]",0,0,878,3173
yolov8x_training,1712.170647,70,122.723,13370.3125,100,210,10001,"[0, 100000]","[0, 100000]",0,0,781,2880
yolov8x_training,1713.213650,70,123.306,13370.3125,100,210,10001,"[0, 100000]","[0, 100000]",0,0,976,3613
yolov8x_training,1714.256408,70,124.399,13370.3125,100,210,10001,"[0, 100000]","[0, 100000]",0,0,634,2050
yolov8x_training,1715.299170,70,124.236,13370.3125,100,210,10001,"[0, 100000]","[0, 100000]",0,0,341,292
yolov8x_training,1716.341866,70,123.017,13370.3125,100,210,10001,"[0, 100000]","[0, 100000]",0,0,292,1037548
yolov8x_training,1717.384650,70,123.680,13370.3125,100,210,10001,"[0, 100000]","[0, 100000]",0,0,976,6347
yolov8x_training,1718.593298,70,123.488,13370.3125,100,210,10001,"[0, 100000]","[0, 100000]",0,0,5273,4248
yolov8x_training,1719.636287,70,126.816,13370.3125,100,210,10001,"[0, 100000]","[0, 100000]",0,0,830,9814
yolov8x_training,1720.679097,70,128.220,13370.3125,100,210,10001,"[0, 100000]","[0, 100000]",0,0,1025,4101
yolov8x_training,1721.721886,70,124.360,13370.3125,100,210,10001,"[0, 100000]","[0, 100000]",0,0,1171,12060
yolov8x_training,1722.764688,70,123.349,13370.3125,100,210,10001,"[0, 100000]","[0, 100000]",0,0,1171,5712
yolov8x_training,1723.807373,70,122.286,13370.3125,100,210,10001,"[0, 100000]","[0, 100000]",0,0,1123,5126
yolov8x_training,1724.850222,70,123.722,13370.3125,100,210,10001,"[0, 100000]","[0, 100000]",0,0,1074,4003
yolov8x_training,1725.892964,70,122.808,13370.3125,100,210,10001,"[0, 100000]","[0, 100000]",0,0,1123,4052
yolov8x_training,1726.935745,70,121.323,13370.3125,100,210,10001,"[0, 100000]","[0, 100000]",0,0,781,3417
yolov8x_training,1727.978570,70,123.392,13370.3125,100,210,10001,"[0, 100000]","[0, 100000]",0,0,878,3906
yolov8x_training,1729.021519,70,124.537,13370.3125,100,210,10001,"[0, 100000]","[0, 100000]",0,0,878,1367
yolov8x_training,1730.064429,70,122.723,13370.3125,96,210,10001,"[0, 100000]","[0, 100000]",0,0,683,292
yolov8x_training,1731.107162,70,124.395,13370.3125,100,210,10001,"[0, 100000]","[0, 100000]",0,0,341,292
yolov8x_training,1732.150050,70,123.591,13370.3125,100,210,10001,"[0, 100000]","[0, 100000]",0,0,88720,16406
yolov8x_training,1733.362664,71,124.189,13370.3125,93,210,10001,"[0, 100000]","[0, 100000]",0,0,4931,57763
yolov8x_training,1734.405566,71,124.166,13370.3125,76,210,10001,"[0, 100000]","[0, 100000]",0,0,927,7226
yolov8x_training,1735.448336,71,124.900,13370.3125,84,210,10001,"[0, 100000]","[0, 100000]",0,0,1464,3076
yolov8x_training,1736.491217,71,122.891,13370.3125,90,210,10001,"[0, 100000]","[0, 100000]",0,0,1416,7812
yolov8x_training,1737.533954,71,123.199,13370.3125,98,405,10001,"[0, 100000]","[0, 100000]",0,0,976,3906
yolov8x_training,1738.576991,71,123.629,13370.3125,58,210,10001,"[0, 100000]","[0, 100000]",0,0,1708,7519
yolov8x_training,1739.619852,70,122.371,13370.3125,49,375,10001,"[0, 100000]","[0, 100000]",0,0,1464,6835
yolov8x_training,1740.662617,71,123.164,13370.3125,58,210,10001,"[0, 100000]","[0, 100000]",0,0,1269,3759
yolov8x_training,1741.705447,70,122.895,13370.3125,19,210,10001,"[0, 100000]","[0, 100000]",0,0,1025,4394
yolov8x_training,1742.748320,70,123.565,13370.3125,17,225,10001,"[0, 100000]","[0, 100000]",0,0,1074,4980
yolov8x_training,1743.791172,70,123.787,13370.3125,30,210,10001,"[0, 100000]","[0, 100000]",0,0,1025,2050
yolov8x_training,1744.834128,70,124.212,13370.3125,15,255,10001,"[0, 100000]","[0, 100000]",0,0,1074,3466
yolov8x_training,1745.877113,70,122.687,13370.3125,29,255,10001,"[0, 100000]","[0, 100000]",0,0,488,2441
yolov8x_training,1746.920038,70,124.592,13370.3125,37,210,10001,"[0, 100000]","[0, 100000]",0,0,292,292
yolov8x_training,1747.962950,70,124.680,13370.3125,60,315,10001,"[0, 100000]","[0, 100000]",0,0,3222,16162
yolov8x_training,1749.169367,70,125.170,13370.3125,100,1830,10001,"[0, 100000]","[0, 100000]",0,0,5761,4296
yolov8x_training,1750.212305,70,125.630,13370.3125,100,2325,10001,"[0, 100000]","[0, 100000]",0,0,976,10205
yolov8x_training,1751.255209,70,124.925,13370.3125,100,1192,10001,"[0, 100000]","[0, 100000]",0,0,1123,7226
yolov8x_training,1752.298017,71,124.918,13370.3125,100,1920,10001,"[0, 100000]","[0, 100000]",0,0,976,3466
yolov8x_training,1753.340893,71,125.457,13370.3125,100,2505,10001,"[0, 100000]","[0, 100000]",0,0,1025,5419
yolov8x_training,1754.383785,70,126.428,13370.3125,100,825,10001,"[0, 100000]","[0, 100000]",0,0,2099,4638
yolov8x_training,1755.426632,70,126.116,13370.3125,100,210,10001,"[0, 100000]","[0, 100000]",0,0,1708,4248
yolov8x_training,1756.469836,70,125.507,13370.3125,100,210,10001,"[0, 100000]","[0, 100000]",0,0,1171,5566
yolov8x_training,1757.512699,70,126.337,13370.3125,100,210,10001,"[0, 100000]","[0, 100000]",0,0,1074,4101
yolov8x_training,1758.555569,70,123.542,13370.3125,100,210,10001,"[0, 100000]","[0, 100000]",0,0,1074,2734
yolov8x_training,1759.598398,71,124.163,13370.3125,100,210,10001,"[0, 100000]","[0, 100000]",0,0,976,3515
yolov8x_training,1760.641184,70,123.593,13370.3125,100,210,10001,"[0, 100000]","[0, 100000]",0,0,1074,1318
yolov8x_training,1761.683892,70,123.212,13370.3125,99,225,10001,"[0, 100000]","[0, 100000]",0,0,341,341
yolov8x_training,1762.726516,69,124.483,13370.3125,97,210,10001,"[0, 100000]","[0, 100000]",0,0,341,1031347
yolov8x_training,1763.769019,69,123.629,13370.3125,98,210,10001,"[0, 100000]","[0, 100000]",0,0,2880,6591
yolov8x_training,1764.981515,69,123.494,13370.3125,97,210,10001,"[0, 100000]","[0, 100000]",0,0,5273,3662
yolov8x_training,1766.024400,69,123.717,13370.3125,98,210,10001,"[0, 100000]","[0, 100000]",0,0,1708,2978
yolov8x_training,1767.067240,69,124.187,13370.3125,98,210,10001,"[0, 100000]","[0, 100000]",0,0,1562,4931
yolov8x_training,1768.109905,69,122.281,13370.3125,97,210,10001,"[0, 100000]","[0, 100000]",0,0,1171,4394
yolov8x_training,1769.152761,69,123.933,13370.3125,97,210,10001,"[0, 100000]","[0, 100000]",0,0,976,5419
yolov8x_training,1770.195562,70,122.748,13370.3125,97,210,10001,"[0, 100000]","[0, 100000]",0,0,1123,12988
yolov8x_training,1771.238388,70,123.094,13370.3125,97,210,10001,"[0, 100000]","[0, 100000]",0,0,2099,3759
yolov8x_training,1772.281160,70,123.658,13370.3125,97,210,10001,"[0, 100000]","[0, 100000]",0,0,1220,5664
yolov8x_training,1773.324011,70,123.600,13370.3125,100,210,10001,"[0, 100000]","[0, 100000]",0,0,927,4101
yolov8x_training,1774.366951,70,123.506,13370.3125,100,210,10001,"[0, 100000]","[0, 100000]",0,0,781,3417
yolov8x_training,1775.409894,70,122.741,13370.3125,100,210,10001,"[0, 100000]","[0, 100000]",0,0,927,3417
yolov8x_training,1776.452800,70,121.620,13370.3125,100,210,10001,"[0, 100000]","[0, 100000]",0,0,1025,3320
yolov8x_training,1777.495754,70,123.872,13370.3125,100,210,10001,"[0, 100000]","[0, 100000]",0,0,585,2099
yolov8x_training,1778.538658,70,125.824,13370.3125,100,210,10001,"[0, 100000]","[0, 100000]",0,0,341,292
yolov8x_training,1779.581329,70,124.067,13370.3125,100,210,10001,"[0, 100000]","[0, 100000]",0,0,341,1035986
yolov8x_training,1780.791792,70,125.857,13370.3125,100,210,10001,"[0, 100000]","[0, 100000]",0,0,9619,37304
yolov8x_training,1781.834785,70,124.770,13370.3125,100,210,10001,"[0, 100000]","[0, 100000]",0,0,1025,9570
yolov8x_training,1782.877718,70,123.770,13370.3125,100,210,10001,"[0, 100000]","[0, 100000]",0,0,1171,4492
yolov8x_training,1783.920610,71,123.397,13370.3125,100,255,10001,"[0, 100000]","[0, 100000]",0,0,1123,4931
yolov8x_training,1784.963511,70,124.888,13370.3125,100,255,10001,"[0, 100000]","[0, 100000]",0,0,878,4248
yolov8x_training,1786.006320,70,124.405,13370.3125,100,225,10001,"[0, 100000]","[0, 100000]",0,0,1318,11621
yolov8x_training,1787.049194,70,123.967,13370.3125,100,210,10001,"[0, 100000]","[0, 100000]",0,0,927,4931
yolov8x_training,1788.092027,70,124.208,13370.3125,100,210,10001,"[0, 100000]","[0, 100000]",0,0,927,3955
yolov8x_training,1789.134838,70,123.648,13370.3125,100,210,10001,"[0, 100000]","[0, 100000]",0,0,1025,3857
yolov8x_training,1790.177735,70,124.636,13370.3125,100,210,10001,"[0, 100000]","[0, 100000]",0,0,976,3710
yolov8x_training,1791.220636,70,124.607,13370.3125,100,210,10001,"[0, 100000]","[0, 100000]",0,0,1025,2197
yolov8x_training,1792.263518,70,124.730,13370.3125,100,210,10001,"[0, 100000]","[0, 100000]",0,0,390,341
yolov8x_training,1793.306201,70,123.162,13370.3125,100,210,10001,"[0, 100000]","[0, 100000]",0,0,341,292
yolov8x_training,1794.348934,70,122.018,13370.3125,100,210,10001,"[0, 100000]","[0, 100000]",0,0,341,1032128
yolov8x_training,1795.568932,70,127.432,13370.3125,100,210,10001,"[0, 100000]","[0, 100000]",0,0,9277,38867
yolov8x_training,1796.611863,70,128.881,13370.3125,100,210,10001,"[0, 100000]","[0, 100000]",0,0,927,10449
yolov8x_training,1797.654689,70,127.733,13370.3125,100,210,10001,"[0, 100000]","[0, 100000]",0,0,1025,3613
yolov8x_training,1798.697684,70,122.248,13370.3125,100,210,10001,"[0, 100000]","[0, 100000]",0,0,1074,3027
yolov8x_training,1799.740687,70,124.921,13370.3125,100,210,10001,"[0, 100000]","[0, 100000]",0,0,1074,6982
yolov8x_training,1800.783509,70,124.671,13370.3125,100,210,10001,"[0, 100000]","[0, 100000]",0,0,1171,5566
yolov8x_training,1801.826364,70,123.396,13370.3125,100,210,10001,"[0, 100000]","[0, 100000]",0,0,976,3564
yolov8x_training,1802.869322,70,123.174,13370.3125,100,210,10001,"[0, 100000]","[0, 100000]",0,0,927,3515
yolov8x_training,1803.912214,70,123.861,13370.3125,100,210,10001,"[0, 100000]","[0, 100000]",0,0,927,4492
yolov8x_training,1804.954999,70,124.672,13370.3125,100,210,10001,"[0, 100000]","[0, 100000]",0,0,878,3417
yolov8x_training,1805.997931,70,121.639,13370.3125,100,210,10001,"[0, 100000]","[0, 100000]",0,0,1025,3906
yolov8x_training,1807.040808,70,123.104,13370.3125,100,210,10001,"[0, 100000]","[0, 100000]",0,0,1025,3417
yolov8x_training,1808.083699,70,123.751,13370.3125,100,210,10001,"[0, 100000]","[0, 100000]",0,0,488,2636
yolov8x_training,1809.126569,70,123.632,13370.3125,100,210,10001,"[0, 100000]","[0, 100000]",0,0,439,341
yolov8x_training,1810.169352,70,124.276,13370.3125,100,210,10001,"[0, 100000]","[0, 100000]",0,0,292,292
yolov8x_training,1811.211962,70,123.659,13370.3125,100,210,10001,"[0, 100000]","[0, 100000]",0,0,90625,13525
yolov8x_training,1812.427927,69,123.714,13370.3125,100,210,10001,"[0, 100000]","[0, 100000]",0,0,9326,39746
yolov8x_training,1813.470960,69,124.229,13370.3125,100,210,10001,"[0, 100000]","[0, 100000]",0,0,683,11523
yolov8x_training,1814.513804,69,124.757,13370.3125,100,225,10001,"[0, 100000]","[0, 100000]",0,0,1855,5908
yolov8x_training,1815.556704,71,123.717,13370.3125,100,285,10001,"[0, 100000]","[0, 100000]",0,0,927,3759
yolov8x_training,1816.599616,71,123.297,13370.3125,96,210,10001,"[0, 100000]","[0, 100000]",0,0,2050,4736
yolov8x_training,1817.642423,71,123.053,13370.3125,58,210,10001,"[0, 100000]","[0, 100000]",0,0,1171,5712
yolov8x_training,1818.685226,71,123.489,13370.3125,69,210,10001,"[0, 100000]","[0, 100000]",0,0,976,2929
yolov8x_training,1819.728087,70,123.412,13370.3125,50,255,10001,"[0, 100000]","[0, 100000]",0,0,1025,4052
yolov8x_training,1820.771004,70,123.841,13370.3125,18,255,10001,"[0, 100000]","[0, 100000]",0,0,781,3369
yolov8x_training,1821.813877,70,122.334,13370.3125,7,255,10001,"[0, 100000]","[0, 100000]",0,0,976,3710
yolov8x_training,1822.856763,70,123.176,13370.3125,36,255,10001,"[0, 100000]","[0, 100000]",0,0,1074,1660
yolov8x_training,1823.899580,70,123.896,13370.3125,19,210,10001,"[0, 100000]","[0, 100000]",0,0,390,292
yolov8x_training,1824.942339,70,122.527,13370.3125,43,210,10001,"[0, 100000]","[0, 100000]",0,0,341,292
yolov8x_training,1825.984893,70,124.795,13370.3125,37,495,10001,"[0, 100000]","[0, 100000]",0,0,4003,6396
yolov8x_training,1827.201435,70,121.603,13370.3125,80,1530,10001,"[0, 100000]","[0, 100000]",0,0,4199,2539
yolov8x_training,1828.244211,71,121.743,13370.3125,100,2280,10001,"[0, 100000]","[0, 100000]",0,0,1123,5029
yolov8x_training,1829.287068,70,124.633,13370.3125,100,210,10001,"[0, 100000]","[0, 100000]",0,0,976,4931
yolov8x_training,1830.330312,70,125.580,13370.3125,100,210,10001,"[0, 100000]","[0, 100000]",0,0,878,4492
yolov8x_training,1831.373248,70,125.503,13370.3125,100,210,10001,"[0, 100000]","[0, 100000]",0,0,1562,4785
yolov8x_training,1832.416077,70,126.622,13370.3125,100,210,10001,"[0, 100000]","[0, 100000]",0,0,1367,2343
yolov8x_training,1833.458908,70,128.183,13370.3125,100,225,10001,"[0, 100000]","[0, 100000]",0,0,1074,4101
yolov8x_training,1834.501704,70,127.341,13370.3125,100,210,10001,"[0, 100000]","[0, 100000]",0,0,1025,3613
yolov8x_training,1835.544532,70,123.380,13370.3125,100,225,10001,"[0, 100000]","[0, 100000]",0,0,1074,2197
yolov8x_training,1836.587337,71,123.660,13370.3125,100,225,10001,"[0, 100000]","[0, 100000]",0,0,1025,3613
yolov8x_training,1837.630142,70,125.095,13370.3125,100,210,10001,"[0, 100000]","[0, 100000]",0,0,927,24560
yolov8x_training,1838.672951,71,122.145,13370.3125,100,225,10001,"[0, 100000]","[0, 100000]",0,0,878,878
yolov8x_training,1839.715736,70,124.722,13370.3125,100,210,10001,"[0, 100000]","[0, 100000]",0,0,341,1032177
yolov8x_training,1840.758420,69,125.164,13370.3125,97,210,10001,"[0, 100000]","[0, 100000]",0,0,1269,53125
yolov8x_training,1841.974317,69,124.195,13370.3125,97,210,10001,"[0, 100000]","[0, 100000]",0,0,8642,34960
yolov8x_training,1843.017388,69,125.045,13370.3125,98,225,10001,"[0, 100000]","[0, 100000]",0,0,2148,5615
yolov8x_training,1844.060396,69,122.312,13370.3125,100,210,10001,"[0, 100000]","[0, 100000]",0,0,1123,4248
yolov8x_training,1845.103233,71,123.333,13370.3125,100,345,10001,"[0, 100000]","[0, 100000]",0,0,1123,5664
yolov8x_training,1846.146037,70,121.789,13370.3125,100,240,10001,"[0, 100000]","[0, 100000]",0,0,1074,4589
yolov8x_training,1847.188795,69,123.035,13370.3125,100,210,10001,"[0, 100000]","[0, 100000]",0,0,1025,5517
yolov8x_training,1848.231518,70,123.348,13370.3125,100,255,10001,"[0, 100000]","[0, 100000]",0,0,1318,2392
yolov8x_training,1849.274292,70,124.639,13370.3125,100,210,10001,"[0, 100000]","[0, 100000]",0,0,1074,4492
yolov8x_training,1850.317020,70,124.756,13370.3125,100,210,10001,"[0, 100000]","[0, 100000]",0,0,927,2880
yolov8x_training,1851.359931,70,124.589,13370.3125,100,240,10001,"[0, 100000]","[0, 100000]",0,0,927,3613
yolov8x_training,1852.402774,70,122.362,13370.3125,100,225,10001,"[0, 100000]","[0, 100000]",0,0,976,1269
yolov8x_training,1853.445637,70,123.664,13370.3125,100,210,10001,"[0, 100000]","[0, 100000]",0,0,4296,93359
yolov8x_training,1854.488742,70,123.543,13370.3125,100,210,10001,"[0, 100000]","[0, 100000]",0,0,341,292
yolov8x_training,1855.531518,70,120.558,13370.3125,100,210,10001,"[0, 100000]","[0, 100000]",0,0,90380,8447
yolov8x_training,1856.574676,70,120.104,13370.3125,100,210,10001,"[0, 100000]","[0, 100000]",0,0,1513,43017
yolov8x_training,1857.827306,70,121.401,13370.3125,100,210,10001,"[0, 100000]","[0, 100000]",0,0,9375,36669
yolov8x_training,1858.870246,71,120.739,13370.3125,100,210,10001,"[0, 100000]","[0, 100000]",0,0,1611,3906
yolov8x_training,1859.913012,71,121.919,13370.3125,100,210,10001,"[0, 100000]","[0, 100000]",0,0,1220,3759
yolov8x_training,1860.955846,70,120.890,13370.3125,100,225,10001,"[0, 100000]","[0, 100000]",0,0,927,5273
yolov8x_training,1861.998703,70,120.646,13370.3125,100,225,10001,"[0, 100000]","[0, 100000]",0,0,1513,6835
yolov8x_training,1863.041515,70,124.518,13370.3125,100,210,10001,"[0, 100000]","[0, 100000]",0,0,1269,3710
yolov8x_training,1864.084341,70,123.505,13370.3125,100,210,10001,"[0, 100000]","[0, 100000]",0,0,1123,3906
yolov8x_training,1865.127125,70,121.976,13370.3125,100,210,10001,"[0, 100000]","[0, 100000]",0,0,1025,3808
yolov8x_training,1866.169927,70,123.629,13370.3125,100,210,10001,"[0, 100000]","[0, 100000]",0,0,1025,3857
yolov8x_training,1867.212674,70,123.261,13370.3125,100,210,10001,"[0, 100000]","[0, 100000]",0,0,830,3369
yolov8x_training,1868.255448,70,124.624,13370.3125,100,210,10001,"[0, 100000]","[0, 100000]",0,0,1025,1855
yolov8x_training,1869.298242,70,124.279,13370.3125,100,210,10001,"[0, 100000]","[0, 100000]",0,0,10986,31250
yolov8x_training,1870.341070,70,124.231,13370.3125,100,210,10001,"[0, 100000]","[0, 100000]",0,0,341,1031201
yolov8x_training,1871.383585,70,123.347,13370.3125,100,210,10001,"[0, 100000]","[0, 100000]",0,0,2197,57617
yolov8x_training,1872.607720,70,122.807,13370.3125,100,210,10001,"[0, 100000]","[0, 100000]",0,0,9277,22412
yolov8x_training,1873.650471,70,124.579,13370.3125,100,210,10001,"[0, 100000]","[0, 100000]",0,0,1611,4394
yolov8x_training,1874.693220,70,122.424,13370.3125,100,210,10001,"[0, 100000]","[0, 100000]",0,0,1953,6250
yolov8x_training,1875.736027,70,123.554,13370.3125,100,210,10001,"[0, 100000]","[0, 100000]",0,0,976,3564
yolov8x_training,1876.778792,70,124.033,13370.3125,100,210,10001,"[0, 100000]","[0, 100000]",0,0,1025,5371
yolov8x_training,1877.821579,70,124.874,13370.3125,100,210,10001,"[0, 100000]","[0, 100000]",0,0,2001,3710
yolov8x_training,1878.864398,70,124.488,13370.3125,100,210,10001,"[0, 100000]","[0, 100000]",0,0,1220,2978
yolov8x_training,1879.907208,70,123.069,13370.3125,100,210,10001,"[0, 100000]","[0, 100000]",0,0,1123,4101
yolov8x_training,1880.950007,70,124.177,13370.3125,100,210,10001,"[0, 100000]","[0, 100000]",0,0,927,3222
yolov8x_training,1881.992846,70,122.329,13370.3125,100,210,10001,"[0, 100000]","[0, 100000]",0,0,830,3076
yolov8x_training,1883.035743,70,124.574,13370.3125,100,210,10001,"[0, 100000]","[0, 100000]",0,0,976,4199
yolov8x_training,1884.078506,70,124.674,13370.3125,100,210,10001,"[0, 100000]","[0, 100000]",0,0,927,927
yolov8x_training,1885.121428,70,125.988,13370.3125,96,210,10001,"[0, 100000]","[0, 100000]",0,0,341,292
yolov8x_training,1886.164077,70,125.656,13370.3125,57,210,10001,"[0, 100000]","[0, 100000]",0,0,1806,4638
yolov8x_training,1887.365564,69,124.024,13370.3125,51,210,10001,"[0, 100000]","[0, 100000]",0,0,9863,36181
yolov8x_training,1888.408467,71,126.252,13370.3125,18,210,10001,"[0, 100000]","[0, 100000]",0,0,1904,5810
yolov8x_training,1889.451264,71,124.732,13370.3125,20,210,10001,"[0, 100000]","[0, 100000]",0,0,1074,4003
yolov8x_training,1890.494221,71,123.354,13370.3125,39,255,10001,"[0, 100000]","[0, 100000]",0,0,976,5175
yolov8x_training,1891.537589,70,124.512,13370.3125,80,225,10001,"[0, 100000]","[0, 100000]",0,0,1904,5175
yolov8x_training,1892.580428,71,125.758,13370.3125,100,210,10001,"[0, 100000]","[0, 100000]",0,0,1025,4052
yolov8x_training,1893.623167,70,124.301,13370.3125,100,210,10001,"[0, 100000]","[0, 100000]",0,0,1025,3466
yolov8x_training,1894.665902,70,123.037,13370.3125,100,210,10001,"[0, 100000]","[0, 100000]",0,0,1025,4833
yolov8x_training,1895.708769,70,123.210,13370.3125,100,210,10001,"[0, 100000]","[0, 100000]",0,0,830,2832
yolov8x_training,1896.751764,70,124.786,13370.3125,100,210,10001,"[0, 100000]","[0, 100000]",0,0,878,3906
yolov8x_training,1897.794666,70,125.119,13370.3125,100,210,10001,"[0, 100000]","[0, 100000]",0,0,634,2294
yolov8x_training,1898.837595,70,123.932,13370.3125,100,210,10001,"[0, 100000]","[0, 100000]",0,0,292,292
yolov8x_training,1899.880520,70,122.917,13370.3125,100,210,10001,"[0, 100000]","[0, 100000]",0,0,89208,19775
yolov8x_training,1900.923823,70,123.762,13370.3125,100,210,10001,"[0, 100000]","[0, 100000]",0,0,2783,5957
yolov8x_training,1902.151012,70,127.799,13370.3125,100,240,10001,"[0, 100000]","[0, 100000]",0,0,8984,41162
yolov8x_training,1903.193732,70,124.655,13370.3125,100,2385,10001,"[0, 100000]","[0, 100000]",0,0,1367,10400
yolov8x_training,1904.236435,71,128.675,13370.3125,98,210,10001,"[0, 100000]","[0, 100000]",0,0,927,3857
yolov8x_training,1905.279310,71,124.658,13370.3125,100,210,10001,"[0, 100000]","[0, 100000]",0,0,976,3955
yolov8x_training,1906.322153,71,122.976,13370.3125,98,210,10001,"[0, 100000]","[0, 100000]",0,0,1220,12060
yolov8x_training,1907.365033,70,123.513,13370.3125,98,210,10001,"[0, 100000]","[0, 100000]",0,0,1220,5566
yolov8x_training,1908.407780,71,123.050,13370.3125,99,210,10001,"[0, 100000]","[0, 100000]",0,0,1123,5810
yolov8x_training,1909.450757,71,124.304,13370.3125,100,210,10001,"[0, 100000]","[0, 100000]",0,0,830,3955
yolov8x_training,1910.493595,70,124.542,13370.3125,96,225,10001,"[0, 100000]","[0, 100000]",0,0,1074,3564
yolov8x_training,1911.536357,70,124.531,13370.3125,98,210,10001,"[0, 100000]","[0, 100000]",0,0,878,3710
yolov8x_training,1912.579322,70,122.511,13370.3125,98,225,10001,"[0, 100000]","[0, 100000]",0,0,1123,3710
yolov8x_training,1913.622113,70,122.914,13370.3125,96,210,10001,"[0, 100000]","[0, 100000]",0,0,1025,3271
yolov8x_training,1914.664908,71,124.388,13370.3125,97,210,10001,"[0, 100000]","[0, 100000]",0,0,732,292
yolov8x_training,1915.707589,70,125.221,13370.3125,97,210,10001,"[0, 100000]","[0, 100000]",0,0,70751,15332
yolov8x_training,1916.750674,69,125.068,13370.3125,100,210,10001,"[0, 100000]","[0, 100000]",0,0,2587,64160
yolov8x_training,1917.957861,69,125.268,13370.3125,100,210,10001,"[0, 100000]","[0, 100000]",0,0,5224,4345
yolov8x_training,1919.000720,69,123.954,13370.3125,100,210,10001,"[0, 100000]","[0, 100000]",0,0,927,11425
yolov8x_training,1920.043628,69,123.440,13370.3125,100,210,10001,"[0, 100000]","[0, 100000]",0,0,1123,4785
yolov8x_training,1921.086387,69,123.029,13370.3125,100,210,10001,"[0, 100000]","[0, 100000]",0,0,878,3466
yolov8x_training,1922.129218,69,123.505,13370.3125,100,210,10001,"[0, 100000]","[0, 100000]",0,0,2343,4150
yolov8x_training,1923.172099,73,124.433,13370.3125,100,225,10001,"[0, 100000]","[0, 100000]",0,0,1269,3808
yolov8x_training,1924.214926,70,121.826,13370.3125,100,210,10001,"[0, 100000]","[0, 100000]",0,0,976,4345
yolov8x_training,1925.257746,70,122.412,13370.3125,100,345,10001,"[0, 100000]","[0, 100000]",0,0,878,4003
yolov8x_training,1926.300597,70,124.794,13370.3125,100,210,10001,"[0, 100000]","[0, 100000]",0,0,1220,2636
yolov8x_training,1927.343773,70,124.337,13370.3125,100,255,10001,"[0, 100000]","[0, 100000]",0,0,1025,3271
yolov8x_training,1928.386714,70,123.449,13370.3125,100,240,10001,"[0, 100000]","[0, 100000]",0,0,927,1318
yolov8x_training,1929.429580,70,124.085,13370.3125,100,240,10001,"[0, 100000]","[0, 100000]",0,0,585,2441
yolov8x_training,1930.472582,70,124.605,13370.3125,100,255,10001,"[0, 100000]","[0, 100000]",0,0,341,292
yolov8x_training,1931.515177,70,123.039,13370.3125,100,225,10001,"[0, 100000]","[0, 100000]",0,0,89648,18310
yolov8x_training,1932.558540,70,122.265,13370.3125,100,210,10001,"[0, 100000]","[0, 100000]",0,0,2783,5371
yolov8x_training,1933.601445,70,121.816,13370.3125,100,210,10001,"[0, 100000]","[0, 100000]",0,0,1416,55615
yolov8x_training,1934.813156,70,123.019,13370.3125,100,210,10001,"[0, 100000]","[0, 100000]",0,0,3613,2587
yolov8x_training,1935.856204,71,121.246,13370.3125,100,210,10001,"[0, 100000]","[0, 100000]",0,0,878,11474
yolov8x_training,1936.899393,70,122.555,13370.3125,100,210,10001,"[0, 100000]","[0, 100000]",0,0,1660,5810
yolov8x_training,1937.942253,70,121.385,13370.3125,100,210,10001,"[0, 100000]","[0, 100000]",0,0,976,3955
yolov8x_training,1938.985089,70,120.697,13370.3125,100,210,10001,"[0, 100000]","[0, 100000]",0,0,1074,5273
yolov8x_training,1940.027957,70,120.729,13370.3125,100,225,10001,"[0, 100000]","[0, 100000]",0,0,2099,4833
yolov8x_training,1941.070833,71,125.090,13370.3125,100,210,10001,"[0, 100000]","[0, 100000]",0,0,1123,4785
yolov8x_training,1942.113661,70,122.837,13370.3125,100,225,10001,"[0, 100000]","[0, 100000]",0,0,1220,3320
yolov8x_training,1943.156501,70,122.883,13370.3125,100,210,10001,"[0, 100000]","[0, 100000]",0,0,1074,4003
yolov8x_training,1944.199351,70,125.015,13370.3125,100,210,10001,"[0, 100000]","[0, 100000]",0,0,1220,2099
yolov8x_training,1945.242203,70,122.532,13370.3125,100,210,10001,"[0, 100000]","[0, 100000]",0,0,1171,2197
yolov8x_training,1946.285071,70,122.430,13370.3125,100,255,10001,"[0, 100000]","[0, 100000]",0,0,830,3125
yolov8x_training,1947.327971,70,122.477,13370.3125,100,255,10001,"[0, 100000]","[0, 100000]",0,0,976,3710
yolov8x_training,1948.370908,70,123.437,13370.3125,100,255,10001,"[0, 100000]","[0, 100000]",0,0,1074,1953
yolov8x_training,1949.413784,70,124.534,13370.3125,100,210,10001,"[0, 100000]","[0, 100000]",0,0,830,341
yolov8x_training,1950.458065,70,122.556,13370.3125,100,210,10001,"[0, 100000]","[0, 100000]",0,0,341,292
yolov8x_training,1951.500769,70,123.303,13370.3125,100,240,10001,"[0, 100000]","[0, 100000]",0,0,292,1034130
yolov8x_training,1952.543696,70,121.068,13370.3125,100,210,10001,"[0, 100000]","[0, 100000]",0,0,3125,6689
yolov8x_training,1953.773375,70,120.627,13370.3125,100,210,10001,"[0, 100000]","[0, 100000]",0,0,9375,38476
yolov8x_training,1954.816286,70,119.799,13370.3125,100,225,10001,"[0, 100000]","[0, 100000]",0,0,1318,7568
yolov8x_training,1955.859189,70,120.470,13370.3125,100,210,10001,"[0, 100000]","[0, 100000]",0,0,878,11083
yolov8x_training,1956.902029,70,122.781,13370.3125,100,210,10001,"[0, 100000]","[0, 100000]",0,0,1708,5517
yolov8x_training,1957.944838,70,122.412,13370.3125,100,210,10001,"[0, 100000]","[0, 100000]",0,0,976,3613
yolov8x_training,1958.987852,70,122.279,13370.3125,100,210,10001,"[0, 100000]","[0, 100000]",0,0,1074,12597
yolov8x_training,1960.030818,70,119.671,13370.3125,100,210,10001,"[0, 100000]","[0, 100000]",0,0,1171,5664
yolov8x_training,1961.073621,70,123.378,13370.3125,100,210,10001,"[0, 100000]","[0, 100000]",0,0,1025,2978
yolov8x_training,1962.116432,70,122.719,13370.3125,100,225,10001,"[0, 100000]","[0, 100000]",0,0,1171,3417
yolov8x_training,1963.159600,70,124.166,13370.3125,100,225,10001,"[0, 100000]","[0, 100000]",0,0,1074,4101
yolov8x_training,1964.202406,70,124.259,13370.3125,100,210,10001,"[0, 100000]","[0, 100000]",0,0,781,3369
yolov8x_training,1965.245522,70,123.933,13370.3125,100,210,10001,"[0, 100000]","[0, 100000]",0,0,976,3417
yolov8x_training,1966.288422,70,124.353,13370.3125,100,210,10001,"[0, 100000]","[0, 100000]",0,0,1074,1025
yolov8x_training,1967.331246,70,124.296,13370.3125,100,210,10001,"[0, 100000]","[0, 100000]",0,0,439,292
yolov8x_training,1968.374092,70,123.425,13370.3125,100,225,10001,"[0, 100000]","[0, 100000]",0,0,341,292
yolov8x_training,1969.416718,70,123.351,13370.3125,100,210,10001,"[0, 100000]","[0, 100000]",0,0,341,1038720
yolov8x_training,1970.459699,70,122.497,13370.3125,100,1890,10001,"[0, 100000]","[0, 100000]",0,0,3515,9033
yolov8x_training,1971.695985,70,124.196,13370.3125,100,1162,10001,"[0, 100000]","[0, 100000]",0,0,9228,39794
yolov8x_training,1972.742145,70,119.902,13370.3125,100,1320,10001,"[0, 100000]","[0, 100000]",0,0,9521,36083
yolov8x_training,1973.785607,70,118.005,13370.3125,100,615,10001,"[0, 100000]","[0, 100000]",0,0,3759,2490
yolov8x_training,1974.828431,70,119.558,13370.3125,100,210,10001,"[0, 100000]","[0, 100000]",0,0,1904,9423
yolov8x_training,1975.871342,70,120.194,13370.3125,100,210,10001,"[0, 100000]","[0, 100000]",0,0,1074,3955
yolov8x_training,1976.914217,70,121.124,13370.3125,100,345,10001,"[0, 100000]","[0, 100000]",0,0,927,3515
yolov8x_training,1977.957111,70,118.968,13370.3125,100,210,10001,"[0, 100000]","[0, 100000]",0,0,1123,7421
yolov8x_training,1978.999867,70,122.138,13370.3125,100,210,10001,"[0, 100000]","[0, 100000]",0,0,1171,5517
yolov8x_training,1980.042764,71,123.851,13370.3125,100,210,10001,"[0, 100000]","[0, 100000]",0,0,976,4101
yolov8x_training,1981.085597,70,123.336,13370.3125,100,210,10001,"[0, 100000]","[0, 100000]",0,0,927,3906
yolov8x_training,1982.128366,70,123.852,13370.3125,100,210,10001,"[0, 100000]","[0, 100000]",0,0,1074,4052
yolov8x_training,1983.171188,70,123.754,13370.3125,100,210,10001,"[0, 100000]","[0, 100000]",0,0,1074,2978
yolov8x_training,1984.214044,70,122.466,13370.3125,100,210,10001,"[0, 100000]","[0, 100000]",0,0,1074,2587
yolov8x_training,1985.257069,70,122.675,13370.3125,100,210,10001,"[0, 100000]","[0, 100000]",0,0,781,1513
yolov8x_training,1986.300015,70,123.497,13370.3125,100,225,10001,"[0, 100000]","[0, 100000]",0,0,488,439
yolov8x_training,1987.343080,70,122.672,13370.3125,100,210,10001,"[0, 100000]","[0, 100000]",0,0,341,1028710
yolov8x_training,1988.385876,70,123.742,13370.3125,100,210,10001,"[0, 100000]","[0, 100000]",0,0,3027,10644
yolov8x_training,1989.622413,70,127.040,13370.3125,100,210,10001,"[0, 100000]","[0, 100000]",0,0,9277,38378
yolov8x_training,1990.665405,70,121.854,13370.3125,100,210,10001,"[0, 100000]","[0, 100000]",0,0,5273,3857
yolov8x_training,1991.708515,70,127.552,13370.3125,100,210,10001,"[0, 100000]","[0, 100000]",0,0,1562,6884
yolov8x_training,1992.751349,70,128.881,13370.3125,100,2505,10001,"[0, 100000]","[0, 100000]",0,0,1074,3613
yolov8x_training,1993.794185,70,129.342,13370.3125,100,210,10001,"[0, 100000]","[0, 100000]",0,0,1171,5517
yolov8x_training,1994.837155,70,128.469,13370.3125,100,210,10001,"[0, 100000]","[0, 100000]",0,0,1269,5322
yolov8x_training,1995.880055,70,122.456,13370.3125,100,210,10001,"[0, 100000]","[0, 100000]",0,0,1171,5664
yolov8x_training,1996.922874,70,124.606,13370.3125,100,210,10001,"[0, 100000]","[0, 100000]",0,0,878,3417
yolov8x_training,1997.965795,70,123.699,13370.3125,100,210,10001,"[0, 100000]","[0, 100000]",0,0,1025,3515
yolov8x_training,1999.008636,70,121.895,13370.3125,100,225,10001,"[0, 100000]","[0, 100000]",0,0,1074,4980
yolov8x_training,2000.051506,70,122.745,13370.3125,100,225,10001,"[0, 100000]","[0, 100000]",0,0,732,3857
yolov8x_training,2001.094316,70,124.258,13370.3125,100,225,10001,"[0, 100000]","[0, 100000]",0,0,976,3710
yolov8x_training,2002.137228,70,122.170,13370.3125,100,225,10001,"[0, 100000]","[0, 100000]",0,0,1074,1855
yolov8x_training,2003.180071,70,122.716,13370.3125,100,225,10001,"[0, 100000]","[0, 100000]",0,0,878,488
yolov8x_training,2004.222891,70,124.164,13370.3125,100,210,10001,"[0, 100000]","[0, 100000]",0,0,341,292
yolov8x_training,2005.265520,70,122.576,13370.3125,100,225,10001,"[0, 100000]","[0, 100000]",0,0,341,1028076
yolov8x_training,2006.308195,69,123.027,13370.3125,100,225,10001,"[0, 100000]","[0, 100000]",0,0,2685,5273
yolov8x_training,2007.531684,69,122.566,13370.3125,100,210,10001,"[0, 100000]","[0, 100000]",0,0,2246,7617
yolov8x_training,2008.574589,69,123.161,13370.3125,100,210,10001,"[0, 100000]","[0, 100000]",0,0,781,8740
yolov8x_training,2009.617414,69,124.446,13370.3125,100,210,10001,"[0, 100000]","[0, 100000]",0,0,1123,4101
yolov8x_training,2010.660266,69,122.329,13370.3125,100,210,10001,"[0, 100000]","[0, 100000]",0,0,1025,4394
yolov8x_training,2011.703116,69,123.127,13370.3125,100,210,10001,"[0, 100000]","[0, 100000]",0,0,1025,5322
yolov8x_training,2012.745914,70,122.678,13370.3125,100,210,10001,"[0, 100000]","[0, 100000]",0,0,976,4394
yolov8x_training,2013.788775,70,122.664,13370.3125,100,210,10001,"[0, 100000]","[0, 100000]",0,0,1074,12597
yolov8x_training,2014.831644,70,122.439,13370.3125,100,210,10001,"[0, 100000]","[0, 100000]",0,0,976,5517
yolov8x_training,2015.874507,70,123.343,13370.3125,100,210,10001,"[0, 100000]","[0, 100000]",0,0,1220,4199
yolov8x_training,2016.917324,70,123.371,13370.3125,100,210,10001,"[0, 100000]","[0, 100000]",0,0,878,4003
yolov8x_training,2017.960289,70,123.877,13370.3125,100,210,10001,"[0, 100000]","[0, 100000]",0,0,1074,4003
yolov8x_training,2019.003197,70,122.633,13370.3125,100,210,10001,"[0, 100000]","[0, 100000]",0,0,1025,3857
yolov8x_training,2020.046078,70,124.298,13370.3125,100,210,10001,"[0, 100000]","[0, 100000]",0,0,1123,3564
yolov8x_training,2021.088904,70,123.746,13370.3125,100,210,10001,"[0, 100000]","[0, 100000]",0,0,976,3710
yolov8x_training,2022.131766,70,121.807,13370.3125,100,225,10001,"[0, 100000]","[0, 100000]",0,0,1074,1074
yolov8x_training,2023.174788,70,123.768,13370.3125,100,210,10001,"[0, 100000]","[0, 100000]",0,0,292,292
yolov8x_training,2024.217464,70,122.720,13370.3125,100,210,10001,"[0, 100000]","[0, 100000]",0,0,341,292
yolov8x_training,2025.260077,70,122.469,13370.3125,100,210,10001,"[0, 100000]","[0, 100000]",0,0,292,1033398
yolov8x_training,2026.302846,69,124.439,13370.3125,100,210,10001,"[0, 100000]","[0, 100000]",0,0,1269,62353
yolov8x_training,2027.520601,69,123.715,13370.3125,100,210,10001,"[0, 100000]","[0, 100000]",0,0,5322,4003
yolov8x_training,2028.563762,69,122.285,13370.3125,100,210,10001,"[0, 100000]","[0, 100000]",0,0,5126,3906
yolov8x_training,2029.606678,70,123.190,13370.3125,100,210,10001,"[0, 100000]","[0, 100000]",0,0,1513,9619
yolov8x_training,2030.649523,69,122.511,13370.3125,100,210,10001,"[0, 100000]","[0, 100000]",0,0,1953,6103
yolov8x_training,2031.692301,70,124.392,13370.3125,100,210,10001,"[0, 100000]","[0, 100000]",0,0,830,4394
yolov8x_training,2032.735078,69,123.968,13370.3125,100,210,10001,"[0, 100000]","[0, 100000]",0,0,1025,4687
yolov8x_training,2033.777899,70,123.831,13370.3125,100,210,10001,"[0, 100000]","[0, 100000]",0,0,2099,4052
yolov8x_training,2034.820757,70,124.182,13370.3125,100,210,10001,"[0, 100000]","[0, 100000]",0,0,1220,4150
yolov8x_training,2035.863703,70,123.757,13370.3125,100,210,10001,"[0, 100000]","[0, 100000]",0,0,1025,4248
yolov8x_training,2036.906635,70,124.292,13370.3125,100,210,10001,"[0, 100000]","[0, 100000]",0,0,1025,2099
yolov8x_training,2037.949568,70,122.283,13370.3125,100,210,10001,"[0, 100000]","[0, 100000]",0,0,976,3662
yolov8x_training,2038.992464,70,123.657,13370.3125,100,210,10001,"[0, 100000]","[0, 100000]",0,0,439,2587
yolov8x_training,2040.035419,70,123.637,13370.3125,79,210,10001,"[0, 100000]","[0, 100000]",0,0,341,292
yolov8x_training,2041.078067,70,125.384,13370.3125,69,210,10001,"[0, 100000]","[0, 100000]",0,0,3515,5810
yolov8x_training,2042.287446,70,124.152,13370.3125,13,210,10001,"[0, 100000]","[0, 100000]",0,0,9521,36035
yolov8x_training,2043.330461,70,124.302,13370.3125,28,240,10001,"[0, 100000]","[0, 100000]",0,0,1416,5078
yolov8x_training,2044.373358,70,123.839,13370.3125,9,225,10001,"[0, 100000]","[0, 100000]",0,0,1806,4931
yolov8x_training,2045.416417,70,122.999,13370.3125,32,210,10001,"[0, 100000]","[0, 100000]",0,0,976,4248
yolov8x_training,2046.459560,70,121.561,13370.3125,63,210,10001,"[0, 100000]","[0, 100000]",0,0,976,5468
yolov8x_training,2047.502339,70,120.280,13370.3125,79,210,10001,"[0, 100000]","[0, 100000]",0,0,927,5664
yolov8x_training,2048.545074,70,121.006,13370.3125,81,210,10001,"[0, 100000]","[0, 100000]",0,0,1123,5468
yolov8x_training,2049.587764,70,123.793,13370.3125,100,210,10001,"[0, 100000]","[0, 100000]",0,0,1025,4052
yolov8x_training,2050.630511,70,124.415,13370.3125,100,210,10001,"[0, 100000]","[0, 100000]",0,0,1171,2441
yolov8x_training,2051.673260,70,124.110,13370.3125,100,210,10001,"[0, 100000]","[0, 100000]",0,0,1025,3515
yolov8x_training,2052.716017,70,123.245,13370.3125,100,210,10001,"[0, 100000]","[0, 100000]",0,0,488,2392
yolov8x_training,2053.758918,70,123.607,13370.3125,100,210,10001,"[0, 100000]","[0, 100000]",0,0,341,292
yolov8x_training,2054.801615,70,122.313,13370.3125,100,210,10001,"[0, 100000]","[0, 100000]",0,0,341,1040039
yolov8x_training,2055.844422,70,123.539,13370.3125,100,225,10001,"[0, 100000]","[0, 100000]",0,0,1757,5273
yolov8x_training,2057.064444,70,124.195,13370.3125,100,210,10001,"[0, 100000]","[0, 100000]",0,0,781,10009
yolov8x_training,2058.107288,69,123.491,13370.3125,98,210,10001,"[0, 100000]","[0, 100000]",0,0,1513,5615
yolov8x_training,2059.150079,69,123.751,13370.3125,97,210,10001,"[0, 100000]","[0, 100000]",0,0,976,4980
yolov8x_training,2060.192983,69,123.341,13370.3125,97,210,10001,"[0, 100000]","[0, 100000]",0,0,1074,10449
yolov8x_training,2061.235835,69,121.987,13370.3125,97,210,10001,"[0, 100000]","[0, 100000]",0,0,1757,5175
yolov8x_training,2062.278713,70,123.160,13370.3125,97,210,10001,"[0, 100000]","[0, 100000]",0,0,1220,3222
yolov8x_training,2063.321532,70,121.883,13370.3125,100,270,10001,"[0, 100000]","[0, 100000]",0,0,927,3857
yolov8x_training,2064.364459,70,123.017,13370.3125,100,210,10001,"[0, 100000]","[0, 100000]",0,0,927,3906
yolov8x_training,2065.407351,70,121.628,13370.3125,98,210,10001,"[0, 100000]","[0, 100000]",0,0,1171,2392
yolov8x_training,2066.450248,70,123.672,13370.3125,100,210,10001,"[0, 100000]","[0, 100000]",0,0,878,4101
yolov8x_training,2067.493151,70,123.538,13370.3125,100,210,10001,"[0, 100000]","[0, 100000]",0,0,3662,72216
yolov8x_training,2068.536159,70,122.336,13370.3125,100,210,10001,"[0, 100000]","[0, 100000]",0,0,390,292
yolov8x_training,2069.578835,70,125.061,13370.3125,100,210,10001,"[0, 100000]","[0, 100000]",0,0,2880,11621
yolov8x_training,2070.621770,70,124.280,13370.3125,100,240,10001,"[0, 100000]","[0, 100000]",0,0,1269,62744
yolov8x_training,2071.839672,70,123.077,13370.3125,100,210,10001,"[0, 100000]","[0, 100000]",0,0,4833,3320
yolov8x_training,2072.882624,70,120.180,13370.3125,100,210,10001,"[0, 100000]","[0, 100000]",0,0,781,11425
yolov8x_training,2073.925515,70,119.171,13370.3125,100,225,10001,"[0, 100000]","[0, 100000]",0,0,1025,4248
yolov8x_training,2074.968344,70,124.810,13370.3125,100,210,10001,"[0, 100000]","[0, 100000]",0,0,1123,8544
yolov8x_training,2076.011154,70,124.450,13370.3125,100,210,10001,"[0, 100000]","[0, 100000]",0,0,1074,9228
yolov8x_training,2077.053971,70,124.997,13370.3125,100,210,10001,"[0, 100000]","[0, 100000]",0,0,1171,4882
yolov8x_training,2078.096766,70,122.280,13370.3125,100,210,10001,"[0, 100000]","[0, 100000]",0,0,976,4394
yolov8x_training,2079.139531,70,121.876,13370.3125,100,210,10001,"[0, 100000]","[0, 100000]",0,0,976,4345
yolov8x_training,2080.182347,70,124.732,13370.3125,100,210,10001,"[0, 100000]","[0, 100000]",0,0,1123,2050
yolov8x_training,2081.225254,70,122.884,13370.3125,100,210,10001,"[0, 100000]","[0, 100000]",0,0,976,4101
yolov8x_training,2082.268103,70,123.842,13370.3125,100,210,10001,"[0, 100000]","[0, 100000]",0,0,683,1367
yolov8x_training,2083.310887,70,121.440,13370.3125,100,210,10001,"[0, 100000]","[0, 100000]",0,0,927,23242
yolov8x_training,2084.354293,70,122.381,13370.3125,100,210,10001,"[0, 100000]","[0, 100000]",0,0,781,878
yolov8x_training,2085.397214,70,124.152,13370.3125,100,210,10001,"[0, 100000]","[0, 100000]",0,0,89013,17822
yolov8x_training,2086.602847,70,124.445,13370.3125,100,210,10001,"[0, 100000]","[0, 100000]",0,0,8984,40185
yolov8x_training,2087.645689,70,123.619,13370.3125,100,210,10001,"[0, 100000]","[0, 100000]",0,0,5566,4785
yolov8x_training,2088.688517,70,124.165,13370.3125,100,210,10001,"[0, 100000]","[0, 100000]",0,0,1904,5566
yolov8x_training,2089.731285,70,123.415,13370.3125,100,210,10001,"[0, 100000]","[0, 100000]",0,0,1074,3710
yolov8x_training,2090.774042,70,124.368,13370.3125,100,210,10001,"[0, 100000]","[0, 100000]",0,0,1171,5615
yolov8x_training,2091.816855,70,123.815,13370.3125,100,210,10001,"[0, 100000]","[0, 100000]",0,0,1953,4248
yolov8x_training,2092.859745,70,121.648,13370.3125,100,210,10001,"[0, 100000]","[0, 100000]",0,0,1025,5517
yolov8x_training,2093.902527,70,123.758,13370.3125,100,210,10001,"[0, 100000]","[0, 100000]",0,0,1123,3466
yolov8x_training,2094.945460,70,123.307,13370.3125,100,210,10001,"[0, 100000]","[0, 100000]",0,0,1025,4003
yolov8x_training,2095.988291,70,122.461,13370.3125,100,225,10001,"[0, 100000]","[0, 100000]",0,0,927,3906
yolov8x_training,2097.031170,70,124.238,13370.3125,100,225,10001,"[0, 100000]","[0, 100000]",0,0,830,3125
yolov8x_training,2098.074013,70,123.897,13370.3125,100,210,10001,"[0, 100000]","[0, 100000]",0,0,976,3662
yolov8x_training,2099.116874,70,122.904,13370.3125,100,210,10001,"[0, 100000]","[0, 100000]",0,0,781,1416
yolov8x_training,2100.159752,70,122.867,13370.3125,100,225,10001,"[0, 100000]","[0, 100000]",0,0,390,2587
yolov8x_training,2101.202635,70,122.250,13370.3125,100,225,10001,"[0, 100000]","[0, 100000]",0,0,878,292
yolov8x_training,2102.245326,70,124.652,13370.3125,100,210,10001,"[0, 100000]","[0, 100000]",0,0,341,1034912
yolov8x_training,2103.288009,70,123.046,13370.3125,100,210,10001,"[0, 100000]","[0, 100000]",0,0,89013,15332
yolov8x_training,2104.492956,70,124.106,13370.3125,100,210,10001,"[0, 100000]","[0, 100000]",0,0,9765,36865
yolov8x_training,2105.535793,69,124.692,13370.3125,97,210,10001,"[0, 100000]","[0, 100000]",0,0,1806,2636
yolov8x_training,2106.578703,69,123.049,13370.3125,93,225,10001,"[0, 100000]","[0, 100000]",0,0,1123,3955
yolov8x_training,2107.621524,69,122.205,13370.3125,87,210,10001,"[0, 100000]","[0, 100000]",0,0,878,3955
yolov8x_training,2108.664360,69,122.346,13370.3125,72,210,10001,"[0, 100000]","[0, 100000]",0,0,1123,5712
yolov8x_training,2109.707170,70,121.486,13370.3125,46,210,10001,"[0, 100000]","[0, 100000]",0,0,2050,4882
yolov8x_training,2110.749945,69,123.283,13370.3125,57,435,10001,"[0, 100000]","[0, 100000]",0,0,1171,3173
yolov8x_training,2111.792776,70,123.306,13370.3125,47,240,10001,"[0, 100000]","[0, 100000]",0,0,781,3662
yolov8x_training,2112.835681,70,123.199,13370.3125,37,360,10001,"[0, 100000]","[0, 100000]",0,0,927,4541
yolov8x_training,2113.878517,70,124.403,13370.3125,16,210,10001,"[0, 100000]","[0, 100000]",0,0,976,3710
yolov8x_training,2114.921458,70,123.297,13370.3125,32,255,10001,"[0, 100000]","[0, 100000]",0,0,683,2587
yolov8x_training,2115.964444,70,123.334,13370.3125,41,210,10001,"[0, 100000]","[0, 100000]",0,0,634,292
yolov8x_training,2117.007432,70,124.267,13370.3125,57,210,10001,"[0, 100000]","[0, 100000]",0,0,341,292
yolov8x_training,2118.049964,70,123.571,13370.3125,89,210,10001,"[0, 100000]","[0, 100000]",0,0,3173,11425
yolov8x_training,2119.093340,70,120.224,13370.3125,91,210,10001,"[0, 100000]","[0, 100000]",0,0,1660,64550
yolov8x_training,2120.306262,70,121.029,13370.3125,100,210,10001,"[0, 100000]","[0, 100000]",0,0,1367,10351
yolov8x_training,2121.349075,70,124.996,13370.3125,100,1275,10001,"[0, 100000]","[0, 100000]",0,0,1269,3710
yolov8x_training,2122.392124,70,125.453,13370.3125,100,2175,10001,"[0, 100000]","[0, 100000]",0,0,927,3710
yolov8x_training,2123.435021,70,126.621,13370.3125,100,1485,10001,"[0, 100000]","[0, 100000]",0,0,1025,4345
yolov8x_training,2124.477955,70,126.310,13370.3125,100,210,10001,"[0, 100000]","[0, 100000]",0,0,1904,4443
yolov8x_training,2125.520800,70,127.070,13370.3125,100,210,10001,"[0, 100000]","[0, 100000]",0,0,1220,4931
yolov8x_training,2126.563648,70,124.093,13370.3125,100,210,10001,"[0, 100000]","[0, 100000]",0,0,1025,4003
yolov8x_training,2127.606520,70,123.075,13370.3125,100,225,10001,"[0, 100000]","[0, 100000]",0,0,878,4296
yolov8x_training,2128.649527,71,124.238,13370.3125,100,210,10001,"[0, 100000]","[0, 100000]",0,0,1025,3564
yolov8x_training,2129.692307,71,122.888,13370.3125,97,210,10001,"[0, 100000]","[0, 100000]",0,0,1074,1220
yolov8x_training,2130.735175,71,122.376,13370.3125,98,210,10001,"[0, 100000]","[0, 100000]",0,0,927,27783
yolov8x_training,2131.778091,70,123.042,13370.3125,100,210,10001,"[0, 100000]","[0, 100000]",0,0,390,292
yolov8x_training,2132.820784,70,123.063,13370.3125,98,210,10001,"[0, 100000]","[0, 100000]",0,0,341,1036669
yolov8x_training,2133.863904,70,122.138,13370.3125,100,210,10001,"[0, 100000]","[0, 100000]",0,0,3613,13476
yolov8x_training,2135.088898,70,123.502,13370.3125,97,210,10001,"[0, 100000]","[0, 100000]",0,0,9277,37207
yolov8x_training,2136.131771,70,123.332,13370.3125,97,210,10001,"[0, 100000]","[0, 100000]",0,0,1806,3222
yolov8x_training,2137.174693,70,123.977,13370.3125,98,210,10001,"[0, 100000]","[0, 100000]",0,0,1123,4101
yolov8x_training,2138.217528,70,122.773,13370.3125,100,210,10001,"[0, 100000]","[0, 100000]",0,0,1025,5322
yolov8x_training,2139.260351,70,122.716,13370.3125,98,210,10001,"[0, 100000]","[0, 100000]",0,0,1025,9570
yolov8x_training,2140.303261,70,122.546,13370.3125,100,210,10001,"[0, 100000]","[0, 100000]",0,0,1220,5517
yolov8x_training,2141.346057,70,123.929,13370.3125,100,240,10001,"[0, 100000]","[0, 100000]",0,0,1074,4248
yolov8x_training,2142.389010,70,123.462,13370.3125,100,255,10001,"[0, 100000]","[0, 100000]",0,0,1025,2343
yolov8x_training,2143.431903,70,122.392,13370.3125,100,240,10001,"[0, 100000]","[0, 100000]",0,0,878,2880
yolov8x_training,2144.474748,70,123.161,13370.3125,100,210,10001,"[0, 100000]","[0, 100000]",0,0,1025,3369
yolov8x_training,2145.517634,70,122.892,13370.3125,100,210,10001,"[0, 100000]","[0, 100000]",0,0,585,2441
yolov8x_training,2146.561282,70,125.146,13370.3125,100,210,10001,"[0, 100000]","[0, 100000]",0,0,341,292
yolov8x_training,2147.604110,70,123.776,13370.3125,100,210,10001,"[0, 100000]","[0, 100000]",0,0,4150,9814
yolov8x_training,2148.822709,70,121.639,13370.3125,100,210,10001,"[0, 100000]","[0, 100000]",0,0,8544,43115
yolov8x_training,2149.865750,70,120.345,13370.3125,100,210,10001,"[0, 100000]","[0, 100000]",0,0,3759,2539
yolov8x_training,2150.908660,71,122.879,13370.3125,100,210,10001,"[0, 100000]","[0, 100000]",0,0,3906,2734
yolov8x_training,2151.951873,74,122.771,13370.3125,100,210,10001,"[0, 100000]","[0, 100000]",0,0,1708,5664
yolov8x_training,2152.994787,71,124.181,13370.3125,100,255,10001,"[0, 100000]","[0, 100000]",0,0,927,4199
yolov8x_training,2154.037588,70,121.715,13370.3125,100,210,10001,"[0, 100000]","[0, 100000]",0,0,2148,4296
yolov8x_training,2155.080467,70,124.670,13370.3125,100,210,10001,"[0, 100000]","[0, 100000]",0,0,1074,4785
yolov8x_training,2156.123276,70,123.224,13370.3125,100,210,10001,"[0, 100000]","[0, 100000]",0,0,976,4394
yolov8x_training,2157.166088,70,123.908,13370.3125,100,210,10001,"[0, 100000]","[0, 100000]",0,0,1074,3613
yolov8x_training,2158.208890,70,124.339,13370.3125,100,225,10001,"[0, 100000]","[0, 100000]",0,0,878,3808
yolov8x_training,2159.251724,70,123.872,13370.3125,100,210,10001,"[0, 100000]","[0, 100000]",0,0,683,1513
yolov8x_training,2160.294572,70,122.739,13370.3125,100,210,10001,"[0, 100000]","[0, 100000]",0,0,439,292
yolov8x_training,2161.337313,70,123.790,13370.3125,100,210,10001,"[0, 100000]","[0, 100000]",0,0,292,1036621
yolov8x_training,2162.380031,70,123.185,13370.3125,100,225,10001,"[0, 100000]","[0, 100000]",0,0,1367,5322
yolov8x_training,2163.600055,70,124.326,13370.3125,100,210,10001,"[0, 100000]","[0, 100000]",0,0,9716,36962
yolov8x_training,2164.643062,70,124.210,13370.3125,100,210,10001,"[0, 100000]","[0, 100000]",0,0,1562,6347
yolov8x_training,2165.685795,70,124.503,13370.3125,100,210,10001,"[0, 100000]","[0, 100000]",0,0,1074,4248
yolov8x_training,2166.728926,70,124.387,13370.3125,100,210,10001,"[0, 100000]","[0, 100000]",0,0,1074,4394
yolov8x_training,2167.771787,70,122.195,13370.3125,100,210,10001,"[0, 100000]","[0, 100000]",0,0,1318,9863
yolov8x_training,2168.815614,70,122.606,13370.3125,100,210,10001,"[0, 100000]","[0, 100000]",0,0,927,5517
yolov8x_training,2169.858397,70,123.514,13370.3125,100,210,10001,"[0, 100000]","[0, 100000]",0,0,1025,4150
yolov8x_training,2170.901307,70,123.002,13370.3125,100,210,10001,"[0, 100000]","[0, 100000]",0,0,1025,3613
yolov8x_training,2171.944183,70,122.396,13370.3125,100,210,10001,"[0, 100000]","[0, 100000]",0,0,1220,2197
yolov8x_training,2172.987077,70,123.139,13370.3125,100,210,10001,"[0, 100000]","[0, 100000]",0,0,976,3662
yolov8x_training,2174.029946,70,123.188,13370.3125,72,210,10001,"[0, 100000]","[0, 100000]",0,0,341,2880
yolov8x_training,2175.072853,70,124.480,13370.3125,89,210,10001,"[0, 100000]","[0, 100000]",0,0,488,292
yolov8x_training,2176.115606,70,123.271,13370.3125,58,210,10001,"[0, 100000]","[0, 100000]",0,0,292,292
yolov8x_training,2177.158298,70,124.382,13370.3125,72,210,10001,"[0, 100000]","[0, 100000]",0,0,89697,20117
yolov8x_training,2178.201346,70,124.494,13370.3125,63,210,10001,"[0, 100000]","[0, 100000]",0,0,1074,5371
yolov8x_training,2179.420572,70,124.020,13370.3125,55,210,10001,"[0, 100000]","[0, 100000]",0,0,5517,4345
yolov8x_training,2180.463522,70,125.067,13370.3125,36,345,10001,"[0, 100000]","[0, 100000]",0,0,927,11132
yolov8x_training,2181.506363,70,124.111,13370.3125,28,210,10001,"[0, 100000]","[0, 100000]",0,0,1269,4248
yolov8x_training,2182.549241,70,123.692,13370.3125,47,210,10001,"[0, 100000]","[0, 100000]",0,0,927,3857
yolov8x_training,2183.592070,70,123.939,13370.3125,16,210,10001,"[0, 100000]","[0, 100000]",0,0,1123,6054
yolov8x_training,2184.634874,70,123.029,13370.3125,20,255,10001,"[0, 100000]","[0, 100000]",0,0,1171,5517
yolov8x_training,2185.677659,70,122.406,13370.3125,47,255,10001,"[0, 100000]","[0, 100000]",0,0,1220,4150
yolov8x_training,2186.720461,70,122.844,13370.3125,8,210,10001,"[0, 100000]","[0, 100000]",0,0,976,3027
yolov8x_training,2187.763309,70,124.237,13370.3125,17,225,10001,"[0, 100000]","[0, 100000]",0,0,1025,4980
yolov8x_training,2188.806162,70,124.722,13370.3125,55,225,10001,"[0, 100000]","[0, 100000]",0,0,1074,3369
yolov8x_training,2189.849016,70,124.182,13370.3125,92,210,10001,"[0, 100000]","[0, 100000]",0,0,1171,390
yolov8x_training,2190.891919,70,124.699,13370.3125,78,210,10001,"[0, 100000]","[0, 100000]",0,0,634,292
yolov8x_training,2191.934745,70,124.128,13370.3125,100,210,10001,"[0, 100000]","[0, 100000]",0,0,341,292
yolov8x_training,2193.154715,70,126.331,13370.3125,100,2505,10001,"[0, 100000]","[0, 100000]",0,0,9228,39843
yolov8x_training,2194.197701,70,129.145,13370.3125,100,2505,10001,"[0, 100000]","[0, 100000]",0,0,927,7031
yolov8x_training,2195.240525,70,129.368,13370.3125,100,210,10001,"[0, 100000]","[0, 100000]",0,0,1269,4394
yolov8x_training,2196.283678,70,128.190,13370.3125,98,210,10001,"[0, 100000]","[0, 100000]",0,0,927,5273
yolov8x_training,2197.327876,70,123.613,13370.3125,97,210,10001,"[0, 100000]","[0, 100000]",0,0,1708,5322
yolov8x_training,2198.371741,70,121.984,13370.3125,100,210,10001,"[0, 100000]","[0, 100000]",0,0,1513,4589
yolov8x_training,2199.414634,70,123.398,13370.3125,98,210,10001,"[0, 100000]","[0, 100000]",0,0,1220,3466
yolov8x_training,2200.457515,70,124.506,13370.3125,97,210,10001,"[0, 100000]","[0, 100000]",0,0,1074,4443
yolov8x_training,2201.500246,70,121.832,13370.3125,98,210,10001,"[0, 100000]","[0, 100000]",0,0,1220,2148
yolov8x_training,2202.543001,70,122.185,13370.3125,97,210,10001,"[0, 100000]","[0, 100000]",0,0,1123,2197
yolov8x_training,2203.585808,70,124.262,13370.3125,98,210,10001,"[0, 100000]","[0, 100000]",0,0,976,3857
yolov8x_training,2204.628665,70,124.940,13370.3125,97,210,10001,"[0, 100000]","[0, 100000]",0,0,927,292
yolov8x_training,2205.671317,70,124.378,13370.3125,100,210,10001,"[0, 100000]","[0, 100000]",0,0,292,292
yolov8x_training,2206.714033,70,123.836,13370.3125,97,210,10001,"[0, 100000]","[0, 100000]",0,0,341,1041064
yolov8x_training,2207.914105,71,124.924,13370.3125,100,210,10001,"[0, 100000]","[0, 100000]",0,0,9326,38134
yolov8x_training,2208.956916,70,124.876,13370.3125,100,210,10001,"[0, 100000]","[0, 100000]",0,0,976,9082
yolov8x_training,2209.999711,70,125.025,13370.3125,100,420,10001,"[0, 100000]","[0, 100000]",0,0,1269,5859
yolov8x_training,2211.042470,70,123.090,13370.3125,100,210,10001,"[0, 100000]","[0, 100000]",0,0,927,4150
yolov8x_training,2212.085335,70,124.237,13370.3125,100,240,10001,"[0, 100000]","[0, 100000]",0,0,1318,9814
yolov8x_training,2213.128289,70,122.957,13370.3125,100,255,10001,"[0, 100000]","[0, 100000]",0,0,1123,5664
yolov8x_training,2214.171056,70,121.838,13370.3125,100,210,10001,"[0, 100000]","[0, 100000]",0,0,1025,4492
yolov8x_training,2215.213819,70,122.489,13370.3125,100,210,10001,"[0, 100000]","[0, 100000]",0,0,1220,5224
yolov8x_training,2216.256585,70,122.930,13370.3125,100,210,10001,"[0, 100000]","[0, 100000]",0,0,878,3808
yolov8x_training,2217.299408,70,123.024,13370.3125,100,210,10001,"[0, 100000]","[0, 100000]",0,0,1025,4248
yolov8x_training,2218.342162,70,123.473,13370.3125,100,360,10001,"[0, 100000]","[0, 100000]",0,0,1025,3857
yolov8x_training,2219.385155,70,123.989,13370.3125,100,255,10001,"[0, 100000]","[0, 100000]",0,0,1025,3613
yolov8x_training,2220.428071,70,123.673,13370.3125,100,210,10001,"[0, 100000]","[0, 100000]",0,0,878,732
yolov8x_training,2221.471355,70,124.856,13370.3125,100,210,10001,"[0, 100000]","[0, 100000]",0,0,292,341
yolov8x_training,2222.514043,70,123.629,13370.3125,100,210,10001,"[0, 100000]","[0, 100000]",0,0,88867,17089
yolov8x_training,2223.557298,70,124.505,13370.3125,100,1125,10001,"[0, 100000]","[0, 100000]",0,0,1074,6152
yolov8x_training,2224.763177,70,118.461,13370.3125,100,345,10001,"[0, 100000]","[0, 100000]",0,0,4541,2587
yolov8x_training,2225.806174,70,119.841,13370.3125,100,600,10001,"[0, 100000]","[0, 100000]",0,0,1611,2978
yolov8x_training,2226.849035,70,121.727,13370.3125,100,1305,10001,"[0, 100000]","[0, 100000]",0,0,1220,4248
yolov8x_training,2227.892473,71,125.293,13370.3125,100,2340,10001,"[0, 100000]","[0, 100000]",0,0,1025,5371
yolov8x_training,2228.935410,70,127.296,13370.3125,100,2475,10001,"[0, 100000]","[0, 100000]",0,0,1025,5273
yolov8x_training,2229.978257,71,127.573,13370.3125,100,210,10001,"[0, 100000]","[0, 100000]",0,0,1123,5126
yolov8x_training,2231.021166,70,127.267,13370.3125,100,210,10001,"[0, 100000]","[0, 100000]",0,0,976,4003
yolov8x_training,2232.064092,70,128.004,13370.3125,100,210,10001,"[0, 100000]","[0, 100000]",0,0,1074,3515
yolov8x_training,2233.106938,70,123.258,13370.3125,100,210,10001,"[0, 100000]","[0, 100000]",0,0,830,3320
yolov8x_training,2234.149789,70,122.678,13370.3125,100,210,10001,"[0, 100000]","[0, 100000]",0,0,927,3173
yolov8x_training,2235.192685,70,124.311,13370.3125,100,225,10001,"[0, 100000]","[0, 100000]",0,0,878,1220
yolov8x_training,2236.235569,70,123.537,13370.3125,100,210,10001,"[0, 100000]","[0, 100000]",0,0,341,292
yolov8x_training,2237.278163,69,123.675,13370.3125,100,210,10001,"[0, 100000]","[0, 100000]",0,0,341,1036425
yolov8x_training,2238.467916,69,124.216,13370.3125,100,210,10001,"[0, 100000]","[0, 100000]",0,0,7568,47656
yolov8x_training,2239.510833,71,125.023,13370.3125,100,210,10001,"[0, 100000]","[0, 100000]",0,0,1025,8886
yolov8x_training,2240.553641,71,125.478,13370.3125,78,420,10001,"[0, 100000]","[0, 100000]",0,0,927,4199
yolov8x_training,2241.596536,71,122.621,13370.3125,83,315,10001,"[0, 100000]","[0, 100000]",0,0,878,3369
yolov8x_training,2242.639565,71,122.554,13370.3125,71,405,10001,"[0, 100000]","[0, 100000]",0,0,1123,8398
yolov8x_training,2243.682381,70,121.960,13370.3125,57,435,10001,"[0, 100000]","[0, 100000]",0,0,1464,4833
yolov8x_training,2244.725253,70,122.593,13370.3125,58,345,10001,"[0, 100000]","[0, 100000]",0,0,1220,5419
yolov8x_training,2245.768027,71,122.688,13370.3125,80,405,10001,"[0, 100000]","[0, 100000]",0,0,927,3222
yolov8x_training,2246.810841,70,121.410,13370.3125,55,375,10001,"[0, 100000]","[0, 100000]",0,0,1074,3906
yolov8x_training,2247.853688,70,122.178,13370.3125,63,420,10001,"[0, 100000]","[0, 100000]",0,0,1074,4003
yolov8x_training,2248.896662,70,122.768,13370.3125,57,210,10001,"[0, 100000]","[0, 100000]",0,0,976,4003
yolov8x_training,2249.939612,70,123.200,13370.3125,48,210,10001,"[0, 100000]","[0, 100000]",0,0,927,3515
yolov8x_training,2250.982566,70,124.075,13370.3125,32,210,10001,"[0, 100000]","[0, 100000]",0,0,537,292
yolov8x_training,2252.025327,70,123.611,13370.3125,18,225,10001,"[0, 100000]","[0, 100000]",0,0,89697,15869
yolov8x_training,2253.068740,70,123.104,13370.3125,60,210,10001,"[0, 100000]","[0, 100000]",0,0,2099,5712
yolov8x_training,2254.285218,70,120.757,13370.3125,69,210,10001,"[0, 100000]","[0, 100000]",0,0,8300,6689
yolov8x_training,2255.328064,70,120.072,13370.3125,75,630,10001,"[0, 100000]","[0, 100000]",0,0,2001,5664
yolov8x_training,2256.370948,70,123.890,13370.3125,100,2145,10001,"[0, 100000]","[0, 100000]",0,0,1220,3466
yolov8x_training,2257.414029,70,118.846,13370.3125,87,1395,10001,"[0, 100000]","[0, 100000]",0,0,1025,3662
yolov8x_training,2258.456848,70,118.986,13370.3125,76,735,10001,"[0, 100000]","[0, 100000]",0,0,1123,5322
yolov8x_training,2259.499820,69,121.441,13370.3125,100,210,10001,"[0, 100000]","[0, 100000]",0,0,1171,5517
yolov8x_training,2260.542629,70,125.565,13370.3125,100,210,10001,"[0, 100000]","[0, 100000]",0,0,1074,3955
yolov8x_training,2261.585466,70,121.827,13370.3125,100,210,10001,"[0, 100000]","[0, 100000]",0,0,976,3369
yolov8x_training,2262.628371,70,123.914,13370.3125,100,210,10001,"[0, 100000]","[0, 100000]",0,0,781,2880
yolov8x_training,2263.671276,70,121.694,13370.3125,100,210,10001,"[0, 100000]","[0, 100000]",0,0,1123,3417
yolov8x_training,2264.714118,70,122.081,13370.3125,100,210,10001,"[0, 100000]","[0, 100000]",0,0,1123,390
yolov8x_training,2265.757002,70,122.463,13370.3125,100,210,10001,"[0, 100000]","[0, 100000]",0,0,585,2148
yolov8x_training,2266.799856,70,123.027,13370.3125,100,210,10001,"[0, 100000]","[0, 100000]",0,0,292,292
yolov8x_training,2267.842421,70,123.573,13370.3125,100,225,10001,"[0, 100000]","[0, 100000]",0,0,3417,11962
yolov8x_training,2269.061634,70,123.642,13370.3125,96,210,10001,"[0, 100000]","[0, 100000]",0,0,9277,27343
yolov8x_training,2270.104459,69,121.936,13370.3125,98,210,10001,"[0, 100000]","[0, 100000]",0,0,1171,8935
yolov8x_training,2271.147353,70,123.589,13370.3125,100,210,10001,"[0, 100000]","[0, 100000]",0,0,1855,5517
yolov8x_training,2272.190179,69,123.594,13370.3125,96,210,10001,"[0, 100000]","[0, 100000]",0,0,1025,4052
yolov8x_training,2273.233275,69,122.539,13370.3125,100,210,10001,"[0, 100000]","[0, 100000]",0,0,976,3613
yolov8x_training,2274.276388,70,123.121,13370.3125,98,210,10001,"[0, 100000]","[0, 100000]",0,0,1074,5078
yolov8x_training,2275.319186,70,122.004,13370.3125,100,210,10001,"[0, 100000]","[0, 100000]",0,0,1318,11181
yolov8x_training,2276.362050,70,123.331,13370.3125,97,210,10001,"[0, 100000]","[0, 100000]",0,0,1171,5566
yolov8x_training,2277.404953,70,121.782,13370.3125,100,210,10001,"[0, 100000]","[0, 100000]",0,0,1025,4345
yolov8x_training,2278.447824,70,124.331,13370.3125,99,210,10001,"[0, 100000]","[0, 100000]",0,0,976,3808
yolov8x_training,2279.490794,70,122.993,13370.3125,98,210,10001,"[0, 100000]","[0, 100000]",0,0,1025,4492
yolov8x_training,2280.533689,70,123.922,13370.3125,97,210,10001,"[0, 100000]","[0, 100000]",0,0,927,3759
yolov8x_training,2281.576577,70,124.807,13370.3125,97,210,10001,"[0, 100000]","[0, 100000]",0,0,976,683
yolov8x_training,2282.619433,70,123.765,13370.3125,98,210,10001,"[0, 100000]","[0, 100000]",0,0,439,292
yolov8x_training,2283.662284,70,124.530,13370.3125,100,210,10001,"[0, 100000]","[0, 100000]",0,0,65722,6347
yolov8x_training,2284.705767,70,122.799,13370.3125,100,210,10001,"[0, 100000]","[0, 100000]",0,0,89892,19042
yolov8x_training,2285.913341,74,124.035,13370.3125,100,210,10001,"[0, 100000]","[0, 100000]",0,0,8300,44335
yolov8x_training,2286.956195,71,124.149,13370.3125,100,210,10001,"[0, 100000]","[0, 100000]",0,0,1953,3857
yolov8x_training,2287.999000,70,124.993,13370.3125,100,210,10001,"[0, 100000]","[0, 100000]",0,0,1171,4345
yolov8x_training,2289.041906,71,124.704,13370.3125,100,210,10001,"[0, 100000]","[0, 100000]",0,0,976,3369
yolov8x_training,2290.085033,70,124.013,13370.3125,100,225,10001,"[0, 100000]","[0, 100000]",0,0,2001,5908
yolov8x_training,2291.127775,70,123.325,13370.3125,100,225,10001,"[0, 100000]","[0, 100000]",0,0,1220,5468
yolov8x_training,2292.170999,70,121.462,13370.3125,100,210,10001,"[0, 100000]","[0, 100000]",0,0,976,4345
yolov8x_training,2293.213893,70,121.982,13370.3125,100,255,10001,"[0, 100000]","[0, 100000]",0,0,927,3857
yolov8x_training,2294.256748,70,122.147,13370.3125,100,255,10001,"[0, 100000]","[0, 100000]",0,0,1025,3857
yolov8x_training,2295.299641,70,121.882,13370.3125,100,255,10001,"[0, 100000]","[0, 100000]",0,0,1220,2246
yolov8x_training,2296.342476,70,122.262,13370.3125,100,255,10001,"[0, 100000]","[0, 100000]",0,0,976,3710
yolov8x_training,2297.385425,70,123.245,13370.3125,100,255,10001,"[0, 100000]","[0, 100000]",0,0,1025,3271
yolov8x_training,2298.428399,70,124.016,13370.3125,100,210,10001,"[0, 100000]","[0, 100000]",0,0,878,537
yolov8x_training,2299.471349,70,123.722,13370.3125,100,210,10001,"[0, 100000]","[0, 100000]",0,0,341,1031054
yolov8x_training,2300.513930,70,124.556,13370.3125,100,1965,10001,"[0, 100000]","[0, 100000]",0,0,1757,5175
yolov8x_training,2301.694132,70,118.282,13370.3125,100,1905,10001,"[0, 100000]","[0, 100000]",0,0,9667,36865
yolov8x_training,2302.737184,70,123.946,13370.3125,100,465,10001,"[0, 100000]","[0, 100000]",0,0,781,10009
yolov8x_training,2303.780003,70,124.623,13370.3125,100,2505,10001,"[0, 100000]","[0, 100000]",0,0,1269,5468
yolov8x_training,2304.822762,70,124.048,13370.3125,100,2505,10001,"[0, 100000]","[0, 100000]",0,0,1123,4541
yolov8x_training,2305.865582,71,124.858,13370.3125,100,1095,10001,"[0, 100000]","[0, 100000]",0,0,976,4931
yolov8x_training,2306.908572,70,123.619,13370.3125,100,210,10001,"[0, 100000]","[0, 100000]",0,0,2294,3808
yolov8x_training,2307.951443,70,124.073,13370.3125,100,210,10001,"[0, 100000]","[0, 100000]",0,0,1220,5419
yolov8x_training,2308.994327,71,122.290,13370.3125,100,210,10001,"[0, 100000]","[0, 100000]",0,0,1123,4443
yolov8x_training,2310.037166,70,124.351,13370.3125,100,225,10001,"[0, 100000]","[0, 100000]",0,0,1025,4443
yolov8x_training,2311.079983,70,125.334,13370.3125,100,210,10001,"[0, 100000]","[0, 100000]",0,0,976,3662
yolov8x_training,2312.122844,70,124.452,13370.3125,100,210,10001,"[0, 100000]","[0, 100000]",0,0,1123,439
yolov8x_training,2313.165727,70,124.490,13370.3125,100,210,10001,"[0, 100000]","[0, 100000]",0,0,878,488
yolov8x_training,2314.208630,70,125.149,13370.3125,72,210,10001,"[0, 100000]","[0, 100000]",0,0,341,1040771
yolov8x_training,2315.251545,70,123.175,13370.3125,76,210,10001,"[0, 100000]","[0, 100000]",0,0,4101,9960
yolov8x_training,2316.453457,69,125.668,13370.3125,62,210,10001,"[0, 100000]","[0, 100000]",0,0,9277,36816
yolov8x_training,2317.496323,71,124.609,13370.3125,35,405,10001,"[0, 100000]","[0, 100000]",0,0,1367,10400
yolov8x_training,2318.539057,71,125.324,13370.3125,13,360,10001,"[0, 100000]","[0, 100000]",0,0,1171,5468
yolov8x_training,2319.581833,71,122.189,13370.3125,12,210,10001,"[0, 100000]","[0, 100000]",0,0,1171,4101
yolov8x_training,2320.624623,69,122.699,13370.3125,54,210,10001,"[0, 100000]","[0, 100000]",0,0,1123,3955
yolov8x_training,2321.667778,69,122.340,13370.3125,57,210,10001,"[0, 100000]","[0, 100000]",0,0,1074,5517
yolov8x_training,2322.710552,72,122.034,13370.3125,36,210,10001,"[0, 100000]","[0, 100000]",0,0,1171,10742
yolov8x_training,2323.753302,71,123.766,13370.3125,38,375,10001,"[0, 100000]","[0, 100000]",0,0,1220,4296
yolov8x_training,2324.796010,70,124.470,13370.3125,23,210,10001,"[0, 100000]","[0, 100000]",0,0,1025,3466
yolov8x_training,2325.838742,70,123.907,13370.3125,40,255,10001,"[0, 100000]","[0, 100000]",0,0,830,3417
yolov8x_training,2326.881886,70,124.729,13370.3125,77,225,10001,"[0, 100000]","[0, 100000]",0,0,1074,1025
yolov8x_training,2327.924872,70,122.822,13370.3125,100,225,10001,"[0, 100000]","[0, 100000]",0,0,976,25292
yolov8x_training,2328.967874,70,124.466,13370.3125,98,210,10001,"[0, 100000]","[0, 100000]",0,0,341,292
yolov8x_training,2330.010441,70,123.793,13370.3125,100,1260,10001,"[0, 100000]","[0, 100000]",0,0,3613,63964
yolov8x_training,2331.231372,70,128.957,13370.3125,100,2445,10001,"[0, 100000]","[0, 100000]",0,0,1855,3857
yolov8x_training,2332.274077,70,127.353,13370.3125,100,2505,10001,"[0, 100000]","[0, 100000]",0,0,1806,5664
yolov8x_training,2333.316834,70,123.577,13370.3125,100,615,10001,"[0, 100000]","[0, 100000]",0,0,1025,3710
yolov8x_training,2334.359637,71,124.387,13370.3125,98,210,10001,"[0, 100000]","[0, 100000]",0,0,1171,5273
yolov8x_training,2335.402701,71,122.725,13370.3125,100,210,10001,"[0, 100000]","[0, 100000]",0,0,1171,11962
yolov8x_training,2336.445652,70,123.019,13370.3125,100,780,10001,"[0, 100000]","[0, 100000]",0,0,1123,4589
yolov8x_training,2337.488409,71,123.836,13370.3125,98,210,10001,"[0, 100000]","[0, 100000]",0,0,1269,2734
yolov8x_training,2338.531322,70,124.473,13370.3125,98,225,10001,"[0, 100000]","[0, 100000]",0,0,1025,3564
yolov8x_training,2339.574230,70,123.896,13370.3125,96,225,10001,"[0, 100000]","[0, 100000]",0,0,878,3027
yolov8x_training,2340.617317,70,125.015,13370.3125,98,225,10001,"[0, 100000]","[0, 100000]",0,0,976,3125
yolov8x_training,2341.660126,70,121.523,13370.3125,97,225,10001,"[0, 100000]","[0, 100000]",0,0,976,2929
yolov8x_training,2342.703004,70,124.371,13370.3125,97,210,10001,"[0, 100000]","[0, 100000]",0,0,537,292
yolov8x_training,2343.745784,70,122.230,13370.3125,98,225,10001,"[0, 100000]","[0, 100000]",0,0,9033,341
yolov8x_training,2344.788762,70,123.958,13370.3125,97,210,10001,"[0, 100000]","[0, 100000]",0,0,88671,13671
yolov8x_training,2345.831782,70,123.708,13370.3125,97,210,10001,"[0, 100000]","[0, 100000]",0,0,927,6738
yolov8x_training,2347.042419,70,123.127,13370.3125,98,210,10001,"[0, 100000]","[0, 100000]",0,0,5615,4345
yolov8x_training,2348.085255,70,122.104,13370.3125,100,210,10001,"[0, 100000]","[0, 100000]",0,0,2490,6640
yolov8x_training,2349.128093,70,124.538,13370.3125,97,210,10001,"[0, 100000]","[0, 100000]",0,0,1074,4833
yolov8x_training,2350.170885,69,121.796,13370.3125,100,210,10001,"[0, 100000]","[0, 100000]",0,0,1025,4150
yolov8x_training,2351.213688,69,122.435,13370.3125,100,210,10001,"[0, 100000]","[0, 100000]",0,0,1025,5126
yolov8x_training,2352.256439,69,122.344,13370.3125,100,210,10001,"[0, 100000]","[0, 100000]",0,0,976,6347
yolov8x_training,2353.299326,70,123.807,13370.3125,100,210,10001,"[0, 100000]","[0, 100000]",0,0,1123,5517
yolov8x_training,2354.342022,70,123.737,13370.3125,100,285,10001,"[0, 100000]","[0, 100000]",0,0,927,4541
yolov8x_training,2355.384834,70,123.632,13370.3125,100,375,10001,"[0, 100000]","[0, 100000]",0,0,1074,4003
yolov8x_training,2356.427707,70,122.748,13370.3125,100,210,10001,"[0, 100000]","[0, 100000]",0,0,878,3808
yolov8x_training,2357.470518,70,123.105,13370.3125,100,345,10001,"[0, 100000]","[0, 100000]",0,0,1025,4003
yolov8x_training,2358.513424,70,123.986,13370.3125,100,210,10001,"[0, 100000]","[0, 100000]",0,0,634,2246
yolov8x_training,2359.556309,70,123.758,13370.3125,100,210,10001,"[0, 100000]","[0, 100000]",0,0,4687,341
yolov8x_training,2360.599061,70,122.573,13370.3125,100,210,10001,"[0, 100000]","[0, 100000]",0,0,89599,20996
yolov8x_training,2361.814064,70,120.514,13370.3125,100,210,10001,"[0, 100000]","[0, 100000]",0,0,9521,37792
yolov8x_training,2362.857074,70,120.085,13370.3125,100,210,10001,"[0, 100000]","[0, 100000]",0,0,1220,8300
yolov8x_training,2363.899885,70,122.545,13370.3125,100,210,10001,"[0, 100000]","[0, 100000]",0,0,1025,3906
yolov8x_training,2364.942700,70,124.320,13370.3125,100,1860,10001,"[0, 100000]","[0, 100000]",0,0,878,4296
yolov8x_training,2365.985388,70,124.496,13370.3125,100,210,10001,"[0, 100000]","[0, 100000]",0,0,1220,4785
yolov8x_training,2367.028170,70,126.228,13370.3125,100,210,10001,"[0, 100000]","[0, 100000]",0,0,1171,5517
yolov8x_training,2368.070849,70,127.162,13370.3125,100,210,10001,"[0, 100000]","[0, 100000]",0,0,1123,2978
yolov8x_training,2369.113680,70,123.431,13370.3125,100,210,10001,"[0, 100000]","[0, 100000]",0,0,1074,4150
yolov8x_training,2370.156435,70,123.504,13370.3125,100,210,10001,"[0, 100000]","[0, 100000]",0,0,830,3857
yolov8x_training,2371.199346,71,122.744,13370.3125,100,210,10001,"[0, 100000]","[0, 100000]",0,0,878,4052
yolov8x_training,2372.242169,71,124.377,13370.3125,100,225,10001,"[0, 100000]","[0, 100000]",0,0,927,1220
yolov8x_training,2373.285433,70,124.430,13370.3125,100,210,10001,"[0, 100000]","[0, 100000]",0,0,292,292
yolov8x_training,2374.327524,70,123.151,13370.3125,100,210,10001,"[0, 100000]","[0, 100000]",0,0,32373,15576
yolov8x_training,2375.370471,70,123.990,13370.3125,100,210,10001,"[0, 100000]","[0, 100000]",0,0,1269,6250
yolov8x_training,2376.585924,70,123.614,13370.3125,100,210,10001,"[0, 100000]","[0, 100000]",0,0,9033,7666
yolov8x_training,2377.628761,70,123.759,13370.3125,100,210,10001,"[0, 100000]","[0, 100000]",0,0,976,10791
yolov8x_training,2378.671499,70,122.950,13370.3125,100,210,10001,"[0, 100000]","[0, 100000]",0,0,1074,5322
yolov8x_training,2379.714500,70,123.356,13370.3125,100,210,10001,"[0, 100000]","[0, 100000]",0,0,878,3955
yolov8x_training,2380.757185,69,123.519,13370.3125,100,210,10001,"[0, 100000]","[0, 100000]",0,0,2392,3857
yolov8x_training,2381.799999,70,123.177,13370.3125,86,210,10001,"[0, 100000]","[0, 100000]",0,0,1220,3222
yolov8x_training,2382.842785,70,123.120,13370.3125,56,435,10001,"[0, 100000]","[0, 100000]",0,0,976,4199
yolov8x_training,2383.885581,70,123.270,13370.3125,49,210,10001,"[0, 100000]","[0, 100000]",0,0,1025,4589
yolov8x_training,2384.928384,70,123.225,13370.3125,37,375,10001,"[0, 100000]","[0, 100000]",0,0,1123,3222
yolov8x_training,2385.971313,70,122.987,13370.3125,12,390,10001,"[0, 100000]","[0, 100000]",0,0,1025,3808
yolov8x_training,2387.014223,70,124.761,13370.3125,12,210,10001,"[0, 100000]","[0, 100000]",0,0,3613,72851
yolov8x_training,2388.057159,70,122.003,13370.3125,12,210,10001,"[0, 100000]","[0, 100000]",0,0,585,292
yolov8x_training,2389.099910,70,124.252,13370.3125,12,210,10001,"[0, 100000]","[0, 100000]",0,0,341,1039062
yolov8x_training,2390.142777,70,122.615,13370.3125,29,210,10001,"[0, 100000]","[0, 100000]",0,0,2587,4003
yolov8x_training,2391.186054,70,123.565,13370.3125,29,210,10001,"[0, 100000]","[0, 100000]",0,0,1806,62255
yolov8x_training,2392.392381,71,122.664,13370.3125,29,210,10001,"[0, 100000]","[0, 100000]",0,0,3906,5566
yolov8x_training,2393.435201,70,122.319,13370.3125,47,210,10001,"[0, 100000]","[0, 100000]",0,0,1855,5029
yolov8x_training,2394.477906,71,121.663,13370.3125,31,210,10001,"[0, 100000]","[0, 100000]",0,0,1220,4345
yolov8x_training,2395.520711,71,123.909,13370.3125,30,255,10001,"[0, 100000]","[0, 100000]",0,0,927,3857
yolov8x_training,2396.563585,70,122.549,13370.3125,42,225,10001,"[0, 100000]","[0, 100000]",0,0,1074,4785
yolov8x_training,2397.606384,70,123.851,13370.3125,52,210,10001,"[0, 100000]","[0, 100000]",0,0,2099,4785
yolov8x_training,2398.649129,70,123.555,13370.3125,62,210,10001,"[0, 100000]","[0, 100000]",0,0,1171,5566
yolov8x_training,2399.691812,71,125.650,13370.3125,37,210,10001,"[0, 100000]","[0, 100000]",0,0,976,3271
yolov8x_training,2400.734626,70,124.678,13370.3125,94,210,10001,"[0, 100000]","[0, 100000]",0,0,976,4101
yolov8x_training,2401.777389,70,124.480,13370.3125,100,210,10001,"[0, 100000]","[0, 100000]",0,0,1025,3662
yolov8x_training,2402.820231,70,123.197,13370.3125,100,210,10001,"[0, 100000]","[0, 100000]",0,0,976,1513
yolov8x_training,2403.863046,70,124.024,13370.3125,100,210,10001,"[0, 100000]","[0, 100000]",0,0,830,1367
yolov8x_training,2404.905977,70,123.738,13370.3125,100,210,10001,"[0, 100000]","[0, 100000]",0,0,341,292
yolov8x_training,2405.948642,70,123.361,13370.3125,100,225,10001,"[0, 100000]","[0, 100000]",0,0,90673,18310
yolov8x_training,2407.188760,70,128.501,13370.3125,100,600,10001,"[0, 100000]","[0, 100000]",0,0,9960,34765
yolov8x_training,2408.231996,70,127.593,13370.3125,100,210,10001,"[0, 100000]","[0, 100000]",0,0,878,9960
yolov8x_training,2409.274940,70,126.890,13370.3125,100,210,10001,"[0, 100000]","[0, 100000]",0,0,1757,6298
yolov8x_training,2410.317700,70,126.530,13370.3125,100,210,10001,"[0, 100000]","[0, 100000]",0,0,1123,4931
yolov8x_training,2411.360504,70,127.639,13370.3125,100,2505,10001,"[0, 100000]","[0, 100000]",0,0,927,3466
yolov8x_training,2412.403606,70,129.031,13370.3125,100,210,10001,"[0, 100000]","[0, 100000]",0,0,1367,9765
yolov8x_training,2413.446518,70,126.791,13370.3125,100,210,10001,"[0, 100000]","[0, 100000]",0,0,1220,5664
yolov8x_training,2414.489265,70,122.028,13370.3125,100,210,10001,"[0, 100000]","[0, 100000]",0,0,1318,2832
yolov8x_training,2415.532013,70,122.622,13370.3125,100,210,10001,"[0, 100000]","[0, 100000]",0,0,878,3906
yolov8x_training,2416.574770,70,124.108,13370.3125,100,210,10001,"[0, 100000]","[0, 100000]",0,0,1025,4101
yolov8x_training,2417.617675,70,123.591,13370.3125,99,225,10001,"[0, 100000]","[0, 100000]",0,0,732,3515
yolov8x_training,2418.660525,70,124.776,13370.3125,97,210,10001,"[0, 100000]","[0, 100000]",0,0,1025,634
yolov8x_training,2419.703372,70,123.960,13370.3125,98,210,10001,"[0, 100000]","[0, 100000]",0,0,878,1171
yolov8x_training,2420.746290,70,124.697,13370.3125,98,210,10001,"[0, 100000]","[0, 100000]",0,0,341,292
yolov8x_training,2421.788876,70,124.531,13370.3125,100,210,10001,"[0, 100000]","[0, 100000]",0,0,1171,4736
yolov8x_training,2423.010425,69,123.506,13370.3125,100,210,10001,"[0, 100000]","[0, 100000]",0,0,9326,27490
yolov8x_training,2424.053385,73,125.138,13370.3125,100,210,10001,"[0, 100000]","[0, 100000]",0,0,2099,5712
yolov8x_training,2425.096223,70,122.506,13370.3125,100,210,10001,"[0, 100000]","[0, 100000]",0,0,1123,4101
yolov8x_training,2426.138965,71,122.798,13370.3125,100,315,10001,"[0, 100000]","[0, 100000]",0,0,1025,4980
yolov8x_training,2427.182213,70,122.226,13370.3125,100,240,10001,"[0, 100000]","[0, 100000]",0,0,927,4492
yolov8x_training,2428.225007,71,123.589,13370.3125,100,210,10001,"[0, 100000]","[0, 100000]",0,0,2343,3857
yolov8x_training,2429.267820,70,121.858,13370.3125,100,210,10001,"[0, 100000]","[0, 100000]",0,0,1074,5517
yolov8x_training,2430.310514,70,123.428,13370.3125,100,375,10001,"[0, 100000]","[0, 100000]",0,0,976,4199
yolov8x_training,2431.353273,70,123.555,13370.3125,100,375,10001,"[0, 100000]","[0, 100000]",0,0,1025,3271
yolov8x_training,2432.396073,70,123.315,13370.3125,100,210,10001,"[0, 100000]","[0, 100000]",0,0,878,3515
yolov8x_training,2433.438968,70,124.847,13370.3125,100,210,10001,"[0, 100000]","[0, 100000]",0,0,488,2636
yolov8x_training,2434.481841,70,123.061,13370.3125,100,210,10001,"[0, 100000]","[0, 100000]",0,0,5224,92041
yolov8x_training,2435.524769,70,125.447,13370.3125,100,210,10001,"[0, 100000]","[0, 100000]",0,0,341,1037548
yolov8x_training,2436.567464,70,123.758,13370.3125,100,210,10001,"[0, 100000]","[0, 100000]",0,0,2050,5078
yolov8x_training,2437.610702,70,120.053,13370.3125,100,210,10001,"[0, 100000]","[0, 100000]",0,0,1367,65625
yolov8x_training,2438.841069,70,121.429,13370.3125,100,210,10001,"[0, 100000]","[0, 100000]",0,0,9814,34960
yolov8x_training,2439.883946,70,120.995,13370.3125,100,210,10001,"[0, 100000]","[0, 100000]",0,0,1074,9619
yolov8x_training,2440.926699,70,120.638,13370.3125,100,330,10001,"[0, 100000]","[0, 100000]",0,0,1171,3662
yolov8x_training,2441.969678,70,119.385,13370.3125,100,795,10001,"[0, 100000]","[0, 100000]",0,0,927,3955
yolov8x_training,2443.012408,70,119.254,13370.3125,100,210,10001,"[0, 100000]","[0, 100000]",0,0,927,4687
yolov8x_training,2444.055185,70,119.083,13370.3125,100,210,10001,"[0, 100000]","[0, 100000]",0,0,1660,5322
yolov8x_training,2445.097976,70,124.552,13370.3125,100,210,10001,"[0, 100000]","[0, 100000]",0,0,1269,2636
yolov8x_training,2446.140803,70,123.879,13370.3125,100,210,10001,"[0, 100000]","[0, 100000]",0,0,1025,3906
yolov8x_training,2447.183562,70,124.584,13370.3125,100,210,10001,"[0, 100000]","[0, 100000]",0,0,976,4345
yolov8x_training,2448.226409,70,124.576,13370.3125,100,210,10001,"[0, 100000]","[0, 100000]",0,0,1025,3466
yolov8x_training,2449.269171,70,123.481,13370.3125,100,210,10001,"[0, 100000]","[0, 100000]",0,0,634,2587
yolov8x_training,2450.311937,70,122.146,13370.3125,100,210,10001,"[0, 100000]","[0, 100000]",0,0,10302,53173
yolov8x_training,2451.354704,70,122.276,13370.3125,100,225,10001,"[0, 100000]","[0, 100000]",0,0,341,292
yolov8x_training,2452.397289,70,122.926,13370.3125,100,210,10001,"[0, 100000]","[0, 100000]",0,0,341,1039990
yolov8x_training,2453.604782,70,128.270,13370.3125,100,210,10001,"[0, 100000]","[0, 100000]",0,0,9619,37255
yolov8x_training,2454.647677,70,124.710,13370.3125,100,210,10001,"[0, 100000]","[0, 100000]",0,0,1660,5322
yolov8x_training,2455.690408,69,124.253,13370.3125,100,210,10001,"[0, 100000]","[0, 100000]",0,0,1025,4248
yolov8x_training,2456.733170,69,123.352,13370.3125,100,210,10001,"[0, 100000]","[0, 100000]",0,0,1171,5224
yolov8x_training,2457.775921,72,123.491,13370.3125,100,210,10001,"[0, 100000]","[0, 100000]",0,0,1171,5712
yolov8x_training,2458.818704,70,122.075,13370.3125,100,210,10001,"[0, 100000]","[0, 100000]",0,0,1025,4980
yolov8x_training,2459.861456,70,123.949,13370.3125,100,210,10001,"[0, 100000]","[0, 100000]",0,0,1123,3955
yolov8x_training,2460.904263,70,122.954,13370.3125,79,435,10001,"[0, 100000]","[0, 100000]",0,0,1171,2343
yolov8x_training,2461.947083,70,121.735,13370.3125,57,405,10001,"[0, 100000]","[0, 100000]",0,0,1025,3515
yolov8x_training,2462.989868,70,121.908,13370.3125,87,210,10001,"[0, 100000]","[0, 100000]",0,0,1025,3369
yolov8x_training,2464.032907,70,123.290,13370.3125,95,210,10001,"[0, 100000]","[0, 100000]",0,0,390,2587
yolov8x_training,2465.075744,70,122.207,13370.3125,56,210,10001,"[0, 100000]","[0, 100000]",0,0,341,292
yolov8x_training,2466.118746,70,122.841,13370.3125,37,210,10001,"[0, 100000]","[0, 100000]",0,0,341,292
yolov8x_training,2467.161351,70,124.961,13370.3125,86,210,10001,"[0, 100000]","[0, 100000]",0,0,89306,20996
yolov8x_training,2468.205075,70,125.314,13370.3125,20,210,10001,"[0, 100000]","[0, 100000]",0,0,1367,61669
yolov8x_training,2469.416920,70,122.710,13370.3125,18,210,10001,"[0, 100000]","[0, 100000]",0,0,1855,8447
yolov8x_training,2470.459627,70,125.557,13370.3125,14,210,10001,"[0, 100000]","[0, 100000]",0,0,1611,8251
yolov8x_training,2471.502342,70,122.749,13370.3125,18,210,10001,"[0, 100000]","[0, 100000]",0,0,976,4003
yolov8x_training,2472.545074,70,123.678,13370.3125,48,210,10001,"[0, 100000]","[0, 100000]",0,0,1025,4785
yolov8x_training,2473.587845,70,121.994,13370.3125,53,210,10001,"[0, 100000]","[0, 100000]",0,0,1513,5664
yolov8x_training,2474.630664,70,124.062,13370.3125,51,225,10001,"[0, 100000]","[0, 100000]",0,0,1123,4980
yolov8x_training,2475.673408,70,125.077,13370.3125,72,210,10001,"[0, 100000]","[0, 100000]",0,0,1025,3808
yolov8x_training,2476.716121,70,122.666,13370.3125,100,210,10001,"[0, 100000]","[0, 100000]",0,0,927,4345
yolov8x_training,2477.758781,70,124.129,13370.3125,90,210,10001,"[0, 100000]","[0, 100000]",0,0,927,3076
yolov8x_training,2478.801606,70,123.675,13370.3125,82,210,10001,"[0, 100000]","[0, 100000]",0,0,878,3710
yolov8x_training,2479.844387,70,123.038,13370.3125,82,210,10001,"[0, 100000]","[0, 100000]",0,0,1123,3564
yolov8x_training,2480.887170,70,123.985,13370.3125,80,210,10001,"[0, 100000]","[0, 100000]",0,0,927,927
yolov8x_training,2481.930097,70,124.474,13370.3125,100,210,10001,"[0, 100000]","[0, 100000]",0,0,341,292
yolov8x_training,2482.972845,70,123.278,13370.3125,100,210,10001,"[0, 100000]","[0, 100000]",0,0,292,292
yolov8x_training,2484.015388,70,124.690,13370.3125,100,1965,10001,"[0, 100000]","[0, 100000]",0,0,2734,64013
yolov8x_training,2485.210514,70,125.804,13370.3125,100,210,10001,"[0, 100000]","[0, 100000]",0,0,1123,6884
yolov8x_training,2486.253209,70,127.429,13370.3125,100,210,10001,"[0, 100000]","[0, 100000]",0,0,781,9423
yolov8x_training,2487.296238,70,127.350,13370.3125,100,210,10001,"[0, 100000]","[0, 100000]",0,0,1025,3857
yolov8x_training,2488.338983,70,129.999,13370.3125,98,210,10001,"[0, 100000]","[0, 100000]",0,0,1123,8642
yolov8x_training,2489.381750,70,124.264,13370.3125,97,210,10001,"[0, 100000]","[0, 100000]",0,0,1220,5322
yolov8x_training,2490.424525,70,124.064,13370.3125,97,210,10001,"[0, 100000]","[0, 100000]",0,0,781,4003
yolov8x_training,2491.467257,70,124.298,13370.3125,96,210,10001,"[0, 100000]","[0, 100000]",0,0,1074,4541
yolov8x_training,2492.510126,70,123.017,13370.3125,98,210,10001,"[0, 100000]","[0, 100000]",0,0,830,4052
yolov8x_training,2493.552888,70,123.086,13370.3125,100,210,10001,"[0, 100000]","[0, 100000]",0,0,1074,1171
yolov8x_training,2494.595704,70,121.926,13370.3125,97,210,10001,"[0, 100000]","[0, 100000]",0,0,732,1464
yolov8x_training,2495.638511,70,122.131,13370.3125,98,210,10001,"[0, 100000]","[0, 100000]",0,0,634,2392
yolov8x_training,2496.681212,70,124.026,13370.3125,98,210,10001,"[0, 100000]","[0, 100000]",0,0,292,292
yolov8x_training,2497.723979,70,124.018,13370.3125,100,210,10001,"[0, 100000]","[0, 100000]",0,0,341,1037890
yolov8x_training,2498.766742,70,123.729,13370.3125,98,210,10001,"[0, 100000]","[0, 100000]",0,0,3417,61669
yolov8x_training,2499.974823,71,125.055,13370.3125,100,210,10001,"[0, 100000]","[0, 100000]",0,0,1123,5371
yolov8x_training,2501.017726,71,124.412,13370.3125,100,210,10001,"[0, 100000]","[0, 100000]",0,0,1220,5419
yolov8x_training,2502.060572,70,125.340,13370.3125,100,240,10001,"[0, 100000]","[0, 100000]",0,0,1025,3710
yolov8x_training,2503.103330,70,123.166,13370.3125,100,210,10001,"[0, 100000]","[0, 100000]",0,0,1025,4980
yolov8x_training,2504.146131,70,123.649,13370.3125,100,255,10001,"[0, 100000]","[0, 100000]",0,0,1318,5078
yolov8x_training,2505.188905,70,124.297,13370.3125,100,225,10001,"[0, 100000]","[0, 100000]",0,0,976,3808
yolov8x_training,2506.231712,70,123.110,13370.3125,100,210,10001,"[0, 100000]","[0, 100000]",0,0,976,3320
yolov8x_training,2507.274471,70,123.642,13370.3125,100,210,10001,"[0, 100000]","[0, 100000]",0,0,1220,2587
yolov8x_training,2508.317313,70,122.570,13370.3125,100,210,10001,"[0, 100000]","[0, 100000]",0,0,927,3271
yolov8x_training,2509.360091,70,123.867,13370.3125,100,210,10001,"[0, 100000]","[0, 100000]",0,0,1074,2343
yolov8x_training,2510.402941,70,124.184,13370.3125,100,210,10001,"[0, 100000]","[0, 100000]",0,0,634,2246
yolov8x_training,2511.445739,70,124.089,13370.3125,100,210,10001,"[0, 100000]","[0, 100000]",0,0,341,292
yolov8x_training,2512.488548,70,124.620,13370.3125,100,210,10001,"[0, 100000]","[0, 100000]",0,0,3466,9521
yolov8x_training,2513.531901,70,124.233,13370.3125,100,2280,10001,"[0, 100000]","[0, 100000]",0,0,1416,60009
yolov8x_training,2514.734059,70,125.748,13370.3125,100,1440,10001,"[0, 100000]","[0, 100000]",0,0,1757,3710
yolov8x_training,2515.776750,70,126.747,13370.3125,100,210,10001,"[0, 100000]","[0, 100000]",0,0,1123,4687
yolov8x_training,2516.819526,70,127.163,13370.3125,100,210,10001,"[0, 100000]","[0, 100000]",0,0,976,4394
yolov8x_training,2517.862221,71,123.504,13370.3125,100,210,10001,"[0, 100000]","[0, 100000]",0,0,927,3466
yolov8x_training,2518.905088,70,128.206,13370.3125,100,210,10001,"[0, 100000]","[0, 100000]",0,0,2148,4052
yolov8x_training,2519.947856,70,129.617,13370.3125,100,210,10001,"[0, 100000]","[0, 100000]",0,0,1025,3613
yolov8x_training,2520.990612,70,123.375,13370.3125,100,210,10001,"[0, 100000]","[0, 100000]",0,0,1025,4248
yolov8x_training,2522.033403,70,122.302,13370.3125,100,225,10001,"[0, 100000]","[0, 100000]",0,0,976,3271
yolov8x_training,2523.076154,70,123.894,13370.3125,100,210,10001,"[0, 100000]","[0, 100000]",0,0,781,2978
yolov8x_training,2524.119048,70,123.918,13370.3125,100,210,10001,"[0, 100000]","[0, 100000]",0,0,976,4248
yolov8x_training,2525.161825,70,125.176,13370.3125,100,210,10001,"[0, 100000]","[0, 100000]",0,0,5371,89501
yolov8x_training,2526.205224,70,122.399,13370.3125,100,210,10001,"[0, 100000]","[0, 100000]",0,0,390,341
yolov8x_training,2527.247868,70,124.431,13370.3125,100,210,10001,"[0, 100000]","[0, 100000]",0,0,89746,22705
yolov8x_training,2528.467210,72,124.653,13370.3125,100,210,10001,"[0, 100000]","[0, 100000]",0,0,5322,3955
yolov8x_training,2529.510275,73,124.379,13370.3125,100,210,10001,"[0, 100000]","[0, 100000]",0,0,1074,6542
yolov8x_training,2530.553063,73,123.869,13370.3125,100,465,10001,"[0, 100000]","[0, 100000]",0,0,1269,4394
yolov8x_training,2531.595975,70,125.040,13370.3125,78,210,10001,"[0, 100000]","[0, 100000]",0,0,1025,4199
yolov8x_training,2532.638734,70,121.947,13370.3125,57,210,10001,"[0, 100000]","[0, 100000]",0,0,1025,6787
yolov8x_training,2533.681612,70,122.901,13370.3125,83,210,10001,"[0, 100000]","[0, 100000]",0,0,1367,8691
yolov8x_training,2534.724435,70,123.105,13370.3125,71,255,10001,"[0, 100000]","[0, 100000]",0,0,1269,4492
yolov8x_training,2535.767234,70,123.575,13370.3125,36,210,10001,"[0, 100000]","[0, 100000]",0,0,976,4394
yolov8x_training,2536.809978,70,122.801,13370.3125,17,255,10001,"[0, 100000]","[0, 100000]",0,0,1074,3613
yolov8x_training,2537.852696,70,124.630,13370.3125,48,225,10001,"[0, 100000]","[0, 100000]",0,0,781,3271
yolov8x_training,2538.895465,70,122.670,13370.3125,17,255,10001,"[0, 100000]","[0, 100000]",0,0,1171,3466
yolov8x_training,2539.938360,70,123.287,13370.3125,17,255,10001,"[0, 100000]","[0, 100000]",0,0,1025,2685
yolov8x_training,2540.981298,70,123.775,13370.3125,17,210,10001,"[0, 100000]","[0, 100000]",0,0,3662,74658
yolov8x_training,2542.024306,70,122.191,13370.3125,23,210,10001,"[0, 100000]","[0, 100000]",0,0,341,292
yolov8x_training,2543.066889,70,124.121,13370.3125,18,210,10001,"[0, 100000]","[0, 100000]",0,0,88671,14453
yolov8x_training,2544.282737,70,125.018,13370.3125,52,210,10001,"[0, 100000]","[0, 100000]",0,0,9521,37011
yolov8x_training,2545.325728,70,125.328,13370.3125,43,360,10001,"[0, 100000]","[0, 100000]",0,0,9716,14697
yolov8x_training,2546.368450,70,126.165,13370.3125,57,315,10001,"[0, 100000]","[0, 100000]",0,0,1367,5664
yolov8x_training,2547.411227,70,126.825,13370.3125,94,1875,10001,"[0, 100000]","[0, 100000]",0,0,927,3955
yolov8x_training,2548.454032,70,129.573,13370.3125,100,2475,10001,"[0, 100000]","[0, 100000]",0,0,1318,11669
yolov8x_training,2549.496715,70,122.280,13370.3125,100,2505,10001,"[0, 100000]","[0, 100000]",0,0,1269,9716
yolov8x_training,2550.539522,70,124.490,13370.3125,100,225,10001,"[0, 100000]","[0, 100000]",0,0,1171,5712
yolov8x_training,2551.582204,70,127.354,13370.3125,100,210,10001,"[0, 100000]","[0, 100000]",0,0,976,4101
yolov8x_training,2552.624960,70,122.358,13370.3125,100,210,10001,"[0, 100000]","[0, 100000]",0,0,927,4541
yolov8x_training,2553.667674,70,121.722,13370.3125,100,210,10001,"[0, 100000]","[0, 100000]",0,0,927,3710
yolov8x_training,2554.710385,70,122.430,13370.3125,100,210,10001,"[0, 100000]","[0, 100000]",0,0,1074,2441
yolov8x_training,2555.753141,70,124.145,13370.3125,100,210,10001,"[0, 100000]","[0, 100000]",0,0,976,3710
yolov8x_training,2556.795931,70,123.976,13370.3125,98,210,10001,"[0, 100000]","[0, 100000]",0,0,927,62109
yolov8x_training,2557.838821,70,122.885,13370.3125,100,210,10001,"[0, 100000]","[0, 100000]",0,0,341,292
yolov8x_training,2558.881561,70,123.857,13370.3125,98,225,10001,"[0, 100000]","[0, 100000]",0,0,89794,17871
yolov8x_training,2560.066671,70,123.802,13370.3125,97,210,10001,"[0, 100000]","[0, 100000]",0,0,9375,38671
yolov8x_training,2561.109531,70,123.010,13370.3125,100,210,10001,"[0, 100000]","[0, 100000]",0,0,1074,6542
yolov8x_training,2562.152457,69,121.769,13370.3125,99,210,10001,"[0, 100000]","[0, 100000]",0,0,1416,3613
yolov8x_training,2563.195293,70,122.499,13370.3125,98,210,10001,"[0, 100000]","[0, 100000]",0,0,1806,5468
yolov8x_training,2564.238019,70,123.260,13370.3125,100,210,10001,"[0, 100000]","[0, 100000]",0,0,1074,3466
yolov8x_training,2565.280786,70,122.440,13370.3125,99,210,10001,"[0, 100000]","[0, 100000]",0,0,1025,4785
yolov8x_training,2566.323470,70,123.419,13370.3125,100,210,10001,"[0, 100000]","[0, 100000]",0,0,1220,5566
yolov8x_training,2567.366233,70,122.650,13370.3125,100,225,10001,"[0, 100000]","[0, 100000]",0,0,927,4394
yolov8x_training,2568.409040,70,123.078,13370.3125,100,210,10001,"[0, 100000]","[0, 100000]",0,0,1123,4638
yolov8x_training,2569.451804,70,122.576,13370.3125,100,240,10001,"[0, 100000]","[0, 100000]",0,0,1025,3857
yolov8x_training,2570.494599,70,121.976,13370.3125,100,210,10001,"[0, 100000]","[0, 100000]",0,0,1074,2294
yolov8x_training,2571.537431,70,123.770,13370.3125,100,210,10001,"[0, 100000]","[0, 100000]",0,0,1123,3808
yolov8x_training,2572.580264,70,123.776,13370.3125,100,210,10001,"[0, 100000]","[0, 100000]",0,0,878,35791
yolov8x_training,2573.623521,70,123.704,13370.3125,100,210,10001,"[0, 100000]","[0, 100000]",0,0,732,341
yolov8x_training,2574.666187,70,124.395,13370.3125,100,210,10001,"[0, 100000]","[0, 100000]",0,0,341,292
yolov8x_training,2575.708741,70,123.646,13370.3125,100,210,10001,"[0, 100000]","[0, 100000]",0,0,89697,20312
yolov8x_training,2576.751767,70,125.874,13370.3125,100,210,10001,"[0, 100000]","[0, 100000]",0,0,1074,5859
yolov8x_training,2577.969874,71,122.980,13370.3125,100,210,10001,"[0, 100000]","[0, 100000]",0,0,830,10009
yolov8x_training,2579.012896,71,125.087,13370.3125,100,225,10001,"[0, 100000]","[0, 100000]",0,0,1123,4833
yolov8x_training,2580.055628,70,122.259,13370.3125,100,255,10001,"[0, 100000]","[0, 100000]",0,0,976,4150
yolov8x_training,2581.098401,71,121.617,13370.3125,100,255,10001,"[0, 100000]","[0, 100000]",0,0,1171,4931
yolov8x_training,2582.141182,70,123.408,13370.3125,100,255,10001,"[0, 100000]","[0, 100000]",0,0,2294,4199
yolov8x_training,2583.183905,70,124.882,13370.3125,100,210,10001,"[0, 100000]","[0, 100000]",0,0,1220,3027
yolov8x_training,2584.226754,70,124.153,13370.3125,100,210,10001,"[0, 100000]","[0, 100000]",0,0,976,4492
yolov8x_training,2585.269460,70,123.560,13370.3125,100,210,10001,"[0, 100000]","[0, 100000]",0,0,976,4394
yolov8x_training,2586.312504,70,122.928,13370.3125,100,210,10001,"[0, 100000]","[0, 100000]",0,0,830,3613
yolov8x_training,2587.355343,70,124.451,13370.3125,100,210,10001,"[0, 100000]","[0, 100000]",0,0,927,3662
yolov8x_training,2588.398184,70,124.914,13370.3125,100,210,10001,"[0, 100000]","[0, 100000]",0,0,4345,94091
yolov8x_training,2589.441031,70,123.880,13370.3125,100,210,10001,"[0, 100000]","[0, 100000]",0,0,341,292
yolov8x_training,2590.483558,70,122.849,13370.3125,100,210,10001,"[0, 100000]","[0, 100000]",0,0,4150,10009
yolov8x_training,2591.685831,70,126.907,13370.3125,100,210,10001,"[0, 100000]","[0, 100000]",0,0,8105,40039
yolov8x_training,2592.728569,70,123.145,13370.3125,100,210,10001,"[0, 100000]","[0, 100000]",0,0,5175,3906
yolov8x_training,2593.771354,70,124.984,13370.3125,100,210,10001,"[0, 100000]","[0, 100000]",0,0,1953,5566
yolov8x_training,2594.814127,70,124.006,13370.3125,100,210,10001,"[0, 100000]","[0, 100000]",0,0,878,4492
yolov8x_training,2595.856798,70,123.973,13370.3125,100,210,10001,"[0, 100000]","[0, 100000]",0,0,2001,5126
yolov8x_training,2596.899533,70,123.710,13370.3125,100,210,10001,"[0, 100000]","[0, 100000]",0,0,1220,4833
yolov8x_training,2597.942362,70,123.024,13370.3125,100,210,10001,"[0, 100000]","[0, 100000]",0,0,1025,4003
yolov8x_training,2598.985162,70,123.331,13370.3125,100,210,10001,"[0, 100000]","[0, 100000]",0,0,781,2832
yolov8x_training,2600.028008,70,123.511,13370.3125,63,210,10001,"[0, 100000]","[0, 100000]",0,0,1074,878
yolov8x_training,2601.070830,70,124.046,13370.3125,47,210,10001,"[0, 100000]","[0, 100000]",0,0,634,2294
yolov8x_training,2602.113670,70,123.939,13370.3125,26,210,10001,"[0, 100000]","[0, 100000]",0,0,341,292
yolov8x_training,2603.156283,70,122.782,13370.3125,18,210,10001,"[0, 100000]","[0, 100000]",0,0,341,292
yolov8x_training,2604.198510,70,125.653,13370.3125,37,210,10001,"[0, 100000]","[0, 100000]",0,0,90771,7958
yolov8x_training,2605.241791,70,122.931,13370.3125,31,210,10001,"[0, 100000]","[0, 100000]",0,0,1513,64746
yolov8x_training,2606.449211,71,125.081,13370.3125,20,210,10001,"[0, 100000]","[0, 100000]",0,0,1660,3710
yolov8x_training,2607.492024,70,122.339,13370.3125,48,210,10001,"[0, 100000]","[0, 100000]",0,0,1806,6445
yolov8x_training,2608.534751,70,123.114,13370.3125,26,210,10001,"[0, 100000]","[0, 100000]",0,0,1074,5078
yolov8x_training,2609.577596,71,122.608,13370.3125,12,210,10001,"[0, 100000]","[0, 100000]",0,0,976,4443
yolov8x_training,2610.620410,71,124.501,13370.3125,36,210,10001,"[0, 100000]","[0, 100000]",0,0,2197,4589
yolov8x_training,2611.663170,70,123.543,13370.3125,89,210,10001,"[0, 100000]","[0, 100000]",0,0,1171,5517
yolov8x_training,2612.705846,70,123.503,13370.3125,62,240,10001,"[0, 100000]","[0, 100000]",0,0,1171,3710
yolov8x_training,2613.748691,70,124.571,13370.3125,77,210,10001,"[0, 100000]","[0, 100000]",0,0,927,4541
yolov8x_training,2614.791421,70,122.742,13370.3125,100,210,10001,"[0, 100000]","[0, 100000]",0,0,1074,2392
yolov8x_training,2615.834270,70,123.538,13370.3125,100,210,10001,"[0, 100000]","[0, 100000]",0,0,1074,3271
yolov8x_training,2616.877150,70,122.714,13370.3125,100,210,10001,"[0, 100000]","[0, 100000]",0,0,1025,3369
yolov8x_training,2617.920250,70,125.117,13370.3125,94,210,10001,"[0, 100000]","[0, 100000]",0,0,634,2099
yolov8x_training,2618.963105,70,123.965,13370.3125,100,210,10001,"[0, 100000]","[0, 100000]",0,0,341,341
yolov8x_training,2620.005726,70,123.651,13370.3125,100,210,10001,"[0, 100000]","[0, 100000]",0,0,341,1032910
yolov8x_training,2621.048671,70,123.290,13370.3125,100,1635,10001,"[0, 100000]","[0, 100000]",0,0,1611,5664
yolov8x_training,2622.264866,70,126.651,13370.3125,100,1875,10001,"[0, 100000]","[0, 100000]",0,0,732,10009
yolov8x_training,2623.307652,70,128.093,13370.3125,100,1875,10001,"[0, 100000]","[0, 100000]",0,0,1171,4003
yolov8x_training,2624.350431,70,125.699,13370.3125,100,210,10001,"[0, 100000]","[0, 100000]",0,0,1074,3662
yolov8x_training,2625.393240,71,123.787,13370.3125,100,210,10001,"[0, 100000]","[0, 100000]",0,0,1220,4687
yolov8x_training,2626.436146,70,123.796,13370.3125,97,210,10001,"[0, 100000]","[0, 100000]",0,0,1123,4931
yolov8x_training,2627.478868,70,123.541,13370.3125,98,210,10001,"[0, 100000]","[0, 100000]",0,0,1074,3808
yolov8x_training,2628.521749,70,123.252,13370.3125,98,225,10001,"[0, 100000]","[0, 100000]",0,0,927,3857
yolov8x_training,2629.564515,70,122.396,13370.3125,97,225,10001,"[0, 100000]","[0, 100000]",0,0,1025,4101
yolov8x_training,2630.607284,70,123.780,13370.3125,97,210,10001,"[0, 100000]","[0, 100000]",0,0,976,3466
yolov8x_training,2631.650243,70,124.344,13370.3125,97,210,10001,"[0, 100000]","[0, 100000]",0,0,1025,2148
yolov8x_training,2632.693122,70,123.426,13370.3125,97,210,10001,"[0, 100000]","[0, 100000]",0,0,683,1855
yolov8x_training,2633.735957,70,124.116,13370.3125,97,210,10001,"[0, 100000]","[0, 100000]",0,0,341,292
yolov8x_training,2634.778620,70,124.661,13370.3125,100,210,10001,"[0, 100000]","[0, 100000]",0,0,89746,17089
yolov8x_training,2635.821648,69,123.982,13370.3125,100,210,10001,"[0, 100000]","[0, 100000]",0,0,3515,64208
yolov8x_training,2637.038625,69,124.715,13370.3125,100,210,10001,"[0, 100000]","[0, 100000]",0,0,732,9960
yolov8x_training,2638.081443,69,124.603,13370.3125,100,360,10001,"[0, 100000]","[0, 100000]",0,0,1171,5468
yolov8x_training,2639.124199,69,122.384,13370.3125,100,360,10001,"[0, 100000]","[0, 100000]",0,0,927,4101
yolov8x_training,2640.167036,69,123.932,13370.3125,100,375,10001,"[0, 100000]","[0, 100000]",0,0,976,4736
yolov8x_training,2641.209747,71,124.245,13370.3125,100,225,10001,"[0, 100000]","[0, 100000]",0,0,1220,5517
yolov8x_training,2642.252424,71,123.697,13370.3125,100,255,10001,"[0, 100000]","[0, 100000]",0,0,976,3955
yolov8x_training,2643.295267,71,124.579,13370.3125,100,210,10001,"[0, 100000]","[0, 100000]",0,0,1171,3076
yolov8x_training,2644.338202,70,124.175,13370.3125,100,210,10001,"[0, 100000]","[0, 100000]",0,0,732,3515
yolov8x_training,2645.381010,70,123.243,13370.3125,100,225,10001,"[0, 100000]","[0, 100000]",0,0,1074,3857
yolov8x_training,2646.423859,70,124.605,13370.3125,100,210,10001,"[0, 100000]","[0, 100000]",0,0,927,537
yolov8x_training,2647.466686,70,124.663,13370.3125,100,210,10001,"[0, 100000]","[0, 100000]",0,0,292,292
yolov8x_training,2648.509255,70,122.571,13370.3125,100,210,10001,"[0, 100000]","[0, 100000]",0,0,341,1035302
yolov8x_training,2649.706720,70,126.111,13370.3125,100,2325,10001,"[0, 100000]","[0, 100000]",0,0,4980,60693
yolov8x_training,2650.749623,70,129.209,13370.3125,100,210,10001,"[0, 100000]","[0, 100000]",0,0,1074,9375
yolov8x_training,2651.792357,70,125.958,13370.3125,100,210,10001,"[0, 100000]","[0, 100000]",0,0,1660,3906
yolov8x_training,2652.835071,70,123.182,13370.3125,100,495,10001,"[0, 100000]","[0, 100000]",0,0,1123,5419
yolov8x_training,2653.877769,70,127.164,13370.3125,100,210,10001,"[0, 100000]","[0, 100000]",0,0,976,3662
yolov8x_training,2654.920594,70,128.093,13370.3125,100,210,10001,"[0, 100000]","[0, 100000]",0,0,1708,7958
yolov8x_training,2655.963399,70,128.726,13370.3125,100,210,10001,"[0, 100000]","[0, 100000]",0,0,1123,4785
yolov8x_training,2657.006117,70,123.751,13370.3125,100,210,10001,"[0, 100000]","[0, 100000]",0,0,1074,3808
yolov8x_training,2658.048927,70,124.020,13370.3125,100,210,10001,"[0, 100000]","[0, 100000]",0,0,732,4003
yolov8x_training,2659.091719,70,122.682,13370.3125,100,210,10001,"[0, 100000]","[0, 100000]",0,0,927,3857
yolov8x_training,2660.134604,70,123.070,13370.3125,100,210,10001,"[0, 100000]","[0, 100000]",0,0,927,3613
yolov8x_training,2661.177518,70,124.052,13370.3125,100,210,10001,"[0, 100000]","[0, 100000]",0,0,878,634
yolov8x_training,2662.220427,70,125.329,13370.3125,78,210,10001,"[0, 100000]","[0, 100000]",0,0,90625,6982
yolov8x_training,2663.263916,70,123.087,13370.3125,100,210,10001,"[0, 100000]","[0, 100000]",0,0,90625,13525
yolov8x_training,2664.447983,71,124.299,13370.3125,91,210,10001,"[0, 100000]","[0, 100000]",0,0,9423,39404
yolov8x_training,2665.490851,70,126.108,13370.3125,36,210,10001,"[0, 100000]","[0, 100000]",0,0,1904,5371
yolov8x_training,2666.533567,70,125.224,13370.3125,30,255,10001,"[0, 100000]","[0, 100000]",0,0,1074,3955
yolov8x_training,2667.576404,70,124.345,13370.3125,14,330,10001,"[0, 100000]","[0, 100000]",0,0,1074,3369
yolov8x_training,2668.619191,70,122.728,13370.3125,23,315,10001,"[0, 100000]","[0, 100000]",0,0,1025,3417
yolov8x_training,2669.662008,70,124.019,13370.3125,32,210,10001,"[0, 100000]","[0, 100000]",0,0,1660,7861
yolov8x_training,2670.704760,70,122.812,13370.3125,21,255,10001,"[0, 100000]","[0, 100000]",0,0,1220,4443
yolov8x_training,2671.747526,70,123.933,13370.3125,20,255,10001,"[0, 100000]","[0, 100000]",0,0,976,3125
yolov8x_training,2672.790328,70,124.358,13370.3125,60,225,10001,"[0, 100000]","[0, 100000]",0,0,1074,4248
yolov8x_training,2673.833208,70,123.529,13370.3125,81,210,10001,"[0, 100000]","[0, 100000]",0,0,976,3759
yolov8x_training,2674.876065,70,123.153,13370.3125,100,210,10001,"[0, 100000]","[0, 100000]",0,0,976,4199
yolov8x_training,2675.919442,70,124.681,13370.3125,59,210,10001,"[0, 100000]","[0, 100000]",0,0,439,2783
yolov8x_training,2676.962475,70,123.213,13370.3125,100,210,10001,"[0, 100000]","[0, 100000]",0,0,292,292
yolov8x_training,2678.005409,70,124.789,13370.3125,100,210,10001,"[0, 100000]","[0, 100000]",0,0,69287,21728
yolov8x_training,2679.213837,70,127.402,13370.3125,100,1222,10001,"[0, 100000]","[0, 100000]",0,0,7128,4492
yolov8x_training,2680.256614,70,128.747,13370.3125,100,210,10001,"[0, 100000]","[0, 100000]",0,0,2001,5615
yolov8x_training,2681.299430,70,123.692,13370.3125,100,210,10001,"[0, 100000]","[0, 100000]",0,0,1123,4052
yolov8x_training,2682.342226,70,123.998,13370.3125,97,210,10001,"[0, 100000]","[0, 100000]",0,0,1074,12890
yolov8x_training,2683.385044,70,123.396,13370.3125,98,210,10001,"[0, 100000]","[0, 100000]",0,0,1464,4980
yolov8x_training,2684.427880,70,122.665,13370.3125,98,210,10001,"[0, 100000]","[0, 100000]",0,0,1171,5712
yolov8x_training,2685.470671,70,124.021,13370.3125,96,210,10001,"[0, 100000]","[0, 100000]",0,0,1074,3955
yolov8x_training,2686.513443,70,122.872,13370.3125,97,210,10001,"[0, 100000]","[0, 100000]",0,0,927,4833
yolov8x_training,2687.556201,70,123.275,13370.3125,97,210,10001,"[0, 100000]","[0, 100000]",0,0,927,3857
yolov8x_training,2688.599026,70,124.397,13370.3125,97,210,10001,"[0, 100000]","[0, 100000]",0,0,1123,3857
yolov8x_training,2689.641910,70,124.362,13370.3125,100,210,10001,"[0, 100000]","[0, 100000]",0,0,488,2490
yolov8x_training,2690.684836,70,124.301,13370.3125,100,210,10001,"[0, 100000]","[0, 100000]",0,0,9521,292
yolov8x_training,2691.727875,70,125.160,13370.3125,100,210,10001,"[0, 100000]","[0, 100000]",0,0,3027,16601
yolov8x_training,2692.937391,71,125.413,13370.3125,100,210,10001,"[0, 100000]","[0, 100000]",0,0,3271,2539
yolov8x_training,2693.980201,70,124.942,13370.3125,100,210,10001,"[0, 100000]","[0, 100000]",0,0,1611,3955
yolov8x_training,2695.022941,71,122.840,13370.3125,100,225,10001,"[0, 100000]","[0, 100000]",0,0,1074,4882
yolov8x_training,2696.065727,71,125.580,13370.3125,100,210,10001,"[0, 100000]","[0, 100000]",0,0,1025,5468
yolov8x_training,2697.108444,70,123.108,13370.3125,100,225,10001,"[0, 100000]","[0, 100000]",0,0,2148,4785
yolov8x_training,2698.151189,70,123.906,13370.3125,100,210,10001,"[0, 100000]","[0, 100000]",0,0,1171,5664
yolov8x_training,2699.193952,70,124.337,13370.3125,100,210,10001,"[0, 100000]","[0, 100000]",0,0,878,3857
yolov8x_training,2700.236766,70,123.776,13370.3125,100,210,10001,"[0, 100000]","[0, 100000]",0,0,1025,4199
yolov8x_training,2701.279596,70,124.890,13370.3125,100,210,10001,"[0, 100000]","[0, 100000]",0,0,1025,3613
yolov8x_training,2702.322506,70,122.260,13370.3125,100,210,10001,"[0, 100000]","[0, 100000]",0,0,1025,3564
yolov8x_training,2703.365294,70,123.980,13370.3125,100,210,10001,"[0, 100000]","[0, 100000]",0,0,683,1464
yolov8x_training,2704.408152,70,124.727,13370.3125,100,210,10001,"[0, 100000]","[0, 100000]",0,0,341,292
yolov8x_training,2705.450804,70,123.711,13370.3125,100,210,10001,"[0, 100000]","[0, 100000]",0,0,4150,5419
yolov8x_training,2706.699199,70,126.862,13370.3125,100,210,10001,"[0, 100000]","[0, 100000]",0,0,9521,35839
yolov8x_training,2707.742325,70,128.665,13370.3125,100,210,10001,"[0, 100000]","[0, 100000]",0,0,1904,5419
yolov8x_training,2708.785079,70,127.259,13370.3125,100,210,10001,"[0, 100000]","[0, 100000]",0,0,976,3759
yolov8x_training,2709.827895,70,123.503,13370.3125,100,210,10001,"[0, 100000]","[0, 100000]",0,0,1220,4833
yolov8x_training,2710.870655,70,123.935,13370.3125,100,210,10001,"[0, 100000]","[0, 100000]",0,0,927,4931
yolov8x_training,2711.913375,70,124.017,13370.3125,100,210,10001,"[0, 100000]","[0, 100000]",0,0,1123,3613
yolov8x_training,2712.956182,70,123.222,13370.3125,100,210,10001,"[0, 100000]","[0, 100000]",0,0,1123,4101
yolov8x_training,2713.999009,70,121.578,13370.3125,100,210,10001,"[0, 100000]","[0, 100000]",0,0,1269,2392
yolov8x_training,2715.042160,70,123.453,13370.3125,100,210,10001,"[0, 100000]","[0, 100000]",0,0,927,2978
yolov8x_training,2716.085046,71,123.918,13370.3125,100,210,10001,"[0, 100000]","[0, 100000]",0,0,781,1269
yolov8x_training,2717.127912,70,124.926,13370.3125,96,210,10001,"[0, 100000]","[0, 100000]",0,0,341,292
yolov8x_training,2718.170680,70,125.832,13370.3125,75,210,10001,"[0, 100000]","[0, 100000]",0,0,292,292
yolov8x_training,2719.395823,70,125.660,13370.3125,17,210,10001,"[0, 100000]","[0, 100000]",0,0,9667,36718
yolov8x_training,2720.438841,70,124.544,13370.3125,15,210,10001,"[0, 100000]","[0, 100000]",0,0,878,10791
yolov8x_training,2721.481976,70,123.144,13370.3125,55,225,10001,"[0, 100000]","[0, 100000]",0,0,1025,4101
yolov8x_training,2722.524743,70,123.023,13370.3125,51,210,10001,"[0, 100000]","[0, 100000]",0,0,927,3271
yolov8x_training,2723.567519,70,121.518,13370.3125,71,210,10001,"[0, 100000]","[0, 100000]",0,0,1123,12500
yolov8x_training,2724.610268,70,120.442,13370.3125,99,210,10001,"[0, 100000]","[0, 100000]",0,0,1220,5419
yolov8x_training,2725.653000,71,124.972,13370.3125,100,210,10001,"[0, 100000]","[0, 100000]",0,0,1025,4150
yolov8x_training,2726.695746,71,123.396,13370.3125,100,210,10001,"[0, 100000]","[0, 100000]",0,0,1074,2148
yolov8x_training,2727.738513,71,122.047,13370.3125,100,225,10001,"[0, 100000]","[0, 100000]",0,0,927,3662
yolov8x_training,2728.781230,70,123.597,13370.3125,100,210,10001,"[0, 100000]","[0, 100000]",0,0,1074,2197
yolov8x_training,2729.823997,70,123.643,13370.3125,100,210,10001,"[0, 100000]","[0, 100000]",0,0,11132,46875
yolov8x_training,2730.866844,70,123.411,13370.3125,100,210,10001,"[0, 100000]","[0, 100000]",0,0,341,292
yolov8x_training,2731.909616,70,124.328,13370.3125,98,210,10001,"[0, 100000]","[0, 100000]",0,0,1123,6201
yolov8x_training,2733.121687,70,121.966,13370.3125,98,210,10001,"[0, 100000]","[0, 100000]",0,0,7421,49218
yolov8x_training,2734.164508,70,123.509,13370.3125,99,210,10001,"[0, 100000]","[0, 100000]",0,0,5224,3906
yolov8x_training,2735.207295,70,123.573,13370.3125,100,210,10001,"[0, 100000]","[0, 100000]",0,0,976,11083
yolov8x_training,2736.250074,70,123.287,13370.3125,98,210,10001,"[0, 100000]","[0, 100000]",0,0,1123,4003
yolov8x_training,2737.292827,70,124.142,13370.3125,97,210,10001,"[0, 100000]","[0, 100000]",0,0,1123,5712
yolov8x_training,2738.335614,70,124.205,13370.3125,98,210,10001,"[0, 100000]","[0, 100000]",0,0,1367,9033
yolov8x_training,2739.378447,70,122.998,13370.3125,98,210,10001,"[0, 100000]","[0, 100000]",0,0,976,5322
yolov8x_training,2740.421175,70,124.377,13370.3125,98,210,10001,"[0, 100000]","[0, 100000]",0,0,1025,4101
yolov8x_training,2741.463972,70,122.370,13370.3125,98,210,10001,"[0, 100000]","[0, 100000]",0,0,1074,3955
yolov8x_training,2742.506700,70,123.064,13370.3125,96,210,10001,"[0, 100000]","[0, 100000]",0,0,878,3955
yolov8x_training,2743.549516,70,124.298,13370.3125,96,210,10001,"[0, 100000]","[0, 100000]",0,0,830,3173
yolov8x_training,2744.592394,70,124.109,13370.3125,100,210,10001,"[0, 100000]","[0, 100000]",0,0,1074,1074
yolov8x_training,2745.635279,70,125.505,13370.3125,100,210,10001,"[0, 100000]","[0, 100000]",0,0,11425,292
yolov8x_training,2746.678350,70,122.968,13370.3125,100,210,10001,"[0, 100000]","[0, 100000]",0,0,341,292
yolov8x_training,2747.721033,70,122.988,13370.3125,98,210,10001,"[0, 100000]","[0, 100000]",0,0,341,292
yolov8x_training,2748.946829,71,124.932,13370.3125,100,210,10001,"[0, 100000]","[0, 100000]",0,0,9326,39746
yolov8x_training,2749.989751,71,125.017,13370.3125,100,210,10001,"[0, 100000]","[0, 100000]",0,0,1220,6396
yolov8x_training,2751.032520,71,123.911,13370.3125,100,210,10001,"[0, 100000]","[0, 100000]",0,0,1660,5517
yolov8x_training,2752.075219,71,125.258,13370.3125,100,240,10001,"[0, 100000]","[0, 100000]",0,0,976,3906
yolov8x_training,2753.117953,70,124.830,13370.3125,100,210,10001,"[0, 100000]","[0, 100000]",0,0,1562,8105
yolov8x_training,2754.160670,70,122.598,13370.3125,100,240,10001,"[0, 100000]","[0, 100000]",0,0,1708,4589
yolov8x_training,2755.203527,70,123.564,13370.3125,100,210,10001,"[0, 100000]","[0, 100000]",0,0,1220,4199
yolov8x_training,2756.246239,70,124.035,13370.3125,100,210,10001,"[0, 100000]","[0, 100000]",0,0,927,4541
yolov8x_training,2757.288903,70,124.242,13370.3125,100,210,10001,"[0, 100000]","[0, 100000]",0,0,683,3710
yolov8x_training,2758.331722,70,125.040,13370.3125,100,210,10001,"[0, 100000]","[0, 100000]",0,0,1025,3125
yolov8x_training,2759.374471,70,125.054,13370.3125,100,210,10001,"[0, 100000]","[0, 100000]",0,0,585,2441
yolov8x_training,2760.417237,70,123.595,13370.3125,100,210,10001,"[0, 100000]","[0, 100000]",0,0,341,292
yolov8x_training,2761.459825,70,124.371,13370.3125,100,210,10001,"[0, 100000]","[0, 100000]",0,0,89794,14648
yolov8x_training,2762.503293,70,123.427,13370.3125,100,225,10001,"[0, 100000]","[0, 100000]",0,0,1367,61767
yolov8x_training,2763.710171,70,125.919,13370.3125,100,210,10001,"[0, 100000]","[0, 100000]",0,0,10107,14453
yolov8x_training,2764.752900,70,127.030,13370.3125,100,210,10001,"[0, 100000]","[0, 100000]",0,0,2099,6347
yolov8x_training,2765.795686,70,127.150,13370.3125,100,210,10001,"[0, 100000]","[0, 100000]",0,0,1806,5419
yolov8x_training,2766.838423,71,126.242,13370.3125,100,210,10001,"[0, 100000]","[0, 100000]",0,0,1123,3564
yolov8x_training,2767.881414,71,125.850,13370.3125,100,210,10001,"[0, 100000]","[0, 100000]",0,0,878,4443
yolov8x_training,2768.924110,71,125.636,13370.3125,100,210,10001,"[0, 100000]","[0, 100000]",0,0,1171,4687
yolov8x_training,2769.967476,70,126.130,13370.3125,100,210,10001,"[0, 100000]","[0, 100000]",0,0,1074,6201
yolov8x_training,2771.010519,70,124.252,13370.3125,100,210,10001,"[0, 100000]","[0, 100000]",0,0,2343,4248
yolov8x_training,2772.053391,70,125.042,13370.3125,100,210,10001,"[0, 100000]","[0, 100000]",0,0,1074,3662
yolov8x_training,2773.096169,71,127.320,13370.3125,100,210,10001,"[0, 100000]","[0, 100000]",0,0,1025,4785
yolov8x_training,2774.138966,71,124.241,13370.3125,100,225,10001,"[0, 100000]","[0, 100000]",0,0,878,3271
yolov8x_training,2775.181736,70,123.823,13370.3125,100,210,10001,"[0, 100000]","[0, 100000]",0,0,1025,2392
yolov8x_training,2776.224519,70,122.360,13370.3125,100,210,10001,"[0, 100000]","[0, 100000]",0,0,585,2343
yolov8x_training,2777.267276,70,122.899,13370.3125,100,210,10001,"[0, 100000]","[0, 100000]",0,0,10546,292
yolov8x_training,2778.310227,70,123.205,13370.3125,100,210,10001,"[0, 100000]","[0, 100000]",0,0,341,292
yolov8x_training,2779.352851,69,125.117,13370.3125,100,210,10001,"[0, 100000]","[0, 100000]",0,0,1123,4736
yolov8x_training,2780.572694,69,123.487,13370.3125,100,210,10001,"[0, 100000]","[0, 100000]",0,0,1318,8398
yolov8x_training,2781.615452,69,124.966,13370.3125,100,210,10001,"[0, 100000]","[0, 100000]",0,0,1464,3515
yolov8x_training,2782.658248,69,121.467,13370.3125,100,210,10001,"[0, 100000]","[0, 100000]",0,0,1269,8447
yolov8x_training,2783.700939,69,123.105,13370.3125,100,225,10001,"[0, 100000]","[0, 100000]",0,0,927,4199
yolov8x_training,2784.743683,69,123.211,13370.3125,100,330,10001,"[0, 100000]","[0, 100000]",0,0,1513,9912
yolov8x_training,2785.787757,69,122.986,13370.3125,100,210,10001,"[0, 100000]","[0, 100000]",0,0,1708,4052
yolov8x_training,2786.830737,70,122.160,13370.3125,37,210,10001,"[0, 100000]","[0, 100000]",0,0,1220,5664
yolov8x_training,2787.873403,70,123.976,13370.3125,37,375,10001,"[0, 100000]","[0, 100000]",0,0,1074,3515
yolov8x_training,2788.916130,70,123.929,13370.3125,20,210,10001,"[0, 100000]","[0, 100000]",0,0,878,3271
yolov8x_training,2789.958925,70,123.418,13370.3125,27,345,10001,"[0, 100000]","[0, 100000]",0,0,878,3613
yolov8x_training,2791.001740,70,123.730,13370.3125,34,225,10001,"[0, 100000]","[0, 100000]",0,0,1074,1074
yolov8x_training,2792.044555,70,125.074,13370.3125,77,240,10001,"[0, 100000]","[0, 100000]",0,0,341,292
yolov8x_training,2793.087143,70,123.976,13370.3125,100,210,10001,"[0, 100000]","[0, 100000]",0,0,341,1040820
yolov8x_training,2794.272263,70,126.390,13370.3125,100,735,10001,"[0, 100000]","[0, 100000]",0,0,9179,39794
yolov8x_training,2795.315041,70,127.531,13370.3125,100,1087,10001,"[0, 100000]","[0, 100000]",0,0,1611,3906
yolov8x_training,2796.357797,70,127.333,13370.3125,100,2415,10001,"[0, 100000]","[0, 100000]",0,0,1953,5468
yolov8x_training,2797.400503,71,124.197,13370.3125,100,2100,10001,"[0, 100000]","[0, 100000]",0,0,1074,3857
yolov8x_training,2798.443385,70,128.554,13370.3125,100,2295,10001,"[0, 100000]","[0, 100000]",0,0,976,4980
yolov8x_training,2799.486239,70,126.495,13370.3125,100,240,10001,"[0, 100000]","[0, 100000]",0,0,1123,5712
yolov8x_training,2800.529014,70,122.563,13370.3125,100,2445,10001,"[0, 100000]","[0, 100000]",0,0,2001,6054
yolov8x_training,2801.571768,70,123.750,13370.3125,100,210,10001,"[0, 100000]","[0, 100000]",0,0,927,4931
yolov8x_training,2802.614445,70,128.312,13370.3125,100,210,10001,"[0, 100000]","[0, 100000]",0,0,976,4003
yolov8x_training,2803.657289,70,124.128,13370.3125,96,210,10001,"[0, 100000]","[0, 100000]",0,0,1123,2343
yolov8x_training,2804.700061,70,123.235,13370.3125,97,225,10001,"[0, 100000]","[0, 100000]",0,0,1025,3417
yolov8x_training,2805.742811,70,123.850,13370.3125,98,210,10001,"[0, 100000]","[0, 100000]",0,0,1025,1757
yolov8x_training,2806.785568,70,124.555,13370.3125,98,210,10001,"[0, 100000]","[0, 100000]",0,0,341,341
yolov8x_training,2807.828139,70,124.531,13370.3125,100,210,10001,"[0, 100000]","[0, 100000]",0,0,2636,10058
yolov8x_training,2808.870892,70,124.447,13370.3125,100,210,10001,"[0, 100000]","[0, 100000]",0,0,2441,63183
yolov8x_training,2810.080449,69,124.846,13370.3125,100,210,10001,"[0, 100000]","[0, 100000]",0,0,9619,10058
yolov8x_training,2811.123364,69,123.166,13370.3125,100,210,10001,"[0, 100000]","[0, 100000]",0,0,1611,6298
yolov8x_training,2812.166092,69,121.526,13370.3125,100,210,10001,"[0, 100000]","[0, 100000]",0,0,1220,5126
yolov8x_training,2813.208988,69,123.815,13370.3125,100,210,10001,"[0, 100000]","[0, 100000]",0,0,976,3955
yolov8x_training,2814.251734,69,122.434,13370.3125,100,210,10001,"[0, 100000]","[0, 100000]",0,0,1123,8935
yolov8x_training,2815.294437,70,121.566,13370.3125,100,225,10001,"[0, 100000]","[0, 100000]",0,0,2099,4492
yolov8x_training,2816.337194,70,123.524,13370.3125,100,375,10001,"[0, 100000]","[0, 100000]",0,0,1220,4296
yolov8x_training,2817.380105,70,123.196,13370.3125,100,210,10001,"[0, 100000]","[0, 100000]",0,0,927,3027
yolov8x_training,2818.422853,70,123.418,13370.3125,100,345,10001,"[0, 100000]","[0, 100000]",0,0,1123,4101
yolov8x_training,2819.465648,71,123.939,13370.3125,100,210,10001,"[0, 100000]","[0, 100000]",0,0,1025,3417
yolov8x_training,2820.508425,70,121.302,13370.3125,100,360,10001,"[0, 100000]","[0, 100000]",0,0,1025,3466
yolov8x_training,2821.551299,70,123.477,13370.3125,100,210,10001,"[0, 100000]","[0, 100000]",0,0,1025,3515
yolov8x_training,2822.594130,70,123.984,13370.3125,100,210,10001,"[0, 100000]","[0, 100000]",0,0,585,2587
yolov8x_training,2823.636930,70,123.722,13370.3125,100,210,10001,"[0, 100000]","[0, 100000]",0,0,341,292
yolov8x_training,2824.679507,70,124.489,13370.3125,100,210,10001,"[0, 100000]","[0, 100000]",0,0,341,292
yolov8x_training,2825.722068,71,125.012,13370.3125,100,210,10001,"[0, 100000]","[0, 100000]",0,0,1171,4150
yolov8x_training,2826.910364,71,123.698,13370.3125,100,210,10001,"[0, 100000]","[0, 100000]",0,0,6884,51367
yolov8x_training,2827.953167,70,122.963,13370.3125,100,210,10001,"[0, 100000]","[0, 100000]",0,0,1855,8154
yolov8x_training,2828.995912,70,121.960,13370.3125,100,210,10001,"[0, 100000]","[0, 100000]",0,0,878,9619
yolov8x_training,2830.038795,71,121.347,13370.3125,100,225,10001,"[0, 100000]","[0, 100000]",0,0,976,4101
yolov8x_training,2831.081605,70,120.327,13370.3125,100,210,10001,"[0, 100000]","[0, 100000]",0,0,927,4980
yolov8x_training,2832.124436,70,118.309,13370.3125,100,210,10001,"[0, 100000]","[0, 100000]",0,0,1318,5273
yolov8x_training,2833.167146,70,124.244,13370.3125,100,225,10001,"[0, 100000]","[0, 100000]",0,0,1074,4980
yolov8x_training,2834.209818,70,124.699,13370.3125,100,210,10001,"[0, 100000]","[0, 100000]",0,0,976,4101
yolov8x_training,2835.252636,70,122.923,13370.3125,100,210,10001,"[0, 100000]","[0, 100000]",0,0,1025,4199
yolov8x_training,2836.295392,70,124.626,13370.3125,100,210,10001,"[0, 100000]","[0, 100000]",0,0,976,3710
yolov8x_training,2837.338183,70,122.704,13370.3125,100,210,10001,"[0, 100000]","[0, 100000]",0,0,927,3417
yolov8x_training,2838.380928,70,123.066,13370.3125,100,210,10001,"[0, 100000]","[0, 100000]",0,0,1074,2392
yolov8x_training,2839.423826,70,123.900,13370.3125,100,210,10001,"[0, 100000]","[0, 100000]",0,0,830,390
yolov8x_training,2840.466649,70,123.020,13370.3125,100,210,10001,"[0, 100000]","[0, 100000]",0,0,341,292
yolov8x_training,2841.509274,70,122.309,13370.3125,100,210,10001,"[0, 100000]","[0, 100000]",0,0,341,341
yolov8x_training,2842.726471,70,127.412,13370.3125,100,2295,10001,"[0, 100000]","[0, 100000]",0,0,9765,36962
yolov8x_training,2843.769290,70,128.697,13370.3125,100,210,10001,"[0, 100000]","[0, 100000]",0,0,1806,3710
yolov8x_training,2844.812048,70,124.116,13370.3125,100,210,10001,"[0, 100000]","[0, 100000]",0,0,1855,5859
yolov8x_training,2845.854841,70,124.867,13370.3125,100,210,10001,"[0, 100000]","[0, 100000]",0,0,976,4003
yolov8x_training,2846.897622,70,123.350,13370.3125,100,210,10001,"[0, 100000]","[0, 100000]",0,0,1025,12451
yolov8x_training,2847.940569,71,124.085,13370.3125,100,210,10001,"[0, 100000]","[0, 100000]",0,0,1220,5371
yolov8x_training,2848.983348,70,122.509,13370.3125,100,210,10001,"[0, 100000]","[0, 100000]",0,0,1025,4052
yolov8x_training,2850.026216,70,123.095,13370.3125,100,210,10001,"[0, 100000]","[0, 100000]",0,0,1025,3662
yolov8x_training,2851.069200,70,122.629,13370.3125,100,225,10001,"[0, 100000]","[0, 100000]",0,0,976,4296
yolov8x_training,2852.111891,71,123.893,13370.3125,100,210,10001,"[0, 100000]","[0, 100000]",0,0,976,4003
yolov8x_training,2853.154703,70,122.434,13370.3125,100,210,10001,"[0, 100000]","[0, 100000]",0,0,830,3320
yolov8x_training,2854.197518,71,124.213,13370.3125,100,210,10001,"[0, 100000]","[0, 100000]",0,0,1025,1074
yolov8x_training,2855.240294,70,124.864,13370.3125,100,210,10001,"[0, 100000]","[0, 100000]",0,0,341,292
yolov8x_training,2856.283053,70,122.837,13370.3125,100,210,10001,"[0, 100000]","[0, 100000]",0,0,341,341
yolov8x_training,2857.325651,70,124.715,13370.3125,100,210,10001,"[0, 100000]","[0, 100000]",0,0,4296,63525
yolov8x_training,2858.538294,69,125.513,13370.3125,65,210,10001,"[0, 100000]","[0, 100000]",0,0,5371,3808
yolov8x_training,2859.581113,69,123.362,13370.3125,71,210,10001,"[0, 100000]","[0, 100000]",0,0,1220,6884
yolov8x_training,2860.623904,69,123.031,13370.3125,100,210,10001,"[0, 100000]","[0, 100000]",0,0,878,9375
yolov8x_training,2861.666905,69,122.845,13370.3125,93,210,10001,"[0, 100000]","[0, 100000]",0,0,1171,4443
yolov8x_training,2862.709851,69,121.418,13370.3125,93,210,10001,"[0, 100000]","[0, 100000]",0,0,976,3906
yolov8x_training,2863.752756,69,122.388,13370.3125,98,225,10001,"[0, 100000]","[0, 100000]",0,0,976,5273
yolov8x_training,2864.795513,70,121.670,13370.3125,100,210,10001,"[0, 100000]","[0, 100000]",0,0,1074,4687
yolov8x_training,2865.838226,70,123.532,13370.3125,100,240,10001,"[0, 100000]","[0, 100000]",0,0,1025,5126
yolov8x_training,2866.880976,70,123.312,13370.3125,98,315,10001,"[0, 100000]","[0, 100000]",0,0,976,3857
yolov8x_training,2867.923753,70,121.340,13370.3125,55,300,10001,"[0, 100000]","[0, 100000]",0,0,976,4345
yolov8x_training,2868.966518,70,122.558,13370.3125,87,210,10001,"[0, 100000]","[0, 100000]",0,0,1074,3662
yolov8x_training,2870.009290,71,123.243,13370.3125,83,255,10001,"[0, 100000]","[0, 100000]",0,0,878,3906
yolov8x_training,2871.052157,70,122.275,13370.3125,55,210,10001,"[0, 100000]","[0, 100000]",0,0,1025,2880
yolov8x_training,2872.095018,71,123.801,13370.3125,36,210,10001,"[0, 100000]","[0, 100000]",0,0,7861,68994
yolov8x_training,2873.137785,70,122.077,13370.3125,27,210,10001,"[0, 100000]","[0, 100000]",0,0,341,292
yolov8x_training,2874.180287,70,123.928,13370.3125,18,210,10001,"[0, 100000]","[0, 100000]",0,0,3857,6542
yolov8x_training,2875.391787,71,121.876,13370.3125,59,210,10001,"[0, 100000]","[0, 100000]",0,0,5517,4052
yolov8x_training,2876.434729,71,121.901,13370.3125,61,210,10001,"[0, 100000]","[0, 100000]",0,0,1660,2343
yolov8x_training,2877.477527,70,120.256,13370.3125,87,210,10001,"[0, 100000]","[0, 100000]",0,0,2099,6396
yolov8x_training,2878.520460,71,119.638,13370.3125,73,210,10001,"[0, 100000]","[0, 100000]",0,0,976,4394
yolov8x_training,2879.563162,70,120.391,13370.3125,97,210,10001,"[0, 100000]","[0, 100000]",0,0,1123,12988
yolov8x_training,2880.605975,70,120.309,13370.3125,100,210,10001,"[0, 100000]","[0, 100000]",0,0,1123,10058
yolov8x_training,2881.648803,70,123.897,13370.3125,100,210,10001,"[0, 100000]","[0, 100000]",0,0,1171,5712
yolov8x_training,2882.691553,70,122.917,13370.3125,100,210,10001,"[0, 100000]","[0, 100000]",0,0,878,3857
yolov8x_training,2883.734350,71,124.378,13370.3125,100,210,10001,"[0, 100000]","[0, 100000]",0,0,1025,4248
yolov8x_training,2884.777160,70,123.338,13370.3125,100,210,10001,"[0, 100000]","[0, 100000]",0,0,781,3417
yolov8x_training,2885.820079,70,124.009,13370.3125,100,210,10001,"[0, 100000]","[0, 100000]",0,0,1025,3857
yolov8x_training,2886.862958,70,122.707,13370.3125,100,225,10001,"[0, 100000]","[0, 100000]",0,0,585,2441
yolov8x_training,2887.905773,70,122.390,13370.3125,100,210,10001,"[0, 100000]","[0, 100000]",0,0,5126,94433
yolov8x_training,2888.949964,70,123.277,13370.3125,100,210,10001,"[0, 100000]","[0, 100000]",0,0,292,292
yolov8x_training,2889.992592,70,122.721,13370.3125,100,210,10001,"[0, 100000]","[0, 100000]",0,0,4199,51611
yolov8x_training,2891.210415,70,126.558,13370.3125,99,210,10001,"[0, 100000]","[0, 100000]",0,0,9814,9130
yolov8x_training,2892.253245,70,124.515,13370.3125,100,210,10001,"[0, 100000]","[0, 100000]",0,0,1660,4833
yolov8x_training,2893.296040,70,122.633,13370.3125,100,210,10001,"[0, 100000]","[0, 100000]",0,0,1708,6298
yolov8x_training,2894.338814,70,124.181,13370.3125,96,210,10001,"[0, 100000]","[0, 100000]",0,0,976,3662
yolov8x_training,2895.381792,70,124.349,13370.3125,97,210,10001,"[0, 100000]","[0, 100000]",0,0,1123,12988
yolov8x_training,2896.424702,71,121.967,13370.3125,100,210,10001,"[0, 100000]","[0, 100000]",0,0,1074,10888
yolov8x_training,2897.467588,71,123.108,13370.3125,98,210,10001,"[0, 100000]","[0, 100000]",0,0,1220,5517
yolov8x_training,2898.510272,70,124.286,13370.3125,98,210,10001,"[0, 100000]","[0, 100000]",0,0,976,4541
yolov8x_training,2899.552984,70,123.810,13370.3125,97,210,10001,"[0, 100000]","[0, 100000]",0,0,1123,2343
yolov8x_training,2900.595732,70,122.878,13370.3125,100,210,10001,"[0, 100000]","[0, 100000]",0,0,878,3564
yolov8x_training,2901.638510,71,123.035,13370.3125,100,210,10001,"[0, 100000]","[0, 100000]",0,0,976,1123
yolov8x_training,2902.681358,70,124.723,13370.3125,100,210,10001,"[0, 100000]","[0, 100000]",0,0,341,292
yolov8x_training,2903.724000,70,124.097,13370.3125,100,210,10001,"[0, 100000]","[0, 100000]",0,0,62500,155664
yolov8x_training,2904.766841,70,124.064,13370.3125,100,210,10001,"[0, 100000]","[0, 100000]",0,0,1220,4443
yolov8x_training,2905.990380,71,123.398,13370.3125,100,210,10001,"[0, 100000]","[0, 100000]",0,0,5273,4394
yolov8x_training,2907.033118,71,123.715,13370.3125,100,210,10001,"[0, 100000]","[0, 100000]",0,0,2099,5908
yolov8x_training,2908.076062,70,124.858,13370.3125,100,210,10001,"[0, 100000]","[0, 100000]",0,0,1123,4199
yolov8x_training,2909.118737,71,123.448,13370.3125,100,255,10001,"[0, 100000]","[0, 100000]",0,0,1220,5615
yolov8x_training,2910.161741,70,122.322,13370.3125,100,255,10001,"[0, 100000]","[0, 100000]",0,0,1123,11767
yolov8x_training,2911.204522,70,124.235,13370.3125,100,210,10001,"[0, 100000]","[0, 100000]",0,0,1269,3417
yolov8x_training,2912.247250,71,124.845,13370.3125,100,210,10001,"[0, 100000]","[0, 100000]",0,0,976,3173
yolov8x_training,2913.289976,70,124.372,13370.3125,100,210,10001,"[0, 100000]","[0, 100000]",0,0,781,3369
yolov8x_training,2914.332731,70,122.708,13370.3125,100,210,10001,"[0, 100000]","[0, 100000]",0,0,1025,3466
yolov8x_training,2915.375510,70,123.109,13370.3125,100,210,10001,"[0, 100000]","[0, 100000]",0,0,1123,390
yolov8x_training,2916.418216,70,123.817,13370.3125,100,210,10001,"[0, 100000]","[0, 100000]",0,0,878,585
yolov8x_training,2917.461091,70,123.944,13370.3125,100,225,10001,"[0, 100000]","[0, 100000]",0,0,341,292
yolov8x_training,2918.503742,70,123.187,13370.3125,100,210,10001,"[0, 100000]","[0, 100000]",0,0,1367,62695
yolov8x_training,2919.741388,70,126.169,13370.3125,100,210,10001,"[0, 100000]","[0, 100000]",0,0,9667,36328
yolov8x_training,2920.784247,70,126.825,13370.3125,100,210,10001,"[0, 100000]","[0, 100000]",0,0,1464,4199
yolov8x_training,2921.827006,70,127.688,13370.3125,100,210,10001,"[0, 100000]","[0, 100000]",0,0,1171,4003
yolov8x_training,2922.869760,70,127.099,13370.3125,100,210,10001,"[0, 100000]","[0, 100000]",0,0,1025,4736
yolov8x_training,2923.912524,71,124.136,13370.3125,100,210,10001,"[0, 100000]","[0, 100000]",0,0,1416,7910
yolov8x_training,2924.955321,70,123.427,13370.3125,100,210,10001,"[0, 100000]","[0, 100000]",0,0,1220,4199
yolov8x_training,2925.998119,71,124.190,13370.3125,100,210,10001,"[0, 100000]","[0, 100000]",0,0,1025,4101
yolov8x_training,2927.040892,70,122.850,13370.3125,100,210,10001,"[0, 100000]","[0, 100000]",0,0,878,3466
yolov8x_training,2928.083733,71,122.072,13370.3125,100,210,10001,"[0, 100000]","[0, 100000]",0,0,781,3271
yolov8x_training,2929.126718,71,122.772,13370.3125,100,210,10001,"[0, 100000]","[0, 100000]",0,0,1123,3662
yolov8x_training,2930.169555,70,123.850,13370.3125,100,210,10001,"[0, 100000]","[0, 100000]",0,0,585,2148
yolov8x_training,2931.212347,70,122.718,13370.3125,100,210,10001,"[0, 100000]","[0, 100000]",0,0,5322,90869
yolov8x_training,2932.255578,70,123.069,13370.3125,100,210,10001,"[0, 100000]","[0, 100000]",0,0,341,341
yolov8x_training,2933.298128,70,124.206,13370.3125,100,210,10001,"[0, 100000]","[0, 100000]",0,0,4052,6396
yolov8x_training,2934.515659,71,125.172,13370.3125,77,210,10001,"[0, 100000]","[0, 100000]",0,0,1708,2392
yolov8x_training,2935.558398,71,125.675,13370.3125,63,210,10001,"[0, 100000]","[0, 100000]",0,0,1123,4980
yolov8x_training,2936.601127,70,125.481,13370.3125,22,255,10001,"[0, 100000]","[0, 100000]",0,0,1074,3417
yolov8x_training,2937.643927,71,124.430,13370.3125,20,210,10001,"[0, 100000]","[0, 100000]",0,0,1562,8789
yolov8x_training,2938.686667,71,124.761,13370.3125,55,210,10001,"[0, 100000]","[0, 100000]",0,0,1220,3417
yolov8x_training,2939.729393,70,123.507,13370.3125,70,225,10001,"[0, 100000]","[0, 100000]",0,0,781,3808
yolov8x_training,2940.772123,70,122.902,13370.3125,83,210,10001,"[0, 100000]","[0, 100000]",0,0,1074,3466
yolov8x_training,2941.814823,71,122.438,13370.3125,86,225,10001,"[0, 100000]","[0, 100000]",0,0,976,4638
yolov8x_training,2942.857590,71,124.841,13370.3125,73,210,10001,"[0, 100000]","[0, 100000]",0,0,1074,3515
yolov8x_training,2943.900374,70,122.755,13370.3125,67,210,10001,"[0, 100000]","[0, 100000]",0,0,976,3564
yolov8x_training,2944.943122,71,122.812,13370.3125,67,210,10001,"[0, 100000]","[0, 100000]",0,0,1123,3759
yolov8x_training,2945.985631,71,124.550,13370.3125,55,210,10001,"[0, 100000]","[0, 100000]",0,0,927,292
yolov8x_training,2947.028283,71,123.443,13370.3125,88,210,10001,"[0, 100000]","[0, 100000]",0,0,4638,341
yolov8x_training,2948.070956,70,124.102,13370.3125,61,330,10001,"[0, 100000]","[0, 100000]",0,0,89941,11865
yolov8x_training,2949.113954,70,123.155,13370.3125,100,720,10001,"[0, 100000]","[0, 100000]",0,0,1123,5322
yolov8x_training,2950.345160,70,118.787,13370.3125,100,585,10001,"[0, 100000]","[0, 100000]",0,0,9423,37597
yolov8x_training,2951.388035,71,120.283,13370.3125,51,210,10001,"[0, 100000]","[0, 100000]",0,0,5419,3662
yolov8x_training,2952.430866,70,121.228,13370.3125,81,210,10001,"[0, 100000]","[0, 100000]",0,0,878,11523
yolov8x_training,2953.473729,71,119.628,13370.3125,80,210,10001,"[0, 100000]","[0, 100000]",0,0,1074,3515
yolov8x_training,2954.516465,70,121.110,13370.3125,100,960,10001,"[0, 100000]","[0, 100000]",0,0,1123,5566
yolov8x_training,2955.559280,70,119.235,13370.3125,100,210,10001,"[0, 100000]","[0, 100000]",0,0,1025,4687
yolov8x_training,2956.602026,70,118.528,13370.3125,97,210,10001,"[0, 100000]","[0, 100000]",0,0,1123,4785
yolov8x_training,2957.644798,70,124.828,13370.3125,100,225,10001,"[0, 100000]","[0, 100000]",0,0,976,3955
yolov8x_training,2958.687533,70,122.699,13370.3125,100,210,10001,"[0, 100000]","[0, 100000]",0,0,927,4492
yolov8x_training,2959.730199,70,122.371,13370.3125,100,210,10001,"[0, 100000]","[0, 100000]",0,0,976,3222
yolov8x_training,2960.772931,71,122.785,13370.3125,100,210,10001,"[0, 100000]","[0, 100000]",0,0,1123,4101
yolov8x_training,2961.815704,70,125.052,13370.3125,100,210,10001,"[0, 100000]","[0, 100000]",0,0,1025,3613
yolov8x_training,2962.858604,70,123.789,13370.3125,100,210,10001,"[0, 100000]","[0, 100000]",0,0,683,4150
yolov8x_training,2963.901440,70,123.431,13370.3125,100,210,10001,"[0, 100000]","[0, 100000]",0,0,341,292
yolov8x_training,2964.944069,70,121.997,13370.3125,100,210,10001,"[0, 100000]","[0, 100000]",0,0,341,292
yolov8x_training,2965.986662,70,123.269,13370.3125,100,210,10001,"[0, 100000]","[0, 100000]",0,0,927,6787
yolov8x_training,2967.203677,70,123.986,13370.3125,100,210,10001,"[0, 100000]","[0, 100000]",0,0,9179,39111
yolov8x_training,2968.246418,70,127.598,13370.3125,100,210,10001,"[0, 100000]","[0, 100000]",0,0,1855,5761
yolov8x_training,2969.289146,70,125.671,13370.3125,100,210,10001,"[0, 100000]","[0, 100000]",0,0,1171,3515
yolov8x_training,2970.332072,70,124.298,13370.3125,97,210,10001,"[0, 100000]","[0, 100000]",0,0,1220,5615
yolov8x_training,2971.374802,71,122.770,13370.3125,100,210,10001,"[0, 100000]","[0, 100000]",0,0,1025,4589
yolov8x_training,2972.417597,71,122.879,13370.3125,99,210,10001,"[0, 100000]","[0, 100000]",0,0,2294,4052
yolov8x_training,2973.460523,71,123.537,13370.3125,97,210,10001,"[0, 100000]","[0, 100000]",0,0,1220,4589
yolov8x_training,2974.503358,71,123.135,13370.3125,97,210,10001,"[0, 100000]","[0, 100000]",0,0,1074,3564
yolov8x_training,2975.546127,71,122.550,13370.3125,100,210,10001,"[0, 100000]","[0, 100000]",0,0,927,3710
yolov8x_training,2976.588896,71,123.906,13370.3125,97,210,10001,"[0, 100000]","[0, 100000]",0,0,1074,2246
yolov8x_training,2977.631700,71,123.150,13370.3125,97,210,10001,"[0, 100000]","[0, 100000]",0,0,1025,3417
yolov8x_training,2978.674554,71,122.843,13370.3125,97,210,10001,"[0, 100000]","[0, 100000]",0,0,1074,537
yolov8x_training,2979.717330,70,123.488,13370.3125,97,210,10001,"[0, 100000]","[0, 100000]",0,0,683,2001
yolov8x_training,2980.760172,70,123.622,13370.3125,97,210,10001,"[0, 100000]","[0, 100000]",0,0,341,341
yolov8x_training,2981.802707,71,124.689,13370.3125,97,210,10001,"[0, 100000]","[0, 100000]",0,0,3710,7373
yolov8x_training,2983.023449,71,124.453,13370.3125,100,210,10001,"[0, 100000]","[0, 100000]",0,0,9570,22949
yolov8x_training,2984.066225,71,125.116,13370.3125,100,210,10001,"[0, 100000]","[0, 100000]",0,0,2148,6542
yolov8x_training,2985.109179,71,125.250,13370.3125,100,210,10001,"[0, 100000]","[0, 100000]",0,0,1318,4345
yolov8x_training,2986.152368,71,123.383,13370.3125,100,255,10001,"[0, 100000]","[0, 100000]",0,0,1025,5371
yolov8x_training,2987.195084,71,122.329,13370.3125,100,345,10001,"[0, 100000]","[0, 100000]",0,0,1123,4882
yolov8x_training,2988.238062,71,123.417,13370.3125,100,255,10001,"[0, 100000]","[0, 100000]",0,0,1220,4833
yolov8x_training,2989.280830,71,124.868,13370.3125,100,210,10001,"[0, 100000]","[0, 100000]",0,0,1025,3808
yolov8x_training,2990.323612,71,123.886,13370.3125,100,210,10001,"[0, 100000]","[0, 100000]",0,0,1074,2099
yolov8x_training,2991.366444,70,122.295,13370.3125,100,210,10001,"[0, 100000]","[0, 100000]",0,0,1123,2050
yolov8x_training,2992.409197,71,121.832,13370.3125,100,255,10001,"[0, 100000]","[0, 100000]",0,0,927,3662
yolov8x_training,2993.451950,71,124.338,13370.3125,100,210,10001,"[0, 100000]","[0, 100000]",0,0,1074,2685
yolov8x_training,2994.494891,71,122.525,13370.3125,100,210,10001,"[0, 100000]","[0, 100000]",0,0,488,2880
yolov8x_training,2995.537871,71,122.397,13370.3125,100,255,10001,"[0, 100000]","[0, 100000]",0,0,683,2246
yolov8x_training,2996.580704,71,122.659,13370.3125,100,210,10001,"[0, 100000]","[0, 100000]",0,0,390,292
yolov8x_training,2997.623291,70,124.711,13370.3125,100,255,10001,"[0, 100000]","[0, 100000]",0,0,2587,5371
yolov8x_training,2998.666524,71,123.184,13370.3125,100,210,10001,"[0, 100000]","[0, 100000]",0,0,89697,12841
yolov8x_training,2999.709498,71,123.005,13370.3125,100,210,10001,"[0, 100000]","[0, 100000]",0,0,1220,4003
yolov8x_training,3000.899506,71,122.924,13370.3125,100,210,10001,"[0, 100000]","[0, 100000]",0,0,6347,53125
yolov8x_training,3001.942301,71,125.916,13370.3125,100,210,10001,"[0, 100000]","[0, 100000]",0,0,781,11328
yolov8x_training,3002.985452,71,124.118,13370.3125,100,210,10001,"[0, 100000]","[0, 100000]",0,0,1611,5419
yolov8x_training,3004.028244,71,123.092,13370.3125,100,210,10001,"[0, 100000]","[0, 100000]",0,0,1171,4052
yolov8x_training,3005.070982,71,123.820,13370.3125,100,210,10001,"[0, 100000]","[0, 100000]",0,0,1074,5419
yolov8x_training,3006.113726,71,122.954,13370.3125,100,210,10001,"[0, 100000]","[0, 100000]",0,0,1025,5566
yolov8x_training,3007.156438,71,124.808,13370.3125,100,210,10001,"[0, 100000]","[0, 100000]",0,0,1171,3027
yolov8x_training,3008.199222,70,124.828,13370.3125,100,225,10001,"[0, 100000]","[0, 100000]",0,0,1025,4199
yolov8x_training,3009.242005,70,123.065,13370.3125,100,225,10001,"[0, 100000]","[0, 100000]",0,0,1269,2587
yolov8x_training,3010.285100,71,123.575,13370.3125,100,210,10001,"[0, 100000]","[0, 100000]",0,0,1025,3417
yolov8x_training,3011.327848,70,123.055,13370.3125,100,210,10001,"[0, 100000]","[0, 100000]",0,0,976,3466
yolov8x_training,3012.370716,71,122.873,13370.3125,100,210,10001,"[0, 100000]","[0, 100000]",0,0,1025,2343
yolov8x_training,3013.413521,70,124.032,13370.3125,100,225,10001,"[0, 100000]","[0, 100000]",0,0,634,292
yolov8x_training,3014.456285,70,123.114,13370.3125,100,210,10001,"[0, 100000]","[0, 100000]",0,0,6884,292
yolov8x_training,3015.499021,70,122.059,13370.3125,100,210,10001,"[0, 100000]","[0, 100000]",0,0,292,292
yolov8x_training,3016.541649,70,122.581,13370.3125,100,210,10001,"[0, 100000]","[0, 100000]",0,0,90429,15527
yolov8x_training,3017.745569,70,127.741,13370.3125,100,855,10001,"[0, 100000]","[0, 100000]",0,0,9521,37011
yolov8x_training,3018.788518,70,124.119,13370.3125,100,2505,10001,"[0, 100000]","[0, 100000]",0,0,976,6542
yolov8x_training,3019.831254,70,124.132,13370.3125,100,210,10001,"[0, 100000]","[0, 100000]",0,0,1367,4980
yolov8x_training,3020.874085,70,124.326,13370.3125,100,210,10001,"[0, 100000]","[0, 100000]",0,0,976,4150
yolov8x_training,3021.916820,71,124.313,13370.3125,100,210,10001,"[0, 100000]","[0, 100000]",0,0,1708,7421
yolov8x_training,3022.959672,71,122.936,13370.3125,100,210,10001,"[0, 100000]","[0, 100000]",0,0,1953,4052
yolov8x_training,3024.002517,71,124.184,13370.3125,100,210,10001,"[0, 100000]","[0, 100000]",0,0,1220,4833
yolov8x_training,3025.045318,71,123.065,13370.3125,100,210,10001,"[0, 100000]","[0, 100000]",0,0,927,4150
yolov8x_training,3026.088025,71,123.345,13370.3125,100,210,10001,"[0, 100000]","[0, 100000]",0,0,1025,4638
yolov8x_training,3027.130569,71,123.318,13370.3125,100,225,10001,"[0, 100000]","[0, 100000]",0,0,1171,2343
yolov8x_training,3028.173438,71,124.060,13370.3125,100,210,10001,"[0, 100000]","[0, 100000]",0,0,1123,3564
yolov8x_training,3029.216270,71,123.814,13370.3125,100,210,10001,"[0, 100000]","[0, 100000]",0,0,537,2441
yolov8x_training,3030.259100,71,123.402,13370.3125,100,210,10001,"[0, 100000]","[0, 100000]",0,0,4833,94580
yolov8x_training,3031.301993,71,122.941,13370.3125,100,210,10001,"[0, 100000]","[0, 100000]",0,0,439,292
yolov8x_training,3032.344708,71,124.556,13370.3125,100,210,10001,"[0, 100000]","[0, 100000]",0,0,90283,9863
yolov8x_training,3033.387915,70,122.954,13370.3125,100,210,10001,"[0, 100000]","[0, 100000]",0,0,1757,47314
yolov8x_training,3034.617010,69,125.359,13370.3125,100,210,10001,"[0, 100000]","[0, 100000]",0,0,6933,49853
yolov8x_training,3035.659817,70,122.137,13370.3125,100,210,10001,"[0, 100000]","[0, 100000]",0,0,781,9960
yolov8x_training,3036.702524,70,121.761,13370.3125,100,210,10001,"[0, 100000]","[0, 100000]",0,0,2050,5468
yolov8x_training,3037.745390,70,123.956,13370.3125,100,210,10001,"[0, 100000]","[0, 100000]",0,0,976,3613
yolov8x_training,3038.788354,69,123.481,13370.3125,100,210,10001,"[0, 100000]","[0, 100000]",0,0,1074,4101
yolov8x_training,3039.831104,69,123.024,13370.3125,86,210,10001,"[0, 100000]","[0, 100000]",0,0,1757,6591
yolov8x_training,3040.873799,71,122.845,13370.3125,77,225,10001,"[0, 100000]","[0, 100000]",0,0,1220,5419
yolov8x_training,3041.916513,71,121.500,13370.3125,51,210,10001,"[0, 100000]","[0, 100000]",0,0,1025,4150
yolov8x_training,3042.959368,71,122.389,13370.3125,89,210,10001,"[0, 100000]","[0, 100000]",0,0,878,3515
yolov8x_training,3044.002217,71,122.649,13370.3125,94,210,10001,"[0, 100000]","[0, 100000]",0,0,1074,3808
yolov8x_training,3045.044963,71,123.948,13370.3125,96,225,10001,"[0, 100000]","[0, 100000]",0,0,781,3515
yolov8x_training,3046.087848,71,123.452,13370.3125,56,210,10001,"[0, 100000]","[0, 100000]",0,0,1025,3955
yolov8x_training,3047.130706,70,122.259,13370.3125,67,210,10001,"[0, 100000]","[0, 100000]",0,0,976,3271
yolov8x_training,3048.173509,71,124.027,13370.3125,91,210,10001,"[0, 100000]","[0, 100000]",0,0,585,2246
yolov8x_training,3049.216381,71,123.566,13370.3125,76,210,10001,"[0, 100000]","[0, 100000]",0,0,537,341
yolov8x_training,3050.259013,71,125.847,13370.3125,78,210,10001,"[0, 100000]","[0, 100000]",0,0,341,1030468
yolov8x_training,3051.301936,71,124.512,13370.3125,42,210,10001,"[0, 100000]","[0, 100000]",0,0,1464,3906
yolov8x_training,3052.500211,72,124.213,13370.3125,39,210,10001,"[0, 100000]","[0, 100000]",0,0,9521,37402
yolov8x_training,3053.543154,73,124.687,13370.3125,13,210,10001,"[0, 100000]","[0, 100000]",0,0,1025,11523
yolov8x_training,3054.586314,71,125.659,13370.3125,19,210,10001,"[0, 100000]","[0, 100000]",0,0,1367,4687
yolov8x_training,3055.629061,71,124.128,13370.3125,22,210,10001,"[0, 100000]","[0, 100000]",0,0,927,4199
yolov8x_training,3056.672042,71,124.008,13370.3125,39,255,10001,"[0, 100000]","[0, 100000]",0,0,1123,12451
yolov8x_training,3057.714916,71,124.995,13370.3125,79,225,10001,"[0, 100000]","[0, 100000]",0,0,1220,5175
yolov8x_training,3058.757744,71,124.993,13370.3125,92,225,10001,"[0, 100000]","[0, 100000]",0,0,927,3759
yolov8x_training,3059.800524,71,124.570,13370.3125,100,210,10001,"[0, 100000]","[0, 100000]",0,0,1025,4003
yolov8x_training,3060.843217,71,123.702,13370.3125,100,210,10001,"[0, 100000]","[0, 100000]",0,0,1025,3515
yolov8x_training,3061.886009,70,124.341,13370.3125,100,225,10001,"[0, 100000]","[0, 100000]",0,0,634,2783
yolov8x_training,3062.928762,70,123.805,13370.3125,100,225,10001,"[0, 100000]","[0, 100000]",0,0,292,292
yolov8x_training,3063.971330,70,124.915,13370.3125,99,210,10001,"[0, 100000]","[0, 100000]",0,0,2783,64550
yolov8x_training,3065.196437,70,122.890,13370.3125,97,210,10001,"[0, 100000]","[0, 100000]",0,0,5664,4199
yolov8x_training,3066.239415,70,122.786,13370.3125,98,210,10001,"[0, 100000]","[0, 100000]",0,0,9814,8935
yolov8x_training,3067.282310,70,122.470,13370.3125,100,210,10001,"[0, 100000]","[0, 100000]",0,0,976,9082
yolov8x_training,3068.325036,70,122.796,13370.3125,100,210,10001,"[0, 100000]","[0, 100000]",0,0,976,11572
yolov8x_training,3069.367816,70,124.551,13370.3125,97,210,10001,"[0, 100000]","[0, 100000]",0,0,830,4394
yolov8x_training,3070.410477,71,124.494,13370.3125,100,210,10001,"[0, 100000]","[0, 100000]",0,0,878,3955
yolov8x_training,3071.453175,71,124.539,13370.3125,97,210,10001,"[0, 100000]","[0, 100000]",0,0,1367,5566
yolov8x_training,3072.495975,70,123.267,13370.3125,98,210,10001,"[0, 100000]","[0, 100000]",0,0,1074,5224
yolov8x_training,3073.538796,71,124.910,13370.3125,97,210,10001,"[0, 100000]","[0, 100000]",0,0,1074,3515
yolov8x_training,3074.581557,71,123.526,13370.3125,98,210,10001,"[0, 100000]","[0, 100000]",0,0,878,3710
yolov8x_training,3075.624392,71,124.391,13370.3125,97,210,10001,"[0, 100000]","[0, 100000]",0,0,732,2880
yolov8x_training,3076.667208,71,124.290,13370.3125,100,210,10001,"[0, 100000]","[0, 100000]",0,0,1025,3759
yolov8x_training,3077.710025,71,125.140,13370.3125,100,210,10001,"[0, 100000]","[0, 100000]",0,0,2050,73632
yolov8x_training,3078.752802,71,125.252,13370.3125,100,210,10001,"[0, 100000]","[0, 100000]",0,0,341,292
yolov8x_training,3079.795421,71,124.882,13370.3125,100,210,10001,"[0, 100000]","[0, 100000]",0,0,89843,21972
yolov8x_training,3081.016021,71,125.676,13370.3125,100,210,10001,"[0, 100000]","[0, 100000]",0,0,1123,8935
yolov8x_training,3082.058851,72,125.608,13370.3125,100,210,10001,"[0, 100000]","[0, 100000]",0,0,976,8789
yolov8x_training,3083.101562,72,123.343,13370.3125,100,360,10001,"[0, 100000]","[0, 100000]",0,0,2001,5859
yolov8x_training,3084.144699,73,124.333,13370.3125,100,210,10001,"[0, 100000]","[0, 100000]",0,0,1123,4003
yolov8x_training,3085.187685,71,124.313,13370.3125,100,225,10001,"[0, 100000]","[0, 100000]",0,0,2099,4345
yolov8x_training,3086.230591,71,122.236,13370.3125,100,210,10001,"[0, 100000]","[0, 100000]",0,0,2050,3710
yolov8x_training,3087.273517,71,123.129,13370.3125,100,225,10001,"[0, 100000]","[0, 100000]",0,0,1074,6201
yolov8x_training,3088.316176,71,124.534,13370.3125,100,210,10001,"[0, 100000]","[0, 100000]",0,0,976,4296
yolov8x_training,3089.358908,71,124.904,13370.3125,100,210,10001,"[0, 100000]","[0, 100000]",0,0,830,3466
yolov8x_training,3090.401712,71,125.158,13370.3125,100,210,10001,"[0, 100000]","[0, 100000]",0,0,927,3564
yolov8x_training,3091.444475,71,122.749,13370.3125,100,210,10001,"[0, 100000]","[0, 100000]",0,0,1269,585
yolov8x_training,3092.487360,71,122.867,13370.3125,100,225,10001,"[0, 100000]","[0, 100000]",0,0,585,2392
yolov8x_training,3093.530152,70,124.463,13370.3125,100,210,10001,"[0, 100000]","[0, 100000]",0,0,390,292
yolov8x_training,3094.572741,70,124.549,13370.3125,100,1245,10001,"[0, 100000]","[0, 100000]",0,0,80029,15869
yolov8x_training,3095.748578,71,127.407,13370.3125,100,2250,10001,"[0, 100000]","[0, 100000]",0,0,9423,37500
yolov8x_training,3096.791449,70,129.255,13370.3125,100,210,10001,"[0, 100000]","[0, 100000]",0,0,927,10742
yolov8x_training,3097.834124,70,125.383,13370.3125,100,210,10001,"[0, 100000]","[0, 100000]",0,0,1074,3564
yolov8x_training,3098.876861,70,124.081,13370.3125,100,210,10001,"[0, 100000]","[0, 100000]",0,0,1074,5273
yolov8x_training,3099.919640,71,124.544,13370.3125,100,210,10001,"[0, 100000]","[0, 100000]",0,0,976,5517
yolov8x_training,3100.962346,71,123.676,13370.3125,100,210,10001,"[0, 100000]","[0, 100000]",0,0,1123,4003
yolov8x_training,3102.005182,71,123.391,13370.3125,100,210,10001,"[0, 100000]","[0, 100000]",0,0,976,3613
yolov8x_training,3103.048037,71,122.582,13370.3125,100,210,10001,"[0, 100000]","[0, 100000]",0,0,1074,4345
yolov8x_training,3104.090761,71,121.621,13370.3125,100,210,10001,"[0, 100000]","[0, 100000]",0,0,830,3466
yolov8x_training,3105.133557,71,123.972,13370.3125,100,210,10001,"[0, 100000]","[0, 100000]",0,0,1025,3759
yolov8x_training,3106.176429,71,123.491,13370.3125,100,210,10001,"[0, 100000]","[0, 100000]",0,0,1074,537
yolov8x_training,3107.219264,71,125.125,13370.3125,100,210,10001,"[0, 100000]","[0, 100000]",0,0,341,292
yolov8x_training,3108.261868,71,124.462,13370.3125,87,210,10001,"[0, 100000]","[0, 100000]",0,0,341,1034863
yolov8x_training,3109.304387,71,125.958,13370.3125,52,210,10001,"[0, 100000]","[0, 100000]",0,0,1513,65234
yolov8x_training,3110.514669,74,124.438,13370.3125,17,210,10001,"[0, 100000]","[0, 100000]",0,0,1562,3906
yolov8x_training,3111.557422,71,124.701,13370.3125,18,210,10001,"[0, 100000]","[0, 100000]",0,0,1123,4101
yolov8x_training,3112.600179,71,122.602,13370.3125,68,210,10001,"[0, 100000]","[0, 100000]",0,0,976,3955
yolov8x_training,3113.643224,71,122.107,13370.3125,28,255,10001,"[0, 100000]","[0, 100000]",0,0,1025,4492
yolov8x_training,3114.686464,71,124.298,13370.3125,38,210,10001,"[0, 100000]","[0, 100000]",0,0,1562,4882
yolov8x_training,3115.729272,70,124.750,13370.3125,79,210,10001,"[0, 100000]","[0, 100000]",0,0,878,4443
yolov8x_training,3116.772100,71,125.411,13370.3125,100,210,10001,"[0, 100000]","[0, 100000]",0,0,976,4638
yolov8x_training,3117.814836,70,123.180,13370.3125,100,210,10001,"[0, 100000]","[0, 100000]",0,0,927,3857
yolov8x_training,3118.857603,70,124.921,13370.3125,100,210,10001,"[0, 100000]","[0, 100000]",0,0,1123,3466
yolov8x_training,3119.900444,70,121.949,13370.3125,100,210,10001,"[0, 100000]","[0, 100000]",0,0,976,3320
yolov8x_training,3120.943278,70,123.736,13370.3125,100,210,10001,"[0, 100000]","[0, 100000]",0,0,781,1464
yolov8x_training,3121.986116,70,123.657,13370.3125,100,210,10001,"[0, 100000]","[0, 100000]",0,0,927,1123
yolov8x_training,3123.029027,70,124.078,13370.3125,100,210,10001,"[0, 100000]","[0, 100000]",0,0,341,292
yolov8x_training,3124.071679,70,123.782,13370.3125,100,1410,10001,"[0, 100000]","[0, 100000]",0,0,89404,15087
yolov8x_training,3125.114831,70,124.246,13370.3125,100,1320,10001,"[0, 100000]","[0, 100000]",0,0,3271,7958
yolov8x_training,3126.329592,70,124.328,13370.3125,100,1650,10001,"[0, 100000]","[0, 100000]",0,0,10742,16015
yolov8x_training,3127.372564,70,126.033,13370.3125,100,1905,10001,"[0, 100000]","[0, 100000]",0,0,1904,5761
yolov8x_training,3128.415332,70,126.623,13370.3125,100,2505,10001,"[0, 100000]","[0, 100000]",0,0,1171,4101
yolov8x_training,3129.458073,70,126.422,13370.3125,100,1170,10001,"[0, 100000]","[0, 100000]",0,0,1123,4443
yolov8x_training,3130.500845,70,124.207,13370.3125,100,1740,10001,"[0, 100000]","[0, 100000]",0,0,976,4443
yolov8x_training,3131.543520,71,125.112,13370.3125,100,1095,10001,"[0, 100000]","[0, 100000]",0,0,1123,9570
yolov8x_training,3132.586243,70,126.842,13370.3125,100,210,10001,"[0, 100000]","[0, 100000]",0,0,1171,5859
yolov8x_training,3133.629033,71,128.780,13370.3125,100,210,10001,"[0, 100000]","[0, 100000]",0,0,878,3906
yolov8x_training,3134.671827,71,124.283,13370.3125,100,210,10001,"[0, 100000]","[0, 100000]",0,0,1025,4150
yolov8x_training,3135.714666,71,121.506,13370.3125,100,210,10001,"[0, 100000]","[0, 100000]",0,0,1171,2441
yolov8x_training,3136.757474,71,123.788,13370.3125,100,210,10001,"[0, 100000]","[0, 100000]",0,0,927,3808
yolov8x_training,3137.800330,71,124.569,13370.3125,100,210,10001,"[0, 100000]","[0, 100000]",0,0,1123,439
yolov8x_training,3138.843180,71,124.197,13370.3125,96,225,10001,"[0, 100000]","[0, 100000]",0,0,341,292
yolov8x_training,3139.885820,70,122.835,13370.3125,96,225,10001,"[0, 100000]","[0, 100000]",0,0,341,1033496
yolov8x_training,3140.928604,70,123.574,13370.3125,97,210,10001,"[0, 100000]","[0, 100000]",0,0,89746,13330
yolov8x_training,3142.131637,70,123.757,13370.3125,97,210,10001,"[0, 100000]","[0, 100000]",0,0,7958,47070
yolov8x_training,3143.174516,69,123.698,13370.3125,97,210,10001,"[0, 100000]","[0, 100000]",0,0,1074,7421
yolov8x_training,3144.217288,69,122.911,13370.3125,98,210,10001,"[0, 100000]","[0, 100000]",0,0,1660,6152
yolov8x_training,3145.260071,69,122.978,13370.3125,97,210,10001,"[0, 100000]","[0, 100000]",0,0,1513,5273
yolov8x_training,3146.302809,69,123.686,13370.3125,97,210,10001,"[0, 100000]","[0, 100000]",0,0,976,4003
yolov8x_training,3147.345642,69,122.434,13370.3125,98,210,10001,"[0, 100000]","[0, 100000]",0,0,1025,3906
yolov8x_training,3148.388420,70,123.275,13370.3125,97,210,10001,"[0, 100000]","[0, 100000]",0,0,1220,11816
yolov8x_training,3149.431305,71,119.697,13370.3125,100,240,10001,"[0, 100000]","[0, 100000]",0,0,976,3369
yolov8x_training,3150.474185,71,128.176,13370.3125,100,210,10001,"[0, 100000]","[0, 100000]",0,0,1171,8398
yolov8x_training,3151.516930,71,124.476,13370.3125,100,210,10001,"[0, 100000]","[0, 100000]",0,0,1220,4980
yolov8x_training,3152.559754,71,124.053,13370.3125,98,210,10001,"[0, 100000]","[0, 100000]",0,0,1025,4150
yolov8x_training,3153.602517,71,124.103,13370.3125,98,225,10001,"[0, 100000]","[0, 100000]",0,0,976,3271
yolov8x_training,3154.645271,71,123.753,13370.3125,98,210,10001,"[0, 100000]","[0, 100000]",0,0,1171,2490
yolov8x_training,3155.688118,71,123.001,13370.3125,97,210,10001,"[0, 100000]","[0, 100000]",0,0,1025,3906
yolov8x_training,3156.731005,71,123.815,13370.3125,97,210,10001,"[0, 100000]","[0, 100000]",0,0,1074,3076
yolov8x_training,3157.773954,71,123.848,13370.3125,98,210,10001,"[0, 100000]","[0, 100000]",0,0,683,1855
yolov8x_training,3158.816984,71,124.410,13370.3125,96,210,10001,"[0, 100000]","[0, 100000]",0,0,341,292
yolov8x_training,3159.859591,71,125.160,13370.3125,99,210,10001,"[0, 100000]","[0, 100000]",0,0,2343,60693
yolov8x_training,3161.079585,71,124.617,13370.3125,100,210,10001,"[0, 100000]","[0, 100000]",0,0,5810,3808
yolov8x_training,3162.122407,71,124.837,13370.3125,100,390,10001,"[0, 100000]","[0, 100000]",0,0,1171,5468
yolov8x_training,3163.165127,71,125.931,13370.3125,100,300,10001,"[0, 100000]","[0, 100000]",0,0,1025,3857
yolov8x_training,3164.207981,71,123.918,13370.3125,100,255,10001,"[0, 100000]","[0, 100000]",0,0,1367,10253
yolov8x_training,3165.250843,71,124.335,13370.3125,100,240,10001,"[0, 100000]","[0, 100000]",0,0,1123,4541
yolov8x_training,3166.293625,71,124.244,13370.3125,100,225,10001,"[0, 100000]","[0, 100000]",0,0,927,4248
yolov8x_training,3167.336451,70,124.480,13370.3125,100,210,10001,"[0, 100000]","[0, 100000]",0,0,1123,3808
yolov8x_training,3168.379303,70,124.715,13370.3125,100,210,10001,"[0, 100000]","[0, 100000]",0,0,1074,3613
yolov8x_training,3169.422173,70,124.623,13370.3125,100,210,10001,"[0, 100000]","[0, 100000]",0,0,1025,1220
yolov8x_training,3170.465061,70,123.032,13370.3125,100,210,10001,"[0, 100000]","[0, 100000]",0,0,634,2148
yolov8x_training,3171.507926,70,123.479,13370.3125,100,210,10001,"[0, 100000]","[0, 100000]",0,0,341,292
yolov8x_training,3172.550641,70,122.651,13370.3125,100,210,10001,"[0, 100000]","[0, 100000]",0,0,341,292
yolov8x_training,3173.593200,70,124.076,13370.3125,100,1035,10001,"[0, 100000]","[0, 100000]",0,0,89990,13378
yolov8x_training,3174.636433,70,123.919,13370.3125,100,1155,10001,"[0, 100000]","[0, 100000]",0,0,7861,47949
yolov8x_training,3175.862412,70,124.415,13370.3125,100,1875,10001,"[0, 100000]","[0, 100000]",0,0,1855,2783
yolov8x_training,3176.905169,70,123.936,13370.3125,100,1995,10001,"[0, 100000]","[0, 100000]",0,0,878,9326
yolov8x_training,3177.947861,70,124.342,13370.3125,100,1785,10001,"[0, 100000]","[0, 100000]",0,0,1171,4052
yolov8x_training,3178.990693,71,125.849,13370.3125,100,2250,10001,"[0, 100000]","[0, 100000]",0,0,1171,5615
yolov8x_training,3180.033956,71,126.718,13370.3125,100,210,10001,"[0, 100000]","[0, 100000]",0,0,1806,5322
yolov8x_training,3181.076749,71,128.689,13370.3125,100,210,10001,"[0, 100000]","[0, 100000]",0,0,1123,5126
yolov8x_training,3182.119513,71,127.010,13370.3125,100,210,10001,"[0, 100000]","[0, 100000]",0,0,878,4052
yolov8x_training,3183.162382,71,128.417,13370.3125,100,210,10001,"[0, 100000]","[0, 100000]",0,0,1123,4736
yolov8x_training,3184.205191,71,123.720,13370.3125,100,210,10001,"[0, 100000]","[0, 100000]",0,0,976,3417
yolov8x_training,3185.247988,71,123.457,13370.3125,100,210,10001,"[0, 100000]","[0, 100000]",0,0,976,3222
yolov8x_training,3186.290819,71,122.967,13370.3125,100,210,10001,"[0, 100000]","[0, 100000]",0,0,1123,732
yolov8x_training,3187.334359,71,123.585,13370.3125,100,225,10001,"[0, 100000]","[0, 100000]",0,0,292,341
yolov8x_training,3188.377214,70,122.228,13370.3125,100,225,10001,"[0, 100000]","[0, 100000]",0,0,341,341
yolov8x_training,3189.419815,70,122.616,13370.3125,100,225,10001,"[0, 100000]","[0, 100000]",0,0,292,1035302
yolov8x_training,3190.462523,70,123.723,13370.3125,100,225,10001,"[0, 100000]","[0, 100000]",0,0,1025,6591
yolov8x_training,3191.672385,70,122.652,13370.3125,100,210,10001,"[0, 100000]","[0, 100000]",0,0,8593,36914
yolov8x_training,3192.715240,70,123.055,13370.3125,100,210,10001,"[0, 100000]","[0, 100000]",0,0,6201,3808
yolov8x_training,3193.758006,70,124.485,13370.3125,100,210,10001,"[0, 100000]","[0, 100000]",0,0,1660,5664
yolov8x_training,3194.800743,70,123.030,13370.3125,100,210,10001,"[0, 100000]","[0, 100000]",0,0,1123,4052
yolov8x_training,3195.843504,70,122.504,13370.3125,100,210,10001,"[0, 100000]","[0, 100000]",0,0,1025,3466
yolov8x_training,3196.886296,71,123.772,13370.3125,100,210,10001,"[0, 100000]","[0, 100000]",0,0,1025,4736
yolov8x_training,3197.929034,70,123.645,13370.3125,100,210,10001,"[0, 100000]","[0, 100000]",0,0,2294,4248
yolov8x_training,3198.971799,70,122.745,13370.3125,100,210,10001,"[0, 100000]","[0, 100000]",0,0,1220,5517
yolov8x_training,3200.014597,70,123.987,13370.3125,100,210,10001,"[0, 100000]","[0, 100000]",0,0,1074,3466
yolov8x_training,3201.057379,71,123.988,13370.3125,100,210,10001,"[0, 100000]","[0, 100000]",0,0,1025,3369
yolov8x_training,3202.100228,71,124.122,13370.3125,100,210,10001,"[0, 100000]","[0, 100000]",0,0,927,3662
yolov8x_training,3203.143039,70,123.215,13370.3125,100,210,10001,"[0, 100000]","[0, 100000]",0,0,1074,732
yolov8x_training,3204.185924,70,123.615,13370.3125,100,210,10001,"[0, 100000]","[0, 100000]",0,0,1025,31982
yolov8x_training,3205.228924,70,123.955,13370.3125,100,210,10001,"[0, 100000]","[0, 100000]",0,0,439,292
yolov8x_training,3206.271962,71,122.629,13370.3125,100,210,10001,"[0, 100000]","[0, 100000]",0,0,341,292
yolov8x_training,3207.314660,71,123.140,13370.3125,100,210,10001,"[0, 100000]","[0, 100000]",0,0,390,1033593
yolov8x_training,3208.357456,71,123.576,13370.3125,100,210,10001,"[0, 100000]","[0, 100000]",0,0,45263,15917
yolov8x_training,3209.581929,71,123.609,13370.3125,100,225,10001,"[0, 100000]","[0, 100000]",0,0,9521,29248
yolov8x_training,3210.624783,72,123.503,13370.3125,100,210,10001,"[0, 100000]","[0, 100000]",0,0,1025,8984
yolov8x_training,3211.667527,70,122.233,13370.3125,100,210,10001,"[0, 100000]","[0, 100000]",0,0,1611,5664
yolov8x_training,3212.710305,69,122.235,13370.3125,100,210,10001,"[0, 100000]","[0, 100000]",0,0,1074,3857
yolov8x_training,3213.753376,74,123.978,13370.3125,100,345,10001,"[0, 100000]","[0, 100000]",0,0,1074,5371
yolov8x_training,3214.796102,71,123.535,13370.3125,86,210,10001,"[0, 100000]","[0, 100000]",0,0,1171,5126
yolov8x_training,3215.838750,71,121.918,13370.3125,49,210,10001,"[0, 100000]","[0, 100000]",0,0,1220,4052
yolov8x_training,3216.881501,71,122.611,13370.3125,89,360,10001,"[0, 100000]","[0, 100000]",0,0,878,3857
yolov8x_training,3217.924262,71,122.410,13370.3125,60,345,10001,"[0, 100000]","[0, 100000]",0,0,1074,3515
yolov8x_training,3218.966984,70,122.025,13370.3125,72,210,10001,"[0, 100000]","[0, 100000]",0,0,1074,2587
yolov8x_training,3220.009864,71,122.613,13370.3125,52,255,10001,"[0, 100000]","[0, 100000]",0,0,1025,3808
yolov8x_training,3221.052713,70,123.161,13370.3125,48,210,10001,"[0, 100000]","[0, 100000]",0,0,927,1660
yolov8x_training,3222.095559,71,123.382,13370.3125,37,210,10001,"[0, 100000]","[0, 100000]",0,0,976,292
yolov8x_training,3223.138224,70,124.405,13370.3125,23,240,10001,"[0, 100000]","[0, 100000]",0,0,88964,14941
yolov8x_training,3224.180962,71,123.416,13370.3125,40,210,10001,"[0, 100000]","[0, 100000]",0,0,2099,5029
yolov8x_training,3225.380972,71,122.767,13370.3125,18,210,10001,"[0, 100000]","[0, 100000]",0,0,8203,45361
yolov8x_training,3226.423779,70,122.632,13370.3125,61,210,10001,"[0, 100000]","[0, 100000]",0,0,1562,3515
yolov8x_training,3227.466669,71,120.554,13370.3125,74,630,10001,"[0, 100000]","[0, 100000]",0,0,1123,4638
yolov8x_training,3228.509511,70,120.894,13370.3125,90,1020,10001,"[0, 100000]","[0, 100000]",0,0,927,3125
yolov8x_training,3229.552275,70,119.134,13370.3125,100,1605,10001,"[0, 100000]","[0, 100000]",0,0,976,3662
yolov8x_training,3230.595036,70,118.312,13370.3125,84,210,10001,"[0, 100000]","[0, 100000]",0,0,1123,5712
yolov8x_training,3231.637737,71,119.406,13370.3125,80,210,10001,"[0, 100000]","[0, 100000]",0,0,1074,5517
yolov8x_training,3232.680385,70,122.270,13370.3125,84,210,10001,"[0, 100000]","[0, 100000]",0,0,1123,4980
yolov8x_training,3233.723162,70,124.701,13370.3125,77,210,10001,"[0, 100000]","[0, 100000]",0,0,1074,3515
yolov8x_training,3234.765886,70,122.840,13370.3125,100,210,10001,"[0, 100000]","[0, 100000]",0,0,1074,4101
yolov8x_training,3235.808635,71,124.912,13370.3125,100,225,10001,"[0, 100000]","[0, 100000]",0,0,976,3710
yolov8x_training,3236.851398,70,123.880,13370.3125,100,210,10001,"[0, 100000]","[0, 100000]",0,0,927,3564
yolov8x_training,3237.894244,70,124.437,13370.3125,100,210,10001,"[0, 100000]","[0, 100000]",0,0,927,292
yolov8x_training,3238.936906,70,123.625,13370.3125,100,225,10001,"[0, 100000]","[0, 100000]",0,0,88818,15429
yolov8x_training,3239.980469,70,124.123,13370.3125,100,225,10001,"[0, 100000]","[0, 100000]",0,0,2734,5566
yolov8x_training,3241.204574,70,125.915,13370.3125,100,210,10001,"[0, 100000]","[0, 100000]",0,0,5273,3808
yolov8x_training,3242.247404,70,124.124,13370.3125,100,210,10001,"[0, 100000]","[0, 100000]",0,0,2050,6152
yolov8x_training,3243.290354,70,123.668,13370.3125,97,210,10001,"[0, 100000]","[0, 100000]",0,0,976,3759
yolov8x_training,3244.333138,69,123.207,13370.3125,97,210,10001,"[0, 100000]","[0, 100000]",0,0,927,3710
yolov8x_training,3245.375895,70,124.473,13370.3125,98,210,10001,"[0, 100000]","[0, 100000]",0,0,2246,3808
yolov8x_training,3246.418672,71,123.930,13370.3125,99,210,10001,"[0, 100000]","[0, 100000]",0,0,1171,3369
yolov8x_training,3247.461513,71,123.845,13370.3125,100,330,10001,"[0, 100000]","[0, 100000]",0,0,1171,4589
yolov8x_training,3248.504342,71,123.715,13370.3125,100,210,10001,"[0, 100000]","[0, 100000]",0,0,927,3759
yolov8x_training,3249.547162,71,123.602,13370.3125,100,225,10001,"[0, 100000]","[0, 100000]",0,0,537,2246
yolov8x_training,3250.590044,71,123.375,13370.3125,100,210,10001,"[0, 100000]","[0, 100000]",0,0,537,292
yolov8x_training,3251.632714,70,123.463,13370.3125,100,210,10001,"[0, 100000]","[0, 100000]",0,0,341,292
yolov8x_training,3252.675390,70,122.764,13370.3125,100,210,10001,"[0, 100000]","[0, 100000]",0,0,341,341
yolov8x_training,3253.717994,70,120.441,13370.3125,100,210,10001,"[0, 100000]","[0, 100000]",0,0,1562,5957
yolov8x_training,3254.935634,71,119.366,13370.3125,100,210,10001,"[0, 100000]","[0, 100000]",0,0,1025,8886
yolov8x_training,3255.978416,71,121.467,13370.3125,100,210,10001,"[0, 100000]","[0, 100000]",0,0,1171,7568
yolov8x_training,3257.021206,70,124.982,13370.3125,100,225,10001,"[0, 100000]","[0, 100000]",0,0,927,3759
yolov8x_training,3258.063993,71,126.235,13370.3125,100,1440,10001,"[0, 100000]","[0, 100000]",0,0,1171,6201
yolov8x_training,3259.106725,71,125.657,13370.3125,100,210,10001,"[0, 100000]","[0, 100000]",0,0,1708,7226
yolov8x_training,3260.149477,70,126.698,13370.3125,100,210,10001,"[0, 100000]","[0, 100000]",0,0,1123,4980
yolov8x_training,3261.192208,70,123.920,13370.3125,100,210,10001,"[0, 100000]","[0, 100000]",0,0,976,3955
yolov8x_training,3262.235011,70,123.279,13370.3125,100,210,10001,"[0, 100000]","[0, 100000]",0,0,927,4492
yolov8x_training,3263.277759,71,123.431,13370.3125,100,210,10001,"[0, 100000]","[0, 100000]",0,0,976,3759
yolov8x_training,3264.320524,70,123.675,13370.3125,100,210,10001,"[0, 100000]","[0, 100000]",0,0,878,3710
yolov8x_training,3265.363275,70,123.972,13370.3125,100,210,10001,"[0, 100000]","[0, 100000]",0,0,878,830
yolov8x_training,3266.406108,70,124.211,13370.3125,100,225,10001,"[0, 100000]","[0, 100000]",0,0,292,1035351
yolov8x_training,3267.448998,70,123.035,13370.3125,100,225,10001,"[0, 100000]","[0, 100000]",0,0,89062,18261
yolov8x_training,3268.492235,70,123.606,13370.3125,100,225,10001,"[0, 100000]","[0, 100000]",0,0,1318,62646
yolov8x_training,3269.708789,70,122.389,13370.3125,100,210,10001,"[0, 100000]","[0, 100000]",0,0,8544,36767
yolov8x_training,3270.751618,70,122.320,13370.3125,100,210,10001,"[0, 100000]","[0, 100000]",0,0,1611,5615
yolov8x_training,3271.794455,70,124.336,13370.3125,100,210,10001,"[0, 100000]","[0, 100000]",0,0,976,8154
yolov8x_training,3272.837290,70,122.616,13370.3125,100,210,10001,"[0, 100000]","[0, 100000]",0,0,1220,5126
yolov8x_training,3273.880053,70,123.761,13370.3125,100,210,10001,"[0, 100000]","[0, 100000]",0,0,1074,3808
yolov8x_training,3274.922781,71,122.073,13370.3125,100,210,10001,"[0, 100000]","[0, 100000]",0,0,1123,5517
yolov8x_training,3275.965522,71,122.389,13370.3125,100,210,10001,"[0, 100000]","[0, 100000]",0,0,1220,4541
yolov8x_training,3277.008311,71,122.228,13370.3125,100,210,10001,"[0, 100000]","[0, 100000]",0,0,1562,8447
yolov8x_training,3278.051139,71,122.976,13370.3125,100,210,10001,"[0, 100000]","[0, 100000]",0,0,1171,5078
yolov8x_training,3279.093909,70,123.537,13370.3125,100,210,10001,"[0, 100000]","[0, 100000]",0,0,1123,3613
yolov8x_training,3280.136799,70,124.250,13370.3125,100,210,10001,"[0, 100000]","[0, 100000]",0,0,976,3564
yolov8x_training,3281.179579,71,124.109,13370.3125,100,210,10001,"[0, 100000]","[0, 100000]",0,0,927,3076
yolov8x_training,3282.222442,71,123.422,13370.3125,100,225,10001,"[0, 100000]","[0, 100000]",0,0,1074,3417
yolov8x_training,3283.265205,70,124.118,13370.3125,100,210,10001,"[0, 100000]","[0, 100000]",0,0,732,1513
yolov8x_training,3284.307966,71,123.104,13370.3125,100,225,10001,"[0, 100000]","[0, 100000]",0,0,830,1367
yolov8x_training,3285.350826,70,122.122,13370.3125,100,225,10001,"[0, 100000]","[0, 100000]",0,0,439,292
yolov8x_training,3286.393466,70,123.795,13370.3125,100,210,10001,"[0, 100000]","[0, 100000]",0,0,341,292
yolov8x_training,3287.436077,70,123.385,13370.3125,100,210,10001,"[0, 100000]","[0, 100000]",0,0,341,1038964
yolov8x_training,3288.478855,70,124.218,13370.3125,100,210,10001,"[0, 100000]","[0, 100000]",0,0,1074,58593
yolov8x_training,3289.702662,70,123.664,13370.3125,100,210,10001,"[0, 100000]","[0, 100000]",0,0,634,9960
yolov8x_training,3290.745438,70,122.432,13370.3125,100,210,10001,"[0, 100000]","[0, 100000]",0,0,1367,5664
yolov8x_training,3291.788159,70,122.769,13370.3125,100,210,10001,"[0, 100000]","[0, 100000]",0,0,1025,3613
yolov8x_training,3292.830916,70,122.818,13370.3125,100,210,10001,"[0, 100000]","[0, 100000]",0,0,1025,5468
yolov8x_training,3293.873645,69,122.348,13370.3125,100,210,10001,"[0, 100000]","[0, 100000]",0,0,1708,7177
yolov8x_training,3294.916390,70,122.690,13370.3125,98,210,10001,"[0, 100000]","[0, 100000]",0,0,1074,4980
yolov8x_training,3295.959211,70,124.037,13370.3125,100,210,10001,"[0, 100000]","[0, 100000]",0,0,976,3515
yolov8x_training,3297.001950,71,122.063,13370.3125,89,210,10001,"[0, 100000]","[0, 100000]",0,0,1025,4150
yolov8x_training,3298.044716,70,121.603,13370.3125,96,210,10001,"[0, 100000]","[0, 100000]",0,0,976,4150
yolov8x_training,3299.087442,70,122.508,13370.3125,100,210,10001,"[0, 100000]","[0, 100000]",0,0,830,2685
yolov8x_training,3300.130285,70,122.295,13370.3125,100,210,10001,"[0, 100000]","[0, 100000]",0,0,976,3222
yolov8x_training,3301.173049,70,121.589,13370.3125,97,210,10001,"[0, 100000]","[0, 100000]",0,0,1074,3027
yolov8x_training,3302.215840,70,125.607,13370.3125,100,210,10001,"[0, 100000]","[0, 100000]",0,0,830,292
yolov8x_training,3303.258503,70,123.228,13370.3125,67,210,10001,"[0, 100000]","[0, 100000]",0,0,14453,341
yolov8x_training,3304.301333,70,122.878,13370.3125,100,210,10001,"[0, 100000]","[0, 100000]",0,0,341,292
yolov8x_training,3305.343937,70,125.035,13370.3125,77,210,10001,"[0, 100000]","[0, 100000]",0,0,4199,5517
yolov8x_training,3306.561520,69,125.138,13370.3125,53,210,10001,"[0, 100000]","[0, 100000]",0,0,9619,10693
yolov8x_training,3307.604432,69,123.645,13370.3125,68,210,10001,"[0, 100000]","[0, 100000]",0,0,732,8740
yolov8x_training,3308.647159,71,124.392,13370.3125,46,360,10001,"[0, 100000]","[0, 100000]",0,0,1220,5419
yolov8x_training,3309.689982,73,124.643,13370.3125,18,210,10001,"[0, 100000]","[0, 100000]",0,0,1074,5029
yolov8x_training,3310.732780,70,122.639,13370.3125,46,210,10001,"[0, 100000]","[0, 100000]",0,0,1025,12890
yolov8x_training,3311.775636,73,124.531,13370.3125,7,240,10001,"[0, 100000]","[0, 100000]",0,0,1123,4931
yolov8x_training,3312.818368,71,125.105,13370.3125,56,210,10001,"[0, 100000]","[0, 100000]",0,0,1025,4199
yolov8x_training,3313.861131,71,124.467,13370.3125,91,225,10001,"[0, 100000]","[0, 100000]",0,0,1074,4394
yolov8x_training,3314.903843,70,124.652,13370.3125,100,210,10001,"[0, 100000]","[0, 100000]",0,0,927,3613
yolov8x_training,3315.946712,71,123.015,13370.3125,100,210,10001,"[0, 100000]","[0, 100000]",0,0,1025,3125
yolov8x_training,3316.989437,70,124.659,13370.3125,100,210,10001,"[0, 100000]","[0, 100000]",0,0,585,2343
yolov8x_training,3318.032313,70,124.395,13370.3125,100,210,10001,"[0, 100000]","[0, 100000]",0,0,341,292
yolov8x_training,3319.074962,70,123.787,13370.3125,100,210,10001,"[0, 100000]","[0, 100000]",0,0,90039,15625
yolov8x_training,3320.274667,70,127.733,13370.3125,100,2400,10001,"[0, 100000]","[0, 100000]",0,0,9619,37451
yolov8x_training,3321.317617,70,128.505,13370.3125,98,210,10001,"[0, 100000]","[0, 100000]",0,0,830,10791
yolov8x_training,3322.360342,70,123.430,13370.3125,97,210,10001,"[0, 100000]","[0, 100000]",0,0,1171,3515
yolov8x_training,3323.403152,70,122.111,13370.3125,100,210,10001,"[0, 100000]","[0, 100000]",0,0,1025,3564
yolov8x_training,3324.445971,70,124.188,13370.3125,98,210,10001,"[0, 100000]","[0, 100000]",0,0,1025,5419
yolov8x_training,3325.488685,71,123.335,13370.3125,97,210,10001,"[0, 100000]","[0, 100000]",0,0,1611,5517
yolov8x_training,3326.531436,71,123.808,13370.3125,98,210,10001,"[0, 100000]","[0, 100000]",0,0,927,4443
yolov8x_training,3327.574216,70,122.426,13370.3125,96,210,10001,"[0, 100000]","[0, 100000]",0,0,927,3662
yolov8x_training,3328.616997,71,124.390,13370.3125,98,210,10001,"[0, 100000]","[0, 100000]",0,0,927,4052
yolov8x_training,3329.659683,71,122.568,13370.3125,99,210,10001,"[0, 100000]","[0, 100000]",0,0,1074,3710
yolov8x_training,3330.702468,70,125.123,13370.3125,100,210,10001,"[0, 100000]","[0, 100000]",0,0,634,2441
yolov8x_training,3331.745255,71,122.574,13370.3125,97,210,10001,"[0, 100000]","[0, 100000]",0,0,585,2099
yolov8x_training,3332.788123,71,124.044,13370.3125,100,210,10001,"[0, 100000]","[0, 100000]",0,0,292,292
yolov8x_training,3333.830835,71,124.635,13370.3125,100,210,10001,"[0, 100000]","[0, 100000]",0,0,89013,18359
yolov8x_training,3334.873799,71,124.712,13370.3125,100,210,10001,"[0, 100000]","[0, 100000]",0,0,1660,58349
yolov8x_training,3336.079208,69,125.391,13370.3125,100,210,10001,"[0, 100000]","[0, 100000]",0,0,1318,5126
yolov8x_training,3337.121981,72,124.900,13370.3125,100,210,10001,"[0, 100000]","[0, 100000]",0,0,1220,5273
yolov8x_training,3338.164759,73,123.882,13370.3125,100,255,10001,"[0, 100000]","[0, 100000]",0,0,1025,4003
yolov8x_training,3339.207529,73,124.129,13370.3125,100,240,10001,"[0, 100000]","[0, 100000]",0,0,1123,8984
yolov8x_training,3340.250243,71,124.154,13370.3125,100,210,10001,"[0, 100000]","[0, 100000]",0,0,1123,5810
yolov8x_training,3341.292982,70,123.142,13370.3125,100,225,10001,"[0, 100000]","[0, 100000]",0,0,830,4199
yolov8x_training,3342.335799,71,123.960,13370.3125,100,210,10001,"[0, 100000]","[0, 100000]",0,0,927,4052
yolov8x_training,3343.378519,71,122.456,13370.3125,100,255,10001,"[0, 100000]","[0, 100000]",0,0,1025,3710
yolov8x_training,3344.421303,70,123.958,13370.3125,100,210,10001,"[0, 100000]","[0, 100000]",0,0,830,3320
yolov8x_training,3345.464069,71,122.847,13370.3125,100,210,10001,"[0, 100000]","[0, 100000]",0,0,976,3759
yolov8x_training,3346.506892,70,124.878,13370.3125,100,210,10001,"[0, 100000]","[0, 100000]",0,0,634,2978
yolov8x_training,3347.549708,71,122.317,13370.3125,100,210,10001,"[0, 100000]","[0, 100000]",0,0,683,2197
yolov8x_training,3348.592510,71,124.740,13370.3125,100,210,10001,"[0, 100000]","[0, 100000]",0,0,341,292
yolov8x_training,3349.635063,70,124.079,13370.3125,100,990,10001,"[0, 100000]","[0, 100000]",0,0,4199,61132
yolov8x_training,3350.842037,70,126.892,13370.3125,100,2010,10001,"[0, 100000]","[0, 100000]",0,0,6982,4589
yolov8x_training,3351.884832,70,126.979,13370.3125,100,2475,10001,"[0, 100000]","[0, 100000]",0,0,2099,5468
yolov8x_training,3352.927612,71,127.924,13370.3125,100,210,10001,"[0, 100000]","[0, 100000]",0,0,1025,4101
yolov8x_training,3353.970641,71,128.792,13370.3125,100,210,10001,"[0, 100000]","[0, 100000]",0,0,1074,13134
yolov8x_training,3355.013520,71,124.812,13370.3125,100,210,10001,"[0, 100000]","[0, 100000]",0,0,1123,4980
yolov8x_training,3356.056299,71,124.077,13370.3125,100,210,10001,"[0, 100000]","[0, 100000]",0,0,1025,3710
yolov8x_training,3357.099053,70,123.702,13370.3125,100,210,10001,"[0, 100000]","[0, 100000]",0,0,1123,2636
yolov8x_training,3358.141956,70,122.979,13370.3125,100,210,10001,"[0, 100000]","[0, 100000]",0,0,976,3857
yolov8x_training,3359.184805,71,123.374,13370.3125,100,210,10001,"[0, 100000]","[0, 100000]",0,0,683,1513
yolov8x_training,3360.227631,70,125.981,13370.3125,95,210,10001,"[0, 100000]","[0, 100000]",0,0,341,292
yolov8x_training,3361.270329,70,125.153,13370.3125,56,210,10001,"[0, 100000]","[0, 100000]",0,0,1367,5371
yolov8x_training,3362.313094,71,122.277,13370.3125,54,210,10001,"[0, 100000]","[0, 100000]",0,0,1464,4150
yolov8x_training,3363.355834,70,123.489,13370.3125,52,210,10001,"[0, 100000]","[0, 100000]",0,0,1220,60595
yolov8x_training,3364.574127,71,122.897,13370.3125,62,210,10001,"[0, 100000]","[0, 100000]",0,0,5615,4296
yolov8x_training,3365.617013,71,123.141,13370.3125,62,285,10001,"[0, 100000]","[0, 100000]",0,0,1416,10400
yolov8x_training,3366.659719,71,124.266,13370.3125,88,225,10001,"[0, 100000]","[0, 100000]",0,0,683,9716
yolov8x_training,3367.702585,71,122.824,13370.3125,90,210,10001,"[0, 100000]","[0, 100000]",0,0,1171,3857
yolov8x_training,3368.745430,71,122.941,13370.3125,78,330,10001,"[0, 100000]","[0, 100000]",0,0,927,5126
yolov8x_training,3369.788580,71,123.032,13370.3125,57,345,10001,"[0, 100000]","[0, 100000]",0,0,1757,5322
yolov8x_training,3370.831376,71,123.484,13370.3125,48,390,10001,"[0, 100000]","[0, 100000]",0,0,1074,4931
yolov8x_training,3371.874186,71,124.187,13370.3125,38,210,10001,"[0, 100000]","[0, 100000]",0,0,1074,4052
yolov8x_training,3372.916932,71,122.600,13370.3125,22,225,10001,"[0, 100000]","[0, 100000]",0,0,927,4736
yolov8x_training,3373.959884,70,121.688,13370.3125,25,210,10001,"[0, 100000]","[0, 100000]",0,0,1074,2001
yolov8x_training,3375.002779,70,122.357,13370.3125,27,330,10001,"[0, 100000]","[0, 100000]",0,0,830,3125
yolov8x_training,3376.045610,71,122.573,13370.3125,21,330,10001,"[0, 100000]","[0, 100000]",0,0,1074,3125
yolov8x_training,3377.088430,71,124.575,13370.3125,19,255,10001,"[0, 100000]","[0, 100000]",0,0,927,781
yolov8x_training,3378.131335,71,122.429,13370.3125,43,210,10001,"[0, 100000]","[0, 100000]",0,0,14453,292
yolov8x_training,3379.174286,71,121.744,13370.3125,8,210,10001,"[0, 100000]","[0, 100000]",0,0,292,341
yolov8x_training,3380.216953,71,124.555,13370.3125,16,210,10001,"[0, 100000]","[0, 100000]",0,0,90380,7617
yolov8x_training,3381.260092,71,123.300,13370.3125,23,210,10001,"[0, 100000]","[0, 100000]",0,0,1416,48974
yolov8x_training,3382.470026,71,124.189,13370.3125,18,210,10001,"[0, 100000]","[0, 100000]",0,0,1562,1855
yolov8x_training,3383.512881,71,122.979,13370.3125,56,210,10001,"[0, 100000]","[0, 100000]",0,0,1416,5810
yolov8x_training,3384.555711,71,120.923,13370.3125,100,345,10001,"[0, 100000]","[0, 100000]",0,0,927,3417
yolov8x_training,3385.598514,71,119.383,13370.3125,100,210,10001,"[0, 100000]","[0, 100000]",0,0,1171,5175
yolov8x_training,3386.641526,70,120.100,13370.3125,77,210,10001,"[0, 100000]","[0, 100000]",0,0,2050,4248
yolov8x_training,3387.684273,70,124.430,13370.3125,100,210,10001,"[0, 100000]","[0, 100000]",0,0,1367,3662
yolov8x_training,3388.727156,71,123.963,13370.3125,100,210,10001,"[0, 100000]","[0, 100000]",0,0,976,4541
yolov8x_training,3389.769904,71,123.820,13370.3125,100,225,10001,"[0, 100000]","[0, 100000]",0,0,976,4492
yolov8x_training,3390.812703,71,123.493,13370.3125,100,210,10001,"[0, 100000]","[0, 100000]",0,0,1025,2099
yolov8x_training,3391.855571,70,124.539,13370.3125,100,210,10001,"[0, 100000]","[0, 100000]",0,0,1123,3613
yolov8x_training,3392.898445,70,122.158,13370.3125,100,225,10001,"[0, 100000]","[0, 100000]",0,0,878,1220
yolov8x_training,3393.941277,70,122.166,13370.3125,100,210,10001,"[0, 100000]","[0, 100000]",0,0,927,22753
yolov8x_training,3394.984205,70,122.842,13370.3125,100,210,10001,"[0, 100000]","[0, 100000]",0,0,878,439
yolov8x_training,3396.027103,70,123.825,13370.3125,100,210,10001,"[0, 100000]","[0, 100000]",0,0,292,292
yolov8x_training,3397.069705,70,123.968,13370.3125,100,210,10001,"[0, 100000]","[0, 100000]",0,0,2392,55175
yolov8x_training,3398.273732,70,128.726,13370.3125,100,210,10001,"[0, 100000]","[0, 100000]",0,0,9716,10595
yolov8x_training,3399.316644,70,128.944,13370.3125,100,210,10001,"[0, 100000]","[0, 100000]",0,0,1416,6787
yolov8x_training,3400.359396,70,125.670,13370.3125,100,210,10001,"[0, 100000]","[0, 100000]",0,0,1220,5322
yolov8x_training,3401.402173,71,122.455,13370.3125,100,210,10001,"[0, 100000]","[0, 100000]",0,0,1025,3662
yolov8x_training,3402.444958,71,123.332,13370.3125,100,210,10001,"[0, 100000]","[0, 100000]",0,0,878,3222
yolov8x_training,3403.487736,71,129.418,13370.3125,100,210,10001,"[0, 100000]","[0, 100000]",0,0,1269,11474
yolov8x_training,3404.530740,71,124.226,13370.3125,99,210,10001,"[0, 100000]","[0, 100000]",0,0,1220,5664
yolov8x_training,3405.573521,71,122.076,13370.3125,100,210,10001,"[0, 100000]","[0, 100000]",0,0,1220,4833
yolov8x_training,3406.616255,71,123.907,13370.3125,100,210,10001,"[0, 100000]","[0, 100000]",0,0,927,3613
yolov8x_training,3407.659064,70,125.665,13370.3125,100,225,10001,"[0, 100000]","[0, 100000]",0,0,976,4296
yolov8x_training,3408.701843,71,123.514,13370.3125,97,210,10001,"[0, 100000]","[0, 100000]",0,0,976,3710
yolov8x_training,3409.744634,71,122.393,13370.3125,97,225,10001,"[0, 100000]","[0, 100000]",0,0,1025,3027
yolov8x_training,3410.787414,71,124.418,13370.3125,97,210,10001,"[0, 100000]","[0, 100000]",0,0,683,2294
yolov8x_training,3411.830204,70,124.079,13370.3125,98,210,10001,"[0, 100000]","[0, 100000]",0,0,341,292
yolov8x_training,3412.872779,71,123.209,13370.3125,97,210,10001,"[0, 100000]","[0, 100000]",0,0,90380,22265
yolov8x_training,3414.083319,71,124.799,13370.3125,100,210,10001,"[0, 100000]","[0, 100000]",0,0,9570,36914
yolov8x_training,3415.126214,71,124.726,13370.3125,100,360,10001,"[0, 100000]","[0, 100000]",0,0,2050,5517
yolov8x_training,3416.169026,71,125.831,13370.3125,100,375,10001,"[0, 100000]","[0, 100000]",0,0,1123,3369
yolov8x_training,3417.211994,71,123.060,13370.3125,100,210,10001,"[0, 100000]","[0, 100000]",0,0,1025,5322
yolov8x_training,3418.254810,71,122.748,13370.3125,100,255,10001,"[0, 100000]","[0, 100000]",0,0,976,4541
yolov8x_training,3419.297671,71,123.551,13370.3125,100,315,10001,"[0, 100000]","[0, 100000]",0,0,1611,4882
yolov8x_training,3420.340500,71,123.502,13370.3125,100,225,10001,"[0, 100000]","[0, 100000]",0,0,1074,3515
yolov8x_training,3421.383258,71,122.228,13370.3125,100,210,10001,"[0, 100000]","[0, 100000]",0,0,1074,4003
yolov8x_training,3422.425999,70,123.122,13370.3125,100,390,10001,"[0, 100000]","[0, 100000]",0,0,976,3857
yolov8x_training,3423.468738,70,123.162,13370.3125,100,210,10001,"[0, 100000]","[0, 100000]",0,0,1025,3564
yolov8x_training,3424.511672,71,123.270,13370.3125,100,210,10001,"[0, 100000]","[0, 100000]",0,0,1025,3173
yolov8x_training,3425.554466,71,124.231,13370.3125,100,270,10001,"[0, 100000]","[0, 100000]",0,0,976,1367
yolov8x_training,3426.597256,71,122.322,13370.3125,100,210,10001,"[0, 100000]","[0, 100000]",0,0,634,2099
yolov8x_training,3427.640115,71,123.295,13370.3125,100,210,10001,"[0, 100000]","[0, 100000]",0,0,439,292
yolov8x_training,3428.682801,71,124.575,13370.3125,100,210,10001,"[0, 100000]","[0, 100000]",0,0,88867,15527
yolov8x_training,3429.726355,71,123.073,13370.3125,100,210,10001,"[0, 100000]","[0, 100000]",0,0,89208,16699
yolov8x_training,3430.769420,71,123.608,13370.3125,100,210,10001,"[0, 100000]","[0, 100000]",0,0,1367,53173
yolov8x_training,3431.975775,71,124.559,13370.3125,100,210,10001,"[0, 100000]","[0, 100000]",0,0,781,10058
yolov8x_training,3433.018742,71,122.654,13370.3125,100,210,10001,"[0, 100000]","[0, 100000]",0,0,1220,4638
yolov8x_training,3434.061633,71,121.703,13370.3125,100,315,10001,"[0, 100000]","[0, 100000]",0,0,1123,3808
yolov8x_training,3435.104406,70,121.182,13370.3125,100,210,10001,"[0, 100000]","[0, 100000]",0,0,1171,5615
yolov8x_training,3436.147177,70,120.947,13370.3125,100,210,10001,"[0, 100000]","[0, 100000]",0,0,1123,5517
yolov8x_training,3437.189937,70,125.639,13370.3125,100,225,10001,"[0, 100000]","[0, 100000]",0,0,878,4492
yolov8x_training,3438.232734,70,124.203,13370.3125,100,210,10001,"[0, 100000]","[0, 100000]",0,0,878,3417
yolov8x_training,3439.275516,71,124.044,13370.3125,100,225,10001,"[0, 100000]","[0, 100000]",0,0,1025,4199
yolov8x_training,3440.318284,71,124.469,13370.3125,100,210,10001,"[0, 100000]","[0, 100000]",0,0,1025,3710
yolov8x_training,3441.361248,71,123.229,13370.3125,100,210,10001,"[0, 100000]","[0, 100000]",0,0,634,4394
yolov8x_training,3442.404131,70,124.010,13370.3125,100,225,10001,"[0, 100000]","[0, 100000]",0,0,341,292
yolov8x_training,3443.446746,70,123.398,13370.3125,100,225,10001,"[0, 100000]","[0, 100000]",0,0,88720,14697
yolov8x_training,3444.639271,70,123.836,13370.3125,100,210,10001,"[0, 100000]","[0, 100000]",0,0,9814,35791
yolov8x_training,3445.682125,69,124.494,13370.3125,100,210,10001,"[0, 100000]","[0, 100000]",0,0,1123,8203
yolov8x_training,3446.724870,69,123.747,13370.3125,100,225,10001,"[0, 100000]","[0, 100000]",0,0,1123,4150
yolov8x_training,3447.767654,73,122.077,13370.3125,100,210,10001,"[0, 100000]","[0, 100000]",0,0,976,4052
yolov8x_training,3448.810428,73,123.072,13370.3125,100,405,10001,"[0, 100000]","[0, 100000]",0,0,2099,4687
yolov8x_training,3449.853274,71,121.752,13370.3125,100,210,10001,"[0, 100000]","[0, 100000]",0,0,1806,4052
yolov8x_training,3450.896059,71,120.795,13370.3125,100,210,10001,"[0, 100000]","[0, 100000]",0,0,1171,5566
yolov8x_training,3451.938860,71,123.382,13370.3125,100,465,10001,"[0, 100000]","[0, 100000]",0,0,878,4541
yolov8x_training,3452.981525,71,123.514,13370.3125,77,210,10001,"[0, 100000]","[0, 100000]",0,0,1171,2539
yolov8x_training,3454.024362,71,122.666,13370.3125,76,210,10001,"[0, 100000]","[0, 100000]",0,0,976,3125
yolov8x_training,3455.067240,71,123.069,13370.3125,55,255,10001,"[0, 100000]","[0, 100000]",0,0,781,1367
yolov8x_training,3456.110071,71,123.039,13370.3125,13,210,10001,"[0, 100000]","[0, 100000]",0,0,488,292
yolov8x_training,3457.152781,70,124.268,13370.3125,16,210,10001,"[0, 100000]","[0, 100000]",0,0,341,292
yolov8x_training,3458.195418,71,122.697,13370.3125,24,210,10001,"[0, 100000]","[0, 100000]",0,0,89111,17871
yolov8x_training,3459.412533,71,123.884,13370.3125,16,210,10001,"[0, 100000]","[0, 100000]",0,0,9619,36816
yolov8x_training,3460.455386,71,123.067,13370.3125,72,210,10001,"[0, 100000]","[0, 100000]",0,0,1220,10546
yolov8x_training,3461.498209,71,121.743,13370.3125,63,315,10001,"[0, 100000]","[0, 100000]",0,0,1757,4833
yolov8x_training,3462.541011,71,120.832,13370.3125,69,240,10001,"[0, 100000]","[0, 100000]",0,0,1171,4003
yolov8x_training,3463.583782,71,120.516,13370.3125,75,330,10001,"[0, 100000]","[0, 100000]",0,0,1123,5615
yolov8x_training,3464.626529,70,122.763,13370.3125,100,210,10001,"[0, 100000]","[0, 100000]",0,0,1171,5224
yolov8x_training,3465.669267,71,120.945,13370.3125,100,225,10001,"[0, 100000]","[0, 100000]",0,0,927,3466
yolov8x_training,3466.712040,70,124.155,13370.3125,100,210,10001,"[0, 100000]","[0, 100000]",0,0,1074,4052
yolov8x_training,3467.754768,70,122.146,13370.3125,100,210,10001,"[0, 100000]","[0, 100000]",0,0,781,3515
yolov8x_training,3468.797579,70,121.669,13370.3125,100,210,10001,"[0, 100000]","[0, 100000]",0,0,976,4003
yolov8x_training,3469.840418,70,122.795,13370.3125,100,210,10001,"[0, 100000]","[0, 100000]",0,0,927,3466
yolov8x_training,3470.883209,71,123.467,13370.3125,100,225,10001,"[0, 100000]","[0, 100000]",0,0,585,292
yolov8x_training,3471.925865,70,124.335,13370.3125,98,210,10001,"[0, 100000]","[0, 100000]",0,0,89990,12353
yolov8x_training,3472.968946,70,122.764,13370.3125,97,210,10001,"[0, 100000]","[0, 100000]",0,0,4052,51953
yolov8x_training,3474.186121,70,123.835,13370.3125,96,210,10001,"[0, 100000]","[0, 100000]",0,0,2099,2001
yolov8x_training,3475.228847,69,123.673,13370.3125,98,210,10001,"[0, 100000]","[0, 100000]",0,0,1611,5664
yolov8x_training,3476.271623,69,123.900,13370.3125,97,210,10001,"[0, 100000]","[0, 100000]",0,0,976,4199
yolov8x_training,3477.314369,69,123.231,13370.3125,100,360,10001,"[0, 100000]","[0, 100000]",0,0,1074,10986
yolov8x_training,3478.357170,73,123.606,13370.3125,100,210,10001,"[0, 100000]","[0, 100000]",0,0,1171,5761
yolov8x_training,3479.399916,71,123.679,13370.3125,100,255,10001,"[0, 100000]","[0, 100000]",0,0,1025,3906
yolov8x_training,3480.442700,71,123.048,13370.3125,100,210,10001,"[0, 100000]","[0, 100000]",0,0,781,3466
yolov8x_training,3481.485576,71,124.771,13370.3125,100,210,10001,"[0, 100000]","[0, 100000]",0,0,1025,3320
yolov8x_training,3482.528469,71,123.834,13370.3125,100,210,10001,"[0, 100000]","[0, 100000]",0,0,488,2587
yolov8x_training,3483.571596,71,125.221,13370.3125,100,210,10001,"[0, 100000]","[0, 100000]",0,0,341,1028808
yolov8x_training,3484.614321,71,124.232,13370.3125,100,1830,10001,"[0, 100000]","[0, 100000]",0,0,89013,14208
yolov8x_training,3485.823263,71,127.776,13370.3125,100,2025,10001,"[0, 100000]","[0, 100000]",0,0,9667,36914
yolov8x_training,3486.866123,71,129.167,13370.3125,100,210,10001,"[0, 100000]","[0, 100000]",0,0,1708,2734
yolov8x_training,3487.909036,71,122.948,13370.3125,100,210,10001,"[0, 100000]","[0, 100000]",0,0,1953,5859
yolov8x_training,3488.951753,70,124.397,13370.3125,100,2505,10001,"[0, 100000]","[0, 100000]",0,0,1171,3564
yolov8x_training,3489.994887,71,125.143,13370.3125,100,210,10001,"[0, 100000]","[0, 100000]",0,0,1123,5078
yolov8x_training,3491.037702,70,124.020,13370.3125,100,210,10001,"[0, 100000]","[0, 100000]",0,0,1025,5517
yolov8x_training,3492.080433,71,123.560,13370.3125,100,210,10001,"[0, 100000]","[0, 100000]",0,0,1220,3076
yolov8x_training,3493.123289,71,124.016,13370.3125,100,225,10001,"[0, 100000]","[0, 100000]",0,0,927,3808
yolov8x_training,3494.166118,71,123.347,13370.3125,100,225,10001,"[0, 100000]","[0, 100000]",0,0,1025,4296
yolov8x_training,3495.208844,71,123.252,13370.3125,100,210,10001,"[0, 100000]","[0, 100000]",0,0,927,3710
yolov8x_training,3496.251582,71,125.005,13370.3125,100,210,10001,"[0, 100000]","[0, 100000]",0,0,390,2734
yolov8x_training,3497.294420,71,123.586,13370.3125,100,210,10001,"[0, 100000]","[0, 100000]",0,0,976,732
yolov8x_training,3498.337384,71,123.473,13370.3125,100,210,10001,"[0, 100000]","[0, 100000]",0,0,341,292
yolov8x_training,3499.379938,71,124.834,13370.3125,76,210,10001,"[0, 100000]","[0, 100000]",0,0,2978,9179
yolov8x_training,3500.423520,70,123.356,13370.3125,100,210,10001,"[0, 100000]","[0, 100000]",0,0,1171,4296
yolov8x_training,3501.466281,70,123.562,13370.3125,100,210,10001,"[0, 100000]","[0, 100000]",0,0,1025,55078
yolov8x_training,3502.690763,70,122.694,13370.3125,100,210,10001,"[0, 100000]","[0, 100000]",0,0,781,10009
yolov8x_training,3503.733510,70,123.281,13370.3125,93,225,10001,"[0, 100000]","[0, 100000]",0,0,1123,4052
yolov8x_training,3504.776236,69,122.256,13370.3125,82,210,10001,"[0, 100000]","[0, 100000]",0,0,1074,3710
yolov8x_training,3505.818988,70,121.934,13370.3125,91,210,10001,"[0, 100000]","[0, 100000]",0,0,878,4443
yolov8x_training,3506.861720,70,123.183,13370.3125,97,225,10001,"[0, 100000]","[0, 100000]",0,0,1562,8105
yolov8x_training,3507.904440,69,123.266,13370.3125,57,210,10001,"[0, 100000]","[0, 100000]",0,0,1220,5419
yolov8x_training,3508.947158,71,122.794,13370.3125,54,240,10001,"[0, 100000]","[0, 100000]",0,0,1171,2880
yolov8x_training,3509.989860,71,123.616,13370.3125,56,330,10001,"[0, 100000]","[0, 100000]",0,0,1025,4345
yolov8x_training,3511.033071,71,124.406,13370.3125,17,210,10001,"[0, 100000]","[0, 100000]",0,0,927,3125
yolov8x_training,3512.075906,71,124.454,13370.3125,38,255,10001,"[0, 100000]","[0, 100000]",0,0,634,2587
yolov8x_training,3513.118825,71,124.447,13370.3125,53,210,10001,"[0, 100000]","[0, 100000]",0,0,585,341
yolov8x_training,3514.161937,71,122.964,13370.3125,83,210,10001,"[0, 100000]","[0, 100000]",0,0,292,292
yolov8x_training,3515.205043,71,124.630,13370.3125,77,210,10001,"[0, 100000]","[0, 100000]",0,0,3906,60937
yolov8x_training,3516.417118,71,124.349,13370.3125,100,210,10001,"[0, 100000]","[0, 100000]",0,0,8496,42480
yolov8x_training,3517.459832,71,124.273,13370.3125,100,210,10001,"[0, 100000]","[0, 100000]",0,0,1855,5029
yolov8x_training,3518.502579,71,125.362,13370.3125,100,345,10001,"[0, 100000]","[0, 100000]",0,0,1025,4296
yolov8x_training,3519.545429,71,126.135,13370.3125,100,1605,10001,"[0, 100000]","[0, 100000]",0,0,976,3955
yolov8x_training,3520.588275,71,127.672,13370.3125,100,1230,10001,"[0, 100000]","[0, 100000]",0,0,1025,5078
yolov8x_training,3521.631159,70,127.909,13370.3125,100,210,10001,"[0, 100000]","[0, 100000]",0,0,1123,5566
yolov8x_training,3522.673858,71,130.788,13370.3125,97,210,10001,"[0, 100000]","[0, 100000]",0,0,1025,4101
yolov8x_training,3523.716670,71,123.708,13370.3125,98,225,10001,"[0, 100000]","[0, 100000]",0,0,1220,2294
yolov8x_training,3524.759413,71,122.680,13370.3125,100,210,10001,"[0, 100000]","[0, 100000]",0,0,1025,2490
yolov8x_training,3525.802214,71,124.031,13370.3125,97,210,10001,"[0, 100000]","[0, 100000]",0,0,1025,4248
yolov8x_training,3526.845023,71,124.803,13370.3125,98,210,10001,"[0, 100000]","[0, 100000]",0,0,537,341
yolov8x_training,3527.887986,71,124.726,13370.3125,100,210,10001,"[0, 100000]","[0, 100000]",0,0,341,292
yolov8x_training,3528.930885,70,122.925,13370.3125,98,210,10001,"[0, 100000]","[0, 100000]",0,0,39843,6347
yolov8x_training,3529.974234,70,123.308,13370.3125,97,210,10001,"[0, 100000]","[0, 100000]",0,0,1171,62402
yolov8x_training,3531.192375,70,124.118,13370.3125,97,210,10001,"[0, 100000]","[0, 100000]",0,0,1269,6884
yolov8x_training,3532.235179,70,121.658,13370.3125,100,210,10001,"[0, 100000]","[0, 100000]",0,0,1464,3125
yolov8x_training,3533.277982,70,122.792,13370.3125,98,210,10001,"[0, 100000]","[0, 100000]",0,0,1220,4394
yolov8x_training,3534.320974,70,123.385,13370.3125,100,225,10001,"[0, 100000]","[0, 100000]",0,0,976,5175
yolov8x_training,3535.363746,69,123.640,13370.3125,100,345,10001,"[0, 100000]","[0, 100000]",0,0,1074,5126
yolov8x_training,3536.406700,69,124.400,13370.3125,100,375,10001,"[0, 100000]","[0, 100000]",0,0,1123,2929
yolov8x_training,3537.449556,71,122.640,13370.3125,100,420,10001,"[0, 100000]","[0, 100000]",0,0,927,4394
yolov8x_training,3538.492226,71,124.784,13370.3125,100,210,10001,"[0, 100000]","[0, 100000]",0,0,1074,2587
yolov8x_training,3539.535069,71,124.341,13370.3125,100,255,10001,"[0, 100000]","[0, 100000]",0,0,1025,3906
yolov8x_training,3540.577905,71,124.508,13370.3125,100,255,10001,"[0, 100000]","[0, 100000]",0,0,439,2636
yolov8x_training,3541.620730,71,124.851,13370.3125,100,210,10001,"[0, 100000]","[0, 100000]",0,0,341,292
yolov8x_training,3542.663275,71,124.492,13370.3125,100,615,10001,"[0, 100000]","[0, 100000]",0,0,2783,6542
yolov8x_training,3543.706135,71,123.366,13370.3125,100,375,10001,"[0, 100000]","[0, 100000]",0,0,1855,6005
yolov8x_training,3544.921036,71,122.412,13370.3125,100,210,10001,"[0, 100000]","[0, 100000]",0,0,9228,29345
yolov8x_training,3545.963853,70,124.711,13370.3125,100,345,10001,"[0, 100000]","[0, 100000]",0,0,1708,5615
yolov8x_training,3547.006671,70,126.904,13370.3125,100,2295,10001,"[0, 100000]","[0, 100000]",0,0,1074,4296
yolov8x_training,3548.049525,71,127.409,13370.3125,100,2505,10001,"[0, 100000]","[0, 100000]",0,0,976,4248
yolov8x_training,3549.092692,70,127.499,13370.3125,100,2310,10001,"[0, 100000]","[0, 100000]",0,0,1806,6689
yolov8x_training,3550.135427,70,128.272,13370.3125,100,210,10001,"[0, 100000]","[0, 100000]",0,0,1171,3515
yolov8x_training,3551.178301,71,127.722,13370.3125,100,210,10001,"[0, 100000]","[0, 100000]",0,0,927,4150
yolov8x_training,3552.221141,71,122.912,13370.3125,100,210,10001,"[0, 100000]","[0, 100000]",0,0,1025,4003
yolov8x_training,3553.263865,71,123.017,13370.3125,100,210,10001,"[0, 100000]","[0, 100000]",0,0,732,3613
yolov8x_training,3554.306723,71,123.427,13370.3125,100,210,10001,"[0, 100000]","[0, 100000]",0,0,1074,2246
yolov8x_training,3555.349563,71,123.323,13370.3125,100,225,10001,"[0, 100000]","[0, 100000]",0,0,878,32666
yolov8x_training,3556.392449,71,124.516,13370.3125,100,225,10001,"[0, 100000]","[0, 100000]",0,0,341,292
yolov8x_training,3557.435045,70,124.790,13370.3125,100,210,10001,"[0, 100000]","[0, 100000]",0,0,3271,11865
yolov8x_training,3558.651708,70,123.913,13370.3125,100,210,10001,"[0, 100000]","[0, 100000]",0,0,8349,39843
yolov8x_training,3559.694694,70,123.575,13370.3125,100,210,10001,"[0, 100000]","[0, 100000]",0,0,1513,3125
yolov8x_training,3560.737418,70,121.243,13370.3125,100,210,10001,"[0, 100000]","[0, 100000]",0,0,878,10351
yolov8x_training,3561.780179,70,121.845,13370.3125,100,210,10001,"[0, 100000]","[0, 100000]",0,0,1171,4248
yolov8x_training,3562.822966,70,121.111,13370.3125,100,210,10001,"[0, 100000]","[0, 100000]",0,0,1025,4248
yolov8x_training,3563.865749,70,122.537,13370.3125,100,210,10001,"[0, 100000]","[0, 100000]",0,0,927,3564
yolov8x_training,3564.908772,70,123.400,13370.3125,100,210,10001,"[0, 100000]","[0, 100000]",0,0,1025,8251
yolov8x_training,3565.951577,71,123.264,13370.3125,100,210,10001,"[0, 100000]","[0, 100000]",0,0,1220,5517
yolov8x_training,3566.994252,71,123.357,13370.3125,100,210,10001,"[0, 100000]","[0, 100000]",0,0,1074,4345
yolov8x_training,3568.037106,71,121.667,13370.3125,100,210,10001,"[0, 100000]","[0, 100000]",0,0,927,3857
yolov8x_training,3569.079813,71,122.402,13370.3125,100,210,10001,"[0, 100000]","[0, 100000]",0,0,1025,4980
yolov8x_training,3570.122564,71,121.243,13370.3125,100,210,10001,"[0, 100000]","[0, 100000]",0,0,1074,1855
yolov8x_training,3571.165336,71,123.492,13370.3125,100,210,10001,"[0, 100000]","[0, 100000]",0,0,1025,4296
yolov8x_training,3572.208135,71,123.813,13370.3125,100,210,10001,"[0, 100000]","[0, 100000]",0,0,927,1123
yolov8x_training,3573.250983,71,125.487,13370.3125,57,210,10001,"[0, 100000]","[0, 100000]",0,0,341,292
yolov8x_training,3574.293638,70,123.714,13370.3125,18,210,10001,"[0, 100000]","[0, 100000]",0,0,3613,9863
yolov8x_training,3575.513810,73,125.413,13370.3125,10,210,10001,"[0, 100000]","[0, 100000]",0,0,9716,36328
yolov8x_training,3576.556801,71,123.356,13370.3125,36,210,10001,"[0, 100000]","[0, 100000]",0,0,1904,6250
yolov8x_training,3577.599518,71,122.056,13370.3125,80,210,10001,"[0, 100000]","[0, 100000]",0,0,976,4150
yolov8x_training,3578.642384,71,121.386,13370.3125,100,210,10001,"[0, 100000]","[0, 100000]",0,0,1367,9863
yolov8x_training,3579.685258,71,123.310,13370.3125,100,210,10001,"[0, 100000]","[0, 100000]",0,0,2099,3808
yolov8x_training,3580.728024,71,124.686,13370.3125,100,210,10001,"[0, 100000]","[0, 100000]",0,0,1171,4541
yolov8x_training,3581.770770,71,123.065,13370.3125,100,210,10001,"[0, 100000]","[0, 100000]",0,0,927,4394
yolov8x_training,3582.813512,71,124.825,13370.3125,100,210,10001,"[0, 100000]","[0, 100000]",0,0,927,3613
yolov8x_training,3583.856307,71,123.405,13370.3125,100,210,10001,"[0, 100000]","[0, 100000]",0,0,732,2832
yolov8x_training,3584.899153,71,122.697,13370.3125,100,210,10001,"[0, 100000]","[0, 100000]",0,0,976,3808
yolov8x_training,3585.941938,70,122.842,13370.3125,100,210,10001,"[0, 100000]","[0, 100000]",0,0,1074,3466
yolov8x_training,3586.984714,70,124.957,13370.3125,100,210,10001,"[0, 100000]","[0, 100000]",0,0,878,41259
yolov8x_training,3588.027574,70,124.406,13370.3125,100,210,10001,"[0, 100000]","[0, 100000]",0,0,341,292
yolov8x_training,3589.070395,70,122.791,13370.3125,100,210,10001,"[0, 100000]","[0, 100000]",0,0,89697,20751
yolov8x_training,3590.243346,70,130.477,13370.3125,100,210,10001,"[0, 100000]","[0, 100000]",0,0,9570,37353
yolov8x_training,3591.286223,70,124.175,13370.3125,98,210,10001,"[0, 100000]","[0, 100000]",0,0,3271,1855
yolov8x_training,3592.329225,70,124.155,13370.3125,98,210,10001,"[0, 100000]","[0, 100000]",0,0,1171,5517
yolov8x_training,3593.371915,70,124.921,13370.3125,98,210,10001,"[0, 100000]","[0, 100000]",0,0,976,4199
yolov8x_training,3594.414675,69,122.229,13370.3125,98,210,10001,"[0, 100000]","[0, 100000]",0,0,1025,5468
yolov8x_training,3595.457412,71,123.473,13370.3125,98,210,10001,"[0, 100000]","[0, 100000]",0,0,1074,4687
yolov8x_training,3596.500159,71,123.193,13370.3125,97,210,10001,"[0, 100000]","[0, 100000]",0,0,1123,12207
yolov8x_training,3597.543064,71,122.685,13370.3125,100,210,10001,"[0, 100000]","[0, 100000]",0,0,2197,4003
yolov8x_training,3598.585869,71,122.855,13370.3125,100,210,10001,"[0, 100000]","[0, 100000]",0,0,1171,5664
yolov8x_training,3599.628569,71,124.479,13370.3125,100,210,10001,"[0, 100000]","[0, 100000]",0,0,927,3759
yolov8x_training,3600.671303,71,122.724,13370.3125,100,210,10001,"[0, 100000]","[0, 100000]",0,0,1025,3955
yolov8x_training,3601.714158,71,124.109,13370.3125,97,225,10001,"[0, 100000]","[0, 100000]",0,0,1123,2246
yolov8x_training,3602.756938,71,124.332,13370.3125,97,210,10001,"[0, 100000]","[0, 100000]",0,0,1074,3710
yolov8x_training,3603.799723,71,124.800,13370.3125,97,210,10001,"[0, 100000]","[0, 100000]",0,0,878,1513
yolov8x_training,3604.842525,71,124.974,13370.3125,97,210,10001,"[0, 100000]","[0, 100000]",0,0,341,292
yolov8x_training,3605.885078,71,125.244,13370.3125,100,210,10001,"[0, 100000]","[0, 100000]",0,0,2197,51562
yolov8x_training,3607.088022,71,125.468,13370.3125,100,210,10001,"[0, 100000]","[0, 100000]",0,0,3173,5810
yolov8x_training,3608.130841,71,125.812,13370.3125,100,210,10001,"[0, 100000]","[0, 100000]",0,0,1367,5664
yolov8x_training,3609.173528,71,125.261,13370.3125,100,210,10001,"[0, 100000]","[0, 100000]",0,0,976,4003
yolov8x_training,3610.216319,71,124.444,13370.3125,100,255,10001,"[0, 100000]","[0, 100000]",0,0,1171,5517
yolov8x_training,3611.259195,71,122.284,13370.3125,100,330,10001,"[0, 100000]","[0, 100000]",0,0,1123,4882
yolov8x_training,3612.302116,71,124.820,13370.3125,100,255,10001,"[0, 100000]","[0, 100000]",0,0,1220,5566
yolov8x_training,3613.344811,71,122.962,13370.3125,100,255,10001,"[0, 100000]","[0, 100000]",0,0,927,4101
yolov8x_training,3614.387554,70,124.666,13370.3125,100,225,10001,"[0, 100000]","[0, 100000]",0,0,1025,4003
yolov8x_training,3615.430302,71,125.382,13370.3125,100,210,10001,"[0, 100000]","[0, 100000]",0,0,878,3564
yolov8x_training,3616.473050,70,125.223,13370.3125,100,210,10001,"[0, 100000]","[0, 100000]",0,0,927,1171
yolov8x_training,3617.515756,70,123.759,13370.3125,100,210,10001,"[0, 100000]","[0, 100000]",0,0,585,292
yolov8x_training,3618.558516,70,124.426,13370.3125,100,210,10001,"[0, 100000]","[0, 100000]",0,0,341,341
yolov8x_training,3619.601051,71,122.556,13370.3125,100,210,10001,"[0, 100000]","[0, 100000]",0,0,89404,21093
yolov8x_training,3620.778748,70,127.790,13370.3125,100,210,10001,"[0, 100000]","[0, 100000]",0,0,9521,37011
yolov8x_training,3621.821743,70,130.110,13370.3125,100,210,10001,"[0, 100000]","[0, 100000]",0,0,1855,8447
yolov8x_training,3622.864434,70,122.676,13370.3125,100,210,10001,"[0, 100000]","[0, 100000]",0,0,976,9375
yolov8x_training,3623.907164,70,124.783,13370.3125,100,210,10001,"[0, 100000]","[0, 100000]",0,0,976,4248
yolov8x_training,3624.949914,71,124.149,13370.3125,100,210,10001,"[0, 100000]","[0, 100000]",0,0,1123,6201
yolov8x_training,3625.992629,71,124.541,13370.3125,100,210,10001,"[0, 100000]","[0, 100000]",0,0,1074,5761
yolov8x_training,3627.035393,71,124.354,13370.3125,100,210,10001,"[0, 100000]","[0, 100000]",0,0,1123,4980
yolov8x_training,3628.078130,71,124.371,13370.3125,100,210,10001,"[0, 100000]","[0, 100000]",0,0,1074,3515
yolov8x_training,3629.120883,71,124.319,13370.3125,100,210,10001,"[0, 100000]","[0, 100000]",0,0,1074,2148
yolov8x_training,3630.163768,71,123.848,13370.3125,100,210,10001,"[0, 100000]","[0, 100000]",0,0,927,4003
yolov8x_training,3631.206552,71,122.793,13370.3125,100,210,10001,"[0, 100000]","[0, 100000]",0,0,927,3759
yolov8x_training,3632.249388,71,124.710,13370.3125,100,210,10001,"[0, 100000]","[0, 100000]",0,0,439,2636
yolov8x_training,3633.292259,71,125.759,13370.3125,100,210,10001,"[0, 100000]","[0, 100000]",0,0,341,129736
yolov8x_training,3634.334843,71,125.669,13370.3125,89,210,10001,"[0, 100000]","[0, 100000]",0,0,90576,10107
yolov8x_training,3635.378284,71,124.313,13370.3125,91,210,10001,"[0, 100000]","[0, 100000]",0,0,1123,6005
yolov8x_training,3636.595711,71,124.149,13370.3125,86,210,10001,"[0, 100000]","[0, 100000]",0,0,781,10009
yolov8x_training,3637.638473,71,126.092,13370.3125,38,210,10001,"[0, 100000]","[0, 100000]",0,0,1123,5419
yolov8x_training,3638.681223,71,125.285,13370.3125,43,210,10001,"[0, 100000]","[0, 100000]",0,0,878,4003
yolov8x_training,3639.724005,71,125.425,13370.3125,14,210,10001,"[0, 100000]","[0, 100000]",0,0,1220,11914
yolov8x_training,3640.766759,71,124.555,13370.3125,53,210,10001,"[0, 100000]","[0, 100000]",0,0,1171,5712
yolov8x_training,3641.809511,71,124.707,13370.3125,74,210,10001,"[0, 100000]","[0, 100000]",0,0,1025,4052
yolov8x_training,3642.852261,71,124.244,13370.3125,81,210,10001,"[0, 100000]","[0, 100000]",0,0,1025,3759
yolov8x_training,3643.895026,70,125.143,13370.3125,95,210,10001,"[0, 100000]","[0, 100000]",0,0,976,3662
yolov8x_training,3644.937810,71,124.887,13370.3125,100,225,10001,"[0, 100000]","[0, 100000]",0,0,537,2490
yolov8x_training,3645.980600,71,123.829,13370.3125,100,210,10001,"[0, 100000]","[0, 100000]",0,0,14746,292
yolov8x_training,3647.023802,70,124.217,13370.3125,100,210,10001,"[0, 100000]","[0, 100000]",0,0,88964,15625
yolov8x_training,3648.207260,70,124.212,13370.3125,100,210,10001,"[0, 100000]","[0, 100000]",0,0,9570,37841
yolov8x_training,3649.250230,70,123.428,13370.3125,98,210,10001,"[0, 100000]","[0, 100000]",0,0,830,9960
yolov8x_training,3650.293226,70,123.612,13370.3125,98,210,10001,"[0, 100000]","[0, 100000]",0,0,1660,6347
yolov8x_training,3651.335932,70,124.245,13370.3125,97,210,10001,"[0, 100000]","[0, 100000]",0,0,1123,4052
yolov8x_training,3652.378705,69,123.033,13370.3125,98,210,10001,"[0, 100000]","[0, 100000]",0,0,927,3857
yolov8x_training,3653.421462,70,124.059,13370.3125,98,210,10001,"[0, 100000]","[0, 100000]",0,0,1904,6103
yolov8x_training,3654.464174,71,122.959,13370.3125,98,210,10001,"[0, 100000]","[0, 100000]",0,0,1416,5029
yolov8x_training,3655.506908,71,124.292,13370.3125,98,210,10001,"[0, 100000]","[0, 100000]",0,0,1171,3222
yolov8x_training,3656.549709,71,123.060,13370.3125,100,225,10001,"[0, 100000]","[0, 100000]",0,0,1025,4052
yolov8x_training,3657.592465,71,123.815,13370.3125,100,300,10001,"[0, 100000]","[0, 100000]",0,0,976,3759
yolov8x_training,3658.635270,71,123.260,13370.3125,100,210,10001,"[0, 100000]","[0, 100000]",0,0,1074,3320
yolov8x_training,3659.678053,71,123.140,13370.3125,100,210,10001,"[0, 100000]","[0, 100000]",0,0,830,1367
yolov8x_training,3660.720850,71,122.782,13370.3125,100,210,10001,"[0, 100000]","[0, 100000]",0,0,927,781
yolov8x_training,3661.763998,71,125.376,13370.3125,100,210,10001,"[0, 100000]","[0, 100000]",0,0,341,292
yolov8x_training,3662.806583,71,125.363,13370.3125,100,210,10001,"[0, 100000]","[0, 100000]",0,0,2880,6542
yolov8x_training,3663.983777,71,124.330,13370.3125,100,210,10001,"[0, 100000]","[0, 100000]",0,0,9570,37158
yolov8x_training,3665.026749,71,125.391,13370.3125,100,210,10001,"[0, 100000]","[0, 100000]",0,0,1611,3076
yolov8x_training,3666.069564,71,124.961,13370.3125,100,210,10001,"[0, 100000]","[0, 100000]",0,0,781,8251
yolov8x_training,3667.112348,71,122.950,13370.3125,100,210,10001,"[0, 100000]","[0, 100000]",0,0,1220,3515
yolov8x_training,3668.155400,71,124.384,13370.3125,100,210,10001,"[0, 100000]","[0, 100000]",0,0,1171,5224
yolov8x_training,3669.198159,71,121.953,13370.3125,100,210,10001,"[0, 100000]","[0, 100000]",0,0,1025,5615
yolov8x_training,3670.240906,71,122.550,13370.3125,100,210,10001,"[0, 100000]","[0, 100000]",0,0,976,4931
yolov8x_training,3671.283609,71,123.320,13370.3125,100,210,10001,"[0, 100000]","[0, 100000]",0,0,1269,3759
yolov8x_training,3672.326376,71,123.695,13370.3125,100,210,10001,"[0, 100000]","[0, 100000]",0,0,1074,4052
yolov8x_training,3673.369143,70,124.022,13370.3125,100,210,10001,"[0, 100000]","[0, 100000]",0,0,1074,4296
yolov8x_training,3674.411874,71,125.731,13370.3125,100,210,10001,"[0, 100000]","[0, 100000]",0,0,927,2929
yolov8x_training,3675.454736,71,123.734,13370.3125,100,210,10001,"[0, 100000]","[0, 100000]",0,0,1025,3662
yolov8x_training,3676.497513,70,125.043,13370.3125,100,210,10001,"[0, 100000]","[0, 100000]",0,0,585,341
yolov8x_training,3677.540222,70,123.602,13370.3125,100,210,10001,"[0, 100000]","[0, 100000]",0,0,292,292
yolov8x_training,3678.582879,70,123.814,13370.3125,100,210,10001,"[0, 100000]","[0, 100000]",0,0,341,1034521
yolov8x_training,3679.792624,70,126.590,13370.3125,100,210,10001,"[0, 100000]","[0, 100000]",0,0,9472,37060
yolov8x_training,3680.835568,70,127.695,13370.3125,100,210,10001,"[0, 100000]","[0, 100000]",0,0,1855,8056
yolov8x_training,3681.878276,70,125.662,13370.3125,100,210,10001,"[0, 100000]","[0, 100000]",0,0,1708,5224
yolov8x_training,3682.921034,70,126.763,13370.3125,100,210,10001,"[0, 100000]","[0, 100000]",0,0,1269,3759
yolov8x_training,3683.963795,71,123.558,13370.3125,100,210,10001,"[0, 100000]","[0, 100000]",0,0,1025,4199
yolov8x_training,3685.006617,71,126.905,13370.3125,100,210,10001,"[0, 100000]","[0, 100000]",0,0,976,5566
yolov8x_training,3686.049428,71,125.150,13370.3125,100,210,10001,"[0, 100000]","[0, 100000]",0,0,1074,3515
yolov8x_training,3687.092256,71,124.401,13370.3125,100,210,10001,"[0, 100000]","[0, 100000]",0,0,1074,4150
yolov8x_training,3688.134982,71,124.246,13370.3125,100,210,10001,"[0, 100000]","[0, 100000]",0,0,976,3759
yolov8x_training,3689.177788,71,122.052,13370.3125,100,210,10001,"[0, 100000]","[0, 100000]",0,0,927,4052
yolov8x_training,3690.220577,71,122.342,13370.3125,100,210,10001,"[0, 100000]","[0, 100000]",0,0,1074,3173
yolov8x_training,3691.263394,71,122.667,13370.3125,100,210,10001,"[0, 100000]","[0, 100000]",0,0,927,4199
yolov8x_training,3692.306168,71,123.975,13370.3125,100,210,10001,"[0, 100000]","[0, 100000]",0,0,830,1318
yolov8x_training,3693.349025,71,123.605,13370.3125,100,210,10001,"[0, 100000]","[0, 100000]",0,0,3857,292
yolov8x_training,3694.391766,71,124.719,13370.3125,100,210,10001,"[0, 100000]","[0, 100000]",0,0,89257,17089
yolov8x_training,3695.579514,71,124.498,13370.3125,100,210,10001,"[0, 100000]","[0, 100000]",0,0,8935,41503
yolov8x_training,3696.622227,71,125.078,13370.3125,97,210,10001,"[0, 100000]","[0, 100000]",0,0,927,10791
yolov8x_training,3697.665014,71,125.364,13370.3125,90,345,10001,"[0, 100000]","[0, 100000]",0,0,1660,5175
yolov8x_training,3698.707738,71,123.654,13370.3125,82,330,10001,"[0, 100000]","[0, 100000]",0,0,1025,3710
yolov8x_training,3699.750556,71,122.238,13370.3125,63,330,10001,"[0, 100000]","[0, 100000]",0,0,976,4345
yolov8x_training,3700.793361,71,122.902,13370.3125,71,210,10001,"[0, 100000]","[0, 100000]",0,0,2050,4931
yolov8x_training,3701.836078,71,122.839,13370.3125,67,210,10001,"[0, 100000]","[0, 100000]",0,0,976,4589
yolov8x_training,3702.878755,71,122.532,13370.3125,55,210,10001,"[0, 100000]","[0, 100000]",0,0,1171,3710
yolov8x_training,3703.921708,71,124.301,13370.3125,37,255,10001,"[0, 100000]","[0, 100000]",0,0,1074,4248
yolov8x_training,3704.964523,70,122.939,13370.3125,20,210,10001,"[0, 100000]","[0, 100000]",0,0,878,4052
yolov8x_training,3706.007242,71,124.014,13370.3125,22,210,10001,"[0, 100000]","[0, 100000]",0,0,878,3369
yolov8x_training,3707.050068,71,124.738,13370.3125,57,210,10001,"[0, 100000]","[0, 100000]",0,0,488,292
yolov8x_training,3708.092834,71,123.826,13370.3125,100,210,10001,"[0, 100000]","[0, 100000]",0,0,292,292
yolov8x_training,3709.135601,70,124.452,13370.3125,94,2115,10001,"[0, 100000]","[0, 100000]",0,0,89794,23046
yolov8x_training,3710.367050,70,123.411,13370.3125,100,255,10001,"[0, 100000]","[0, 100000]",0,0,9277,38525
yolov8x_training,3711.409887,70,124.992,13370.3125,100,2340,10001,"[0, 100000]","[0, 100000]",0,0,1953,5419
yolov8x_training,3712.452646,71,126.515,13370.3125,100,210,10001,"[0, 100000]","[0, 100000]",0,0,927,4394
yolov8x_training,3713.495378,71,126.974,13370.3125,100,210,10001,"[0, 100000]","[0, 100000]",0,0,878,3417
yolov8x_training,3714.538322,71,125.984,13370.3125,100,210,10001,"[0, 100000]","[0, 100000]",0,0,1220,5273
yolov8x_training,3715.581402,71,125.840,13370.3125,100,210,10001,"[0, 100000]","[0, 100000]",0,0,1806,6640
yolov8x_training,3716.624149,71,125.299,13370.3125,100,210,10001,"[0, 100000]","[0, 100000]",0,0,1025,5517
yolov8x_training,3717.666906,70,124.498,13370.3125,100,210,10001,"[0, 100000]","[0, 100000]",0,0,1123,4931
yolov8x_training,3718.709643,71,125.307,13370.3125,100,210,10001,"[0, 100000]","[0, 100000]",0,0,1123,3515
yolov8x_training,3719.752387,71,123.259,13370.3125,100,210,10001,"[0, 100000]","[0, 100000]",0,0,1123,4052
yolov8x_training,3720.795177,71,123.578,13370.3125,100,225,10001,"[0, 100000]","[0, 100000]",0,0,1123,3466
yolov8x_training,3721.837894,71,124.150,13370.3125,100,210,10001,"[0, 100000]","[0, 100000]",0,0,1074,1708
yolov8x_training,3722.880681,71,122.442,13370.3125,100,225,10001,"[0, 100000]","[0, 100000]",0,0,927,1269
yolov8x_training,3723.923441,71,124.370,13370.3125,100,210,10001,"[0, 100000]","[0, 100000]",0,0,341,1033789
yolov8x_training,3724.966197,70,124.398,13370.3125,98,210,10001,"[0, 100000]","[0, 100000]",0,0,2099,4150
yolov8x_training,3726.167344,70,123.466,13370.3125,97,210,10001,"[0, 100000]","[0, 100000]",0,0,9277,38867
yolov8x_training,3727.210279,69,124.227,13370.3125,100,210,10001,"[0, 100000]","[0, 100000]",0,0,1757,6347
yolov8x_training,3728.253043,72,122.013,13370.3125,100,210,10001,"[0, 100000]","[0, 100000]",0,0,1171,3955
yolov8x_training,3729.295737,69,122.573,13370.3125,100,210,10001,"[0, 100000]","[0, 100000]",0,0,1025,3564
yolov8x_training,3730.338720,69,123.752,13370.3125,100,210,10001,"[0, 100000]","[0, 100000]",0,0,1123,6982
yolov8x_training,3731.381590,73,123.240,13370.3125,100,240,10001,"[0, 100000]","[0, 100000]",0,0,1025,5468
yolov8x_training,3732.424316,74,124.532,13370.3125,100,210,10001,"[0, 100000]","[0, 100000]",0,0,1025,4394
yolov8x_training,3733.467107,71,123.413,13370.3125,100,330,10001,"[0, 100000]","[0, 100000]",0,0,976,3759
yolov8x_training,3734.509843,71,122.817,13370.3125,100,330,10001,"[0, 100000]","[0, 100000]",0,0,927,4394
yolov8x_training,3735.552685,71,123.743,13370.3125,100,225,10001,"[0, 100000]","[0, 100000]",0,0,1074,3417
yolov8x_training,3736.595503,71,124.919,13370.3125,100,255,10001,"[0, 100000]","[0, 100000]",0,0,537,2685
yolov8x_training,3737.638313,71,122.925,13370.3125,100,210,10001,"[0, 100000]","[0, 100000]",0,0,878,1220
yolov8x_training,3738.681132,71,125.108,13370.3125,100,210,10001,"[0, 100000]","[0, 100000]",0,0,341,341
yolov8x_training,3739.723684,71,124.788,13370.3125,100,210,10001,"[0, 100000]","[0, 100000]",0,0,1269,64111
yolov8x_training,3740.944240,71,126.130,13370.3125,100,210,10001,"[0, 100000]","[0, 100000]",0,0,3759,2392
yolov8x_training,3741.987005,71,125.828,13370.3125,100,960,10001,"[0, 100000]","[0, 100000]",0,0,1318,5468
yolov8x_training,3743.029782,70,128.599,13370.3125,100,2250,10001,"[0, 100000]","[0, 100000]",0,0,1025,4150
yolov8x_training,3744.072919,70,128.838,13370.3125,100,210,10001,"[0, 100000]","[0, 100000]",0,0,1074,5371
yolov8x_training,3745.115648,71,123.496,13370.3125,100,210,10001,"[0, 100000]","[0, 100000]",0,0,1074,4931
yolov8x_training,3746.158469,71,123.962,13370.3125,100,225,10001,"[0, 100000]","[0, 100000]",0,0,1025,3857
yolov8x_training,3747.201323,71,124.893,13370.3125,100,210,10001,"[0, 100000]","[0, 100000]",0,0,927,4199
yolov8x_training,3748.244087,71,123.915,13370.3125,100,210,10001,"[0, 100000]","[0, 100000]",0,0,1025,3710
yolov8x_training,3749.287044,71,124.552,13370.3125,100,210,10001,"[0, 100000]","[0, 100000]",0,0,1074,830
yolov8x_training,3750.329857,71,125.176,13370.3125,100,210,10001,"[0, 100000]","[0, 100000]",0,0,341,292
yolov8x_training,3751.372387,70,123.242,13370.3125,99,210,10001,"[0, 100000]","[0, 100000]",0,0,292,1030859
yolov8x_training,3752.415151,71,125.379,13370.3125,89,210,10001,"[0, 100000]","[0, 100000]",0,0,2050,5029
yolov8x_training,3753.457944,69,123.055,13370.3125,97,210,10001,"[0, 100000]","[0, 100000]",0,0,1416,64648
yolov8x_training,3754.665927,69,124.580,13370.3125,77,210,10001,"[0, 100000]","[0, 100000]",0,0,1123,7080
yolov8x_training,3755.708718,70,124.867,13370.3125,46,210,10001,"[0, 100000]","[0, 100000]",0,0,2050,5908
yolov8x_training,3756.751411,69,123.413,13370.3125,68,210,10001,"[0, 100000]","[0, 100000]",0,0,1074,4248
yolov8x_training,3757.794117,69,122.110,13370.3125,56,210,10001,"[0, 100000]","[0, 100000]",0,0,976,3613
yolov8x_training,3758.836853,71,123.490,13370.3125,38,210,10001,"[0, 100000]","[0, 100000]",0,0,2148,4199
yolov8x_training,3759.879619,71,123.504,13370.3125,16,255,10001,"[0, 100000]","[0, 100000]",0,0,1074,3515
yolov8x_training,3760.922358,71,123.451,13370.3125,29,210,10001,"[0, 100000]","[0, 100000]",0,0,927,3857
yolov8x_training,3761.965157,71,124.905,13370.3125,37,210,10001,"[0, 100000]","[0, 100000]",0,0,1123,2441
yolov8x_training,3763.007940,71,122.828,13370.3125,87,255,10001,"[0, 100000]","[0, 100000]",0,0,927,4101
yolov8x_training,3764.050847,71,124.602,13370.3125,75,210,10001,"[0, 100000]","[0, 100000]",0,0,1074,1464
yolov8x_training,3765.093742,71,124.194,13370.3125,80,210,10001,"[0, 100000]","[0, 100000]",0,0,878,292
yolov8x_training,3766.136685,70,124.375,13370.3125,100,210,10001,"[0, 100000]","[0, 100000]",0,0,341,1035400
yolov8x_training,3767.179666,71,124.325,13370.3125,100,2310,10001,"[0, 100000]","[0, 100000]",0,0,1220,63134
yolov8x_training,3768.407309,70,127.703,13370.3125,100,1785,10001,"[0, 100000]","[0, 100000]",0,0,9521,36816
yolov8x_training,3769.450268,71,126.087,13370.3125,100,1725,10001,"[0, 100000]","[0, 100000]",0,0,732,9960
yolov8x_training,3770.493153,71,127.378,13370.3125,100,1815,10001,"[0, 100000]","[0, 100000]",0,0,1171,5468
yolov8x_training,3771.535885,70,125.750,13370.3125,100,2295,10001,"[0, 100000]","[0, 100000]",0,0,1220,3759
yolov8x_training,3772.578772,71,125.415,13370.3125,100,1185,10001,"[0, 100000]","[0, 100000]",0,0,1074,3613
yolov8x_training,3773.621510,71,125.349,13370.3125,100,345,10001,"[0, 100000]","[0, 100000]",0,0,1074,5615
yolov8x_training,3774.664277,70,124.947,13370.3125,100,210,10001,"[0, 100000]","[0, 100000]",0,0,1806,6689
yolov8x_training,3775.706998,71,126.675,13370.3125,100,210,10001,"[0, 100000]","[0, 100000]",0,0,1269,5029
yolov8x_training,3776.749763,70,124.196,13370.3125,100,225,10001,"[0, 100000]","[0, 100000]",0,0,1025,3662
yolov8x_training,3777.792518,70,124.280,13370.3125,100,210,10001,"[0, 100000]","[0, 100000]",0,0,1074,2587
yolov8x_training,3778.835382,70,123.983,13370.3125,97,210,10001,"[0, 100000]","[0, 100000]",0,0,1025,3369
yolov8x_training,3779.878247,70,123.804,13370.3125,97,225,10001,"[0, 100000]","[0, 100000]",0,0,927,25927
yolov8x_training,3780.921364,70,123.364,13370.3125,97,210,10001,"[0, 100000]","[0, 100000]",0,0,585,292
yolov8x_training,3781.964165,70,124.299,13370.3125,97,210,10001,"[0, 100000]","[0, 100000]",0,0,89404,15039
yolov8x_training,3783.007512,70,123.708,13370.3125,96,210,10001,"[0, 100000]","[0, 100000]",0,0,1123,63671
yolov8x_training,3784.230837,70,122.575,13370.3125,96,210,10001,"[0, 100000]","[0, 100000]",0,0,7226,7080
yolov8x_training,3785.273643,70,123.253,13370.3125,97,210,10001,"[0, 100000]","[0, 100000]",0,0,1562,6347
yolov8x_training,3786.316449,70,121.757,13370.3125,98,210,10001,"[0, 100000]","[0, 100000]",0,0,1171,5566
yolov8x_training,3787.359195,70,122.253,13370.3125,98,210,10001,"[0, 100000]","[0, 100000]",0,0,976,3417
yolov8x_training,3788.401909,70,122.230,13370.3125,98,210,10001,"[0, 100000]","[0, 100000]",0,0,878,3369
yolov8x_training,3789.444673,71,124.704,13370.3125,97,210,10001,"[0, 100000]","[0, 100000]",0,0,1171,5615
yolov8x_training,3790.487631,71,123.513,13370.3125,96,210,10001,"[0, 100000]","[0, 100000]",0,0,1025,5126
yolov8x_training,3791.530413,71,123.233,13370.3125,100,210,10001,"[0, 100000]","[0, 100000]",0,0,1025,3613
yolov8x_training,3792.573330,71,123.042,13370.3125,100,210,10001,"[0, 100000]","[0, 100000]",0,0,927,3613
yolov8x_training,3793.616269,71,123.197,13370.3125,100,210,10001,"[0, 100000]","[0, 100000]",0,0,1025,4150
yolov8x_training,3794.659104,71,121.155,13370.3125,100,210,10001,"[0, 100000]","[0, 100000]",0,0,830,3027
yolov8x_training,3795.701891,71,122.081,13370.3125,100,210,10001,"[0, 100000]","[0, 100000]",0,0,1025,3613
yolov8x_training,3796.744736,71,124.151,13370.3125,98,210,10001,"[0, 100000]","[0, 100000]",0,0,976,3173
yolov8x_training,3797.787683,71,124.146,13370.3125,100,210,10001,"[0, 100000]","[0, 100000]",0,0,439,2490
yolov8x_training,3798.830568,71,124.010,13370.3125,100,210,10001,"[0, 100000]","[0, 100000]",0,0,341,292
yolov8x_training,3799.873296,71,125.651,13370.3125,100,210,10001,"[0, 100000]","[0, 100000]",0,0,292,1035839
yolov8x_training,3800.916137,71,124.563,13370.3125,100,210,10001,"[0, 100000]","[0, 100000]",0,0,3710,62988
yolov8x_training,3802.124022,70,126.415,13370.3125,100,210,10001,"[0, 100000]","[0, 100000]",0,0,8447,36230
yolov8x_training,3803.167017,69,123.395,13370.3125,100,330,10001,"[0, 100000]","[0, 100000]",0,0,781,10839
yolov8x_training,3804.209784,69,125.855,13370.3125,100,390,10001,"[0, 100000]","[0, 100000]",0,0,1220,4541
yolov8x_training,3805.252551,71,123.783,13370.3125,100,210,10001,"[0, 100000]","[0, 100000]",0,0,976,4003
yolov8x_training,3806.295347,71,124.098,13370.3125,100,240,10001,"[0, 100000]","[0, 100000]",0,0,1757,7666
yolov8x_training,3807.338105,71,124.319,13370.3125,100,210,10001,"[0, 100000]","[0, 100000]",0,0,1318,2539
yolov8x_training,3808.380912,71,122.694,13370.3125,100,240,10001,"[0, 100000]","[0, 100000]",0,0,1220,2783
yolov8x_training,3809.423724,71,124.845,13370.3125,100,225,10001,"[0, 100000]","[0, 100000]",0,0,976,4736
yolov8x_training,3810.466537,70,124.675,13370.3125,100,210,10001,"[0, 100000]","[0, 100000]",0,0,927,4052
yolov8x_training,3811.509381,70,124.399,13370.3125,100,210,10001,"[0, 100000]","[0, 100000]",0,0,878,1416
yolov8x_training,3812.552246,71,124.887,13370.3125,100,210,10001,"[0, 100000]","[0, 100000]",0,0,585,292
yolov8x_training,3813.595008,70,124.202,13370.3125,100,210,10001,"[0, 100000]","[0, 100000]",0,0,341,1031250
yolov8x_training,3814.637585,71,124.016,13370.3125,100,210,10001,"[0, 100000]","[0, 100000]",0,0,1074,5468
yolov8x_training,3815.887347,70,126.888,13370.3125,100,2370,10001,"[0, 100000]","[0, 100000]",0,0,9716,36474
yolov8x_training,3816.930328,70,126.843,13370.3125,100,2295,10001,"[0, 100000]","[0, 100000]",0,0,1562,3955
yolov8x_training,3817.973157,70,127.628,13370.3125,100,2430,10001,"[0, 100000]","[0, 100000]",0,0,1123,4052
yolov8x_training,3819.015871,71,128.689,13370.3125,100,210,10001,"[0, 100000]","[0, 100000]",0,0,927,4296
yolov8x_training,3820.058663,71,128.104,13370.3125,100,2505,10001,"[0, 100000]","[0, 100000]",0,0,1025,4785
yolov8x_training,3821.101459,71,128.981,13370.3125,100,210,10001,"[0, 100000]","[0, 100000]",0,0,1171,4785
yolov8x_training,3822.144265,71,124.492,13370.3125,100,210,10001,"[0, 100000]","[0, 100000]",0,0,1269,4150
yolov8x_training,3823.187010,71,124.044,13370.3125,100,210,10001,"[0, 100000]","[0, 100000]",0,0,1025,4296
yolov8x_training,3824.229814,71,123.755,13370.3125,100,210,10001,"[0, 100000]","[0, 100000]",0,0,1074,3906
yolov8x_training,3825.272656,71,124.230,13370.3125,100,210,10001,"[0, 100000]","[0, 100000]",0,0,927,3710
yolov8x_training,3826.315466,71,123.432,13370.3125,100,210,10001,"[0, 100000]","[0, 100000]",0,0,1025,2148
yolov8x_training,3827.358268,71,124.946,13370.3125,100,210,10001,"[0, 100000]","[0, 100000]",0,0,10302,53564
yolov8x_training,3828.401044,71,122.463,13370.3125,100,210,10001,"[0, 100000]","[0, 100000]",0,0,341,292
yolov8x_training,3829.443641,71,124.708,13370.3125,100,210,10001,"[0, 100000]","[0, 100000]",0,0,90673,16699
yolov8x_training,3830.668280,73,124.591,13370.3125,100,210,10001,"[0, 100000]","[0, 100000]",0,0,781,9960
yolov8x_training,3831.711016,72,125.377,13370.3125,100,210,10001,"[0, 100000]","[0, 100000]",0,0,1660,3320
yolov8x_training,3832.753744,71,122.051,13370.3125,100,210,10001,"[0, 100000]","[0, 100000]",0,0,1660,5517
yolov8x_training,3833.796472,71,121.147,13370.3125,100,210,10001,"[0, 100000]","[0, 100000]",0,0,1123,3857
yolov8x_training,3834.839354,72,123.406,13370.3125,100,225,10001,"[0, 100000]","[0, 100000]",0,0,976,4882
yolov8x_training,3835.882158,72,122.135,13370.3125,100,210,10001,"[0, 100000]","[0, 100000]",0,0,927,4492
yolov8x_training,3836.924962,72,121.791,13370.3125,100,210,10001,"[0, 100000]","[0, 100000]",0,0,1123,5761
yolov8x_training,3837.967673,71,122.673,13370.3125,100,210,10001,"[0, 100000]","[0, 100000]",0,0,1660,5566
yolov8x_training,3839.010424,71,122.710,13370.3125,100,210,10001,"[0, 100000]","[0, 100000]",0,0,1220,5371
yolov8x_training,3840.053218,71,122.903,13370.3125,100,210,10001,"[0, 100000]","[0, 100000]",0,0,1123,4052
yolov8x_training,3841.096033,70,124.112,13370.3125,100,210,10001,"[0, 100000]","[0, 100000]",0,0,1025,4150
yolov8x_training,3842.138818,71,123.982,13370.3125,100,225,10001,"[0, 100000]","[0, 100000]",0,0,878,3173
yolov8x_training,3843.181680,71,123.234,13370.3125,97,210,10001,"[0, 100000]","[0, 100000]",0,0,976,3173
yolov8x_training,3844.224506,71,123.065,13370.3125,100,210,10001,"[0, 100000]","[0, 100000]",0,0,878,1513
yolov8x_training,3845.267400,71,124.607,13370.3125,92,210,10001,"[0, 100000]","[0, 100000]",0,0,537,292
yolov8x_training,3846.310077,71,125.881,13370.3125,77,210,10001,"[0, 100000]","[0, 100000]",0,0,90039,10888
yolov8x_training,3847.353314,71,123.552,13370.3125,62,210,10001,"[0, 100000]","[0, 100000]",0,0,3515,5371
yolov8x_training,3848.579231,71,124.258,13370.3125,55,210,10001,"[0, 100000]","[0, 100000]",0,0,9570,37548
yolov8x_training,3849.622159,71,124.326,13370.3125,38,210,10001,"[0, 100000]","[0, 100000]",0,0,927,10742
yolov8x_training,3850.664860,71,124.646,13370.3125,13,240,10001,"[0, 100000]","[0, 100000]",0,0,1171,4638
yolov8x_training,3851.707864,71,124.730,13370.3125,28,225,10001,"[0, 100000]","[0, 100000]",0,0,927,3320
yolov8x_training,3852.750640,71,123.390,13370.3125,15,255,10001,"[0, 100000]","[0, 100000]",0,0,1171,5371
yolov8x_training,3853.793387,71,123.610,13370.3125,32,210,10001,"[0, 100000]","[0, 100000]",0,0,1123,5517
yolov8x_training,3854.836146,71,124.228,13370.3125,60,210,10001,"[0, 100000]","[0, 100000]",0,0,976,4248
yolov8x_training,3855.878925,70,122.324,13370.3125,45,240,10001,"[0, 100000]","[0, 100000]",0,0,1074,3417
yolov8x_training,3856.921721,70,121.880,13370.3125,45,255,10001,"[0, 100000]","[0, 100000]",0,0,1025,4248
yolov8x_training,3857.964452,71,121.947,13370.3125,24,255,10001,"[0, 100000]","[0, 100000]",0,0,1025,3564
yolov8x_training,3859.007205,71,123.625,13370.3125,20,210,10001,"[0, 100000]","[0, 100000]",0,0,1025,3759
yolov8x_training,3860.050021,70,122.842,13370.3125,24,255,10001,"[0, 100000]","[0, 100000]",0,0,927,3564
yolov8x_training,3861.093419,70,124.160,13370.3125,17,225,10001,"[0, 100000]","[0, 100000]",0,0,585,2539
yolov8x_training,3862.136256,70,122.398,13370.3125,65,210,10001,"[0, 100000]","[0, 100000]",0,0,683,341
yolov8x_training,3863.178884,70,125.038,13370.3125,57,210,10001,"[0, 100000]","[0, 100000]",0,0,292,292
yolov8x_training,3864.221569,70,124.354,13370.3125,70,210,10001,"[0, 100000]","[0, 100000]",0,0,1757,5419
yolov8x_training,3865.264607,70,120.285,13370.3125,85,210,10001,"[0, 100000]","[0, 100000]",0,0,1367,60449
yolov8x_training,3866.486286,70,120.499,13370.3125,77,210,10001,"[0, 100000]","[0, 100000]",0,0,1464,3955
yolov8x_training,3867.529027,70,121.265,13370.3125,82,390,10001,"[0, 100000]","[0, 100000]",0,0,830,9423
yolov8x_training,3868.571746,70,119.911,13370.3125,100,330,10001,"[0, 100000]","[0, 100000]",0,0,1220,5566
yolov8x_training,3869.614447,70,119.433,13370.3125,93,330,10001,"[0, 100000]","[0, 100000]",0,0,878,4248
yolov8x_training,3870.657204,70,122.580,13370.3125,100,210,10001,"[0, 100000]","[0, 100000]",0,0,1855,7128
yolov8x_training,3871.699925,70,123.608,13370.3125,100,210,10001,"[0, 100000]","[0, 100000]",0,0,1757,4638
yolov8x_training,3872.742971,71,122.363,13370.3125,100,210,10001,"[0, 100000]","[0, 100000]",0,0,1220,5322
yolov8x_training,3873.785714,71,123.271,13370.3125,100,210,10001,"[0, 100000]","[0, 100000]",0,0,1220,4589
yolov8x_training,3874.828476,70,124.880,13370.3125,98,210,10001,"[0, 100000]","[0, 100000]",0,0,1025,3808
yolov8x_training,3875.871247,71,124.897,13370.3125,100,210,10001,"[0, 100000]","[0, 100000]",0,0,732,3759
yolov8x_training,3876.914050,70,124.229,13370.3125,100,210,10001,"[0, 100000]","[0, 100000]",0,0,927,1367
yolov8x_training,3877.956843,70,122.037,13370.3125,100,210,10001,"[0, 100000]","[0, 100000]",0,0,878,585
yolov8x_training,3878.999778,70,124.161,13370.3125,100,225,10001,"[0, 100000]","[0, 100000]",0,0,341,292
yolov8x_training,3880.042365,70,121.912,13370.3125,100,210,10001,"[0, 100000]","[0, 100000]",0,0,390,1036718
yolov8x_training,3881.085519,70,124.543,13370.3125,100,225,10001,"[0, 100000]","[0, 100000]",0,0,976,5712
yolov8x_training,3882.304155,70,122.662,13370.3125,100,210,10001,"[0, 100000]","[0, 100000]",0,0,9716,36425
yolov8x_training,3883.347521,70,123.138,13370.3125,100,210,10001,"[0, 100000]","[0, 100000]",0,0,4052,2734
yolov8x_training,3884.390694,70,128.928,13370.3125,100,210,10001,"[0, 100000]","[0, 100000]",0,0,1562,5810
yolov8x_training,3885.433439,70,127.274,13370.3125,97,210,10001,"[0, 100000]","[0, 100000]",0,0,927,4199
yolov8x_training,3886.476799,70,124.370,13370.3125,97,210,10001,"[0, 100000]","[0, 100000]",0,0,1562,5664
yolov8x_training,3887.521415,71,122.907,13370.3125,98,210,10001,"[0, 100000]","[0, 100000]",0,0,1953,3662
yolov8x_training,3888.564358,71,123.485,13370.3125,98,210,10001,"[0, 100000]","[0, 100000]",0,0,1123,5957
yolov8x_training,3889.607187,71,122.591,13370.3125,98,210,10001,"[0, 100000]","[0, 100000]",0,0,1220,3417
yolov8x_training,3890.649926,70,123.674,13370.3125,97,210,10001,"[0, 100000]","[0, 100000]",0,0,1074,3955
yolov8x_training,3891.692753,71,123.916,13370.3125,97,210,10001,"[0, 100000]","[0, 100000]",0,0,781,3320
yolov8x_training,3892.735611,70,123.914,13370.3125,100,210,10001,"[0, 100000]","[0, 100000]",0,0,1074,927
yolov8x_training,3893.778532,70,123.619,13370.3125,100,210,10001,"[0, 100000]","[0, 100000]",0,0,830,292
yolov8x_training,3894.821298,71,125.561,13370.3125,100,210,10001,"[0, 100000]","[0, 100000]",0,0,341,292
yolov8x_training,3895.863900,71,124.347,13370.3125,100,210,10001,"[0, 100000]","[0, 100000]",0,0,2832,14843
yolov8x_training,3897.090203,71,124.703,13370.3125,100,210,10001,"[0, 100000]","[0, 100000]",0,0,3271,2539
yolov8x_training,3898.133116,71,125.766,13370.3125,100,210,10001,"[0, 100000]","[0, 100000]",0,0,2001,5419
yolov8x_training,3899.176273,70,124.996,13370.3125,100,300,10001,"[0, 100000]","[0, 100000]",0,0,1660,5175
yolov8x_training,3900.219029,71,122.535,13370.3125,100,210,10001,"[0, 100000]","[0, 100000]",0,0,1123,4052
yolov8x_training,3901.261781,71,122.551,13370.3125,100,210,10001,"[0, 100000]","[0, 100000]",0,0,976,4101
yolov8x_training,3902.304824,71,123.119,13370.3125,100,210,10001,"[0, 100000]","[0, 100000]",0,0,1171,13134
yolov8x_training,3903.347746,71,122.846,13370.3125,100,375,10001,"[0, 100000]","[0, 100000]",0,0,1220,9863
yolov8x_training,3904.390552,71,123.920,13370.3125,100,210,10001,"[0, 100000]","[0, 100000]",0,0,1220,5419
yolov8x_training,3905.433298,71,123.629,13370.3125,100,255,10001,"[0, 100000]","[0, 100000]",0,0,1025,4101
yolov8x_training,3906.476131,71,122.613,13370.3125,100,240,10001,"[0, 100000]","[0, 100000]",0,0,1074,4785
yolov8x_training,3907.518982,71,123.470,13370.3125,100,240,10001,"[0, 100000]","[0, 100000]",0,0,1025,2636
yolov8x_training,3908.561854,70,123.348,13370.3125,100,225,10001,"[0, 100000]","[0, 100000]",0,0,1025,3320
yolov8x_training,3909.604789,70,123.780,13370.3125,100,210,10001,"[0, 100000]","[0, 100000]",0,0,878,390
yolov8x_training,3910.647665,70,122.574,13370.3125,100,225,10001,"[0, 100000]","[0, 100000]",0,0,14599,292
yolov8x_training,3911.690754,70,124.203,13370.3125,100,210,10001,"[0, 100000]","[0, 100000]",0,0,292,1033691
yolov8x_training,3912.733460,70,124.418,13370.3125,100,750,10001,"[0, 100000]","[0, 100000]",0,0,1220,61425
yolov8x_training,3913.952742,70,119.572,13370.3125,100,1485,10001,"[0, 100000]","[0, 100000]",0,0,4394,4296
yolov8x_training,3914.995595,71,120.229,13370.3125,100,585,10001,"[0, 100000]","[0, 100000]",0,0,1025,8984
yolov8x_training,3916.038353,70,121.327,13370.3125,100,1800,10001,"[0, 100000]","[0, 100000]",0,0,1025,3759
yolov8x_training,3917.081205,71,125.016,13370.3125,100,2505,10001,"[0, 100000]","[0, 100000]",0,0,1025,4882
yolov8x_training,3918.124033,71,126.100,13370.3125,100,2505,10001,"[0, 100000]","[0, 100000]",0,0,2099,4541
yolov8x_training,3919.166806,70,125.465,13370.3125,100,210,10001,"[0, 100000]","[0, 100000]",0,0,1562,4541
yolov8x_training,3920.209593,71,125.683,13370.3125,100,210,10001,"[0, 100000]","[0, 100000]",0,0,1025,4150
yolov8x_training,3921.252425,70,126.238,13370.3125,100,210,10001,"[0, 100000]","[0, 100000]",0,0,1025,4492
yolov8x_training,3922.295209,70,121.742,13370.3125,100,210,10001,"[0, 100000]","[0, 100000]",0,0,1269,2587
yolov8x_training,3923.338640,70,122.249,13370.3125,100,210,10001,"[0, 100000]","[0, 100000]",0,0,1171,2148
yolov8x_training,3924.381523,70,124.013,13370.3125,100,210,10001,"[0, 100000]","[0, 100000]",0,0,976,3466
yolov8x_training,3925.424360,70,123.035,13370.3125,100,210,10001,"[0, 100000]","[0, 100000]",0,0,927,1074
yolov8x_training,3926.467248,70,123.129,13370.3125,100,210,10001,"[0, 100000]","[0, 100000]",0,0,10009,341
yolov8x_training,3927.509987,70,124.312,13370.3125,100,225,10001,"[0, 100000]","[0, 100000]",0,0,89843,19238
yolov8x_training,3928.719220,70,124.236,13370.3125,100,210,10001,"[0, 100000]","[0, 100000]",0,0,9375,39306
yolov8x_training,3929.762311,70,124.397,13370.3125,100,210,10001,"[0, 100000]","[0, 100000]",0,0,1416,10400
yolov8x_training,3930.805082,69,124.467,13370.3125,100,210,10001,"[0, 100000]","[0, 100000]",0,0,1171,4931
yolov8x_training,3931.847804,69,124.534,13370.3125,100,225,10001,"[0, 100000]","[0, 100000]",0,0,1074,4882
yolov8x_training,3932.891110,71,122.258,13370.3125,100,225,10001,"[0, 100000]","[0, 100000]",0,0,1171,7128
yolov8x_training,3933.933795,70,121.932,13370.3125,100,210,10001,"[0, 100000]","[0, 100000]",0,0,2343,3906
yolov8x_training,3934.976562,70,122.363,13370.3125,100,210,10001,"[0, 100000]","[0, 100000]",0,0,1318,4541
yolov8x_training,3936.019336,70,124.394,13370.3125,100,210,10001,"[0, 100000]","[0, 100000]",0,0,1074,3564
yolov8x_training,3937.062224,70,122.169,13370.3125,100,210,10001,"[0, 100000]","[0, 100000]",0,0,976,4345
yolov8x_training,3938.105055,70,123.487,13370.3125,100,210,10001,"[0, 100000]","[0, 100000]",0,0,1025,3857
yolov8x_training,3939.147858,70,122.628,13370.3125,100,210,10001,"[0, 100000]","[0, 100000]",0,0,1025,3320
yolov8x_training,3940.190803,70,124.105,13370.3125,100,210,10001,"[0, 100000]","[0, 100000]",0,0,1074,2929
yolov8x_training,3941.233722,70,122.205,13370.3125,100,210,10001,"[0, 100000]","[0, 100000]",0,0,537,2441
yolov8x_training,3942.276679,71,124.748,13370.3125,100,210,10001,"[0, 100000]","[0, 100000]",0,0,11523,292
yolov8x_training,3943.319475,70,122.533,13370.3125,99,210,10001,"[0, 100000]","[0, 100000]",0,0,292,292
yolov8x_training,3944.362203,70,124.447,13370.3125,100,210,10001,"[0, 100000]","[0, 100000]",0,0,90917,7226
yolov8x_training,3945.405609,70,123.051,13370.3125,100,210,10001,"[0, 100000]","[0, 100000]",0,0,976,6640
yolov8x_training,3946.620540,71,124.165,13370.3125,100,210,10001,"[0, 100000]","[0, 100000]",0,0,8007,45947
yolov8x_training,3947.663399,73,124.397,13370.3125,100,210,10001,"[0, 100000]","[0, 100000]",0,0,781,10498
yolov8x_training,3948.706190,71,125.037,13370.3125,78,375,10001,"[0, 100000]","[0, 100000]",0,0,1171,5371
yolov8x_training,3949.748981,71,123.391,13370.3125,83,210,10001,"[0, 100000]","[0, 100000]",0,0,1074,4003
yolov8x_training,3950.792032,74,123.397,13370.3125,99,375,10001,"[0, 100000]","[0, 100000]",0,0,927,3857
yolov8x_training,3951.834823,71,123.541,13370.3125,92,210,10001,"[0, 100000]","[0, 100000]",0,0,2197,3906
yolov8x_training,3952.877593,71,124.612,13370.3125,56,255,10001,"[0, 100000]","[0, 100000]",0,0,1220,3369
yolov8x_training,3953.920381,71,124.014,13370.3125,18,255,10001,"[0, 100000]","[0, 100000]",0,0,1025,3857
yolov8x_training,3954.963245,70,122.820,13370.3125,45,210,10001,"[0, 100000]","[0, 100000]",0,0,976,3662
yolov8x_training,3956.006024,70,125.307,13370.3125,55,255,10001,"[0, 100000]","[0, 100000]",0,0,781,3076
yolov8x_training,3957.048784,70,125.152,13370.3125,17,210,10001,"[0, 100000]","[0, 100000]",0,0,1025,3564
yolov8x_training,3958.091768,70,124.436,13370.3125,34,210,10001,"[0, 100000]","[0, 100000]",0,0,3662,76757
yolov8x_training,3959.134767,70,124.094,13370.3125,31,210,10001,"[0, 100000]","[0, 100000]",0,0,292,292
yolov8x_training,3960.177461,70,124.051,13370.3125,59,1920,10001,"[0, 100000]","[0, 100000]",0,0,4296,64306
yolov8x_training,3961.394654,70,127.485,13370.3125,100,210,10001,"[0, 100000]","[0, 100000]",0,0,8642,7714
yolov8x_training,3962.437510,70,122.742,13370.3125,100,2325,10001,"[0, 100000]","[0, 100000]",0,0,1367,6445
yolov8x_training,3963.480422,71,127.138,13370.3125,100,2310,10001,"[0, 100000]","[0, 100000]",0,0,830,11572
yolov8x_training,3964.523263,70,128.275,13370.3125,100,2295,10001,"[0, 100000]","[0, 100000]",0,0,1025,4296
yolov8x_training,3965.566040,71,128.316,13370.3125,97,1830,10001,"[0, 100000]","[0, 100000]",0,0,1123,10742
yolov8x_training,3966.608772,70,124.957,13370.3125,98,210,10001,"[0, 100000]","[0, 100000]",0,0,1074,4541
yolov8x_training,3967.651596,70,123.746,13370.3125,98,210,10001,"[0, 100000]","[0, 100000]",0,0,1269,3222
yolov8x_training,3968.694408,71,123.920,13370.3125,98,225,10001,"[0, 100000]","[0, 100000]",0,0,1025,4296
yolov8x_training,3969.737207,71,123.588,13370.3125,97,210,10001,"[0, 100000]","[0, 100000]",0,0,878,3125
yolov8x_training,3970.780078,71,122.321,13370.3125,96,225,10001,"[0, 100000]","[0, 100000]",0,0,830,3515
yolov8x_training,3971.822942,71,122.691,13370.3125,97,225,10001,"[0, 100000]","[0, 100000]",0,0,976,3759
yolov8x_training,3972.865897,71,124.526,13370.3125,97,210,10001,"[0, 100000]","[0, 100000]",0,0,976,878
yolov8x_training,3973.908806,70,125.120,13370.3125,100,210,10001,"[0, 100000]","[0, 100000]",0,0,341,292
yolov8x_training,3974.951561,71,123.203,13370.3125,97,210,10001,"[0, 100000]","[0, 100000]",0,0,341,1037548
yolov8x_training,3975.994497,69,124.999,13370.3125,100,210,10001,"[0, 100000]","[0, 100000]",0,0,1074,64990
yolov8x_training,3977.214675,69,123.007,13370.3125,100,210,10001,"[0, 100000]","[0, 100000]",0,0,732,9960
yolov8x_training,3978.257457,69,124.741,13370.3125,100,210,10001,"[0, 100000]","[0, 100000]",0,0,976,8154
yolov8x_training,3979.300249,69,124.171,13370.3125,100,210,10001,"[0, 100000]","[0, 100000]",0,0,976,3857
yolov8x_training,3980.343060,72,124.229,13370.3125,100,330,10001,"[0, 100000]","[0, 100000]",0,0,1660,8105
yolov8x_training,3981.385787,71,123.858,13370.3125,100,240,10001,"[0, 100000]","[0, 100000]",0,0,1220,3320
yolov8x_training,3982.428510,71,123.032,13370.3125,100,210,10001,"[0, 100000]","[0, 100000]",0,0,1025,3027
yolov8x_training,3983.471253,70,122.199,13370.3125,100,210,10001,"[0, 100000]","[0, 100000]",0,0,976,4541
yolov8x_training,3984.513919,70,123.912,13370.3125,100,210,10001,"[0, 100000]","[0, 100000]",0,0,1171,2539
yolov8x_training,3985.556994,70,123.019,13370.3125,100,210,10001,"[0, 100000]","[0, 100000]",0,0,927,3857
yolov8x_training,3986.599849,71,123.129,13370.3125,100,360,10001,"[0, 100000]","[0, 100000]",0,0,976,2978
yolov8x_training,3987.642677,70,123.756,13370.3125,100,210,10001,"[0, 100000]","[0, 100000]",0,0,976,1367
yolov8x_training,3988.685446,70,123.718,13370.3125,100,210,10001,"[0, 100000]","[0, 100000]",0,0,439,292
yolov8x_training,3989.728226,70,124.911,13370.3125,100,210,10001,"[0, 100000]","[0, 100000]",0,0,88769,14990
yolov8x_training,3990.771290,70,117.882,13370.3125,100,225,10001,"[0, 100000]","[0, 100000]",0,0,2783,5419
yolov8x_training,3991.995853,70,119.096,13370.3125,100,210,10001,"[0, 100000]","[0, 100000]",0,0,9814,35693
yolov8x_training,3993.038882,71,122.047,13370.3125,100,210,10001,"[0, 100000]","[0, 100000]",0,0,1611,6347
yolov8x_training,3994.081739,70,123.546,13370.3125,100,345,10001,"[0, 100000]","[0, 100000]",0,0,1464,5322
yolov8x_training,3995.124514,70,123.887,13370.3125,100,330,10001,"[0, 100000]","[0, 100000]",0,0,976,4003
yolov8x_training,3996.167253,70,123.903,13370.3125,100,210,10001,"[0, 100000]","[0, 100000]",0,0,1074,4589
yolov8x_training,3997.210006,70,123.407,13370.3125,100,210,10001,"[0, 100000]","[0, 100000]",0,0,1074,11718
yolov8x_training,3998.252775,70,120.672,13370.3125,100,210,10001,"[0, 100000]","[0, 100000]",0,0,2099,3808
yolov8x_training,3999.295525,70,124.467,13370.3125,100,210,10001,"[0, 100000]","[0, 100000]",0,0,1171,6054
yolov8x_training,4000.338215,71,124.088,13370.3125,100,210,10001,"[0, 100000]","[0, 100000]",0,0,1025,3808
yolov8x_training,4001.380924,70,123.016,13370.3125,100,210,10001,"[0, 100000]","[0, 100000]",0,0,1025,3662
yolov8x_training,4002.423675,70,124.571,13370.3125,100,210,10001,"[0, 100000]","[0, 100000]",0,0,830,2832
yolov8x_training,4003.466374,70,123.579,13370.3125,100,210,10001,"[0, 100000]","[0, 100000]",0,0,1025,3662
yolov8x_training,4004.509179,70,124.155,13370.3125,100,225,10001,"[0, 100000]","[0, 100000]",0,0,927,292
yolov8x_training,4005.551824,70,124.472,13370.3125,100,210,10001,"[0, 100000]","[0, 100000]",0,0,341,292
yolov8x_training,4006.594413,70,122.174,13370.3125,100,225,10001,"[0, 100000]","[0, 100000]",0,0,341,1032128
yolov8x_training,4007.798053,70,127.423,13370.3125,100,210,10001,"[0, 100000]","[0, 100000]",0,0,9472,38378
yolov8x_training,4008.840895,70,123.235,13370.3125,100,210,10001,"[0, 100000]","[0, 100000]",0,0,1464,3955
yolov8x_training,4009.883624,70,123.051,13370.3125,100,210,10001,"[0, 100000]","[0, 100000]",0,0,830,10058
yolov8x_training,4010.926622,70,124.666,13370.3125,100,210,10001,"[0, 100000]","[0, 100000]",0,0,878,4394
yolov8x_training,4011.969338,70,123.575,13370.3125,100,210,10001,"[0, 100000]","[0, 100000]",0,0,1074,5078
yolov8x_training,4013.012233,71,122.508,13370.3125,100,210,10001,"[0, 100000]","[0, 100000]",0,0,1220,12060
yolov8x_training,4014.055037,71,124.607,13370.3125,100,210,10001,"[0, 100000]","[0, 100000]",0,0,1171,4931
yolov8x_training,4015.097871,70,122.952,13370.3125,100,210,10001,"[0, 100000]","[0, 100000]",0,0,1123,3417
yolov8x_training,4016.140738,71,121.870,13370.3125,100,210,10001,"[0, 100000]","[0, 100000]",0,0,976,4003
yolov8x_training,4017.183523,71,123.424,13370.3125,100,210,10001,"[0, 100000]","[0, 100000]",0,0,976,3076
yolov8x_training,4018.226264,70,122.308,13370.3125,100,210,10001,"[0, 100000]","[0, 100000]",0,0,781,2978
yolov8x_training,4019.269161,70,124.414,13370.3125,100,210,10001,"[0, 100000]","[0, 100000]",0,0,1025,1904
yolov8x_training,4020.311992,70,124.318,13370.3125,100,210,10001,"[0, 100000]","[0, 100000]",0,0,878,830
yolov8x_training,4021.354932,70,124.838,13370.3125,97,210,10001,"[0, 100000]","[0, 100000]",0,0,341,292
yolov8x_training,4022.397588,70,125.529,13370.3125,71,210,10001,"[0, 100000]","[0, 100000]",0,0,90234,18847
yolov8x_training,4023.619987,71,125.015,13370.3125,36,210,10001,"[0, 100000]","[0, 100000]",0,0,9765,11816
yolov8x_training,4024.663094,73,124.358,13370.3125,19,210,10001,"[0, 100000]","[0, 100000]",0,0,1904,5761
yolov8x_training,4025.705837,73,125.249,13370.3125,21,210,10001,"[0, 100000]","[0, 100000]",0,0,1074,4248
yolov8x_training,4026.748557,71,124.786,13370.3125,24,345,10001,"[0, 100000]","[0, 100000]",0,0,1025,4248
yolov8x_training,4027.791353,71,122.663,13370.3125,23,210,10001,"[0, 100000]","[0, 100000]",0,0,1025,5371
yolov8x_training,4028.834125,71,123.574,13370.3125,20,210,10001,"[0, 100000]","[0, 100000]",0,0,2099,4150
yolov8x_training,4029.876863,71,123.172,13370.3125,18,330,10001,"[0, 100000]","[0, 100000]",0,0,878,4541
yolov8x_training,4030.919647,71,122.740,13370.3125,8,255,10001,"[0, 100000]","[0, 100000]",0,0,1220,4541
yolov8x_training,4031.962333,71,123.825,13370.3125,12,210,10001,"[0, 100000]","[0, 100000]",0,0,1074,3906
yolov8x_training,4033.005147,71,123.951,13370.3125,39,225,10001,"[0, 100000]","[0, 100000]",0,0,781,2978
yolov8x_training,4034.047918,71,122.973,13370.3125,47,210,10001,"[0, 100000]","[0, 100000]",0,0,732,2685
yolov8x_training,4035.090795,70,123.116,13370.3125,28,210,10001,"[0, 100000]","[0, 100000]",0,0,1074,3515
yolov8x_training,4036.133615,70,123.569,13370.3125,33,255,10001,"[0, 100000]","[0, 100000]",0,0,537,2294
yolov8x_training,4037.176723,70,120.653,13370.3125,0,210,10001,"[0, 100000]","[0, 100000]",0,0,683,1855
yolov8x_training,4038.219531,70,122.889,13370.3125,29,210,10001,"[0, 100000]","[0, 100000]",0,0,585,2392
yolov8x_training,4039.262396,70,123.254,13370.3125,38,210,10001,"[0, 100000]","[0, 100000]",0,0,341,292
yolov8x_training,4040.304984,71,124.073,13370.3125,12,210,10001,"[0, 100000]","[0, 100000]",0,0,89843,9423
yolov8x_training,4041.348040,70,123.524,13370.3125,25,210,10001,"[0, 100000]","[0, 100000]",0,0,90283,10449
yolov8x_training,4042.391319,70,123.108,13370.3125,25,210,10001,"[0, 100000]","[0, 100000]",0,0,1025,5859
yolov8x_training,4043.604635,71,123.924,13370.3125,19,210,10001,"[0, 100000]","[0, 100000]",0,0,7421,5078
yolov8x_training,4044.647367,72,123.905,13370.3125,14,210,10001,"[0, 100000]","[0, 100000]",0,0,1318,10595
yolov8x_training,4045.690181,74,124.785,13370.3125,29,210,10001,"[0, 100000]","[0, 100000]",0,0,1074,4541
yolov8x_training,4046.732197,71,124.788,13370.3125,26,210,10001,"[0, 100000]","[0, 100000]",0,0,878,4443
yolov8x_training,4047.774983,71,123.029,13370.3125,21,240,10001,"[0, 100000]","[0, 100000]",0,0,1074,5615
yolov8x_training,4048.817747,71,124.195,13370.3125,59,225,10001,"[0, 100000]","[0, 100000]",0,0,1171,5566
yolov8x_training,4049.860418,71,123.495,13370.3125,51,210,10001,"[0, 100000]","[0, 100000]",0,0,1171,3759
yolov8x_training,4050.903139,70,124.760,13370.3125,79,210,10001,"[0, 100000]","[0, 100000]",0,0,1025,3857
yolov8x_training,4051.945880,71,125.006,13370.3125,100,210,10001,"[0, 100000]","[0, 100000]",0,0,976,3710
yolov8x_training,4052.988660,70,122.925,13370.3125,100,210,10001,"[0, 100000]","[0, 100000]",0,0,1025,3759
yolov8x_training,4054.031410,70,123.762,13370.3125,100,210,10001,"[0, 100000]","[0, 100000]",0,0,1123,878
yolov8x_training,4055.074398,70,124.793,13370.3125,100,210,10001,"[0, 100000]","[0, 100000]",0,0,341,292
yolov8x_training,4056.117193,70,124.140,13370.3125,100,210,10001,"[0, 100000]","[0, 100000]",0,0,3710,53369
yolov8x_training,4057.358832,70,122.504,13370.3125,98,210,10001,"[0, 100000]","[0, 100000]",0,0,9521,37744
yolov8x_training,4058.401700,70,124.223,13370.3125,100,210,10001,"[0, 100000]","[0, 100000]",0,0,1757,9863
yolov8x_training,4059.444443,70,123.463,13370.3125,100,210,10001,"[0, 100000]","[0, 100000]",0,0,1220,5468
yolov8x_training,4060.487262,70,124.400,13370.3125,97,210,10001,"[0, 100000]","[0, 100000]",0,0,976,4931
yolov8x_training,4061.530436,70,123.063,13370.3125,100,210,10001,"[0, 100000]","[0, 100000]",0,0,1074,4736
yolov8x_training,4062.573131,70,123.910,13370.3125,97,210,10001,"[0, 100000]","[0, 100000]",0,0,1269,5322
yolov8x_training,4063.615901,70,122.869,13370.3125,97,210,10001,"[0, 100000]","[0, 100000]",0,0,1171,5273
yolov8x_training,4064.658726,70,123.305,13370.3125,97,210,10001,"[0, 100000]","[0, 100000]",0,0,781,4492
yolov8x_training,4065.701473,70,122.948,13370.3125,100,210,10001,"[0, 100000]","[0, 100000]",0,0,927,3271
yolov8x_training,4066.744228,70,124.527,13370.3125,97,210,10001,"[0, 100000]","[0, 100000]",0,0,1123,3955
yolov8x_training,4067.787091,70,121.919,13370.3125,100,210,10001,"[0, 100000]","[0, 100000]",0,0,1074,2197
yolov8x_training,4068.829927,70,123.299,13370.3125,98,225,10001,"[0, 100000]","[0, 100000]",0,0,927,4199
yolov8x_training,4069.872661,70,123.661,13370.3125,100,210,10001,"[0, 100000]","[0, 100000]",0,0,927,3271
yolov8x_training,4070.915404,70,123.132,13370.3125,97,210,10001,"[0, 100000]","[0, 100000]",0,0,927,781
yolov8x_training,4071.958263,70,123.376,13370.3125,98,225,10001,"[0, 100000]","[0, 100000]",0,0,341,292
yolov8x_training,4073.000845,69,124.362,13370.3125,97,210,10001,"[0, 100000]","[0, 100000]",0,0,88720,15625
yolov8x_training,4074.043747,69,122.878,13370.3125,97,210,10001,"[0, 100000]","[0, 100000]",0,0,1416,64794
yolov8x_training,4075.251024,69,124.851,13370.3125,98,210,10001,"[0, 100000]","[0, 100000]",0,0,1416,4785
yolov8x_training,4076.293777,72,122.464,13370.3125,99,210,10001,"[0, 100000]","[0, 100000]",0,0,1855,5468
yolov8x_training,4077.336457,70,123.043,13370.3125,100,210,10001,"[0, 100000]","[0, 100000]",0,0,1074,4882
yolov8x_training,4078.379175,69,122.450,13370.3125,98,210,10001,"[0, 100000]","[0, 100000]",0,0,1318,4296
yolov8x_training,4079.422377,69,122.910,13370.3125,97,210,10001,"[0, 100000]","[0, 100000]",0,0,1074,3808
yolov8x_training,4080.465116,69,122.658,13370.3125,97,210,10001,"[0, 100000]","[0, 100000]",0,0,1171,5615
yolov8x_training,4081.507823,70,124.328,13370.3125,97,210,10001,"[0, 100000]","[0, 100000]",0,0,1025,10400
yolov8x_training,4082.550522,70,124.137,13370.3125,98,210,10001,"[0, 100000]","[0, 100000]",0,0,1220,6152
yolov8x_training,4083.593306,70,123.783,13370.3125,100,210,10001,"[0, 100000]","[0, 100000]",0,0,1074,3759
yolov8x_training,4084.636121,70,123.980,13370.3125,100,390,10001,"[0, 100000]","[0, 100000]",0,0,976,3710
yolov8x_training,4085.678931,70,123.971,13370.3125,100,210,10001,"[0, 100000]","[0, 100000]",0,0,1074,3320
yolov8x_training,4086.721736,70,123.207,13370.3125,100,210,10001,"[0, 100000]","[0, 100000]",0,0,683,292
yolov8x_training,4087.764449,70,125.067,13370.3125,100,210,10001,"[0, 100000]","[0, 100000]",0,0,341,1036523
yolov8x_training,4088.807153,70,124.257,13370.3125,100,210,10001,"[0, 100000]","[0, 100000]",0,0,89062,17626
yolov8x_training,4089.850885,70,124.035,13370.3125,100,210,10001,"[0, 100000]","[0, 100000]",0,0,1318,56542
yolov8x_training,4091.068816,70,122.727,13370.3125,100,210,10001,"[0, 100000]","[0, 100000]",0,0,683,9960
yolov8x_training,4092.111561,70,122.842,13370.3125,100,210,10001,"[0, 100000]","[0, 100000]",0,0,1367,5664
yolov8x_training,4093.154234,70,122.539,13370.3125,100,210,10001,"[0, 100000]","[0, 100000]",0,0,1220,5175
yolov8x_training,4094.197001,70,121.537,13370.3125,100,210,10001,"[0, 100000]","[0, 100000]",0,0,976,3662
yolov8x_training,4095.239924,71,122.359,13370.3125,100,210,10001,"[0, 100000]","[0, 100000]",0,0,1757,6689
yolov8x_training,4096.282677,70,124.418,13370.3125,100,210,10001,"[0, 100000]","[0, 100000]",0,0,1171,6201
yolov8x_training,4097.325369,70,123.980,13370.3125,100,210,10001,"[0, 100000]","[0, 100000]",0,0,1123,3417
yolov8x_training,4098.368134,70,125.026,13370.3125,100,210,10001,"[0, 100000]","[0, 100000]",0,0,1025,4345
yolov8x_training,4099.410918,70,124.241,13370.3125,100,210,10001,"[0, 100000]","[0, 100000]",0,0,830,3417
yolov8x_training,4100.453712,71,123.538,13370.3125,100,210,10001,"[0, 100000]","[0, 100000]",0,0,1025,3466
yolov8x_training,4101.496459,70,123.001,13370.3125,100,210,10001,"[0, 100000]","[0, 100000]",0,0,1025,3662
yolov8x_training,4102.539264,70,124.279,13370.3125,100,210,10001,"[0, 100000]","[0, 100000]",0,0,585,341
yolov8x_training,4103.581988,70,123.974,13370.3125,100,210,10001,"[0, 100000]","[0, 100000]",0,0,89599,11523
yolov8x_training,4104.625055,70,122.475,13370.3125,100,210,10001,"[0, 100000]","[0, 100000]",0,0,89648,13964
yolov8x_training,4105.840582,70,127.400,13370.3125,100,210,10001,"[0, 100000]","[0, 100000]",0,0,9179,39794
yolov8x_training,4106.883430,70,129.225,13370.3125,100,210,10001,"[0, 100000]","[0, 100000]",0,0,1806,5517
yolov8x_training,4107.926280,70,124.352,13370.3125,100,210,10001,"[0, 100000]","[0, 100000]",0,0,976,4101
yolov8x_training,4108.969123,69,124.212,13370.3125,100,210,10001,"[0, 100000]","[0, 100000]",0,0,1025,4492
yolov8x_training,4110.012388,70,123.013,13370.3125,100,210,10001,"[0, 100000]","[0, 100000]",0,0,1171,7421
yolov8x_training,4111.055070,70,124.306,13370.3125,100,210,10001,"[0, 100000]","[0, 100000]",0,0,1123,5712
yolov8x_training,4112.097803,70,124.259,13370.3125,100,210,10001,"[0, 100000]","[0, 100000]",0,0,1025,4199
yolov8x_training,4113.140641,70,123.303,13370.3125,100,210,10001,"[0, 100000]","[0, 100000]",0,0,927,3808
yolov8x_training,4114.183473,70,122.099,13370.3125,100,210,10001,"[0, 100000]","[0, 100000]",0,0,927,3515
yolov8x_training,4115.226377,70,123.600,13370.3125,100,210,10001,"[0, 100000]","[0, 100000]",0,0,1171,634
yolov8x_training,4116.269235,70,123.445,13370.3125,88,210,10001,"[0, 100000]","[0, 100000]",0,0,5224,91601
yolov8x_training,4117.312124,70,124.189,13370.3125,96,210,10001,"[0, 100000]","[0, 100000]",0,0,341,292
yolov8x_training,4118.354695,70,123.845,13370.3125,76,210,10001,"[0, 100000]","[0, 100000]",0,0,89062,13330
yolov8x_training,4119.398080,70,123.760,13370.3125,71,210,10001,"[0, 100000]","[0, 100000]",0,0,2490,60302
yolov8x_training,4120.617429,71,125.108,13370.3125,68,210,10001,"[0, 100000]","[0, 100000]",0,0,8398,36035
yolov8x_training,4121.660268,70,124.677,13370.3125,58,210,10001,"[0, 100000]","[0, 100000]",0,0,1806,3466
yolov8x_training,4122.702997,70,123.939,13370.3125,46,420,10001,"[0, 100000]","[0, 100000]",0,0,2099,5615
yolov8x_training,4123.745929,71,123.785,13370.3125,56,285,10001,"[0, 100000]","[0, 100000]",0,0,1171,3906
yolov8x_training,4124.788758,71,123.994,13370.3125,68,360,10001,"[0, 100000]","[0, 100000]",0,0,878,3759
yolov8x_training,4125.831510,70,121.878,13370.3125,50,360,10001,"[0, 100000]","[0, 100000]",0,0,1025,5371
yolov8x_training,4126.874238,71,123.530,13370.3125,63,210,10001,"[0, 100000]","[0, 100000]",0,0,1269,5468
yolov8x_training,4127.916921,70,124.010,13370.3125,37,255,10001,"[0, 100000]","[0, 100000]",0,0,878,3857
yolov8x_training,4128.959743,70,122.640,13370.3125,27,210,10001,"[0, 100000]","[0, 100000]",0,0,1025,3710
yolov8x_training,4130.002527,70,123.119,13370.3125,19,240,10001,"[0, 100000]","[0, 100000]",0,0,927,4687
yolov8x_training,4131.045187,70,124.304,13370.3125,17,210,10001,"[0, 100000]","[0, 100000]",0,0,1074,3076
yolov8x_training,4132.088053,70,124.771,13370.3125,55,210,10001,"[0, 100000]","[0, 100000]",0,0,683,2587
yolov8x_training,4133.130864,70,124.436,13370.3125,61,210,10001,"[0, 100000]","[0, 100000]",0,0,390,341
yolov8x_training,4134.173510,70,123.855,13370.3125,89,210,10001,"[0, 100000]","[0, 100000]",0,0,341,1030957
yolov8x_training,4135.216109,70,124.877,13370.3125,99,2250,10001,"[0, 100000]","[0, 100000]",0,0,976,6396
yolov8x_training,4136.460964,70,119.511,13370.3125,100,1815,10001,"[0, 100000]","[0, 100000]",0,0,9375,36767
yolov8x_training,4137.503782,70,118.666,13370.3125,98,1155,10001,"[0, 100000]","[0, 100000]",0,0,781,11572
yolov8x_training,4138.546530,71,126.281,13370.3125,100,2250,10001,"[0, 100000]","[0, 100000]",0,0,976,3466
yolov8x_training,4139.589320,71,125.158,13370.3125,100,210,10001,"[0, 100000]","[0, 100000]",0,0,1025,5468
yolov8x_training,4140.632113,70,127.797,13370.3125,100,2415,10001,"[0, 100000]","[0, 100000]",0,0,1953,4052
yolov8x_training,4141.674929,71,126.169,13370.3125,100,210,10001,"[0, 100000]","[0, 100000]",0,0,1220,5517
yolov8x_training,4142.717638,71,127.625,13370.3125,100,210,10001,"[0, 100000]","[0, 100000]",0,0,1074,4150
yolov8x_training,4143.760346,70,130.232,13370.3125,100,210,10001,"[0, 100000]","[0, 100000]",0,0,1025,3076
yolov8x_training,4144.803077,70,122.089,13370.3125,100,210,10001,"[0, 100000]","[0, 100000]",0,0,1123,1757
yolov8x_training,4145.845862,70,123.694,13370.3125,100,210,10001,"[0, 100000]","[0, 100000]",0,0,1074,2978
yolov8x_training,4146.888703,70,122.561,13370.3125,100,225,10001,"[0, 100000]","[0, 100000]",0,0,683,1367
yolov8x_training,4147.931459,70,123.165,13370.3125,99,210,10001,"[0, 100000]","[0, 100000]",0,0,8007,67773
yolov8x_training,4148.974172,70,124.581,13370.3125,98,210,10001,"[0, 100000]","[0, 100000]",0,0,341,1034033
yolov8x_training,4150.189739,69,124.587,13370.3125,98,210,10001,"[0, 100000]","[0, 100000]",0,0,9423,37744
yolov8x_training,4151.232521,70,123.862,13370.3125,98,210,10001,"[0, 100000]","[0, 100000]",0,0,3808,2587
yolov8x_training,4152.275262,69,122.520,13370.3125,97,210,10001,"[0, 100000]","[0, 100000]",0,0,1171,7226
yolov8x_training,4153.317986,71,121.943,13370.3125,98,210,10001,"[0, 100000]","[0, 100000]",0,0,1025,3955
yolov8x_training,4154.360799,73,123.779,13370.3125,100,360,10001,"[0, 100000]","[0, 100000]",0,0,1171,9277
yolov8x_training,4155.403501,71,123.631,13370.3125,100,210,10001,"[0, 100000]","[0, 100000]",0,0,1220,5664
yolov8x_training,4156.446224,71,122.588,13370.3125,100,345,10001,"[0, 100000]","[0, 100000]",0,0,1171,3808
yolov8x_training,4157.488920,70,123.662,13370.3125,100,255,10001,"[0, 100000]","[0, 100000]",0,0,1123,3564
yolov8x_training,4158.531672,70,124.514,13370.3125,100,210,10001,"[0, 100000]","[0, 100000]",0,0,1025,3808
yolov8x_training,4159.574437,70,123.803,13370.3125,100,210,10001,"[0, 100000]","[0, 100000]",0,0,878,1464
yolov8x_training,4160.617373,70,122.368,13370.3125,100,210,10001,"[0, 100000]","[0, 100000]",0,0,1074,781
yolov8x_training,4161.660168,70,124.143,13370.3125,100,210,10001,"[0, 100000]","[0, 100000]",0,0,341,292
yolov8x_training,4162.702718,70,125.016,13370.3125,100,1770,10001,"[0, 100000]","[0, 100000]",0,0,1708,4150
yolov8x_training,4163.745829,70,123.380,13370.3125,100,1440,10001,"[0, 100000]","[0, 100000]",0,0,1074,5273
yolov8x_training,4164.965200,70,118.286,13370.3125,100,930,10001,"[0, 100000]","[0, 100000]",0,0,878,8056
yolov8x_training,4166.007913,71,126.041,13370.3125,100,2310,10001,"[0, 100000]","[0, 100000]",0,0,1123,4052
yolov8x_training,4167.050640,70,127.009,13370.3125,100,210,10001,"[0, 100000]","[0, 100000]",0,0,1074,5566
yolov8x_training,4168.093440,70,127.884,13370.3125,100,210,10001,"[0, 100000]","[0, 100000]",0,0,1025,7324
yolov8x_training,4169.136216,70,126.850,13370.3125,100,210,10001,"[0, 100000]","[0, 100000]",0,0,1611,5224
yolov8x_training,4170.179018,70,127.200,13370.3125,100,210,10001,"[0, 100000]","[0, 100000]",0,0,1220,3320
yolov8x_training,4171.221744,71,127.858,13370.3125,100,210,10001,"[0, 100000]","[0, 100000]",0,0,1025,3466
yolov8x_training,4172.264523,71,125.091,13370.3125,100,225,10001,"[0, 100000]","[0, 100000]",0,0,1025,3808
yolov8x_training,4173.307237,70,123.219,13370.3125,100,225,10001,"[0, 100000]","[0, 100000]",0,0,1025,3759
yolov8x_training,4174.350007,70,123.916,13370.3125,100,210,10001,"[0, 100000]","[0, 100000]",0,0,1074,1806
yolov8x_training,4175.392799,70,123.524,13370.3125,100,210,10001,"[0, 100000]","[0, 100000]",0,0,3808,77148
yolov8x_training,4176.435668,70,124.182,13370.3125,100,210,10001,"[0, 100000]","[0, 100000]",0,0,341,292
yolov8x_training,4177.478247,70,122.786,13370.3125,100,210,10001,"[0, 100000]","[0, 100000]",0,0,341,1030078
yolov8x_training,4178.664539,69,124.291,13370.3125,100,210,10001,"[0, 100000]","[0, 100000]",0,0,9375,38085
yolov8x_training,4179.707439,69,125.673,13370.3125,100,225,10001,"[0, 100000]","[0, 100000]",0,0,8251,7080
yolov8x_training,4180.750216,69,124.049,13370.3125,100,210,10001,"[0, 100000]","[0, 100000]",0,0,2001,5712
yolov8x_training,4181.793058,73,123.591,13370.3125,100,210,10001,"[0, 100000]","[0, 100000]",0,0,1025,3466
yolov8x_training,4182.835836,71,123.270,13370.3125,77,255,10001,"[0, 100000]","[0, 100000]",0,0,1953,6103
yolov8x_training,4183.878529,71,122.908,13370.3125,67,210,10001,"[0, 100000]","[0, 100000]",0,0,2099,3759
yolov8x_training,4184.921230,71,124.074,13370.3125,76,255,10001,"[0, 100000]","[0, 100000]",0,0,1171,3320
yolov8x_training,4185.963966,71,123.797,13370.3125,38,210,10001,"[0, 100000]","[0, 100000]",0,0,976,4296
yolov8x_training,4187.006741,70,123.377,13370.3125,7,210,10001,"[0, 100000]","[0, 100000]",0,0,830,3125
yolov8x_training,4188.049442,70,124.601,13370.3125,22,210,10001,"[0, 100000]","[0, 100000]",0,0,1025,3369
yolov8x_training,4189.092477,70,123.482,13370.3125,42,210,10001,"[0, 100000]","[0, 100000]",0,0,830,1416
yolov8x_training,4190.135342,70,122.590,13370.3125,45,225,10001,"[0, 100000]","[0, 100000]",0,0,927,1074
yolov8x_training,4191.178162,70,123.766,13370.3125,41,210,10001,"[0, 100000]","[0, 100000]",0,0,341,292
yolov8x_training,4192.221135,70,124.949,13370.3125,16,330,10001,"[0, 100000]","[0, 100000]",0,0,89843,14208
yolov8x_training,4193.264370,70,123.771,13370.3125,61,1140,10001,"[0, 100000]","[0, 100000]",0,0,976,6396
yolov8x_training,4194.473035,70,126.801,13370.3125,78,990,10001,"[0, 100000]","[0, 100000]",0,0,1611,3955
yolov8x_training,4195.515743,70,128.935,13370.3125,100,2040,10001,"[0, 100000]","[0, 100000]",0,0,1611,5566
yolov8x_training,4196.558443,70,127.748,13370.3125,100,300,10001,"[0, 100000]","[0, 100000]",0,0,1074,4003
yolov8x_training,4197.601294,71,125.204,13370.3125,98,1740,10001,"[0, 100000]","[0, 100000]",0,0,1025,11279
yolov8x_training,4198.644123,70,124.858,13370.3125,98,210,10001,"[0, 100000]","[0, 100000]",0,0,1220,4931
yolov8x_training,4199.686937,70,123.663,13370.3125,97,210,10001,"[0, 100000]","[0, 100000]",0,0,1123,2978
yolov8x_training,4200.729681,70,123.186,13370.3125,98,210,10001,"[0, 100000]","[0, 100000]",0,0,1074,3955
yolov8x_training,4201.772395,70,123.545,13370.3125,97,225,10001,"[0, 100000]","[0, 100000]",0,0,1123,2783
yolov8x_training,4202.815176,70,124.639,13370.3125,99,210,10001,"[0, 100000]","[0, 100000]",0,0,1074,3906
yolov8x_training,4203.857975,71,124.183,13370.3125,98,225,10001,"[0, 100000]","[0, 100000]",0,0,1123,2294
yolov8x_training,4204.900852,70,122.796,13370.3125,98,210,10001,"[0, 100000]","[0, 100000]",0,0,585,2441
yolov8x_training,4205.943931,70,123.860,13370.3125,97,210,10001,"[0, 100000]","[0, 100000]",0,0,341,292
yolov8x_training,4206.986584,70,123.846,13370.3125,100,210,10001,"[0, 100000]","[0, 100000]",0,0,341,1029736
yolov8x_training,4208.029547,70,124.183,13370.3125,100,210,10001,"[0, 100000]","[0, 100000]",0,0,1025,5957
yolov8x_training,4209.244423,70,122.642,13370.3125,100,210,10001,"[0, 100000]","[0, 100000]",0,0,1171,9179
yolov8x_training,4210.287184,69,125.259,13370.3125,100,210,10001,"[0, 100000]","[0, 100000]",0,0,1171,3808
yolov8x_training,4211.330120,70,123.329,13370.3125,100,210,10001,"[0, 100000]","[0, 100000]",0,0,927,3906
yolov8x_training,4212.372836,70,122.021,13370.3125,100,210,10001,"[0, 100000]","[0, 100000]",0,0,976,5224
yolov8x_training,4213.415676,71,124.319,13370.3125,100,420,10001,"[0, 100000]","[0, 100000]",0,0,1025,5126
yolov8x_training,4214.458379,71,123.892,13370.3125,100,210,10001,"[0, 100000]","[0, 100000]",0,0,1025,4101
yolov8x_training,4215.501138,71,122.657,13370.3125,100,345,10001,"[0, 100000]","[0, 100000]",0,0,976,3173
yolov8x_training,4216.543845,70,123.658,13370.3125,100,210,10001,"[0, 100000]","[0, 100000]",0,0,1269,2636
yolov8x_training,4217.587044,70,125.070,13370.3125,100,255,10001,"[0, 100000]","[0, 100000]",0,0,1074,3320
yolov8x_training,4218.629988,70,124.649,13370.3125,100,210,10001,"[0, 100000]","[0, 100000]",0,0,927,60888
yolov8x_training,4219.672809,70,125.212,13370.3125,100,210,10001,"[0, 100000]","[0, 100000]",0,0,341,1037402
yolov8x_training,4220.715524,70,123.342,13370.3125,100,2100,10001,"[0, 100000]","[0, 100000]",0,0,1123,4052
yolov8x_training,4221.938203,70,127.324,13370.3125,100,2070,10001,"[0, 100000]","[0, 100000]",0,0,1171,9033
yolov8x_training,4222.980895,70,129.653,13370.3125,100,2370,10001,"[0, 100000]","[0, 100000]",0,0,1855,5371
yolov8x_training,4224.023799,71,130.110,13370.3125,100,210,10001,"[0, 100000]","[0, 100000]",0,0,878,4394
yolov8x_training,4225.066503,70,124.354,13370.3125,100,210,10001,"[0, 100000]","[0, 100000]",0,0,976,12402
yolov8x_training,4226.109393,71,124.282,13370.3125,100,210,10001,"[0, 100000]","[0, 100000]",0,0,1220,4541
yolov8x_training,4227.152176,71,124.211,13370.3125,100,210,10001,"[0, 100000]","[0, 100000]",0,0,878,3613
yolov8x_training,4228.195120,71,122.987,13370.3125,100,210,10001,"[0, 100000]","[0, 100000]",0,0,1123,4638
yolov8x_training,4229.237874,70,121.656,13370.3125,100,210,10001,"[0, 100000]","[0, 100000]",0,0,1025,2636
yolov8x_training,4230.280634,70,123.965,13370.3125,100,210,10001,"[0, 100000]","[0, 100000]",0,0,1123,2050
yolov8x_training,4231.323423,70,123.897,13370.3125,100,210,10001,"[0, 100000]","[0, 100000]",0,0,390,2734
yolov8x_training,4232.366192,71,125.630,13370.3125,98,210,10001,"[0, 100000]","[0, 100000]",0,0,341,341
yolov8x_training,4233.408740,70,124.653,13370.3125,25,210,10001,"[0, 100000]","[0, 100000]",0,0,2099,3662
yolov8x_training,4234.451648,70,123.858,13370.3125,49,210,10001,"[0, 100000]","[0, 100000]",0,0,1220,65429
yolov8x_training,4235.670749,73,124.196,13370.3125,26,210,10001,"[0, 100000]","[0, 100000]",0,0,1855,9033
yolov8x_training,4236.713471,71,124.800,13370.3125,33,255,10001,"[0, 100000]","[0, 100000]",0,0,1171,3759
yolov8x_training,4237.756279,71,122.406,13370.3125,57,210,10001,"[0, 100000]","[0, 100000]",0,0,1171,5224
yolov8x_training,4238.799158,71,123.971,13370.3125,62,255,10001,"[0, 100000]","[0, 100000]",0,0,1074,10009
yolov8x_training,4239.841867,71,124.218,13370.3125,81,210,10001,"[0, 100000]","[0, 100000]",0,0,1123,5468
yolov8x_training,4240.884578,71,125.065,13370.3125,97,210,10001,"[0, 100000]","[0, 100000]",0,0,1123,3955
yolov8x_training,4241.927338,70,123.006,13370.3125,100,210,10001,"[0, 100000]","[0, 100000]",0,0,1025,5029
yolov8x_training,4242.970082,70,123.454,13370.3125,100,210,10001,"[0, 100000]","[0, 100000]",0,0,1171,2197
yolov8x_training,4244.012817,70,124.559,13370.3125,100,210,10001,"[0, 100000]","[0, 100000]",0,0,1025,3710
yolov8x_training,4245.055653,70,123.983,13370.3125,100,210,10001,"[0, 100000]","[0, 100000]",0,0,537,2490
yolov8x_training,4246.098565,70,123.958,13370.3125,100,210,10001,"[0, 100000]","[0, 100000]",0,0,3320,292
yolov8x_training,4247.141286,70,122.984,13370.3125,100,210,10001,"[0, 100000]","[0, 100000]",0,0,341,806250
yolov8x_training,4248.183893,70,123.236,13370.3125,100,210,10001,"[0, 100000]","[0, 100000]",0,0,1464,5371
yolov8x_training,4249.385619,70,127.266,13370.3125,100,2175,10001,"[0, 100000]","[0, 100000]",0,0,9716,36035
yolov8x_training,4250.428579,70,127.763,13370.3125,100,2505,10001,"[0, 100000]","[0, 100000]",0,0,9570,23486
yolov8x_training,4251.471264,70,127.280,13370.3125,100,2490,10001,"[0, 100000]","[0, 100000]",0,0,1562,10058
yolov8x_training,4252.513967,70,126.665,13370.3125,100,210,10001,"[0, 100000]","[0, 100000]",0,0,1171,5419
yolov8x_training,4253.556837,70,123.641,13370.3125,100,210,10001,"[0, 100000]","[0, 100000]",0,0,1025,3710
yolov8x_training,4254.599897,70,124.451,13370.3125,100,1005,10001,"[0, 100000]","[0, 100000]",0,0,1123,4150
yolov8x_training,4255.642744,70,127.028,13370.3125,98,210,10001,"[0, 100000]","[0, 100000]",0,0,1171,5517
yolov8x_training,4256.685468,71,122.918,13370.3125,98,210,10001,"[0, 100000]","[0, 100000]",0,0,1171,3222
yolov8x_training,4257.728220,70,124.223,13370.3125,97,225,10001,"[0, 100000]","[0, 100000]",0,0,1074,4101
yolov8x_training,4258.770933,70,124.106,13370.3125,98,225,10001,"[0, 100000]","[0, 100000]",0,0,1123,2441
yolov8x_training,4259.813735,71,124.938,13370.3125,98,210,10001,"[0, 100000]","[0, 100000]",0,0,1074,2929
yolov8x_training,4260.856508,71,124.784,13370.3125,100,210,10001,"[0, 100000]","[0, 100000]",0,0,634,292
yolov8x_training,4261.899143,71,123.939,13370.3125,100,210,10001,"[0, 100000]","[0, 100000]",0,0,341,341
yolov8x_training,4262.941705,70,125.044,13370.3125,100,210,10001,"[0, 100000]","[0, 100000]",0,0,4150,9179
yolov8x_training,4264.139011,73,125.288,13370.3125,100,210,10001,"[0, 100000]","[0, 100000]",0,0,9228,38867
yolov8x_training,4265.181906,72,122.913,13370.3125,100,210,10001,"[0, 100000]","[0, 100000]",0,0,683,11572
yolov8x_training,4266.224725,73,124.786,13370.3125,100,360,10001,"[0, 100000]","[0, 100000]",0,0,1660,4736
yolov8x_training,4267.267441,73,123.656,13370.3125,100,210,10001,"[0, 100000]","[0, 100000]",0,0,1025,3613
yolov8x_training,4268.310239,71,122.768,13370.3125,100,255,10001,"[0, 100000]","[0, 100000]",0,0,1171,12500
yolov8x_training,4269.353016,71,122.446,13370.3125,100,255,10001,"[0, 100000]","[0, 100000]",0,0,976,5224
yolov8x_training,4270.395737,71,123.999,13370.3125,100,240,10001,"[0, 100000]","[0, 100000]",0,0,1123,4785
yolov8x_training,4271.438509,71,124.329,13370.3125,100,210,10001,"[0, 100000]","[0, 100000]",0,0,976,4003
yolov8x_training,4272.481281,71,123.395,13370.3125,100,225,10001,"[0, 100000]","[0, 100000]",0,0,1123,4638
yolov8x_training,4273.524016,71,123.985,13370.3125,100,210,10001,"[0, 100000]","[0, 100000]",0,0,976,3710
yolov8x_training,4274.566836,70,124.911,13370.3125,100,210,10001,"[0, 100000]","[0, 100000]",0,0,1025,1855
yolov8x_training,4275.609704,70,123.508,13370.3125,100,210,10001,"[0, 100000]","[0, 100000]",0,0,781,390
yolov8x_training,4276.652498,70,123.704,13370.3125,100,210,10001,"[0, 100000]","[0, 100000]",0,0,341,292
yolov8x_training,4277.695070,70,123.612,13370.3125,100,210,10001,"[0, 100000]","[0, 100000]",0,0,341,1039501
yolov8x_training,4278.738008,70,123.407,13370.3125,100,1980,10001,"[0, 100000]","[0, 100000]",0,0,1367,65576
yolov8x_training,4279.937560,70,127.885,13370.3125,100,210,10001,"[0, 100000]","[0, 100000]",0,0,1416,3955
yolov8x_training,4280.980277,70,126.910,13370.3125,100,210,10001,"[0, 100000]","[0, 100000]",0,0,1953,6250
yolov8x_training,4282.022975,70,122.730,13370.3125,100,210,10001,"[0, 100000]","[0, 100000]",0,0,1757,5371
yolov8x_training,4283.065762,70,127.938,13370.3125,100,1147,10001,"[0, 100000]","[0, 100000]",0,0,1025,3857
yolov8x_training,4284.108617,71,130.145,13370.3125,100,210,10001,"[0, 100000]","[0, 100000]",0,0,1562,5517
yolov8x_training,4285.151401,71,124.815,13370.3125,100,210,10001,"[0, 100000]","[0, 100000]",0,0,927,4443
yolov8x_training,4286.194228,71,122.847,13370.3125,100,210,10001,"[0, 100000]","[0, 100000]",0,0,927,3320
yolov8x_training,4287.237031,71,122.870,13370.3125,100,225,10001,"[0, 100000]","[0, 100000]",0,0,1025,4052
yolov8x_training,4288.279881,70,124.194,13370.3125,100,210,10001,"[0, 100000]","[0, 100000]",0,0,976,2929
yolov8x_training,4289.322817,70,123.166,13370.3125,100,210,10001,"[0, 100000]","[0, 100000]",0,0,927,3710
yolov8x_training,4290.365663,71,122.138,13370.3125,100,210,10001,"[0, 100000]","[0, 100000]",0,0,878,4003
yolov8x_training,4291.408426,71,122.731,13370.3125,100,225,10001,"[0, 100000]","[0, 100000]",0,0,927,1220
yolov8x_training,4292.451204,70,123.704,13370.3125,100,210,10001,"[0, 100000]","[0, 100000]",0,0,341,292
yolov8x_training,4293.493801,71,125.736,13370.3125,100,210,10001,"[0, 100000]","[0, 100000]",0,0,90576,14160
yolov8x_training,4294.536920,72,123.846,13370.3125,100,210,10001,"[0, 100000]","[0, 100000]",0,0,1220,62841
yolov8x_training,4295.754425,72,122.753,13370.3125,100,225,10001,"[0, 100000]","[0, 100000]",0,0,1708,3271
yolov8x_training,4296.797214,71,124.979,13370.3125,98,300,10001,"[0, 100000]","[0, 100000]",0,0,1171,4052
yolov8x_training,4297.839995,71,122.939,13370.3125,88,210,10001,"[0, 100000]","[0, 100000]",0,0,878,4003
yolov8x_training,4298.882753,71,122.744,13370.3125,71,210,10001,"[0, 100000]","[0, 100000]",0,0,1074,5468
yolov8x_training,4299.925431,71,122.724,13370.3125,66,345,10001,"[0, 100000]","[0, 100000]",0,0,1562,5175
yolov8x_training,4300.968330,71,121.699,13370.3125,45,315,10001,"[0, 100000]","[0, 100000]",0,0,1171,5566
yolov8x_training,4302.011049,70,122.535,13370.3125,87,210,10001,"[0, 100000]","[0, 100000]",0,0,1123,4052
yolov8x_training,4303.053893,70,122.812,13370.3125,77,345,10001,"[0, 100000]","[0, 100000]",0,0,1074,3906
yolov8x_training,4304.096627,70,123.291,13370.3125,53,210,10001,"[0, 100000]","[0, 100000]",0,0,830,2929
yolov8x_training,4305.139516,70,124.079,13370.3125,11,240,10001,"[0, 100000]","[0, 100000]",0,0,1074,4199
yolov8x_training,4306.182374,70,122.217,13370.3125,16,210,10001,"[0, 100000]","[0, 100000]",0,0,976,2734
yolov8x_training,4307.225226,70,124.768,13370.3125,16,210,10001,"[0, 100000]","[0, 100000]",0,0,341,292
yolov8x_training,4308.267908,70,122.951,13370.3125,48,210,10001,"[0, 100000]","[0, 100000]",0,0,292,341
yolov8x_training,4309.310462,70,123.434,13370.3125,35,210,10001,"[0, 100000]","[0, 100000]",0,0,3759,4394
yolov8x_training,4310.535578,71,121.294,13370.3125,72,240,10001,"[0, 100000]","[0, 100000]",0,0,3515,2539
yolov8x_training,4311.578367,70,120.613,13370.3125,100,210,10001,"[0, 100000]","[0, 100000]",0,0,1953,5419
yolov8x_training,4312.621148,70,123.223,13370.3125,100,630,10001,"[0, 100000]","[0, 100000]",0,0,1123,3759
yolov8x_training,4313.663884,70,119.882,13370.3125,90,210,10001,"[0, 100000]","[0, 100000]",0,0,927,3369
yolov8x_training,4314.706647,70,119.399,13370.3125,98,210,10001,"[0, 100000]","[0, 100000]",0,0,1123,7714
yolov8x_training,4315.749334,70,125.661,13370.3125,100,210,10001,"[0, 100000]","[0, 100000]",0,0,1269,5078
yolov8x_training,4316.792134,71,126.003,13370.3125,100,210,10001,"[0, 100000]","[0, 100000]",0,0,830,4345
yolov8x_training,4317.835026,70,123.541,13370.3125,100,210,10001,"[0, 100000]","[0, 100000]",0,0,976,3320
yolov8x_training,4318.877845,71,122.985,13370.3125,100,210,10001,"[0, 100000]","[0, 100000]",0,0,1025,3857
yolov8x_training,4319.920623,70,123.483,13370.3125,100,210,10001,"[0, 100000]","[0, 100000]",0,0,1025,2441
yolov8x_training,4320.963452,71,124.254,13370.3125,100,225,10001,"[0, 100000]","[0, 100000]",0,0,1074,3662
yolov8x_training,4322.006308,70,122.773,13370.3125,100,210,10001,"[0, 100000]","[0, 100000]",0,0,1025,3564
yolov8x_training,4323.049191,70,124.429,13370.3125,100,210,10001,"[0, 100000]","[0, 100000]",0,0,830,292
yolov8x_training,4324.092072,70,122.083,13370.3125,100,210,10001,"[0, 100000]","[0, 100000]",0,0,341,292
yolov8x_training,4325.134748,70,124.286,13370.3125,100,210,10001,"[0, 100000]","[0, 100000]",0,0,341,1037500
yolov8x_training,4326.177486,70,122.680,13370.3125,100,210,10001,"[0, 100000]","[0, 100000]",0,0,3613,12060
yolov8x_training,4327.382168,70,128.003,13370.3125,100,210,10001,"[0, 100000]","[0, 100000]",0,0,9423,29980
yolov8x_training,4328.424961,70,128.113,13370.3125,100,210,10001,"[0, 100000]","[0, 100000]",0,0,878,10791
yolov8x_training,4329.467679,70,125.535,13370.3125,100,210,10001,"[0, 100000]","[0, 100000]",0,0,1025,4101
yolov8x_training,4330.510393,70,126.793,13370.3125,100,210,10001,"[0, 100000]","[0, 100000]",0,0,976,4150
yolov8x_training,4331.553133,70,123.283,13370.3125,100,210,10001,"[0, 100000]","[0, 100000]",0,0,1074,5224
yolov8x_training,4332.595869,70,122.734,13370.3125,100,210,10001,"[0, 100000]","[0, 100000]",0,0,1708,7666
yolov8x_training,4333.638683,71,123.364,13370.3125,100,210,10001,"[0, 100000]","[0, 100000]",0,0,927,4980
yolov8x_training,4334.681419,71,124.971,13370.3125,97,210,10001,"[0, 100000]","[0, 100000]",0,0,1074,3759
yolov8x_training,4335.724247,71,124.693,13370.3125,96,210,10001,"[0, 100000]","[0, 100000]",0,0,1123,2050
yolov8x_training,4336.767076,70,122.742,13370.3125,98,210,10001,"[0, 100000]","[0, 100000]",0,0,927,3710
yolov8x_training,4337.809925,70,123.616,13370.3125,97,210,10001,"[0, 100000]","[0, 100000]",0,0,830,3564
yolov8x_training,4338.852738,71,124.786,13370.3125,97,210,10001,"[0, 100000]","[0, 100000]",0,0,537,2343
yolov8x_training,4339.895584,70,124.933,13370.3125,100,210,10001,"[0, 100000]","[0, 100000]",0,0,341,292
yolov8x_training,4340.938213,70,123.151,13370.3125,100,210,10001,"[0, 100000]","[0, 100000]",0,0,341,292
yolov8x_training,4341.980770,70,124.187,13370.3125,98,210,10001,"[0, 100000]","[0, 100000]",0,0,3808,6542
yolov8x_training,4343.187839,71,124.971,13370.3125,100,210,10001,"[0, 100000]","[0, 100000]",0,0,6494,4736
yolov8x_training,4344.230764,71,124.254,13370.3125,100,225,10001,"[0, 100000]","[0, 100000]",0,0,1806,6152
yolov8x_training,4345.273515,72,124.128,13370.3125,100,210,10001,"[0, 100000]","[0, 100000]",0,0,1708,5517
yolov8x_training,4346.316273,71,123.368,13370.3125,100,345,10001,"[0, 100000]","[0, 100000]",0,0,927,4394
yolov8x_training,4347.359125,71,122.255,13370.3125,100,420,10001,"[0, 100000]","[0, 100000]",0,0,1123,4736
yolov8x_training,4348.402176,71,123.152,13370.3125,100,210,10001,"[0, 100000]","[0, 100000]",0,0,1171,5664
yolov8x_training,4349.444880,70,123.036,13370.3125,100,405,10001,"[0, 100000]","[0, 100000]",0,0,1074,4345
yolov8x_training,4350.487700,71,123.391,13370.3125,100,210,10001,"[0, 100000]","[0, 100000]",0,0,976,4394
yolov8x_training,4351.530449,70,123.570,13370.3125,100,255,10001,"[0, 100000]","[0, 100000]",0,0,1074,3906
yolov8x_training,4352.573279,70,123.946,13370.3125,100,210,10001,"[0, 100000]","[0, 100000]",0,0,1074,3515
yolov8x_training,4353.616150,70,124.597,13370.3125,100,210,10001,"[0, 100000]","[0, 100000]",0,0,976,1611
yolov8x_training,4354.658954,70,125.352,13370.3125,100,210,10001,"[0, 100000]","[0, 100000]",0,0,341,292
yolov8x_training,4355.701714,70,124.256,13370.3125,100,210,10001,"[0, 100000]","[0, 100000]",0,0,341,292
yolov8x_training,4356.744317,70,124.542,13370.3125,100,345,10001,"[0, 100000]","[0, 100000]",0,0,89355,14697
yolov8x_training,4357.787519,70,124.751,13370.3125,100,600,10001,"[0, 100000]","[0, 100000]",0,0,1025,6591
yolov8x_training,4358.998214,70,118.663,13370.3125,100,390,10001,"[0, 100000]","[0, 100000]",0,0,4931,4003
yolov8x_training,4360.041148,71,122.028,13370.3125,100,1155,10001,"[0, 100000]","[0, 100000]",0,0,1269,5468
yolov8x_training,4361.083945,70,123.571,13370.3125,100,2070,10001,"[0, 100000]","[0, 100000]",0,0,1074,4736
yolov8x_training,4362.126826,70,124.939,13370.3125,100,1770,10001,"[0, 100000]","[0, 100000]",0,0,1025,4101
yolov8x_training,4363.169877,70,126.191,13370.3125,100,2310,10001,"[0, 100000]","[0, 100000]",0,0,1611,5566
yolov8x_training,4364.212687,70,126.464,13370.3125,100,210,10001,"[0, 100000]","[0, 100000]",0,0,1025,6005
yolov8x_training,4365.255556,70,128.360,13370.3125,100,210,10001,"[0, 100000]","[0, 100000]",0,0,878,3222
yolov8x_training,4366.298332,70,126.987,13370.3125,100,210,10001,"[0, 100000]","[0, 100000]",0,0,1074,4345
yolov8x_training,4367.341191,70,123.609,13370.3125,100,210,10001,"[0, 100000]","[0, 100000]",0,0,1171,2343
yolov8x_training,4368.383998,71,123.474,13370.3125,100,225,10001,"[0, 100000]","[0, 100000]",0,0,1123,3271
yolov8x_training,4369.426851,70,122.389,13370.3125,100,210,10001,"[0, 100000]","[0, 100000]",0,0,1025,3125
yolov8x_training,4370.469761,70,123.520,13370.3125,100,210,10001,"[0, 100000]","[0, 100000]",0,0,1123,1025
yolov8x_training,4371.512641,70,123.570,13370.3125,100,210,10001,"[0, 100000]","[0, 100000]",0,0,781,292
yolov8x_training,4372.557775,70,123.064,13370.3125,100,210,10001,"[0, 100000]","[0, 100000]",0,0,341,292
yolov8x_training,4373.600395,70,122.468,13370.3125,100,210,10001,"[0, 100000]","[0, 100000]",0,0,341,341
yolov8x_training,4374.643105,70,124.003,13370.3125,100,210,10001,"[0, 100000]","[0, 100000]",0,0,3417,11279
yolov8x_training,4375.866047,70,128.152,13370.3125,100,210,10001,"[0, 100000]","[0, 100000]",0,0,9179,39746
yolov8x_training,4376.908940,70,124.826,13370.3125,100,210,10001,"[0, 100000]","[0, 100000]",0,0,1171,7031
yolov8x_training,4377.951749,70,128.661,13370.3125,100,210,10001,"[0, 100000]","[0, 100000]",0,0,1171,5371
yolov8x_training,4378.994518,70,127.224,13370.3125,100,210,10001,"[0, 100000]","[0, 100000]",0,0,1025,4101
yolov8x_training,4380.037503,71,124.184,13370.3125,100,210,10001,"[0, 100000]","[0, 100000]",0,0,1123,7470
yolov8x_training,4381.080408,70,124.509,13370.3125,100,210,10001,"[0, 100000]","[0, 100000]",0,0,1123,4980
yolov8x_training,4382.123197,70,124.638,13370.3125,100,210,10001,"[0, 100000]","[0, 100000]",0,0,976,3955
yolov8x_training,4383.166027,70,122.991,13370.3125,100,210,10001,"[0, 100000]","[0, 100000]",0,0,1269,2539
yolov8x_training,4384.209018,70,122.216,13370.3125,100,210,10001,"[0, 100000]","[0, 100000]",0,0,927,3466
yolov8x_training,4385.251807,70,122.930,13370.3125,100,210,10001,"[0, 100000]","[0, 100000]",0,0,1025,3564
yolov8x_training,4386.294645,70,124.074,13370.3125,100,210,10001,"[0, 100000]","[0, 100000]",0,0,585,341
yolov8x_training,4387.337359,70,125.484,13370.3125,77,210,10001,"[0, 100000]","[0, 100000]",0,0,341,1036718
yolov8x_training,4388.380431,70,124.479,13370.3125,56,210,10001,"[0, 100000]","[0, 100000]",0,0,89550,20410
yolov8x_training,4389.581228,70,126.419,13370.3125,22,210,10001,"[0, 100000]","[0, 100000]",0,0,6494,54150
yolov8x_training,4390.624081,70,124.315,13370.3125,18,210,10001,"[0, 100000]","[0, 100000]",0,0,1025,8886
yolov8x_training,4391.667093,70,124.315,13370.3125,19,210,10001,"[0, 100000]","[0, 100000]",0,0,1220,8251
yolov8x_training,4392.709814,70,124.014,13370.3125,49,345,10001,"[0, 100000]","[0, 100000]",0,0,830,9765
yolov8x_training,4393.752959,71,123.101,13370.3125,57,210,10001,"[0, 100000]","[0, 100000]",0,0,1074,3955
yolov8x_training,4394.795648,71,124.586,13370.3125,37,225,10001,"[0, 100000]","[0, 100000]",0,0,1171,5615
yolov8x_training,4395.838347,70,123.768,13370.3125,17,225,10001,"[0, 100000]","[0, 100000]",0,0,1171,5566
yolov8x_training,4396.881061,70,123.351,13370.3125,29,210,10001,"[0, 100000]","[0, 100000]",0,0,1074,4833
yolov8x_training,4397.923754,71,123.807,13370.3125,33,210,10001,"[0, 100000]","[0, 100000]",0,0,1025,4101
yolov8x_training,4398.966463,71,124.789,13370.3125,73,210,10001,"[0, 100000]","[0, 100000]",0,0,976,2978
yolov8x_training,4400.009244,70,125.058,13370.3125,95,210,10001,"[0, 100000]","[0, 100000]",0,0,1074,3759
yolov8x_training,4401.052008,70,124.113,13370.3125,100,210,10001,"[0, 100000]","[0, 100000]",0,0,1025,1123
yolov8x_training,4402.094738,70,124.553,13370.3125,100,210,10001,"[0, 100000]","[0, 100000]",0,0,488,292
yolov8x_training,4403.137734,70,124.816,13370.3125,100,210,10001,"[0, 100000]","[0, 100000]",0,0,89892,20263
yolov8x_training,4404.387749,70,126.792,13370.3125,100,210,10001,"[0, 100000]","[0, 100000]",0,0,9619,36035
yolov8x_training,4405.430605,70,127.871,13370.3125,100,210,10001,"[0, 100000]","[0, 100000]",0,0,2050,5761
yolov8x_training,4406.473404,70,127.683,13370.3125,100,210,10001,"[0, 100000]","[0, 100000]",0,0,1269,3857
yolov8x_training,4407.516223,70,124.815,13370.3125,97,210,10001,"[0, 100000]","[0, 100000]",0,0,1171,5175
yolov8x_training,4408.559152,70,125.466,13370.3125,97,210,10001,"[0, 100000]","[0, 100000]",0,0,1269,4980
yolov8x_training,4409.601766,70,122.792,13370.3125,97,210,10001,"[0, 100000]","[0, 100000]",0,0,1220,5517
yolov8x_training,4410.644556,70,123.823,13370.3125,98,210,10001,"[0, 100000]","[0, 100000]",0,0,1025,4248
yolov8x_training,4411.687283,70,122.897,13370.3125,98,210,10001,"[0, 100000]","[0, 100000]",0,0,1025,5029
yolov8x_training,4412.730030,70,124.045,13370.3125,98,210,10001,"[0, 100000]","[0, 100000]",0,0,1171,2148
yolov8x_training,4413.772797,70,124.109,13370.3125,98,210,10001,"[0, 100000]","[0, 100000]",0,0,976,3662
yolov8x_training,4414.815637,70,124.766,13370.3125,100,210,10001,"[0, 100000]","[0, 100000]",0,0,927,292
yolov8x_training,4415.858581,70,123.266,13370.3125,100,210,10001,"[0, 100000]","[0, 100000]",0,0,5761,292
yolov8x_training,4416.901280,70,124.688,13370.3125,100,210,10001,"[0, 100000]","[0, 100000]",0,0,88720,14599
yolov8x_training,4418.086787,71,124.998,13370.3125,100,210,10001,"[0, 100000]","[0, 100000]",0,0,8642,42919
yolov8x_training,4419.129519,70,125.745,13370.3125,100,210,10001,"[0, 100000]","[0, 100000]",0,0,5810,4248
yolov8x_training,4420.172340,71,122.993,13370.3125,100,210,10001,"[0, 100000]","[0, 100000]",0,0,1025,7958
yolov8x_training,4421.215079,71,124.552,13370.3125,100,210,10001,"[0, 100000]","[0, 100000]",0,0,927,11572
yolov8x_training,4422.257829,71,123.758,13370.3125,100,255,10001,"[0, 100000]","[0, 100000]",0,0,976,4003
yolov8x_training,4423.300585,71,125.737,13370.3125,100,210,10001,"[0, 100000]","[0, 100000]",0,0,1171,9472
yolov8x_training,4424.343298,71,125.126,13370.3125,100,210,10001,"[0, 100000]","[0, 100000]",0,0,1806,4052
yolov8x_training,4425.386032,70,124.137,13370.3125,100,210,10001,"[0, 100000]","[0, 100000]",0,0,1171,5517
yolov8x_training,4426.428741,71,124.161,13370.3125,100,255,10001,"[0, 100000]","[0, 100000]",0,0,1318,2587
yolov8x_training,4427.471503,71,125.477,13370.3125,100,225,10001,"[0, 100000]","[0, 100000]",0,0,927,4541
yolov8x_training,4428.514195,70,123.353,13370.3125,100,210,10001,"[0, 100000]","[0, 100000]",0,0,927,4492
yolov8x_training,4429.557192,70,124.432,13370.3125,100,210,10001,"[0, 100000]","[0, 100000]",0,0,927,3515
yolov8x_training,4430.599954,70,124.168,13370.3125,100,225,10001,"[0, 100000]","[0, 100000]",0,0,1074,3955
yolov8x_training,4431.642798,70,123.737,13370.3125,100,210,10001,"[0, 100000]","[0, 100000]",0,0,976,32128
yolov8x_training,4432.685663,70,123.367,13370.3125,100,210,10001,"[0, 100000]","[0, 100000]",0,0,878,292
yolov8x_training,4433.728326,70,122.718,13370.3125,100,240,10001,"[0, 100000]","[0, 100000]",0,0,341,292
yolov8x_training,4434.770903,70,124.326,13370.3125,100,210,10001,"[0, 100000]","[0, 100000]",0,0,90429,20068
yolov8x_training,4436.034971,70,124.526,13370.3125,100,510,10001,"[0, 100000]","[0, 100000]",0,0,7861,47021
yolov8x_training,4437.077677,70,124.978,13370.3125,100,210,10001,"[0, 100000]","[0, 100000]",0,0,1367,7861
yolov8x_training,4438.120509,70,125.787,13370.3125,100,1215,10001,"[0, 100000]","[0, 100000]",0,0,976,3662
yolov8x_training,4439.163424,70,128.724,13370.3125,100,2460,10001,"[0, 100000]","[0, 100000]",0,0,1269,11621
yolov8x_training,4440.206328,70,123.369,13370.3125,100,2505,10001,"[0, 100000]","[0, 100000]",0,0,1708,4248
yolov8x_training,4441.249547,71,124.928,13370.3125,100,210,10001,"[0, 100000]","[0, 100000]",0,0,1074,3369
yolov8x_training,4442.292320,70,124.402,13370.3125,100,210,10001,"[0, 100000]","[0, 100000]",0,0,1074,4199
yolov8x_training,4443.335071,71,122.695,13370.3125,100,210,10001,"[0, 100000]","[0, 100000]",0,0,1074,2783
yolov8x_training,4444.377831,70,122.322,13370.3125,100,225,10001,"[0, 100000]","[0, 100000]",0,0,976,3857
yolov8x_training,4445.420657,70,121.923,13370.3125,100,210,10001,"[0, 100000]","[0, 100000]",0,0,1171,1855
yolov8x_training,4446.463397,70,121.953,13370.3125,100,210,10001,"[0, 100000]","[0, 100000]",0,0,1025,3466
yolov8x_training,4447.506179,70,122.864,13370.3125,100,210,10001,"[0, 100000]","[0, 100000]",0,0,976,4052
yolov8x_training,4448.548920,70,123.156,13370.3125,100,210,10001,"[0, 100000]","[0, 100000]",0,0,1025,1123
yolov8x_training,4449.591694,70,122.011,13370.3125,100,210,10001,"[0, 100000]","[0, 100000]",0,0,830,1318
yolov8x_training,4450.634435,70,123.256,13370.3125,100,210,10001,"[0, 100000]","[0, 100000]",0,0,341,1031152
yolov8x_training,4451.676986,70,123.824,13370.3125,100,210,10001,"[0, 100000]","[0, 100000]",0,0,2490,5322
yolov8x_training,4452.897866,70,124.007,13370.3125,100,210,10001,"[0, 100000]","[0, 100000]",0,0,5761,4248
yolov8x_training,4453.940652,70,123.987,13370.3125,100,210,10001,"[0, 100000]","[0, 100000]",0,0,1123,8593
yolov8x_training,4454.983428,70,123.889,13370.3125,100,210,10001,"[0, 100000]","[0, 100000]",0,0,1123,3369
yolov8x_training,4456.026211,70,123.262,13370.3125,100,210,10001,"[0, 100000]","[0, 100000]",0,0,878,3857
yolov8x_training,4457.068951,71,123.946,13370.3125,100,210,10001,"[0, 100000]","[0, 100000]",0,0,1269,11621
yolov8x_training,4458.111786,71,123.043,13370.3125,100,210,10001,"[0, 100000]","[0, 100000]",0,0,1171,4833
yolov8x_training,4459.154648,70,123.376,13370.3125,100,210,10001,"[0, 100000]","[0, 100000]",0,0,1074,4052
yolov8x_training,4460.197378,70,122.538,13370.3125,100,210,10001,"[0, 100000]","[0, 100000]",0,0,1025,3222
yolov8x_training,4461.240173,70,124.026,13370.3125,100,210,10001,"[0, 100000]","[0, 100000]",0,0,976,3662
yolov8x_training,4462.282904,70,123.422,13370.3125,78,210,10001,"[0, 100000]","[0, 100000]",0,0,732,1367
yolov8x_training,4463.325714,70,124.315,13370.3125,38,210,10001,"[0, 100000]","[0, 100000]",0,0,8593,64062
yolov8x_training,4464.368419,70,125.107,13370.3125,56,210,10001,"[0, 100000]","[0, 100000]",0,0,341,1033398
yolov8x_training,4465.411270,70,124.157,13370.3125,14,210,10001,"[0, 100000]","[0, 100000]",0,0,2832,6201
yolov8x_training,4466.618797,71,123.748,13370.3125,36,210,10001,"[0, 100000]","[0, 100000]",0,0,1025,10009
yolov8x_training,4467.661760,71,123.585,13370.3125,55,210,10001,"[0, 100000]","[0, 100000]",0,0,1660,5224
yolov8x_training,4468.704513,71,121.617,13370.3125,99,255,10001,"[0, 100000]","[0, 100000]",0,0,927,4394
yolov8x_training,4469.747241,70,123.240,13370.3125,100,225,10001,"[0, 100000]","[0, 100000]",0,0,1025,4248
yolov8x_training,4470.790051,70,120.060,13370.3125,100,210,10001,"[0, 100000]","[0, 100000]",0,0,2099,4638
yolov8x_training,4471.832875,71,125.253,13370.3125,100,210,10001,"[0, 100000]","[0, 100000]",0,0,1123,3271
yolov8x_training,4472.875597,70,124.263,13370.3125,100,210,10001,"[0, 100000]","[0, 100000]",0,0,976,4345
yolov8x_training,4473.918298,70,122.834,13370.3125,100,210,10001,"[0, 100000]","[0, 100000]",0,0,1025,4101
yolov8x_training,4474.961150,71,123.572,13370.3125,100,210,10001,"[0, 100000]","[0, 100000]",0,0,1025,3417
yolov8x_training,4476.003913,71,124.443,13370.3125,100,210,10001,"[0, 100000]","[0, 100000]",0,0,1025,3564
yolov8x_training,4477.046919,70,123.410,13370.3125,100,210,10001,"[0, 100000]","[0, 100000]",0,0,439,2734
yolov8x_training,4478.089772,70,123.470,13370.3125,100,210,10001,"[0, 100000]","[0, 100000]",0,0,341,341
yolov8x_training,4479.132407,70,124.645,13370.3125,99,210,10001,"[0, 100000]","[0, 100000]",0,0,88720,16064
yolov8x_training,4480.175345,70,123.436,13370.3125,100,210,10001,"[0, 100000]","[0, 100000]",0,0,1464,64013
yolov8x_training,4481.382600,70,124.890,13370.3125,98,210,10001,"[0, 100000]","[0, 100000]",0,0,1806,8496
yolov8x_training,4482.425354,70,123.969,13370.3125,98,210,10001,"[0, 100000]","[0, 100000]",0,0,1171,5566
yolov8x_training,4483.468156,70,123.525,13370.3125,96,210,10001,"[0, 100000]","[0, 100000]",0,0,1025,3662
yolov8x_training,4484.510917,70,123.456,13370.3125,98,210,10001,"[0, 100000]","[0, 100000]",0,0,1025,4296
yolov8x_training,4485.553737,70,123.956,13370.3125,98,210,10001,"[0, 100000]","[0, 100000]",0,0,2001,5664
yolov8x_training,4486.596582,70,122.824,13370.3125,98,210,10001,"[0, 100000]","[0, 100000]",0,0,1171,5517
yolov8x_training,4487.639323,70,122.502,13370.3125,98,210,10001,"[0, 100000]","[0, 100000]",0,0,1123,4833
yolov8x_training,4488.682084,70,124.842,13370.3125,98,210,10001,"[0, 100000]","[0, 100000]",0,0,1025,3955
yolov8x_training,4489.724949,70,122.284,13370.3125,98,210,10001,"[0, 100000]","[0, 100000]",0,0,1074,4687
yolov8x_training,4490.767730,70,122.985,13370.3125,100,210,10001,"[0, 100000]","[0, 100000]",0,0,976,3662
yolov8x_training,4491.810530,70,122.805,13370.3125,100,210,10001,"[0, 100000]","[0, 100000]",0,0,1025,3369
yolov8x_training,4492.853500,70,124.159,13370.3125,100,210,10001,"[0, 100000]","[0, 100000]",0,0,683,1708
yolov8x_training,4493.896274,70,125.264,13370.3125,100,210,10001,"[0, 100000]","[0, 100000]",0,0,341,292
yolov8x_training,4494.938853,70,123.317,13370.3125,100,210,10001,"[0, 100000]","[0, 100000]",0,0,341,341
yolov8x_training,4495.981499,70,124.222,13370.3125,100,210,10001,"[0, 100000]","[0, 100000]",0,0,2099,5566
yolov8x_training,4497.203820,69,123.173,13370.3125,100,210,10001,"[0, 100000]","[0, 100000]",0,0,9570,37988
yolov8x_training,4498.246785,69,125.649,13370.3125,100,240,10001,"[0, 100000]","[0, 100000]",0,0,1806,9423
yolov8x_training,4499.289519,69,125.332,13370.3125,100,210,10001,"[0, 100000]","[0, 100000]",0,0,878,8447
yolov8x_training,4500.332303,69,123.661,13370.3125,100,375,10001,"[0, 100000]","[0, 100000]",0,0,878,4150
yolov8x_training,4501.375107,73,124.988,13370.3125,100,210,10001,"[0, 100000]","[0, 100000]",0,0,2050,4785
yolov8x_training,4502.417877,70,122.505,13370.3125,100,210,10001,"[0, 100000]","[0, 100000]",0,0,1074,5664
yolov8x_training,4503.460630,73,124.372,13370.3125,100,210,10001,"[0, 100000]","[0, 100000]",0,0,1074,3076
yolov8x_training,4504.503388,71,124.271,13370.3125,100,240,10001,"[0, 100000]","[0, 100000]",0,0,1123,4101
yolov8x_training,4505.546202,70,124.923,13370.3125,100,210,10001,"[0, 100000]","[0, 100000]",0,0,976,3662
yolov8x_training,4506.588965,70,125.422,13370.3125,100,210,10001,"[0, 100000]","[0, 100000]",0,0,732,1562
yolov8x_training,4507.631722,70,123.289,13370.3125,100,210,10001,"[0, 100000]","[0, 100000]",0,0,634,2050
yolov8x_training,4508.674563,70,125.103,13370.3125,100,210,10001,"[0, 100000]","[0, 100000]",0,0,341,292
yolov8x_training,4509.717132,70,124.596,13370.3125,100,210,10001,"[0, 100000]","[0, 100000]",0,0,2001,4931
yolov8x_training,4510.760211,70,122.482,13370.3125,100,1485,10001,"[0, 100000]","[0, 100000]",0,0,1708,4785
yolov8x_training,4511.803181,70,122.963,13370.3125,100,615,10001,"[0, 100000]","[0, 100000]",0,0,1220,3955
yolov8x_training,4513.019513,70,121.650,13370.3125,100,330,10001,"[0, 100000]","[0, 100000]",0,0,9814,36962
yolov8x_training,4514.062467,71,124.075,13370.3125,100,690,10001,"[0, 100000]","[0, 100000]",0,0,1074,9326
yolov8x_training,4515.105251,70,125.108,13370.3125,100,1230,10001,"[0, 100000]","[0, 100000]",0,0,1123,4833
yolov8x_training,4516.148000,70,125.420,13370.3125,100,1710,10001,"[0, 100000]","[0, 100000]",0,0,878,3906
yolov8x_training,4517.190861,70,126.390,13370.3125,100,2295,10001,"[0, 100000]","[0, 100000]",0,0,2050,5078
yolov8x_training,4518.233742,70,128.705,13370.3125,100,210,10001,"[0, 100000]","[0, 100000]",0,0,1318,2490
yolov8x_training,4519.276517,70,126.528,13370.3125,100,210,10001,"[0, 100000]","[0, 100000]",0,0,927,3710
yolov8x_training,4520.319291,70,125.434,13370.3125,100,210,10001,"[0, 100000]","[0, 100000]",0,0,1025,4150
yolov8x_training,4521.362063,70,122.540,13370.3125,100,210,10001,"[0, 100000]","[0, 100000]",0,0,976,2343
yolov8x_training,4522.404870,71,123.321,13370.3125,100,210,10001,"[0, 100000]","[0, 100000]",0,0,1171,3613
yolov8x_training,4523.447661,70,122.713,13370.3125,100,210,10001,"[0, 100000]","[0, 100000]",0,0,1074,3271
yolov8x_training,4524.490441,70,122.538,13370.3125,100,210,10001,"[0, 100000]","[0, 100000]",0,0,1123,1074
yolov8x_training,4525.533231,70,124.150,13370.3125,100,210,10001,"[0, 100000]","[0, 100000]",0,0,341,292
yolov8x_training,4526.575927,70,123.684,13370.3125,100,225,10001,"[0, 100000]","[0, 100000]",0,0,341,1034521
yolov8x_training,4527.618466,69,124.863,13370.3125,100,210,10001,"[0, 100000]","[0, 100000]",0,0,1074,6591
yolov8x_training,4528.851614,69,122.699,13370.3125,100,210,10001,"[0, 100000]","[0, 100000]",0,0,9375,38574
yolov8x_training,4529.894451,70,122.216,13370.3125,100,210,10001,"[0, 100000]","[0, 100000]",0,0,3955,2539
yolov8x_training,4530.937239,70,122.258,13370.3125,100,210,10001,"[0, 100000]","[0, 100000]",0,0,3027,5664
yolov8x_training,4531.980101,70,124.187,13370.3125,100,210,10001,"[0, 100000]","[0, 100000]",0,0,1318,5664
yolov8x_training,4533.022750,70,124.413,13370.3125,100,210,10001,"[0, 100000]","[0, 100000]",0,0,927,3906
yolov8x_training,4534.065619,70,123.974,13370.3125,100,210,10001,"[0, 100000]","[0, 100000]",0,0,1611,8544
yolov8x_training,4535.108433,70,123.105,13370.3125,100,210,10001,"[0, 100000]","[0, 100000]",0,0,1367,9667
yolov8x_training,4536.151315,70,123.202,13370.3125,100,210,10001,"[0, 100000]","[0, 100000]",0,0,1074,5517
yolov8x_training,4537.194034,70,123.803,13370.3125,100,210,10001,"[0, 100000]","[0, 100000]",0,0,1220,5029
yolov8x_training,4538.236780,70,124.298,13370.3125,100,225,10001,"[0, 100000]","[0, 100000]",0,0,1074,4150
yolov8x_training,4539.279562,70,123.282,13370.3125,100,210,10001,"[0, 100000]","[0, 100000]",0,0,1025,3222
yolov8x_training,4540.322299,70,124.013,13370.3125,100,225,10001,"[0, 100000]","[0, 100000]",0,0,1269,2197
yolov8x_training,4541.365074,70,124.278,13370.3125,100,210,10001,"[0, 100000]","[0, 100000]",0,0,1025,3271
yolov8x_training,4542.407820,70,124.715,13370.3125,100,210,10001,"[0, 100000]","[0, 100000]",0,0,976,32958
yolov8x_training,4543.450699,70,123.051,13370.3125,100,210,10001,"[0, 100000]","[0, 100000]",0,0,878,390
yolov8x_training,4544.493460,70,123.219,13370.3125,100,210,10001,"[0, 100000]","[0, 100000]",0,0,341,341
yolov8x_training,4545.536059,69,124.605,13370.3125,100,210,10001,"[0, 100000]","[0, 100000]",0,0,4101,58300
yolov8x_training,4546.754735,70,124.845,13370.3125,100,210,10001,"[0, 100000]","[0, 100000]",0,0,9326,38183
yolov8x_training,4547.797460,72,124.221,13370.3125,100,210,10001,"[0, 100000]","[0, 100000]",0,0,1806,5810
yolov8x_training,4548.840203,71,120.976,13370.3125,100,210,10001,"[0, 100000]","[0, 100000]",0,0,1953,5371
yolov8x_training,4549.882998,73,121.918,13370.3125,100,210,10001,"[0, 100000]","[0, 100000]",0,0,1171,4052
yolov8x_training,4550.925758,69,122.929,13370.3125,100,210,10001,"[0, 100000]","[0, 100000]",0,0,830,3417
yolov8x_training,4551.968612,72,123.107,13370.3125,100,210,10001,"[0, 100000]","[0, 100000]",0,0,1708,7519
yolov8x_training,4553.010531,71,123.558,13370.3125,91,210,10001,"[0, 100000]","[0, 100000]",0,0,1220,5126
yolov8x_training,4554.053229,70,122.506,13370.3125,77,345,10001,"[0, 100000]","[0, 100000]",0,0,927,4541
yolov8x_training,4555.096013,70,123.351,13370.3125,83,345,10001,"[0, 100000]","[0, 100000]",0,0,976,3759
yolov8x_training,4556.138838,70,121.682,13370.3125,45,420,10001,"[0, 100000]","[0, 100000]",0,0,1171,2587
yolov8x_training,4557.181771,70,123.499,13370.3125,56,210,10001,"[0, 100000]","[0, 100000]",0,0,1025,3515
yolov8x_training,4558.224663,70,124.373,13370.3125,16,210,10001,"[0, 100000]","[0, 100000]",0,0,4150,85498
yolov8x_training,4559.267905,70,124.170,13370.3125,19,210,10001,"[0, 100000]","[0, 100000]",0,0,341,292
yolov8x_training,4560.310611,70,123.221,13370.3125,62,210,10001,"[0, 100000]","[0, 100000]",0,0,90625,15087
yolov8x_training,4561.353998,70,120.599,13370.3125,60,210,10001,"[0, 100000]","[0, 100000]",0,0,1074,6103
yolov8x_training,4562.589829,70,121.198,13370.3125,47,210,10001,"[0, 100000]","[0, 100000]",0,0,9814,36035
yolov8x_training,4563.633031,70,121.802,13370.3125,37,210,10001,"[0, 100000]","[0, 100000]",0,0,1416,7128
yolov8x_training,4564.675840,70,121.618,13370.3125,83,210,10001,"[0, 100000]","[0, 100000]",0,0,1171,4003
yolov8x_training,4565.718641,70,120.184,13370.3125,99,315,10001,"[0, 100000]","[0, 100000]",0,0,1123,5615
yolov8x_training,4566.761408,70,119.831,13370.3125,100,210,10001,"[0, 100000]","[0, 100000]",0,0,1025,5517
yolov8x_training,4567.804177,70,118.616,13370.3125,100,210,10001,"[0, 100000]","[0, 100000]",0,0,1074,5078
yolov8x_training,4568.847011,70,123.790,13370.3125,100,210,10001,"[0, 100000]","[0, 100000]",0,0,1318,3759
yolov8x_training,4569.889813,70,124.622,13370.3125,100,210,10001,"[0, 100000]","[0, 100000]",0,0,1025,4199
yolov8x_training,4570.932589,70,122.948,13370.3125,100,210,10001,"[0, 100000]","[0, 100000]",0,0,976,3710
yolov8x_training,4571.975295,70,125.008,13370.3125,100,210,10001,"[0, 100000]","[0, 100000]",0,0,976,3564
yolov8x_training,4573.018112,71,123.938,13370.3125,100,210,10001,"[0, 100000]","[0, 100000]",0,0,878,3662
yolov8x_training,4574.060825,70,124.008,13370.3125,100,210,10001,"[0, 100000]","[0, 100000]",0,0,5517,86767
yolov8x_training,4575.103700,70,122.873,13370.3125,100,210,10001,"[0, 100000]","[0, 100000]",0,0,390,341
yolov8x_training,4576.146385,70,124.389,13370.3125,100,210,10001,"[0, 100000]","[0, 100000]",0,0,90380,18359
yolov8x_training,4577.370205,70,127.549,13370.3125,100,210,10001,"[0, 100000]","[0, 100000]",0,0,4394,2978
yolov8x_training,4578.413214,70,122.388,13370.3125,100,210,10001,"[0, 100000]","[0, 100000]",0,0,5322,3417
yolov8x_training,4579.456035,70,124.242,13370.3125,100,210,10001,"[0, 100000]","[0, 100000]",0,0,1904,5126
yolov8x_training,4580.498920,70,123.031,13370.3125,100,210,10001,"[0, 100000]","[0, 100000]",0,0,1171,5126
yolov8x_training,4581.541738,70,124.263,13370.3125,100,210,10001,"[0, 100000]","[0, 100000]",0,0,976,3564
yolov8x_training,4582.584604,70,124.545,13370.3125,100,210,10001,"[0, 100000]","[0, 100000]",0,0,1074,7568
yolov8x_training,4583.627352,70,123.436,13370.3125,98,210,10001,"[0, 100000]","[0, 100000]",0,0,1123,4638
yolov8x_training,4584.670249,70,124.651,13370.3125,97,210,10001,"[0, 100000]","[0, 100000]",0,0,1074,3710
yolov8x_training,4585.713106,70,124.179,13370.3125,98,210,10001,"[0, 100000]","[0, 100000]",0,0,1171,4638
yolov8x_training,4586.755836,70,122.369,13370.3125,97,210,10001,"[0, 100000]","[0, 100000]",0,0,878,3808
yolov8x_training,4587.798524,70,123.331,13370.3125,97,210,10001,"[0, 100000]","[0, 100000]",0,0,830,3173
yolov8x_training,4588.841297,70,124.445,13370.3125,97,210,10001,"[0, 100000]","[0, 100000]",0,0,927,3710
yolov8x_training,4589.884058,70,123.417,13370.3125,97,210,10001,"[0, 100000]","[0, 100000]",0,0,976,26025
yolov8x_training,4590.926987,70,125.442,13370.3125,98,210,10001,"[0, 100000]","[0, 100000]",0,0,341,292
yolov8x_training,4591.969655,70,122.883,13370.3125,98,210,10001,"[0, 100000]","[0, 100000]",0,0,89111,16113
yolov8x_training,4593.180111,71,125.373,13370.3125,100,210,10001,"[0, 100000]","[0, 100000]",0,0,9667,37011
yolov8x_training,4594.223189,71,124.261,13370.3125,100,210,10001,"[0, 100000]","[0, 100000]",0,0,6933,4931
yolov8x_training,4595.266189,71,124.367,13370.3125,100,330,10001,"[0, 100000]","[0, 100000]",0,0,1611,6347
yolov8x_training,4596.308918,70,124.771,13370.3125,100,375,10001,"[0, 100000]","[0, 100000]",0,0,1220,4150
yolov8x_training,4597.351868,71,123.461,13370.3125,100,270,10001,"[0, 100000]","[0, 100000]",0,0,1025,5078
yolov8x_training,4598.394759,71,122.868,13370.3125,100,315,10001,"[0, 100000]","[0, 100000]",0,0,1025,4785
yolov8x_training,4599.437563,71,124.110,13370.3125,100,210,10001,"[0, 100000]","[0, 100000]",0,0,1171,5517
yolov8x_training,4600.480340,70,122.122,13370.3125,100,345,10001,"[0, 100000]","[0, 100000]",0,0,1171,5419
yolov8x_training,4601.523169,71,122.721,13370.3125,100,210,10001,"[0, 100000]","[0, 100000]",0,0,1025,4248
yolov8x_training,4602.565988,70,124.682,13370.3125,100,210,10001,"[0, 100000]","[0, 100000]",0,0,927,4296
yolov8x_training,4603.609099,70,124.550,13370.3125,100,210,10001,"[0, 100000]","[0, 100000]",0,0,976,3662
yolov8x_training,4604.651992,70,122.434,13370.3125,100,225,10001,"[0, 100000]","[0, 100000]",0,0,927,3857
yolov8x_training,4605.694889,70,123.981,13370.3125,100,210,10001,"[0, 100000]","[0, 100000]",0,0,634,3466
yolov8x_training,4606.737706,70,123.659,13370.3125,100,210,10001,"[0, 100000]","[0, 100000]",0,0,585,292
yolov8x_training,4607.780466,70,123.513,13370.3125,100,240,10001,"[0, 100000]","[0, 100000]",0,0,341,899609
yolov8x_training,4608.822983,70,124.019,13370.3125,100,210,10001,"[0, 100000]","[0, 100000]",0,0,1220,4003
yolov8x_training,4609.865738,70,122.583,13370.3125,100,210,10001,"[0, 100000]","[0, 100000]",0,0,1025,6054
yolov8x_training,4611.079088,70,122.777,13370.3125,100,255,10001,"[0, 100000]","[0, 100000]",0,0,1074,7275
yolov8x_training,4612.121798,70,122.620,13370.3125,100,480,10001,"[0, 100000]","[0, 100000]",0,0,1171,5468
yolov8x_training,4613.164677,70,121.008,13370.3125,100,1545,10001,"[0, 100000]","[0, 100000]",0,0,1025,4150
yolov8x_training,4614.207447,70,121.190,13370.3125,100,435,10001,"[0, 100000]","[0, 100000]",0,0,976,3417
yolov8x_training,4615.250476,70,121.511,13370.3125,100,210,10001,"[0, 100000]","[0, 100000]",0,0,1806,6640
yolov8x_training,4616.293257,70,123.790,13370.3125,100,210,10001,"[0, 100000]","[0, 100000]",0,0,1220,5566
yolov8x_training,4617.336036,71,124.463,13370.3125,100,225,10001,"[0, 100000]","[0, 100000]",0,0,976,4296
yolov8x_training,4618.378789,70,124.278,13370.3125,100,210,10001,"[0, 100000]","[0, 100000]",0,0,927,3906
yolov8x_training,4619.421556,70,122.675,13370.3125,100,210,10001,"[0, 100000]","[0, 100000]",0,0,1025,4052
yolov8x_training,4620.464333,71,124.531,13370.3125,100,210,10001,"[0, 100000]","[0, 100000]",0,0,976,3466
yolov8x_training,4621.507175,71,122.621,13370.3125,100,225,10001,"[0, 100000]","[0, 100000]",0,0,927,2978
yolov8x_training,4622.549965,70,123.650,13370.3125,100,210,10001,"[0, 100000]","[0, 100000]",0,0,1123,488
yolov8x_training,4623.592756,70,124.095,13370.3125,100,210,10001,"[0, 100000]","[0, 100000]",0,0,927,292
yolov8x_training,4624.635442,70,124.807,13370.3125,100,210,10001,"[0, 100000]","[0, 100000]",0,0,341,1039599
yolov8x_training,4625.678190,70,123.986,13370.3125,100,210,10001,"[0, 100000]","[0, 100000]",0,0,2978,12353
yolov8x_training,4626.903620,70,128.377,13370.3125,100,210,10001,"[0, 100000]","[0, 100000]",0,0,976,8837
yolov8x_training,4627.946412,70,126.973,13370.3125,100,210,10001,"[0, 100000]","[0, 100000]",0,0,830,10546
yolov8x_training,4628.989160,70,123.005,13370.3125,100,210,10001,"[0, 100000]","[0, 100000]",0,0,1171,5029
yolov8x_training,4630.031952,70,123.812,13370.3125,100,210,10001,"[0, 100000]","[0, 100000]",0,0,1123,3125
yolov8x_training,4631.074769,70,128.658,13370.3125,100,210,10001,"[0, 100000]","[0, 100000]",0,0,1123,5273
yolov8x_training,4632.117515,70,128.232,13370.3125,100,210,10001,"[0, 100000]","[0, 100000]",0,0,1074,4785
yolov8x_training,4633.160447,70,123.070,13370.3125,100,210,10001,"[0, 100000]","[0, 100000]",0,0,1220,5761
yolov8x_training,4634.203269,70,124.015,13370.3125,100,210,10001,"[0, 100000]","[0, 100000]",0,0,927,3271
yolov8x_training,4635.246001,70,124.614,13370.3125,100,210,10001,"[0, 100000]","[0, 100000]",0,0,1025,3515
yolov8x_training,4636.288747,70,124.470,13370.3125,100,210,10001,"[0, 100000]","[0, 100000]",0,0,878,3564
yolov8x_training,4637.331572,70,123.585,13370.3125,100,210,10001,"[0, 100000]","[0, 100000]",0,0,1171,3613
yolov8x_training,4638.374389,70,123.084,13370.3125,100,210,10001,"[0, 100000]","[0, 100000]",0,0,1025,3125
yolov8x_training,4639.417199,70,124.279,13370.3125,100,210,10001,"[0, 100000]","[0, 100000]",0,0,830,390
yolov8x_training,4640.459970,70,123.137,13370.3125,100,210,10001,"[0, 100000]","[0, 100000]",0,0,341,292
yolov8x_training,4641.502590,70,124.422,13370.3125,100,210,10001,"[0, 100000]","[0, 100000]",0,0,341,292
yolov8x_training,4642.545263,70,123.438,13370.3125,100,210,10001,"[0, 100000]","[0, 100000]",0,0,292,986035
yolov8x_training,4643.588195,69,123.923,13370.3125,100,210,10001,"[0, 100000]","[0, 100000]",0,0,1318,47363
yolov8x_training,4644.804049,69,124.447,13370.3125,100,210,10001,"[0, 100000]","[0, 100000]",0,0,781,9960
yolov8x_training,4645.846900,69,125.524,13370.3125,100,210,10001,"[0, 100000]","[0, 100000]",0,0,1708,4833
yolov8x_training,4646.889632,69,123.791,13370.3125,100,225,10001,"[0, 100000]","[0, 100000]",0,0,927,4003
yolov8x_training,4647.932524,71,123.711,13370.3125,100,210,10001,"[0, 100000]","[0, 100000]",0,0,1123,5273
yolov8x_training,4648.975355,74,123.950,13370.3125,100,360,10001,"[0, 100000]","[0, 100000]",0,0,1025,5664
yolov8x_training,4650.018083,74,123.785,13370.3125,100,210,10001,"[0, 100000]","[0, 100000]",0,0,1025,5126
yolov8x_training,4651.060785,70,122.579,13370.3125,100,345,10001,"[0, 100000]","[0, 100000]",0,0,976,3662
yolov8x_training,4652.103513,70,122.076,13370.3125,100,330,10001,"[0, 100000]","[0, 100000]",0,0,1074,4199
yolov8x_training,4653.146291,70,123.487,13370.3125,100,210,10001,"[0, 100000]","[0, 100000]",0,0,927,3076
yolov8x_training,4654.189054,70,121.917,13370.3125,100,210,10001,"[0, 100000]","[0, 100000]",0,0,830,2783
yolov8x_training,4655.231807,70,124.235,13370.3125,100,210,10001,"[0, 100000]","[0, 100000]",0,0,1074,3759
yolov8x_training,4656.274799,70,124.372,13370.3125,78,210,10001,"[0, 100000]","[0, 100000]",0,0,390,292
yolov8x_training,4657.317499,70,124.155,13370.3125,34,210,10001,"[0, 100000]","[0, 100000]",0,0,341,292
yolov8x_training,4658.360058,70,124.331,13370.3125,49,210,10001,"[0, 100000]","[0, 100000]",0,0,89746,17626
yolov8x_training,4659.585400,70,125.377,13370.3125,38,210,10001,"[0, 100000]","[0, 100000]",0,0,8593,42285
yolov8x_training,4660.628139,70,125.600,13370.3125,6,225,10001,"[0, 100000]","[0, 100000]",0,0,781,9912
yolov8x_training,4661.670855,70,120.332,13370.3125,29,225,10001,"[0, 100000]","[0, 100000]",0,0,1611,2978
yolov8x_training,4662.713666,70,119.828,13370.3125,26,210,10001,"[0, 100000]","[0, 100000]",0,0,2099,5468
yolov8x_training,4663.756472,70,120.154,13370.3125,37,210,10001,"[0, 100000]","[0, 100000]",0,0,976,4003
yolov8x_training,4664.799561,71,121.642,13370.3125,15,210,10001,"[0, 100000]","[0, 100000]",0,0,1123,12988
yolov8x_training,4665.842414,71,125.194,13370.3125,16,210,10001,"[0, 100000]","[0, 100000]",0,0,1074,4541
yolov8x_training,4666.885212,70,124.412,13370.3125,59,210,10001,"[0, 100000]","[0, 100000]",0,0,927,4492
yolov8x_training,4667.927927,70,123.202,13370.3125,100,210,10001,"[0, 100000]","[0, 100000]",0,0,1025,4882
yolov8x_training,4668.970710,70,124.285,13370.3125,100,210,10001,"[0, 100000]","[0, 100000]",0,0,976,3759
yolov8x_training,4670.013473,70,122.724,13370.3125,100,210,10001,"[0, 100000]","[0, 100000]",0,0,1074,3125
yolov8x_training,4671.056332,70,123.551,13370.3125,100,225,10001,"[0, 100000]","[0, 100000]",0,0,390,2539
yolov8x_training,4672.099123,70,122.035,13370.3125,100,210,10001,"[0, 100000]","[0, 100000]",0,0,927,439
yolov8x_training,4673.142002,70,124.666,13370.3125,100,210,10001,"[0, 100000]","[0, 100000]",0,0,341,292
yolov8x_training,4674.184634,70,122.502,13370.3125,100,210,10001,"[0, 100000]","[0, 100000]",0,0,89062,15966
yolov8x_training,4675.227693,70,124.276,13370.3125,100,210,10001,"[0, 100000]","[0, 100000]",0,0,1318,65673
yolov8x_training,4676.433387,70,125.092,13370.3125,98,210,10001,"[0, 100000]","[0, 100000]",0,0,1757,2832
yolov8x_training,4677.476227,70,123.849,13370.3125,98,210,10001,"[0, 100000]","[0, 100000]",0,0,1660,6054
yolov8x_training,4678.518929,70,122.540,13370.3125,100,210,10001,"[0, 100000]","[0, 100000]",0,0,1904,5712
yolov8x_training,4679.561875,70,122.517,13370.3125,100,210,10001,"[0, 100000]","[0, 100000]",0,0,1269,5371
yolov8x_training,4680.604692,71,124.306,13370.3125,98,210,10001,"[0, 100000]","[0, 100000]",0,0,976,5126
yolov8x_training,4681.647603,70,123.036,13370.3125,100,210,10001,"[0, 100000]","[0, 100000]",0,0,976,4492
yolov8x_training,4682.690882,70,124.109,13370.3125,100,210,10001,"[0, 100000]","[0, 100000]",0,0,1464,9863
yolov8x_training,4683.733828,70,125.038,13370.3125,97,210,10001,"[0, 100000]","[0, 100000]",0,0,1220,3710
yolov8x_training,4684.776564,71,123.973,13370.3125,97,210,10001,"[0, 100000]","[0, 100000]",0,0,1025,4296
yolov8x_training,4685.819284,71,124.839,13370.3125,97,210,10001,"[0, 100000]","[0, 100000]",0,0,976,3759
yolov8x_training,4686.862028,71,123.749,13370.3125,99,210,10001,"[0, 100000]","[0, 100000]",0,0,1025,4052
yolov8x_training,4687.904792,70,124.292,13370.3125,98,210,10001,"[0, 100000]","[0, 100000]",0,0,927,3417
yolov8x_training,4688.947567,70,123.348,13370.3125,97,210,10001,"[0, 100000]","[0, 100000]",0,0,1074,3564
yolov8x_training,4689.990356,70,124.810,13370.3125,97,210,10001,"[0, 100000]","[0, 100000]",0,0,390,2880
yolov8x_training,4691.033112,70,123.340,13370.3125,98,210,10001,"[0, 100000]","[0, 100000]",0,0,927,341
yolov8x_training,4692.076188,70,124.240,13370.3125,97,210,10001,"[0, 100000]","[0, 100000]",0,0,341,1033740
yolov8x_training,4693.118925,70,123.422,13370.3125,97,210,10001,"[0, 100000]","[0, 100000]",0,0,341,1030761
yolov8x_training,4694.161682,70,125.136,13370.3125,98,210,10001,"[0, 100000]","[0, 100000]",0,0,1367,61718
yolov8x_training,4695.370080,70,124.387,13370.3125,96,210,10001,"[0, 100000]","[0, 100000]",0,0,1660,3466
yolov8x_training,4696.412777,70,121.886,13370.3125,97,210,10001,"[0, 100000]","[0, 100000]",0,0,2001,5810
yolov8x_training,4697.455512,70,123.134,13370.3125,97,210,10001,"[0, 100000]","[0, 100000]",0,0,1367,5126
yolov8x_training,4698.498219,70,123.885,13370.3125,99,210,10001,"[0, 100000]","[0, 100000]",0,0,927,3759
yolov8x_training,4699.540989,70,123.401,13370.3125,100,210,10001,"[0, 100000]","[0, 100000]",0,0,1220,11572
yolov8x_training,4700.583919,70,123.727,13370.3125,100,210,10001,"[0, 100000]","[0, 100000]",0,0,1220,5419
yolov8x_training,4701.626683,70,122.212,13370.3125,100,210,10001,"[0, 100000]","[0, 100000]",0,0,1123,4101
yolov8x_training,4702.669444,70,124.083,13370.3125,100,225,10001,"[0, 100000]","[0, 100000]",0,0,1123,3955
yolov8x_training,4703.712223,70,123.986,13370.3125,100,315,10001,"[0, 100000]","[0, 100000]",0,0,878,3808
yolov8x_training,4704.755063,70,122.977,13370.3125,100,210,10001,"[0, 100000]","[0, 100000]",0,0,1074,2978
yolov8x_training,4705.797856,70,124.732,13370.3125,100,210,10001,"[0, 100000]","[0, 100000]",0,0,683,1513
yolov8x_training,4706.840698,70,123.450,13370.3125,100,210,10001,"[0, 100000]","[0, 100000]",0,0,390,292
yolov8x_training,4707.883337,71,124.774,13370.3125,100,210,10001,"[0, 100000]","[0, 100000]",0,0,88818,15332
yolov8x_training,4708.926958,70,123.140,13370.3125,100,210,10001,"[0, 100000]","[0, 100000]",0,0,341,1036523
yolov8x_training,4710.140627,73,125.165,13370.3125,100,210,10001,"[0, 100000]","[0, 100000]",0,0,9765,37011
yolov8x_training,4711.183579,71,124.274,13370.3125,100,210,10001,"[0, 100000]","[0, 100000]",0,0,830,11523
yolov8x_training,4712.226628,70,122.569,13370.3125,100,210,10001,"[0, 100000]","[0, 100000]",0,0,1123,3857
yolov8x_training,4713.269425,71,121.679,13370.3125,100,210,10001,"[0, 100000]","[0, 100000]",0,0,927,3466
yolov8x_training,4714.312282,71,121.134,13370.3125,100,210,10001,"[0, 100000]","[0, 100000]",0,0,2197,4833
yolov8x_training,4715.355128,70,123.343,13370.3125,100,210,10001,"[0, 100000]","[0, 100000]",0,0,1220,5517
yolov8x_training,4716.397976,70,123.534,13370.3125,100,225,10001,"[0, 100000]","[0, 100000]",0,0,1220,6201
yolov8x_training,4717.440701,70,123.160,13370.3125,100,255,10001,"[0, 100000]","[0, 100000]",0,0,1123,4785
yolov8x_training,4718.483419,71,125.016,13370.3125,100,210,10001,"[0, 100000]","[0, 100000]",0,0,1123,3955
yolov8x_training,4719.526151,70,124.550,13370.3125,100,210,10001,"[0, 100000]","[0, 100000]",0,0,1074,2392
yolov8x_training,4720.568916,70,123.896,13370.3125,100,210,10001,"[0, 100000]","[0, 100000]",0,0,1025,3173
yolov8x_training,4721.611712,70,122.402,13370.3125,100,210,10001,"[0, 100000]","[0, 100000]",0,0,927,3710
yolov8x_training,4722.654561,70,123.162,13370.3125,100,255,10001,"[0, 100000]","[0, 100000]",0,0,1025,3906
yolov8x_training,4723.697518,70,125.345,13370.3125,100,210,10001,"[0, 100000]","[0, 100000]",0,0,830,341
yolov8x_training,4724.740242,70,124.061,13370.3125,100,210,10001,"[0, 100000]","[0, 100000]",0,0,341,292
yolov8x_training,4725.782782,70,123.379,13370.3125,100,210,10001,"[0, 100000]","[0, 100000]",0,0,341,1030712
yolov8x_training,4726.825643,70,123.962,13370.3125,100,210,10001,"[0, 100000]","[0, 100000]",0,0,3125,18017
yolov8x_training,4728.038871,70,124.275,13370.3125,100,330,10001,"[0, 100000]","[0, 100000]",0,0,9521,37402
yolov8x_training,4729.081720,70,119.061,13370.3125,100,210,10001,"[0, 100000]","[0, 100000]",0,0,7666,4931
yolov8x_training,4730.124441,70,121.181,13370.3125,100,210,10001,"[0, 100000]","[0, 100000]",0,0,1953,5419
yolov8x_training,4731.167431,70,124.055,13370.3125,100,720,10001,"[0, 100000]","[0, 100000]",0,0,976,3466
yolov8x_training,4732.210232,70,124.458,13370.3125,100,1485,10001,"[0, 100000]","[0, 100000]",0,0,1025,3564
yolov8x_training,4733.253054,70,122.942,13370.3125,100,210,10001,"[0, 100000]","[0, 100000]",0,0,1025,5468
yolov8x_training,4734.295846,70,125.057,13370.3125,100,210,10001,"[0, 100000]","[0, 100000]",0,0,1171,4736
yolov8x_training,4735.338755,70,126.916,13370.3125,100,210,10001,"[0, 100000]","[0, 100000]",0,0,976,4394
yolov8x_training,4736.381575,70,122.665,13370.3125,100,210,10001,"[0, 100000]","[0, 100000]",0,0,1025,4345
yolov8x_training,4737.424282,70,122.201,13370.3125,100,210,10001,"[0, 100000]","[0, 100000]",0,0,976,3857
yolov8x_training,4738.467043,70,125.141,13370.3125,100,210,10001,"[0, 100000]","[0, 100000]",0,0,781,2734
yolov8x_training,4739.509800,70,122.750,13370.3125,100,210,10001,"[0, 100000]","[0, 100000]",0,0,1074,3515
yolov8x_training,4740.552576,70,123.468,13370.3125,100,210,10001,"[0, 100000]","[0, 100000]",0,0,1074,3662
yolov8x_training,4741.595457,70,122.953,13370.3125,100,210,10001,"[0, 100000]","[0, 100000]",0,0,976,3710
yolov8x_training,4742.638340,70,124.827,13370.3125,100,210,10001,"[0, 100000]","[0, 100000]",0,0,927,292
yolov8x_training,4743.681101,70,124.137,13370.3125,100,210,10001,"[0, 100000]","[0, 100000]",0,0,292,292
yolov8x_training,4744.723846,70,122.785,13370.3125,100,210,10001,"[0, 100000]","[0, 100000]",0,0,341,292
yolov8x_training,4745.766414,70,124.120,13370.3125,100,990,10001,"[0, 100000]","[0, 100000]",0,0,89062,18457
yolov8x_training,4746.969457,70,126.236,13370.3125,100,2220,10001,"[0, 100000]","[0, 100000]",0,0,8837,40917
yolov8x_training,4748.012341,70,127.336,13370.3125,100,2505,10001,"[0, 100000]","[0, 100000]",0,0,830,8398
yolov8x_training,4749.055144,70,126.791,13370.3125,100,2370,10001,"[0, 100000]","[0, 100000]",0,0,1611,6054
yolov8x_training,4750.098060,70,125.290,13370.3125,100,1530,10001,"[0, 100000]","[0, 100000]",0,0,1416,7519
yolov8x_training,4751.140840,70,125.460,13370.3125,100,1815,10001,"[0, 100000]","[0, 100000]",0,0,1123,4296
yolov8x_training,4752.183756,70,127.255,13370.3125,100,2340,10001,"[0, 100000]","[0, 100000]",0,0,1074,7421
yolov8x_training,4753.227531,71,127.995,13370.3125,100,2505,10001,"[0, 100000]","[0, 100000]",0,0,2050,4003
yolov8x_training,4754.270475,70,128.782,13370.3125,100,210,10001,"[0, 100000]","[0, 100000]",0,0,1074,3857
yolov8x_training,4755.313588,71,128.193,13370.3125,100,210,10001,"[0, 100000]","[0, 100000]",0,0,1025,3857
yolov8x_training,4756.356467,71,122.866,13370.3125,100,210,10001,"[0, 100000]","[0, 100000]",0,0,1074,3759
yolov8x_training,4757.399246,70,124.247,13370.3125,100,210,10001,"[0, 100000]","[0, 100000]",0,0,781,2880
yolov8x_training,4758.442029,71,123.140,13370.3125,100,210,10001,"[0, 100000]","[0, 100000]",0,0,1123,3808
yolov8x_training,4759.484842,71,123.200,13370.3125,100,210,10001,"[0, 100000]","[0, 100000]",0,0,1074,1367
yolov8x_training,4760.527578,70,122.455,13370.3125,100,210,10001,"[0, 100000]","[0, 100000]",0,0,683,4638
yolov8x_training,4761.570419,70,124.634,13370.3125,100,210,10001,"[0, 100000]","[0, 100000]",0,0,341,292
yolov8x_training,4762.613013,70,124.684,13370.3125,100,210,10001,"[0, 100000]","[0, 100000]",0,0,90576,18798
yolov8x_training,4763.831354,69,124.895,13370.3125,100,210,10001,"[0, 100000]","[0, 100000]",0,0,1611,3955
yolov8x_training,4764.874152,69,123.117,13370.3125,100,210,10001,"[0, 100000]","[0, 100000]",0,0,732,8740
yolov8x_training,4765.916887,69,123.781,13370.3125,100,210,10001,"[0, 100000]","[0, 100000]",0,0,1171,5322
yolov8x_training,4766.959813,71,123.724,13370.3125,100,210,10001,"[0, 100000]","[0, 100000]",0,0,1025,4248
yolov8x_training,4768.002616,72,124.023,13370.3125,100,210,10001,"[0, 100000]","[0, 100000]",0,0,1611,8154
yolov8x_training,4769.045408,72,122.634,13370.3125,100,210,10001,"[0, 100000]","[0, 100000]",0,0,1123,9912
yolov8x_training,4770.088192,70,122.396,13370.3125,100,210,10001,"[0, 100000]","[0, 100000]",0,0,1757,7373
yolov8x_training,4771.130947,70,123.985,13370.3125,100,210,10001,"[0, 100000]","[0, 100000]",0,0,1367,3271
yolov8x_training,4772.174035,70,123.405,13370.3125,100,210,10001,"[0, 100000]","[0, 100000]",0,0,1025,4199
yolov8x_training,4773.216806,70,123.071,13370.3125,100,210,10001,"[0, 100000]","[0, 100000]",0,0,927,3906
yolov8x_training,4774.259645,70,122.996,13370.3125,100,210,10001,"[0, 100000]","[0, 100000]",0,0,830,3222
yolov8x_training,4775.302412,70,123.790,13370.3125,100,210,10001,"[0, 100000]","[0, 100000]",0,0,976,3955
yolov8x_training,4776.345246,70,123.211,13370.3125,100,210,10001,"[0, 100000]","[0, 100000]",0,0,585,2685
yolov8x_training,4777.388069,70,123.194,13370.3125,100,210,10001,"[0, 100000]","[0, 100000]",0,0,390,2685
yolov8x_training,4778.430827,70,124.444,13370.3125,100,210,10001,"[0, 100000]","[0, 100000]",0,0,341,341
yolov8x_training,4779.473897,70,125.266,13370.3125,91,210,10001,"[0, 100000]","[0, 100000]",0,0,89697,17529
yolov8x_training,4780.517183,70,125.290,13370.3125,89,210,10001,"[0, 100000]","[0, 100000]",0,0,1220,6591
yolov8x_training,4781.738791,71,124.403,13370.3125,89,210,10001,"[0, 100000]","[0, 100000]",0,0,9716,36914
yolov8x_training,4782.781647,71,123.605,13370.3125,98,210,10001,"[0, 100000]","[0, 100000]",0,0,1708,9472
yolov8x_training,4783.824306,70,125.433,13370.3125,68,210,10001,"[0, 100000]","[0, 100000]",0,0,2001,5859
yolov8x_training,4784.867084,71,122.167,13370.3125,100,210,10001,"[0, 100000]","[0, 100000]",0,0,1611,5810
yolov8x_training,4785.909808,71,121.838,13370.3125,100,210,10001,"[0, 100000]","[0, 100000]",0,0,1171,4052
yolov8x_training,4786.952588,72,122.946,13370.3125,100,210,10001,"[0, 100000]","[0, 100000]",0,0,1025,3417
yolov8x_training,4787.995371,72,121.960,13370.3125,100,210,10001,"[0, 100000]","[0, 100000]",0,0,1171,5175
yolov8x_training,4789.038398,69,122.723,13370.3125,100,210,10001,"[0, 100000]","[0, 100000]",0,0,1025,4736
yolov8x_training,4790.081367,70,124.040,13370.3125,100,210,10001,"[0, 100000]","[0, 100000]",0,0,1611,5322
yolov8x_training,4791.124179,70,123.441,13370.3125,100,210,10001,"[0, 100000]","[0, 100000]",0,0,1220,3417
yolov8x_training,4792.166906,70,122.225,13370.3125,100,210,10001,"[0, 100000]","[0, 100000]",0,0,1074,3759
yolov8x_training,4793.209852,70,122.993,13370.3125,100,210,10001,"[0, 100000]","[0, 100000]",0,0,878,3613
yolov8x_training,4794.252810,70,124.640,13370.3125,100,210,10001,"[0, 100000]","[0, 100000]",0,0,1074,4199
yolov8x_training,4795.295704,70,124.123,13370.3125,100,210,10001,"[0, 100000]","[0, 100000]",0,0,1123,3515
yolov8x_training,4796.338467,70,124.373,13370.3125,100,210,10001,"[0, 100000]","[0, 100000]",0,0,927,31542
yolov8x_training,4797.381424,71,124.710,13370.3125,100,210,10001,"[0, 100000]","[0, 100000]",0,0,537,292
yolov8x_training,4798.424103,70,123.723,13370.3125,92,210,10001,"[0, 100000]","[0, 100000]",0,0,292,292
yolov8x_training,4799.466656,70,124.070,13370.3125,92,210,10001,"[0, 100000]","[0, 100000]",0,0,89892,9179
yolov8x_training,4800.509648,70,123.470,13370.3125,100,210,10001,"[0, 100000]","[0, 100000]",0,0,89794,18310
yolov8x_training,4801.693112,71,125.001,13370.3125,94,210,10001,"[0, 100000]","[0, 100000]",0,0,9667,36962
yolov8x_training,4802.736053,71,125.939,13370.3125,57,210,10001,"[0, 100000]","[0, 100000]",0,0,732,10009
yolov8x_training,4803.778767,70,124.906,13370.3125,52,390,10001,"[0, 100000]","[0, 100000]",0,0,927,11132
yolov8x_training,4804.821572,71,124.001,13370.3125,88,270,10001,"[0, 100000]","[0, 100000]",0,0,1416,5566
yolov8x_training,4805.864318,71,124.155,13370.3125,76,210,10001,"[0, 100000]","[0, 100000]",0,0,1025,4052
yolov8x_training,4806.907377,70,122.774,13370.3125,31,315,10001,"[0, 100000]","[0, 100000]",0,0,1123,5273
yolov8x_training,4807.950243,71,123.803,13370.3125,38,210,10001,"[0, 100000]","[0, 100000]",0,0,1953,4589
yolov8x_training,4808.993180,71,123.717,13370.3125,68,420,10001,"[0, 100000]","[0, 100000]",0,0,1074,4882
yolov8x_training,4810.035885,71,124.038,13370.3125,58,210,10001,"[0, 100000]","[0, 100000]",0,0,878,4199
yolov8x_training,4811.078661,70,123.056,13370.3125,23,210,10001,"[0, 100000]","[0, 100000]",0,0,1025,3906
yolov8x_training,4812.121447,70,124.153,13370.3125,33,210,10001,"[0, 100000]","[0, 100000]",0,0,1220,2587
yolov8x_training,4813.164517,70,124.776,13370.3125,49,210,10001,"[0, 100000]","[0, 100000]",0,0,976,2978
yolov8x_training,4814.207363,70,125.018,13370.3125,16,255,10001,"[0, 100000]","[0, 100000]",0,0,976,1269
yolov8x_training,4815.250165,70,125.071,13370.3125,38,210,10001,"[0, 100000]","[0, 100000]",0,0,341,292
yolov8x_training,4816.292799,70,123.437,13370.3125,86,210,10001,"[0, 100000]","[0, 100000]",0,0,341,292
yolov8x_training,4817.335731,70,123.728,13370.3125,41,255,10001,"[0, 100000]","[0, 100000]",0,0,90478,17480
yolov8x_training,4818.563795,70,121.627,13370.3125,82,210,10001,"[0, 100000]","[0, 100000]",0,0,9472,37451
yolov8x_training,4819.606662,70,120.400,13370.3125,80,210,10001,"[0, 100000]","[0, 100000]",0,0,1757,10400
yolov8x_training,4820.649426,70,121.836,13370.3125,83,330,10001,"[0, 100000]","[0, 100000]",0,0,1660,5371
yolov8x_training,4821.692335,70,119.929,13370.3125,64,210,10001,"[0, 100000]","[0, 100000]",0,0,2099,5468
yolov8x_training,4822.735217,70,121.115,13370.3125,54,240,10001,"[0, 100000]","[0, 100000]",0,0,878,4443
yolov8x_training,4823.777954,70,121.548,13370.3125,90,210,10001,"[0, 100000]","[0, 100000]",0,0,1220,5224
yolov8x_training,4824.820733,70,121.562,13370.3125,66,210,10001,"[0, 100000]","[0, 100000]",0,0,1074,4931
yolov8x_training,4825.863526,70,124.079,13370.3125,51,210,10001,"[0, 100000]","[0, 100000]",0,0,1757,5175
yolov8x_training,4826.906348,70,122.608,13370.3125,65,210,10001,"[0, 100000]","[0, 100000]",0,0,1171,4785
yolov8x_training,4827.949116,70,124.195,13370.3125,41,210,10001,"[0, 100000]","[0, 100000]",0,0,927,4296
yolov8x_training,4828.991874,70,123.398,13370.3125,47,210,10001,"[0, 100000]","[0, 100000]",0,0,878,3857
yolov8x_training,4830.034595,70,123.414,13370.3125,42,210,10001,"[0, 100000]","[0, 100000]",0,0,1025,5029
yolov8x_training,4831.077340,70,125.085,13370.3125,59,210,10001,"[0, 100000]","[0, 100000]",0,0,1025,4003
yolov8x_training,4832.120118,70,124.242,13370.3125,89,210,10001,"[0, 100000]","[0, 100000]",0,0,1123,1953
yolov8x_training,4833.162930,70,125.304,13370.3125,72,210,10001,"[0, 100000]","[0, 100000]",0,0,683,2148
yolov8x_training,4834.205827,70,124.326,13370.3125,100,210,10001,"[0, 100000]","[0, 100000]",0,0,341,292
yolov8x_training,4835.248471,70,123.029,13370.3125,100,210,10001,"[0, 100000]","[0, 100000]",0,0,88916,14306
yolov8x_training,4836.292020,70,123.967,13370.3125,100,990,10001,"[0, 100000]","[0, 100000]",0,0,3125,6591
yolov8x_training,4837.499792,70,124.727,13370.3125,100,2160,10001,"[0, 100000]","[0, 100000]",0,0,6250,4882
yolov8x_training,4838.542574,70,125.551,13370.3125,100,2295,10001,"[0, 100000]","[0, 100000]",0,0,2050,6445
yolov8x_training,4839.585400,70,127.093,13370.3125,100,210,10001,"[0, 100000]","[0, 100000]",0,0,976,3466
yolov8x_training,4840.628151,70,128.929,13370.3125,100,210,10001,"[0, 100000]","[0, 100000]",0,0,976,4492
yolov8x_training,4841.671067,70,127.432,13370.3125,100,210,10001,"[0, 100000]","[0, 100000]",0,0,1074,9423
yolov8x_training,4842.713901,70,124.491,13370.3125,100,210,10001,"[0, 100000]","[0, 100000]",0,0,1074,5419
yolov8x_training,4843.756680,70,128.399,13370.3125,96,210,10001,"[0, 100000]","[0, 100000]",0,0,1074,4296
yolov8x_training,4844.799412,70,123.945,13370.3125,99,210,10001,"[0, 100000]","[0, 100000]",0,0,976,3906
yolov8x_training,4845.842389,70,123.695,13370.3125,97,210,10001,"[0, 100000]","[0, 100000]",0,0,878,3173
yolov8x_training,4846.885246,70,122.989,13370.3125,97,210,10001,"[0, 100000]","[0, 100000]",0,0,1074,3662
yolov8x_training,4847.928061,70,124.379,13370.3125,98,210,10001,"[0, 100000]","[0, 100000]",0,0,927,26171
yolov8x_training,4848.971053,70,124.025,13370.3125,97,210,10001,"[0, 100000]","[0, 100000]",0,0,390,292
yolov8x_training,4850.013709,70,123.372,13370.3125,97,210,10001,"[0, 100000]","[0, 100000]",0,0,341,292
yolov8x_training,4851.056270,70,124.067,13370.3125,98,210,10001,"[0, 100000]","[0, 100000]",0,0,1318,63964
yolov8x_training,4852.297307,69,123.690,13370.3125,98,210,10001,"[0, 100000]","[0, 100000]",0,0,9814,36230
yolov8x_training,4853.340232,69,122.399,13370.3125,97,210,10001,"[0, 100000]","[0, 100000]",0,0,976,10742
yolov8x_training,4854.382916,71,123.955,13370.3125,98,255,10001,"[0, 100000]","[0, 100000]",0,0,976,3808
yolov8x_training,4855.425749,71,122.928,13370.3125,100,300,10001,"[0, 100000]","[0, 100000]",0,0,1171,8837
yolov8x_training,4856.468522,71,122.551,13370.3125,100,255,10001,"[0, 100000]","[0, 100000]",0,0,1025,10791
yolov8x_training,4857.511414,71,123.303,13370.3125,100,330,10001,"[0, 100000]","[0, 100000]",0,0,1171,5664
yolov8x_training,4858.554135,71,123.111,13370.3125,100,225,10001,"[0, 100000]","[0, 100000]",0,0,1074,3955
yolov8x_training,4859.596917,70,123.888,13370.3125,100,240,10001,"[0, 100000]","[0, 100000]",0,0,1074,2734
yolov8x_training,4860.639668,70,123.644,13370.3125,100,210,10001,"[0, 100000]","[0, 100000]",0,0,976,3710
yolov8x_training,4861.682476,70,122.590,13370.3125,100,255,10001,"[0, 100000]","[0, 100000]",0,0,1025,4199
yolov8x_training,4862.725303,70,123.857,13370.3125,100,210,10001,"[0, 100000]","[0, 100000]",0,0,488,292
yolov8x_training,4863.768025,70,123.329,13370.3125,100,210,10001,"[0, 100000]","[0, 100000]",0,0,292,341
yolov8x_training,4864.810647,70,123.775,13370.3125,100,210,10001,"[0, 100000]","[0, 100000]",0,0,88964,19091
yolov8x_training,4866.013365,70,121.202,13370.3125,100,375,10001,"[0, 100000]","[0, 100000]",0,0,7519,49462
yolov8x_training,4867.056138,70,123.262,13370.3125,100,1725,10001,"[0, 100000]","[0, 100000]",0,0,1611,3906
yolov8x_training,4868.098861,70,118.984,13370.3125,100,1695,10001,"[0, 100000]","[0, 100000]",0,0,1464,3564
yolov8x_training,4869.141622,70,118.923,13370.3125,100,990,10001,"[0, 100000]","[0, 100000]",0,0,1367,4150
yolov8x_training,4870.184847,71,121.999,13370.3125,100,2115,10001,"[0, 100000]","[0, 100000]",0,0,1220,5615
yolov8x_training,4871.227937,70,123.945,13370.3125,100,210,10001,"[0, 100000]","[0, 100000]",0,0,1269,11718
yolov8x_training,4872.270917,70,124.652,13370.3125,100,210,10001,"[0, 100000]","[0, 100000]",0,0,1953,4101
yolov8x_training,4873.313748,70,123.766,13370.3125,100,210,10001,"[0, 100000]","[0, 100000]",0,0,1171,5468
yolov8x_training,4874.356503,71,125.006,13370.3125,100,210,10001,"[0, 100000]","[0, 100000]",0,0,1123,4150
yolov8x_training,4875.399289,71,122.571,13370.3125,100,210,10001,"[0, 100000]","[0, 100000]",0,0,1025,4980
yolov8x_training,4876.442045,70,123.640,13370.3125,100,210,10001,"[0, 100000]","[0, 100000]",0,0,1123,2294
yolov8x_training,4877.484773,70,122.751,13370.3125,100,210,10001,"[0, 100000]","[0, 100000]",0,0,976,3466
yolov8x_training,4878.527579,70,124.155,13370.3125,100,210,10001,"[0, 100000]","[0, 100000]",0,0,781,1318
yolov8x_training,4879.570344,70,123.963,13370.3125,100,225,10001,"[0, 100000]","[0, 100000]",0,0,8544,292
yolov8x_training,4880.613306,70,122.987,13370.3125,100,210,10001,"[0, 100000]","[0, 100000]",0,0,341,341
yolov8x_training,4881.655886,70,123.014,13370.3125,100,210,10001,"[0, 100000]","[0, 100000]",0,0,2832,11279
yolov8x_training,4882.699066,70,123.629,13370.3125,100,210,10001,"[0, 100000]","[0, 100000]",0,0,1123,44628
yolov8x_training,4883.950796,70,122.431,13370.3125,100,210,10001,"[0, 100000]","[0, 100000]",0,0,8544,42578
yolov8x_training,4884.993455,70,125.873,13370.3125,100,210,10001,"[0, 100000]","[0, 100000]",0,0,1123,8398
yolov8x_training,4886.036255,70,124.283,13370.3125,100,330,10001,"[0, 100000]","[0, 100000]",0,0,1806,8154
yolov8x_training,4887.078946,70,124.222,13370.3125,100,210,10001,"[0, 100000]","[0, 100000]",0,0,2099,5419
yolov8x_training,4888.121753,70,121.388,13370.3125,100,2415,10001,"[0, 100000]","[0, 100000]",0,0,927,3906
yolov8x_training,4889.164459,70,126.026,13370.3125,100,210,10001,"[0, 100000]","[0, 100000]",0,0,1025,11425
yolov8x_training,4890.207502,70,126.350,13370.3125,100,210,10001,"[0, 100000]","[0, 100000]",0,0,1416,5175
yolov8x_training,4891.250302,71,126.192,13370.3125,100,210,10001,"[0, 100000]","[0, 100000]",0,0,1123,4785
yolov8x_training,4892.293132,70,125.583,13370.3125,100,225,10001,"[0, 100000]","[0, 100000]",0,0,1074,4931
yolov8x_training,4893.335811,71,125.397,13370.3125,100,210,10001,"[0, 100000]","[0, 100000]",0,0,976,4101
yolov8x_training,4894.378583,70,123.766,13370.3125,100,210,10001,"[0, 100000]","[0, 100000]",0,0,1025,4687
yolov8x_training,4895.421281,71,123.799,13370.3125,100,225,10001,"[0, 100000]","[0, 100000]",0,0,927,4052
yolov8x_training,4896.464016,71,122.542,13370.3125,100,210,10001,"[0, 100000]","[0, 100000]",0,0,927,3759
yolov8x_training,4897.506773,70,123.733,13370.3125,100,210,10001,"[0, 100000]","[0, 100000]",0,0,390,2685
yolov8x_training,4898.549515,71,124.813,13370.3125,100,210,10001,"[0, 100000]","[0, 100000]",0,0,341,292
yolov8x_training,4899.592071,70,125.006,13370.3125,100,210,10001,"[0, 100000]","[0, 100000]",0,0,89990,12646
yolov8x_training,4900.815535,70,123.346,13370.3125,100,210,10001,"[0, 100000]","[0, 100000]",0,0,9375,38671
yolov8x_training,4901.858292,69,124.259,13370.3125,100,210,10001,"[0, 100000]","[0, 100000]",0,0,3222,2539
yolov8x_training,4902.901137,70,123.358,13370.3125,100,210,10001,"[0, 100000]","[0, 100000]",0,0,2099,5859
yolov8x_training,4903.943879,69,121.956,13370.3125,100,210,10001,"[0, 100000]","[0, 100000]",0,0,1757,5517
yolov8x_training,4904.986694,70,122.965,13370.3125,100,210,10001,"[0, 100000]","[0, 100000]",0,0,976,4003
yolov8x_training,4906.029426,70,122.193,13370.3125,100,210,10001,"[0, 100000]","[0, 100000]",0,0,976,5078
yolov8x_training,4907.072247,70,124.130,13370.3125,100,210,10001,"[0, 100000]","[0, 100000]",0,0,1074,5664
yolov8x_training,4908.114963,70,123.789,13370.3125,100,210,10001,"[0, 100000]","[0, 100000]",0,0,1123,5273
yolov8x_training,4909.157661,70,122.923,13370.3125,77,210,10001,"[0, 100000]","[0, 100000]",0,0,1074,3808
yolov8x_training,4910.200463,70,122.928,13370.3125,74,225,10001,"[0, 100000]","[0, 100000]",0,0,1074,3613
yolov8x_training,4911.243284,70,123.415,13370.3125,56,210,10001,"[0, 100000]","[0, 100000]",0,0,927,3271
yolov8x_training,4912.286178,70,123.402,13370.3125,67,210,10001,"[0, 100000]","[0, 100000]",0,0,878,3759
yolov8x_training,4913.328925,70,122.198,13370.3125,58,210,10001,"[0, 100000]","[0, 100000]",0,0,976,3710
yolov8x_training,4914.371793,70,126.126,13370.3125,73,210,10001,"[0, 100000]","[0, 100000]",0,0,878,537
yolov8x_training,4915.414591,71,125.411,13370.3125,35,210,10001,"[0, 100000]","[0, 100000]",0,0,292,341
yolov8x_training,4916.457182,70,123.205,13370.3125,28,210,10001,"[0, 100000]","[0, 100000]",0,0,341,1035107
yolov8x_training,4917.499862,70,125.038,13370.3125,16,210,10001,"[0, 100000]","[0, 100000]",0,0,1123,4492
yolov8x_training,4918.542581,70,122.839,13370.3125,22,210,10001,"[0, 100000]","[0, 100000]",0,0,1367,61523
yolov8x_training,4919.786247,69,123.034,13370.3125,63,210,10001,"[0, 100000]","[0, 100000]",0,0,9619,36914
yolov8x_training,4920.829278,69,123.049,13370.3125,77,210,10001,"[0, 100000]","[0, 100000]",0,0,1416,5126
yolov8x_training,4921.872045,69,123.584,13370.3125,77,210,10001,"[0, 100000]","[0, 100000]",0,0,1123,4101
yolov8x_training,4922.914774,72,122.372,13370.3125,32,210,10001,"[0, 100000]","[0, 100000]",0,0,976,4003
yolov8x_training,4923.957473,69,122.436,13370.3125,83,210,10001,"[0, 100000]","[0, 100000]",0,0,927,3808
yolov8x_training,4925.000469,69,122.280,13370.3125,90,210,10001,"[0, 100000]","[0, 100000]",0,0,1025,4199
yolov8x_training,4926.043221,69,123.279,13370.3125,100,210,10001,"[0, 100000]","[0, 100000]",0,0,1123,12500
yolov8x_training,4927.086043,70,122.925,13370.3125,92,210,10001,"[0, 100000]","[0, 100000]",0,0,1025,5664
yolov8x_training,4928.128744,70,122.478,13370.3125,100,210,10001,"[0, 100000]","[0, 100000]",0,0,1855,4101
yolov8x_training,4929.171555,70,122.433,13370.3125,100,210,10001,"[0, 100000]","[0, 100000]",0,0,1123,5615
yolov8x_training,4930.214456,70,122.597,13370.3125,100,210,10001,"[0, 100000]","[0, 100000]",0,0,1074,3515
yolov8x_training,4931.257274,70,123.039,13370.3125,100,210,10001,"[0, 100000]","[0, 100000]",0,0,976,4736
yolov8x_training,4932.299978,70,123.190,13370.3125,100,210,10001,"[0, 100000]","[0, 100000]",0,0,878,2929
yolov8x_training,4933.342845,70,123.235,13370.3125,98,210,10001,"[0, 100000]","[0, 100000]",0,0,1074,1123
yolov8x_training,4934.385702,70,125.273,13370.3125,56,210,10001,"[0, 100000]","[0, 100000]",0,0,292,292
yolov8x_training,4935.428367,70,125.040,13370.3125,17,210,10001,"[0, 100000]","[0, 100000]",0,0,341,292
yolov8x_training,4936.470912,70,123.196,13370.3125,31,210,10001,"[0, 100000]","[0, 100000]",0,0,3027,6787
yolov8x_training,4937.684131,71,123.633,13370.3125,36,210,10001,"[0, 100000]","[0, 100000]",0,0,7568,48437
yolov8x_training,4938.726863,71,125.672,13370.3125,19,210,10001,"[0, 100000]","[0, 100000]",0,0,927,10791
yolov8x_training,4939.769612,71,124.458,13370.3125,28,210,10001,"[0, 100000]","[0, 100000]",0,0,1757,5468
yolov8x_training,4940.812276,71,123.253,13370.3125,34,255,10001,"[0, 100000]","[0, 100000]",0,0,976,4248
yolov8x_training,4941.855228,71,122.144,13370.3125,77,210,10001,"[0, 100000]","[0, 100000]",0,0,1855,6689
yolov8x_training,4942.897931,70,123.483,13370.3125,100,210,10001,"[0, 100000]","[0, 100000]",0,0,1025,5419
yolov8x_training,4943.940654,71,125.225,13370.3125,72,210,10001,"[0, 100000]","[0, 100000]",0,0,1123,4785
yolov8x_training,4944.983383,70,123.524,13370.3125,100,210,10001,"[0, 100000]","[0, 100000]",0,0,1074,3662
yolov8x_training,4946.026157,71,124.810,13370.3125,95,210,10001,"[0, 100000]","[0, 100000]",0,0,976,4687
yolov8x_training,4947.068964,70,123.495,13370.3125,100,225,10001,"[0, 100000]","[0, 100000]",0,0,1074,2001
yolov8x_training,4948.111722,70,125.026,13370.3125,92,210,10001,"[0, 100000]","[0, 100000]",0,0,878,3222
yolov8x_training,4949.154575,70,124.629,13370.3125,100,210,10001,"[0, 100000]","[0, 100000]",0,0,1123,1123
yolov8x_training,4950.197418,70,123.736,13370.3125,100,210,10001,"[0, 100000]","[0, 100000]",0,0,585,341
yolov8x_training,4951.240210,70,124.670,13370.3125,100,210,10001,"[0, 100000]","[0, 100000]",0,0,341,292
yolov8x_training,4952.282760,70,122.901,13370.3125,100,1140,10001,"[0, 100000]","[0, 100000]",0,0,90283,11376
yolov8x_training,4953.484999,70,126.460,13370.3125,100,1530,10001,"[0, 100000]","[0, 100000]",0,0,9667,36816
yolov8x_training,4954.527940,70,129.257,13370.3125,100,1755,10001,"[0, 100000]","[0, 100000]",0,0,830,10058
yolov8x_training,4955.570787,70,126.390,13370.3125,100,210,10001,"[0, 100000]","[0, 100000]",0,0,1318,6054
yolov8x_training,4956.613518,70,124.216,13370.3125,100,975,10001,"[0, 100000]","[0, 100000]",0,0,1025,3710
yolov8x_training,4957.656248,70,124.673,13370.3125,100,210,10001,"[0, 100000]","[0, 100000]",0,0,1074,3955
yolov8x_training,4958.699035,71,124.797,13370.3125,100,210,10001,"[0, 100000]","[0, 100000]",0,0,2294,4296
yolov8x_training,4959.741838,70,123.552,13370.3125,100,210,10001,"[0, 100000]","[0, 100000]",0,0,1220,5029
yolov8x_training,4960.784559,71,124.716,13370.3125,98,225,10001,"[0, 100000]","[0, 100000]",0,0,927,4003
yolov8x_training,4961.827260,71,124.955,13370.3125,97,210,10001,"[0, 100000]","[0, 100000]",0,0,1025,3173
yolov8x_training,4962.870232,70,123.598,13370.3125,98,210,10001,"[0, 100000]","[0, 100000]",0,0,1123,3466
yolov8x_training,4963.913044,71,123.451,13370.3125,98,210,10001,"[0, 100000]","[0, 100000]",0,0,976,2929
yolov8x_training,4964.955826,70,123.562,13370.3125,98,210,10001,"[0, 100000]","[0, 100000]",0,0,1123,732
yolov8x_training,4965.998637,71,124.823,13370.3125,98,210,10001,"[0, 100000]","[0, 100000]",0,0,439,292
yolov8x_training,4967.041583,70,124.317,13370.3125,98,210,10001,"[0, 100000]","[0, 100000]",0,0,341,292
yolov8x_training,4968.084128,70,124.319,13370.3125,98,210,10001,"[0, 100000]","[0, 100000]",0,0,1269,4980
yolov8x_training,4969.126824,70,122.475,13370.3125,97,210,10001,"[0, 100000]","[0, 100000]",0,0,878,6835
yolov8x_training,4970.336846,70,123.380,13370.3125,97,210,10001,"[0, 100000]","[0, 100000]",0,0,9228,28613
yolov8x_training,4971.379575,70,123.579,13370.3125,98,210,10001,"[0, 100000]","[0, 100000]",0,0,1025,7958
yolov8x_training,4972.422400,70,122.895,13370.3125,98,210,10001,"[0, 100000]","[0, 100000]",0,0,830,11523
yolov8x_training,4973.465688,70,122.948,13370.3125,98,210,10001,"[0, 100000]","[0, 100000]",0,0,1074,3906
yolov8x_training,4974.508518,70,122.126,13370.3125,100,210,10001,"[0, 100000]","[0, 100000]",0,0,1025,4248
yolov8x_training,4975.551302,70,123.394,13370.3125,100,210,10001,"[0, 100000]","[0, 100000]",0,0,1025,6298
yolov8x_training,4976.594469,70,121.647,13370.3125,100,210,10001,"[0, 100000]","[0, 100000]",0,0,1513,5322
yolov8x_training,4977.637245,70,122.597,13370.3125,100,210,10001,"[0, 100000]","[0, 100000]",0,0,1171,3759
yolov8x_training,4978.680103,70,121.746,13370.3125,100,210,10001,"[0, 100000]","[0, 100000]",0,0,830,4394
yolov8x_training,4979.722847,70,123.560,13370.3125,98,210,10001,"[0, 100000]","[0, 100000]",0,0,878,3857
yolov8x_training,4980.765524,70,124.110,13370.3125,100,225,10001,"[0, 100000]","[0, 100000]",0,0,878,3369
yolov8x_training,4981.808758,70,123.326,13370.3125,100,210,10001,"[0, 100000]","[0, 100000]",0,0,1074,2978
yolov8x_training,4982.851583,70,122.790,13370.3125,100,210,10001,"[0, 100000]","[0, 100000]",0,0,927,23974
yolov8x_training,4983.894609,70,125.777,13370.3125,100,210,10001,"[0, 100000]","[0, 100000]",0,0,341,292
yolov8x_training,4984.937273,71,125.634,13370.3125,100,210,10001,"[0, 100000]","[0, 100000]",0,0,1318,4687
yolov8x_training,4985.980330,70,124.015,13370.3125,100,210,10001,"[0, 100000]","[0, 100000]",0,0,1416,65039
yolov8x_training,4987.187255,71,124.402,13370.3125,100,210,10001,"[0, 100000]","[0, 100000]",0,0,8544,35253
yolov8x_training,4988.230395,71,124.707,13370.3125,100,210,10001,"[0, 100000]","[0, 100000]",0,0,878,11425
yolov8x_training,4989.273310,71,123.075,13370.3125,100,210,10001,"[0, 100000]","[0, 100000]",0,0,1171,4003
yolov8x_training,4990.316115,71,122.307,13370.3125,100,210,10001,"[0, 100000]","[0, 100000]",0,0,976,4931
yolov8x_training,4991.359360,71,122.432,13370.3125,100,225,10001,"[0, 100000]","[0, 100000]",0,0,878,3955
yolov8x_training,4992.402151,71,123.685,13370.3125,100,225,10001,"[0, 100000]","[0, 100000]",0,0,2001,4736
yolov8x_training,4993.444864,71,124.233,13370.3125,100,210,10001,"[0, 100000]","[0, 100000]",0,0,1171,6054
yolov8x_training,4994.487636,70,124.094,13370.3125,100,210,10001,"[0, 100000]","[0, 100000]",0,0,1025,3808
yolov8x_training,4995.530432,70,124.085,13370.3125,100,210,10001,"[0, 100000]","[0, 100000]",0,0,927,3906
yolov8x_training,4996.573162,71,122.707,13370.3125,100,210,10001,"[0, 100000]","[0, 100000]",0,0,1025,4687
yolov8x_training,4997.615969,71,125.278,13370.3125,100,210,10001,"[0, 100000]","[0, 100000]",0,0,1025,3564
yolov8x_training,4998.658768,70,125.247,13370.3125,100,210,10001,"[0, 100000]","[0, 100000]",0,0,1025,32226
yolov8x_training,4999.701703,70,122.642,13370.3125,100,210,10001,"[0, 100000]","[0, 100000]",0,0,878,732
yolov8x_training,5000.744620,70,124.075,13370.3125,100,210,10001,"[0, 100000]","[0, 100000]",0,0,341,292
yolov8x_training,5001.787191,70,124.207,13370.3125,100,2130,10001,"[0, 100000]","[0, 100000]",0,0,1806,4785
yolov8x_training,5002.830426,70,122.941,13370.3125,100,945,10001,"[0, 100000]","[0, 100000]",0,0,1513,5810
yolov8x_training,5004.060544,70,123.872,13370.3125,100,1410,10001,"[0, 100000]","[0, 100000]",0,0,9423,38867
yolov8x_training,5005.103417,70,121.805,13370.3125,100,555,10001,"[0, 100000]","[0, 100000]",0,0,1074,9619
yolov8x_training,5006.146188,70,123.197,13370.3125,100,705,10001,"[0, 100000]","[0, 100000]",0,0,1904,5761
yolov8x_training,5007.189004,70,119.913,13370.3125,100,300,10001,"[0, 100000]","[0, 100000]",0,0,1806,5322
yolov8x_training,5008.231819,70,118.994,13370.3125,100,210,10001,"[0, 100000]","[0, 100000]",0,0,1025,3613
yolov8x_training,5009.274701,71,126.349,13370.3125,100,1380,10001,"[0, 100000]","[0, 100000]",0,0,2294,4199
yolov8x_training,5010.317531,71,125.316,13370.3125,100,210,10001,"[0, 100000]","[0, 100000]",0,0,1171,5664
yolov8x_training,5011.360304,70,124.965,13370.3125,100,210,10001,"[0, 100000]","[0, 100000]",0,0,1171,4931
yolov8x_training,5012.403047,70,123.805,13370.3125,100,210,10001,"[0, 100000]","[0, 100000]",0,0,927,4443
yolov8x_training,5013.445820,70,123.215,13370.3125,100,210,10001,"[0, 100000]","[0, 100000]",0,0,976,4345
yolov8x_training,5014.488659,70,124.251,13370.3125,100,210,10001,"[0, 100000]","[0, 100000]",0,0,732,4052
yolov8x_training,5015.531389,70,122.703,13370.3125,100,210,10001,"[0, 100000]","[0, 100000]",0,0,927,3564
yolov8x_training,5016.574164,71,124.172,13370.3125,100,210,10001,"[0, 100000]","[0, 100000]",0,0,1123,1074
yolov8x_training,5017.616952,70,123.866,13370.3125,100,210,10001,"[0, 100000]","[0, 100000]",0,0,292,292
yolov8x_training,5018.660043,70,123.279,13370.3125,100,210,10001,"[0, 100000]","[0, 100000]",0,0,341,982958
yolov8x_training,5019.702581,70,123.767,13370.3125,100,210,10001,"[0, 100000]","[0, 100000]",0,0,1708,4687
yolov8x_training,5020.918234,70,123.734,13370.3125,100,210,10001,"[0, 100000]","[0, 100000]",0,0,9619,36865
yolov8x_training,5021.961181,70,124.523,13370.3125,100,210,10001,"[0, 100000]","[0, 100000]",0,0,1904,5712
yolov8x_training,5023.003908,70,123.109,13370.3125,100,210,10001,"[0, 100000]","[0, 100000]",0,0,1611,5224
yolov8x_training,5024.046750,70,123.378,13370.3125,100,210,10001,"[0, 100000]","[0, 100000]",0,0,976,4394
yolov8x_training,5025.089528,70,123.932,13370.3125,100,210,10001,"[0, 100000]","[0, 100000]",0,0,1123,8935
yolov8x_training,5026.132249,70,123.741,13370.3125,100,210,10001,"[0, 100000]","[0, 100000]",0,0,1220,4492
yolov8x_training,5027.175044,70,122.921,13370.3125,100,210,10001,"[0, 100000]","[0, 100000]",0,0,1123,2832
yolov8x_training,5028.217869,70,123.022,13370.3125,100,210,10001,"[0, 100000]","[0, 100000]",0,0,1074,4443
yolov8x_training,5029.260713,71,123.475,13370.3125,100,270,10001,"[0, 100000]","[0, 100000]",0,0,976,3662
yolov8x_training,5030.303555,70,122.459,13370.3125,77,210,10001,"[0, 100000]","[0, 100000]",0,0,1074,3613
yolov8x_training,5031.346425,70,121.624,13370.3125,100,210,10001,"[0, 100000]","[0, 100000]",0,0,976,3613
yolov8x_training,5032.389298,70,123.447,13370.3125,100,210,10001,"[0, 100000]","[0, 100000]",0,0,732,2392
yolov8x_training,5033.432150,70,124.253,13370.3125,100,210,10001,"[0, 100000]","[0, 100000]",0,0,537,292
yolov8x_training,5034.474921,70,125.530,13370.3125,100,210,10001,"[0, 100000]","[0, 100000]",0,0,341,292
yolov8x_training,5035.517632,70,123.750,13370.3125,100,210,10001,"[0, 100000]","[0, 100000]",0,0,89062,17675
yolov8x_training,5036.738877,71,124.511,13370.3125,100,210,10001,"[0, 100000]","[0, 100000]",0,0,9228,40576
yolov8x_training,5037.781749,71,125.179,13370.3125,76,315,10001,"[0, 100000]","[0, 100000]",0,0,1074,10742
yolov8x_training,5038.824405,71,125.646,13370.3125,68,270,10001,"[0, 100000]","[0, 100000]",0,0,830,9326
yolov8x_training,5039.867151,71,123.613,13370.3125,77,270,10001,"[0, 100000]","[0, 100000]",0,0,1269,4492
yolov8x_training,5040.910239,71,123.750,13370.3125,78,210,10001,"[0, 100000]","[0, 100000]",0,0,1025,5371
yolov8x_training,5041.953022,70,123.506,13370.3125,37,210,10001,"[0, 100000]","[0, 100000]",0,0,1757,5322
yolov8x_training,5042.997512,71,124.331,13370.3125,42,240,10001,"[0, 100000]","[0, 100000]",0,0,1074,4833
yolov8x_training,5044.040182,71,124.784,13370.3125,15,210,10001,"[0, 100000]","[0, 100000]",0,0,1025,3808
yolov8x_training,5045.082947,70,123.312,13370.3125,62,210,10001,"[0, 100000]","[0, 100000]",0,0,1171,2246
yolov8x_training,5046.125701,70,125.363,13370.3125,59,210,10001,"[0, 100000]","[0, 100000]",0,0,1074,3369
yolov8x_training,5047.168470,70,124.588,13370.3125,69,210,10001,"[0, 100000]","[0, 100000]",0,0,927,3369
yolov8x_training,5048.211314,70,125.149,13370.3125,78,210,10001,"[0, 100000]","[0, 100000]",0,0,537,292
yolov8x_training,5049.254147,70,124.696,13370.3125,100,210,10001,"[0, 100000]","[0, 100000]",0,0,341,1040673
yolov8x_training,5050.297045,70,123.233,13370.3125,100,915,10001,"[0, 100000]","[0, 100000]",0,0,88720,14013
yolov8x_training,5051.340418,70,123.305,13370.3125,100,210,10001,"[0, 100000]","[0, 100000]",0,0,3222,4150
yolov8x_training,5052.556302,70,120.499,13370.3125,100,360,10001,"[0, 100000]","[0, 100000]",0,0,8251,44531
yolov8x_training,5053.599058,70,120.118,13370.3125,100,885,10001,"[0, 100000]","[0, 100000]",0,0,878,9960
yolov8x_training,5054.642070,70,119.822,13370.3125,77,315,10001,"[0, 100000]","[0, 100000]",0,0,1171,6689
yolov8x_training,5055.684895,70,122.595,13370.3125,100,1155,10001,"[0, 100000]","[0, 100000]",0,0,927,4443
yolov8x_training,5056.727683,71,124.958,13370.3125,100,2250,10001,"[0, 100000]","[0, 100000]",0,0,1123,5273
yolov8x_training,5057.770546,70,126.579,13370.3125,100,1905,10001,"[0, 100000]","[0, 100000]",0,0,1025,5224
yolov8x_training,5058.813511,71,127.300,13370.3125,100,210,10001,"[0, 100000]","[0, 100000]",0,0,976,4541
yolov8x_training,5059.856306,70,127.281,13370.3125,100,210,10001,"[0, 100000]","[0, 100000]",0,0,1074,3808
yolov8x_training,5060.899139,71,124.175,13370.3125,100,210,10001,"[0, 100000]","[0, 100000]",0,0,1074,2636
yolov8x_training,5061.941936,71,122.123,13370.3125,100,210,10001,"[0, 100000]","[0, 100000]",0,0,1123,3466
yolov8x_training,5062.984742,71,122.719,13370.3125,100,225,10001,"[0, 100000]","[0, 100000]",0,0,830,2929
yolov8x_training,5064.027526,70,124.209,13370.3125,100,210,10001,"[0, 100000]","[0, 100000]",0,0,976,1855
yolov8x_training,5065.070251,70,122.898,13370.3125,100,210,10001,"[0, 100000]","[0, 100000]",0,0,634,2539
yolov8x_training,5066.113123,70,124.632,13370.3125,100,210,10001,"[0, 100000]","[0, 100000]",0,0,292,292
yolov8x_training,5067.155720,70,122.508,13370.3125,100,210,10001,"[0, 100000]","[0, 100000]",0,0,341,292
yolov8x_training,5068.381091,70,124.164,13370.3125,100,210,10001,"[0, 100000]","[0, 100000]",0,0,9570,36962
yolov8x_training,5069.424045,70,122.702,13370.3125,97,210,10001,"[0, 100000]","[0, 100000]",0,0,1269,7226
yolov8x_training,5070.466809,70,122.628,13370.3125,100,210,10001,"[0, 100000]","[0, 100000]",0,0,4101,2392
yolov8x_training,5071.509627,70,122.322,13370.3125,100,210,10001,"[0, 100000]","[0, 100000]",0,0,1416,4785
yolov8x_training,5072.552410,70,124.141,13370.3125,100,210,10001,"[0, 100000]","[0, 100000]",0,0,1171,5126
yolov8x_training,5073.595160,70,127.314,13370.3125,100,210,10001,"[0, 100000]","[0, 100000]",0,0,976,4248
yolov8x_training,5074.637908,71,123.224,13370.3125,100,210,10001,"[0, 100000]","[0, 100000]",0,0,976,4785
yolov8x_training,5075.680772,71,125.607,13370.3125,100,210,10001,"[0, 100000]","[0, 100000]",0,0,1074,5517
yolov8x_training,5076.723585,71,124.730,13370.3125,97,210,10001,"[0, 100000]","[0, 100000]",0,0,927,4248
yolov8x_training,5077.766501,71,124.712,13370.3125,97,210,10001,"[0, 100000]","[0, 100000]",0,0,1025,4101
yolov8x_training,5078.809349,71,123.935,13370.3125,96,210,10001,"[0, 100000]","[0, 100000]",0,0,1074,2685
yolov8x_training,5079.852152,71,123.109,13370.3125,97,210,10001,"[0, 100000]","[0, 100000]",0,0,1025,3271
yolov8x_training,5080.895003,70,125.159,13370.3125,98,210,10001,"[0, 100000]","[0, 100000]",0,0,585,2441
yolov8x_training,5081.937636,71,124.587,13370.3125,100,210,10001,"[0, 100000]","[0, 100000]",0,0,11621,26855
yolov8x_training,5082.980356,70,124.771,13370.3125,100,210,10001,"[0, 100000]","[0, 100000]",0,0,292,1033691
yolov8x_training,5084.023051,71,125.584,13370.3125,100,210,10001,"[0, 100000]","[0, 100000]",0,0,1367,41992
yolov8x_training,5085.235448,71,124.290,13370.3125,100,210,10001,"[0, 100000]","[0, 100000]",0,0,781,9228
yolov8x_training,5086.278224,71,125.981,13370.3125,100,210,10001,"[0, 100000]","[0, 100000]",0,0,1708,5175
yolov8x_training,5087.320976,71,125.262,13370.3125,100,240,10001,"[0, 100000]","[0, 100000]",0,0,1025,4394
yolov8x_training,5088.363751,70,126.185,13370.3125,100,210,10001,"[0, 100000]","[0, 100000]",0,0,1025,5419
yolov8x_training,5089.406579,70,122.419,13370.3125,100,225,10001,"[0, 100000]","[0, 100000]",0,0,1562,7275
yolov8x_training,5090.449475,71,122.969,13370.3125,100,255,10001,"[0, 100000]","[0, 100000]",0,0,1367,4394
yolov8x_training,5091.492351,71,124.993,13370.3125,100,210,10001,"[0, 100000]","[0, 100000]",0,0,927,4150
yolov8x_training,5092.535168,71,123.553,13370.3125,100,225,10001,"[0, 100000]","[0, 100000]",0,0,976,4541
yolov8x_training,5093.577847,70,124.896,13370.3125,100,210,10001,"[0, 100000]","[0, 100000]",0,0,781,3906
yolov8x_training,5094.620697,70,122.422,13370.3125,100,210,10001,"[0, 100000]","[0, 100000]",0,0,830,3173
yolov8x_training,5095.663777,70,123.499,13370.3125,100,210,10001,"[0, 100000]","[0, 100000]",0,0,976,3564
yolov8x_training,5096.706609,70,123.995,13370.3125,100,210,10001,"[0, 100000]","[0, 100000]",0,0,634,2099
yolov8x_training,5097.749415,70,122.659,13370.3125,100,225,10001,"[0, 100000]","[0, 100000]",0,0,927,59667
yolov8x_training,5098.792233,70,124.730,13370.3125,100,210,10001,"[0, 100000]","[0, 100000]",0,0,292,292
yolov8x_training,5099.834846,71,124.883,13370.3125,100,600,10001,"[0, 100000]","[0, 100000]",0,0,1953,4736
yolov8x_training,5101.037194,70,120.844,13370.3125,100,465,10001,"[0, 100000]","[0, 100000]",0,0,9521,37597
yolov8x_training,5102.079941,70,121.324,13370.3125,100,1050,10001,"[0, 100000]","[0, 100000]",0,0,8935,27392
yolov8x_training,5103.122713,70,120.035,13370.3125,100,705,10001,"[0, 100000]","[0, 100000]",0,0,1171,7373
yolov8x_training,5104.165457,71,120.414,13370.3125,100,330,10001,"[0, 100000]","[0, 100000]",0,0,1318,5664
yolov8x_training,5105.208268,70,120.809,13370.3125,100,1260,10001,"[0, 100000]","[0, 100000]",0,0,927,4443
yolov8x_training,5106.251145,70,121.178,13370.3125,100,1320,10001,"[0, 100000]","[0, 100000]",0,0,976,3857
yolov8x_training,5107.293931,70,119.707,13370.3125,100,210,10001,"[0, 100000]","[0, 100000]",0,0,1074,4638
yolov8x_training,5108.336747,70,121.087,13370.3125,100,210,10001,"[0, 100000]","[0, 100000]",0,0,1025,12646
yolov8x_training,5109.379693,71,120.757,13370.3125,100,210,10001,"[0, 100000]","[0, 100000]",0,0,1171,5517
yolov8x_training,5110.422442,70,123.123,13370.3125,100,210,10001,"[0, 100000]","[0, 100000]",0,0,1025,4589
yolov8x_training,5111.465234,70,124.744,13370.3125,100,210,10001,"[0, 100000]","[0, 100000]",0,0,1074,3564
yolov8x_training,5112.507979,70,125.094,13370.3125,100,210,10001,"[0, 100000]","[0, 100000]",0,0,830,2929
yolov8x_training,5113.550963,71,124.721,13370.3125,100,210,10001,"[0, 100000]","[0, 100000]",0,0,1074,2294
yolov8x_training,5114.593771,70,123.611,13370.3125,100,210,10001,"[0, 100000]","[0, 100000]",0,0,732,1416
yolov8x_training,5115.636567,70,123.433,13370.3125,100,225,10001,"[0, 100000]","[0, 100000]",0,0,537,292
yolov8x_training,5116.679206,70,122.733,13370.3125,100,210,10001,"[0, 100000]","[0, 100000]",0,0,341,292
yolov8x_training,5117.721548,70,124.772,13370.3125,100,210,10001,"[0, 100000]","[0, 100000]",0,0,89648,13671
yolov8x_training,5118.933255,70,126.949,13370.3125,100,210,10001,"[0, 100000]","[0, 100000]",0,0,9667,37255
yolov8x_training,5119.976159,70,128.508,13370.3125,100,210,10001,"[0, 100000]","[0, 100000]",0,0,1025,10791
yolov8x_training,5121.018916,70,127.993,13370.3125,100,210,10001,"[0, 100000]","[0, 100000]",0,0,976,4101
yolov8x_training,5122.061722,70,123.841,13370.3125,100,210,10001,"[0, 100000]","[0, 100000]",0,0,976,3320
yolov8x_training,5123.104529,71,124.005,13370.3125,100,210,10001,"[0, 100000]","[0, 100000]",0,0,1806,6640
yolov8x_training,5124.147252,70,123.315,13370.3125,100,210,10001,"[0, 100000]","[0, 100000]",0,0,1171,5468
yolov8x_training,5125.190005,71,124.252,13370.3125,100,225,10001,"[0, 100000]","[0, 100000]",0,0,1074,4296
yolov8x_training,5126.232793,71,123.054,13370.3125,100,210,10001,"[0, 100000]","[0, 100000]",0,0,927,3710
yolov8x_training,5127.275629,71,124.112,13370.3125,100,210,10001,"[0, 100000]","[0, 100000]",0,0,878,3173
yolov8x_training,5128.318511,71,123.453,13370.3125,100,210,10001,"[0, 100000]","[0, 100000]",0,0,976,3076
yolov8x_training,5129.361312,70,120.847,13370.3125,100,210,10001,"[0, 100000]","[0, 100000]",0,0,439,2783
yolov8x_training,5130.404162,71,123.561,13370.3125,100,210,10001,"[0, 100000]","[0, 100000]",0,0,976,1074
yolov8x_training,5131.446992,71,124.116,13370.3125,100,210,10001,"[0, 100000]","[0, 100000]",0,0,292,292
yolov8x_training,5132.489593,71,124.974,13370.3125,100,210,10001,"[0, 100000]","[0, 100000]",0,0,89550,20458
yolov8x_training,5133.533016,71,125.259,13370.3125,100,210,10001,"[0, 100000]","[0, 100000]",0,0,1123,63818
yolov8x_training,5134.755005,71,125.431,13370.3125,96,210,10001,"[0, 100000]","[0, 100000]",0,0,1074,7519
yolov8x_training,5135.797749,71,123.416,13370.3125,72,210,10001,"[0, 100000]","[0, 100000]",0,0,1708,5371
yolov8x_training,5136.840514,71,122.117,13370.3125,76,240,10001,"[0, 100000]","[0, 100000]",0,0,927,3710
yolov8x_training,5137.883415,71,123.250,13370.3125,58,255,10001,"[0, 100000]","[0, 100000]",0,0,1074,4736
yolov8x_training,5138.927151,71,124.233,13370.3125,80,210,10001,"[0, 100000]","[0, 100000]",0,0,976,5517
yolov8x_training,5139.969885,71,125.198,13370.3125,100,210,10001,"[0, 100000]","[0, 100000]",0,0,1025,3466
yolov8x_training,5141.012791,70,123.581,13370.3125,100,210,10001,"[0, 100000]","[0, 100000]",0,0,1025,3710
yolov8x_training,5142.055509,71,124.515,13370.3125,100,210,10001,"[0, 100000]","[0, 100000]",0,0,781,2832
yolov8x_training,5143.098470,70,122.729,13370.3125,100,210,10001,"[0, 100000]","[0, 100000]",0,0,1123,3417
yolov8x_training,5144.141263,70,122.927,13370.3125,100,210,10001,"[0, 100000]","[0, 100000]",0,0,1074,3613
yolov8x_training,5145.184102,70,123.153,13370.3125,100,210,10001,"[0, 100000]","[0, 100000]",0,0,878,1464
yolov8x_training,5146.226909,70,123.115,13370.3125,100,210,10001,"[0, 100000]","[0, 100000]",0,0,683,2246
yolov8x_training,5147.269705,71,124.515,13370.3125,100,225,10001,"[0, 100000]","[0, 100000]",0,0,341,341
yolov8x_training,5148.312287,71,124.725,13370.3125,100,900,10001,"[0, 100000]","[0, 100000]",0,0,90039,16210
yolov8x_training,5149.355577,70,124.444,13370.3125,100,930,10001,"[0, 100000]","[0, 100000]",0,0,1416,3857
yolov8x_training,5150.560266,71,125.990,13370.3125,100,360,10001,"[0, 100000]","[0, 100000]",0,0,8398,43457
yolov8x_training,5151.603056,70,125.888,13370.3125,100,1230,10001,"[0, 100000]","[0, 100000]",0,0,830,10009
yolov8x_training,5152.646013,71,126.691,13370.3125,100,1335,10001,"[0, 100000]","[0, 100000]",0,0,1904,5761
yolov8x_training,5153.688706,71,128.351,13370.3125,100,900,10001,"[0, 100000]","[0, 100000]",0,0,927,3173
yolov8x_training,5154.731567,70,128.863,13370.3125,100,2265,10001,"[0, 100000]","[0, 100000]",0,0,1123,10546
yolov8x_training,5155.774456,71,128.793,13370.3125,98,210,10001,"[0, 100000]","[0, 100000]",0,0,1220,6201
yolov8x_training,5156.817177,71,124.593,13370.3125,98,225,10001,"[0, 100000]","[0, 100000]",0,0,1025,4052
yolov8x_training,5157.859873,70,123.091,13370.3125,97,210,10001,"[0, 100000]","[0, 100000]",0,0,976,3515
yolov8x_training,5158.902699,71,122.671,13370.3125,98,210,10001,"[0, 100000]","[0, 100000]",0,0,976,4443
yolov8x_training,5159.945451,70,123.930,13370.3125,97,210,10001,"[0, 100000]","[0, 100000]",0,0,1025,3710
yolov8x_training,5160.988275,71,124.080,13370.3125,98,210,10001,"[0, 100000]","[0, 100000]",0,0,1025,1416
yolov8x_training,5162.031112,70,123.899,13370.3125,97,210,10001,"[0, 100000]","[0, 100000]",0,0,830,1416
yolov8x_training,5163.073862,70,123.371,13370.3125,98,210,10001,"[0, 100000]","[0, 100000]",0,0,878,878
yolov8x_training,5164.116710,70,124.124,13370.3125,98,210,10001,"[0, 100000]","[0, 100000]",0,0,341,292
yolov8x_training,5165.159254,70,124.288,13370.3125,97,225,10001,"[0, 100000]","[0, 100000]",0,0,3320,6201
yolov8x_training,5166.372378,70,123.697,13370.3125,97,210,10001,"[0, 100000]","[0, 100000]",0,0,9375,37207
yolov8x_training,5167.415146,70,122.421,13370.3125,97,210,10001,"[0, 100000]","[0, 100000]",0,0,5273,4052
yolov8x_training,5168.458132,70,123.325,13370.3125,98,210,10001,"[0, 100000]","[0, 100000]",0,0,1611,6640
yolov8x_training,5169.500869,70,122.868,13370.3125,98,210,10001,"[0, 100000]","[0, 100000]",0,0,1220,5078
yolov8x_training,5170.543576,70,123.099,13370.3125,98,210,10001,"[0, 100000]","[0, 100000]",0,0,1025,3955
yolov8x_training,5171.586367,70,122.844,13370.3125,97,210,10001,"[0, 100000]","[0, 100000]",0,0,1074,3857
yolov8x_training,5172.629215,71,124.018,13370.3125,98,210,10001,"[0, 100000]","[0, 100000]",0,0,1074,12597
yolov8x_training,5173.672088,71,122.969,13370.3125,98,210,10001,"[0, 100000]","[0, 100000]",0,0,2050,3417
yolov8x_training,5174.714929,71,124.723,13370.3125,97,210,10001,"[0, 100000]","[0, 100000]",0,0,1171,5468
yolov8x_training,5175.757743,71,123.676,13370.3125,97,210,10001,"[0, 100000]","[0, 100000]",0,0,927,4394
yolov8x_training,5176.800450,71,123.557,13370.3125,98,210,10001,"[0, 100000]","[0, 100000]",0,0,1074,4199
yolov8x_training,5177.843290,71,121.856,13370.3125,98,210,10001,"[0, 100000]","[0, 100000]",0,0,1025,3613
yolov8x_training,5178.886115,71,124.030,13370.3125,97,210,10001,"[0, 100000]","[0, 100000]",0,0,830,2880
yolov8x_training,5179.928928,71,125.118,13370.3125,97,210,10001,"[0, 100000]","[0, 100000]",0,0,927,3662
yolov8x_training,5180.971674,70,125.094,13370.3125,100,210,10001,"[0, 100000]","[0, 100000]",0,0,5664,84619
yolov8x_training,5182.014440,71,123.074,13370.3125,98,210,10001,"[0, 100000]","[0, 100000]",0,0,390,292
yolov8x_training,5183.057092,70,125.289,13370.3125,100,210,10001,"[0, 100000]","[0, 100000]",0,0,89501,18408
yolov8x_training,5184.099837,69,124.573,13370.3125,100,210,10001,"[0, 100000]","[0, 100000]",0,0,1074,64062
yolov8x_training,5185.323340,69,124.176,13370.3125,100,210,10001,"[0, 100000]","[0, 100000]",0,0,8593,34570
yolov8x_training,5186.366281,69,124.406,13370.3125,100,210,10001,"[0, 100000]","[0, 100000]",0,0,1562,3613
yolov8x_training,5187.409249,69,123.371,13370.3125,100,210,10001,"[0, 100000]","[0, 100000]",0,0,1220,4248
yolov8x_training,5188.452714,70,123.363,13370.3125,100,345,10001,"[0, 100000]","[0, 100000]",0,0,878,5029
yolov8x_training,5189.495819,69,122.689,13370.3125,100,210,10001,"[0, 100000]","[0, 100000]",0,0,1074,4150
yolov8x_training,5190.538783,69,121.843,13370.3125,100,210,10001,"[0, 100000]","[0, 100000]",0,0,1171,8544
yolov8x_training,5191.581736,69,123.527,13370.3125,100,210,10001,"[0, 100000]","[0, 100000]",0,0,1171,5517
yolov8x_training,5192.624525,70,121.759,13370.3125,100,210,10001,"[0, 100000]","[0, 100000]",0,0,1220,3466
yolov8x_training,5193.667372,71,123.478,13370.3125,100,210,10001,"[0, 100000]","[0, 100000]",0,0,976,3857
yolov8x_training,5194.710285,70,123.434,13370.3125,100,345,10001,"[0, 100000]","[0, 100000]",0,0,1025,3369
yolov8x_training,5195.753194,70,123.474,13370.3125,100,360,10001,"[0, 100000]","[0, 100000]",0,0,878,3613
yolov8x_training,5196.796076,70,123.089,13370.3125,100,270,10001,"[0, 100000]","[0, 100000]",0,0,927,3857
yolov8x_training,5197.838945,71,122.798,13370.3125,100,210,10001,"[0, 100000]","[0, 100000]",0,0,1025,2978
yolov8x_training,5198.881833,71,123.733,13370.3125,100,210,10001,"[0, 100000]","[0, 100000]",0,0,1025,732
yolov8x_training,5199.924771,71,125.337,13370.3125,100,210,10001,"[0, 100000]","[0, 100000]",0,0,341,1034277
yolov8x_training,5200.967628,71,124.511,13370.3125,100,210,10001,"[0, 100000]","[0, 100000]",0,0,1757,4785
yolov8x_training,5202.191647,71,122.627,13370.3125,100,210,10001,"[0, 100000]","[0, 100000]",0,0,732,9960
yolov8x_training,5203.234522,71,122.371,13370.3125,100,210,10001,"[0, 100000]","[0, 100000]",0,0,1123,4345
yolov8x_training,5204.277650,71,121.981,13370.3125,100,210,10001,"[0, 100000]","[0, 100000]",0,0,1025,5419
yolov8x_training,5205.320589,71,123.432,13370.3125,100,210,10001,"[0, 100000]","[0, 100000]",0,0,1025,4687
yolov8x_training,5206.363453,71,120.487,13370.3125,100,210,10001,"[0, 100000]","[0, 100000]",0,0,1123,4980
yolov8x_training,5207.406277,71,124.398,13370.3125,100,210,10001,"[0, 100000]","[0, 100000]",0,0,1269,2783
yolov8x_training,5208.449224,71,124.790,13370.3125,100,210,10001,"[0, 100000]","[0, 100000]",0,0,1074,3906
yolov8x_training,5209.492061,71,124.210,13370.3125,100,210,10001,"[0, 100000]","[0, 100000]",0,0,1025,2783
yolov8x_training,5210.534951,70,123.322,13370.3125,100,225,10001,"[0, 100000]","[0, 100000]",0,0,976,4003
yolov8x_training,5211.577773,70,123.143,13370.3125,100,210,10001,"[0, 100000]","[0, 100000]",0,0,976,1318
yolov8x_training,5212.620617,70,124.558,13370.3125,100,210,10001,"[0, 100000]","[0, 100000]",0,0,6445,292
yolov8x_training,5213.663328,70,123.139,13370.3125,100,210,10001,"[0, 100000]","[0, 100000]",0,0,341,292
yolov8x_training,5214.706071,70,123.962,13370.3125,100,210,10001,"[0, 100000]","[0, 100000]",0,0,2880,6542
yolov8x_training,5215.917895,70,123.714,13370.3125,100,210,10001,"[0, 100000]","[0, 100000]",0,0,3662,2539
yolov8x_training,5216.960790,70,124.902,13370.3125,100,210,10001,"[0, 100000]","[0, 100000]",0,0,830,9960
yolov8x_training,5218.003673,70,124.422,13370.3125,100,210,10001,"[0, 100000]","[0, 100000]",0,0,1074,3955
yolov8x_training,5219.046669,70,123.210,13370.3125,100,210,10001,"[0, 100000]","[0, 100000]",0,0,1123,5224
yolov8x_training,5220.089703,70,123.523,13370.3125,100,225,10001,"[0, 100000]","[0, 100000]",0,0,1367,5664
yolov8x_training,5221.132511,71,124.261,13370.3125,100,210,10001,"[0, 100000]","[0, 100000]",0,0,1123,3955
yolov8x_training,5222.175245,71,123.510,13370.3125,85,270,10001,"[0, 100000]","[0, 100000]",0,0,976,4443
yolov8x_training,5223.218073,70,123.352,13370.3125,57,210,10001,"[0, 100000]","[0, 100000]",0,0,781,3466
yolov8x_training,5224.260951,71,124.224,13370.3125,17,240,10001,"[0, 100000]","[0, 100000]",0,0,1025,2294
yolov8x_training,5225.303893,71,122.923,13370.3125,11,210,10001,"[0, 100000]","[0, 100000]",0,0,927,1562
yolov8x_training,5226.346716,70,122.887,13370.3125,18,210,10001,"[0, 100000]","[0, 100000]",0,0,390,2490
yolov8x_training,5227.389586,71,123.334,13370.3125,36,210,10001,"[0, 100000]","[0, 100000]",0,0,488,292
yolov8x_training,5228.432379,71,123.340,13370.3125,31,210,10001,"[0, 100000]","[0, 100000]",0,0,14892,292
yolov8x_training,5229.475521,71,125.629,13370.3125,89,210,10001,"[0, 100000]","[0, 100000]",0,0,341,1031103
yolov8x_training,5230.518089,70,124.854,13370.3125,36,210,10001,"[0, 100000]","[0, 100000]",0,0,1611,59033
yolov8x_training,5231.736629,73,124.829,13370.3125,16,210,10001,"[0, 100000]","[0, 100000]",0,0,5810,4785
yolov8x_training,5232.779439,71,123.803,13370.3125,48,210,10001,"[0, 100000]","[0, 100000]",0,0,1757,6640
yolov8x_training,5233.822472,71,124.559,13370.3125,38,270,10001,"[0, 100000]","[0, 100000]",0,0,1708,3759
yolov8x_training,5234.865323,71,123.288,13370.3125,58,210,10001,"[0, 100000]","[0, 100000]",0,0,878,10058
yolov8x_training,5235.908322,71,123.104,13370.3125,78,210,10001,"[0, 100000]","[0, 100000]",0,0,1171,4101
yolov8x_training,5236.951261,71,121.571,13370.3125,99,210,10001,"[0, 100000]","[0, 100000]",0,0,1074,3662
yolov8x_training,5237.994225,73,122.794,13370.3125,100,210,10001,"[0, 100000]","[0, 100000]",0,0,830,4394
yolov8x_training,5239.037151,73,123.753,13370.3125,100,210,10001,"[0, 100000]","[0, 100000]",0,0,1074,10205
yolov8x_training,5240.080741,71,123.247,13370.3125,92,225,10001,"[0, 100000]","[0, 100000]",0,0,1611,5712
yolov8x_training,5241.123626,71,124.851,13370.3125,100,210,10001,"[0, 100000]","[0, 100000]",0,0,1025,4882
yolov8x_training,5242.166407,70,123.726,13370.3125,91,240,10001,"[0, 100000]","[0, 100000]",0,0,1074,3955
yolov8x_training,5243.209305,70,122.315,13370.3125,57,210,10001,"[0, 100000]","[0, 100000]",0,0,1025,3857
yolov8x_training,5244.252226,70,121.540,13370.3125,78,225,10001,"[0, 100000]","[0, 100000]",0,0,1025,5078
yolov8x_training,5245.295085,71,124.370,13370.3125,100,210,10001,"[0, 100000]","[0, 100000]",0,0,683,3466
yolov8x_training,5246.338020,70,123.498,13370.3125,97,210,10001,"[0, 100000]","[0, 100000]",0,0,976,1416
yolov8x_training,5247.380921,70,123.506,13370.3125,58,210,10001,"[0, 100000]","[0, 100000]",0,0,585,341
yolov8x_training,5248.423686,70,125.874,13370.3125,38,210,10001,"[0, 100000]","[0, 100000]",0,0,341,292
yolov8x_training,5249.466230,70,123.981,13370.3125,27,210,10001,"[0, 100000]","[0, 100000]",0,0,3369,14453
yolov8x_training,5250.686032,71,124.757,13370.3125,27,210,10001,"[0, 100000]","[0, 100000]",0,0,9765,36425
yolov8x_training,5251.729170,70,122.956,13370.3125,25,210,10001,"[0, 100000]","[0, 100000]",0,0,3906,2539
yolov8x_training,5252.772076,71,123.470,13370.3125,28,210,10001,"[0, 100000]","[0, 100000]",0,0,634,9960
yolov8x_training,5253.815017,71,125.583,13370.3125,15,240,10001,"[0, 100000]","[0, 100000]",0,0,1074,3906
yolov8x_training,5254.857973,71,123.946,13370.3125,47,270,10001,"[0, 100000]","[0, 100000]",0,0,976,4052
yolov8x_training,5255.900931,71,122.655,13370.3125,34,210,10001,"[0, 100000]","[0, 100000]",0,0,1562,7812
yolov8x_training,5256.943880,70,122.585,13370.3125,44,210,10001,"[0, 100000]","[0, 100000]",0,0,976,10839
yolov8x_training,5257.986802,71,124.367,13370.3125,16,255,10001,"[0, 100000]","[0, 100000]",0,0,1220,5468
yolov8x_training,5259.029573,70,124.507,13370.3125,53,210,10001,"[0, 100000]","[0, 100000]",0,0,976,4394
yolov8x_training,5260.072395,70,122.597,13370.3125,67,210,10001,"[0, 100000]","[0, 100000]",0,0,1074,4150
yolov8x_training,5261.115211,70,123.344,13370.3125,27,210,10001,"[0, 100000]","[0, 100000]",0,0,878,4101
yolov8x_training,5262.157978,71,124.004,13370.3125,11,255,10001,"[0, 100000]","[0, 100000]",0,0,878,3027
yolov8x_training,5263.200776,70,123.577,13370.3125,30,255,10001,"[0, 100000]","[0, 100000]",0,0,976,3955
yolov8x_training,5264.243728,70,124.269,13370.3125,35,210,10001,"[0, 100000]","[0, 100000]",0,0,634,2587
yolov8x_training,5265.286605,70,123.525,13370.3125,42,210,10001,"[0, 100000]","[0, 100000]",0,0,878,292
yolov8x_training,5266.329404,70,123.856,13370.3125,51,225,10001,"[0, 100000]","[0, 100000]",0,0,341,292
yolov8x_training,5267.372013,70,124.112,13370.3125,51,210,10001,"[0, 100000]","[0, 100000]",0,0,89599,16894
yolov8x_training,5268.415240,70,122.745,13370.3125,70,210,10001,"[0, 100000]","[0, 100000]",0,0,90771,20507
yolov8x_training,5269.626621,71,122.368,13370.3125,72,210,10001,"[0, 100000]","[0, 100000]",0,0,7568,7177
yolov8x_training,5270.669464,70,121.118,13370.3125,99,330,10001,"[0, 100000]","[0, 100000]",0,0,1562,6640
yolov8x_training,5271.712198,71,119.467,13370.3125,100,1350,10001,"[0, 100000]","[0, 100000]",0,0,1416,5615
yolov8x_training,5272.754947,70,120.063,13370.3125,64,210,10001,"[0, 100000]","[0, 100000]",0,0,1562,4931
yolov8x_training,5273.797720,71,121.698,13370.3125,33,210,10001,"[0, 100000]","[0, 100000]",0,0,1074,4150
yolov8x_training,5274.840413,70,123.038,13370.3125,52,225,10001,"[0, 100000]","[0, 100000]",0,0,1074,5419
yolov8x_training,5275.883147,71,121.344,13370.3125,72,210,10001,"[0, 100000]","[0, 100000]",0,0,2001,5322
yolov8x_training,5276.925899,70,123.975,13370.3125,49,210,10001,"[0, 100000]","[0, 100000]",0,0,1513,4589
yolov8x_training,5277.968682,71,124.232,13370.3125,50,210,10001,"[0, 100000]","[0, 100000]",0,0,1171,5371
yolov8x_training,5279.011394,70,123.927,13370.3125,51,225,10001,"[0, 100000]","[0, 100000]",0,0,927,4101
yolov8x_training,5280.054202,70,123.588,13370.3125,48,210,10001,"[0, 100000]","[0, 100000]",0,0,1074,3808
yolov8x_training,5281.097035,70,124.385,13370.3125,21,240,10001,"[0, 100000]","[0, 100000]",0,0,927,3613
yolov8x_training,5282.139949,70,124.774,13370.3125,35,210,10001,"[0, 100000]","[0, 100000]",0,0,976,3759
yolov8x_training,5283.182773,70,123.893,13370.3125,71,210,10001,"[0, 100000]","[0, 100000]",0,0,927,3955
yolov8x_training,5284.225704,70,122.670,13370.3125,67,210,10001,"[0, 100000]","[0, 100000]",0,0,1025,1074
yolov8x_training,5285.268745,70,124.510,13370.3125,13,210,10001,"[0, 100000]","[0, 100000]",0,0,341,2685
yolov8x_training,5286.311644,70,122.108,13370.3125,24,210,10001,"[0, 100000]","[0, 100000]",0,0,927,1025
yolov8x_training,5287.354759,70,123.824,13370.3125,13,210,10001,"[0, 100000]","[0, 100000]",0,0,292,292
yolov8x_training,5288.397367,70,124.697,13370.3125,35,210,10001,"[0, 100000]","[0, 100000]",0,0,90478,6298
yolov8x_training,5289.440781,70,122.485,13370.3125,45,210,10001,"[0, 100000]","[0, 100000]",0,0,4296,63281
yolov8x_training,5290.659356,71,123.387,13370.3125,58,210,10001,"[0, 100000]","[0, 100000]",0,0,1757,2734
yolov8x_training,5291.702263,70,120.902,13370.3125,94,345,10001,"[0, 100000]","[0, 100000]",0,0,1123,4345
yolov8x_training,5292.745038,70,120.557,13370.3125,88,480,10001,"[0, 100000]","[0, 100000]",0,0,1025,3808
yolov8x_training,5293.787813,71,119.467,13370.3125,91,210,10001,"[0, 100000]","[0, 100000]",0,0,1025,4296
yolov8x_training,5294.830582,70,120.902,13370.3125,100,210,10001,"[0, 100000]","[0, 100000]",0,0,1464,9130
yolov8x_training,5295.873397,70,123.316,13370.3125,100,210,10001,"[0, 100000]","[0, 100000]",0,0,1220,5615
yolov8x_training,5296.916147,70,122.838,13370.3125,100,210,10001,"[0, 100000]","[0, 100000]",0,0,976,4931
yolov8x_training,5297.958859,70,123.922,13370.3125,70,225,10001,"[0, 100000]","[0, 100000]",0,0,1220,4101
yolov8x_training,5299.001592,70,125.069,13370.3125,73,210,10001,"[0, 100000]","[0, 100000]",0,0,927,4492
yolov8x_training,5300.044333,70,124.385,13370.3125,79,210,10001,"[0, 100000]","[0, 100000]",0,0,1074,3027
yolov8x_training,5301.087342,70,125.287,13370.3125,78,210,10001,"[0, 100000]","[0, 100000]",0,0,976,2929
yolov8x_training,5302.130183,70,124.804,13370.3125,100,210,10001,"[0, 100000]","[0, 100000]",0,0,976,1318
yolov8x_training,5303.173016,70,124.722,13370.3125,100,210,10001,"[0, 100000]","[0, 100000]",0,0,292,341
yolov8x_training,5304.215956,70,123.666,13370.3125,100,210,10001,"[0, 100000]","[0, 100000]",0,0,341,292
yolov8x_training,5305.258716,70,123.562,13370.3125,100,210,10001,"[0, 100000]","[0, 100000]",0,0,3857,4785
yolov8x_training,5306.491449,70,127.779,13370.3125,100,210,10001,"[0, 100000]","[0, 100000]",0,0,9521,37109
yolov8x_training,5307.534270,70,126.387,13370.3125,100,210,10001,"[0, 100000]","[0, 100000]",0,0,2929,5517
yolov8x_training,5308.576929,70,127.705,13370.3125,100,2490,10001,"[0, 100000]","[0, 100000]",0,0,1464,2343
yolov8x_training,5309.619395,70,127.249,13370.3125,100,2385,10001,"[0, 100000]","[0, 100000]",0,0,1171,4003
yolov8x_training,5310.661848,71,128.262,13370.3125,100,210,10001,"[0, 100000]","[0, 100000]",0,0,1074,5273
yolov8x_training,5311.704386,71,128.131,13370.3125,98,210,10001,"[0, 100000]","[0, 100000]",0,0,1074,5664
yolov8x_training,5312.747232,70,125.108,13370.3125,98,210,10001,"[0, 100000]","[0, 100000]",0,0,1074,4052
yolov8x_training,5313.789671,71,121.753,13370.3125,100,210,10001,"[0, 100000]","[0, 100000]",0,0,1123,6152
yolov8x_training,5314.831922,70,125.491,13370.3125,100,225,10001,"[0, 100000]","[0, 100000]",0,0,1269,5566
yolov8x_training,5315.873987,70,127.558,13370.3125,100,210,10001,"[0, 100000]","[0, 100000]",0,0,1074,3662
yolov8x_training,5316.916297,71,123.408,13370.3125,100,210,10001,"[0, 100000]","[0, 100000]",0,0,1123,3466
yolov8x_training,5317.958436,70,124.370,13370.3125,100,210,10001,"[0, 100000]","[0, 100000]",0,0,927,3076
yolov8x_training,5319.000545,71,124.653,13370.3125,100,225,10001,"[0, 100000]","[0, 100000]",0,0,1171,4101
yolov8x_training,5320.042670,70,123.341,13370.3125,100,225,10001,"[0, 100000]","[0, 100000]",0,0,634,2832
yolov8x_training,5321.084805,70,122.893,13370.3125,100,210,10001,"[0, 100000]","[0, 100000]",0,0,732,2392
yolov8x_training,5322.126913,70,123.068,13370.3125,100,210,10001,"[0, 100000]","[0, 100000]",0,0,585,341
yolov8x_training,5323.169123,70,124.534,13370.3125,100,210,10001,"[0, 100000]","[0, 100000]",0,0,89404,21093
yolov8x_training,5324.212009,70,124.047,13370.3125,99,210,10001,"[0, 100000]","[0, 100000]",0,0,1171,4541
yolov8x_training,5325.412466,70,123.129,13370.3125,100,210,10001,"[0, 100000]","[0, 100000]",0,0,9619,37011
yolov8x_training,5326.455161,70,124.569,13370.3125,100,210,10001,"[0, 100000]","[0, 100000]",0,0,1660,3466
yolov8x_training,5327.497851,70,124.156,13370.3125,98,210,10001,"[0, 100000]","[0, 100000]",0,0,1220,5322
yolov8x_training,5328.540702,70,122.402,13370.3125,100,210,10001,"[0, 100000]","[0, 100000]",0,0,1074,4980
yolov8x_training,5329.583422,70,123.564,13370.3125,100,210,10001,"[0, 100000]","[0, 100000]",0,0,976,4296
yolov8x_training,5330.626404,70,123.809,13370.3125,97,210,10001,"[0, 100000]","[0, 100000]",0,0,1074,6542
yolov8x_training,5331.669166,70,124.798,13370.3125,97,210,10001,"[0, 100000]","[0, 100000]",0,0,1123,5615
yolov8x_training,5332.711324,70,125.104,13370.3125,97,210,10001,"[0, 100000]","[0, 100000]",0,0,1123,3662
yolov8x_training,5333.753489,70,122.903,13370.3125,98,210,10001,"[0, 100000]","[0, 100000]",0,0,1123,3564
yolov8x_training,5334.795548,70,124.355,13370.3125,98,210,10001,"[0, 100000]","[0, 100000]",0,0,1464,2636
yolov8x_training,5335.837954,70,123.232,13370.3125,100,210,10001,"[0, 100000]","[0, 100000]",0,0,1123,3710
yolov8x_training,5336.880116,70,124.009,13370.3125,100,210,10001,"[0, 100000]","[0, 100000]",0,0,927,1562
yolov8x_training,5337.922300,70,122.728,13370.3125,100,210,10001,"[0, 100000]","[0, 100000]",0,0,927,1025
yolov8x_training,5338.964465,70,124.281,13370.3125,100,210,10001,"[0, 100000]","[0, 100000]",0,0,439,341
yolov8x_training,5340.006639,70,125.677,13370.3125,100,210,10001,"[0, 100000]","[0, 100000]",0,0,89013,16845
yolov8x_training,5341.049242,70,124.533,13370.3125,100,210,10001,"[0, 100000]","[0, 100000]",0,0,1171,52294
yolov8x_training,5342.267107,71,125.402,13370.3125,100,210,10001,"[0, 100000]","[0, 100000]",0,0,1171,6933
yolov8x_training,5343.309885,70,125.825,13370.3125,100,210,10001,"[0, 100000]","[0, 100000]",0,0,927,11181
yolov8x_training,5344.352702,71,123.972,13370.3125,100,330,10001,"[0, 100000]","[0, 100000]",0,0,1123,4882
yolov8x_training,5345.395429,70,124.838,13370.3125,100,360,10001,"[0, 100000]","[0, 100000]",0,0,1025,4248
yolov8x_training,5346.438162,71,122.217,13370.3125,100,375,10001,"[0, 100000]","[0, 100000]",0,0,1074,3808
yolov8x_training,5347.480920,70,122.841,13370.3125,100,420,10001,"[0, 100000]","[0, 100000]",0,0,1123,6542
yolov8x_training,5348.523939,71,122.175,13370.3125,100,210,10001,"[0, 100000]","[0, 100000]",0,0,1171,4980
yolov8x_training,5349.566246,72,122.811,13370.3125,100,210,10001,"[0, 100000]","[0, 100000]",0,0,1367,5517
yolov8x_training,5350.608279,71,122.810,13370.3125,100,210,10001,"[0, 100000]","[0, 100000]",0,0,1318,5468
yolov8x_training,5351.649489,70,121.492,13370.3125,100,210,10001,"[0, 100000]","[0, 100000]",0,0,1220,3808
yolov8x_training,5352.691643,70,123.346,13370.3125,97,240,10001,"[0, 100000]","[0, 100000]",0,0,1123,3515
yolov8x_training,5353.733918,70,124.253,13370.3125,100,255,10001,"[0, 100000]","[0, 100000]",0,0,1269,2246
yolov8x_training,5354.776016,70,124.132,13370.3125,100,390,10001,"[0, 100000]","[0, 100000]",0,0,1074,4101
yolov8x_training,5355.818189,70,122.950,13370.3125,100,210,10001,"[0, 100000]","[0, 100000]",0,0,1074,1562
yolov8x_training,5356.860363,70,123.471,13370.3125,100,210,10001,"[0, 100000]","[0, 100000]",0,0,830,1562
yolov8x_training,5357.903273,70,122.842,13370.3125,100,210,10001,"[0, 100000]","[0, 100000]",0,0,390,292
yolov8x_training,5358.945777,70,126.120,13370.3125,100,210,10001,"[0, 100000]","[0, 100000]",0,0,31591,20556
yolov8x_training,5360.156014,70,126.469,13370.3125,100,210,10001,"[0, 100000]","[0, 100000]",0,0,9619,36718
yolov8x_training,5361.198755,70,124.529,13370.3125,100,210,10001,"[0, 100000]","[0, 100000]",0,0,1220,8984
yolov8x_training,5362.240988,71,123.894,13370.3125,100,225,10001,"[0, 100000]","[0, 100000]",0,0,1367,5078
yolov8x_training,5363.283387,70,123.506,13370.3125,100,315,10001,"[0, 100000]","[0, 100000]",0,0,1074,3759
yolov8x_training,5364.325679,71,122.918,13370.3125,100,210,10001,"[0, 100000]","[0, 100000]",0,0,1123,4492
yolov8x_training,5365.368159,71,122.435,13370.3125,100,210,10001,"[0, 100000]","[0, 100000]",0,0,1416,5468
yolov8x_training,5366.410788,70,120.267,13370.3125,100,210,10001,"[0, 100000]","[0, 100000]",0,0,927,3515
yolov8x_training,5367.453523,71,124.869,13370.3125,100,210,10001,"[0, 100000]","[0, 100000]",0,0,976,4589
yolov8x_training,5368.496247,70,122.803,13370.3125,100,210,10001,"[0, 100000]","[0, 100000]",0,0,976,3906
yolov8x_training,5369.539016,70,123.045,13370.3125,100,225,10001,"[0, 100000]","[0, 100000]",0,0,976,3710
yolov8x_training,5370.581822,71,124.651,13370.3125,100,210,10001,"[0, 100000]","[0, 100000]",0,0,1123,439
yolov8x_training,5371.624779,70,124.422,13370.3125,100,210,10001,"[0, 100000]","[0, 100000]",0,0,13671,12744
yolov8x_training,5372.667681,70,123.434,13370.3125,100,210,10001,"[0, 100000]","[0, 100000]",0,0,341,341
yolov8x_training,5373.710279,70,123.760,13370.3125,100,210,10001,"[0, 100000]","[0, 100000]",0,0,89257,18261
yolov8x_training,5374.913098,70,124.437,13370.3125,100,210,10001,"[0, 100000]","[0, 100000]",0,0,9423,38037
yolov8x_training,5375.955750,70,123.827,13370.3125,100,210,10001,"[0, 100000]","[0, 100000]",0,0,5566,3759
yolov8x_training,5376.998274,70,123.689,13370.3125,100,210,10001,"[0, 100000]","[0, 100000]",0,0,2148,5566
yolov8x_training,5378.040547,70,124.177,13370.3125,100,210,10001,"[0, 100000]","[0, 100000]",0,0,1074,3808
yolov8x_training,5379.082877,69,123.936,13370.3125,99,210,10001,"[0, 100000]","[0, 100000]",0,0,1660,9814
yolov8x_training,5380.126332,70,124.204,13370.3125,98,210,10001,"[0, 100000]","[0, 100000]",0,0,927,4980
yolov8x_training,5381.169028,70,123.628,13370.3125,77,210,10001,"[0, 100000]","[0, 100000]",0,0,1025,3857
yolov8x_training,5382.211951,70,123.713,13370.3125,46,345,10001,"[0, 100000]","[0, 100000]",0,0,976,4492
yolov8x_training,5383.254750,70,124.562,13370.3125,18,210,10001,"[0, 100000]","[0, 100000]",0,0,1025,3515
yolov8x_training,5384.297609,71,123.620,13370.3125,9,450,10001,"[0, 100000]","[0, 100000]",0,0,976,3662
yolov8x_training,5385.340649,70,123.968,13370.3125,21,210,10001,"[0, 100000]","[0, 100000]",0,0,439,2636
yolov8x_training,5386.383407,70,122.893,13370.3125,27,210,10001,"[0, 100000]","[0, 100000]",0,0,927,439
yolov8x_training,5387.426234,70,124.702,13370.3125,21,210,10001,"[0, 100000]","[0, 100000]",0,0,341,292
yolov8x_training,5388.468856,70,123.083,13370.3125,14,210,10001,"[0, 100000]","[0, 100000]",0,0,292,292
yolov8x_training,5389.511523,70,123.664,13370.3125,20,210,10001,"[0, 100000]","[0, 100000]",0,0,292,292
yolov8x_training,5390.554351,70,121.821,13370.3125,75,210,10001,"[0, 100000]","[0, 100000]",0,0,292,292
yolov8x_training,5391.597101,71,121.618,13370.3125,100,225,10001,"[0, 100000]","[0, 100000]",0,0,341,341
yolov8x_training,5392.639733,70,124.733,13370.3125,100,210,10001,"[0, 100000]","[0, 100000]",0,0,89111,17041
yolov8x_training,5393.842402,69,125.213,13370.3125,100,210,10001,"[0, 100000]","[0, 100000]",0,0,9570,37255
yolov8x_training,5394.885176,69,125.072,13370.3125,93,210,10001,"[0, 100000]","[0, 100000]",0,0,1953,3076
yolov8x_training,5395.926605,69,123.068,13370.3125,100,210,10001,"[0, 100000]","[0, 100000]",0,0,1562,8984
yolov8x_training,5396.969338,69,123.771,13370.3125,97,210,10001,"[0, 100000]","[0, 100000]",0,0,1123,4003
yolov8x_training,5398.012282,69,123.759,13370.3125,68,210,10001,"[0, 100000]","[0, 100000]",0,0,1171,5615
yolov8x_training,5399.055050,71,123.783,13370.3125,37,375,10001,"[0, 100000]","[0, 100000]",0,0,976,5664
yolov8x_training,5400.097749,71,124.426,13370.3125,35,360,10001,"[0, 100000]","[0, 100000]",0,0,1123,3759
yolov8x_training,5401.140500,70,124.392,13370.3125,11,315,10001,"[0, 100000]","[0, 100000]",0,0,976,4443
yolov8x_training,5402.183159,70,122.031,13370.3125,24,345,10001,"[0, 100000]","[0, 100000]",0,0,1025,3955
yolov8x_training,5403.226037,70,122.309,13370.3125,13,210,10001,"[0, 100000]","[0, 100000]",0,0,1074,4980
yolov8x_training,5404.268848,70,124.317,13370.3125,59,210,10001,"[0, 100000]","[0, 100000]",0,0,1025,2197
yolov8x_training,5405.311676,70,124.479,13370.3125,37,210,10001,"[0, 100000]","[0, 100000]",0,0,1025,4248
yolov8x_training,5406.354520,70,123.330,13370.3125,10,210,10001,"[0, 100000]","[0, 100000]",0,0,390,2734
yolov8x_training,5407.397557,70,124.139,13370.3125,18,210,10001,"[0, 100000]","[0, 100000]",0,0,341,341
yolov8x_training,5408.440149,70,123.478,13370.3125,26,210,10001,"[0, 100000]","[0, 100000]",0,0,341,292
yolov8x_training,5409.482691,70,123.545,13370.3125,16,210,10001,"[0, 100000]","[0, 100000]",0,0,1269,6542
yolov8x_training,5410.693998,71,121.412,13370.3125,73,210,10001,"[0, 100000]","[0, 100000]",0,0,5126,3808
yolov8x_training,5411.736720,71,122.411,13370.3125,53,210,10001,"[0, 100000]","[0, 100000]",0,0,1562,2587
yolov8x_training,5412.779605,70,121.622,13370.3125,79,210,10001,"[0, 100000]","[0, 100000]",0,0,1171,4052
yolov8x_training,5413.822411,70,121.528,13370.3125,100,210,10001,"[0, 100000]","[0, 100000]",0,0,976,4882
yolov8x_training,5414.865714,70,123.660,13370.3125,100,210,10001,"[0, 100000]","[0, 100000]",0,0,1171,12304
yolov8x_training,5415.908514,70,119.791,13370.3125,100,210,10001,"[0, 100000]","[0, 100000]",0,0,1318,10009
yolov8x_training,5416.951394,70,123.992,13370.3125,100,210,10001,"[0, 100000]","[0, 100000]",0,0,1220,4687
yolov8x_training,5417.994234,70,124.503,13370.3125,100,210,10001,"[0, 100000]","[0, 100000]",0,0,1074,6201
yolov8x_training,5419.036936,70,124.932,13370.3125,92,210,10001,"[0, 100000]","[0, 100000]",0,0,1025,3759
yolov8x_training,5420.079756,70,124.282,13370.3125,89,210,10001,"[0, 100000]","[0, 100000]",0,0,976,3466
yolov8x_training,5421.122518,70,125.087,13370.3125,96,210,10001,"[0, 100000]","[0, 100000]",0,0,927,3125
yolov8x_training,5422.165260,70,124.798,13370.3125,100,210,10001,"[0, 100000]","[0, 100000]",0,0,976,1806
yolov8x_training,5423.207959,70,124.138,13370.3125,100,210,10001,"[0, 100000]","[0, 100000]",0,0,4248,88916
yolov8x_training,5424.251132,70,123.846,13370.3125,100,210,10001,"[0, 100000]","[0, 100000]",0,0,341,292
yolov8x_training,5425.293784,70,124.328,13370.3125,100,225,10001,"[0, 100000]","[0, 100000]",0,0,3955,10302
yolov8x_training,5426.498886,70,128.243,13370.3125,99,210,10001,"[0, 100000]","[0, 100000]",0,0,4296,2539
yolov8x_training,5427.541673,70,123.860,13370.3125,100,210,10001,"[0, 100000]","[0, 100000]",0,0,634,8740
yolov8x_training,5428.584449,70,122.788,13370.3125,100,210,10001,"[0, 100000]","[0, 100000]",0,0,878,10791
yolov8x_training,5429.627221,70,125.093,13370.3125,98,210,10001,"[0, 100000]","[0, 100000]",0,0,878,4101
yolov8x_training,5430.670009,70,124.382,13370.3125,98,210,10001,"[0, 100000]","[0, 100000]",0,0,1074,8496
yolov8x_training,5431.712885,70,125.062,13370.3125,97,210,10001,"[0, 100000]","[0, 100000]",0,0,927,4687
yolov8x_training,5432.755760,70,122.609,13370.3125,97,210,10001,"[0, 100000]","[0, 100000]",0,0,1123,5761
yolov8x_training,5433.798523,70,122.695,13370.3125,98,210,10001,"[0, 100000]","[0, 100000]",0,0,1123,3271
yolov8x_training,5434.841253,70,124.828,13370.3125,97,210,10001,"[0, 100000]","[0, 100000]",0,0,1025,3955
yolov8x_training,5435.884004,70,124.778,13370.3125,97,210,10001,"[0, 100000]","[0, 100000]",0,0,1074,2343
yolov8x_training,5436.926843,70,122.817,13370.3125,98,225,10001,"[0, 100000]","[0, 100000]",0,0,1025,3515
yolov8x_training,5437.969663,70,124.958,13370.3125,99,210,10001,"[0, 100000]","[0, 100000]",0,0,1074,1171
yolov8x_training,5439.012422,70,125.337,13370.3125,100,210,10001,"[0, 100000]","[0, 100000]",0,0,11621,292
yolov8x_training,5440.055120,70,124.689,13370.3125,100,210,10001,"[0, 100000]","[0, 100000]",0,0,341,1030175
yolov8x_training,5441.098077,70,123.192,13370.3125,100,210,10001,"[0, 100000]","[0, 100000]",0,0,90283,19726
yolov8x_training,5442.315722,69,125.594,13370.3125,100,210,10001,"[0, 100000]","[0, 100000]",0,0,1757,3027
yolov8x_training,5443.358675,69,125.238,13370.3125,100,225,10001,"[0, 100000]","[0, 100000]",0,0,1025,8789
yolov8x_training,5444.401405,69,124.635,13370.3125,100,225,10001,"[0, 100000]","[0, 100000]",0,0,1416,7861
yolov8x_training,5445.444182,69,123.370,13370.3125,100,210,10001,"[0, 100000]","[0, 100000]",0,0,976,4101
yolov8x_training,5446.486933,69,123.696,13370.3125,100,450,10001,"[0, 100000]","[0, 100000]",0,0,1123,5615
yolov8x_training,5447.529703,69,124.549,13370.3125,100,420,10001,"[0, 100000]","[0, 100000]",0,0,1660,4736
yolov8x_training,5448.572438,71,122.750,13370.3125,100,360,10001,"[0, 100000]","[0, 100000]",0,0,1171,5468
yolov8x_training,5449.615176,71,124.350,13370.3125,100,390,10001,"[0, 100000]","[0, 100000]",0,0,1123,3515
yolov8x_training,5450.658161,70,124.650,13370.3125,100,210,10001,"[0, 100000]","[0, 100000]",0,0,1025,4345
yolov8x_training,5451.700899,70,124.114,13370.3125,100,210,10001,"[0, 100000]","[0, 100000]",0,0,1123,2441
yolov8x_training,5452.743731,70,121.826,13370.3125,100,210,10001,"[0, 100000]","[0, 100000]",0,0,976,3759
yolov8x_training,5453.786555,70,124.405,13370.3125,100,255,10001,"[0, 100000]","[0, 100000]",0,0,976,3027
yolov8x_training,5454.829375,70,124.534,13370.3125,100,240,10001,"[0, 100000]","[0, 100000]",0,0,6298,78662
yolov8x_training,5455.872143,70,124.793,13370.3125,100,255,10001,"[0, 100000]","[0, 100000]",0,0,341,292
yolov8x_training,5457.087626,70,122.463,13370.3125,100,315,10001,"[0, 100000]","[0, 100000]",0,0,9619,36865
yolov8x_training,5458.130524,71,125.886,13370.3125,100,1800,10001,"[0, 100000]","[0, 100000]",0,0,1025,10742
yolov8x_training,5459.173190,70,126.119,13370.3125,100,2205,10001,"[0, 100000]","[0, 100000]",0,0,830,9960
yolov8x_training,5460.216062,70,125.736,13370.3125,100,1740,10001,"[0, 100000]","[0, 100000]",0,0,1123,3906
yolov8x_training,5461.258951,70,127.070,13370.3125,100,2265,10001,"[0, 100000]","[0, 100000]",0,0,1123,5859
yolov8x_training,5462.301850,70,128.640,13370.3125,100,210,10001,"[0, 100000]","[0, 100000]",0,0,976,5712
yolov8x_training,5463.344687,70,127.153,13370.3125,100,210,10001,"[0, 100000]","[0, 100000]",0,0,976,4980
yolov8x_training,5464.387377,70,128.024,13370.3125,100,210,10001,"[0, 100000]","[0, 100000]",0,0,1123,3369
yolov8x_training,5465.430185,70,124.487,13370.3125,100,210,10001,"[0, 100000]","[0, 100000]",0,0,927,4150
yolov8x_training,5466.473007,70,122.034,13370.3125,100,210,10001,"[0, 100000]","[0, 100000]",0,0,1074,3759
yolov8x_training,5467.515775,70,122.555,13370.3125,100,210,10001,"[0, 100000]","[0, 100000]",0,0,1025,3710
yolov8x_training,5468.558578,70,123.147,13370.3125,100,210,10001,"[0, 100000]","[0, 100000]",0,0,732,3759
yolov8x_training,5469.601399,71,122.816,13370.3125,100,210,10001,"[0, 100000]","[0, 100000]",0,0,976,3808
yolov8x_training,5470.644230,70,124.745,13370.3125,100,225,10001,"[0, 100000]","[0, 100000]",0,0,537,2587
yolov8x_training,5471.687047,70,122.126,13370.3125,100,210,10001,"[0, 100000]","[0, 100000]",0,0,976,1318
yolov8x_training,5472.729805,70,124.037,13370.3125,100,210,10001,"[0, 100000]","[0, 100000]",0,0,781,292
yolov8x_training,5473.772520,70,124.476,13370.3125,100,210,10001,"[0, 100000]","[0, 100000]",0,0,341,1028173
yolov8x_training,5474.815319,70,124.880,13370.3125,100,210,10001,"[0, 100000]","[0, 100000]",0,0,1855,4638
yolov8x_training,5475.858394,70,122.648,13370.3125,100,2220,10001,"[0, 100000]","[0, 100000]",0,0,1416,58203
yolov8x_training,5477.064250,70,128.275,13370.3125,100,2430,10001,"[0, 100000]","[0, 100000]",0,0,781,10009
yolov8x_training,5478.107019,70,129.602,13370.3125,100,210,10001,"[0, 100000]","[0, 100000]",0,0,1123,5126
yolov8x_training,5479.149752,70,126.721,13370.3125,100,210,10001,"[0, 100000]","[0, 100000]",0,0,1025,3857
yolov8x_training,5480.192572,70,123.257,13370.3125,100,210,10001,"[0, 100000]","[0, 100000]",0,0,976,3613
yolov8x_training,5481.235461,70,125.186,13370.3125,100,210,10001,"[0, 100000]","[0, 100000]",0,0,1123,11230
yolov8x_training,5482.278365,70,128.252,13370.3125,100,210,10001,"[0, 100000]","[0, 100000]",0,0,1171,4492
yolov8x_training,5483.321222,70,125.035,13370.3125,100,210,10001,"[0, 100000]","[0, 100000]",0,0,927,3613
yolov8x_training,5484.364266,70,124.419,13370.3125,100,210,10001,"[0, 100000]","[0, 100000]",0,0,1123,3955
yolov8x_training,5485.406988,70,124.323,13370.3125,100,210,10001,"[0, 100000]","[0, 100000]",0,0,1074,3564
yolov8x_training,5486.449798,70,123.184,13370.3125,100,210,10001,"[0, 100000]","[0, 100000]",0,0,1074,830
yolov8x_training,5487.492514,70,124.814,13370.3125,100,210,10001,"[0, 100000]","[0, 100000]",0,0,830,634
yolov8x_training,5488.535410,70,124.609,13370.3125,100,210,10001,"[0, 100000]","[0, 100000]",0,0,341,292
yolov8x_training,5489.577963,70,125.937,13370.3125,79,210,10001,"[0, 100000]","[0, 100000]",0,0,1220,59814
yolov8x_training,5490.821576,71,124.907,13370.3125,89,210,10001,"[0, 100000]","[0, 100000]",0,0,9716,35986
yolov8x_training,5491.864626,71,123.890,13370.3125,95,210,10001,"[0, 100000]","[0, 100000]",0,0,1708,3125
yolov8x_training,5492.907695,71,124.679,13370.3125,79,420,10001,"[0, 100000]","[0, 100000]",0,0,1123,3710
yolov8x_training,5493.950517,71,124.296,13370.3125,37,210,10001,"[0, 100000]","[0, 100000]",0,0,1025,5175
yolov8x_training,5494.993336,70,122.663,13370.3125,29,300,10001,"[0, 100000]","[0, 100000]",0,0,976,8300
yolov8x_training,5496.036160,71,124.509,13370.3125,31,210,10001,"[0, 100000]","[0, 100000]",0,0,1220,5078
yolov8x_training,5497.078910,70,123.580,13370.3125,12,255,10001,"[0, 100000]","[0, 100000]",0,0,976,3466
yolov8x_training,5498.121671,70,123.918,13370.3125,32,255,10001,"[0, 100000]","[0, 100000]",0,0,976,4833
yolov8x_training,5499.164701,70,124.863,13370.3125,18,210,10001,"[0, 100000]","[0, 100000]",0,0,830,3222
yolov8x_training,5500.207437,70,124.818,13370.3125,60,210,10001,"[0, 100000]","[0, 100000]",0,0,1025,3906
yolov8x_training,5501.250335,70,123.251,13370.3125,88,210,10001,"[0, 100000]","[0, 100000]",0,0,927,1220
yolov8x_training,5502.293208,70,124.727,13370.3125,77,210,10001,"[0, 100000]","[0, 100000]",0,0,6445,341
yolov8x_training,5503.336271,70,126.081,13370.3125,95,1800,10001,"[0, 100000]","[0, 100000]",0,0,90136,20751
yolov8x_training,5504.542668,70,125.990,13370.3125,100,2370,10001,"[0, 100000]","[0, 100000]",0,0,8251,44921
yolov8x_training,5505.585421,70,127.307,13370.3125,100,2310,10001,"[0, 100000]","[0, 100000]",0,0,1318,10351
yolov8x_training,5506.628199,70,128.513,13370.3125,100,1215,10001,"[0, 100000]","[0, 100000]",0,0,1123,5371
yolov8x_training,5507.670930,70,129.154,13370.3125,100,210,10001,"[0, 100000]","[0, 100000]",0,0,1074,4296
yolov8x_training,5508.713751,70,128.608,13370.3125,98,210,10001,"[0, 100000]","[0, 100000]",0,0,1757,5175
yolov8x_training,5509.756620,70,122.771,13370.3125,100,210,10001,"[0, 100000]","[0, 100000]",0,0,1367,5664
yolov8x_training,5510.799383,70,123.099,13370.3125,100,210,10001,"[0, 100000]","[0, 100000]",0,0,878,4638
yolov8x_training,5511.842213,71,124.256,13370.3125,100,210,10001,"[0, 100000]","[0, 100000]",0,0,1171,3271
yolov8x_training,5512.885022,70,127.079,13370.3125,100,210,10001,"[0, 100000]","[0, 100000]",0,0,976,4199
yolov8x_training,5513.927769,70,124.827,13370.3125,97,210,10001,"[0, 100000]","[0, 100000]",0,0,781,3466
yolov8x_training,5514.970638,70,125.129,13370.3125,98,210,10001,"[0, 100000]","[0, 100000]",0,0,1074,3369
yolov8x_training,5516.013400,71,123.379,13370.3125,98,225,10001,"[0, 100000]","[0, 100000]",0,0,1123,2099
yolov8x_training,5517.056202,70,124.726,13370.3125,98,210,10001,"[0, 100000]","[0, 100000]",0,0,341,292
yolov8x_training,5518.098834,70,124.601,13370.3125,98,210,10001,"[0, 100000]","[0, 100000]",0,0,341,292
yolov8x_training,5519.141649,69,124.501,13370.3125,98,210,10001,"[0, 100000]","[0, 100000]",0,0,2832,8691
yolov8x_training,5520.345024,69,124.405,13370.3125,98,210,10001,"[0, 100000]","[0, 100000]",0,0,8984,39990
yolov8x_training,5521.387813,72,124.347,13370.3125,98,210,10001,"[0, 100000]","[0, 100000]",0,0,1074,10742
yolov8x_training,5522.430525,72,124.952,13370.3125,100,210,10001,"[0, 100000]","[0, 100000]",0,0,878,9716
yolov8x_training,5523.473350,70,122.914,13370.3125,98,210,10001,"[0, 100000]","[0, 100000]",0,0,1269,4394
yolov8x_training,5524.516383,71,124.721,13370.3125,98,210,10001,"[0, 100000]","[0, 100000]",0,0,1171,4882
yolov8x_training,5525.559276,71,124.183,13370.3125,100,330,10001,"[0, 100000]","[0, 100000]",0,0,976,5615
yolov8x_training,5526.602037,71,123.963,13370.3125,100,360,10001,"[0, 100000]","[0, 100000]",0,0,1074,3613
yolov8x_training,5527.644830,70,123.304,13370.3125,100,210,10001,"[0, 100000]","[0, 100000]",0,0,976,4492
yolov8x_training,5528.687771,70,120.373,13370.3125,100,210,10001,"[0, 100000]","[0, 100000]",0,0,927,3564
yolov8x_training,5529.730698,70,120.552,13370.3125,98,210,10001,"[0, 100000]","[0, 100000]",0,0,1269,4248
yolov8x_training,5530.773472,70,124.023,13370.3125,98,210,10001,"[0, 100000]","[0, 100000]",0,0,1123,2832
yolov8x_training,5531.816252,70,124.052,13370.3125,96,210,10001,"[0, 100000]","[0, 100000]",0,0,1074,3759
yolov8x_training,5532.858974,70,124.629,13370.3125,98,210,10001,"[0, 100000]","[0, 100000]",0,0,1171,2392
yolov8x_training,5533.901722,70,124.070,13370.3125,100,210,10001,"[0, 100000]","[0, 100000]",0,0,1025,3613
yolov8x_training,5534.944605,70,125.357,13370.3125,98,210,10001,"[0, 100000]","[0, 100000]",0,0,390,2636
yolov8x_training,5535.987399,70,123.117,13370.3125,98,210,10001,"[0, 100000]","[0, 100000]",0,0,927,292
yolov8x_training,5537.030058,70,124.776,13370.3125,100,210,10001,"[0, 100000]","[0, 100000]",0,0,341,1030419
yolov8x_training,5538.073260,71,124.910,13370.3125,100,210,10001,"[0, 100000]","[0, 100000]",0,0,90234,12207
yolov8x_training,5539.116378,70,124.399,13370.3125,100,210,10001,"[0, 100000]","[0, 100000]",0,0,1416,63281
yolov8x_training,5540.327609,71,125.112,13370.3125,100,210,10001,"[0, 100000]","[0, 100000]",0,0,1025,7226
yolov8x_training,5541.370437,71,124.949,13370.3125,100,210,10001,"[0, 100000]","[0, 100000]",0,0,1171,4443
yolov8x_training,5542.413250,70,125.632,13370.3125,100,225,10001,"[0, 100000]","[0, 100000]",0,0,1171,4003
yolov8x_training,5543.456272,71,122.850,13370.3125,100,300,10001,"[0, 100000]","[0, 100000]",0,0,927,4150
yolov8x_training,5544.499083,71,124.704,13370.3125,100,210,10001,"[0, 100000]","[0, 100000]",0,0,1660,7861
yolov8x_training,5545.541901,70,122.661,13370.3125,100,345,10001,"[0, 100000]","[0, 100000]",0,0,1074,5322
yolov8x_training,5546.584668,70,123.035,13370.3125,100,255,10001,"[0, 100000]","[0, 100000]",0,0,1123,4882
yolov8x_training,5547.627325,71,124.256,13370.3125,100,210,10001,"[0, 100000]","[0, 100000]",0,0,927,4492
yolov8x_training,5548.670082,70,123.709,13370.3125,100,255,10001,"[0, 100000]","[0, 100000]",0,0,1123,4589
yolov8x_training,5549.712849,70,124.256,13370.3125,100,210,10001,"[0, 100000]","[0, 100000]",0,0,976,3808
yolov8x_training,5550.755673,70,123.438,13370.3125,100,255,10001,"[0, 100000]","[0, 100000]",0,0,878,3808
yolov8x_training,5551.798439,70,124.937,13370.3125,100,210,10001,"[0, 100000]","[0, 100000]",0,0,585,2587
yolov8x_training,5552.841516,70,123.649,13370.3125,100,210,10001,"[0, 100000]","[0, 100000]",0,0,341,292
yolov8x_training,5553.884468,70,123.293,13370.3125,100,240,10001,"[0, 100000]","[0, 100000]",0,0,341,292
yolov8x_training,5554.927140,70,122.689,13370.3125,100,210,10001,"[0, 100000]","[0, 100000]",0,0,341,292
yolov8x_training,5555.969690,70,123.592,13370.3125,100,210,10001,"[0, 100000]","[0, 100000]",0,0,89648,9082
yolov8x_training,5557.013031,70,123.683,13370.3125,100,210,10001,"[0, 100000]","[0, 100000]",0,0,1660,58154
yolov8x_training,5558.264384,70,124.829,13370.3125,100,210,10001,"[0, 100000]","[0, 100000]",0,0,9472,36230
yolov8x_training,5559.307320,71,123.194,13370.3125,100,210,10001,"[0, 100000]","[0, 100000]",0,0,1416,7519
yolov8x_training,5560.350076,70,125.860,13370.3125,100,210,10001,"[0, 100000]","[0, 100000]",0,0,927,3515
yolov8x_training,5561.392866,70,124.526,13370.3125,100,210,10001,"[0, 100000]","[0, 100000]",0,0,1074,5517
yolov8x_training,5562.435667,70,124.691,13370.3125,100,210,10001,"[0, 100000]","[0, 100000]",0,0,1757,6054
yolov8x_training,5563.478400,70,123.617,13370.3125,100,210,10001,"[0, 100000]","[0, 100000]",0,0,1220,5664
yolov8x_training,5564.521154,70,122.775,13370.3125,100,210,10001,"[0, 100000]","[0, 100000]",0,0,1220,2587
yolov8x_training,5565.563882,70,123.769,13370.3125,100,210,10001,"[0, 100000]","[0, 100000]",0,0,927,4345
yolov8x_training,5566.606575,70,123.711,13370.3125,100,210,10001,"[0, 100000]","[0, 100000]",0,0,976,3564
yolov8x_training,5567.649348,70,122.764,13370.3125,100,210,10001,"[0, 100000]","[0, 100000]",0,0,1220,2685
yolov8x_training,5568.692666,70,124.843,13370.3125,100,210,10001,"[0, 100000]","[0, 100000]",0,0,1074,3662
yolov8x_training,5569.735451,70,123.008,13370.3125,100,210,10001,"[0, 100000]","[0, 100000]",0,0,830,1416
yolov8x_training,5570.778291,70,123.961,13370.3125,100,210,10001,"[0, 100000]","[0, 100000]",0,0,927,1220
yolov8x_training,5571.821254,70,123.823,13370.3125,100,210,10001,"[0, 100000]","[0, 100000]",0,0,341,292
yolov8x_training,5572.863932,70,123.117,13370.3125,100,210,10001,"[0, 100000]","[0, 100000]",0,0,341,1031103
yolov8x_training,5573.906466,70,124.945,13370.3125,100,330,10001,"[0, 100000]","[0, 100000]",0,0,2294,4003
yolov8x_training,5575.130798,70,121.154,13370.3125,100,555,10001,"[0, 100000]","[0, 100000]",0,0,878,10009
yolov8x_training,5576.173848,70,124.050,13370.3125,100,2160,10001,"[0, 100000]","[0, 100000]",0,0,1025,10791
yolov8x_training,5577.216563,70,120.659,13370.3125,100,1755,10001,"[0, 100000]","[0, 100000]",0,0,976,3759
yolov8x_training,5578.259517,70,121.335,13370.3125,100,2220,10001,"[0, 100000]","[0, 100000]",0,0,1025,4394
yolov8x_training,5579.302471,71,125.601,13370.3125,100,780,10001,"[0, 100000]","[0, 100000]",0,0,2246,3857
yolov8x_training,5580.345350,70,126.865,13370.3125,100,210,10001,"[0, 100000]","[0, 100000]",0,0,1123,3320
yolov8x_training,5581.388111,71,128.109,13370.3125,100,225,10001,"[0, 100000]","[0, 100000]",0,0,1025,4443
yolov8x_training,5582.430821,71,127.573,13370.3125,100,225,10001,"[0, 100000]","[0, 100000]",0,0,1025,2783
yolov8x_training,5583.473596,70,122.906,13370.3125,100,225,10001,"[0, 100000]","[0, 100000]",0,0,1025,3662
yolov8x_training,5584.516371,70,122.516,13370.3125,100,225,10001,"[0, 100000]","[0, 100000]",0,0,1025,3662
yolov8x_training,5585.559321,70,123.608,13370.3125,100,210,10001,"[0, 100000]","[0, 100000]",0,0,878,63867
yolov8x_training,5586.602125,71,124.582,13370.3125,100,210,10001,"[0, 100000]","[0, 100000]",0,0,341,292
yolov8x_training,5587.644702,69,124.104,13370.3125,100,210,10001,"[0, 100000]","[0, 100000]",0,0,2099,59716
yolov8x_training,5588.855461,71,124.963,13370.3125,100,210,10001,"[0, 100000]","[0, 100000]",0,0,1611,3369
yolov8x_training,5589.898471,71,124.330,13370.3125,100,375,10001,"[0, 100000]","[0, 100000]",0,0,1123,4687
yolov8x_training,5590.941249,71,125.625,13370.3125,89,315,10001,"[0, 100000]","[0, 100000]",0,0,1025,4248
yolov8x_training,5591.983977,71,122.667,13370.3125,97,420,10001,"[0, 100000]","[0, 100000]",0,0,1025,5468
yolov8x_training,5593.026783,71,122.586,13370.3125,77,375,10001,"[0, 100000]","[0, 100000]",0,0,1855,7226
yolov8x_training,5594.069581,71,122.904,13370.3125,100,420,10001,"[0, 100000]","[0, 100000]",0,0,1025,4931
yolov8x_training,5595.112279,71,123.136,13370.3125,92,345,10001,"[0, 100000]","[0, 100000]",0,0,1171,4248
yolov8x_training,5596.155124,70,123.571,13370.3125,79,210,10001,"[0, 100000]","[0, 100000]",0,0,976,4345
yolov8x_training,5597.197874,70,121.667,13370.3125,51,210,10001,"[0, 100000]","[0, 100000]",0,0,1025,4199
yolov8x_training,5598.240685,71,122.357,13370.3125,96,420,10001,"[0, 100000]","[0, 100000]",0,0,1074,3759
yolov8x_training,5599.283562,70,121.522,13370.3125,96,375,10001,"[0, 100000]","[0, 100000]",0,0,830,3369
yolov8x_training,5600.326397,70,123.287,13370.3125,97,210,10001,"[0, 100000]","[0, 100000]",0,0,1123,1806
yolov8x_training,5601.369244,70,123.351,13370.3125,58,210,10001,"[0, 100000]","[0, 100000]",0,0,12841,18896
yolov8x_training,5602.412337,70,122.670,13370.3125,47,210,10001,"[0, 100000]","[0, 100000]",0,0,292,341
yolov8x_training,5603.454911,70,122.108,13370.3125,57,210,10001,"[0, 100000]","[0, 100000]",0,0,341,292
yolov8x_training,5604.497574,70,123.522,13370.3125,96,210,10001,"[0, 100000]","[0, 100000]",0,0,90332,8251
yolov8x_training,5605.540747,71,124.102,13370.3125,78,210,10001,"[0, 100000]","[0, 100000]",0,0,3271,5859
yolov8x_training,5606.584613,70,123.157,13370.3125,100,210,10001,"[0, 100000]","[0, 100000]",0,0,1416,63525
yolov8x_training,5607.793971,71,124.601,13370.3125,88,210,10001,"[0, 100000]","[0, 100000]",0,0,1708,4638
yolov8x_training,5608.836755,71,122.858,13370.3125,76,210,10001,"[0, 100000]","[0, 100000]",0,0,878,11181
yolov8x_training,5609.879651,71,123.865,13370.3125,100,225,10001,"[0, 100000]","[0, 100000]",0,0,1318,9033
yolov8x_training,5610.922396,73,123.027,13370.3125,100,270,10001,"[0, 100000]","[0, 100000]",0,0,1318,4736
yolov8x_training,5611.965304,73,124.793,13370.3125,16,210,10001,"[0, 100000]","[0, 100000]",0,0,1074,5419
yolov8x_training,5613.008130,70,122.450,13370.3125,45,345,10001,"[0, 100000]","[0, 100000]",0,0,1123,6884
yolov8x_training,5614.052580,73,124.179,13370.3125,16,345,10001,"[0, 100000]","[0, 100000]",0,0,1416,4296
yolov8x_training,5615.095404,71,122.934,13370.3125,26,360,10001,"[0, 100000]","[0, 100000]",0,0,1074,6152
yolov8x_training,5616.138134,71,123.649,13370.3125,39,225,10001,"[0, 100000]","[0, 100000]",0,0,1025,3759
yolov8x_training,5617.180860,70,124.185,13370.3125,71,270,10001,"[0, 100000]","[0, 100000]",0,0,1220,2734
yolov8x_training,5618.223816,71,125.154,13370.3125,55,240,10001,"[0, 100000]","[0, 100000]",0,0,976,3222
yolov8x_training,5619.266674,70,123.274,13370.3125,100,255,10001,"[0, 100000]","[0, 100000]",0,0,1025,4150
yolov8x_training,5620.309468,70,124.722,13370.3125,95,225,10001,"[0, 100000]","[0, 100000]",0,0,537,292
yolov8x_training,5621.352147,70,124.506,13370.3125,100,210,10001,"[0, 100000]","[0, 100000]",0,0,341,292
yolov8x_training,5622.394677,70,124.036,13370.3125,100,330,10001,"[0, 100000]","[0, 100000]",0,0,3955,8984
yolov8x_training,5623.594564,70,126.029,13370.3125,100,1950,10001,"[0, 100000]","[0, 100000]",0,0,8837,37353
yolov8x_training,5624.637518,70,128.676,13370.3125,100,2115,10001,"[0, 100000]","[0, 100000]",0,0,1074,8642
yolov8x_training,5625.680233,70,129.011,13370.3125,100,1185,10001,"[0, 100000]","[0, 100000]",0,0,1513,5419
yolov8x_training,5626.722976,70,128.437,13370.3125,100,2325,10001,"[0, 100000]","[0, 100000]",0,0,976,4248
yolov8x_training,5627.765821,71,126.913,13370.3125,100,210,10001,"[0, 100000]","[0, 100000]",0,0,1123,12451
yolov8x_training,5628.808736,71,123.600,13370.3125,98,210,10001,"[0, 100000]","[0, 100000]",0,0,1171,5615
yolov8x_training,5629.851502,70,122.814,13370.3125,100,210,10001,"[0, 100000]","[0, 100000]",0,0,1074,4980
yolov8x_training,5630.894245,70,124.711,13370.3125,98,210,10001,"[0, 100000]","[0, 100000]",0,0,1074,3515
yolov8x_training,5631.936970,71,124.074,13370.3125,98,225,10001,"[0, 100000]","[0, 100000]",0,0,830,3173
yolov8x_training,5632.979758,70,123.630,13370.3125,98,210,10001,"[0, 100000]","[0, 100000]",0,0,1025,3320
yolov8x_training,5634.022526,70,122.805,13370.3125,98,210,10001,"[0, 100000]","[0, 100000]",0,0,976,3613
yolov8x_training,5635.065303,71,123.399,13370.3125,98,225,10001,"[0, 100000]","[0, 100000]",0,0,878,1171
yolov8x_training,5636.108130,70,124.345,13370.3125,100,210,10001,"[0, 100000]","[0, 100000]",0,0,341,1039501
yolov8x_training,5637.151202,70,122.884,13370.3125,100,210,10001,"[0, 100000]","[0, 100000]",0,0,292,1032373
yolov8x_training,5638.193836,70,123.970,13370.3125,98,210,10001,"[0, 100000]","[0, 100000]",0,0,976,5957
yolov8x_training,5639.409757,70,123.294,13370.3125,99,210,10001,"[0, 100000]","[0, 100000]",0,0,1025,9179
yolov8x_training,5640.452533,69,122.844,13370.3125,100,210,10001,"[0, 100000]","[0, 100000]",0,0,1220,5322
yolov8x_training,5641.495311,69,123.644,13370.3125,100,210,10001,"[0, 100000]","[0, 100000]",0,0,927,3613
yolov8x_training,5642.538400,70,122.937,13370.3125,100,270,10001,"[0, 100000]","[0, 100000]",0,0,1171,5273
yolov8x_training,5643.581187,71,123.489,13370.3125,100,315,10001,"[0, 100000]","[0, 100000]",0,0,1123,4736
yolov8x_training,5644.623996,71,124.274,13370.3125,100,210,10001,"[0, 100000]","[0, 100000]",0,0,976,4248
yolov8x_training,5645.666763,71,122.814,13370.3125,100,330,10001,"[0, 100000]","[0, 100000]",0,0,976,3369
yolov8x_training,5646.709502,71,123.407,13370.3125,100,210,10001,"[0, 100000]","[0, 100000]",0,0,1025,4833
yolov8x_training,5647.752675,71,122.371,13370.3125,100,225,10001,"[0, 100000]","[0, 100000]",0,0,1074,2343
yolov8x_training,5648.795465,70,123.598,13370.3125,100,225,10001,"[0, 100000]","[0, 100000]",0,0,1025,3564
yolov8x_training,5649.838260,71,123.278,13370.3125,100,210,10001,"[0, 100000]","[0, 100000]",0,0,976,2734
yolov8x_training,5650.881060,70,123.773,13370.3125,100,210,10001,"[0, 100000]","[0, 100000]",0,0,830,292
yolov8x_training,5651.923787,70,123.575,13370.3125,100,210,10001,"[0, 100000]","[0, 100000]",0,0,341,292
yolov8x_training,5652.966298,71,122.068,13370.3125,100,255,10001,"[0, 100000]","[0, 100000]",0,0,3466,5908
yolov8x_training,5654.166620,71,121.049,13370.3125,100,210,10001,"[0, 100000]","[0, 100000]",0,0,8251,44531
yolov8x_training,5655.209381,71,122.671,13370.3125,100,210,10001,"[0, 100000]","[0, 100000]",0,0,1708,6347
yolov8x_training,5656.252259,71,125.701,13370.3125,100,1575,10001,"[0, 100000]","[0, 100000]",0,0,830,4052
yolov8x_training,5657.295089,70,126.592,13370.3125,100,2280,10001,"[0, 100000]","[0, 100000]",0,0,927,3955
yolov8x_training,5658.337940,70,126.023,13370.3125,100,1575,10001,"[0, 100000]","[0, 100000]",0,0,1123,5712
yolov8x_training,5659.380743,70,126.921,13370.3125,100,210,10001,"[0, 100000]","[0, 100000]",0,0,976,5517
yolov8x_training,5660.423512,70,127.478,13370.3125,100,210,10001,"[0, 100000]","[0, 100000]",0,0,1074,3515
yolov8x_training,5661.466327,70,123.044,13370.3125,100,210,10001,"[0, 100000]","[0, 100000]",0,0,878,3906
yolov8x_training,5662.509116,70,122.880,13370.3125,100,210,10001,"[0, 100000]","[0, 100000]",0,0,976,3808
yolov8x_training,5663.551932,70,123.912,13370.3125,100,210,10001,"[0, 100000]","[0, 100000]",0,0,927,3417
yolov8x_training,5664.594800,70,123.457,13370.3125,100,210,10001,"[0, 100000]","[0, 100000]",0,0,1074,3759
yolov8x_training,5665.637631,71,124.679,13370.3125,100,210,10001,"[0, 100000]","[0, 100000]",0,0,683,2343
yolov8x_training,5666.680409,70,123.942,13370.3125,100,225,10001,"[0, 100000]","[0, 100000]",0,0,341,292
yolov8x_training,5667.722984,70,124.330,13370.3125,100,210,10001,"[0, 100000]","[0, 100000]",0,0,1562,56005
yolov8x_training,5668.965536,70,122.286,13370.3125,100,210,10001,"[0, 100000]","[0, 100000]",0,0,8691,41601
yolov8x_training,5670.008241,70,122.838,13370.3125,100,210,10001,"[0, 100000]","[0, 100000]",0,0,5615,4248
yolov8x_training,5671.051004,70,123.878,13370.3125,100,210,10001,"[0, 100000]","[0, 100000]",0,0,927,9716
yolov8x_training,5672.093756,70,123.527,13370.3125,100,210,10001,"[0, 100000]","[0, 100000]",0,0,1171,4150
yolov8x_training,5673.136528,70,124.423,13370.3125,100,210,10001,"[0, 100000]","[0, 100000]",0,0,1025,3564
yolov8x_training,5674.179364,71,125.083,13370.3125,100,210,10001,"[0, 100000]","[0, 100000]",0,0,1123,6542
yolov8x_training,5675.222183,71,124.381,13370.3125,100,210,10001,"[0, 100000]","[0, 100000]",0,0,1123,5615
yolov8x_training,5676.264987,70,123.629,13370.3125,100,210,10001,"[0, 100000]","[0, 100000]",0,0,1025,4101
yolov8x_training,5677.307773,71,123.472,13370.3125,100,210,10001,"[0, 100000]","[0, 100000]",0,0,927,3857
yolov8x_training,5678.350562,70,122.596,13370.3125,100,210,10001,"[0, 100000]","[0, 100000]",0,0,1025,4785
yolov8x_training,5679.393623,71,122.608,13370.3125,100,210,10001,"[0, 100000]","[0, 100000]",0,0,781,3173
yolov8x_training,5680.436435,71,122.594,13370.3125,100,210,10001,"[0, 100000]","[0, 100000]",0,0,1025,4003
yolov8x_training,5681.479402,70,125.169,13370.3125,100,210,10001,"[0, 100000]","[0, 100000]",0,0,390,2685
yolov8x_training,5682.522178,70,124.626,13370.3125,100,210,10001,"[0, 100000]","[0, 100000]",0,0,341,341
yolov8x_training,5683.564748,70,125.468,13370.3125,58,210,10001,"[0, 100000]","[0, 100000]",0,0,2685,10595
yolov8x_training,5684.608100,70,124.429,13370.3125,88,210,10001,"[0, 100000]","[0, 100000]",0,0,3076,9521
yolov8x_training,5685.807410,69,124.546,13370.3125,76,210,10001,"[0, 100000]","[0, 100000]",0,0,6640,53125
yolov8x_training,5686.850229,69,125.479,13370.3125,56,210,10001,"[0, 100000]","[0, 100000]",0,0,1269,5957
yolov8x_training,5687.893016,71,124.745,13370.3125,37,210,10001,"[0, 100000]","[0, 100000]",0,0,1123,4736
yolov8x_training,5688.935861,72,125.811,13370.3125,29,375,10001,"[0, 100000]","[0, 100000]",0,0,1123,3613
yolov8x_training,5689.978698,71,124.415,13370.3125,37,210,10001,"[0, 100000]","[0, 100000]",0,0,1220,5175
yolov8x_training,5691.021465,71,124.066,13370.3125,15,255,10001,"[0, 100000]","[0, 100000]",0,0,1074,5419
yolov8x_training,5692.064259,71,125.219,13370.3125,56,225,10001,"[0, 100000]","[0, 100000]",0,0,1025,3759
yolov8x_training,5693.107007,71,123.277,13370.3125,68,210,10001,"[0, 100000]","[0, 100000]",0,0,1025,3466
yolov8x_training,5694.149718,71,124.036,13370.3125,61,225,10001,"[0, 100000]","[0, 100000]",0,0,1123,2832
yolov8x_training,5695.192466,70,124.865,13370.3125,91,210,10001,"[0, 100000]","[0, 100000]",0,0,1074,3515
yolov8x_training,5696.235207,70,124.736,13370.3125,100,210,10001,"[0, 100000]","[0, 100000]",0,0,634,3076
yolov8x_training,5697.277992,70,124.899,13370.3125,100,210,10001,"[0, 100000]","[0, 100000]",0,0,341,292
yolov8x_training,5698.320641,70,124.366,13370.3125,100,210,10001,"[0, 100000]","[0, 100000]",0,0,90429,16064
yolov8x_training,5699.363833,70,123.138,13370.3125,100,210,10001,"[0, 100000]","[0, 100000]",0,0,1074,61865
yolov8x_training,5700.587237,70,127.427,13370.3125,100,2385,10001,"[0, 100000]","[0, 100000]",0,0,8740,32714
yolov8x_training,5701.630011,70,127.137,13370.3125,100,2475,10001,"[0, 100000]","[0, 100000]",0,0,781,9960
yolov8x_training,5702.672793,70,127.756,13370.3125,100,2385,10001,"[0, 100000]","[0, 100000]",0,0,1025,5029
yolov8x_training,5703.715594,71,129.508,13370.3125,100,210,10001,"[0, 100000]","[0, 100000]",0,0,976,5468
yolov8x_training,5704.758527,71,124.035,13370.3125,100,210,10001,"[0, 100000]","[0, 100000]",0,0,1074,8105
yolov8x_training,5705.801323,71,127.346,13370.3125,97,210,10001,"[0, 100000]","[0, 100000]",0,0,1171,6005
yolov8x_training,5706.844119,70,123.125,13370.3125,98,210,10001,"[0, 100000]","[0, 100000]",0,0,1025,3808
yolov8x_training,5707.886862,70,123.596,13370.3125,99,225,10001,"[0, 100000]","[0, 100000]",0,0,976,4248
yolov8x_training,5708.929583,70,124.105,13370.3125,100,210,10001,"[0, 100000]","[0, 100000]",0,0,976,3710
yolov8x_training,5709.972408,70,123.638,13370.3125,98,225,10001,"[0, 100000]","[0, 100000]",0,0,830,2832
yolov8x_training,5711.015185,70,123.794,13370.3125,97,225,10001,"[0, 100000]","[0, 100000]",0,0,1074,3515
yolov8x_training,5712.057991,70,124.351,13370.3125,97,210,10001,"[0, 100000]","[0, 100000]",0,0,976,28759
yolov8x_training,5713.100900,70,124.028,13370.3125,97,210,10001,"[0, 100000]","[0, 100000]",0,0,390,341
yolov8x_training,5714.143598,70,123.010,13370.3125,98,210,10001,"[0, 100000]","[0, 100000]",0,0,341,292
yolov8x_training,5715.186140,69,124.952,13370.3125,97,210,10001,"[0, 100000]","[0, 100000]",0,0,1171,6054
yolov8x_training,5716.434133,69,123.728,13370.3125,98,210,10001,"[0, 100000]","[0, 100000]",0,0,8105,45556
yolov8x_training,5717.476927,69,123.285,13370.3125,97,210,10001,"[0, 100000]","[0, 100000]",0,0,976,9423
yolov8x_training,5718.519717,69,124.338,13370.3125,98,210,10001,"[0, 100000]","[0, 100000]",0,0,1416,5908
yolov8x_training,5719.562449,69,123.551,13370.3125,99,210,10001,"[0, 100000]","[0, 100000]",0,0,976,3955
yolov8x_training,5720.605464,69,123.010,13370.3125,100,210,10001,"[0, 100000]","[0, 100000]",0,0,976,5664
yolov8x_training,5721.648312,73,123.255,13370.3125,100,210,10001,"[0, 100000]","[0, 100000]",0,0,1074,5468
yolov8x_training,5722.691061,70,123.348,13370.3125,100,210,10001,"[0, 100000]","[0, 100000]",0,0,878,4394
yolov8x_training,5723.733879,70,122.237,13370.3125,100,210,10001,"[0, 100000]","[0, 100000]",0,0,927,4394
yolov8x_training,5724.776650,70,123.905,13370.3125,100,210,10001,"[0, 100000]","[0, 100000]",0,0,976,4345
yolov8x_training,5725.819474,70,124.118,13370.3125,100,330,10001,"[0, 100000]","[0, 100000]",0,0,1074,3955
yolov8x_training,5726.862368,70,122.921,13370.3125,100,210,10001,"[0, 100000]","[0, 100000]",0,0,1123,3613
yolov8x_training,5727.905243,70,123.475,13370.3125,100,210,10001,"[0, 100000]","[0, 100000]",0,0,927,24658
yolov8x_training,5728.948101,70,124.445,13370.3125,100,210,10001,"[0, 100000]","[0, 100000]",0,0,341,292
yolov8x_training,5729.990734,70,123.919,13370.3125,100,210,10001,"[0, 100000]","[0, 100000]",0,0,21191,664648
yolov8x_training,5731.185683,70,124.938,13370.3125,100,210,10001,"[0, 100000]","[0, 100000]",0,0,9375,38818
yolov8x_training,5732.228513,70,123.466,13370.3125,100,210,10001,"[0, 100000]","[0, 100000]",0,0,2783,3027
yolov8x_training,5733.271304,71,121.610,13370.3125,100,210,10001,"[0, 100000]","[0, 100000]",0,0,1171,5566
yolov8x_training,5734.314078,71,120.323,13370.3125,100,210,10001,"[0, 100000]","[0, 100000]",0,0,1025,4101
yolov8x_training,5735.357091,70,120.369,13370.3125,100,330,10001,"[0, 100000]","[0, 100000]",0,0,1171,7470
yolov8x_training,5736.400817,71,118.939,13370.3125,100,210,10001,"[0, 100000]","[0, 100000]",0,0,1025,11132
yolov8x_training,5737.443564,70,119.018,13370.3125,100,210,10001,"[0, 100000]","[0, 100000]",0,0,1220,5566
yolov8x_training,5738.486352,70,124.409,13370.3125,100,210,10001,"[0, 100000]","[0, 100000]",0,0,1171,3564
yolov8x_training,5739.529126,70,124.867,13370.3125,100,210,10001,"[0, 100000]","[0, 100000]",0,0,1025,4003
yolov8x_training,5740.571926,70,124.246,13370.3125,100,210,10001,"[0, 100000]","[0, 100000]",0,0,1074,4248
yolov8x_training,5741.614686,70,123.610,13370.3125,100,210,10001,"[0, 100000]","[0, 100000]",0,0,732,2685
yolov8x_training,5742.657459,71,124.989,13370.3125,100,225,10001,"[0, 100000]","[0, 100000]",0,0,976,1611
yolov8x_training,5743.700255,70,122.784,13370.3125,100,210,10001,"[0, 100000]","[0, 100000]",0,0,488,2685
yolov8x_training,5744.742996,70,123.339,13370.3125,100,210,10001,"[0, 100000]","[0, 100000]",0,0,439,2685
yolov8x_training,5745.785778,70,125.123,13370.3125,100,210,10001,"[0, 100000]","[0, 100000]",0,0,341,292
yolov8x_training,5746.828300,70,124.675,13370.3125,100,210,10001,"[0, 100000]","[0, 100000]",0,0,1074,5273
yolov8x_training,5748.077179,70,127.781,13370.3125,100,2505,10001,"[0, 100000]","[0, 100000]",0,0,9472,36230
yolov8x_training,5749.120147,70,127.173,13370.3125,100,1350,10001,"[0, 100000]","[0, 100000]",0,0,781,10742
yolov8x_training,5750.162893,71,127.637,13370.3125,100,210,10001,"[0, 100000]","[0, 100000]",0,0,1171,4101
yolov8x_training,5751.206191,71,126.325,13370.3125,100,210,10001,"[0, 100000]","[0, 100000]",0,0,1025,5371
yolov8x_training,5752.248937,71,125.105,13370.3125,100,210,10001,"[0, 100000]","[0, 100000]",0,0,1953,4248
yolov8x_training,5753.291745,70,124.539,13370.3125,100,210,10001,"[0, 100000]","[0, 100000]",0,0,1025,3906
yolov8x_training,5754.334575,71,124.203,13370.3125,100,210,10001,"[0, 100000]","[0, 100000]",0,0,1025,4492
yolov8x_training,5755.377329,70,123.097,13370.3125,100,210,10001,"[0, 100000]","[0, 100000]",0,0,976,3759
yolov8x_training,5756.420126,70,124.013,13370.3125,100,210,10001,"[0, 100000]","[0, 100000]",0,0,927,3564
yolov8x_training,5757.462926,71,125.472,13370.3125,100,210,10001,"[0, 100000]","[0, 100000]",0,0,830,683
yolov8x_training,5758.505766,71,125.041,13370.3125,93,210,10001,"[0, 100000]","[0, 100000]",0,0,341,292
yolov8x_training,5759.548342,70,125.557,13370.3125,78,210,10001,"[0, 100000]","[0, 100000]",0,0,341,1030224
yolov8x_training,5760.767366,71,125.050,13370.3125,57,210,10001,"[0, 100000]","[0, 100000]",0,0,8544,43164
yolov8x_training,5761.810210,71,124.959,13370.3125,37,210,10001,"[0, 100000]","[0, 100000]",0,0,781,9960
yolov8x_training,5762.852974,70,124.609,13370.3125,20,210,10001,"[0, 100000]","[0, 100000]",0,0,1953,6201
yolov8x_training,5763.895714,70,123.871,13370.3125,48,345,10001,"[0, 100000]","[0, 100000]",0,0,1074,7666
yolov8x_training,5764.938474,71,122.567,13370.3125,70,210,10001,"[0, 100000]","[0, 100000]",0,0,1025,4394
yolov8x_training,5765.981315,70,123.686,13370.3125,28,210,10001,"[0, 100000]","[0, 100000]",0,0,1123,5615
yolov8x_training,5767.024089,71,124.576,13370.3125,18,255,10001,"[0, 100000]","[0, 100000]",0,0,1171,5615
yolov8x_training,5768.066803,71,123.317,13370.3125,10,255,10001,"[0, 100000]","[0, 100000]",0,0,976,4589
yolov8x_training,5769.109601,70,123.077,13370.3125,20,210,10001,"[0, 100000]","[0, 100000]",0,0,1025,3515
yolov8x_training,5770.152353,70,124.799,13370.3125,55,210,10001,"[0, 100000]","[0, 100000]",0,0,732,3662
yolov8x_training,5771.195185,70,124.656,13370.3125,92,210,10001,"[0, 100000]","[0, 100000]",0,0,927,3710
yolov8x_training,5772.237976,70,124.363,13370.3125,89,210,10001,"[0, 100000]","[0, 100000]",0,0,1025,830
yolov8x_training,5773.280833,70,124.843,13370.3125,92,210,10001,"[0, 100000]","[0, 100000]",0,0,439,292
yolov8x_training,5774.323558,70,125.096,13370.3125,100,210,10001,"[0, 100000]","[0, 100000]",0,0,10986,12304
yolov8x_training,5775.366513,70,124.359,13370.3125,100,2235,10001,"[0, 100000]","[0, 100000]",0,0,3466,8105
yolov8x_training,5776.570982,70,125.366,13370.3125,100,480,10001,"[0, 100000]","[0, 100000]",0,0,9521,24804
yolov8x_training,5777.613750,70,127.097,13370.3125,100,1140,10001,"[0, 100000]","[0, 100000]",0,0,927,11523
yolov8x_training,5778.656739,70,127.480,13370.3125,100,210,10001,"[0, 100000]","[0, 100000]",0,0,1123,5273
yolov8x_training,5779.699687,71,126.838,13370.3125,100,210,10001,"[0, 100000]","[0, 100000]",0,0,1025,4931
yolov8x_training,5780.742408,71,126.461,13370.3125,100,2415,10001,"[0, 100000]","[0, 100000]",0,0,976,4931
yolov8x_training,5781.785326,71,126.075,13370.3125,100,210,10001,"[0, 100000]","[0, 100000]",0,0,1123,5712
yolov8x_training,5782.828925,70,126.791,13370.3125,100,210,10001,"[0, 100000]","[0, 100000]",0,0,1708,5322
yolov8x_training,5783.871765,71,127.775,13370.3125,100,210,10001,"[0, 100000]","[0, 100000]",0,0,1123,4931
yolov8x_training,5784.914561,70,127.577,13370.3125,100,210,10001,"[0, 100000]","[0, 100000]",0,0,976,4394
yolov8x_training,5785.957226,71,127.757,13370.3125,100,225,10001,"[0, 100000]","[0, 100000]",0,0,1123,4589
yolov8x_training,5787.000027,71,124.632,13370.3125,98,210,10001,"[0, 100000]","[0, 100000]",0,0,976,3759
yolov8x_training,5788.042546,71,124.515,13370.3125,97,210,10001,"[0, 100000]","[0, 100000]",0,0,634,2246
yolov8x_training,5789.085344,70,124.504,13370.3125,98,210,10001,"[0, 100000]","[0, 100000]",0,0,341,341
yolov8x_training,5790.127957,71,124.989,13370.3125,98,210,10001,"[0, 100000]","[0, 100000]",0,0,2783,5371
yolov8x_training,5791.170934,69,122.748,13370.3125,98,210,10001,"[0, 100000]","[0, 100000]",0,0,2587,5419
yolov8x_training,5792.379365,69,122.168,13370.3125,98,210,10001,"[0, 100000]","[0, 100000]",0,0,9619,37207
yolov8x_training,5793.422399,71,125.032,13370.3125,98,210,10001,"[0, 100000]","[0, 100000]",0,0,683,11523
yolov8x_training,5794.465265,71,121.776,13370.3125,100,210,10001,"[0, 100000]","[0, 100000]",0,0,1220,5371
yolov8x_training,5795.507980,69,122.612,13370.3125,100,210,10001,"[0, 100000]","[0, 100000]",0,0,927,3759
yolov8x_training,5796.550989,71,121.501,13370.3125,100,210,10001,"[0, 100000]","[0, 100000]",0,0,1074,3613
yolov8x_training,5797.593756,71,123.086,13370.3125,100,210,10001,"[0, 100000]","[0, 100000]",0,0,2001,4736
yolov8x_training,5798.636513,71,123.220,13370.3125,100,375,10001,"[0, 100000]","[0, 100000]",0,0,1171,4980
yolov8x_training,5799.679208,71,122.258,13370.3125,100,210,10001,"[0, 100000]","[0, 100000]",0,0,1123,3173
yolov8x_training,5800.721885,71,123.775,13370.3125,100,330,10001,"[0, 100000]","[0, 100000]",0,0,1074,4150
yolov8x_training,5801.764639,71,123.951,13370.3125,100,360,10001,"[0, 100000]","[0, 100000]",0,0,1025,4052
yolov8x_training,5802.807392,71,124.079,13370.3125,100,210,10001,"[0, 100000]","[0, 100000]",0,0,1074,3613
yolov8x_training,5803.850376,70,124.755,13370.3125,100,225,10001,"[0, 100000]","[0, 100000]",0,0,732,1464
yolov8x_training,5804.893193,71,123.927,13370.3125,100,210,10001,"[0, 100000]","[0, 100000]",0,0,341,292
yolov8x_training,5805.935762,71,123.980,13370.3125,100,210,10001,"[0, 100000]","[0, 100000]",0,0,341,1037646
yolov8x_training,5806.978654,70,124.551,13370.3125,100,210,10001,"[0, 100000]","[0, 100000]",0,0,4003,6054
yolov8x_training,5808.194605,71,123.877,13370.3125,100,210,10001,"[0, 100000]","[0, 100000]",0,0,830,9960
yolov8x_training,5809.237625,71,122.373,13370.3125,100,705,10001,"[0, 100000]","[0, 100000]",0,0,1904,5810
yolov8x_training,5810.280449,70,120.028,13370.3125,100,945,10001,"[0, 100000]","[0, 100000]",0,0,830,4052
yolov8x_training,5811.323221,70,120.641,13370.3125,100,1410,10001,"[0, 100000]","[0, 100000]",0,0,1123,4882
yolov8x_training,5812.366316,70,123.940,13370.3125,100,210,10001,"[0, 100000]","[0, 100000]",0,0,1708,7666
yolov8x_training,5813.409080,71,125.238,13370.3125,100,210,10001,"[0, 100000]","[0, 100000]",0,0,1220,3369
yolov8x_training,5814.451838,71,125.608,13370.3125,100,210,10001,"[0, 100000]","[0, 100000]",0,0,1025,4394
yolov8x_training,5815.494573,70,122.821,13370.3125,100,210,10001,"[0, 100000]","[0, 100000]",0,0,927,3808
yolov8x_training,5816.537287,71,124.515,13370.3125,100,210,10001,"[0, 100000]","[0, 100000]",0,0,1123,1855
yolov8x_training,5817.580086,70,124.349,13370.3125,100,210,10001,"[0, 100000]","[0, 100000]",0,0,1025,3417
yolov8x_training,5818.622859,71,124.281,13370.3125,100,210,10001,"[0, 100000]","[0, 100000]",0,0,4101,85791
yolov8x_training,5819.666040,70,122.390,13370.3125,100,210,10001,"[0, 100000]","[0, 100000]",0,0,439,292
yolov8x_training,5820.708717,70,122.940,13370.3125,100,210,10001,"[0, 100000]","[0, 100000]",0,0,341,1033056
yolov8x_training,5821.912861,70,124.421,13370.3125,100,210,10001,"[0, 100000]","[0, 100000]",0,0,9570,36816
yolov8x_training,5822.955723,70,124.716,13370.3125,100,210,10001,"[0, 100000]","[0, 100000]",0,0,8984,20458
yolov8x_training,5823.998560,70,123.698,13370.3125,100,210,10001,"[0, 100000]","[0, 100000]",0,0,1416,10400
yolov8x_training,5825.041258,70,124.270,13370.3125,100,210,10001,"[0, 100000]","[0, 100000]",0,0,1025,3710
yolov8x_training,5826.084096,69,124.162,13370.3125,100,210,10001,"[0, 100000]","[0, 100000]",0,0,1123,7470
yolov8x_training,5827.126824,69,123.663,13370.3125,100,210,10001,"[0, 100000]","[0, 100000]",0,0,1025,4345
yolov8x_training,5828.169612,71,122.040,13370.3125,100,210,10001,"[0, 100000]","[0, 100000]",0,0,1220,4443
yolov8x_training,5829.212299,71,123.965,13370.3125,100,435,10001,"[0, 100000]","[0, 100000]",0,0,1025,4199
yolov8x_training,5830.255048,70,124.369,13370.3125,77,255,10001,"[0, 100000]","[0, 100000]",0,0,1025,3759
yolov8x_training,5831.297919,71,123.756,13370.3125,64,210,10001,"[0, 100000]","[0, 100000]",0,0,1074,3027
yolov8x_training,5832.340777,71,123.260,13370.3125,56,255,10001,"[0, 100000]","[0, 100000]",0,0,1025,830
yolov8x_training,5833.383611,71,124.445,13370.3125,37,210,10001,"[0, 100000]","[0, 100000]",0,0,341,292
yolov8x_training,5834.426312,70,124.095,13370.3125,15,210,10001,"[0, 100000]","[0, 100000]",0,0,341,1040771
yolov8x_training,5835.469247,71,123.260,13370.3125,25,255,10001,"[0, 100000]","[0, 100000]",0,0,4248,6542
yolov8x_training,5836.685801,71,124.067,13370.3125,42,210,10001,"[0, 100000]","[0, 100000]",0,0,9423,36962
yolov8x_training,5837.728734,71,122.232,13370.3125,32,210,10001,"[0, 100000]","[0, 100000]",0,0,1708,2636
yolov8x_training,5838.771699,71,123.896,13370.3125,24,210,10001,"[0, 100000]","[0, 100000]",0,0,1464,2539
yolov8x_training,5839.814663,71,123.693,13370.3125,8,210,10001,"[0, 100000]","[0, 100000]",0,0,2099,5908
yolov8x_training,5840.857380,71,120.334,13370.3125,15,210,10001,"[0, 100000]","[0, 100000]",0,0,976,3955
yolov8x_training,5841.900182,70,124.852,13370.3125,60,210,10001,"[0, 100000]","[0, 100000]",0,0,1269,11865
yolov8x_training,5842.943014,71,126.191,13370.3125,41,210,10001,"[0, 100000]","[0, 100000]",0,0,878,4785
yolov8x_training,5843.985638,70,124.544,13370.3125,76,210,10001,"[0, 100000]","[0, 100000]",0,0,878,4003
yolov8x_training,5845.028501,70,123.593,13370.3125,100,210,10001,"[0, 100000]","[0, 100000]",0,0,1025,4443
yolov8x_training,5846.071273,70,123.403,13370.3125,100,210,10001,"[0, 100000]","[0, 100000]",0,0,781,3076
yolov8x_training,5847.114340,70,122.177,13370.3125,100,210,10001,"[0, 100000]","[0, 100000]",0,0,1074,2294
yolov8x_training,5848.157195,71,123.926,13370.3125,100,210,10001,"[0, 100000]","[0, 100000]",0,0,976,4003
yolov8x_training,5849.200048,70,123.887,13370.3125,100,225,10001,"[0, 100000]","[0, 100000]",0,0,585,2392
yolov8x_training,5850.242863,70,122.004,13370.3125,100,210,10001,"[0, 100000]","[0, 100000]",0,0,878,55078
yolov8x_training,5851.285787,70,123.942,13370.3125,100,210,10001,"[0, 100000]","[0, 100000]",0,0,341,292
yolov8x_training,5852.328565,70,122.379,13370.3125,100,210,10001,"[0, 100000]","[0, 100000]",0,0,341,1033447
yolov8x_training,5853.371284,71,123.030,13370.3125,100,1785,10001,"[0, 100000]","[0, 100000]",0,0,90380,16845
yolov8x_training,5854.584677,70,129.370,13370.3125,100,2010,10001,"[0, 100000]","[0, 100000]",0,0,8789,40332
yolov8x_training,5855.627621,70,128.482,13370.3125,100,2505,10001,"[0, 100000]","[0, 100000]",0,0,1171,9179
yolov8x_training,5856.670435,70,126.419,13370.3125,100,2505,10001,"[0, 100000]","[0, 100000]",0,0,1757,5664
yolov8x_training,5857.713250,70,122.563,13370.3125,100,210,10001,"[0, 100000]","[0, 100000]",0,0,1171,5371
yolov8x_training,5858.756170,70,123.043,13370.3125,100,2250,10001,"[0, 100000]","[0, 100000]",0,0,1074,3613
yolov8x_training,5859.799019,70,128.126,13370.3125,100,1935,10001,"[0, 100000]","[0, 100000]",0,0,1074,5517
yolov8x_training,5860.841786,70,129.937,13370.3125,100,2505,10001,"[0, 100000]","[0, 100000]",0,0,2001,4541
yolov8x_training,5861.884636,71,124.094,13370.3125,100,210,10001,"[0, 100000]","[0, 100000]",0,0,1220,4443
yolov8x_training,5862.927401,71,124.318,13370.3125,100,210,10001,"[0, 100000]","[0, 100000]",0,0,927,3320
yolov8x_training,5863.970303,71,123.403,13370.3125,100,210,10001,"[0, 100000]","[0, 100000]",0,0,1123,3564
yolov8x_training,5865.013139,71,123.362,13370.3125,100,210,10001,"[0, 100000]","[0, 100000]",0,0,1171,2343
yolov8x_training,5866.055936,70,124.032,13370.3125,98,210,10001,"[0, 100000]","[0, 100000]",0,0,927,3759
yolov8x_training,5867.098731,71,123.712,13370.3125,100,210,10001,"[0, 100000]","[0, 100000]",0,0,976,3564
yolov8x_training,5868.141580,70,124.569,13370.3125,98,225,10001,"[0, 100000]","[0, 100000]",0,0,1025,292
yolov8x_training,5869.184764,70,123.886,13370.3125,97,210,10001,"[0, 100000]","[0, 100000]",0,0,341,292
yolov8x_training,5870.227339,70,125.499,13370.3125,97,210,10001,"[0, 100000]","[0, 100000]",0,0,89697,11132
yolov8x_training,5871.270467,70,122.472,13370.3125,97,210,10001,"[0, 100000]","[0, 100000]",0,0,2539,4785
yolov8x_training,5872.496299,70,124.668,13370.3125,97,210,10001,"[0, 100000]","[0, 100000]",0,0,4492,3027
yolov8x_training,5873.539291,70,123.928,13370.3125,96,210,10001,"[0, 100000]","[0, 100000]",0,0,1513,5371
yolov8x_training,5874.582121,70,122.600,13370.3125,97,210,10001,"[0, 100000]","[0, 100000]",0,0,1171,5078
yolov8x_training,5875.624805,70,124.130,13370.3125,98,210,10001,"[0, 100000]","[0, 100000]",0,0,1025,3710
yolov8x_training,5876.667614,70,122.749,13370.3125,97,210,10001,"[0, 100000]","[0, 100000]",0,0,1025,3759
yolov8x_training,5877.710605,71,124.103,13370.3125,97,210,10001,"[0, 100000]","[0, 100000]",0,0,1171,12207
yolov8x_training,5878.753363,71,124.311,13370.3125,98,210,10001,"[0, 100000]","[0, 100000]",0,0,1220,4931
yolov8x_training,5879.796292,71,122.812,13370.3125,97,210,10001,"[0, 100000]","[0, 100000]",0,0,1220,5371
yolov8x_training,5880.839040,71,123.700,13370.3125,100,210,10001,"[0, 100000]","[0, 100000]",0,0,1025,4150
yolov8x_training,5881.881907,71,122.708,13370.3125,100,210,10001,"[0, 100000]","[0, 100000]",0,0,1123,2734
yolov8x_training,5882.925051,71,123.411,13370.3125,100,210,10001,"[0, 100000]","[0, 100000]",0,0,683,3417
yolov8x_training,5883.967838,70,122.784,13370.3125,100,210,10001,"[0, 100000]","[0, 100000]",0,0,1025,3955
yolov8x_training,5885.010623,71,123.198,13370.3125,100,210,10001,"[0, 100000]","[0, 100000]",0,0,1123,390
yolov8x_training,5886.053364,71,124.491,13370.3125,100,210,10001,"[0, 100000]","[0, 100000]",0,0,4248,93359
yolov8x_training,5887.096456,71,125.477,13370.3125,100,210,10001,"[0, 100000]","[0, 100000]",0,0,341,1028222
yolov8x_training,5888.139429,70,124.457,13370.3125,100,210,10001,"[0, 100000]","[0, 100000]",0,0,3466,6542
yolov8x_training,5889.358873,69,125.488,13370.3125,100,210,10001,"[0, 100000]","[0, 100000]",0,0,9521,37695
yolov8x_training,5890.401726,69,123.592,13370.3125,100,210,10001,"[0, 100000]","[0, 100000]",0,0,8447,36816
yolov8x_training,5891.444414,69,123.501,13370.3125,100,210,10001,"[0, 100000]","[0, 100000]",0,0,1757,2099
yolov8x_training,5892.486761,70,122.181,13370.3125,100,210,10001,"[0, 100000]","[0, 100000]",0,0,927,10888
yolov8x_training,5893.529295,70,121.510,13370.3125,100,210,10001,"[0, 100000]","[0, 100000]",0,0,1367,5468
yolov8x_training,5894.571489,70,122.508,13370.3125,100,210,10001,"[0, 100000]","[0, 100000]",0,0,1855,4638
yolov8x_training,5895.613744,70,123.477,13370.3125,97,210,10001,"[0, 100000]","[0, 100000]",0,0,1171,3955
yolov8x_training,5896.655861,70,123.508,13370.3125,98,210,10001,"[0, 100000]","[0, 100000]",0,0,1171,4296
yolov8x_training,5897.698102,71,123.311,13370.3125,100,210,10001,"[0, 100000]","[0, 100000]",0,0,2099,4589
yolov8x_training,5898.740706,71,122.402,13370.3125,98,210,10001,"[0, 100000]","[0, 100000]",0,0,1269,5029
yolov8x_training,5899.783447,71,123.498,13370.3125,100,210,10001,"[0, 100000]","[0, 100000]",0,0,1074,3222
yolov8x_training,5900.826278,70,122.483,13370.3125,98,210,10001,"[0, 100000]","[0, 100000]",0,0,1025,3759
yolov8x_training,5901.869051,71,122.656,13370.3125,100,210,10001,"[0, 100000]","[0, 100000]",0,0,1220,2539
yolov8x_training,5902.911852,71,123.848,13370.3125,100,210,10001,"[0, 100000]","[0, 100000]",0,0,1074,2929
yolov8x_training,5903.953988,70,123.373,13370.3125,100,210,10001,"[0, 100000]","[0, 100000]",0,0,1074,1855
yolov8x_training,5904.996226,71,126.252,13370.3125,100,210,10001,"[0, 100000]","[0, 100000]",0,0,390,341
yolov8x_training,5906.038353,70,125.008,13370.3125,100,210,10001,"[0, 100000]","[0, 100000]",0,0,439,1032666
yolov8x_training,5907.080966,71,125.352,13370.3125,100,210,10001,"[0, 100000]","[0, 100000]",0,0,1171,6103
yolov8x_training,5908.296007,71,123.391,13370.3125,100,210,10001,"[0, 100000]","[0, 100000]",0,0,1367,5126
yolov8x_training,5909.338742,71,123.404,13370.3125,100,210,10001,"[0, 100000]","[0, 100000]",0,0,1171,5322
yolov8x_training,5910.381525,71,122.381,13370.3125,100,240,10001,"[0, 100000]","[0, 100000]",0,0,1074,4199
yolov8x_training,5911.424217,71,122.210,13370.3125,100,210,10001,"[0, 100000]","[0, 100000]",0,0,976,5371
yolov8x_training,5912.467025,70,121.542,13370.3125,100,255,10001,"[0, 100000]","[0, 100000]",0,0,1171,7470
yolov8x_training,5913.509519,71,125.076,13370.3125,100,210,10001,"[0, 100000]","[0, 100000]",0,0,1220,5712
yolov8x_training,5914.551728,71,123.056,13370.3125,100,255,10001,"[0, 100000]","[0, 100000]",0,0,1074,5175
yolov8x_training,5915.593813,71,124.976,13370.3125,100,210,10001,"[0, 100000]","[0, 100000]",0,0,1171,4003
yolov8x_training,5916.635859,71,124.285,13370.3125,100,210,10001,"[0, 100000]","[0, 100000]",0,0,976,3076
yolov8x_training,5917.677943,70,124.475,13370.3125,100,210,10001,"[0, 100000]","[0, 100000]",0,0,1123,4248
yolov8x_training,5918.720073,70,122.507,13370.3125,100,210,10001,"[0, 100000]","[0, 100000]",0,0,1074,3808
yolov8x_training,5919.762182,70,124.583,13370.3125,100,210,10001,"[0, 100000]","[0, 100000]",0,0,976,341
yolov8x_training,5920.804450,70,123.744,13370.3125,100,210,10001,"[0, 100000]","[0, 100000]",0,0,488,292
yolov8x_training,5921.846995,70,123.361,13370.3125,100,225,10001,"[0, 100000]","[0, 100000]",0,0,89599,16503
yolov8x_training,5923.066423,70,128.508,13370.3125,100,2325,10001,"[0, 100000]","[0, 100000]",0,0,8544,42822
yolov8x_training,5924.109132,70,130.205,13370.3125,100,210,10001,"[0, 100000]","[0, 100000]",0,0,830,10937
yolov8x_training,5925.152042,70,124.941,13370.3125,100,210,10001,"[0, 100000]","[0, 100000]",0,0,976,4296
yolov8x_training,5926.194935,71,123.336,13370.3125,100,210,10001,"[0, 100000]","[0, 100000]",0,0,878,3808
yolov8x_training,5927.237754,71,123.144,13370.3125,100,210,10001,"[0, 100000]","[0, 100000]",0,0,1074,5566
yolov8x_training,5928.281084,71,123.809,13370.3125,100,210,10001,"[0, 100000]","[0, 100000]",0,0,1855,6884
yolov8x_training,5929.323831,70,123.864,13370.3125,100,210,10001,"[0, 100000]","[0, 100000]",0,0,1123,5664
yolov8x_training,5930.366674,71,123.411,13370.3125,100,210,10001,"[0, 100000]","[0, 100000]",0,0,1123,3613
yolov8x_training,5931.409455,71,123.528,13370.3125,100,210,10001,"[0, 100000]","[0, 100000]",0,0,1025,4101
yolov8x_training,5932.452256,70,124.834,13370.3125,100,225,10001,"[0, 100000]","[0, 100000]",0,0,1171,2197
yolov8x_training,5933.495061,71,124.856,13370.3125,100,210,10001,"[0, 100000]","[0, 100000]",0,0,1074,3222
yolov8x_training,5934.537810,71,123.652,13370.3125,100,210,10001,"[0, 100000]","[0, 100000]",0,0,976,2685
yolov8x_training,5935.580613,70,123.090,13370.3125,100,210,10001,"[0, 100000]","[0, 100000]",0,0,439,2539
yolov8x_training,5936.623386,70,122.591,13370.3125,100,225,10001,"[0, 100000]","[0, 100000]",0,0,878,390
yolov8x_training,5937.666143,70,123.274,13370.3125,100,210,10001,"[0, 100000]","[0, 100000]",0,0,14208,341
yolov8x_training,5938.708863,70,124.488,13370.3125,100,210,10001,"[0, 100000]","[0, 100000]",0,0,341,1032080
yolov8x_training,5939.751627,69,124.573,13370.3125,100,210,10001,"[0, 100000]","[0, 100000]",0,0,976,6689
yolov8x_training,5940.960984,69,122.917,13370.3125,100,210,10001,"[0, 100000]","[0, 100000]",0,0,1025,7324
yolov8x_training,5942.003742,69,123.510,13370.3125,100,210,10001,"[0, 100000]","[0, 100000]",0,0,1757,5273
yolov8x_training,5943.046758,73,123.156,13370.3125,100,210,10001,"[0, 100000]","[0, 100000]",0,0,976,4150
yolov8x_training,5944.089454,71,123.500,13370.3125,94,255,10001,"[0, 100000]","[0, 100000]",0,0,1123,12060
yolov8x_training,5945.132242,71,123.697,13370.3125,58,210,10001,"[0, 100000]","[0, 100000]",0,0,1220,4980
yolov8x_training,5946.174918,71,123.789,13370.3125,49,360,10001,"[0, 100000]","[0, 100000]",0,0,878,3662
yolov8x_training,5947.217715,71,123.350,13370.3125,25,315,10001,"[0, 100000]","[0, 100000]",0,0,1074,3564
yolov8x_training,5948.260416,71,123.028,13370.3125,21,330,10001,"[0, 100000]","[0, 100000]",0,0,927,3906
yolov8x_training,5949.303276,71,125.008,13370.3125,18,240,10001,"[0, 100000]","[0, 100000]",0,0,927,3759
yolov8x_training,5950.346098,70,122.858,13370.3125,12,210,10001,"[0, 100000]","[0, 100000]",0,0,927,3759
yolov8x_training,5951.388916,70,123.545,13370.3125,13,210,10001,"[0, 100000]","[0, 100000]",0,0,732,1367
yolov8x_training,5952.431699,71,123.239,13370.3125,19,210,10001,"[0, 100000]","[0, 100000]",0,0,878,488
yolov8x_training,5953.474522,70,125.230,13370.3125,19,210,10001,"[0, 100000]","[0, 100000]",0,0,341,341
yolov8x_training,5954.517117,70,124.051,13370.3125,21,210,10001,"[0, 100000]","[0, 100000]",0,0,3662,53466
yolov8x_training,5955.734023,70,121.864,13370.3125,85,210,10001,"[0, 100000]","[0, 100000]",0,0,8789,21923
yolov8x_training,5956.776782,71,120.497,13370.3125,64,225,10001,"[0, 100000]","[0, 100000]",0,0,1074,9033
yolov8x_training,5957.819704,71,122.269,13370.3125,33,210,10001,"[0, 100000]","[0, 100000]",0,0,1123,7226
yolov8x_training,5958.862431,71,122.384,13370.3125,59,210,10001,"[0, 100000]","[0, 100000]",0,0,878,4394
yolov8x_training,5959.905174,70,120.673,13370.3125,98,210,10001,"[0, 100000]","[0, 100000]",0,0,1367,10644
yolov8x_training,5960.948058,70,124.351,13370.3125,100,210,10001,"[0, 100000]","[0, 100000]",0,0,1220,5712
yolov8x_training,5961.990814,70,125.248,13370.3125,98,210,10001,"[0, 100000]","[0, 100000]",0,0,1171,2490
yolov8x_training,5963.033614,71,125.076,13370.3125,100,210,10001,"[0, 100000]","[0, 100000]",0,0,1074,4101
yolov8x_training,5964.076332,71,123.879,13370.3125,100,210,10001,"[0, 100000]","[0, 100000]",0,0,927,3808
yolov8x_training,5965.119222,71,124.108,13370.3125,100,210,10001,"[0, 100000]","[0, 100000]",0,0,683,1708
yolov8x_training,5966.161998,71,124.728,13370.3125,100,225,10001,"[0, 100000]","[0, 100000]",0,0,439,341
yolov8x_training,5967.204639,70,122.293,13370.3125,100,210,10001,"[0, 100000]","[0, 100000]",0,0,341,341
yolov8x_training,5968.247239,70,124.282,13370.3125,98,210,10001,"[0, 100000]","[0, 100000]",0,0,1513,5078
yolov8x_training,5969.289517,70,122.479,13370.3125,99,225,10001,"[0, 100000]","[0, 100000]",0,0,2685,5419
yolov8x_training,5970.332453,70,122.340,13370.3125,100,210,10001,"[0, 100000]","[0, 100000]",0,0,1416,60888
yolov8x_training,5971.543416,70,124.493,13370.3125,100,210,10001,"[0, 100000]","[0, 100000]",0,0,1806,7324
yolov8x_training,5972.586148,69,123.079,13370.3125,98,210,10001,"[0, 100000]","[0, 100000]",0,0,1074,5126
yolov8x_training,5973.628944,70,124.359,13370.3125,97,210,10001,"[0, 100000]","[0, 100000]",0,0,1025,3906
yolov8x_training,5974.672019,69,122.885,13370.3125,98,210,10001,"[0, 100000]","[0, 100000]",0,0,1025,3857
yolov8x_training,5975.714824,71,123.725,13370.3125,98,210,10001,"[0, 100000]","[0, 100000]",0,0,1123,5419
yolov8x_training,5976.757664,70,124.081,13370.3125,98,210,10001,"[0, 100000]","[0, 100000]",0,0,1904,4638
yolov8x_training,5977.800860,71,124.211,13370.3125,97,210,10001,"[0, 100000]","[0, 100000]",0,0,1123,4931
yolov8x_training,5978.843579,70,123.440,13370.3125,100,210,10001,"[0, 100000]","[0, 100000]",0,0,1171,5419
yolov8x_training,5979.886353,70,124.299,13370.3125,98,210,10001,"[0, 100000]","[0, 100000]",0,0,1025,3808
yolov8x_training,5980.929100,70,123.270,13370.3125,98,210,10001,"[0, 100000]","[0, 100000]",0,0,927,3466
yolov8x_training,5981.971900,71,123.503,13370.3125,100,225,10001,"[0, 100000]","[0, 100000]",0,0,1123,2197
yolov8x_training,5983.014707,71,122.860,13370.3125,98,210,10001,"[0, 100000]","[0, 100000]",0,0,976,3808
yolov8x_training,5984.057463,70,122.649,13370.3125,100,225,10001,"[0, 100000]","[0, 100000]",0,0,1074,2978
yolov8x_training,5985.100249,71,122.813,13370.3125,100,225,10001,"[0, 100000]","[0, 100000]",0,0,781,1464
yolov8x_training,5986.142990,71,122.415,13370.3125,100,210,10001,"[0, 100000]","[0, 100000]",0,0,683,1855
yolov8x_training,5987.185789,71,124.466,13370.3125,98,225,10001,"[0, 100000]","[0, 100000]",0,0,292,292
yolov8x_training,5988.228343,70,123.312,13370.3125,100,225,10001,"[0, 100000]","[0, 100000]",0,0,88671,14794
yolov8x_training,5989.271757,70,124.021,13370.3125,98,210,10001,"[0, 100000]","[0, 100000]",0,0,2636,62939
yolov8x_training,5990.487614,69,124.754,13370.3125,97,210,10001,"[0, 100000]","[0, 100000]",0,0,1757,2978
yolov8x_training,5991.530395,69,123.239,13370.3125,98,210,10001,"[0, 100000]","[0, 100000]",0,0,1220,4443
yolov8x_training,5992.573136,72,122.242,13370.3125,98,210,10001,"[0, 100000]","[0, 100000]",0,0,976,4248
yolov8x_training,5993.616022,69,122.782,13370.3125,97,210,10001,"[0, 100000]","[0, 100000]",0,0,830,4003
yolov8x_training,5994.658787,69,123.033,13370.3125,98,210,10001,"[0, 100000]","[0, 100000]",0,0,1025,4785
yolov8x_training,5995.701656,70,123.628,13370.3125,98,210,10001,"[0, 100000]","[0, 100000]",0,0,1074,7910
yolov8x_training,5996.744461,71,124.287,13370.3125,98,210,10001,"[0, 100000]","[0, 100000]",0,0,1171,5664
yolov8x_training,5997.787196,71,123.442,13370.3125,97,210,10001,"[0, 100000]","[0, 100000]",0,0,1123,3027
yolov8x_training,5998.829979,70,124.117,13370.3125,100,210,10001,"[0, 100000]","[0, 100000]",0,0,976,4687
yolov8x_training,5999.872985,71,124.056,13370.3125,100,210,10001,"[0, 100000]","[0, 100000]",0,0,927,3515
yolov8x_training,6000.915803,70,123.633,13370.3125,100,210,10001,"[0, 100000]","[0, 100000]",0,0,1074,2050
yolov8x_training,6001.958617,70,122.190,13370.3125,100,210,10001,"[0, 100000]","[0, 100000]",0,0,1074,781
yolov8x_training,6003.001436,71,124.466,13370.3125,100,210,10001,"[0, 100000]","[0, 100000]",0,0,927,292
yolov8x_training,6004.044062,70,125.475,13370.3125,100,210,10001,"[0, 100000]","[0, 100000]",0,0,88720,14941
yolov8x_training,6005.087392,70,125.255,13370.3125,100,210,10001,"[0, 100000]","[0, 100000]",0,0,1171,50781
yolov8x_training,6006.307133,71,124.509,13370.3125,100,210,10001,"[0, 100000]","[0, 100000]",0,0,1269,8154
yolov8x_training,6007.349898,70,124.612,13370.3125,100,210,10001,"[0, 100000]","[0, 100000]",0,0,1855,6152
yolov8x_training,6008.392692,71,123.063,13370.3125,100,240,10001,"[0, 100000]","[0, 100000]",0,0,976,3710
yolov8x_training,6009.435524,70,125.750,13370.3125,100,210,10001,"[0, 100000]","[0, 100000]",0,0,1074,3906
yolov8x_training,6010.478286,70,122.545,13370.3125,100,210,10001,"[0, 100000]","[0, 100000]",0,0,1074,3466
yolov8x_training,6011.521134,71,123.909,13370.3125,100,255,10001,"[0, 100000]","[0, 100000]",0,0,2197,4101
yolov8x_training,6012.564023,71,123.445,13370.3125,100,210,10001,"[0, 100000]","[0, 100000]",0,0,1269,2783
yolov8x_training,6013.606944,71,123.863,13370.3125,100,210,10001,"[0, 100000]","[0, 100000]",0,0,1025,3369
yolov8x_training,6014.649743,71,125.303,13370.3125,100,210,10001,"[0, 100000]","[0, 100000]",0,0,1025,2197
yolov8x_training,6015.692522,70,124.135,13370.3125,100,210,10001,"[0, 100000]","[0, 100000]",0,0,1074,3662
yolov8x_training,6016.735305,70,123.186,13370.3125,100,210,10001,"[0, 100000]","[0, 100000]",0,0,1025,3662
yolov8x_training,6017.778113,70,124.630,13370.3125,100,210,10001,"[0, 100000]","[0, 100000]",0,0,488,2587
yolov8x_training,6018.821127,70,121.009,13370.3125,100,210,10001,"[0, 100000]","[0, 100000]",0,0,927,1318
yolov8x_training,6019.864100,71,120.330,13370.3125,100,240,10001,"[0, 100000]","[0, 100000]",0,0,976,2929
yolov8x_training,6020.907022,71,124.303,13370.3125,100,210,10001,"[0, 100000]","[0, 100000]",0,0,927,49316
yolov8x_training,6021.949816,71,124.625,13370.3125,100,210,10001,"[0, 100000]","[0, 100000]",0,0,341,341
yolov8x_training,6022.992374,71,124.941,13370.3125,100,210,10001,"[0, 100000]","[0, 100000]",0,0,89404,19970
yolov8x_training,6024.181741,70,123.797,13370.3125,100,210,10001,"[0, 100000]","[0, 100000]",0,0,7910,46337
yolov8x_training,6025.224622,71,123.573,13370.3125,100,210,10001,"[0, 100000]","[0, 100000]",0,0,732,8740
yolov8x_training,6026.267451,71,121.661,13370.3125,100,960,10001,"[0, 100000]","[0, 100000]",0,0,2050,5468
yolov8x_training,6027.310372,70,119.686,13370.3125,100,1065,10001,"[0, 100000]","[0, 100000]",0,0,927,3710
yolov8x_training,6028.353344,71,122.172,13370.3125,100,1995,10001,"[0, 100000]","[0, 100000]",0,0,1123,12988
yolov8x_training,6029.396264,70,124.468,13370.3125,100,210,10001,"[0, 100000]","[0, 100000]",0,0,2099,3417
yolov8x_training,6030.439145,71,126.134,13370.3125,100,210,10001,"[0, 100000]","[0, 100000]",0,0,1025,3906
yolov8x_training,6031.481930,71,126.150,13370.3125,100,210,10001,"[0, 100000]","[0, 100000]",0,0,1123,4101
yolov8x_training,6032.524775,70,124.516,13370.3125,100,210,10001,"[0, 100000]","[0, 100000]",0,0,1025,2539
yolov8x_training,6033.567680,71,123.160,13370.3125,100,210,10001,"[0, 100000]","[0, 100000]",0,0,830,2832
yolov8x_training,6034.610529,70,124.666,13370.3125,100,210,10001,"[0, 100000]","[0, 100000]",0,0,1074,3710
yolov8x_training,6035.653552,70,120.811,13370.3125,100,210,10001,"[0, 100000]","[0, 100000]",0,0,1025,3417
yolov8x_training,6036.696582,70,121.549,13370.3125,100,210,10001,"[0, 100000]","[0, 100000]",0,0,927,3808
yolov8x_training,6037.739532,70,119.814,13370.3125,100,390,10001,"[0, 100000]","[0, 100000]",0,0,976,3857
yolov8x_training,6038.782329,70,124.394,13370.3125,100,255,10001,"[0, 100000]","[0, 100000]",0,0,1074,3662
yolov8x_training,6039.825220,70,122.521,13370.3125,100,240,10001,"[0, 100000]","[0, 100000]",0,0,1025,3710
yolov8x_training,6040.868048,70,123.563,13370.3125,100,255,10001,"[0, 100000]","[0, 100000]",0,0,634,2441
yolov8x_training,6041.910904,70,123.389,13370.3125,100,210,10001,"[0, 100000]","[0, 100000]",0,0,537,2490
yolov8x_training,6042.953753,70,122.433,13370.3125,100,210,10001,"[0, 100000]","[0, 100000]",0,0,781,292
yolov8x_training,6043.996474,70,124.925,13370.3125,100,210,10001,"[0, 100000]","[0, 100000]",0,0,341,292
yolov8x_training,6045.039023,70,124.654,13370.3125,100,210,10001,"[0, 100000]","[0, 100000]",0,0,390,1040771
yolov8x_training,6046.081786,70,123.859,13370.3125,100,210,10001,"[0, 100000]","[0, 100000]",0,0,2197,5468
yolov8x_training,6047.300504,71,124.252,13370.3125,100,210,10001,"[0, 100000]","[0, 100000]",0,0,9716,35937
yolov8x_training,6048.343461,70,125.191,13370.3125,100,210,10001,"[0, 100000]","[0, 100000]",0,0,1171,7373
yolov8x_training,6049.386242,71,123.849,13370.3125,100,210,10001,"[0, 100000]","[0, 100000]",0,0,1513,2636
yolov8x_training,6050.429023,71,124.816,13370.3125,100,210,10001,"[0, 100000]","[0, 100000]",0,0,1123,4003
yolov8x_training,6051.471847,71,126.000,13370.3125,100,255,10001,"[0, 100000]","[0, 100000]",0,0,1025,5371
yolov8x_training,6052.514699,70,122.502,13370.3125,100,210,10001,"[0, 100000]","[0, 100000]",0,0,2148,4150
yolov8x_training,6053.557514,70,122.003,13370.3125,100,210,10001,"[0, 100000]","[0, 100000]",0,0,1953,3662
yolov8x_training,6054.600359,71,124.401,13370.3125,100,255,10001,"[0, 100000]","[0, 100000]",0,0,1318,4150
yolov8x_training,6055.643147,70,122.515,13370.3125,100,255,10001,"[0, 100000]","[0, 100000]",0,0,927,4199
yolov8x_training,6056.685862,70,122.793,13370.3125,100,255,10001,"[0, 100000]","[0, 100000]",0,0,976,4345
yolov8x_training,6057.728584,70,123.225,13370.3125,100,210,10001,"[0, 100000]","[0, 100000]",0,0,1025,3369
yolov8x_training,6058.771304,70,122.868,13370.3125,100,225,10001,"[0, 100000]","[0, 100000]",0,0,830,3173
yolov8x_training,6059.814189,70,123.057,13370.3125,100,225,10001,"[0, 100000]","[0, 100000]",0,0,1025,3906
yolov8x_training,6060.857029,70,122.990,13370.3125,100,210,10001,"[0, 100000]","[0, 100000]",0,0,1074,1904
yolov8x_training,6061.899829,70,122.929,13370.3125,100,210,10001,"[0, 100000]","[0, 100000]",0,0,781,1464
yolov8x_training,6062.942641,70,123.338,13370.3125,100,210,10001,"[0, 100000]","[0, 100000]",0,0,341,341
yolov8x_training,6063.985270,70,124.591,13370.3125,100,210,10001,"[0, 100000]","[0, 100000]",0,0,2539,5419
yolov8x_training,6065.028255,71,123.344,13370.3125,100,210,10001,"[0, 100000]","[0, 100000]",0,0,2099,4882
yolov8x_training,6066.232756,71,123.015,13370.3125,100,210,10001,"[0, 100000]","[0, 100000]",0,0,8056,47216
yolov8x_training,6067.275505,71,125.822,13370.3125,100,210,10001,"[0, 100000]","[0, 100000]",0,0,976,11132
yolov8x_training,6068.318372,70,123.287,13370.3125,100,390,10001,"[0, 100000]","[0, 100000]",0,0,1123,4785
yolov8x_training,6069.361143,70,122.398,13370.3125,100,210,10001,"[0, 100000]","[0, 100000]",0,0,878,3466
yolov8x_training,6070.404054,71,121.887,13370.3125,100,210,10001,"[0, 100000]","[0, 100000]",0,0,1660,7861
yolov8x_training,6071.446823,70,122.060,13370.3125,100,210,10001,"[0, 100000]","[0, 100000]",0,0,1269,2343
yolov8x_training,6072.489685,71,125.021,13370.3125,100,210,10001,"[0, 100000]","[0, 100000]",0,0,1123,4052
yolov8x_training,6073.532429,70,123.269,13370.3125,100,225,10001,"[0, 100000]","[0, 100000]",0,0,878,3613
yolov8x_training,6074.575204,70,122.762,13370.3125,100,210,10001,"[0, 100000]","[0, 100000]",0,0,1074,4980
yolov8x_training,6075.617977,71,123.985,13370.3125,100,210,10001,"[0, 100000]","[0, 100000]",0,0,1025,3662
yolov8x_training,6076.660920,70,122.886,13370.3125,100,210,10001,"[0, 100000]","[0, 100000]",0,0,1025,4199
yolov8x_training,6077.703738,70,123.799,13370.3125,100,210,10001,"[0, 100000]","[0, 100000]",0,0,439,2734
yolov8x_training,6078.746529,70,122.927,13370.3125,100,210,10001,"[0, 100000]","[0, 100000]",0,0,585,292
yolov8x_training,6079.789266,70,124.435,13370.3125,100,210,10001,"[0, 100000]","[0, 100000]",0,0,89550,20947
yolov8x_training,6080.832705,70,124.568,13370.3125,100,210,10001,"[0, 100000]","[0, 100000]",0,0,1074,6591
yolov8x_training,6082.040155,70,123.713,13370.3125,100,210,10001,"[0, 100000]","[0, 100000]",0,0,6201,4687
yolov8x_training,6083.083021,70,124.628,13370.3125,100,210,10001,"[0, 100000]","[0, 100000]",0,0,1416,7568
yolov8x_training,6084.125772,70,122.533,13370.3125,100,210,10001,"[0, 100000]","[0, 100000]",0,0,927,4394
yolov8x_training,6085.168755,70,123.387,13370.3125,100,210,10001,"[0, 100000]","[0, 100000]",0,0,976,4736
yolov8x_training,6086.211509,70,123.010,13370.3125,100,210,10001,"[0, 100000]","[0, 100000]",0,0,1757,5175
yolov8x_training,6087.254299,71,123.596,13370.3125,97,210,10001,"[0, 100000]","[0, 100000]",0,0,1074,3808
yolov8x_training,6088.297054,70,123.525,13370.3125,58,285,10001,"[0, 100000]","[0, 100000]",0,0,976,4541
yolov8x_training,6089.339981,70,124.362,13370.3125,48,210,10001,"[0, 100000]","[0, 100000]",0,0,1025,2246
yolov8x_training,6090.382800,70,123.310,13370.3125,30,270,10001,"[0, 100000]","[0, 100000]",0,0,1025,3515
yolov8x_training,6091.425718,71,123.792,13370.3125,17,210,10001,"[0, 100000]","[0, 100000]",0,0,1025,1318
yolov8x_training,6092.468498,70,123.487,13370.3125,19,210,10001,"[0, 100000]","[0, 100000]",0,0,10595,35205
yolov8x_training,6093.511399,71,124.142,13370.3125,14,210,10001,"[0, 100000]","[0, 100000]",0,0,341,341
yolov8x_training,6094.553982,71,123.549,13370.3125,20,210,10001,"[0, 100000]","[0, 100000]",0,0,3417,6542
yolov8x_training,6095.765954,71,121.563,13370.3125,73,210,10001,"[0, 100000]","[0, 100000]",0,0,6933,5371
yolov8x_training,6096.808749,71,122.023,13370.3125,63,210,10001,"[0, 100000]","[0, 100000]",0,0,5126,3662
yolov8x_training,6097.851823,71,120.597,13370.3125,64,210,10001,"[0, 100000]","[0, 100000]",0,0,1855,4736
yolov8x_training,6098.894568,71,121.021,13370.3125,57,210,10001,"[0, 100000]","[0, 100000]",0,0,1123,4199
yolov8x_training,6099.937353,71,120.752,13370.3125,99,210,10001,"[0, 100000]","[0, 100000]",0,0,1074,4785
yolov8x_training,6100.980225,70,120.299,13370.3125,100,210,10001,"[0, 100000]","[0, 100000]",0,0,1025,6640
yolov8x_training,6102.023071,71,125.006,13370.3125,98,210,10001,"[0, 100000]","[0, 100000]",0,0,1074,5566
yolov8x_training,6103.065892,70,123.211,13370.3125,100,210,10001,"[0, 100000]","[0, 100000]",0,0,927,4248
yolov8x_training,6104.108715,70,122.710,13370.3125,100,210,10001,"[0, 100000]","[0, 100000]",0,0,1074,3466
yolov8x_training,6105.151471,70,123.045,13370.3125,100,255,10001,"[0, 100000]","[0, 100000]",0,0,976,3710
yolov8x_training,6106.194315,70,123.968,13370.3125,100,210,10001,"[0, 100000]","[0, 100000]",0,0,1025,3222
yolov8x_training,6107.237326,70,125.249,13370.3125,100,210,10001,"[0, 100000]","[0, 100000]",0,0,878,3808
yolov8x_training,6108.280242,70,124.485,13370.3125,100,210,10001,"[0, 100000]","[0, 100000]",0,0,830,18261
yolov8x_training,6109.323190,70,124.862,13370.3125,100,210,10001,"[0, 100000]","[0, 100000]",0,0,341,292
yolov8x_training,6110.365799,70,122.710,13370.3125,100,210,10001,"[0, 100000]","[0, 100000]",0,0,341,1039794
yolov8x_training,6111.560372,70,129.714,13370.3125,100,1560,10001,"[0, 100000]","[0, 100000]",0,0,9667,37353
yolov8x_training,6112.603279,70,125.572,13370.3125,97,210,10001,"[0, 100000]","[0, 100000]",0,0,1318,3369
yolov8x_training,6113.646112,70,122.820,13370.3125,98,210,10001,"[0, 100000]","[0, 100000]",0,0,1855,5371
yolov8x_training,6114.688877,70,122.452,13370.3125,100,210,10001,"[0, 100000]","[0, 100000]",0,0,1220,5517
yolov8x_training,6115.731675,71,122.732,13370.3125,100,210,10001,"[0, 100000]","[0, 100000]",0,0,878,4394
yolov8x_training,6116.774397,71,123.781,13370.3125,100,210,10001,"[0, 100000]","[0, 100000]",0,0,878,4003
yolov8x_training,6117.817210,71,124.101,13370.3125,97,210,10001,"[0, 100000]","[0, 100000]",0,0,2246,3906
yolov8x_training,6118.860113,70,124.124,13370.3125,98,210,10001,"[0, 100000]","[0, 100000]",0,0,1074,5322
yolov8x_training,6119.902874,71,124.928,13370.3125,97,210,10001,"[0, 100000]","[0, 100000]",0,0,1025,3466
yolov8x_training,6120.945682,70,122.927,13370.3125,97,225,10001,"[0, 100000]","[0, 100000]",0,0,976,3710
yolov8x_training,6121.988375,70,123.252,13370.3125,97,225,10001,"[0, 100000]","[0, 100000]",0,0,1220,2050
yolov8x_training,6123.031174,71,124.320,13370.3125,97,210,10001,"[0, 100000]","[0, 100000]",0,0,1025,3417
yolov8x_training,6124.073935,71,123.070,13370.3125,97,210,10001,"[0, 100000]","[0, 100000]",0,0,1025,3027
yolov8x_training,6125.116711,70,124.305,13370.3125,98,210,10001,"[0, 100000]","[0, 100000]",0,0,683,1513
yolov8x_training,6126.159460,70,122.635,13370.3125,97,225,10001,"[0, 100000]","[0, 100000]",0,0,927,341
yolov8x_training,6127.202156,70,124.770,13370.3125,98,210,10001,"[0, 100000]","[0, 100000]",0,0,88867,13281
yolov8x_training,6128.245364,70,122.828,13370.3125,98,210,10001,"[0, 100000]","[0, 100000]",0,0,89843,15234
yolov8x_training,6129.458257,70,123.808,13370.3125,98,210,10001,"[0, 100000]","[0, 100000]",0,0,9326,38720
yolov8x_training,6130.501097,70,125.241,13370.3125,98,210,10001,"[0, 100000]","[0, 100000]",0,0,2294,7812
yolov8x_training,6131.543869,70,122.626,13370.3125,98,210,10001,"[0, 100000]","[0, 100000]",0,0,1660,3955
yolov8x_training,6132.586619,70,123.231,13370.3125,98,210,10001,"[0, 100000]","[0, 100000]",0,0,1416,5859
yolov8x_training,6133.629360,70,122.925,13370.3125,97,210,10001,"[0, 100000]","[0, 100000]",0,0,1171,3955
yolov8x_training,6134.672161,70,122.734,13370.3125,98,210,10001,"[0, 100000]","[0, 100000]",0,0,927,4492
yolov8x_training,6135.714918,70,124.205,13370.3125,97,210,10001,"[0, 100000]","[0, 100000]",0,0,1464,10351
yolov8x_training,6136.758368,70,122.397,13370.3125,98,210,10001,"[0, 100000]","[0, 100000]",0,0,1464,6835
yolov8x_training,6137.801127,70,122.460,13370.3125,97,210,10001,"[0, 100000]","[0, 100000]",0,0,1123,5029
yolov8x_training,6138.843921,70,123.139,13370.3125,98,210,10001,"[0, 100000]","[0, 100000]",0,0,1220,5908
yolov8x_training,6139.886739,71,124.240,13370.3125,97,210,10001,"[0, 100000]","[0, 100000]",0,0,1025,4199
yolov8x_training,6140.929470,71,123.112,13370.3125,98,210,10001,"[0, 100000]","[0, 100000]",0,0,976,3417
yolov8x_training,6141.972308,71,123.066,13370.3125,98,210,10001,"[0, 100000]","[0, 100000]",0,0,1123,1904
yolov8x_training,6143.015098,70,122.783,13370.3125,98,210,10001,"[0, 100000]","[0, 100000]",0,0,830,3857
yolov8x_training,6144.057913,71,123.938,13370.3125,98,210,10001,"[0, 100000]","[0, 100000]",0,0,1025,3906
yolov8x_training,6145.100692,70,122.757,13370.3125,97,210,10001,"[0, 100000]","[0, 100000]",0,0,1025,3515
yolov8x_training,6146.143529,70,123.831,13370.3125,97,225,10001,"[0, 100000]","[0, 100000]",0,0,878,732
yolov8x_training,6147.186357,71,124.629,13370.3125,97,210,10001,"[0, 100000]","[0, 100000]",0,0,341,1034375
yolov8x_training,6148.229266,70,124.777,13370.3125,100,210,10001,"[0, 100000]","[0, 100000]",0,0,1806,5224
yolov8x_training,6149.449068,70,123.642,13370.3125,98,210,10001,"[0, 100000]","[0, 100000]",0,0,5517,4345
yolov8x_training,6150.491829,70,124.616,13370.3125,100,210,10001,"[0, 100000]","[0, 100000]",0,0,1367,10400
yolov8x_training,6151.534610,69,123.404,13370.3125,100,210,10001,"[0, 100000]","[0, 100000]",0,0,1025,3369
yolov8x_training,6152.577392,69,124.140,13370.3125,100,210,10001,"[0, 100000]","[0, 100000]",0,0,927,4785
yolov8x_training,6153.620275,69,123.823,13370.3125,100,405,10001,"[0, 100000]","[0, 100000]",0,0,976,5468
yolov8x_training,6154.663026,71,123.281,13370.3125,100,330,10001,"[0, 100000]","[0, 100000]",0,0,1171,5517
yolov8x_training,6155.705777,70,122.339,13370.3125,100,210,10001,"[0, 100000]","[0, 100000]",0,0,1220,2832
yolov8x_training,6156.748627,70,122.777,13370.3125,100,210,10001,"[0, 100000]","[0, 100000]",0,0,1123,2490
yolov8x_training,6157.791443,70,124.401,13370.3125,100,330,10001,"[0, 100000]","[0, 100000]",0,0,1074,3906
yolov8x_training,6158.834302,71,124.375,13370.3125,100,210,10001,"[0, 100000]","[0, 100000]",0,0,1025,4003
yolov8x_training,6159.877134,70,123.447,13370.3125,100,255,10001,"[0, 100000]","[0, 100000]",0,0,1074,537
yolov8x_training,6160.919913,70,122.566,13370.3125,100,210,10001,"[0, 100000]","[0, 100000]",0,0,976,1367
yolov8x_training,6161.962735,70,123.569,13370.3125,100,210,10001,"[0, 100000]","[0, 100000]",0,0,878,537
yolov8x_training,6163.005647,71,124.894,13370.3125,100,210,10001,"[0, 100000]","[0, 100000]",0,0,341,292
yolov8x_training,6164.048349,71,123.928,13370.3125,100,210,10001,"[0, 100000]","[0, 100000]",0,0,341,1030322
yolov8x_training,6165.091298,70,122.907,13370.3125,100,210,10001,"[0, 100000]","[0, 100000]",0,0,2490,6835
yolov8x_training,6166.134525,70,123.477,13370.3125,100,210,10001,"[0, 100000]","[0, 100000]",0,0,1025,5810
yolov8x_training,6167.347161,71,124.265,13370.3125,100,210,10001,"[0, 100000]","[0, 100000]",0,0,1220,7812
yolov8x_training,6168.390032,72,125.713,13370.3125,100,210,10001,"[0, 100000]","[0, 100000]",0,0,1220,5175
yolov8x_training,6169.432856,71,123.550,13370.3125,100,345,10001,"[0, 100000]","[0, 100000]",0,0,1757,6201
yolov8x_training,6170.475659,72,122.748,13370.3125,100,315,10001,"[0, 100000]","[0, 100000]",0,0,1171,4003
yolov8x_training,6171.518515,73,125.108,13370.3125,100,255,10001,"[0, 100000]","[0, 100000]",0,0,1025,5419
yolov8x_training,6172.561515,72,122.913,13370.3125,100,210,10001,"[0, 100000]","[0, 100000]",0,0,1025,6298
yolov8x_training,6173.604517,72,123.033,13370.3125,100,210,10001,"[0, 100000]","[0, 100000]",0,0,1757,5175
yolov8x_training,6174.647366,72,123.771,13370.3125,100,225,10001,"[0, 100000]","[0, 100000]",0,0,1171,3027
yolov8x_training,6175.690145,71,121.902,13370.3125,100,210,10001,"[0, 100000]","[0, 100000]",0,0,1025,4101
yolov8x_training,6176.732929,70,122.487,13370.3125,100,360,10001,"[0, 100000]","[0, 100000]",0,0,927,3906
yolov8x_training,6177.775636,70,122.144,13370.3125,100,255,10001,"[0, 100000]","[0, 100000]",0,0,1025,4248
yolov8x_training,6178.818437,71,123.409,13370.3125,100,210,10001,"[0, 100000]","[0, 100000]",0,0,830,3222
yolov8x_training,6179.861237,71,124.505,13370.3125,100,255,10001,"[0, 100000]","[0, 100000]",0,0,1074,2294
yolov8x_training,6180.903738,71,119.744,13370.3125,100,225,10001,"[0, 100000]","[0, 100000]",0,0,1074,3125
yolov8x_training,6181.946192,70,122.263,13370.3125,100,210,10001,"[0, 100000]","[0, 100000]",0,0,976,3662
yolov8x_training,6182.988630,71,123.562,13370.3125,100,210,10001,"[0, 100000]","[0, 100000]",0,0,1318,634
yolov8x_training,6184.030843,70,125.868,13370.3125,100,210,10001,"[0, 100000]","[0, 100000]",0,0,14648,390
yolov8x_training,6185.073500,70,125.744,13370.3125,100,210,10001,"[0, 100000]","[0, 100000]",0,0,90771,11230
yolov8x_training,6186.116181,70,124.289,13370.3125,100,210,10001,"[0, 100000]","[0, 100000]",0,0,1318,56201
yolov8x_training,6187.331503,71,125.120,13370.3125,100,210,10001,"[0, 100000]","[0, 100000]",0,0,1513,3320
yolov8x_training,6188.374290,70,125.305,13370.3125,100,210,10001,"[0, 100000]","[0, 100000]",0,0,1611,2343
yolov8x_training,6189.417139,70,123.066,13370.3125,100,210,10001,"[0, 100000]","[0, 100000]",0,0,1220,5419
yolov8x_training,6190.459868,71,124.885,13370.3125,100,255,10001,"[0, 100000]","[0, 100000]",0,0,927,4003
yolov8x_training,6191.502684,70,123.684,13370.3125,100,210,10001,"[0, 100000]","[0, 100000]",0,0,1074,5175
yolov8x_training,6192.545624,70,123.548,13370.3125,100,210,10001,"[0, 100000]","[0, 100000]",0,0,1074,6542
yolov8x_training,6193.588042,70,124.408,13370.3125,100,270,10001,"[0, 100000]","[0, 100000]",0,0,1318,4638
yolov8x_training,6194.630160,70,123.151,13370.3125,100,240,10001,"[0, 100000]","[0, 100000]",0,0,1171,3906
yolov8x_training,6195.672287,70,123.123,13370.3125,100,270,10001,"[0, 100000]","[0, 100000]",0,0,1171,4199
yolov8x_training,6196.714363,71,123.316,13370.3125,100,210,10001,"[0, 100000]","[0, 100000]",0,0,1123,3466
yolov8x_training,6197.756471,71,123.578,13370.3125,100,255,10001,"[0, 100000]","[0, 100000]",0,0,927,3417
yolov8x_training,6198.798599,70,125.031,13370.3125,100,225,10001,"[0, 100000]","[0, 100000]",0,0,1171,2343
yolov8x_training,6199.840768,71,124.588,13370.3125,100,210,10001,"[0, 100000]","[0, 100000]",0,0,4345,93603
yolov8x_training,6200.883147,70,123.755,13370.3125,100,210,10001,"[0, 100000]","[0, 100000]",0,0,537,341
yolov8x_training,6201.925396,70,125.197,13370.3125,100,315,10001,"[0, 100000]","[0, 100000]",0,0,89062,16503
yolov8x_training,6203.127850,70,124.980,13370.3125,100,1845,10001,"[0, 100000]","[0, 100000]",0,0,9619,37695
yolov8x_training,6204.170429,70,125.253,13370.3125,100,1050,10001,"[0, 100000]","[0, 100000]",0,0,9228,22265
yolov8x_training,6205.212891,71,125.994,13370.3125,100,1755,10001,"[0, 100000]","[0, 100000]",0,0,1855,9570
yolov8x_training,6206.255642,70,126.659,13370.3125,100,2250,10001,"[0, 100000]","[0, 100000]",0,0,1123,3320
yolov8x_training,6207.298676,70,127.090,13370.3125,100,210,10001,"[0, 100000]","[0, 100000]",0,0,1025,5273
yolov8x_training,6208.341575,70,128.944,13370.3125,100,210,10001,"[0, 100000]","[0, 100000]",0,0,1123,11083
yolov8x_training,6209.383790,71,128.662,13370.3125,100,210,10001,"[0, 100000]","[0, 100000]",0,0,1269,5566
yolov8x_training,6210.425952,70,124.384,13370.3125,100,225,10001,"[0, 100000]","[0, 100000]",0,0,1074,4150
yolov8x_training,6211.468036,70,124.918,13370.3125,100,210,10001,"[0, 100000]","[0, 100000]",0,0,1220,2539
yolov8x_training,6212.509614,71,123.621,13370.3125,100,210,10001,"[0, 100000]","[0, 100000]",0,0,878,3076
yolov8x_training,6213.552760,70,124.349,13370.3125,100,210,10001,"[0, 100000]","[0, 100000]",0,0,1025,3759
yolov8x_training,6214.595689,70,123.922,13370.3125,100,210,10001,"[0, 100000]","[0, 100000]",0,0,537,2246
yolov8x_training,6215.638639,70,123.200,13370.3125,100,210,10001,"[0, 100000]","[0, 100000]",0,0,4101,86035
yolov8x_training,6216.681809,70,123.153,13370.3125,100,225,10001,"[0, 100000]","[0, 100000]",0,0,488,292
yolov8x_training,6217.724607,69,124.181,13370.3125,100,210,10001,"[0, 100000]","[0, 100000]",0,0,88916,19775
yolov8x_training,6218.949328,69,125.284,13370.3125,100,210,10001,"[0, 100000]","[0, 100000]",0,0,9814,36083
yolov8x_training,6219.992252,69,123.236,13370.3125,100,210,10001,"[0, 100000]","[0, 100000]",0,0,9960,9082
yolov8x_training,6221.035174,69,124.424,13370.3125,100,210,10001,"[0, 100000]","[0, 100000]",0,0,2050,6347
yolov8x_training,6222.078034,70,122.589,13370.3125,100,210,10001,"[0, 100000]","[0, 100000]",0,0,1269,4345
yolov8x_training,6223.121252,71,124.343,13370.3125,100,210,10001,"[0, 100000]","[0, 100000]",0,0,1123,5712
yolov8x_training,6224.164233,72,122.048,13370.3125,100,210,10001,"[0, 100000]","[0, 100000]",0,0,1074,6250
yolov8x_training,6225.207252,71,123.785,13370.3125,100,210,10001,"[0, 100000]","[0, 100000]",0,0,1171,5517
yolov8x_training,6226.249998,70,122.098,13370.3125,100,210,10001,"[0, 100000]","[0, 100000]",0,0,1074,3906
yolov8x_training,6227.292751,70,122.518,13370.3125,100,210,10001,"[0, 100000]","[0, 100000]",0,0,1025,4541
yolov8x_training,6228.335551,71,122.244,13370.3125,100,210,10001,"[0, 100000]","[0, 100000]",0,0,976,3613
yolov8x_training,6229.378388,70,122.942,13370.3125,100,210,10001,"[0, 100000]","[0, 100000]",0,0,976,3857
yolov8x_training,6230.421206,70,123.308,13370.3125,100,210,10001,"[0, 100000]","[0, 100000]",0,0,1074,2441
yolov8x_training,6231.463985,70,122.726,13370.3125,100,210,10001,"[0, 100000]","[0, 100000]",0,0,1074,3369
yolov8x_training,6232.506853,70,122.935,13370.3125,100,210,10001,"[0, 100000]","[0, 100000]",0,0,683,2001
yolov8x_training,6233.549716,71,124.893,13370.3125,100,210,10001,"[0, 100000]","[0, 100000]",0,0,341,292
yolov8x_training,6234.592305,70,124.632,13370.3125,85,210,10001,"[0, 100000]","[0, 100000]",0,0,341,1041308
yolov8x_training,6235.635344,70,125.825,13370.3125,68,210,10001,"[0, 100000]","[0, 100000]",0,0,2050,63671
yolov8x_training,6236.859701,70,124.957,13370.3125,48,210,10001,"[0, 100000]","[0, 100000]",0,0,9179,28710
yolov8x_training,6237.902475,71,123.246,13370.3125,63,210,10001,"[0, 100000]","[0, 100000]",0,0,1123,10009
yolov8x_training,6238.945240,71,123.592,13370.3125,73,210,10001,"[0, 100000]","[0, 100000]",0,0,1806,8300
yolov8x_training,6239.988057,72,123.463,13370.3125,100,210,10001,"[0, 100000]","[0, 100000]",0,0,1562,3271
yolov8x_training,6241.030788,71,124.199,13370.3125,100,210,10001,"[0, 100000]","[0, 100000]",0,0,1123,4248
yolov8x_training,6242.074039,71,123.529,13370.3125,97,345,10001,"[0, 100000]","[0, 100000]",0,0,1025,5078
yolov8x_training,6243.116834,71,122.221,13370.3125,72,330,10001,"[0, 100000]","[0, 100000]",0,0,1220,11962
yolov8x_training,6244.159752,72,122.982,13370.3125,100,210,10001,"[0, 100000]","[0, 100000]",0,0,927,4931
yolov8x_training,6245.202448,71,123.402,13370.3125,79,360,10001,"[0, 100000]","[0, 100000]",0,0,1025,3466
yolov8x_training,6246.245220,70,123.970,13370.3125,52,210,10001,"[0, 100000]","[0, 100000]",0,0,1025,3906
yolov8x_training,6247.287918,70,124.659,13370.3125,18,255,10001,"[0, 100000]","[0, 100000]",0,0,927,3857
yolov8x_training,6248.330779,70,123.211,13370.3125,24,210,10001,"[0, 100000]","[0, 100000]",0,0,976,3173
yolov8x_training,6249.373625,70,123.497,13370.3125,18,210,10001,"[0, 100000]","[0, 100000]",0,0,878,2978
yolov8x_training,6250.416592,70,125.141,13370.3125,17,210,10001,"[0, 100000]","[0, 100000]",0,0,439,292
yolov8x_training,6251.459283,70,123.879,13370.3125,33,210,10001,"[0, 100000]","[0, 100000]",0,0,341,292
yolov8x_training,6252.501950,70,123.735,13370.3125,29,210,10001,"[0, 100000]","[0, 100000]",0,0,90234,24414
yolov8x_training,6253.708720,70,122.001,13370.3125,93,705,10001,"[0, 100000]","[0, 100000]",0,0,1220,8935
yolov8x_training,6254.751664,70,122.939,13370.3125,100,2115,10001,"[0, 100000]","[0, 100000]",0,0,1123,5664
yolov8x_training,6255.794418,70,124.097,13370.3125,100,2280,10001,"[0, 100000]","[0, 100000]",0,0,1074,4589
yolov8x_training,6256.837707,70,123.337,13370.3125,100,2130,10001,"[0, 100000]","[0, 100000]",0,0,927,4150
yolov8x_training,6257.880517,70,121.463,13370.3125,100,1815,10001,"[0, 100000]","[0, 100000]",0,0,1123,5126
yolov8x_training,6258.923455,70,123.810,13370.3125,100,210,10001,"[0, 100000]","[0, 100000]",0,0,1416,9228
yolov8x_training,6259.967333,70,120.442,13370.3125,100,210,10001,"[0, 100000]","[0, 100000]",0,0,1757,6201
yolov8x_training,6261.010149,70,118.833,13370.3125,95,210,10001,"[0, 100000]","[0, 100000]",0,0,1318,2343
yolov8x_training,6262.052968,71,124.520,13370.3125,100,210,10001,"[0, 100000]","[0, 100000]",0,0,976,4150
yolov8x_training,6263.095809,70,124.398,13370.3125,100,210,10001,"[0, 100000]","[0, 100000]",0,0,976,3662
yolov8x_training,6264.138620,71,122.575,13370.3125,100,210,10001,"[0, 100000]","[0, 100000]",0,0,1025,3125
yolov8x_training,6265.181434,70,123.171,13370.3125,100,225,10001,"[0, 100000]","[0, 100000]",0,0,976,3662
yolov8x_training,6266.224278,70,123.594,13370.3125,100,225,10001,"[0, 100000]","[0, 100000]",0,0,878,1367
yolov8x_training,6267.267074,70,123.971,13370.3125,100,210,10001,"[0, 100000]","[0, 100000]",0,0,5126,93603
yolov8x_training,6268.310588,70,124.272,13370.3125,100,210,10001,"[0, 100000]","[0, 100000]",0,0,390,292
yolov8x_training,6269.353301,70,123.885,13370.3125,100,210,10001,"[0, 100000]","[0, 100000]",0,0,341,1033691
yolov8x_training,6270.569831,70,127.586,13370.3125,100,210,10001,"[0, 100000]","[0, 100000]",0,0,9228,39892
yolov8x_training,6271.612617,70,128.780,13370.3125,100,210,10001,"[0, 100000]","[0, 100000]",0,0,781,8789
yolov8x_training,6272.655408,70,130.124,13370.3125,98,210,10001,"[0, 100000]","[0, 100000]",0,0,1220,3857
yolov8x_training,6273.698631,70,124.063,13370.3125,98,210,10001,"[0, 100000]","[0, 100000]",0,0,1025,3808
yolov8x_training,6274.741426,70,124.336,13370.3125,98,210,10001,"[0, 100000]","[0, 100000]",0,0,1123,12500
yolov8x_training,6275.784339,71,124.625,13370.3125,97,210,10001,"[0, 100000]","[0, 100000]",0,0,878,4980
yolov8x_training,6276.827106,71,123.055,13370.3125,97,210,10001,"[0, 100000]","[0, 100000]",0,0,1269,3857
yolov8x_training,6277.869878,71,122.755,13370.3125,98,210,10001,"[0, 100000]","[0, 100000]",0,0,976,4101
yolov8x_training,6278.912636,71,123.143,13370.3125,98,210,10001,"[0, 100000]","[0, 100000]",0,0,1025,4199
yolov8x_training,6279.955456,70,124.699,13370.3125,100,210,10001,"[0, 100000]","[0, 100000]",0,0,1025,3955
yolov8x_training,6280.998236,71,124.434,13370.3125,97,210,10001,"[0, 100000]","[0, 100000]",0,0,1123,3466
yolov8x_training,6282.040995,70,123.546,13370.3125,98,210,10001,"[0, 100000]","[0, 100000]",0,0,1074,3564
yolov8x_training,6283.083747,70,123.040,13370.3125,97,210,10001,"[0, 100000]","[0, 100000]",0,0,927,1367
yolov8x_training,6284.126557,70,124.019,13370.3125,97,210,10001,"[0, 100000]","[0, 100000]",0,0,976,878
yolov8x_training,6285.169415,70,122.951,13370.3125,99,210,10001,"[0, 100000]","[0, 100000]",0,0,341,292
yolov8x_training,6286.212193,71,122.913,13370.3125,100,225,10001,"[0, 100000]","[0, 100000]",0,0,341,292
yolov8x_training,6287.254511,70,124.475,13370.3125,98,210,10001,"[0, 100000]","[0, 100000]",0,0,2539,5078
yolov8x_training,6288.297520,70,122.780,13370.3125,100,210,10001,"[0, 100000]","[0, 100000]",0,0,1318,57373
yolov8x_training,6289.502797,70,123.760,13370.3125,96,210,10001,"[0, 100000]","[0, 100000]",0,0,9326,28320
yolov8x_training,6290.545565,70,123.839,13370.3125,98,210,10001,"[0, 100000]","[0, 100000]",0,0,1757,2685
yolov8x_training,6291.588312,70,124.759,13370.3125,97,210,10001,"[0, 100000]","[0, 100000]",0,0,1416,6347
yolov8x_training,6292.631068,70,122.541,13370.3125,100,210,10001,"[0, 100000]","[0, 100000]",0,0,1171,5468
yolov8x_training,6293.673803,70,124.687,13370.3125,98,210,10001,"[0, 100000]","[0, 100000]",0,0,976,4882
yolov8x_training,6294.717026,69,124.166,13370.3125,98,210,10001,"[0, 100000]","[0, 100000]",0,0,1416,10009
yolov8x_training,6295.759959,70,124.440,13370.3125,97,210,10001,"[0, 100000]","[0, 100000]",0,0,1123,4931
yolov8x_training,6296.802708,70,124.428,13370.3125,98,210,10001,"[0, 100000]","[0, 100000]",0,0,976,4199
yolov8x_training,6297.845598,71,122.498,13370.3125,98,210,10001,"[0, 100000]","[0, 100000]",0,0,1074,3808
yolov8x_training,6298.888426,70,123.571,13370.3125,100,210,10001,"[0, 100000]","[0, 100000]",0,0,878,3173
yolov8x_training,6299.931387,70,122.715,13370.3125,98,210,10001,"[0, 100000]","[0, 100000]",0,0,830,3710
yolov8x_training,6300.974266,70,122.302,13370.3125,97,210,10001,"[0, 100000]","[0, 100000]",0,0,927,4199
yolov8x_training,6302.017048,70,123.599,13370.3125,97,210,10001,"[0, 100000]","[0, 100000]",0,0,1074,1318
yolov8x_training,6303.059898,70,122.687,13370.3125,96,210,10001,"[0, 100000]","[0, 100000]",0,0,683,15722
yolov8x_training,6304.102810,71,122.908,13370.3125,98,210,10001,"[0, 100000]","[0, 100000]",0,0,634,2294
yolov8x_training,6305.145711,70,124.859,13370.3125,97,210,10001,"[0, 100000]","[0, 100000]",0,0,341,292
yolov8x_training,6306.188568,70,122.996,13370.3125,96,210,10001,"[0, 100000]","[0, 100000]",0,0,40478,358740
yolov8x_training,6307.231881,69,124.999,13370.3125,97,210,10001,"[0, 100000]","[0, 100000]",0,0,2294,64697
yolov8x_training,6308.455570,69,124.078,13370.3125,97,210,10001,"[0, 100000]","[0, 100000]",0,0,10351,9228
yolov8x_training,6309.498400,69,122.619,13370.3125,98,210,10001,"[0, 100000]","[0, 100000]",0,0,1074,9179
yolov8x_training,6310.541231,71,122.826,13370.3125,97,210,10001,"[0, 100000]","[0, 100000]",0,0,1123,4345
yolov8x_training,6311.584190,69,124.629,13370.3125,98,210,10001,"[0, 100000]","[0, 100000]",0,0,830,3857
yolov8x_training,6312.627002,71,124.061,13370.3125,100,315,10001,"[0, 100000]","[0, 100000]",0,0,1123,10595
yolov8x_training,6313.669920,73,123.403,13370.3125,100,375,10001,"[0, 100000]","[0, 100000]",0,0,1074,4931
yolov8x_training,6314.712712,73,124.060,13370.3125,100,255,10001,"[0, 100000]","[0, 100000]",0,0,1025,4101
yolov8x_training,6315.755625,70,122.992,13370.3125,100,360,10001,"[0, 100000]","[0, 100000]",0,0,976,3369
yolov8x_training,6316.798443,70,122.536,13370.3125,100,300,10001,"[0, 100000]","[0, 100000]",0,0,1025,4101
yolov8x_training,6317.841357,70,124.682,13370.3125,100,210,10001,"[0, 100000]","[0, 100000]",0,0,830,3076
yolov8x_training,6318.884244,70,123.912,13370.3125,100,210,10001,"[0, 100000]","[0, 100000]",0,0,1123,3808
yolov8x_training,6319.927254,70,122.669,13370.3125,100,210,10001,"[0, 100000]","[0, 100000]",0,0,976,3808
yolov8x_training,6320.970140,70,124.646,13370.3125,100,210,10001,"[0, 100000]","[0, 100000]",0,0,439,292
yolov8x_training,6322.012970,70,125.476,13370.3125,100,210,10001,"[0, 100000]","[0, 100000]",0,0,341,1041699
yolov8x_training,6323.056176,70,121.257,13370.3125,100,210,10001,"[0, 100000]","[0, 100000]",0,0,292,1041406
yolov8x_training,6324.099300,70,122.422,13370.3125,100,210,10001,"[0, 100000]","[0, 100000]",0,0,2441,4296
yolov8x_training,6325.323680,71,122.117,13370.3125,100,210,10001,"[0, 100000]","[0, 100000]",0,0,4882,2978
yolov8x_training,6326.366970,71,121.581,13370.3125,100,210,10001,"[0, 100000]","[0, 100000]",0,0,878,10546
yolov8x_training,6327.409762,70,122.142,13370.3125,100,210,10001,"[0, 100000]","[0, 100000]",0,0,1611,5224
yolov8x_training,6328.452665,70,121.015,13370.3125,100,300,10001,"[0, 100000]","[0, 100000]",0,0,1318,5615
yolov8x_training,6329.495444,71,121.799,13370.3125,100,255,10001,"[0, 100000]","[0, 100000]",0,0,1025,4931
yolov8x_training,6330.538735,71,122.686,13370.3125,100,225,10001,"[0, 100000]","[0, 100000]",0,0,976,5419
yolov8x_training,6331.581520,71,123.493,13370.3125,100,210,10001,"[0, 100000]","[0, 100000]",0,0,1171,10449
yolov8x_training,6332.624309,71,123.578,13370.3125,100,210,10001,"[0, 100000]","[0, 100000]",0,0,1171,5566
yolov8x_training,6333.667109,70,123.193,13370.3125,100,225,10001,"[0, 100000]","[0, 100000]",0,0,1123,3320
yolov8x_training,6334.709816,70,122.602,13370.3125,100,210,10001,"[0, 100000]","[0, 100000]",0,0,1025,3808
yolov8x_training,6335.752732,71,122.542,13370.3125,100,420,10001,"[0, 100000]","[0, 100000]",0,0,976,3662
yolov8x_training,6336.795419,70,121.948,13370.3125,100,330,10001,"[0, 100000]","[0, 100000]",0,0,976,4589
yolov8x_training,6337.838194,70,121.539,13370.3125,100,210,10001,"[0, 100000]","[0, 100000]",0,0,927,4541
yolov8x_training,6338.880971,70,121.949,13370.3125,100,240,10001,"[0, 100000]","[0, 100000]",0,0,1074,2832
yolov8x_training,6339.923759,70,123.383,13370.3125,100,210,10001,"[0, 100000]","[0, 100000]",0,0,781,3076
yolov8x_training,6340.966618,70,123.897,13370.3125,100,210,10001,"[0, 100000]","[0, 100000]",0,0,1171,1953
yolov8x_training,6342.009469,70,123.420,13370.3125,100,210,10001,"[0, 100000]","[0, 100000]",0,0,927,781
yolov8x_training,6343.052361,70,124.326,13370.3125,100,210,10001,"[0, 100000]","[0, 100000]",0,0,9082,292
yolov8x_training,6344.095067,70,123.233,13370.3125,100,210,10001,"[0, 100000]","[0, 100000]",0,0,292,341
yolov8x_training,6345.137913,70,125.339,13370.3125,100,210,10001,"[0, 100000]","[0, 100000]",0,0,3027,4296
yolov8x_training,6346.378468,71,124.744,13370.3125,100,210,10001,"[0, 100000]","[0, 100000]",0,0,8251,44775
yolov8x_training,6347.421596,69,122.764,13370.3125,100,210,10001,"[0, 100000]","[0, 100000]",0,0,878,9130
yolov8x_training,6348.464520,73,125.693,13370.3125,100,345,10001,"[0, 100000]","[0, 100000]",0,0,1806,5517
yolov8x_training,6349.507280,71,125.038,13370.3125,100,375,10001,"[0, 100000]","[0, 100000]",0,0,1220,4199
yolov8x_training,6350.550171,72,123.380,13370.3125,100,345,10001,"[0, 100000]","[0, 100000]",0,0,976,3417
yolov8x_training,6351.593000,69,124.116,13370.3125,100,375,10001,"[0, 100000]","[0, 100000]",0,0,1025,4345
yolov8x_training,6352.635888,72,123.674,13370.3125,100,330,10001,"[0, 100000]","[0, 100000]",0,0,1318,11230
yolov8x_training,6353.678756,72,124.259,13370.3125,100,210,10001,"[0, 100000]","[0, 100000]",0,0,1074,5810
yolov8x_training,6354.721630,71,123.963,13370.3125,100,255,10001,"[0, 100000]","[0, 100000]",0,0,1025,3955
yolov8x_training,6355.764522,70,124.616,13370.3125,100,255,10001,"[0, 100000]","[0, 100000]",0,0,1025,3857
yolov8x_training,6356.807260,70,123.180,13370.3125,100,240,10001,"[0, 100000]","[0, 100000]",0,0,878,3173
yolov8x_training,6357.850093,70,124.792,13370.3125,100,210,10001,"[0, 100000]","[0, 100000]",0,0,1123,3710
yolov8x_training,6358.892886,70,122.725,13370.3125,100,240,10001,"[0, 100000]","[0, 100000]",0,0,830,1513
yolov8x_training,6359.935370,70,125.769,13370.3125,100,255,10001,"[0, 100000]","[0, 100000]",0,0,341,292
yolov8x_training,6360.977963,70,124.145,13370.3125,100,210,10001,"[0, 100000]","[0, 100000]",0,0,89794,11767
yolov8x_training,6362.021202,70,123.448,13370.3125,100,210,10001,"[0, 100000]","[0, 100000]",0,0,1220,4150
yolov8x_training,6363.063929,71,119.389,13370.3125,100,210,10001,"[0, 100000]","[0, 100000]",0,0,1171,4150
yolov8x_training,6364.285370,70,119.761,13370.3125,100,210,10001,"[0, 100000]","[0, 100000]",0,0,9619,36914
yolov8x_training,6365.328252,71,120.623,13370.3125,100,210,10001,"[0, 100000]","[0, 100000]",0,0,878,10644
yolov8x_training,6366.371176,70,122.837,13370.3125,100,210,10001,"[0, 100000]","[0, 100000]",0,0,1074,3515
yolov8x_training,6367.413985,70,120.117,13370.3125,100,210,10001,"[0, 100000]","[0, 100000]",0,0,976,3906
yolov8x_training,6368.456881,71,121.111,13370.3125,100,210,10001,"[0, 100000]","[0, 100000]",0,0,1220,11376
yolov8x_training,6369.499675,70,125.606,13370.3125,100,210,10001,"[0, 100000]","[0, 100000]",0,0,1220,5078
yolov8x_training,6370.542502,70,122.995,13370.3125,100,210,10001,"[0, 100000]","[0, 100000]",0,0,1318,3613
yolov8x_training,6371.585335,70,123.702,13370.3125,100,210,10001,"[0, 100000]","[0, 100000]",0,0,976,2978
yolov8x_training,6372.628144,70,125.149,13370.3125,100,210,10001,"[0, 100000]","[0, 100000]",0,0,1025,4541
yolov8x_training,6373.670913,70,124.537,13370.3125,100,210,10001,"[0, 100000]","[0, 100000]",0,0,927,3955
yolov8x_training,6374.713743,70,124.923,13370.3125,100,210,10001,"[0, 100000]","[0, 100000]",0,0,537,2685
yolov8x_training,6375.756665,70,124.362,13370.3125,100,210,10001,"[0, 100000]","[0, 100000]",0,0,439,341
yolov8x_training,6376.799372,70,123.141,13370.3125,100,210,10001,"[0, 100000]","[0, 100000]",0,0,341,292
yolov8x_training,6377.842013,70,122.322,13370.3125,100,210,10001,"[0, 100000]","[0, 100000]",0,0,341,1037597
yolov8x_training,6378.884716,70,124.511,13370.3125,100,210,10001,"[0, 100000]","[0, 100000]",0,0,1123,4882
yolov8x_training,6380.102539,70,124.296,13370.3125,100,210,10001,"[0, 100000]","[0, 100000]",0,0,8886,41357
yolov8x_training,6381.145367,70,125.557,13370.3125,100,210,10001,"[0, 100000]","[0, 100000]",0,0,1855,5810
yolov8x_training,6382.188159,70,124.285,13370.3125,100,210,10001,"[0, 100000]","[0, 100000]",0,0,1025,3955
yolov8x_training,6383.231052,71,123.286,13370.3125,100,210,10001,"[0, 100000]","[0, 100000]",0,0,1123,3222
yolov8x_training,6384.274099,70,122.563,13370.3125,100,210,10001,"[0, 100000]","[0, 100000]",0,0,976,4394
yolov8x_training,6385.316863,71,124.699,13370.3125,100,210,10001,"[0, 100000]","[0, 100000]",0,0,1220,10400
yolov8x_training,6386.359737,70,124.360,13370.3125,100,210,10001,"[0, 100000]","[0, 100000]",0,0,1025,6005
yolov8x_training,6387.402596,70,124.303,13370.3125,100,210,10001,"[0, 100000]","[0, 100000]",0,0,927,4052
yolov8x_training,6388.445513,71,125.104,13370.3125,100,210,10001,"[0, 100000]","[0, 100000]",0,0,1025,4931
yolov8x_training,6389.488303,71,123.449,13370.3125,100,210,10001,"[0, 100000]","[0, 100000]",0,0,878,3662
yolov8x_training,6390.531211,70,124.775,13370.3125,100,210,10001,"[0, 100000]","[0, 100000]",0,0,1025,2294
yolov8x_training,6391.574115,70,124.063,13370.3125,100,210,10001,"[0, 100000]","[0, 100000]",0,0,683,1464
yolov8x_training,6392.616947,70,125.236,13370.3125,100,210,10001,"[0, 100000]","[0, 100000]",0,0,341,292
yolov8x_training,6393.659525,70,124.608,13370.3125,91,210,10001,"[0, 100000]","[0, 100000]",0,0,341,1040966
yolov8x_training,6394.702735,70,125.724,13370.3125,83,210,10001,"[0, 100000]","[0, 100000]",0,0,1123,4833
yolov8x_training,6395.933620,69,123.241,13370.3125,88,225,10001,"[0, 100000]","[0, 100000]",0,0,9570,37353
yolov8x_training,6396.976530,69,123.783,13370.3125,97,210,10001,"[0, 100000]","[0, 100000]",0,0,1708,2978
yolov8x_training,6398.019665,69,124.929,13370.3125,77,210,10001,"[0, 100000]","[0, 100000]",0,0,830,11523
yolov8x_training,6399.062519,70,123.946,13370.3125,100,210,10001,"[0, 100000]","[0, 100000]",0,0,1171,4541
yolov8x_training,6400.105283,69,123.655,13370.3125,97,210,10001,"[0, 100000]","[0, 100000]",0,0,976,3613
yolov8x_training,6401.148132,69,122.903,13370.3125,78,225,10001,"[0, 100000]","[0, 100000]",0,0,1123,4980
yolov8x_training,6402.190973,69,123.398,13370.3125,96,210,10001,"[0, 100000]","[0, 100000]",0,0,2343,3955
yolov8x_training,6403.233821,70,124.788,13370.3125,99,210,10001,"[0, 100000]","[0, 100000]",0,0,1025,5126
yolov8x_training,6404.276593,70,122.642,13370.3125,71,210,10001,"[0, 100000]","[0, 100000]",0,0,1318,2441
yolov8x_training,6405.319415,70,124.262,13370.3125,91,240,10001,"[0, 100000]","[0, 100000]",0,0,1171,3906
yolov8x_training,6406.362311,70,123.456,13370.3125,59,330,10001,"[0, 100000]","[0, 100000]",0,0,683,3613
yolov8x_training,6407.405203,70,124.673,13370.3125,59,330,10001,"[0, 100000]","[0, 100000]",0,0,1025,3222
yolov8x_training,6408.448230,70,124.014,13370.3125,32,210,10001,"[0, 100000]","[0, 100000]",0,0,732,1367
yolov8x_training,6409.490969,70,123.024,13370.3125,19,210,10001,"[0, 100000]","[0, 100000]",0,0,634,2490
yolov8x_training,6410.533945,70,125.009,13370.3125,38,210,10001,"[0, 100000]","[0, 100000]",0,0,2929,341
yolov8x_training,6411.576642,70,124.937,13370.3125,44,210,10001,"[0, 100000]","[0, 100000]",0,0,341,1038818
yolov8x_training,6412.800103,70,125.156,13370.3125,14,210,10001,"[0, 100000]","[0, 100000]",0,0,8251,45947
yolov8x_training,6413.842915,70,123.953,13370.3125,34,210,10001,"[0, 100000]","[0, 100000]",0,0,1806,9863
yolov8x_training,6414.885761,70,124.336,13370.3125,51,225,10001,"[0, 100000]","[0, 100000]",0,0,1855,4931
yolov8x_training,6415.928920,71,122.393,13370.3125,59,210,10001,"[0, 100000]","[0, 100000]",0,0,976,3662
yolov8x_training,6416.971906,71,120.901,13370.3125,90,210,10001,"[0, 100000]","[0, 100000]",0,0,1123,5712
yolov8x_training,6418.014721,70,119.981,13370.3125,94,210,10001,"[0, 100000]","[0, 100000]",0,0,1269,5664
yolov8x_training,6419.057497,70,123.479,13370.3125,87,210,10001,"[0, 100000]","[0, 100000]",0,0,976,4589
yolov8x_training,6420.100244,70,124.802,13370.3125,76,210,10001,"[0, 100000]","[0, 100000]",0,0,976,4248
yolov8x_training,6421.142993,70,124.633,13370.3125,100,210,10001,"[0, 100000]","[0, 100000]",0,0,1074,3955
yolov8x_training,6422.185693,70,122.910,13370.3125,100,210,10001,"[0, 100000]","[0, 100000]",0,0,1074,2832
yolov8x_training,6423.228442,70,124.521,13370.3125,90,210,10001,"[0, 100000]","[0, 100000]",0,0,1074,2685
yolov8x_training,6424.271219,70,124.254,13370.3125,100,210,10001,"[0, 100000]","[0, 100000]",0,0,1074,3564
yolov8x_training,6425.313997,70,124.879,13370.3125,100,210,10001,"[0, 100000]","[0, 100000]",0,0,683,2685
yolov8x_training,6426.357202,70,124.635,13370.3125,100,210,10001,"[0, 100000]","[0, 100000]",0,0,13623,292
yolov8x_training,6427.400059,70,123.305,13370.3125,100,210,10001,"[0, 100000]","[0, 100000]",0,0,341,292
yolov8x_training,6428.442698,70,123.913,13370.3125,100,330,10001,"[0, 100000]","[0, 100000]",0,0,341,1036572
yolov8x_training,6429.485423,70,124.916,13370.3125,100,1725,10001,"[0, 100000]","[0, 100000]",0,0,1318,30810
yolov8x_training,6430.720403,70,124.913,13370.3125,100,1260,10001,"[0, 100000]","[0, 100000]",0,0,8251,46386
yolov8x_training,6431.763160,70,121.765,13370.3125,100,390,10001,"[0, 100000]","[0, 100000]",0,0,878,11523
yolov8x_training,6432.806062,71,125.399,13370.3125,100,1785,10001,"[0, 100000]","[0, 100000]",0,0,1025,3710
yolov8x_training,6433.848933,70,126.978,13370.3125,100,735,10001,"[0, 100000]","[0, 100000]",0,0,1220,5224
yolov8x_training,6434.891760,70,129.135,13370.3125,100,2505,10001,"[0, 100000]","[0, 100000]",0,0,1904,4052
yolov8x_training,6435.934525,70,127.555,13370.3125,100,210,10001,"[0, 100000]","[0, 100000]",0,0,1171,5126
yolov8x_training,6436.977374,71,124.773,13370.3125,100,210,10001,"[0, 100000]","[0, 100000]",0,0,976,3906
yolov8x_training,6438.020175,70,128.546,13370.3125,100,210,10001,"[0, 100000]","[0, 100000]",0,0,1123,3808
yolov8x_training,6439.063035,70,121.996,13370.3125,100,210,10001,"[0, 100000]","[0, 100000]",0,0,878,4052
yolov8x_training,6440.105758,71,123.400,13370.3125,100,210,10001,"[0, 100000]","[0, 100000]",0,0,927,3662
yolov8x_training,6441.148525,70,124.822,13370.3125,98,210,10001,"[0, 100000]","[0, 100000]",0,0,781,1220
yolov8x_training,6442.191303,70,124.773,13370.3125,98,210,10001,"[0, 100000]","[0, 100000]",0,0,6933,341
yolov8x_training,6443.233974,70,125.025,13370.3125,96,210,10001,"[0, 100000]","[0, 100000]",0,0,90429,7519
yolov8x_training,6444.277280,69,123.177,13370.3125,98,210,10001,"[0, 100000]","[0, 100000]",0,0,2197,63671
yolov8x_training,6445.473600,72,125.429,13370.3125,100,210,10001,"[0, 100000]","[0, 100000]",0,0,10253,14257
yolov8x_training,6446.516339,69,123.344,13370.3125,98,210,10001,"[0, 100000]","[0, 100000]",0,0,5859,4492
yolov8x_training,6447.559112,69,123.579,13370.3125,97,210,10001,"[0, 100000]","[0, 100000]",0,0,781,11523
yolov8x_training,6448.601865,69,122.980,13370.3125,98,210,10001,"[0, 100000]","[0, 100000]",0,0,976,4101
yolov8x_training,6449.644719,73,124.239,13370.3125,100,255,10001,"[0, 100000]","[0, 100000]",0,0,1123,9814
yolov8x_training,6450.687429,74,124.560,13370.3125,100,300,10001,"[0, 100000]","[0, 100000]",0,0,927,4541
yolov8x_training,6451.730212,71,123.462,13370.3125,100,315,10001,"[0, 100000]","[0, 100000]",0,0,1074,3320
yolov8x_training,6452.772929,70,122.352,13370.3125,100,435,10001,"[0, 100000]","[0, 100000]",0,0,927,4394
yolov8x_training,6453.815642,70,123.411,13370.3125,100,210,10001,"[0, 100000]","[0, 100000]",0,0,1025,2587
yolov8x_training,6454.858456,70,123.919,13370.3125,100,210,10001,"[0, 100000]","[0, 100000]",0,0,878,3125
yolov8x_training,6455.901435,70,123.197,13370.3125,100,225,10001,"[0, 100000]","[0, 100000]",0,0,1025,2294
yolov8x_training,6456.944284,70,124.022,13370.3125,100,210,10001,"[0, 100000]","[0, 100000]",0,0,634,292
yolov8x_training,6457.986974,70,123.093,13370.3125,100,225,10001,"[0, 100000]","[0, 100000]",0,0,341,292
yolov8x_training,6459.029599,70,123.813,13370.3125,100,210,10001,"[0, 100000]","[0, 100000]",0,0,90283,7226
yolov8x_training,6460.072786,70,123.292,13370.3125,100,210,10001,"[0, 100000]","[0, 100000]",0,0,1806,5224
yolov8x_training,6461.292001,70,123.728,13370.3125,100,210,10001,"[0, 100000]","[0, 100000]",0,0,976,10009
yolov8x_training,6462.334749,70,123.692,13370.3125,100,210,10001,"[0, 100000]","[0, 100000]",0,0,1123,7910
yolov8x_training,6463.377572,70,122.390,13370.3125,100,210,10001,"[0, 100000]","[0, 100000]",0,0,1074,4394
yolov8x_training,6464.420510,71,122.306,13370.3125,100,210,10001,"[0, 100000]","[0, 100000]",0,0,927,5175
yolov8x_training,6465.463386,70,119.933,13370.3125,100,210,10001,"[0, 100000]","[0, 100000]",0,0,1171,5566
yolov8x_training,6466.506185,71,120.262,13370.3125,100,210,10001,"[0, 100000]","[0, 100000]",0,0,1562,4638
yolov8x_training,6467.549052,70,123.714,13370.3125,100,210,10001,"[0, 100000]","[0, 100000]",0,0,1171,5517
yolov8x_training,6468.591820,70,125.655,13370.3125,100,210,10001,"[0, 100000]","[0, 100000]",0,0,1074,3515
yolov8x_training,6469.634663,70,124.045,13370.3125,100,210,10001,"[0, 100000]","[0, 100000]",0,0,1074,4589
yolov8x_training,6470.677530,70,123.093,13370.3125,100,210,10001,"[0, 100000]","[0, 100000]",0,0,878,4345
yolov8x_training,6471.720306,70,124.773,13370.3125,100,210,10001,"[0, 100000]","[0, 100000]",0,0,976,3417
yolov8x_training,6472.763217,70,125.169,13370.3125,100,210,10001,"[0, 100000]","[0, 100000]",0,0,1074,1025
yolov8x_training,6473.806092,70,122.310,13370.3125,100,210,10001,"[0, 100000]","[0, 100000]",0,0,439,2783
yolov8x_training,6474.848952,70,123.106,13370.3125,100,210,10001,"[0, 100000]","[0, 100000]",0,0,390,2587
yolov8x_training,6475.891838,70,122.788,13370.3125,100,225,10001,"[0, 100000]","[0, 100000]",0,0,830,292
yolov8x_training,6476.934604,70,124.656,13370.3125,100,210,10001,"[0, 100000]","[0, 100000]",0,0,341,292
yolov8x_training,6477.977175,70,124.847,13370.3125,100,330,10001,"[0, 100000]","[0, 100000]",0,0,89355,12597
yolov8x_training,6479.020116,70,123.377,13370.3125,100,210,10001,"[0, 100000]","[0, 100000]",0,0,2343,55126
yolov8x_training,6480.234395,70,121.509,13370.3125,100,915,10001,"[0, 100000]","[0, 100000]",0,0,781,9960
yolov8x_training,6481.277203,71,124.975,13370.3125,100,1770,10001,"[0, 100000]","[0, 100000]",0,0,1318,4394
yolov8x_training,6482.320161,70,126.413,13370.3125,100,2235,10001,"[0, 100000]","[0, 100000]",0,0,1074,3515
yolov8x_training,6483.363157,70,126.555,13370.3125,100,2280,10001,"[0, 100000]","[0, 100000]",0,0,1123,8447
yolov8x_training,6484.405963,71,128.047,13370.3125,100,210,10001,"[0, 100000]","[0, 100000]",0,0,1123,5468
yolov8x_training,6485.448777,70,130.388,13370.3125,100,210,10001,"[0, 100000]","[0, 100000]",0,0,976,3808
yolov8x_training,6486.491665,70,123.245,13370.3125,100,210,10001,"[0, 100000]","[0, 100000]",0,0,878,4052
yolov8x_training,6487.534519,70,123.947,13370.3125,100,210,10001,"[0, 100000]","[0, 100000]",0,0,1025,4248
yolov8x_training,6488.577444,71,124.628,13370.3125,100,210,10001,"[0, 100000]","[0, 100000]",0,0,878,3417
yolov8x_training,6489.620466,70,123.724,13370.3125,100,210,10001,"[0, 100000]","[0, 100000]",0,0,1025,3662
yolov8x_training,6490.663421,70,124.366,13370.3125,100,225,10001,"[0, 100000]","[0, 100000]",0,0,781,1367
yolov8x_training,6491.706319,71,123.848,13370.3125,100,210,10001,"[0, 100000]","[0, 100000]",0,0,927,292
yolov8x_training,6492.749022,70,124.368,13370.3125,100,210,10001,"[0, 100000]","[0, 100000]",0,0,3857,804589
yolov8x_training,6493.791902,69,124.738,13370.3125,100,210,10001,"[0, 100000]","[0, 100000]",0,0,1904,5273
yolov8x_training,6495.020866,69,124.136,13370.3125,100,210,10001,"[0, 100000]","[0, 100000]",0,0,9570,37597
yolov8x_training,6496.063786,70,124.425,13370.3125,100,210,10001,"[0, 100000]","[0, 100000]",0,0,830,11376
yolov8x_training,6497.106529,69,124.048,13370.3125,100,210,10001,"[0, 100000]","[0, 100000]",0,0,1123,4394
yolov8x_training,6498.149403,69,124.739,13370.3125,100,210,10001,"[0, 100000]","[0, 100000]",0,0,976,3662
yolov8x_training,6499.192511,69,124.606,13370.3125,100,210,10001,"[0, 100000]","[0, 100000]",0,0,1123,12451
yolov8x_training,6500.235305,71,123.188,13370.3125,100,210,10001,"[0, 100000]","[0, 100000]",0,0,1220,5273
yolov8x_training,6501.278077,70,122.436,13370.3125,100,210,10001,"[0, 100000]","[0, 100000]",0,0,1123,3662
yolov8x_training,6502.321159,70,122.496,13370.3125,100,210,10001,"[0, 100000]","[0, 100000]",0,0,1123,3027
yolov8x_training,6503.364005,70,124.002,13370.3125,100,210,10001,"[0, 100000]","[0, 100000]",0,0,1025,3515
yolov8x_training,6504.406859,70,123.120,13370.3125,100,210,10001,"[0, 100000]","[0, 100000]",0,0,927,3076
yolov8x_training,6505.449890,70,122.581,13370.3125,100,210,10001,"[0, 100000]","[0, 100000]",0,0,927,3759
yolov8x_training,6506.492775,70,121.981,13370.3125,100,210,10001,"[0, 100000]","[0, 100000]",0,0,1025,3125
yolov8x_training,6507.535616,70,123.536,13370.3125,100,210,10001,"[0, 100000]","[0, 100000]",0,0,1025,3222
yolov8x_training,6508.578526,70,123.863,13370.3125,100,210,10001,"[0, 100000]","[0, 100000]",0,0,927,341
yolov8x_training,6509.621525,70,122.360,13370.3125,100,210,10001,"[0, 100000]","[0, 100000]",0,0,11083,44433
yolov8x_training,6510.664333,70,123.142,13370.3125,100,210,10001,"[0, 100000]","[0, 100000]",0,0,292,341
yolov8x_training,6511.706962,70,123.047,13370.3125,100,210,10001,"[0, 100000]","[0, 100000]",0,0,341,292
yolov8x_training,6512.749515,69,124.472,13370.3125,100,210,10001,"[0, 100000]","[0, 100000]",0,0,2978,55859
yolov8x_training,6513.993326,69,124.393,13370.3125,100,210,10001,"[0, 100000]","[0, 100000]",0,0,9423,37158
yolov8x_training,6515.036222,69,122.817,13370.3125,100,210,10001,"[0, 100000]","[0, 100000]",0,0,1074,7861
yolov8x_training,6516.079022,69,124.859,13370.3125,100,210,10001,"[0, 100000]","[0, 100000]",0,0,1269,5468
yolov8x_training,6517.121803,69,124.058,13370.3125,100,210,10001,"[0, 100000]","[0, 100000]",0,0,927,5419
yolov8x_training,6518.164680,71,123.408,13370.3125,100,210,10001,"[0, 100000]","[0, 100000]",0,0,1025,5615
yolov8x_training,6519.207393,72,124.425,13370.3125,100,315,10001,"[0, 100000]","[0, 100000]",0,0,1220,5615
yolov8x_training,6520.250139,70,123.097,13370.3125,96,390,10001,"[0, 100000]","[0, 100000]",0,0,878,3808
yolov8x_training,6521.292853,70,123.842,13370.3125,77,210,10001,"[0, 100000]","[0, 100000]",0,0,976,4687
yolov8x_training,6522.335524,70,122.877,13370.3125,68,420,10001,"[0, 100000]","[0, 100000]",0,0,1074,3613
yolov8x_training,6523.378397,70,124.192,13370.3125,77,210,10001,"[0, 100000]","[0, 100000]",0,0,1025,3613
yolov8x_training,6524.421379,70,123.516,13370.3125,37,255,10001,"[0, 100000]","[0, 100000]",0,0,878,1025
yolov8x_training,6525.464187,70,123.122,13370.3125,9,210,10001,"[0, 100000]","[0, 100000]",0,0,14697,5126
yolov8x_training,6526.506994,70,122.616,13370.3125,29,210,10001,"[0, 100000]","[0, 100000]",0,0,341,341
yolov8x_training,6527.549650,70,124.610,13370.3125,36,210,10001,"[0, 100000]","[0, 100000]",0,0,90625,6347
yolov8x_training,6528.592990,70,122.892,13370.3125,17,210,10001,"[0, 100000]","[0, 100000]",0,0,1171,4345
yolov8x_training,6529.635797,70,123.392,13370.3125,18,210,10001,"[0, 100000]","[0, 100000]",0,0,1220,64501
yolov8x_training,6530.853792,70,124.644,13370.3125,32,210,10001,"[0, 100000]","[0, 100000]",0,0,1171,6933
yolov8x_training,6531.896641,70,125.461,13370.3125,18,210,10001,"[0, 100000]","[0, 100000]",0,0,1660,5175
yolov8x_training,6532.939413,70,124.983,13370.3125,17,210,10001,"[0, 100000]","[0, 100000]",0,0,1025,3466
yolov8x_training,6533.982261,70,124.465,13370.3125,33,210,10001,"[0, 100000]","[0, 100000]",0,0,1025,5615
yolov8x_training,6535.025010,70,122.601,13370.3125,64,210,10001,"[0, 100000]","[0, 100000]",0,0,2197,3906
yolov8x_training,6536.067835,70,125.178,13370.3125,56,210,10001,"[0, 100000]","[0, 100000]",0,0,1074,3271
yolov8x_training,6537.110567,70,123.376,13370.3125,100,210,10001,"[0, 100000]","[0, 100000]",0,0,1025,4101
yolov8x_training,6538.153319,70,124.935,13370.3125,54,210,10001,"[0, 100000]","[0, 100000]",0,0,976,3710
yolov8x_training,6539.196032,70,125.015,13370.3125,79,210,10001,"[0, 100000]","[0, 100000]",0,0,830,3808
yolov8x_training,6540.238820,70,123.759,13370.3125,100,210,10001,"[0, 100000]","[0, 100000]",0,0,1074,4003
yolov8x_training,6541.281621,70,124.224,13370.3125,100,210,10001,"[0, 100000]","[0, 100000]",0,0,5322,90966
yolov8x_training,6542.324526,70,123.364,13370.3125,100,225,10001,"[0, 100000]","[0, 100000]",0,0,341,292
yolov8x_training,6543.367145,70,124.833,13370.3125,100,210,10001,"[0, 100000]","[0, 100000]",0,0,4199,64746
yolov8x_training,6544.586962,70,130.260,13370.3125,100,210,10001,"[0, 100000]","[0, 100000]",0,0,1416,10400
yolov8x_training,6545.629771,70,123.548,13370.3125,97,210,10001,"[0, 100000]","[0, 100000]",0,0,878,9960
yolov8x_training,6546.672612,70,123.506,13370.3125,100,210,10001,"[0, 100000]","[0, 100000]",0,0,1171,5273
yolov8x_training,6547.715467,70,122.554,13370.3125,100,210,10001,"[0, 100000]","[0, 100000]",0,0,1025,3466
yolov8x_training,6548.758349,70,122.197,13370.3125,100,210,10001,"[0, 100000]","[0, 100000]",0,0,830,4101
yolov8x_training,6549.801147,70,123.882,13370.3125,100,210,10001,"[0, 100000]","[0, 100000]",0,0,976,3613
yolov8x_training,6550.843990,70,124.067,13370.3125,100,210,10001,"[0, 100000]","[0, 100000]",0,0,1562,9863
yolov8x_training,6551.887110,70,124.161,13370.3125,100,210,10001,"[0, 100000]","[0, 100000]",0,0,1171,5664
yolov8x_training,6552.929989,70,124.232,13370.3125,100,210,10001,"[0, 100000]","[0, 100000]",0,0,1074,4052
yolov8x_training,6553.972858,70,122.885,13370.3125,100,210,10001,"[0, 100000]","[0, 100000]",0,0,927,3857
yolov8x_training,6555.015729,70,124.281,13370.3125,98,210,10001,"[0, 100000]","[0, 100000]",0,0,781,3320
yolov8x_training,6556.058589,70,124.072,13370.3125,100,210,10001,"[0, 100000]","[0, 100000]",0,0,1074,3564
yolov8x_training,6557.101472,70,124.696,13370.3125,100,210,10001,"[0, 100000]","[0, 100000]",0,0,634,2685
yolov8x_training,6558.144578,70,124.793,13370.3125,100,210,10001,"[0, 100000]","[0, 100000]",0,0,341,292
yolov8x_training,6559.187413,70,122.843,13370.3125,100,210,10001,"[0, 100000]","[0, 100000]",0,0,341,292
yolov8x_training,6560.230001,70,122.909,13370.3125,98,210,10001,"[0, 100000]","[0, 100000]",0,0,341,261621
yolov8x_training,6561.272688,70,125.455,13370.3125,100,210,10001,"[0, 100000]","[0, 100000]",0,0,2246,5322
yolov8x_training,6562.496738,70,123.414,13370.3125,98,210,10001,"[0, 100000]","[0, 100000]",0,0,9619,36035
yolov8x_training,6563.539755,69,124.778,13370.3125,100,210,10001,"[0, 100000]","[0, 100000]",0,0,3125,2539
yolov8x_training,6564.582676,69,121.747,13370.3125,100,210,10001,"[0, 100000]","[0, 100000]",0,0,1660,3417
yolov8x_training,6565.625464,70,123.211,13370.3125,97,210,10001,"[0, 100000]","[0, 100000]",0,0,1513,8203
yolov8x_training,6566.668220,70,124.112,13370.3125,98,210,10001,"[0, 100000]","[0, 100000]",0,0,1171,3955
yolov8x_training,6567.711040,70,123.998,13370.3125,100,210,10001,"[0, 100000]","[0, 100000]",0,0,1025,4931
yolov8x_training,6568.753869,70,122.842,13370.3125,100,210,10001,"[0, 100000]","[0, 100000]",0,0,1416,9570
yolov8x_training,6569.796769,70,122.733,13370.3125,97,210,10001,"[0, 100000]","[0, 100000]",0,0,1123,10498
yolov8x_training,6570.839640,70,123.505,13370.3125,100,210,10001,"[0, 100000]","[0, 100000]",0,0,1220,5029
yolov8x_training,6571.882451,70,121.897,13370.3125,99,210,10001,"[0, 100000]","[0, 100000]",0,0,1074,3710
yolov8x_training,6572.925525,70,124.069,13370.3125,100,210,10001,"[0, 100000]","[0, 100000]",0,0,1025,4199
yolov8x_training,6573.968318,70,122.346,13370.3125,97,210,10001,"[0, 100000]","[0, 100000]",0,0,927,3515
yolov8x_training,6575.011225,70,122.826,13370.3125,97,210,10001,"[0, 100000]","[0, 100000]",0,0,1123,2392
yolov8x_training,6576.054074,70,123.527,13370.3125,97,210,10001,"[0, 100000]","[0, 100000]",0,0,976,3613
yolov8x_training,6577.096920,70,124.716,13370.3125,100,210,10001,"[0, 100000]","[0, 100000]",0,0,683,1513
yolov8x_training,6578.139738,70,123.169,13370.3125,98,210,10001,"[0, 100000]","[0, 100000]",0,0,390,2685
yolov8x_training,6579.182579,70,124.010,13370.3125,97,210,10001,"[0, 100000]","[0, 100000]",0,0,292,292
yolov8x_training,6580.225184,70,124.439,13370.3125,100,210,10001,"[0, 100000]","[0, 100000]",0,0,341,1030566
yolov8x_training,6581.267766,69,124.944,13370.3125,100,210,10001,"[0, 100000]","[0, 100000]",0,0,2246,4882
yolov8x_training,6582.310678,70,124.032,13370.3125,100,210,10001,"[0, 100000]","[0, 100000]",0,0,1025,63525
yolov8x_training,6583.534502,70,123.522,13370.3125,98,210,10001,"[0, 100000]","[0, 100000]",0,0,5517,4394
yolov8x_training,6584.577394,70,123.436,13370.3125,97,210,10001,"[0, 100000]","[0, 100000]",0,0,1269,8300
yolov8x_training,6585.620186,70,122.389,13370.3125,100,210,10001,"[0, 100000]","[0, 100000]",0,0,1123,7226
yolov8x_training,6586.662991,70,123.061,13370.3125,97,210,10001,"[0, 100000]","[0, 100000]",0,0,1269,5371
yolov8x_training,6587.705912,70,123.294,13370.3125,100,210,10001,"[0, 100000]","[0, 100000]",0,0,1074,4248
yolov8x_training,6588.748768,70,123.998,13370.3125,100,210,10001,"[0, 100000]","[0, 100000]",0,0,2099,4199
yolov8x_training,6589.791594,70,124.331,13370.3125,100,210,10001,"[0, 100000]","[0, 100000]",0,0,1074,4785
yolov8x_training,6590.834340,70,122.835,13370.3125,100,210,10001,"[0, 100000]","[0, 100000]",0,0,927,3808
yolov8x_training,6591.877223,70,122.517,13370.3125,100,210,10001,"[0, 100000]","[0, 100000]",0,0,1025,4003
yolov8x_training,6592.920139,70,123.656,13370.3125,100,210,10001,"[0, 100000]","[0, 100000]",0,0,781,2929
yolov8x_training,6593.963059,70,123.314,13370.3125,100,210,10001,"[0, 100000]","[0, 100000]",0,0,1074,3125
yolov8x_training,6595.005947,70,123.530,13370.3125,100,210,10001,"[0, 100000]","[0, 100000]",0,0,878,1220
yolov8x_training,6596.048800,70,123.883,13370.3125,100,210,10001,"[0, 100000]","[0, 100000]",0,0,341,292
yolov8x_training,6597.091471,70,123.243,13370.3125,100,210,10001,"[0, 100000]","[0, 100000]",0,0,341,292
yolov8x_training,6598.134130,70,124.626,13370.3125,100,210,10001,"[0, 100000]","[0, 100000]",0,0,89648,18212
yolov8x_training,6599.177242,70,124.886,13370.3125,100,210,10001,"[0, 100000]","[0, 100000]",0,0,1025,6152
yolov8x_training,6600.389189,73,122.865,13370.3125,100,210,10001,"[0, 100000]","[0, 100000]",0,0,6835,5468
yolov8x_training,6601.431947,72,125.197,13370.3125,100,210,10001,"[0, 100000]","[0, 100000]",0,0,976,7910
yolov8x_training,6602.474771,71,123.933,13370.3125,100,330,10001,"[0, 100000]","[0, 100000]",0,0,1953,5419
yolov8x_training,6603.517524,71,124.141,13370.3125,100,315,10001,"[0, 100000]","[0, 100000]",0,0,1123,4052
yolov8x_training,6604.560297,74,124.448,13370.3125,100,210,10001,"[0, 100000]","[0, 100000]",0,0,1025,4931
yolov8x_training,6605.603944,74,123.359,13370.3125,100,210,10001,"[0, 100000]","[0, 100000]",0,0,1074,6347
yolov8x_training,6606.646816,71,123.110,13370.3125,100,210,10001,"[0, 100000]","[0, 100000]",0,0,1123,5566
yolov8x_training,6607.689580,71,125.194,13370.3125,100,210,10001,"[0, 100000]","[0, 100000]",0,0,1074,4003
yolov8x_training,6608.732476,70,124.832,13370.3125,100,210,10001,"[0, 100000]","[0, 100000]",0,0,1220,2148
yolov8x_training,6609.775302,70,122.214,13370.3125,100,255,10001,"[0, 100000]","[0, 100000]",0,0,1025,2783
yolov8x_training,6610.818332,70,125.213,13370.3125,100,210,10001,"[0, 100000]","[0, 100000]",0,0,976,3369
yolov8x_training,6611.861242,70,123.509,13370.3125,100,225,10001,"[0, 100000]","[0, 100000]",0,0,1123,1123
yolov8x_training,6612.904258,70,124.117,13370.3125,100,210,10001,"[0, 100000]","[0, 100000]",0,0,976,64746
yolov8x_training,6613.947128,70,122.997,13370.3125,100,255,10001,"[0, 100000]","[0, 100000]",0,0,732,292
yolov8x_training,6614.993618,70,122.393,13370.3125,100,210,10001,"[0, 100000]","[0, 100000]",0,0,341,292
yolov8x_training,6616.036301,70,125.105,13370.3125,100,225,10001,"[0, 100000]","[0, 100000]",0,0,89257,18066
yolov8x_training,6617.079795,70,120.844,13370.3125,100,210,10001,"[0, 100000]","[0, 100000]",0,0,1367,4345
yolov8x_training,6618.302987,70,119.202,13370.3125,100,210,10001,"[0, 100000]","[0, 100000]",0,0,1074,9033
yolov8x_training,6619.345943,70,120.965,13370.3125,100,210,10001,"[0, 100000]","[0, 100000]",0,0,732,10986
yolov8x_training,6620.388870,70,119.647,13370.3125,100,210,10001,"[0, 100000]","[0, 100000]",0,0,1123,5078
yolov8x_training,6621.431918,70,119.318,13370.3125,100,210,10001,"[0, 100000]","[0, 100000]",0,0,1123,4931
yolov8x_training,6622.474712,70,119.594,13370.3125,100,240,10001,"[0, 100000]","[0, 100000]",0,0,1025,3515
yolov8x_training,6623.517517,70,120.373,13370.3125,100,210,10001,"[0, 100000]","[0, 100000]",0,0,976,5419
yolov8x_training,6624.560341,70,124.406,13370.3125,100,210,10001,"[0, 100000]","[0, 100000]",0,0,1611,5712
yolov8x_training,6625.603185,70,123.321,13370.3125,100,240,10001,"[0, 100000]","[0, 100000]",0,0,1025,4931
yolov8x_training,6626.645918,71,125.468,13370.3125,100,210,10001,"[0, 100000]","[0, 100000]",0,0,1025,4150
yolov8x_training,6627.688764,70,125.389,13370.3125,100,210,10001,"[0, 100000]","[0, 100000]",0,0,976,4638
yolov8x_training,6628.731865,70,125.106,13370.3125,100,210,10001,"[0, 100000]","[0, 100000]",0,0,976,3662
yolov8x_training,6629.774736,70,124.748,13370.3125,100,210,10001,"[0, 100000]","[0, 100000]",0,0,1025,2343
yolov8x_training,6630.817760,70,123.583,13370.3125,100,210,10001,"[0, 100000]","[0, 100000]",0,0,927,537
yolov8x_training,6631.860654,70,123.450,13370.3125,100,225,10001,"[0, 100000]","[0, 100000]",0,0,341,292
yolov8x_training,6632.903316,70,122.920,13370.3125,100,225,10001,"[0, 100000]","[0, 100000]",0,0,341,715380
yolov8x_training,6633.945940,70,123.853,13370.3125,100,225,10001,"[0, 100000]","[0, 100000]",0,0,1025,6201
yolov8x_training,6635.169719,70,126.699,13370.3125,100,210,10001,"[0, 100000]","[0, 100000]",0,0,9716,36669
yolov8x_training,6636.212766,70,128.558,13370.3125,100,1590,10001,"[0, 100000]","[0, 100000]",0,0,830,9716
yolov8x_training,6637.255647,70,129.563,13370.3125,100,210,10001,"[0, 100000]","[0, 100000]",0,0,1464,4980
yolov8x_training,6638.298402,70,126.931,13370.3125,100,210,10001,"[0, 100000]","[0, 100000]",0,0,1123,4443
yolov8x_training,6639.341307,70,123.226,13370.3125,100,210,10001,"[0, 100000]","[0, 100000]",0,0,878,4248
yolov8x_training,6640.384223,70,128.163,13370.3125,100,1177,10001,"[0, 100000]","[0, 100000]",0,0,1123,8935
yolov8x_training,6641.427069,70,130.196,13370.3125,100,1755,10001,"[0, 100000]","[0, 100000]",0,0,878,4931
yolov8x_training,6642.469938,70,130.334,13370.3125,100,210,10001,"[0, 100000]","[0, 100000]",0,0,1171,2783
yolov8x_training,6643.512769,70,122.258,13370.3125,100,210,10001,"[0, 100000]","[0, 100000]",0,0,878,4296
yolov8x_training,6644.555704,71,125.203,13370.3125,100,225,10001,"[0, 100000]","[0, 100000]",0,0,1220,2490
yolov8x_training,6645.598531,70,124.651,13370.3125,100,225,10001,"[0, 100000]","[0, 100000]",0,0,927,3515
yolov8x_training,6646.641376,70,124.714,13370.3125,100,210,10001,"[0, 100000]","[0, 100000]",0,0,439,2587
yolov8x_training,6647.684248,70,125.381,13370.3125,100,210,10001,"[0, 100000]","[0, 100000]",0,0,341,292
yolov8x_training,6648.726998,70,124.645,13370.3125,100,210,10001,"[0, 100000]","[0, 100000]",0,0,292,1031884
yolov8x_training,6649.769675,71,125.219,13370.3125,100,210,10001,"[0, 100000]","[0, 100000]",0,0,976,6542
yolov8x_training,6650.975004,73,123.563,13370.3125,100,210,10001,"[0, 100000]","[0, 100000]",0,0,6005,51318
yolov8x_training,6652.017896,72,123.922,13370.3125,100,210,10001,"[0, 100000]","[0, 100000]",0,0,4980,4394
yolov8x_training,6653.060701,69,123.399,13370.3125,100,210,10001,"[0, 100000]","[0, 100000]",0,0,1025,8984
yolov8x_training,6654.103474,71,124.366,13370.3125,100,210,10001,"[0, 100000]","[0, 100000]",0,0,976,4101
yolov8x_training,6655.146295,70,122.393,13370.3125,85,225,10001,"[0, 100000]","[0, 100000]",0,0,878,4199
yolov8x_training,6656.189081,71,121.449,13370.3125,97,210,10001,"[0, 100000]","[0, 100000]",0,0,1074,5468
yolov8x_training,6657.231871,69,123.084,13370.3125,100,210,10001,"[0, 100000]","[0, 100000]",0,0,976,5664
yolov8x_training,6658.274729,70,122.324,13370.3125,100,210,10001,"[0, 100000]","[0, 100000]",0,0,1074,5029
yolov8x_training,6659.317575,70,122.235,13370.3125,100,210,10001,"[0, 100000]","[0, 100000]",0,0,1269,2636
yolov8x_training,6660.360513,70,122.388,13370.3125,100,210,10001,"[0, 100000]","[0, 100000]",0,0,927,3857
yolov8x_training,6661.403405,70,122.256,13370.3125,100,210,10001,"[0, 100000]","[0, 100000]",0,0,927,4003
yolov8x_training,6662.446272,70,124.052,13370.3125,100,225,10001,"[0, 100000]","[0, 100000]",0,0,830,3222
yolov8x_training,6663.489200,70,123.326,13370.3125,97,210,10001,"[0, 100000]","[0, 100000]",0,0,976,3320
yolov8x_training,6664.532052,70,123.231,13370.3125,83,210,10001,"[0, 100000]","[0, 100000]",0,0,781,21191
yolov8x_training,6665.575102,70,123.195,13370.3125,87,210,10001,"[0, 100000]","[0, 100000]",0,0,781,1708
yolov8x_training,6666.618181,70,125.291,13370.3125,98,210,10001,"[0, 100000]","[0, 100000]",0,0,341,292
yolov8x_training,6667.660923,70,122.889,13370.3125,88,210,10001,"[0, 100000]","[0, 100000]",0,0,341,1032421
yolov8x_training,6668.703933,70,125.715,13370.3125,84,210,10001,"[0, 100000]","[0, 100000]",0,0,2832,6201
yolov8x_training,6669.928876,71,123.949,13370.3125,77,210,10001,"[0, 100000]","[0, 100000]",0,0,878,10009
yolov8x_training,6670.971787,70,125.946,13370.3125,33,210,10001,"[0, 100000]","[0, 100000]",0,0,1220,5468
yolov8x_training,6672.014655,70,126.136,13370.3125,17,210,10001,"[0, 100000]","[0, 100000]",0,0,1074,4589
yolov8x_training,6673.057467,70,125.112,13370.3125,18,210,10001,"[0, 100000]","[0, 100000]",0,0,1318,9619
yolov8x_training,6674.100333,70,123.694,13370.3125,50,210,10001,"[0, 100000]","[0, 100000]",0,0,1220,5126
yolov8x_training,6675.143138,70,125.230,13370.3125,59,210,10001,"[0, 100000]","[0, 100000]",0,0,927,3955
yolov8x_training,6676.185994,70,124.849,13370.3125,98,210,10001,"[0, 100000]","[0, 100000]",0,0,1025,4101
yolov8x_training,6677.228829,70,122.994,13370.3125,100,210,10001,"[0, 100000]","[0, 100000]",0,0,976,3857
yolov8x_training,6678.271623,70,122.194,13370.3125,85,210,10001,"[0, 100000]","[0, 100000]",0,0,878,2978
yolov8x_training,6679.314443,70,123.820,13370.3125,70,210,10001,"[0, 100000]","[0, 100000]",0,0,976,3564
yolov8x_training,6680.357350,70,124.780,13370.3125,73,210,10001,"[0, 100000]","[0, 100000]",0,0,1123,1220
yolov8x_training,6681.400275,70,124.291,13370.3125,60,210,10001,"[0, 100000]","[0, 100000]",0,0,927,1123
yolov8x_training,6682.443153,70,123.145,13370.3125,83,225,10001,"[0, 100000]","[0, 100000]",0,0,390,292
yolov8x_training,6683.486001,70,124.890,13370.3125,78,1005,10001,"[0, 100000]","[0, 100000]",0,0,89941,18847
yolov8x_training,6684.529405,70,124.803,13370.3125,100,1365,10001,"[0, 100000]","[0, 100000]",0,0,1025,6152
yolov8x_training,6685.741536,70,120.110,13370.3125,100,1395,10001,"[0, 100000]","[0, 100000]",0,0,5468,2539
yolov8x_training,6686.784585,71,125.746,13370.3125,100,2160,10001,"[0, 100000]","[0, 100000]",0,0,2050,6103
yolov8x_training,6687.827692,70,126.800,13370.3125,100,1170,10001,"[0, 100000]","[0, 100000]",0,0,830,4443
yolov8x_training,6688.870522,70,128.223,13370.3125,100,930,10001,"[0, 100000]","[0, 100000]",0,0,1074,4541
yolov8x_training,6689.913422,71,126.780,13370.3125,100,210,10001,"[0, 100000]","[0, 100000]",0,0,1123,6982
yolov8x_training,6690.956524,70,128.419,13370.3125,100,2475,10001,"[0, 100000]","[0, 100000]",0,0,1220,5566
yolov8x_training,6691.999341,70,128.492,13370.3125,100,210,10001,"[0, 100000]","[0, 100000]",0,0,927,4199
yolov8x_training,6693.042228,70,128.850,13370.3125,100,210,10001,"[0, 100000]","[0, 100000]",0,0,927,4101
yolov8x_training,6694.085075,70,123.718,13370.3125,100,210,10001,"[0, 100000]","[0, 100000]",0,0,781,3369
yolov8x_training,6695.128038,70,124.122,13370.3125,97,210,10001,"[0, 100000]","[0, 100000]",0,0,1074,2343
yolov8x_training,6696.171048,70,122.841,13370.3125,98,210,10001,"[0, 100000]","[0, 100000]",0,0,634,2587
yolov8x_training,6697.213852,70,122.804,13370.3125,100,210,10001,"[0, 100000]","[0, 100000]",0,0,634,1953
yolov8x_training,6698.256759,70,121.455,13370.3125,100,210,10001,"[0, 100000]","[0, 100000]",0,0,927,927
yolov8x_training,6699.299718,70,124.345,13370.3125,100,210,10001,"[0, 100000]","[0, 100000]",0,0,341,292
yolov8x_training,6700.342339,69,124.571,13370.3125,97,210,10001,"[0, 100000]","[0, 100000]",0,0,3662,6640
yolov8x_training,6701.553864,69,124.322,13370.3125,96,210,10001,"[0, 100000]","[0, 100000]",0,0,9179,28564
yolov8x_training,6702.596687,69,124.117,13370.3125,98,210,10001,"[0, 100000]","[0, 100000]",0,0,1806,3564
yolov8x_training,6703.639428,69,124.329,13370.3125,96,210,10001,"[0, 100000]","[0, 100000]",0,0,1123,4003
yolov8x_training,6704.682261,69,123.123,13370.3125,98,210,10001,"[0, 100000]","[0, 100000]",0,0,927,3125
yolov8x_training,6705.725059,69,124.532,13370.3125,100,210,10001,"[0, 100000]","[0, 100000]",0,0,1123,12500
yolov8x_training,6706.767862,70,122.607,13370.3125,100,210,10001,"[0, 100000]","[0, 100000]",0,0,1123,5517
yolov8x_training,6707.810744,70,123.391,13370.3125,100,285,10001,"[0, 100000]","[0, 100000]",0,0,1025,4248
yolov8x_training,6708.853475,70,122.308,13370.3125,100,225,10001,"[0, 100000]","[0, 100000]",0,0,976,3857
yolov8x_training,6709.896299,70,123.811,13370.3125,100,210,10001,"[0, 100000]","[0, 100000]",0,0,976,4052
yolov8x_training,6710.939030,70,123.495,13370.3125,100,495,10001,"[0, 100000]","[0, 100000]",0,0,878,3808
yolov8x_training,6711.981991,70,123.757,13370.3125,100,210,10001,"[0, 100000]","[0, 100000]",0,0,927,23339
yolov8x_training,6713.025149,70,122.904,13370.3125,100,210,10001,"[0, 100000]","[0, 100000]",0,0,976,1025
yolov8x_training,6714.067959,70,125.627,13370.3125,100,210,10001,"[0, 100000]","[0, 100000]",0,0,341,1039599
yolov8x_training,6715.110860,70,123.693,13370.3125,100,210,10001,"[0, 100000]","[0, 100000]",0,0,3857,8398
yolov8x_training,6716.364863,70,125.434,13370.3125,100,210,10001,"[0, 100000]","[0, 100000]",0,0,9521,36767
yolov8x_training,6717.407943,70,122.600,13370.3125,100,210,10001,"[0, 100000]","[0, 100000]",0,0,781,10693
yolov8x_training,6718.450734,70,125.059,13370.3125,100,210,10001,"[0, 100000]","[0, 100000]",0,0,1171,4003
yolov8x_training,6719.493526,70,123.240,13370.3125,100,210,10001,"[0, 100000]","[0, 100000]",0,0,1025,5175
yolov8x_training,6720.536318,70,123.234,13370.3125,100,210,10001,"[0, 100000]","[0, 100000]",0,0,2099,4101
yolov8x_training,6721.579124,70,125.181,13370.3125,100,210,10001,"[0, 100000]","[0, 100000]",0,0,1025,3564
yolov8x_training,6722.621906,70,123.005,13370.3125,100,210,10001,"[0, 100000]","[0, 100000]",0,0,976,4345
yolov8x_training,6723.664620,71,124.520,13370.3125,100,210,10001,"[0, 100000]","[0, 100000]",0,0,781,3369
yolov8x_training,6724.707606,70,122.712,13370.3125,100,210,10001,"[0, 100000]","[0, 100000]",0,0,1025,2734
yolov8x_training,6725.750369,70,123.166,13370.3125,100,210,10001,"[0, 100000]","[0, 100000]",0,0,976,3515
yolov8x_training,6726.793142,70,124.862,13370.3125,100,210,10001,"[0, 100000]","[0, 100000]",0,0,1025,1904
yolov8x_training,6727.835867,70,124.076,13370.3125,100,210,10001,"[0, 100000]","[0, 100000]",0,0,3808,79492
yolov8x_training,6728.878845,70,123.052,13370.3125,100,210,10001,"[0, 100000]","[0, 100000]",0,0,585,292
yolov8x_training,6729.921501,70,125.031,13370.3125,100,210,10001,"[0, 100000]","[0, 100000]",0,0,89355,15966
yolov8x_training,6731.122126,70,127.105,13370.3125,100,210,10001,"[0, 100000]","[0, 100000]",0,0,9472,38037
yolov8x_training,6732.164984,70,129.232,13370.3125,100,210,10001,"[0, 100000]","[0, 100000]",0,0,927,9033
yolov8x_training,6733.207850,70,128.103,13370.3125,100,210,10001,"[0, 100000]","[0, 100000]",0,0,1904,5761
yolov8x_training,6734.250616,70,125.159,13370.3125,100,210,10001,"[0, 100000]","[0, 100000]",0,0,1025,3808
yolov8x_training,6735.293404,70,123.297,13370.3125,100,210,10001,"[0, 100000]","[0, 100000]",0,0,1074,5517
yolov8x_training,6736.336306,70,122.387,13370.3125,100,210,10001,"[0, 100000]","[0, 100000]",0,0,1074,5029
yolov8x_training,6737.379230,70,123.649,13370.3125,100,210,10001,"[0, 100000]","[0, 100000]",0,0,2099,4492
yolov8x_training,6738.422021,70,123.186,13370.3125,100,210,10001,"[0, 100000]","[0, 100000]",0,0,1171,5566
yolov8x_training,6739.464746,70,124.880,13370.3125,100,210,10001,"[0, 100000]","[0, 100000]",0,0,1123,3955
yolov8x_training,6740.507530,70,125.476,13370.3125,100,210,10001,"[0, 100000]","[0, 100000]",0,0,927,3808
yolov8x_training,6741.550240,70,123.948,13370.3125,100,210,10001,"[0, 100000]","[0, 100000]",0,0,1074,3613
yolov8x_training,6742.593075,70,124.642,13370.3125,100,210,10001,"[0, 100000]","[0, 100000]",0,0,732,2392
yolov8x_training,6743.635931,70,124.539,13370.3125,100,210,10001,"[0, 100000]","[0, 100000]",0,0,14843,341
yolov8x_training,6744.679630,70,123.981,13370.3125,100,210,10001,"[0, 100000]","[0, 100000]",0,0,292,292
yolov8x_training,6745.722318,70,125.282,13370.3125,100,210,10001,"[0, 100000]","[0, 100000]",0,0,1708,5957
yolov8x_training,6746.939079,71,124.812,13370.3125,99,210,10001,"[0, 100000]","[0, 100000]",0,0,8886,28662
yolov8x_training,6747.981786,72,124.040,13370.3125,100,210,10001,"[0, 100000]","[0, 100000]",0,0,5371,3955
yolov8x_training,6749.024657,72,123.566,13370.3125,100,210,10001,"[0, 100000]","[0, 100000]",0,0,1367,10400
yolov8x_training,6750.067510,72,124.075,13370.3125,100,375,10001,"[0, 100000]","[0, 100000]",0,0,1025,4199
yolov8x_training,6751.110278,71,123.418,13370.3125,77,210,10001,"[0, 100000]","[0, 100000]",0,0,1123,4833
yolov8x_training,6752.153104,70,122.497,13370.3125,83,285,10001,"[0, 100000]","[0, 100000]",0,0,1025,4248
yolov8x_training,6753.195894,71,123.204,13370.3125,96,345,10001,"[0, 100000]","[0, 100000]",0,0,1123,4882
yolov8x_training,6754.238752,71,122.651,13370.3125,71,270,10001,"[0, 100000]","[0, 100000]",0,0,1171,3320
yolov8x_training,6755.281572,70,122.945,13370.3125,58,210,10001,"[0, 100000]","[0, 100000]",0,0,1123,3466
yolov8x_training,6756.324411,70,123.257,13370.3125,68,210,10001,"[0, 100000]","[0, 100000]",0,0,976,3955
yolov8x_training,6757.367458,70,122.401,13370.3125,56,210,10001,"[0, 100000]","[0, 100000]",0,0,927,3027
yolov8x_training,6758.410353,70,122.482,13370.3125,58,210,10001,"[0, 100000]","[0, 100000]",0,0,976,3515
yolov8x_training,6759.453312,70,123.064,13370.3125,53,210,10001,"[0, 100000]","[0, 100000]",0,0,927,1367
yolov8x_training,6760.496190,70,123.308,13370.3125,68,210,10001,"[0, 100000]","[0, 100000]",0,0,634,2148
yolov8x_training,6761.539060,70,123.466,13370.3125,56,210,10001,"[0, 100000]","[0, 100000]",0,0,341,292
yolov8x_training,6762.581700,70,125.706,13370.3125,38,210,10001,"[0, 100000]","[0, 100000]",0,0,3613,6591
yolov8x_training,6763.846135,70,125.245,13370.3125,9,210,10001,"[0, 100000]","[0, 100000]",0,0,9521,36865
yolov8x_training,6764.889077,70,123.099,13370.3125,18,210,10001,"[0, 100000]","[0, 100000]",0,0,1855,7275
yolov8x_training,6765.931831,70,125.125,13370.3125,13,210,10001,"[0, 100000]","[0, 100000]",0,0,1123,4248
yolov8x_training,6766.974937,70,123.387,13370.3125,50,210,10001,"[0, 100000]","[0, 100000]",0,0,1025,4296
yolov8x_training,6768.017772,70,123.117,13370.3125,25,240,10001,"[0, 100000]","[0, 100000]",0,0,976,4492
yolov8x_training,6769.061027,70,122.852,13370.3125,12,210,10001,"[0, 100000]","[0, 100000]",0,0,1757,7128
yolov8x_training,6770.103852,70,121.958,13370.3125,25,225,10001,"[0, 100000]","[0, 100000]",0,0,1367,5517
yolov8x_training,6771.146682,70,124.011,13370.3125,13,210,10001,"[0, 100000]","[0, 100000]",0,0,1171,2880
yolov8x_training,6772.189469,70,122.248,13370.3125,11,225,10001,"[0, 100000]","[0, 100000]",0,0,1220,3320
yolov8x_training,6773.232341,70,125.174,13370.3125,17,210,10001,"[0, 100000]","[0, 100000]",0,0,1025,3564
yolov8x_training,6774.275191,70,123.705,13370.3125,19,210,10001,"[0, 100000]","[0, 100000]",0,0,732,3369
yolov8x_training,6775.318075,70,123.225,13370.3125,48,210,10001,"[0, 100000]","[0, 100000]",0,0,976,3417
yolov8x_training,6776.360881,70,123.320,13370.3125,23,225,10001,"[0, 100000]","[0, 100000]",0,0,1074,3417
yolov8x_training,6777.403809,70,123.612,13370.3125,31,210,10001,"[0, 100000]","[0, 100000]",0,0,830,927
yolov8x_training,6778.446614,70,124.524,13370.3125,51,210,10001,"[0, 100000]","[0, 100000]",0,0,341,292
yolov8x_training,6779.489186,70,125.403,13370.3125,75,1695,10001,"[0, 100000]","[0, 100000]",0,0,89843,15185
yolov8x_training,6780.532301,70,124.607,13370.3125,81,1860,10001,"[0, 100000]","[0, 100000]",0,0,1269,63818
yolov8x_training,6781.750028,70,120.187,13370.3125,95,2010,10001,"[0, 100000]","[0, 100000]",0,0,1464,3759
yolov8x_training,6782.792817,70,130.017,13370.3125,100,2475,10001,"[0, 100000]","[0, 100000]",0,0,1074,5126
yolov8x_training,6783.835668,70,124.613,13370.3125,100,2505,10001,"[0, 100000]","[0, 100000]",0,0,830,3515
yolov8x_training,6784.878619,71,128.401,13370.3125,100,210,10001,"[0, 100000]","[0, 100000]",0,0,1171,4736
yolov8x_training,6785.921533,70,122.833,13370.3125,100,210,10001,"[0, 100000]","[0, 100000]",0,0,1123,10888
yolov8x_training,6786.964376,71,123.953,13370.3125,100,210,10001,"[0, 100000]","[0, 100000]",0,0,1123,5615
yolov8x_training,6788.007225,71,124.503,13370.3125,100,210,10001,"[0, 100000]","[0, 100000]",0,0,878,3320
yolov8x_training,6789.050050,70,122.851,13370.3125,100,210,10001,"[0, 100000]","[0, 100000]",0,0,976,4101
yolov8x_training,6790.092915,70,124.007,13370.3125,100,210,10001,"[0, 100000]","[0, 100000]",0,0,1025,4687
yolov8x_training,6791.135797,70,124.378,13370.3125,97,225,10001,"[0, 100000]","[0, 100000]",0,0,976,3271
yolov8x_training,6792.178715,71,123.989,13370.3125,97,210,10001,"[0, 100000]","[0, 100000]",0,0,976,3466
yolov8x_training,6793.221558,71,123.361,13370.3125,97,210,10001,"[0, 100000]","[0, 100000]",0,0,1074,2294
yolov8x_training,6794.264514,70,124.677,13370.3125,97,210,10001,"[0, 100000]","[0, 100000]",0,0,488,292
yolov8x_training,6795.307182,70,124.601,13370.3125,98,210,10001,"[0, 100000]","[0, 100000]",0,0,341,1030908
yolov8x_training,6796.524669,70,124.392,13370.3125,97,210,10001,"[0, 100000]","[0, 100000]",0,0,8447,43408
yolov8x_training,6797.567425,69,124.883,13370.3125,100,210,10001,"[0, 100000]","[0, 100000]",0,0,878,9960
yolov8x_training,6798.610561,69,123.089,13370.3125,100,210,10001,"[0, 100000]","[0, 100000]",0,0,1806,5468
yolov8x_training,6799.653249,69,122.170,13370.3125,100,210,10001,"[0, 100000]","[0, 100000]",0,0,1269,5078
yolov8x_training,6800.695988,70,122.586,13370.3125,100,210,10001,"[0, 100000]","[0, 100000]",0,0,1074,3564
yolov8x_training,6801.738768,69,123.208,13370.3125,100,225,10001,"[0, 100000]","[0, 100000]",0,0,2294,4199
yolov8x_training,6802.781533,70,122.308,13370.3125,100,210,10001,"[0, 100000]","[0, 100000]",0,0,1123,5664
yolov8x_training,6803.824234,70,123.292,13370.3125,100,210,10001,"[0, 100000]","[0, 100000]",0,0,1171,3027
yolov8x_training,6804.867189,70,121.998,13370.3125,100,210,10001,"[0, 100000]","[0, 100000]",0,0,1074,4052
yolov8x_training,6805.910108,70,122.891,13370.3125,100,225,10001,"[0, 100000]","[0, 100000]",0,0,1074,1904
yolov8x_training,6806.952936,70,122.847,13370.3125,100,210,10001,"[0, 100000]","[0, 100000]",0,0,1025,3466
yolov8x_training,6807.995770,70,123.293,13370.3125,100,210,10001,"[0, 100000]","[0, 100000]",0,0,927,3662
yolov8x_training,6809.038564,70,123.628,13370.3125,100,210,10001,"[0, 100000]","[0, 100000]",0,0,585,2343
yolov8x_training,6810.081394,70,124.654,13370.3125,100,210,10001,"[0, 100000]","[0, 100000]",0,0,341,292
yolov8x_training,6811.124281,70,124.708,13370.3125,100,210,10001,"[0, 100000]","[0, 100000]",0,0,341,341
yolov8x_training,6812.341151,70,124.507,13370.3125,100,210,10001,"[0, 100000]","[0, 100000]",0,0,9667,36914
yolov8x_training,6813.384198,70,121.406,13370.3125,100,210,10001,"[0, 100000]","[0, 100000]",0,0,1513,5859
yolov8x_training,6814.427142,70,120.427,13370.3125,100,210,10001,"[0, 100000]","[0, 100000]",0,0,1611,6738
yolov8x_training,6815.469908,70,121.106,13370.3125,100,210,10001,"[0, 100000]","[0, 100000]",0,0,976,3613
yolov8x_training,6816.512719,70,123.255,13370.3125,100,210,10001,"[0, 100000]","[0, 100000]",0,0,1123,7519
yolov8x_training,6817.555450,70,125.179,13370.3125,100,210,10001,"[0, 100000]","[0, 100000]",0,0,1220,5517
yolov8x_training,6818.598192,70,123.248,13370.3125,100,210,10001,"[0, 100000]","[0, 100000]",0,0,1025,4003
yolov8x_training,6819.641156,70,124.360,13370.3125,100,210,10001,"[0, 100000]","[0, 100000]",0,0,1025,3466
yolov8x_training,6820.683944,70,123.958,13370.3125,100,210,10001,"[0, 100000]","[0, 100000]",0,0,1074,2734
yolov8x_training,6821.726828,70,123.402,13370.3125,100,210,10001,"[0, 100000]","[0, 100000]",0,0,1074,3515
yolov8x_training,6822.769620,70,121.769,13370.3125,100,210,10001,"[0, 100000]","[0, 100000]",0,0,976,3759
yolov8x_training,6823.812436,70,122.636,13370.3125,100,210,10001,"[0, 100000]","[0, 100000]",0,0,1025,878
yolov8x_training,6824.855317,70,123.055,13370.3125,100,210,10001,"[0, 100000]","[0, 100000]",0,0,830,439
yolov8x_training,6825.898209,70,123.795,13370.3125,100,210,10001,"[0, 100000]","[0, 100000]",0,0,341,1039062
yolov8x_training,6826.940966,70,123.419,13370.3125,100,210,10001,"[0, 100000]","[0, 100000]",0,0,3466,4785
yolov8x_training,6828.133327,70,125.311,13370.3125,100,210,10001,"[0, 100000]","[0, 100000]",0,0,9228,39990
yolov8x_training,6829.176148,70,123.497,13370.3125,100,210,10001,"[0, 100000]","[0, 100000]",0,0,878,9960
yolov8x_training,6830.219037,70,123.437,13370.3125,100,210,10001,"[0, 100000]","[0, 100000]",0,0,2099,6347
yolov8x_training,6831.261905,70,122.538,13370.3125,100,210,10001,"[0, 100000]","[0, 100000]",0,0,1855,5664
yolov8x_training,6832.304698,70,124.829,13370.3125,100,210,10001,"[0, 100000]","[0, 100000]",0,0,976,4052
yolov8x_training,6833.347511,71,123.279,13370.3125,100,210,10001,"[0, 100000]","[0, 100000]",0,0,1025,5468
yolov8x_training,6834.392383,70,124.199,13370.3125,100,210,10001,"[0, 100000]","[0, 100000]",0,0,1562,5712
yolov8x_training,6835.435187,71,124.124,13370.3125,100,210,10001,"[0, 100000]","[0, 100000]",0,0,1074,4980
yolov8x_training,6836.477886,70,124.577,13370.3125,100,210,10001,"[0, 100000]","[0, 100000]",0,0,1074,3808
yolov8x_training,6837.520712,70,123.521,13370.3125,100,210,10001,"[0, 100000]","[0, 100000]",0,0,1123,4638
yolov8x_training,6838.563524,70,122.850,13370.3125,100,225,10001,"[0, 100000]","[0, 100000]",0,0,1171,1953
yolov8x_training,6839.606336,70,124.721,13370.3125,100,210,10001,"[0, 100000]","[0, 100000]",0,0,1025,3173
yolov8x_training,6840.649147,70,122.774,13370.3125,100,225,10001,"[0, 100000]","[0, 100000]",0,0,1074,3710
yolov8x_training,6841.691967,70,125.648,13370.3125,100,210,10001,"[0, 100000]","[0, 100000]",0,0,341,341
yolov8x_training,6842.734591,70,125.327,13370.3125,100,210,10001,"[0, 100000]","[0, 100000]",0,0,341,1031250
yolov8x_training,6843.777223,70,123.637,13370.3125,100,210,10001,"[0, 100000]","[0, 100000]",0,0,90136,20312
yolov8x_training,6844.998680,69,125.689,13370.3125,96,210,10001,"[0, 100000]","[0, 100000]",0,0,10253,12255
yolov8x_training,6846.041589,69,123.629,13370.3125,90,210,10001,"[0, 100000]","[0, 100000]",0,0,1757,3466
yolov8x_training,6847.084383,69,122.277,13370.3125,100,210,10001,"[0, 100000]","[0, 100000]",0,0,1513,3125
yolov8x_training,6848.127112,70,122.181,13370.3125,100,210,10001,"[0, 100000]","[0, 100000]",0,0,1953,6005
yolov8x_training,6849.169936,70,123.434,13370.3125,100,210,10001,"[0, 100000]","[0, 100000]",0,0,927,4443
yolov8x_training,6850.212654,69,122.959,13370.3125,98,210,10001,"[0, 100000]","[0, 100000]",0,0,1513,9179
yolov8x_training,6851.256065,69,123.183,13370.3125,88,210,10001,"[0, 100000]","[0, 100000]",0,0,1074,4980
yolov8x_training,6852.298794,70,122.416,13370.3125,57,210,10001,"[0, 100000]","[0, 100000]",0,0,976,3808
yolov8x_training,6853.341700,70,124.334,13370.3125,42,210,10001,"[0, 100000]","[0, 100000]",0,0,1025,5029
yolov8x_training,6854.384474,70,122.385,13370.3125,27,210,10001,"[0, 100000]","[0, 100000]",0,0,781,3271
yolov8x_training,6855.427300,70,123.136,13370.3125,28,420,10001,"[0, 100000]","[0, 100000]",0,0,976,3417
yolov8x_training,6856.470131,70,124.576,13370.3125,18,210,10001,"[0, 100000]","[0, 100000]",0,0,732,1367
yolov8x_training,6857.512920,70,122.611,13370.3125,43,210,10001,"[0, 100000]","[0, 100000]",0,0,781,292
yolov8x_training,6858.555706,70,123.043,13370.3125,42,210,10001,"[0, 100000]","[0, 100000]",0,0,341,292
yolov8x_training,6859.598332,70,122.168,13370.3125,34,210,10001,"[0, 100000]","[0, 100000]",0,0,1953,5175
yolov8x_training,6860.817614,70,120.127,13370.3125,88,210,10001,"[0, 100000]","[0, 100000]",0,0,9472,36523
yolov8x_training,6861.860515,70,119.790,13370.3125,98,240,10001,"[0, 100000]","[0, 100000]",0,0,1562,6982
yolov8x_training,6862.903294,70,120.505,13370.3125,98,210,10001,"[0, 100000]","[0, 100000]",0,0,1074,4199
yolov8x_training,6863.946156,70,123.186,13370.3125,100,390,10001,"[0, 100000]","[0, 100000]",0,0,976,4150
yolov8x_training,6864.988881,70,122.079,13370.3125,100,225,10001,"[0, 100000]","[0, 100000]",0,0,1025,4199
yolov8x_training,6866.031666,70,119.725,13370.3125,100,210,10001,"[0, 100000]","[0, 100000]",0,0,2099,5175
yolov8x_training,6867.074409,70,120.843,13370.3125,100,210,10001,"[0, 100000]","[0, 100000]",0,0,1123,4785
yolov8x_training,6868.117234,70,124.391,13370.3125,100,225,10001,"[0, 100000]","[0, 100000]",0,0,976,4345
yolov8x_training,6869.159954,70,122.359,13370.3125,100,210,10001,"[0, 100000]","[0, 100000]",0,0,1025,4980
yolov8x_training,6870.202694,70,123.765,13370.3125,100,210,10001,"[0, 100000]","[0, 100000]",0,0,976,3955
yolov8x_training,6871.245428,70,122.324,13370.3125,100,210,10001,"[0, 100000]","[0, 100000]",0,0,927,3808
yolov8x_training,6872.288183,70,123.329,13370.3125,100,225,10001,"[0, 100000]","[0, 100000]",0,0,683,1708
yolov8x_training,6873.330987,70,123.646,13370.3125,100,210,10001,"[0, 100000]","[0, 100000]",0,0,292,292
yolov8x_training,6874.373616,70,123.636,13370.3125,100,210,10001,"[0, 100000]","[0, 100000]",0,0,341,292
yolov8x_training,6875.416121,70,122.986,13370.3125,100,210,10001,"[0, 100000]","[0, 100000]",0,0,3466,16162
yolov8x_training,6876.617630,70,125.107,13370.3125,97,210,10001,"[0, 100000]","[0, 100000]",0,0,1074,8056
yolov8x_training,6877.660405,70,124.560,13370.3125,98,210,10001,"[0, 100000]","[0, 100000]",0,0,1269,5468
yolov8x_training,6878.703169,70,122.598,13370.3125,97,210,10001,"[0, 100000]","[0, 100000]",0,0,1123,4980
yolov8x_training,6879.745842,70,124.250,13370.3125,98,210,10001,"[0, 100000]","[0, 100000]",0,0,1025,4296
yolov8x_training,6880.788607,70,123.542,13370.3125,100,210,10001,"[0, 100000]","[0, 100000]",0,0,1367,5126
yolov8x_training,6881.831359,70,123.991,13370.3125,100,225,10001,"[0, 100000]","[0, 100000]",0,0,1269,2685
yolov8x_training,6882.874155,70,124.051,13370.3125,100,210,10001,"[0, 100000]","[0, 100000]",0,0,1074,3466
yolov8x_training,6883.916934,70,123.329,13370.3125,100,420,10001,"[0, 100000]","[0, 100000]",0,0,781,2783
yolov8x_training,6884.959738,70,122.902,13370.3125,100,315,10001,"[0, 100000]","[0, 100000]",0,0,1123,3564
yolov8x_training,6886.002514,70,123.293,13370.3125,100,210,10001,"[0, 100000]","[0, 100000]",0,0,732,1464
yolov8x_training,6887.045290,70,124.371,13370.3125,100,210,10001,"[0, 100000]","[0, 100000]",0,0,634,341
yolov8x_training,6888.088001,70,123.831,13370.3125,100,210,10001,"[0, 100000]","[0, 100000]",0,0,15625,651171
yolov8x_training,6889.131019,70,121.578,13370.3125,100,210,10001,"[0, 100000]","[0, 100000]",0,0,1367,64062
yolov8x_training,6890.337552,70,121.480,13370.3125,100,210,10001,"[0, 100000]","[0, 100000]",0,0,1416,6250
yolov8x_training,6891.380641,70,121.614,13370.3125,100,210,10001,"[0, 100000]","[0, 100000]",0,0,1855,6933
yolov8x_training,6892.423321,70,118.819,13370.3125,100,210,10001,"[0, 100000]","[0, 100000]",0,0,1220,5468
yolov8x_training,6893.466033,70,119.711,13370.3125,100,210,10001,"[0, 100000]","[0, 100000]",0,0,1123,3369
yolov8x_training,6894.508772,70,121.038,13370.3125,100,210,10001,"[0, 100000]","[0, 100000]",0,0,976,3613
yolov8x_training,6895.551518,70,121.069,13370.3125,100,210,10001,"[0, 100000]","[0, 100000]",0,0,1171,12060
yolov8x_training,6896.594316,70,123.899,13370.3125,100,210,10001,"[0, 100000]","[0, 100000]",0,0,1171,5712
yolov8x_training,6897.637073,70,123.041,13370.3125,100,210,10001,"[0, 100000]","[0, 100000]",0,0,1123,3906
yolov8x_training,6898.679983,70,124.271,13370.3125,100,210,10001,"[0, 100000]","[0, 100000]",0,0,1025,3662
yolov8x_training,6899.722760,70,124.997,13370.3125,100,210,10001,"[0, 100000]","[0, 100000]",0,0,830,3125
yolov8x_training,6900.765455,70,124.329,13370.3125,100,210,10001,"[0, 100000]","[0, 100000]",0,0,976,3515
yolov8x_training,6901.808241,70,122.299,13370.3125,100,225,10001,"[0, 100000]","[0, 100000]",0,0,634,2734
yolov8x_training,6902.850991,70,123.894,13370.3125,100,225,10001,"[0, 100000]","[0, 100000]",0,0,292,341
yolov8x_training,6903.893601,70,123.601,13370.3125,100,210,10001,"[0, 100000]","[0, 100000]",0,0,3076,6787
yolov8x_training,6905.110168,70,124.502,13370.3125,100,210,10001,"[0, 100000]","[0, 100000]",0,0,9814,36230
yolov8x_training,6906.153059,70,124.000,13370.3125,100,210,10001,"[0, 100000]","[0, 100000]",0,0,1562,2685
yolov8x_training,6907.196030,69,124.114,13370.3125,100,210,10001,"[0, 100000]","[0, 100000]",0,0,1171,3466
yolov8x_training,6908.238809,69,123.977,13370.3125,100,210,10001,"[0, 100000]","[0, 100000]",0,0,1123,4736
yolov8x_training,6909.281606,71,122.066,13370.3125,100,210,10001,"[0, 100000]","[0, 100000]",0,0,2294,3906
yolov8x_training,6910.324359,70,122.539,13370.3125,100,210,10001,"[0, 100000]","[0, 100000]",0,0,927,4785
yolov8x_training,6911.367066,70,121.934,13370.3125,100,210,10001,"[0, 100000]","[0, 100000]",0,0,1367,5664
yolov8x_training,6912.410129,70,123.120,13370.3125,100,210,10001,"[0, 100000]","[0, 100000]",0,0,1123,3955
yolov8x_training,6913.452919,70,121.383,13370.3125,100,210,10001,"[0, 100000]","[0, 100000]",0,0,1025,4101
yolov8x_training,6914.495676,70,122.342,13370.3125,100,210,10001,"[0, 100000]","[0, 100000]",0,0,1025,3808
yolov8x_training,6915.538396,70,122.640,13370.3125,100,210,10001,"[0, 100000]","[0, 100000]",0,0,1025,3417
yolov8x_training,6916.581235,70,123.274,13370.3125,100,210,10001,"[0, 100000]","[0, 100000]",0,0,830,1220
yolov8x_training,6917.624090,70,124.447,13370.3125,100,210,10001,"[0, 100000]","[0, 100000]",0,0,10449,38330
yolov8x_training,6918.667035,70,124.196,13370.3125,99,210,10001,"[0, 100000]","[0, 100000]",0,0,341,292
yolov8x_training,6919.710100,70,123.587,13370.3125,100,210,10001,"[0, 100000]","[0, 100000]",0,0,341,1039599
yolov8x_training,6920.925434,71,124.579,13370.3125,93,210,10001,"[0, 100000]","[0, 100000]",0,0,8740,41845
yolov8x_training,6921.968324,70,125.513,13370.3125,83,210,10001,"[0, 100000]","[0, 100000]",0,0,8544,34423
yolov8x_training,6923.011206,71,122.771,13370.3125,90,300,10001,"[0, 100000]","[0, 100000]",0,0,1708,3759
yolov8x_training,6924.053890,70,124.598,13370.3125,77,360,10001,"[0, 100000]","[0, 100000]",0,0,1318,5615
yolov8x_training,6925.096643,70,122.134,13370.3125,71,390,10001,"[0, 100000]","[0, 100000]",0,0,976,4345
yolov8x_training,6926.139351,71,123.240,13370.3125,88,375,10001,"[0, 100000]","[0, 100000]",0,0,1074,4492
yolov8x_training,6927.182128,70,123.347,13370.3125,56,210,10001,"[0, 100000]","[0, 100000]",0,0,1025,5517
yolov8x_training,6928.224839,70,124.813,13370.3125,18,210,10001,"[0, 100000]","[0, 100000]",0,0,976,4052
yolov8x_training,6929.267752,70,123.003,13370.3125,42,210,10001,"[0, 100000]","[0, 100000]",0,0,1074,4101
yolov8x_training,6930.310525,70,123.577,13370.3125,28,240,10001,"[0, 100000]","[0, 100000]",0,0,1025,3417
yolov8x_training,6931.353404,70,124.527,13370.3125,35,225,10001,"[0, 100000]","[0, 100000]",0,0,976,3662
yolov8x_training,6932.396403,70,124.583,13370.3125,79,210,10001,"[0, 100000]","[0, 100000]",0,0,878,878
yolov8x_training,6933.439335,70,122.883,13370.3125,100,210,10001,"[0, 100000]","[0, 100000]",0,0,5419,89648
yolov8x_training,6934.482434,70,123.534,13370.3125,61,210,10001,"[0, 100000]","[0, 100000]",0,0,341,292
yolov8x_training,6935.525231,70,125.031,13370.3125,77,1545,10001,"[0, 100000]","[0, 100000]",0,0,1611,4980
yolov8x_training,6936.568614,70,122.973,13370.3125,100,990,10001,"[0, 100000]","[0, 100000]",0,0,9667,36718
yolov8x_training,6937.794843,70,120.010,13370.3125,100,1065,10001,"[0, 100000]","[0, 100000]",0,0,7763,4736
yolov8x_training,6938.837563,70,120.301,13370.3125,100,1065,10001,"[0, 100000]","[0, 100000]",0,0,1123,5468
yolov8x_training,6939.880236,71,124.774,13370.3125,100,2445,10001,"[0, 100000]","[0, 100000]",0,0,976,4199
yolov8x_training,6940.923022,70,125.507,13370.3125,100,870,10001,"[0, 100000]","[0, 100000]",0,0,1074,12939
yolov8x_training,6941.965801,70,127.357,13370.3125,100,1170,10001,"[0, 100000]","[0, 100000]",0,0,1123,4980
yolov8x_training,6943.008512,70,128.624,13370.3125,100,225,10001,"[0, 100000]","[0, 100000]",0,0,1025,4101
yolov8x_training,6944.051250,70,125.842,13370.3125,100,210,10001,"[0, 100000]","[0, 100000]",0,0,1025,3564
yolov8x_training,6945.094016,70,123.552,13370.3125,100,225,10001,"[0, 100000]","[0, 100000]",0,0,781,3125
yolov8x_training,6946.136827,70,121.866,13370.3125,100,210,10001,"[0, 100000]","[0, 100000]",0,0,732,3369
yolov8x_training,6947.179629,70,123.266,13370.3125,100,225,10001,"[0, 100000]","[0, 100000]",0,0,927,4150
yolov8x_training,6948.222388,70,122.657,13370.3125,100,210,10001,"[0, 100000]","[0, 100000]",0,0,781,1367
yolov8x_training,6949.265144,70,124.109,13370.3125,98,210,10001,"[0, 100000]","[0, 100000]",0,0,5029,292
yolov8x_training,6950.307760,70,122.873,13370.3125,100,210,10001,"[0, 100000]","[0, 100000]",0,0,341,292
yolov8x_training,6951.350313,69,123.972,13370.3125,97,225,10001,"[0, 100000]","[0, 100000]",0,0,3369,63916
yolov8x_training,6952.560475,69,124.273,13370.3125,97,210,10001,"[0, 100000]","[0, 100000]",0,0,4492,2587
yolov8x_training,6953.603352,69,124.659,13370.3125,97,210,10001,"[0, 100000]","[0, 100000]",0,0,878,9570
yolov8x_training,6954.646138,69,123.502,13370.3125,98,210,10001,"[0, 100000]","[0, 100000]",0,0,976,4394
yolov8x_training,6955.688832,71,121.743,13370.3125,100,210,10001,"[0, 100000]","[0, 100000]",0,0,1123,5419
yolov8x_training,6956.731576,70,121.315,13370.3125,100,225,10001,"[0, 100000]","[0, 100000]",0,0,1123,12646
yolov8x_training,6957.774380,69,122.987,13370.3125,100,210,10001,"[0, 100000]","[0, 100000]",0,0,1025,4931
yolov8x_training,6958.817140,70,122.016,13370.3125,100,210,10001,"[0, 100000]","[0, 100000]",0,0,1220,3710
yolov8x_training,6959.859807,70,122.302,13370.3125,100,210,10001,"[0, 100000]","[0, 100000]",0,0,1074,4150
yolov8x_training,6960.902635,70,122.600,13370.3125,100,210,10001,"[0, 100000]","[0, 100000]",0,0,927,4101
yolov8x_training,6961.945344,70,122.471,13370.3125,100,210,10001,"[0, 100000]","[0, 100000]",0,0,878,2832
yolov8x_training,6962.988041,70,123.581,13370.3125,100,210,10001,"[0, 100000]","[0, 100000]",0,0,1025,2197
yolov8x_training,6964.030853,70,122.073,13370.3125,100,210,10001,"[0, 100000]","[0, 100000]",0,0,585,2246
yolov8x_training,6965.073658,70,122.552,13370.3125,100,210,10001,"[0, 100000]","[0, 100000]",0,0,4833,292
yolov8x_training,6966.116313,70,125.589,13370.3125,100,210,10001,"[0, 100000]","[0, 100000]",0,0,2929,5224
yolov8x_training,6967.159507,70,123.854,13370.3125,100,210,10001,"[0, 100000]","[0, 100000]",0,0,1171,64843
yolov8x_training,6968.377636,70,124.339,13370.3125,100,210,10001,"[0, 100000]","[0, 100000]",0,0,1123,7763
yolov8x_training,6969.420403,70,124.705,13370.3125,100,210,10001,"[0, 100000]","[0, 100000]",0,0,1611,4443
yolov8x_training,6970.463120,70,123.760,13370.3125,100,210,10001,"[0, 100000]","[0, 100000]",0,0,2050,5517
yolov8x_training,6971.505890,70,123.970,13370.3125,100,255,10001,"[0, 100000]","[0, 100000]",0,0,1074,3906
yolov8x_training,6972.548713,70,123.782,13370.3125,100,225,10001,"[0, 100000]","[0, 100000]",0,0,1123,5664
yolov8x_training,6973.591432,70,124.037,13370.3125,100,210,10001,"[0, 100000]","[0, 100000]",0,0,1416,7958
yolov8x_training,6974.634204,70,124.748,13370.3125,100,210,10001,"[0, 100000]","[0, 100000]",0,0,1318,2832
yolov8x_training,6975.676976,70,122.052,13370.3125,100,210,10001,"[0, 100000]","[0, 100000]",0,0,1123,3515
yolov8x_training,6976.719744,70,124.306,13370.3125,100,210,10001,"[0, 100000]","[0, 100000]",0,0,1074,4345
yolov8x_training,6977.762565,70,124.812,13370.3125,100,210,10001,"[0, 100000]","[0, 100000]",0,0,830,3027
yolov8x_training,6978.805468,70,124.397,13370.3125,100,210,10001,"[0, 100000]","[0, 100000]",0,0,1123,1025
yolov8x_training,6979.848324,70,124.377,13370.3125,100,210,10001,"[0, 100000]","[0, 100000]",0,0,292,292
yolov8x_training,6980.891004,70,122.808,13370.3125,100,210,10001,"[0, 100000]","[0, 100000]",0,0,341,292
yolov8x_training,6982.091119,70,124.053,13370.3125,100,210,10001,"[0, 100000]","[0, 100000]",0,0,9423,39013
yolov8x_training,6983.134118,70,123.785,13370.3125,100,210,10001,"[0, 100000]","[0, 100000]",0,0,1855,5029
yolov8x_training,6984.176822,69,124.503,13370.3125,100,210,10001,"[0, 100000]","[0, 100000]",0,0,1074,3710
yolov8x_training,6985.219584,69,123.450,13370.3125,100,210,10001,"[0, 100000]","[0, 100000]",0,0,976,3906
yolov8x_training,6986.262252,69,123.714,13370.3125,100,210,10001,"[0, 100000]","[0, 100000]",0,0,1025,4052
yolov8x_training,6987.305028,70,123.049,13370.3125,100,210,10001,"[0, 100000]","[0, 100000]",0,0,1123,6494
yolov8x_training,6988.348445,70,124.253,13370.3125,100,210,10001,"[0, 100000]","[0, 100000]",0,0,1171,4589
yolov8x_training,6989.391223,70,124.407,13370.3125,100,210,10001,"[0, 100000]","[0, 100000]",0,0,1123,2929
yolov8x_training,6990.434044,70,123.752,13370.3125,100,210,10001,"[0, 100000]","[0, 100000]",0,0,1025,3955
yolov8x_training,6991.476912,70,122.680,13370.3125,100,210,10001,"[0, 100000]","[0, 100000]",0,0,878,3466
yolov8x_training,6992.519945,70,123.329,13370.3125,100,210,10001,"[0, 100000]","[0, 100000]",0,0,1074,1318
yolov8x_training,6993.562768,70,121.435,13370.3125,99,210,10001,"[0, 100000]","[0, 100000]",0,0,830,1513
yolov8x_training,6994.605763,70,122.572,13370.3125,100,210,10001,"[0, 100000]","[0, 100000]",0,0,585,2539
yolov8x_training,6995.648620,70,125.083,13370.3125,100,210,10001,"[0, 100000]","[0, 100000]",0,0,341,1030224
yolov8x_training,6996.691532,70,123.134,13370.3125,87,210,10001,"[0, 100000]","[0, 100000]",0,0,341,1033642
yolov8x_training,6997.734159,70,122.515,13370.3125,100,210,10001,"[0, 100000]","[0, 100000]",0,0,3076,19873
yolov8x_training,6998.941597,71,125.334,13370.3125,85,210,10001,"[0, 100000]","[0, 100000]",0,0,1220,7324
yolov8x_training,6999.984448,70,125.577,13370.3125,56,210,10001,"[0, 100000]","[0, 100000]",0,0,2050,5468
yolov8x_training,7001.027290,70,124.835,13370.3125,67,345,10001,"[0, 100000]","[0, 100000]",0,0,1660,4736
yolov8x_training,7002.070085,71,122.738,13370.3125,78,210,10001,"[0, 100000]","[0, 100000]",0,0,976,3564
yolov8x_training,7003.112865,70,123.232,13370.3125,33,255,10001,"[0, 100000]","[0, 100000]",0,0,1123,10839
yolov8x_training,7004.155629,70,123.019,13370.3125,19,240,10001,"[0, 100000]","[0, 100000]",0,0,1123,5664
yolov8x_training,7005.198329,70,124.471,13370.3125,36,210,10001,"[0, 100000]","[0, 100000]",0,0,976,3466
yolov8x_training,7006.241146,70,121.644,13370.3125,25,255,10001,"[0, 100000]","[0, 100000]",0,0,976,4199
yolov8x_training,7007.283884,70,124.304,13370.3125,18,210,10001,"[0, 100000]","[0, 100000]",0,0,878,2978
yolov8x_training,7008.326685,70,125.635,13370.3125,56,210,10001,"[0, 100000]","[0, 100000]",0,0,1025,3759
yolov8x_training,7009.369580,70,124.806,13370.3125,59,210,10001,"[0, 100000]","[0, 100000]",0,0,439,2587
yolov8x_training,7010.412535,70,124.757,13370.3125,95,210,10001,"[0, 100000]","[0, 100000]",0,0,341,292
yolov8x_training,7011.455204,70,122.935,13370.3125,100,210,10001,"[0, 100000]","[0, 100000]",0,0,341,1030957
yolov8x_training,7012.497972,70,124.756,13370.3125,100,225,10001,"[0, 100000]","[0, 100000]",0,0,90820,6396
yolov8x_training,7013.541316,70,122.325,13370.3125,100,1530,10001,"[0, 100000]","[0, 100000]",0,0,1171,4833
yolov8x_training,7014.584361,70,122.246,13370.3125,85,960,10001,"[0, 100000]","[0, 100000]",0,0,976,6787
yolov8x_training,7015.794792,70,120.081,13370.3125,70,720,10001,"[0, 100000]","[0, 100000]",0,0,7666,6738
yolov8x_training,7016.837770,70,121.826,13370.3125,39,345,10001,"[0, 100000]","[0, 100000]",0,0,1318,3125
yolov8x_training,7017.880573,70,120.990,13370.3125,69,1245,10001,"[0, 100000]","[0, 100000]",0,0,2099,6347
yolov8x_training,7018.923407,70,127.400,13370.3125,75,1005,10001,"[0, 100000]","[0, 100000]",0,0,878,4394
yolov8x_training,7019.966121,70,128.723,13370.3125,100,2250,10001,"[0, 100000]","[0, 100000]",0,0,1904,5322
yolov8x_training,7021.008919,70,126.415,13370.3125,100,210,10001,"[0, 100000]","[0, 100000]",0,0,2099,3710
yolov8x_training,7022.051743,70,124.604,13370.3125,100,210,10001,"[0, 100000]","[0, 100000]",0,0,1220,3076
yolov8x_training,7023.094515,71,127.188,13370.3125,100,210,10001,"[0, 100000]","[0, 100000]",0,0,1025,4248
yolov8x_training,7024.137357,70,123.749,13370.3125,100,210,10001,"[0, 100000]","[0, 100000]",0,0,878,3076
yolov8x_training,7025.180305,71,123.684,13370.3125,100,210,10001,"[0, 100000]","[0, 100000]",0,0,976,3222
yolov8x_training,7026.223175,71,122.654,13370.3125,100,210,10001,"[0, 100000]","[0, 100000]",0,0,927,4199
yolov8x_training,7027.265988,70,123.567,13370.3125,97,210,10001,"[0, 100000]","[0, 100000]",0,0,634,2148
yolov8x_training,7028.309091,70,122.849,13370.3125,98,210,10001,"[0, 100000]","[0, 100000]",0,0,5224,93408
yolov8x_training,7029.352427,70,122.715,13370.3125,100,210,10001,"[0, 100000]","[0, 100000]",0,0,439,292
yolov8x_training,7030.395125,70,123.158,13370.3125,100,210,10001,"[0, 100000]","[0, 100000]",0,0,390,292
yolov8x_training,7031.437746,70,123.889,13370.3125,97,210,10001,"[0, 100000]","[0, 100000]",0,0,1171,4638
yolov8x_training,7032.480512,70,122.307,13370.3125,100,210,10001,"[0, 100000]","[0, 100000]",0,0,1171,4882
yolov8x_training,7033.671537,70,124.771,13370.3125,100,1455,10001,"[0, 100000]","[0, 100000]",0,0,9521,37841
yolov8x_training,7034.714359,70,123.649,13370.3125,100,210,10001,"[0, 100000]","[0, 100000]",0,0,1025,8886
yolov8x_training,7035.757238,70,124.276,13370.3125,96,210,10001,"[0, 100000]","[0, 100000]",0,0,1123,4345
yolov8x_training,7036.800033,70,123.706,13370.3125,98,210,10001,"[0, 100000]","[0, 100000]",0,0,1025,3320
yolov8x_training,7037.842785,70,122.411,13370.3125,98,210,10001,"[0, 100000]","[0, 100000]",0,0,1123,4833
yolov8x_training,7038.885853,70,124.470,13370.3125,97,210,10001,"[0, 100000]","[0, 100000]",0,0,1269,4980
yolov8x_training,7039.928655,70,122.554,13370.3125,100,210,10001,"[0, 100000]","[0, 100000]",0,0,927,4345
yolov8x_training,7040.971516,70,122.483,13370.3125,98,210,10001,"[0, 100000]","[0, 100000]",0,0,976,3173
yolov8x_training,7042.014346,70,124.027,13370.3125,98,210,10001,"[0, 100000]","[0, 100000]",0,0,1074,3613
yolov8x_training,7043.057106,70,122.922,13370.3125,100,210,10001,"[0, 100000]","[0, 100000]",0,0,976,3662
yolov8x_training,7044.099853,70,122.181,13370.3125,100,210,10001,"[0, 100000]","[0, 100000]",0,0,976,3759
yolov8x_training,7045.142684,70,125.302,13370.3125,100,210,10001,"[0, 100000]","[0, 100000]",0,0,683,2099
yolov8x_training,7046.185405,70,123.698,13370.3125,100,210,10001,"[0, 100000]","[0, 100000]",0,0,488,292
yolov8x_training,7047.228149,70,125.932,13370.3125,100,210,10001,"[0, 100000]","[0, 100000]",0,0,72314,5810
yolov8x_training,7048.271618,70,122.925,13370.3125,100,210,10001,"[0, 100000]","[0, 100000]",0,0,9521,9716
yolov8x_training,7049.314356,69,123.884,13370.3125,100,210,10001,"[0, 100000]","[0, 100000]",0,0,1123,61230
yolov8x_training,7050.539464,69,124.435,13370.3125,100,210,10001,"[0, 100000]","[0, 100000]",0,0,1513,2001
yolov8x_training,7051.582239,69,124.446,13370.3125,100,210,10001,"[0, 100000]","[0, 100000]",0,0,1855,7568
yolov8x_training,7052.625100,69,124.085,13370.3125,100,210,10001,"[0, 100000]","[0, 100000]",0,0,1171,5126
yolov8x_training,7053.667825,69,124.389,13370.3125,100,210,10001,"[0, 100000]","[0, 100000]",0,0,878,5175
yolov8x_training,7054.710721,72,123.461,13370.3125,100,210,10001,"[0, 100000]","[0, 100000]",0,0,1074,12646
yolov8x_training,7055.753611,73,124.489,13370.3125,100,210,10001,"[0, 100000]","[0, 100000]",0,0,1171,5664
yolov8x_training,7056.796323,73,122.826,13370.3125,100,390,10001,"[0, 100000]","[0, 100000]",0,0,1123,2880
yolov8x_training,7057.839068,70,122.864,13370.3125,100,360,10001,"[0, 100000]","[0, 100000]",0,0,1074,3515
yolov8x_training,7058.881781,70,124.921,13370.3125,100,210,10001,"[0, 100000]","[0, 100000]",0,0,1123,2392
yolov8x_training,7059.924631,70,123.177,13370.3125,100,255,10001,"[0, 100000]","[0, 100000]",0,0,1074,3906
yolov8x_training,7060.967516,70,122.950,13370.3125,100,210,10001,"[0, 100000]","[0, 100000]",0,0,976,3564
yolov8x_training,7062.010517,70,121.768,13370.3125,100,210,10001,"[0, 100000]","[0, 100000]",0,0,878,2929
yolov8x_training,7063.053444,70,122.229,13370.3125,100,210,10001,"[0, 100000]","[0, 100000]",0,0,439,2392
yolov8x_training,7064.096355,70,122.877,13370.3125,100,210,10001,"[0, 100000]","[0, 100000]",0,0,14990,292
yolov8x_training,7065.139518,70,123.124,13370.3125,100,210,10001,"[0, 100000]","[0, 100000]",0,0,341,341
yolov8x_training,7066.182119,70,123.419,13370.3125,100,210,10001,"[0, 100000]","[0, 100000]",0,0,341,1037402
yolov8x_training,7067.224792,70,125.260,13370.3125,100,210,10001,"[0, 100000]","[0, 100000]",0,0,1025,62695
yolov8x_training,7068.461291,72,123.249,13370.3125,100,210,10001,"[0, 100000]","[0, 100000]",0,0,9716,35205
yolov8x_training,7069.504210,73,123.365,13370.3125,100,210,10001,"[0, 100000]","[0, 100000]",0,0,1757,3320
yolov8x_training,7070.547023,72,124.537,13370.3125,100,315,10001,"[0, 100000]","[0, 100000]",0,0,1269,5468
yolov8x_training,7071.589746,71,124.581,13370.3125,100,255,10001,"[0, 100000]","[0, 100000]",0,0,976,5175
yolov8x_training,7072.632592,71,124.699,13370.3125,100,240,10001,"[0, 100000]","[0, 100000]",0,0,1123,8447
yolov8x_training,7073.675321,70,125.087,13370.3125,100,210,10001,"[0, 100000]","[0, 100000]",0,0,1220,5468
yolov8x_training,7074.718066,70,123.964,13370.3125,100,210,10001,"[0, 100000]","[0, 100000]",0,0,927,4394
yolov8x_training,7075.760815,70,124.800,13370.3125,100,210,10001,"[0, 100000]","[0, 100000]",0,0,1074,4003
yolov8x_training,7076.803613,70,124.955,13370.3125,100,210,10001,"[0, 100000]","[0, 100000]",0,0,927,3271
yolov8x_training,7077.846462,70,123.005,13370.3125,100,210,10001,"[0, 100000]","[0, 100000]",0,0,1025,3662
yolov8x_training,7078.889228,70,124.940,13370.3125,100,210,10001,"[0, 100000]","[0, 100000]",0,0,976,390
yolov8x_training,7079.932030,70,123.724,13370.3125,100,225,10001,"[0, 100000]","[0, 100000]",0,0,341,292
yolov8x_training,7080.974579,70,123.699,13370.3125,100,210,10001,"[0, 100000]","[0, 100000]",0,0,90185,7031
yolov8x_training,7082.017656,70,122.267,13370.3125,100,1755,10001,"[0, 100000]","[0, 100000]",0,0,2001,4833
yolov8x_training,7083.060832,70,122.899,13370.3125,100,1755,10001,"[0, 100000]","[0, 100000]",0,0,1123,64746
yolov8x_training,7084.282086,70,126.217,13370.3125,100,915,10001,"[0, 100000]","[0, 100000]",0,0,8691,34423
yolov8x_training,7085.325044,70,125.279,13370.3125,100,1035,10001,"[0, 100000]","[0, 100000]",0,0,1660,3710
yolov8x_training,7086.367800,70,125.565,13370.3125,100,1500,10001,"[0, 100000]","[0, 100000]",0,0,1953,5419
yolov8x_training,7087.410594,70,125.074,13370.3125,100,1470,10001,"[0, 100000]","[0, 100000]",0,0,1171,4052
yolov8x_training,7088.453406,70,125.226,13370.3125,100,435,10001,"[0, 100000]","[0, 100000]",0,0,976,3857
yolov8x_training,7089.496104,70,123.976,13370.3125,100,330,10001,"[0, 100000]","[0, 100000]",0,0,976,5322
yolov8x_training,7090.538939,70,123.472,13370.3125,100,210,10001,"[0, 100000]","[0, 100000]",0,0,1123,6933
yolov8x_training,7091.581917,70,123.797,13370.3125,100,210,10001,"[0, 100000]","[0, 100000]",0,0,1074,5029
yolov8x_training,7092.624768,70,123.502,13370.3125,100,225,10001,"[0, 100000]","[0, 100000]",0,0,1074,4931
yolov8x_training,7093.667523,70,124.773,13370.3125,100,210,10001,"[0, 100000]","[0, 100000]",0,0,781,4492
yolov8x_training,7094.710280,70,124.528,13370.3125,100,210,10001,"[0, 100000]","[0, 100000]",0,0,1025,4492
yolov8x_training,7095.753030,70,123.897,13370.3125,100,210,10001,"[0, 100000]","[0, 100000]",0,0,976,3662
yolov8x_training,7096.795787,70,124.341,13370.3125,100,210,10001,"[0, 100000]","[0, 100000]",0,0,976,3222
yolov8x_training,7097.838599,70,123.560,13370.3125,100,225,10001,"[0, 100000]","[0, 100000]",0,0,781,341
yolov8x_training,7098.881288,70,122.129,13370.3125,100,210,10001,"[0, 100000]","[0, 100000]",0,0,341,341
yolov8x_training,7099.923920,70,122.146,13370.3125,100,210,10001,"[0, 100000]","[0, 100000]",0,0,2636,341
yolov8x_training,7100.966650,70,123.533,13370.3125,100,210,10001,"[0, 100000]","[0, 100000]",0,0,341,1035888
yolov8x_training,7102.009462,70,123.921,13370.3125,100,2505,10001,"[0, 100000]","[0, 100000]",0,0,2148,4736
yolov8x_training,7103.231353,70,128.058,13370.3125,100,1530,10001,"[0, 100000]","[0, 100000]",0,0,1171,9082
yolov8x_training,7104.274195,70,127.316,13370.3125,100,210,10001,"[0, 100000]","[0, 100000]",0,0,1367,6640
yolov8x_training,7105.317035,70,125.950,13370.3125,100,2505,10001,"[0, 100000]","[0, 100000]",0,0,1123,6396
yolov8x_training,7106.359839,70,125.053,13370.3125,100,2070,10001,"[0, 100000]","[0, 100000]",0,0,927,11181
yolov8x_training,7107.402644,70,124.792,13370.3125,100,1530,10001,"[0, 100000]","[0, 100000]",0,0,1220,5419
yolov8x_training,7108.445522,70,120.275,13370.3125,100,480,10001,"[0, 100000]","[0, 100000]",0,0,1074,4589
yolov8x_training,7109.488270,70,120.221,13370.3125,100,345,10001,"[0, 100000]","[0, 100000]",0,0,1074,5224
yolov8x_training,7110.531079,70,123.536,13370.3125,100,210,10001,"[0, 100000]","[0, 100000]",0,0,1123,7666
yolov8x_training,7111.573752,70,125.337,13370.3125,100,210,10001,"[0, 100000]","[0, 100000]",0,0,1123,5761
yolov8x_training,7112.616621,70,123.985,13370.3125,100,210,10001,"[0, 100000]","[0, 100000]",0,0,927,3320
yolov8x_training,7113.659584,70,123.534,13370.3125,100,225,10001,"[0, 100000]","[0, 100000]",0,0,927,4492
yolov8x_training,7114.702325,70,122.912,13370.3125,100,225,10001,"[0, 100000]","[0, 100000]",0,0,781,2636
yolov8x_training,7115.745180,70,121.946,13370.3125,100,210,10001,"[0, 100000]","[0, 100000]",0,0,976,3759
yolov8x_training,7116.788015,70,122.512,13370.3125,100,210,10001,"[0, 100000]","[0, 100000]",0,0,1025,3076
yolov8x_training,7117.830872,70,123.751,13370.3125,100,210,10001,"[0, 100000]","[0, 100000]",0,0,1123,1904
yolov8x_training,7118.873778,70,124.174,13370.3125,100,225,10001,"[0, 100000]","[0, 100000]",0,0,292,341
yolov8x_training,7119.916427,70,123.359,13370.3125,100,210,10001,"[0, 100000]","[0, 100000]",0,0,341,292
yolov8x_training,7120.959035,70,123.695,13370.3125,100,210,10001,"[0, 100000]","[0, 100000]",0,0,3271,14550
yolov8x_training,7122.166432,70,126.894,13370.3125,100,210,10001,"[0, 100000]","[0, 100000]",0,0,9228,17968
yolov8x_training,7123.209226,70,122.308,13370.3125,100,210,10001,"[0, 100000]","[0, 100000]",0,0,3808,2539
yolov8x_training,7124.251986,70,123.115,13370.3125,100,210,10001,"[0, 100000]","[0, 100000]",0,0,976,8496
yolov8x_training,7125.294769,70,128.751,13370.3125,100,210,10001,"[0, 100000]","[0, 100000]",0,0,1269,4394
yolov8x_training,7126.337530,70,127.920,13370.3125,100,210,10001,"[0, 100000]","[0, 100000]",0,0,1025,3857
yolov8x_training,7127.380273,70,123.959,13370.3125,100,210,10001,"[0, 100000]","[0, 100000]",0,0,1123,9960
yolov8x_training,7128.423081,70,124.785,13370.3125,100,210,10001,"[0, 100000]","[0, 100000]",0,0,1171,4492
yolov8x_training,7129.465900,70,124.659,13370.3125,100,210,10001,"[0, 100000]","[0, 100000]",0,0,1025,4296
yolov8x_training,7130.508696,70,123.311,13370.3125,100,210,10001,"[0, 100000]","[0, 100000]",0,0,976,4345
yolov8x_training,7131.551441,70,124.114,13370.3125,100,210,10001,"[0, 100000]","[0, 100000]",0,0,1025,3808
yolov8x_training,7132.594342,70,123.210,13370.3125,100,210,10001,"[0, 100000]","[0, 100000]",0,0,1123,3515
yolov8x_training,7133.637367,70,123.954,13370.3125,100,210,10001,"[0, 100000]","[0, 100000]",0,0,537,2539
yolov8x_training,7134.680379,70,125.173,13370.3125,100,210,10001,"[0, 100000]","[0, 100000]",0,0,341,292
yolov8x_training,7135.722989,70,125.574,13370.3125,56,210,10001,"[0, 100000]","[0, 100000]",0,0,2880,5810
yolov8x_training,7136.937327,70,124.062,13370.3125,31,210,10001,"[0, 100000]","[0, 100000]",0,0,9375,28515
yolov8x_training,7137.980216,70,123.496,13370.3125,25,210,10001,"[0, 100000]","[0, 100000]",0,0,781,9960
yolov8x_training,7139.023010,70,123.863,13370.3125,21,375,10001,"[0, 100000]","[0, 100000]",0,0,1269,8300
yolov8x_training,7140.065723,70,123.015,13370.3125,61,285,10001,"[0, 100000]","[0, 100000]",0,0,1464,5371
yolov8x_training,7141.108519,70,124.275,13370.3125,56,210,10001,"[0, 100000]","[0, 100000]",0,0,1025,3759
yolov8x_training,7142.151296,70,124.215,13370.3125,18,210,10001,"[0, 100000]","[0, 100000]",0,0,1025,12353
yolov8x_training,7143.194151,70,123.996,13370.3125,19,255,10001,"[0, 100000]","[0, 100000]",0,0,1220,5664
yolov8x_training,7144.236869,70,123.285,13370.3125,26,210,10001,"[0, 100000]","[0, 100000]",0,0,1074,4052
yolov8x_training,7145.279630,70,122.859,13370.3125,21,225,10001,"[0, 100000]","[0, 100000]",0,0,976,4443
yolov8x_training,7146.322394,70,124.254,13370.3125,18,210,10001,"[0, 100000]","[0, 100000]",0,0,1220,2490
yolov8x_training,7147.365498,70,123.573,13370.3125,63,210,10001,"[0, 100000]","[0, 100000]",0,0,976,3417
yolov8x_training,7148.408395,70,125.055,13370.3125,35,210,10001,"[0, 100000]","[0, 100000]",0,0,1074,2001
yolov8x_training,7149.451370,70,124.807,13370.3125,77,210,10001,"[0, 100000]","[0, 100000]",0,0,341,292
yolov8x_training,7150.494026,70,123.256,13370.3125,100,210,10001,"[0, 100000]","[0, 100000]",0,0,341,341
yolov8x_training,7151.536511,70,122.848,13370.3125,100,585,10001,"[0, 100000]","[0, 100000]",0,0,341,1037548
yolov8x_training,7152.731905,70,125.816,13370.3125,100,2070,10001,"[0, 100000]","[0, 100000]",0,0,9375,38916
yolov8x_training,7153.774855,70,125.899,13370.3125,100,210,10001,"[0, 100000]","[0, 100000]",0,0,1171,8935
yolov8x_training,7154.817620,70,127.392,13370.3125,100,2385,10001,"[0, 100000]","[0, 100000]",0,0,1171,5517
yolov8x_training,7155.860281,70,127.874,13370.3125,100,210,10001,"[0, 100000]","[0, 100000]",0,0,1025,3466
yolov8x_training,7156.903070,70,128.170,13370.3125,100,210,10001,"[0, 100000]","[0, 100000]",0,0,1074,4833
yolov8x_training,7157.945873,70,127.085,13370.3125,100,210,10001,"[0, 100000]","[0, 100000]",0,0,1269,11572
yolov8x_training,7158.988728,70,123.492,13370.3125,100,210,10001,"[0, 100000]","[0, 100000]",0,0,927,5712
yolov8x_training,7160.031447,70,125.661,13370.3125,100,210,10001,"[0, 100000]","[0, 100000]",0,0,1123,4833
yolov8x_training,7161.074186,70,127.883,13370.3125,100,210,10001,"[0, 100000]","[0, 100000]",0,0,1025,4003
yolov8x_training,7162.117156,70,122.364,13370.3125,100,210,10001,"[0, 100000]","[0, 100000]",0,0,927,4687
yolov8x_training,7163.159994,70,123.295,13370.3125,100,225,10001,"[0, 100000]","[0, 100000]",0,0,976,3955
yolov8x_training,7164.202743,70,122.608,13370.3125,100,210,10001,"[0, 100000]","[0, 100000]",0,0,976,3417
yolov8x_training,7165.245559,70,123.171,13370.3125,100,210,10001,"[0, 100000]","[0, 100000]",0,0,1074,2294
yolov8x_training,7166.288283,70,121.727,13370.3125,100,210,10001,"[0, 100000]","[0, 100000]",0,0,439,2539
yolov8x_training,7167.331053,70,123.283,13370.3125,100,210,10001,"[0, 100000]","[0, 100000]",0,0,9472,58203
yolov8x_training,7168.373749,70,122.758,13370.3125,100,210,10001,"[0, 100000]","[0, 100000]",0,0,341,292
yolov8x_training,7169.416401,70,124.179,13370.3125,100,210,10001,"[0, 100000]","[0, 100000]",0,0,90576,21875
yolov8x_training,7170.627603,70,123.845,13370.3125,97,210,10001,"[0, 100000]","[0, 100000]",0,0,7275,49511
yolov8x_training,7171.670322,70,124.035,13370.3125,99,210,10001,"[0, 100000]","[0, 100000]",0,0,3466,2343
yolov8x_training,7172.713133,70,123.657,13370.3125,100,210,10001,"[0, 100000]","[0, 100000]",0,0,1318,5615
yolov8x_training,7173.755857,69,123.580,13370.3125,98,210,10001,"[0, 100000]","[0, 100000]",0,0,1123,3955
yolov8x_training,7174.798797,69,124.409,13370.3125,97,210,10001,"[0, 100000]","[0, 100000]",0,0,1171,5615
yolov8x_training,7175.841746,70,123.740,13370.3125,98,210,10001,"[0, 100000]","[0, 100000]",0,0,1318,9619
yolov8x_training,7176.884513,70,122.950,13370.3125,97,210,10001,"[0, 100000]","[0, 100000]",0,0,1025,5517
yolov8x_training,7177.927256,70,124.293,13370.3125,96,210,10001,"[0, 100000]","[0, 100000]",0,0,1171,3271
yolov8x_training,7178.970081,70,123.273,13370.3125,98,210,10001,"[0, 100000]","[0, 100000]",0,0,976,3759
yolov8x_training,7180.012904,70,123.007,13370.3125,97,210,10001,"[0, 100000]","[0, 100000]",0,0,927,4003
yolov8x_training,7181.055692,70,123.407,13370.3125,98,210,10001,"[0, 100000]","[0, 100000]",0,0,1123,2050
yolov8x_training,7182.098495,70,124.229,13370.3125,97,210,10001,"[0, 100000]","[0, 100000]",0,0,1123,3369
yolov8x_training,7183.141287,70,124.373,13370.3125,100,210,10001,"[0, 100000]","[0, 100000]",0,0,927,24121
yolov8x_training,7184.184597,70,122.327,13370.3125,97,210,10001,"[0, 100000]","[0, 100000]",0,0,781,1855
yolov8x_training,7185.227472,70,125.539,13370.3125,100,210,10001,"[0, 100000]","[0, 100000]",0,0,292,341
yolov8x_training,7186.270014,70,124.037,13370.3125,100,210,10001,"[0, 100000]","[0, 100000]",0,0,3222,4541
yolov8x_training,7187.313273,70,124.109,13370.3125,100,210,10001,"[0, 100000]","[0, 100000]",0,0,3564,57568
yolov8x_training,7188.533866,73,124.875,13370.3125,100,210,10001,"[0, 100000]","[0, 100000]",0,0,1025,9570
yolov8x_training,7189.576668,71,124.858,13370.3125,100,225,10001,"[0, 100000]","[0, 100000]",0,0,1904,5957
yolov8x_training,7190.619386,71,123.138,13370.3125,100,300,10001,"[0, 100000]","[0, 100000]",0,0,1025,4101
yolov8x_training,7191.662168,73,123.665,13370.3125,100,210,10001,"[0, 100000]","[0, 100000]",0,0,878,3955
yolov8x_training,7192.704939,71,123.537,13370.3125,100,375,10001,"[0, 100000]","[0, 100000]",0,0,2050,5468
yolov8x_training,7193.747726,70,122.856,13370.3125,100,210,10001,"[0, 100000]","[0, 100000]",0,0,1171,5224
yolov8x_training,7194.790415,70,123.986,13370.3125,100,255,10001,"[0, 100000]","[0, 100000]",0,0,1025,3759
yolov8x_training,7195.833214,70,122.284,13370.3125,100,210,10001,"[0, 100000]","[0, 100000]",0,0,927,3417
yolov8x_training,7196.875993,70,123.966,13370.3125,100,255,10001,"[0, 100000]","[0, 100000]",0,0,781,3173
yolov8x_training,7197.918787,70,123.715,13370.3125,100,210,10001,"[0, 100000]","[0, 100000]",0,0,1171,1904
yolov8x_training,7198.961709,70,125.113,13370.3125,100,210,10001,"[0, 100000]","[0, 100000]",0,0,9375,58789
yolov8x_training,7200.004518,70,122.974,13370.3125,100,210,10001,"[0, 100000]","[0, 100000]",0,0,341,292
yolov8x_training,7201.047182,70,123.865,13370.3125,100,315,10001,"[0, 100000]","[0, 100000]",0,0,292,1038525
yolov8x_training,7202.090044,70,124.521,13370.3125,100,1605,10001,"[0, 100000]","[0, 100000]",0,0,1074,63378
yolov8x_training,7203.328872,70,119.493,13370.3125,100,990,10001,"[0, 100000]","[0, 100000]",0,0,9521,36767
yolov8x_training,7204.371704,70,119.236,13370.3125,100,330,10001,"[0, 100000]","[0, 100000]",0,0,1416,7519
yolov8x_training,7205.414376,70,121.387,13370.3125,100,1770,10001,"[0, 100000]","[0, 100000]",0,0,1074,3613
yolov8x_training,7206.457232,70,123.455,13370.3125,100,2445,10001,"[0, 100000]","[0, 100000]",0,0,1025,4296
yolov8x_training,7207.500018,70,119.844,13370.3125,100,1830,10001,"[0, 100000]","[0, 100000]",0,0,927,4638
yolov8x_training,7208.542849,70,118.441,13370.3125,100,210,10001,"[0, 100000]","[0, 100000]",0,0,1562,5566
yolov8x_training,7209.585637,71,126.161,13370.3125,100,210,10001,"[0, 100000]","[0, 100000]",0,0,927,4101
yolov8x_training,7210.628471,70,124.335,13370.3125,100,210,10001,"[0, 100000]","[0, 100000]",0,0,1025,4541
yolov8x_training,7211.671258,71,122.875,13370.3125,100,210,10001,"[0, 100000]","[0, 100000]",0,0,927,4296
yolov8x_training,7212.714011,70,123.375,13370.3125,100,210,10001,"[0, 100000]","[0, 100000]",0,0,927,3515
yolov8x_training,7213.756922,70,123.763,13370.3125,100,210,10001,"[0, 100000]","[0, 100000]",0,0,732,1367
yolov8x_training,7214.799961,70,123.755,13370.3125,100,210,10001,"[0, 100000]","[0, 100000]",0,0,7617,341
yolov8x_training,7215.842680,70,123.327,13370.3125,100,225,10001,"[0, 100000]","[0, 100000]",0,0,341,292
yolov8x_training,7216.885272,70,124.075,13370.3125,100,210,10001,"[0, 100000]","[0, 100000]",0,0,3076,6640
yolov8x_training,7218.095124,69,123.786,13370.3125,100,210,10001,"[0, 100000]","[0, 100000]",0,0,1757,5517
yolov8x_training,7219.137985,69,124.923,13370.3125,100,210,10001,"[0, 100000]","[0, 100000]",0,0,1513,4736
yolov8x_training,7220.180746,69,123.784,13370.3125,100,210,10001,"[0, 100000]","[0, 100000]",0,0,1123,4248
yolov8x_training,7221.223920,69,122.640,13370.3125,100,210,10001,"[0, 100000]","[0, 100000]",0,0,1171,5371
yolov8x_training,7222.266840,73,123.697,13370.3125,100,360,10001,"[0, 100000]","[0, 100000]",0,0,1074,5566
yolov8x_training,7223.309577,71,122.302,13370.3125,99,210,10001,"[0, 100000]","[0, 100000]",0,0,1123,4638
yolov8x_training,7224.352290,70,124.732,13370.3125,100,450,10001,"[0, 100000]","[0, 100000]",0,0,1074,4150
yolov8x_training,7225.395127,70,124.409,13370.3125,76,210,10001,"[0, 100000]","[0, 100000]",0,0,1025,2294
yolov8x_training,7226.438011,70,124.199,13370.3125,38,255,10001,"[0, 100000]","[0, 100000]",0,0,1025,3515
yolov8x_training,7227.480917,70,123.416,13370.3125,40,210,10001,"[0, 100000]","[0, 100000]",0,0,1123,3320
yolov8x_training,7228.523720,70,123.346,13370.3125,36,210,10001,"[0, 100000]","[0, 100000]",0,0,878,732
yolov8x_training,7229.566582,70,124.563,13370.3125,17,210,10001,"[0, 100000]","[0, 100000]",0,0,292,292
yolov8x_training,7230.609302,70,122.168,13370.3125,23,210,10001,"[0, 100000]","[0, 100000]",0,0,341,638134
yolov8x_training,7231.651932,70,123.238,13370.3125,25,210,10001,"[0, 100000]","[0, 100000]",0,0,90234,20605
yolov8x_training,7232.871964,70,125.458,13370.3125,21,210,10001,"[0, 100000]","[0, 100000]",0,0,4833,2587
yolov8x_training,7233.914769,70,123.212,13370.3125,44,210,10001,"[0, 100000]","[0, 100000]",0,0,1562,3369
yolov8x_training,7234.957560,70,123.307,13370.3125,9,240,10001,"[0, 100000]","[0, 100000]",0,0,1513,5371
yolov8x_training,7236.000334,70,123.690,13370.3125,39,210,10001,"[0, 100000]","[0, 100000]",0,0,976,3808
yolov8x_training,7237.043157,70,121.777,13370.3125,76,210,10001,"[0, 100000]","[0, 100000]",0,0,2246,3857
yolov8x_training,7238.086065,70,121.018,13370.3125,100,210,10001,"[0, 100000]","[0, 100000]",0,0,1123,5664
yolov8x_training,7239.128943,70,125.302,13370.3125,96,210,10001,"[0, 100000]","[0, 100000]",0,0,878,3808
yolov8x_training,7240.171745,70,123.600,13370.3125,100,210,10001,"[0, 100000]","[0, 100000]",0,0,927,4541
yolov8x_training,7241.214398,70,124.629,13370.3125,100,210,10001,"[0, 100000]","[0, 100000]",0,0,1025,3515
yolov8x_training,7242.257170,70,123.487,13370.3125,100,210,10001,"[0, 100000]","[0, 100000]",0,0,1171,390
yolov8x_training,7243.299929,70,123.213,13370.3125,100,210,10001,"[0, 100000]","[0, 100000]",0,0,390,2783
yolov8x_training,7244.342731,70,123.839,13370.3125,100,225,10001,"[0, 100000]","[0, 100000]",0,0,341,341
yolov8x_training,7245.385270,70,122.783,13370.3125,100,210,10001,"[0, 100000]","[0, 100000]",0,0,2978,9179
yolov8x_training,7246.428213,70,123.397,13370.3125,100,210,10001,"[0, 100000]","[0, 100000]",0,0,2929,6835
yolov8x_training,7247.639383,70,126.753,13370.3125,100,210,10001,"[0, 100000]","[0, 100000]",0,0,1269,7226
yolov8x_training,7248.682174,70,124.214,13370.3125,100,210,10001,"[0, 100000]","[0, 100000]",0,0,1171,5517
yolov8x_training,7249.724965,69,124.100,13370.3125,97,210,10001,"[0, 100000]","[0, 100000]",0,0,1074,5517
yolov8x_training,7250.767658,69,122.332,13370.3125,97,210,10001,"[0, 100000]","[0, 100000]",0,0,1025,4736
yolov8x_training,7251.810379,69,124.337,13370.3125,98,210,10001,"[0, 100000]","[0, 100000]",0,0,1220,5517
yolov8x_training,7252.853125,70,122.465,13370.3125,100,255,10001,"[0, 100000]","[0, 100000]",0,0,1025,3369
yolov8x_training,7253.895961,70,121.662,13370.3125,100,210,10001,"[0, 100000]","[0, 100000]",0,0,1074,4150
yolov8x_training,7254.938722,70,123.006,13370.3125,97,210,10001,"[0, 100000]","[0, 100000]",0,0,1025,3662
yolov8x_training,7255.981504,70,123.256,13370.3125,100,210,10001,"[0, 100000]","[0, 100000]",0,0,781,3222
yolov8x_training,7257.024308,70,125.208,13370.3125,100,330,10001,"[0, 100000]","[0, 100000]",0,0,1025,2880
yolov8x_training,7258.067135,70,122.232,13370.3125,100,210,10001,"[0, 100000]","[0, 100000]",0,0,439,2685
yolov8x_training,7259.109988,70,123.633,13370.3125,100,210,10001,"[0, 100000]","[0, 100000]",0,0,781,292
yolov8x_training,7260.152680,70,123.348,13370.3125,100,210,10001,"[0, 100000]","[0, 100000]",0,0,341,292
yolov8x_training,7261.195270,70,123.523,13370.3125,100,210,10001,"[0, 100000]","[0, 100000]",0,0,341,1036572
yolov8x_training,7262.251075,70,123.867,13370.3125,100,210,10001,"[0, 100000]","[0, 100000]",0,0,12109,292
yolov8x_training,7263.293676,70,122.006,13370.3125,100,210,10001,"[0, 100000]","[0, 100000]",0,0,89892,9472
yolov8x_training,7264.336747,69,123.246,13370.3125,100,210,10001,"[0, 100000]","[0, 100000]",0,0,2441,64550
yolov8x_training,7265.560371,69,124.893,13370.3125,100,210,10001,"[0, 100000]","[0, 100000]",0,0,9082,28173
yolov8x_training,7266.603264,69,123.031,13370.3125,100,210,10001,"[0, 100000]","[0, 100000]",0,0,976,8447
yolov8x_training,7267.646045,69,122.699,13370.3125,100,210,10001,"[0, 100000]","[0, 100000]",0,0,1855,5761
yolov8x_training,7268.688811,69,124.373,13370.3125,100,210,10001,"[0, 100000]","[0, 100000]",0,0,1025,4248
yolov8x_training,7269.731615,72,123.139,13370.3125,100,210,10001,"[0, 100000]","[0, 100000]",0,0,1123,5126
yolov8x_training,7270.774405,69,122.801,13370.3125,100,210,10001,"[0, 100000]","[0, 100000]",0,0,1025,5761
yolov8x_training,7271.817164,69,122.413,13370.3125,100,210,10001,"[0, 100000]","[0, 100000]",0,0,1464,5175
yolov8x_training,7272.860079,70,123.235,13370.3125,100,210,10001,"[0, 100000]","[0, 100000]",0,0,1220,3320
yolov8x_training,7273.902742,70,121.768,13370.3125,100,210,10001,"[0, 100000]","[0, 100000]",0,0,1025,3857
yolov8x_training,7274.945569,70,122.026,13370.3125,100,210,10001,"[0, 100000]","[0, 100000]",0,0,976,3320
yolov8x_training,7275.988405,70,122.985,13370.3125,100,210,10001,"[0, 100000]","[0, 100000]",0,0,1025,4101
yolov8x_training,7277.031163,70,123.109,13370.3125,100,210,10001,"[0, 100000]","[0, 100000]",0,0,1171,2294
yolov8x_training,7278.073902,70,121.853,13370.3125,100,210,10001,"[0, 100000]","[0, 100000]",0,0,976,3466
yolov8x_training,7279.116705,70,124.781,13370.3125,100,210,10001,"[0, 100000]","[0, 100000]",0,0,1025,3564
yolov8x_training,7280.159518,70,123.810,13370.3125,100,210,10001,"[0, 100000]","[0, 100000]",0,0,683,1953
yolov8x_training,7281.202322,70,125.118,13370.3125,100,210,10001,"[0, 100000]","[0, 100000]",0,0,341,292
yolov8x_training,7282.245185,70,125.188,13370.3125,100,210,10001,"[0, 100000]","[0, 100000]",0,0,341,341
yolov8x_training,7283.287965,70,123.054,13370.3125,100,210,10001,"[0, 100000]","[0, 100000]",0,0,89550,12890
yolov8x_training,7284.331027,69,123.907,13370.3125,100,210,10001,"[0, 100000]","[0, 100000]",0,0,1318,64013
yolov8x_training,7285.546228,69,125.268,13370.3125,100,210,10001,"[0, 100000]","[0, 100000]",0,0,1074,9521
yolov8x_training,7286.588998,69,124.323,13370.3125,100,210,10001,"[0, 100000]","[0, 100000]",0,0,1416,2929
yolov8x_training,7287.631830,69,121.585,13370.3125,100,210,10001,"[0, 100000]","[0, 100000]",0,0,1611,7080
yolov8x_training,7288.674604,69,123.886,13370.3125,100,210,10001,"[0, 100000]","[0, 100000]",0,0,878,3759
yolov8x_training,7289.717459,72,123.002,13370.3125,100,210,10001,"[0, 100000]","[0, 100000]",0,0,1171,4882
yolov8x_training,7290.760268,69,123.529,13370.3125,100,210,10001,"[0, 100000]","[0, 100000]",0,0,1855,4052
yolov8x_training,7291.802367,73,122.711,13370.3125,100,375,10001,"[0, 100000]","[0, 100000]",0,0,1220,5615
yolov8x_training,7292.845208,70,124.648,13370.3125,100,210,10001,"[0, 100000]","[0, 100000]",0,0,1025,4199
yolov8x_training,7293.887927,70,123.647,13370.3125,100,255,10001,"[0, 100000]","[0, 100000]",0,0,781,2832
yolov8x_training,7294.930693,70,122.446,13370.3125,100,210,10001,"[0, 100000]","[0, 100000]",0,0,732,2734
yolov8x_training,7295.973549,70,123.633,13370.3125,100,255,10001,"[0, 100000]","[0, 100000]",0,0,1074,3857
yolov8x_training,7297.016444,70,123.403,13370.3125,100,255,10001,"[0, 100000]","[0, 100000]",0,0,781,1806
yolov8x_training,7298.059390,70,124.844,13370.3125,100,210,10001,"[0, 100000]","[0, 100000]",0,0,341,292
yolov8x_training,7299.101964,70,123.282,13370.3125,100,210,10001,"[0, 100000]","[0, 100000]",0,0,341,1031152
yolov8x_training,7300.144515,70,121.233,13370.3125,100,210,10001,"[0, 100000]","[0, 100000]",0,0,1171,63183
yolov8x_training,7301.363766,70,122.047,13370.3125,100,210,10001,"[0, 100000]","[0, 100000]",0,0,5273,3857
yolov8x_training,7302.406573,70,119.084,13370.3125,100,210,10001,"[0, 100000]","[0, 100000]",0,0,1660,5322
yolov8x_training,7303.449389,70,123.418,13370.3125,100,240,10001,"[0, 100000]","[0, 100000]",0,0,2099,4736
yolov8x_training,7304.492760,70,119.060,13370.3125,100,210,10001,"[0, 100000]","[0, 100000]",0,0,1074,4394
yolov8x_training,7305.535655,70,118.987,13370.3125,100,210,10001,"[0, 100000]","[0, 100000]",0,0,1025,5175
yolov8x_training,7306.578523,70,120.245,13370.3125,100,210,10001,"[0, 100000]","[0, 100000]",0,0,1074,4882
yolov8x_training,7307.621327,70,120.375,13370.3125,100,210,10001,"[0, 100000]","[0, 100000]",0,0,1269,5566
yolov8x_training,7308.664157,70,124.435,13370.3125,100,210,10001,"[0, 100000]","[0, 100000]",0,0,927,4345
yolov8x_training,7309.707062,70,124.071,13370.3125,100,210,10001,"[0, 100000]","[0, 100000]",0,0,1025,4101
yolov8x_training,7310.749939,70,123.616,13370.3125,100,210,10001,"[0, 100000]","[0, 100000]",0,0,976,2734
yolov8x_training,7311.792814,70,123.632,13370.3125,100,210,10001,"[0, 100000]","[0, 100000]",0,0,1074,3515
yolov8x_training,7312.835777,70,122.677,13370.3125,100,225,10001,"[0, 100000]","[0, 100000]",0,0,976,1318
yolov8x_training,7313.878583,70,122.121,13370.3125,100,210,10001,"[0, 100000]","[0, 100000]",0,0,927,20703
yolov8x_training,7314.921520,70,123.496,13370.3125,100,210,10001,"[0, 100000]","[0, 100000]",0,0,488,341
yolov8x_training,7315.964238,70,122.436,13370.3125,100,210,10001,"[0, 100000]","[0, 100000]",0,0,341,292
yolov8x_training,7317.006970,70,124.116,13370.3125,100,225,10001,"[0, 100000]","[0, 100000]",0,0,3613,62011
yolov8x_training,7318.227524,70,127.633,13370.3125,100,210,10001,"[0, 100000]","[0, 100000]",0,0,6054,5615
yolov8x_training,7319.270259,70,123.772,13370.3125,100,210,10001,"[0, 100000]","[0, 100000]",0,0,1806,6640
yolov8x_training,7320.312964,70,123.333,13370.3125,100,210,10001,"[0, 100000]","[0, 100000]",0,0,1220,5517
yolov8x_training,7321.355752,70,124.460,13370.3125,100,210,10001,"[0, 100000]","[0, 100000]",0,0,1123,5517
yolov8x_training,7322.398711,71,122.966,13370.3125,100,210,10001,"[0, 100000]","[0, 100000]",0,0,976,4199
yolov8x_training,7323.441653,70,123.664,13370.3125,100,210,10001,"[0, 100000]","[0, 100000]",0,0,1123,4736
yolov8x_training,7324.484581,70,124.353,13370.3125,100,210,10001,"[0, 100000]","[0, 100000]",0,0,1171,3613
yolov8x_training,7325.527517,70,124.146,13370.3125,100,210,10001,"[0, 100000]","[0, 100000]",0,0,927,3808
yolov8x_training,7326.570279,70,122.514,13370.3125,100,225,10001,"[0, 100000]","[0, 100000]",0,0,976,3320
yolov8x_training,7327.613050,70,124.755,13370.3125,100,210,10001,"[0, 100000]","[0, 100000]",0,0,1025,3466
yolov8x_training,7328.655866,70,123.948,13370.3125,100,210,10001,"[0, 100000]","[0, 100000]",0,0,927,3271
yolov8x_training,7329.698830,70,125.075,13370.3125,100,210,10001,"[0, 100000]","[0, 100000]",0,0,8740,63183
yolov8x_training,7330.741672,70,124.311,13370.3125,100,210,10001,"[0, 100000]","[0, 100000]",0,0,341,292
yolov8x_training,7331.784335,70,125.357,13370.3125,76,210,10001,"[0, 100000]","[0, 100000]",0,0,2832,5810
yolov8x_training,7332.997899,69,124.783,13370.3125,56,210,10001,"[0, 100000]","[0, 100000]",0,0,5468,4394
yolov8x_training,7334.040732,69,124.580,13370.3125,62,300,10001,"[0, 100000]","[0, 100000]",0,0,1513,2343
yolov8x_training,7335.083525,71,125.098,13370.3125,36,360,10001,"[0, 100000]","[0, 100000]",0,0,1171,5126
yolov8x_training,7336.126236,73,124.591,13370.3125,17,210,10001,"[0, 100000]","[0, 100000]",0,0,1025,5175
yolov8x_training,7337.169171,70,122.156,13370.3125,46,210,10001,"[0, 100000]","[0, 100000]",0,0,1123,9765
yolov8x_training,7338.212066,71,122.379,13370.3125,17,210,10001,"[0, 100000]","[0, 100000]",0,0,1123,9912
yolov8x_training,7339.254786,73,124.144,13370.3125,16,255,10001,"[0, 100000]","[0, 100000]",0,0,1220,5468
yolov8x_training,7340.297526,71,123.730,13370.3125,32,225,10001,"[0, 100000]","[0, 100000]",0,0,1074,4150
yolov8x_training,7341.340241,70,124.574,13370.3125,58,210,10001,"[0, 100000]","[0, 100000]",0,0,781,3417
yolov8x_training,7342.383063,70,122.279,13370.3125,64,210,10001,"[0, 100000]","[0, 100000]",0,0,781,3125
yolov8x_training,7343.425807,70,124.758,13370.3125,72,225,10001,"[0, 100000]","[0, 100000]",0,0,1123,3662
yolov8x_training,7344.468735,70,124.273,13370.3125,92,210,10001,"[0, 100000]","[0, 100000]",0,0,878,439
yolov8x_training,7345.511526,70,124.320,13370.3125,100,210,10001,"[0, 100000]","[0, 100000]",0,0,341,292
yolov8x_training,7346.554303,70,124.018,13370.3125,100,630,10001,"[0, 100000]","[0, 100000]",0,0,341,1041259
yolov8x_training,7347.597411,70,123.272,13370.3125,100,330,10001,"[0, 100000]","[0, 100000]",0,0,1904,4589
yolov8x_training,7348.804051,70,120.913,13370.3125,100,315,10001,"[0, 100000]","[0, 100000]",0,0,9619,36523
yolov8x_training,7349.846954,70,123.600,13370.3125,100,945,10001,"[0, 100000]","[0, 100000]",0,0,10253,9228
yolov8x_training,7350.889739,70,121.170,13370.3125,100,450,10001,"[0, 100000]","[0, 100000]",0,0,1611,6738
yolov8x_training,7351.932518,70,124.093,13370.3125,100,1755,10001,"[0, 100000]","[0, 100000]",0,0,1171,4003
yolov8x_training,7352.975374,70,125.578,13370.3125,100,1845,10001,"[0, 100000]","[0, 100000]",0,0,1171,5419
yolov8x_training,7354.018540,70,126.958,13370.3125,100,2355,10001,"[0, 100000]","[0, 100000]",0,0,1074,6396
yolov8x_training,7355.061441,70,126.346,13370.3125,100,210,10001,"[0, 100000]","[0, 100000]",0,0,1171,5566
yolov8x_training,7356.104181,70,127.824,13370.3125,100,210,10001,"[0, 100000]","[0, 100000]",0,0,1025,3857
yolov8x_training,7357.147066,70,121.987,13370.3125,100,210,10001,"[0, 100000]","[0, 100000]",0,0,1074,4101
yolov8x_training,7358.189834,70,123.546,13370.3125,100,210,10001,"[0, 100000]","[0, 100000]",0,0,1123,2099
yolov8x_training,7359.232674,70,124.677,13370.3125,98,210,10001,"[0, 100000]","[0, 100000]",0,0,1074,3710
yolov8x_training,7360.275500,70,123.383,13370.3125,98,225,10001,"[0, 100000]","[0, 100000]",0,0,830,1611
yolov8x_training,7361.318298,70,122.207,13370.3125,97,225,10001,"[0, 100000]","[0, 100000]",0,0,12939,18066
yolov8x_training,7362.361441,70,122.985,13370.3125,100,210,10001,"[0, 100000]","[0, 100000]",0,0,341,292
yolov8x_training,7363.404028,69,123.454,13370.3125,97,225,10001,"[0, 100000]","[0, 100000]",0,0,2099,5761
yolov8x_training,7364.622473,69,122.746,13370.3125,97,210,10001,"[0, 100000]","[0, 100000]",0,0,9619,36962
yolov8x_training,7365.665450,69,124.045,13370.3125,98,210,10001,"[0, 100000]","[0, 100000]",0,0,2197,2343
yolov8x_training,7366.708264,69,123.700,13370.3125,98,210,10001,"[0, 100000]","[0, 100000]",0,0,1953,6201
yolov8x_training,7367.751002,69,123.791,13370.3125,98,210,10001,"[0, 100000]","[0, 100000]",0,0,1123,4003
yolov8x_training,7368.793783,69,122.380,13370.3125,97,210,10001,"[0, 100000]","[0, 100000]",0,0,927,3759
yolov8x_training,7369.836586,69,124.500,13370.3125,97,210,10001,"[0, 100000]","[0, 100000]",0,0,1074,4394
yolov8x_training,7370.879426,70,123.763,13370.3125,98,210,10001,"[0, 100000]","[0, 100000]",0,0,1562,5517
yolov8x_training,7371.922285,70,123.475,13370.3125,100,210,10001,"[0, 100000]","[0, 100000]",0,0,1074,3564
yolov8x_training,7372.965167,70,123.175,13370.3125,100,210,10001,"[0, 100000]","[0, 100000]",0,0,1074,3515
yolov8x_training,7374.007956,70,123.857,13370.3125,100,210,10001,"[0, 100000]","[0, 100000]",0,0,1025,2539
yolov8x_training,7375.050739,70,122.831,13370.3125,100,210,10001,"[0, 100000]","[0, 100000]",0,0,1074,3369
yolov8x_training,7376.093526,70,123.358,13370.3125,100,210,10001,"[0, 100000]","[0, 100000]",0,0,634,2099
yolov8x_training,7377.136711,70,123.430,13370.3125,100,210,10001,"[0, 100000]","[0, 100000]",0,0,8251,292
yolov8x_training,7378.179515,70,124.511,13370.3125,100,210,10001,"[0, 100000]","[0, 100000]",0,0,341,1034472
yolov8x_training,7379.222165,70,125.396,13370.3125,100,210,10001,"[0, 100000]","[0, 100000]",0,0,1074,6152
yolov8x_training,7380.455207,70,123.266,13370.3125,100,210,10001,"[0, 100000]","[0, 100000]",0,0,6250,55078
yolov8x_training,7381.498038,70,123.286,13370.3125,100,210,10001,"[0, 100000]","[0, 100000]",0,0,8935,28076
yolov8x_training,7382.540861,70,124.361,13370.3125,100,390,10001,"[0, 100000]","[0, 100000]",0,0,1855,8203
yolov8x_training,7383.583624,70,124.548,13370.3125,100,375,10001,"[0, 100000]","[0, 100000]",0,0,1757,5615
yolov8x_training,7384.626413,70,123.682,13370.3125,100,210,10001,"[0, 100000]","[0, 100000]",0,0,1074,3564
yolov8x_training,7385.669269,70,122.666,13370.3125,100,345,10001,"[0, 100000]","[0, 100000]",0,0,976,3564
yolov8x_training,7386.712106,70,122.345,13370.3125,100,300,10001,"[0, 100000]","[0, 100000]",0,0,1074,8007
yolov8x_training,7387.754973,70,123.239,13370.3125,100,210,10001,"[0, 100000]","[0, 100000]",0,0,1074,5029
yolov8x_training,7388.797787,70,124.979,13370.3125,100,225,10001,"[0, 100000]","[0, 100000]",0,0,1025,3857
yolov8x_training,7389.840530,70,122.154,13370.3125,100,210,10001,"[0, 100000]","[0, 100000]",0,0,878,3857
yolov8x_training,7390.883193,70,122.263,13370.3125,100,210,10001,"[0, 100000]","[0, 100000]",0,0,1025,4150
yolov8x_training,7391.925983,70,124.385,13370.3125,100,255,10001,"[0, 100000]","[0, 100000]",0,0,1123,3466
yolov8x_training,7392.968783,70,121.718,13370.3125,100,255,10001,"[0, 100000]","[0, 100000]",0,0,1025,3808
yolov8x_training,7394.011763,70,123.069,13370.3125,100,210,10001,"[0, 100000]","[0, 100000]",0,0,1025,1855
yolov8x_training,7395.054607,70,124.676,13370.3125,100,210,10001,"[0, 100000]","[0, 100000]",0,0,683,292
yolov8x_training,7396.097336,70,123.516,13370.3125,100,210,10001,"[0, 100000]","[0, 100000]",0,0,341,292
yolov8x_training,7397.139981,70,123.573,13370.3125,100,210,10001,"[0, 100000]","[0, 100000]",0,0,89599,21191
yolov8x_training,7398.183028,70,122.078,13370.3125,100,210,10001,"[0, 100000]","[0, 100000]",0,0,1220,64843
yolov8x_training,7399.396618,70,120.409,13370.3125,100,210,10001,"[0, 100000]","[0, 100000]",0,0,878,11132
yolov8x_training,7400.439454,70,122.897,13370.3125,100,945,10001,"[0, 100000]","[0, 100000]",0,0,1074,4052
yolov8x_training,7401.482349,70,123.163,13370.3125,100,1695,10001,"[0, 100000]","[0, 100000]",0,0,927,3125
yolov8x_training,7402.525118,70,121.214,13370.3125,100,975,10001,"[0, 100000]","[0, 100000]",0,0,1171,5273
yolov8x_training,7403.568031,70,123.416,13370.3125,100,210,10001,"[0, 100000]","[0, 100000]",0,0,1904,5175
yolov8x_training,7404.610914,70,126.012,13370.3125,100,210,10001,"[0, 100000]","[0, 100000]",0,0,830,4345
yolov8x_training,7405.653804,70,122.444,13370.3125,100,210,10001,"[0, 100000]","[0, 100000]",0,0,927,3515
yolov8x_training,7406.696533,70,124.234,13370.3125,100,210,10001,"[0, 100000]","[0, 100000]",0,0,976,4638
yolov8x_training,7407.739287,70,121.724,13370.3125,100,210,10001,"[0, 100000]","[0, 100000]",0,0,1074,2587
yolov8x_training,7408.782054,70,123.334,13370.3125,100,210,10001,"[0, 100000]","[0, 100000]",0,0,1025,4052
yolov8x_training,7409.824868,71,123.079,13370.3125,100,210,10001,"[0, 100000]","[0, 100000]",0,0,1025,3369
yolov8x_training,7410.867784,70,123.988,13370.3125,100,210,10001,"[0, 100000]","[0, 100000]",0,0,488,292
yolov8x_training,7411.910466,70,121.924,13370.3125,100,210,10001,"[0, 100000]","[0, 100000]",0,0,341,341
yolov8x_training,7412.953072,70,122.458,13370.3125,100,210,10001,"[0, 100000]","[0, 100000]",0,0,292,1039550
yolov8x_training,7413.995746,70,123.226,13370.3125,100,210,10001,"[0, 100000]","[0, 100000]",0,0,1123,4052
yolov8x_training,7415.216947,70,127.097,13370.3125,100,210,10001,"[0, 100000]","[0, 100000]",0,0,5810,4541
yolov8x_training,7416.259792,70,126.453,13370.3125,100,210,10001,"[0, 100000]","[0, 100000]",0,0,927,9716
yolov8x_training,7417.302528,70,122.516,13370.3125,100,210,10001,"[0, 100000]","[0, 100000]",0,0,1464,5419
yolov8x_training,7418.345282,70,124.164,13370.3125,100,210,10001,"[0, 100000]","[0, 100000]",0,0,1123,4296
yolov8x_training,7419.388065,70,125.647,13370.3125,100,210,10001,"[0, 100000]","[0, 100000]",0,0,1025,5517
yolov8x_training,7420.431122,70,123.135,13370.3125,100,210,10001,"[0, 100000]","[0, 100000]",0,0,1123,12792
yolov8x_training,7421.474169,70,122.552,13370.3125,100,210,10001,"[0, 100000]","[0, 100000]",0,0,1855,5175
yolov8x_training,7422.516978,70,124.290,13370.3125,100,210,10001,"[0, 100000]","[0, 100000]",0,0,1220,5664
yolov8x_training,7423.559783,70,125.369,13370.3125,100,225,10001,"[0, 100000]","[0, 100000]",0,0,1025,3466
yolov8x_training,7424.602612,70,123.739,13370.3125,100,210,10001,"[0, 100000]","[0, 100000]",0,0,1025,3955
yolov8x_training,7425.645457,70,122.979,13370.3125,100,210,10001,"[0, 100000]","[0, 100000]",0,0,927,3906
yolov8x_training,7426.688290,70,121.865,13370.3125,100,210,10001,"[0, 100000]","[0, 100000]",0,0,781,2880
yolov8x_training,7427.731231,70,124.134,13370.3125,100,225,10001,"[0, 100000]","[0, 100000]",0,0,1220,537
yolov8x_training,7428.774093,70,122.732,13370.3125,100,225,10001,"[0, 100000]","[0, 100000]",0,0,878,63378
yolov8x_training,7429.816934,70,122.992,13370.3125,100,225,10001,"[0, 100000]","[0, 100000]",0,0,585,292
yolov8x_training,7430.859662,69,123.878,13370.3125,100,225,10001,"[0, 100000]","[0, 100000]",0,0,292,1038037
yolov8x_training,7431.902467,70,122.711,13370.3125,100,225,10001,"[0, 100000]","[0, 100000]",0,0,2978,12597
yolov8x_training,7432.946288,70,123.703,13370.3125,100,210,10001,"[0, 100000]","[0, 100000]",0,0,292,292
yolov8x_training,7433.989057,70,121.260,13370.3125,100,225,10001,"[0, 100000]","[0, 100000]",0,0,341,1033593
yolov8x_training,7435.031754,70,121.721,13370.3125,100,210,10001,"[0, 100000]","[0, 100000]",0,0,1367,64257
yolov8x_training,7436.244506,70,127.571,13370.3125,100,210,10001,"[0, 100000]","[0, 100000]",0,0,830,9960
yolov8x_training,7437.287332,70,127.686,13370.3125,100,210,10001,"[0, 100000]","[0, 100000]",0,0,1611,9033
yolov8x_training,7438.330079,70,128.285,13370.3125,100,210,10001,"[0, 100000]","[0, 100000]",0,0,1123,3271
yolov8x_training,7439.373066,70,128.346,13370.3125,100,210,10001,"[0, 100000]","[0, 100000]",0,0,1074,5273
yolov8x_training,7440.415944,70,124.817,13370.3125,100,210,10001,"[0, 100000]","[0, 100000]",0,0,976,5712
yolov8x_training,7441.458756,70,125.061,13370.3125,100,210,10001,"[0, 100000]","[0, 100000]",0,0,1074,4394
yolov8x_training,7442.501585,70,124.380,13370.3125,100,210,10001,"[0, 100000]","[0, 100000]",0,0,1025,4248
yolov8x_training,7443.544359,70,124.018,13370.3125,100,210,10001,"[0, 100000]","[0, 100000]",0,0,878,3125
yolov8x_training,7444.587198,70,124.114,13370.3125,100,210,10001,"[0, 100000]","[0, 100000]",0,0,1123,1855
yolov8x_training,7445.629986,70,122.357,13370.3125,100,210,10001,"[0, 100000]","[0, 100000]",0,0,1074,781
yolov8x_training,7446.672822,70,123.643,13370.3125,100,210,10001,"[0, 100000]","[0, 100000]",0,0,927,341
yolov8x_training,7447.715568,70,122.907,13370.3125,100,210,10001,"[0, 100000]","[0, 100000]",0,0,341,292
yolov8x_training,7448.758279,70,123.906,13370.3125,100,210,10001,"[0, 100000]","[0, 100000]",0,0,341,341
yolov8x_training,7449.800818,70,124.343,13370.3125,100,210,10001,"[0, 100000]","[0, 100000]",0,0,3808,8496
yolov8x_training,7451.019025,72,124.844,13370.3125,100,210,10001,"[0, 100000]","[0, 100000]",0,0,2246,2001
yolov8x_training,7452.061817,70,124.878,13370.3125,79,375,10001,"[0, 100000]","[0, 100000]",0,0,1855,4638
yolov8x_training,7453.104532,74,123.530,13370.3125,100,330,10001,"[0, 100000]","[0, 100000]",0,0,1611,4980
yolov8x_training,7454.147207,70,125.402,13370.3125,92,285,10001,"[0, 100000]","[0, 100000]",0,0,1171,4003
yolov8x_training,7455.190043,71,123.829,13370.3125,98,390,10001,"[0, 100000]","[0, 100000]",0,0,976,5322
yolov8x_training,7456.232873,70,122.180,13370.3125,78,360,10001,"[0, 100000]","[0, 100000]",0,0,1171,6933
yolov8x_training,7457.277627,72,121.832,13370.3125,100,210,10001,"[0, 100000]","[0, 100000]",0,0,1025,6250
yolov8x_training,7458.321116,72,122.504,13370.3125,100,210,10001,"[0, 100000]","[0, 100000]",0,0,1855,4492
yolov8x_training,7459.363898,70,124.185,13370.3125,100,360,10001,"[0, 100000]","[0, 100000]",0,0,1025,3808
yolov8x_training,7460.406740,70,122.699,13370.3125,93,255,10001,"[0, 100000]","[0, 100000]",0,0,1074,3955
yolov8x_training,7461.449439,70,124.149,13370.3125,100,330,10001,"[0, 100000]","[0, 100000]",0,0,976,4394
yolov8x_training,7462.492260,70,123.006,13370.3125,92,360,10001,"[0, 100000]","[0, 100000]",0,0,976,3759
yolov8x_training,7463.535097,70,124.309,13370.3125,78,210,10001,"[0, 100000]","[0, 100000]",0,0,732,1318
yolov8x_training,7464.577833,70,123.694,13370.3125,33,210,10001,"[0, 100000]","[0, 100000]",0,0,9033,61474
yolov8x_training,7465.620582,70,122.968,13370.3125,48,210,10001,"[0, 100000]","[0, 100000]",0,0,341,341
yolov8x_training,7466.663640,70,124.978,13370.3125,58,210,10001,"[0, 100000]","[0, 100000]",0,0,88964,12597
yolov8x_training,7467.706599,70,123.323,13370.3125,31,210,10001,"[0, 100000]","[0, 100000]",0,0,2978,12353
yolov8x_training,7468.932196,70,124.274,13370.3125,62,210,10001,"[0, 100000]","[0, 100000]",0,0,8691,6738
yolov8x_training,7469.975002,70,125.408,13370.3125,16,210,10001,"[0, 100000]","[0, 100000]",0,0,2050,5859
yolov8x_training,7471.017809,70,124.409,13370.3125,42,210,10001,"[0, 100000]","[0, 100000]",0,0,976,4296
yolov8x_training,7472.060610,70,122.037,13370.3125,54,210,10001,"[0, 100000]","[0, 100000]",0,0,1123,5712
yolov8x_training,7473.103395,70,122.327,13370.3125,53,210,10001,"[0, 100000]","[0, 100000]",0,0,2099,3710
yolov8x_training,7474.146228,70,121.228,13370.3125,80,210,10001,"[0, 100000]","[0, 100000]",0,0,1269,4150
yolov8x_training,7475.188979,70,124.809,13370.3125,100,210,10001,"[0, 100000]","[0, 100000]",0,0,1025,4296
yolov8x_training,7476.231746,70,123.201,13370.3125,100,210,10001,"[0, 100000]","[0, 100000]",0,0,1025,3857
yolov8x_training,7477.274506,70,123.384,13370.3125,100,210,10001,"[0, 100000]","[0, 100000]",0,0,927,4101
yolov8x_training,7478.317262,70,124.812,13370.3125,97,210,10001,"[0, 100000]","[0, 100000]",0,0,976,4003
yolov8x_training,7479.360025,70,124.861,13370.3125,100,210,10001,"[0, 100000]","[0, 100000]",0,0,878,1269
yolov8x_training,7480.402813,70,124.222,13370.3125,100,225,10001,"[0, 100000]","[0, 100000]",0,0,292,292
yolov8x_training,7481.445337,70,123.375,13370.3125,100,210,10001,"[0, 100000]","[0, 100000]",0,0,341,1039013
yolov8x_training,7482.488135,70,122.346,13370.3125,100,210,10001,"[0, 100000]","[0, 100000]",0,0,82470,10644
yolov8x_training,7483.693076,70,127.273,13370.3125,100,210,10001,"[0, 100000]","[0, 100000]",0,0,8984,39013
yolov8x_training,7484.735924,70,127.246,13370.3125,100,210,10001,"[0, 100000]","[0, 100000]",0,0,10156,11425
yolov8x_training,7485.778795,70,125.748,13370.3125,100,210,10001,"[0, 100000]","[0, 100000]",0,0,1025,9228
yolov8x_training,7486.821654,70,126.998,13370.3125,100,210,10001,"[0, 100000]","[0, 100000]",0,0,1171,5273
yolov8x_training,7487.864594,71,126.140,13370.3125,100,210,10001,"[0, 100000]","[0, 100000]",0,0,1123,3613
yolov8x_training,7488.907538,71,127.923,13370.3125,100,210,10001,"[0, 100000]","[0, 100000]",0,0,878,3906
yolov8x_training,7489.950432,70,124.256,13370.3125,100,210,10001,"[0, 100000]","[0, 100000]",0,0,1416,9912
yolov8x_training,7490.994231,70,123.807,13370.3125,100,210,10001,"[0, 100000]","[0, 100000]",0,0,1220,5224
yolov8x_training,7492.036981,70,122.324,13370.3125,100,210,10001,"[0, 100000]","[0, 100000]",0,0,1171,4882
yolov8x_training,7493.079824,70,123.478,13370.3125,100,210,10001,"[0, 100000]","[0, 100000]",0,0,830,3857
yolov8x_training,7494.122762,70,123.729,13370.3125,100,225,10001,"[0, 100000]","[0, 100000]",0,0,1074,4101
yolov8x_training,7495.165589,70,125.016,13370.3125,100,225,10001,"[0, 100000]","[0, 100000]",0,0,878,4003
yolov8x_training,7496.208410,70,122.846,13370.3125,100,210,10001,"[0, 100000]","[0, 100000]",0,0,927,3759
yolov8x_training,7497.251434,70,123.666,13370.3125,100,225,10001,"[0, 100000]","[0, 100000]",0,0,1025,3320
yolov8x_training,7498.294430,70,124.959,13370.3125,97,210,10001,"[0, 100000]","[0, 100000]",0,0,585,292
yolov8x_training,7499.337172,70,123.211,13370.3125,97,210,10001,"[0, 100000]","[0, 100000]",0,0,341,292
yolov8x_training,7500.379995,70,124.549,13370.3125,99,210,10001,"[0, 100000]","[0, 100000]",0,0,64306,55517
yolov8x_training,7501.603985,70,124.893,13370.3125,97,210,10001,"[0, 100000]","[0, 100000]",0,0,8447,43408
yolov8x_training,7502.646758,69,124.674,13370.3125,100,210,10001,"[0, 100000]","[0, 100000]",0,0,2392,7275
yolov8x_training,7503.689704,69,121.983,13370.3125,100,210,10001,"[0, 100000]","[0, 100000]",0,0,781,11523
yolov8x_training,7504.732630,70,123.763,13370.3125,100,210,10001,"[0, 100000]","[0, 100000]",0,0,1025,4003
yolov8x_training,7505.775535,69,122.974,13370.3125,100,210,10001,"[0, 100000]","[0, 100000]",0,0,976,4199
yolov8x_training,7506.818505,69,123.691,13370.3125,100,225,10001,"[0, 100000]","[0, 100000]",0,0,2197,4199
yolov8x_training,7507.861406,70,122.771,13370.3125,100,210,10001,"[0, 100000]","[0, 100000]",0,0,1220,6201
yolov8x_training,7508.904179,70,123.802,13370.3125,100,210,10001,"[0, 100000]","[0, 100000]",0,0,927,3857
yolov8x_training,7509.946922,70,122.256,13370.3125,100,210,10001,"[0, 100000]","[0, 100000]",0,0,1074,3857
yolov8x_training,7510.989810,70,123.414,13370.3125,100,315,10001,"[0, 100000]","[0, 100000]",0,0,878,3027
yolov8x_training,7512.032688,70,123.000,13370.3125,100,225,10001,"[0, 100000]","[0, 100000]",0,0,976,4003
yolov8x_training,7513.075580,70,124.458,13370.3125,100,210,10001,"[0, 100000]","[0, 100000]",0,0,1025,3564
yolov8x_training,7514.118467,70,123.026,13370.3125,100,210,10001,"[0, 100000]","[0, 100000]",0,0,878,1367
yolov8x_training,7515.161399,70,125.563,13370.3125,100,210,10001,"[0, 100000]","[0, 100000]",0,0,341,292
yolov8x_training,7516.204080,70,123.949,13370.3125,100,210,10001,"[0, 100000]","[0, 100000]",0,0,341,244
yolov8x_training,7517.246742,70,124.756,13370.3125,100,210,10001,"[0, 100000]","[0, 100000]",0,0,3613,6542
yolov8x_training,7518.454966,70,123.103,13370.3125,100,210,10001,"[0, 100000]","[0, 100000]",0,0,8300,42773
yolov8x_training,7519.498063,71,122.188,13370.3125,100,210,10001,"[0, 100000]","[0, 100000]",0,0,1074,10009
yolov8x_training,7520.541109,71,124.379,13370.3125,100,210,10001,"[0, 100000]","[0, 100000]",0,0,2148,5175
yolov8x_training,7521.584225,73,122.950,13370.3125,100,345,10001,"[0, 100000]","[0, 100000]",0,0,1562,6494
yolov8x_training,7522.627082,73,124.090,13370.3125,100,210,10001,"[0, 100000]","[0, 100000]",0,0,976,4199
yolov8x_training,7523.670042,70,122.893,13370.3125,100,210,10001,"[0, 100000]","[0, 100000]",0,0,1074,5273
yolov8x_training,7524.712907,71,123.848,13370.3125,100,210,10001,"[0, 100000]","[0, 100000]",0,0,1660,6640
yolov8x_training,7525.755738,70,124.398,13370.3125,100,255,10001,"[0, 100000]","[0, 100000]",0,0,1220,4541
yolov8x_training,7526.798615,70,125.019,13370.3125,100,210,10001,"[0, 100000]","[0, 100000]",0,0,1123,3515
yolov8x_training,7527.841425,70,125.324,13370.3125,100,210,10001,"[0, 100000]","[0, 100000]",0,0,1074,2246
yolov8x_training,7528.884296,70,123.945,13370.3125,100,210,10001,"[0, 100000]","[0, 100000]",0,0,976,2880
yolov8x_training,7529.927086,70,124.187,13370.3125,100,210,10001,"[0, 100000]","[0, 100000]",0,0,1074,3906
yolov8x_training,7530.970012,70,124.582,13370.3125,100,210,10001,"[0, 100000]","[0, 100000]",0,0,927,732
yolov8x_training,7532.012907,70,124.257,13370.3125,100,210,10001,"[0, 100000]","[0, 100000]",0,0,292,292
yolov8x_training,7533.055573,70,124.241,13370.3125,100,210,10001,"[0, 100000]","[0, 100000]",0,0,90087,16601
yolov8x_training,7534.267665,70,127.478,13370.3125,100,1222,10001,"[0, 100000]","[0, 100000]",0,0,9277,38818
yolov8x_training,7535.310455,70,128.720,13370.3125,100,2505,10001,"[0, 100000]","[0, 100000]",0,0,1025,10009
yolov8x_training,7536.353278,70,128.405,13370.3125,100,2505,10001,"[0, 100000]","[0, 100000]",0,0,1757,4882
yolov8x_training,7537.396217,71,130.104,13370.3125,100,210,10001,"[0, 100000]","[0, 100000]",0,0,1025,3662
yolov8x_training,7538.439281,70,124.890,13370.3125,100,210,10001,"[0, 100000]","[0, 100000]",0,0,2148,4638
yolov8x_training,7539.482235,70,123.275,13370.3125,100,210,10001,"[0, 100000]","[0, 100000]",0,0,976,5712
yolov8x_training,7540.525050,70,124.836,13370.3125,100,210,10001,"[0, 100000]","[0, 100000]",0,0,1074,5419
yolov8x_training,7541.567903,70,123.931,13370.3125,100,210,10001,"[0, 100000]","[0, 100000]",0,0,976,4101
yolov8x_training,7542.610773,70,123.320,13370.3125,100,225,10001,"[0, 100000]","[0, 100000]",0,0,1074,4052
yolov8x_training,7543.653593,70,123.951,13370.3125,100,210,10001,"[0, 100000]","[0, 100000]",0,0,976,3271
yolov8x_training,7544.696474,70,123.619,13370.3125,100,210,10001,"[0, 100000]","[0, 100000]",0,0,878,3710
yolov8x_training,7545.739351,70,123.229,13370.3125,100,225,10001,"[0, 100000]","[0, 100000]",0,0,1025,4199
yolov8x_training,7546.782161,70,124.647,13370.3125,100,210,10001,"[0, 100000]","[0, 100000]",0,0,634,292
yolov8x_training,7547.824821,70,124.937,13370.3125,100,210,10001,"[0, 100000]","[0, 100000]",0,0,341,292
yolov8x_training,7548.867362,70,122.351,13370.3125,100,210,10001,"[0, 100000]","[0, 100000]",0,0,89355,20361
yolov8x_training,7549.910592,69,124.895,13370.3125,100,210,10001,"[0, 100000]","[0, 100000]",0,0,1416,63720
yolov8x_training,7551.122339,69,123.609,13370.3125,100,210,10001,"[0, 100000]","[0, 100000]",0,0,781,10009
yolov8x_training,7552.165181,69,124.350,13370.3125,100,210,10001,"[0, 100000]","[0, 100000]",0,0,1757,4931
yolov8x_training,7553.207990,69,123.041,13370.3125,92,210,10001,"[0, 100000]","[0, 100000]",0,0,927,4199
yolov8x_training,7554.250773,69,122.780,13370.3125,72,210,10001,"[0, 100000]","[0, 100000]",0,0,1074,5029
yolov8x_training,7555.293900,69,122.478,13370.3125,56,285,10001,"[0, 100000]","[0, 100000]",0,0,1562,5712
yolov8x_training,7556.336715,69,124.125,13370.3125,67,330,10001,"[0, 100000]","[0, 100000]",0,0,1123,5078
yolov8x_training,7557.379425,70,123.501,13370.3125,36,330,10001,"[0, 100000]","[0, 100000]",0,0,1025,4248
yolov8x_training,7558.422169,70,123.396,13370.3125,18,210,10001,"[0, 100000]","[0, 100000]",0,0,976,4736
yolov8x_training,7559.464935,70,122.751,13370.3125,21,210,10001,"[0, 100000]","[0, 100000]",0,0,927,3613
yolov8x_training,7560.507756,70,124.351,13370.3125,17,225,10001,"[0, 100000]","[0, 100000]",0,0,927,3271
yolov8x_training,7561.550630,70,123.454,13370.3125,48,240,10001,"[0, 100000]","[0, 100000]",0,0,585,2490
yolov8x_training,7562.593399,70,125.127,13370.3125,56,210,10001,"[0, 100000]","[0, 100000]",0,0,341,1032275
yolov8x_training,7563.636083,70,123.365,13370.3125,100,210,10001,"[0, 100000]","[0, 100000]",0,0,341,341
yolov8x_training,7564.678655,70,121.303,13370.3125,40,210,10001,"[0, 100000]","[0, 100000]",0,0,2880,63671
yolov8x_training,7565.888735,70,122.332,13370.3125,100,210,10001,"[0, 100000]","[0, 100000]",0,0,1708,3076
yolov8x_training,7566.931983,70,124.952,13370.3125,100,1095,10001,"[0, 100000]","[0, 100000]",0,0,1171,4150
yolov8x_training,7567.974776,70,125.582,13370.3125,100,1440,10001,"[0, 100000]","[0, 100000]",0,0,1171,3955
yolov8x_training,7569.018010,70,125.852,13370.3125,100,945,10001,"[0, 100000]","[0, 100000]",0,0,1171,5566
yolov8x_training,7570.061001,70,127.088,13370.3125,100,210,10001,"[0, 100000]","[0, 100000]",0,0,927,5175
yolov8x_training,7571.103836,69,128.486,13370.3125,100,210,10001,"[0, 100000]","[0, 100000]",0,0,1025,3955
yolov8x_training,7572.146688,70,126.640,13370.3125,100,210,10001,"[0, 100000]","[0, 100000]",0,0,1025,3417
yolov8x_training,7573.189422,70,122.919,13370.3125,100,210,10001,"[0, 100000]","[0, 100000]",0,0,1123,4003
yolov8x_training,7574.232234,71,123.965,13370.3125,100,210,10001,"[0, 100000]","[0, 100000]",0,0,878,3710
yolov8x_training,7575.275121,69,121.974,13370.3125,100,210,10001,"[0, 100000]","[0, 100000]",0,0,1025,3808
yolov8x_training,7576.317865,70,124.155,13370.3125,100,210,10001,"[0, 100000]","[0, 100000]",0,0,878,1318
yolov8x_training,7577.360704,71,123.912,13370.3125,100,225,10001,"[0, 100000]","[0, 100000]",0,0,439,292
yolov8x_training,7578.403338,70,123.215,13370.3125,97,225,10001,"[0, 100000]","[0, 100000]",0,0,341,1037011
yolov8x_training,7579.446205,70,124.562,13370.3125,97,210,10001,"[0, 100000]","[0, 100000]",0,0,1220,4736
yolov8x_training,7580.489085,70,122.674,13370.3125,98,210,10001,"[0, 100000]","[0, 100000]",0,0,1074,5175
yolov8x_training,7581.707552,70,124.074,13370.3125,99,210,10001,"[0, 100000]","[0, 100000]",0,0,2880,2490
yolov8x_training,7582.750375,70,124.109,13370.3125,99,210,10001,"[0, 100000]","[0, 100000]",0,0,2001,5908
yolov8x_training,7583.793149,70,123.142,13370.3125,99,210,10001,"[0, 100000]","[0, 100000]",0,0,1855,5175
yolov8x_training,7584.835908,70,124.456,13370.3125,99,210,10001,"[0, 100000]","[0, 100000]",0,0,976,4199
yolov8x_training,7585.878661,70,124.458,13370.3125,99,210,10001,"[0, 100000]","[0, 100000]",0,0,1318,11328
yolov8x_training,7586.921403,70,123.569,13370.3125,100,210,10001,"[0, 100000]","[0, 100000]",0,0,1220,5029
yolov8x_training,7587.964206,70,122.980,13370.3125,99,210,10001,"[0, 100000]","[0, 100000]",0,0,1123,3710
yolov8x_training,7589.006977,70,123.448,13370.3125,100,210,10001,"[0, 100000]","[0, 100000]",0,0,1074,4150
yolov8x_training,7590.049788,70,123.337,13370.3125,100,210,10001,"[0, 100000]","[0, 100000]",0,0,976,2978
yolov8x_training,7591.092787,70,123.529,13370.3125,100,210,10001,"[0, 100000]","[0, 100000]",0,0,1074,2636
yolov8x_training,7592.135746,70,123.287,13370.3125,100,210,10001,"[0, 100000]","[0, 100000]",0,0,634,2197
yolov8x_training,7593.178656,70,124.746,13370.3125,100,210,10001,"[0, 100000]","[0, 100000]",0,0,341,292
yolov8x_training,7594.221288,70,123.847,13370.3125,100,210,10001,"[0, 100000]","[0, 100000]",0,0,88720,13427
yolov8x_training,7595.264237,70,123.461,13370.3125,100,210,10001,"[0, 100000]","[0, 100000]",0,0,88964,14648
yolov8x_training,7596.456658,70,124.857,13370.3125,100,210,10001,"[0, 100000]","[0, 100000]",0,0,9423,38281
yolov8x_training,7597.499605,70,125.717,13370.3125,100,210,10001,"[0, 100000]","[0, 100000]",0,0,1074,7275
yolov8x_training,7598.542385,70,123.694,13370.3125,100,210,10001,"[0, 100000]","[0, 100000]",0,0,1269,5419
yolov8x_training,7599.585302,70,124.623,13370.3125,100,210,10001,"[0, 100000]","[0, 100000]",0,0,927,3466
yolov8x_training,7600.628078,70,122.944,13370.3125,100,225,10001,"[0, 100000]","[0, 100000]",0,0,1074,12304
yolov8x_training,7601.670951,70,123.029,13370.3125,100,225,10001,"[0, 100000]","[0, 100000]",0,0,1611,5078
yolov8x_training,7602.713846,70,124.176,13370.3125,100,210,10001,"[0, 100000]","[0, 100000]",0,0,1171,6201
yolov8x_training,7603.756585,70,123.323,13370.3125,100,210,10001,"[0, 100000]","[0, 100000]",0,0,1171,3271
yolov8x_training,7604.799323,70,123.154,13370.3125,100,255,10001,"[0, 100000]","[0, 100000]",0,0,927,4345
yolov8x_training,7605.842066,70,124.307,13370.3125,100,210,10001,"[0, 100000]","[0, 100000]",0,0,927,4833
yolov8x_training,7606.884953,70,124.931,13370.3125,100,210,10001,"[0, 100000]","[0, 100000]",0,0,1025,3173
yolov8x_training,7607.927781,70,124.652,13370.3125,100,210,10001,"[0, 100000]","[0, 100000]",0,0,927,4003
yolov8x_training,7608.970716,70,124.175,13370.3125,100,210,10001,"[0, 100000]","[0, 100000]",0,0,585,2392
yolov8x_training,7610.013591,70,122.177,13370.3125,100,210,10001,"[0, 100000]","[0, 100000]",0,0,830,1464
yolov8x_training,7611.056523,70,124.761,13370.3125,100,210,10001,"[0, 100000]","[0, 100000]",0,0,341,292
yolov8x_training,7612.099318,70,124.744,13370.3125,100,1110,10001,"[0, 100000]","[0, 100000]",0,0,3906,63037
yolov8x_training,7613.305762,70,126.569,13370.3125,100,2370,10001,"[0, 100000]","[0, 100000]",0,0,1220,5957
yolov8x_training,7614.348589,70,127.762,13370.3125,100,210,10001,"[0, 100000]","[0, 100000]",0,0,1464,5615
yolov8x_training,7615.391304,70,125.100,13370.3125,100,615,10001,"[0, 100000]","[0, 100000]",0,0,1074,3466
yolov8x_training,7616.434103,70,128.490,13370.3125,100,210,10001,"[0, 100000]","[0, 100000]",0,0,1025,3906
yolov8x_training,7617.476919,70,129.224,13370.3125,100,210,10001,"[0, 100000]","[0, 100000]",0,0,1611,5517
yolov8x_training,7618.519739,70,124.580,13370.3125,100,210,10001,"[0, 100000]","[0, 100000]",0,0,1171,4052
yolov8x_training,7619.562507,70,123.212,13370.3125,100,210,10001,"[0, 100000]","[0, 100000]",0,0,1220,2294
yolov8x_training,7620.605327,70,124.508,13370.3125,100,225,10001,"[0, 100000]","[0, 100000]",0,0,1074,4101
yolov8x_training,7621.648128,70,122.603,13370.3125,100,225,10001,"[0, 100000]","[0, 100000]",0,0,1025,4150
yolov8x_training,7622.690900,70,122.616,13370.3125,100,210,10001,"[0, 100000]","[0, 100000]",0,0,1074,2441
yolov8x_training,7623.733759,70,123.396,13370.3125,100,210,10001,"[0, 100000]","[0, 100000]",0,0,830,2832
yolov8x_training,7624.776610,70,124.074,13370.3125,100,225,10001,"[0, 100000]","[0, 100000]",0,0,927,3125
yolov8x_training,7625.819463,70,124.502,13370.3125,100,210,10001,"[0, 100000]","[0, 100000]",0,0,585,292
yolov8x_training,7626.862221,70,122.524,13370.3125,100,225,10001,"[0, 100000]","[0, 100000]",0,0,14501,292
yolov8x_training,7627.905311,70,122.112,13370.3125,100,210,10001,"[0, 100000]","[0, 100000]",0,0,341,292
yolov8x_training,7628.948211,70,123.875,13370.3125,100,225,10001,"[0, 100000]","[0, 100000]",0,0,90429,16357
yolov8x_training,7630.125832,69,123.779,13370.3125,100,210,10001,"[0, 100000]","[0, 100000]",0,0,8496,43798
yolov8x_training,7631.168744,69,125.038,13370.3125,100,210,10001,"[0, 100000]","[0, 100000]",0,0,732,8789
yolov8x_training,7632.211533,69,124.108,13370.3125,100,210,10001,"[0, 100000]","[0, 100000]",0,0,1953,5908
yolov8x_training,7633.254213,69,123.364,13370.3125,100,210,10001,"[0, 100000]","[0, 100000]",0,0,976,3662
yolov8x_training,7634.296930,72,122.143,13370.3125,100,225,10001,"[0, 100000]","[0, 100000]",0,0,1123,5273
yolov8x_training,7635.339678,69,123.053,13370.3125,100,210,10001,"[0, 100000]","[0, 100000]",0,0,1464,8642
yolov8x_training,7636.382817,70,124.349,13370.3125,100,210,10001,"[0, 100000]","[0, 100000]",0,0,1220,5029
yolov8x_training,7637.425601,70,123.474,13370.3125,93,315,10001,"[0, 100000]","[0, 100000]",0,0,1074,3808
yolov8x_training,7638.468409,70,123.218,13370.3125,52,210,10001,"[0, 100000]","[0, 100000]",0,0,878,3271
yolov8x_training,7639.511939,70,124.259,13370.3125,63,210,10001,"[0, 100000]","[0, 100000]",0,0,927,3320
yolov8x_training,7640.554874,70,123.127,13370.3125,30,210,10001,"[0, 100000]","[0, 100000]",0,0,1074,3857
yolov8x_training,7641.597795,70,123.687,13370.3125,37,210,10001,"[0, 100000]","[0, 100000]",0,0,488,292
yolov8x_training,7642.640461,70,122.651,13370.3125,21,210,10001,"[0, 100000]","[0, 100000]",0,0,341,341
yolov8x_training,7643.683200,70,124.959,13370.3125,27,210,10001,"[0, 100000]","[0, 100000]",0,0,88916,17724
yolov8x_training,7644.726630,70,123.904,13370.3125,9,210,10001,"[0, 100000]","[0, 100000]",0,0,1318,61572
yolov8x_training,7645.932503,70,122.622,13370.3125,53,255,10001,"[0, 100000]","[0, 100000]",0,0,732,10009
yolov8x_training,7646.975332,70,122.878,13370.3125,43,210,10001,"[0, 100000]","[0, 100000]",0,0,1318,4150
yolov8x_training,7648.018114,70,121.598,13370.3125,38,210,10001,"[0, 100000]","[0, 100000]",0,0,1123,3662
yolov8x_training,7649.060905,70,121.592,13370.3125,93,300,10001,"[0, 100000]","[0, 100000]",0,0,1074,5517
yolov8x_training,7650.103628,70,119.456,13370.3125,42,225,10001,"[0, 100000]","[0, 100000]",0,0,976,5078
yolov8x_training,7651.146443,70,119.956,13370.3125,0,450,10001,"[0, 100000]","[0, 100000]",0,0,976,3857
yolov8x_training,7652.189220,70,123.801,13370.3125,37,210,10001,"[0, 100000]","[0, 100000]",0,0,1123,5273
yolov8x_training,7653.231933,70,124.880,13370.3125,16,240,10001,"[0, 100000]","[0, 100000]",0,0,1220,5566
yolov8x_training,7654.274635,70,122.826,13370.3125,43,255,10001,"[0, 100000]","[0, 100000]",0,0,1269,3369
yolov8x_training,7655.317387,70,123.629,13370.3125,9,255,10001,"[0, 100000]","[0, 100000]",0,0,878,3906
yolov8x_training,7656.360112,70,122.418,13370.3125,22,255,10001,"[0, 100000]","[0, 100000]",0,0,1074,3710
yolov8x_training,7657.402838,70,124.083,13370.3125,15,210,10001,"[0, 100000]","[0, 100000]",0,0,683,4003
yolov8x_training,7658.445614,70,125.628,13370.3125,57,210,10001,"[0, 100000]","[0, 100000]",0,0,1074,439
yolov8x_training,7659.488450,70,124.194,13370.3125,69,210,10001,"[0, 100000]","[0, 100000]",0,0,537,2343
yolov8x_training,7660.531328,70,122.672,13370.3125,87,225,10001,"[0, 100000]","[0, 100000]",0,0,488,341
yolov8x_training,7661.573975,70,125.085,13370.3125,76,945,10001,"[0, 100000]","[0, 100000]",0,0,90380,6298
yolov8x_training,7662.617142,70,123.404,13370.3125,100,240,10001,"[0, 100000]","[0, 100000]",0,0,89648,22558
yolov8x_training,7663.838119,70,121.670,13370.3125,100,1050,10001,"[0, 100000]","[0, 100000]",0,0,1074,7910
yolov8x_training,7664.880914,71,125.357,13370.3125,100,2265,10001,"[0, 100000]","[0, 100000]",0,0,1757,5615
yolov8x_training,7665.923671,70,126.212,13370.3125,100,645,10001,"[0, 100000]","[0, 100000]",0,0,976,4199
yolov8x_training,7666.966456,71,127.230,13370.3125,100,2505,10001,"[0, 100000]","[0, 100000]",0,0,1025,4443
yolov8x_training,7668.009854,70,126.489,13370.3125,100,210,10001,"[0, 100000]","[0, 100000]",0,0,1123,7714
yolov8x_training,7669.052619,71,126.390,13370.3125,100,210,10001,"[0, 100000]","[0, 100000]",0,0,1611,5517
yolov8x_training,7670.095377,70,127.297,13370.3125,100,210,10001,"[0, 100000]","[0, 100000]",0,0,1074,3857
yolov8x_training,7671.138323,71,126.989,13370.3125,100,210,10001,"[0, 100000]","[0, 100000]",0,0,927,3466
yolov8x_training,7672.181180,70,124.167,13370.3125,100,210,10001,"[0, 100000]","[0, 100000]",0,0,1074,4589
yolov8x_training,7673.223965,70,123.478,13370.3125,100,225,10001,"[0, 100000]","[0, 100000]",0,0,878,3759
yolov8x_training,7674.266745,70,124.316,13370.3125,100,210,10001,"[0, 100000]","[0, 100000]",0,0,976,1464
yolov8x_training,7675.309505,70,123.503,13370.3125,100,225,10001,"[0, 100000]","[0, 100000]",0,0,634,2197
yolov8x_training,7676.352243,70,123.851,13370.3125,97,210,10001,"[0, 100000]","[0, 100000]",0,0,390,292
yolov8x_training,7677.394853,69,124.146,13370.3125,98,210,10001,"[0, 100000]","[0, 100000]",0,0,4052,54345
yolov8x_training,7678.612526,69,124.798,13370.3125,97,210,10001,"[0, 100000]","[0, 100000]",0,0,4882,2685
yolov8x_training,7679.655618,70,124.856,13370.3125,97,225,10001,"[0, 100000]","[0, 100000]",0,0,1269,8496
yolov8x_training,7680.698411,72,122.758,13370.3125,99,210,10001,"[0, 100000]","[0, 100000]",0,0,1171,4394
yolov8x_training,7681.741392,71,122.478,13370.3125,97,210,10001,"[0, 100000]","[0, 100000]",0,0,1025,3857
yolov8x_training,7682.784228,69,122.629,13370.3125,97,225,10001,"[0, 100000]","[0, 100000]",0,0,1074,4687
yolov8x_training,7683.827021,71,123.497,13370.3125,100,210,10001,"[0, 100000]","[0, 100000]",0,0,2099,4003
yolov8x_training,7684.869791,73,123.774,13370.3125,100,405,10001,"[0, 100000]","[0, 100000]",0,0,1074,3320
yolov8x_training,7685.912511,70,123.602,13370.3125,100,210,10001,"[0, 100000]","[0, 100000]",0,0,927,4492
yolov8x_training,7686.955167,70,124.124,13370.3125,100,210,10001,"[0, 100000]","[0, 100000]",0,0,830,2685
yolov8x_training,7687.998021,70,124.603,13370.3125,100,240,10001,"[0, 100000]","[0, 100000]",0,0,976,3613
yolov8x_training,7689.040840,70,123.586,13370.3125,100,225,10001,"[0, 100000]","[0, 100000]",0,0,634,292
yolov8x_training,7690.083507,70,124.352,13370.3125,100,210,10001,"[0, 100000]","[0, 100000]",0,0,341,292
yolov8x_training,7691.126074,70,123.016,13370.3125,100,210,10001,"[0, 100000]","[0, 100000]",0,0,89843,18310
yolov8x_training,7692.305643,70,120.762,13370.3125,100,975,10001,"[0, 100000]","[0, 100000]",0,0,9521,37500
yolov8x_training,7693.348555,70,123.937,13370.3125,100,2265,10001,"[0, 100000]","[0, 100000]",0,0,1855,5859
yolov8x_training,7694.391516,70,120.458,13370.3125,100,1410,10001,"[0, 100000]","[0, 100000]",0,0,732,8740
yolov8x_training,7695.434254,70,118.985,13370.3125,100,1410,10001,"[0, 100000]","[0, 100000]",0,0,1171,6298
yolov8x_training,7696.477064,70,124.239,13370.3125,100,2115,10001,"[0, 100000]","[0, 100000]",0,0,1025,4052
yolov8x_training,7697.520006,70,122.998,13370.3125,100,2130,10001,"[0, 100000]","[0, 100000]",0,0,976,5175
yolov8x_training,7698.562900,70,119.421,13370.3125,100,1335,10001,"[0, 100000]","[0, 100000]",0,0,1074,6884
yolov8x_training,7699.605782,70,121.110,13370.3125,100,225,10001,"[0, 100000]","[0, 100000]",0,0,1171,5859
yolov8x_training,7700.648669,71,125.509,13370.3125,100,210,10001,"[0, 100000]","[0, 100000]",0,0,878,4443
yolov8x_training,7701.691447,71,123.687,13370.3125,100,210,10001,"[0, 100000]","[0, 100000]",0,0,927,3955
yolov8x_training,7702.734258,70,122.713,13370.3125,100,210,10001,"[0, 100000]","[0, 100000]",0,0,878,3906
yolov8x_training,7703.776958,70,123.884,13370.3125,100,210,10001,"[0, 100000]","[0, 100000]",0,0,1123,2392
yolov8x_training,7704.819715,70,124.132,13370.3125,100,210,10001,"[0, 100000]","[0, 100000]",0,0,1123,3417
yolov8x_training,7705.862477,71,124.244,13370.3125,100,210,10001,"[0, 100000]","[0, 100000]",0,0,781,1416
yolov8x_training,7706.905296,70,123.912,13370.3125,100,225,10001,"[0, 100000]","[0, 100000]",0,0,878,878
yolov8x_training,7707.948146,70,124.553,13370.3125,100,210,10001,"[0, 100000]","[0, 100000]",0,0,341,292
yolov8x_training,7708.990686,70,123.962,13370.3125,100,210,10001,"[0, 100000]","[0, 100000]",0,0,2783,4492
yolov8x_training,7710.033396,70,122.985,13370.3125,100,210,10001,"[0, 100000]","[0, 100000]",0,0,1171,3955
yolov8x_training,7711.076118,70,122.965,13370.3125,100,210,10001,"[0, 100000]","[0, 100000]",0,0,1171,64257
yolov8x_training,7712.295888,70,124.469,13370.3125,100,225,10001,"[0, 100000]","[0, 100000]",0,0,8642,35205
yolov8x_training,7713.338815,70,123.834,13370.3125,100,2460,10001,"[0, 100000]","[0, 100000]",0,0,4150,2587
yolov8x_training,7714.381612,70,120.067,13370.3125,100,1350,10001,"[0, 100000]","[0, 100000]",0,0,1562,2587
yolov8x_training,7715.424528,70,121.166,13370.3125,100,2265,10001,"[0, 100000]","[0, 100000]",0,0,1171,3955
yolov8x_training,7716.467633,70,125.818,13370.3125,100,210,10001,"[0, 100000]","[0, 100000]",0,0,1123,5712
yolov8x_training,7717.510530,70,127.179,13370.3125,100,210,10001,"[0, 100000]","[0, 100000]",0,0,1025,5712
yolov8x_training,7718.553378,70,128.331,13370.3125,100,210,10001,"[0, 100000]","[0, 100000]",0,0,1123,4931
yolov8x_training,7719.596130,70,127.944,13370.3125,100,225,10001,"[0, 100000]","[0, 100000]",0,0,1025,3515
yolov8x_training,7720.638880,70,127.898,13370.3125,100,210,10001,"[0, 100000]","[0, 100000]",0,0,1025,4101
yolov8x_training,7721.681708,70,124.111,13370.3125,100,210,10001,"[0, 100000]","[0, 100000]",0,0,927,3662
yolov8x_training,7722.724514,70,124.569,13370.3125,100,210,10001,"[0, 100000]","[0, 100000]",0,0,878,3271
yolov8x_training,7723.767251,70,123.901,13370.3125,100,210,10001,"[0, 100000]","[0, 100000]",0,0,830,439
yolov8x_training,7724.810629,70,124.886,13370.3125,100,210,10001,"[0, 100000]","[0, 100000]",0,0,341,292
yolov8x_training,7725.853237,70,122.750,13370.3125,100,210,10001,"[0, 100000]","[0, 100000]",0,0,341,292
yolov8x_training,7726.895769,70,122.909,13370.3125,100,210,10001,"[0, 100000]","[0, 100000]",0,0,341,1036523
yolov8x_training,7728.093251,69,124.805,13370.3125,100,210,10001,"[0, 100000]","[0, 100000]",0,0,9326,39746
yolov8x_training,7729.136168,69,125.361,13370.3125,100,210,10001,"[0, 100000]","[0, 100000]",0,0,781,11572
yolov8x_training,7730.178906,69,124.336,13370.3125,100,210,10001,"[0, 100000]","[0, 100000]",0,0,1074,4541
yolov8x_training,7731.221626,71,123.948,13370.3125,100,270,10001,"[0, 100000]","[0, 100000]",0,0,1025,3515
yolov8x_training,7732.264384,73,123.827,13370.3125,100,360,10001,"[0, 100000]","[0, 100000]",0,0,1074,12695
yolov8x_training,7733.307254,71,124.167,13370.3125,15,210,10001,"[0, 100000]","[0, 100000]",0,0,1171,5419
yolov8x_training,7734.350037,71,122.974,13370.3125,23,360,10001,"[0, 100000]","[0, 100000]",0,0,1074,3808
yolov8x_training,7735.392833,70,122.259,13370.3125,23,390,10001,"[0, 100000]","[0, 100000]",0,0,927,4150
yolov8x_training,7736.435563,70,123.663,13370.3125,13,210,10001,"[0, 100000]","[0, 100000]",0,0,1025,4199
yolov8x_training,7737.478268,70,122.612,13370.3125,43,210,10001,"[0, 100000]","[0, 100000]",0,0,1123,2832
yolov8x_training,7738.521073,70,124.036,13370.3125,9,210,10001,"[0, 100000]","[0, 100000]",0,0,1025,3222
yolov8x_training,7739.563936,70,123.697,13370.3125,39,240,10001,"[0, 100000]","[0, 100000]",0,0,439,2734
yolov8x_training,7740.606743,70,124.680,13370.3125,71,210,10001,"[0, 100000]","[0, 100000]",0,0,292,341
yolov8x_training,7741.649342,70,122.518,13370.3125,85,210,10001,"[0, 100000]","[0, 100000]",0,0,341,292
yolov8x_training,7742.692002,70,121.830,13370.3125,49,210,10001,"[0, 100000]","[0, 100000]",0,0,341,1033007
yolov8x_training,7743.734966,70,121.395,13370.3125,51,210,10001,"[0, 100000]","[0, 100000]",0,0,3466,64843
yolov8x_training,7744.956344,70,120.594,13370.3125,91,210,10001,"[0, 100000]","[0, 100000]",0,0,2978,2539
yolov8x_training,7745.999187,70,120.818,13370.3125,61,210,10001,"[0, 100000]","[0, 100000]",0,0,1660,3320
yolov8x_training,7747.041975,70,120.404,13370.3125,91,210,10001,"[0, 100000]","[0, 100000]",0,0,1171,5566
yolov8x_training,7748.084719,70,121.499,13370.3125,100,210,10001,"[0, 100000]","[0, 100000]",0,0,1074,5419
yolov8x_training,7749.127434,70,125.391,13370.3125,100,210,10001,"[0, 100000]","[0, 100000]",0,0,2099,4345
yolov8x_training,7750.170183,70,126.504,13370.3125,100,210,10001,"[0, 100000]","[0, 100000]",0,0,1171,4931
yolov8x_training,7751.212915,70,124.036,13370.3125,100,210,10001,"[0, 100000]","[0, 100000]",0,0,1025,4296
yolov8x_training,7752.255721,70,122.992,13370.3125,100,210,10001,"[0, 100000]","[0, 100000]",0,0,1025,4931
yolov8x_training,7753.298454,70,122.390,13370.3125,100,210,10001,"[0, 100000]","[0, 100000]",0,0,830,3076
yolov8x_training,7754.341372,70,124.119,13370.3125,100,210,10001,"[0, 100000]","[0, 100000]",0,0,1025,2978
yolov8x_training,7755.384160,70,122.993,13370.3125,100,210,10001,"[0, 100000]","[0, 100000]",0,0,1123,1074
yolov8x_training,7756.426960,70,122.416,13370.3125,100,210,10001,"[0, 100000]","[0, 100000]",0,0,634,2539
yolov8x_training,7757.469709,70,123.923,13370.3125,100,225,10001,"[0, 100000]","[0, 100000]",0,0,4833,292
yolov8x_training,7758.512514,70,122.837,13370.3125,100,210,10001,"[0, 100000]","[0, 100000]",0,0,341,292
yolov8x_training,7759.555076,70,122.562,13370.3125,100,210,10001,"[0, 100000]","[0, 100000]",0,0,341,1040771
yolov8x_training,7760.779799,70,128.665,13370.3125,100,2295,10001,"[0, 100000]","[0, 100000]",0,0,8447,43994
yolov8x_training,7761.822574,70,127.966,13370.3125,100,2250,10001,"[0, 100000]","[0, 100000]",0,0,1025,8789
yolov8x_training,7762.865335,70,129.475,13370.3125,100,210,10001,"[0, 100000]","[0, 100000]",0,0,1855,5810
yolov8x_training,7763.908073,70,124.426,13370.3125,97,210,10001,"[0, 100000]","[0, 100000]",0,0,927,3466
yolov8x_training,7764.950831,70,124.474,13370.3125,97,210,10001,"[0, 100000]","[0, 100000]",0,0,1025,8349
yolov8x_training,7765.993618,71,123.670,13370.3125,98,210,10001,"[0, 100000]","[0, 100000]",0,0,1562,6787
yolov8x_training,7767.036361,70,124.054,13370.3125,97,210,10001,"[0, 100000]","[0, 100000]",0,0,1123,5126
yolov8x_training,7768.079109,70,124.075,13370.3125,97,210,10001,"[0, 100000]","[0, 100000]",0,0,1025,4150
yolov8x_training,7769.121873,70,123.469,13370.3125,98,210,10001,"[0, 100000]","[0, 100000]",0,0,976,4638
yolov8x_training,7770.164618,70,122.990,13370.3125,97,210,10001,"[0, 100000]","[0, 100000]",0,0,1074,3710
yolov8x_training,7771.207438,70,122.585,13370.3125,97,210,10001,"[0, 100000]","[0, 100000]",0,0,976,2978
yolov8x_training,7772.250161,70,124.223,13370.3125,97,210,10001,"[0, 100000]","[0, 100000]",0,0,1123,3710
yolov8x_training,7773.292888,70,125.485,13370.3125,99,210,10001,"[0, 100000]","[0, 100000]",0,0,5517,89746
yolov8x_training,7774.336217,70,123.437,13370.3125,97,210,10001,"[0, 100000]","[0, 100000]",0,0,488,341
yolov8x_training,7775.379018,70,125.198,13370.3125,98,210,10001,"[0, 100000]","[0, 100000]",0,0,89404,21191
yolov8x_training,7776.422310,69,124.704,13370.3125,100,210,10001,"[0, 100000]","[0, 100000]",0,0,1171,63867
yolov8x_training,7777.660747,70,123.442,13370.3125,100,210,10001,"[0, 100000]","[0, 100000]",0,0,9667,36669
yolov8x_training,7778.703670,70,122.804,13370.3125,98,210,10001,"[0, 100000]","[0, 100000]",0,0,1660,5078
yolov8x_training,7779.746450,70,123.810,13370.3125,98,210,10001,"[0, 100000]","[0, 100000]",0,0,878,10693
yolov8x_training,7780.789304,70,123.317,13370.3125,100,210,10001,"[0, 100000]","[0, 100000]",0,0,1025,4443
yolov8x_training,7781.832129,70,123.190,13370.3125,96,210,10001,"[0, 100000]","[0, 100000]",0,0,878,3955
yolov8x_training,7782.874833,70,123.173,13370.3125,99,210,10001,"[0, 100000]","[0, 100000]",0,0,1074,8740
yolov8x_training,7783.917667,70,121.793,13370.3125,98,210,10001,"[0, 100000]","[0, 100000]",0,0,2392,3906
yolov8x_training,7784.960473,70,123.975,13370.3125,100,210,10001,"[0, 100000]","[0, 100000]",0,0,1220,3613
yolov8x_training,7786.003476,70,122.052,13370.3125,98,210,10001,"[0, 100000]","[0, 100000]",0,0,927,3369
yolov8x_training,7787.046432,70,122.084,13370.3125,97,210,10001,"[0, 100000]","[0, 100000]",0,0,1074,3906
yolov8x_training,7788.089227,70,122.649,13370.3125,100,210,10001,"[0, 100000]","[0, 100000]",0,0,1123,2343
yolov8x_training,7789.131961,70,123.902,13370.3125,100,210,10001,"[0, 100000]","[0, 100000]",0,0,1025,3613
yolov8x_training,7790.174784,70,124.225,13370.3125,100,210,10001,"[0, 100000]","[0, 100000]",0,0,1171,732
yolov8x_training,7791.217601,70,124.585,13370.3125,100,210,10001,"[0, 100000]","[0, 100000]",0,0,927,292
yolov8x_training,7792.260273,70,125.027,13370.3125,100,210,10001,"[0, 100000]","[0, 100000]",0,0,341,1032226
yolov8x_training,7793.303138,70,123.429,13370.3125,100,210,10001,"[0, 100000]","[0, 100000]",0,0,341,1030712
yolov8x_training,7794.346151,70,124.362,13370.3125,100,210,10001,"[0, 100000]","[0, 100000]",0,0,3613,52685
yolov8x_training,7795.557089,71,125.793,13370.3125,100,210,10001,"[0, 100000]","[0, 100000]",0,0,781,9960
yolov8x_training,7796.599831,72,124.832,13370.3125,100,210,10001,"[0, 100000]","[0, 100000]",0,0,1269,5371
yolov8x_training,7797.642679,70,125.816,13370.3125,100,360,10001,"[0, 100000]","[0, 100000]",0,0,1171,4492
yolov8x_training,7798.685651,73,123.417,13370.3125,100,210,10001,"[0, 100000]","[0, 100000]",0,0,976,3710
yolov8x_training,7799.728519,71,124.150,13370.3125,100,255,10001,"[0, 100000]","[0, 100000]",0,0,2197,4003
yolov8x_training,7800.771320,70,125.021,13370.3125,100,210,10001,"[0, 100000]","[0, 100000]",0,0,1171,3466
yolov8x_training,7801.814101,70,124.126,13370.3125,100,255,10001,"[0, 100000]","[0, 100000]",0,0,976,3369
yolov8x_training,7802.856877,70,124.696,13370.3125,100,210,10001,"[0, 100000]","[0, 100000]",0,0,927,4003
yolov8x_training,7803.899700,70,125.362,13370.3125,100,210,10001,"[0, 100000]","[0, 100000]",0,0,1025,3515
yolov8x_training,7804.942469,70,123.553,13370.3125,100,210,10001,"[0, 100000]","[0, 100000]",0,0,634,1611
yolov8x_training,7805.985226,70,124.945,13370.3125,100,210,10001,"[0, 100000]","[0, 100000]",0,0,341,292
yolov8x_training,7807.027899,70,122.166,13370.3125,100,210,10001,"[0, 100000]","[0, 100000]",0,0,292,292
yolov8x_training,7808.070437,70,123.485,13370.3125,100,210,10001,"[0, 100000]","[0, 100000]",0,0,1220,5371
yolov8x_training,7809.113599,70,122.563,13370.3125,100,2250,10001,"[0, 100000]","[0, 100000]",0,0,1123,4394
yolov8x_training,7810.156331,70,122.811,13370.3125,100,1875,10001,"[0, 100000]","[0, 100000]",0,0,1318,58349
yolov8x_training,7811.370564,70,125.289,13370.3125,100,1800,10001,"[0, 100000]","[0, 100000]",0,0,5224,4394
yolov8x_training,7812.413380,70,125.227,13370.3125,100,1890,10001,"[0, 100000]","[0, 100000]",0,0,732,11132
yolov8x_training,7813.456287,70,126.864,13370.3125,100,1800,10001,"[0, 100000]","[0, 100000]",0,0,1074,3613
yolov8x_training,7814.499107,70,126.952,13370.3125,100,2430,10001,"[0, 100000]","[0, 100000]",0,0,1025,5078
yolov8x_training,7815.542568,70,128.163,13370.3125,100,210,10001,"[0, 100000]","[0, 100000]",0,0,1904,5126
yolov8x_training,7816.585403,70,123.100,13370.3125,100,210,10001,"[0, 100000]","[0, 100000]",0,0,1123,4882
yolov8x_training,7817.628250,70,124.974,13370.3125,100,210,10001,"[0, 100000]","[0, 100000]",0,0,927,3564
yolov8x_training,7818.671027,71,130.258,13370.3125,100,225,10001,"[0, 100000]","[0, 100000]",0,0,1074,3955
yolov8x_training,7819.713586,70,123.762,13370.3125,100,225,10001,"[0, 100000]","[0, 100000]",0,0,927,3564
yolov8x_training,7820.756437,70,123.379,13370.3125,100,210,10001,"[0, 100000]","[0, 100000]",0,0,1025,4003
yolov8x_training,7821.799236,70,125.012,13370.3125,100,210,10001,"[0, 100000]","[0, 100000]",0,0,585,2197
yolov8x_training,7822.842090,70,124.750,13370.3125,100,210,10001,"[0, 100000]","[0, 100000]",0,0,341,292
yolov8x_training,7823.884719,70,123.909,13370.3125,100,210,10001,"[0, 100000]","[0, 100000]",0,0,3808,5810
yolov8x_training,7825.105600,69,124.651,13370.3125,100,210,10001,"[0, 100000]","[0, 100000]",0,0,1025,8789
yolov8x_training,7826.147942,70,125.988,13370.3125,70,390,10001,"[0, 100000]","[0, 100000]",0,0,1269,5371
yolov8x_training,7827.190276,70,122.178,13370.3125,36,450,10001,"[0, 100000]","[0, 100000]",0,0,976,3955
yolov8x_training,7828.232702,70,122.387,13370.3125,37,450,10001,"[0, 100000]","[0, 100000]",0,0,1074,5126
yolov8x_training,7829.275073,70,124.252,13370.3125,67,315,10001,"[0, 100000]","[0, 100000]",0,0,1367,8642
yolov8x_training,7830.318032,70,124.004,13370.3125,28,210,10001,"[0, 100000]","[0, 100000]",0,0,1171,5517
yolov8x_training,7831.360858,70,122.675,13370.3125,19,330,10001,"[0, 100000]","[0, 100000]",0,0,1318,3125
yolov8x_training,7832.403742,70,123.622,13370.3125,17,405,10001,"[0, 100000]","[0, 100000]",0,0,1074,3662
yolov8x_training,7833.446660,70,120.622,13370.3125,67,210,10001,"[0, 100000]","[0, 100000]",0,0,1074,5517
yolov8x_training,7834.489655,70,121.467,13370.3125,100,210,10001,"[0, 100000]","[0, 100000]",0,0,1220,6201
yolov8x_training,7835.532597,70,123.101,13370.3125,100,210,10001,"[0, 100000]","[0, 100000]",0,0,976,4052
yolov8x_training,7836.575395,70,123.424,13370.3125,100,210,10001,"[0, 100000]","[0, 100000]",0,0,1123,3906
yolov8x_training,7837.618237,70,124.369,13370.3125,100,210,10001,"[0, 100000]","[0, 100000]",0,0,1171,2197
yolov8x_training,7838.661009,70,123.308,13370.3125,100,210,10001,"[0, 100000]","[0, 100000]",0,0,1074,3564
yolov8x_training,7839.703920,70,125.446,13370.3125,100,210,10001,"[0, 100000]","[0, 100000]",0,0,781,1367
yolov8x_training,7840.746735,70,123.230,13370.3125,97,210,10001,"[0, 100000]","[0, 100000]",0,0,11230,29248
yolov8x_training,7841.789520,70,124.931,13370.3125,100,210,10001,"[0, 100000]","[0, 100000]",0,0,341,1036816
yolov8x_training,7842.832289,70,124.290,13370.3125,78,210,10001,"[0, 100000]","[0, 100000]",0,0,1367,4003
yolov8x_training,7843.875133,70,123.602,13370.3125,79,210,10001,"[0, 100000]","[0, 100000]",0,0,1123,65283
yolov8x_training,7845.096136,72,123.238,13370.3125,100,210,10001,"[0, 100000]","[0, 100000]",0,0,9277,7128
yolov8x_training,7846.138793,70,124.703,13370.3125,98,210,10001,"[0, 100000]","[0, 100000]",0,0,1855,3271
yolov8x_training,7847.180966,70,123.649,13370.3125,93,210,10001,"[0, 100000]","[0, 100000]",0,0,1269,5224
yolov8x_training,7848.223146,70,123.309,13370.3125,72,375,10001,"[0, 100000]","[0, 100000]",0,0,1025,4980
yolov8x_training,7849.265510,70,124.007,13370.3125,67,285,10001,"[0, 100000]","[0, 100000]",0,0,1562,7128
yolov8x_training,7850.308249,70,123.412,13370.3125,26,210,10001,"[0, 100000]","[0, 100000]",0,0,1220,5517
yolov8x_training,7851.350917,70,122.356,13370.3125,24,210,10001,"[0, 100000]","[0, 100000]",0,0,1367,2734
yolov8x_training,7852.393707,70,122.651,13370.3125,25,285,10001,"[0, 100000]","[0, 100000]",0,0,1074,4101
yolov8x_training,7853.436548,70,124.497,13370.3125,49,315,10001,"[0, 100000]","[0, 100000]",0,0,878,4101
yolov8x_training,7854.479298,70,122.445,13370.3125,27,330,10001,"[0, 100000]","[0, 100000]",0,0,1220,2343
yolov8x_training,7855.522116,70,124.833,13370.3125,23,255,10001,"[0, 100000]","[0, 100000]",0,0,1025,3857
yolov8x_training,7856.564887,70,124.692,13370.3125,36,210,10001,"[0, 100000]","[0, 100000]",0,0,4003,90771
yolov8x_training,7857.608082,70,125.373,13370.3125,56,465,10001,"[0, 100000]","[0, 100000]",0,0,341,1040576
yolov8x_training,7858.650984,70,124.290,13370.3125,100,1035,10001,"[0, 100000]","[0, 100000]",0,0,1074,61962
yolov8x_training,7859.874264,70,123.522,13370.3125,100,1830,10001,"[0, 100000]","[0, 100000]",0,0,1074,9521
yolov8x_training,7860.917027,71,126.340,13370.3125,100,1935,10001,"[0, 100000]","[0, 100000]",0,0,1171,4882
yolov8x_training,7861.959743,70,126.517,13370.3125,100,210,10001,"[0, 100000]","[0, 100000]",0,0,927,3710
yolov8x_training,7863.002625,70,127.028,13370.3125,100,210,10001,"[0, 100000]","[0, 100000]",0,0,1074,4785
yolov8x_training,7864.046125,70,123.045,13370.3125,100,210,10001,"[0, 100000]","[0, 100000]",0,0,1757,5273
yolov8x_training,7865.088928,70,124.788,13370.3125,100,210,10001,"[0, 100000]","[0, 100000]",0,0,1171,2490
yolov8x_training,7866.131818,70,127.961,13370.3125,100,210,10001,"[0, 100000]","[0, 100000]",0,0,1025,3759
yolov8x_training,7867.174597,70,124.453,13370.3125,97,210,10001,"[0, 100000]","[0, 100000]",0,0,878,2978
yolov8x_training,7868.217387,70,123.320,13370.3125,98,210,10001,"[0, 100000]","[0, 100000]",0,0,976,3222
yolov8x_training,7869.260214,70,124.534,13370.3125,98,210,10001,"[0, 100000]","[0, 100000]",0,0,976,2929
yolov8x_training,7870.303017,70,123.095,13370.3125,97,210,10001,"[0, 100000]","[0, 100000]",0,0,488,2587
yolov8x_training,7871.345838,70,123.449,13370.3125,98,210,10001,"[0, 100000]","[0, 100000]",0,0,292,341
yolov8x_training,7872.388643,70,124.038,13370.3125,98,210,10001,"[0, 100000]","[0, 100000]",0,0,89013,19042
yolov8x_training,7873.431567,70,124.604,13370.3125,98,210,10001,"[0, 100000]","[0, 100000]",0,0,976,6591
yolov8x_training,7874.643984,70,122.455,13370.3125,98,210,10001,"[0, 100000]","[0, 100000]",0,0,1025,9228
yolov8x_training,7875.686781,72,124.161,13370.3125,99,210,10001,"[0, 100000]","[0, 100000]",0,0,1269,5468
yolov8x_training,7876.729626,73,123.855,13370.3125,100,345,10001,"[0, 100000]","[0, 100000]",0,0,976,3271
yolov8x_training,7877.772473,70,124.139,13370.3125,100,210,10001,"[0, 100000]","[0, 100000]",0,0,1611,5566
yolov8x_training,7878.815314,70,123.046,13370.3125,100,210,10001,"[0, 100000]","[0, 100000]",0,0,1171,5664
yolov8x_training,7879.858128,70,123.050,13370.3125,100,210,10001,"[0, 100000]","[0, 100000]",0,0,976,4052
yolov8x_training,7880.901037,70,124.183,13370.3125,100,225,10001,"[0, 100000]","[0, 100000]",0,0,927,3662
yolov8x_training,7881.943902,70,122.678,13370.3125,100,240,10001,"[0, 100000]","[0, 100000]",0,0,1171,2441
yolov8x_training,7882.986732,70,122.157,13370.3125,100,270,10001,"[0, 100000]","[0, 100000]",0,0,976,3857
yolov8x_training,7884.029634,70,123.474,13370.3125,100,210,10001,"[0, 100000]","[0, 100000]",0,0,927,1464
yolov8x_training,7885.072568,70,122.284,13370.3125,100,240,10001,"[0, 100000]","[0, 100000]",0,0,634,1806
yolov8x_training,7886.115529,70,122.196,13370.3125,100,210,10001,"[0, 100000]","[0, 100000]",0,0,878,292
yolov8x_training,7887.158393,70,124.762,13370.3125,100,225,10001,"[0, 100000]","[0, 100000]",0,0,89355,15087
yolov8x_training,7888.201514,70,121.891,13370.3125,100,210,10001,"[0, 100000]","[0, 100000]",0,0,2441,5810
yolov8x_training,7889.244725,70,121.781,13370.3125,100,255,10001,"[0, 100000]","[0, 100000]",0,0,1367,64111
yolov8x_training,7890.455658,70,120.872,13370.3125,100,255,10001,"[0, 100000]","[0, 100000]",0,0,1074,10791
yolov8x_training,7891.498457,70,121.137,13370.3125,100,570,10001,"[0, 100000]","[0, 100000]",0,0,1757,6152
yolov8x_training,7892.541347,70,120.586,13370.3125,100,210,10001,"[0, 100000]","[0, 100000]",0,0,1025,3466
yolov8x_training,7893.584225,70,120.477,13370.3125,100,330,10001,"[0, 100000]","[0, 100000]",0,0,976,5224
yolov8x_training,7894.627123,70,121.696,13370.3125,100,210,10001,"[0, 100000]","[0, 100000]",0,0,1513,5517
yolov8x_training,7895.670040,70,124.245,13370.3125,100,210,10001,"[0, 100000]","[0, 100000]",0,0,1220,3808
yolov8x_training,7896.713021,71,125.068,13370.3125,100,210,10001,"[0, 100000]","[0, 100000]",0,0,927,3759
yolov8x_training,7897.755877,70,124.289,13370.3125,100,225,10001,"[0, 100000]","[0, 100000]",0,0,1171,2587
yolov8x_training,7898.798831,70,123.607,13370.3125,100,210,10001,"[0, 100000]","[0, 100000]",0,0,976,3857
yolov8x_training,7899.841795,70,123.030,13370.3125,100,210,10001,"[0, 100000]","[0, 100000]",0,0,585,2832
yolov8x_training,7901.116105,70,114.595,14976.3125,0,210,10001,"[0, 100000]","[0, 100000]",0,0,4443,69384
yolov8x_training,7902.159144,70,112.692,16770.3125,100,210,10001,"[0, 100000]","[0, 100000]",0,0,14355,1220
yolov8x_training,7903.207017,69,111.143,16770.3125,100,2505,10001,"[0, 100000]","[0, 100000]",0,0,292,292
yolov8x_training,7904.266801,69,84.595,16770.3125,0,2505,10001,"[0, 100000]","[0, 100000]",0,0,341,292
yolov8x_training,7905.343390,69,81.141,16770.3125,0,2505,10001,"[0, 100000]","[0, 100000]",0,0,341,72802
yolov8x_training,7906.387371,69,82.395,16774.3125,6,2505,10001,"[0, 100000]","[0, 100000]",0,0,341,292
yolov8x_training,7907.430148,68,81.276,16774.3125,0,2505,10001,"[0, 100000]","[0, 100000]",0,0,292,292
yolov8x_training,7908.483783,68,80.746,16774.3125,0,2505,10001,"[0, 100000]","[0, 100000]",0,0,390,292
yolov8x_training,7909.737089,68,80.590,16774.3125,0,2505,10001,"[0, 100000]","[0, 100000]",0,0,292,292
yolov8x_training,7910.886503,68,80.556,16774.3125,0,2505,10001,"[0, 100000]","[0, 100000]",0,0,390,341
yolov8x_training,7911.929498,68,80.499,16774.3125,24,2505,10001,"[0, 100000]","[0, 100000]",0,0,390,341
yolov8x_training,7912.971672,68,100.710,16774.3125,100,210,10001,"[0, 100000]","[0, 100000]",0,0,341,2264355
yolov8x_training,7914.213596,69,129.681,16774.3125,20,210,10001,"[0, 100000]","[0, 100000]",0,0,12548,18164
yolov8x_training,7915.347081,68,88.775,16774.3125,0,2505,10001,"[0, 100000]","[0, 100000]",0,0,341,292
yolov8x_training,7916.391980,68,81.105,16774.3125,0,2505,10001,"[0, 100000]","[0, 100000]",0,0,341,292
