Kernel,Time (s),Temperature (C),Power (W),Memory Usage (MB),GPU Utilization (%),Graphics Clock (MHz),Memory Clock (MHz),Decoder Utilization (%),Encoder Utilization (%),Decoder Memory Usage (MB),Encoder Memory Usage (MB),PCIe Tx Throughput (KB/s),PCIe Rx Throughput (KB/s)
yolov8x_training,0.000741,41,26.666,622.1250,0,210,405,"[0, 100000]","[0, 100000]",0,0,341,292
yolov8x_training,1.048359,41,26.666,622.1250,0,210,405,"[0, 100000]","[0, 100000]",0,0,341,292
yolov8x_training,2.091755,41,26.724,622.1250,0,210,405,"[0, 100000]","[0, 100000]",0,0,341,292
yolov8x_training,3.136721,41,26.644,625.0000,0,210,405,"[0, 100000]","[0, 100000]",0,0,341,341
yolov8x_training,4.179050,42,31.502,1502.3125,0,2505,10001,"[0, 100000]","[0, 100000]",0,0,3320,10986
yolov8x_training,5.221750,42,67.342,1532.3125,0,2505,10001,"[0, 100000]","[0, 100000]",0,0,341,292
yolov8x_training,6.265070,42,66.728,1780.3125,0,2505,10001,"[0, 100000]","[0, 100000]",0,0,92871,27343
yolov8x_training,7.308011,43,103.205,12914.3125,38,1665,10001,"[0, 100000]","[0, 100000]",0,0,341,292
yolov8x_training,8.355440,49,175.637,12914.3125,90,2700,10001,"[0, 100000]","[0, 100000]",0,0,3466,13574
yolov8x_training,9.398937,50,172.805,12976.3125,86,2700,10001,"[0, 100000]","[0, 100000]",0,0,2392,51904
yolov8x_training,10.442052,48,183.665,12976.3125,100,1305,10001,"[0, 100000]","[0, 100000]",0,0,341,244
yolov8x_training,11.484968,52,211.702,12976.3125,62,1305,10001,"[0, 100000]","[0, 100000]",0,0,6933,101513
yolov8x_training,12.544724,47,217.835,12976.3125,87,1920,10001,"[0, 100000]","[0, 100000]",0,0,3808,23291
yolov8x_training,13.588264,52,220.027,13064.3125,94,1185,10001,"[0, 100000]","[0, 100000]",0,0,6054,91406
yolov8x_training,14.632154,52,213.160,13066.3125,95,1140,10001,"[0, 100000]","[0, 100000]",0,0,89941,26220
yolov8x_training,15.703362,50,203.571,13066.3125,93,1935,10001,"[0, 100000]","[0, 100000]",0,0,3271,26953
yolov8x_training,16.746360,49,203.746,13066.3125,42,1140,10001,"[0, 100000]","[0, 100000]",0,0,2978,112500
yolov8x_training,17.789250,51,213.982,13066.3125,12,1260,10001,"[0, 100000]","[0, 100000]",0,0,88476,15820
yolov8x_training,18.832574,54,199.576,13066.3125,67,2325,10001,"[0, 100000]","[0, 100000]",0,0,292,1040185
yolov8x_training,19.875841,51,167.603,13066.3125,20,2505,10001,"[0, 100000]","[0, 100000]",0,0,2685,3906
yolov8x_training,20.919563,50,187.642,13066.3125,0,1170,10001,"[0, 100000]","[0, 100000]",0,0,90429,35888
yolov8x_training,21.987071,56,166.606,13066.3125,87,2700,10001,"[0, 100000]","[0, 100000]",0,0,12060,292
yolov8x_training,23.030240,52,197.041,13066.3125,30,1185,10001,"[0, 100000]","[0, 100000]",0,0,6640,88232
yolov8x_training,24.092748,56,166.971,13066.3125,28,2400,10001,"[0, 100000]","[0, 100000]",0,0,341,292
yolov8x_training,25.135669,52,169.150,13066.3125,94,2565,10001,"[0, 100000]","[0, 100000]",0,0,4785,16992
yolov8x_training,26.178923,55,221.509,13150.3125,80,1170,10001,"[0, 100000]","[0, 100000]",0,0,341,292
yolov8x_training,27.243589,58,226.333,13150.3125,13,2505,10001,"[0, 100000]","[0, 100000]",0,0,15087,30273
yolov8x_training,28.286626,57,212.988,13368.3125,82,1845,10001,"[0, 100000]","[0, 100000]",0,0,2490,7861
yolov8x_training,29.329958,54,222.182,13368.3125,95,1125,10001,"[0, 100000]","[0, 100000]",0,0,341,1034423
yolov8x_training,30.374548,56,213.126,13368.3125,100,1140,10001,"[0, 100000]","[0, 100000]",0,0,15087,35791
yolov8x_training,31.417646,58,208.470,13368.3125,78,2325,10001,"[0, 100000]","[0, 100000]",0,0,3076,10302
yolov8x_training,32.461148,60,213.681,13368.3125,13,2505,10001,"[0, 100000]","[0, 100000]",0,0,292,1030664
yolov8x_training,33.503982,60,224.127,13368.3125,53,1335,10001,"[0, 100000]","[0, 100000]",0,0,6298,27587
yolov8x_training,34.546944,61,219.512,13368.3125,94,1125,10001,"[0, 100000]","[0, 100000]",0,0,2783,11767
yolov8x_training,35.589962,61,215.025,13368.3125,94,1110,10001,"[0, 100000]","[0, 100000]",0,0,292,341
yolov8x_training,36.632573,58,211.434,13368.3125,89,2055,10001,"[0, 100000]","[0, 100000]",0,0,7080,31347
yolov8x_training,37.675791,59,211.231,13368.3125,26,2505,10001,"[0, 100000]","[0, 100000]",0,0,2685,9472
yolov8x_training,38.718761,61,224.666,13368.3125,64,1515,10001,"[0, 100000]","[0, 100000]",0,0,341,1035009
yolov8x_training,39.761981,62,228.102,13368.3125,94,2685,10001,"[0, 100000]","[0, 100000]",0,0,15185,33984
yolov8x_training,40.804888,62,215.691,13368.3125,95,1215,10001,"[0, 100000]","[0, 100000]",0,0,2880,11621
yolov8x_training,41.848267,60,231.831,13368.3125,95,1125,10001,"[0, 100000]","[0, 100000]",0,0,292,292
yolov8x_training,42.890890,60,218.072,13368.3125,27,1170,10001,"[0, 100000]","[0, 100000]",0,0,5224,30468
yolov8x_training,43.934260,65,208.987,13368.3125,94,2115,10001,"[0, 100000]","[0, 100000]",0,0,2832,12158
yolov8x_training,44.977398,64,211.153,13368.3125,95,2670,10001,"[0, 100000]","[0, 100000]",0,0,341,292
yolov8x_training,46.019964,65,220.731,13368.3125,100,2685,10001,"[0, 100000]","[0, 100000]",0,0,5908,102783
yolov8x_training,47.100596,60,222.243,13368.3125,100,1155,10001,"[0, 100000]","[0, 100000]",0,0,14501,30419
yolov8x_training,48.143812,65,184.974,13368.3125,61,2595,10001,"[0, 100000]","[0, 100000]",0,0,341,292
yolov8x_training,49.186615,61,190.790,13368.3125,74,1920,10001,"[0, 100000]","[0, 100000]",0,0,2490,8642
yolov8x_training,50.229942,65,188.397,13368.3125,64,2685,10001,"[0, 100000]","[0, 100000]",0,0,6298,91796
yolov8x_training,51.297152,62,192.761,13368.3125,62,1155,10001,"[0, 100000]","[0, 100000]",0,0,341,292
yolov8x_training,52.339918,67,184.107,13368.3125,47,2505,10001,"[0, 100000]","[0, 100000]",0,0,5078,18408
yolov8x_training,53.383399,62,202.850,13368.3125,78,1080,10001,"[0, 100000]","[0, 100000]",0,0,292,292
yolov8x_training,54.426190,67,178.219,13368.3125,32,2505,10001,"[0, 100000]","[0, 100000]",0,0,2734,3466
yolov8x_training,55.495094,62,199.949,13368.3125,92,1140,10001,"[0, 100000]","[0, 100000]",0,0,13574,37890
yolov8x_training,56.538380,68,205.888,13368.3125,68,1380,10001,"[0, 100000]","[0, 100000]",0,0,3515,25781
yolov8x_training,57.581832,68,227.135,13368.3125,95,1065,10001,"[0, 100000]","[0, 100000]",0,0,10644,53710
yolov8x_training,58.624671,68,220.081,13368.3125,97,1125,10001,"[0, 100000]","[0, 100000]",0,0,3027,38818
yolov8x_training,59.687781,66,213.484,13368.3125,98,2340,10001,"[0, 100000]","[0, 100000]",0,0,4736,19677
yolov8x_training,60.730712,65,216.844,13368.3125,32,1065,10001,"[0, 100000]","[0, 100000]",0,0,488,341
yolov8x_training,61.773462,70,228.502,13368.3125,50,1995,10001,"[0, 100000]","[0, 100000]",0,0,6494,102587
yolov8x_training,62.833346,70,228.087,13368.3125,95,1335,10001,"[0, 100000]","[0, 100000]",0,0,3759,13964
yolov8x_training,63.876333,70,231.657,13368.3125,95,2055,10001,"[0, 100000]","[0, 100000]",0,0,341,341
yolov8x_training,64.919130,66,235.484,13368.3125,91,1095,10001,"[0, 100000]","[0, 100000]",0,0,5566,19531
yolov8x_training,65.962222,72,214.544,13368.3125,81,1815,10001,"[0, 100000]","[0, 100000]",0,0,2587,8740
yolov8x_training,67.005365,70,214.967,13368.3125,95,2385,10001,"[0, 100000]","[0, 100000]",0,0,341,1034619
yolov8x_training,68.047985,71,231.977,13368.3125,100,1395,10001,"[0, 100000]","[0, 100000]",0,0,4492,22607
yolov8x_training,69.091449,70,228.537,13368.3125,80,1260,10001,"[0, 100000]","[0, 100000]",0,0,2734,10351
yolov8x_training,70.134639,72,232.971,13368.3125,18,1050,10001,"[0, 100000]","[0, 100000]",0,0,341,292
yolov8x_training,71.185747,71,220.288,13368.3125,56,1110,10001,"[0, 100000]","[0, 100000]",0,0,15380,32421
yolov8x_training,72.228962,69,214.915,13368.3125,94,1065,10001,"[0, 100000]","[0, 100000]",0,0,2636,9033
yolov8x_training,73.272038,68,233.661,13368.3125,97,1080,10001,"[0, 100000]","[0, 100000]",0,0,341,1033203
yolov8x_training,74.314821,73,233.806,13368.3125,93,2265,10001,"[0, 100000]","[0, 100000]",0,0,11962,36718
yolov8x_training,75.357780,73,233.897,13368.3125,16,2505,10001,"[0, 100000]","[0, 100000]",0,0,2539,11328
yolov8x_training,76.400852,72,231.560,13368.3125,54,1215,10001,"[0, 100000]","[0, 100000]",0,0,341,292
yolov8x_training,77.455536,70,225.450,13368.3125,94,1065,10001,"[0, 100000]","[0, 100000]",0,0,15527,29052
yolov8x_training,78.498733,69,229.411,13368.3125,95,1035,10001,"[0, 100000]","[0, 100000]",0,0,3369,14990
yolov8x_training,79.541842,73,224.527,13368.3125,100,1080,10001,"[0, 100000]","[0, 100000]",0,0,341,292
yolov8x_training,80.584672,71,214.575,13368.3125,83,2295,10001,"[0, 100000]","[0, 100000]",0,0,6054,101855
yolov8x_training,81.655592,74,207.036,13368.3125,42,1200,10001,"[0, 100000]","[0, 100000]",0,0,292,292
yolov8x_training,82.698421,69,187.703,13368.3125,57,2670,10001,"[0, 100000]","[0, 100000]",0,0,3173,27978
yolov8x_training,83.741666,71,209.673,13368.3125,67,2385,10001,"[0, 100000]","[0, 100000]",0,0,292,292
yolov8x_training,84.785777,71,177.916,13368.3125,22,1125,10001,"[0, 100000]","[0, 100000]",0,0,3662,16308
yolov8x_training,85.829151,69,203.562,13368.3125,100,1125,10001,"[0, 100000]","[0, 100000]",0,0,292,292
yolov8x_training,86.871978,73,182.564,13368.3125,0,2610,10001,"[0, 100000]","[0, 100000]",0,0,3076,14843
yolov8x_training,87.915552,70,206.625,13368.3125,89,1020,10001,"[0, 100000]","[0, 100000]",0,0,341,1041064
yolov8x_training,88.958750,74,189.014,13368.3125,67,2670,10001,"[0, 100000]","[0, 100000]",0,0,3125,11230
yolov8x_training,90.002372,70,200.100,13368.3125,81,1080,10001,"[0, 100000]","[0, 100000]",0,0,89111,21337
yolov8x_training,91.045890,71,194.823,13368.3125,94,2580,10001,"[0, 100000]","[0, 100000]",0,0,88964,19384
yolov8x_training,92.111736,71,213.455,13368.3125,94,2670,10001,"[0, 100000]","[0, 100000]",0,0,15039,35449
yolov8x_training,93.154950,71,217.860,13368.3125,93,2670,10001,"[0, 100000]","[0, 100000]",0,0,4736,16259
yolov8x_training,94.197857,70,225.657,13368.3125,100,1125,10001,"[0, 100000]","[0, 100000]",0,0,2246,3222
yolov8x_training,95.240752,70,232.393,13368.3125,100,1095,10001,"[0, 100000]","[0, 100000]",0,0,9472,244
yolov8x_training,96.290272,76,202.315,13368.3125,22,2505,10001,"[0, 100000]","[0, 100000]",0,0,13623,37695
yolov8x_training,97.333880,70,200.807,13368.3125,100,1095,10001,"[0, 100000]","[0, 100000]",0,0,292,292
yolov8x_training,98.376667,75,190.034,13368.3125,0,2505,10001,"[0, 100000]","[0, 100000]",0,0,5810,34570
yolov8x_training,99.433904,72,217.780,13368.3125,91,1020,10001,"[0, 100000]","[0, 100000]",0,0,15478,34667
yolov8x_training,100.477199,71,227.128,13368.3125,94,1005,10001,"[0, 100000]","[0, 100000]",0,0,4882,15283
yolov8x_training,101.520338,72,223.995,13368.3125,100,1125,10001,"[0, 100000]","[0, 100000]",0,0,2880,3710
yolov8x_training,102.564072,76,217.224,13368.3125,100,990,10001,"[0, 100000]","[0, 100000]",0,0,3759,15429
yolov8x_training,103.607517,75,184.499,13368.3125,0,2505,10001,"[0, 100000]","[0, 100000]",0,0,341,292
yolov8x_training,104.650359,71,192.478,13368.3125,91,1185,10001,"[0, 100000]","[0, 100000]",0,0,3808,25634
yolov8x_training,105.693808,77,192.485,13368.3125,29,1815,10001,"[0, 100000]","[0, 100000]",0,0,292,244
yolov8x_training,106.736605,76,196.381,13368.3125,70,1740,10001,"[0, 100000]","[0, 100000]",0,0,292,292
yolov8x_training,107.779277,77,234.744,13368.3125,67,2370,10001,"[0, 100000]","[0, 100000]",0,0,6298,103173
yolov8x_training,108.838790,77,216.797,13368.3125,92,2670,10001,"[0, 100000]","[0, 100000]",0,0,4003,17041
yolov8x_training,109.882225,77,223.903,13368.3125,94,1785,10001,"[0, 100000]","[0, 100000]",0,0,2490,94140
yolov8x_training,110.926134,77,225.392,13368.3125,96,1215,10001,"[0, 100000]","[0, 100000]",0,0,341,292
yolov8x_training,111.968956,77,227.384,13368.3125,100,1035,10001,"[0, 100000]","[0, 100000]",0,0,89306,21044
yolov8x_training,113.021544,77,231.912,13368.3125,100,1035,10001,"[0, 100000]","[0, 100000]",0,0,15283,31298
yolov8x_training,114.064554,77,234.239,13368.3125,94,1140,10001,"[0, 100000]","[0, 100000]",0,0,4394,14843
yolov8x_training,115.107985,76,229.077,13368.3125,63,990,10001,"[0, 100000]","[0, 100000]",0,0,2392,101513
yolov8x_training,116.151289,77,227.909,13368.3125,42,1005,10001,"[0, 100000]","[0, 100000]",0,0,341,292
yolov8x_training,117.193872,78,229.723,13368.3125,27,990,10001,"[0, 100000]","[0, 100000]",0,0,4150,39013
yolov8x_training,118.245814,77,229.372,13368.3125,21,1110,10001,"[0, 100000]","[0, 100000]",0,0,3076,27978
yolov8x_training,119.288872,77,216.112,13368.3125,62,1710,10001,"[0, 100000]","[0, 100000]",0,0,2246,8447
yolov8x_training,120.332492,74,218.332,13368.3125,93,1020,10001,"[0, 100000]","[0, 100000]",0,0,341,292
yolov8x_training,121.395867,73,232.063,13368.3125,95,975,10001,"[0, 100000]","[0, 100000]",0,0,14990,29296
yolov8x_training,122.438798,73,224.797,13368.3125,96,1050,10001,"[0, 100000]","[0, 100000]",0,0,4589,17333
yolov8x_training,123.481717,74,221.062,13368.3125,100,1080,10001,"[0, 100000]","[0, 100000]",0,0,3906,16455
yolov8x_training,124.524415,76,195.929,13368.3125,89,1050,10001,"[0, 100000]","[0, 100000]",0,0,341,292
yolov8x_training,125.566880,75,211.654,13368.3125,84,1020,10001,"[0, 100000]","[0, 100000]",0,0,2832,10156
yolov8x_training,126.609578,74,191.551,13368.3125,63,2670,10001,"[0, 100000]","[0, 100000]",0,0,90380,31298
yolov8x_training,127.679982,78,208.007,13368.3125,100,1005,10001,"[0, 100000]","[0, 100000]",0,0,9814,292
yolov8x_training,128.740997,77,187.387,13368.3125,0,1080,10001,"[0, 100000]","[0, 100000]",0,0,14257,33837
yolov8x_training,129.783998,73,208.246,13368.3125,89,1005,10001,"[0, 100000]","[0, 100000]",0,0,341,292
yolov8x_training,130.826622,78,196.686,13368.3125,8,2655,10001,"[0, 100000]","[0, 100000]",0,0,5517,19775
yolov8x_training,131.869742,74,205.642,13370.3125,89,1080,10001,"[0, 100000]","[0, 100000]",0,0,341,292
yolov8x_training,132.912193,77,198.278,13370.3125,71,2655,10001,"[0, 100000]","[0, 100000]",0,0,5273,23095
yolov8x_training,133.955248,74,223.005,13370.3125,21,1065,10001,"[0, 100000]","[0, 100000]",0,0,4199,16748
yolov8x_training,134.997816,76,225.179,13370.3125,60,1920,10001,"[0, 100000]","[0, 100000]",0,0,1611,341
yolov8x_training,136.041261,78,220.372,13370.3125,78,2475,10001,"[0, 100000]","[0, 100000]",0,0,390,341
yolov8x_training,137.083446,78,212.337,13370.3125,86,2580,10001,"[0, 100000]","[0, 100000]",0,0,3417,37304
yolov8x_training,138.145719,75,216.785,13370.3125,95,2655,10001,"[0, 100000]","[0, 100000]",0,0,4443,18310
yolov8x_training,139.188444,75,221.982,13370.3125,96,1695,10001,"[0, 100000]","[0, 100000]",0,0,2783,11669
yolov8x_training,140.231164,74,223.765,13370.3125,95,1170,10001,"[0, 100000]","[0, 100000]",0,0,439,341
yolov8x_training,141.273320,78,230.373,13370.3125,100,2370,10001,"[0, 100000]","[0, 100000]",0,0,4052,39453
yolov8x_training,142.325659,79,235.189,13370.3125,100,2355,10001,"[0, 100000]","[0, 100000]",0,0,4541,19970
yolov8x_training,143.369372,79,215.628,13370.3125,56,2505,10001,"[0, 100000]","[0, 100000]",0,0,2832,12500
yolov8x_training,144.411650,80,241.263,13370.3125,22,2505,10001,"[0, 100000]","[0, 100000]",0,0,1416,341
yolov8x_training,145.453882,79,235.056,13370.3125,95,1680,10001,"[0, 100000]","[0, 100000]",0,0,4882,102978
yolov8x_training,146.527864,79,225.234,13370.3125,95,1080,10001,"[0, 100000]","[0, 100000]",0,0,3564,27929
yolov8x_training,147.570669,79,227.902,13370.3125,100,945,10001,"[0, 100000]","[0, 100000]",0,0,3222,12060
yolov8x_training,148.613605,79,230.426,13370.3125,100,975,10001,"[0, 100000]","[0, 100000]",0,0,878,390
yolov8x_training,149.656283,80,233.293,13370.3125,91,1005,10001,"[0, 100000]","[0, 100000]",0,0,89062,18164
yolov8x_training,150.699605,80,214.410,13370.3125,72,1050,10001,"[0, 100000]","[0, 100000]",0,0,15234,32226
yolov8x_training,151.742608,80,209.491,13370.3125,45,2565,10001,"[0, 100000]","[0, 100000]",0,0,3369,36474
yolov8x_training,152.805480,78,226.648,13370.3125,100,2655,10001,"[0, 100000]","[0, 100000]",0,0,4833,17675
yolov8x_training,153.848407,80,235.665,13370.3125,100,2655,10001,"[0, 100000]","[0, 100000]",0,0,2978,14306
yolov8x_training,154.890672,80,234.569,13370.3125,100,1230,10001,"[0, 100000]","[0, 100000]",0,0,19531,341
yolov8x_training,155.932942,80,231.731,13370.3125,73,1080,10001,"[0, 100000]","[0, 100000]",0,0,390,1038134
yolov8x_training,156.987765,80,235.776,13370.3125,18,1815,10001,"[0, 100000]","[0, 100000]",0,0,15087,31201
yolov8x_training,158.030521,78,228.423,13370.3125,35,990,10001,"[0, 100000]","[0, 100000]",0,0,4785,15234
yolov8x_training,159.073165,80,230.819,13370.3125,62,1005,10001,"[0, 100000]","[0, 100000]",0,0,2343,585
yolov8x_training,160.115828,80,216.359,13370.3125,95,1005,10001,"[0, 100000]","[0, 100000]",0,0,390,341
yolov8x_training,161.157923,81,214.118,13370.3125,94,1035,10001,"[0, 100000]","[0, 100000]",0,0,6787,103662
yolov8x_training,162.217679,81,220.753,13370.3125,95,1170,10001,"[0, 100000]","[0, 100000]",0,0,12011,35839
yolov8x_training,163.261313,76,216.415,13370.3125,0,1080,10001,"[0, 100000]","[0, 100000]",0,0,341,292
yolov8x_training,164.304743,80,193.217,13370.3125,89,2400,10001,"[0, 100000]","[0, 100000]",0,0,3662,28710
yolov8x_training,165.348228,75,200.692,13370.3125,31,960,10001,"[0, 100000]","[0, 100000]",0,0,341,292
yolov8x_training,166.391026,80,192.539,13370.3125,86,2505,10001,"[0, 100000]","[0, 100000]",0,0,3076,23925
yolov8x_training,167.434031,76,209.609,13370.3125,93,1215,10001,"[0, 100000]","[0, 100000]",0,0,292,292
yolov8x_training,168.476813,80,189.944,13370.3125,3,1920,10001,"[0, 100000]","[0, 100000]",0,0,3173,13720
yolov8x_training,169.519904,76,221.145,13370.3125,58,1965,10001,"[0, 100000]","[0, 100000]",0,0,1123,292
yolov8x_training,170.562572,79,231.331,13370.3125,25,2250,10001,"[0, 100000]","[0, 100000]",0,0,341,1041455
yolov8x_training,171.605936,78,233.932,13370.3125,22,2370,10001,"[0, 100000]","[0, 100000]",0,0,10742,33447
yolov8x_training,172.648995,77,234.423,13370.3125,60,1252,10001,"[0, 100000]","[0, 100000]",0,0,4589,15771
yolov8x_training,173.691926,76,226.358,13370.3125,88,1020,10001,"[0, 100000]","[0, 100000]",0,0,2685,10644
yolov8x_training,174.734821,76,234.230,13370.3125,95,1590,10001,"[0, 100000]","[0, 100000]",0,0,439,341
yolov8x_training,175.776983,79,234.362,13370.3125,94,2265,10001,"[0, 100000]","[0, 100000]",0,0,90185,26953
yolov8x_training,176.884370,82,213.826,13370.3125,95,2505,10001,"[0, 100000]","[0, 100000]",0,0,14062,34179
yolov8x_training,177.927721,80,196.149,13370.3125,89,1275,10001,"[0, 100000]","[0, 100000]",0,0,341,292
yolov8x_training,178.992754,76,204.537,13370.3125,0,1080,10001,"[0, 100000]","[0, 100000]",0,0,13378,33056
yolov8x_training,180.036178,81,198.136,13370.3125,100,2655,10001,"[0, 100000]","[0, 100000]",0,0,292,292
yolov8x_training,181.078987,76,214.907,13370.3125,0,945,10001,"[0, 100000]","[0, 100000]",0,0,3271,27197
yolov8x_training,182.122176,81,190.519,13370.3125,89,2505,10001,"[0, 100000]","[0, 100000]",0,0,292,292
yolov8x_training,183.165041,76,209.975,13370.3125,22,1095,10001,"[0, 100000]","[0, 100000]",0,0,2929,12548
yolov8x_training,184.208158,76,218.777,13370.3125,85,1065,10001,"[0, 100000]","[0, 100000]",0,0,1806,292
yolov8x_training,185.251097,76,233.657,13370.3125,61,1770,10001,"[0, 100000]","[0, 100000]",0,0,341,394335
yolov8x_training,186.327749,80,228.816,13370.3125,29,2265,10001,"[0, 100000]","[0, 100000]",0,0,15039,30078
yolov8x_training,187.370651,81,230.561,13370.3125,20,2655,10001,"[0, 100000]","[0, 100000]",0,0,3320,15039
yolov8x_training,188.413618,82,243.467,13370.3125,64,1695,10001,"[0, 100000]","[0, 100000]",0,0,341,341
yolov8x_training,189.486143,81,239.719,13370.3125,93,1110,10001,"[0, 100000]","[0, 100000]",0,0,15283,33740
yolov8x_training,190.529594,80,231.711,13370.3125,100,1005,10001,"[0, 100000]","[0, 100000]",0,0,3271,13623
yolov8x_training,191.572627,82,226.404,13370.3125,100,1020,10001,"[0, 100000]","[0, 100000]",0,0,1220,292
yolov8x_training,192.615640,83,216.722,13370.3125,80,1080,10001,"[0, 100000]","[0, 100000]",0,0,292,1039697
yolov8x_training,193.669598,81,223.304,13370.3125,56,1710,10001,"[0, 100000]","[0, 100000]",0,0,15429,27832
yolov8x_training,194.712442,81,233.728,13370.3125,40,2265,10001,"[0, 100000]","[0, 100000]",0,0,4589,17431
yolov8x_training,195.755554,80,229.062,13370.3125,23,960,10001,"[0, 100000]","[0, 100000]",0,0,2539,7275
yolov8x_training,196.799107,78,231.510,13370.3125,43,915,10001,"[0, 100000]","[0, 100000]",0,0,341,292
yolov8x_training,197.841682,77,234.513,13370.3125,62,1020,10001,"[0, 100000]","[0, 100000]",0,0,90771,38476
yolov8x_training,198.909513,77,217.236,13370.3125,73,1020,10001,"[0, 100000]","[0, 100000]",0,0,3710,29296
yolov8x_training,199.952459,77,221.090,13370.3125,95,1785,10001,"[0, 100000]","[0, 100000]",0,0,2880,11816
yolov8x_training,200.995363,77,225.170,13370.3125,95,1965,10001,"[0, 100000]","[0, 100000]",0,0,1123,292
yolov8x_training,202.038047,82,227.955,13370.3125,95,2505,10001,"[0, 100000]","[0, 100000]",0,0,341,1035839
yolov8x_training,203.095933,78,236.071,13370.3125,100,2130,10001,"[0, 100000]","[0, 100000]",0,0,15039,28857
yolov8x_training,204.139493,78,235.311,13370.3125,98,1335,10001,"[0, 100000]","[0, 100000]",0,0,3857,14208
yolov8x_training,205.182843,77,234.462,13370.3125,86,1230,10001,"[0, 100000]","[0, 100000]",0,0,2490,8935
yolov8x_training,206.226272,77,231.539,13370.3125,76,1455,10001,"[0, 100000]","[0, 100000]",0,0,341,341
yolov8x_training,207.268951,77,235.662,13370.3125,56,1590,10001,"[0, 100000]","[0, 100000]",0,0,341,1040087
yolov8x_training,208.343635,81,235.929,13370.3125,28,2355,10001,"[0, 100000]","[0, 100000]",0,0,15283,27343
yolov8x_training,209.387075,83,230.205,13370.3125,16,2280,10001,"[0, 100000]","[0, 100000]",0,0,4052,15820
yolov8x_training,210.430391,82,236.147,13370.3125,15,2655,10001,"[0, 100000]","[0, 100000]",0,0,2246,3222
yolov8x_training,211.473305,83,232.340,13370.3125,14,2640,10001,"[0, 100000]","[0, 100000]",0,0,292,292
yolov8x_training,212.516010,83,228.726,13370.3125,21,2580,10001,"[0, 100000]","[0, 100000]",0,0,292,292
yolov8x_training,213.558605,81,235.195,13370.3125,20,2655,10001,"[0, 100000]","[0, 100000]",0,0,3320,37207
yolov8x_training,214.621850,79,236.584,13370.3125,26,2610,10001,"[0, 100000]","[0, 100000]",0,0,4345,19580
yolov8x_training,215.665065,79,239.630,13370.3125,36,1455,10001,"[0, 100000]","[0, 100000]",0,0,3466,14208
yolov8x_training,216.708054,79,234.358,13370.3125,63,1200,10001,"[0, 100000]","[0, 100000]",0,0,2539,3125
yolov8x_training,217.750960,78,241.920,13370.3125,89,1920,10001,"[0, 100000]","[0, 100000]",0,0,341,292
yolov8x_training,218.793730,80,238.284,13370.3125,95,2010,10001,"[0, 100000]","[0, 100000]",0,0,5029,100292
yolov8x_training,219.866672,81,227.256,13370.3125,94,1950,10001,"[0, 100000]","[0, 100000]",0,0,3271,27832
yolov8x_training,220.909803,80,230.488,13370.3125,96,2430,10001,"[0, 100000]","[0, 100000]",0,0,2880,12597
yolov8x_training,221.952875,82,230.165,13370.3125,96,2505,10001,"[0, 100000]","[0, 100000]",0,0,2197,2587
yolov8x_training,222.995992,82,229.334,13370.3125,100,1252,10001,"[0, 100000]","[0, 100000]",0,0,341,341
yolov8x_training,224.038623,82,232.637,13370.3125,100,2505,10001,"[0, 100000]","[0, 100000]",0,0,88769,15429
yolov8x_training,225.109812,81,233.575,13370.3125,100,2505,10001,"[0, 100000]","[0, 100000]",0,0,15136,33935
yolov8x_training,226.153146,79,231.898,13370.3125,100,2505,10001,"[0, 100000]","[0, 100000]",0,0,3027,26660
yolov8x_training,227.196062,80,235.243,13370.3125,100,1035,10001,"[0, 100000]","[0, 100000]",0,0,2880,12597
yolov8x_training,228.239009,79,235.699,13370.3125,100,1350,10001,"[0, 100000]","[0, 100000]",0,0,2441,6152
yolov8x_training,229.281990,83,239.480,13370.3125,100,1020,10001,"[0, 100000]","[0, 100000]",0,0,292,292
yolov8x_training,230.324720,83,236.360,13370.3125,100,1005,10001,"[0, 100000]","[0, 100000]",0,0,90234,28320
yolov8x_training,231.397491,81,228.690,13370.3125,76,1935,10001,"[0, 100000]","[0, 100000]",0,0,4785,19628
yolov8x_training,232.440548,78,218.279,13370.3125,64,1095,10001,"[0, 100000]","[0, 100000]",0,0,3027,14501
yolov8x_training,233.483847,83,222.750,13370.3125,41,2220,10001,"[0, 100000]","[0, 100000]",0,0,2050,3125
yolov8x_training,234.526650,83,232.227,13370.3125,4,2580,10001,"[0, 100000]","[0, 100000]",0,0,341,292
yolov8x_training,235.568725,78,232.331,13370.3125,12,2550,10001,"[0, 100000]","[0, 100000]",0,0,3417,36035
yolov8x_training,236.633076,82,231.072,13370.3125,12,2625,10001,"[0, 100000]","[0, 100000]",0,0,4785,18115
yolov8x_training,237.676371,78,234.481,13370.3125,37,1312,10001,"[0, 100000]","[0, 100000]",0,0,4052,13476
yolov8x_training,238.719424,83,234.087,13370.3125,50,990,10001,"[0, 100000]","[0, 100000]",0,0,2001,2197
yolov8x_training,239.762367,81,230.626,13370.3125,73,1440,10001,"[0, 100000]","[0, 100000]",0,0,292,292
yolov8x_training,240.805116,80,235.338,13370.3125,90,1935,10001,"[0, 100000]","[0, 100000]",0,0,4882,102734
yolov8x_training,241.877977,82,222.590,13370.3125,94,2295,10001,"[0, 100000]","[0, 100000]",0,0,3564,28613
yolov8x_training,242.921015,83,233.757,13370.3125,93,2235,10001,"[0, 100000]","[0, 100000]",0,0,2783,11181
yolov8x_training,243.964199,84,231.013,13370.3125,99,1252,10001,"[0, 100000]","[0, 100000]",0,0,341,292
yolov8x_training,245.006929,83,233.513,13370.3125,100,2505,10001,"[0, 100000]","[0, 100000]",0,0,341,1028857
yolov8x_training,246.067762,83,239.466,13370.3125,100,1245,10001,"[0, 100000]","[0, 100000]",0,0,15478,33984
yolov8x_training,247.111009,81,231.969,13370.3125,97,1530,10001,"[0, 100000]","[0, 100000]",0,0,4345,21679
yolov8x_training,248.154459,83,207.726,13370.3125,12,2130,10001,"[0, 100000]","[0, 100000]",0,0,292,292
yolov8x_training,249.197512,81,202.067,13370.3125,100,2460,10001,"[0, 100000]","[0, 100000]",0,0,4296,20117
yolov8x_training,250.241235,80,220.637,13370.3125,0,990,10001,"[0, 100000]","[0, 100000]",0,0,341,292
yolov8x_training,251.301154,80,190.324,13370.3125,88,2505,10001,"[0, 100000]","[0, 100000]",0,0,13916,29882
yolov8x_training,252.344853,77,201.875,13370.3125,83,930,10001,"[0, 100000]","[0, 100000]",0,0,341,292
yolov8x_training,253.387672,83,193.610,13370.3125,0,2355,10001,"[0, 100000]","[0, 100000]",0,0,13818,31298
yolov8x_training,254.431100,78,204.743,13370.3125,91,1290,10001,"[0, 100000]","[0, 100000]",0,0,292,292
yolov8x_training,255.473939,83,217.692,13370.3125,23,1282,10001,"[0, 100000]","[0, 100000]",0,0,1025,292
yolov8x_training,256.516747,77,215.724,13370.3125,69,945,10001,"[0, 100000]","[0, 100000]",0,0,13281,32958
yolov8x_training,257.560016,79,192.467,13370.3125,45,2595,10001,"[0, 100000]","[0, 100000]",0,0,292,292
yolov8x_training,258.613127,78,209.375,13370.3125,99,1125,10001,"[0, 100000]","[0, 100000]",0,0,14111,32226
yolov8x_training,259.656456,82,200.877,13370.3125,0,2295,10001,"[0, 100000]","[0, 100000]",0,0,292,292
yolov8x_training,260.699739,81,202.848,13370.3125,93,1095,10001,"[0, 100000]","[0, 100000]",0,0,14599,292
yolov8x_training,261.742909,82,233.941,13370.3125,95,990,10001,"[0, 100000]","[0, 100000]",0,0,88671,15625
yolov8x_training,262.804724,83,231.222,13370.3125,96,2505,10001,"[0, 100000]","[0, 100000]",0,0,15234,32177
yolov8x_training,263.847585,83,234.654,13370.3125,95,1170,10001,"[0, 100000]","[0, 100000]",0,0,3320,15527
yolov8x_training,264.890648,82,235.797,13370.3125,100,1035,10001,"[0, 100000]","[0, 100000]",0,0,2441,3320
yolov8x_training,265.933527,82,239.476,13370.3125,100,1560,10001,"[0, 100000]","[0, 100000]",0,0,341,341
yolov8x_training,266.976152,82,234.784,13370.3125,66,1095,10001,"[0, 100000]","[0, 100000]",0,0,6738,103369
yolov8x_training,268.031385,80,236.007,13370.3125,36,1620,10001,"[0, 100000]","[0, 100000]",0,0,5761,19824
yolov8x_training,269.074717,81,199.873,13370.3125,88,2505,10001,"[0, 100000]","[0, 100000]",0,0,341,292
yolov8x_training,270.138983,77,198.762,13370.3125,89,1800,10001,"[0, 100000]","[0, 100000]",0,0,12939,41064
yolov8x_training,271.182629,82,202.941,13370.3125,62,1020,10001,"[0, 100000]","[0, 100000]",0,0,6347,103808
yolov8x_training,272.244282,80,220.297,13370.3125,15,945,10001,"[0, 100000]","[0, 100000]",0,0,1123,292
yolov8x_training,273.287170,82,187.641,13370.3125,51,2505,10001,"[0, 100000]","[0, 100000]",0,0,6152,93408
yolov8x_training,274.357922,78,189.609,13370.3125,95,1500,10001,"[0, 100000]","[0, 100000]",0,0,1171,292
yolov8x_training,275.400805,82,222.157,13370.3125,48,1260,10001,"[0, 100000]","[0, 100000]",0,0,2148,3173
yolov8x_training,276.443647,82,212.947,13370.3125,35,1410,10001,"[0, 100000]","[0, 100000]",0,0,4345,19775
yolov8x_training,277.486613,83,219.520,13370.3125,100,1050,10001,"[0, 100000]","[0, 100000]",0,0,3027,11621
yolov8x_training,278.529939,83,220.770,13370.3125,100,1050,10001,"[0, 100000]","[0, 100000]",0,0,2880,3759
yolov8x_training,279.573628,82,221.870,13370.3125,98,1245,10001,"[0, 100000]","[0, 100000]",0,0,390,292
yolov8x_training,280.616454,82,219.682,13370.3125,100,1020,10001,"[0, 100000]","[0, 100000]",0,0,292,292
yolov8x_training,281.659041,82,226.373,13370.3125,100,1050,10001,"[0, 100000]","[0, 100000]",0,0,90332,32177
yolov8x_training,282.726475,82,220.102,13370.3125,100,1080,10001,"[0, 100000]","[0, 100000]",0,0,5566,19726
yolov8x_training,283.769750,82,218.582,13370.3125,80,1260,10001,"[0, 100000]","[0, 100000]",0,0,4589,16015
yolov8x_training,284.812573,81,226.354,13370.3125,83,1170,10001,"[0, 100000]","[0, 100000]",0,0,2392,10839
yolov8x_training,285.856182,80,232.086,13370.3125,76,990,10001,"[0, 100000]","[0, 100000]",0,0,14746,292
yolov8x_training,286.899222,79,234.450,13370.3125,72,945,10001,"[0, 100000]","[0, 100000]",0,0,341,1035253
yolov8x_training,287.941719,80,233.231,13370.3125,47,990,10001,"[0, 100000]","[0, 100000]",0,0,2978,39355
yolov8x_training,289.005188,80,226.087,13370.3125,63,1080,10001,"[0, 100000]","[0, 100000]",0,0,13183,36621
yolov8x_training,290.048097,79,235.824,13370.3125,47,975,10001,"[0, 100000]","[0, 100000]",0,0,4296,13476
yolov8x_training,291.091040,83,237.380,13370.3125,16,975,10001,"[0, 100000]","[0, 100000]",0,0,4882,101757
yolov8x_training,292.134975,83,231.970,13370.3125,25,945,10001,"[0, 100000]","[0, 100000]",0,0,341,292
yolov8x_training,293.177601,83,228.878,13370.3125,16,930,10001,"[0, 100000]","[0, 100000]",0,0,292,1033007
yolov8x_training,294.220366,83,230.783,13370.3125,10,915,10001,"[0, 100000]","[0, 100000]",0,0,90576,35449
yolov8x_training,295.301075,83,228.801,13370.3125,15,2655,10001,"[0, 100000]","[0, 100000]",0,0,15478,29687
yolov8x_training,296.344763,84,230.886,13370.3125,22,990,10001,"[0, 100000]","[0, 100000]",0,0,3173,14013
yolov8x_training,297.387680,84,234.554,13370.3125,27,1185,10001,"[0, 100000]","[0, 100000]",0,0,2001,2490
yolov8x_training,298.430646,83,238.499,13370.3125,44,1140,10001,"[0, 100000]","[0, 100000]",0,0,341,292
yolov8x_training,299.473228,82,234.342,13370.3125,78,1395,10001,"[0, 100000]","[0, 100000]",0,0,14013,39453
yolov8x_training,300.540020,82,238.430,13370.3125,88,930,10001,"[0, 100000]","[0, 100000]",0,0,4052,18261
yolov8x_training,301.583070,82,233.903,13370.3125,96,990,10001,"[0, 100000]","[0, 100000]",0,0,3515,15039
yolov8x_training,302.626412,82,232.421,13370.3125,96,945,10001,"[0, 100000]","[0, 100000]",0,0,2636,11621
yolov8x_training,303.669622,83,229.346,13370.3125,95,930,10001,"[0, 100000]","[0, 100000]",0,0,634,292
yolov8x_training,304.712498,82,233.100,13370.3125,95,930,10001,"[0, 100000]","[0, 100000]",0,0,341,292
yolov8x_training,305.755101,83,230.855,13370.3125,95,945,10001,"[0, 100000]","[0, 100000]",0,0,292,1037890
yolov8x_training,306.817883,83,228.563,13370.3125,95,2535,10001,"[0, 100000]","[0, 100000]",0,0,15332,28466
yolov8x_training,307.860782,83,234.079,13370.3125,95,2505,10001,"[0, 100000]","[0, 100000]",0,0,3906,26367
yolov8x_training,308.904047,83,220.548,13370.3125,96,2505,10001,"[0, 100000]","[0, 100000]",0,0,3564,14550
yolov8x_training,309.947090,84,222.840,13370.3125,95,2505,10001,"[0, 100000]","[0, 100000]",0,0,2294,7568
yolov8x_training,310.990228,84,230.374,13370.3125,96,2505,10001,"[0, 100000]","[0, 100000]",0,0,341,292
yolov8x_training,312.032820,84,233.871,13370.3125,100,990,10001,"[0, 100000]","[0, 100000]",0,0,3417,35449
yolov8x_training,313.094491,80,234.616,13370.3125,100,1440,10001,"[0, 100000]","[0, 100000]",0,0,5712,20166
yolov8x_training,314.138281,81,237.104,13370.3125,100,1065,10001,"[0, 100000]","[0, 100000]",0,0,4541,17626
yolov8x_training,315.181302,82,237.562,13370.3125,100,1185,10001,"[0, 100000]","[0, 100000]",0,0,2734,9277
yolov8x_training,316.224258,84,235.773,13370.3125,100,1035,10001,"[0, 100000]","[0, 100000]",0,0,5078,94335
yolov8x_training,317.267973,82,232.437,13370.3125,100,1035,10001,"[0, 100000]","[0, 100000]",0,0,341,341
yolov8x_training,318.310566,81,236.327,13370.3125,100,1020,10001,"[0, 100000]","[0, 100000]",0,0,341,1039013
yolov8x_training,319.375917,83,227.388,13370.3125,100,1455,10001,"[0, 100000]","[0, 100000]",0,0,15380,34912
yolov8x_training,320.418835,83,228.149,13370.3125,89,2235,10001,"[0, 100000]","[0, 100000]",0,0,2783,22753
yolov8x_training,321.461848,84,218.790,13370.3125,99,2115,10001,"[0, 100000]","[0, 100000]",0,0,2978,12646
yolov8x_training,322.504837,84,220.006,13370.3125,100,1290,10001,"[0, 100000]","[0, 100000]",0,0,2539,3173
yolov8x_training,323.547631,83,219.952,13370.3125,99,1920,10001,"[0, 100000]","[0, 100000]",0,0,341,292
yolov8x_training,324.590231,83,221.727,13370.3125,94,2010,10001,"[0, 100000]","[0, 100000]",0,0,341,292
yolov8x_training,325.632867,83,221.311,13370.3125,100,2085,10001,"[0, 100000]","[0, 100000]",0,0,89501,21728
yolov8x_training,326.697022,83,221.330,13370.3125,100,1995,10001,"[0, 100000]","[0, 100000]",0,0,15136,32373
yolov8x_training,327.740164,83,221.219,13370.3125,100,1905,10001,"[0, 100000]","[0, 100000]",0,0,3808,25146
yolov8x_training,328.783211,83,221.947,13370.3125,100,1275,10001,"[0, 100000]","[0, 100000]",0,0,4003,13720
yolov8x_training,329.826153,83,221.439,13370.3125,100,1545,10001,"[0, 100000]","[0, 100000]",0,0,2441,10253
yolov8x_training,330.869187,83,236.991,13370.3125,100,1110,10001,"[0, 100000]","[0, 100000]",0,0,19482,292
yolov8x_training,331.911979,83,234.122,13370.3125,100,1665,10001,"[0, 100000]","[0, 100000]",0,0,341,292
yolov8x_training,332.954949,83,227.477,13370.3125,91,1305,10001,"[0, 100000]","[0, 100000]",0,0,341,972998
yolov8x_training,333.997922,83,232.080,13370.3125,100,1620,10001,"[0, 100000]","[0, 100000]",0,0,5078,103271
yolov8x_training,335.072261,84,238.128,13370.3125,100,1380,10001,"[0, 100000]","[0, 100000]",0,0,4296,16406
yolov8x_training,336.115579,84,233.371,13370.3125,100,1605,10001,"[0, 100000]","[0, 100000]",0,0,3906,14062
yolov8x_training,337.158793,83,234.149,13370.3125,100,1110,10001,"[0, 100000]","[0, 100000]",0,0,2929,11230
yolov8x_training,338.201776,80,232.171,13370.3125,100,1125,10001,"[0, 100000]","[0, 100000]",0,0,2441,9228
yolov8x_training,339.245002,79,233.219,13370.3125,100,1005,10001,"[0, 100000]","[0, 100000]",0,0,1904,732
yolov8x_training,340.288194,79,232.740,13370.3125,100,1005,10001,"[0, 100000]","[0, 100000]",0,0,341,341
yolov8x_training,341.330881,79,231.708,13370.3125,95,930,10001,"[0, 100000]","[0, 100000]",0,0,341,292
yolov8x_training,342.373494,80,229.920,13370.3125,96,930,10001,"[0, 100000]","[0, 100000]",0,0,89550,20898
yolov8x_training,343.416727,80,231.874,13370.3125,95,915,10001,"[0, 100000]","[0, 100000]",0,0,5029,103222
yolov8x_training,344.489999,80,231.583,13370.3125,95,900,10001,"[0, 100000]","[0, 100000]",0,0,6298,28857
yolov8x_training,345.533024,81,231.526,13370.3125,96,945,10001,"[0, 100000]","[0, 100000]",0,0,3271,26855
yolov8x_training,346.576079,84,230.933,13370.3125,95,945,10001,"[0, 100000]","[0, 100000]",0,0,4443,15820
yolov8x_training,347.618954,84,226.855,13370.3125,92,900,10001,"[0, 100000]","[0, 100000]",0,0,2783,12207
yolov8x_training,348.662154,85,235.022,13370.3125,82,915,10001,"[0, 100000]","[0, 100000]",0,0,2343,8300
yolov8x_training,349.705835,84,229.804,13370.3125,75,1095,10001,"[0, 100000]","[0, 100000]",0,0,19287,292
yolov8x_training,350.748857,84,228.408,13370.3125,64,1080,10001,"[0, 100000]","[0, 100000]",0,0,341,292
yolov8x_training,351.791670,82,231.184,13370.3125,57,1440,10001,"[0, 100000]","[0, 100000]",0,0,341,292
yolov8x_training,352.834677,79,234.232,13370.3125,33,990,10001,"[0, 100000]","[0, 100000]",0,0,88916,19433
yolov8x_training,353.877793,79,232.139,13370.3125,22,1035,10001,"[0, 100000]","[0, 100000]",0,0,6689,102294
yolov8x_training,354.946456,79,229.494,13370.3125,14,990,10001,"[0, 100000]","[0, 100000]",0,0,4687,20654
yolov8x_training,355.990587,79,217.134,13370.3125,95,960,10001,"[0, 100000]","[0, 100000]",0,0,4199,21289
yolov8x_training,357.033614,80,217.639,13370.3125,76,915,10001,"[0, 100000]","[0, 100000]",0,0,3466,13183
yolov8x_training,358.076552,85,221.374,13370.3125,74,945,10001,"[0, 100000]","[0, 100000]",0,0,2539,10009
yolov8x_training,359.119609,84,219.077,13370.3125,89,915,10001,"[0, 100000]","[0, 100000]",0,0,19091,292
yolov8x_training,360.162728,84,233.112,13370.3125,95,975,10001,"[0, 100000]","[0, 100000]",0,0,390,1036279
yolov8x_training,361.205763,84,232.510,13370.3125,95,1020,10001,"[0, 100000]","[0, 100000]",0,0,6445,103320
yolov8x_training,362.271523,84,222.243,13370.3125,95,1455,10001,"[0, 100000]","[0, 100000]",0,0,4882,22167
yolov8x_training,363.317352,84,227.632,13370.3125,95,1035,10001,"[0, 100000]","[0, 100000]",0,0,4101,13769
yolov8x_training,364.360408,84,221.349,13370.3125,95,990,10001,"[0, 100000]","[0, 100000]",0,0,2685,11035
yolov8x_training,365.403436,84,233.935,13370.3125,94,1020,10001,"[0, 100000]","[0, 100000]",0,0,1708,292
yolov8x_training,366.446734,84,233.626,13370.3125,95,1035,10001,"[0, 100000]","[0, 100000]",0,0,341,292
yolov8x_training,367.489349,84,230.096,13370.3125,96,1410,10001,"[0, 100000]","[0, 100000]",0,0,341,292
yolov8x_training,368.532236,84,234.102,13370.3125,95,975,10001,"[0, 100000]","[0, 100000]",0,0,89404,20996
yolov8x_training,369.596875,80,228.092,13370.3125,91,1065,10001,"[0, 100000]","[0, 100000]",0,0,15087,28369
yolov8x_training,370.640053,80,231.325,13370.3125,83,1410,10001,"[0, 100000]","[0, 100000]",0,0,3759,26464
yolov8x_training,371.683079,80,230.369,13370.3125,92,2310,10001,"[0, 100000]","[0, 100000]",0,0,4638,15136
yolov8x_training,372.726011,80,235.029,13370.3125,81,1365,10001,"[0, 100000]","[0, 100000]",0,0,2587,10498
yolov8x_training,373.769413,81,227.423,13370.3125,69,2655,10001,"[0, 100000]","[0, 100000]",0,0,2587,27343
yolov8x_training,374.813146,81,234.408,13370.3125,58,930,10001,"[0, 100000]","[0, 100000]",0,0,439,341
yolov8x_training,375.856182,81,235.902,13370.3125,67,945,10001,"[0, 100000]","[0, 100000]",0,0,390,292
yolov8x_training,376.898786,81,224.887,13370.3125,57,915,10001,"[0, 100000]","[0, 100000]",0,0,88671,15429
yolov8x_training,377.941733,81,230.569,13370.3125,47,900,10001,"[0, 100000]","[0, 100000]",0,0,6201,101904
yolov8x_training,378.999885,82,224.040,13370.3125,57,930,10001,"[0, 100000]","[0, 100000]",0,0,5029,17480
yolov8x_training,380.042928,82,230.226,13370.3125,44,930,10001,"[0, 100000]","[0, 100000]",0,0,4394,19580
yolov8x_training,381.086727,85,226.907,13370.3125,23,915,10001,"[0, 100000]","[0, 100000]",0,0,3271,15087
yolov8x_training,382.129888,85,230.709,13370.3125,16,930,10001,"[0, 100000]","[0, 100000]",0,0,2539,10742
yolov8x_training,383.173352,84,229.125,13370.3125,23,930,10001,"[0, 100000]","[0, 100000]",0,0,18896,4492
yolov8x_training,384.216757,85,229.868,13370.3125,8,960,10001,"[0, 100000]","[0, 100000]",0,0,341,292
yolov8x_training,385.259340,84,231.450,13370.3125,15,915,10001,"[0, 100000]","[0, 100000]",0,0,341,1033593
yolov8x_training,386.302042,84,234.318,13370.3125,21,2310,10001,"[0, 100000]","[0, 100000]",0,0,90283,28027
yolov8x_training,387.376445,85,230.463,13370.3125,16,2445,10001,"[0, 100000]","[0, 100000]",0,0,12304,29394
yolov8x_training,388.419548,85,231.932,13370.3125,15,2505,10001,"[0, 100000]","[0, 100000]",0,0,3515,13867
yolov8x_training,389.462721,84,233.238,13370.3125,18,2505,10001,"[0, 100000]","[0, 100000]",0,0,2685,11230
yolov8x_training,390.505894,85,230.370,13370.3125,19,2505,10001,"[0, 100000]","[0, 100000]",0,0,341,292
yolov8x_training,391.548545,83,238.175,13370.3125,47,2505,10001,"[0, 100000]","[0, 100000]",0,0,341,1036376
yolov8x_training,392.591280,81,241.566,13370.3125,53,2505,10001,"[0, 100000]","[0, 100000]",0,0,6982,102148
yolov8x_training,393.657763,81,238.693,13370.3125,56,1815,10001,"[0, 100000]","[0, 100000]",0,0,3955,25976
yolov8x_training,394.701282,81,235.731,13370.3125,63,2085,10001,"[0, 100000]","[0, 100000]",0,0,3564,13232
yolov8x_training,395.744210,81,238.330,13370.3125,70,1920,10001,"[0, 100000]","[0, 100000]",0,0,2587,11035
yolov8x_training,396.787249,81,235.957,13370.3125,67,915,10001,"[0, 100000]","[0, 100000]",0,0,2636,4980
yolov8x_training,397.830617,82,232.047,13370.3125,47,915,10001,"[0, 100000]","[0, 100000]",0,0,2734,292
yolov8x_training,398.873436,83,234.383,13370.3125,35,930,10001,"[0, 100000]","[0, 100000]",0,0,341,1034765
yolov8x_training,399.916133,82,226.934,13370.3125,53,915,10001,"[0, 100000]","[0, 100000]",0,0,3955,35205
yolov8x_training,400.987741,82,231.771,13370.3125,35,930,10001,"[0, 100000]","[0, 100000]",0,0,15039,28564
yolov8x_training,402.030727,83,228.954,13370.3125,29,930,10001,"[0, 100000]","[0, 100000]",0,0,3417,22656
yolov8x_training,403.074371,83,227.274,13370.3125,43,945,10001,"[0, 100000]","[0, 100000]",0,0,3027,12011
yolov8x_training,404.117624,83,228.235,13370.3125,38,945,10001,"[0, 100000]","[0, 100000]",0,0,2392,8154
yolov8x_training,405.160629,83,230.606,13370.3125,38,930,10001,"[0, 100000]","[0, 100000]",0,0,439,292
yolov8x_training,406.203601,82,230.807,13370.3125,44,915,10001,"[0, 100000]","[0, 100000]",0,0,292,1031005
yolov8x_training,407.246190,84,226.606,13370.3125,57,915,10001,"[0, 100000]","[0, 100000]",0,0,35009,37939
yolov8x_training,408.316214,83,226.111,13370.3125,49,2505,10001,"[0, 100000]","[0, 100000]",0,0,5078,28173
yolov8x_training,409.358969,84,228.767,13370.3125,33,2505,10001,"[0, 100000]","[0, 100000]",0,0,3320,26660
yolov8x_training,410.401965,85,233.358,13370.3125,16,1252,10001,"[0, 100000]","[0, 100000]",0,0,4492,17382
yolov8x_training,411.445267,84,233.104,13370.3125,12,2505,10001,"[0, 100000]","[0, 100000]",0,0,2490,11523
yolov8x_training,412.488277,84,232.292,13370.3125,20,2505,10001,"[0, 100000]","[0, 100000]",0,0,2392,36621
yolov8x_training,413.531732,85,233.749,13370.3125,18,2505,10001,"[0, 100000]","[0, 100000]",0,0,341,292
yolov8x_training,414.574489,85,233.199,13370.3125,14,2505,10001,"[0, 100000]","[0, 100000]",0,0,341,1037548
yolov8x_training,415.617486,84,234.089,13370.3125,22,2505,10001,"[0, 100000]","[0, 100000]",0,0,6201,103906
yolov8x_training,416.687353,84,231.306,13370.3125,25,1252,10001,"[0, 100000]","[0, 100000]",0,0,4687,15478
yolov8x_training,417.731035,84,236.593,13370.3125,21,1252,10001,"[0, 100000]","[0, 100000]",0,0,3466,14648
yolov8x_training,418.773964,84,236.280,13370.3125,20,1252,10001,"[0, 100000]","[0, 100000]",0,0,2539,9277
yolov8x_training,419.817795,84,236.937,13370.3125,46,945,10001,"[0, 100000]","[0, 100000]",0,0,1123,292
yolov8x_training,420.860552,83,237.839,13370.3125,38,900,10001,"[0, 100000]","[0, 100000]",0,0,341,292
yolov8x_training,421.903243,84,230.916,13370.3125,20,930,10001,"[0, 100000]","[0, 100000]",0,0,341,1032128
yolov8x_training,422.978154,84,230.157,13370.3125,12,900,10001,"[0, 100000]","[0, 100000]",0,0,15185,27294
yolov8x_training,424.021086,83,229.382,13370.3125,25,915,10001,"[0, 100000]","[0, 100000]",0,0,4541,17871
yolov8x_training,425.064354,84,230.307,13370.3125,26,915,10001,"[0, 100000]","[0, 100000]",0,0,3759,13232
yolov8x_training,426.107421,84,231.061,13370.3125,24,915,10001,"[0, 100000]","[0, 100000]",0,0,2636,10302
yolov8x_training,427.150914,82,228.198,13370.3125,46,915,10001,"[0, 100000]","[0, 100000]",0,0,15869,341
yolov8x_training,428.194076,84,228.382,13370.3125,54,915,10001,"[0, 100000]","[0, 100000]",0,0,341,1039111
yolov8x_training,429.236896,85,228.215,13370.3125,66,915,10001,"[0, 100000]","[0, 100000]",0,0,6494,103173
yolov8x_training,430.299577,85,225.130,13370.3125,66,1080,10001,"[0, 100000]","[0, 100000]",0,0,4492,18603
yolov8x_training,431.343052,85,223.354,13370.3125,79,990,10001,"[0, 100000]","[0, 100000]",0,0,4052,14355
yolov8x_training,432.385958,85,235.440,13370.3125,77,1005,10001,"[0, 100000]","[0, 100000]",0,0,2441,9082
yolov8x_training,433.431508,85,233.587,13370.3125,84,1275,10001,"[0, 100000]","[0, 100000]",0,0,341,341
yolov8x_training,434.474285,85,231.641,13370.3125,79,990,10001,"[0, 100000]","[0, 100000]",0,0,292,292
yolov8x_training,435.516907,85,233.837,13370.3125,85,1095,10001,"[0, 100000]","[0, 100000]",0,0,89355,21044
yolov8x_training,436.560262,85,234.795,13370.3125,82,1035,10001,"[0, 100000]","[0, 100000]",0,0,6103,102001
yolov8x_training,437.632291,85,235.838,13370.3125,76,915,10001,"[0, 100000]","[0, 100000]",0,0,3173,27490
yolov8x_training,438.675339,84,233.667,13370.3125,75,1080,10001,"[0, 100000]","[0, 100000]",0,0,4199,13623
yolov8x_training,439.718415,85,234.398,13370.3125,81,1050,10001,"[0, 100000]","[0, 100000]",0,0,2734,11621
yolov8x_training,440.761972,85,234.701,13370.3125,78,1050,10001,"[0, 100000]","[0, 100000]",0,0,1806,830
yolov8x_training,441.805090,84,233.357,13370.3125,67,990,10001,"[0, 100000]","[0, 100000]",0,0,341,292
yolov8x_training,442.848031,86,233.532,13370.3125,64,960,10001,"[0, 100000]","[0, 100000]",0,0,341,1039990
yolov8x_training,443.890920,85,225.786,13370.3125,70,945,10001,"[0, 100000]","[0, 100000]",0,0,4394,103906
yolov8x_training,444.969144,83,224.695,13370.3125,65,900,10001,"[0, 100000]","[0, 100000]",0,0,10156,33154
yolov8x_training,446.012424,84,227.837,13370.3125,43,915,10001,"[0, 100000]","[0, 100000]",0,0,2978,23535
yolov8x_training,447.055434,82,225.704,13370.3125,40,900,10001,"[0, 100000]","[0, 100000]",0,0,3173,14794
yolov8x_training,448.098479,85,228.316,13370.3125,32,915,10001,"[0, 100000]","[0, 100000]",0,0,2392,10986
yolov8x_training,449.141639,85,230.003,13370.3125,27,915,10001,"[0, 100000]","[0, 100000]",0,0,1416,292
yolov8x_training,450.184524,85,230.218,13370.3125,14,915,10001,"[0, 100000]","[0, 100000]",0,0,390,292
yolov8x_training,451.227436,84,229.350,13370.3125,31,915,10001,"[0, 100000]","[0, 100000]",0,0,341,1038574
yolov8x_training,452.296821,85,231.314,13370.3125,36,1605,10001,"[0, 100000]","[0, 100000]",0,0,14990,31591
yolov8x_training,453.339725,84,230.924,13370.3125,31,2505,10001,"[0, 100000]","[0, 100000]",0,0,5566,17871
yolov8x_training,454.382735,85,231.130,13370.3125,17,2505,10001,"[0, 100000]","[0, 100000]",0,0,4443,14208
yolov8x_training,455.425645,84,236.106,13370.3125,40,2505,10001,"[0, 100000]","[0, 100000]",0,0,2539,10449
yolov8x_training,456.469025,84,238.898,13370.3125,46,1380,10001,"[0, 100000]","[0, 100000]",0,0,16308,292
yolov8x_training,457.511843,85,239.236,13370.3125,50,1200,10001,"[0, 100000]","[0, 100000]",0,0,292,1032324
yolov8x_training,458.554571,85,237.757,13370.3125,48,1335,10001,"[0, 100000]","[0, 100000]",0,0,4248,35009
yolov8x_training,459.615915,84,232.542,13370.3125,62,1230,10001,"[0, 100000]","[0, 100000]",0,0,14941,31298
yolov8x_training,460.658847,83,236.642,13370.3125,56,1140,10001,"[0, 100000]","[0, 100000]",0,0,3710,22656
yolov8x_training,461.702523,85,237.297,13370.3125,57,1020,10001,"[0, 100000]","[0, 100000]",0,0,3027,10839
yolov8x_training,462.746180,85,237.902,13370.3125,69,1050,10001,"[0, 100000]","[0, 100000]",0,0,1660,292
yolov8x_training,463.789310,85,234.744,13370.3125,75,975,10001,"[0, 100000]","[0, 100000]",0,0,341,292
yolov8x_training,464.831985,86,236.788,13370.3125,76,975,10001,"[0, 100000]","[0, 100000]",0,0,292,1033056
yolov8x_training,465.874834,85,230.350,13370.3125,70,1035,10001,"[0, 100000]","[0, 100000]",0,0,3125,39257
yolov8x_training,466.942405,85,223.122,13370.3125,62,1020,10001,"[0, 100000]","[0, 100000]",0,0,4248,20898
yolov8x_training,467.985309,85,223.157,13370.3125,76,1035,10001,"[0, 100000]","[0, 100000]",0,0,4003,21337
yolov8x_training,469.028373,85,224.417,13370.3125,71,990,10001,"[0, 100000]","[0, 100000]",0,0,2783,12353
yolov8x_training,470.071414,85,224.583,13370.3125,77,1335,10001,"[0, 100000]","[0, 100000]",0,0,2148,2246
yolov8x_training,471.114414,84,221.729,13370.3125,80,1320,10001,"[0, 100000]","[0, 100000]",0,0,341,292
yolov8x_training,472.157077,84,230.518,13370.3125,74,1110,10001,"[0, 100000]","[0, 100000]",0,0,341,1030664
yolov8x_training,473.199946,84,222.836,13370.3125,64,1005,10001,"[0, 100000]","[0, 100000]",0,0,2978,38574
yolov8x_training,474.284279,85,224.585,13370.3125,45,975,10001,"[0, 100000]","[0, 100000]",0,0,15332,27734
yolov8x_training,475.327156,85,226.412,13370.3125,52,1110,10001,"[0, 100000]","[0, 100000]",0,0,4248,18066
yolov8x_training,476.370329,85,227.093,13370.3125,43,975,10001,"[0, 100000]","[0, 100000]",0,0,2978,14404
yolov8x_training,477.413572,85,237.061,13370.3125,46,975,10001,"[0, 100000]","[0, 100000]",0,0,2636,6494
yolov8x_training,478.456761,85,225.919,13370.3125,37,1365,10001,"[0, 100000]","[0, 100000]",0,0,1953,1025
yolov8x_training,479.499954,85,233.189,13370.3125,19,1252,10001,"[0, 100000]","[0, 100000]",0,0,537,292
yolov8x_training,480.542712,85,232.093,13370.3125,12,2505,10001,"[0, 100000]","[0, 100000]",0,0,341,292
yolov8x_training,481.585281,85,232.884,13370.3125,13,2505,10001,"[0, 100000]","[0, 100000]",0,0,90429,29589
yolov8x_training,482.657273,80,233.211,13370.3125,18,2505,10001,"[0, 100000]","[0, 100000]",0,0,7324,28417
yolov8x_training,483.700549,80,233.943,13370.3125,18,2505,10001,"[0, 100000]","[0, 100000]",0,0,3222,26806
yolov8x_training,484.743994,80,233.506,13370.3125,19,847,10001,"[0, 100000]","[0, 100000]",0,0,2783,12402
yolov8x_training,485.786948,80,234.225,13370.3125,13,2490,10001,"[0, 100000]","[0, 100000]",0,0,2539,25439
yolov8x_training,486.830670,80,232.850,13370.3125,13,915,10001,"[0, 100000]","[0, 100000]",0,0,927,292
yolov8x_training,487.872843,80,233.137,13370.3125,18,930,10001,"[0, 100000]","[0, 100000]",0,0,341,1028369
yolov8x_training,488.915643,80,235.705,13370.3125,21,900,10001,"[0, 100000]","[0, 100000]",0,0,16943,38671
yolov8x_training,489.991219,80,233.057,13370.3125,13,900,10001,"[0, 100000]","[0, 100000]",0,0,15429,25878
yolov8x_training,491.034381,80,232.133,13370.3125,23,915,10001,"[0, 100000]","[0, 100000]",0,0,4589,16796
yolov8x_training,492.077342,80,230.640,13370.3125,23,900,10001,"[0, 100000]","[0, 100000]",0,0,3125,9960
yolov8x_training,493.120444,85,231.399,13370.3125,23,900,10001,"[0, 100000]","[0, 100000]",0,0,2001,1367
yolov8x_training,494.163418,85,231.587,13370.3125,16,915,10001,"[0, 100000]","[0, 100000]",0,0,341,292
yolov8x_training,495.206098,85,230.471,13370.3125,24,900,10001,"[0, 100000]","[0, 100000]",0,0,341,1028222
yolov8x_training,496.248952,85,230.595,13370.3125,20,900,10001,"[0, 100000]","[0, 100000]",0,0,3955,34228
yolov8x_training,497.319972,85,230.733,13370.3125,14,2505,10001,"[0, 100000]","[0, 100000]",0,0,15185,28564
yolov8x_training,498.362932,84,234.087,13370.3125,19,2505,10001,"[0, 100000]","[0, 100000]",0,0,3271,25830
yolov8x_training,499.406090,85,233.835,13370.3125,20,2505,10001,"[0, 100000]","[0, 100000]",0,0,2783,13085
yolov8x_training,500.449000,85,232.752,13370.3125,14,1890,10001,"[0, 100000]","[0, 100000]",0,0,2587,33886
yolov8x_training,501.492548,85,232.883,13370.3125,10,2505,10001,"[0, 100000]","[0, 100000]",0,0,1123,341
yolov8x_training,502.535236,84,230.874,13370.3125,24,2505,10001,"[0, 100000]","[0, 100000]",0,0,341,341
yolov8x_training,503.577989,85,231.507,13370.3125,18,2505,10001,"[0, 100000]","[0, 100000]",0,0,341,1040478
yolov8x_training,504.620990,81,232.437,13370.3125,21,1252,10001,"[0, 100000]","[0, 100000]",0,0,6591,102880
yolov8x_training,505.690390,80,233.317,13370.3125,21,2505,10001,"[0, 100000]","[0, 100000]",0,0,4541,17578
yolov8x_training,506.733670,81,230.899,13370.3125,30,1252,10001,"[0, 100000]","[0, 100000]",0,0,4736,16503
yolov8x_training,507.776602,81,230.286,13370.3125,24,2505,10001,"[0, 100000]","[0, 100000]",0,0,3027,11523
yolov8x_training,508.819932,81,230.186,13370.3125,32,915,10001,"[0, 100000]","[0, 100000]",0,0,2343,5957
yolov8x_training,509.863481,81,229.348,13370.3125,39,915,10001,"[0, 100000]","[0, 100000]",0,0,341,292
yolov8x_training,510.906231,81,232.084,13370.3125,40,930,10001,"[0, 100000]","[0, 100000]",0,0,341,1029003
yolov8x_training,511.948780,82,234.268,13370.3125,39,915,10001,"[0, 100000]","[0, 100000]",0,0,3857,35156
yolov8x_training,513.010255,81,232.913,13370.3125,33,930,10001,"[0, 100000]","[0, 100000]",0,0,6591,33935
yolov8x_training,514.053129,81,236.515,13370.3125,26,900,10001,"[0, 100000]","[0, 100000]",0,0,3027,23583
yolov8x_training,515.096019,85,233.918,13370.3125,18,885,10001,"[0, 100000]","[0, 100000]",0,0,2929,10449
yolov8x_training,516.139451,85,231.674,13370.3125,37,930,10001,"[0, 100000]","[0, 100000]",0,0,2441,7910
yolov8x_training,517.182721,85,234.758,13370.3125,37,930,10001,"[0, 100000]","[0, 100000]",0,0,732,292
yolov8x_training,518.226008,86,235.276,13370.3125,39,930,10001,"[0, 100000]","[0, 100000]",0,0,292,292
yolov8x_training,519.268580,86,233.196,13370.3125,41,930,10001,"[0, 100000]","[0, 100000]",0,0,15234,670703
yolov8x_training,520.311631,86,234.847,13370.3125,42,2505,10001,"[0, 100000]","[0, 100000]",0,0,6298,103076
yolov8x_training,521.371665,84,232.565,13370.3125,55,2505,10001,"[0, 100000]","[0, 100000]",0,0,4736,18945
yolov8x_training,522.414929,84,223.414,13370.3125,60,2505,10001,"[0, 100000]","[0, 100000]",0,0,4248,18554
yolov8x_training,523.458319,86,222.655,13370.3125,46,2505,10001,"[0, 100000]","[0, 100000]",0,0,2539,11035
yolov8x_training,524.501534,85,225.315,13370.3125,54,2505,10001,"[0, 100000]","[0, 100000]",0,0,2392,126220
yolov8x_training,525.545908,83,220.344,13370.3125,71,2520,10001,"[0, 100000]","[0, 100000]",0,0,439,292
yolov8x_training,526.588608,83,222.545,13370.3125,76,2505,10001,"[0, 100000]","[0, 100000]",0,0,292,118457
yolov8x_training,527.631159,84,220.685,13370.3125,61,2490,10001,"[0, 100000]","[0, 100000]",0,0,89062,18554
yolov8x_training,528.674186,84,218.373,13370.3125,79,2400,10001,"[0, 100000]","[0, 100000]",0,0,6640,101806
yolov8x_training,529.743111,84,219.775,13370.3125,83,2370,10001,"[0, 100000]","[0, 100000]",0,0,4101,21728
yolov8x_training,530.786042,84,220.977,13370.3125,88,2100,10001,"[0, 100000]","[0, 100000]",0,0,4541,17236
yolov8x_training,531.829310,84,222.911,13370.3125,89,1095,10001,"[0, 100000]","[0, 100000]",0,0,2880,11376
yolov8x_training,532.872214,84,220.688,13370.3125,90,1635,10001,"[0, 100000]","[0, 100000]",0,0,2343,10693
yolov8x_training,533.995947,84,237.922,13370.3125,100,1065,10001,"[0, 100000]","[0, 100000]",0,0,12109,292
yolov8x_training,535.038712,85,216.544,13370.3125,95,1755,10001,"[0, 100000]","[0, 100000]",0,0,292,1033203
yolov8x_training,536.081473,85,233.193,13370.3125,95,1845,10001,"[0, 100000]","[0, 100000]",0,0,3027,38134
yolov8x_training,537.153013,81,232.823,13370.3125,96,2625,10001,"[0, 100000]","[0, 100000]",0,0,15039,32812
yolov8x_training,538.195959,81,232.371,13370.3125,95,2160,10001,"[0, 100000]","[0, 100000]",0,0,5273,15625
yolov8x_training,539.238963,81,232.434,13370.3125,96,2640,10001,"[0, 100000]","[0, 100000]",0,0,3564,13671
yolov8x_training,540.281973,81,229.768,13370.3125,95,1327,10001,"[0, 100000]","[0, 100000]",0,0,2294,9033
yolov8x_training,541.325617,81,230.145,13370.3125,94,885,10001,"[0, 100000]","[0, 100000]",0,0,634,292
yolov8x_training,542.368350,81,232.174,13370.3125,95,915,10001,"[0, 100000]","[0, 100000]",0,0,341,341
yolov8x_training,543.410980,81,233.788,13370.3125,95,915,10001,"[0, 100000]","[0, 100000]",0,0,341,1033105
yolov8x_training,544.453948,81,233.105,13370.3125,95,930,10001,"[0, 100000]","[0, 100000]",0,0,6787,104101
yolov8x_training,545.519296,81,234.417,13370.3125,95,900,10001,"[0, 100000]","[0, 100000]",0,0,6787,28662
yolov8x_training,546.562283,81,233.384,13370.3125,95,915,10001,"[0, 100000]","[0, 100000]",0,0,3027,26708
yolov8x_training,547.605248,84,237.521,13370.3125,96,930,10001,"[0, 100000]","[0, 100000]",0,0,2929,13232
yolov8x_training,548.648230,85,238.961,13370.3125,95,930,10001,"[0, 100000]","[0, 100000]",0,0,2246,41552
yolov8x_training,549.691541,85,234.094,13370.3125,94,915,10001,"[0, 100000]","[0, 100000]",0,0,439,292
yolov8x_training,550.734319,85,230.123,13370.3125,95,930,10001,"[0, 100000]","[0, 100000]",0,0,341,292
yolov8x_training,551.776984,85,238.766,13370.3125,96,900,10001,"[0, 100000]","[0, 100000]",0,0,90625,35595
yolov8x_training,552.860852,84,234.261,13370.3125,95,2655,10001,"[0, 100000]","[0, 100000]",0,0,15185,25683
yolov8x_training,553.903969,84,225.110,13370.3125,94,2655,10001,"[0, 100000]","[0, 100000]",0,0,4394,18994
yolov8x_training,554.947548,85,227.316,13370.3125,95,2655,10001,"[0, 100000]","[0, 100000]",0,0,3173,9277
yolov8x_training,555.990823,84,225.409,13370.3125,96,2655,10001,"[0, 100000]","[0, 100000]",0,0,2343,3076
yolov8x_training,557.033620,85,221.413,13370.3125,94,2655,10001,"[0, 100000]","[0, 100000]",0,0,927,292
yolov8x_training,558.076326,83,218.024,13370.3125,95,2610,10001,"[0, 100000]","[0, 100000]",0,0,341,292
yolov8x_training,559.118969,84,219.001,13370.3125,81,2490,10001,"[0, 100000]","[0, 100000]",0,0,341,1033642
yolov8x_training,560.161631,84,221.654,13370.3125,81,2400,10001,"[0, 100000]","[0, 100000]",0,0,4003,35302
yolov8x_training,561.221497,84,221.367,13370.3125,78,2445,10001,"[0, 100000]","[0, 100000]",0,0,6884,27490
yolov8x_training,562.264820,84,221.274,13370.3125,95,2580,10001,"[0, 100000]","[0, 100000]",0,0,2929,22753
yolov8x_training,563.307896,84,220.023,13370.3125,86,930,10001,"[0, 100000]","[0, 100000]",0,0,3369,15332
yolov8x_training,564.351208,84,221.939,13370.3125,76,900,10001,"[0, 100000]","[0, 100000]",0,0,2294,8837
yolov8x_training,565.394809,84,224.542,13370.3125,73,945,10001,"[0, 100000]","[0, 100000]",0,0,1025,341
yolov8x_training,566.437731,84,232.909,13370.3125,76,1050,10001,"[0, 100000]","[0, 100000]",0,0,341,292
yolov8x_training,567.480358,85,230.599,13370.3125,62,1095,10001,"[0, 100000]","[0, 100000]",0,0,341,292
yolov8x_training,568.522926,85,232.947,13370.3125,96,1260,10001,"[0, 100000]","[0, 100000]",0,0,3027,38671
yolov8x_training,569.604639,81,231.558,13370.3125,94,1425,10001,"[0, 100000]","[0, 100000]",0,0,14990,31640
yolov8x_training,570.647562,80,231.926,13370.3125,96,1005,10001,"[0, 100000]","[0, 100000]",0,0,4736,18457
yolov8x_training,571.690507,80,235.414,13370.3125,95,915,10001,"[0, 100000]","[0, 100000]",0,0,4003,14062
yolov8x_training,572.733538,80,236.934,13370.3125,95,1005,10001,"[0, 100000]","[0, 100000]",0,0,2783,10498
yolov8x_training,573.776436,81,234.560,13370.3125,95,960,10001,"[0, 100000]","[0, 100000]",0,0,2343,3320
yolov8x_training,574.819486,81,231.974,13370.3125,94,930,10001,"[0, 100000]","[0, 100000]",0,0,390,292
yolov8x_training,575.862336,81,235.600,13370.3125,92,915,10001,"[0, 100000]","[0, 100000]",0,0,341,244
yolov8x_training,576.905134,81,223.473,13370.3125,82,930,10001,"[0, 100000]","[0, 100000]",0,0,341,1039062
yolov8x_training,577.947961,81,222.622,13370.3125,69,885,10001,"[0, 100000]","[0, 100000]",0,0,6835,103369
yolov8x_training,579.014949,82,222.258,13370.3125,66,900,10001,"[0, 100000]","[0, 100000]",0,0,5664,22705
yolov8x_training,580.057828,82,225.033,13370.3125,61,930,10001,"[0, 100000]","[0, 100000]",0,0,3173,26171
yolov8x_training,581.101351,81,226.178,13370.3125,52,900,10001,"[0, 100000]","[0, 100000]",0,0,2783,13330
yolov8x_training,582.144315,85,223.718,13370.3125,63,930,10001,"[0, 100000]","[0, 100000]",0,0,2539,34375
yolov8x_training,583.187532,84,225.669,13370.3125,48,930,10001,"[0, 100000]","[0, 100000]",0,0,732,292
yolov8x_training,584.230906,84,227.923,13370.3125,46,930,10001,"[0, 100000]","[0, 100000]",0,0,341,292
yolov8x_training,585.273676,84,229.733,13370.3125,33,930,10001,"[0, 100000]","[0, 100000]",0,0,390,341
yolov8x_training,586.316103,83,208.644,13370.3125,100,1005,10001,"[0, 100000]","[0, 100000]",0,0,3320,27343
yolov8x_training,587.359117,80,220.289,13370.3125,2,915,10001,"[0, 100000]","[0, 100000]",0,0,390,341
yolov8x_training,588.401677,85,190.813,13370.3125,89,2505,10001,"[0, 100000]","[0, 100000]",0,0,13476,28320
yolov8x_training,589.444800,81,214.317,13370.3125,96,1095,10001,"[0, 100000]","[0, 100000]",0,0,341,292
yolov8x_training,590.487411,80,196.851,13370.3125,0,1035,10001,"[0, 100000]","[0, 100000]",0,0,4931,92871
yolov8x_training,591.560940,85,191.795,13370.3125,88,2505,10001,"[0, 100000]","[0, 100000]",0,0,12011,341
yolov8x_training,592.603626,80,212.115,13370.3125,84,1695,10001,"[0, 100000]","[0, 100000]",0,0,4736,15087
yolov8x_training,593.646220,84,236.620,13370.3125,100,930,10001,"[0, 100000]","[0, 100000]",0,0,2783,10986
yolov8x_training,594.688483,79,228.283,13370.3125,100,915,10001,"[0, 100000]","[0, 100000]",0,0,3222,13134
yolov8x_training,595.731883,84,192.867,13370.3125,41,2490,10001,"[0, 100000]","[0, 100000]",0,0,292,292
yolov8x_training,596.774663,80,209.128,13370.3125,100,1005,10001,"[0, 100000]","[0, 100000]",0,0,3027,25830
yolov8x_training,597.817925,84,214.798,13370.3125,13,2505,10001,"[0, 100000]","[0, 100000]",0,0,292,292
yolov8x_training,598.860735,84,188.544,13370.3125,60,1860,10001,"[0, 100000]","[0, 100000]",0,0,5859,18896
yolov8x_training,599.904328,79,215.771,13370.3125,100,915,10001,"[0, 100000]","[0, 100000]",0,0,341,292
yolov8x_training,600.947520,85,201.118,13370.3125,0,2655,10001,"[0, 100000]","[0, 100000]",0,0,3515,14941
yolov8x_training,601.991278,80,218.525,13370.3125,100,945,10001,"[0, 100000]","[0, 100000]",0,0,341,244
yolov8x_training,603.034049,84,190.919,13370.3125,73,2130,10001,"[0, 100000]","[0, 100000]",0,0,2832,23095
yolov8x_training,604.077876,84,189.265,13370.3125,95,1080,10001,"[0, 100000]","[0, 100000]",0,0,341,292
yolov8x_training,605.120660,84,214.888,13370.3125,96,1050,10001,"[0, 100000]","[0, 100000]",0,0,341,292
yolov8x_training,606.163280,84,224.064,13370.3125,95,1065,10001,"[0, 100000]","[0, 100000]",0,0,341,1036474
yolov8x_training,607.206067,84,223.415,13370.3125,94,1890,10001,"[0, 100000]","[0, 100000]",0,0,3564,36230
yolov8x_training,608.264508,84,226.176,13370.3125,95,1905,10001,"[0, 100000]","[0, 100000]",0,0,5712,20068
yolov8x_training,609.307532,84,225.694,13370.3125,96,1905,10001,"[0, 100000]","[0, 100000]",0,0,3466,26660
yolov8x_training,610.350907,85,225.853,13370.3125,95,1305,10001,"[0, 100000]","[0, 100000]",0,0,2929,12353
yolov8x_training,611.394127,84,226.247,13370.3125,96,1605,10001,"[0, 100000]","[0, 100000]",0,0,2490,7275
yolov8x_training,612.437236,84,236.426,13370.3125,96,1020,10001,"[0, 100000]","[0, 100000]",0,0,341,292
yolov8x_training,613.479866,84,234.859,13370.3125,96,945,10001,"[0, 100000]","[0, 100000]",0,0,90771,36376
yolov8x_training,614.550486,83,233.310,13370.3125,95,960,10001,"[0, 100000]","[0, 100000]",0,0,3808,26074
yolov8x_training,615.593572,83,233.262,13370.3125,100,915,10001,"[0, 100000]","[0, 100000]",0,0,3710,13916
yolov8x_training,616.636718,84,232.078,13370.3125,100,930,10001,"[0, 100000]","[0, 100000]",0,0,2343,3271
yolov8x_training,617.679659,84,226.064,13370.3125,100,975,10001,"[0, 100000]","[0, 100000]",0,0,341,292
yolov8x_training,618.722320,85,220.720,13370.3125,98,975,10001,"[0, 100000]","[0, 100000]",0,0,6835,103906
yolov8x_training,619.791724,85,222.743,13370.3125,74,1035,10001,"[0, 100000]","[0, 100000]",0,0,5273,17236
yolov8x_training,620.834767,85,230.691,13370.3125,55,1200,10001,"[0, 100000]","[0, 100000]",0,0,4589,15136
yolov8x_training,621.877614,84,226.724,13370.3125,55,1215,10001,"[0, 100000]","[0, 100000]",0,0,2539,4833
yolov8x_training,622.920910,84,236.683,13370.3125,31,930,10001,"[0, 100000]","[0, 100000]",0,0,341,292
yolov8x_training,623.963524,84,233.722,13370.3125,25,945,10001,"[0, 100000]","[0, 100000]",0,0,90283,28271
yolov8x_training,625.033335,84,235.455,13370.3125,15,960,10001,"[0, 100000]","[0, 100000]",0,0,15429,33544
yolov8x_training,626.076520,83,233.634,13370.3125,21,915,10001,"[0, 100000]","[0, 100000]",0,0,4638,18603
yolov8x_training,627.119990,85,231.373,13370.3125,58,915,10001,"[0, 100000]","[0, 100000]",0,0,2539,6787
yolov8x_training,628.163226,85,222.294,13370.3125,88,1005,10001,"[0, 100000]","[0, 100000]",0,0,341,292
yolov8x_training,629.205722,85,234.067,13370.3125,94,990,10001,"[0, 100000]","[0, 100000]",0,0,3662,35400
yolov8x_training,630.270437,85,221.071,13370.3125,94,1020,10001,"[0, 100000]","[0, 100000]",0,0,4394,19189
yolov8x_training,631.313679,85,233.966,13370.3125,93,1035,10001,"[0, 100000]","[0, 100000]",0,0,3320,14404
yolov8x_training,632.357327,84,230.575,13370.3125,95,1020,10001,"[0, 100000]","[0, 100000]",0,0,2343,10156
yolov8x_training,633.400342,84,230.705,13370.3125,95,900,10001,"[0, 100000]","[0, 100000]",0,0,15869,292
yolov8x_training,634.443498,84,234.368,13370.3125,96,945,10001,"[0, 100000]","[0, 100000]",0,0,341,1038183
yolov8x_training,635.499581,84,235.932,13370.3125,97,975,10001,"[0, 100000]","[0, 100000]",0,0,15429,33642
yolov8x_training,636.542443,81,232.703,13370.3125,100,945,10001,"[0, 100000]","[0, 100000]",0,0,3320,24755
yolov8x_training,637.585557,81,224.909,13370.3125,100,1020,10001,"[0, 100000]","[0, 100000]",0,0,2636,10742
yolov8x_training,638.628649,85,222.575,13370.3125,100,1035,10001,"[0, 100000]","[0, 100000]",0,0,15234,27197
yolov8x_training,639.671503,85,222.144,13370.3125,99,1020,10001,"[0, 100000]","[0, 100000]",0,0,341,1028906
yolov8x_training,640.714115,85,221.895,13370.3125,82,1200,10001,"[0, 100000]","[0, 100000]",0,0,6298,102832
yolov8x_training,641.772796,85,234.849,13370.3125,52,1995,10001,"[0, 100000]","[0, 100000]",0,0,6005,27392
yolov8x_training,642.815627,85,227.651,13370.3125,50,945,10001,"[0, 100000]","[0, 100000]",0,0,4101,12207
yolov8x_training,643.858835,85,228.734,13370.3125,42,930,10001,"[0, 100000]","[0, 100000]",0,0,2392,9130
yolov8x_training,644.902126,85,229.244,13370.3125,44,960,10001,"[0, 100000]","[0, 100000]",0,0,390,292
yolov8x_training,645.944892,85,233.561,13370.3125,19,960,10001,"[0, 100000]","[0, 100000]",0,0,341,1028759
yolov8x_training,646.987487,84,234.423,13370.3125,24,915,10001,"[0, 100000]","[0, 100000]",0,0,90869,35693
yolov8x_training,648.059366,84,233.190,13370.3125,26,930,10001,"[0, 100000]","[0, 100000]",0,0,6542,23144
yolov8x_training,649.102384,84,231.847,13370.3125,20,930,10001,"[0, 100000]","[0, 100000]",0,0,5322,19384
yolov8x_training,650.145895,85,235.731,13370.3125,17,945,10001,"[0, 100000]","[0, 100000]",0,0,2587,11621
yolov8x_training,651.189185,85,233.443,13370.3125,25,930,10001,"[0, 100000]","[0, 100000]",0,0,634,292
yolov8x_training,652.231939,85,232.058,13370.3125,17,900,10001,"[0, 100000]","[0, 100000]",0,0,292,292
yolov8x_training,653.274598,85,230.532,13370.3125,44,915,10001,"[0, 100000]","[0, 100000]",0,0,4052,35644
yolov8x_training,654.337080,85,228.749,13370.3125,55,1020,10001,"[0, 100000]","[0, 100000]",0,0,5615,16455
yolov8x_training,655.380172,85,226.753,13370.3125,48,1005,10001,"[0, 100000]","[0, 100000]",0,0,3710,14160
yolov8x_training,656.423512,84,236.745,13370.3125,85,1230,10001,"[0, 100000]","[0, 100000]",0,0,2441,3369
yolov8x_training,657.466861,84,234.181,13370.3125,95,1290,10001,"[0, 100000]","[0, 100000]",0,0,341,292
yolov8x_training,658.509487,82,235.833,13370.3125,93,1050,10001,"[0, 100000]","[0, 100000]",0,0,89501,20947
yolov8x_training,659.555707,81,237.519,13370.3125,94,930,10001,"[0, 100000]","[0, 100000]",0,0,14990,33496
yolov8x_training,660.598891,81,239.609,13370.3125,95,930,10001,"[0, 100000]","[0, 100000]",0,0,3271,14111
yolov8x_training,661.641933,85,233.565,13370.3125,100,885,10001,"[0, 100000]","[0, 100000]",0,0,1855,341
yolov8x_training,662.684644,85,228.420,13370.3125,100,945,10001,"[0, 100000]","[0, 100000]",0,0,341,292
yolov8x_training,663.727325,84,224.070,13370.3125,100,915,10001,"[0, 100000]","[0, 100000]",0,0,341,1033593
yolov8x_training,664.799536,85,229.818,13370.3125,100,945,10001,"[0, 100000]","[0, 100000]",0,0,15283,28710
yolov8x_training,665.842469,84,224.846,13370.3125,100,1890,10001,"[0, 100000]","[0, 100000]",0,0,3271,14843
yolov8x_training,666.885453,83,225.702,13370.3125,66,1170,10001,"[0, 100000]","[0, 100000]",0,0,2734,4052
yolov8x_training,667.929357,81,238.621,13370.3125,51,945,10001,"[0, 100000]","[0, 100000]",0,0,341,341
yolov8x_training,668.971988,81,238.282,13370.3125,34,930,10001,"[0, 100000]","[0, 100000]",0,0,90576,36523
yolov8x_training,670.040071,80,234.342,13370.3125,30,900,10001,"[0, 100000]","[0, 100000]",0,0,3759,27148
yolov8x_training,671.083853,81,231.881,13370.3125,58,915,10001,"[0, 100000]","[0, 100000]",0,0,2929,11376
yolov8x_training,672.127037,85,226.056,13370.3125,53,930,10001,"[0, 100000]","[0, 100000]",0,0,2832,5224
yolov8x_training,673.170458,85,225.300,13370.3125,29,900,10001,"[0, 100000]","[0, 100000]",0,0,1123,341
yolov8x_training,674.213402,85,226.967,13370.3125,36,900,10001,"[0, 100000]","[0, 100000]",0,0,341,292
yolov8x_training,675.255947,85,230.125,13370.3125,31,930,10001,"[0, 100000]","[0, 100000]",0,0,3027,38623
yolov8x_training,676.333259,85,232.345,13370.3125,30,2370,10001,"[0, 100000]","[0, 100000]",0,0,15234,28076
yolov8x_training,677.376127,85,230.382,13370.3125,21,2655,10001,"[0, 100000]","[0, 100000]",0,0,4736,17626
yolov8x_training,678.419163,85,230.284,13370.3125,41,1215,10001,"[0, 100000]","[0, 100000]",0,0,2832,13037
yolov8x_training,679.462299,85,231.520,13370.3125,35,1245,10001,"[0, 100000]","[0, 100000]",0,0,2441,7128
yolov8x_training,680.505416,85,235.420,13370.3125,28,1410,10001,"[0, 100000]","[0, 100000]",0,0,1171,292
yolov8x_training,681.548122,85,238.116,13370.3125,26,1215,10001,"[0, 100000]","[0, 100000]",0,0,341,292
yolov8x_training,682.590742,85,237.749,13370.3125,33,1185,10001,"[0, 100000]","[0, 100000]",0,0,2783,38818
yolov8x_training,683.667564,80,232.401,13370.3125,41,1335,10001,"[0, 100000]","[0, 100000]",0,0,15283,25878
yolov8x_training,684.710628,82,234.057,13370.3125,29,1125,10001,"[0, 100000]","[0, 100000]",0,0,4492,19628
yolov8x_training,685.753605,81,233.116,13370.3125,31,1830,10001,"[0, 100000]","[0, 100000]",0,0,4541,14746
yolov8x_training,686.796853,81,234.636,13370.3125,16,1327,10001,"[0, 100000]","[0, 100000]",0,0,3173,10351
yolov8x_training,687.840302,81,234.357,13370.3125,16,900,10001,"[0, 100000]","[0, 100000]",0,0,2490,6689
yolov8x_training,688.883574,81,226.910,13370.3125,19,915,10001,"[0, 100000]","[0, 100000]",0,0,16113,292
yolov8x_training,689.926930,81,236.370,13370.3125,30,915,10001,"[0, 100000]","[0, 100000]",0,0,292,1037548
yolov8x_training,690.969613,80,234.705,13370.3125,18,900,10001,"[0, 100000]","[0, 100000]",0,0,6884,102001
yolov8x_training,692.023577,81,233.244,13370.3125,20,930,10001,"[0, 100000]","[0, 100000]",0,0,4980,19726
yolov8x_training,693.066551,82,231.030,13370.3125,21,930,10001,"[0, 100000]","[0, 100000]",0,0,4003,17187
yolov8x_training,694.109491,80,228.271,13370.3125,37,900,10001,"[0, 100000]","[0, 100000]",0,0,2685,11083
yolov8x_training,695.152430,85,231.223,13370.3125,28,900,10001,"[0, 100000]","[0, 100000]",0,0,2246,1562
yolov8x_training,696.195724,85,231.814,13370.3125,9,900,10001,"[0, 100000]","[0, 100000]",0,0,537,341
yolov8x_training,697.238518,85,231.349,13370.3125,16,885,10001,"[0, 100000]","[0, 100000]",0,0,341,292
yolov8x_training,698.281138,85,230.556,13370.3125,19,945,10001,"[0, 100000]","[0, 100000]",0,0,341,1032910
yolov8x_training,699.355671,85,231.344,13370.3125,11,1327,10001,"[0, 100000]","[0, 100000]",0,0,15087,31054
yolov8x_training,700.399141,85,233.702,13370.3125,19,2400,10001,"[0, 100000]","[0, 100000]",0,0,3466,26513
yolov8x_training,701.442480,85,233.282,13370.3125,18,1320,10001,"[0, 100000]","[0, 100000]",0,0,3466,13623
yolov8x_training,702.485853,85,229.393,13370.3125,15,2640,10001,"[0, 100000]","[0, 100000]",0,0,2441,10498
yolov8x_training,703.528804,85,233.596,13370.3125,17,2535,10001,"[0, 100000]","[0, 100000]",0,0,16357,292
yolov8x_training,704.571546,85,229.996,13370.3125,14,1935,10001,"[0, 100000]","[0, 100000]",0,0,341,1030371
yolov8x_training,705.614480,85,232.802,13370.3125,19,2430,10001,"[0, 100000]","[0, 100000]",0,0,3125,38427
yolov8x_training,706.684111,81,231.903,13370.3125,16,2655,10001,"[0, 100000]","[0, 100000]",0,0,4296,21435
yolov8x_training,707.727891,80,237.600,13370.3125,31,1275,10001,"[0, 100000]","[0, 100000]",0,0,4199,16406
yolov8x_training,708.771178,82,235.963,13370.3125,31,1260,10001,"[0, 100000]","[0, 100000]",0,0,2783,11132
yolov8x_training,709.814194,81,237.301,13370.3125,21,1200,10001,"[0, 100000]","[0, 100000]",0,0,2001,781
yolov8x_training,710.857245,81,235.877,13370.3125,37,915,10001,"[0, 100000]","[0, 100000]",0,0,341,292
yolov8x_training,711.899881,81,231.940,13370.3125,22,915,10001,"[0, 100000]","[0, 100000]",0,0,341,1037548
yolov8x_training,712.962111,86,229.252,13370.3125,31,1035,10001,"[0, 100000]","[0, 100000]",0,0,14941,27734
yolov8x_training,714.005016,86,223.590,13370.3125,63,1350,10001,"[0, 100000]","[0, 100000]",0,0,4443,16357
yolov8x_training,715.047945,86,228.324,13370.3125,76,1020,10001,"[0, 100000]","[0, 100000]",0,0,3076,9912
yolov8x_training,716.091024,85,229.160,13370.3125,78,1170,10001,"[0, 100000]","[0, 100000]",0,0,2490,2343
yolov8x_training,717.134959,84,219.553,13370.3125,79,1830,10001,"[0, 100000]","[0, 100000]",0,0,341,341
yolov8x_training,718.177683,84,219.153,13370.3125,94,2040,10001,"[0, 100000]","[0, 100000]",0,0,89453,21044
yolov8x_training,719.251209,84,230.777,13370.3125,94,1590,10001,"[0, 100000]","[0, 100000]",0,0,14941,30029
yolov8x_training,720.294137,84,230.907,13370.3125,90,2325,10001,"[0, 100000]","[0, 100000]",0,0,3808,25537
yolov8x_training,721.337837,84,220.040,13370.3125,83,1215,10001,"[0, 100000]","[0, 100000]",0,0,4443,17431
yolov8x_training,722.381007,84,219.180,13370.3125,80,1320,10001,"[0, 100000]","[0, 100000]",0,0,2734,10791
yolov8x_training,723.424323,84,224.733,13370.3125,78,1095,10001,"[0, 100000]","[0, 100000]",0,0,4638,104101
yolov8x_training,724.467517,84,236.448,13370.3125,85,900,10001,"[0, 100000]","[0, 100000]",0,0,341,292
yolov8x_training,725.510143,84,232.085,13370.3125,77,1080,10001,"[0, 100000]","[0, 100000]",0,0,88916,18457
yolov8x_training,726.584394,83,233.273,13370.3125,94,975,10001,"[0, 100000]","[0, 100000]",0,0,14990,31103
yolov8x_training,727.627522,84,233.052,13370.3125,94,960,10001,"[0, 100000]","[0, 100000]",0,0,4150,17675
yolov8x_training,728.670942,85,230.410,13370.3125,72,1275,10001,"[0, 100000]","[0, 100000]",0,0,3222,26611
yolov8x_training,729.714385,84,232.663,13370.3125,46,1035,10001,"[0, 100000]","[0, 100000]",0,0,3564,14794
yolov8x_training,730.758210,81,234.300,13370.3125,50,1050,10001,"[0, 100000]","[0, 100000]",0,0,2832,10791
yolov8x_training,731.801284,81,235.765,13370.3125,32,945,10001,"[0, 100000]","[0, 100000]",0,0,2490,10791
yolov8x_training,732.844602,81,232.859,13370.3125,11,915,10001,"[0, 100000]","[0, 100000]",0,0,2246,109521
yolov8x_training,733.888453,82,226.314,13370.3125,36,930,10001,"[0, 100000]","[0, 100000]",0,0,585,292
yolov8x_training,734.931223,82,234.645,13370.3125,43,915,10001,"[0, 100000]","[0, 100000]",0,0,341,292
yolov8x_training,735.973864,82,233.214,13370.3125,52,915,10001,"[0, 100000]","[0, 100000]",0,0,292,1031884
yolov8x_training,737.016778,84,232.095,13370.3125,60,915,10001,"[0, 100000]","[0, 100000]",0,0,89990,25439
yolov8x_training,738.093090,84,231.849,13370.3125,82,975,10001,"[0, 100000]","[0, 100000]",0,0,6689,29541
yolov8x_training,739.136289,86,230.200,13370.3125,100,1305,10001,"[0, 100000]","[0, 100000]",0,0,3271,27050
yolov8x_training,740.179280,86,237.410,13370.3125,97,1080,10001,"[0, 100000]","[0, 100000]",0,0,3320,14843
yolov8x_training,741.222504,85,235.372,13370.3125,97,990,10001,"[0, 100000]","[0, 100000]",0,0,2441,10351
yolov8x_training,742.265481,81,233.309,13370.3125,85,1065,10001,"[0, 100000]","[0, 100000]",0,0,2636,11181
yolov8x_training,743.308882,86,205.807,13370.3125,0,1905,10001,"[0, 100000]","[0, 100000]",0,0,292,292
yolov8x_training,744.351613,81,199.681,13370.3125,89,1260,10001,"[0, 100000]","[0, 100000]",0,0,4003,17431
yolov8x_training,745.395653,84,214.140,13370.3125,46,1080,10001,"[0, 100000]","[0, 100000]",0,0,292,292
yolov8x_training,746.438831,85,195.159,13370.3125,57,2505,10001,"[0, 100000]","[0, 100000]",0,0,4882,17236
yolov8x_training,747.481860,80,216.434,13370.3125,100,900,10001,"[0, 100000]","[0, 100000]",0,0,292,292
yolov8x_training,748.524579,85,199.275,13370.3125,0,2655,10001,"[0, 100000]","[0, 100000]",0,0,3125,14501
yolov8x_training,749.567601,84,219.367,13370.3125,100,1815,10001,"[0, 100000]","[0, 100000]",0,0,2343,8398
yolov8x_training,750.610595,85,221.388,13370.3125,97,2295,10001,"[0, 100000]","[0, 100000]",0,0,341,292
yolov8x_training,751.653242,83,220.709,13370.3125,85,2325,10001,"[0, 100000]","[0, 100000]",0,0,292,1039550
yolov8x_training,752.712875,82,222.040,13370.3125,79,2280,10001,"[0, 100000]","[0, 100000]",0,0,15234,31054
yolov8x_training,753.755783,81,236.827,13370.3125,57,2505,10001,"[0, 100000]","[0, 100000]",0,0,4638,15087
yolov8x_training,754.798655,80,236.413,13370.3125,18,2655,10001,"[0, 100000]","[0, 100000]",0,0,2587,11230
yolov8x_training,755.841781,80,232.344,13370.3125,16,915,10001,"[0, 100000]","[0, 100000]",0,0,927,292
yolov8x_training,756.884506,81,236.946,13370.3125,22,975,10001,"[0, 100000]","[0, 100000]",0,0,292,1031982
yolov8x_training,757.927520,82,235.839,13370.3125,25,975,10001,"[0, 100000]","[0, 100000]",0,0,5859,102783
yolov8x_training,758.996013,80,230.962,13370.3125,32,960,10001,"[0, 100000]","[0, 100000]",0,0,5761,19726
yolov8x_training,760.039127,81,231.374,13370.3125,33,960,10001,"[0, 100000]","[0, 100000]",0,0,4589,16552
yolov8x_training,761.082199,83,230.287,13370.3125,34,1035,10001,"[0, 100000]","[0, 100000]",0,0,2734,9863
yolov8x_training,762.125829,85,229.141,13370.3125,64,1410,10001,"[0, 100000]","[0, 100000]",0,0,15869,292
yolov8x_training,763.169063,84,225.688,13370.3125,74,1020,10001,"[0, 100000]","[0, 100000]",0,0,341,1034667
yolov8x_training,764.211712,84,230.050,13370.3125,64,1905,10001,"[0, 100000]","[0, 100000]",0,0,4931,100683
yolov8x_training,765.286400,84,225.718,13370.3125,65,2340,10001,"[0, 100000]","[0, 100000]",0,0,4931,29199
yolov8x_training,766.329497,84,222.647,13370.3125,73,2355,10001,"[0, 100000]","[0, 100000]",0,0,2929,23144
yolov8x_training,767.372458,84,222.816,13370.3125,64,1065,10001,"[0, 100000]","[0, 100000]",0,0,2832,11767
yolov8x_training,768.415432,85,223.241,13370.3125,54,1290,10001,"[0, 100000]","[0, 100000]",0,0,2246,2929
yolov8x_training,769.459084,85,239.170,13370.3125,59,1080,10001,"[0, 100000]","[0, 100000]",0,0,341,292
yolov8x_training,770.501728,84,234.182,13370.3125,68,1395,10001,"[0, 100000]","[0, 100000]",0,0,341,292
yolov8x_training,771.544600,85,235.564,13370.3125,50,1080,10001,"[0, 100000]","[0, 100000]",0,0,89208,20117
yolov8x_training,772.619563,85,235.149,13370.3125,50,1350,10001,"[0, 100000]","[0, 100000]",0,0,15234,26416
yolov8x_training,773.662898,83,230.466,13370.3125,32,1620,10001,"[0, 100000]","[0, 100000]",0,0,3613,26708
yolov8x_training,774.706432,83,238.979,13370.3125,48,1245,10001,"[0, 100000]","[0, 100000]",0,0,3173,15576
yolov8x_training,775.749493,85,232.872,13370.3125,54,1200,10001,"[0, 100000]","[0, 100000]",0,0,2636,4931
yolov8x_training,776.793346,85,236.130,13370.3125,61,1050,10001,"[0, 100000]","[0, 100000]",0,0,341,292
yolov8x_training,777.835940,86,235.205,13370.3125,60,2355,10001,"[0, 100000]","[0, 100000]",0,0,88867,16992
yolov8x_training,778.879319,86,237.345,13370.3125,78,2475,10001,"[0, 100000]","[0, 100000]",0,0,6152,102197
yolov8x_training,779.939331,85,231.456,13370.3125,83,2325,10001,"[0, 100000]","[0, 100000]",0,0,4589,23876
yolov8x_training,780.982241,85,236.109,13370.3125,100,2505,10001,"[0, 100000]","[0, 100000]",0,0,4003,14550
yolov8x_training,782.025074,86,240.464,13370.3125,100,1267,10001,"[0, 100000]","[0, 100000]",0,0,2587,9082
yolov8x_training,783.068282,84,230.132,13370.3125,100,2475,10001,"[0, 100000]","[0, 100000]",0,0,439,341
yolov8x_training,784.110998,85,239.176,13370.3125,100,1905,10001,"[0, 100000]","[0, 100000]",0,0,292,1033203
yolov8x_training,785.153941,83,239.336,13370.3125,100,2505,10001,"[0, 100000]","[0, 100000]",0,0,90429,34179
yolov8x_training,786.225055,82,238.118,13370.3125,100,2505,10001,"[0, 100000]","[0, 100000]",0,0,6494,28955
yolov8x_training,787.268061,82,235.985,13370.3125,100,2505,10001,"[0, 100000]","[0, 100000]",0,0,4492,17724
yolov8x_training,788.310929,84,230.100,13370.3125,100,2175,10001,"[0, 100000]","[0, 100000]",0,0,3027,12597
yolov8x_training,789.354276,83,239.030,13370.3125,100,930,10001,"[0, 100000]","[0, 100000]",0,0,2294,2490
yolov8x_training,790.397438,82,238.671,13370.3125,100,900,10001,"[0, 100000]","[0, 100000]",0,0,1074,292
yolov8x_training,791.440123,82,229.122,13370.3125,100,930,10001,"[0, 100000]","[0, 100000]",0,0,341,292
yolov8x_training,792.482736,83,224.949,13370.3125,100,915,10001,"[0, 100000]","[0, 100000]",0,0,90087,27929
yolov8x_training,793.582858,84,227.949,13370.3125,100,900,10001,"[0, 100000]","[0, 100000]",0,0,15234,30175
yolov8x_training,794.626026,84,229.908,13370.3125,99,1320,10001,"[0, 100000]","[0, 100000]",0,0,6005,26953
yolov8x_training,795.669150,81,232.283,13370.3125,94,1320,10001,"[0, 100000]","[0, 100000]",0,0,3515,21679
yolov8x_training,796.712280,81,228.813,13370.3125,95,930,10001,"[0, 100000]","[0, 100000]",0,0,4394,15039
yolov8x_training,797.755296,81,229.766,13370.3125,94,1005,10001,"[0, 100000]","[0, 100000]",0,0,2929,9814
yolov8x_training,798.798514,81,234.100,13370.3125,95,975,10001,"[0, 100000]","[0, 100000]",0,0,2832,3955
yolov8x_training,799.843297,81,232.389,13370.3125,94,930,10001,"[0, 100000]","[0, 100000]",0,0,585,244
yolov8x_training,800.886096,81,232.567,13370.3125,92,945,10001,"[0, 100000]","[0, 100000]",0,0,341,341
yolov8x_training,801.928808,81,230.437,13370.3125,69,915,10001,"[0, 100000]","[0, 100000]",0,0,89208,17773
yolov8x_training,802.993820,81,222.496,13370.3125,79,960,10001,"[0, 100000]","[0, 100000]",0,0,15380,26025
yolov8x_training,804.036922,81,219.967,13370.3125,94,915,10001,"[0, 100000]","[0, 100000]",0,0,5419,17382
yolov8x_training,805.079947,81,221.062,13370.3125,84,1005,10001,"[0, 100000]","[0, 100000]",0,0,3808,12353
yolov8x_training,806.123280,81,220.044,13370.3125,92,1005,10001,"[0, 100000]","[0, 100000]",0,0,2343,9082
yolov8x_training,807.166612,85,219.473,13370.3125,94,960,10001,"[0, 100000]","[0, 100000]",0,0,390,292
yolov8x_training,808.209312,85,220.326,13370.3125,95,990,10001,"[0, 100000]","[0, 100000]",0,0,341,292
yolov8x_training,809.251995,86,233.694,13370.3125,94,1020,10001,"[0, 100000]","[0, 100000]",0,0,90332,27343
yolov8x_training,810.328436,85,222.280,13370.3125,94,1035,10001,"[0, 100000]","[0, 100000]",0,0,15087,26904
yolov8x_training,811.371509,85,217.880,13370.3125,85,1305,10001,"[0, 100000]","[0, 100000]",0,0,3417,26416
yolov8x_training,812.414554,86,222.365,13370.3125,95,1020,10001,"[0, 100000]","[0, 100000]",0,0,3173,15527
yolov8x_training,813.457521,86,231.715,13370.3125,94,1020,10001,"[0, 100000]","[0, 100000]",0,0,2343,8300
yolov8x_training,814.500814,86,233.433,13370.3125,95,2295,10001,"[0, 100000]","[0, 100000]",0,0,683,292
yolov8x_training,815.544030,86,236.636,13370.3125,94,1050,10001,"[0, 100000]","[0, 100000]",0,0,292,244
yolov8x_training,816.586674,86,239.639,13370.3125,94,1365,10001,"[0, 100000]","[0, 100000]",0,0,6542,102343
yolov8x_training,817.644298,81,235.013,13370.3125,94,1350,10001,"[0, 100000]","[0, 100000]",0,0,4589,27539
yolov8x_training,818.687358,81,230.931,13370.3125,95,1485,10001,"[0, 100000]","[0, 100000]",0,0,4199,20117
yolov8x_training,819.730447,81,238.606,13370.3125,94,1080,10001,"[0, 100000]","[0, 100000]",0,0,2685,12646
yolov8x_training,820.773910,82,234.059,13370.3125,94,1290,10001,"[0, 100000]","[0, 100000]",0,0,2050,121337
yolov8x_training,821.817636,81,233.731,13370.3125,95,1455,10001,"[0, 100000]","[0, 100000]",0,0,341,292
yolov8x_training,822.860253,81,235.617,13370.3125,94,1905,10001,"[0, 100000]","[0, 100000]",0,0,341,1040722
yolov8x_training,823.903418,82,238.929,13370.3125,94,1890,10001,"[0, 100000]","[0, 100000]",0,0,6689,98046
yolov8x_training,824.971346,82,216.598,13370.3125,90,1080,10001,"[0, 100000]","[0, 100000]",0,0,2978,292
yolov8x_training,826.014480,83,220.449,13370.3125,39,1282,10001,"[0, 100000]","[0, 100000]",0,0,2343,3320
yolov8x_training,827.057388,83,237.122,13370.3125,100,2565,10001,"[0, 100000]","[0, 100000]",0,0,341,292
yolov8x_training,828.100024,85,236.495,13370.3125,100,1252,10001,"[0, 100000]","[0, 100000]",0,0,341,1027539
yolov8x_training,829.142840,83,239.057,13370.3125,100,2535,10001,"[0, 100000]","[0, 100000]",0,0,89550,20751
yolov8x_training,830.186104,84,231.128,13370.3125,100,2640,10001,"[0, 100000]","[0, 100000]",0,0,6201,102099
yolov8x_training,831.266669,85,233.049,13370.3125,94,2430,10001,"[0, 100000]","[0, 100000]",0,0,15527,34375
yolov8x_training,832.310618,85,228.563,13370.3125,94,2115,10001,"[0, 100000]","[0, 100000]",0,0,4492,20263
yolov8x_training,833.353858,85,220.026,13370.3125,94,960,10001,"[0, 100000]","[0, 100000]",0,0,4003,15673
yolov8x_training,834.396906,86,227.565,13370.3125,83,1005,10001,"[0, 100000]","[0, 100000]",0,0,3515,13818
yolov8x_training,835.439986,86,221.059,13370.3125,80,1005,10001,"[0, 100000]","[0, 100000]",0,0,3173,9619
yolov8x_training,836.483485,85,226.397,13370.3125,74,1635,10001,"[0, 100000]","[0, 100000]",0,0,2343,8203
yolov8x_training,837.526589,85,229.719,13370.3125,55,2505,10001,"[0, 100000]","[0, 100000]",0,0,2685,4980
yolov8x_training,838.570389,86,234.397,13370.3125,20,2505,10001,"[0, 100000]","[0, 100000]",0,0,19091,341
yolov8x_training,839.613336,85,234.828,13370.3125,10,2505,10001,"[0, 100000]","[0, 100000]",0,0,341,292
yolov8x_training,840.656184,85,231.767,13370.3125,15,2340,10001,"[0, 100000]","[0, 100000]",0,0,341,292
yolov8x_training,841.698827,85,226.915,13370.3125,26,2175,10001,"[0, 100000]","[0, 100000]",0,0,88769,15576
yolov8x_training,842.741897,86,223.080,13370.3125,48,1725,10001,"[0, 100000]","[0, 100000]",0,0,3906,34130
yolov8x_training,843.805958,85,220.530,13370.3125,61,1050,10001,"[0, 100000]","[0, 100000]",0,0,15185,27978
yolov8x_training,844.849256,86,218.574,13370.3125,86,990,10001,"[0, 100000]","[0, 100000]",0,0,5371,21435
yolov8x_training,845.892885,86,221.005,13370.3125,90,990,10001,"[0, 100000]","[0, 100000]",0,0,4443,18652
yolov8x_training,846.936074,86,229.600,13370.3125,100,1005,10001,"[0, 100000]","[0, 100000]",0,0,2734,9375
yolov8x_training,847.979524,85,235.251,13370.3125,90,1380,10001,"[0, 100000]","[0, 100000]",0,0,19628,341
yolov8x_training,849.022597,85,231.001,13370.3125,86,1320,10001,"[0, 100000]","[0, 100000]",0,0,341,341
yolov8x_training,850.065206,85,240.374,13370.3125,71,1890,10001,"[0, 100000]","[0, 100000]",0,0,90527,36083
yolov8x_training,851.137223,86,231.045,13370.3125,72,1620,10001,"[0, 100000]","[0, 100000]",0,0,15380,31640
yolov8x_training,852.180449,81,239.305,13370.3125,47,930,10001,"[0, 100000]","[0, 100000]",0,0,4101,15527
yolov8x_training,853.223313,83,229.685,13370.3125,37,930,10001,"[0, 100000]","[0, 100000]",0,0,2587,11083
yolov8x_training,854.266367,82,233.979,13370.3125,38,915,10001,"[0, 100000]","[0, 100000]",0,0,2001,439
yolov8x_training,855.309666,81,233.853,13370.3125,50,1035,10001,"[0, 100000]","[0, 100000]",0,0,341,341
yolov8x_training,856.352814,81,234.441,13370.3125,64,2070,10001,"[0, 100000]","[0, 100000]",0,0,341,1030224
yolov8x_training,857.395898,84,238.145,13370.3125,36,2355,10001,"[0, 100000]","[0, 100000]",0,0,4443,100683
yolov8x_training,858.473555,83,237.568,13370.3125,43,2250,10001,"[0, 100000]","[0, 100000]",0,0,3222,26074
yolov8x_training,859.516503,86,232.403,13370.3125,18,2505,10001,"[0, 100000]","[0, 100000]",0,0,2929,10302
yolov8x_training,860.560112,86,232.559,13370.3125,18,2505,10001,"[0, 100000]","[0, 100000]",0,0,1953,732
yolov8x_training,861.603091,86,231.012,13370.3125,10,2505,10001,"[0, 100000]","[0, 100000]",0,0,341,341
yolov8x_training,862.645773,85,228.481,13370.3125,28,2445,10001,"[0, 100000]","[0, 100000]",0,0,341,292
yolov8x_training,863.688348,82,223.447,13370.3125,52,2205,10001,"[0, 100000]","[0, 100000]",0,0,341,1034423
yolov8x_training,864.730824,83,220.243,13370.3125,71,1815,10001,"[0, 100000]","[0, 100000]",0,0,3125,38720
yolov8x_training,865.814456,85,219.191,13370.3125,66,1755,10001,"[0, 100000]","[0, 100000]",0,0,15234,29443
yolov8x_training,866.857418,84,217.353,13370.3125,84,990,10001,"[0, 100000]","[0, 100000]",0,0,3515,22265
yolov8x_training,867.900754,84,220.910,13370.3125,90,990,10001,"[0, 100000]","[0, 100000]",0,0,3369,14990
yolov8x_training,868.944375,84,221.637,13370.3125,100,1005,10001,"[0, 100000]","[0, 100000]",0,0,2832,10253
yolov8x_training,869.987363,85,230.300,13370.3125,100,975,10001,"[0, 100000]","[0, 100000]",0,0,2343,2490
yolov8x_training,871.031619,84,233.159,13370.3125,100,1200,10001,"[0, 100000]","[0, 100000]",0,0,341,292
yolov8x_training,872.074229,85,237.017,13370.3125,100,1035,10001,"[0, 100000]","[0, 100000]",0,0,292,292
yolov8x_training,873.116829,85,237.126,13370.3125,100,1155,10001,"[0, 100000]","[0, 100000]",0,0,2929,38085
yolov8x_training,874.187762,84,229.731,13370.3125,100,2580,10001,"[0, 100000]","[0, 100000]",0,0,15039,32910
yolov8x_training,875.230657,85,238.045,13370.3125,100,1425,10001,"[0, 100000]","[0, 100000]",0,0,4443,19384
yolov8x_training,876.274446,82,232.314,13370.3125,100,990,10001,"[0, 100000]","[0, 100000]",0,0,2685,12451
yolov8x_training,877.317351,86,236.917,13370.3125,100,1005,10001,"[0, 100000]","[0, 100000]",0,0,2148,54492
yolov8x_training,878.360275,86,233.307,13370.3125,100,960,10001,"[0, 100000]","[0, 100000]",0,0,341,292
yolov8x_training,879.402919,86,237.911,13370.3125,100,945,10001,"[0, 100000]","[0, 100000]",0,0,341,1028271
yolov8x_training,880.445599,84,237.841,13370.3125,100,945,10001,"[0, 100000]","[0, 100000]",0,0,4296,38867
yolov8x_training,881.525349,86,223.973,13370.3125,100,945,10001,"[0, 100000]","[0, 100000]",0,0,15039,30126
yolov8x_training,882.568681,86,223.172,13370.3125,100,960,10001,"[0, 100000]","[0, 100000]",0,0,3320,13867
yolov8x_training,883.611517,87,231.488,13370.3125,100,1020,10001,"[0, 100000]","[0, 100000]",0,0,2539,9082
yolov8x_training,884.654941,84,220.829,13370.3125,99,960,10001,"[0, 100000]","[0, 100000]",0,0,1562,292
yolov8x_training,885.697882,85,222.075,13370.3125,100,1020,10001,"[0, 100000]","[0, 100000]",0,0,341,292
yolov8x_training,886.740543,84,223.321,13370.3125,94,1035,10001,"[0, 100000]","[0, 100000]",0,0,88964,18896
yolov8x_training,887.806854,84,220.876,13370.3125,91,1050,10001,"[0, 100000]","[0, 100000]",0,0,15429,28808
yolov8x_training,888.850098,84,221.115,13370.3125,98,1035,10001,"[0, 100000]","[0, 100000]",0,0,3125,26611
yolov8x_training,889.892934,85,234.310,13370.3125,81,1095,10001,"[0, 100000]","[0, 100000]",0,0,2929,13232
yolov8x_training,890.935952,84,218.904,13370.3125,78,1305,10001,"[0, 100000]","[0, 100000]",0,0,2294,7812
yolov8x_training,891.978996,84,237.810,13370.3125,82,1065,10001,"[0, 100000]","[0, 100000]",0,0,1855,292
yolov8x_training,893.021667,84,232.688,13370.3125,79,1245,10001,"[0, 100000]","[0, 100000]",0,0,341,292
yolov8x_training,894.063720,85,237.050,13370.3125,77,1350,10001,"[0, 100000]","[0, 100000]",0,0,3515,36181
yolov8x_training,895.126287,83,234.922,13370.3125,77,1110,10001,"[0, 100000]","[0, 100000]",0,0,6738,28222
yolov8x_training,896.169114,84,239.941,13370.3125,60,930,10001,"[0, 100000]","[0, 100000]",0,0,3027,22314
yolov8x_training,897.212028,86,232.891,13370.3125,61,960,10001,"[0, 100000]","[0, 100000]",0,0,2929,9863
yolov8x_training,898.254933,84,235.629,13370.3125,64,1005,10001,"[0, 100000]","[0, 100000]",0,0,2636,3710
yolov8x_training,899.298221,85,238.709,13370.3125,56,915,10001,"[0, 100000]","[0, 100000]",0,0,341,292
yolov8x_training,900.340871,84,236.433,13370.3125,57,945,10001,"[0, 100000]","[0, 100000]",0,0,341,292
yolov8x_training,901.383759,85,231.900,13370.3125,60,2400,10001,"[0, 100000]","[0, 100000]",0,0,3125,39062
yolov8x_training,902.449445,84,236.675,13370.3125,58,2325,10001,"[0, 100000]","[0, 100000]",0,0,6787,27539
yolov8x_training,903.492494,85,223.485,13370.3125,66,1245,10001,"[0, 100000]","[0, 100000]",0,0,3759,23291
yolov8x_training,904.535525,86,222.244,13370.3125,65,2250,10001,"[0, 100000]","[0, 100000]",0,0,2929,11230
yolov8x_training,905.578609,86,231.429,13370.3125,50,2565,10001,"[0, 100000]","[0, 100000]",0,0,2246,3222
yolov8x_training,906.621626,86,234.054,13370.3125,38,2505,10001,"[0, 100000]","[0, 100000]",0,0,341,292
yolov8x_training,907.664291,81,230.953,13370.3125,16,2505,10001,"[0, 100000]","[0, 100000]",0,0,2978,38964
yolov8x_training,908.729732,81,232.155,13370.3125,26,2505,10001,"[0, 100000]","[0, 100000]",0,0,15185,35644
yolov8x_training,909.772732,81,233.935,13370.3125,16,1252,10001,"[0, 100000]","[0, 100000]",0,0,4345,19531
yolov8x_training,910.815939,81,232.074,13370.3125,19,2340,10001,"[0, 100000]","[0, 100000]",0,0,2636,12402
yolov8x_training,911.859142,81,233.679,13370.3125,14,915,10001,"[0, 100000]","[0, 100000]",0,0,2636,27441
yolov8x_training,912.902540,81,230.087,13370.3125,18,915,10001,"[0, 100000]","[0, 100000]",0,0,390,292
yolov8x_training,913.945226,81,232.151,13370.3125,14,930,10001,"[0, 100000]","[0, 100000]",0,0,341,292
yolov8x_training,914.987908,81,235.648,13370.3125,24,915,10001,"[0, 100000]","[0, 100000]",0,0,88720,16357
yolov8x_training,916.031121,81,235.261,13370.3125,20,915,10001,"[0, 100000]","[0, 100000]",0,0,6396,100634
yolov8x_training,917.087922,81,232.748,13370.3125,18,930,10001,"[0, 100000]","[0, 100000]",0,0,5175,15966
yolov8x_training,918.131241,81,233.539,13370.3125,16,930,10001,"[0, 100000]","[0, 100000]",0,0,4394,16552
yolov8x_training,919.174256,86,233.010,13370.3125,25,915,10001,"[0, 100000]","[0, 100000]",0,0,3076,9228
yolov8x_training,920.217239,86,234.774,13370.3125,27,930,10001,"[0, 100000]","[0, 100000]",0,0,1269,390
yolov8x_training,921.260319,85,236.120,13370.3125,30,915,10001,"[0, 100000]","[0, 100000]",0,0,341,292
yolov8x_training,922.303097,86,231.147,13370.3125,25,915,10001,"[0, 100000]","[0, 100000]",0,0,6738,102783
yolov8x_training,923.367252,86,232.656,13370.3125,43,1215,10001,"[0, 100000]","[0, 100000]",0,0,4296,18554
yolov8x_training,924.410318,85,229.507,13370.3125,35,990,10001,"[0, 100000]","[0, 100000]",0,0,4394,18164
yolov8x_training,925.453323,85,230.166,13370.3125,52,990,10001,"[0, 100000]","[0, 100000]",0,0,2978,8691
yolov8x_training,926.496808,85,241.343,13370.3125,63,960,10001,"[0, 100000]","[0, 100000]",0,0,9130,63134
yolov8x_training,927.539718,85,232.116,13370.3125,41,1020,10001,"[0, 100000]","[0, 100000]",0,0,341,292
yolov8x_training,928.582301,85,244.736,13370.3125,42,2445,10001,"[0, 100000]","[0, 100000]",0,0,4150,35644
yolov8x_training,929.641860,85,243.809,13370.3125,85,1620,10001,"[0, 100000]","[0, 100000]",0,0,5322,16894
yolov8x_training,930.685225,84,237.453,13370.3125,95,1425,10001,"[0, 100000]","[0, 100000]",0,0,3320,21337
yolov8x_training,931.728229,86,229.817,13370.3125,84,1065,10001,"[0, 100000]","[0, 100000]",0,0,2832,12597
yolov8x_training,932.771138,87,229.520,13370.3125,76,1365,10001,"[0, 100000]","[0, 100000]",0,0,2197,8642
yolov8x_training,933.814356,86,234.348,13370.3125,78,1515,10001,"[0, 100000]","[0, 100000]",0,0,439,292
yolov8x_training,934.857024,86,239.472,13370.3125,80,1035,10001,"[0, 100000]","[0, 100000]",0,0,341,292
yolov8x_training,935.899593,86,232.118,13370.3125,72,2115,10001,"[0, 100000]","[0, 100000]",0,0,89160,20263
yolov8x_training,936.942791,86,232.995,13370.3125,73,1875,10001,"[0, 100000]","[0, 100000]",0,0,6835,102587
yolov8x_training,937.995907,86,224.249,13370.3125,71,1890,10001,"[0, 100000]","[0, 100000]",0,0,5419,17431
yolov8x_training,939.038934,86,232.334,13370.3125,75,2295,10001,"[0, 100000]","[0, 100000]",0,0,3027,14794
yolov8x_training,940.082325,84,219.746,13370.3125,83,2355,10001,"[0, 100000]","[0, 100000]",0,0,2392,10498
yolov8x_training,941.125710,86,219.029,13370.3125,89,1035,10001,"[0, 100000]","[0, 100000]",0,0,6054,90917
yolov8x_training,942.169617,85,235.081,13370.3125,93,2355,10001,"[0, 100000]","[0, 100000]",0,0,341,292
yolov8x_training,943.212289,84,220.540,13370.3125,90,2310,10001,"[0, 100000]","[0, 100000]",0,0,90332,28808
yolov8x_training,944.283382,84,219.453,13370.3125,90,2370,10001,"[0, 100000]","[0, 100000]",0,0,9619,30371
yolov8x_training,945.326438,83,222.915,13370.3125,94,1995,10001,"[0, 100000]","[0, 100000]",0,0,3662,19189
yolov8x_training,946.369395,83,232.612,13370.3125,95,945,10001,"[0, 100000]","[0, 100000]",0,0,2929,10693
yolov8x_training,947.412832,82,222.489,13370.3125,95,915,10001,"[0, 100000]","[0, 100000]",0,0,1806,341
yolov8x_training,948.455599,83,230.045,13370.3125,95,915,10001,"[0, 100000]","[0, 100000]",0,0,390,292
yolov8x_training,949.498254,83,234.008,13370.3125,95,915,10001,"[0, 100000]","[0, 100000]",0,0,341,292
yolov8x_training,950.540916,84,231.864,13370.3125,91,900,10001,"[0, 100000]","[0, 100000]",0,0,341,1039550
yolov8x_training,951.583715,85,230.875,13370.3125,74,1065,10001,"[0, 100000]","[0, 100000]",0,0,5078,102197
yolov8x_training,952.650731,85,237.446,13370.3125,76,945,10001,"[0, 100000]","[0, 100000]",0,0,3759,25439
yolov8x_training,953.693726,86,232.879,13370.3125,94,1020,10001,"[0, 100000]","[0, 100000]",0,0,4589,16210
yolov8x_training,954.736591,86,233.460,13370.3125,88,975,10001,"[0, 100000]","[0, 100000]",0,0,2636,9960
yolov8x_training,955.779720,86,233.634,13370.3125,84,990,10001,"[0, 100000]","[0, 100000]",0,0,6396,85693
yolov8x_training,956.823396,86,232.877,13370.3125,79,1050,10001,"[0, 100000]","[0, 100000]",0,0,341,292
yolov8x_training,957.865991,84,236.452,13370.3125,85,2040,10001,"[0, 100000]","[0, 100000]",0,0,90429,30810
yolov8x_training,958.940558,84,242.545,13370.3125,94,1890,10001,"[0, 100000]","[0, 100000]",0,0,4882,18847
yolov8x_training,959.984223,86,225.210,13370.3125,95,2550,10001,"[0, 100000]","[0, 100000]",0,0,4101,13134
yolov8x_training,961.027590,86,227.386,13370.3125,95,2565,10001,"[0, 100000]","[0, 100000]",0,0,2832,24804
yolov8x_training,962.071398,86,233.174,13370.3125,95,2595,10001,"[0, 100000]","[0, 100000]",0,0,292,292
yolov8x_training,963.114092,86,229.343,13370.3125,93,2610,10001,"[0, 100000]","[0, 100000]",0,0,292,1029248
yolov8x_training,964.156778,85,230.996,13370.3125,95,1320,10001,"[0, 100000]","[0, 100000]",0,0,90722,37109
yolov8x_training,965.237750,82,229.891,13370.3125,95,2625,10001,"[0, 100000]","[0, 100000]",0,0,15039,30566
yolov8x_training,966.281156,82,230.800,13370.3125,95,2655,10001,"[0, 100000]","[0, 100000]",0,0,3710,20996
yolov8x_training,967.325379,82,231.086,13370.3125,95,2640,10001,"[0, 100000]","[0, 100000]",0,0,2880,11376
yolov8x_training,968.368932,81,230.971,13370.3125,94,885,10001,"[0, 100000]","[0, 100000]",0,0,1904,830
yolov8x_training,969.411944,81,236.579,13370.3125,95,915,10001,"[0, 100000]","[0, 100000]",0,0,341,292
yolov8x_training,970.454572,81,228.934,13370.3125,94,915,10001,"[0, 100000]","[0, 100000]",0,0,341,1035693
yolov8x_training,971.497413,81,232.338,13370.3125,94,885,10001,"[0, 100000]","[0, 100000]",0,0,6982,101660
yolov8x_training,972.563790,82,233.601,13370.3125,94,930,10001,"[0, 100000]","[0, 100000]",0,0,8251,33642
yolov8x_training,973.606795,81,234.898,13370.3125,95,915,10001,"[0, 100000]","[0, 100000]",0,0,4541,18652
yolov8x_training,974.649992,81,228.334,13370.3125,95,915,10001,"[0, 100000]","[0, 100000]",0,0,3222,13330
yolov8x_training,975.693095,86,232.794,13370.3125,95,900,10001,"[0, 100000]","[0, 100000]",0,0,2294,41552
yolov8x_training,976.736251,86,235.763,13370.3125,95,915,10001,"[0, 100000]","[0, 100000]",0,0,292,292
yolov8x_training,977.778913,86,234.046,13370.3125,95,900,10001,"[0, 100000]","[0, 100000]",0,0,341,292
yolov8x_training,978.821529,84,234.060,13370.3125,95,900,10001,"[0, 100000]","[0, 100000]",0,0,292,1029833
yolov8x_training,979.864711,84,232.428,13370.3125,94,900,10001,"[0, 100000]","[0, 100000]",0,0,341,1041308
yolov8x_training,980.907880,86,228.832,13370.3125,80,2325,10001,"[0, 100000]","[0, 100000]",0,0,3515,34765
yolov8x_training,981.999970,84,232.788,13370.3125,70,1365,10001,"[0, 100000]","[0, 100000]",0,0,15087,27880
yolov8x_training,983.042989,81,216.820,13370.3125,38,1065,10001,"[0, 100000]","[0, 100000]",0,0,292,292
yolov8x_training,984.086295,85,201.290,13370.3125,0,1905,10001,"[0, 100000]","[0, 100000]",0,0,6103,29541
yolov8x_training,985.129468,85,185.421,13370.3125,76,2655,10001,"[0, 100000]","[0, 100000]",0,0,488,292
yolov8x_training,986.172436,80,212.499,13370.3125,100,1575,10001,"[0, 100000]","[0, 100000]",0,0,292,1033935
yolov8x_training,987.215370,84,212.254,13370.3125,76,2310,10001,"[0, 100000]","[0, 100000]",0,0,292,1037451
yolov8x_training,988.258067,80,217.787,13370.3125,65,930,10001,"[0, 100000]","[0, 100000]",0,0,3613,13769
yolov8x_training,989.301373,85,203.391,13370.3125,10,2535,10001,"[0, 100000]","[0, 100000]",0,0,341,292
yolov8x_training,990.349650,83,181.719,13370.3125,88,2580,10001,"[0, 100000]","[0, 100000]",0,0,13769,35595
yolov8x_training,991.393053,85,218.569,13370.3125,94,990,10001,"[0, 100000]","[0, 100000]",0,0,4736,18603
yolov8x_training,992.435965,85,217.844,13370.3125,95,1275,10001,"[0, 100000]","[0, 100000]",0,0,4003,17236
yolov8x_training,993.478956,85,234.772,13370.3125,94,1005,10001,"[0, 100000]","[0, 100000]",0,0,2783,10400
yolov8x_training,994.521784,86,233.746,13370.3125,78,1380,10001,"[0, 100000]","[0, 100000]",0,0,2539,3222
yolov8x_training,995.564650,86,229.425,13370.3125,73,2385,10001,"[0, 100000]","[0, 100000]",0,0,634,341
yolov8x_training,996.607848,85,232.485,13370.3125,68,2505,10001,"[0, 100000]","[0, 100000]",0,0,292,292
yolov8x_training,997.650727,84,236.792,13370.3125,57,2505,10001,"[0, 100000]","[0, 100000]",0,0,292,1029248
yolov8x_training,998.693611,83,234.151,13370.3125,44,2565,10001,"[0, 100000]","[0, 100000]",0,0,3906,34667
yolov8x_training,999.765666,84,235.390,13370.3125,32,1275,10001,"[0, 100000]","[0, 100000]",0,0,15185,32519
yolov8x_training,1000.808625,84,227.562,13370.3125,35,2535,10001,"[0, 100000]","[0, 100000]",0,0,5029,17626
yolov8x_training,1001.852113,84,233.777,13370.3125,23,2520,10001,"[0, 100000]","[0, 100000]",0,0,4052,14746
yolov8x_training,1002.895042,84,235.322,13370.3125,14,1005,10001,"[0, 100000]","[0, 100000]",0,0,2832,11425
yolov8x_training,1003.938145,85,232.456,13370.3125,20,1065,10001,"[0, 100000]","[0, 100000]",0,0,2587,3662
yolov8x_training,1004.981095,85,233.580,13370.3125,10,1320,10001,"[0, 100000]","[0, 100000]",0,0,927,292
yolov8x_training,1006.023837,85,234.762,13370.3125,24,1635,10001,"[0, 100000]","[0, 100000]",0,0,341,292
yolov8x_training,1007.066455,85,236.218,13370.3125,30,1275,10001,"[0, 100000]","[0, 100000]",0,0,89013,17089
yolov8x_training,1008.109883,85,232.743,13370.3125,34,1605,10001,"[0, 100000]","[0, 100000]",0,0,6201,102441
yolov8x_training,1009.170545,85,234.645,13370.3125,41,1350,10001,"[0, 100000]","[0, 100000]",0,0,3417,27490
yolov8x_training,1010.213480,81,233.102,13370.3125,59,1005,10001,"[0, 100000]","[0, 100000]",0,0,4785,19238
yolov8x_training,1011.257075,81,234.748,13370.3125,81,975,10001,"[0, 100000]","[0, 100000]",0,0,4052,17382
yolov8x_training,1012.301003,81,232.834,13370.3125,82,1125,10001,"[0, 100000]","[0, 100000]",0,0,2880,11279
yolov8x_training,1013.344004,81,232.785,13370.3125,92,1395,10001,"[0, 100000]","[0, 100000]",0,0,2490,5224
yolov8x_training,1014.387086,81,232.677,13370.3125,99,915,10001,"[0, 100000]","[0, 100000]",0,0,585,341
yolov8x_training,1015.429830,81,232.406,13370.3125,100,885,10001,"[0, 100000]","[0, 100000]",0,0,341,292
yolov8x_training,1016.472477,82,233.509,13370.3125,100,900,10001,"[0, 100000]","[0, 100000]",0,0,341,1034423
yolov8x_training,1017.515143,82,230.462,13370.3125,100,900,10001,"[0, 100000]","[0, 100000]",0,0,6445,102148
yolov8x_training,1018.587366,83,226.686,13370.3125,100,900,10001,"[0, 100000]","[0, 100000]",0,0,4296,21142
yolov8x_training,1019.630648,83,233.930,13370.3125,100,930,10001,"[0, 100000]","[0, 100000]",0,0,3564,26513
yolov8x_training,1020.674232,86,231.322,13370.3125,100,930,10001,"[0, 100000]","[0, 100000]",0,0,4101,14599
yolov8x_training,1021.717295,85,230.637,13370.3125,100,900,10001,"[0, 100000]","[0, 100000]",0,0,2636,11279
yolov8x_training,1022.760345,86,231.930,13370.3125,96,945,10001,"[0, 100000]","[0, 100000]",0,0,2392,1513
yolov8x_training,1023.804112,86,234.886,13370.3125,100,885,10001,"[0, 100000]","[0, 100000]",0,0,537,292
yolov8x_training,1024.846858,85,234.523,13370.3125,95,915,10001,"[0, 100000]","[0, 100000]",0,0,341,292
yolov8x_training,1025.889484,84,231.678,13370.3125,95,2100,10001,"[0, 100000]","[0, 100000]",0,0,292,1034521
yolov8x_training,1026.932109,82,233.834,13370.3125,95,1920,10001,"[0, 100000]","[0, 100000]",0,0,6201,102490
yolov8x_training,1028.003994,81,223.916,13370.3125,95,1770,10001,"[0, 100000]","[0, 100000]",0,0,6787,30126
yolov8x_training,1029.047074,81,222.729,13370.3125,94,1035,10001,"[0, 100000]","[0, 100000]",0,0,3613,26367
yolov8x_training,1030.090799,81,218.816,13370.3125,95,1200,10001,"[0, 100000]","[0, 100000]",0,0,4003,12939
yolov8x_training,1031.133772,81,220.868,13370.3125,95,1245,10001,"[0, 100000]","[0, 100000]",0,0,2490,7421
yolov8x_training,1032.176709,85,227.763,13370.3125,95,1020,10001,"[0, 100000]","[0, 100000]",0,0,1171,292
yolov8x_training,1033.219519,86,219.366,13370.3125,94,975,10001,"[0, 100000]","[0, 100000]",0,0,341,292
yolov8x_training,1034.262135,86,220.968,13370.3125,79,975,10001,"[0, 100000]","[0, 100000]",0,0,341,107031
yolov8x_training,1035.304810,86,220.402,13370.3125,79,945,10001,"[0, 100000]","[0, 100000]",0,0,88964,18359
yolov8x_training,1036.347593,86,222.974,13370.3125,67,915,10001,"[0, 100000]","[0, 100000]",0,0,6103,102197
yolov8x_training,1037.408681,85,224.727,13370.3125,60,1860,10001,"[0, 100000]","[0, 100000]",0,0,5712,28222
yolov8x_training,1038.451662,84,227.804,13370.3125,47,2505,10001,"[0, 100000]","[0, 100000]",0,0,3222,26416
yolov8x_training,1039.494766,84,234.366,13370.3125,47,2535,10001,"[0, 100000]","[0, 100000]",0,0,4052,13378
yolov8x_training,1040.537609,85,230.764,13370.3125,31,2640,10001,"[0, 100000]","[0, 100000]",0,0,2832,10546
yolov8x_training,1041.580478,86,236.397,13370.3125,15,1290,10001,"[0, 100000]","[0, 100000]",0,0,2539,3466
yolov8x_training,1042.623515,86,234.016,13370.3125,9,2460,10001,"[0, 100000]","[0, 100000]",0,0,1074,292
yolov8x_training,1043.666208,81,219.416,13370.3125,14,1035,10001,"[0, 100000]","[0, 100000]",0,0,1953,2099
yolov8x_training,1044.709051,86,223.398,13370.3125,67,1140,10001,"[0, 100000]","[0, 100000]",0,0,292,341
yolov8x_training,1045.751683,86,222.291,13370.3125,66,1065,10001,"[0, 100000]","[0, 100000]",0,0,89990,26708
yolov8x_training,1046.834784,86,223.451,13370.3125,67,1005,10001,"[0, 100000]","[0, 100000]",0,0,15039,31298
yolov8x_training,1047.877964,85,220.855,13370.3125,60,1050,10001,"[0, 100000]","[0, 100000]",0,0,3710,25244
yolov8x_training,1048.921060,86,223.996,13370.3125,68,1320,10001,"[0, 100000]","[0, 100000]",0,0,2880,13134
yolov8x_training,1049.964143,85,224.882,13370.3125,62,1275,10001,"[0, 100000]","[0, 100000]",0,0,2197,61865
yolov8x_training,1051.007022,85,236.872,13370.3125,60,1215,10001,"[0, 100000]","[0, 100000]",0,0,292,292
yolov8x_training,1052.049624,85,231.988,13370.3125,42,1305,10001,"[0, 100000]","[0, 100000]",0,0,292,1036083
yolov8x_training,1053.092570,85,236.618,13370.3125,44,1230,10001,"[0, 100000]","[0, 100000]",0,0,6347,102246
yolov8x_training,1054.163208,85,236.240,13370.3125,54,1125,10001,"[0, 100000]","[0, 100000]",0,0,6347,26611
yolov8x_training,1055.206269,83,235.532,13370.3125,37,1065,10001,"[0, 100000]","[0, 100000]",0,0,4492,15136
yolov8x_training,1056.249130,84,235.299,13370.3125,35,1065,10001,"[0, 100000]","[0, 100000]",0,0,2685,11767
yolov8x_training,1057.293020,84,231.517,13370.3125,32,1035,10001,"[0, 100000]","[0, 100000]",0,0,1171,292
yolov8x_training,1058.335953,84,234.849,13370.3125,36,930,10001,"[0, 100000]","[0, 100000]",0,0,292,341
yolov8x_training,1059.378530,86,235.350,13370.3125,19,930,10001,"[0, 100000]","[0, 100000]",0,0,89794,24365
yolov8x_training,1060.454572,86,234.819,13370.3125,27,2655,10001,"[0, 100000]","[0, 100000]",0,0,4736,17285
yolov8x_training,1061.497473,86,238.002,13370.3125,25,2655,10001,"[0, 100000]","[0, 100000]",0,0,3369,13525
yolov8x_training,1062.540964,86,240.306,13370.3125,24,1290,10001,"[0, 100000]","[0, 100000]",0,0,2490,9863
yolov8x_training,1063.583966,84,237.310,13370.3125,37,1290,10001,"[0, 100000]","[0, 100000]",0,0,1171,292
yolov8x_training,1064.626863,83,241.215,13370.3125,40,1275,10001,"[0, 100000]","[0, 100000]",0,0,341,292
yolov8x_training,1065.669590,84,238.268,13370.3125,39,1410,10001,"[0, 100000]","[0, 100000]",0,0,3906,33886
yolov8x_training,1066.730734,82,244.000,13370.3125,41,2595,10001,"[0, 100000]","[0, 100000]",0,0,5273,16943
yolov8x_training,1067.773796,82,242.030,13370.3125,72,1020,10001,"[0, 100000]","[0, 100000]",0,0,4052,22656
yolov8x_training,1068.816959,82,237.678,13370.3125,73,1020,10001,"[0, 100000]","[0, 100000]",0,0,2832,8691
yolov8x_training,1069.859944,82,234.120,13370.3125,75,960,10001,"[0, 100000]","[0, 100000]",0,0,4980,101660
yolov8x_training,1070.903553,82,235.476,13370.3125,66,975,10001,"[0, 100000]","[0, 100000]",0,0,292,292
yolov8x_training,1071.946197,82,235.994,13370.3125,79,975,10001,"[0, 100000]","[0, 100000]",0,0,89013,18994
yolov8x_training,1072.989608,82,222.669,13370.3125,75,930,10001,"[0, 100000]","[0, 100000]",0,0,5078,102929
yolov8x_training,1074.064864,86,226.903,13370.3125,69,990,10001,"[0, 100000]","[0, 100000]",0,0,4833,15673
yolov8x_training,1075.107902,85,222.959,13370.3125,76,975,10001,"[0, 100000]","[0, 100000]",0,0,3369,13183
yolov8x_training,1076.150766,86,223.094,13370.3125,72,960,10001,"[0, 100000]","[0, 100000]",0,0,2636,10839
yolov8x_training,1077.193658,85,224.038,13370.3125,64,915,10001,"[0, 100000]","[0, 100000]",0,0,2246,2441
yolov8x_training,1078.236723,85,226.793,13370.3125,52,945,10001,"[0, 100000]","[0, 100000]",0,0,341,292
yolov8x_training,1079.279370,85,225.972,13370.3125,52,885,10001,"[0, 100000]","[0, 100000]",0,0,341,292
yolov8x_training,1080.322241,85,226.727,13370.3125,33,885,10001,"[0, 100000]","[0, 100000]",0,0,89208,20556
yolov8x_training,1081.365628,86,231.138,13370.3125,25,915,10001,"[0, 100000]","[0, 100000]",0,0,6591,103417
yolov8x_training,1082.434313,85,233.867,13370.3125,8,2640,10001,"[0, 100000]","[0, 100000]",0,0,14355,30761
yolov8x_training,1083.477451,86,231.336,13370.3125,16,2625,10001,"[0, 100000]","[0, 100000]",0,0,4296,15576
yolov8x_training,1084.520460,86,229.069,13370.3125,29,2340,10001,"[0, 100000]","[0, 100000]",0,0,4150,19726
yolov8x_training,1085.563885,84,224.281,13370.3125,62,1905,10001,"[0, 100000]","[0, 100000]",0,0,3417,14453
yolov8x_training,1086.606892,83,230.383,13370.3125,71,1785,10001,"[0, 100000]","[0, 100000]",0,0,2783,10546
yolov8x_training,1087.649997,84,220.130,13370.3125,57,1770,10001,"[0, 100000]","[0, 100000]",0,0,2197,3271
yolov8x_training,1088.693061,84,218.869,13370.3125,82,1050,10001,"[0, 100000]","[0, 100000]",0,0,7031,75195
yolov8x_training,1089.815889,86,219.885,13370.3125,94,900,10001,"[0, 100000]","[0, 100000]",0,0,341,341
yolov8x_training,1090.858615,85,231.463,13370.3125,96,1080,10001,"[0, 100000]","[0, 100000]",0,0,341,341
yolov8x_training,1091.901267,86,234.519,13370.3125,96,1035,10001,"[0, 100000]","[0, 100000]",0,0,292,1034521
yolov8x_training,1092.943950,84,235.992,13370.3125,95,1155,10001,"[0, 100000]","[0, 100000]",0,0,90332,29199
yolov8x_training,1094.018277,85,220.664,13370.3125,83,1215,10001,"[0, 100000]","[0, 100000]",0,0,4931,16943
yolov8x_training,1095.061524,85,220.500,13370.3125,95,1245,10001,"[0, 100000]","[0, 100000]",0,0,4443,17431
yolov8x_training,1096.104319,86,220.519,13370.3125,83,975,10001,"[0, 100000]","[0, 100000]",0,0,3125,14941
yolov8x_training,1097.147390,86,223.108,13370.3125,63,990,10001,"[0, 100000]","[0, 100000]",0,0,2929,9326
yolov8x_training,1098.190973,85,222.351,13370.3125,65,900,10001,"[0, 100000]","[0, 100000]",0,0,1953,125488
yolov8x_training,1099.233873,85,226.460,13370.3125,56,885,10001,"[0, 100000]","[0, 100000]",0,0,341,292
yolov8x_training,1100.276548,85,227.421,13370.3125,30,885,10001,"[0, 100000]","[0, 100000]",0,0,341,292
yolov8x_training,1101.319207,85,232.666,13370.3125,10,930,10001,"[0, 100000]","[0, 100000]",0,0,341,292
yolov8x_training,1102.361866,86,231.739,13370.3125,16,915,10001,"[0, 100000]","[0, 100000]",0,0,89013,18701
yolov8x_training,1103.405273,85,233.474,13370.3125,22,2640,10001,"[0, 100000]","[0, 100000]",0,0,6201,103125
yolov8x_training,1104.470422,86,231.684,13370.3125,47,2505,10001,"[0, 100000]","[0, 100000]",0,0,15380,31298
yolov8x_training,1105.513794,84,226.916,13370.3125,60,2340,10001,"[0, 100000]","[0, 100000]",0,0,5761,16503
yolov8x_training,1106.556997,83,218.829,13370.3125,62,2115,10001,"[0, 100000]","[0, 100000]",0,0,3955,17041
yolov8x_training,1107.599932,86,218.814,13370.3125,86,1905,10001,"[0, 100000]","[0, 100000]",0,0,3076,14355
yolov8x_training,1108.642884,86,221.725,13370.3125,100,990,10001,"[0, 100000]","[0, 100000]",0,0,2685,12255
yolov8x_training,1109.685777,84,231.646,13370.3125,100,945,10001,"[0, 100000]","[0, 100000]",0,0,2343,7861
yolov8x_training,1110.728952,86,228.308,13370.3125,100,945,10001,"[0, 100000]","[0, 100000]",0,0,1562,341
yolov8x_training,1111.772087,85,227.097,13370.3125,100,900,10001,"[0, 100000]","[0, 100000]",0,0,390,292
yolov8x_training,1112.814876,86,229.550,13370.3125,95,915,10001,"[0, 100000]","[0, 100000]",0,0,292,292
yolov8x_training,1113.857457,86,233.570,13370.3125,96,900,10001,"[0, 100000]","[0, 100000]",0,0,3320,35498
yolov8x_training,1114.934323,85,233.524,13370.3125,97,1252,10001,"[0, 100000]","[0, 100000]",0,0,15283,28515
yolov8x_training,1115.977214,86,232.812,13370.3125,95,2505,10001,"[0, 100000]","[0, 100000]",0,0,4833,14794
yolov8x_training,1117.021190,86,229.751,13370.3125,95,2490,10001,"[0, 100000]","[0, 100000]",0,0,3417,13281
yolov8x_training,1118.064928,86,231.878,13370.3125,95,2430,10001,"[0, 100000]","[0, 100000]",0,0,2734,10546
yolov8x_training,1119.107962,86,227.000,13370.3125,95,1905,10001,"[0, 100000]","[0, 100000]",0,0,2587,3417
yolov8x_training,1120.151072,85,217.880,13370.3125,95,2025,10001,"[0, 100000]","[0, 100000]",0,0,1757,292
yolov8x_training,1121.194175,84,231.508,13370.3125,95,2070,10001,"[0, 100000]","[0, 100000]",0,0,341,292
yolov8x_training,1122.236801,85,219.518,13370.3125,95,1140,10001,"[0, 100000]","[0, 100000]",0,0,292,1037548
yolov8x_training,1123.279852,85,220.928,13370.3125,77,1335,10001,"[0, 100000]","[0, 100000]",0,0,82275,36523
yolov8x_training,1124.375515,85,222.676,13370.3125,60,1170,10001,"[0, 100000]","[0, 100000]",0,0,15332,27978
yolov8x_training,1125.418519,86,222.907,13370.3125,49,1260,10001,"[0, 100000]","[0, 100000]",0,0,2783,22216
yolov8x_training,1126.461474,85,229.955,13370.3125,57,1050,10001,"[0, 100000]","[0, 100000]",0,0,2832,12792
yolov8x_training,1127.504472,85,234.078,13370.3125,44,1005,10001,"[0, 100000]","[0, 100000]",0,0,2539,10937
yolov8x_training,1128.547521,86,237.225,13370.3125,24,2655,10001,"[0, 100000]","[0, 100000]",0,0,2050,1367
yolov8x_training,1129.590494,85,236.554,13370.3125,26,2520,10001,"[0, 100000]","[0, 100000]",0,0,390,292
yolov8x_training,1130.633194,86,233.081,13370.3125,12,2655,10001,"[0, 100000]","[0, 100000]",0,0,341,292
yolov8x_training,1131.675922,85,234.613,13370.3125,17,1327,10001,"[0, 100000]","[0, 100000]",0,0,341,1039843
yolov8x_training,1132.718711,82,229.647,13370.3125,35,2550,10001,"[0, 100000]","[0, 100000]",0,0,4443,102294
yolov8x_training,1133.797065,82,229.356,13370.3125,23,2160,10001,"[0, 100000]","[0, 100000]",0,0,15087,28564
yolov8x_training,1134.840266,83,221.580,13370.3125,52,2415,10001,"[0, 100000]","[0, 100000]",0,0,4443,15283
yolov8x_training,1135.883444,84,228.570,13370.3125,75,2130,10001,"[0, 100000]","[0, 100000]",0,0,4150,19775
yolov8x_training,1136.927742,85,220.073,13370.3125,99,1275,10001,"[0, 100000]","[0, 100000]",0,0,3222,14990
yolov8x_training,1137.970664,85,223.731,13370.3125,100,1020,10001,"[0, 100000]","[0, 100000]",0,0,3027,10058
yolov8x_training,1139.013999,85,235.016,13370.3125,100,1305,10001,"[0, 100000]","[0, 100000]",0,0,2392,4492
yolov8x_training,1140.057064,86,232.362,13370.3125,100,1080,10001,"[0, 100000]","[0, 100000]",0,0,19628,683
yolov8x_training,1141.099845,86,227.015,13370.3125,97,2505,10001,"[0, 100000]","[0, 100000]",0,0,390,292
yolov8x_training,1142.142524,86,232.781,13370.3125,96,2505,10001,"[0, 100000]","[0, 100000]",0,0,341,292
yolov8x_training,1143.185163,86,232.865,13370.3125,95,2505,10001,"[0, 100000]","[0, 100000]",0,0,88964,19775
yolov8x_training,1144.228247,81,231.642,13370.3125,94,2505,10001,"[0, 100000]","[0, 100000]",0,0,3857,34716
yolov8x_training,1145.290914,83,221.833,13370.3125,94,2445,10001,"[0, 100000]","[0, 100000]",0,0,15087,28955
yolov8x_training,1146.333889,83,232.144,13370.3125,94,1800,10001,"[0, 100000]","[0, 100000]",0,0,4638,17871
yolov8x_training,1147.376898,84,219.351,13370.3125,83,2175,10001,"[0, 100000]","[0, 100000]",0,0,4296,19433
yolov8x_training,1148.420111,84,229.208,13370.3125,85,1140,10001,"[0, 100000]","[0, 100000]",0,0,2685,12744
yolov8x_training,1149.463079,85,222.574,13370.3125,77,1095,10001,"[0, 100000]","[0, 100000]",0,0,2441,9765
yolov8x_training,1150.506181,85,231.589,13370.3125,52,1305,10001,"[0, 100000]","[0, 100000]",0,0,1855,683
yolov8x_training,1151.549110,86,237.169,13370.3125,44,915,10001,"[0, 100000]","[0, 100000]",0,0,488,341
yolov8x_training,1152.591829,85,230.035,13370.3125,34,1995,10001,"[0, 100000]","[0, 100000]",0,0,341,341
yolov8x_training,1153.634446,85,235.550,13370.3125,34,1035,10001,"[0, 100000]","[0, 100000]",0,0,341,292
yolov8x_training,1154.677105,86,235.474,13370.3125,14,1515,10001,"[0, 100000]","[0, 100000]",0,0,75830,37646
yolov8x_training,1155.769938,82,229.698,13370.3125,25,2655,10001,"[0, 100000]","[0, 100000]",0,0,15332,28906
yolov8x_training,1156.812896,82,226.842,13370.3125,31,2370,10001,"[0, 100000]","[0, 100000]",0,0,3515,26171
yolov8x_training,1157.856527,82,228.570,13370.3125,35,1320,10001,"[0, 100000]","[0, 100000]",0,0,3955,17285
yolov8x_training,1158.899822,83,228.752,13370.3125,62,900,10001,"[0, 100000]","[0, 100000]",0,0,3125,9326
yolov8x_training,1159.942857,83,220.533,13370.3125,70,930,10001,"[0, 100000]","[0, 100000]",0,0,2343,3417
yolov8x_training,1160.986169,85,219.115,13370.3125,62,1050,10001,"[0, 100000]","[0, 100000]",0,0,1855,292
yolov8x_training,1162.029258,85,232.632,13370.3125,93,1035,10001,"[0, 100000]","[0, 100000]",0,0,341,292
yolov8x_training,1163.071903,84,231.544,13370.3125,91,1215,10001,"[0, 100000]","[0, 100000]",0,0,341,341
yolov8x_training,1164.114538,85,233.375,13370.3125,100,1155,10001,"[0, 100000]","[0, 100000]",0,0,89013,18164
yolov8x_training,1165.158084,85,226.516,13370.3125,100,975,10001,"[0, 100000]","[0, 100000]",0,0,3808,34814
yolov8x_training,1166.238431,81,235.231,13370.3125,96,1395,10001,"[0, 100000]","[0, 100000]",0,0,15527,29785
yolov8x_training,1167.281709,81,232.255,13370.3125,100,1080,10001,"[0, 100000]","[0, 100000]",0,0,4394,16357
yolov8x_training,1168.324726,81,232.338,13370.3125,96,2505,10001,"[0, 100000]","[0, 100000]",0,0,3417,14013
yolov8x_training,1169.367920,81,230.682,13370.3125,96,2505,10001,"[0, 100000]","[0, 100000]",0,0,2490,10937
yolov8x_training,1170.411137,81,232.260,13370.3125,95,900,10001,"[0, 100000]","[0, 100000]",0,0,1025,292
yolov8x_training,1171.454144,81,235.314,13370.3125,96,900,10001,"[0, 100000]","[0, 100000]",0,0,341,292
yolov8x_training,1172.496742,82,230.542,13370.3125,95,900,10001,"[0, 100000]","[0, 100000]",0,0,390,1030273
yolov8x_training,1173.539583,82,233.537,13370.3125,96,915,10001,"[0, 100000]","[0, 100000]",0,0,3320,35644
yolov8x_training,1174.602130,82,236.232,13370.3125,96,930,10001,"[0, 100000]","[0, 100000]",0,0,15136,27294
yolov8x_training,1175.645060,81,235.888,13370.3125,94,900,10001,"[0, 100000]","[0, 100000]",0,0,3417,25878
yolov8x_training,1176.688729,82,232.374,13370.3125,94,900,10001,"[0, 100000]","[0, 100000]",0,0,3955,17382
yolov8x_training,1177.732206,86,232.749,13370.3125,93,915,10001,"[0, 100000]","[0, 100000]",0,0,2392,11035
yolov8x_training,1178.775054,86,234.600,13370.3125,98,915,10001,"[0, 100000]","[0, 100000]",0,0,927,292
yolov8x_training,1179.817776,85,228.532,13370.3125,98,900,10001,"[0, 100000]","[0, 100000]",0,0,341,292
yolov8x_training,1180.860373,84,236.243,13370.3125,97,900,10001,"[0, 100000]","[0, 100000]",0,0,341,1031005
yolov8x_training,1181.902935,85,231.018,13370.3125,98,1162,10001,"[0, 100000]","[0, 100000]",0,0,3759,35351
yolov8x_training,1182.965510,86,232.446,13370.3125,97,2625,10001,"[0, 100000]","[0, 100000]",0,0,5419,16992
yolov8x_training,1184.008527,84,222.541,13370.3125,97,2310,10001,"[0, 100000]","[0, 100000]",0,0,4638,16357
yolov8x_training,1185.051384,85,224.874,13370.3125,96,2505,10001,"[0, 100000]","[0, 100000]",0,0,2832,11621
yolov8x_training,1186.094356,86,224.403,13370.3125,98,2505,10001,"[0, 100000]","[0, 100000]",0,0,2294,3271
yolov8x_training,1187.137331,85,224.706,13370.3125,97,2490,10001,"[0, 100000]","[0, 100000]",0,0,341,292
yolov8x_training,1188.179927,85,226.639,13370.3125,98,2505,10001,"[0, 100000]","[0, 100000]",0,0,341,292
yolov8x_training,1189.222517,83,223.612,13370.3125,98,2505,10001,"[0, 100000]","[0, 100000]",0,0,3320,35351
yolov8x_training,1190.301990,84,220.430,13370.3125,98,2505,10001,"[0, 100000]","[0, 100000]",0,0,15087,31152
yolov8x_training,1191.344919,84,217.907,13370.3125,97,2565,10001,"[0, 100000]","[0, 100000]",0,0,3515,17871
yolov8x_training,1192.387900,84,219.344,13370.3125,97,2535,10001,"[0, 100000]","[0, 100000]",0,0,2929,14697
yolov8x_training,1193.430997,84,232.298,13370.3125,96,885,10001,"[0, 100000]","[0, 100000]",0,0,2392,7910
yolov8x_training,1194.474101,85,221.169,13370.3125,86,885,10001,"[0, 100000]","[0, 100000]",0,0,2001,830
yolov8x_training,1195.517009,85,236.061,13370.3125,94,885,10001,"[0, 100000]","[0, 100000]",0,0,341,292
yolov8x_training,1196.559638,85,236.451,13370.3125,85,900,10001,"[0, 100000]","[0, 100000]",0,0,341,1040722
yolov8x_training,1197.621251,85,235.280,13370.3125,87,900,10001,"[0, 100000]","[0, 100000]",0,0,15185,32080
yolov8x_training,1198.664204,85,233.435,13370.3125,98,930,10001,"[0, 100000]","[0, 100000]",0,0,3662,22460
yolov8x_training,1199.707201,86,240.181,13370.3125,98,885,10001,"[0, 100000]","[0, 100000]",0,0,2783,10595
yolov8x_training,1200.750282,86,240.404,13370.3125,98,915,10001,"[0, 100000]","[0, 100000]",0,0,1171,292
yolov8x_training,1201.793044,86,220.795,13370.3125,100,900,10001,"[0, 100000]","[0, 100000]",0,0,341,292
yolov8x_training,1202.835636,86,235.409,13370.3125,100,870,10001,"[0, 100000]","[0, 100000]",0,0,89550,20947
yolov8x_training,1203.878708,86,225.236,13370.3125,99,900,10001,"[0, 100000]","[0, 100000]",0,0,6250,103955
yolov8x_training,1204.938552,86,223.442,13370.3125,94,1020,10001,"[0, 100000]","[0, 100000]",0,0,3515,21386
yolov8x_training,1205.981766,86,236.156,13370.3125,83,1080,10001,"[0, 100000]","[0, 100000]",0,0,3125,11865
yolov8x_training,1207.024626,86,238.997,13370.3125,84,900,10001,"[0, 100000]","[0, 100000]",0,0,2246,82519
yolov8x_training,1208.068598,86,236.526,13370.3125,70,2115,10001,"[0, 100000]","[0, 100000]",0,0,341,341
yolov8x_training,1209.111418,86,234.271,13370.3125,80,975,10001,"[0, 100000]","[0, 100000]",0,0,341,244
yolov8x_training,1210.154082,86,234.188,13370.3125,84,1590,10001,"[0, 100000]","[0, 100000]",0,0,89208,20312
yolov8x_training,1211.220197,81,244.931,13370.3125,65,1110,10001,"[0, 100000]","[0, 100000]",0,0,15332,28662
yolov8x_training,1212.263682,81,232.886,13370.3125,45,2505,10001,"[0, 100000]","[0, 100000]",0,0,4541,17675
yolov8x_training,1213.306849,81,237.680,13370.3125,62,1035,10001,"[0, 100000]","[0, 100000]",0,0,2783,12255
yolov8x_training,1214.349856,81,235.605,13370.3125,64,990,10001,"[0, 100000]","[0, 100000]",0,0,2343,5957
yolov8x_training,1215.393077,81,235.882,13370.3125,79,1005,10001,"[0, 100000]","[0, 100000]",0,0,781,292
yolov8x_training,1216.436335,81,236.098,13370.3125,78,915,10001,"[0, 100000]","[0, 100000]",0,0,341,292
yolov8x_training,1217.479101,81,234.825,13370.3125,86,915,10001,"[0, 100000]","[0, 100000]",0,0,390,1041406
yolov8x_training,1218.522206,82,219.067,13370.3125,100,900,10001,"[0, 100000]","[0, 100000]",0,0,4150,104833
yolov8x_training,1219.597995,82,223.734,13370.3125,100,885,10001,"[0, 100000]","[0, 100000]",0,0,4345,20849
yolov8x_training,1220.641352,82,224.284,13370.3125,100,915,10001,"[0, 100000]","[0, 100000]",0,0,2734,22363
yolov8x_training,1221.684175,82,229.434,13370.3125,100,885,10001,"[0, 100000]","[0, 100000]",0,0,2734,12451
yolov8x_training,1222.727119,86,230.835,13370.3125,100,915,10001,"[0, 100000]","[0, 100000]",0,0,2490,3417
yolov8x_training,1223.769973,86,223.640,13370.3125,100,930,10001,"[0, 100000]","[0, 100000]",0,0,927,292
yolov8x_training,1224.812715,85,224.550,13370.3125,100,915,10001,"[0, 100000]","[0, 100000]",0,0,292,292
yolov8x_training,1225.855334,87,228.884,13370.3125,100,930,10001,"[0, 100000]","[0, 100000]",0,0,390,974804
yolov8x_training,1226.923386,86,229.867,13370.3125,100,1275,10001,"[0, 100000]","[0, 100000]",0,0,15283,27880
yolov8x_training,1227.966522,84,226.768,13370.3125,100,2505,10001,"[0, 100000]","[0, 100000]",0,0,4492,20117
yolov8x_training,1229.009940,86,234.389,13370.3125,100,2625,10001,"[0, 100000]","[0, 100000]",0,0,3710,25048
yolov8x_training,1230.053001,86,236.155,13370.3125,100,2580,10001,"[0, 100000]","[0, 100000]",0,0,3955,13330
yolov8x_training,1231.095738,86,234.424,13370.3125,98,2520,10001,"[0, 100000]","[0, 100000]",0,0,2685,10693
yolov8x_training,1232.138846,86,231.007,13370.3125,100,2160,10001,"[0, 100000]","[0, 100000]",0,0,1464,292
yolov8x_training,1233.181714,86,234.488,13370.3125,100,2475,10001,"[0, 100000]","[0, 100000]",0,0,341,292
yolov8x_training,1234.224480,86,231.107,13370.3125,95,2430,10001,"[0, 100000]","[0, 100000]",0,0,341,292
yolov8x_training,1235.267204,85,235.332,13370.3125,94,1350,10001,"[0, 100000]","[0, 100000]",0,0,89648,21289
yolov8x_training,1236.322185,85,234.496,13370.3125,95,2475,10001,"[0, 100000]","[0, 100000]",0,0,14990,28808
yolov8x_training,1237.365118,85,228.517,13370.3125,95,2280,10001,"[0, 100000]","[0, 100000]",0,0,5468,18505
yolov8x_training,1238.408283,86,223.771,13370.3125,95,802,10001,"[0, 100000]","[0, 100000]",0,0,3613,26123
yolov8x_training,1239.452041,86,224.366,13370.3125,94,1005,10001,"[0, 100000]","[0, 100000]",0,0,4052,15917
yolov8x_training,1240.495465,86,231.622,13370.3125,92,1005,10001,"[0, 100000]","[0, 100000]",0,0,2978,11376
yolov8x_training,1241.539024,86,233.506,13370.3125,79,2130,10001,"[0, 100000]","[0, 100000]",0,0,2294,3076
yolov8x_training,1242.581826,86,235.212,13370.3125,78,945,10001,"[0, 100000]","[0, 100000]",0,0,341,341
yolov8x_training,1243.624451,86,235.156,13370.3125,94,945,10001,"[0, 100000]","[0, 100000]",0,0,341,292
yolov8x_training,1244.667025,86,219.836,13370.3125,95,2655,10001,"[0, 100000]","[0, 100000]",0,0,12109,292
yolov8x_training,1245.710733,81,209.525,13370.3125,100,1065,10001,"[0, 100000]","[0, 100000]",0,0,292,1033544
yolov8x_training,1246.753567,85,203.456,13370.3125,0,975,10001,"[0, 100000]","[0, 100000]",0,0,2832,13818
yolov8x_training,1247.796621,85,201.548,13370.3125,67,2655,10001,"[0, 100000]","[0, 100000]",0,0,341,292
yolov8x_training,1248.839276,80,217.936,13370.3125,93,915,10001,"[0, 100000]","[0, 100000]",0,0,3417,11328
yolov8x_training,1249.882356,84,192.321,13370.3125,0,2355,10001,"[0, 100000]","[0, 100000]",0,0,292,292
yolov8x_training,1250.925162,84,192.549,13370.3125,88,1065,10001,"[0, 100000]","[0, 100000]",0,0,5029,26074
yolov8x_training,1251.968423,80,221.627,13370.3125,79,915,10001,"[0, 100000]","[0, 100000]",0,0,292,244
yolov8x_training,1253.019302,84,188.414,13370.3125,0,2505,10001,"[0, 100000]","[0, 100000]",0,0,14013,32910
yolov8x_training,1254.062668,84,194.238,13370.3125,88,465,10001,"[0, 100000]","[0, 100000]",0,0,292,292
yolov8x_training,1255.132618,80,202.542,13370.3125,19,1110,10001,"[0, 100000]","[0, 100000]",0,0,15478,24755
yolov8x_training,1256.175988,84,218.081,13370.3125,40,945,10001,"[0, 100000]","[0, 100000]",0,0,4492,16992
yolov8x_training,1257.219048,83,228.054,13370.3125,38,930,10001,"[0, 100000]","[0, 100000]",0,0,2929,11035
yolov8x_training,1258.262399,85,230.071,13370.3125,30,915,10001,"[0, 100000]","[0, 100000]",0,0,2050,2343
yolov8x_training,1259.305372,85,228.938,13370.3125,29,930,10001,"[0, 100000]","[0, 100000]",0,0,390,292
yolov8x_training,1260.348053,83,228.649,13370.3125,48,945,10001,"[0, 100000]","[0, 100000]",0,0,341,1040136
yolov8x_training,1261.390881,84,225.920,13370.3125,56,915,10001,"[0, 100000]","[0, 100000]",0,0,6396,103271
yolov8x_training,1262.453508,84,225.815,13370.3125,46,2505,10001,"[0, 100000]","[0, 100000]",0,0,4638,21484
yolov8x_training,1263.496840,83,228.050,13370.3125,37,1252,10001,"[0, 100000]","[0, 100000]",0,0,3222,25683
yolov8x_training,1264.539814,83,233.757,13370.3125,45,2505,10001,"[0, 100000]","[0, 100000]",0,0,2685,12451
yolov8x_training,1265.583204,84,239.164,13370.3125,47,2505,10001,"[0, 100000]","[0, 100000]",0,0,1953,125927
yolov8x_training,1266.626783,83,230.361,13370.3125,38,2610,10001,"[0, 100000]","[0, 100000]",0,0,292,292
yolov8x_training,1267.669369,85,235.166,13370.3125,29,1252,10001,"[0, 100000]","[0, 100000]",0,0,341,1035400
yolov8x_training,1268.711927,84,237.936,13370.3125,48,2505,10001,"[0, 100000]","[0, 100000]",0,0,90625,35400
yolov8x_training,1269.785192,83,238.499,13370.3125,35,1755,10001,"[0, 100000]","[0, 100000]",0,0,15380,25000
yolov8x_training,1270.828517,84,235.058,13370.3125,34,2505,10001,"[0, 100000]","[0, 100000]",0,0,3515,26708
yolov8x_training,1271.871485,84,233.569,13370.3125,14,2505,10001,"[0, 100000]","[0, 100000]",0,0,3466,14062
yolov8x_training,1272.914659,84,233.867,13370.3125,18,915,10001,"[0, 100000]","[0, 100000]",0,0,2441,9179
yolov8x_training,1273.958088,84,235.037,13370.3125,30,930,10001,"[0, 100000]","[0, 100000]",0,0,1708,292
yolov8x_training,1275.000952,84,234.674,13370.3125,14,930,10001,"[0, 100000]","[0, 100000]",0,0,390,292
yolov8x_training,1276.043893,84,229.835,13370.3125,10,930,10001,"[0, 100000]","[0, 100000]",0,0,341,1035400
yolov8x_training,1277.086620,85,235.163,13370.3125,18,930,10001,"[0, 100000]","[0, 100000]",0,0,5029,103320
yolov8x_training,1278.158872,84,234.105,13370.3125,19,915,10001,"[0, 100000]","[0, 100000]",0,0,5761,27978
yolov8x_training,1279.201977,85,233.913,13370.3125,29,915,10001,"[0, 100000]","[0, 100000]",0,0,2978,23046
yolov8x_training,1280.244877,86,229.430,13370.3125,14,930,10001,"[0, 100000]","[0, 100000]",0,0,2734,10791
yolov8x_training,1281.287963,87,234.723,13370.3125,18,930,10001,"[0, 100000]","[0, 100000]",0,0,1269,341
yolov8x_training,1282.331064,86,231.783,13370.3125,14,930,10001,"[0, 100000]","[0, 100000]",0,0,341,292
yolov8x_training,1283.373640,86,234.859,13370.3125,12,915,10001,"[0, 100000]","[0, 100000]",0,0,341,1038623
yolov8x_training,1284.416515,85,233.142,13370.3125,18,2505,10001,"[0, 100000]","[0, 100000]",0,0,4394,101708
yolov8x_training,1285.494352,85,233.173,13370.3125,19,2505,10001,"[0, 100000]","[0, 100000]",0,0,3320,26855
yolov8x_training,1286.537721,85,231.334,13370.3125,19,2490,10001,"[0, 100000]","[0, 100000]",0,0,3271,14990
yolov8x_training,1287.580567,85,232.814,13370.3125,8,2505,10001,"[0, 100000]","[0, 100000]",0,0,2832,9960
yolov8x_training,1288.623438,85,233.659,13370.3125,18,1252,10001,"[0, 100000]","[0, 100000]",0,0,2001,1123
yolov8x_training,1289.666482,85,231.382,13370.3125,9,2505,10001,"[0, 100000]","[0, 100000]",0,0,7666,292
yolov8x_training,1290.709324,85,227.786,13370.3125,33,2445,10001,"[0, 100000]","[0, 100000]",0,0,341,292
yolov8x_training,1291.751921,82,223.447,13370.3125,53,2100,10001,"[0, 100000]","[0, 100000]",0,0,292,1037841
yolov8x_training,1292.794739,82,222.716,13370.3125,53,2115,10001,"[0, 100000]","[0, 100000]",0,0,4931,102441
yolov8x_training,1293.869878,82,226.082,13370.3125,53,2280,10001,"[0, 100000]","[0, 100000]",0,0,4394,16748
yolov8x_training,1294.913180,82,224.683,13370.3125,56,2235,10001,"[0, 100000]","[0, 100000]",0,0,4492,14697
yolov8x_training,1295.956398,82,222.744,13370.3125,56,990,10001,"[0, 100000]","[0, 100000]",0,0,2587,10986
yolov8x_training,1296.999436,82,223.881,13370.3125,44,1050,10001,"[0, 100000]","[0, 100000]",0,0,1855,292
yolov8x_training,1298.042445,82,233.537,13370.3125,48,1305,10001,"[0, 100000]","[0, 100000]",0,0,341,292
yolov8x_training,1299.085077,82,218.960,13370.3125,62,1230,10001,"[0, 100000]","[0, 100000]",0,0,8154,74169
yolov8x_training,1300.128717,80,214.487,13370.3125,0,930,10001,"[0, 100000]","[0, 100000]",0,0,292,1038574
yolov8x_training,1301.171879,85,197.275,13370.3125,70,2625,10001,"[0, 100000]","[0, 100000]",0,0,2685,9912
yolov8x_training,1302.215019,81,204.127,13370.3125,100,975,10001,"[0, 100000]","[0, 100000]",0,0,292,244
yolov8x_training,1303.258119,82,209.081,13370.3125,0,885,10001,"[0, 100000]","[0, 100000]",0,0,4589,15087
yolov8x_training,1304.301252,82,191.713,13370.3125,89,2610,10001,"[0, 100000]","[0, 100000]",0,0,341,292
yolov8x_training,1305.344018,80,209.365,13370.3125,89,555,10001,"[0, 100000]","[0, 100000]",0,0,3564,26416
yolov8x_training,1306.387883,85,199.506,13370.3125,0,1005,10001,"[0, 100000]","[0, 100000]",0,0,292,292
yolov8x_training,1307.430670,81,186.822,13370.3125,92,1080,10001,"[0, 100000]","[0, 100000]",0,0,3027,15087
yolov8x_training,1308.473624,81,223.524,13370.3125,96,1080,10001,"[0, 100000]","[0, 100000]",0,0,2441,7373
yolov8x_training,1309.517066,81,224.839,13370.3125,96,1080,10001,"[0, 100000]","[0, 100000]",0,0,390,341
yolov8x_training,1310.559729,81,234.529,13370.3125,94,1065,10001,"[0, 100000]","[0, 100000]",0,0,341,1028710
yolov8x_training,1311.602316,81,236.556,13370.3125,94,945,10001,"[0, 100000]","[0, 100000]",0,0,3076,38476
yolov8x_training,1312.671196,81,235.196,13370.3125,95,945,10001,"[0, 100000]","[0, 100000]",0,0,4199,20556
yolov8x_training,1313.714263,81,233.451,13370.3125,96,930,10001,"[0, 100000]","[0, 100000]",0,0,4443,18847
yolov8x_training,1314.757169,85,234.955,13370.3125,94,930,10001,"[0, 100000]","[0, 100000]",0,0,2734,11621
yolov8x_training,1315.800867,85,232.815,13370.3125,95,930,10001,"[0, 100000]","[0, 100000]",0,0,2294,2246
yolov8x_training,1316.844444,85,234.838,13370.3125,94,945,10001,"[0, 100000]","[0, 100000]",0,0,341,292
yolov8x_training,1317.887125,85,234.404,13370.3125,94,930,10001,"[0, 100000]","[0, 100000]",0,0,89648,22314
yolov8x_training,1318.966841,85,235.236,13370.3125,94,2655,10001,"[0, 100000]","[0, 100000]",0,0,6103,35253
yolov8x_training,1320.009990,85,233.354,13370.3125,95,2610,10001,"[0, 100000]","[0, 100000]",0,0,3564,22412
yolov8x_training,1321.053938,85,230.375,13370.3125,94,2565,10001,"[0, 100000]","[0, 100000]",0,0,2490,11474
yolov8x_training,1322.097097,85,239.439,13370.3125,96,1035,10001,"[0, 100000]","[0, 100000]",0,0,19384,292
yolov8x_training,1323.140222,85,229.859,13370.3125,100,990,10001,"[0, 100000]","[0, 100000]",0,0,341,292
yolov8x_training,1324.182804,85,240.235,13370.3125,100,2625,10001,"[0, 100000]","[0, 100000]",0,0,5273,102343
yolov8x_training,1325.250848,86,244.461,13370.3125,100,990,10001,"[0, 100000]","[0, 100000]",0,0,5419,16943
yolov8x_training,1326.294106,86,239.044,13370.3125,94,1620,10001,"[0, 100000]","[0, 100000]",0,0,2734,13378
yolov8x_training,1327.337411,85,236.667,13370.3125,82,1230,10001,"[0, 100000]","[0, 100000]",0,0,2148,102636
yolov8x_training,1328.382711,85,234.431,13370.3125,86,1275,10001,"[0, 100000]","[0, 100000]",0,0,341,292
yolov8x_training,1329.425332,84,234.036,13370.3125,82,2265,10001,"[0, 100000]","[0, 100000]",0,0,88769,15673
yolov8x_training,1330.503321,85,243.185,13370.3125,52,2430,10001,"[0, 100000]","[0, 100000]",0,0,15332,33056
yolov8x_training,1331.546457,86,222.106,13370.3125,42,2505,10001,"[0, 100000]","[0, 100000]",0,0,2783,22314
yolov8x_training,1332.589378,85,226.484,13370.3125,50,2505,10001,"[0, 100000]","[0, 100000]",0,0,2929,9863
yolov8x_training,1333.632290,85,228.761,13370.3125,50,2280,10001,"[0, 100000]","[0, 100000]",0,0,2343,2587
yolov8x_training,1334.676203,85,226.814,13370.3125,44,2505,10001,"[0, 100000]","[0, 100000]",0,0,341,292
yolov8x_training,1335.718871,85,225.189,13370.3125,42,2355,10001,"[0, 100000]","[0, 100000]",0,0,341,1028564
yolov8x_training,1336.761618,81,228.783,13370.3125,44,2490,10001,"[0, 100000]","[0, 100000]",0,0,3613,34619
yolov8x_training,1337.825025,81,232.012,13370.3125,40,2505,10001,"[0, 100000]","[0, 100000]",0,0,5029,16699
yolov8x_training,1338.868013,81,228.030,13370.3125,36,2505,10001,"[0, 100000]","[0, 100000]",0,0,3857,23779
yolov8x_training,1339.911144,81,227.698,13370.3125,31,2505,10001,"[0, 100000]","[0, 100000]",0,0,2929,11572
yolov8x_training,1340.954357,81,231.006,13370.3125,31,915,10001,"[0, 100000]","[0, 100000]",0,0,2099,3222
yolov8x_training,1341.997642,81,232.452,13370.3125,29,945,10001,"[0, 100000]","[0, 100000]",0,0,341,292
yolov8x_training,1343.040654,82,229.850,13370.3125,35,915,10001,"[0, 100000]","[0, 100000]",0,0,341,292
yolov8x_training,1344.083544,84,226.002,13370.3125,53,1320,10001,"[0, 100000]","[0, 100000]",0,0,341,292
yolov8x_training,1345.126159,84,230.093,13370.3125,100,465,10001,"[0, 100000]","[0, 100000]",0,0,292,1034228
yolov8x_training,1346.169151,84,230.817,13370.3125,100,990,10001,"[0, 100000]","[0, 100000]",0,0,90380,33203
yolov8x_training,1347.244087,83,232.591,13370.3125,100,1005,10001,"[0, 100000]","[0, 100000]",0,0,14746,29199
yolov8x_training,1348.287195,85,217.225,13370.3125,3,1905,10001,"[0, 100000]","[0, 100000]",0,0,1123,292
yolov8x_training,1349.330005,85,229.452,13370.3125,14,915,10001,"[0, 100000]","[0, 100000]",0,0,292,292
yolov8x_training,1350.372668,85,233.556,13370.3125,9,915,10001,"[0, 100000]","[0, 100000]",0,0,292,1040136
yolov8x_training,1351.435035,85,233.153,13370.3125,20,1725,10001,"[0, 100000]","[0, 100000]",0,0,15332,32568
yolov8x_training,1352.477993,85,234.726,13370.3125,24,1575,10001,"[0, 100000]","[0, 100000]",0,0,3027,26269
yolov8x_training,1353.520835,85,232.177,13370.3125,19,1005,10001,"[0, 100000]","[0, 100000]",0,0,3027,13623
yolov8x_training,1354.564245,85,234.003,13370.3125,22,1185,10001,"[0, 100000]","[0, 100000]",0,0,2294,9765
yolov8x_training,1355.607571,85,233.103,13370.3125,23,1020,10001,"[0, 100000]","[0, 100000]",0,0,16406,341
yolov8x_training,1356.650372,85,236.197,13370.3125,19,990,10001,"[0, 100000]","[0, 100000]",0,0,341,292
yolov8x_training,1357.696399,80,222.232,13370.3125,72,915,10001,"[0, 100000]","[0, 100000]",0,0,13916,33789
yolov8x_training,1358.739818,84,190.563,13370.3125,0,2505,10001,"[0, 100000]","[0, 100000]",0,0,341,292
yolov8x_training,1359.782450,85,217.854,13370.3125,100,1365,10001,"[0, 100000]","[0, 100000]",0,0,341,292
yolov8x_training,1360.825145,85,224.699,13370.3125,100,990,10001,"[0, 100000]","[0, 100000]",0,0,89257,20361
yolov8x_training,1361.868646,85,228.212,13370.3125,100,1020,10001,"[0, 100000]","[0, 100000]",0,0,6738,102685
yolov8x_training,1362.936995,85,226.875,13370.3125,100,2595,10001,"[0, 100000]","[0, 100000]",0,0,71679,38671
yolov8x_training,1364.005030,80,205.681,13370.3125,89,945,10001,"[0, 100000]","[0, 100000]",0,0,1025,292
yolov8x_training,1365.047960,85,219.160,13370.3125,68,1230,10001,"[0, 100000]","[0, 100000]",0,0,2832,10400
yolov8x_training,1366.090887,85,233.996,13370.3125,100,2340,10001,"[0, 100000]","[0, 100000]",0,0,2783,3662
yolov8x_training,1367.134511,85,231.707,13370.3125,95,1710,10001,"[0, 100000]","[0, 100000]",0,0,8154,292
yolov8x_training,1368.177296,85,234.065,13370.3125,96,1875,10001,"[0, 100000]","[0, 100000]",0,0,341,1031152
yolov8x_training,1369.219948,86,233.649,13370.3125,95,1620,10001,"[0, 100000]","[0, 100000]",0,0,4150,35107
yolov8x_training,1370.283762,81,229.248,13370.3125,95,840,10001,"[0, 100000]","[0, 100000]",0,0,15283,28564
yolov8x_training,1371.326661,81,230.886,13370.3125,96,1620,10001,"[0, 100000]","[0, 100000]",0,0,4931,15625
yolov8x_training,1372.369727,81,232.369,13370.3125,94,2445,10001,"[0, 100000]","[0, 100000]",0,0,4443,15136
yolov8x_training,1373.412655,81,229.389,13370.3125,94,2640,10001,"[0, 100000]","[0, 100000]",0,0,3125,9521
yolov8x_training,1374.455880,81,228.616,13370.3125,96,930,10001,"[0, 100000]","[0, 100000]",0,0,2246,2929
yolov8x_training,1375.499467,81,234.593,13370.3125,95,915,10001,"[0, 100000]","[0, 100000]",0,0,341,341
yolov8x_training,1376.542251,81,235.625,13370.3125,94,930,10001,"[0, 100000]","[0, 100000]",0,0,341,292
yolov8x_training,1377.584910,81,228.809,13370.3125,95,960,10001,"[0, 100000]","[0, 100000]",0,0,341,292
yolov8x_training,1378.627573,85,225.591,13370.3125,53,1110,10001,"[0, 100000]","[0, 100000]",0,0,292,1036425
yolov8x_training,1379.670633,85,238.135,13370.3125,62,1275,10001,"[0, 100000]","[0, 100000]",0,0,5468,103271
yolov8x_training,1380.742797,85,238.880,13370.3125,62,1395,10001,"[0, 100000]","[0, 100000]",0,0,3808,15625
yolov8x_training,1381.785814,86,236.953,13370.3125,63,1590,10001,"[0, 100000]","[0, 100000]",0,0,4296,14062
yolov8x_training,1382.828817,85,237.738,13370.3125,49,1275,10001,"[0, 100000]","[0, 100000]",0,0,2197,9033
yolov8x_training,1383.871887,86,233.289,13370.3125,77,1290,10001,"[0, 100000]","[0, 100000]",0,0,1123,292
yolov8x_training,1384.914528,86,233.414,13370.3125,76,1200,10001,"[0, 100000]","[0, 100000]",0,0,341,341
yolov8x_training,1385.957166,85,233.003,13370.3125,69,1950,10001,"[0, 100000]","[0, 100000]",0,0,90673,35742
yolov8x_training,1387.029145,86,235.813,13370.3125,79,2415,10001,"[0, 100000]","[0, 100000]",0,0,5029,25976
yolov8x_training,1388.072420,85,230.165,13370.3125,95,2595,10001,"[0, 100000]","[0, 100000]",0,0,2978,10839
yolov8x_training,1389.115976,86,235.323,13370.3125,95,2625,10001,"[0, 100000]","[0, 100000]",0,0,1074,292
yolov8x_training,1390.158722,85,235.268,13370.3125,100,1125,10001,"[0, 100000]","[0, 100000]",0,0,341,1039501
yolov8x_training,1391.201385,85,234.896,13370.3125,100,960,10001,"[0, 100000]","[0, 100000]",0,0,4199,35107
yolov8x_training,1392.261201,83,241.010,13370.3125,100,945,10001,"[0, 100000]","[0, 100000]",0,0,3759,25683
yolov8x_training,1393.304172,86,242.529,13370.3125,100,1620,10001,"[0, 100000]","[0, 100000]",0,0,2978,10888
yolov8x_training,1394.347130,86,236.542,13370.3125,100,1275,10001,"[0, 100000]","[0, 100000]",0,0,2343,3271
yolov8x_training,1395.390032,85,234.777,13370.3125,100,1080,10001,"[0, 100000]","[0, 100000]",0,0,341,292
yolov8x_training,1396.432645,86,233.183,13370.3125,100,2400,10001,"[0, 100000]","[0, 100000]",0,0,341,1032763
yolov8x_training,1397.497430,85,236.607,13370.3125,98,2595,10001,"[0, 100000]","[0, 100000]",0,0,15283,25781
yolov8x_training,1398.540617,83,226.285,13370.3125,76,2535,10001,"[0, 100000]","[0, 100000]",0,0,4687,18261
yolov8x_training,1399.583941,85,222.443,13370.3125,56,2370,10001,"[0, 100000]","[0, 100000]",0,0,2880,11328
yolov8x_training,1400.626837,86,220.854,13370.3125,54,2505,10001,"[0, 100000]","[0, 100000]",0,0,2343,5859
yolov8x_training,1401.670367,86,227.170,13370.3125,43,2115,10001,"[0, 100000]","[0, 100000]",0,0,341,292
yolov8x_training,1402.712999,85,223.012,13370.3125,50,2505,10001,"[0, 100000]","[0, 100000]",0,0,341,1036914
yolov8x_training,1403.755798,83,227.007,13370.3125,65,2505,10001,"[0, 100000]","[0, 100000]",0,0,4003,35644
yolov8x_training,1404.821628,83,222.931,13370.3125,59,2505,10001,"[0, 100000]","[0, 100000]",0,0,15136,29589
yolov8x_training,1405.864870,82,231.638,13370.3125,62,2505,10001,"[0, 100000]","[0, 100000]",0,0,2929,23437
yolov8x_training,1406.908149,82,219.835,13370.3125,63,2340,10001,"[0, 100000]","[0, 100000]",0,0,3173,9375
yolov8x_training,1407.951663,82,224.396,13370.3125,57,900,10001,"[0, 100000]","[0, 100000]",0,0,1904,732
yolov8x_training,1408.994789,82,222.823,13370.3125,39,900,10001,"[0, 100000]","[0, 100000]",0,0,341,292
yolov8x_training,1410.037430,82,233.985,13370.3125,52,945,10001,"[0, 100000]","[0, 100000]",0,0,341,422509
yolov8x_training,1411.080084,82,240.498,13370.3125,60,915,10001,"[0, 100000]","[0, 100000]",0,0,3613,35449
yolov8x_training,1412.142167,82,233.056,13370.3125,60,900,10001,"[0, 100000]","[0, 100000]",0,0,14306,30664
yolov8x_training,1413.185038,84,225.478,13370.3125,61,930,10001,"[0, 100000]","[0, 100000]",0,0,3173,27539
yolov8x_training,1414.228120,82,227.797,13370.3125,58,915,10001,"[0, 100000]","[0, 100000]",0,0,3271,14501
yolov8x_training,1415.270991,85,226.374,13370.3125,54,900,10001,"[0, 100000]","[0, 100000]",0,0,2392,10791
yolov8x_training,1416.314443,85,225.021,13370.3125,68,915,10001,"[0, 100000]","[0, 100000]",0,0,14941,292
yolov8x_training,1417.358018,85,236.498,13370.3125,69,900,10001,"[0, 100000]","[0, 100000]",0,0,292,1040673
yolov8x_training,1418.400717,86,235.247,13370.3125,71,900,10001,"[0, 100000]","[0, 100000]",0,0,4150,36328
yolov8x_training,1419.455660,86,226.036,13370.3125,79,1290,10001,"[0, 100000]","[0, 100000]",0,0,3710,26171
yolov8x_training,1420.498866,86,222.146,13370.3125,95,1140,10001,"[0, 100000]","[0, 100000]",0,0,4052,15527
yolov8x_training,1421.541790,86,232.800,13370.3125,95,915,10001,"[0, 100000]","[0, 100000]",0,0,2490,7568
yolov8x_training,1422.585333,85,237.647,13370.3125,95,1440,10001,"[0, 100000]","[0, 100000]",0,0,292,292
yolov8x_training,1423.627950,86,236.882,13370.3125,94,1245,10001,"[0, 100000]","[0, 100000]",0,0,89013,18457
yolov8x_training,1424.698966,85,238.098,13370.3125,95,1305,10001,"[0, 100000]","[0, 100000]",0,0,15332,26367
yolov8x_training,1425.741904,86,237.386,13370.3125,94,915,10001,"[0, 100000]","[0, 100000]",0,0,3515,19824
yolov8x_training,1426.784850,83,231.358,13370.3125,100,915,10001,"[0, 100000]","[0, 100000]",0,0,2392,8251
yolov8x_training,1427.827955,85,236.038,13370.3125,100,930,10001,"[0, 100000]","[0, 100000]",0,0,341,292
yolov8x_training,1428.870736,85,237.619,13370.3125,100,915,10001,"[0, 100000]","[0, 100000]",0,0,341,1033349
yolov8x_training,1429.913643,85,226.524,13370.3125,100,885,10001,"[0, 100000]","[0, 100000]",0,0,5175,103222
yolov8x_training,1430.980512,86,226.110,13370.3125,100,1365,10001,"[0, 100000]","[0, 100000]",0,0,3271,22802
yolov8x_training,1432.024100,86,235.971,13370.3125,90,1005,10001,"[0, 100000]","[0, 100000]",0,0,2929,11669
yolov8x_training,1433.067402,86,231.927,13370.3125,88,2625,10001,"[0, 100000]","[0, 100000]",0,0,2539,9082
yolov8x_training,1434.111309,86,233.742,13370.3125,91,1860,10001,"[0, 100000]","[0, 100000]",0,0,1269,341
yolov8x_training,1435.154266,86,235.685,13370.3125,98,2655,10001,"[0, 100000]","[0, 100000]",0,0,341,292
yolov8x_training,1436.197070,86,239.743,13370.3125,97,2145,10001,"[0, 100000]","[0, 100000]",0,0,88720,15332
yolov8x_training,1437.239944,82,231.914,13370.3125,100,2640,10001,"[0, 100000]","[0, 100000]",0,0,4931,103320
yolov8x_training,1438.314416,82,235.755,13370.3125,100,907,10001,"[0, 100000]","[0, 100000]",0,0,4736,17529
yolov8x_training,1439.357788,84,234.887,13370.3125,100,2505,10001,"[0, 100000]","[0, 100000]",0,0,4443,19531
yolov8x_training,1440.401663,84,234.055,13370.3125,100,2535,10001,"[0, 100000]","[0, 100000]",0,0,4150,13525
yolov8x_training,1441.444507,85,232.286,13370.3125,100,915,10001,"[0, 100000]","[0, 100000]",0,0,2685,10595
yolov8x_training,1442.487801,84,237.760,13370.3125,100,915,10001,"[0, 100000]","[0, 100000]",0,0,1953,878
yolov8x_training,1443.530916,85,238.390,13370.3125,100,930,10001,"[0, 100000]","[0, 100000]",0,0,390,292
yolov8x_training,1444.573502,85,229.865,13370.3125,100,915,10001,"[0, 100000]","[0, 100000]",0,0,292,1039697
yolov8x_training,1445.616460,85,230.247,13370.3125,100,915,10001,"[0, 100000]","[0, 100000]",0,0,89843,24658
yolov8x_training,1446.692994,85,234.663,13370.3125,93,945,10001,"[0, 100000]","[0, 100000]",0,0,4882,17138
yolov8x_training,1447.736025,85,232.446,13370.3125,96,885,10001,"[0, 100000]","[0, 100000]",0,0,4345,18505
yolov8x_training,1448.778947,87,233.601,13370.3125,100,900,10001,"[0, 100000]","[0, 100000]",0,0,2929,10937
yolov8x_training,1449.822015,86,237.421,13370.3125,100,915,10001,"[0, 100000]","[0, 100000]",0,0,2294,8496
yolov8x_training,1450.865667,86,232.895,13370.3125,96,930,10001,"[0, 100000]","[0, 100000]",0,0,9765,292
yolov8x_training,1451.908595,86,233.323,13370.3125,95,900,10001,"[0, 100000]","[0, 100000]",0,0,341,1033203
yolov8x_training,1452.951506,87,233.949,13370.3125,99,2430,10001,"[0, 100000]","[0, 100000]",0,0,89550,21972
yolov8x_training,1454.027768,85,233.623,13370.3125,96,2250,10001,"[0, 100000]","[0, 100000]",0,0,15136,29394
yolov8x_training,1455.070723,87,234.505,13370.3125,95,2235,10001,"[0, 100000]","[0, 100000]",0,0,3271,22167
yolov8x_training,1456.113807,84,230.313,13370.3125,95,2235,10001,"[0, 100000]","[0, 100000]",0,0,3857,14062
yolov8x_training,1457.156785,86,232.869,13370.3125,96,2340,10001,"[0, 100000]","[0, 100000]",0,0,2343,7958
yolov8x_training,1458.199937,85,233.197,13370.3125,95,2265,10001,"[0, 100000]","[0, 100000]",0,0,1123,292
yolov8x_training,1459.242637,86,227.837,13370.3125,93,2310,10001,"[0, 100000]","[0, 100000]",0,0,292,292
yolov8x_training,1460.285209,86,230.452,13370.3125,95,1815,10001,"[0, 100000]","[0, 100000]",0,0,292,1031005
yolov8x_training,1461.327734,86,229.299,13370.3125,95,1005,10001,"[0, 100000]","[0, 100000]",0,0,6054,103564
yolov8x_training,1462.400490,86,228.753,13370.3125,96,1320,10001,"[0, 100000]","[0, 100000]",0,0,5468,28710
yolov8x_training,1463.443405,86,231.941,13370.3125,96,1500,10001,"[0, 100000]","[0, 100000]",0,0,3173,25537
yolov8x_training,1464.486239,86,224.810,13370.3125,94,1500,10001,"[0, 100000]","[0, 100000]",0,0,2880,13916
yolov8x_training,1465.529175,86,228.201,13370.3125,96,1305,10001,"[0, 100000]","[0, 100000]",0,0,2441,17333
yolov8x_training,1466.572148,86,234.717,13370.3125,95,1320,10001,"[0, 100000]","[0, 100000]",0,0,927,292
yolov8x_training,1467.614825,86,234.179,13370.3125,95,915,10001,"[0, 100000]","[0, 100000]",0,0,292,341
yolov8x_training,1468.657411,86,233.418,13370.3125,95,1005,10001,"[0, 100000]","[0, 100000]",0,0,341,1035546
yolov8x_training,1469.700132,86,233.278,13370.3125,95,960,10001,"[0, 100000]","[0, 100000]",0,0,89550,20703
yolov8x_training,1470.743262,86,231.906,13370.3125,75,2505,10001,"[0, 100000]","[0, 100000]",0,0,6445,104101
yolov8x_training,1471.800528,83,235.155,13370.3125,48,1845,10001,"[0, 100000]","[0, 100000]",0,0,14892,30712
yolov8x_training,1472.843473,83,237.650,13370.3125,53,2580,10001,"[0, 100000]","[0, 100000]",0,0,3125,26416
yolov8x_training,1473.886417,82,241.481,13370.3125,61,1575,10001,"[0, 100000]","[0, 100000]",0,0,2490,11523
yolov8x_training,1474.929458,83,229.234,13370.3125,53,1980,10001,"[0, 100000]","[0, 100000]",0,0,2441,11132
yolov8x_training,1475.972639,85,232.970,13370.3125,37,1680,10001,"[0, 100000]","[0, 100000]",0,0,3955,15625
yolov8x_training,1477.015825,81,219.359,13370.3125,48,915,10001,"[0, 100000]","[0, 100000]",0,0,341,341
yolov8x_training,1478.058677,85,194.815,13370.3125,0,2505,10001,"[0, 100000]","[0, 100000]",0,0,6542,35156
yolov8x_training,1479.101962,85,219.158,13370.3125,89,915,10001,"[0, 100000]","[0, 100000]",0,0,88916,15917
yolov8x_training,1480.174792,86,197.620,13370.3125,7,2655,10001,"[0, 100000]","[0, 100000]",0,0,13232,33398
yolov8x_training,1481.217928,85,205.922,13370.3125,93,2655,10001,"[0, 100000]","[0, 100000]",0,0,292,292
yolov8x_training,1482.260996,80,216.547,13370.3125,36,930,10001,"[0, 100000]","[0, 100000]",0,0,6005,95019
yolov8x_training,1483.319852,83,218.962,13370.3125,100,1320,10001,"[0, 100000]","[0, 100000]",0,0,89355,22265
yolov8x_training,1484.386233,85,214.334,13370.3125,95,1575,10001,"[0, 100000]","[0, 100000]",0,0,15039,29736
yolov8x_training,1485.429128,85,221.246,13370.3125,95,1920,10001,"[0, 100000]","[0, 100000]",0,0,4345,22949
yolov8x_training,1486.472109,85,225.863,13370.3125,94,1440,10001,"[0, 100000]","[0, 100000]",0,0,4345,18652
yolov8x_training,1487.515000,86,231.064,13370.3125,95,930,10001,"[0, 100000]","[0, 100000]",0,0,2783,13720
yolov8x_training,1488.558398,86,235.996,13370.3125,81,1815,10001,"[0, 100000]","[0, 100000]",0,0,2343,36279
yolov8x_training,1489.601878,85,226.975,13370.3125,62,1005,10001,"[0, 100000]","[0, 100000]",0,0,1904,439
yolov8x_training,1490.644891,84,236.741,13370.3125,50,2505,10001,"[0, 100000]","[0, 100000]",0,0,341,292
yolov8x_training,1491.687576,85,238.451,13370.3125,63,1725,10001,"[0, 100000]","[0, 100000]",0,0,341,857568
yolov8x_training,1492.730171,84,240.116,13370.3125,52,2190,10001,"[0, 100000]","[0, 100000]",0,0,2929,38720
yolov8x_training,1493.796803,82,235.364,13370.3125,53,1215,10001,"[0, 100000]","[0, 100000]",0,0,5517,28564
yolov8x_training,1494.839605,83,241.800,13370.3125,46,1335,10001,"[0, 100000]","[0, 100000]",0,0,3320,27392
yolov8x_training,1495.882617,81,235.355,13370.3125,51,1155,10001,"[0, 100000]","[0, 100000]",0,0,4394,14697
yolov8x_training,1496.925460,81,228.861,13370.3125,35,2580,10001,"[0, 100000]","[0, 100000]",0,0,2587,9326
yolov8x_training,1497.969251,86,238.740,13370.3125,31,960,10001,"[0, 100000]","[0, 100000]",0,0,390,292
yolov8x_training,1499.011960,84,239.432,13370.3125,49,975,10001,"[0, 100000]","[0, 100000]",0,0,89160,16894
yolov8x_training,1500.055167,85,229.601,13370.3125,75,915,10001,"[0, 100000]","[0, 100000]",0,0,4003,34423
yolov8x_training,1501.129988,83,224.888,13370.3125,59,915,10001,"[0, 100000]","[0, 100000]",0,0,15185,32226
yolov8x_training,1502.172892,83,229.167,13370.3125,28,915,10001,"[0, 100000]","[0, 100000]",0,0,3466,24951
yolov8x_training,1503.215892,84,228.923,13370.3125,48,915,10001,"[0, 100000]","[0, 100000]",0,0,2880,11035
yolov8x_training,1504.258961,85,227.095,13370.3125,35,900,10001,"[0, 100000]","[0, 100000]",0,0,2490,11132
yolov8x_training,1505.301965,85,228.126,13370.3125,25,930,10001,"[0, 100000]","[0, 100000]",0,0,1318,341
yolov8x_training,1506.345030,86,232.286,13370.3125,11,900,10001,"[0, 100000]","[0, 100000]",0,0,341,292
yolov8x_training,1507.387732,86,231.078,13370.3125,19,930,10001,"[0, 100000]","[0, 100000]",0,0,341,211083
yolov8x_training,1508.430534,86,233.760,13370.3125,18,930,10001,"[0, 100000]","[0, 100000]",0,0,6640,104296
yolov8x_training,1509.499641,86,235.570,13370.3125,16,2400,10001,"[0, 100000]","[0, 100000]",0,0,5664,27343
yolov8x_training,1510.542489,86,228.219,13370.3125,21,2520,10001,"[0, 100000]","[0, 100000]",0,0,5468,16308
yolov8x_training,1511.586124,86,226.110,13370.3125,28,1980,10001,"[0, 100000]","[0, 100000]",0,0,2978,22412
yolov8x_training,1512.629112,86,224.712,13370.3125,47,1905,10001,"[0, 100000]","[0, 100000]",0,0,2978,12695
yolov8x_training,1513.672250,84,224.370,13370.3125,60,1920,10001,"[0, 100000]","[0, 100000]",0,0,2392,7373
yolov8x_training,1514.715791,84,223.413,13370.3125,65,1905,10001,"[0, 100000]","[0, 100000]",0,0,1171,292
yolov8x_training,1515.758612,83,222.455,13370.3125,54,1410,10001,"[0, 100000]","[0, 100000]",0,0,341,292
yolov8x_training,1516.801501,83,228.151,13370.3125,68,1485,10001,"[0, 100000]","[0, 100000]",0,0,292,1028027
yolov8x_training,1517.844212,85,219.470,13370.3125,83,1275,10001,"[0, 100000]","[0, 100000]",0,0,3906,33935
yolov8x_training,1518.920796,85,227.640,13370.3125,95,1020,10001,"[0, 100000]","[0, 100000]",0,0,15185,29785
yolov8x_training,1519.963658,85,221.901,13370.3125,98,1020,10001,"[0, 100000]","[0, 100000]",0,0,5664,16748
yolov8x_training,1521.006635,85,223.790,13370.3125,100,1665,10001,"[0, 100000]","[0, 100000]",0,0,2929,22753
yolov8x_training,1522.049765,85,233.797,13370.3125,100,990,10001,"[0, 100000]","[0, 100000]",0,0,2783,12255
yolov8x_training,1523.092772,85,240.804,13370.3125,100,990,10001,"[0, 100000]","[0, 100000]",0,0,2832,3857
yolov8x_training,1524.136255,85,229.194,13370.3125,100,1530,10001,"[0, 100000]","[0, 100000]",0,0,732,292
yolov8x_training,1525.179039,85,234.758,13370.3125,100,1560,10001,"[0, 100000]","[0, 100000]",0,0,341,292
yolov8x_training,1526.221615,86,232.684,13370.3125,100,1545,10001,"[0, 100000]","[0, 100000]",0,0,292,1030761
yolov8x_training,1527.264425,81,235.398,13370.3125,100,877,10001,"[0, 100000]","[0, 100000]",0,0,4248,37500
yolov8x_training,1528.337974,81,231.759,13370.3125,95,2505,10001,"[0, 100000]","[0, 100000]",0,0,15576,31738
yolov8x_training,1529.381357,82,229.435,13370.3125,95,2505,10001,"[0, 100000]","[0, 100000]",0,0,4345,19042
yolov8x_training,1530.424881,82,224.803,13370.3125,95,2325,10001,"[0, 100000]","[0, 100000]",0,0,2978,23095
yolov8x_training,1531.468891,82,225.293,13370.3125,93,915,10001,"[0, 100000]","[0, 100000]",0,0,3027,10595
yolov8x_training,1532.512472,82,224.833,13370.3125,95,945,10001,"[0, 100000]","[0, 100000]",0,0,2246,2490
yolov8x_training,1533.555935,82,230.248,13370.3125,94,915,10001,"[0, 100000]","[0, 100000]",0,0,292,341
yolov8x_training,1534.598817,82,234.855,13370.3125,95,1020,10001,"[0, 100000]","[0, 100000]",0,0,341,292
yolov8x_training,1535.641501,82,241.699,13370.3125,93,915,10001,"[0, 100000]","[0, 100000]",0,0,89404,20996
yolov8x_training,1536.707351,83,234.885,13370.3125,95,960,10001,"[0, 100000]","[0, 100000]",0,0,15087,34765
yolov8x_training,1537.750915,83,237.616,13370.3125,95,900,10001,"[0, 100000]","[0, 100000]",0,0,3222,26318
yolov8x_training,1538.793977,85,231.818,13370.3125,93,915,10001,"[0, 100000]","[0, 100000]",0,0,2929,15527
yolov8x_training,1539.836877,85,239.278,13370.3125,94,1545,10001,"[0, 100000]","[0, 100000]",0,0,2441,9423
yolov8x_training,1540.880244,85,229.793,13370.3125,95,930,10001,"[0, 100000]","[0, 100000]",0,0,19580,292
yolov8x_training,1541.922971,84,231.946,13370.3125,91,1095,10001,"[0, 100000]","[0, 100000]",0,0,341,292
yolov8x_training,1542.965653,85,229.913,13370.3125,95,1035,10001,"[0, 100000]","[0, 100000]",0,0,89599,21484
yolov8x_training,1544.034387,86,235.419,13370.3125,94,2430,10001,"[0, 100000]","[0, 100000]",0,0,15136,27148
yolov8x_training,1545.077404,85,219.495,13370.3125,94,2310,10001,"[0, 100000]","[0, 100000]",0,0,4882,19335
yolov8x_training,1546.120832,85,220.463,13370.3125,95,2400,10001,"[0, 100000]","[0, 100000]",0,0,3466,13964
yolov8x_training,1547.164438,84,231.118,13370.3125,94,2205,10001,"[0, 100000]","[0, 100000]",0,0,2832,10742
yolov8x_training,1548.207983,86,221.117,13370.3125,83,1635,10001,"[0, 100000]","[0, 100000]",0,0,2490,6591
yolov8x_training,1549.251048,86,222.480,13370.3125,72,1380,10001,"[0, 100000]","[0, 100000]",0,0,1416,292
yolov8x_training,1550.293746,85,222.436,13370.3125,60,990,10001,"[0, 100000]","[0, 100000]",0,0,341,341
yolov8x_training,1551.336378,86,225.602,13370.3125,37,930,10001,"[0, 100000]","[0, 100000]",0,0,341,1031005
yolov8x_training,1552.379214,85,230.458,13370.3125,43,915,10001,"[0, 100000]","[0, 100000]",0,0,5273,100146
yolov8x_training,1553.448120,85,231.039,13370.3125,49,990,10001,"[0, 100000]","[0, 100000]",0,0,4541,24902
yolov8x_training,1554.491131,85,224.293,13370.3125,62,1005,10001,"[0, 100000]","[0, 100000]",0,0,3027,22998
yolov8x_training,1555.534199,86,225.803,13370.3125,40,1290,10001,"[0, 100000]","[0, 100000]",0,0,3515,14013
yolov8x_training,1556.577553,86,234.584,13370.3125,10,2280,10001,"[0, 100000]","[0, 100000]",0,0,2978,11181
yolov8x_training,1557.620733,86,233.941,13370.3125,14,2625,10001,"[0, 100000]","[0, 100000]",0,0,2197,3222
yolov8x_training,1558.663609,86,237.331,13370.3125,21,2655,10001,"[0, 100000]","[0, 100000]",0,0,341,341
yolov8x_training,1559.706338,86,230.126,13370.3125,13,2640,10001,"[0, 100000]","[0, 100000]",0,0,341,292
yolov8x_training,1560.748967,86,233.937,13370.3125,22,1320,10001,"[0, 100000]","[0, 100000]",0,0,90332,28222
yolov8x_training,1561.835094,81,231.186,13370.3125,27,2640,10001,"[0, 100000]","[0, 100000]",0,0,15234,30078
yolov8x_training,1562.878114,82,226.932,13370.3125,23,2580,10001,"[0, 100000]","[0, 100000]",0,0,4931,16113
yolov8x_training,1563.920979,82,223.840,13370.3125,48,2505,10001,"[0, 100000]","[0, 100000]",0,0,4199,12646
yolov8x_training,1564.963998,82,229.836,13370.3125,40,900,10001,"[0, 100000]","[0, 100000]",0,0,2832,11523
yolov8x_training,1566.007144,83,220.613,13370.3125,67,915,10001,"[0, 100000]","[0, 100000]",0,0,2392,1074
yolov8x_training,1567.050968,83,234.030,13370.3125,48,900,10001,"[0, 100000]","[0, 100000]",0,0,439,292
yolov8x_training,1568.093893,84,234.503,13370.3125,67,915,10001,"[0, 100000]","[0, 100000]",0,0,341,292
yolov8x_training,1569.136600,82,238.719,13370.3125,74,915,10001,"[0, 100000]","[0, 100000]",0,0,90576,35351
yolov8x_training,1570.209570,83,233.136,13370.3125,53,915,10001,"[0, 100000]","[0, 100000]",0,0,4492,21337
yolov8x_training,1571.253101,84,228.277,13370.3125,72,915,10001,"[0, 100000]","[0, 100000]",0,0,3320,31933
yolov8x_training,1572.296050,86,233.669,13370.3125,81,930,10001,"[0, 100000]","[0, 100000]",0,0,4833,18505
yolov8x_training,1573.339257,87,231.854,13370.3125,100,1050,10001,"[0, 100000]","[0, 100000]",0,0,2587,9912
yolov8x_training,1574.382659,87,236.656,13370.3125,87,1065,10001,"[0, 100000]","[0, 100000]",0,0,13769,34228
yolov8x_training,1575.425500,86,233.725,13370.3125,92,1050,10001,"[0, 100000]","[0, 100000]",0,0,341,292
yolov8x_training,1576.468209,86,235.090,13370.3125,91,1740,10001,"[0, 100000]","[0, 100000]",0,0,292,1039013
yolov8x_training,1577.511031,85,235.844,13370.3125,100,1080,10001,"[0, 100000]","[0, 100000]",0,0,88818,15478
yolov8x_training,1578.586442,87,229.119,13370.3125,100,1800,10001,"[0, 100000]","[0, 100000]",0,0,14990,27929
yolov8x_training,1579.629668,87,224.850,13370.3125,100,1020,10001,"[0, 100000]","[0, 100000]",0,0,3125,27001
yolov8x_training,1580.673047,84,231.610,13370.3125,100,975,10001,"[0, 100000]","[0, 100000]",0,0,4589,16308
yolov8x_training,1581.715945,82,229.275,13370.3125,100,960,10001,"[0, 100000]","[0, 100000]",0,0,2636,11669
yolov8x_training,1582.759551,83,228.770,13370.3125,100,990,10001,"[0, 100000]","[0, 100000]",0,0,1757,292
yolov8x_training,1583.802285,86,228.766,13370.3125,100,1005,10001,"[0, 100000]","[0, 100000]",0,0,390,292
yolov8x_training,1584.844941,86,225.610,13370.3125,100,1020,10001,"[0, 100000]","[0, 100000]",0,0,88964,19140
yolov8x_training,1585.887811,86,230.066,13370.3125,100,1020,10001,"[0, 100000]","[0, 100000]",0,0,6982,101513
yolov8x_training,1586.954331,86,227.591,13370.3125,100,1185,10001,"[0, 100000]","[0, 100000]",0,0,4589,17919
yolov8x_training,1587.997357,86,225.655,13370.3125,100,1995,10001,"[0, 100000]","[0, 100000]",0,0,3515,12548
yolov8x_training,1589.040496,85,228.348,13370.3125,100,1740,10001,"[0, 100000]","[0, 100000]",0,0,2685,27392
yolov8x_training,1590.084113,85,237.519,13370.3125,100,1650,10001,"[0, 100000]","[0, 100000]",0,0,830,292
yolov8x_training,1591.127231,85,237.181,13370.3125,100,1080,10001,"[0, 100000]","[0, 100000]",0,0,341,341
yolov8x_training,1592.169884,85,232.485,13370.3125,100,975,10001,"[0, 100000]","[0, 100000]",0,0,292,1034033
yolov8x_training,1593.212816,86,235.152,13370.3125,100,1020,10001,"[0, 100000]","[0, 100000]",0,0,89599,21289
yolov8x_training,1594.263834,84,234.351,13370.3125,100,990,10001,"[0, 100000]","[0, 100000]",0,0,15136,28710
yolov8x_training,1595.306727,81,235.949,13370.3125,100,960,10001,"[0, 100000]","[0, 100000]",0,0,4931,17138
yolov8x_training,1596.349674,81,234.463,13370.3125,95,1545,10001,"[0, 100000]","[0, 100000]",0,0,3906,23583
yolov8x_training,1597.392849,81,233.777,13370.3125,97,2505,10001,"[0, 100000]","[0, 100000]",0,0,2539,11181
yolov8x_training,1598.435721,81,232.390,13370.3125,95,1560,10001,"[0, 100000]","[0, 100000]",0,0,2490,9033
yolov8x_training,1599.479208,81,226.366,13370.3125,94,915,10001,"[0, 100000]","[0, 100000]",0,0,732,292
yolov8x_training,1600.522256,82,229.364,13370.3125,95,900,10001,"[0, 100000]","[0, 100000]",0,0,341,292
yolov8x_training,1601.564987,82,231.514,13370.3125,95,915,10001,"[0, 100000]","[0, 100000]",0,0,341,292
yolov8x_training,1602.607587,82,237.594,13370.3125,95,930,10001,"[0, 100000]","[0, 100000]",0,0,90429,27832
yolov8x_training,1603.681130,82,232.927,13370.3125,94,930,10001,"[0, 100000]","[0, 100000]",0,0,15283,28173
yolov8x_training,1604.724248,83,236.555,13370.3125,92,930,10001,"[0, 100000]","[0, 100000]",0,0,4736,18603
yolov8x_training,1605.768470,85,231.960,13370.3125,95,945,10001,"[0, 100000]","[0, 100000]",0,0,4638,15039
yolov8x_training,1606.811532,84,235.403,13370.3125,95,930,10001,"[0, 100000]","[0, 100000]",0,0,2685,9326
yolov8x_training,1607.854732,85,234.364,13370.3125,95,900,10001,"[0, 100000]","[0, 100000]",0,0,2392,90576
yolov8x_training,1608.898184,85,224.646,13370.3125,75,975,10001,"[0, 100000]","[0, 100000]",0,0,341,292
yolov8x_training,1609.940971,86,234.776,13370.3125,79,1035,10001,"[0, 100000]","[0, 100000]",0,0,292,292
yolov8x_training,1610.983572,84,234.432,13370.3125,72,1005,10001,"[0, 100000]","[0, 100000]",0,0,341,1037548
yolov8x_training,1612.026310,86,234.637,13370.3125,61,1935,10001,"[0, 100000]","[0, 100000]",0,0,3027,38232
yolov8x_training,1613.094326,85,225.999,13370.3125,47,1890,10001,"[0, 100000]","[0, 100000]",0,0,11865,33691
yolov8x_training,1614.137321,81,224.073,13370.3125,48,975,10001,"[0, 100000]","[0, 100000]",0,0,292,292
yolov8x_training,1615.180058,86,213.840,13370.3125,95,1710,10001,"[0, 100000]","[0, 100000]",0,0,341,292
yolov8x_training,1616.222658,81,221.837,13370.3125,0,1020,10001,"[0, 100000]","[0, 100000]",0,0,7324,29541
yolov8x_training,1617.266159,86,190.975,13370.3125,49,2505,10001,"[0, 100000]","[0, 100000]",0,0,341,292
yolov8x_training,1618.309140,81,197.811,13370.3125,100,840,10001,"[0, 100000]","[0, 100000]",0,0,89990,26464
yolov8x_training,1619.384178,85,216.705,13370.3125,74,2490,10001,"[0, 100000]","[0, 100000]",0,0,89355,21386
yolov8x_training,1620.427675,81,213.852,13370.3125,100,1515,10001,"[0, 100000]","[0, 100000]",0,0,3808,13134
yolov8x_training,1621.470758,83,218.832,13370.3125,0,1950,10001,"[0, 100000]","[0, 100000]",0,0,292,292
yolov8x_training,1622.513606,84,189.649,13370.3125,66,1252,10001,"[0, 100000]","[0, 100000]",0,0,5908,22460
yolov8x_training,1623.556829,85,212.633,13370.3125,54,2610,10001,"[0, 100000]","[0, 100000]",0,0,3466,27148
yolov8x_training,1624.599962,85,237.753,13370.3125,59,2580,10001,"[0, 100000]","[0, 100000]",0,0,2734,12500
yolov8x_training,1625.643368,84,235.984,13370.3125,52,2355,10001,"[0, 100000]","[0, 100000]",0,0,2539,26074
yolov8x_training,1626.686583,84,239.654,13370.3125,53,1327,10001,"[0, 100000]","[0, 100000]",0,0,488,292
yolov8x_training,1627.729721,84,234.749,13370.3125,53,2535,10001,"[0, 100000]","[0, 100000]",0,0,341,292
yolov8x_training,1628.772316,84,229.900,13370.3125,36,2550,10001,"[0, 100000]","[0, 100000]",0,0,341,292
yolov8x_training,1629.814946,84,233.636,13370.3125,11,2250,10001,"[0, 100000]","[0, 100000]",0,0,89404,21093
yolov8x_training,1630.858333,85,233.485,13370.3125,12,2295,10001,"[0, 100000]","[0, 100000]",0,0,6445,103125
yolov8x_training,1631.914556,85,232.249,13370.3125,17,1890,10001,"[0, 100000]","[0, 100000]",0,0,14062,29882
yolov8x_training,1632.958044,85,228.080,13370.3125,26,1875,10001,"[0, 100000]","[0, 100000]",0,0,3613,24414
yolov8x_training,1634.002081,85,224.198,13370.3125,17,1080,10001,"[0, 100000]","[0, 100000]",0,0,2685,10351
yolov8x_training,1635.045075,84,234.779,13370.3125,17,1335,10001,"[0, 100000]","[0, 100000]",0,0,8935,65625
yolov8x_training,1636.087996,85,232.825,13370.3125,6,1095,10001,"[0, 100000]","[0, 100000]",0,0,341,292
yolov8x_training,1637.130579,85,235.388,13370.3125,17,1050,10001,"[0, 100000]","[0, 100000]",0,0,341,1033154
yolov8x_training,1638.173489,84,234.276,13370.3125,14,1260,10001,"[0, 100000]","[0, 100000]",0,0,4394,103271
yolov8x_training,1639.248591,85,232.812,13370.3125,27,1065,10001,"[0, 100000]","[0, 100000]",0,0,13720,28222
yolov8x_training,1640.291622,86,234.168,13370.3125,13,1035,10001,"[0, 100000]","[0, 100000]",0,0,4443,16357
yolov8x_training,1641.334599,86,231.666,13370.3125,17,1515,10001,"[0, 100000]","[0, 100000]",0,0,2929,10058
yolov8x_training,1642.377881,86,234.009,13370.3125,15,1320,10001,"[0, 100000]","[0, 100000]",0,0,2001,732
yolov8x_training,1643.421180,84,233.498,13370.3125,36,1275,10001,"[0, 100000]","[0, 100000]",0,0,537,292
yolov8x_training,1644.463934,84,234.390,13370.3125,23,1275,10001,"[0, 100000]","[0, 100000]",0,0,341,341
yolov8x_training,1645.506532,82,231.333,13370.3125,51,1020,10001,"[0, 100000]","[0, 100000]",0,0,292,1040722
yolov8x_training,1646.549583,81,238.165,13370.3125,55,1020,10001,"[0, 100000]","[0, 100000]",0,0,6640,103222
yolov8x_training,1647.617105,81,224.729,13370.3125,60,1005,10001,"[0, 100000]","[0, 100000]",0,0,4931,17138
yolov8x_training,1648.660298,81,221.688,13370.3125,54,975,10001,"[0, 100000]","[0, 100000]",0,0,3808,18115
yolov8x_training,1649.703197,81,220.257,13370.3125,63,975,10001,"[0, 100000]","[0, 100000]",0,0,2783,13183
yolov8x_training,1650.746097,81,229.421,13370.3125,80,1005,10001,"[0, 100000]","[0, 100000]",0,0,2392,8935
yolov8x_training,1651.789577,86,220.843,13370.3125,91,915,10001,"[0, 100000]","[0, 100000]",0,0,2148,2392
yolov8x_training,1652.832465,86,223.441,13370.3125,91,975,10001,"[0, 100000]","[0, 100000]",0,0,537,341
yolov8x_training,1653.875561,86,229.779,13370.3125,100,930,10001,"[0, 100000]","[0, 100000]",0,0,341,292
yolov8x_training,1654.918149,85,222.868,13370.3125,100,945,10001,"[0, 100000]","[0, 100000]",0,0,3955,36035
yolov8x_training,1655.983851,86,221.942,13370.3125,99,1170,10001,"[0, 100000]","[0, 100000]",0,0,15429,28466
yolov8x_training,1657.027005,85,221.769,13370.3125,100,2505,10001,"[0, 100000]","[0, 100000]",0,0,4931,22558
yolov8x_training,1658.070386,85,224.505,13370.3125,100,2505,10001,"[0, 100000]","[0, 100000]",0,0,3027,23291
yolov8x_training,1659.113888,84,231.831,13370.3125,100,2460,10001,"[0, 100000]","[0, 100000]",0,0,2880,12402
yolov8x_training,1660.157046,87,238.079,13370.3125,100,2610,10001,"[0, 100000]","[0, 100000]",0,0,2197,8691
yolov8x_training,1661.200387,86,224.547,13370.3125,100,2625,10001,"[0, 100000]","[0, 100000]",0,0,1318,292
yolov8x_training,1662.243401,86,234.324,13370.3125,95,2325,10001,"[0, 100000]","[0, 100000]",0,0,341,292
yolov8x_training,1663.285978,85,236.412,13370.3125,96,2010,10001,"[0, 100000]","[0, 100000]",0,0,341,341
yolov8x_training,1664.328503,85,220.913,13370.3125,95,2355,10001,"[0, 100000]","[0, 100000]",0,0,90625,36572
yolov8x_training,1665.398954,85,228.943,13370.3125,95,2250,10001,"[0, 100000]","[0, 100000]",0,0,15429,33447
yolov8x_training,1666.442329,86,231.462,13370.3125,95,2295,10001,"[0, 100000]","[0, 100000]",0,0,4736,18701
yolov8x_training,1667.485304,86,227.751,13370.3125,94,1380,10001,"[0, 100000]","[0, 100000]",0,0,4199,14257
yolov8x_training,1668.528065,85,230.395,13370.3125,95,1125,10001,"[0, 100000]","[0, 100000]",0,0,2392,9082
yolov8x_training,1669.570736,86,229.930,13370.3125,95,1215,10001,"[0, 100000]","[0, 100000]",0,0,341,292
yolov8x_training,1670.613442,86,234.195,13370.3125,95,1065,10001,"[0, 100000]","[0, 100000]",0,0,341,292
yolov8x_training,1671.656037,85,234.798,13370.3125,94,607,10001,"[0, 100000]","[0, 100000]",0,0,341,1037841
yolov8x_training,1672.698739,85,235.524,13370.3125,96,1350,10001,"[0, 100000]","[0, 100000]",0,0,3710,36767
yolov8x_training,1673.755216,85,234.141,13370.3125,96,1260,10001,"[0, 100000]","[0, 100000]",0,0,5468,29052
yolov8x_training,1674.798055,83,237.947,13370.3125,95,1260,10001,"[0, 100000]","[0, 100000]",0,0,4345,18896
yolov8x_training,1675.840962,84,235.347,13370.3125,94,975,10001,"[0, 100000]","[0, 100000]",0,0,3125,14111
yolov8x_training,1676.883963,82,233.686,13370.3125,96,1065,10001,"[0, 100000]","[0, 100000]",0,0,2343,6494
yolov8x_training,1677.927044,84,236.322,13370.3125,95,1035,10001,"[0, 100000]","[0, 100000]",0,0,7080,292
yolov8x_training,1678.969877,81,233.836,13370.3125,95,1410,10001,"[0, 100000]","[0, 100000]",0,0,341,292
yolov8x_training,1680.012631,81,232.878,13370.3125,95,1005,10001,"[0, 100000]","[0, 100000]",0,0,341,1035400
yolov8x_training,1681.055301,81,234.629,13370.3125,95,960,10001,"[0, 100000]","[0, 100000]",0,0,4003,34423
yolov8x_training,1682.125726,81,229.779,13370.3125,95,990,10001,"[0, 100000]","[0, 100000]",0,0,15429,31494
yolov8x_training,1683.168638,81,222.468,13370.3125,79,1005,10001,"[0, 100000]","[0, 100000]",0,0,4248,14013
yolov8x_training,1684.211962,81,231.064,13370.3125,85,945,10001,"[0, 100000]","[0, 100000]",0,0,3271,14501
yolov8x_training,1685.255103,82,230.072,13370.3125,79,915,10001,"[0, 100000]","[0, 100000]",0,0,2636,10937
yolov8x_training,1686.298474,86,222.912,13370.3125,68,960,10001,"[0, 100000]","[0, 100000]",0,0,2197,2246
yolov8x_training,1687.341833,86,221.592,13370.3125,65,915,10001,"[0, 100000]","[0, 100000]",0,0,6787,341
yolov8x_training,1688.384628,84,227.152,13370.3125,42,915,10001,"[0, 100000]","[0, 100000]",0,0,341,292
yolov8x_training,1689.427290,84,230.393,13370.3125,40,900,10001,"[0, 100000]","[0, 100000]",0,0,88964,17822
yolov8x_training,1690.470526,86,228.068,13370.3125,23,930,10001,"[0, 100000]","[0, 100000]",0,0,6445,103808
yolov8x_training,1691.528404,84,228.571,13370.3125,45,2505,10001,"[0, 100000]","[0, 100000]",0,0,5126,25585
yolov8x_training,1692.571435,86,227.403,13370.3125,28,1252,10001,"[0, 100000]","[0, 100000]",0,0,3125,26464
yolov8x_training,1693.614432,86,235.169,13370.3125,13,2505,10001,"[0, 100000]","[0, 100000]",0,0,3564,12792
yolov8x_training,1694.657468,84,230.736,13370.3125,28,2475,10001,"[0, 100000]","[0, 100000]",0,0,2978,13964
yolov8x_training,1695.700409,83,224.176,13370.3125,40,2280,10001,"[0, 100000]","[0, 100000]",0,0,2587,9912
yolov8x_training,1696.743433,81,226.087,13370.3125,60,1035,10001,"[0, 100000]","[0, 100000]",0,0,4980,94580
yolov8x_training,1697.787229,86,218.539,13370.3125,73,1365,10001,"[0, 100000]","[0, 100000]",0,0,537,292
yolov8x_training,1698.830215,86,219.724,13370.3125,99,945,10001,"[0, 100000]","[0, 100000]",0,0,341,292
yolov8x_training,1699.872829,86,224.116,13370.3125,96,1020,10001,"[0, 100000]","[0, 100000]",0,0,341,1030810
yolov8x_training,1700.915763,86,223.610,13370.3125,100,1005,10001,"[0, 100000]","[0, 100000]",0,0,81250,36132
yolov8x_training,1701.986912,85,229.865,13370.3125,100,1200,10001,"[0, 100000]","[0, 100000]",0,0,10888,31933
yolov8x_training,1703.029789,84,225.286,13370.3125,100,1845,10001,"[0, 100000]","[0, 100000]",0,0,5615,17041
yolov8x_training,1704.072881,86,230.475,13370.3125,100,1590,10001,"[0, 100000]","[0, 100000]",0,0,3955,13330
yolov8x_training,1705.115776,85,237.455,13370.3125,100,907,10001,"[0, 100000]","[0, 100000]",0,0,2441,10595
yolov8x_training,1706.158822,88,237.671,13370.3125,100,1350,10001,"[0, 100000]","[0, 100000]",0,0,16406,292
yolov8x_training,1707.202050,84,232.718,13370.3125,100,1620,10001,"[0, 100000]","[0, 100000]",0,0,341,292
yolov8x_training,1708.244661,87,230.434,13370.3125,100,1312,10001,"[0, 100000]","[0, 100000]",0,0,88720,15380
yolov8x_training,1709.324746,84,243.710,13370.3125,100,2025,10001,"[0, 100000]","[0, 100000]",0,0,15136,30712
yolov8x_training,1710.367931,83,238.208,13370.3125,100,690,10001,"[0, 100000]","[0, 100000]",0,0,4931,26171
yolov8x_training,1711.411044,86,242.004,13370.3125,100,1005,10001,"[0, 100000]","[0, 100000]",0,0,2832,11669
yolov8x_training,1712.454361,84,235.994,13370.3125,100,1140,10001,"[0, 100000]","[0, 100000]",0,0,2441,8544
yolov8x_training,1713.498072,81,230.724,13370.3125,100,915,10001,"[0, 100000]","[0, 100000]",0,0,2246,3271
yolov8x_training,1714.541192,81,238.765,13370.3125,100,900,10001,"[0, 100000]","[0, 100000]",0,0,341,292
yolov8x_training,1715.583845,82,231.951,13370.3125,100,885,10001,"[0, 100000]","[0, 100000]",0,0,292,292
yolov8x_training,1716.626637,82,230.764,13370.3125,95,900,10001,"[0, 100000]","[0, 100000]",0,0,90283,27832
yolov8x_training,1717.711255,82,233.410,13370.3125,95,915,10001,"[0, 100000]","[0, 100000]",0,0,15380,29296
yolov8x_training,1718.754434,82,229.756,13370.3125,96,915,10001,"[0, 100000]","[0, 100000]",0,0,5126,15136
yolov8x_training,1719.797430,87,237.324,13370.3125,94,915,10001,"[0, 100000]","[0, 100000]",0,0,3857,15869
yolov8x_training,1720.840460,86,230.773,13370.3125,95,1095,10001,"[0, 100000]","[0, 100000]",0,0,3222,10400
yolov8x_training,1721.883929,85,236.316,13370.3125,95,1050,10001,"[0, 100000]","[0, 100000]",0,0,2490,9033
yolov8x_training,1722.927520,85,228.683,13370.3125,94,1785,10001,"[0, 100000]","[0, 100000]",0,0,1025,292
yolov8x_training,1723.970661,84,241.156,13370.3125,95,1170,10001,"[0, 100000]","[0, 100000]",0,0,341,292
yolov8x_training,1725.013279,85,234.572,13370.3125,94,1080,10001,"[0, 100000]","[0, 100000]",0,0,341,1032910
yolov8x_training,1726.056346,86,233.398,13370.3125,83,1035,10001,"[0, 100000]","[0, 100000]",0,0,5322,102343
yolov8x_training,1727.141991,87,221.590,13370.3125,92,945,10001,"[0, 100000]","[0, 100000]",0,0,15625,26708
yolov8x_training,1728.185214,83,226.092,13370.3125,46,900,10001,"[0, 100000]","[0, 100000]",0,0,4589,16601
yolov8x_training,1729.228181,85,230.503,13370.3125,39,915,10001,"[0, 100000]","[0, 100000]",0,0,4052,14941
yolov8x_training,1730.271230,82,228.049,13370.3125,33,885,10001,"[0, 100000]","[0, 100000]",0,0,2880,11474
yolov8x_training,1731.314292,86,229.159,13370.3125,16,915,10001,"[0, 100000]","[0, 100000]",0,0,2441,11279
yolov8x_training,1732.357498,86,234.851,13370.3125,21,915,10001,"[0, 100000]","[0, 100000]",0,0,2001,1123
yolov8x_training,1733.400670,86,232.683,13370.3125,25,900,10001,"[0, 100000]","[0, 100000]",0,0,341,292
yolov8x_training,1734.443349,86,235.031,13370.3125,18,915,10001,"[0, 100000]","[0, 100000]",0,0,341,292
yolov8x_training,1735.485985,87,233.962,13370.3125,31,2505,10001,"[0, 100000]","[0, 100000]",0,0,89599,20898
yolov8x_training,1736.529327,85,229.206,13370.3125,73,1995,10001,"[0, 100000]","[0, 100000]",0,0,90917,38281
yolov8x_training,1737.615584,86,220.942,13370.3125,98,1185,10001,"[0, 100000]","[0, 100000]",0,0,15380,26953
yolov8x_training,1738.658779,86,232.175,13370.3125,97,1200,10001,"[0, 100000]","[0, 100000]",0,0,3320,21875
yolov8x_training,1739.701890,86,221.073,13370.3125,100,1020,10001,"[0, 100000]","[0, 100000]",0,0,4345,15039
yolov8x_training,1740.744628,84,223.974,13370.3125,100,945,10001,"[0, 100000]","[0, 100000]",0,0,2929,13574
yolov8x_training,1741.787834,86,230.002,13370.3125,100,915,10001,"[0, 100000]","[0, 100000]",0,0,2587,6640
yolov8x_training,1742.831055,86,230.251,13370.3125,100,915,10001,"[0, 100000]","[0, 100000]",0,0,2197,3173
yolov8x_training,1743.874130,86,231.395,13370.3125,100,900,10001,"[0, 100000]","[0, 100000]",0,0,341,292
yolov8x_training,1744.916803,86,233.189,13370.3125,100,900,10001,"[0, 100000]","[0, 100000]",0,0,89355,21093
yolov8x_training,1745.960199,86,234.704,13370.3125,100,900,10001,"[0, 100000]","[0, 100000]",0,0,4003,34472
yolov8x_training,1747.037784,86,232.735,13370.3125,98,2565,10001,"[0, 100000]","[0, 100000]",0,0,15136,26757
yolov8x_training,1748.080942,86,233.331,13370.3125,95,2205,10001,"[0, 100000]","[0, 100000]",0,0,4199,16259
yolov8x_training,1749.124354,86,227.853,13370.3125,95,2475,10001,"[0, 100000]","[0, 100000]",0,0,4345,19775
yolov8x_training,1750.168602,84,218.528,13370.3125,96,2220,10001,"[0, 100000]","[0, 100000]",0,0,4003,13525
yolov8x_training,1751.211734,87,222.493,13370.3125,96,1380,10001,"[0, 100000]","[0, 100000]",0,0,2343,9179
yolov8x_training,1752.254927,85,228.367,13370.3125,74,1755,10001,"[0, 100000]","[0, 100000]",0,0,1953,1220
yolov8x_training,1753.297875,85,221.542,13370.3125,78,1185,10001,"[0, 100000]","[0, 100000]",0,0,14648,292
yolov8x_training,1754.341211,86,226.395,13370.3125,63,975,10001,"[0, 100000]","[0, 100000]",0,0,341,292
yolov8x_training,1755.383816,86,225.625,13370.3125,50,960,10001,"[0, 100000]","[0, 100000]",0,0,341,1039550
yolov8x_training,1756.426436,86,229.610,13370.3125,29,945,10001,"[0, 100000]","[0, 100000]",0,0,4052,36279
yolov8x_training,1757.512019,86,229.055,13370.3125,31,2355,10001,"[0, 100000]","[0, 100000]",0,0,15039,24902
yolov8x_training,1758.555013,86,227.562,13370.3125,33,1755,10001,"[0, 100000]","[0, 100000]",0,0,3076,26464
yolov8x_training,1759.598030,86,234.416,13370.3125,12,2505,10001,"[0, 100000]","[0, 100000]",0,0,4492,14990
yolov8x_training,1760.641062,86,230.028,13370.3125,30,2505,10001,"[0, 100000]","[0, 100000]",0,0,3027,13720
yolov8x_training,1761.684060,85,220.914,13370.3125,50,2295,10001,"[0, 100000]","[0, 100000]",0,0,2636,10595
yolov8x_training,1762.727049,84,233.539,13370.3125,74,2205,10001,"[0, 100000]","[0, 100000]",0,0,2783,29003
yolov8x_training,1763.771124,86,222.219,13370.3125,91,1800,10001,"[0, 100000]","[0, 100000]",0,0,781,292
yolov8x_training,1764.814061,85,223.559,13370.3125,100,1020,10001,"[0, 100000]","[0, 100000]",0,0,341,292
yolov8x_training,1765.856628,85,234.121,13370.3125,84,1995,10001,"[0, 100000]","[0, 100000]",0,0,89208,20214
yolov8x_training,1766.899931,85,218.810,13370.3125,92,1830,10001,"[0, 100000]","[0, 100000]",0,0,4150,34277
yolov8x_training,1767.957726,86,220.114,13370.3125,100,975,10001,"[0, 100000]","[0, 100000]",0,0,12646,33496
yolov8x_training,1769.001183,86,225.423,13370.3125,100,1365,10001,"[0, 100000]","[0, 100000]",0,0,4736,17968
yolov8x_training,1770.044213,86,226.873,13370.3125,100,1785,10001,"[0, 100000]","[0, 100000]",0,0,2832,25439
yolov8x_training,1771.087090,86,228.095,13370.3125,100,2655,10001,"[0, 100000]","[0, 100000]",0,0,4003,15380
yolov8x_training,1772.130141,86,233.434,13370.3125,96,2655,10001,"[0, 100000]","[0, 100000]",0,0,3222,9277
yolov8x_training,1773.173469,87,231.415,13370.3125,95,2625,10001,"[0, 100000]","[0, 100000]",0,0,2294,3320
yolov8x_training,1774.216346,86,227.575,13370.3125,95,2520,10001,"[0, 100000]","[0, 100000]",0,0,1513,341
yolov8x_training,1775.259184,86,225.422,13370.3125,96,2415,10001,"[0, 100000]","[0, 100000]",0,0,341,292
yolov8x_training,1776.302065,84,234.680,13370.3125,95,2490,10001,"[0, 100000]","[0, 100000]",0,0,341,292
yolov8x_training,1777.344612,85,223.474,13370.3125,96,2505,10001,"[0, 100000]","[0, 100000]",0,0,89550,21923
yolov8x_training,1778.388544,85,220.093,13370.3125,71,1875,10001,"[0, 100000]","[0, 100000]",0,0,3417,35449
yolov8x_training,1779.461901,86,223.634,13370.3125,50,1380,10001,"[0, 100000]","[0, 100000]",0,0,15185,33447
yolov8x_training,1780.505231,86,223.754,13370.3125,67,1140,10001,"[0, 100000]","[0, 100000]",0,0,3320,23486
yolov8x_training,1781.548899,86,233.344,13370.3125,48,1005,10001,"[0, 100000]","[0, 100000]",0,0,4296,14501
yolov8x_training,1782.591906,86,229.366,13370.3125,25,990,10001,"[0, 100000]","[0, 100000]",0,0,2636,11962
yolov8x_training,1783.635110,86,228.213,13370.3125,5,2505,10001,"[0, 100000]","[0, 100000]",0,0,2978,10302
yolov8x_training,1784.678052,86,230.319,13370.3125,22,2505,10001,"[0, 100000]","[0, 100000]",0,0,2441,6054
yolov8x_training,1785.721147,87,228.679,13370.3125,39,2445,10001,"[0, 100000]","[0, 100000]",0,0,16162,292
yolov8x_training,1786.764223,86,225.286,13370.3125,62,2370,10001,"[0, 100000]","[0, 100000]",0,0,341,292
yolov8x_training,1787.806828,85,226.147,13370.3125,71,2385,10001,"[0, 100000]","[0, 100000]",0,0,292,1030126
yolov8x_training,1788.849955,85,219.216,13370.3125,76,2340,10001,"[0, 100000]","[0, 100000]",0,0,89355,20996
yolov8x_training,1789.893099,85,230.499,13370.3125,93,2340,10001,"[0, 100000]","[0, 100000]",0,0,6640,101464
yolov8x_training,1790.963092,86,221.931,13370.3125,100,1635,10001,"[0, 100000]","[0, 100000]",0,0,10888,33105
yolov8x_training,1792.006367,86,226.883,13370.3125,100,1350,10001,"[0, 100000]","[0, 100000]",0,0,3222,26269
yolov8x_training,1793.049292,86,226.252,13370.3125,100,975,10001,"[0, 100000]","[0, 100000]",0,0,3222,14453
yolov8x_training,1794.092343,86,227.747,13370.3125,100,975,10001,"[0, 100000]","[0, 100000]",0,0,2636,10498
yolov8x_training,1795.135772,87,220.587,13370.3125,100,2655,10001,"[0, 100000]","[0, 100000]",0,0,4589,17773
yolov8x_training,1796.178848,82,214.143,13370.3125,87,1575,10001,"[0, 100000]","[0, 100000]",0,0,292,292
yolov8x_training,1797.221637,86,198.935,13370.3125,0,1860,10001,"[0, 100000]","[0, 100000]",0,0,13378,19580
yolov8x_training,1798.264819,86,185.300,13370.3125,89,2655,10001,"[0, 100000]","[0, 100000]",0,0,292,292
yolov8x_training,1799.307609,81,206.877,13370.3125,100,1620,10001,"[0, 100000]","[0, 100000]",0,0,89941,26123
yolov8x_training,1800.383445,83,212.465,13370.3125,0,975,10001,"[0, 100000]","[0, 100000]",0,0,2197,51318
yolov8x_training,1801.426727,85,187.903,13370.3125,64,2655,10001,"[0, 100000]","[0, 100000]",0,0,341,1028564
yolov8x_training,1802.469492,81,216.754,13370.3125,100,1755,10001,"[0, 100000]","[0, 100000]",0,0,4150,12207
yolov8x_training,1803.512965,85,209.915,13370.3125,66,1290,10001,"[0, 100000]","[0, 100000]",0,0,4394,14257
yolov8x_training,1804.555918,85,225.172,13370.3125,46,915,10001,"[0, 100000]","[0, 100000]",0,0,3173,14062
yolov8x_training,1805.599025,86,235.686,13370.3125,27,1200,10001,"[0, 100000]","[0, 100000]",0,0,2636,10107
yolov8x_training,1806.642390,85,227.182,13370.3125,30,1170,10001,"[0, 100000]","[0, 100000]",0,0,2197,3222
yolov8x_training,1807.685234,85,237.215,13370.3125,30,1005,10001,"[0, 100000]","[0, 100000]",0,0,292,292
yolov8x_training,1808.727972,86,237.544,13370.3125,19,1110,10001,"[0, 100000]","[0, 100000]",0,0,89599,22314
yolov8x_training,1809.806433,83,233.284,13370.3125,24,1230,10001,"[0, 100000]","[0, 100000]",0,0,6152,31250
yolov8x_training,1810.849457,81,233.320,13370.3125,46,990,10001,"[0, 100000]","[0, 100000]",0,0,4003,25341
yolov8x_training,1811.892588,81,237.587,13370.3125,25,1140,10001,"[0, 100000]","[0, 100000]",0,0,3710,11816
yolov8x_training,1812.935731,84,243.666,13370.3125,25,1095,10001,"[0, 100000]","[0, 100000]",0,0,2490,35302
yolov8x_training,1813.979306,82,231.192,13370.3125,31,1200,10001,"[0, 100000]","[0, 100000]",0,0,878,341
yolov8x_training,1815.021964,81,232.516,13370.3125,32,930,10001,"[0, 100000]","[0, 100000]",0,0,341,292
yolov8x_training,1816.064850,81,236.761,13370.3125,19,930,10001,"[0, 100000]","[0, 100000]",0,0,292,1040820
yolov8x_training,1817.107937,82,233.819,13370.3125,18,975,10001,"[0, 100000]","[0, 100000]",0,0,7177,102587
yolov8x_training,1818.174328,81,226.521,13370.3125,22,930,10001,"[0, 100000]","[0, 100000]",0,0,5517,17187
yolov8x_training,1819.217954,81,232.191,13370.3125,12,915,10001,"[0, 100000]","[0, 100000]",0,0,3027,26660
yolov8x_training,1820.260729,81,232.173,13370.3125,32,915,10001,"[0, 100000]","[0, 100000]",0,0,4589,15039
yolov8x_training,1821.303676,86,233.817,13370.3125,49,885,10001,"[0, 100000]","[0, 100000]",0,0,2539,10986
yolov8x_training,1822.346615,85,233.162,13370.3125,53,915,10001,"[0, 100000]","[0, 100000]",0,0,2246,8984
yolov8x_training,1823.389961,85,231.036,13370.3125,82,915,10001,"[0, 100000]","[0, 100000]",0,0,2050,2099
yolov8x_training,1824.432777,86,234.237,13370.3125,91,900,10001,"[0, 100000]","[0, 100000]",0,0,341,292
yolov8x_training,1825.475386,86,236.471,13370.3125,99,930,10001,"[0, 100000]","[0, 100000]",0,0,341,292
yolov8x_training,1826.517966,86,229.322,13370.3125,99,2355,10001,"[0, 100000]","[0, 100000]",0,0,89648,23535
yolov8x_training,1827.602881,86,222.150,13370.3125,100,2280,10001,"[0, 100000]","[0, 100000]",0,0,15087,32275
yolov8x_training,1828.646236,84,224.942,13370.3125,100,1650,10001,"[0, 100000]","[0, 100000]",0,0,5126,17675
yolov8x_training,1829.689409,82,228.679,13370.3125,100,1020,10001,"[0, 100000]","[0, 100000]",0,0,3173,25830
yolov8x_training,1830.732322,81,230.678,13370.3125,100,1005,10001,"[0, 100000]","[0, 100000]",0,0,3027,12060
yolov8x_training,1831.775545,81,231.969,13370.3125,100,960,10001,"[0, 100000]","[0, 100000]",0,0,2441,9716
yolov8x_training,1832.818409,85,232.205,13370.3125,96,900,10001,"[0, 100000]","[0, 100000]",0,0,2490,3417
yolov8x_training,1833.861224,85,230.378,13370.3125,95,885,10001,"[0, 100000]","[0, 100000]",0,0,1953,878
yolov8x_training,1834.904279,84,232.629,13370.3125,96,930,10001,"[0, 100000]","[0, 100000]",0,0,390,292
yolov8x_training,1835.946956,84,235.407,13370.3125,95,900,10001,"[0, 100000]","[0, 100000]",0,0,341,292
yolov8x_training,1836.989509,86,229.132,13370.3125,100,915,10001,"[0, 100000]","[0, 100000]",0,0,341,1038037
yolov8x_training,1838.032371,85,231.144,13370.3125,100,1800,10001,"[0, 100000]","[0, 100000]",0,0,89453,21972
yolov8x_training,1839.075512,83,233.581,13370.3125,96,1155,10001,"[0, 100000]","[0, 100000]",0,0,6396,102880
yolov8x_training,1840.147169,83,223.083,13370.3125,94,1050,10001,"[0, 100000]","[0, 100000]",0,0,12841,28564
yolov8x_training,1841.190048,81,221.836,13370.3125,95,975,10001,"[0, 100000]","[0, 100000]",0,0,3125,27978
yolov8x_training,1842.233123,81,220.381,13370.3125,95,930,10001,"[0, 100000]","[0, 100000]",0,0,4541,14599
yolov8x_training,1843.276309,81,220.712,13370.3125,82,915,10001,"[0, 100000]","[0, 100000]",0,0,2685,11767
yolov8x_training,1844.319321,86,223.203,13370.3125,70,900,10001,"[0, 100000]","[0, 100000]",0,0,2392,8398
yolov8x_training,1845.363230,86,222.538,13370.3125,75,885,10001,"[0, 100000]","[0, 100000]",0,0,19433,292
yolov8x_training,1846.406015,85,223.965,13370.3125,55,930,10001,"[0, 100000]","[0, 100000]",0,0,341,341
yolov8x_training,1847.448678,85,227.074,13370.3125,34,930,10001,"[0, 100000]","[0, 100000]",0,0,292,292
yolov8x_training,1848.491243,85,231.299,13370.3125,18,915,10001,"[0, 100000]","[0, 100000]",0,0,341,1037500
yolov8x_training,1849.534007,86,232.024,13370.3125,9,1890,10001,"[0, 100000]","[0, 100000]",0,0,341,1036962
yolov8x_training,1850.576942,81,229.687,13370.3125,51,990,10001,"[0, 100000]","[0, 100000]",0,0,4003,35449
yolov8x_training,1851.643149,81,224.067,13370.3125,67,945,10001,"[0, 100000]","[0, 100000]",0,0,15136,27929
yolov8x_training,1852.686059,81,230.007,13370.3125,77,930,10001,"[0, 100000]","[0, 100000]",0,0,4541,17236
yolov8x_training,1853.729003,81,219.564,13370.3125,71,960,10001,"[0, 100000]","[0, 100000]",0,0,4101,14794
yolov8x_training,1854.771802,81,219.282,13370.3125,81,915,10001,"[0, 100000]","[0, 100000]",0,0,2734,10449
yolov8x_training,1855.814616,86,220.563,13370.3125,91,915,10001,"[0, 100000]","[0, 100000]",0,0,2246,2343
yolov8x_training,1856.857678,82,209.566,13370.3125,100,2655,10001,"[0, 100000]","[0, 100000]",0,0,341,1036230
yolov8x_training,1857.901817,80,211.115,13370.3125,38,945,10001,"[0, 100000]","[0, 100000]",0,0,3417,13916
yolov8x_training,1858.947022,85,188.925,13370.3125,0,1125,10001,"[0, 100000]","[0, 100000]",0,0,292,244
yolov8x_training,1859.998294,84,200.579,13370.3125,89,1252,10001,"[0, 100000]","[0, 100000]",0,0,14355,27783
yolov8x_training,1861.041780,80,215.073,13370.3125,85,900,10001,"[0, 100000]","[0, 100000]",0,0,292,292
yolov8x_training,1862.084867,83,197.377,13370.3125,8,2505,10001,"[0, 100000]","[0, 100000]",0,0,6298,90478
yolov8x_training,1863.144465,82,214.257,13370.3125,88,1095,10001,"[0, 100000]","[0, 100000]",0,0,2148,292
yolov8x_training,1864.187401,80,196.155,13370.3125,41,1065,10001,"[0, 100000]","[0, 100000]",0,0,6298,94677
yolov8x_training,1865.252602,85,195.260,13370.3125,89,2655,10001,"[0, 100000]","[0, 100000]",0,0,1123,292
yolov8x_training,1866.296172,81,217.015,13370.3125,33,1080,10001,"[0, 100000]","[0, 100000]",0,0,4003,34912
yolov8x_training,1867.356524,82,196.205,13370.3125,50,1860,10001,"[0, 100000]","[0, 100000]",0,0,2197,2539
yolov8x_training,1868.400248,83,195.471,13370.3125,100,2655,10001,"[0, 100000]","[0, 100000]",0,0,292,1039892
yolov8x_training,1869.443268,80,222.117,13370.3125,0,945,10001,"[0, 100000]","[0, 100000]",0,0,2294,3271
yolov8x_training,1870.486156,80,222.211,13370.3125,63,1260,10001,"[0, 100000]","[0, 100000]",0,0,341,292
yolov8x_training,1871.528801,80,235.958,13370.3125,74,1035,10001,"[0, 100000]","[0, 100000]",0,0,341,292
yolov8x_training,1872.571476,81,239.127,13370.3125,52,1545,10001,"[0, 100000]","[0, 100000]",0,0,4052,36083
yolov8x_training,1873.631522,80,224.169,13370.3125,54,1455,10001,"[0, 100000]","[0, 100000]",0,0,15234,31347
yolov8x_training,1874.674733,80,224.827,13370.3125,64,1245,10001,"[0, 100000]","[0, 100000]",0,0,3076,25390
yolov8x_training,1875.717681,80,223.001,13370.3125,61,1110,10001,"[0, 100000]","[0, 100000]",0,0,3271,14599
yolov8x_training,1876.760737,80,222.680,13370.3125,59,1245,10001,"[0, 100000]","[0, 100000]",0,0,2441,10644
yolov8x_training,1877.803730,80,222.783,13370.3125,60,1320,10001,"[0, 100000]","[0, 100000]",0,0,19531,292
yolov8x_training,1878.846477,85,225.929,13370.3125,59,1500,10001,"[0, 100000]","[0, 100000]",0,0,341,1030322
yolov8x_training,1879.889410,85,224.759,13370.3125,55,1410,10001,"[0, 100000]","[0, 100000]",0,0,4199,34814
yolov8x_training,1880.950404,85,225.000,13370.3125,39,1995,10001,"[0, 100000]","[0, 100000]",0,0,10937,34521
yolov8x_training,1881.993227,85,228.989,13370.3125,36,2175,10001,"[0, 100000]","[0, 100000]",0,0,2929,23144
yolov8x_training,1883.036282,85,229.614,13370.3125,38,1065,10001,"[0, 100000]","[0, 100000]",0,0,2880,12304
yolov8x_training,1884.079666,85,226.721,13370.3125,45,1260,10001,"[0, 100000]","[0, 100000]",0,0,2343,8349
yolov8x_training,1885.123233,85,234.225,13370.3125,42,1320,10001,"[0, 100000]","[0, 100000]",0,0,2099,488
yolov8x_training,1886.166607,85,233.590,13370.3125,61,1050,10001,"[0, 100000]","[0, 100000]",0,0,292,341
yolov8x_training,1887.209397,85,233.700,13370.3125,96,1065,10001,"[0, 100000]","[0, 100000]",0,0,341,292
yolov8x_training,1888.251956,86,229.531,13370.3125,100,1620,10001,"[0, 100000]","[0, 100000]",0,0,341,1030566
yolov8x_training,1889.294720,83,230.578,13370.3125,100,2505,10001,"[0, 100000]","[0, 100000]",0,0,89111,17822
yolov8x_training,1890.338319,84,232.496,13370.3125,95,2505,10001,"[0, 100000]","[0, 100000]",0,0,90771,36132
yolov8x_training,1891.420820,84,233.362,13370.3125,99,2505,10001,"[0, 100000]","[0, 100000]",0,0,14794,28759
yolov8x_training,1892.463824,85,232.132,13370.3125,95,2325,10001,"[0, 100000]","[0, 100000]",0,0,3613,27050
yolov8x_training,1893.507787,85,225.700,13370.3125,96,1875,10001,"[0, 100000]","[0, 100000]",0,0,4443,19287
yolov8x_training,1894.550673,85,221.298,13370.3125,95,1170,10001,"[0, 100000]","[0, 100000]",0,0,3222,14794
yolov8x_training,1895.593632,85,221.246,13370.3125,96,1020,10001,"[0, 100000]","[0, 100000]",0,0,2783,10058
yolov8x_training,1896.637059,85,230.679,13370.3125,94,960,10001,"[0, 100000]","[0, 100000]",0,0,4980,100976
yolov8x_training,1897.680618,86,232.346,13370.3125,81,1035,10001,"[0, 100000]","[0, 100000]",0,0,292,341
yolov8x_training,1898.723295,86,233.447,13370.3125,69,1455,10001,"[0, 100000]","[0, 100000]",0,0,341,292
yolov8x_training,1899.765882,86,234.217,13370.3125,70,1800,10001,"[0, 100000]","[0, 100000]",0,0,390,945556
yolov8x_training,1900.808981,85,233.527,13370.3125,58,2505,10001,"[0, 100000]","[0, 100000]",0,0,77490,36474
yolov8x_training,1901.879985,84,227.994,13370.3125,36,1282,10001,"[0, 100000]","[0, 100000]",0,0,14941,32714
yolov8x_training,1902.923140,84,234.984,13370.3125,23,1320,10001,"[0, 100000]","[0, 100000]",0,0,4589,18115
yolov8x_training,1903.966301,84,235.245,13370.3125,14,2550,10001,"[0, 100000]","[0, 100000]",0,0,4248,19287
yolov8x_training,1905.009349,84,231.145,13370.3125,11,2550,10001,"[0, 100000]","[0, 100000]",0,0,3076,12695
yolov8x_training,1906.052635,85,227.194,13370.3125,29,900,10001,"[0, 100000]","[0, 100000]",0,0,2441,10302
yolov8x_training,1907.095957,85,228.796,13370.3125,44,915,10001,"[0, 100000]","[0, 100000]",0,0,1806,292
yolov8x_training,1908.138733,85,235.153,13370.3125,39,930,10001,"[0, 100000]","[0, 100000]",0,0,292,292
yolov8x_training,1909.181555,85,232.839,13370.3125,37,1050,10001,"[0, 100000]","[0, 100000]",0,0,341,1032031
yolov8x_training,1910.224616,85,235.456,13370.3125,67,1065,10001,"[0, 100000]","[0, 100000]",0,0,90380,30859
yolov8x_training,1911.300537,85,233.957,13370.3125,70,1245,10001,"[0, 100000]","[0, 100000]",0,0,14599,32128
yolov8x_training,1912.343828,81,232.800,13370.3125,81,1440,10001,"[0, 100000]","[0, 100000]",0,0,4003,25341
yolov8x_training,1913.386739,81,232.886,13370.3125,92,945,10001,"[0, 100000]","[0, 100000]",0,0,4589,15478
yolov8x_training,1914.429861,81,229.320,13370.3125,100,990,10001,"[0, 100000]","[0, 100000]",0,0,2490,11572
yolov8x_training,1915.472724,81,232.187,13370.3125,99,1035,10001,"[0, 100000]","[0, 100000]",0,0,2148,53564
yolov8x_training,1916.515628,82,234.241,13370.3125,100,930,10001,"[0, 100000]","[0, 100000]",0,0,1123,292
yolov8x_training,1917.558358,83,231.493,13370.3125,100,915,10001,"[0, 100000]","[0, 100000]",0,0,292,341
yolov8x_training,1918.600965,82,239.506,13370.3125,100,900,10001,"[0, 100000]","[0, 100000]",0,0,341,1038671
yolov8x_training,1919.643815,83,228.274,13370.3125,100,915,10001,"[0, 100000]","[0, 100000]",0,0,90185,27197
yolov8x_training,1920.717954,81,228.967,13370.3125,100,900,10001,"[0, 100000]","[0, 100000]",0,0,14355,32617
yolov8x_training,1921.761712,81,230.955,13370.3125,97,915,10001,"[0, 100000]","[0, 100000]",0,0,4785,17626
yolov8x_training,1922.804906,81,231.946,13370.3125,97,900,10001,"[0, 100000]","[0, 100000]",0,0,3515,26318
yolov8x_training,1923.848665,85,231.812,13370.3125,95,915,10001,"[0, 100000]","[0, 100000]",0,0,3710,12304
yolov8x_training,1924.891634,85,231.122,13370.3125,95,1215,10001,"[0, 100000]","[0, 100000]",0,0,2929,10205
yolov8x_training,1925.935265,85,233.325,13370.3125,95,1575,10001,"[0, 100000]","[0, 100000]",0,0,2246,8984
yolov8x_training,1926.978556,86,232.722,13370.3125,95,990,10001,"[0, 100000]","[0, 100000]",0,0,1171,292
yolov8x_training,1928.021230,86,234.802,13370.3125,86,960,10001,"[0, 100000]","[0, 100000]",0,0,341,292
yolov8x_training,1929.063898,86,231.654,13370.3125,71,960,10001,"[0, 100000]","[0, 100000]",0,0,341,292
yolov8x_training,1930.106530,85,232.171,13370.3125,52,900,10001,"[0, 100000]","[0, 100000]",0,0,89990,27148
yolov8x_training,1931.193179,83,226.703,13370.3125,57,915,10001,"[0, 100000]","[0, 100000]",0,0,15185,32177
yolov8x_training,1932.236106,83,230.367,13370.3125,47,900,10001,"[0, 100000]","[0, 100000]",0,0,2978,25488
yolov8x_training,1933.278978,82,229.703,13370.3125,15,885,10001,"[0, 100000]","[0, 100000]",0,0,3955,17333
yolov8x_training,1934.322428,85,230.020,13370.3125,21,900,10001,"[0, 100000]","[0, 100000]",0,0,2636,12255
yolov8x_training,1935.365448,85,233.712,13370.3125,16,930,10001,"[0, 100000]","[0, 100000]",0,0,2685,10156
yolov8x_training,1936.408545,86,232.845,13370.3125,31,885,10001,"[0, 100000]","[0, 100000]",0,0,2001,878
yolov8x_training,1937.451761,86,235.001,13370.3125,37,945,10001,"[0, 100000]","[0, 100000]",0,0,292,292
yolov8x_training,1938.494348,86,233.348,13370.3125,39,915,10001,"[0, 100000]","[0, 100000]",0,0,292,292
yolov8x_training,1939.536724,86,234.855,13370.3125,48,2265,10001,"[0, 100000]","[0, 100000]",0,0,90673,35253
yolov8x_training,1940.608716,84,232.893,13370.3125,65,1920,10001,"[0, 100000]","[0, 100000]",0,0,15478,33105
yolov8x_training,1941.652040,83,221.888,13370.3125,68,1695,10001,"[0, 100000]","[0, 100000]",0,0,4589,18164
yolov8x_training,1942.695235,85,221.594,13370.3125,65,1890,10001,"[0, 100000]","[0, 100000]",0,0,3759,12353
yolov8x_training,1943.738216,84,229.039,13370.3125,66,1830,10001,"[0, 100000]","[0, 100000]",0,0,2783,10498
yolov8x_training,1944.781054,85,219.052,13370.3125,91,1020,10001,"[0, 100000]","[0, 100000]",0,0,2099,3369
yolov8x_training,1945.824051,84,223.065,13370.3125,92,1005,10001,"[0, 100000]","[0, 100000]",0,0,341,292
yolov8x_training,1946.866710,85,222.114,13370.3125,86,1650,10001,"[0, 100000]","[0, 100000]",0,0,341,1030615
yolov8x_training,1947.909481,85,220.981,13370.3125,84,1950,10001,"[0, 100000]","[0, 100000]",0,0,89013,19335
yolov8x_training,1948.986319,85,222.551,13370.3125,100,1290,10001,"[0, 100000]","[0, 100000]",0,0,15234,31591
yolov8x_training,1950.029282,85,224.892,13370.3125,100,1005,10001,"[0, 100000]","[0, 100000]",0,0,4980,21777
yolov8x_training,1951.072361,85,226.370,13370.3125,100,1035,10001,"[0, 100000]","[0, 100000]",0,0,4394,15087
yolov8x_training,1952.115224,85,226.324,13370.3125,100,990,10001,"[0, 100000]","[0, 100000]",0,0,2685,10107
yolov8x_training,1953.158069,85,239.535,13370.3125,100,1080,10001,"[0, 100000]","[0, 100000]",0,0,2099,125683
yolov8x_training,1954.200986,85,232.949,13370.3125,100,1155,10001,"[0, 100000]","[0, 100000]",0,0,634,292
yolov8x_training,1955.243950,86,231.106,13370.3125,92,2505,10001,"[0, 100000]","[0, 100000]",0,0,1171,292
yolov8x_training,1956.287106,81,219.021,13370.3125,15,900,10001,"[0, 100000]","[0, 100000]",0,0,3125,21533
yolov8x_training,1957.330150,85,232.613,13370.3125,26,915,10001,"[0, 100000]","[0, 100000]",0,0,2978,9960
yolov8x_training,1958.373453,85,237.287,13370.3125,20,945,10001,"[0, 100000]","[0, 100000]",0,0,2294,1416
yolov8x_training,1959.417252,86,234.903,13370.3125,22,885,10001,"[0, 100000]","[0, 100000]",0,0,390,292
yolov8x_training,1960.459930,86,235.474,13370.3125,15,915,10001,"[0, 100000]","[0, 100000]",0,0,90234,28662
yolov8x_training,1961.539224,85,232.142,13370.3125,35,1665,10001,"[0, 100000]","[0, 100000]",0,0,15087,21240
yolov8x_training,1962.582251,85,231.548,13370.3125,33,2610,10001,"[0, 100000]","[0, 100000]",0,0,3173,26367
yolov8x_training,1963.625185,86,241.405,13370.3125,33,2625,10001,"[0, 100000]","[0, 100000]",0,0,3027,10156
yolov8x_training,1964.668729,85,226.850,13370.3125,36,802,10001,"[0, 100000]","[0, 100000]",0,0,2343,7861
yolov8x_training,1965.711890,85,233.527,13370.3125,35,2355,10001,"[0, 100000]","[0, 100000]",0,0,341,292
yolov8x_training,1966.754735,85,238.375,13370.3125,38,1350,10001,"[0, 100000]","[0, 100000]",0,0,341,341
yolov8x_training,1967.796738,86,236.178,13370.3125,17,1605,10001,"[0, 100000]","[0, 100000]",0,0,2880,38720
yolov8x_training,1968.865408,81,235.225,13370.3125,16,2145,10001,"[0, 100000]","[0, 100000]",0,0,10058,33984
yolov8x_training,1969.908254,84,232.146,13370.3125,39,1470,10001,"[0, 100000]","[0, 100000]",0,0,4589,14843
yolov8x_training,1970.951383,86,246.484,13370.3125,61,1110,10001,"[0, 100000]","[0, 100000]",0,0,2294,7373
yolov8x_training,1971.994577,87,234.395,13370.3125,74,1035,10001,"[0, 100000]","[0, 100000]",0,0,14892,292
yolov8x_training,1973.037784,86,235.294,13370.3125,64,975,10001,"[0, 100000]","[0, 100000]",0,0,341,292
yolov8x_training,1974.080374,85,233.008,13370.3125,63,990,10001,"[0, 100000]","[0, 100000]",0,0,341,1041113
yolov8x_training,1975.123243,86,232.500,13370.3125,53,975,10001,"[0, 100000]","[0, 100000]",0,0,341,1039941
yolov8x_training,1976.166040,84,218.020,13370.3125,9,1155,10001,"[0, 100000]","[0, 100000]",0,0,341,292
yolov8x_training,1977.208652,84,234.449,13370.3125,94,1305,10001,"[0, 100000]","[0, 100000]",0,0,89648,20947
yolov8x_training,1978.285750,85,236.580,13370.3125,83,1200,10001,"[0, 100000]","[0, 100000]",0,0,15185,29296
yolov8x_training,1979.329035,85,234.431,13370.3125,84,1875,10001,"[0, 100000]","[0, 100000]",0,0,3613,25390
yolov8x_training,1980.372616,84,240.935,13370.3125,78,1125,10001,"[0, 100000]","[0, 100000]",0,0,2929,13281
yolov8x_training,1981.415528,85,235.925,13370.3125,83,1275,10001,"[0, 100000]","[0, 100000]",0,0,2490,9082
yolov8x_training,1982.459451,87,231.436,13370.3125,100,1185,10001,"[0, 100000]","[0, 100000]",0,0,1953,439
yolov8x_training,1983.502448,85,232.029,13370.3125,98,1545,10001,"[0, 100000]","[0, 100000]",0,0,341,341
yolov8x_training,1984.545038,86,237.132,13370.3125,92,1320,10001,"[0, 100000]","[0, 100000]",0,0,52294,206933
yolov8x_training,1985.587794,86,232.952,13370.3125,92,1665,10001,"[0, 100000]","[0, 100000]",0,0,6298,100878
yolov8x_training,1986.659737,86,220.710,13370.3125,87,1770,10001,"[0, 100000]","[0, 100000]",0,0,5029,17089
yolov8x_training,1987.702972,85,223.132,13370.3125,100,1905,10001,"[0, 100000]","[0, 100000]",0,0,2880,12597
yolov8x_training,1988.746138,85,228.884,13370.3125,58,2400,10001,"[0, 100000]","[0, 100000]",0,0,2001,488
yolov8x_training,1989.789344,86,225.208,13370.3125,43,2640,10001,"[0, 100000]","[0, 100000]",0,0,341,292
yolov8x_training,1990.831958,82,227.013,13370.3125,49,2640,10001,"[0, 100000]","[0, 100000]",0,0,341,1035791
yolov8x_training,1991.874730,82,226.138,13370.3125,58,2610,10001,"[0, 100000]","[0, 100000]",0,0,6298,103076
yolov8x_training,1992.934165,82,228.968,13370.3125,54,2625,10001,"[0, 100000]","[0, 100000]",0,0,4150,21386
yolov8x_training,1994.002023,84,221.415,13370.3125,49,2565,10001,"[0, 100000]","[0, 100000]",0,0,14404,30468
yolov8x_training,1995.045126,84,216.114,13370.3125,100,975,10001,"[0, 100000]","[0, 100000]",0,0,6005,292
yolov8x_training,1996.088308,84,195.550,13370.3125,1,915,10001,"[0, 100000]","[0, 100000]",0,0,2294,3320
yolov8x_training,1997.131182,85,233.303,13370.3125,72,915,10001,"[0, 100000]","[0, 100000]",0,0,341,292
yolov8x_training,1998.173806,84,233.898,13370.3125,75,960,10001,"[0, 100000]","[0, 100000]",0,0,341,292
yolov8x_training,1999.216329,84,237.386,13370.3125,82,945,10001,"[0, 100000]","[0, 100000]",0,0,3271,36621
yolov8x_training,2000.281353,84,235.063,13370.3125,72,930,10001,"[0, 100000]","[0, 100000]",0,0,5957,28222
yolov8x_training,2001.324265,85,232.913,13370.3125,89,1065,10001,"[0, 100000]","[0, 100000]",0,0,4785,20849
yolov8x_training,2002.367628,86,233.625,13370.3125,97,1080,10001,"[0, 100000]","[0, 100000]",0,0,3466,13720
yolov8x_training,2003.410589,86,237.665,13370.3125,95,960,10001,"[0, 100000]","[0, 100000]",0,0,2929,9326
yolov8x_training,2004.454230,86,232.877,13370.3125,100,1110,10001,"[0, 100000]","[0, 100000]",0,0,2099,125732
yolov8x_training,2005.497965,86,233.917,13370.3125,100,1215,10001,"[0, 100000]","[0, 100000]",0,0,341,292
yolov8x_training,2006.540603,83,234.057,13370.3125,100,1005,10001,"[0, 100000]","[0, 100000]",0,0,341,292
yolov8x_training,2007.583235,81,235.662,13370.3125,100,930,10001,"[0, 100000]","[0, 100000]",0,0,341,292
yolov8x_training,2008.625857,81,232.937,13370.3125,96,930,10001,"[0, 100000]","[0, 100000]",0,0,341,1041406
yolov8x_training,2009.695023,81,235.214,13370.3125,94,915,10001,"[0, 100000]","[0, 100000]",0,0,15185,33154
yolov8x_training,2010.737934,81,236.450,13370.3125,99,915,10001,"[0, 100000]","[0, 100000]",0,0,3173,27148
yolov8x_training,2011.781346,81,232.441,13370.3125,100,885,10001,"[0, 100000]","[0, 100000]",0,0,3613,13281
yolov8x_training,2012.824252,81,232.659,13370.3125,95,915,10001,"[0, 100000]","[0, 100000]",0,0,2636,10937
yolov8x_training,2013.867830,85,231.558,13370.3125,95,885,10001,"[0, 100000]","[0, 100000]",0,0,4296,16406
yolov8x_training,2014.910970,86,193.856,13370.3125,0,2535,10001,"[0, 100000]","[0, 100000]",0,0,341,292
yolov8x_training,2015.981288,81,190.389,13370.3125,88,990,10001,"[0, 100000]","[0, 100000]",0,0,13818,31494
yolov8x_training,2017.024728,85,215.672,13370.3125,100,945,10001,"[0, 100000]","[0, 100000]",0,0,341,292
yolov8x_training,2018.067544,86,206.039,13370.3125,0,2505,10001,"[0, 100000]","[0, 100000]",0,0,4931,84033
yolov8x_training,2019.142314,81,204.629,13370.3125,79,945,10001,"[0, 100000]","[0, 100000]",0,0,6591,292
yolov8x_training,2020.218994,85,205.860,13370.3125,91,1050,10001,"[0, 100000]","[0, 100000]",0,0,13427,36474
yolov8x_training,2021.262342,84,198.186,13370.3125,89,1252,10001,"[0, 100000]","[0, 100000]",0,0,341,292
yolov8x_training,2022.308778,80,214.072,13370.3125,23,900,10001,"[0, 100000]","[0, 100000]",0,0,14257,30712
yolov8x_training,2023.352112,85,195.010,13370.3125,57,2505,10001,"[0, 100000]","[0, 100000]",0,0,292,292
yolov8x_training,2024.422612,80,199.231,13370.3125,100,1785,10001,"[0, 100000]","[0, 100000]",0,0,14257,30761
yolov8x_training,2025.466218,82,215.262,13370.3125,0,960,10001,"[0, 100000]","[0, 100000]",0,0,341,244
yolov8x_training,2026.520416,84,188.732,13370.3125,89,2505,10001,"[0, 100000]","[0, 100000]",0,0,14111,34228
yolov8x_training,2027.563900,85,205.646,13370.3125,76,2055,10001,"[0, 100000]","[0, 100000]",0,0,90625,34179
yolov8x_training,2028.636032,85,221.740,13370.3125,98,2115,10001,"[0, 100000]","[0, 100000]",0,0,4785,21533
yolov8x_training,2029.679246,85,222.963,13370.3125,100,2130,10001,"[0, 100000]","[0, 100000]",0,0,4443,16259
yolov8x_training,2030.722271,85,221.548,13370.3125,99,2025,10001,"[0, 100000]","[0, 100000]",0,0,3076,10107
yolov8x_training,2031.765898,83,232.109,13370.3125,78,2460,10001,"[0, 100000]","[0, 100000]",0,0,976,292
yolov8x_training,2032.808945,83,222.004,13370.3125,66,2640,10001,"[0, 100000]","[0, 100000]",0,0,341,292
yolov8x_training,2033.851494,82,222.993,13370.3125,71,2640,10001,"[0, 100000]","[0, 100000]",0,0,3613,35253
yolov8x_training,2034.914136,82,224.433,13370.3125,68,2595,10001,"[0, 100000]","[0, 100000]",0,0,6787,27490
yolov8x_training,2035.957107,81,229.767,13370.3125,49,1267,10001,"[0, 100000]","[0, 100000]",0,0,4492,14990
yolov8x_training,2036.999943,81,235.112,13370.3125,30,1020,10001,"[0, 100000]","[0, 100000]",0,0,2246,8642
yolov8x_training,2038.043255,81,231.685,13370.3125,17,990,10001,"[0, 100000]","[0, 100000]",0,0,5859,292
yolov8x_training,2039.085980,81,232.273,13370.3125,17,960,10001,"[0, 100000]","[0, 100000]",0,0,341,1033642
yolov8x_training,2040.128932,81,230.301,13370.3125,17,1020,10001,"[0, 100000]","[0, 100000]",0,0,6689,103613
yolov8x_training,2041.184967,84,232.008,13370.3125,34,1020,10001,"[0, 100000]","[0, 100000]",0,0,3955,25292
yolov8x_training,2042.228448,85,227.811,13370.3125,54,2070,10001,"[0, 100000]","[0, 100000]",0,0,3564,11914
yolov8x_training,2043.271276,85,223.850,13370.3125,67,2025,10001,"[0, 100000]","[0, 100000]",0,0,2539,6933
yolov8x_training,2044.314382,85,234.578,13370.3125,75,2190,10001,"[0, 100000]","[0, 100000]",0,0,341,292
yolov8x_training,2045.357003,84,223.425,13370.3125,71,2265,10001,"[0, 100000]","[0, 100000]",0,0,341,1031298
yolov8x_training,2046.399535,84,224.183,13370.3125,60,2280,10001,"[0, 100000]","[0, 100000]",0,0,3808,35498
yolov8x_training,2047.461355,85,222.648,13370.3125,91,2520,10001,"[0, 100000]","[0, 100000]",0,0,3857,19824
yolov8x_training,2048.504713,84,235.061,13370.3125,94,1170,10001,"[0, 100000]","[0, 100000]",0,0,3222,14746
yolov8x_training,2049.547738,83,220.171,13370.3125,100,930,10001,"[0, 100000]","[0, 100000]",0,0,2441,7910
yolov8x_training,2050.591077,84,240.283,13370.3125,100,900,10001,"[0, 100000]","[0, 100000]",0,0,878,292
yolov8x_training,2051.633805,83,228.853,13370.3125,100,915,10001,"[0, 100000]","[0, 100000]",0,0,292,292
yolov8x_training,2052.676575,82,228.115,13370.3125,100,915,10001,"[0, 100000]","[0, 100000]",0,0,89746,23437
yolov8x_training,2053.754817,82,231.340,13370.3125,100,900,10001,"[0, 100000]","[0, 100000]",0,0,4882,17626
yolov8x_training,2054.797968,82,224.370,13370.3125,100,900,10001,"[0, 100000]","[0, 100000]",0,0,3466,12744
yolov8x_training,2055.840824,85,230.495,13370.3125,100,915,10001,"[0, 100000]","[0, 100000]",0,0,2636,6591
yolov8x_training,2056.884043,86,222.945,13370.3125,87,900,10001,"[0, 100000]","[0, 100000]",0,0,927,292
yolov8x_training,2057.927073,85,235.618,13370.3125,97,915,10001,"[0, 100000]","[0, 100000]",0,0,341,292
yolov8x_training,2058.997673,87,222.610,13370.3125,83,945,10001,"[0, 100000]","[0, 100000]",0,0,15380,24951
yolov8x_training,2060.040855,86,222.720,13370.3125,68,2445,10001,"[0, 100000]","[0, 100000]",0,0,3466,27636
yolov8x_training,2061.083674,85,230.523,13370.3125,43,1545,10001,"[0, 100000]","[0, 100000]",0,0,2636,11132
yolov8x_training,2062.126892,85,232.855,13370.3125,21,1560,10001,"[0, 100000]","[0, 100000]",0,0,2539,3466
yolov8x_training,2063.169988,85,233.059,13370.3125,35,1605,10001,"[0, 100000]","[0, 100000]",0,0,14501,341
yolov8x_training,2064.213509,85,235.115,13370.3125,49,1320,10001,"[0, 100000]","[0, 100000]",0,0,341,1030859
yolov8x_training,2065.256032,85,234.726,13370.3125,37,1275,10001,"[0, 100000]","[0, 100000]",0,0,3857,35156
yolov8x_training,2066.335879,85,232.787,13370.3125,51,960,10001,"[0, 100000]","[0, 100000]",0,0,15136,28466
yolov8x_training,2067.378762,84,236.964,13370.3125,54,2130,10001,"[0, 100000]","[0, 100000]",0,0,3320,21728
yolov8x_training,2068.422082,81,232.880,13370.3125,62,1020,10001,"[0, 100000]","[0, 100000]",0,0,3662,13720
yolov8x_training,2069.464960,81,240.563,13370.3125,50,1035,10001,"[0, 100000]","[0, 100000]",0,0,2441,8349
yolov8x_training,2070.508078,81,234.778,13370.3125,60,990,10001,"[0, 100000]","[0, 100000]",0,0,830,292
yolov8x_training,2071.550955,81,237.082,13370.3125,87,900,10001,"[0, 100000]","[0, 100000]",0,0,341,292
yolov8x_training,2072.593534,81,232.839,13370.3125,86,915,10001,"[0, 100000]","[0, 100000]",0,0,341,1028417
yolov8x_training,2073.670173,81,224.825,13370.3125,66,1485,10001,"[0, 100000]","[0, 100000]",0,0,15185,29296
yolov8x_training,2074.713357,81,227.978,13370.3125,81,990,10001,"[0, 100000]","[0, 100000]",0,0,4638,16210
yolov8x_training,2075.756211,81,220.477,13370.3125,96,930,10001,"[0, 100000]","[0, 100000]",0,0,3710,26318
yolov8x_training,2076.799850,82,223.828,13370.3125,100,945,10001,"[0, 100000]","[0, 100000]",0,0,3173,12695
yolov8x_training,2077.842831,86,222.727,13370.3125,100,945,10001,"[0, 100000]","[0, 100000]",0,0,2441,7617
yolov8x_training,2078.885880,86,230.734,13370.3125,100,915,10001,"[0, 100000]","[0, 100000]",0,0,390,292
yolov8x_training,2079.928531,86,222.172,13370.3125,100,930,10001,"[0, 100000]","[0, 100000]",0,0,341,1030078
yolov8x_training,2080.971344,86,222.626,13370.3125,91,975,10001,"[0, 100000]","[0, 100000]",0,0,3369,35449
yolov8x_training,2082.035730,85,220.102,13370.3125,93,960,10001,"[0, 100000]","[0, 100000]",0,0,9082,26904
yolov8x_training,2083.078659,85,223.483,13370.3125,93,1725,10001,"[0, 100000]","[0, 100000]",0,0,3173,26708
yolov8x_training,2084.121817,85,231.549,13370.3125,100,945,10001,"[0, 100000]","[0, 100000]",0,0,3173,10058
yolov8x_training,2085.165431,86,234.826,13370.3125,69,1410,10001,"[0, 100000]","[0, 100000]",0,0,1269,292
yolov8x_training,2086.207576,86,238.517,13370.3125,60,1605,10001,"[0, 100000]","[0, 100000]",0,0,341,292
yolov8x_training,2087.250191,85,242.334,13370.3125,22,915,10001,"[0, 100000]","[0, 100000]",0,0,6298,103222
yolov8x_training,2088.307776,85,233.846,13370.3125,26,960,10001,"[0, 100000]","[0, 100000]",0,0,3027,27001
yolov8x_training,2089.350623,87,233.529,13370.3125,23,1005,10001,"[0, 100000]","[0, 100000]",0,0,2880,11914
yolov8x_training,2090.394133,86,237.149,13370.3125,27,990,10001,"[0, 100000]","[0, 100000]",0,0,2685,6542
yolov8x_training,2091.437503,86,229.479,13370.3125,19,915,10001,"[0, 100000]","[0, 100000]",0,0,1025,292
yolov8x_training,2092.480593,85,232.897,13370.3125,44,915,10001,"[0, 100000]","[0, 100000]",0,0,341,1030322
yolov8x_training,2093.523514,84,228.973,13370.3125,39,930,10001,"[0, 100000]","[0, 100000]",0,0,6494,103417
yolov8x_training,2094.608412,86,230.705,13370.3125,12,2505,10001,"[0, 100000]","[0, 100000]",0,0,15283,27148
yolov8x_training,2095.651544,83,229.153,13370.3125,33,1905,10001,"[0, 100000]","[0, 100000]",0,0,14941,29882
yolov8x_training,2096.694509,81,219.068,13370.3125,50,1290,10001,"[0, 100000]","[0, 100000]",0,0,5078,17382
yolov8x_training,2097.738428,81,237.492,13370.3125,56,1290,10001,"[0, 100000]","[0, 100000]",0,0,3808,14160
yolov8x_training,2098.782004,81,223.442,13370.3125,68,1065,10001,"[0, 100000]","[0, 100000]",0,0,2539,9863
yolov8x_training,2099.825051,81,225.418,13370.3125,66,975,10001,"[0, 100000]","[0, 100000]",0,0,2587,3857
yolov8x_training,2100.868079,86,218.794,13370.3125,82,975,10001,"[0, 100000]","[0, 100000]",0,0,488,292
yolov8x_training,2101.911083,86,220.792,13370.3125,92,990,10001,"[0, 100000]","[0, 100000]",0,0,341,341
yolov8x_training,2102.953587,86,233.977,13370.3125,87,960,10001,"[0, 100000]","[0, 100000]",0,0,3369,35546
yolov8x_training,2104.030792,86,222.820,13370.3125,98,930,10001,"[0, 100000]","[0, 100000]",0,0,15234,30273
yolov8x_training,2105.073707,86,230.566,13370.3125,95,1275,10001,"[0, 100000]","[0, 100000]",0,0,4638,17871
yolov8x_training,2106.116761,86,220.471,13370.3125,100,2505,10001,"[0, 100000]","[0, 100000]",0,0,3613,11376
yolov8x_training,2107.159855,87,239.686,13370.3125,100,1275,10001,"[0, 100000]","[0, 100000]",0,0,2734,10791
yolov8x_training,2108.202896,84,226.323,13370.3125,100,2565,10001,"[0, 100000]","[0, 100000]",0,0,2246,8398
yolov8x_training,2109.245923,86,236.005,13370.3125,100,2640,10001,"[0, 100000]","[0, 100000]",0,0,1806,292
yolov8x_training,2110.288712,86,231.583,13370.3125,94,2400,10001,"[0, 100000]","[0, 100000]",0,0,341,341
yolov8x_training,2111.331383,86,234.580,13370.3125,96,2505,10001,"[0, 100000]","[0, 100000]",0,0,341,244
yolov8x_training,2112.374091,86,222.671,13370.3125,93,1800,10001,"[0, 100000]","[0, 100000]",0,0,341,292
yolov8x_training,2113.416528,86,225.861,13370.3125,95,1065,10001,"[0, 100000]","[0, 100000]",0,0,2978,38964
yolov8x_training,2114.484304,86,221.468,13370.3125,94,1245,10001,"[0, 100000]","[0, 100000]",0,0,14111,31201
yolov8x_training,2115.527736,86,245.563,13370.3125,95,2505,10001,"[0, 100000]","[0, 100000]",0,0,4101,15820
yolov8x_training,2116.571100,85,236.266,13370.3125,100,945,10001,"[0, 100000]","[0, 100000]",0,0,2392,23828
yolov8x_training,2117.614558,85,229.128,13370.3125,95,930,10001,"[0, 100000]","[0, 100000]",0,0,341,292
yolov8x_training,2118.657279,85,233.293,13370.3125,100,915,10001,"[0, 100000]","[0, 100000]",0,0,3417,35351
yolov8x_training,2119.732313,83,228.044,13370.3125,100,900,10001,"[0, 100000]","[0, 100000]",0,0,15234,32861
yolov8x_training,2120.775513,83,233.322,13370.3125,100,900,10001,"[0, 100000]","[0, 100000]",0,0,3613,24414
yolov8x_training,2121.818633,83,229.273,13370.3125,100,930,10001,"[0, 100000]","[0, 100000]",0,0,2587,11279
yolov8x_training,2122.861826,87,224.932,13370.3125,100,945,10001,"[0, 100000]","[0, 100000]",0,0,878,292
yolov8x_training,2123.904531,86,224.502,13370.3125,100,975,10001,"[0, 100000]","[0, 100000]",0,0,341,292
yolov8x_training,2124.947435,87,223.004,13370.3125,92,1005,10001,"[0, 100000]","[0, 100000]",0,0,88769,15917
yolov8x_training,2125.990495,86,222.213,13370.3125,100,975,10001,"[0, 100000]","[0, 100000]",0,0,3906,35644
yolov8x_training,2127.050628,85,223.876,13370.3125,100,1050,10001,"[0, 100000]","[0, 100000]",0,0,15185,29833
yolov8x_training,2128.093497,84,227.061,13370.3125,100,1170,10001,"[0, 100000]","[0, 100000]",0,0,3564,26708
yolov8x_training,2129.136819,86,229.311,13370.3125,100,1110,10001,"[0, 100000]","[0, 100000]",0,0,2685,11669
yolov8x_training,2130.180327,85,235.916,13370.3125,100,1305,10001,"[0, 100000]","[0, 100000]",0,0,2441,6347
yolov8x_training,2131.225666,86,232.260,13370.3125,100,960,10001,"[0, 100000]","[0, 100000]",0,0,341,292
yolov8x_training,2132.268301,85,237.071,13370.3125,100,990,10001,"[0, 100000]","[0, 100000]",0,0,341,1039550
yolov8x_training,2133.311113,85,237.339,13370.3125,99,990,10001,"[0, 100000]","[0, 100000]",0,0,6396,104492
yolov8x_training,2134.364965,86,239.066,13370.3125,82,1275,10001,"[0, 100000]","[0, 100000]",0,0,5224,15039
yolov8x_training,2135.407982,86,233.655,13370.3125,89,1080,10001,"[0, 100000]","[0, 100000]",0,0,4003,15869
yolov8x_training,2136.451380,86,236.822,13370.3125,66,1800,10001,"[0, 100000]","[0, 100000]",0,0,2294,38037
yolov8x_training,2137.495069,87,237.688,13370.3125,43,1065,10001,"[0, 100000]","[0, 100000]",0,0,292,292
yolov8x_training,2138.537649,86,240.638,13370.3125,23,990,10001,"[0, 100000]","[0, 100000]",0,0,4052,35009
yolov8x_training,2139.595015,86,237.532,13370.3125,19,2505,10001,"[0, 100000]","[0, 100000]",0,0,11816,31054
yolov8x_training,2140.638156,86,233.971,13370.3125,36,2505,10001,"[0, 100000]","[0, 100000]",0,0,3955,17333
yolov8x_training,2141.681277,86,240.304,13370.3125,50,2580,10001,"[0, 100000]","[0, 100000]",0,0,2539,34130
yolov8x_training,2142.724448,85,240.624,13370.3125,71,1035,10001,"[0, 100000]","[0, 100000]",0,0,341,292
yolov8x_training,2143.767162,85,239.156,13370.3125,75,945,10001,"[0, 100000]","[0, 100000]",0,0,89550,21435
yolov8x_training,2144.833432,85,237.749,13370.3125,96,1230,10001,"[0, 100000]","[0, 100000]",0,0,15087,28076
yolov8x_training,2145.876549,86,234.644,13370.3125,96,1575,10001,"[0, 100000]","[0, 100000]",0,0,4101,16748
yolov8x_training,2146.919537,86,234.225,13370.3125,90,1275,10001,"[0, 100000]","[0, 100000]",0,0,3320,14550
yolov8x_training,2147.962922,86,233.987,13370.3125,79,1110,10001,"[0, 100000]","[0, 100000]",0,0,2539,10253
yolov8x_training,2149.006313,87,234.104,13370.3125,90,975,10001,"[0, 100000]","[0, 100000]",0,0,2001,488
yolov8x_training,2150.049418,86,235.294,13370.3125,83,960,10001,"[0, 100000]","[0, 100000]",0,0,341,292
yolov8x_training,2151.092003,86,234.773,13370.3125,75,975,10001,"[0, 100000]","[0, 100000]",0,0,292,341
yolov8x_training,2152.134476,87,235.747,13370.3125,63,930,10001,"[0, 100000]","[0, 100000]",0,0,3955,34277
yolov8x_training,2153.209404,85,228.496,13370.3125,72,915,10001,"[0, 100000]","[0, 100000]",0,0,15283,27685
yolov8x_training,2154.252552,84,233.607,13370.3125,48,900,10001,"[0, 100000]","[0, 100000]",0,0,3955,20947
yolov8x_training,2155.295615,85,230.506,13370.3125,43,930,10001,"[0, 100000]","[0, 100000]",0,0,3759,12353
yolov8x_training,2156.338522,85,230.005,13370.3125,57,885,10001,"[0, 100000]","[0, 100000]",0,0,2490,9326
yolov8x_training,2157.381615,86,228.271,13370.3125,57,930,10001,"[0, 100000]","[0, 100000]",0,0,830,292
yolov8x_training,2158.424307,86,228.706,13370.3125,53,945,10001,"[0, 100000]","[0, 100000]",0,0,341,341
yolov8x_training,2159.466891,86,232.790,13370.3125,60,1020,10001,"[0, 100000]","[0, 100000]",0,0,90722,35791
yolov8x_training,2160.539021,85,224.656,13370.3125,73,1005,10001,"[0, 100000]","[0, 100000]",0,0,4150,17773
yolov8x_training,2161.582324,85,226.100,13370.3125,89,1305,10001,"[0, 100000]","[0, 100000]",0,0,3271,15380
yolov8x_training,2162.625184,85,232.612,13370.3125,90,990,10001,"[0, 100000]","[0, 100000]",0,0,2294,3369
yolov8x_training,2163.668062,83,242.492,13370.3125,93,930,10001,"[0, 100000]","[0, 100000]",0,0,292,292
yolov8x_training,2164.710600,82,239.496,13370.3125,94,900,10001,"[0, 100000]","[0, 100000]",0,0,4052,34472
yolov8x_training,2165.771122,82,233.808,13370.3125,95,915,10001,"[0, 100000]","[0, 100000]",0,0,14794,28515
yolov8x_training,2166.814087,82,236.691,13370.3125,92,870,10001,"[0, 100000]","[0, 100000]",0,0,4492,13769
yolov8x_training,2167.857003,86,234.196,13370.3125,100,900,10001,"[0, 100000]","[0, 100000]",0,0,2587,6494
yolov8x_training,2168.899963,86,231.684,13370.3125,100,945,10001,"[0, 100000]","[0, 100000]",0,0,341,292
yolov8x_training,2169.942720,85,233.069,13370.3125,100,1035,10001,"[0, 100000]","[0, 100000]",0,0,89013,18896
yolov8x_training,2171.017660,85,222.757,13370.3125,100,1020,10001,"[0, 100000]","[0, 100000]",0,0,15039,28515
yolov8x_training,2172.060921,84,224.593,13370.3125,99,1065,10001,"[0, 100000]","[0, 100000]",0,0,3320,13769
yolov8x_training,2173.103797,85,237.009,13370.3125,83,1050,10001,"[0, 100000]","[0, 100000]",0,0,2636,10937
yolov8x_training,2174.146811,84,222.972,13370.3125,74,1020,10001,"[0, 100000]","[0, 100000]",0,0,2099,537
yolov8x_training,2175.190187,83,239.691,13370.3125,77,930,10001,"[0, 100000]","[0, 100000]",0,0,341,292
yolov8x_training,2176.232830,82,237.593,13370.3125,65,900,10001,"[0, 100000]","[0, 100000]",0,0,89990,25976
yolov8x_training,2177.305721,82,236.712,13370.3125,19,915,10001,"[0, 100000]","[0, 100000]",0,0,4296,18603
yolov8x_training,2178.349140,82,237.145,13370.3125,23,915,10001,"[0, 100000]","[0, 100000]",0,0,2490,11230
yolov8x_training,2179.392453,86,231.295,13370.3125,48,915,10001,"[0, 100000]","[0, 100000]",0,0,341,292
yolov8x_training,2180.435309,86,228.934,13370.3125,35,945,10001,"[0, 100000]","[0, 100000]",0,0,390,292
yolov8x_training,2181.477980,86,230.012,13370.3125,57,990,10001,"[0, 100000]","[0, 100000]",0,0,90576,36669
yolov8x_training,2182.548047,86,232.572,13370.3125,56,945,10001,"[0, 100000]","[0, 100000]",0,0,4150,20361
yolov8x_training,2183.591117,86,226.340,13370.3125,57,975,10001,"[0, 100000]","[0, 100000]",0,0,2978,25781
yolov8x_training,2184.634158,86,229.079,13370.3125,32,1245,10001,"[0, 100000]","[0, 100000]",0,0,3564,14843
yolov8x_training,2185.677474,86,236.427,13370.3125,44,1080,10001,"[0, 100000]","[0, 100000]",0,0,2539,7177
yolov8x_training,2186.720627,86,241.263,13370.3125,47,1005,10001,"[0, 100000]","[0, 100000]",0,0,15869,292
yolov8x_training,2187.763794,86,240.561,13370.3125,55,1065,10001,"[0, 100000]","[0, 100000]",0,0,341,1034912
yolov8x_training,2188.806476,85,241.306,13370.3125,50,1035,10001,"[0, 100000]","[0, 100000]",0,0,6835,102343
yolov8x_training,2189.875355,87,234.951,13370.3125,72,1050,10001,"[0, 100000]","[0, 100000]",0,0,5126,17431
yolov8x_training,2190.918531,86,241.478,13370.3125,75,1050,10001,"[0, 100000]","[0, 100000]",0,0,2783,13232
yolov8x_training,2191.961861,87,231.482,13370.3125,92,1305,10001,"[0, 100000]","[0, 100000]",0,0,2343,8056
yolov8x_training,2193.005076,87,236.188,13370.3125,75,1665,10001,"[0, 100000]","[0, 100000]",0,0,1074,292
yolov8x_training,2194.047800,86,232.654,13370.3125,83,2370,10001,"[0, 100000]","[0, 100000]",0,0,341,292
yolov8x_training,2195.090398,87,239.562,13370.3125,73,1005,10001,"[0, 100000]","[0, 100000]",0,0,292,996582
yolov8x_training,2196.133618,86,233.630,13370.3125,71,1035,10001,"[0, 100000]","[0, 100000]",0,0,4150,38281
yolov8x_training,2197.185757,86,232.088,13370.3125,63,1290,10001,"[0, 100000]","[0, 100000]",0,0,5029,25488
yolov8x_training,2198.229515,87,225.412,13370.3125,79,1170,10001,"[0, 100000]","[0, 100000]",0,0,4443,18554
yolov8x_training,2199.273048,87,230.682,13370.3125,80,2235,10001,"[0, 100000]","[0, 100000]",0,0,3173,10449
yolov8x_training,2200.316547,86,223.124,13370.3125,74,2100,10001,"[0, 100000]","[0, 100000]",0,0,2197,3320
yolov8x_training,2201.359451,85,223.472,13370.3125,82,1995,10001,"[0, 100000]","[0, 100000]",0,0,4882,292
yolov8x_training,2202.402305,85,224.024,13370.3125,77,1860,10001,"[0, 100000]","[0, 100000]",0,0,292,1030419
yolov8x_training,2203.445063,85,232.706,13370.3125,72,1455,10001,"[0, 100000]","[0, 100000]",0,0,4248,36718
yolov8x_training,2204.511976,86,230.906,13370.3125,71,1890,10001,"[0, 100000]","[0, 100000]",0,0,15136,29052
yolov8x_training,2205.554918,85,225.061,13370.3125,77,1035,10001,"[0, 100000]","[0, 100000]",0,0,3173,23388
yolov8x_training,2206.598116,86,231.012,13370.3125,66,1080,10001,"[0, 100000]","[0, 100000]",0,0,2783,12207
yolov8x_training,2207.640991,85,224.535,13370.3125,71,1335,10001,"[0, 100000]","[0, 100000]",0,0,2685,6591
yolov8x_training,2208.684039,86,233.874,13370.3125,64,1575,10001,"[0, 100000]","[0, 100000]",0,0,1123,292
yolov8x_training,2209.726721,86,234.559,13370.3125,58,1155,10001,"[0, 100000]","[0, 100000]",0,0,341,292
yolov8x_training,2210.769334,85,239.797,13370.3125,61,1245,10001,"[0, 100000]","[0, 100000]",0,0,341,1040527
yolov8x_training,2211.812495,86,230.275,13370.3125,49,1020,10001,"[0, 100000]","[0, 100000]",0,0,3515,35156
yolov8x_training,2212.894783,81,236.616,13370.3125,18,1252,10001,"[0, 100000]","[0, 100000]",0,0,15625,25390
yolov8x_training,2213.943185,82,233.192,13370.3125,1,2505,10001,"[0, 100000]","[0, 100000]",0,0,15185,30761
yolov8x_training,2214.986142,83,225.806,13370.3125,43,2505,10001,"[0, 100000]","[0, 100000]",0,0,13867,27343
yolov8x_training,2216.029107,85,219.759,13370.3125,83,1830,10001,"[0, 100000]","[0, 100000]",0,0,3613,26855
yolov8x_training,2217.072733,86,231.765,13370.3125,99,1275,10001,"[0, 100000]","[0, 100000]",0,0,3173,25292
yolov8x_training,2218.115609,86,229.210,13370.3125,100,975,10001,"[0, 100000]","[0, 100000]",0,0,4345,17724
yolov8x_training,2219.158714,86,228.444,13370.3125,100,2295,10001,"[0, 100000]","[0, 100000]",0,0,3564,11914
yolov8x_training,2220.201834,86,232.711,13370.3125,94,1710,10001,"[0, 100000]","[0, 100000]",0,0,2392,10546
yolov8x_training,2221.245003,86,230.175,13370.3125,95,1327,10001,"[0, 100000]","[0, 100000]",0,0,1562,292
yolov8x_training,2222.287944,86,231.599,13370.3125,94,1312,10001,"[0, 100000]","[0, 100000]",0,0,341,292
yolov8x_training,2223.330587,86,227.340,13370.3125,95,2610,10001,"[0, 100000]","[0, 100000]",0,0,292,341
yolov8x_training,2224.373239,84,225.226,13370.3125,94,1995,10001,"[0, 100000]","[0, 100000]",0,0,341,1030908
yolov8x_training,2225.415941,85,231.514,13370.3125,94,2325,10001,"[0, 100000]","[0, 100000]",0,0,4345,101318
yolov8x_training,2226.488671,85,222.892,13370.3125,86,1770,10001,"[0, 100000]","[0, 100000]",0,0,8203,31494
yolov8x_training,2227.531921,85,230.554,13370.3125,74,1500,10001,"[0, 100000]","[0, 100000]",0,0,3857,23388
yolov8x_training,2228.575095,85,222.087,13370.3125,77,1755,10001,"[0, 100000]","[0, 100000]",0,0,3271,12695
yolov8x_training,2229.618476,85,224.725,13370.3125,81,1110,10001,"[0, 100000]","[0, 100000]",0,0,2539,7958
yolov8x_training,2230.661512,85,224.487,13370.3125,66,1605,10001,"[0, 100000]","[0, 100000]",0,0,2197,3222
yolov8x_training,2231.704672,86,230.413,13370.3125,39,975,10001,"[0, 100000]","[0, 100000]",0,0,1318,292
yolov8x_training,2232.748089,86,234.656,13370.3125,33,1575,10001,"[0, 100000]","[0, 100000]",0,0,341,292
yolov8x_training,2233.790850,86,233.154,13370.3125,13,1395,10001,"[0, 100000]","[0, 100000]",0,0,341,292
yolov8x_training,2234.833446,86,239.338,13370.3125,9,2505,10001,"[0, 100000]","[0, 100000]",0,0,3076,38769
yolov8x_training,2235.900424,81,233.145,13370.3125,14,1245,10001,"[0, 100000]","[0, 100000]",0,0,7324,28369
yolov8x_training,2236.943851,81,240.108,13370.3125,24,1425,10001,"[0, 100000]","[0, 100000]",0,0,4345,18896
yolov8x_training,2237.986956,81,228.280,13370.3125,19,1155,10001,"[0, 100000]","[0, 100000]",0,0,3955,12158
yolov8x_training,2239.029929,82,233.892,13370.3125,21,2505,10001,"[0, 100000]","[0, 100000]",0,0,2636,10937
yolov8x_training,2240.072978,82,226.588,13370.3125,36,900,10001,"[0, 100000]","[0, 100000]",0,0,2539,5859
yolov8x_training,2241.116426,83,224.706,13370.3125,42,915,10001,"[0, 100000]","[0, 100000]",0,0,1367,292
yolov8x_training,2242.159199,84,221.162,13370.3125,63,885,10001,"[0, 100000]","[0, 100000]",0,0,390,292
yolov8x_training,2243.201814,85,231.972,13370.3125,74,900,10001,"[0, 100000]","[0, 100000]",0,0,341,292
yolov8x_training,2244.244530,85,228.746,13370.3125,100,1065,10001,"[0, 100000]","[0, 100000]",0,0,341,1036962
yolov8x_training,2245.287278,86,232.145,13370.3125,100,1605,10001,"[0, 100000]","[0, 100000]",0,0,3125,38720
yolov8x_training,2246.382222,81,235.086,13370.3125,100,975,10001,"[0, 100000]","[0, 100000]",0,0,15039,29589
yolov8x_training,2247.425049,81,237.596,13370.3125,100,1125,10001,"[0, 100000]","[0, 100000]",0,0,3369,21337
yolov8x_training,2248.470328,81,229.842,13370.3125,100,960,10001,"[0, 100000]","[0, 100000]",0,0,3320,14306
yolov8x_training,2249.513560,82,232.869,13370.3125,96,1380,10001,"[0, 100000]","[0, 100000]",0,0,2880,10937
yolov8x_training,2250.556555,82,229.847,13370.3125,95,2535,10001,"[0, 100000]","[0, 100000]",0,0,2441,9716
yolov8x_training,2251.599427,82,226.555,13370.3125,94,915,10001,"[0, 100000]","[0, 100000]",0,0,2197,2490
yolov8x_training,2252.642969,84,220.175,13370.3125,95,930,10001,"[0, 100000]","[0, 100000]",0,0,18847,341
yolov8x_training,2253.685981,85,235.188,13370.3125,90,945,10001,"[0, 100000]","[0, 100000]",0,0,341,292
yolov8x_training,2254.728720,85,227.073,13370.3125,80,1050,10001,"[0, 100000]","[0, 100000]",0,0,341,341
yolov8x_training,2255.771321,85,228.359,13370.3125,63,1605,10001,"[0, 100000]","[0, 100000]",0,0,88916,19238
yolov8x_training,2256.814072,86,236.741,13370.3125,48,802,10001,"[0, 100000]","[0, 100000]",0,0,4150,33593
yolov8x_training,2257.872747,81,234.720,13370.3125,32,990,10001,"[0, 100000]","[0, 100000]",0,0,15185,29150
yolov8x_training,2258.915619,82,230.191,13370.3125,95,1275,10001,"[0, 100000]","[0, 100000]",0,0,9521,32031
yolov8x_training,2259.958852,82,235.161,13370.3125,89,1545,10001,"[0, 100000]","[0, 100000]",0,0,3222,26806
yolov8x_training,2261.001929,82,231.151,13370.3125,84,765,10001,"[0, 100000]","[0, 100000]",0,0,3564,11425
yolov8x_training,2262.044919,82,233.643,13370.3125,74,2370,10001,"[0, 100000]","[0, 100000]",0,0,2490,11132
yolov8x_training,2263.087965,82,234.250,13370.3125,62,915,10001,"[0, 100000]","[0, 100000]",0,0,2001,878
yolov8x_training,2264.130875,83,233.171,13370.3125,65,915,10001,"[0, 100000]","[0, 100000]",0,0,439,341
yolov8x_training,2265.173545,84,229.788,13370.3125,41,930,10001,"[0, 100000]","[0, 100000]",0,0,341,292
yolov8x_training,2266.216220,85,231.690,13370.3125,35,930,10001,"[0, 100000]","[0, 100000]",0,0,341,1035400
yolov8x_training,2267.258780,85,232.842,13370.3125,17,915,10001,"[0, 100000]","[0, 100000]",0,0,6347,102001
yolov8x_training,2268.319962,85,232.699,13370.3125,23,1095,10001,"[0, 100000]","[0, 100000]",0,0,4394,21044
yolov8x_training,2269.363281,85,231.404,13370.3125,16,1020,10001,"[0, 100000]","[0, 100000]",0,0,4638,17529
yolov8x_training,2270.406253,84,232.670,13370.3125,29,1050,10001,"[0, 100000]","[0, 100000]",0,0,3906,15771
yolov8x_training,2271.449145,87,237.202,13370.3125,16,1080,10001,"[0, 100000]","[0, 100000]",0,0,2392,9814
yolov8x_training,2272.492234,86,234.620,13370.3125,18,1110,10001,"[0, 100000]","[0, 100000]",0,0,1806,292
yolov8x_training,2273.534931,86,235.442,13370.3125,19,1575,10001,"[0, 100000]","[0, 100000]",0,0,341,292
yolov8x_training,2274.577517,84,235.590,13370.3125,30,1980,10001,"[0, 100000]","[0, 100000]",0,0,390,984521
yolov8x_training,2275.620705,85,235.824,13370.3125,12,1815,10001,"[0, 100000]","[0, 100000]",0,0,3369,36279
yolov8x_training,2276.679901,86,234.671,13370.3125,20,1965,10001,"[0, 100000]","[0, 100000]",0,0,5908,18554
yolov8x_training,2277.722955,86,236.619,13370.3125,17,1320,10001,"[0, 100000]","[0, 100000]",0,0,4345,19580
yolov8x_training,2278.766271,83,231.292,13370.3125,39,1170,10001,"[0, 100000]","[0, 100000]",0,0,3564,14550
yolov8x_training,2279.809624,83,224.840,13370.3125,40,1020,10001,"[0, 100000]","[0, 100000]",0,0,2636,10546
yolov8x_training,2280.852990,81,220.582,13370.3125,67,960,10001,"[0, 100000]","[0, 100000]",0,0,2490,27636
yolov8x_training,2281.896452,85,218.580,13370.3125,82,960,10001,"[0, 100000]","[0, 100000]",0,0,1171,292
yolov8x_training,2282.939170,86,220.238,13370.3125,100,885,10001,"[0, 100000]","[0, 100000]",0,0,341,292
yolov8x_training,2283.981795,86,232.842,13370.3125,100,930,10001,"[0, 100000]","[0, 100000]",0,0,341,292
yolov8x_training,2285.024380,86,221.438,13370.3125,100,915,10001,"[0, 100000]","[0, 100000]",0,0,89013,18554
yolov8x_training,2286.067451,84,225.732,13370.3125,100,915,10001,"[0, 100000]","[0, 100000]",0,0,6494,102636
yolov8x_training,2287.120930,85,237.777,13370.3125,100,2385,10001,"[0, 100000]","[0, 100000]",0,0,4736,18603
yolov8x_training,2288.164063,84,227.000,13370.3125,100,1267,10001,"[0, 100000]","[0, 100000]",0,0,3662,23193
yolov8x_training,2289.207154,84,231.806,13370.3125,100,2505,10001,"[0, 100000]","[0, 100000]",0,0,2978,12255
yolov8x_training,2290.250089,86,232.313,13370.3125,100,2490,10001,"[0, 100000]","[0, 100000]",0,0,2832,10400
yolov8x_training,2291.293034,86,233.864,13370.3125,96,2505,10001,"[0, 100000]","[0, 100000]",0,0,2490,4052
yolov8x_training,2292.336618,85,231.008,13370.3125,95,2295,10001,"[0, 100000]","[0, 100000]",0,0,1855,341
yolov8x_training,2293.379348,86,228.232,13370.3125,94,2100,10001,"[0, 100000]","[0, 100000]",0,0,341,292
yolov8x_training,2294.422301,85,229.100,13370.3125,95,1200,10001,"[0, 100000]","[0, 100000]",0,0,341,1034423
yolov8x_training,2295.499849,86,229.928,13370.3125,95,1020,10001,"[0, 100000]","[0, 100000]",0,0,15136,29931
yolov8x_training,2296.542804,86,229.436,13370.3125,95,1800,10001,"[0, 100000]","[0, 100000]",0,0,4248,19677
yolov8x_training,2297.586108,86,221.575,13370.3125,95,975,10001,"[0, 100000]","[0, 100000]",0,0,3564,26220
yolov8x_training,2298.629918,86,221.580,13370.3125,94,1260,10001,"[0, 100000]","[0, 100000]",0,0,2832,12792
yolov8x_training,2299.672977,86,232.500,13370.3125,94,975,10001,"[0, 100000]","[0, 100000]",0,0,2539,11328
yolov8x_training,2300.716082,86,234.041,13370.3125,81,975,10001,"[0, 100000]","[0, 100000]",0,0,1953,488
yolov8x_training,2301.759031,86,231.685,13370.3125,74,1170,10001,"[0, 100000]","[0, 100000]",0,0,341,292
yolov8x_training,2302.801748,85,230.073,13370.3125,64,2505,10001,"[0, 100000]","[0, 100000]",0,0,341,292
yolov8x_training,2303.844792,84,233.847,13370.3125,34,2610,10001,"[0, 100000]","[0, 100000]",0,0,292,292
yolov8x_training,2304.887399,85,232.609,13370.3125,17,2520,10001,"[0, 100000]","[0, 100000]",0,0,90185,27929
yolov8x_training,2305.961009,85,234.497,13370.3125,6,2160,10001,"[0, 100000]","[0, 100000]",0,0,6738,101562
yolov8x_training,2307.028657,86,229.728,13370.3125,33,2340,10001,"[0, 100000]","[0, 100000]",0,0,4345,20458
yolov8x_training,2308.071917,85,229.182,13370.3125,42,2010,10001,"[0, 100000]","[0, 100000]",0,0,4052,16455
yolov8x_training,2309.114975,86,217.086,13370.3125,70,1470,10001,"[0, 100000]","[0, 100000]",0,0,3515,24951
yolov8x_training,2310.158105,86,232.052,13370.3125,99,2505,10001,"[0, 100000]","[0, 100000]",0,0,4541,14697
yolov8x_training,2311.201391,83,233.515,13370.3125,100,2505,10001,"[0, 100000]","[0, 100000]",0,0,3027,13281
yolov8x_training,2312.244501,83,236.186,13370.3125,100,1290,10001,"[0, 100000]","[0, 100000]",0,0,2343,8544
yolov8x_training,2313.287959,86,228.804,13370.3125,100,2340,10001,"[0, 100000]","[0, 100000]",0,0,6054,91406
yolov8x_training,2314.331825,86,239.456,13370.3125,100,1252,10001,"[0, 100000]","[0, 100000]",0,0,341,292
yolov8x_training,2315.374356,86,235.703,13370.3125,100,2505,10001,"[0, 100000]","[0, 100000]",0,0,88818,17236
yolov8x_training,2316.417860,85,235.553,13370.3125,95,2430,10001,"[0, 100000]","[0, 100000]",0,0,4394,102636
yolov8x_training,2317.495906,85,234.229,13370.3125,100,2505,10001,"[0, 100000]","[0, 100000]",0,0,3955,17382
yolov8x_training,2318.539180,85,235.260,13370.3125,100,2505,10001,"[0, 100000]","[0, 100000]",0,0,3125,15478
yolov8x_training,2319.582201,85,233.876,13370.3125,100,930,10001,"[0, 100000]","[0, 100000]",0,0,2490,11181
yolov8x_training,2320.625233,85,232.011,13370.3125,96,990,10001,"[0, 100000]","[0, 100000]",0,0,1855,292
yolov8x_training,2321.668347,85,234.123,13370.3125,99,915,10001,"[0, 100000]","[0, 100000]",0,0,341,292
yolov8x_training,2322.710999,85,232.051,13370.3125,95,930,10001,"[0, 100000]","[0, 100000]",0,0,341,1031152
yolov8x_training,2323.753770,85,230.962,13370.3125,95,885,10001,"[0, 100000]","[0, 100000]",0,0,4199,35839
yolov8x_training,2324.824281,86,236.055,13370.3125,94,930,10001,"[0, 100000]","[0, 100000]",0,0,15283,32470
yolov8x_training,2325.866944,85,230.802,13370.3125,95,930,10001,"[0, 100000]","[0, 100000]",0,0,5224,15039
yolov8x_training,2326.909638,81,231.211,13370.3125,95,1080,10001,"[0, 100000]","[0, 100000]",0,0,2880,22705
yolov8x_training,2327.952928,81,232.422,13370.3125,95,1560,10001,"[0, 100000]","[0, 100000]",0,0,3417,15039
yolov8x_training,2328.996097,81,234.848,13370.3125,85,1005,10001,"[0, 100000]","[0, 100000]",0,0,2978,10107
yolov8x_training,2330.039794,82,233.746,13370.3125,86,1050,10001,"[0, 100000]","[0, 100000]",0,0,2441,4541
yolov8x_training,2331.083132,82,233.652,13370.3125,75,930,10001,"[0, 100000]","[0, 100000]",0,0,1074,292
yolov8x_training,2332.126287,82,230.263,13370.3125,68,885,10001,"[0, 100000]","[0, 100000]",0,0,292,292
yolov8x_training,2333.168895,84,232.522,13370.3125,36,900,10001,"[0, 100000]","[0, 100000]",0,0,390,1030175
yolov8x_training,2334.211676,84,230.931,13370.3125,36,870,10001,"[0, 100000]","[0, 100000]",0,0,3515,35498
yolov8x_training,2335.276807,83,231.431,13370.3125,35,885,10001,"[0, 100000]","[0, 100000]",0,0,15136,29101
yolov8x_training,2336.319453,85,231.239,13370.3125,12,915,10001,"[0, 100000]","[0, 100000]",0,0,4296,19482
yolov8x_training,2337.362452,85,231.537,13370.3125,9,915,10001,"[0, 100000]","[0, 100000]",0,0,4345,19873
yolov8x_training,2338.405610,84,232.494,13370.3125,28,900,10001,"[0, 100000]","[0, 100000]",0,0,3369,14306
yolov8x_training,2339.448919,83,235.033,13370.3125,34,885,10001,"[0, 100000]","[0, 100000]",0,0,2636,10888
yolov8x_training,2340.491829,84,232.867,13370.3125,59,975,10001,"[0, 100000]","[0, 100000]",0,0,2246,6738
yolov8x_training,2341.535080,84,233.053,13370.3125,66,1260,10001,"[0, 100000]","[0, 100000]",0,0,18701,4443
yolov8x_training,2342.578221,86,232.619,13370.3125,88,1110,10001,"[0, 100000]","[0, 100000]",0,0,341,292
yolov8x_training,2343.620872,86,229.038,13370.3125,100,960,10001,"[0, 100000]","[0, 100000]",0,0,390,292
yolov8x_training,2344.663680,84,229.457,13370.3125,100,900,10001,"[0, 100000]","[0, 100000]",0,0,341,1040673
yolov8x_training,2345.706963,86,229.056,13370.3125,100,900,10001,"[0, 100000]","[0, 100000]",0,0,4003,35498
yolov8x_training,2346.766589,84,226.772,13370.3125,100,915,10001,"[0, 100000]","[0, 100000]",0,0,6054,25927
yolov8x_training,2347.809233,81,228.637,13370.3125,100,900,10001,"[0, 100000]","[0, 100000]",0,0,3906,24609
yolov8x_training,2348.851777,81,233.013,13370.3125,100,900,10001,"[0, 100000]","[0, 100000]",0,0,4638,14160
yolov8x_training,2349.894651,86,234.710,13370.3125,100,915,10001,"[0, 100000]","[0, 100000]",0,0,2392,8398
yolov8x_training,2350.938224,86,228.773,13370.3125,100,945,10001,"[0, 100000]","[0, 100000]",0,0,17382,12451
yolov8x_training,2351.981290,85,230.650,13370.3125,100,900,10001,"[0, 100000]","[0, 100000]",0,0,341,292
yolov8x_training,2353.023916,86,232.144,13370.3125,100,900,10001,"[0, 100000]","[0, 100000]",0,0,48095,240673
yolov8x_training,2354.066988,86,233.022,13370.3125,100,930,10001,"[0, 100000]","[0, 100000]",0,0,4638,102246
yolov8x_training,2355.143271,86,231.324,13370.3125,100,2505,10001,"[0, 100000]","[0, 100000]",0,0,5712,24169
yolov8x_training,2356.185932,86,227.663,13370.3125,96,2460,10001,"[0, 100000]","[0, 100000]",0,0,2978,26171
yolov8x_training,2357.228630,86,230.519,13370.3125,95,2505,10001,"[0, 100000]","[0, 100000]",0,0,3466,13964
yolov8x_training,2358.271677,87,232.966,13370.3125,95,2310,10001,"[0, 100000]","[0, 100000]",0,0,2392,9228
yolov8x_training,2359.314916,86,230.929,13370.3125,95,2505,10001,"[0, 100000]","[0, 100000]",0,0,1904,537
yolov8x_training,2360.358191,86,227.622,13370.3125,95,2370,10001,"[0, 100000]","[0, 100000]",0,0,341,292
yolov8x_training,2361.400889,83,222.451,13370.3125,94,2205,10001,"[0, 100000]","[0, 100000]",0,0,292,1030957
yolov8x_training,2362.443671,84,228.065,13370.3125,95,1830,10001,"[0, 100000]","[0, 100000]",0,0,89160,20166
yolov8x_training,2363.487275,85,233.312,13370.3125,94,1515,10001,"[0, 100000]","[0, 100000]",0,0,5175,101806
yolov8x_training,2364.556082,84,220.584,13370.3125,95,1335,10001,"[0, 100000]","[0, 100000]",0,0,4541,13720
yolov8x_training,2365.598893,84,222.436,13370.3125,93,1035,10001,"[0, 100000]","[0, 100000]",0,0,3222,14599
yolov8x_training,2366.641949,85,220.395,13370.3125,93,645,10001,"[0, 100000]","[0, 100000]",0,0,3173,10400
yolov8x_training,2367.685254,85,236.172,13370.3125,73,1290,10001,"[0, 100000]","[0, 100000]",0,0,2587,3417
yolov8x_training,2368.728345,85,227.913,13370.3125,75,915,10001,"[0, 100000]","[0, 100000]",0,0,1171,292
yolov8x_training,2369.771176,85,234.671,13370.3125,71,1230,10001,"[0, 100000]","[0, 100000]",0,0,341,292
yolov8x_training,2370.813910,85,235.054,13370.3125,35,1020,10001,"[0, 100000]","[0, 100000]",0,0,341,1032226
yolov8x_training,2371.856755,86,241.048,13370.3125,34,1020,10001,"[0, 100000]","[0, 100000]",0,0,4833,102148
yolov8x_training,2372.933235,83,236.042,13370.3125,51,1005,10001,"[0, 100000]","[0, 100000]",0,0,6298,34375
yolov8x_training,2373.976069,81,236.862,13370.3125,37,1095,10001,"[0, 100000]","[0, 100000]",0,0,3710,20507
yolov8x_training,2375.018836,84,222.776,13370.3125,23,2655,10001,"[0, 100000]","[0, 100000]",0,0,89306,22460
yolov8x_training,2376.062575,81,211.041,13370.3125,100,1725,10001,"[0, 100000]","[0, 100000]",0,0,2929,12597
yolov8x_training,2377.105567,84,206.664,13370.3125,18,1575,10001,"[0, 100000]","[0, 100000]",0,0,4003,15917
yolov8x_training,2378.148934,85,221.971,13370.3125,95,1560,10001,"[0, 100000]","[0, 100000]",0,0,3173,9326
yolov8x_training,2379.192467,85,228.847,13370.3125,100,1155,10001,"[0, 100000]","[0, 100000]",0,0,2636,5908
yolov8x_training,2380.235829,85,238.384,13370.3125,100,1665,10001,"[0, 100000]","[0, 100000]",0,0,341,292
yolov8x_training,2381.278398,84,238.886,13370.3125,95,1365,10001,"[0, 100000]","[0, 100000]",0,0,341,1034521
yolov8x_training,2382.320821,85,238.946,13370.3125,98,1320,10001,"[0, 100000]","[0, 100000]",0,0,3466,35546
yolov8x_training,2383.383813,85,235.193,13370.3125,92,1410,10001,"[0, 100000]","[0, 100000]",0,0,4882,16601
yolov8x_training,2384.427463,86,231.198,13370.3125,100,1275,10001,"[0, 100000]","[0, 100000]",0,0,3369,25732
yolov8x_training,2385.470811,86,235.097,13370.3125,100,1035,10001,"[0, 100000]","[0, 100000]",0,0,3369,14550
yolov8x_training,2386.513788,84,238.685,13370.3125,100,1035,10001,"[0, 100000]","[0, 100000]",0,0,2685,9228
yolov8x_training,2387.557079,84,234.466,13370.3125,100,1245,10001,"[0, 100000]","[0, 100000]",0,0,2099,105517
yolov8x_training,2388.599984,83,233.122,13370.3125,100,945,10001,"[0, 100000]","[0, 100000]",0,0,341,292
yolov8x_training,2389.642736,82,237.493,13370.3125,100,900,10001,"[0, 100000]","[0, 100000]",0,0,341,292
yolov8x_training,2390.685845,81,229.052,13370.3125,100,885,10001,"[0, 100000]","[0, 100000]",0,0,82861,37646
yolov8x_training,2391.754867,82,231.665,13370.3125,100,960,10001,"[0, 100000]","[0, 100000]",0,0,14208,22656
yolov8x_training,2392.798186,82,227.716,13370.3125,100,900,10001,"[0, 100000]","[0, 100000]",0,0,3027,27050
yolov8x_training,2393.841134,81,231.630,13370.3125,100,900,10001,"[0, 100000]","[0, 100000]",0,0,4101,13378
yolov8x_training,2394.884246,81,230.921,13370.3125,100,915,10001,"[0, 100000]","[0, 100000]",0,0,3027,10888
yolov8x_training,2395.927578,81,207.335,13370.3125,90,2295,10001,"[0, 100000]","[0, 100000]",0,0,341,244
yolov8x_training,2396.970332,86,213.558,13370.3125,100,975,10001,"[0, 100000]","[0, 100000]",0,0,1953,732
yolov8x_training,2398.013557,85,232.433,13370.3125,94,915,10001,"[0, 100000]","[0, 100000]",0,0,341,292
yolov8x_training,2399.056175,85,236.052,13370.3125,95,915,10001,"[0, 100000]","[0, 100000]",0,0,341,292
yolov8x_training,2400.098916,87,238.939,13370.3125,94,2520,10001,"[0, 100000]","[0, 100000]",0,0,90527,36181
yolov8x_training,2401.164146,86,239.609,13370.3125,93,2340,10001,"[0, 100000]","[0, 100000]",0,0,4101,20458
yolov8x_training,2402.207561,86,227.468,13370.3125,95,2505,10001,"[0, 100000]","[0, 100000]",0,0,4638,17285
yolov8x_training,2403.250806,86,232.250,13370.3125,94,2505,10001,"[0, 100000]","[0, 100000]",0,0,3027,9179
yolov8x_training,2404.323066,86,221.143,13370.3125,0,1110,10001,"[0, 100000]","[0, 100000]",0,0,14257,29785
yolov8x_training,2405.366282,85,193.794,13370.3125,89,2505,10001,"[0, 100000]","[0, 100000]",0,0,341,244
yolov8x_training,2406.409099,80,202.484,13370.3125,100,1170,10001,"[0, 100000]","[0, 100000]",0,0,6738,92822
yolov8x_training,2407.472973,81,221.428,13370.3125,97,2505,10001,"[0, 100000]","[0, 100000]",0,0,3027,37744
yolov8x_training,2408.540642,85,218.696,13370.3125,19,990,10001,"[0, 100000]","[0, 100000]",0,0,1318,292
yolov8x_training,2409.583733,85,193.060,13370.3125,32,2100,10001,"[0, 100000]","[0, 100000]",0,0,8789,771826
yolov8x_training,2410.626905,80,193.229,13370.3125,98,1245,10001,"[0, 100000]","[0, 100000]",0,0,2636,10986
yolov8x_training,2411.670086,85,222.525,13370.3125,71,2505,10001,"[0, 100000]","[0, 100000]",0,0,3857,22509
yolov8x_training,2412.713388,86,228.318,13370.3125,35,2580,10001,"[0, 100000]","[0, 100000]",0,0,3955,15039
yolov8x_training,2413.756494,85,228.784,13370.3125,17,2655,10001,"[0, 100000]","[0, 100000]",0,0,2392,10449
yolov8x_training,2414.799853,86,229.195,13370.3125,37,2415,10001,"[0, 100000]","[0, 100000]",0,0,4980,94628
yolov8x_training,2415.843466,86,227.286,13370.3125,57,2520,10001,"[0, 100000]","[0, 100000]",0,0,341,292
yolov8x_training,2416.886771,85,229.774,13370.3125,61,2625,10001,"[0, 100000]","[0, 100000]",0,0,341,1037988
yolov8x_training,2417.929520,82,228.417,13370.3125,42,2565,10001,"[0, 100000]","[0, 100000]",0,0,4296,103173
yolov8x_training,2419.007426,82,220.533,13370.3125,59,1905,10001,"[0, 100000]","[0, 100000]",0,0,13574,26074
yolov8x_training,2420.050279,83,230.404,13370.3125,71,2475,10001,"[0, 100000]","[0, 100000]",0,0,3173,27001
yolov8x_training,2421.093122,84,218.582,13370.3125,79,1095,10001,"[0, 100000]","[0, 100000]",0,0,4638,14794
yolov8x_training,2422.136333,84,230.278,13370.3125,86,1095,10001,"[0, 100000]","[0, 100000]",0,0,2978,10400
yolov8x_training,2423.179385,84,230.814,13370.3125,96,1050,10001,"[0, 100000]","[0, 100000]",0,0,2246,2294
yolov8x_training,2424.222876,84,234.069,13370.3125,96,1020,10001,"[0, 100000]","[0, 100000]",0,0,341,292
yolov8x_training,2425.265475,85,230.791,13370.3125,98,1545,10001,"[0, 100000]","[0, 100000]",0,0,341,292
yolov8x_training,2426.308055,85,233.390,13370.3125,100,990,10001,"[0, 100000]","[0, 100000]",0,0,292,1034960
yolov8x_training,2427.350711,85,239.038,13370.3125,100,900,10001,"[0, 100000]","[0, 100000]",0,0,6445,104687
yolov8x_training,2428.416540,81,238.493,13370.3125,100,990,10001,"[0, 100000]","[0, 100000]",0,0,13720,29492
yolov8x_training,2429.460522,81,234.549,13370.3125,100,945,10001,"[0, 100000]","[0, 100000]",0,0,3173,27343
yolov8x_training,2430.503386,81,235.477,13370.3125,100,975,10001,"[0, 100000]","[0, 100000]",0,0,3320,13818
yolov8x_training,2431.546231,81,235.021,13370.3125,95,2505,10001,"[0, 100000]","[0, 100000]",0,0,2978,10839
yolov8x_training,2432.589892,81,232.629,13370.3125,100,1005,10001,"[0, 100000]","[0, 100000]",0,0,1904,439
yolov8x_training,2433.634618,81,230.628,13370.3125,96,915,10001,"[0, 100000]","[0, 100000]",0,0,341,292
yolov8x_training,2434.677263,81,229.982,13370.3125,96,930,10001,"[0, 100000]","[0, 100000]",0,0,341,1033544
yolov8x_training,2435.719977,81,232.799,13370.3125,95,900,10001,"[0, 100000]","[0, 100000]",0,0,59667,37255
yolov8x_training,2436.811420,81,232.273,13370.3125,95,915,10001,"[0, 100000]","[0, 100000]",0,0,15087,30273
yolov8x_training,2437.854321,82,233.594,13370.3125,95,930,10001,"[0, 100000]","[0, 100000]",0,0,2832,23486
yolov8x_training,2438.897304,86,235.951,13370.3125,96,930,10001,"[0, 100000]","[0, 100000]",0,0,2978,10400
yolov8x_training,2439.940367,86,237.401,13370.3125,94,915,10001,"[0, 100000]","[0, 100000]",0,0,2001,2343
yolov8x_training,2440.983172,85,236.301,13370.3125,95,900,10001,"[0, 100000]","[0, 100000]",0,0,390,292
yolov8x_training,2442.025869,86,236.925,13370.3125,95,900,10001,"[0, 100000]","[0, 100000]",0,0,341,292
yolov8x_training,2443.068561,85,230.009,13370.3125,96,915,10001,"[0, 100000]","[0, 100000]",0,0,292,1039648
yolov8x_training,2444.111454,84,232.945,13370.3125,96,2490,10001,"[0, 100000]","[0, 100000]",0,0,4199,35937
yolov8x_training,2445.182242,87,234.251,13370.3125,94,1890,10001,"[0, 100000]","[0, 100000]",0,0,15136,30029
yolov8x_training,2446.225245,86,230.008,13370.3125,87,1935,10001,"[0, 100000]","[0, 100000]",0,0,5126,14599
yolov8x_training,2447.268312,86,222.611,13370.3125,75,1470,10001,"[0, 100000]","[0, 100000]",0,0,2929,23242
yolov8x_training,2448.311223,85,230.160,13370.3125,59,1305,10001,"[0, 100000]","[0, 100000]",0,0,2929,11914
yolov8x_training,2449.354358,84,224.712,13370.3125,60,1020,10001,"[0, 100000]","[0, 100000]",0,0,2832,3955
yolov8x_training,2450.397794,86,227.604,13370.3125,25,960,10001,"[0, 100000]","[0, 100000]",0,0,1953,1074
yolov8x_training,2451.441066,86,232.459,13370.3125,11,1020,10001,"[0, 100000]","[0, 100000]",0,0,292,341
yolov8x_training,2452.483733,85,232.090,13370.3125,7,960,10001,"[0, 100000]","[0, 100000]",0,0,341,341
yolov8x_training,2453.526356,85,231.567,13370.3125,21,900,10001,"[0, 100000]","[0, 100000]",0,0,89062,17871
yolov8x_training,2454.569460,86,233.200,13370.3125,33,885,10001,"[0, 100000]","[0, 100000]",0,0,3369,37158
yolov8x_training,2455.632282,85,235.789,13370.3125,41,1290,10001,"[0, 100000]","[0, 100000]",0,0,14013,28710
yolov8x_training,2456.675455,86,229.032,13370.3125,39,2625,10001,"[0, 100000]","[0, 100000]",0,0,3515,23828
yolov8x_training,2457.718921,86,228.522,13370.3125,38,1320,10001,"[0, 100000]","[0, 100000]",0,0,3125,14697
yolov8x_training,2458.761834,86,231.291,13370.3125,68,2640,10001,"[0, 100000]","[0, 100000]",0,0,2343,8056
yolov8x_training,2459.804773,83,221.784,13370.3125,62,2295,10001,"[0, 100000]","[0, 100000]",0,0,1171,341
yolov8x_training,2460.847478,85,221.962,13370.3125,60,2640,10001,"[0, 100000]","[0, 100000]",0,0,341,292
yolov8x_training,2461.890312,85,217.801,13370.3125,81,2535,10001,"[0, 100000]","[0, 100000]",0,0,341,292
yolov8x_training,2462.933036,85,220.709,13370.3125,100,2340,10001,"[0, 100000]","[0, 100000]",0,0,341,1037841
yolov8x_training,2463.975816,85,223.729,13370.3125,100,2085,10001,"[0, 100000]","[0, 100000]",0,0,3613,35351
yolov8x_training,2465.055415,85,226.325,13370.3125,100,1935,10001,"[0, 100000]","[0, 100000]",0,0,14990,30273
yolov8x_training,2466.098321,85,225.208,13370.3125,100,1635,10001,"[0, 100000]","[0, 100000]",0,0,4589,13916
yolov8x_training,2467.141602,86,228.158,13370.3125,100,945,10001,"[0, 100000]","[0, 100000]",0,0,4296,14599
yolov8x_training,2468.184803,86,233.985,13370.3125,64,930,10001,"[0, 100000]","[0, 100000]",0,0,3173,10107
yolov8x_training,2469.228177,86,230.033,13370.3125,54,1020,10001,"[0, 100000]","[0, 100000]",0,0,2099,3320
yolov8x_training,2470.270960,86,233.745,13370.3125,61,975,10001,"[0, 100000]","[0, 100000]",0,0,341,341
yolov8x_training,2471.313604,85,232.879,13370.3125,86,960,10001,"[0, 100000]","[0, 100000]",0,0,341,292
yolov8x_training,2472.356184,86,232.757,13370.3125,95,1515,10001,"[0, 100000]","[0, 100000]",0,0,341,1039501
yolov8x_training,2473.399066,86,232.707,13370.3125,100,1252,10001,"[0, 100000]","[0, 100000]",0,0,3320,36425
yolov8x_training,2474.464793,82,236.525,13370.3125,100,2505,10001,"[0, 100000]","[0, 100000]",0,0,8496,31542
yolov8x_training,2475.507876,82,239.959,13370.3125,100,2505,10001,"[0, 100000]","[0, 100000]",0,0,4296,15820
yolov8x_training,2476.550908,82,234.287,13370.3125,100,2505,10001,"[0, 100000]","[0, 100000]",0,0,3173,14550
yolov8x_training,2477.594005,84,219.965,13370.3125,100,2205,10001,"[0, 100000]","[0, 100000]",0,0,2783,10644
yolov8x_training,2478.637112,85,237.872,13370.3125,100,960,10001,"[0, 100000]","[0, 100000]",0,0,2539,4882
yolov8x_training,2479.680135,84,232.921,13370.3125,100,915,10001,"[0, 100000]","[0, 100000]",0,0,341,292
yolov8x_training,2480.722773,85,230.809,13370.3125,100,900,10001,"[0, 100000]","[0, 100000]",0,0,292,244
yolov8x_training,2481.765377,85,231.572,13370.3125,100,900,10001,"[0, 100000]","[0, 100000]",0,0,89501,20996
yolov8x_training,2482.842740,85,233.774,13370.3125,100,900,10001,"[0, 100000]","[0, 100000]",0,0,15087,27148
yolov8x_training,2483.885931,85,232.207,13370.3125,100,1050,10001,"[0, 100000]","[0, 100000]",0,0,5615,17578
yolov8x_training,2484.929340,85,234.224,13370.3125,95,1065,10001,"[0, 100000]","[0, 100000]",0,0,3955,17187
yolov8x_training,2485.972716,86,232.956,13370.3125,96,1260,10001,"[0, 100000]","[0, 100000]",0,0,2929,10205
yolov8x_training,2487.016139,83,234.350,13370.3125,96,1560,10001,"[0, 100000]","[0, 100000]",0,0,2490,8154
yolov8x_training,2488.060032,84,237.018,13370.3125,95,900,10001,"[0, 100000]","[0, 100000]",0,0,341,292
yolov8x_training,2489.103251,82,240.806,13370.3125,95,1005,10001,"[0, 100000]","[0, 100000]",0,0,292,341
yolov8x_training,2490.145873,81,231.640,13370.3125,95,1005,10001,"[0, 100000]","[0, 100000]",0,0,341,769824
yolov8x_training,2491.188342,81,234.384,13370.3125,95,960,10001,"[0, 100000]","[0, 100000]",0,0,3271,36181
yolov8x_training,2492.257978,81,230.823,13370.3125,95,960,10001,"[0, 100000]","[0, 100000]",0,0,15283,26806
yolov8x_training,2493.301167,81,219.673,13370.3125,95,900,10001,"[0, 100000]","[0, 100000]",0,0,4248,21435
yolov8x_training,2494.344673,82,222.925,13370.3125,52,885,10001,"[0, 100000]","[0, 100000]",0,0,3222,21728
yolov8x_training,2495.388139,82,225.623,13370.3125,55,900,10001,"[0, 100000]","[0, 100000]",0,0,3076,14648
yolov8x_training,2496.431279,86,227.814,13370.3125,26,915,10001,"[0, 100000]","[0, 100000]",0,0,2880,11572
yolov8x_training,2497.474360,87,231.893,13370.3125,14,915,10001,"[0, 100000]","[0, 100000]",0,0,2392,8056
yolov8x_training,2498.517346,87,235.192,13370.3125,2,1005,10001,"[0, 100000]","[0, 100000]",0,0,292,292
yolov8x_training,2499.582057,85,232.432,13370.3125,32,915,10001,"[0, 100000]","[0, 100000]",0,0,12109,292
yolov8x_training,2500.624767,81,223.183,13370.3125,62,1020,10001,"[0, 100000]","[0, 100000]",0,0,341,292
yolov8x_training,2501.667517,81,225.314,13370.3125,94,990,10001,"[0, 100000]","[0, 100000]",0,0,89501,21386
yolov8x_training,2502.711007,81,218.337,13370.3125,85,960,10001,"[0, 100000]","[0, 100000]",0,0,6298,103613
yolov8x_training,2503.780045,81,219.479,13370.3125,81,1005,10001,"[0, 100000]","[0, 100000]",0,0,4296,21435
yolov8x_training,2504.822995,81,220.499,13370.3125,90,975,10001,"[0, 100000]","[0, 100000]",0,0,3320,15039
yolov8x_training,2505.865976,81,235.249,13370.3125,75,1005,10001,"[0, 100000]","[0, 100000]",0,0,2490,11523
yolov8x_training,2506.909512,86,220.798,13370.3125,89,960,10001,"[0, 100000]","[0, 100000]",0,0,2294,2880
yolov8x_training,2507.953334,85,221.756,13370.3125,85,975,10001,"[0, 100000]","[0, 100000]",0,0,341,292
yolov8x_training,2508.995935,86,221.099,13370.3125,84,1020,10001,"[0, 100000]","[0, 100000]",0,0,341,1033544
yolov8x_training,2510.038763,86,218.784,13370.3125,96,945,10001,"[0, 100000]","[0, 100000]",0,0,90234,28320
yolov8x_training,2511.112248,86,224.058,13370.3125,100,1185,10001,"[0, 100000]","[0, 100000]",0,0,15136,28417
yolov8x_training,2512.155501,85,222.858,13370.3125,100,1237,10001,"[0, 100000]","[0, 100000]",0,0,4785,26562
yolov8x_training,2513.198580,85,224.610,13370.3125,100,2505,10001,"[0, 100000]","[0, 100000]",0,0,4052,17138
yolov8x_training,2514.241731,84,233.039,13370.3125,100,2490,10001,"[0, 100000]","[0, 100000]",0,0,2880,11035
yolov8x_training,2515.284669,85,239.026,13370.3125,100,2610,10001,"[0, 100000]","[0, 100000]",0,0,2050,1269
yolov8x_training,2516.327712,83,231.262,13370.3125,100,2505,10001,"[0, 100000]","[0, 100000]",0,0,341,292
yolov8x_training,2517.370468,85,235.594,13370.3125,100,2535,10001,"[0, 100000]","[0, 100000]",0,0,341,292
yolov8x_training,2518.413041,85,236.675,13370.3125,100,2640,10001,"[0, 100000]","[0, 100000]",0,0,341,1040771
yolov8x_training,2519.477509,85,238.823,13370.3125,100,2565,10001,"[0, 100000]","[0, 100000]",0,0,15380,34912
yolov8x_training,2520.520518,84,238.713,13370.3125,100,2535,10001,"[0, 100000]","[0, 100000]",0,0,3564,25097
yolov8x_training,2521.563780,84,239.435,13370.3125,100,2550,10001,"[0, 100000]","[0, 100000]",0,0,3222,14648
yolov8x_training,2522.606724,85,239.294,13370.3125,100,2565,10001,"[0, 100000]","[0, 100000]",0,0,2392,8496
yolov8x_training,2523.650044,84,241.182,13370.3125,100,900,10001,"[0, 100000]","[0, 100000]",0,0,16308,292
yolov8x_training,2524.692965,84,239.239,13370.3125,100,915,10001,"[0, 100000]","[0, 100000]",0,0,341,458349
yolov8x_training,2525.735836,85,231.120,13370.3125,100,930,10001,"[0, 100000]","[0, 100000]",0,0,89062,17822
yolov8x_training,2526.779214,85,230.008,13370.3125,100,915,10001,"[0, 100000]","[0, 100000]",0,0,5078,103857
yolov8x_training,2527.851630,85,233.860,13370.3125,100,900,10001,"[0, 100000]","[0, 100000]",0,0,12792,26708
yolov8x_training,2528.894820,86,229.736,13370.3125,95,915,10001,"[0, 100000]","[0, 100000]",0,0,3369,27587
yolov8x_training,2529.937720,84,234.200,13370.3125,96,1065,10001,"[0, 100000]","[0, 100000]",0,0,4150,13623
yolov8x_training,2530.980643,86,236.714,13370.3125,95,1095,10001,"[0, 100000]","[0, 100000]",0,0,2246,9033
yolov8x_training,2532.024058,84,235.243,13370.3125,95,1065,10001,"[0, 100000]","[0, 100000]",0,0,1416,341
yolov8x_training,2533.066933,84,231.808,13370.3125,95,1080,10001,"[0, 100000]","[0, 100000]",0,0,341,292
yolov8x_training,2534.109557,81,232.029,13370.3125,96,1050,10001,"[0, 100000]","[0, 100000]",0,0,341,1028808
yolov8x_training,2535.152096,81,238.158,13370.3125,95,2430,10001,"[0, 100000]","[0, 100000]",0,0,6933,103466
yolov8x_training,2536.217678,82,225.187,13370.3125,95,2280,10001,"[0, 100000]","[0, 100000]",0,0,7031,34375
yolov8x_training,2537.260530,83,228.487,13370.3125,94,1980,10001,"[0, 100000]","[0, 100000]",0,0,3125,21289
yolov8x_training,2538.303432,84,236.185,13370.3125,96,2445,10001,"[0, 100000]","[0, 100000]",0,0,2929,10400
yolov8x_training,2539.347076,83,229.152,13370.3125,95,2370,10001,"[0, 100000]","[0, 100000]",0,0,2392,2636
yolov8x_training,2540.390896,81,228.914,13370.3125,96,2220,10001,"[0, 100000]","[0, 100000]",0,0,341,292
yolov8x_training,2541.433809,86,227.628,13370.3125,95,1995,10001,"[0, 100000]","[0, 100000]",0,0,292,341
yolov8x_training,2542.476413,86,220.676,13370.3125,94,1860,10001,"[0, 100000]","[0, 100000]",0,0,88769,17333
yolov8x_training,2543.519739,86,235.203,13370.3125,95,1980,10001,"[0, 100000]","[0, 100000]",0,0,6542,104638
yolov8x_training,2544.574754,86,226.340,13370.3125,95,1380,10001,"[0, 100000]","[0, 100000]",0,0,5712,17089
yolov8x_training,2545.618153,86,220.686,13370.3125,93,1080,10001,"[0, 100000]","[0, 100000]",0,0,4248,14648
yolov8x_training,2546.661036,86,237.866,13370.3125,95,1155,10001,"[0, 100000]","[0, 100000]",0,0,2929,8642
yolov8x_training,2547.704394,86,226.056,13370.3125,94,1080,10001,"[0, 100000]","[0, 100000]",0,0,4931,102490
yolov8x_training,2548.748019,82,236.765,13370.3125,95,1065,10001,"[0, 100000]","[0, 100000]",0,0,341,292
yolov8x_training,2549.790611,82,232.347,13370.3125,96,1065,10001,"[0, 100000]","[0, 100000]",0,0,341,1040820
yolov8x_training,2550.833524,83,234.090,13370.3125,96,1215,10001,"[0, 100000]","[0, 100000]",0,0,3808,35009
yolov8x_training,2551.912016,83,230.354,13370.3125,96,1290,10001,"[0, 100000]","[0, 100000]",0,0,14990,28906
yolov8x_training,2552.954993,87,232.937,13370.3125,90,1005,10001,"[0, 100000]","[0, 100000]",0,0,3417,25927
yolov8x_training,2553.998587,87,230.610,13370.3125,74,1095,10001,"[0, 100000]","[0, 100000]",0,0,4638,15478
yolov8x_training,2555.041592,82,218.469,13370.3125,9,2505,10001,"[0, 100000]","[0, 100000]",0,0,4394,16943
yolov8x_training,2556.084646,86,219.293,13370.3125,23,1005,10001,"[0, 100000]","[0, 100000]",0,0,341,292
yolov8x_training,2557.141670,83,189.117,13370.3125,41,2505,10001,"[0, 100000]","[0, 100000]",0,0,13818,34863
yolov8x_training,2558.184994,85,206.333,13370.3125,100,990,10001,"[0, 100000]","[0, 100000]",0,0,90185,28320
yolov8x_training,2559.282402,85,223.047,13370.3125,78,960,10001,"[0, 100000]","[0, 100000]",0,0,14941,26416
yolov8x_training,2560.325278,84,225.306,13370.3125,0,900,10001,"[0, 100000]","[0, 100000]",0,0,6103,90527
yolov8x_training,2561.389472,86,195.068,13370.3125,90,2595,10001,"[0, 100000]","[0, 100000]",0,0,341,341
yolov8x_training,2562.432328,83,214.511,13370.3125,70,1125,10001,"[0, 100000]","[0, 100000]",0,0,3369,21972
yolov8x_training,2563.475388,85,235.678,13370.3125,63,1335,10001,"[0, 100000]","[0, 100000]",0,0,3173,13916
yolov8x_training,2564.518482,86,232.561,13370.3125,86,1170,10001,"[0, 100000]","[0, 100000]",0,0,2929,9863
yolov8x_training,2565.561417,86,233.162,13370.3125,100,1005,10001,"[0, 100000]","[0, 100000]",0,0,2587,5273
yolov8x_training,2566.604872,85,234.690,13370.3125,100,990,10001,"[0, 100000]","[0, 100000]",0,0,1513,292
yolov8x_training,2567.647974,85,230.979,13370.3125,100,915,10001,"[0, 100000]","[0, 100000]",0,0,341,292
yolov8x_training,2568.690650,83,228.757,13370.3125,100,900,10001,"[0, 100000]","[0, 100000]",0,0,341,1030126
yolov8x_training,2569.733815,81,229.686,13370.3125,100,915,10001,"[0, 100000]","[0, 100000]",0,0,89111,17626
yolov8x_training,2570.777176,81,232.528,13370.3125,100,900,10001,"[0, 100000]","[0, 100000]",0,0,2929,38085
yolov8x_training,2571.858900,81,231.897,13370.3125,96,945,10001,"[0, 100000]","[0, 100000]",0,0,15185,25732
yolov8x_training,2572.902121,82,231.403,13370.3125,95,1005,10001,"[0, 100000]","[0, 100000]",0,0,3320,26318
yolov8x_training,2573.945267,85,237.322,13370.3125,95,1065,10001,"[0, 100000]","[0, 100000]",0,0,4443,13769
yolov8x_training,2574.988177,84,233.885,13370.3125,95,1665,10001,"[0, 100000]","[0, 100000]",0,0,2978,14648
yolov8x_training,2576.031265,85,230.935,13370.3125,88,1290,10001,"[0, 100000]","[0, 100000]",0,0,2783,8544
yolov8x_training,2577.074120,86,232.180,13370.3125,76,1500,10001,"[0, 100000]","[0, 100000]",0,0,2148,126025
yolov8x_training,2578.117521,87,234.365,13370.3125,62,1020,10001,"[0, 100000]","[0, 100000]",0,0,390,292
yolov8x_training,2579.160640,86,234.413,13370.3125,62,990,10001,"[0, 100000]","[0, 100000]",0,0,341,341
yolov8x_training,2580.203229,82,237.644,13370.3125,54,915,10001,"[0, 100000]","[0, 100000]",0,0,390,292
yolov8x_training,2581.245954,85,196.621,13370.3125,0,2505,10001,"[0, 100000]","[0, 100000]",0,0,4492,19970
yolov8x_training,2582.289458,81,213.929,13370.3125,88,1005,10001,"[0, 100000]","[0, 100000]",0,0,341,292
yolov8x_training,2583.332230,82,208.578,13370.3125,0,2235,10001,"[0, 100000]","[0, 100000]",0,0,13427,27148
yolov8x_training,2584.375360,84,191.373,13370.3125,93,2505,10001,"[0, 100000]","[0, 100000]",0,0,341,292
yolov8x_training,2585.436921,85,214.963,13370.3125,21,915,10001,"[0, 100000]","[0, 100000]",0,0,14160,32617
yolov8x_training,2586.480186,84,197.831,13370.3125,66,2625,10001,"[0, 100000]","[0, 100000]",0,0,292,292
yolov8x_training,2587.527962,80,197.477,13370.3125,100,1140,10001,"[0, 100000]","[0, 100000]",0,0,14013,30078
yolov8x_training,2588.571349,85,216.850,13370.3125,2,930,10001,"[0, 100000]","[0, 100000]",0,0,1123,292
yolov8x_training,2589.634626,83,193.636,13370.3125,89,1545,10001,"[0, 100000]","[0, 100000]",0,0,14892,31396
yolov8x_training,2590.677571,85,224.005,13370.3125,21,1410,10001,"[0, 100000]","[0, 100000]",0,0,3222,26708
yolov8x_training,2591.720630,85,236.504,13370.3125,21,1290,10001,"[0, 100000]","[0, 100000]",0,0,3027,13769
yolov8x_training,2592.763611,85,233.793,13370.3125,39,885,10001,"[0, 100000]","[0, 100000]",0,0,2539,9277
yolov8x_training,2593.806820,85,232.509,13370.3125,18,1155,10001,"[0, 100000]","[0, 100000]",0,0,5810,93359
yolov8x_training,2594.850342,85,232.541,13370.3125,15,1252,10001,"[0, 100000]","[0, 100000]",0,0,341,292
yolov8x_training,2595.892840,80,221.255,13370.3125,40,930,10001,"[0, 100000]","[0, 100000]",0,0,8837,35644
yolov8x_training,2596.936490,84,184.725,13370.3125,31,2505,10001,"[0, 100000]","[0, 100000]",0,0,292,292
yolov8x_training,2597.979462,80,200.986,13370.3125,88,465,10001,"[0, 100000]","[0, 100000]",0,0,6298,88623
yolov8x_training,2599.038300,83,214.898,13370.3125,37,990,10001,"[0, 100000]","[0, 100000]",0,0,1953,1220
yolov8x_training,2600.081620,84,186.146,13370.3125,12,2505,10001,"[0, 100000]","[0, 100000]",0,0,89892,24218
yolov8x_training,2601.160489,80,198.161,13370.3125,87,1005,10001,"[0, 100000]","[0, 100000]",0,0,2294,3222
yolov8x_training,2602.203835,85,216.083,13370.3125,37,2490,10001,"[0, 100000]","[0, 100000]",0,0,292,648193
yolov8x_training,2603.247000,83,189.997,13370.3125,11,2505,10001,"[0, 100000]","[0, 100000]",0,0,2734,12109
yolov8x_training,2604.290563,79,214.893,13370.3125,94,945,10001,"[0, 100000]","[0, 100000]",0,0,292,292
yolov8x_training,2605.333394,84,211.792,13370.3125,95,2655,10001,"[0, 100000]","[0, 100000]",0,0,19433,292
yolov8x_training,2606.376082,85,231.625,13370.3125,94,2640,10001,"[0, 100000]","[0, 100000]",0,0,341,292
yolov8x_training,2607.418737,85,228.195,13370.3125,95,2580,10001,"[0, 100000]","[0, 100000]",0,0,341,1039941
yolov8x_training,2608.461408,84,218.121,13370.3125,0,1125,10001,"[0, 100000]","[0, 100000]",0,0,2929,8886
yolov8x_training,2609.504934,80,194.148,13370.3125,88,2505,10001,"[0, 100000]","[0, 100000]",0,0,89746,24267
yolov8x_training,2610.581924,84,212.462,13370.3125,45,945,10001,"[0, 100000]","[0, 100000]",0,0,1904,1025
yolov8x_training,2611.625313,84,202.546,13370.3125,46,2505,10001,"[0, 100000]","[0, 100000]",0,0,341,1037646
yolov8x_training,2612.668437,80,192.369,13370.3125,98,930,10001,"[0, 100000]","[0, 100000]",0,0,341,292
yolov8x_training,2613.711052,80,228.501,13370.3125,95,915,10001,"[0, 100000]","[0, 100000]",0,0,390,292
yolov8x_training,2614.753667,80,232.153,13370.3125,94,930,10001,"[0, 100000]","[0, 100000]",0,0,89160,18457
yolov8x_training,2615.830627,80,236.046,13370.3125,95,930,10001,"[0, 100000]","[0, 100000]",0,0,15039,27929
yolov8x_training,2616.873454,80,232.032,13370.3125,96,945,10001,"[0, 100000]","[0, 100000]",0,0,4003,22021
yolov8x_training,2617.916820,80,233.520,13370.3125,96,945,10001,"[0, 100000]","[0, 100000]",0,0,2978,10302
yolov8x_training,2618.959807,85,234.075,13370.3125,96,885,10001,"[0, 100000]","[0, 100000]",0,0,2148,3222
yolov8x_training,2620.002713,85,233.718,13370.3125,95,915,10001,"[0, 100000]","[0, 100000]",0,0,341,341
yolov8x_training,2621.045818,85,232.894,13370.3125,95,930,10001,"[0, 100000]","[0, 100000]",0,0,292,1035400
yolov8x_training,2622.088590,85,233.336,13370.3125,95,930,10001,"[0, 100000]","[0, 100000]",0,0,90527,36035
yolov8x_training,2623.158582,80,212.331,13370.3125,92,930,10001,"[0, 100000]","[0, 100000]",0,0,2734,5224
yolov8x_training,2624.201931,82,220.718,13370.3125,48,915,10001,"[0, 100000]","[0, 100000]",0,0,1513,292
yolov8x_training,2625.244758,82,236.724,13370.3125,71,945,10001,"[0, 100000]","[0, 100000]",0,0,341,341
yolov8x_training,2626.287337,82,235.002,13370.3125,71,945,10001,"[0, 100000]","[0, 100000]",0,0,89355,20849
yolov8x_training,2627.330587,83,229.278,13370.3125,77,915,10001,"[0, 100000]","[0, 100000]",0,0,4541,103417
yolov8x_training,2628.407479,84,230.903,13370.3125,99,1080,10001,"[0, 100000]","[0, 100000]",0,0,6396,30273
yolov8x_training,2629.450602,85,233.382,13370.3125,100,1095,10001,"[0, 100000]","[0, 100000]",0,0,3466,22607
yolov8x_training,2630.493661,85,232.880,13370.3125,100,1470,10001,"[0, 100000]","[0, 100000]",0,0,3271,15185
yolov8x_training,2631.536662,85,235.852,13370.3125,100,1470,10001,"[0, 100000]","[0, 100000]",0,0,2734,11035
yolov8x_training,2632.580080,84,233.057,13370.3125,100,1335,10001,"[0, 100000]","[0, 100000]",0,0,1904,439
yolov8x_training,2633.622956,83,236.695,13370.3125,100,1620,10001,"[0, 100000]","[0, 100000]",0,0,292,292
yolov8x_training,2634.665890,85,236.311,13370.3125,100,1725,10001,"[0, 100000]","[0, 100000]",0,0,341,292
yolov8x_training,2635.708515,85,212.071,13370.3125,48,1252,10001,"[0, 100000]","[0, 100000]",0,0,5078,21240
yolov8x_training,2636.751818,80,202.404,13370.3125,100,1740,10001,"[0, 100000]","[0, 100000]",0,0,341,292
yolov8x_training,2637.794661,83,208.563,13370.3125,39,1020,10001,"[0, 100000]","[0, 100000]",0,0,6494,85449
yolov8x_training,2638.864476,85,189.363,13370.3125,18,2505,10001,"[0, 100000]","[0, 100000]",0,0,1660,292
yolov8x_training,2639.908402,80,206.950,13370.3125,100,945,10001,"[0, 100000]","[0, 100000]",0,0,38623,427734
yolov8x_training,2640.951549,85,203.652,13370.3125,30,1155,10001,"[0, 100000]","[0, 100000]",0,0,2783,11132
yolov8x_training,2641.994805,83,186.657,13370.3125,52,2505,10001,"[0, 100000]","[0, 100000]",0,0,6250,103271
yolov8x_training,2643.052806,81,222.418,13370.3125,65,2520,10001,"[0, 100000]","[0, 100000]",0,0,4833,15771
yolov8x_training,2644.095835,81,220.621,13370.3125,59,2505,10001,"[0, 100000]","[0, 100000]",0,0,4492,15429
yolov8x_training,2645.138854,82,220.026,13370.3125,75,945,10001,"[0, 100000]","[0, 100000]",0,0,2832,10839
yolov8x_training,2646.182413,84,218.661,13370.3125,61,915,10001,"[0, 100000]","[0, 100000]",0,0,2539,5371
yolov8x_training,2647.225967,83,218.533,13370.3125,80,1050,10001,"[0, 100000]","[0, 100000]",0,0,537,292
yolov8x_training,2648.269027,84,197.806,13370.3125,87,2010,10001,"[0, 100000]","[0, 100000]",0,0,6738,88281
yolov8x_training,2649.337398,84,187.873,13370.3125,88,2580,10001,"[0, 100000]","[0, 100000]",0,0,1708,292
yolov8x_training,2650.380189,85,226.890,13370.3125,96,2655,10001,"[0, 100000]","[0, 100000]",0,0,341,292
yolov8x_training,2651.422859,85,225.347,13370.3125,96,1320,10001,"[0, 100000]","[0, 100000]",0,0,341,1037988
yolov8x_training,2652.496259,81,226.435,13370.3125,96,2625,10001,"[0, 100000]","[0, 100000]",0,0,15136,31689
yolov8x_training,2653.539286,81,228.513,13370.3125,96,2640,10001,"[0, 100000]","[0, 100000]",0,0,3222,25781
yolov8x_training,2654.582298,81,226.873,13370.3125,95,2655,10001,"[0, 100000]","[0, 100000]",0,0,3271,15039
yolov8x_training,2655.625245,81,232.111,13370.3125,95,2655,10001,"[0, 100000]","[0, 100000]",0,0,2539,10009
yolov8x_training,2656.668200,81,227.724,13370.3125,95,945,10001,"[0, 100000]","[0, 100000]",0,0,10400,56689
yolov8x_training,2657.711230,81,224.555,13370.3125,95,930,10001,"[0, 100000]","[0, 100000]",0,0,390,292
yolov8x_training,2658.753854,82,232.390,13370.3125,95,915,10001,"[0, 100000]","[0, 100000]",0,0,341,1029931
yolov8x_training,2659.796814,83,233.150,13370.3125,95,915,10001,"[0, 100000]","[0, 100000]",0,0,60205,38720
yolov8x_training,2660.867662,82,235.214,13370.3125,95,960,10001,"[0, 100000]","[0, 100000]",0,0,14990,24560
yolov8x_training,2661.910624,83,234.493,13370.3125,96,915,10001,"[0, 100000]","[0, 100000]",0,0,3417,27246
yolov8x_training,2662.953762,83,233.315,13370.3125,94,945,10001,"[0, 100000]","[0, 100000]",0,0,3125,15380
yolov8x_training,2663.997295,85,231.754,13370.3125,96,930,10001,"[0, 100000]","[0, 100000]",0,0,2490,10937
yolov8x_training,2665.040371,85,232.981,13370.3125,91,945,10001,"[0, 100000]","[0, 100000]",0,0,1953,927
yolov8x_training,2666.083393,85,229.452,13370.3125,80,915,10001,"[0, 100000]","[0, 100000]",0,0,341,341
yolov8x_training,2667.125968,85,233.748,13370.3125,76,930,10001,"[0, 100000]","[0, 100000]",0,0,341,1037451
yolov8x_training,2668.168808,86,230.275,13370.3125,79,2250,10001,"[0, 100000]","[0, 100000]",0,0,90380,30957
yolov8x_training,2669.246629,84,230.632,13370.3125,63,1905,10001,"[0, 100000]","[0, 100000]",0,0,15234,27783
yolov8x_training,2670.289840,85,227.155,13370.3125,56,1920,10001,"[0, 100000]","[0, 100000]",0,0,3271,23193
yolov8x_training,2671.333500,85,225.739,13370.3125,62,2100,10001,"[0, 100000]","[0, 100000]",0,0,2783,12207
yolov8x_training,2672.376822,83,225.507,13370.3125,61,1740,10001,"[0, 100000]","[0, 100000]",0,0,2539,6445
yolov8x_training,2673.420044,84,226.824,13370.3125,56,1875,10001,"[0, 100000]","[0, 100000]",0,0,537,292
yolov8x_training,2674.462788,85,227.226,13370.3125,47,1980,10001,"[0, 100000]","[0, 100000]",0,0,341,292
yolov8x_training,2675.505363,85,225.178,13370.3125,55,1875,10001,"[0, 100000]","[0, 100000]",0,0,341,1041210
yolov8x_training,2676.548399,85,231.053,13370.3125,41,1440,10001,"[0, 100000]","[0, 100000]",0,0,6298,103759
yolov8x_training,2677.619211,85,227.095,13370.3125,24,990,10001,"[0, 100000]","[0, 100000]",0,0,4443,19482
yolov8x_training,2678.661966,85,220.528,13370.3125,94,930,10001,"[0, 100000]","[0, 100000]",0,0,4150,21240
yolov8x_training,2679.704799,85,224.568,13370.3125,95,1005,10001,"[0, 100000]","[0, 100000]",0,0,2685,12451
yolov8x_training,2680.747643,85,235.811,13370.3125,95,915,10001,"[0, 100000]","[0, 100000]",0,0,2441,27636
yolov8x_training,2681.791243,85,233.544,13370.3125,95,990,10001,"[0, 100000]","[0, 100000]",0,0,1123,292
yolov8x_training,2682.833968,85,234.287,13370.3125,96,1005,10001,"[0, 100000]","[0, 100000]",0,0,341,292
yolov8x_training,2683.876575,85,230.262,13370.3125,95,1080,10001,"[0, 100000]","[0, 100000]",0,0,341,1038964
yolov8x_training,2684.919399,85,234.010,13370.3125,94,1020,10001,"[0, 100000]","[0, 100000]",0,0,4003,35595
yolov8x_training,2685.977283,81,234.265,13370.3125,90,1080,10001,"[0, 100000]","[0, 100000]",0,0,7421,27929
yolov8x_training,2687.020106,81,228.912,13370.3125,74,1635,10001,"[0, 100000]","[0, 100000]",0,0,3466,27539
yolov8x_training,2688.063005,81,233.470,13370.3125,79,2505,10001,"[0, 100000]","[0, 100000]",0,0,4541,16650
yolov8x_training,2689.106038,82,233.219,13370.3125,64,2505,10001,"[0, 100000]","[0, 100000]",0,0,2832,13281
yolov8x_training,2690.149374,84,233.866,13370.3125,39,915,10001,"[0, 100000]","[0, 100000]",0,0,2490,9326
yolov8x_training,2691.192602,84,237.866,13370.3125,26,930,10001,"[0, 100000]","[0, 100000]",0,0,1416,292
yolov8x_training,2692.235311,84,230.556,13370.3125,29,900,10001,"[0, 100000]","[0, 100000]",0,0,341,292
yolov8x_training,2693.277960,84,233.990,13370.3125,17,945,10001,"[0, 100000]","[0, 100000]",0,0,292,1033300
yolov8x_training,2694.320804,84,235.633,13370.3125,18,930,10001,"[0, 100000]","[0, 100000]",0,0,90039,27294
yolov8x_training,2695.395653,85,232.815,13370.3125,17,1065,10001,"[0, 100000]","[0, 100000]",0,0,5908,28173
yolov8x_training,2696.438448,86,234.177,13370.3125,22,1005,10001,"[0, 100000]","[0, 100000]",0,0,4589,17138
yolov8x_training,2697.481948,85,235.194,13370.3125,31,885,10001,"[0, 100000]","[0, 100000]",0,0,3027,10888
yolov8x_training,2698.524870,86,231.995,13370.3125,29,915,10001,"[0, 100000]","[0, 100000]",0,0,1806,292
yolov8x_training,2699.567780,86,232.403,13370.3125,72,930,10001,"[0, 100000]","[0, 100000]",0,0,89111,17968
yolov8x_training,2700.611333,85,226.360,13370.3125,95,915,10001,"[0, 100000]","[0, 100000]",0,0,6982,34912
yolov8x_training,2701.654284,85,229.474,13370.3125,96,1380,10001,"[0, 100000]","[0, 100000]",0,0,3369,14062
yolov8x_training,2702.697449,85,231.941,13370.3125,95,1065,10001,"[0, 100000]","[0, 100000]",0,0,2490,3369
yolov8x_training,2703.740262,85,234.866,13370.3125,100,900,10001,"[0, 100000]","[0, 100000]",0,0,292,292
yolov8x_training,2704.782776,84,230.001,13370.3125,100,885,10001,"[0, 100000]","[0, 100000]",0,0,51513,38720
yolov8x_training,2705.850811,82,227.053,13370.3125,100,915,10001,"[0, 100000]","[0, 100000]",0,0,4541,17285
yolov8x_training,2706.893627,82,225.594,13370.3125,100,960,10001,"[0, 100000]","[0, 100000]",0,0,2880,12255
yolov8x_training,2707.936424,81,223.118,13370.3125,92,975,10001,"[0, 100000]","[0, 100000]",0,0,2001,781
yolov8x_training,2708.979264,85,221.342,13370.3125,69,1020,10001,"[0, 100000]","[0, 100000]",0,0,341,292
yolov8x_training,2710.021911,86,226.451,13370.3125,64,1320,10001,"[0, 100000]","[0, 100000]",0,0,46875,39599
yolov8x_training,2711.086818,85,233.185,13370.3125,39,2340,10001,"[0, 100000]","[0, 100000]",0,0,3027,26367
yolov8x_training,2712.129725,85,231.113,13370.3125,14,2310,10001,"[0, 100000]","[0, 100000]",0,0,3027,14697
yolov8x_training,2713.172662,85,230.964,13370.3125,19,915,10001,"[0, 100000]","[0, 100000]",0,0,2441,4101
yolov8x_training,2714.216277,84,235.745,13370.3125,36,900,10001,"[0, 100000]","[0, 100000]",0,0,341,292
yolov8x_training,2715.258866,82,229.382,13370.3125,52,975,10001,"[0, 100000]","[0, 100000]",0,0,6201,102050
yolov8x_training,2716.321766,81,231.230,13370.3125,84,990,10001,"[0, 100000]","[0, 100000]",0,0,3173,26611
yolov8x_training,2717.364838,81,224.322,13370.3125,96,1035,10001,"[0, 100000]","[0, 100000]",0,0,2880,10888
yolov8x_training,2718.408252,81,227.216,13370.3125,95,1800,10001,"[0, 100000]","[0, 100000]",0,0,1171,292
yolov8x_training,2719.450931,85,230.565,13370.3125,96,2490,10001,"[0, 100000]","[0, 100000]",0,0,341,1040722
yolov8x_training,2720.519733,84,236.447,13370.3125,100,2505,10001,"[0, 100000]","[0, 100000]",0,0,14794,29687
yolov8x_training,2721.563110,82,244.106,13370.3125,100,1545,10001,"[0, 100000]","[0, 100000]",0,0,2636,12304
yolov8x_training,2722.606262,82,238.749,13370.3125,90,945,10001,"[0, 100000]","[0, 100000]",0,0,2197,3027
yolov8x_training,2723.649235,81,224.962,14976.3125,19,990,10001,"[0, 100000]","[0, 100000]",0,0,25048,135253
yolov8x_training,2724.692501,84,154.321,16770.3125,13,2505,10001,"[0, 100000]","[0, 100000]",0,0,14892,80908
yolov8x_training,2725.735400,79,129.295,16770.3125,0,2505,10001,"[0, 100000]","[0, 100000]",0,0,341,292
yolov8x_training,2726.779936,79,89.765,16770.3125,0,2505,10001,"[0, 100000]","[0, 100000]",0,0,292,292
yolov8x_training,2727.832653,79,89.290,16770.3125,0,2505,10001,"[0, 100000]","[0, 100000]",0,0,292,292
yolov8x_training,2728.875423,78,91.675,16774.3125,2,2505,10001,"[0, 100000]","[0, 100000]",0,0,577197,439
yolov8x_training,2729.922537,78,88.398,16774.3125,1,2505,10001,"[0, 100000]","[0, 100000]",0,0,341,292
yolov8x_training,2730.964841,77,87.774,16774.3125,0,2505,10001,"[0, 100000]","[0, 100000]",0,0,341,292
yolov8x_training,2732.007567,77,86.534,16774.3125,0,2505,10001,"[0, 100000]","[0, 100000]",0,0,292,341
yolov8x_training,2733.155660,77,85.597,16774.3125,0,2505,10001,"[0, 100000]","[0, 100000]",0,0,341,292
yolov8x_training,2734.212588,76,85.202,16774.3125,0,2505,10001,"[0, 100000]","[0, 100000]",0,0,292,341
yolov8x_training,2735.256703,76,84.094,16774.3125,0,2505,10001,"[0, 100000]","[0, 100000]",0,0,390,292
yolov8x_training,2736.307299,79,148.677,16774.3125,0,2505,10001,"[0, 100000]","[0, 100000]",0,0,2490,3125
yolov8x_training,2737.489602,75,150.238,16774.3125,0,2505,10001,"[0, 100000]","[0, 100000]",0,0,341,292
yolov8x_training,2738.542590,75,84.736,16774.3125,0,2505,10001,"[0, 100000]","[0, 100000]",0,0,341,292
yolov8x_training,2739.589700,75,83.406,16774.3125,0,2505,10001,"[0, 100000]","[0, 100000]",0,0,292,292
