Kernel,Time (s),Temperature (C),Power (W),Memory Usage (MB),GPU Utilization (%),Graphics Clock (MHz),Memory Clock (MHz),Decoder Utilization (%),Encoder Utilization (%),Decoder Memory Usage (MB),Encoder Memory Usage (MB),PCIe Tx Throughput (KB/s),PCIe Rx Throughput (KB/s)
yolov8x_training,0.000728,41,26.872,622.1250,0,210,405,"[0, 100000]","[0, 100000]",0,0,341,292
yolov8x_training,1.048492,41,26.872,622.1250,0,210,405,"[0, 100000]","[0, 100000]",0,0,341,244
yolov8x_training,2.096337,41,26.783,622.1250,0,210,405,"[0, 100000]","[0, 100000]",0,0,341,292
yolov8x_training,3.141125,41,26.709,625.0000,0,210,405,"[0, 100000]","[0, 100000]",0,0,341,292
yolov8x_training,4.183448,42,29.761,1438.3125,8,2505,10001,"[0, 100000]","[0, 100000]",0,0,6005,16357
yolov8x_training,5.226192,42,67.501,1532.3125,0,2505,10001,"[0, 100000]","[0, 100000]",0,0,341,292
yolov8x_training,6.269504,43,66.623,1780.3125,0,2505,10001,"[0, 100000]","[0, 100000]",0,0,1025,1053515
yolov8x_training,7.312462,44,91.567,12914.3125,65,1935,10001,"[0, 100000]","[0, 100000]",0,0,341,292
yolov8x_training,8.358598,49,193.987,12976.3125,52,1740,10001,"[0, 100000]","[0, 100000]",0,0,292,292
yolov8x_training,9.401624,51,211.392,12976.3125,24,1995,10001,"[0, 100000]","[0, 100000]",0,0,292,292
yolov8x_training,10.444247,50,230.585,12976.3125,65,1350,10001,"[0, 100000]","[0, 100000]",0,0,7617,28320
yolov8x_training,11.487309,47,222.877,12976.3125,94,1500,10001,"[0, 100000]","[0, 100000]",0,0,15136,24316
yolov8x_training,12.551584,48,214.521,12976.3125,82,2655,10001,"[0, 100000]","[0, 100000]",0,0,15380,35986
yolov8x_training,13.594526,51,227.661,13066.3125,38,1440,10001,"[0, 100000]","[0, 100000]",0,0,781,341
yolov8x_training,14.663434,53,224.762,13066.3125,94,1425,10001,"[0, 100000]","[0, 100000]",0,0,15087,33251
yolov8x_training,15.706736,50,211.990,13066.3125,72,2685,10001,"[0, 100000]","[0, 100000]",0,0,19677,292
yolov8x_training,16.766565,55,222.527,13066.3125,26,2670,10001,"[0, 100000]","[0, 100000]",0,0,15234,36669
yolov8x_training,17.809706,55,231.929,13066.3125,93,1635,10001,"[0, 100000]","[0, 100000]",0,0,1025,341
yolov8x_training,18.870251,51,236.265,13066.3125,85,1335,10001,"[0, 100000]","[0, 100000]",0,0,15478,32470
yolov8x_training,19.913823,56,214.976,13066.3125,24,2655,10001,"[0, 100000]","[0, 100000]",0,0,19531,292
yolov8x_training,20.982546,57,221.006,13066.3125,99,1395,10001,"[0, 100000]","[0, 100000]",0,0,15527,34375
yolov8x_training,22.026043,58,237.123,13066.3125,14,1335,10001,"[0, 100000]","[0, 100000]",0,0,585,292
yolov8x_training,23.069308,53,219.489,13066.3125,93,2415,10001,"[0, 100000]","[0, 100000]",0,0,14892,36083
yolov8x_training,24.112667,59,232.583,13150.3125,87,1395,10001,"[0, 100000]","[0, 100000]",0,0,15722,292
yolov8x_training,25.164659,58,236.864,13368.3125,46,1800,10001,"[0, 100000]","[0, 100000]",0,0,14990,32617
yolov8x_training,26.207728,55,217.809,13368.3125,94,2595,10001,"[0, 100000]","[0, 100000]",0,0,2392,830
yolov8x_training,27.251398,60,217.269,13368.3125,100,2445,10001,"[0, 100000]","[0, 100000]",0,0,4394,103759
yolov8x_training,28.323846,60,234.857,13368.3125,30,2685,10001,"[0, 100000]","[0, 100000]",0,0,2832,2539
yolov8x_training,29.385960,57,241.467,13368.3125,84,1260,10001,"[0, 100000]","[0, 100000]",0,0,15185,33203
yolov8x_training,30.428882,61,221.635,13368.3125,100,2520,10001,"[0, 100000]","[0, 100000]",0,0,15917,292
yolov8x_training,31.497855,62,218.604,13368.3125,4,1695,10001,"[0, 100000]","[0, 100000]",0,0,15136,31347
yolov8x_training,32.541160,63,218.957,13368.3125,91,1410,10001,"[0, 100000]","[0, 100000]",0,0,292,292
yolov8x_training,33.583843,58,230.247,13368.3125,97,2685,10001,"[0, 100000]","[0, 100000]",0,0,5175,21826
yolov8x_training,34.626953,61,236.851,13368.3125,25,1890,10001,"[0, 100000]","[0, 100000]",0,0,341,341
yolov8x_training,35.669722,63,224.181,13368.3125,93,1500,10001,"[0, 100000]","[0, 100000]",0,0,5273,31494
yolov8x_training,36.713049,59,229.227,13368.3125,71,2640,10001,"[0, 100000]","[0, 100000]",0,0,341,292
yolov8x_training,37.755725,65,227.498,13368.3125,60,2685,10001,"[0, 100000]","[0, 100000]",0,0,3710,32080
yolov8x_training,38.798932,64,224.086,13368.3125,95,1305,10001,"[0, 100000]","[0, 100000]",0,0,341,341
yolov8x_training,39.841660,60,224.572,13368.3125,71,2160,10001,"[0, 100000]","[0, 100000]",0,0,5078,29052
yolov8x_training,40.885136,66,241.205,13368.3125,98,1530,10001,"[0, 100000]","[0, 100000]",0,0,292,292
yolov8x_training,41.927813,63,224.751,13368.3125,63,1305,10001,"[0, 100000]","[0, 100000]",0,0,8105,27929
yolov8x_training,42.970860,63,221.761,13368.3125,96,2355,10001,"[0, 100000]","[0, 100000]",0,0,15966,341
yolov8x_training,44.016339,66,234.495,13368.3125,48,2040,10001,"[0, 100000]","[0, 100000]",0,0,15429,36328
yolov8x_training,45.059743,62,221.714,13368.3125,44,1665,10001,"[0, 100000]","[0, 100000]",0,0,6640,93212
yolov8x_training,46.124835,67,188.239,13368.3125,85,2505,10001,"[0, 100000]","[0, 100000]",0,0,292,244
yolov8x_training,47.167659,67,203.104,13368.3125,27,1740,10001,"[0, 100000]","[0, 100000]",0,0,292,1030078
yolov8x_training,48.210239,68,222.855,13368.3125,94,1350,10001,"[0, 100000]","[0, 100000]",0,0,4833,22607
yolov8x_training,49.253304,64,225.011,13368.3125,100,1245,10001,"[0, 100000]","[0, 100000]",0,0,341,292
yolov8x_training,50.296047,69,242.332,13368.3125,15,2640,10001,"[0, 100000]","[0, 100000]",0,0,5908,22656
yolov8x_training,51.339339,69,240.197,13368.3125,82,1335,10001,"[0, 100000]","[0, 100000]",0,0,341,292
yolov8x_training,52.381970,66,224.127,13368.3125,100,1200,10001,"[0, 100000]","[0, 100000]",0,0,6591,103759
yolov8x_training,53.438697,64,222.016,13368.3125,48,1980,10001,"[0, 100000]","[0, 100000]",0,0,2880,8691
yolov8x_training,54.482422,70,236.137,13368.3125,49,2670,10001,"[0, 100000]","[0, 100000]",0,0,3027,37841
yolov8x_training,55.543019,68,232.440,13368.3125,95,1425,10001,"[0, 100000]","[0, 100000]",0,0,3515,11718
yolov8x_training,56.585960,70,219.037,13368.3125,100,1200,10001,"[0, 100000]","[0, 100000]",0,0,292,1034375
yolov8x_training,57.628968,68,223.233,13368.3125,27,2430,10001,"[0, 100000]","[0, 100000]",0,0,4248,33349
yolov8x_training,58.672485,67,237.639,13368.3125,85,1470,10001,"[0, 100000]","[0, 100000]",0,0,341,292
yolov8x_training,59.715183,72,229.398,13368.3125,96,1290,10001,"[0, 100000]","[0, 100000]",0,0,9326,31103
yolov8x_training,60.758365,70,226.939,13368.3125,38,1260,10001,"[0, 100000]","[0, 100000]",0,0,1074,292
yolov8x_training,61.801109,67,237.080,13368.3125,63,1740,10001,"[0, 100000]","[0, 100000]",0,0,6640,101464
yolov8x_training,62.861832,71,231.255,13368.3125,91,1335,10001,"[0, 100000]","[0, 100000]",0,0,2685,27148
yolov8x_training,63.905390,72,240.809,13368.3125,97,1845,10001,"[0, 100000]","[0, 100000]",0,0,3417,37109
yolov8x_training,64.966313,69,223.877,13368.3125,78,1230,10001,"[0, 100000]","[0, 100000]",0,0,4052,17138
yolov8x_training,66.009502,68,222.997,13368.3125,94,2370,10001,"[0, 100000]","[0, 100000]",0,0,292,292
yolov8x_training,67.052132,68,233.171,13368.3125,82,2370,10001,"[0, 100000]","[0, 100000]",0,0,10595,30957
yolov8x_training,68.095364,73,239.827,13368.3125,3,1245,10001,"[0, 100000]","[0, 100000]",0,0,2880,3662
yolov8x_training,69.138680,74,222.105,13368.3125,83,1200,10001,"[0, 100000]","[0, 100000]",0,0,89599,23046
yolov8x_training,70.211257,73,224.685,13368.3125,95,2430,10001,"[0, 100000]","[0, 100000]",0,0,3417,11914
yolov8x_training,71.254245,69,234.385,13368.3125,77,1365,10001,"[0, 100000]","[0, 100000]",0,0,341,460351
yolov8x_training,72.296852,74,239.331,13368.3125,14,2610,10001,"[0, 100000]","[0, 100000]",0,0,5175,27587
yolov8x_training,73.339997,74,247.942,13368.3125,90,1410,10001,"[0, 100000]","[0, 100000]",0,0,341,292
yolov8x_training,74.406370,72,230.442,13368.3125,100,1140,10001,"[0, 100000]","[0, 100000]",0,0,15332,35546
yolov8x_training,75.449629,71,228.077,13368.3125,44,2175,10001,"[0, 100000]","[0, 100000]",0,0,2392,1220
yolov8x_training,76.492762,75,239.621,13368.3125,55,2655,10001,"[0, 100000]","[0, 100000]",0,0,6494,103320
yolov8x_training,77.548135,73,234.926,13368.3125,94,1245,10001,"[0, 100000]","[0, 100000]",0,0,2929,10205
yolov8x_training,78.591337,76,229.737,13368.3125,95,1320,10001,"[0, 100000]","[0, 100000]",0,0,90283,34765
yolov8x_training,79.659133,72,226.997,13368.3125,14,2445,10001,"[0, 100000]","[0, 100000]",0,0,3466,13964
yolov8x_training,80.702317,73,244.451,13368.3125,93,1275,10001,"[0, 100000]","[0, 100000]",0,0,341,1037451
yolov8x_training,81.745135,76,232.037,13368.3125,100,1665,10001,"[0, 100000]","[0, 100000]",0,0,6152,17529
yolov8x_training,82.788447,73,230.828,13368.3125,23,1140,10001,"[0, 100000]","[0, 100000]",0,0,292,292
yolov8x_training,83.831022,74,244.205,13368.3125,72,2325,10001,"[0, 100000]","[0, 100000]",0,0,5224,18115
yolov8x_training,84.874856,76,239.809,13368.3125,96,1305,10001,"[0, 100000]","[0, 100000]",0,0,14501,292
yolov8x_training,85.931349,76,235.413,13368.3125,69,1170,10001,"[0, 100000]","[0, 100000]",0,0,15332,30712
yolov8x_training,86.974272,72,227.908,13368.3125,94,1320,10001,"[0, 100000]","[0, 100000]",0,0,2343,1513
yolov8x_training,88.017622,78,231.765,13368.3125,100,2460,10001,"[0, 100000]","[0, 100000]",0,0,5029,103125
yolov8x_training,89.087010,77,248.400,13368.3125,14,1980,10001,"[0, 100000]","[0, 100000]",0,0,2783,3125
yolov8x_training,90.130086,77,231.602,13368.3125,71,1140,10001,"[0, 100000]","[0, 100000]",0,0,89257,17822
yolov8x_training,91.173786,76,224.911,13368.3125,95,2325,10001,"[0, 100000]","[0, 100000]",0,0,3515,27734
yolov8x_training,92.216986,73,236.308,13368.3125,86,2670,10001,"[0, 100000]","[0, 100000]",0,0,341,292
yolov8x_training,93.283020,78,246.901,13368.3125,9,2505,10001,"[0, 100000]","[0, 100000]",0,0,15722,34472
yolov8x_training,94.326136,77,230.610,13368.3125,63,1350,10001,"[0, 100000]","[0, 100000]",0,0,2783,6494
yolov8x_training,95.369269,77,241.311,13368.3125,94,1185,10001,"[0, 100000]","[0, 100000]",0,0,89941,26806
yolov8x_training,96.439328,73,224.896,13368.3125,99,1215,10001,"[0, 100000]","[0, 100000]",0,0,3564,14648
yolov8x_training,97.482362,78,229.693,13368.3125,18,2535,10001,"[0, 100000]","[0, 100000]",0,0,341,1029150
yolov8x_training,98.525043,78,247.901,13368.3125,78,2490,10001,"[0, 100000]","[0, 100000]",0,0,5029,18603
yolov8x_training,99.568746,78,235.329,13368.3125,95,1200,10001,"[0, 100000]","[0, 100000]",0,0,19384,292
yolov8x_training,100.611516,79,224.875,13368.3125,85,1305,10001,"[0, 100000]","[0, 100000]",0,0,5029,103515
yolov8x_training,101.682001,75,230.339,13368.3125,12,2520,10001,"[0, 100000]","[0, 100000]",0,0,2685,9570
yolov8x_training,102.725587,74,247.267,13368.3125,88,1230,10001,"[0, 100000]","[0, 100000]",0,0,88769,17138
yolov8x_training,103.768863,76,236.227,13368.3125,95,2400,10001,"[0, 100000]","[0, 100000]",0,0,4638,34179
yolov8x_training,104.812061,79,227.805,13368.3125,78,1140,10001,"[0, 100000]","[0, 100000]",0,0,585,292
yolov8x_training,105.854812,75,230.504,13368.3125,14,1245,10001,"[0, 100000]","[0, 100000]",0,0,6738,101367
yolov8x_training,106.907359,77,239.750,13368.3125,76,1170,10001,"[0, 100000]","[0, 100000]",0,0,2783,14355
yolov8x_training,107.950482,78,238.693,13368.3125,78,1260,10001,"[0, 100000]","[0, 100000]",0,0,6884,841455
yolov8x_training,108.993702,80,243.845,13368.3125,11,1170,10001,"[0, 100000]","[0, 100000]",0,0,3466,30615
yolov8x_training,110.036690,75,223.352,13368.3125,85,1215,10001,"[0, 100000]","[0, 100000]",0,0,341,292
yolov8x_training,111.079335,79,224.446,13368.3125,95,2295,10001,"[0, 100000]","[0, 100000]",0,0,4882,102294
yolov8x_training,112.151270,76,236.933,13368.3125,100,2670,10001,"[0, 100000]","[0, 100000]",0,0,3173,14453
yolov8x_training,113.194367,77,246.359,13368.3125,32,1650,10001,"[0, 100000]","[0, 100000]",0,0,292,292
yolov8x_training,114.236955,79,236.135,13368.3125,49,1185,10001,"[0, 100000]","[0, 100000]",0,0,5029,19677
yolov8x_training,115.279924,80,224.485,13368.3125,93,1155,10001,"[0, 100000]","[0, 100000]",0,0,2392,3125
yolov8x_training,116.323254,77,231.094,13368.3125,100,1170,10001,"[0, 100000]","[0, 100000]",0,0,3027,39257
yolov8x_training,117.385173,75,228.406,13370.3125,56,1350,10001,"[0, 100000]","[0, 100000]",0,0,4052,14550
yolov8x_training,118.428166,79,239.219,13370.3125,54,1275,10001,"[0, 100000]","[0, 100000]",0,0,341,292
yolov8x_training,119.470752,76,244.918,13370.3125,94,1155,10001,"[0, 100000]","[0, 100000]",0,0,15136,32763
yolov8x_training,120.513972,78,223.981,13370.3125,100,1140,10001,"[0, 100000]","[0, 100000]",0,0,2832,35107
yolov8x_training,121.557662,76,225.097,13370.3125,70,2265,10001,"[0, 100000]","[0, 100000]",0,0,341,1039111
yolov8x_training,122.600576,79,234.644,13370.3125,14,1252,10001,"[0, 100000]","[0, 100000]",0,0,5664,22070
yolov8x_training,123.644469,79,244.586,13370.3125,80,1275,10001,"[0, 100000]","[0, 100000]",0,0,2685,2636
yolov8x_training,124.688310,81,242.521,13370.3125,95,1185,10001,"[0, 100000]","[0, 100000]",0,0,49072,39697
yolov8x_training,125.750644,77,226.361,13370.3125,100,1500,10001,"[0, 100000]","[0, 100000]",0,0,3613,15039
yolov8x_training,126.794070,76,230.071,13370.3125,40,1125,10001,"[0, 100000]","[0, 100000]",0,0,341,292
yolov8x_training,127.836689,78,241.533,13370.3125,55,2010,10001,"[0, 100000]","[0, 100000]",0,0,5517,21923
yolov8x_training,128.880114,81,238.396,13370.3125,95,1980,10001,"[0, 100000]","[0, 100000]",0,0,1708,292
yolov8x_training,129.923057,79,247.424,13370.3125,100,1965,10001,"[0, 100000]","[0, 100000]",0,0,3613,36669
yolov8x_training,130.982663,76,238.390,13370.3125,38,1170,10001,"[0, 100000]","[0, 100000]",0,0,5078,17041
yolov8x_training,132.025709,79,228.998,13370.3125,93,1890,10001,"[0, 100000]","[0, 100000]",0,0,341,292
yolov8x_training,133.089909,78,230.073,13370.3125,100,1297,10001,"[0, 100000]","[0, 100000]",0,0,15039,29150
yolov8x_training,134.132809,81,248.064,13370.3125,59,1425,10001,"[0, 100000]","[0, 100000]",0,0,2539,124902
yolov8x_training,135.176285,82,242.256,13370.3125,15,1110,10001,"[0, 100000]","[0, 100000]",0,0,90576,35351
yolov8x_training,136.245040,81,224.241,13370.3125,52,2460,10001,"[0, 100000]","[0, 100000]",0,0,90283,33740
yolov8x_training,137.313411,81,239.488,13370.3125,29,2505,10001,"[0, 100000]","[0, 100000]",0,0,3222,13769
yolov8x_training,138.356546,77,250.767,13370.3125,93,1125,10001,"[0, 100000]","[0, 100000]",0,0,292,1030468
yolov8x_training,139.399414,80,234.868,13370.3125,100,1230,10001,"[0, 100000]","[0, 100000]",0,0,4345,19482
yolov8x_training,140.442517,81,226.770,13370.3125,57,2400,10001,"[0, 100000]","[0, 100000]",0,0,2392,103613
yolov8x_training,141.485472,82,232.711,13370.3125,15,2505,10001,"[0, 100000]","[0, 100000]",0,0,89013,18945
yolov8x_training,142.528628,80,243.910,13370.3125,67,1275,10001,"[0, 100000]","[0, 100000]",0,0,4638,21142
yolov8x_training,143.572030,82,240.951,13370.3125,93,1110,10001,"[0, 100000]","[0, 100000]",0,0,2783,6689
yolov8x_training,144.615386,81,233.054,13370.3125,100,1290,10001,"[0, 100000]","[0, 100000]",0,0,89404,21386
yolov8x_training,145.658449,77,229.955,13370.3125,55,2550,10001,"[0, 100000]","[0, 100000]",0,0,6103,20898
yolov8x_training,146.701541,79,235.055,13370.3125,8,2505,10001,"[0, 100000]","[0, 100000]",0,0,2832,29931
yolov8x_training,147.745224,80,248.160,13370.3125,56,1770,10001,"[0, 100000]","[0, 100000]",0,0,89013,19140
yolov8x_training,148.788406,82,242.900,13370.3125,94,1245,10001,"[0, 100000]","[0, 100000]",0,0,4687,20410
yolov8x_training,149.831394,80,233.009,13370.3125,100,1245,10001,"[0, 100000]","[0, 100000]",0,0,1123,292
yolov8x_training,150.874084,77,239.055,13370.3125,51,1125,10001,"[0, 100000]","[0, 100000]",0,0,89990,26757
yolov8x_training,151.945052,81,225.836,13370.3125,18,1260,10001,"[0, 100000]","[0, 100000]",0,0,5175,15429
yolov8x_training,152.988335,83,233.586,13370.3125,95,2550,10001,"[0, 100000]","[0, 100000]",0,0,292,292
yolov8x_training,154.040159,82,239.043,13370.3125,100,2655,10001,"[0, 100000]","[0, 100000]",0,0,15673,36718
yolov8x_training,155.083522,82,248.717,13370.3125,38,1230,10001,"[0, 100000]","[0, 100000]",0,0,2832,12304
yolov8x_training,156.127172,82,240.115,13370.3125,38,1065,10001,"[0, 100000]","[0, 100000]",0,0,341,1032177
yolov8x_training,157.169910,79,229.722,13370.3125,87,2130,10001,"[0, 100000]","[0, 100000]",0,0,10253,32080
yolov8x_training,158.213254,77,230.373,13370.3125,97,1327,10001,"[0, 100000]","[0, 100000]",0,0,2441,8105
yolov8x_training,159.256325,81,248.633,13370.3125,80,2415,10001,"[0, 100000]","[0, 100000]",0,0,292,1041406
yolov8x_training,160.299413,82,241.659,13370.3125,30,1252,10001,"[0, 100000]","[0, 100000]",0,0,4931,19921
yolov8x_training,161.342610,82,239.059,13370.3125,41,1335,10001,"[0, 100000]","[0, 100000]",0,0,2783,4638
yolov8x_training,162.385776,79,247.694,13370.3125,92,1515,10001,"[0, 100000]","[0, 100000]",0,0,292,1039550
yolov8x_training,163.428503,77,240.577,13370.3125,95,1065,10001,"[0, 100000]","[0, 100000]",0,0,13330,33154
yolov8x_training,164.471740,82,230.572,13370.3125,100,1260,10001,"[0, 100000]","[0, 100000]",0,0,2734,10839
yolov8x_training,165.514831,83,232.130,13370.3125,37,2505,10001,"[0, 100000]","[0, 100000]",0,0,341,1032861
yolov8x_training,166.557852,84,238.759,13370.3125,25,1245,10001,"[0, 100000]","[0, 100000]",0,0,5859,20556
yolov8x_training,167.601176,83,249.896,13370.3125,82,1155,10001,"[0, 100000]","[0, 100000]",0,0,2636,2099
yolov8x_training,168.644768,82,241.118,13370.3125,96,1065,10001,"[0, 100000]","[0, 100000]",0,0,89746,24169
yolov8x_training,169.717888,79,235.318,13370.3125,90,2325,10001,"[0, 100000]","[0, 100000]",0,0,3857,16943
yolov8x_training,170.761069,80,237.840,13370.3125,21,1200,10001,"[0, 100000]","[0, 100000]",0,0,341,292
yolov8x_training,171.824026,83,250.947,13370.3125,74,2280,10001,"[0, 100000]","[0, 100000]",0,0,15234,29541
yolov8x_training,172.867284,84,233.424,13370.3125,93,2280,10001,"[0, 100000]","[0, 100000]",0,0,2734,10205
yolov8x_training,173.911002,82,242.541,13370.3125,100,615,10001,"[0, 100000]","[0, 100000]",0,0,341,1034960
yolov8x_training,174.954112,78,251.710,13370.3125,13,1110,10001,"[0, 100000]","[0, 100000]",0,0,5468,28369
yolov8x_training,175.997029,78,234.705,13370.3125,65,1125,10001,"[0, 100000]","[0, 100000]",0,0,2685,7763
yolov8x_training,177.040038,82,231.853,13370.3125,95,2280,10001,"[0, 100000]","[0, 100000]",0,0,292,1040771
yolov8x_training,178.082984,79,244.648,13370.3125,100,1545,10001,"[0, 100000]","[0, 100000]",0,0,5810,26513
yolov8x_training,179.125874,81,244.679,13370.3125,74,1530,10001,"[0, 100000]","[0, 100000]",0,0,2832,10009
yolov8x_training,180.169236,83,237.069,13370.3125,42,1230,10001,"[0, 100000]","[0, 100000]",0,0,341,292
yolov8x_training,181.211987,83,240.898,13370.3125,15,1065,10001,"[0, 100000]","[0, 100000]",0,0,6787,102783
yolov8x_training,182.278333,83,236.079,13370.3125,37,1635,10001,"[0, 100000]","[0, 100000]",0,0,4931,18896
yolov8x_training,183.321660,80,225.511,13370.3125,94,1680,10001,"[0, 100000]","[0, 100000]",0,0,292,292
yolov8x_training,184.364379,78,243.735,13370.3125,94,1065,10001,"[0, 100000]","[0, 100000]",0,0,90722,35693
yolov8x_training,185.433568,80,229.069,13370.3125,100,1260,10001,"[0, 100000]","[0, 100000]",0,0,4980,19580
yolov8x_training,186.476633,81,228.403,13370.3125,87,1845,10001,"[0, 100000]","[0, 100000]",0,0,1171,292
yolov8x_training,187.519381,83,240.537,13370.3125,29,2505,10001,"[0, 100000]","[0, 100000]",0,0,89599,21386
yolov8x_training,188.562510,83,239.726,13370.3125,42,1200,10001,"[0, 100000]","[0, 100000]",0,0,4736,22265
yolov8x_training,189.606575,83,247.860,13370.3125,94,1185,10001,"[0, 100000]","[0, 100000]",0,0,2783,4931
yolov8x_training,190.650129,83,241.906,13370.3125,93,1080,10001,"[0, 100000]","[0, 100000]",0,0,341,1033007
yolov8x_training,191.693045,82,228.409,13370.3125,100,1245,10001,"[0, 100000]","[0, 100000]",0,0,6738,21582
yolov8x_training,192.736082,79,228.827,13370.3125,71,2085,10001,"[0, 100000]","[0, 100000]",0,0,3076,12158
yolov8x_training,193.779358,78,233.351,13370.3125,16,1185,10001,"[0, 100000]","[0, 100000]",0,0,292,292
yolov8x_training,194.842153,83,243.339,13370.3125,54,1905,10001,"[0, 100000]","[0, 100000]",0,0,15087,34570
yolov8x_training,195.885377,84,232.001,13370.3125,91,2535,10001,"[0, 100000]","[0, 100000]",0,0,2734,11816
yolov8x_training,196.928348,83,242.023,13370.3125,94,1395,10001,"[0, 100000]","[0, 100000]",0,0,341,292
yolov8x_training,197.999485,83,247.706,13370.3125,63,1200,10001,"[0, 100000]","[0, 100000]",0,0,15478,32958
yolov8x_training,199.042742,80,239.129,13370.3125,31,1095,10001,"[0, 100000]","[0, 100000]",0,0,3271,13378
yolov8x_training,200.085896,84,242.978,13370.3125,18,1065,10001,"[0, 100000]","[0, 100000]",0,0,341,292
yolov8x_training,201.128645,83,227.247,13370.3125,60,1575,10001,"[0, 100000]","[0, 100000]",0,0,90380,33886
yolov8x_training,202.196449,80,224.487,13370.3125,94,2385,10001,"[0, 100000]","[0, 100000]",0,0,3662,25146
yolov8x_training,203.240138,79,224.093,13370.3125,94,2400,10001,"[0, 100000]","[0, 100000]",0,0,2539,8789
yolov8x_training,204.283278,79,232.521,13370.3125,95,1080,10001,"[0, 100000]","[0, 100000]",0,0,341,292
yolov8x_training,205.326123,80,234.988,13370.3125,100,1200,10001,"[0, 100000]","[0, 100000]",0,0,6738,102392
yolov8x_training,206.392801,82,225.581,13370.3125,71,2025,10001,"[0, 100000]","[0, 100000]",0,0,3710,16943
yolov8x_training,207.436121,84,232.636,13370.3125,13,2505,10001,"[0, 100000]","[0, 100000]",0,0,439,292
yolov8x_training,208.479126,84,237.296,13370.3125,26,615,10001,"[0, 100000]","[0, 100000]",0,0,390,969726
yolov8x_training,209.522294,83,249.745,13370.3125,66,1290,10001,"[0, 100000]","[0, 100000]",0,0,3222,30029
yolov8x_training,210.565397,84,244.565,13370.3125,94,1095,10001,"[0, 100000]","[0, 100000]",0,0,2685,4003
yolov8x_training,211.609070,83,238.339,13370.3125,100,1185,10001,"[0, 100000]","[0, 100000]",0,0,292,1041455
yolov8x_training,212.652428,80,228.497,13370.3125,76,2250,10001,"[0, 100000]","[0, 100000]",0,0,13769,33056
yolov8x_training,213.695719,79,228.116,13370.3125,42,1252,10001,"[0, 100000]","[0, 100000]",0,0,2978,11279
yolov8x_training,214.739284,84,242.400,13370.3125,19,1350,10001,"[0, 100000]","[0, 100000]",0,0,341,292
yolov8x_training,215.782083,85,241.550,13370.3125,78,2655,10001,"[0, 100000]","[0, 100000]",0,0,6494,30908
yolov8x_training,216.825128,84,243.833,13370.3125,94,1665,10001,"[0, 100000]","[0, 100000]",0,0,2978,12353
yolov8x_training,217.868481,83,245.357,13370.3125,100,1215,10001,"[0, 100000]","[0, 100000]",0,0,341,292
yolov8x_training,218.920599,79,245.653,13370.3125,64,1050,10001,"[0, 100000]","[0, 100000]",0,0,15136,35351
yolov8x_training,219.963569,84,233.957,13370.3125,81,1515,10001,"[0, 100000]","[0, 100000]",0,0,2392,8056
yolov8x_training,221.006652,84,230.076,13370.3125,94,2595,10001,"[0, 100000]","[0, 100000]",0,0,341,1031103
yolov8x_training,222.049516,84,244.112,13370.3125,98,1185,10001,"[0, 100000]","[0, 100000]",0,0,5029,27392
yolov8x_training,223.092721,84,248.029,13370.3125,51,1095,10001,"[0, 100000]","[0, 100000]",0,0,2734,4980
yolov8x_training,224.136121,84,243.827,13370.3125,14,1065,10001,"[0, 100000]","[0, 100000]",0,0,341,292
yolov8x_training,225.206388,84,237.948,13370.3125,42,1230,10001,"[0, 100000]","[0, 100000]",0,0,15673,30419
yolov8x_training,226.249642,81,230.687,13370.3125,93,2340,10001,"[0, 100000]","[0, 100000]",0,0,3027,11230
yolov8x_training,227.293047,79,233.192,13370.3125,93,1215,10001,"[0, 100000]","[0, 100000]",0,0,341,292
yolov8x_training,228.335716,84,236.485,13370.3125,100,2085,10001,"[0, 100000]","[0, 100000]",0,0,6445,102441
yolov8x_training,229.393053,84,229.434,13370.3125,95,2355,10001,"[0, 100000]","[0, 100000]",0,0,5078,16748
yolov8x_training,230.436022,83,226.072,13370.3125,62,1305,10001,"[0, 100000]","[0, 100000]",0,0,2197,878
yolov8x_training,231.479403,84,232.456,13370.3125,11,1275,10001,"[0, 100000]","[0, 100000]",0,0,341,1028320
yolov8x_training,232.533790,84,246.038,13370.3125,46,1380,10001,"[0, 100000]","[0, 100000]",0,0,15039,30126
yolov8x_training,233.576688,84,247.372,13370.3125,80,1215,10001,"[0, 100000]","[0, 100000]",0,0,2685,9667
yolov8x_training,234.619923,84,241.982,13370.3125,93,1080,10001,"[0, 100000]","[0, 100000]",0,0,341,292
yolov8x_training,235.662600,84,224.916,13370.3125,96,1170,10001,"[0, 100000]","[0, 100000]",0,0,90625,35839
yolov8x_training,236.730644,84,230.874,13370.3125,100,1920,10001,"[0, 100000]","[0, 100000]",0,0,5029,28466
yolov8x_training,237.773732,82,237.003,13370.3125,94,1125,10001,"[0, 100000]","[0, 100000]",0,0,2587,8837
yolov8x_training,238.816952,80,246.770,13370.3125,58,1140,10001,"[0, 100000]","[0, 100000]",0,0,341,292
yolov8x_training,239.863701,82,234.190,13370.3125,9,1530,10001,"[0, 100000]","[0, 100000]",0,0,15185,32275
yolov8x_training,240.906756,85,238.052,13370.3125,65,2385,10001,"[0, 100000]","[0, 100000]",0,0,3369,14892
yolov8x_training,241.949813,82,222.121,13370.3125,94,2580,10001,"[0, 100000]","[0, 100000]",0,0,1123,292
yolov8x_training,242.992610,85,249.902,13370.3125,47,2655,10001,"[0, 100000]","[0, 100000]",0,0,89404,21044
yolov8x_training,244.040527,85,240.099,13370.3125,24,1785,10001,"[0, 100000]","[0, 100000]",0,0,15039,29541
yolov8x_training,245.083516,84,237.668,13370.3125,34,1275,10001,"[0, 100000]","[0, 100000]",0,0,3222,12500
yolov8x_training,246.126669,85,230.527,13370.3125,68,1140,10001,"[0, 100000]","[0, 100000]",0,0,341,292
yolov8x_training,247.169555,86,227.184,13370.3125,95,1080,10001,"[0, 100000]","[0, 100000]",0,0,4931,102343
yolov8x_training,248.239057,84,235.474,13370.3125,95,1980,10001,"[0, 100000]","[0, 100000]",0,0,4394,16357
yolov8x_training,249.282027,80,246.020,13370.3125,96,1035,10001,"[0, 100000]","[0, 100000]",0,0,341,341
yolov8x_training,250.324704,80,247.823,13370.3125,41,1590,10001,"[0, 100000]","[0, 100000]",0,0,3027,38964
yolov8x_training,251.389520,85,235.637,13370.3125,13,2265,10001,"[0, 100000]","[0, 100000]",0,0,4541,21093
yolov8x_training,252.432657,84,226.324,13370.3125,44,2610,10001,"[0, 100000]","[0, 100000]",0,0,2050,390
yolov8x_training,253.475772,85,247.904,13370.3125,73,2505,10001,"[0, 100000]","[0, 100000]",0,0,341,1030126
yolov8x_training,254.550977,85,241.775,13370.3125,94,1230,10001,"[0, 100000]","[0, 100000]",0,0,15283,35791
yolov8x_training,255.594393,85,241.659,13370.3125,94,1185,10001,"[0, 100000]","[0, 100000]",0,0,2832,11914
yolov8x_training,256.637561,85,236.066,13370.3125,100,1065,10001,"[0, 100000]","[0, 100000]",0,0,292,292
yolov8x_training,257.680290,85,225.413,13370.3125,76,1110,10001,"[0, 100000]","[0, 100000]",0,0,5468,102343
yolov8x_training,258.748871,84,229.907,13370.3125,45,1725,10001,"[0, 100000]","[0, 100000]",0,0,4736,17871
yolov8x_training,259.792171,84,237.844,13370.3125,13,1095,10001,"[0, 100000]","[0, 100000]",0,0,2734,4101
yolov8x_training,260.835485,81,241.580,13370.3125,36,1110,10001,"[0, 100000]","[0, 100000]",0,0,341,341
yolov8x_training,261.878001,80,225.439,13370.3125,59,1125,10001,"[0, 100000]","[0, 100000]",0,0,6494,100732
yolov8x_training,262.947774,80,238.428,13370.3125,90,1215,10001,"[0, 100000]","[0, 100000]",0,0,5126,15185
yolov8x_training,263.991249,85,235.106,13370.3125,97,1965,10001,"[0, 100000]","[0, 100000]",0,0,781,292
yolov8x_training,265.034607,83,246.146,13370.3125,100,1267,10001,"[0, 100000]","[0, 100000]",0,0,89501,21484
yolov8x_training,266.077711,80,234.647,13370.3125,54,1380,10001,"[0, 100000]","[0, 100000]",0,0,4931,17382
yolov8x_training,267.120653,85,242.777,13370.3125,13,1680,10001,"[0, 100000]","[0, 100000]",0,0,2685,11523
yolov8x_training,268.163885,86,233.227,13370.3125,62,1035,10001,"[0, 100000]","[0, 100000]",0,0,390,292
yolov8x_training,269.215366,85,228.306,13370.3125,94,1155,10001,"[0, 100000]","[0, 100000]",0,0,15478,35693
yolov8x_training,270.258662,84,243.354,13370.3125,95,2040,10001,"[0, 100000]","[0, 100000]",0,0,3320,11962
yolov8x_training,271.301692,81,240.872,13370.3125,100,1125,10001,"[0, 100000]","[0, 100000]",0,0,292,292
yolov8x_training,272.344294,80,247.604,13370.3125,57,1740,10001,"[0, 100000]","[0, 100000]",0,0,6445,102148
yolov8x_training,273.405211,84,239.060,13370.3125,31,2625,10001,"[0, 100000]","[0, 100000]",0,0,3320,10351
yolov8x_training,274.448759,85,249.302,13370.3125,71,2505,10001,"[0, 100000]","[0, 100000]",0,0,341,292
yolov8x_training,275.507030,85,247.448,13370.3125,94,1200,10001,"[0, 100000]","[0, 100000]",0,0,15429,34960
yolov8x_training,276.550266,84,236.873,13370.3125,98,1125,10001,"[0, 100000]","[0, 100000]",0,0,3222,12841
yolov8x_training,277.593509,85,233.014,13370.3125,90,1170,10001,"[0, 100000]","[0, 100000]",0,0,341,292
yolov8x_training,278.636505,84,232.359,13370.3125,32,2100,10001,"[0, 100000]","[0, 100000]",0,0,6591,102246
yolov8x_training,279.698785,81,245.361,13370.3125,41,2655,10001,"[0, 100000]","[0, 100000]",0,0,3173,13427
yolov8x_training,280.741954,80,243.908,13370.3125,72,2505,10001,"[0, 100000]","[0, 100000]",0,0,341,292
yolov8x_training,281.785005,84,244.795,13370.3125,94,2325,10001,"[0, 100000]","[0, 100000]",0,0,4980,102783
yolov8x_training,282.856668,84,240.623,13370.3125,100,2535,10001,"[0, 100000]","[0, 100000]",0,0,3613,11474
yolov8x_training,283.900196,85,248.966,13370.3125,74,1680,10001,"[0, 100000]","[0, 100000]",0,0,341,341
yolov8x_training,284.965240,83,240.358,13370.3125,21,1170,10001,"[0, 100000]","[0, 100000]",0,0,15625,32958
yolov8x_training,286.008826,80,228.162,13370.3125,90,1200,10001,"[0, 100000]","[0, 100000]",0,0,2832,11816
yolov8x_training,287.051712,80,246.723,13370.3125,93,2100,10001,"[0, 100000]","[0, 100000]",0,0,341,292
yolov8x_training,288.123280,82,242.649,13370.3125,100,2580,10001,"[0, 100000]","[0, 100000]",0,0,15478,34277
yolov8x_training,289.166575,80,247.165,13370.3125,90,1905,10001,"[0, 100000]","[0, 100000]",0,0,3417,13574
yolov8x_training,290.209650,80,243.945,13370.3125,44,592,10001,"[0, 100000]","[0, 100000]",0,0,341,292
yolov8x_training,291.252384,85,246.143,13370.3125,6,1230,10001,"[0, 100000]","[0, 100000]",0,0,90527,36621
yolov8x_training,292.319214,85,232.517,13370.3125,56,2655,10001,"[0, 100000]","[0, 100000]",0,0,5175,17724
yolov8x_training,293.362384,85,225.771,13370.3125,69,1425,10001,"[0, 100000]","[0, 100000]",0,0,3076,11083
yolov8x_training,294.405398,85,239.665,13370.3125,94,1185,10001,"[0, 100000]","[0, 100000]",0,0,292,292
yolov8x_training,295.448014,85,246.120,13370.3125,94,1785,10001,"[0, 100000]","[0, 100000]",0,0,4003,35253
yolov8x_training,296.506231,84,237.389,13370.3125,100,1125,10001,"[0, 100000]","[0, 100000]",0,0,4931,24121
yolov8x_training,297.549381,81,229.170,13370.3125,99,1125,10001,"[0, 100000]","[0, 100000]",0,0,2441,6396
yolov8x_training,298.592832,85,232.165,13370.3125,54,2010,10001,"[0, 100000]","[0, 100000]",0,0,341,63964
yolov8x_training,299.645555,84,235.818,13370.3125,4,2400,10001,"[0, 100000]","[0, 100000]",0,0,15087,29248
yolov8x_training,300.688793,82,238.699,13370.3125,24,2565,10001,"[0, 100000]","[0, 100000]",0,0,4882,18408
yolov8x_training,301.732199,81,238.668,13370.3125,61,1327,10001,"[0, 100000]","[0, 100000]",0,0,2148,2246
yolov8x_training,302.775374,80,255.249,13370.3125,93,2235,10001,"[0, 100000]","[0, 100000]",0,0,292,1039990
yolov8x_training,303.835011,85,243.873,13370.3125,94,2430,10001,"[0, 100000]","[0, 100000]",0,0,15136,25976
yolov8x_training,304.877954,83,241.804,13370.3125,95,1252,10001,"[0, 100000]","[0, 100000]",0,0,3125,11865
yolov8x_training,305.921060,85,248.490,13370.3125,100,2655,10001,"[0, 100000]","[0, 100000]",0,0,341,292
yolov8x_training,306.963707,86,245.945,13370.3125,67,1470,10001,"[0, 100000]","[0, 100000]",0,0,3271,36474
yolov8x_training,308.025847,84,241.176,13370.3125,25,1080,10001,"[0, 100000]","[0, 100000]",0,0,4101,24658
yolov8x_training,309.069381,81,234.742,13370.3125,65,1155,10001,"[0, 100000]","[0, 100000]",0,0,2050,1757
yolov8x_training,310.112787,85,229.984,13370.3125,94,2040,10001,"[0, 100000]","[0, 100000]",0,0,341,1036914
yolov8x_training,311.157748,84,232.130,13370.3125,96,2400,10001,"[0, 100000]","[0, 100000]",0,0,15185,34228
yolov8x_training,312.200891,81,244.596,13370.3125,100,1980,10001,"[0, 100000]","[0, 100000]",0,0,3271,11474
yolov8x_training,313.244119,81,251.404,13370.3125,54,1230,10001,"[0, 100000]","[0, 100000]",0,0,341,292
yolov8x_training,314.296213,86,248.550,13370.3125,19,2655,10001,"[0, 100000]","[0, 100000]",0,0,15087,34277
yolov8x_training,315.339288,85,230.073,13370.3125,79,2550,10001,"[0, 100000]","[0, 100000]",0,0,2880,10888
yolov8x_training,316.382736,86,242.261,13370.3125,95,1185,10001,"[0, 100000]","[0, 100000]",0,0,5664,292
yolov8x_training,317.425493,85,242.916,13370.3125,95,1140,10001,"[0, 100000]","[0, 100000]",0,0,6152,102783
yolov8x_training,318.491929,82,235.615,13370.3125,100,1200,10001,"[0, 100000]","[0, 100000]",0,0,2978,13525
yolov8x_training,319.534976,80,236.012,13370.3125,55,2400,10001,"[0, 100000]","[0, 100000]",0,0,292,292
yolov8x_training,320.577679,82,240.269,13370.3125,22,1327,10001,"[0, 100000]","[0, 100000]",0,0,6396,102587
yolov8x_training,321.636663,81,250.366,13370.3125,69,1275,10001,"[0, 100000]","[0, 100000]",0,0,4931,17187
yolov8x_training,322.679982,85,246.065,13370.3125,94,600,10001,"[0, 100000]","[0, 100000]",0,0,13427,341
yolov8x_training,323.724718,80,217.442,13370.3125,71,2505,10001,"[0, 100000]","[0, 100000]",0,0,13818,32177
yolov8x_training,324.767992,85,218.264,13370.3125,58,1050,10001,"[0, 100000]","[0, 100000]",0,0,341,341
yolov8x_training,325.810604,81,200.945,13370.3125,21,1815,10001,"[0, 100000]","[0, 100000]",0,0,5322,23193
yolov8x_training,326.854389,84,217.595,13370.3125,100,1080,10001,"[0, 100000]","[0, 100000]",0,0,341,292
yolov8x_training,327.896868,83,196.284,13370.3125,0,2655,10001,"[0, 100000]","[0, 100000]",0,0,3417,27001
yolov8x_training,328.939984,79,218.801,13370.3125,87,1095,10001,"[0, 100000]","[0, 100000]",0,0,341,292
yolov8x_training,329.982410,85,186.806,13370.3125,88,2505,10001,"[0, 100000]","[0, 100000]",0,0,3173,12109
yolov8x_training,331.025100,79,213.861,13370.3125,26,1080,10001,"[0, 100000]","[0, 100000]",0,0,4492,20751
yolov8x_training,332.068685,81,236.791,13370.3125,60,1050,10001,"[0, 100000]","[0, 100000]",0,0,2783,36474
yolov8x_training,333.111270,81,232.762,13370.3125,94,1260,10001,"[0, 100000]","[0, 100000]",0,0,88964,18603
yolov8x_training,334.153804,80,236.470,13370.3125,96,2025,10001,"[0, 100000]","[0, 100000]",0,0,4833,18652
yolov8x_training,335.197230,84,248.657,13370.3125,98,1470,10001,"[0, 100000]","[0, 100000]",0,0,2734,9375
yolov8x_training,336.239913,85,252.537,13370.3125,32,1215,10001,"[0, 100000]","[0, 100000]",0,0,390,1039111
yolov8x_training,337.282191,84,238.257,13370.3125,41,1890,10001,"[0, 100000]","[0, 100000]",0,0,6787,31347
yolov8x_training,338.324929,83,230.325,13370.3125,86,1845,10001,"[0, 100000]","[0, 100000]",0,0,2636,8935
yolov8x_training,339.367285,80,232.971,13370.3125,95,1050,10001,"[0, 100000]","[0, 100000]",0,0,439,414453
yolov8x_training,340.422938,82,233.695,13370.3125,100,1080,10001,"[0, 100000]","[0, 100000]",0,0,15429,35009
yolov8x_training,341.466259,84,230.598,13370.3125,70,2130,10001,"[0, 100000]","[0, 100000]",0,0,3613,11523
yolov8x_training,342.509331,85,233.958,13370.3125,16,2595,10001,"[0, 100000]","[0, 100000]",0,0,390,341
yolov8x_training,343.573377,84,245.411,13370.3125,51,1020,10001,"[0, 100000]","[0, 100000]",0,0,14990,28271
yolov8x_training,344.616263,86,243.875,13370.3125,95,1485,10001,"[0, 100000]","[0, 100000]",0,0,2978,12158
yolov8x_training,345.658721,85,245.315,13370.3125,94,1065,10001,"[0, 100000]","[0, 100000]",0,0,390,390
yolov8x_training,346.724313,84,227.334,13370.3125,100,1110,10001,"[0, 100000]","[0, 100000]",0,0,15185,34375
yolov8x_training,347.767637,80,234.711,13370.3125,54,2085,10001,"[0, 100000]","[0, 100000]",0,0,3222,11132
yolov8x_training,348.810143,83,238.652,13370.3125,19,1080,10001,"[0, 100000]","[0, 100000]",0,0,390,341
yolov8x_training,349.865146,84,245.566,13370.3125,62,1440,10001,"[0, 100000]","[0, 100000]",0,0,14990,28906
yolov8x_training,350.908138,85,232.410,13370.3125,94,2505,10001,"[0, 100000]","[0, 100000]",0,0,3369,13525
yolov8x_training,351.950634,85,244.200,13370.3125,95,2505,10001,"[0, 100000]","[0, 100000]",0,0,341,341
yolov8x_training,353.018279,84,250.372,13370.3125,45,607,10001,"[0, 100000]","[0, 100000]",0,0,15087,34570
yolov8x_training,354.061076,80,245.273,13370.3125,20,1065,10001,"[0, 100000]","[0, 100000]",0,0,3417,11279
yolov8x_training,355.103469,84,236.217,13370.3125,75,1755,10001,"[0, 100000]","[0, 100000]",0,0,439,341
yolov8x_training,356.172478,81,229.013,13370.3125,94,2370,10001,"[0, 100000]","[0, 100000]",0,0,15283,30419
yolov8x_training,357.215929,83,238.483,13370.3125,100,2085,10001,"[0, 100000]","[0, 100000]",0,0,2636,9960
yolov8x_training,358.258388,84,247.686,13370.3125,78,1230,10001,"[0, 100000]","[0, 100000]",0,0,390,341
yolov8x_training,359.314107,86,245.194,13370.3125,35,2595,10001,"[0, 100000]","[0, 100000]",0,0,15380,34521
yolov8x_training,360.357371,85,244.033,13370.3125,43,1470,10001,"[0, 100000]","[0, 100000]",0,0,3417,11083
yolov8x_training,361.400080,82,249.587,13370.3125,94,1095,10001,"[0, 100000]","[0, 100000]",0,0,390,341
yolov8x_training,362.468289,81,244.861,13370.3125,95,1050,10001,"[0, 100000]","[0, 100000]",0,0,14990,29101
yolov8x_training,363.511180,85,231.965,13370.3125,100,1185,10001,"[0, 100000]","[0, 100000]",0,0,3173,10400
yolov8x_training,364.553872,84,230.601,13370.3125,64,2190,10001,"[0, 100000]","[0, 100000]",0,0,439,341
yolov8x_training,365.620213,81,234.477,13370.3125,16,2640,10001,"[0, 100000]","[0, 100000]",0,0,15283,29736
yolov8x_training,366.662919,85,243.500,13370.3125,48,2295,10001,"[0, 100000]","[0, 100000]",0,0,3906,16162
yolov8x_training,367.705113,83,241.410,13370.3125,82,1335,10001,"[0, 100000]","[0, 100000]",0,0,390,390
yolov8x_training,368.747317,86,246.199,13370.3125,95,1080,10001,"[0, 100000]","[0, 100000]",0,0,6738,102050
yolov8x_training,369.816321,85,235.722,13370.3125,100,1695,10001,"[0, 100000]","[0, 100000]",0,0,3466,14599
yolov8x_training,370.858909,82,227.012,13370.3125,89,1140,10001,"[0, 100000]","[0, 100000]",0,0,341,292
yolov8x_training,371.901703,80,238.669,13370.3125,19,1065,10001,"[0, 100000]","[0, 100000]",0,0,6298,105175
yolov8x_training,372.968241,85,232.341,13370.3125,38,1320,10001,"[0, 100000]","[0, 100000]",0,0,3710,17236
yolov8x_training,374.011278,86,232.509,13370.3125,96,2430,10001,"[0, 100000]","[0, 100000]",0,0,341,292
yolov8x_training,375.054068,86,241.269,13370.3125,100,1200,10001,"[0, 100000]","[0, 100000]",0,0,7080,104589
yolov8x_training,376.118342,85,248.848,13370.3125,57,1710,10001,"[0, 100000]","[0, 100000]",0,0,3417,14404
yolov8x_training,377.161332,86,244.221,13370.3125,15,1065,10001,"[0, 100000]","[0, 100000]",0,0,292,341
yolov8x_training,378.204122,85,239.706,13370.3125,47,1080,10001,"[0, 100000]","[0, 100000]",0,0,5126,104687
yolov8x_training,379.272808,84,234.065,13370.3125,73,1470,10001,"[0, 100000]","[0, 100000]",0,0,5126,18652
yolov8x_training,380.315766,81,228.483,13370.3125,95,1110,10001,"[0, 100000]","[0, 100000]",0,0,2148,1025
yolov8x_training,381.359062,81,235.652,13370.3125,96,1095,10001,"[0, 100000]","[0, 100000]",0,0,88769,16015
yolov8x_training,382.402112,85,233.532,13370.3125,86,2250,10001,"[0, 100000]","[0, 100000]",0,0,4931,27539
yolov8x_training,383.444921,86,232.989,13370.3125,44,2505,10001,"[0, 100000]","[0, 100000]",0,0,2783,3222
yolov8x_training,384.487902,86,243.433,13370.3125,26,1395,10001,"[0, 100000]","[0, 100000]",0,0,292,1029980
yolov8x_training,385.543520,84,249.495,13370.3125,69,1485,10001,"[0, 100000]","[0, 100000]",0,0,15332,31738
yolov8x_training,386.586173,81,246.042,13370.3125,94,1065,10001,"[0, 100000]","[0, 100000]",0,0,3173,10205
yolov8x_training,387.629515,85,237.861,13370.3125,100,1095,10001,"[0, 100000]","[0, 100000]",0,0,341,292
yolov8x_training,388.680073,82,235.837,13370.3125,93,1995,10001,"[0, 100000]","[0, 100000]",0,0,15478,31738
yolov8x_training,389.722649,81,233.768,13370.3125,41,1260,10001,"[0, 100000]","[0, 100000]",0,0,3759,16699
yolov8x_training,390.765792,83,238.882,13370.3125,22,2640,10001,"[0, 100000]","[0, 100000]",0,0,341,292
yolov8x_training,391.808493,84,253.295,13370.3125,72,2550,10001,"[0, 100000]","[0, 100000]",0,0,4980,103759
yolov8x_training,392.880640,86,242.471,13370.3125,95,1252,10001,"[0, 100000]","[0, 100000]",0,0,4541,14111
yolov8x_training,393.924705,85,244.225,13370.3125,95,1740,10001,"[0, 100000]","[0, 100000]",0,0,341,292
yolov8x_training,394.967409,84,246.907,13370.3125,100,1215,10001,"[0, 100000]","[0, 100000]",0,0,6396,104150
yolov8x_training,396.033606,81,245.625,13370.3125,18,1050,10001,"[0, 100000]","[0, 100000]",0,0,4199,15185
yolov8x_training,397.076705,84,236.698,13370.3125,85,1935,10001,"[0, 100000]","[0, 100000]",0,0,341,292
yolov8x_training,398.119336,81,228.639,13370.3125,92,2475,10001,"[0, 100000]","[0, 100000]",0,0,6494,103222
yolov8x_training,399.173924,81,235.666,13370.3125,100,1455,10001,"[0, 100000]","[0, 100000]",0,0,3857,20996
yolov8x_training,400.216775,86,242.952,13370.3125,100,1185,10001,"[0, 100000]","[0, 100000]",0,0,6445,80957
yolov8x_training,401.260410,86,247.500,13370.3125,62,1245,10001,"[0, 100000]","[0, 100000]",0,0,89453,20947
yolov8x_training,402.303311,86,245.724,13370.3125,12,1380,10001,"[0, 100000]","[0, 100000]",0,0,5224,18652
yolov8x_training,403.345724,85,231.669,13370.3125,50,1215,10001,"[0, 100000]","[0, 100000]",0,0,2587,9277
yolov8x_training,404.389139,83,225.720,13370.3125,94,1050,10001,"[0, 100000]","[0, 100000]",0,0,390,292
yolov8x_training,405.431998,81,245.447,13370.3125,94,1095,10001,"[0, 100000]","[0, 100000]",0,0,6054,102343
yolov8x_training,406.502366,84,230.077,13370.3125,100,1680,10001,"[0, 100000]","[0, 100000]",0,0,3125,12109
yolov8x_training,407.545729,85,226.978,13370.3125,81,2295,10001,"[0, 100000]","[0, 100000]",0,0,341,292
yolov8x_training,408.588344,85,230.476,13370.3125,48,1275,10001,"[0, 100000]","[0, 100000]",0,0,5029,104003
yolov8x_training,409.660640,82,243.177,13370.3125,16,2580,10001,"[0, 100000]","[0, 100000]",0,0,5468,19091
yolov8x_training,410.703912,86,247.304,13370.3125,52,1740,10001,"[0, 100000]","[0, 100000]",0,0,1904,292
yolov8x_training,411.746963,86,245.492,13370.3125,80,1080,10001,"[0, 100000]","[0, 100000]",0,0,292,1028320
yolov8x_training,412.791111,86,244.132,13370.3125,95,1065,10001,"[0, 100000]","[0, 100000]",0,0,15332,30712
yolov8x_training,413.833853,86,241.206,13370.3125,100,1305,10001,"[0, 100000]","[0, 100000]",0,0,3466,15429
yolov8x_training,414.876877,85,233.449,13370.3125,100,1695,10001,"[0, 100000]","[0, 100000]",0,0,390,292
yolov8x_training,415.919598,81,247.653,13370.3125,64,1035,10001,"[0, 100000]","[0, 100000]",0,0,4003,35009
yolov8x_training,416.980129,83,233.354,13370.3125,16,1380,10001,"[0, 100000]","[0, 100000]",0,0,3613,14404
yolov8x_training,418.023483,84,228.572,13370.3125,94,2310,10001,"[0, 100000]","[0, 100000]",0,0,341,292
yolov8x_training,419.066208,86,232.857,13370.3125,100,1635,10001,"[0, 100000]","[0, 100000]",0,0,6445,104394
yolov8x_training,420.120780,87,243.077,13370.3125,97,1305,10001,"[0, 100000]","[0, 100000]",0,0,4931,16259
yolov8x_training,421.163567,86,252.282,13370.3125,38,1140,10001,"[0, 100000]","[0, 100000]",0,0,341,292
yolov8x_training,422.206239,86,244.133,13370.3125,20,1095,10001,"[0, 100000]","[0, 100000]",0,0,6054,103710
yolov8x_training,423.277232,84,231.524,13370.3125,81,1905,10001,"[0, 100000]","[0, 100000]",0,0,3857,13867
yolov8x_training,424.320767,81,231.731,13370.3125,95,1050,10001,"[0, 100000]","[0, 100000]",0,0,341,292
yolov8x_training,425.363381,81,233.634,13370.3125,99,1080,10001,"[0, 100000]","[0, 100000]",0,0,341,292
yolov8x_training,426.406537,86,199.735,13370.3125,32,2655,10001,"[0, 100000]","[0, 100000]",0,0,5175,17333
yolov8x_training,427.449486,81,219.093,13370.3125,100,1065,10001,"[0, 100000]","[0, 100000]",0,0,292,292
yolov8x_training,428.492252,85,216.928,13370.3125,0,1320,10001,"[0, 100000]","[0, 100000]",0,0,341,341
yolov8x_training,429.563060,86,244.377,13370.3125,32,1200,10001,"[0, 100000]","[0, 100000]",0,0,15039,30859
yolov8x_training,430.605933,84,218.934,13370.3125,14,2655,10001,"[0, 100000]","[0, 100000]",0,0,341,292
yolov8x_training,431.648734,80,209.950,13370.3125,90,1365,10001,"[0, 100000]","[0, 100000]",0,0,7128,29931
yolov8x_training,432.691474,86,207.170,13370.3125,4,1905,10001,"[0, 100000]","[0, 100000]",0,0,292,292
yolov8x_training,433.734411,80,193.715,13370.3125,88,1185,10001,"[0, 100000]","[0, 100000]",0,0,3857,14404
yolov8x_training,434.777770,80,227.376,13370.3125,24,2175,10001,"[0, 100000]","[0, 100000]",0,0,14550,292
yolov8x_training,435.821225,85,243.277,13370.3125,31,2430,10001,"[0, 100000]","[0, 100000]",0,0,4541,103320
yolov8x_training,436.891989,85,247.279,13370.3125,86,2535,10001,"[0, 100000]","[0, 100000]",0,0,3955,16455
yolov8x_training,437.935022,86,242.132,13370.3125,95,1725,10001,"[0, 100000]","[0, 100000]",0,0,292,292
yolov8x_training,438.977671,84,244.422,13370.3125,100,1200,10001,"[0, 100000]","[0, 100000]",0,0,4052,35986
yolov8x_training,440.035624,81,248.371,13370.3125,38,1035,10001,"[0, 100000]","[0, 100000]",0,0,3369,25000
yolov8x_training,441.078458,81,224.424,13370.3125,19,1095,10001,"[0, 100000]","[0, 100000]",0,0,2783,113525
yolov8x_training,442.121413,84,234.492,13370.3125,68,2070,10001,"[0, 100000]","[0, 100000]",0,0,88818,15576
yolov8x_training,443.164901,81,245.323,13370.3125,94,2655,10001,"[0, 100000]","[0, 100000]",0,0,6982,27441
yolov8x_training,444.207500,81,245.372,13370.3125,95,1845,10001,"[0, 100000]","[0, 100000]",0,0,3125,12792
yolov8x_training,445.250374,86,246.910,13370.3125,100,1155,10001,"[0, 100000]","[0, 100000]",0,0,341,292
yolov8x_training,446.292965,85,236.409,13370.3125,54,1110,10001,"[0, 100000]","[0, 100000]",0,0,4443,101757
yolov8x_training,447.369228,86,242.901,13370.3125,14,1185,10001,"[0, 100000]","[0, 100000]",0,0,2783,11816
yolov8x_training,448.412232,85,242.054,13370.3125,95,1080,10001,"[0, 100000]","[0, 100000]",0,0,341,292
yolov8x_training,449.454913,82,232.678,13370.3125,100,1095,10001,"[0, 100000]","[0, 100000]",0,0,7568,29687
yolov8x_training,450.497885,83,233.547,13370.3125,35,2010,10001,"[0, 100000]","[0, 100000]",0,0,3173,12011
yolov8x_training,451.541454,85,241.195,13370.3125,44,2580,10001,"[0, 100000]","[0, 100000]",0,0,341,292
yolov8x_training,452.600655,81,254.823,13370.3125,83,2640,10001,"[0, 100000]","[0, 100000]",0,0,15185,28710
yolov8x_training,453.643542,86,245.706,13370.3125,95,1260,10001,"[0, 100000]","[0, 100000]",0,0,2685,10351
yolov8x_training,454.687143,85,235.592,13370.3125,100,1050,10001,"[0, 100000]","[0, 100000]",0,0,390,1030224
yolov8x_training,455.736759,87,226.846,13370.3125,69,1155,10001,"[0, 100000]","[0, 100000]",0,0,15820,30859
yolov8x_training,456.779646,85,236.142,13370.3125,6,2340,10001,"[0, 100000]","[0, 100000]",0,0,3027,12646
yolov8x_training,457.822705,81,246.184,13370.3125,54,1050,10001,"[0, 100000]","[0, 100000]",0,0,341,292
yolov8x_training,458.894756,84,249.312,13370.3125,95,2085,10001,"[0, 100000]","[0, 100000]",0,0,15136,29541
yolov8x_training,459.937463,84,244.395,13370.3125,94,2550,10001,"[0, 100000]","[0, 100000]",0,0,3222,11523
yolov8x_training,460.981175,86,252.754,13370.3125,100,2505,10001,"[0, 100000]","[0, 100000]",0,0,341,292
yolov8x_training,462.045760,86,245.320,13370.3125,13,1575,10001,"[0, 100000]","[0, 100000]",0,0,15380,34570
yolov8x_training,463.088840,83,237.343,13370.3125,53,1095,10001,"[0, 100000]","[0, 100000]",0,0,3271,13720
yolov8x_training,464.131754,86,243.437,13370.3125,92,1080,10001,"[0, 100000]","[0, 100000]",0,0,341,292
yolov8x_training,465.174407,85,235.563,13370.3125,95,1950,10001,"[0, 100000]","[0, 100000]",0,0,6640,103271
yolov8x_training,466.241787,82,241.098,13370.3125,100,2370,10001,"[0, 100000]","[0, 100000]",0,0,3320,14404
yolov8x_training,467.284748,81,245.238,13370.3125,82,2505,10001,"[0, 100000]","[0, 100000]",0,0,341,292
yolov8x_training,468.327383,85,246.430,13370.3125,26,2040,10001,"[0, 100000]","[0, 100000]",0,0,3955,36083
yolov8x_training,469.382985,84,244.794,13370.3125,38,2625,10001,"[0, 100000]","[0, 100000]",0,0,4833,17089
yolov8x_training,470.425878,86,247.733,13370.3125,95,1605,10001,"[0, 100000]","[0, 100000]",0,0,537,292
yolov8x_training,471.468200,85,246.081,13370.3125,93,1080,10001,"[0, 100000]","[0, 100000]",0,0,52978,37890
yolov8x_training,472.533109,83,233.990,13370.3125,100,1050,10001,"[0, 100000]","[0, 100000]",0,0,4931,18164
yolov8x_training,473.575923,81,230.011,13370.3125,83,1080,10001,"[0, 100000]","[0, 100000]",0,0,1074,341
yolov8x_training,474.618672,85,234.200,13370.3125,24,2340,10001,"[0, 100000]","[0, 100000]",0,0,341,1039697
yolov8x_training,475.670490,83,242.036,13370.3125,32,2595,10001,"[0, 100000]","[0, 100000]",0,0,15478,31298
yolov8x_training,476.713413,81,248.980,13370.3125,68,1335,10001,"[0, 100000]","[0, 100000]",0,0,2832,11083
yolov8x_training,477.756809,84,248.000,13370.3125,94,1425,10001,"[0, 100000]","[0, 100000]",0,0,341,292
yolov8x_training,478.799463,84,242.408,13370.3125,94,1050,10001,"[0, 100000]","[0, 100000]",0,0,6445,103759
yolov8x_training,479.859229,85,232.030,13370.3125,100,1725,10001,"[0, 100000]","[0, 100000]",0,0,3857,27978
yolov8x_training,480.902358,86,227.851,13370.3125,89,1110,10001,"[0, 100000]","[0, 100000]",0,0,2734,6445
yolov8x_training,481.945567,85,245.945,13370.3125,56,1140,10001,"[0, 100000]","[0, 100000]",0,0,341,292
yolov8x_training,483.003970,84,237.972,13370.3125,46,1050,10001,"[0, 100000]","[0, 100000]",0,0,15332,27783
yolov8x_training,484.046981,82,227.033,13370.3125,95,1125,10001,"[0, 100000]","[0, 100000]",0,0,3320,10937
yolov8x_training,485.090085,82,246.854,13370.3125,93,2055,10001,"[0, 100000]","[0, 100000]",0,0,341,292
yolov8x_training,486.150141,82,245.253,13370.3125,100,2610,10001,"[0, 100000]","[0, 100000]",0,0,15576,34570
yolov8x_training,487.192719,81,251.953,13370.3125,64,1905,10001,"[0, 100000]","[0, 100000]",0,0,3027,11914
yolov8x_training,488.235950,84,246.410,13370.3125,26,1185,10001,"[0, 100000]","[0, 100000]",0,0,292,292
yolov8x_training,489.278837,85,238.934,13370.3125,35,1050,10001,"[0, 100000]","[0, 100000]",0,0,88964,19091
yolov8x_training,490.321926,86,230.302,13370.3125,57,1650,10001,"[0, 100000]","[0, 100000]",0,0,4882,19189
yolov8x_training,491.364608,86,229.562,13370.3125,95,1230,10001,"[0, 100000]","[0, 100000]",0,0,3125,11035
yolov8x_training,492.407729,86,242.148,13370.3125,95,1530,10001,"[0, 100000]","[0, 100000]",0,0,341,292
yolov8x_training,493.450382,85,240.160,13370.3125,100,1155,10001,"[0, 100000]","[0, 100000]",0,0,6347,103857
yolov8x_training,494.519437,82,227.206,13370.3125,91,1155,10001,"[0, 100000]","[0, 100000]",0,0,4541,16406
yolov8x_training,495.562373,81,245.586,13370.3125,46,2025,10001,"[0, 100000]","[0, 100000]",0,0,7617,341
yolov8x_training,496.605165,87,239.642,13370.3125,15,2400,10001,"[0, 100000]","[0, 100000]",0,0,89892,22705
yolov8x_training,497.680158,82,243.868,13370.3125,24,2580,10001,"[0, 100000]","[0, 100000]",0,0,5175,26855
yolov8x_training,498.722969,85,231.927,13370.3125,77,2655,10001,"[0, 100000]","[0, 100000]",0,0,7714,28710
yolov8x_training,499.765919,82,242.496,13370.3125,21,2505,10001,"[0, 100000]","[0, 100000]",0,0,2636,11083
yolov8x_training,500.809204,81,250.157,13370.3125,74,1470,10001,"[0, 100000]","[0, 100000]",0,0,341,292
yolov8x_training,501.851873,86,246.926,13370.3125,95,1230,10001,"[0, 100000]","[0, 100000]",0,0,14355,34912
yolov8x_training,502.894978,86,238.935,13370.3125,100,2595,10001,"[0, 100000]","[0, 100000]",0,0,3320,10839
yolov8x_training,503.938220,87,247.590,13370.3125,81,1725,10001,"[0, 100000]","[0, 100000]",0,0,341,292
yolov8x_training,505.004777,85,244.086,13370.3125,35,1080,10001,"[0, 100000]","[0, 100000]",0,0,15136,33300
yolov8x_training,506.047449,82,228.594,13370.3125,74,1125,10001,"[0, 100000]","[0, 100000]",0,0,2832,12353
yolov8x_training,507.090330,81,233.907,13370.3125,95,1755,10001,"[0, 100000]","[0, 100000]",0,0,341,292
yolov8x_training,508.151919,83,240.848,13370.3125,100,1252,10001,"[0, 100000]","[0, 100000]",0,0,15625,33642
yolov8x_training,509.194581,81,253.822,13370.3125,69,2115,10001,"[0, 100000]","[0, 100000]",0,0,2978,11962
yolov8x_training,510.237933,87,246.030,13370.3125,20,1560,10001,"[0, 100000]","[0, 100000]",0,0,341,292
yolov8x_training,511.305228,85,243.073,13370.3125,44,1095,10001,"[0, 100000]","[0, 100000]",0,0,15820,33789
yolov8x_training,512.348239,87,231.750,13370.3125,95,562,10001,"[0, 100000]","[0, 100000]",0,0,2929,10546
yolov8x_training,513.391230,85,244.705,13370.3125,94,1230,10001,"[0, 100000]","[0, 100000]",0,0,341,292
yolov8x_training,514.443030,83,230.249,13370.3125,100,1065,10001,"[0, 100000]","[0, 100000]",0,0,15332,32275
yolov8x_training,515.485190,81,229.702,13370.3125,61,2205,10001,"[0, 100000]","[0, 100000]",0,0,2978,12841
yolov8x_training,516.528389,86,239.037,13370.3125,15,2505,10001,"[0, 100000]","[0, 100000]",0,0,341,292
yolov8x_training,517.571142,86,248.927,13370.3125,71,2625,10001,"[0, 100000]","[0, 100000]",0,0,6298,103320
yolov8x_training,518.627798,83,248.552,13370.3125,95,1080,10001,"[0, 100000]","[0, 100000]",0,0,4785,15771
yolov8x_training,519.671251,86,240.827,13370.3125,97,1050,10001,"[0, 100000]","[0, 100000]",0,0,341,292
yolov8x_training,520.713883,86,231.170,13370.3125,100,1170,10001,"[0, 100000]","[0, 100000]",0,0,4003,35693
yolov8x_training,521.771286,87,226.190,13370.3125,75,1845,10001,"[0, 100000]","[0, 100000]",0,0,3417,28369
yolov8x_training,522.813928,85,234.631,13370.3125,20,1035,10001,"[0, 100000]","[0, 100000]",0,0,2783,5224
yolov8x_training,523.857219,82,241.993,13370.3125,32,1110,10001,"[0, 100000]","[0, 100000]",0,0,292,1035498
yolov8x_training,524.915344,81,229.456,13370.3125,82,2295,10001,"[0, 100000]","[0, 100000]",0,0,15429,30468
yolov8x_training,525.957923,86,236.634,13370.3125,93,2625,10001,"[0, 100000]","[0, 100000]",0,0,3271,12548
yolov8x_training,527.001184,86,244.117,13370.3125,96,2640,10001,"[0, 100000]","[0, 100000]",0,0,341,292
yolov8x_training,528.043802,87,250.336,13370.3125,61,1215,10001,"[0, 100000]","[0, 100000]",0,0,6689,103710
yolov8x_training,529.110448,86,242.659,13370.3125,22,1170,10001,"[0, 100000]","[0, 100000]",0,0,4931,16601
yolov8x_training,530.153324,86,242.314,13370.3125,39,1050,10001,"[0, 100000]","[0, 100000]",0,0,683,292
yolov8x_training,531.196118,83,230.535,13370.3125,94,1275,10001,"[0, 100000]","[0, 100000]",0,0,3076,37890
yolov8x_training,532.260110,82,230.458,13370.3125,95,2400,10001,"[0, 100000]","[0, 100000]",0,0,4931,17724
yolov8x_training,533.302896,83,239.920,13370.3125,100,2550,10001,"[0, 100000]","[0, 100000]",0,0,2197,1025
yolov8x_training,534.345897,87,243.431,13370.3125,100,1215,10001,"[0, 100000]","[0, 100000]",0,0,341,1039111
yolov8x_training,535.388778,87,252.379,13370.3125,53,2430,10001,"[0, 100000]","[0, 100000]",0,0,6103,27587
yolov8x_training,536.431532,86,238.695,13370.3125,32,1252,10001,"[0, 100000]","[0, 100000]",0,0,3125,10400
yolov8x_training,537.474754,85,248.142,13370.3125,69,1230,10001,"[0, 100000]","[0, 100000]",0,0,341,292
yolov8x_training,538.517645,83,243.661,13370.3125,94,1185,10001,"[0, 100000]","[0, 100000]",0,0,292,341
yolov8x_training,539.560239,86,201.131,13370.3125,0,2505,10001,"[0, 100000]","[0, 100000]",0,0,3271,11474
yolov8x_training,540.603776,81,199.948,13370.3125,88,1680,10001,"[0, 100000]","[0, 100000]",0,0,292,292
yolov8x_training,541.646651,86,207.497,13370.3125,32,1095,10001,"[0, 100000]","[0, 100000]",0,0,3173,11767
yolov8x_training,542.690143,81,197.660,13370.3125,75,2655,10001,"[0, 100000]","[0, 100000]",0,0,292,292
yolov8x_training,543.732986,85,216.064,13370.3125,100,1080,10001,"[0, 100000]","[0, 100000]",0,0,2636,10644
yolov8x_training,544.776373,85,197.695,13370.3125,0,1875,10001,"[0, 100000]","[0, 100000]",0,0,292,292
yolov8x_training,545.819142,81,203.128,13370.3125,88,1770,10001,"[0, 100000]","[0, 100000]",0,0,3320,13525
yolov8x_training,546.862162,86,216.040,13370.3125,32,2640,10001,"[0, 100000]","[0, 100000]",0,0,6005,27978
yolov8x_training,547.904929,85,227.524,13370.3125,100,2520,10001,"[0, 100000]","[0, 100000]",0,0,2880,12060
yolov8x_training,548.948317,84,246.768,13370.3125,98,1260,10001,"[0, 100000]","[0, 100000]",0,0,341,292
yolov8x_training,550.003397,81,246.714,13370.3125,57,1125,10001,"[0, 100000]","[0, 100000]",0,0,15429,33691
yolov8x_training,551.045971,86,238.705,13370.3125,70,1155,10001,"[0, 100000]","[0, 100000]",0,0,2783,10839
yolov8x_training,552.089143,86,235.953,13370.3125,95,2235,10001,"[0, 100000]","[0, 100000]",0,0,341,292
yolov8x_training,553.149904,83,238.240,13370.3125,100,2430,10001,"[0, 100000]","[0, 100000]",0,0,15283,33203
yolov8x_training,554.192518,86,250.922,13370.3125,85,1140,10001,"[0, 100000]","[0, 100000]",0,0,3222,12207
yolov8x_training,555.235724,85,239.387,13370.3125,50,1620,10001,"[0, 100000]","[0, 100000]",0,0,683,292
yolov8x_training,556.278510,86,245.670,13370.3125,12,1140,10001,"[0, 100000]","[0, 100000]",0,0,3955,35058
yolov8x_training,557.338548,85,238.911,13370.3125,61,1170,10001,"[0, 100000]","[0, 100000]",0,0,3515,22949
yolov8x_training,558.381444,82,227.488,13370.3125,95,1065,10001,"[0, 100000]","[0, 100000]",0,0,5957,92919
yolov8x_training,559.424978,81,243.503,13370.3125,96,1065,10001,"[0, 100000]","[0, 100000]",0,0,292,1035009
yolov8x_training,560.468027,83,237.286,13370.3125,96,1110,10001,"[0, 100000]","[0, 100000]",0,0,7373,28222
yolov8x_training,561.510789,84,228.029,13370.3125,88,1170,10001,"[0, 100000]","[0, 100000]",0,0,3173,11035
yolov8x_training,562.553764,86,232.403,13370.3125,18,2505,10001,"[0, 100000]","[0, 100000]",0,0,341,292
yolov8x_training,563.621915,86,246.025,13370.3125,38,1170,10001,"[0, 100000]","[0, 100000]",0,0,15185,27929
yolov8x_training,564.664576,86,248.718,13370.3125,84,1155,10001,"[0, 100000]","[0, 100000]",0,0,2685,8837
yolov8x_training,565.708059,86,246.403,13370.3125,94,555,10001,"[0, 100000]","[0, 100000]",0,0,390,292
yolov8x_training,566.760647,85,238.224,13370.3125,100,1125,10001,"[0, 100000]","[0, 100000]",0,0,15576,34667
yolov8x_training,567.803218,82,229.915,13370.3125,59,2115,10001,"[0, 100000]","[0, 100000]",0,0,3125,11914
yolov8x_training,568.846409,81,236.779,13370.3125,15,1065,10001,"[0, 100000]","[0, 100000]",0,0,341,341
yolov8x_training,569.889002,85,247.711,13370.3125,49,2115,10001,"[0, 100000]","[0, 100000]",0,0,6396,102441
yolov8x_training,570.952899,86,236.377,13370.3125,89,2580,10001,"[0, 100000]","[0, 100000]",0,0,3027,11621
yolov8x_training,571.996078,86,247.682,13370.3125,96,2655,10001,"[0, 100000]","[0, 100000]",0,0,341,292
yolov8x_training,573.057615,84,241.840,13370.3125,51,1200,10001,"[0, 100000]","[0, 100000]",0,0,15673,35107
yolov8x_training,574.100565,81,246.039,13370.3125,21,1080,10001,"[0, 100000]","[0, 100000]",0,0,3369,10791
yolov8x_training,575.143863,85,235.919,13370.3125,64,1245,10001,"[0, 100000]","[0, 100000]",0,0,341,292
yolov8x_training,576.215232,82,231.818,13370.3125,95,2505,10001,"[0, 100000]","[0, 100000]",0,0,15576,27539
yolov8x_training,577.258291,84,235.569,13370.3125,100,2625,10001,"[0, 100000]","[0, 100000]",0,0,2490,9179
yolov8x_training,578.301995,87,245.761,13370.3125,93,1170,10001,"[0, 100000]","[0, 100000]",0,0,341,341
yolov8x_training,579.359662,87,248.285,13370.3125,43,2505,10001,"[0, 100000]","[0, 100000]",0,0,15429,36132
yolov8x_training,580.402530,86,246.166,13370.3125,33,1290,10001,"[0, 100000]","[0, 100000]",0,0,3271,11083
yolov8x_training,581.446179,84,250.379,13370.3125,94,1620,10001,"[0, 100000]","[0, 100000]",0,0,292,292
yolov8x_training,582.488752,81,246.907,13370.3125,93,1065,10001,"[0, 100000]","[0, 100000]",0,0,6445,102685
yolov8x_training,583.546173,83,236.218,13370.3125,100,1140,10001,"[0, 100000]","[0, 100000]",0,0,3027,11767
yolov8x_training,584.589135,87,235.801,13370.3125,86,2100,10001,"[0, 100000]","[0, 100000]",0,0,341,292
yolov8x_training,585.655022,82,236.445,13370.3125,30,2505,10001,"[0, 100000]","[0, 100000]",0,0,15625,35644
yolov8x_training,586.698013,86,243.096,13370.3125,51,1605,10001,"[0, 100000]","[0, 100000]",0,0,3173,12500
yolov8x_training,587.741518,86,251.352,13370.3125,92,1020,10001,"[0, 100000]","[0, 100000]",0,0,341,292
yolov8x_training,588.812527,86,243.081,13370.3125,95,1035,10001,"[0, 100000]","[0, 100000]",0,0,15332,27539
yolov8x_training,589.855316,85,232.674,13370.3125,100,1350,10001,"[0, 100000]","[0, 100000]",0,0,2734,10839
yolov8x_training,590.898707,82,232.540,13370.3125,70,1065,10001,"[0, 100000]","[0, 100000]",0,0,341,292
yolov8x_training,591.956558,83,238.787,13370.3125,16,1095,10001,"[0, 100000]","[0, 100000]",0,0,15527,35009
yolov8x_training,592.999135,86,231.066,13370.3125,57,1545,10001,"[0, 100000]","[0, 100000]",0,0,3173,10742
yolov8x_training,594.042173,86,245.189,13370.3125,93,1237,10001,"[0, 100000]","[0, 100000]",0,0,341,341
yolov8x_training,595.084803,86,245.056,13370.3125,100,600,10001,"[0, 100000]","[0, 100000]",0,0,6347,102734
yolov8x_training,596.141742,86,248.013,13370.3125,39,1155,10001,"[0, 100000]","[0, 100000]",0,0,3369,11132
yolov8x_training,597.184639,87,244.666,13370.3125,13,1080,10001,"[0, 100000]","[0, 100000]",0,0,341,292
yolov8x_training,598.250319,85,238.905,13370.3125,69,1455,10001,"[0, 100000]","[0, 100000]",0,0,15576,35107
yolov8x_training,599.293259,82,229.683,13370.3125,94,2040,10001,"[0, 100000]","[0, 100000]",0,0,3320,14160
yolov8x_training,600.336220,81,237.711,13370.3125,100,1035,10001,"[0, 100000]","[0, 100000]",0,0,341,292
yolov8x_training,601.378856,87,243.637,13370.3125,100,1365,10001,"[0, 100000]","[0, 100000]",0,0,4199,35791
yolov8x_training,602.437831,86,228.671,13370.3125,58,2310,10001,"[0, 100000]","[0, 100000]",0,0,4638,20312
yolov8x_training,603.480623,87,234.797,13370.3125,34,2505,10001,"[0, 100000]","[0, 100000]",0,0,2783,5078
yolov8x_training,604.524052,87,241.187,13370.3125,10,1155,10001,"[0, 100000]","[0, 100000]",0,0,341,1028613
yolov8x_training,605.576209,85,240.906,13370.3125,72,1215,10001,"[0, 100000]","[0, 100000]",0,0,15283,34765
yolov8x_training,606.618918,82,250.410,13370.3125,94,1050,10001,"[0, 100000]","[0, 100000]",0,0,3369,10644
yolov8x_training,607.662497,86,240.191,13370.3125,95,1140,10001,"[0, 100000]","[0, 100000]",0,0,341,292
yolov8x_training,608.720757,83,235.121,13370.3125,93,2370,10001,"[0, 100000]","[0, 100000]",0,0,15234,33984
yolov8x_training,609.763799,82,230.841,13370.3125,50,1185,10001,"[0, 100000]","[0, 100000]",0,0,3222,11425
yolov8x_training,610.806764,86,239.882,13370.3125,24,1170,10001,"[0, 100000]","[0, 100000]",0,0,341,292
yolov8x_training,611.849441,85,251.742,13370.3125,75,2250,10001,"[0, 100000]","[0, 100000]",0,0,6347,103857
yolov8x_training,612.918749,87,237.642,13370.3125,95,2655,10001,"[0, 100000]","[0, 100000]",0,0,3271,15185
yolov8x_training,613.961775,86,245.671,13370.3125,96,1755,10001,"[0, 100000]","[0, 100000]",0,0,341,292
yolov8x_training,615.004339,86,246.436,13370.3125,100,1080,10001,"[0, 100000]","[0, 100000]",0,0,4003,38183
yolov8x_training,616.057918,82,250.204,13370.3125,8,1050,10001,"[0, 100000]","[0, 100000]",0,0,4882,18505
yolov8x_training,617.100870,83,238.783,13370.3125,54,1170,10001,"[0, 100000]","[0, 100000]",0,0,1660,292
yolov8x_training,618.143763,83,236.782,13370.3125,94,2445,10001,"[0, 100000]","[0, 100000]",0,0,89794,24267
yolov8x_training,619.218735,82,235.612,13370.3125,96,2640,10001,"[0, 100000]","[0, 100000]",0,0,3222,27294
yolov8x_training,620.261951,86,243.418,13370.3125,100,1635,10001,"[0, 100000]","[0, 100000]",0,0,5175,94775
yolov8x_training,621.305720,86,248.668,13370.3125,77,1410,10001,"[0, 100000]","[0, 100000]",0,0,90673,35742
yolov8x_training,622.375112,86,248.466,13370.3125,22,2505,10001,"[0, 100000]","[0, 100000]",0,0,4882,18994
yolov8x_training,623.418453,87,241.932,13370.3125,29,1365,10001,"[0, 100000]","[0, 100000]",0,0,2685,3466
yolov8x_training,624.461411,85,247.253,13370.3125,84,1170,10001,"[0, 100000]","[0, 100000]",0,0,341,1032080
yolov8x_training,625.528582,82,245.118,13370.3125,94,1035,10001,"[0, 100000]","[0, 100000]",0,0,15576,28759
yolov8x_training,626.571382,82,241.197,13370.3125,95,1140,10001,"[0, 100000]","[0, 100000]",0,0,2978,10205
yolov8x_training,627.614736,86,230.144,13370.3125,100,1875,10001,"[0, 100000]","[0, 100000]",0,0,341,292
yolov8x_training,628.657339,83,237.868,13370.3125,82,2490,10001,"[0, 100000]","[0, 100000]",0,0,4980,104199
yolov8x_training,629.729888,82,233.943,13370.3125,21,2505,10001,"[0, 100000]","[0, 100000]",0,0,5029,16601
yolov8x_training,630.772887,83,239.243,13370.3125,21,1965,10001,"[0, 100000]","[0, 100000]",0,0,2050,878
yolov8x_training,631.816000,84,248.312,13370.3125,54,1215,10001,"[0, 100000]","[0, 100000]",0,0,90039,25292
yolov8x_training,632.890714,87,245.583,13370.3125,95,2625,10001,"[0, 100000]","[0, 100000]",0,0,4882,16210
yolov8x_training,633.933551,87,250.877,13370.3125,95,1815,10001,"[0, 100000]","[0, 100000]",0,0,341,292
yolov8x_training,634.976576,84,248.062,13370.3125,89,1110,10001,"[0, 100000]","[0, 100000]",0,0,4150,103515
yolov8x_training,636.052862,82,245.504,13370.3125,20,1020,10001,"[0, 100000]","[0, 100000]",0,0,3662,16406
yolov8x_training,637.095600,86,239.038,13370.3125,67,2280,10001,"[0, 100000]","[0, 100000]",0,0,537,292
yolov8x_training,638.138338,82,230.752,13370.3125,94,1297,10001,"[0, 100000]","[0, 100000]",0,0,5126,102783
yolov8x_training,639.210015,84,241.147,13370.3125,100,1290,10001,"[0, 100000]","[0, 100000]",0,0,4150,10791
yolov8x_training,640.254194,84,249.326,13370.3125,81,1140,10001,"[0, 100000]","[0, 100000]",0,0,341,292
yolov8x_training,641.296814,87,248.582,13370.3125,34,1050,10001,"[0, 100000]","[0, 100000]",0,0,6591,103906
yolov8x_training,642.354195,87,243.722,13370.3125,19,1110,10001,"[0, 100000]","[0, 100000]",0,0,5273,18115
yolov8x_training,643.397289,85,232.047,13370.3125,72,1200,10001,"[0, 100000]","[0, 100000]",0,0,1855,292
yolov8x_training,644.440054,82,253.765,13370.3125,94,1020,10001,"[0, 100000]","[0, 100000]",0,0,89453,20605
yolov8x_training,645.483207,82,235.089,13370.3125,100,1740,10001,"[0, 100000]","[0, 100000]",0,0,3857,28564
yolov8x_training,646.526142,86,235.404,13370.3125,99,2370,10001,"[0, 100000]","[0, 100000]",0,0,2880,12304
yolov8x_training,647.569640,86,245.152,13370.3125,82,2490,10001,"[0, 100000]","[0, 100000]",0,0,341,341
yolov8x_training,648.612257,87,248.968,13370.3125,27,2505,10001,"[0, 100000]","[0, 100000]",0,0,4101,35937
yolov8x_training,649.668294,82,245.129,13370.3125,13,1155,10001,"[0, 100000]","[0, 100000]",0,0,4638,26904
yolov8x_training,650.711315,88,244.114,13370.3125,50,1185,10001,"[0, 100000]","[0, 100000]",0,0,2197,116113
yolov8x_training,651.754801,86,236.935,13370.3125,100,1095,10001,"[0, 100000]","[0, 100000]",0,0,341,341
yolov8x_training,652.828290,87,233.421,13370.3125,98,1035,10001,"[0, 100000]","[0, 100000]",0,0,15771,34082
yolov8x_training,653.871390,87,225.855,13370.3125,56,1800,10001,"[0, 100000]","[0, 100000]",0,0,2929,12646
yolov8x_training,654.914604,85,238.983,13370.3125,14,1140,10001,"[0, 100000]","[0, 100000]",0,0,341,292
yolov8x_training,655.957257,82,234.345,13370.3125,55,1080,10001,"[0, 100000]","[0, 100000]",0,0,6591,103271
yolov8x_training,657.025028,82,232.054,13370.3125,91,1755,10001,"[0, 100000]","[0, 100000]",0,0,3515,16406
yolov8x_training,658.068185,86,238.336,13370.3125,100,2010,10001,"[0, 100000]","[0, 100000]",0,0,634,292
yolov8x_training,659.111119,84,248.198,13370.3125,92,2565,10001,"[0, 100000]","[0, 100000]",0,0,3320,36328
yolov8x_training,660.173111,81,251.811,13370.3125,51,2655,10001,"[0, 100000]","[0, 100000]",0,0,3955,34082
yolov8x_training,661.215821,87,245.856,13370.3125,12,1680,10001,"[0, 100000]","[0, 100000]",0,0,2197,2880
yolov8x_training,662.259228,87,249.991,13370.3125,66,1050,10001,"[0, 100000]","[0, 100000]",0,0,292,1028955
yolov8x_training,663.301729,87,231.251,13370.3125,94,1050,10001,"[0, 100000]","[0, 100000]",0,0,12792,35742
yolov8x_training,664.344658,86,234.868,13370.3125,95,1080,10001,"[0, 100000]","[0, 100000]",0,0,3027,10986
yolov8x_training,665.387648,83,241.320,13370.3125,100,1065,10001,"[0, 100000]","[0, 100000]",0,0,341,292
yolov8x_training,666.430283,82,252.986,13370.3125,78,1050,10001,"[0, 100000]","[0, 100000]",0,0,4345,104101
yolov8x_training,667.505560,84,232.917,13370.3125,36,1335,10001,"[0, 100000]","[0, 100000]",0,0,4248,13134
yolov8x_training,668.548589,85,246.117,13370.3125,39,2535,10001,"[0, 100000]","[0, 100000]",0,0,341,292
yolov8x_training,669.591209,86,236.983,13370.3125,61,2505,10001,"[0, 100000]","[0, 100000]",0,0,88964,19287
yolov8x_training,670.634047,87,243.936,13370.3125,85,2505,10001,"[0, 100000]","[0, 100000]",0,0,5957,28710
yolov8x_training,671.676619,86,244.062,13370.3125,94,1260,10001,"[0, 100000]","[0, 100000]",0,0,3369,10839
yolov8x_training,672.719810,85,238.746,13370.3125,100,1110,10001,"[0, 100000]","[0, 100000]",0,0,341,244
yolov8x_training,673.762407,87,235.121,13370.3125,93,1080,10001,"[0, 100000]","[0, 100000]",0,0,4101,35449
yolov8x_training,674.820666,87,227.184,13370.3125,55,1185,10001,"[0, 100000]","[0, 100000]",0,0,3466,29296
yolov8x_training,675.863363,86,232.695,13370.3125,30,1215,10001,"[0, 100000]","[0, 100000]",0,0,2880,12011
yolov8x_training,676.906425,85,239.461,13370.3125,18,1035,10001,"[0, 100000]","[0, 100000]",0,0,341,292
yolov8x_training,677.949043,82,227.678,13370.3125,62,1110,10001,"[0, 100000]","[0, 100000]",0,0,6250,103662
yolov8x_training,679.008330,84,226.987,13370.3125,94,2070,10001,"[0, 100000]","[0, 100000]",0,0,4589,20410
yolov8x_training,680.051277,87,241.307,13370.3125,100,2505,10001,"[0, 100000]","[0, 100000]",0,0,16064,292
yolov8x_training,681.094452,87,244.886,13370.3125,96,2460,10001,"[0, 100000]","[0, 100000]",0,0,23974,606787
yolov8x_training,682.157542,82,243.179,13370.3125,76,1275,10001,"[0, 100000]","[0, 100000]",0,0,15380,30761
yolov8x_training,683.200032,82,234.393,13370.3125,65,1155,10001,"[0, 100000]","[0, 100000]",0,0,4980,18847
yolov8x_training,684.243343,87,247.317,13370.3125,14,1110,10001,"[0, 100000]","[0, 100000]",0,0,537,292
yolov8x_training,685.286123,88,237.503,13370.3125,55,1050,10001,"[0, 100000]","[0, 100000]",0,0,90283,30224
yolov8x_training,686.356803,87,232.090,13370.3125,95,1875,10001,"[0, 100000]","[0, 100000]",0,0,3710,16162
yolov8x_training,687.400200,86,234.860,13370.3125,95,1080,10001,"[0, 100000]","[0, 100000]",0,0,341,341
yolov8x_training,688.442904,84,235.091,13370.3125,100,1050,10001,"[0, 100000]","[0, 100000]",0,0,89892,26318
yolov8x_training,689.514831,82,226.880,13370.3125,83,1200,10001,"[0, 100000]","[0, 100000]",0,0,3955,26416
yolov8x_training,690.557652,83,230.090,13370.3125,41,1365,10001,"[0, 100000]","[0, 100000]",0,0,2734,11279
yolov8x_training,691.600696,87,237.257,13370.3125,11,2235,10001,"[0, 100000]","[0, 100000]",0,0,341,341
yolov8x_training,692.643328,83,244.355,13370.3125,32,2505,10001,"[0, 100000]","[0, 100000]",0,0,6298,103564
yolov8x_training,693.704336,82,251.479,13370.3125,68,1110,10001,"[0, 100000]","[0, 100000]",0,0,4052,15673
yolov8x_training,694.747813,84,240.479,13370.3125,95,1740,10001,"[0, 100000]","[0, 100000]",0,0,2148,732
yolov8x_training,695.790888,86,243.528,13370.3125,95,1065,10001,"[0, 100000]","[0, 100000]",0,0,341,1030371
yolov8x_training,696.839839,87,234.540,13370.3125,100,1020,10001,"[0, 100000]","[0, 100000]",0,0,15185,24462
yolov8x_training,697.882517,87,236.232,13370.3125,90,1605,10001,"[0, 100000]","[0, 100000]",0,0,3369,12255
yolov8x_training,698.925645,86,232.006,13370.3125,50,1095,10001,"[0, 100000]","[0, 100000]",0,0,341,292
yolov8x_training,699.968293,83,234.028,13370.3125,28,1035,10001,"[0, 100000]","[0, 100000]",0,0,4785,104345
yolov8x_training,701.041605,82,231.002,13370.3125,63,1050,10001,"[0, 100000]","[0, 100000]",0,0,3710,29248
yolov8x_training,702.084382,82,227.117,13370.3125,93,1350,10001,"[0, 100000]","[0, 100000]",0,0,2587,4980
yolov8x_training,703.127494,85,236.425,13370.3125,96,2400,10001,"[0, 100000]","[0, 100000]",0,0,341,292
yolov8x_training,704.174710,82,244.577,13370.3125,100,1252,10001,"[0, 100000]","[0, 100000]",0,0,15234,31591
yolov8x_training,705.217696,82,247.550,13370.3125,75,2100,10001,"[0, 100000]","[0, 100000]",0,0,3320,13720
yolov8x_training,706.260624,87,247.899,13370.3125,17,1260,10001,"[0, 100000]","[0, 100000]",0,0,341,292
yolov8x_training,707.303413,85,241.048,13370.3125,38,1035,10001,"[0, 100000]","[0, 100000]",0,0,6494,103906
yolov8x_training,708.371285,87,230.864,13370.3125,78,1200,10001,"[0, 100000]","[0, 100000]",0,0,3271,25976
yolov8x_training,709.414229,87,227.364,13370.3125,95,1200,10001,"[0, 100000]","[0, 100000]",0,0,6054,91113
yolov8x_training,710.458170,86,241.741,13370.3125,96,1065,10001,"[0, 100000]","[0, 100000]",0,0,90576,35058
yolov8x_training,711.527111,82,236.887,13370.3125,100,1125,10001,"[0, 100000]","[0, 100000]",0,0,4833,18066
yolov8x_training,712.569898,82,235.013,13370.3125,48,1995,10001,"[0, 100000]","[0, 100000]",0,0,1708,292
yolov8x_training,713.612871,85,239.670,13370.3125,36,1230,10001,"[0, 100000]","[0, 100000]",0,0,88964,19580
yolov8x_training,714.656125,82,249.489,13370.3125,66,1290,10001,"[0, 100000]","[0, 100000]",0,0,6542,21044
yolov8x_training,715.699208,87,248.821,13370.3125,94,1125,10001,"[0, 100000]","[0, 100000]",0,0,2197,112695
yolov8x_training,716.742247,87,238.481,13370.3125,100,1050,10001,"[0, 100000]","[0, 100000]",0,0,341,1035009
yolov8x_training,717.784877,87,234.649,13370.3125,99,1155,10001,"[0, 100000]","[0, 100000]",0,0,6738,29296
yolov8x_training,718.827683,86,248.251,13370.3125,23,2085,10001,"[0, 100000]","[0, 100000]",0,0,3173,11523
yolov8x_training,719.870717,83,245.231,13370.3125,37,1125,10001,"[0, 100000]","[0, 100000]",0,0,292,292
yolov8x_training,720.935989,83,251.883,13370.3125,87,2070,10001,"[0, 100000]","[0, 100000]",0,0,15283,29638
yolov8x_training,721.978605,87,244.026,13370.3125,93,1185,10001,"[0, 100000]","[0, 100000]",0,0,3125,12988
yolov8x_training,723.021751,86,246.063,13370.3125,100,1170,10001,"[0, 100000]","[0, 100000]",0,0,341,292
yolov8x_training,724.064129,86,242.579,13370.3125,67,1170,10001,"[0, 100000]","[0, 100000]",0,0,2978,39160
yolov8x_training,725.128110,87,245.654,13370.3125,29,1155,10001,"[0, 100000]","[0, 100000]",0,0,3564,29296
yolov8x_training,726.170849,85,241.147,13370.3125,36,1065,10001,"[0, 100000]","[0, 100000]",0,0,1708,341
yolov8x_training,727.213886,87,232.826,13370.3125,89,1170,10001,"[0, 100000]","[0, 100000]",0,0,341,1034521
yolov8x_training,728.256553,86,231.720,13370.3125,94,1785,10001,"[0, 100000]","[0, 100000]",0,0,5029,20507
yolov8x_training,729.299480,85,243.566,13370.3125,100,2415,10001,"[0, 100000]","[0, 100000]",0,0,2880,12158
yolov8x_training,730.342588,82,246.867,13370.3125,95,1245,10001,"[0, 100000]","[0, 100000]",0,0,341,292
yolov8x_training,731.385214,82,248.438,13370.3125,54,1995,10001,"[0, 100000]","[0, 100000]",0,0,6591,104833
yolov8x_training,732.450551,87,247.153,13370.3125,26,2580,10001,"[0, 100000]","[0, 100000]",0,0,3320,14941
yolov8x_training,733.493775,86,250.978,13370.3125,64,1095,10001,"[0, 100000]","[0, 100000]",0,0,14501,292
yolov8x_training,734.537119,85,246.856,13370.3125,88,1890,10001,"[0, 100000]","[0, 100000]",0,0,3027,37988
yolov8x_training,735.601113,82,246.675,13370.3125,94,1095,10001,"[0, 100000]","[0, 100000]",0,0,4052,24853
yolov8x_training,736.644369,83,239.188,13370.3125,100,1065,10001,"[0, 100000]","[0, 100000]",0,0,1220,292
yolov8x_training,737.687413,83,230.536,13370.3125,67,1845,10001,"[0, 100000]","[0, 100000]",0,0,43652,386572
yolov8x_training,738.730424,82,236.688,13370.3125,29,2430,10001,"[0, 100000]","[0, 100000]",0,0,7519,23339
yolov8x_training,739.773669,87,243.095,13370.3125,26,2055,10001,"[0, 100000]","[0, 100000]",0,0,2978,11718
yolov8x_training,740.816093,87,251.744,13370.3125,69,2445,10001,"[0, 100000]","[0, 100000]",0,0,390,341
yolov8x_training,741.874714,87,246.462,13370.3125,95,2505,10001,"[0, 100000]","[0, 100000]",0,0,15234,33642
yolov8x_training,742.917491,87,242.183,13370.3125,100,1440,10001,"[0, 100000]","[0, 100000]",0,0,3759,14160
yolov8x_training,743.960061,83,251.094,13370.3125,95,1365,10001,"[0, 100000]","[0, 100000]",0,0,390,292
yolov8x_training,745.002237,82,244.719,13370.3125,51,1050,10001,"[0, 100000]","[0, 100000]",0,0,2978,39257
yolov8x_training,746.065222,84,230.440,13370.3125,64,1035,10001,"[0, 100000]","[0, 100000]",0,0,5029,17626
yolov8x_training,747.108086,85,230.697,13370.3125,95,1860,10001,"[0, 100000]","[0, 100000]",0,0,1123,341
yolov8x_training,748.150778,83,234.355,13370.3125,99,2475,10001,"[0, 100000]","[0, 100000]",0,0,6787,103320
yolov8x_training,749.219013,86,249.543,13370.3125,89,2610,10001,"[0, 100000]","[0, 100000]",0,0,3271,12109
yolov8x_training,750.262616,87,253.857,13370.3125,32,1050,10001,"[0, 100000]","[0, 100000]",0,0,341,292
yolov8x_training,751.305228,87,242.226,13370.3125,42,1065,10001,"[0, 100000]","[0, 100000]",0,0,6640,103613
yolov8x_training,752.371433,84,233.984,13370.3125,94,1530,10001,"[0, 100000]","[0, 100000]",0,0,3271,11279
yolov8x_training,753.414444,82,234.606,13370.3125,96,1080,10001,"[0, 100000]","[0, 100000]",0,0,341,292
yolov8x_training,754.456175,82,240.169,13370.3125,96,1050,10001,"[0, 100000]","[0, 100000]",0,0,37939,37841
yolov8x_training,755.523478,88,236.180,13370.3125,99,1215,10001,"[0, 100000]","[0, 100000]",0,0,4931,15185
yolov8x_training,756.566565,87,247.606,13370.3125,32,2295,10001,"[0, 100000]","[0, 100000]",0,0,292,292
yolov8x_training,757.609242,87,244.582,13370.3125,37,1905,10001,"[0, 100000]","[0, 100000]",0,0,89550,21435
yolov8x_training,758.652506,87,244.761,13370.3125,66,1275,10001,"[0, 100000]","[0, 100000]",0,0,5224,18798
yolov8x_training,759.695671,87,246.948,13370.3125,95,1095,10001,"[0, 100000]","[0, 100000]",0,0,3271,11425
yolov8x_training,760.739332,88,246.791,13370.3125,93,1035,10001,"[0, 100000]","[0, 100000]",0,0,341,341
yolov8x_training,761.810400,86,238.265,13370.3125,100,1185,10001,"[0, 100000]","[0, 100000]",0,0,15136,34619
yolov8x_training,762.853512,83,229.223,13370.3125,76,1080,10001,"[0, 100000]","[0, 100000]",0,0,3222,13525
yolov8x_training,763.896878,82,244.498,13370.3125,39,1050,10001,"[0, 100000]","[0, 100000]",0,0,6884,292
yolov8x_training,764.939692,86,243.427,13370.3125,14,1170,10001,"[0, 100000]","[0, 100000]",0,0,6591,104052
yolov8x_training,766.005972,87,229.875,13370.3125,72,2145,10001,"[0, 100000]","[0, 100000]",0,0,4833,17578
yolov8x_training,767.048812,87,234.463,13370.3125,95,2385,10001,"[0, 100000]","[0, 100000]",0,0,2050,341
yolov8x_training,768.091962,87,240.125,13370.3125,100,2505,10001,"[0, 100000]","[0, 100000]",0,0,341,1030078
yolov8x_training,769.146834,86,245.823,13370.3125,100,1185,10001,"[0, 100000]","[0, 100000]",0,0,15234,31494
yolov8x_training,770.189811,87,251.793,13370.3125,40,1095,10001,"[0, 100000]","[0, 100000]",0,0,2929,12158
yolov8x_training,771.232933,88,246.573,13370.3125,12,1050,10001,"[0, 100000]","[0, 100000]",0,0,341,292
yolov8x_training,772.275547,86,237.949,13370.3125,63,1125,10001,"[0, 100000]","[0, 100000]",0,0,6835,104248
yolov8x_training,773.339447,84,226.459,13370.3125,94,1365,10001,"[0, 100000]","[0, 100000]",0,0,5078,15429
yolov8x_training,774.382536,82,248.035,13370.3125,94,1035,10001,"[0, 100000]","[0, 100000]",0,0,439,292
yolov8x_training,775.425353,87,244.855,13370.3125,100,1335,10001,"[0, 100000]","[0, 100000]",0,0,3955,35644
yolov8x_training,776.485014,87,229.420,13370.3125,64,2280,10001,"[0, 100000]","[0, 100000]",0,0,4052,15625
yolov8x_training,777.528333,88,241.889,13370.3125,17,2655,10001,"[0, 100000]","[0, 100000]",0,0,341,292
yolov8x_training,778.570941,86,249.799,13370.3125,57,1200,10001,"[0, 100000]","[0, 100000]",0,0,3955,36962
yolov8x_training,779.626715,83,256.705,13370.3125,93,1155,10001,"[0, 100000]","[0, 100000]",0,0,4833,18359
yolov8x_training,780.669868,87,243.381,13370.3125,98,1065,10001,"[0, 100000]","[0, 100000]",0,0,1806,292
yolov8x_training,781.712631,84,233.449,13370.3125,100,1980,10001,"[0, 100000]","[0, 100000]",0,0,4003,35156
yolov8x_training,782.770705,82,234.858,13370.3125,41,1222,10001,"[0, 100000]","[0, 100000]",0,0,4931,15478
yolov8x_training,783.813681,85,242.341,13370.3125,19,1980,10001,"[0, 100000]","[0, 100000]",0,0,2099,781
yolov8x_training,784.856728,87,252.736,13370.3125,67,1980,10001,"[0, 100000]","[0, 100000]",0,0,341,1035595
yolov8x_training,785.903874,87,245.916,13370.3125,93,2445,10001,"[0, 100000]","[0, 100000]",0,0,15039,34521
yolov8x_training,786.947360,87,245.198,13370.3125,95,2370,10001,"[0, 100000]","[0, 100000]",0,0,2978,11718
yolov8x_training,787.990745,86,247.418,13370.3125,100,1620,10001,"[0, 100000]","[0, 100000]",0,0,341,292
yolov8x_training,789.065683,83,247.951,13370.3125,23,1155,10001,"[0, 100000]","[0, 100000]",0,0,15283,29248
yolov8x_training,790.108507,82,245.699,13370.3125,31,1020,10001,"[0, 100000]","[0, 100000]",0,0,3076,13623
yolov8x_training,791.151602,83,235.245,13370.3125,60,1080,10001,"[0, 100000]","[0, 100000]",0,0,878,292
yolov8x_training,792.194276,83,233.047,13370.3125,94,2055,10001,"[0, 100000]","[0, 100000]",0,0,3515,35449
yolov8x_training,793.255998,82,233.644,13370.3125,94,1252,10001,"[0, 100000]","[0, 100000]",0,0,3369,25830
yolov8x_training,794.298882,87,248.836,13370.3125,100,1170,10001,"[0, 100000]","[0, 100000]",0,0,5664,93994
yolov8x_training,795.342727,86,251.647,13370.3125,64,1410,10001,"[0, 100000]","[0, 100000]",0,0,89599,22314
yolov8x_training,796.419964,87,244.295,13370.3125,17,2385,10001,"[0, 100000]","[0, 100000]",0,0,4736,18652
yolov8x_training,797.463354,86,251.567,13370.3125,44,1320,10001,"[0, 100000]","[0, 100000]",0,0,830,341
yolov8x_training,798.506025,83,250.608,13370.3125,95,1065,10001,"[0, 100000]","[0, 100000]",0,0,3955,35546
yolov8x_training,799.564954,82,243.754,13370.3125,99,1140,10001,"[0, 100000]","[0, 100000]",0,0,4687,15332
yolov8x_training,800.607852,86,230.850,13370.3125,94,1170,10001,"[0, 100000]","[0, 100000]",0,0,15429,26611
yolov8x_training,801.650663,86,232.914,13370.3125,58,2520,10001,"[0, 100000]","[0, 100000]",0,0,89794,25048
yolov8x_training,802.724282,82,236.370,13370.3125,18,1875,10001,"[0, 100000]","[0, 100000]",0,0,3320,29101
yolov8x_training,803.767254,86,243.839,13370.3125,49,1200,10001,"[0, 100000]","[0, 100000]",0,0,2636,7373
yolov8x_training,804.810340,87,254.955,13370.3125,86,1140,10001,"[0, 100000]","[0, 100000]",0,0,341,1035009
yolov8x_training,805.853250,87,248.382,13370.3125,95,1035,10001,"[0, 100000]","[0, 100000]",0,0,13964,30175
yolov8x_training,806.896495,86,235.822,13370.3125,100,1680,10001,"[0, 100000]","[0, 100000]",0,0,2929,12451
yolov8x_training,807.939947,84,226.349,13370.3125,86,1185,10001,"[0, 100000]","[0, 100000]",0,0,390,292
yolov8x_training,808.982593,82,244.668,13370.3125,49,1035,10001,"[0, 100000]","[0, 100000]",0,0,3027,39208
yolov8x_training,810.048640,82,240.520,13370.3125,14,1035,10001,"[0, 100000]","[0, 100000]",0,0,5566,21484
yolov8x_training,811.091796,86,235.875,13370.3125,70,1950,10001,"[0, 100000]","[0, 100000]",0,0,2490,7568
yolov8x_training,812.135562,85,227.906,13370.3125,94,2520,10001,"[0, 100000]","[0, 100000]",0,0,341,292
yolov8x_training,813.196918,82,233.874,13370.3125,95,1252,10001,"[0, 100000]","[0, 100000]",0,0,15576,33544
yolov8x_training,814.240332,87,245.352,13370.3125,100,1230,10001,"[0, 100000]","[0, 100000]",0,0,3417,10693
yolov8x_training,815.284657,86,249.117,13370.3125,60,1650,10001,"[0, 100000]","[0, 100000]",0,0,341,292
yolov8x_training,816.355906,87,248.376,13370.3125,11,1035,10001,"[0, 100000]","[0, 100000]",0,0,15234,28466
yolov8x_training,817.398898,86,236.549,13370.3125,45,1170,10001,"[0, 100000]","[0, 100000]",0,0,4492,13818
yolov8x_training,818.441940,86,229.249,13370.3125,80,1080,10001,"[0, 100000]","[0, 100000]",0,0,3710,341
yolov8x_training,819.484663,82,247.659,13370.3125,95,1020,10001,"[0, 100000]","[0, 100000]",0,0,3027,38964
yolov8x_training,820.550775,82,239.353,13370.3125,97,1080,10001,"[0, 100000]","[0, 100000]",0,0,4687,20947
yolov8x_training,821.593694,87,230.643,13370.3125,100,1980,10001,"[0, 100000]","[0, 100000]",0,0,2294,3027
yolov8x_training,822.636763,86,229.938,13370.3125,54,2130,10001,"[0, 100000]","[0, 100000]",0,0,341,1034228
yolov8x_training,823.710107,82,246.098,13370.3125,16,1890,10001,"[0, 100000]","[0, 100000]",0,0,15136,30371
yolov8x_training,824.753079,83,237.649,13370.3125,14,2355,10001,"[0, 100000]","[0, 100000]",0,0,3369,13867
yolov8x_training,825.796243,86,247.884,13370.3125,41,1215,10001,"[0, 100000]","[0, 100000]",0,0,341,292
yolov8x_training,826.838820,86,241.097,13370.3125,94,1080,10001,"[0, 100000]","[0, 100000]",0,0,84082,37255
yolov8x_training,827.907485,87,244.840,13370.3125,94,2505,10001,"[0, 100000]","[0, 100000]",0,0,4638,20361
yolov8x_training,828.950629,86,236.939,13370.3125,100,1155,10001,"[0, 100000]","[0, 100000]",0,0,2099,1025
yolov8x_training,829.993892,83,252.688,13370.3125,100,1035,10001,"[0, 100000]","[0, 100000]",0,0,89794,25048
yolov8x_training,831.069237,82,241.275,13370.3125,31,1095,10001,"[0, 100000]","[0, 100000]",0,0,4785,14843
yolov8x_training,832.112313,86,234.626,13370.3125,70,1560,10001,"[0, 100000]","[0, 100000]",0,0,1464,341
yolov8x_training,833.155419,87,226.301,13370.3125,94,2325,10001,"[0, 100000]","[0, 100000]",0,0,341,1033398
yolov8x_training,834.198313,82,236.379,13370.3125,95,2595,10001,"[0, 100000]","[0, 100000]",0,0,6201,21777
yolov8x_training,835.241621,87,245.332,13370.3125,100,1560,10001,"[0, 100000]","[0, 100000]",0,0,2636,11425
yolov8x_training,836.284683,87,250.096,13370.3125,48,1095,10001,"[0, 100000]","[0, 100000]",0,0,292,292
yolov8x_training,837.351600,87,249.365,13370.3125,12,1035,10001,"[0, 100000]","[0, 100000]",0,0,15332,26318
yolov8x_training,838.394518,87,240.072,13370.3125,26,1680,10001,"[0, 100000]","[0, 100000]",0,0,3515,15478
yolov8x_training,839.437417,86,234.816,13370.3125,68,1080,10001,"[0, 100000]","[0, 100000]",0,0,439,292
yolov8x_training,840.480442,83,243.808,13370.3125,96,1050,10001,"[0, 100000]","[0, 100000]",0,0,89404,20996
yolov8x_training,841.525865,82,246.648,13370.3125,95,1140,10001,"[0, 100000]","[0, 100000]",0,0,15039,30419
yolov8x_training,842.569032,84,235.017,13370.3125,100,1815,10001,"[0, 100000]","[0, 100000]",0,0,3320,11035
yolov8x_training,843.612380,87,230.356,13370.3125,94,2505,10001,"[0, 100000]","[0, 100000]",0,0,341,292
yolov8x_training,844.654943,86,234.597,13370.3125,46,1327,10001,"[0, 100000]","[0, 100000]",0,0,4003,35253
yolov8x_training,845.713935,83,237.678,13370.3125,21,1140,10001,"[0, 100000]","[0, 100000]",0,0,3369,27880
yolov8x_training,846.756771,86,246.095,13370.3125,41,1440,10001,"[0, 100000]","[0, 100000]",0,0,2636,8837
yolov8x_training,847.800369,86,238.063,13370.3125,77,1065,10001,"[0, 100000]","[0, 100000]",0,0,341,292
yolov8x_training,848.864371,87,230.355,13370.3125,94,1020,10001,"[0, 100000]","[0, 100000]",0,0,15234,33544
yolov8x_training,849.907316,87,233.634,13370.3125,96,1455,10001,"[0, 100000]","[0, 100000]",0,0,3027,10937
yolov8x_training,850.950200,85,239.338,13370.3125,100,1065,10001,"[0, 100000]","[0, 100000]",0,0,341,292
yolov8x_training,851.992793,83,229.189,13370.3125,58,1050,10001,"[0, 100000]","[0, 100000]",0,0,6738,103417
yolov8x_training,853.057335,83,242.880,13370.3125,19,1395,10001,"[0, 100000]","[0, 100000]",0,0,3076,13720
yolov8x_training,854.100655,85,244.660,13370.3125,100,2640,10001,"[0, 100000]","[0, 100000]",0,0,341,292
yolov8x_training,855.143340,86,238.251,13370.3125,82,2505,10001,"[0, 100000]","[0, 100000]",0,0,3710,35937
yolov8x_training,856.202323,84,245.647,13370.3125,42,1140,10001,"[0, 100000]","[0, 100000]",0,0,3466,27929
yolov8x_training,857.245319,87,249.022,13370.3125,20,1200,10001,"[0, 100000]","[0, 100000]",0,0,2539,3320
yolov8x_training,858.288136,86,239.939,13370.3125,65,1035,10001,"[0, 100000]","[0, 100000]",0,0,341,1028857
yolov8x_training,859.345157,87,228.647,13370.3125,94,1080,10001,"[0, 100000]","[0, 100000]",0,0,15283,27880
yolov8x_training,860.388260,86,231.403,13370.3125,95,1215,10001,"[0, 100000]","[0, 100000]",0,0,3027,13183
yolov8x_training,861.431360,85,236.799,13370.3125,100,1140,10001,"[0, 100000]","[0, 100000]",0,0,341,341
yolov8x_training,862.474010,83,229.186,13370.3125,100,1050,10001,"[0, 100000]","[0, 100000]",0,0,89404,21044
yolov8x_training,863.516976,82,243.136,13370.3125,88,1035,10001,"[0, 100000]","[0, 100000]",0,0,14111,31201
yolov8x_training,864.560460,86,239.146,13370.3125,23,2115,10001,"[0, 100000]","[0, 100000]",0,0,2685,11425
yolov8x_training,865.604164,86,247.137,13370.3125,52,2595,10001,"[0, 100000]","[0, 100000]",0,0,341,292
yolov8x_training,866.653952,87,249.199,13370.3125,94,1215,10001,"[0, 100000]","[0, 100000]",0,0,15332,33642
yolov8x_training,867.697403,87,245.242,13370.3125,94,1455,10001,"[0, 100000]","[0, 100000]",0,0,3271,13476
yolov8x_training,868.740516,87,238.427,13370.3125,100,1050,10001,"[0, 100000]","[0, 100000]",0,0,341,341
yolov8x_training,869.783178,87,227.407,13370.3125,68,1125,10001,"[0, 100000]","[0, 100000]",0,0,3076,37646
yolov8x_training,870.845863,86,235.634,13370.3125,45,1875,10001,"[0, 100000]","[0, 100000]",0,0,4443,16113
yolov8x_training,871.888948,83,243.853,13370.3125,33,1035,10001,"[0, 100000]","[0, 100000]",0,0,12695,292
yolov8x_training,872.931691,82,246.744,13370.3125,68,1095,10001,"[0, 100000]","[0, 100000]",0,0,89062,18554
yolov8x_training,873.975191,82,236.327,13370.3125,94,1260,10001,"[0, 100000]","[0, 100000]",0,0,15478,35351
yolov8x_training,875.018384,87,242.279,13370.3125,93,2430,10001,"[0, 100000]","[0, 100000]",0,0,2978,12939
yolov8x_training,876.061332,86,244.848,13370.3125,100,2580,10001,"[0, 100000]","[0, 100000]",0,0,390,292
yolov8x_training,877.104042,87,251.316,13370.3125,60,1125,10001,"[0, 100000]","[0, 100000]",0,0,89941,24755
yolov8x_training,878.176669,86,247.616,13370.3125,17,1470,10001,"[0, 100000]","[0, 100000]",0,0,5664,16796
yolov8x_training,879.220047,86,237.306,13370.3125,65,1035,10001,"[0, 100000]","[0, 100000]",0,0,878,292
yolov8x_training,880.262121,87,231.838,13370.3125,94,1140,10001,"[0, 100000]","[0, 100000]",0,0,3857,36474
yolov8x_training,881.321438,86,239.220,13370.3125,93,2385,10001,"[0, 100000]","[0, 100000]",0,0,4394,20458
yolov8x_training,882.364325,83,242.186,13370.3125,100,2655,10001,"[0, 100000]","[0, 100000]",0,0,2441,9033
yolov8x_training,883.407779,82,244.425,13370.3125,91,1155,10001,"[0, 100000]","[0, 100000]",0,0,292,292
yolov8x_training,884.467213,83,247.939,13370.3125,41,2145,10001,"[0, 100000]","[0, 100000]",0,0,15478,32763
yolov8x_training,885.510281,87,241.053,13370.3125,17,2505,10001,"[0, 100000]","[0, 100000]",0,0,3027,12353
yolov8x_training,886.553182,87,250.719,13370.3125,68,1155,10001,"[0, 100000]","[0, 100000]",0,0,341,292
yolov8x_training,887.629685,87,247.217,13370.3125,95,1320,10001,"[0, 100000]","[0, 100000]",0,0,15136,34179
yolov8x_training,888.673086,86,241.000,13370.3125,100,1020,10001,"[0, 100000]","[0, 100000]",0,0,2783,12841
yolov8x_training,889.716387,87,232.638,13370.3125,100,1065,10001,"[0, 100000]","[0, 100000]",0,0,341,292
yolov8x_training,890.758992,87,230.850,13370.3125,66,1710,10001,"[0, 100000]","[0, 100000]",0,0,6298,104589
yolov8x_training,891.817759,86,246.607,13370.3125,19,2505,10001,"[0, 100000]","[0, 100000]",0,0,4638,19726
yolov8x_training,892.860901,84,238.446,13370.3125,38,2505,10001,"[0, 100000]","[0, 100000]",0,0,2587,6005
yolov8x_training,893.904024,82,245.944,13370.3125,68,1110,10001,"[0, 100000]","[0, 100000]",0,0,292,292
yolov8x_training,894.946700,83,248.144,13370.3125,95,2070,10001,"[0, 100000]","[0, 100000]",0,0,6298,102343
yolov8x_training,896.006634,86,240.053,13370.3125,95,2505,10001,"[0, 100000]","[0, 100000]",0,0,2978,12988
yolov8x_training,897.049574,86,247.507,13370.3125,100,1890,10001,"[0, 100000]","[0, 100000]",0,0,341,341
yolov8x_training,898.092113,87,247.664,13370.3125,46,1170,10001,"[0, 100000]","[0, 100000]",0,0,4003,36767
yolov8x_training,899.147988,86,248.536,13370.3125,30,1170,10001,"[0, 100000]","[0, 100000]",0,0,4882,18994
yolov8x_training,900.191276,87,235.663,13370.3125,75,1065,10001,"[0, 100000]","[0, 100000]",0,0,1513,341
yolov8x_training,901.234249,87,230.924,13370.3125,94,1770,10001,"[0, 100000]","[0, 100000]",0,0,90429,32519
yolov8x_training,902.305593,86,245.553,13370.3125,100,2490,10001,"[0, 100000]","[0, 100000]",0,0,5029,15039
yolov8x_training,903.348961,82,248.798,13370.3125,84,2100,10001,"[0, 100000]","[0, 100000]",0,0,341,292
yolov8x_training,904.391768,84,252.221,13370.3125,36,2190,10001,"[0, 100000]","[0, 100000]",0,0,89892,25634
yolov8x_training,905.465752,87,243.562,13370.3125,14,2505,10001,"[0, 100000]","[0, 100000]",0,0,3271,28027
yolov8x_training,906.508683,87,249.151,13370.3125,66,2175,10001,"[0, 100000]","[0, 100000]",0,0,2148,1855
yolov8x_training,907.552213,87,249.157,13370.3125,94,1185,10001,"[0, 100000]","[0, 100000]",0,0,341,292
yolov8x_training,908.603064,86,244.368,13370.3125,94,1020,10001,"[0, 100000]","[0, 100000]",0,0,15234,30712
yolov8x_training,909.646142,85,237.202,13370.3125,100,1050,10001,"[0, 100000]","[0, 100000]",0,0,3955,17919
yolov8x_training,910.689662,87,232.765,13370.3125,100,1035,10001,"[0, 100000]","[0, 100000]",0,0,1757,292
yolov8x_training,911.732661,87,233.311,13370.3125,67,1590,10001,"[0, 100000]","[0, 100000]",0,0,3662,35400
yolov8x_training,912.793493,85,240.107,13370.3125,14,2505,10001,"[0, 100000]","[0, 100000]",0,0,3369,29980
yolov8x_training,913.836503,82,247.929,13370.3125,56,2025,10001,"[0, 100000]","[0, 100000]",0,0,14794,30908
yolov8x_training,914.879799,84,249.379,13370.3125,96,2280,10001,"[0, 100000]","[0, 100000]",0,0,88964,19140
yolov8x_training,915.935190,86,242.851,13370.3125,94,2490,10001,"[0, 100000]","[0, 100000]",0,0,15332,32714
yolov8x_training,916.978234,87,241.178,13370.3125,99,2655,10001,"[0, 100000]","[0, 100000]",0,0,3710,15869
yolov8x_training,918.021300,87,249.567,13370.3125,100,1245,10001,"[0, 100000]","[0, 100000]",0,0,390,292
yolov8x_training,919.064005,87,250.276,13370.3125,66,1020,10001,"[0, 100000]","[0, 100000]",0,0,6787,103857
yolov8x_training,920.126737,85,232.160,13370.3125,71,1035,10001,"[0, 100000]","[0, 100000]",0,0,3125,13574
yolov8x_training,921.169831,82,229.014,13370.3125,95,1275,10001,"[0, 100000]","[0, 100000]",0,0,341,292
yolov8x_training,922.212447,86,234.051,13370.3125,94,2370,10001,"[0, 100000]","[0, 100000]",0,0,55419,37939
yolov8x_training,923.279771,86,242.315,13370.3125,100,2610,10001,"[0, 100000]","[0, 100000]",0,0,3955,31445
yolov8x_training,924.323334,82,246.738,13370.3125,99,1260,10001,"[0, 100000]","[0, 100000]",0,0,2587,4296
yolov8x_training,925.366533,82,249.329,13370.3125,54,1335,10001,"[0, 100000]","[0, 100000]",0,0,341,292
yolov8x_training,926.416920,87,248.373,13370.3125,16,2505,10001,"[0, 100000]","[0, 100000]",0,0,15332,34716
yolov8x_training,927.460292,86,241.044,13370.3125,47,1860,10001,"[0, 100000]","[0, 100000]",0,0,4394,15136
yolov8x_training,928.503366,87,242.450,13370.3125,71,1170,10001,"[0, 100000]","[0, 100000]",0,0,634,292
yolov8x_training,929.546117,87,248.886,13370.3125,93,1140,10001,"[0, 100000]","[0, 100000]",0,0,88916,19091
yolov8x_training,930.597827,86,242.992,13370.3125,95,1185,10001,"[0, 100000]","[0, 100000]",0,0,15136,29589
yolov8x_training,931.641176,83,236.813,13370.3125,100,1125,10001,"[0, 100000]","[0, 100000]",0,0,2783,26171
yolov8x_training,932.685147,87,228.899,13370.3125,74,1965,10001,"[0, 100000]","[0, 100000]",0,0,341,292
yolov8x_training,933.727740,86,244.517,13370.3125,28,2310,10001,"[0, 100000]","[0, 100000]",0,0,6494,104589
yolov8x_training,934.784362,86,241.172,13370.3125,32,2655,10001,"[0, 100000]","[0, 100000]",0,0,5419,15283
yolov8x_training,935.827534,85,251.423,13370.3125,75,1125,10001,"[0, 100000]","[0, 100000]",0,0,878,292
yolov8x_training,936.870328,87,245.011,13370.3125,95,1140,10001,"[0, 100000]","[0, 100000]",0,0,88671,15917
yolov8x_training,937.913255,87,245.175,13370.3125,93,2160,10001,"[0, 100000]","[0, 100000]",0,0,5859,17724
yolov8x_training,938.956736,86,234.467,13370.3125,100,1185,10001,"[0, 100000]","[0, 100000]",0,0,2734,11669
yolov8x_training,939.999979,83,247.422,13370.3125,70,1200,10001,"[0, 100000]","[0, 100000]",0,0,341,292
yolov8x_training,941.042803,82,244.518,13370.3125,33,1035,10001,"[0, 100000]","[0, 100000]",0,0,6445,102636
yolov8x_training,942.097793,87,239.105,13370.3125,66,1125,10001,"[0, 100000]","[0, 100000]",0,0,4101,17285
yolov8x_training,943.141224,86,226.531,13370.3125,94,1755,10001,"[0, 100000]","[0, 100000]",0,0,5908,93017
yolov8x_training,944.185033,82,244.201,13370.3125,93,2250,10001,"[0, 100000]","[0, 100000]",0,0,77148,37988
yolov8x_training,945.253018,84,239.763,13370.3125,100,2655,10001,"[0, 100000]","[0, 100000]",0,0,5859,18945
yolov8x_training,946.296175,87,244.741,13370.3125,100,1500,10001,"[0, 100000]","[0, 100000]",0,0,3027,11767
yolov8x_training,947.339167,87,250.819,13370.3125,57,1095,10001,"[0, 100000]","[0, 100000]",0,0,341,292
yolov8x_training,948.381745,87,246.448,13370.3125,17,1065,10001,"[0, 100000]","[0, 100000]",0,0,4101,35302
yolov8x_training,949.441683,87,243.695,13370.3125,37,2355,10001,"[0, 100000]","[0, 100000]",0,0,3564,15869
yolov8x_training,950.484852,84,235.546,13370.3125,95,1485,10001,"[0, 100000]","[0, 100000]",0,0,341,292
yolov8x_training,951.527653,82,249.045,13370.3125,93,1035,10001,"[0, 100000]","[0, 100000]",0,0,6494,103857
yolov8x_training,952.590406,85,232.838,13370.3125,100,1050,10001,"[0, 100000]","[0, 100000]",0,0,4589,19628
yolov8x_training,953.633737,87,225.748,13370.3125,82,1350,10001,"[0, 100000]","[0, 100000]",0,0,2246,3173
yolov8x_training,954.676800,87,245.275,13370.3125,39,2295,10001,"[0, 100000]","[0, 100000]",0,0,88769,15869
yolov8x_training,955.720426,87,245.615,13370.3125,35,1725,10001,"[0, 100000]","[0, 100000]",0,0,5810,21142
yolov8x_training,956.763527,85,247.840,13370.3125,75,1095,10001,"[0, 100000]","[0, 100000]",0,0,2636,11621
yolov8x_training,957.806523,87,244.929,13370.3125,95,1080,10001,"[0, 100000]","[0, 100000]",0,0,292,292
yolov8x_training,958.849365,87,242.278,13370.3125,98,1020,10001,"[0, 100000]","[0, 100000]",0,0,6250,104345
yolov8x_training,959.909029,85,233.164,13370.3125,100,1170,10001,"[0, 100000]","[0, 100000]",0,0,5126,14648
yolov8x_training,960.952653,82,234.694,13370.3125,65,1050,10001,"[0, 100000]","[0, 100000]",0,0,341,292
yolov8x_training,962.027996,85,230.469,13370.3125,15,1140,10001,"[0, 100000]","[0, 100000]",0,0,15527,33349
yolov8x_training,963.071082,85,227.229,13370.3125,71,2280,10001,"[0, 100000]","[0, 100000]",0,0,3076,11816
yolov8x_training,964.114844,88,240.117,13370.3125,98,2505,10001,"[0, 100000]","[0, 100000]",0,0,341,292
yolov8x_training,965.182886,86,246.685,13370.3125,100,1725,10001,"[0, 100000]","[0, 100000]",0,0,15234,34716
yolov8x_training,966.226033,87,254.535,13370.3125,48,1050,10001,"[0, 100000]","[0, 100000]",0,0,2978,10644
yolov8x_training,967.269043,87,245.255,13370.3125,36,1020,10001,"[0, 100000]","[0, 100000]",0,0,390,292
yolov8x_training,968.335185,86,233.466,13370.3125,73,1140,10001,"[0, 100000]","[0, 100000]",0,0,15283,33105
yolov8x_training,969.378081,83,240.107,13370.3125,94,2370,10001,"[0, 100000]","[0, 100000]",0,0,3222,10742
yolov8x_training,970.421566,82,235.495,13370.3125,95,1020,10001,"[0, 100000]","[0, 100000]",0,0,341,292
yolov8x_training,971.464278,84,240.474,13370.3125,100,1080,10001,"[0, 100000]","[0, 100000]",0,0,89990,26416
yolov8x_training,972.538045,87,231.868,13370.3125,94,1515,10001,"[0, 100000]","[0, 100000]",0,0,4345,21826
yolov8x_training,973.580992,87,236.672,13370.3125,46,2505,10001,"[0, 100000]","[0, 100000]",0,0,5029,100244
yolov8x_training,974.624740,87,243.835,13370.3125,25,1995,10001,"[0, 100000]","[0, 100000]",0,0,89550,21533
yolov8x_training,975.679686,86,245.462,13370.3125,50,1185,10001,"[0, 100000]","[0, 100000]",0,0,15527,33593
yolov8x_training,976.722892,86,245.929,13370.3125,90,1200,10001,"[0, 100000]","[0, 100000]",0,0,3076,13574
yolov8x_training,977.766042,87,245.479,13370.3125,95,1050,10001,"[0, 100000]","[0, 100000]",0,0,488,292
yolov8x_training,978.808869,86,238.213,13370.3125,96,1065,10001,"[0, 100000]","[0, 100000]",0,0,3027,39062
yolov8x_training,979.872435,85,232.393,13370.3125,100,1395,10001,"[0, 100000]","[0, 100000]",0,0,4785,21289
yolov8x_training,980.915819,83,226.641,13370.3125,71,1200,10001,"[0, 100000]","[0, 100000]",0,0,2734,5029
yolov8x_training,981.959460,82,232.023,13370.3125,25,1050,10001,"[0, 100000]","[0, 100000]",0,0,341,341
yolov8x_training,983.002225,82,238.362,13370.3125,16,1035,10001,"[0, 100000]","[0, 100000]",0,0,4541,102929
yolov8x_training,984.077867,87,234.211,13370.3125,38,1350,10001,"[0, 100000]","[0, 100000]",0,0,4589,13378
yolov8x_training,985.121212,87,231.968,13370.3125,93,2310,10001,"[0, 100000]","[0, 100000]",0,0,8300,292
yolov8x_training,986.163883,88,246.513,13370.3125,100,1327,10001,"[0, 100000]","[0, 100000]",0,0,3515,35449
yolov8x_training,987.224840,87,246.434,13370.3125,100,1155,10001,"[0, 100000]","[0, 100000]",0,0,3710,29687
yolov8x_training,988.267764,86,249.006,13370.3125,65,1620,10001,"[0, 100000]","[0, 100000]",0,0,2636,8007
yolov8x_training,989.311129,87,244.760,13370.3125,48,1035,10001,"[0, 100000]","[0, 100000]",0,0,341,292
yolov8x_training,990.353756,87,247.869,13370.3125,27,1035,10001,"[0, 100000]","[0, 100000]",0,0,6982,102685
yolov8x_training,991.420312,86,234.944,13370.3125,61,1140,10001,"[0, 100000]","[0, 100000]",0,0,3662,15673
yolov8x_training,992.464330,84,231.123,13370.3125,94,1170,10001,"[0, 100000]","[0, 100000]",0,0,537,341
yolov8x_training,993.507082,82,245.138,13370.3125,95,1035,10001,"[0, 100000]","[0, 100000]",0,0,89843,24560
yolov8x_training,994.581202,83,239.517,13370.3125,100,1080,10001,"[0, 100000]","[0, 100000]",0,0,4589,20361
yolov8x_training,995.624491,86,228.289,13370.3125,76,1365,10001,"[0, 100000]","[0, 100000]",0,0,2832,3662
yolov8x_training,996.668032,87,246.619,13370.3125,46,1252,10001,"[0, 100000]","[0, 100000]",0,0,89453,20996
yolov8x_training,997.711770,86,242.402,13370.3125,27,1575,10001,"[0, 100000]","[0, 100000]",0,0,4589,20800
yolov8x_training,998.755004,87,248.741,13370.3125,65,1155,10001,"[0, 100000]","[0, 100000]",0,0,3466,10986
yolov8x_training,999.798625,87,246.498,13370.3125,94,1155,10001,"[0, 100000]","[0, 100000]",0,0,341,292
yolov8x_training,1000.841187,87,249.294,13370.3125,93,1035,10001,"[0, 100000]","[0, 100000]",0,0,4345,37109
yolov8x_training,1001.896706,86,235.981,13370.3125,100,2655,10001,"[0, 100000]","[0, 100000]",0,0,4296,22460
yolov8x_training,1002.939707,86,230.466,13370.3125,100,1200,10001,"[0, 100000]","[0, 100000]",0,0,2490,8935
yolov8x_training,1003.983702,83,242.560,13370.3125,80,1110,10001,"[0, 100000]","[0, 100000]",0,0,341,341
yolov8x_training,1005.048064,82,248.989,13370.3125,21,1095,10001,"[0, 100000]","[0, 100000]",0,0,15234,33691
yolov8x_training,1006.091121,87,234.529,13370.3125,39,2010,10001,"[0, 100000]","[0, 100000]",0,0,3173,11523
yolov8x_training,1007.134611,87,228.472,13370.3125,95,2415,10001,"[0, 100000]","[0, 100000]",0,0,292,292
yolov8x_training,1008.177288,87,233.682,13370.3125,100,2655,10001,"[0, 100000]","[0, 100000]",0,0,4345,101318
yolov8x_training,1009.253244,86,243.669,13370.3125,100,2640,10001,"[0, 100000]","[0, 100000]",0,0,4736,16015
yolov8x_training,1010.296335,85,245.085,13370.3125,78,1380,10001,"[0, 100000]","[0, 100000]",0,0,781,292
yolov8x_training,1011.339773,87,247.040,13370.3125,26,1125,10001,"[0, 100000]","[0, 100000]",0,0,76074,38037
yolov8x_training,1012.403935,87,246.531,13370.3125,45,2505,10001,"[0, 100000]","[0, 100000]",0,0,3466,28857
yolov8x_training,1013.446986,85,230.863,13370.3125,91,1185,10001,"[0, 100000]","[0, 100000]",0,0,2539,6250
yolov8x_training,1014.490082,83,230.261,13370.3125,96,1020,10001,"[0, 100000]","[0, 100000]",0,0,390,292
yolov8x_training,1015.546184,82,242.951,13370.3125,95,1110,10001,"[0, 100000]","[0, 100000]",0,0,15136,33691
yolov8x_training,1016.589556,87,233.851,13370.3125,100,2115,10001,"[0, 100000]","[0, 100000]",0,0,3027,11621
yolov8x_training,1017.632372,86,232.097,13370.3125,62,2625,10001,"[0, 100000]","[0, 100000]",0,0,292,292
yolov8x_training,1018.674951,87,232.890,13370.3125,21,2505,10001,"[0, 100000]","[0, 100000]",0,0,90576,35986
yolov8x_training,1019.743596,85,240.078,13370.3125,26,2505,10001,"[0, 100000]","[0, 100000]",0,0,3515,25878
yolov8x_training,1020.786981,86,250.286,13370.3125,71,1185,10001,"[0, 100000]","[0, 100000]",0,0,15429,28222
yolov8x_training,1021.830038,86,243.927,13370.3125,95,1050,10001,"[0, 100000]","[0, 100000]",0,0,88769,16455
yolov8x_training,1022.873377,86,238.232,13370.3125,96,1185,10001,"[0, 100000]","[0, 100000]",0,0,90136,27880
yolov8x_training,1023.945827,87,245.935,13370.3125,95,2550,10001,"[0, 100000]","[0, 100000]",0,0,4541,19433
yolov8x_training,1024.988829,87,238.491,13370.3125,96,1335,10001,"[0, 100000]","[0, 100000]",0,0,2832,10888
yolov8x_training,1026.032189,86,253.480,13370.3125,100,1200,10001,"[0, 100000]","[0, 100000]",0,0,341,827929
yolov8x_training,1027.074970,82,248.794,13370.3125,75,1035,10001,"[0, 100000]","[0, 100000]",0,0,10986,31689
yolov8x_training,1028.117992,82,238.061,13370.3125,57,1155,10001,"[0, 100000]","[0, 100000]",0,0,3173,11621
yolov8x_training,1029.160933,88,233.404,13370.3125,93,1845,10001,"[0, 100000]","[0, 100000]",0,0,341,341
yolov8x_training,1030.203577,82,236.121,13370.3125,94,2655,10001,"[0, 100000]","[0, 100000]",0,0,6640,103662
yolov8x_training,1031.267609,84,242.081,13370.3125,100,1095,10001,"[0, 100000]","[0, 100000]",0,0,4296,13574
yolov8x_training,1032.310932,86,249.553,13370.3125,79,1545,10001,"[0, 100000]","[0, 100000]",0,0,16162,341
yolov8x_training,1033.354020,87,242.546,13370.3125,36,1020,10001,"[0, 100000]","[0, 100000]",0,0,5859,104003
yolov8x_training,1034.425630,87,245.766,13370.3125,32,1410,10001,"[0, 100000]","[0, 100000]",0,0,3564,15673
yolov8x_training,1035.468761,86,232.828,13370.3125,75,1050,10001,"[0, 100000]","[0, 100000]",0,0,341,292
yolov8x_training,1036.511393,82,249.467,13370.3125,95,1035,10001,"[0, 100000]","[0, 100000]",0,0,4589,103564
yolov8x_training,1037.582130,87,240.190,13370.3125,100,1515,10001,"[0, 100000]","[0, 100000]",0,0,3222,15136
yolov8x_training,1038.625525,86,231.090,13370.3125,78,2445,10001,"[0, 100000]","[0, 100000]",0,0,341,292
yolov8x_training,1039.668135,87,236.776,13370.3125,21,2505,10001,"[0, 100000]","[0, 100000]",0,0,6396,103955
yolov8x_training,1040.728251,87,247.294,13370.3125,34,1260,10001,"[0, 100000]","[0, 100000]",0,0,4882,16552
yolov8x_training,1041.771302,87,249.479,13370.3125,93,1035,10001,"[0, 100000]","[0, 100000]",0,0,1074,292
yolov8x_training,1042.814653,88,248.416,13370.3125,96,1125,10001,"[0, 100000]","[0, 100000]",0,0,4541,103662
yolov8x_training,1043.886176,85,237.310,13370.3125,100,1575,10001,"[0, 100000]","[0, 100000]",0,0,3955,14501
yolov8x_training,1044.929370,82,232.055,13370.3125,65,1080,10001,"[0, 100000]","[0, 100000]",0,0,341,292
yolov8x_training,1045.995743,85,239.091,13370.3125,12,1725,10001,"[0, 100000]","[0, 100000]",0,0,15478,32763
yolov8x_training,1047.038633,87,228.117,13370.3125,77,2520,10001,"[0, 100000]","[0, 100000]",0,0,3564,14013
yolov8x_training,1048.081579,87,231.772,13370.3125,95,2655,10001,"[0, 100000]","[0, 100000]",0,0,927,292
yolov8x_training,1049.124575,87,243.204,13370.3125,100,2655,10001,"[0, 100000]","[0, 100000]",0,0,88916,19482
yolov8x_training,1050.167871,86,247.166,13370.3125,94,1065,10001,"[0, 100000]","[0, 100000]",0,0,4345,18994
yolov8x_training,1051.211298,87,234.058,13370.3125,45,1035,10001,"[0, 100000]","[0, 100000]",0,0,2734,11767
yolov8x_training,1052.254267,87,228.842,13370.3125,23,1020,10001,"[0, 100000]","[0, 100000]",0,0,292,292
yolov8x_training,1053.296917,87,228.418,13370.3125,18,1095,10001,"[0, 100000]","[0, 100000]",0,0,89501,21093
yolov8x_training,1054.353756,87,230.369,13370.3125,38,1440,10001,"[0, 100000]","[0, 100000]",0,0,15136,33642
yolov8x_training,1055.396640,86,235.444,13370.3125,74,2235,10001,"[0, 100000]","[0, 100000]",0,0,4443,13525
yolov8x_training,1056.439647,85,241.224,13370.3125,94,1050,10001,"[0, 100000]","[0, 100000]",0,0,4980,105273
yolov8x_training,1057.482651,83,246.355,13370.3125,100,1020,10001,"[0, 100000]","[0, 100000]",0,0,341,1038574
yolov8x_training,1058.549426,82,227.935,13370.3125,70,1140,10001,"[0, 100000]","[0, 100000]",0,0,15136,31689
yolov8x_training,1059.592304,82,235.926,13370.3125,46,1155,10001,"[0, 100000]","[0, 100000]",0,0,3222,13671
yolov8x_training,1060.635125,85,242.328,13370.3125,33,2085,10001,"[0, 100000]","[0, 100000]",0,0,341,341
yolov8x_training,1061.677778,88,237.787,13370.3125,68,2535,10001,"[0, 100000]","[0, 100000]",0,0,90625,35302
yolov8x_training,1062.746864,84,241.821,13370.3125,94,1140,10001,"[0, 100000]","[0, 100000]",0,0,4541,20361
yolov8x_training,1063.789914,87,244.231,13370.3125,94,1425,10001,"[0, 100000]","[0, 100000]",0,0,2246,2294
yolov8x_training,1064.832944,86,239.793,13370.3125,100,1110,10001,"[0, 100000]","[0, 100000]",0,0,341,1030078
yolov8x_training,1065.875854,87,245.788,13370.3125,98,1050,10001,"[0, 100000]","[0, 100000]",0,0,6201,104003
yolov8x_training,1066.935006,88,222.491,13370.3125,79,1770,10001,"[0, 100000]","[0, 100000]",0,0,3222,24560
yolov8x_training,1067.978065,87,228.117,13370.3125,51,1425,10001,"[0, 100000]","[0, 100000]",0,0,2197,125634
yolov8x_training,1069.021473,85,239.438,13370.3125,16,1035,10001,"[0, 100000]","[0, 100000]",0,0,89404,22021
yolov8x_training,1070.064641,82,230.454,13370.3125,67,1050,10001,"[0, 100000]","[0, 100000]",0,0,6445,23486
yolov8x_training,1071.107594,82,227.800,13370.3125,94,1170,10001,"[0, 100000]","[0, 100000]",0,0,3417,16308
yolov8x_training,1072.150982,87,238.444,13370.3125,98,2025,10001,"[0, 100000]","[0, 100000]",0,0,537,292
yolov8x_training,1073.194037,84,242.895,13370.3125,100,2640,10001,"[0, 100000]","[0, 100000]",0,0,341,1035449
yolov8x_training,1074.240733,82,243.333,13370.3125,96,2610,10001,"[0, 100000]","[0, 100000]",0,0,15429,34472
yolov8x_training,1075.283677,82,244.822,13370.3125,68,1650,10001,"[0, 100000]","[0, 100000]",0,0,4785,15039
yolov8x_training,1076.326806,84,238.919,13370.3125,39,1155,10001,"[0, 100000]","[0, 100000]",0,0,2099,878
yolov8x_training,1077.369730,87,244.884,13370.3125,8,1155,10001,"[0, 100000]","[0, 100000]",0,0,341,292
yolov8x_training,1078.412346,84,236.109,13370.3125,39,2445,10001,"[0, 100000]","[0, 100000]",0,0,5712,102587
yolov8x_training,1079.484053,86,243.736,13370.3125,58,2505,10001,"[0, 100000]","[0, 100000]",0,0,3857,15625
yolov8x_training,1080.527128,87,247.290,13370.3125,85,2505,10001,"[0, 100000]","[0, 100000]",0,0,1171,292
yolov8x_training,1081.569869,87,243.267,13370.3125,94,1680,10001,"[0, 100000]","[0, 100000]",0,0,341,1030908
yolov8x_training,1082.635593,86,241.473,13370.3125,95,1170,10001,"[0, 100000]","[0, 100000]",0,0,15185,30761
yolov8x_training,1083.678872,83,235.809,13370.3125,100,1035,10001,"[0, 100000]","[0, 100000]",0,0,3320,13818
yolov8x_training,1084.721912,87,226.945,13370.3125,92,1125,10001,"[0, 100000]","[0, 100000]",0,0,16357,292
yolov8x_training,1085.765250,86,235.506,13370.3125,47,2070,10001,"[0, 100000]","[0, 100000]",0,0,4443,103027
yolov8x_training,1086.840765,84,240.536,13370.3125,12,2640,10001,"[0, 100000]","[0, 100000]",0,0,4980,15185
yolov8x_training,1087.883656,82,248.481,13370.3125,67,1980,10001,"[0, 100000]","[0, 100000]",0,0,878,292
yolov8x_training,1088.926340,85,251.593,13370.3125,94,2325,10001,"[0, 100000]","[0, 100000]",0,0,2978,39306
yolov8x_training,1089.991778,86,241.428,13370.3125,96,1252,10001,"[0, 100000]","[0, 100000]",0,0,3417,23339
yolov8x_training,1091.034925,87,250.852,13370.3125,100,2655,10001,"[0, 100000]","[0, 100000]",0,0,6347,85498
yolov8x_training,1092.078710,87,244.334,13370.3125,69,1185,10001,"[0, 100000]","[0, 100000]",0,0,89550,21435
yolov8x_training,1093.121952,86,238.171,13370.3125,50,1050,10001,"[0, 100000]","[0, 100000]",0,0,5517,17236
yolov8x_training,1094.165052,82,232.766,13370.3125,94,1095,10001,"[0, 100000]","[0, 100000]",0,0,2587,9277
yolov8x_training,1095.208330,84,238.118,13370.3125,94,2070,10001,"[0, 100000]","[0, 100000]",0,0,341,1032177
yolov8x_training,1096.256480,83,245.438,13370.3125,100,2505,10001,"[0, 100000]","[0, 100000]",0,0,15087,29589
yolov8x_training,1097.299524,82,247.157,13370.3125,52,1260,10001,"[0, 100000]","[0, 100000]",0,0,2587,9912
yolov8x_training,1098.343068,86,248.429,13370.3125,16,1110,10001,"[0, 100000]","[0, 100000]",0,0,341,292
yolov8x_training,1099.403993,87,237.187,13370.3125,57,1020,10001,"[0, 100000]","[0, 100000]",0,0,15380,34521
yolov8x_training,1100.446866,87,238.625,13370.3125,94,1155,10001,"[0, 100000]","[0, 100000]",0,0,3369,11376
yolov8x_training,1101.490558,86,236.991,13370.3125,96,1080,10001,"[0, 100000]","[0, 100000]",0,0,390,292
yolov8x_training,1102.533308,82,236.875,13370.3125,100,1110,10001,"[0, 100000]","[0, 100000]",0,0,6542,102685
yolov8x_training,1103.588487,82,231.422,13370.3125,63,1785,10001,"[0, 100000]","[0, 100000]",0,0,3613,15771
yolov8x_training,1104.631510,86,237.948,13370.3125,21,2325,10001,"[0, 100000]","[0, 100000]",0,0,292,292
yolov8x_training,1105.674123,84,246.902,13370.3125,36,1890,10001,"[0, 100000]","[0, 100000]",0,0,4638,103466
yolov8x_training,1106.746685,84,247.841,13370.3125,96,1140,10001,"[0, 100000]","[0, 100000]",0,0,4150,15380
yolov8x_training,1107.790137,87,246.902,13370.3125,94,1050,10001,"[0, 100000]","[0, 100000]",0,0,585,292
yolov8x_training,1108.832862,87,235.219,13370.3125,100,1035,10001,"[0, 100000]","[0, 100000]",0,0,4150,34960
yolov8x_training,1109.889682,87,229.520,13370.3125,62,1365,10001,"[0, 100000]","[0, 100000]",0,0,4589,20068
yolov8x_training,1110.932769,86,244.922,13370.3125,28,1035,10001,"[0, 100000]","[0, 100000]",0,0,2197,2490
yolov8x_training,1111.975654,84,241.316,13370.3125,35,1050,10001,"[0, 100000]","[0, 100000]",0,0,292,292
yolov8x_training,1113.018283,82,227.213,13370.3125,61,1050,10001,"[0, 100000]","[0, 100000]",0,0,6542,104589
yolov8x_training,1114.078856,83,235.306,13370.3125,88,2115,10001,"[0, 100000]","[0, 100000]",0,0,3564,15917
yolov8x_training,1115.122255,86,241.780,13370.3125,100,2580,10001,"[0, 100000]","[0, 100000]",0,0,6591,292
yolov8x_training,1116.164933,86,249.698,13370.3125,92,1327,10001,"[0, 100000]","[0, 100000]",0,0,3076,37890
yolov8x_training,1117.226587,83,247.231,13370.3125,43,1125,10001,"[0, 100000]","[0, 100000]",0,0,4638,19824
yolov8x_training,1118.269935,86,249.475,13370.3125,6,1125,10001,"[0, 100000]","[0, 100000]",0,0,2685,4785
yolov8x_training,1119.313035,85,236.160,13370.3125,41,1035,10001,"[0, 100000]","[0, 100000]",0,0,341,1029003
yolov8x_training,1120.377946,87,229.453,13370.3125,95,1140,10001,"[0, 100000]","[0, 100000]",0,0,14990,30419
yolov8x_training,1121.421342,86,229.480,13370.3125,94,1155,10001,"[0, 100000]","[0, 100000]",0,0,3076,12207
yolov8x_training,1122.464964,86,232.451,13370.3125,95,1200,10001,"[0, 100000]","[0, 100000]",0,0,976,292
yolov8x_training,1123.507881,83,240.702,13370.3125,100,1080,10001,"[0, 100000]","[0, 100000]",0,0,90087,27246
yolov8x_training,1124.579940,82,236.647,13370.3125,91,1140,10001,"[0, 100000]","[0, 100000]",0,0,3759,26660
yolov8x_training,1125.623200,84,232.313,13370.3125,36,1710,10001,"[0, 100000]","[0, 100000]",0,0,2539,8496
yolov8x_training,1126.667129,87,244.413,13370.3125,13,2625,10001,"[0, 100000]","[0, 100000]",0,0,341,938085
yolov8x_training,1127.723300,82,249.848,13370.3125,60,2505,10001,"[0, 100000]","[0, 100000]",0,0,15087,31054
yolov8x_training,1128.766207,82,240.450,13370.3125,95,1680,10001,"[0, 100000]","[0, 100000]",0,0,3076,11914
yolov8x_training,1129.809401,88,249.913,13370.3125,95,1095,10001,"[0, 100000]","[0, 100000]",0,0,341,292
yolov8x_training,1130.852061,87,239.899,13370.3125,100,1125,10001,"[0, 100000]","[0, 100000]",0,0,6494,103564
yolov8x_training,1131.915329,87,229.783,13370.3125,76,1200,10001,"[0, 100000]","[0, 100000]",0,0,3906,15283
yolov8x_training,1132.958365,85,237.624,13370.3125,22,1095,10001,"[0, 100000]","[0, 100000]",0,0,341,292
yolov8x_training,1134.030210,82,231.861,13370.3125,42,1650,10001,"[0, 100000]","[0, 100000]",0,0,15380,34228
yolov8x_training,1135.073277,82,232.014,13370.3125,94,1995,10001,"[0, 100000]","[0, 100000]",0,0,3564,14746
yolov8x_training,1136.116275,87,241.968,13370.3125,95,2505,10001,"[0, 100000]","[0, 100000]",0,0,439,292
yolov8x_training,1137.159295,86,244.468,13370.3125,100,1560,10001,"[0, 100000]","[0, 100000]",0,0,88916,19238
yolov8x_training,1138.202138,87,249.197,13370.3125,59,1170,10001,"[0, 100000]","[0, 100000]",0,0,4296,17382
yolov8x_training,1139.245637,86,246.563,13370.3125,13,1050,10001,"[0, 100000]","[0, 100000]",0,0,3271,11523
yolov8x_training,1140.289280,87,241.964,13370.3125,39,1035,10001,"[0, 100000]","[0, 100000]",0,0,341,292
yolov8x_training,1141.331917,86,232.848,13370.3125,81,1095,10001,"[0, 100000]","[0, 100000]",0,0,5029,103076
yolov8x_training,1142.402848,83,237.646,13370.3125,95,2040,10001,"[0, 100000]","[0, 100000]",0,0,4443,20068
yolov8x_training,1143.446021,82,232.199,13370.3125,95,1095,10001,"[0, 100000]","[0, 100000]",0,0,2392,2294
yolov8x_training,1144.489130,86,239.691,13370.3125,100,1110,10001,"[0, 100000]","[0, 100000]",0,0,341,1039501
yolov8x_training,1145.531824,85,229.922,13370.3125,69,2190,10001,"[0, 100000]","[0, 100000]",0,0,4638,18554
yolov8x_training,1146.574925,87,237.195,13370.3125,24,2520,10001,"[0, 100000]","[0, 100000]",0,0,2832,5224
yolov8x_training,1147.618403,87,248.135,13370.3125,39,2370,10001,"[0, 100000]","[0, 100000]",0,0,341,1028613
yolov8x_training,1148.668345,83,249.703,13370.3125,95,1605,10001,"[0, 100000]","[0, 100000]",0,0,15087,33398
yolov8x_training,1149.711726,82,246.647,13370.3125,93,1065,10001,"[0, 100000]","[0, 100000]",0,0,3369,10644
yolov8x_training,1150.755269,86,234.083,13370.3125,100,1125,10001,"[0, 100000]","[0, 100000]",0,0,341,292
yolov8x_training,1151.808172,82,231.313,13370.3125,65,2280,10001,"[0, 100000]","[0, 100000]",0,0,15283,33642
yolov8x_training,1152.851362,84,240.073,13370.3125,12,1290,10001,"[0, 100000]","[0, 100000]",0,0,2929,11572
yolov8x_training,1153.894351,84,250.709,13370.3125,79,1200,10001,"[0, 100000]","[0, 100000]",0,0,341,292
yolov8x_training,1154.936928,87,247.204,13370.3125,94,2505,10001,"[0, 100000]","[0, 100000]",0,0,6591,102587
yolov8x_training,1155.991856,87,241.112,13370.3125,96,2115,10001,"[0, 100000]","[0, 100000]",0,0,3759,13281
yolov8x_training,1157.034975,83,255.334,13370.3125,100,1215,10001,"[0, 100000]","[0, 100000]",0,0,341,292
yolov8x_training,1158.107206,82,244.781,13370.3125,51,1050,10001,"[0, 100000]","[0, 100000]",0,0,15039,33154
yolov8x_training,1159.150729,86,234.517,13370.3125,67,1080,10001,"[0, 100000]","[0, 100000]",0,0,3125,10693
yolov8x_training,1160.193595,86,243.146,13370.3125,95,2010,10001,"[0, 100000]","[0, 100000]",0,0,292,341
yolov8x_training,1161.236235,82,238.076,13370.3125,95,2340,10001,"[0, 100000]","[0, 100000]",0,0,5322,104785
yolov8x_training,1162.305673,84,242.778,13370.3125,100,2505,10001,"[0, 100000]","[0, 100000]",0,0,4248,17822
yolov8x_training,1163.348657,87,248.326,13370.3125,86,1605,10001,"[0, 100000]","[0, 100000]",0,0,2392,60156
yolov8x_training,1164.391673,87,246.734,13370.3125,46,1695,10001,"[0, 100000]","[0, 100000]",0,0,292,1035498
yolov8x_training,1165.463123,87,244.370,13370.3125,13,1312,10001,"[0, 100000]","[0, 100000]",0,0,15136,34521
yolov8x_training,1166.506582,86,240.791,13370.3125,37,1140,10001,"[0, 100000]","[0, 100000]",0,0,3125,12597
yolov8x_training,1167.549607,86,247.548,13370.3125,73,1140,10001,"[0, 100000]","[0, 100000]",0,0,488,292
yolov8x_training,1168.592379,82,250.670,13370.3125,93,1035,10001,"[0, 100000]","[0, 100000]",0,0,90722,36669
yolov8x_training,1169.661077,82,241.221,13370.3125,95,1080,10001,"[0, 100000]","[0, 100000]",0,0,3662,16894
yolov8x_training,1170.704045,86,231.235,13370.3125,100,1185,10001,"[0, 100000]","[0, 100000]",0,0,1757,292
yolov8x_training,1171.746799,83,226.485,13370.3125,90,1995,10001,"[0, 100000]","[0, 100000]",0,0,14550,732958
yolov8x_training,1172.790272,82,237.315,13370.3125,24,1290,10001,"[0, 100000]","[0, 100000]",0,0,11816,32958
yolov8x_training,1173.833520,85,243.583,13370.3125,30,1920,10001,"[0, 100000]","[0, 100000]",0,0,2880,11523
yolov8x_training,1174.876560,85,246.606,13370.3125,67,1305,10001,"[0, 100000]","[0, 100000]",0,0,2148,341
yolov8x_training,1175.919297,87,246.164,13370.3125,95,1110,10001,"[0, 100000]","[0, 100000]",0,0,6640,103906
yolov8x_training,1176.978807,87,243.857,13370.3125,96,1770,10001,"[0, 100000]","[0, 100000]",0,0,3759,16259
yolov8x_training,1178.021892,86,233.693,13370.3125,100,1320,10001,"[0, 100000]","[0, 100000]",0,0,1855,292
yolov8x_training,1179.064756,83,245.030,13370.3125,76,1125,10001,"[0, 100000]","[0, 100000]",0,0,341,1032861
yolov8x_training,1180.134142,82,244.578,13370.3125,9,1050,10001,"[0, 100000]","[0, 100000]",0,0,15136,29589
yolov8x_training,1181.177437,83,238.343,13370.3125,61,1125,10001,"[0, 100000]","[0, 100000]",0,0,2587,8984
yolov8x_training,1182.220912,87,230.352,13370.3125,95,2025,10001,"[0, 100000]","[0, 100000]",0,0,341,292
yolov8x_training,1183.263597,82,232.070,13370.3125,94,2385,10001,"[0, 100000]","[0, 100000]",0,0,6298,103808
yolov8x_training,1184.321584,82,235.694,13370.3125,98,2505,10001,"[0, 100000]","[0, 100000]",0,0,4589,20361
yolov8x_training,1185.364597,86,243.500,13370.3125,100,1155,10001,"[0, 100000]","[0, 100000]",0,0,2099,2099
yolov8x_training,1186.407748,86,250.022,13370.3125,63,1680,10001,"[0, 100000]","[0, 100000]",0,0,341,1035791
yolov8x_training,1187.450468,87,248.457,13370.3125,9,2655,10001,"[0, 100000]","[0, 100000]",0,0,5517,26025
yolov8x_training,1188.493369,87,241.369,13370.3125,34,1155,10001,"[0, 100000]","[0, 100000]",0,0,2978,12597
yolov8x_training,1189.536574,86,247.163,13370.3125,72,1140,10001,"[0, 100000]","[0, 100000]",0,0,341,292
yolov8x_training,1190.579206,82,247.068,13370.3125,95,1035,10001,"[0, 100000]","[0, 100000]",0,0,90136,27832
yolov8x_training,1191.651878,82,245.497,13370.3125,94,1050,10001,"[0, 100000]","[0, 100000]",0,0,4443,18261
yolov8x_training,1192.694855,87,236.114,13370.3125,100,1290,10001,"[0, 100000]","[0, 100000]",0,0,6103,91162
yolov8x_training,1193.738980,83,225.210,13370.3125,81,1770,10001,"[0, 100000]","[0, 100000]",0,0,15966,688232
yolov8x_training,1194.782542,82,232.384,13370.3125,47,2580,10001,"[0, 100000]","[0, 100000]",0,0,15136,32275
yolov8x_training,1195.825414,84,238.766,13370.3125,27,2655,10001,"[0, 100000]","[0, 100000]",0,0,3662,15869
yolov8x_training,1196.868342,86,244.536,13370.3125,55,1155,10001,"[0, 100000]","[0, 100000]",0,0,2099,878
yolov8x_training,1197.911371,85,241.714,13370.3125,78,1680,10001,"[0, 100000]","[0, 100000]",0,0,341,1030175
yolov8x_training,1198.969860,87,239.804,13370.3125,96,2505,10001,"[0, 100000]","[0, 100000]",0,0,15429,34277
yolov8x_training,1200.012961,87,246.253,13370.3125,95,2505,10001,"[0, 100000]","[0, 100000]",0,0,3271,11425
yolov8x_training,1201.056012,86,252.751,13370.3125,100,1815,10001,"[0, 100000]","[0, 100000]",0,0,341,292
yolov8x_training,1202.098618,83,248.536,13370.3125,75,1050,10001,"[0, 100000]","[0, 100000]",0,0,5175,104687
yolov8x_training,1203.168445,82,243.252,13370.3125,10,1020,10001,"[0, 100000]","[0, 100000]",0,0,4199,17773
yolov8x_training,1204.211405,85,236.820,13370.3125,67,1155,10001,"[0, 100000]","[0, 100000]",0,0,19726,341
yolov8x_training,1205.254365,83,240.737,13370.3125,94,2325,10001,"[0, 100000]","[0, 100000]",0,0,90283,28076
yolov8x_training,1206.326053,82,233.867,13370.3125,94,2505,10001,"[0, 100000]","[0, 100000]",0,0,3515,27929
yolov8x_training,1207.369367,86,241.150,13370.3125,100,2505,10001,"[0, 100000]","[0, 100000]",0,0,2441,1513
yolov8x_training,1208.412808,87,250.634,13370.3125,90,1230,10001,"[0, 100000]","[0, 100000]",0,0,341,1037011
yolov8x_training,1209.456508,87,247.918,13370.3125,25,2655,10001,"[0, 100000]","[0, 100000]",0,0,15039,28222
yolov8x_training,1210.499435,87,244.367,13370.3125,23,2655,10001,"[0, 100000]","[0, 100000]",0,0,3222,12353
yolov8x_training,1211.542423,86,249.196,13370.3125,53,1395,10001,"[0, 100000]","[0, 100000]",0,0,341,292
yolov8x_training,1212.585344,84,241.315,13370.3125,94,1065,10001,"[0, 100000]","[0, 100000]",0,0,90673,37695
yolov8x_training,1213.651164,82,246.790,13370.3125,96,1035,10001,"[0, 100000]","[0, 100000]",0,0,3515,27539
yolov8x_training,1214.694689,85,239.310,13370.3125,100,1365,10001,"[0, 100000]","[0, 100000]",0,0,2050,927
yolov8x_training,1215.737696,84,234.819,13370.3125,85,2370,10001,"[0, 100000]","[0, 100000]",0,0,341,723291
yolov8x_training,1216.780261,82,234.520,13370.3125,54,1297,10001,"[0, 100000]","[0, 100000]",0,0,7080,27880
yolov8x_training,1217.823553,85,239.356,13370.3125,10,2580,10001,"[0, 100000]","[0, 100000]",0,0,3222,12939
yolov8x_training,1218.866838,87,251.871,13370.3125,63,1380,10001,"[0, 100000]","[0, 100000]",0,0,292,292
yolov8x_training,1219.909477,87,241.805,13370.3125,88,1140,10001,"[0, 100000]","[0, 100000]",0,0,341,1033740
yolov8x_training,1220.985286,87,238.538,13370.3125,94,2340,10001,"[0, 100000]","[0, 100000]",0,0,14990,27343
yolov8x_training,1222.028161,87,243.905,13370.3125,94,1350,10001,"[0, 100000]","[0, 100000]",0,0,3173,12109
yolov8x_training,1223.071593,86,243.107,13370.3125,100,1620,10001,"[0, 100000]","[0, 100000]",0,0,341,292
yolov8x_training,1224.114223,86,247.274,13370.3125,92,1050,10001,"[0, 100000]","[0, 100000]",0,0,6835,102636
yolov8x_training,1225.177951,82,244.581,13370.3125,16,1035,10001,"[0, 100000]","[0, 100000]",0,0,4980,15185
yolov8x_training,1226.220837,83,234.032,13370.3125,33,1155,10001,"[0, 100000]","[0, 100000]",0,0,2050,927
yolov8x_training,1227.264000,85,230.450,13370.3125,79,1995,10001,"[0, 100000]","[0, 100000]",0,0,341,1033300
yolov8x_training,1228.309873,82,230.276,13370.3125,95,2010,10001,"[0, 100000]","[0, 100000]",0,0,15478,32568
yolov8x_training,1229.353434,82,234.110,13370.3125,96,2505,10001,"[0, 100000]","[0, 100000]",0,0,3710,16455
yolov8x_training,1230.396489,84,239.551,13370.3125,100,1155,10001,"[0, 100000]","[0, 100000]",0,0,341,341
yolov8x_training,1231.439280,86,246.787,13370.3125,96,1725,10001,"[0, 100000]","[0, 100000]",0,0,89501,20800
yolov8x_training,1232.482799,87,248.639,13370.3125,40,2445,10001,"[0, 100000]","[0, 100000]",0,0,4248,19775
yolov8x_training,1233.526387,87,247.584,13370.3125,27,1095,10001,"[0, 100000]","[0, 100000]",0,0,2539,8593
yolov8x_training,1234.569380,86,253.421,13370.3125,65,1245,10001,"[0, 100000]","[0, 100000]",0,0,341,1034082
yolov8x_training,1235.612248,82,251.749,13370.3125,95,1020,10001,"[0, 100000]","[0, 100000]",0,0,7421,30224
yolov8x_training,1236.655682,82,238.753,13370.3125,100,1110,10001,"[0, 100000]","[0, 100000]",0,0,2880,12597
yolov8x_training,1237.698856,87,235.760,13370.3125,87,1815,10001,"[0, 100000]","[0, 100000]",0,0,341,292
yolov8x_training,1238.741605,82,227.637,13370.3125,55,1260,10001,"[0, 100000]","[0, 100000]",0,0,89843,24853
yolov8x_training,1239.816778,82,235.557,13370.3125,31,2550,10001,"[0, 100000]","[0, 100000]",0,0,3759,27636
yolov8x_training,1240.860117,86,241.398,13370.3125,14,1110,10001,"[0, 100000]","[0, 100000]",0,0,2099,878
yolov8x_training,1241.903045,87,247.888,13370.3125,75,1560,10001,"[0, 100000]","[0, 100000]",0,0,341,1035449
yolov8x_training,1242.955923,87,248.910,13370.3125,95,2505,10001,"[0, 100000]","[0, 100000]",0,0,15234,30322
yolov8x_training,1243.998806,87,240.933,13370.3125,95,1155,10001,"[0, 100000]","[0, 100000]",0,0,2929,12890
yolov8x_training,1245.041839,85,252.325,13370.3125,100,1260,10001,"[0, 100000]","[0, 100000]",0,0,341,292
yolov8x_training,1246.084629,83,247.048,13370.3125,80,1035,10001,"[0, 100000]","[0, 100000]",0,0,6738,103808
yolov8x_training,1247.149159,82,243.771,13370.3125,19,1050,10001,"[0, 100000]","[0, 100000]",0,0,5126,15283
yolov8x_training,1248.192268,84,237.395,13370.3125,68,1275,10001,"[0, 100000]","[0, 100000]",0,0,537,292
yolov8x_training,1249.234980,83,230.830,13370.3125,94,2430,10001,"[0, 100000]","[0, 100000]",0,0,90576,36425
yolov8x_training,1250.300571,82,238.373,13370.3125,100,1125,10001,"[0, 100000]","[0, 100000]",0,0,4589,20751
yolov8x_training,1251.343818,85,248.976,13370.3125,80,1125,10001,"[0, 100000]","[0, 100000]",0,0,14697,292
yolov8x_training,1252.387121,87,247.839,13370.3125,37,1080,10001,"[0, 100000]","[0, 100000]",0,0,6201,103662
yolov8x_training,1253.456241,87,244.918,13370.3125,35,960,10001,"[0, 100000]","[0, 100000]",0,0,3710,16748
yolov8x_training,1254.499525,85,231.488,13370.3125,71,1050,10001,"[0, 100000]","[0, 100000]",0,0,341,292
yolov8x_training,1255.542285,82,247.866,13370.3125,95,1035,10001,"[0, 100000]","[0, 100000]",0,0,4003,37988
yolov8x_training,1256.596803,86,240.935,13370.3125,100,2070,10001,"[0, 100000]","[0, 100000]",0,0,4833,20605
yolov8x_training,1257.639961,84,234.588,13370.3125,73,2580,10001,"[0, 100000]","[0, 100000]",0,0,2978,11669
yolov8x_training,1258.683015,82,222.060,13370.3125,90,1065,10001,"[0, 100000]","[0, 100000]",0,0,89355,21728
yolov8x_training,1259.726326,85,193.999,13370.3125,0,2370,10001,"[0, 100000]","[0, 100000]",0,0,2539,9033
yolov8x_training,1260.769724,82,210.413,13370.3125,78,1140,10001,"[0, 100000]","[0, 100000]",0,0,4101,27197
yolov8x_training,1261.812751,86,245.971,13370.3125,37,1740,10001,"[0, 100000]","[0, 100000]",0,0,2929,11572
yolov8x_training,1262.855916,85,243.541,13370.3125,69,1110,10001,"[0, 100000]","[0, 100000]",0,0,292,292
yolov8x_training,1263.922422,86,246.508,13370.3125,97,1035,10001,"[0, 100000]","[0, 100000]",0,0,15185,32910
yolov8x_training,1264.965729,86,233.661,13370.3125,47,1140,10001,"[0, 100000]","[0, 100000]",0,0,2978,10937
yolov8x_training,1266.008797,85,240.419,13370.3125,9,1050,10001,"[0, 100000]","[0, 100000]",0,0,341,292
yolov8x_training,1267.051681,82,245.743,13370.3125,47,1035,10001,"[0, 100000]","[0, 100000]",0,0,4785,104492
yolov8x_training,1268.122483,81,234.391,13370.3125,93,1290,10001,"[0, 100000]","[0, 100000]",0,0,3710,16650
yolov8x_training,1269.165811,87,240.536,13370.3125,100,2010,10001,"[0, 100000]","[0, 100000]",0,0,341,292
yolov8x_training,1270.208495,87,249.117,13370.3125,90,2610,10001,"[0, 100000]","[0, 100000]",0,0,89746,24316
yolov8x_training,1271.283616,81,239.957,13370.3125,63,1185,10001,"[0, 100000]","[0, 100000]",0,0,4443,18017
yolov8x_training,1272.326748,84,243.388,13370.3125,24,1260,10001,"[0, 100000]","[0, 100000]",0,0,2734,10791
yolov8x_training,1273.369972,87,243.134,13370.3125,24,1185,10001,"[0, 100000]","[0, 100000]",0,0,341,292
yolov8x_training,1274.446254,87,248.633,13370.3125,75,2100,10001,"[0, 100000]","[0, 100000]",0,0,15478,30712
yolov8x_training,1275.489651,87,227.117,13370.3125,95,1245,10001,"[0, 100000]","[0, 100000]",0,0,3271,13818
yolov8x_training,1276.532842,86,235.403,13370.3125,94,1470,10001,"[0, 100000]","[0, 100000]",0,0,488,292
yolov8x_training,1277.575665,84,238.904,13370.3125,100,1050,10001,"[0, 100000]","[0, 100000]",0,0,89550,21484
yolov8x_training,1278.618973,82,229.457,13370.3125,94,1050,10001,"[0, 100000]","[0, 100000]",0,0,5517,19726
yolov8x_training,1279.662228,82,230.817,13370.3125,57,1155,10001,"[0, 100000]","[0, 100000]",0,0,3125,11035
yolov8x_training,1280.705463,84,235.733,13370.3125,25,1935,10001,"[0, 100000]","[0, 100000]",0,0,341,292
yolov8x_training,1281.748114,84,239.183,13370.3125,36,2580,10001,"[0, 100000]","[0, 100000]",0,0,32617,38427
yolov8x_training,1282.814335,82,248.558,13370.3125,69,2415,10001,"[0, 100000]","[0, 100000]",0,0,3515,25195
yolov8x_training,1283.858065,84,246.294,13370.3125,94,1095,10001,"[0, 100000]","[0, 100000]",0,0,2539,95556
yolov8x_training,1284.901502,87,244.673,13370.3125,94,1695,10001,"[0, 100000]","[0, 100000]",0,0,341,292
yolov8x_training,1285.944363,85,217.545,13370.3125,88,1635,10001,"[0, 100000]","[0, 100000]",0,0,5078,19921
yolov8x_training,1286.987857,81,223.618,13370.3125,52,1200,10001,"[0, 100000]","[0, 100000]",0,0,341,292
yolov8x_training,1288.030850,86,192.827,13370.3125,15,2505,10001,"[0, 100000]","[0, 100000]",0,0,3906,24023
yolov8x_training,1289.074471,81,218.503,13370.3125,100,1125,10001,"[0, 100000]","[0, 100000]",0,0,341,292
yolov8x_training,1290.117558,86,204.178,13370.3125,13,1252,10001,"[0, 100000]","[0, 100000]",0,0,5078,79394
yolov8x_training,1291.161455,81,215.548,13370.3125,71,1050,10001,"[0, 100000]","[0, 100000]",0,0,3320,28222
yolov8x_training,1292.204376,81,226.827,13370.3125,94,1155,10001,"[0, 100000]","[0, 100000]",0,0,2490,8544
yolov8x_training,1293.247390,86,230.473,13370.3125,94,2130,10001,"[0, 100000]","[0, 100000]",0,0,341,292
yolov8x_training,1294.299658,82,246.048,13370.3125,100,1312,10001,"[0, 100000]","[0, 100000]",0,0,15039,31787
yolov8x_training,1295.343444,81,241.678,13370.3125,54,645,10001,"[0, 100000]","[0, 100000]",0,0,2685,8251
yolov8x_training,1296.386467,87,246.160,13370.3125,13,1155,10001,"[0, 100000]","[0, 100000]",0,0,292,292
yolov8x_training,1297.450242,86,239.102,13370.3125,57,1785,10001,"[0, 100000]","[0, 100000]",0,0,14990,28906
yolov8x_training,1298.493169,86,238.846,13370.3125,79,1155,10001,"[0, 100000]","[0, 100000]",0,0,3613,16845
yolov8x_training,1299.536368,86,234.381,13370.3125,95,1155,10001,"[0, 100000]","[0, 100000]",0,0,341,292
yolov8x_training,1300.579031,83,240.478,13370.3125,100,1065,10001,"[0, 100000]","[0, 100000]",0,0,6054,101806
yolov8x_training,1301.647709,81,237.462,13370.3125,88,1170,10001,"[0, 100000]","[0, 100000]",0,0,3564,16357
yolov8x_training,1302.690746,82,231.696,13370.3125,48,1770,10001,"[0, 100000]","[0, 100000]",0,0,1123,292
yolov8x_training,1303.733943,87,238.060,13370.3125,15,1230,10001,"[0, 100000]","[0, 100000]",0,0,89697,23583
yolov8x_training,1304.809168,82,248.171,13370.3125,65,2385,10001,"[0, 100000]","[0, 100000]",0,0,4785,24853
yolov8x_training,1305.852212,81,240.287,13370.3125,92,1170,10001,"[0, 100000]","[0, 100000]",0,0,3125,10253
yolov8x_training,1306.895752,84,242.309,13370.3125,94,1410,10001,"[0, 100000]","[0, 100000]",0,0,341,292
yolov8x_training,1307.964527,85,242.371,13370.3125,93,2640,10001,"[0, 100000]","[0, 100000]",0,0,15527,35009
yolov8x_training,1309.007733,86,231.830,13370.3125,100,1110,10001,"[0, 100000]","[0, 100000]",0,0,3222,13427
yolov8x_training,1310.050872,87,243.647,13370.3125,62,1710,10001,"[0, 100000]","[0, 100000]",0,0,927,292
yolov8x_training,1311.093574,85,244.079,13370.3125,35,1725,10001,"[0, 100000]","[0, 100000]",0,0,3173,39306
yolov8x_training,1312.158008,82,231.134,13370.3125,74,1080,10001,"[0, 100000]","[0, 100000]",0,0,4541,20605
yolov8x_training,1313.201051,81,235.522,13370.3125,95,1725,10001,"[0, 100000]","[0, 100000]",0,0,15869,292
yolov8x_training,1314.244163,86,240.077,13370.3125,100,2535,10001,"[0, 100000]","[0, 100000]",0,0,6787,102148
yolov8x_training,1315.308494,82,249.058,13370.3125,75,2385,10001,"[0, 100000]","[0, 100000]",0,0,5371,14648
yolov8x_training,1316.352130,86,247.407,13370.3125,24,1170,10001,"[0, 100000]","[0, 100000]",0,0,341,292
yolov8x_training,1317.394797,85,246.578,13370.3125,44,1050,10001,"[0, 100000]","[0, 100000]",0,0,3417,37109
yolov8x_training,1318.453460,87,231.655,13370.3125,94,577,10001,"[0, 100000]","[0, 100000]",0,0,4296,17919
yolov8x_training,1319.496729,86,245.782,13370.3125,92,1020,10001,"[0, 100000]","[0, 100000]",0,0,16601,292
yolov8x_training,1320.539661,83,242.507,13370.3125,100,1065,10001,"[0, 100000]","[0, 100000]",0,0,4052,35742
yolov8x_training,1321.598115,82,229.922,13370.3125,66,1380,10001,"[0, 100000]","[0, 100000]",0,0,3613,34765
yolov8x_training,1322.641400,84,244.486,13370.3125,31,2280,10001,"[0, 100000]","[0, 100000]",0,0,2978,3955
yolov8x_training,1323.684803,84,239.426,13370.3125,41,1252,10001,"[0, 100000]","[0, 100000]",0,0,292,292
yolov8x_training,1324.727408,86,244.650,13370.3125,61,1860,10001,"[0, 100000]","[0, 100000]",0,0,5371,102392
yolov8x_training,1325.794645,82,249.165,13370.3125,95,1335,10001,"[0, 100000]","[0, 100000]",0,0,3613,16943
yolov8x_training,1326.837801,85,242.094,13370.3125,95,1530,10001,"[0, 100000]","[0, 100000]",0,0,1513,292
yolov8x_training,1327.880683,87,244.407,13370.3125,95,1050,10001,"[0, 100000]","[0, 100000]",0,0,341,1038720
yolov8x_training,1328.930209,86,236.478,13370.3125,100,1050,10001,"[0, 100000]","[0, 100000]",0,0,15332,34765
yolov8x_training,1329.973467,86,228.322,13370.3125,76,1095,10001,"[0, 100000]","[0, 100000]",0,0,2783,12500
yolov8x_training,1331.016547,86,234.398,13370.3125,32,1050,10001,"[0, 100000]","[0, 100000]",0,0,2294,292
yolov8x_training,1332.059286,84,236.474,13370.3125,8,1065,10001,"[0, 100000]","[0, 100000]",0,0,3515,35498
yolov8x_training,1333.119126,82,235.548,13370.3125,62,1185,10001,"[0, 100000]","[0, 100000]",0,0,3271,28369
yolov8x_training,1334.162163,81,235.557,13370.3125,96,1230,10001,"[0, 100000]","[0, 100000]",0,0,2587,3320
yolov8x_training,1335.205206,86,235.781,13370.3125,97,2580,10001,"[0, 100000]","[0, 100000]",0,0,292,292
yolov8x_training,1336.277628,82,247.421,13370.3125,100,2655,10001,"[0, 100000]","[0, 100000]",0,0,15380,29003
yolov8x_training,1337.320856,82,239.738,13370.3125,55,1710,10001,"[0, 100000]","[0, 100000]",0,0,2734,11767
yolov8x_training,1338.363963,87,248.792,13370.3125,11,1095,10001,"[0, 100000]","[0, 100000]",0,0,341,292
yolov8x_training,1339.406608,84,238.039,13370.3125,44,1035,10001,"[0, 100000]","[0, 100000]",0,0,6591,103759
yolov8x_training,1340.473338,87,230.462,13370.3125,75,1800,10001,"[0, 100000]","[0, 100000]",0,0,3564,16699
yolov8x_training,1341.516522,86,234.442,13370.3125,95,1080,10001,"[0, 100000]","[0, 100000]",0,0,488,292
yolov8x_training,1342.559536,83,240.304,13370.3125,100,1125,10001,"[0, 100000]","[0, 100000]",0,0,3955,35302
yolov8x_training,1343.616478,82,235.091,13370.3125,76,1425,10001,"[0, 100000]","[0, 100000]",0,0,3466,16210
yolov8x_training,1344.659542,86,237.382,13370.3125,23,2535,10001,"[0, 100000]","[0, 100000]",0,0,341,292
yolov8x_training,1345.702149,86,245.905,13370.3125,39,2505,10001,"[0, 100000]","[0, 100000]",0,0,2832,39892
yolov8x_training,1346.764131,86,252.167,13370.3125,94,1755,10001,"[0, 100000]","[0, 100000]",0,0,4785,20312
yolov8x_training,1347.807235,86,245.839,13370.3125,95,1095,10001,"[0, 100000]","[0, 100000]",0,0,2636,4394
yolov8x_training,1348.850379,86,236.928,13370.3125,100,1050,10001,"[0, 100000]","[0, 100000]",0,0,292,292
yolov8x_training,1349.906361,86,228.244,13370.3125,100,1125,10001,"[0, 100000]","[0, 100000]",0,0,15283,33056
yolov8x_training,1350.949267,82,228.432,13370.3125,74,1245,10001,"[0, 100000]","[0, 100000]",0,0,3564,14892
yolov8x_training,1351.992824,82,236.095,13370.3125,22,1125,10001,"[0, 100000]","[0, 100000]",0,0,341,292
yolov8x_training,1353.035774,84,243.631,13370.3125,53,1035,10001,"[0, 100000]","[0, 100000]",0,0,89453,20996
yolov8x_training,1354.103836,86,230.736,13370.3125,63,1185,10001,"[0, 100000]","[0, 100000]",0,0,14990,30468
yolov8x_training,1355.147014,85,223.252,13370.3125,70,1830,10001,"[0, 100000]","[0, 100000]",0,0,3369,13916
yolov8x_training,1356.190183,86,225.499,13370.3125,94,2280,10001,"[0, 100000]","[0, 100000]",0,0,1464,341
yolov8x_training,1357.233042,87,234.047,13370.3125,95,2280,10001,"[0, 100000]","[0, 100000]",0,0,341,1028808
yolov8x_training,1358.301936,83,239.444,13370.3125,100,2640,10001,"[0, 100000]","[0, 100000]",0,0,15673,34326
yolov8x_training,1359.345177,86,244.944,13370.3125,100,1140,10001,"[0, 100000]","[0, 100000]",0,0,3076,13232
yolov8x_training,1360.388305,86,245.564,13370.3125,53,1470,10001,"[0, 100000]","[0, 100000]",0,0,1708,341
yolov8x_training,1361.430940,87,243.912,13370.3125,25,1200,10001,"[0, 100000]","[0, 100000]",0,0,3320,36523
yolov8x_training,1362.493703,87,245.443,13370.3125,33,1515,10001,"[0, 100000]","[0, 100000]",0,0,4199,22607
yolov8x_training,1363.536562,86,235.230,13370.3125,70,1065,10001,"[0, 100000]","[0, 100000]",0,0,2734,6591
yolov8x_training,1364.579590,83,237.965,13370.3125,95,1485,10001,"[0, 100000]","[0, 100000]",0,0,341,292
yolov8x_training,1365.622264,81,244.587,13370.3125,94,1050,10001,"[0, 100000]","[0, 100000]",0,0,6250,100634
yolov8x_training,1366.679041,83,232.463,13370.3125,100,1050,10001,"[0, 100000]","[0, 100000]",0,0,3613,14990
yolov8x_training,1367.721878,86,230.515,13370.3125,90,1695,10001,"[0, 100000]","[0, 100000]",0,0,292,292
yolov8x_training,1368.764656,81,221.591,13370.3125,100,1680,10001,"[0, 100000]","[0, 100000]",0,0,6738,91796
yolov8x_training,1369.831599,81,229.405,13370.3125,36,1380,10001,"[0, 100000]","[0, 100000]",0,0,14208,29882
yolov8x_training,1370.874884,86,216.952,13370.3125,0,1725,10001,"[0, 100000]","[0, 100000]",0,0,292,292
yolov8x_training,1371.917742,81,200.158,13370.3125,87,2295,10001,"[0, 100000]","[0, 100000]",0,0,4052,31005
yolov8x_training,1372.960952,86,217.320,13370.3125,23,2520,10001,"[0, 100000]","[0, 100000]",0,0,292,1030078
yolov8x_training,1374.003865,84,219.573,13370.3125,95,1815,10001,"[0, 100000]","[0, 100000]",0,0,292,292
yolov8x_training,1375.046665,84,202.710,13370.3125,39,2505,10001,"[0, 100000]","[0, 100000]",0,0,4003,22949
yolov8x_training,1376.089924,80,219.262,13370.3125,98,1050,10001,"[0, 100000]","[0, 100000]",0,0,341,292
yolov8x_training,1377.132704,86,204.946,13370.3125,1,2655,10001,"[0, 100000]","[0, 100000]",0,0,2978,11572
yolov8x_training,1378.175947,86,222.944,13370.3125,73,2295,10001,"[0, 100000]","[0, 100000]",0,0,3271,11328
yolov8x_training,1379.219442,85,233.670,13370.3125,67,1200,10001,"[0, 100000]","[0, 100000]",0,0,2636,7226
yolov8x_training,1380.262886,82,225.461,13370.3125,93,2355,10001,"[0, 100000]","[0, 100000]",0,0,341,341
yolov8x_training,1381.305543,83,236.065,13370.3125,99,2565,10001,"[0, 100000]","[0, 100000]",0,0,5175,20800
yolov8x_training,1382.348799,86,244.119,13370.3125,100,1545,10001,"[0, 100000]","[0, 100000]",0,0,3222,11279
yolov8x_training,1383.391242,86,250.462,13370.3125,46,1185,10001,"[0, 100000]","[0, 100000]",0,0,2734,3173
yolov8x_training,1384.434617,83,208.231,13370.3125,87,2655,10001,"[0, 100000]","[0, 100000]",0,0,6982,89501
yolov8x_training,1385.499514,85,221.361,13370.3125,33,1140,10001,"[0, 100000]","[0, 100000]",0,0,292,292
yolov8x_training,1386.542323,86,204.343,13370.3125,29,2505,10001,"[0, 100000]","[0, 100000]",0,0,6250,26123
yolov8x_training,1387.585724,80,218.467,13370.3125,100,1050,10001,"[0, 100000]","[0, 100000]",0,0,292,292
yolov8x_training,1388.628466,86,197.505,13370.3125,12,2505,10001,"[0, 100000]","[0, 100000]",0,0,3125,13281
yolov8x_training,1389.671683,81,216.414,13370.3125,100,1110,10001,"[0, 100000]","[0, 100000]",0,0,88623,15576
yolov8x_training,1390.714650,85,200.671,13370.3125,20,2505,10001,"[0, 100000]","[0, 100000]",0,0,13378,13916
yolov8x_training,1391.758159,80,212.229,13370.3125,97,1395,10001,"[0, 100000]","[0, 100000]",0,0,5224,18212
yolov8x_training,1392.801438,86,246.282,13370.3125,95,1050,10001,"[0, 100000]","[0, 100000]",0,0,878,292
yolov8x_training,1393.844156,85,232.966,13370.3125,100,1215,10001,"[0, 100000]","[0, 100000]",0,0,3662,36083
yolov8x_training,1394.901841,81,234.011,13370.3125,59,2355,10001,"[0, 100000]","[0, 100000]",0,0,6835,101171
yolov8x_training,1395.968927,82,217.770,13370.3125,100,1125,10001,"[0, 100000]","[0, 100000]",0,0,2734,10107
yolov8x_training,1397.012454,81,247.740,13370.3125,39,1065,10001,"[0, 100000]","[0, 100000]",0,0,341,1033007
yolov8x_training,1398.066744,85,229.830,13370.3125,50,1170,10001,"[0, 100000]","[0, 100000]",0,0,15283,35644
yolov8x_training,1399.109993,86,232.763,13370.3125,89,2430,10001,"[0, 100000]","[0, 100000]",0,0,3125,11376
yolov8x_training,1400.153545,86,239.202,13370.3125,95,2295,10001,"[0, 100000]","[0, 100000]",0,0,341,292
yolov8x_training,1401.196130,85,246.857,13370.3125,97,1290,10001,"[0, 100000]","[0, 100000]",0,0,6396,100976
yolov8x_training,1402.265239,86,246.364,13370.3125,35,1050,10001,"[0, 100000]","[0, 100000]",0,0,3271,14794
yolov8x_training,1403.308220,86,244.644,13370.3125,17,1080,10001,"[0, 100000]","[0, 100000]",0,0,341,292
yolov8x_training,1404.350816,85,237.535,13370.3125,54,1080,10001,"[0, 100000]","[0, 100000]",0,0,90039,27148
yolov8x_training,1405.424463,84,231.652,13370.3125,84,1215,10001,"[0, 100000]","[0, 100000]",0,0,4931,19384
yolov8x_training,1406.467877,81,234.479,13370.3125,96,1035,10001,"[0, 100000]","[0, 100000]",0,0,1367,292
yolov8x_training,1407.509880,86,241.368,13370.3125,100,1215,10001,"[0, 100000]","[0, 100000]",0,0,89208,20214
yolov8x_training,1408.553135,85,251.585,13370.3125,61,2280,10001,"[0, 100000]","[0, 100000]",0,0,3710,28710
yolov8x_training,1409.596871,86,236.334,13370.3125,23,2295,10001,"[0, 100000]","[0, 100000]",0,0,2441,2587
yolov8x_training,1410.640297,86,240.258,13370.3125,33,1140,10001,"[0, 100000]","[0, 100000]",0,0,341,1034326
yolov8x_training,1411.686617,83,252.982,13370.3125,95,1140,10001,"[0, 100000]","[0, 100000]",0,0,15429,33349
yolov8x_training,1412.729927,81,243.009,13370.3125,94,1035,10001,"[0, 100000]","[0, 100000]",0,0,2783,10839
yolov8x_training,1413.772945,85,228.568,13370.3125,100,1140,10001,"[0, 100000]","[0, 100000]",0,0,341,292
yolov8x_training,1414.843635,82,231.151,13370.3125,74,2340,10001,"[0, 100000]","[0, 100000]",0,0,15478,34619
yolov8x_training,1415.886715,82,234.303,13370.3125,31,1755,10001,"[0, 100000]","[0, 100000]",0,0,3271,11816
yolov8x_training,1416.929879,87,242.406,13370.3125,45,1320,10001,"[0, 100000]","[0, 100000]",0,0,341,292
yolov8x_training,1417.972496,83,244.363,13370.3125,78,1192,10001,"[0, 100000]","[0, 100000]",0,0,6445,102636
yolov8x_training,1419.038125,87,245.477,13370.3125,95,1890,10001,"[0, 100000]","[0, 100000]",0,0,4687,15087
yolov8x_training,1420.081647,85,250.680,13370.3125,100,1215,10001,"[0, 100000]","[0, 100000]",0,0,5468,292
yolov8x_training,1421.124418,83,199.643,13370.3125,88,2565,10001,"[0, 100000]","[0, 100000]",0,0,3808,29736
yolov8x_training,1422.168001,82,195.479,13370.3125,100,1725,10001,"[0, 100000]","[0, 100000]",0,0,341,292
yolov8x_training,1423.210850,83,216.699,13370.3125,0,1275,10001,"[0, 100000]","[0, 100000]",0,0,5419,18505
yolov8x_training,1424.254478,86,188.264,13370.3125,88,2655,10001,"[0, 100000]","[0, 100000]",0,0,341,292
yolov8x_training,1425.297377,83,226.965,13370.3125,46,1110,10001,"[0, 100000]","[0, 100000]",0,0,4980,15820
yolov8x_training,1426.341011,80,232.198,13370.3125,83,1455,10001,"[0, 100000]","[0, 100000]",0,0,3759,30908
yolov8x_training,1427.384418,85,209.739,13370.3125,37,2310,10001,"[0, 100000]","[0, 100000]",0,0,292,292
yolov8x_training,1428.427309,80,202.229,13370.3125,95,1980,10001,"[0, 100000]","[0, 100000]",0,0,2978,10595
yolov8x_training,1429.471216,86,209.816,13370.3125,21,2505,10001,"[0, 100000]","[0, 100000]",0,0,5371,92089
yolov8x_training,1430.541587,80,200.300,13370.3125,100,1065,10001,"[0, 100000]","[0, 100000]",0,0,341,292
yolov8x_training,1431.584415,85,187.959,13370.3125,6,2505,10001,"[0, 100000]","[0, 100000]",0,0,11962,31445
yolov8x_training,1432.627563,80,216.963,13370.3125,93,1095,10001,"[0, 100000]","[0, 100000]",0,0,5078,22607
yolov8x_training,1433.670907,85,232.697,13370.3125,100,1905,10001,"[0, 100000]","[0, 100000]",0,0,3173,3808
yolov8x_training,1434.713650,86,235.389,13370.3125,45,2505,10001,"[0, 100000]","[0, 100000]",0,0,89062,18750
yolov8x_training,1435.756769,85,239.420,13370.3125,44,1140,10001,"[0, 100000]","[0, 100000]",0,0,5322,19824
yolov8x_training,1436.799752,85,249.873,13370.3125,85,1065,10001,"[0, 100000]","[0, 100000]",0,0,2734,11523
yolov8x_training,1437.843297,86,245.234,13370.3125,93,1065,10001,"[0, 100000]","[0, 100000]",0,0,341,341
yolov8x_training,1438.885882,84,231.236,13370.3125,100,1740,10001,"[0, 100000]","[0, 100000]",0,0,7031,27392
yolov8x_training,1439.929240,81,227.069,13370.3125,76,2325,10001,"[0, 100000]","[0, 100000]",0,0,3271,10839
yolov8x_training,1440.972169,81,234.949,13370.3125,14,1200,10001,"[0, 100000]","[0, 100000]",0,0,292,292
yolov8x_training,1442.036363,85,243.868,13370.3125,59,2340,10001,"[0, 100000]","[0, 100000]",0,0,15185,34716
yolov8x_training,1443.079760,86,233.310,13370.3125,93,2640,10001,"[0, 100000]","[0, 100000]",0,0,2734,11962
yolov8x_training,1444.122658,86,244.811,13370.3125,94,1290,10001,"[0, 100000]","[0, 100000]",0,0,341,292
yolov8x_training,1445.166942,83,249.581,13370.3125,100,1170,10001,"[0, 100000]","[0, 100000]",0,0,15087,33886
yolov8x_training,1446.210110,81,246.438,13370.3125,21,1050,10001,"[0, 100000]","[0, 100000]",0,0,3027,12890
yolov8x_training,1447.253193,84,235.650,13370.3125,65,1230,10001,"[0, 100000]","[0, 100000]",0,0,341,292
yolov8x_training,1448.295762,83,224.949,13370.3125,94,2250,10001,"[0, 100000]","[0, 100000]",0,0,3662,36816
yolov8x_training,1449.351996,81,249.917,13370.3125,95,2400,10001,"[0, 100000]","[0, 100000]",0,0,3320,25732
yolov8x_training,1450.395726,86,244.347,13370.3125,100,1275,10001,"[0, 100000]","[0, 100000]",0,0,16357,292
yolov8x_training,1451.438621,86,251.830,13370.3125,40,1140,10001,"[0, 100000]","[0, 100000]",0,0,5908,102929
yolov8x_training,1452.509656,86,247.219,13370.3125,23,1215,10001,"[0, 100000]","[0, 100000]",0,0,3417,14941
yolov8x_training,1453.552724,85,236.234,13370.3125,63,1995,10001,"[0, 100000]","[0, 100000]",0,0,341,292
yolov8x_training,1454.595445,82,246.812,13370.3125,95,1110,10001,"[0, 100000]","[0, 100000]",0,0,89648,21484
yolov8x_training,1455.638803,81,241.992,13370.3125,94,1050,10001,"[0, 100000]","[0, 100000]",0,0,341,1033544
yolov8x_training,1456.681858,86,194.440,13370.3125,4,2505,10001,"[0, 100000]","[0, 100000]",0,0,2148,2441
yolov8x_training,1457.724846,81,218.449,13370.3125,100,1755,10001,"[0, 100000]","[0, 100000]",0,0,1220,341
yolov8x_training,1458.779376,81,220.700,13370.3125,93,1050,10001,"[0, 100000]","[0, 100000]",0,0,13964,31347
yolov8x_training,1459.822532,85,204.570,13370.3125,0,2505,10001,"[0, 100000]","[0, 100000]",0,0,341,341
yolov8x_training,1460.865016,80,210.118,13370.3125,94,1110,10001,"[0, 100000]","[0, 100000]",0,0,3417,14453
yolov8x_training,1461.907757,85,203.870,13370.3125,0,2505,10001,"[0, 100000]","[0, 100000]",0,0,341,244
yolov8x_training,1462.950467,81,215.040,13370.3125,88,1245,10001,"[0, 100000]","[0, 100000]",0,0,2636,6494
yolov8x_training,1463.994620,84,222.440,13370.3125,17,2655,10001,"[0, 100000]","[0, 100000]",0,0,292,292
yolov8x_training,1465.037509,81,204.496,13370.3125,36,1830,10001,"[0, 100000]","[0, 100000]",0,0,2539,8789
yolov8x_training,1466.080612,84,227.770,13370.3125,100,1560,10001,"[0, 100000]","[0, 100000]",0,0,2783,12011
yolov8x_training,1467.124072,80,204.921,13370.3125,88,1125,10001,"[0, 100000]","[0, 100000]",0,0,89355,21777
yolov8x_training,1468.167444,85,203.507,13370.3125,0,2655,10001,"[0, 100000]","[0, 100000]",0,0,8203,74462
yolov8x_training,1469.212871,80,209.499,13370.3125,39,1050,10001,"[0, 100000]","[0, 100000]",0,0,6494,90380
yolov8x_training,1470.281017,85,198.602,13370.3125,44,2655,10001,"[0, 100000]","[0, 100000]",0,0,292,292
yolov8x_training,1471.324162,85,221.364,13370.3125,15,1110,10001,"[0, 100000]","[0, 100000]",0,0,292,292
yolov8x_training,1472.383752,85,229.549,13370.3125,94,1260,10001,"[0, 100000]","[0, 100000]",0,0,15332,35644
yolov8x_training,1473.426785,81,246.878,13370.3125,100,2655,10001,"[0, 100000]","[0, 100000]",0,0,2783,12158
yolov8x_training,1474.470085,82,250.602,13370.3125,46,2655,10001,"[0, 100000]","[0, 100000]",0,0,390,341
yolov8x_training,1475.512248,85,245.178,13370.3125,10,2385,10001,"[0, 100000]","[0, 100000]",0,0,7226,102392
yolov8x_training,1476.576553,85,243.743,13370.3125,54,2640,10001,"[0, 100000]","[0, 100000]",0,0,4736,13232
yolov8x_training,1477.619441,86,233.818,13370.3125,95,2505,10001,"[0, 100000]","[0, 100000]",0,0,3417,11572
yolov8x_training,1478.663189,80,212.698,13370.3125,41,1095,10001,"[0, 100000]","[0, 100000]",0,0,90234,29687
yolov8x_training,1479.733672,86,198.480,13370.3125,83,2655,10001,"[0, 100000]","[0, 100000]",0,0,341,341
yolov8x_training,1480.776667,82,216.645,13370.3125,61,1200,10001,"[0, 100000]","[0, 100000]",0,0,5517,22119
yolov8x_training,1481.820287,84,202.625,13370.3125,56,2580,10001,"[0, 100000]","[0, 100000]",0,0,292,292
yolov8x_training,1482.863057,80,217.329,13370.3125,58,1080,10001,"[0, 100000]","[0, 100000]",0,0,3466,14990
yolov8x_training,1483.906707,81,212.174,13370.3125,32,2565,10001,"[0, 100000]","[0, 100000]",0,0,4199,15820
yolov8x_training,1484.949855,80,249.078,13370.3125,71,1350,10001,"[0, 100000]","[0, 100000]",0,0,341,292
yolov8x_training,1485.992582,85,246.291,13370.3125,94,2505,10001,"[0, 100000]","[0, 100000]",0,0,6591,101757
yolov8x_training,1487.051009,85,237.769,13370.3125,100,2655,10001,"[0, 100000]","[0, 100000]",0,0,5712,15673
yolov8x_training,1488.094678,86,248.121,13370.3125,78,1380,10001,"[0, 100000]","[0, 100000]",0,0,341,292
yolov8x_training,1489.137326,84,240.293,13370.3125,28,1170,10001,"[0, 100000]","[0, 100000]",0,0,89355,20996
yolov8x_training,1490.180448,81,233.015,13370.3125,79,1035,10001,"[0, 100000]","[0, 100000]",0,0,4003,29101
yolov8x_training,1491.224295,80,232.071,13370.3125,94,1170,10001,"[0, 100000]","[0, 100000]",0,0,2685,4443
yolov8x_training,1492.267579,83,234.704,13370.3125,97,2250,10001,"[0, 100000]","[0, 100000]",0,0,341,1030615
yolov8x_training,1493.316273,81,241.185,13370.3125,97,1305,10001,"[0, 100000]","[0, 100000]",0,0,15380,30810
yolov8x_training,1494.359191,80,251.154,13370.3125,50,1170,10001,"[0, 100000]","[0, 100000]",0,0,2880,11230
yolov8x_training,1495.402774,86,243.726,13370.3125,13,1380,10001,"[0, 100000]","[0, 100000]",0,0,341,292
yolov8x_training,1496.445405,85,237.902,13370.3125,51,1110,10001,"[0, 100000]","[0, 100000]",0,0,6494,102734
yolov8x_training,1497.504843,86,230.675,13370.3125,95,1500,10001,"[0, 100000]","[0, 100000]",0,0,5615,20166
yolov8x_training,1498.548505,80,220.203,13370.3125,4,1080,10001,"[0, 100000]","[0, 100000]",0,0,88867,18212
yolov8x_training,1499.592541,83,238.937,13370.3125,35,2355,10001,"[0, 100000]","[0, 100000]",0,0,4296,25585
yolov8x_training,1500.635742,80,216.854,13370.3125,36,1065,10001,"[0, 100000]","[0, 100000]",0,0,292,1034082
yolov8x_training,1501.678605,85,195.124,13370.3125,69,2505,10001,"[0, 100000]","[0, 100000]",0,0,2832,11962
yolov8x_training,1502.721890,80,218.757,13370.3125,73,1170,10001,"[0, 100000]","[0, 100000]",0,0,90234,29882
yolov8x_training,1503.789781,85,201.082,13370.3125,22,2580,10001,"[0, 100000]","[0, 100000]",0,0,341,244
yolov8x_training,1504.833500,80,223.682,13370.3125,100,1485,10001,"[0, 100000]","[0, 100000]",0,0,14208,36181
yolov8x_training,1505.876937,85,206.150,13370.3125,7,2010,10001,"[0, 100000]","[0, 100000]",0,0,292,292
yolov8x_training,1506.920197,80,206.772,13370.3125,87,1725,10001,"[0, 100000]","[0, 100000]",0,0,4882,26611
yolov8x_training,1507.963383,85,203.478,13370.3125,0,1230,10001,"[0, 100000]","[0, 100000]",0,0,5419,18701
yolov8x_training,1509.006425,84,235.156,13370.3125,43,1125,10001,"[0, 100000]","[0, 100000]",0,0,2734,3662
yolov8x_training,1510.049754,81,247.215,13370.3125,25,1065,10001,"[0, 100000]","[0, 100000]",0,0,341,341
yolov8x_training,1511.092289,80,236.394,13370.3125,66,1980,10001,"[0, 100000]","[0, 100000]",0,0,4736,19824
yolov8x_training,1512.135369,86,238.947,13370.3125,95,2400,10001,"[0, 100000]","[0, 100000]",0,0,2929,12304
yolov8x_training,1513.178766,83,247.978,13370.3125,96,2505,10001,"[0, 100000]","[0, 100000]",0,0,292,292
yolov8x_training,1514.228552,85,251.725,13370.3125,23,1170,10001,"[0, 100000]","[0, 100000]",0,0,15136,35498
yolov8x_training,1515.271491,84,244.485,13370.3125,43,1095,10001,"[0, 100000]","[0, 100000]",0,0,3027,10058
yolov8x_training,1516.314756,86,227.042,13370.3125,95,1170,10001,"[0, 100000]","[0, 100000]",0,0,341,292
yolov8x_training,1517.372059,85,247.990,13370.3125,94,2100,10001,"[0, 100000]","[0, 100000]",0,0,15283,34228
yolov8x_training,1518.415125,82,244.289,13370.3125,100,1297,10001,"[0, 100000]","[0, 100000]",0,0,2880,12207
yolov8x_training,1519.458237,81,250.226,13370.3125,60,1620,10001,"[0, 100000]","[0, 100000]",0,0,341,292
yolov8x_training,1520.524004,86,246.453,13370.3125,13,2610,10001,"[0, 100000]","[0, 100000]",0,0,15380,35742
yolov8x_training,1521.567311,86,231.672,13370.3125,74,2625,10001,"[0, 100000]","[0, 100000]",0,0,3027,10009
yolov8x_training,1522.610649,86,249.243,13370.3125,94,1215,10001,"[0, 100000]","[0, 100000]",0,0,341,292
yolov8x_training,1523.670696,84,239.393,13370.3125,100,1050,10001,"[0, 100000]","[0, 100000]",0,0,15185,33886
yolov8x_training,1524.713613,81,233.063,13370.3125,100,1095,10001,"[0, 100000]","[0, 100000]",0,0,3027,11718
yolov8x_training,1525.756832,81,234.755,13370.3125,52,2100,10001,"[0, 100000]","[0, 100000]",0,0,341,292
yolov8x_training,1526.799431,82,239.759,13370.3125,36,2505,10001,"[0, 100000]","[0, 100000]",0,0,6933,102148
yolov8x_training,1527.865670,81,247.846,13370.3125,63,1200,10001,"[0, 100000]","[0, 100000]",0,0,3417,14550
yolov8x_training,1528.908958,84,245.235,13370.3125,93,1425,10001,"[0, 100000]","[0, 100000]",0,0,14550,292
yolov8x_training,1529.952080,85,242.405,13370.3125,94,1155,10001,"[0, 100000]","[0, 100000]",0,0,6298,102246
yolov8x_training,1531.019871,86,233.886,13370.3125,100,1170,10001,"[0, 100000]","[0, 100000]",0,0,3613,15966
yolov8x_training,1532.063043,86,229.751,13370.3125,53,1350,10001,"[0, 100000]","[0, 100000]",0,0,683,292
yolov8x_training,1533.105828,84,240.641,13370.3125,21,1080,10001,"[0, 100000]","[0, 100000]",0,0,3222,37109
yolov8x_training,1534.164731,81,231.249,13370.3125,51,1185,10001,"[0, 100000]","[0, 100000]",0,0,3222,24609
yolov8x_training,1535.207817,81,230.929,13370.3125,95,1245,10001,"[0, 100000]","[0, 100000]",0,0,6933,77099
yolov8x_training,1536.250714,86,243.696,13370.3125,100,1290,10001,"[0, 100000]","[0, 100000]",0,0,89160,17089
yolov8x_training,1537.294125,81,248.871,13370.3125,77,1410,10001,"[0, 100000]","[0, 100000]",0,0,5664,29589
yolov8x_training,1538.337312,81,245.570,13370.3125,38,1260,10001,"[0, 100000]","[0, 100000]",0,0,4345,18994
yolov8x_training,1539.380742,86,201.594,13370.3125,74,2220,10001,"[0, 100000]","[0, 100000]",0,0,341,292
yolov8x_training,1540.423634,81,203.192,13370.3125,100,1515,10001,"[0, 100000]","[0, 100000]",0,0,4052,33300
yolov8x_training,1541.467672,86,217.668,13370.3125,3,1470,10001,"[0, 100000]","[0, 100000]",0,0,292,292
yolov8x_training,1542.510418,83,201.243,13370.3125,100,1500,10001,"[0, 100000]","[0, 100000]",0,0,3076,12792
yolov8x_training,1543.553806,83,222.498,13370.3125,0,2385,10001,"[0, 100000]","[0, 100000]",0,0,17822,658691
yolov8x_training,1544.597120,84,208.398,13370.3125,92,1950,10001,"[0, 100000]","[0, 100000]",0,0,2539,9179
yolov8x_training,1545.640762,80,213.434,13370.3125,17,2085,10001,"[0, 100000]","[0, 100000]",0,0,4638,14794
yolov8x_training,1546.683743,86,239.430,13370.3125,15,1222,10001,"[0, 100000]","[0, 100000]",0,0,390,292
yolov8x_training,1547.726411,87,252.157,13370.3125,54,1170,10001,"[0, 100000]","[0, 100000]",0,0,6933,103466
yolov8x_training,1548.791942,86,249.640,13370.3125,95,1080,10001,"[0, 100000]","[0, 100000]",0,0,3369,11669
yolov8x_training,1549.834934,85,235.175,13370.3125,100,1080,10001,"[0, 100000]","[0, 100000]",0,0,341,292
yolov8x_training,1550.902645,86,233.677,13370.3125,65,2040,10001,"[0, 100000]","[0, 100000]",0,0,15087,29541
yolov8x_training,1551.945579,83,237.396,13370.3125,17,2625,10001,"[0, 100000]","[0, 100000]",0,0,2734,9472
yolov8x_training,1552.989252,81,248.505,13370.3125,61,1995,10001,"[0, 100000]","[0, 100000]",0,0,341,1033593
yolov8x_training,1554.031915,86,244.878,13370.3125,94,1252,10001,"[0, 100000]","[0, 100000]",0,0,13134,33496
yolov8x_training,1555.074984,86,244.008,13370.3125,100,2505,10001,"[0, 100000]","[0, 100000]",0,0,4736,19873
yolov8x_training,1556.118578,80,221.715,13370.3125,89,1200,10001,"[0, 100000]","[0, 100000]",0,0,341,292
yolov8x_training,1557.161409,85,192.987,13370.3125,4,2505,10001,"[0, 100000]","[0, 100000]",0,0,5908,15527
yolov8x_training,1558.204501,86,229.636,13370.3125,94,2400,10001,"[0, 100000]","[0, 100000]",0,0,1416,292
yolov8x_training,1559.247385,86,233.877,13370.3125,100,2505,10001,"[0, 100000]","[0, 100000]",0,0,292,1035888
yolov8x_training,1560.293697,85,247.292,13370.3125,92,1260,10001,"[0, 100000]","[0, 100000]",0,0,14990,30419
yolov8x_training,1561.336982,86,242.511,13370.3125,45,1440,10001,"[0, 100000]","[0, 100000]",0,0,2880,12109
yolov8x_training,1562.380397,86,244.032,13370.3125,27,1140,10001,"[0, 100000]","[0, 100000]",0,0,341,292
yolov8x_training,1563.445975,84,230.327,13370.3125,74,1095,10001,"[0, 100000]","[0, 100000]",0,0,15283,28662
yolov8x_training,1564.489130,82,224.321,13370.3125,95,1500,10001,"[0, 100000]","[0, 100000]",0,0,3662,16845
yolov8x_training,1565.532457,81,234.729,13370.3125,95,1035,10001,"[0, 100000]","[0, 100000]",0,0,683,292
yolov8x_training,1566.575356,84,240.184,13370.3125,100,1095,10001,"[0, 100000]","[0, 100000]",0,0,89648,23339
yolov8x_training,1567.651477,85,228.981,13370.3125,82,1860,10001,"[0, 100000]","[0, 100000]",0,0,3710,16748
yolov8x_training,1568.694560,86,235.921,13370.3125,34,1230,10001,"[0, 100000]","[0, 100000]",0,0,732,292
yolov8x_training,1569.737779,86,238.062,13370.3125,14,1312,10001,"[0, 100000]","[0, 100000]",0,0,89501,20654
yolov8x_training,1570.781071,85,247.105,13370.3125,74,1140,10001,"[0, 100000]","[0, 100000]",0,0,6640,27490
yolov8x_training,1571.824286,86,253.954,13370.3125,94,1125,10001,"[0, 100000]","[0, 100000]",0,0,2929,11181
yolov8x_training,1572.867663,86,243.470,13370.3125,95,1080,10001,"[0, 100000]","[0, 100000]",0,0,341,292
yolov8x_training,1573.914853,83,237.036,13370.3125,96,1185,10001,"[0, 100000]","[0, 100000]",0,0,15234,33251
yolov8x_training,1574.958123,86,233.819,13370.3125,52,2385,10001,"[0, 100000]","[0, 100000]",0,0,3222,11035
yolov8x_training,1576.001750,86,241.979,13370.3125,32,1110,10001,"[0, 100000]","[0, 100000]",0,0,341,292
yolov8x_training,1577.060525,84,246.835,13370.3125,73,2310,10001,"[0, 100000]","[0, 100000]",0,0,15136,33105
yolov8x_training,1578.103576,86,237.849,13370.3125,94,2505,10001,"[0, 100000]","[0, 100000]",0,0,3076,10839
yolov8x_training,1579.146781,85,249.641,13370.3125,100,1140,10001,"[0, 100000]","[0, 100000]",0,0,341,292
yolov8x_training,1580.211292,82,247.662,13370.3125,18,1155,10001,"[0, 100000]","[0, 100000]",0,0,15087,35449
yolov8x_training,1581.254427,81,239.975,13370.3125,46,1035,10001,"[0, 100000]","[0, 100000]",0,0,2929,11572
yolov8x_training,1582.297364,83,231.110,13370.3125,94,1185,10001,"[0, 100000]","[0, 100000]",0,0,341,292
yolov8x_training,1583.368787,82,231.839,13370.3125,93,2070,10001,"[0, 100000]","[0, 100000]",0,0,15185,35693
yolov8x_training,1584.411793,84,242.181,13370.3125,100,1320,10001,"[0, 100000]","[0, 100000]",0,0,2978,10400
yolov8x_training,1585.455180,86,251.151,13370.3125,58,1635,10001,"[0, 100000]","[0, 100000]",0,0,341,292
yolov8x_training,1586.511161,87,246.407,13370.3125,24,2610,10001,"[0, 100000]","[0, 100000]",0,0,15185,33300
yolov8x_training,1587.554513,81,228.736,13370.3125,55,1050,10001,"[0, 100000]","[0, 100000]",0,0,341,292
yolov8x_training,1588.597370,86,194.139,13370.3125,43,2655,10001,"[0, 100000]","[0, 100000]",0,0,13330,29052
yolov8x_training,1589.640550,81,220.050,13370.3125,100,1080,10001,"[0, 100000]","[0, 100000]",0,0,292,244
yolov8x_training,1590.683393,85,206.596,13370.3125,0,2220,10001,"[0, 100000]","[0, 100000]",0,0,5078,27343
yolov8x_training,1591.726688,81,204.208,13370.3125,88,607,10001,"[0, 100000]","[0, 100000]",0,0,390,292
yolov8x_training,1592.769531,86,214.085,13370.3125,6,1500,10001,"[0, 100000]","[0, 100000]",0,0,4199,15429
yolov8x_training,1593.813999,81,195.245,13370.3125,88,1252,10001,"[0, 100000]","[0, 100000]",0,0,292,292
yolov8x_training,1594.856767,86,215.952,13370.3125,78,1065,10001,"[0, 100000]","[0, 100000]",0,0,5273,14941
yolov8x_training,1595.900427,85,198.601,13370.3125,0,2655,10001,"[0, 100000]","[0, 100000]",0,0,341,244
yolov8x_training,1596.943271,80,209.159,13370.3125,88,1905,10001,"[0, 100000]","[0, 100000]",0,0,3369,15722
yolov8x_training,1597.986627,85,197.170,13370.3125,0,2385,10001,"[0, 100000]","[0, 100000]",0,0,292,1040966
yolov8x_training,1599.029747,80,192.874,13370.3125,89,2025,10001,"[0, 100000]","[0, 100000]",0,0,3125,12792
yolov8x_training,1600.072893,84,219.409,13370.3125,71,2175,10001,"[0, 100000]","[0, 100000]",0,0,341,292
yolov8x_training,1601.116048,82,198.959,13370.3125,5,1950,10001,"[0, 100000]","[0, 100000]",0,0,2685,9375
yolov8x_training,1602.159845,80,222.823,13370.3125,100,1050,10001,"[0, 100000]","[0, 100000]",0,0,6201,21435
yolov8x_training,1603.203031,86,230.219,13370.3125,87,1395,10001,"[0, 100000]","[0, 100000]",0,0,2880,11230
yolov8x_training,1604.246465,85,232.843,13370.3125,95,2505,10001,"[0, 100000]","[0, 100000]",0,0,341,292
yolov8x_training,1605.292082,86,243.367,13370.3125,100,1260,10001,"[0, 100000]","[0, 100000]",0,0,15185,29687
yolov8x_training,1606.334899,85,249.518,13370.3125,55,1830,10001,"[0, 100000]","[0, 100000]",0,0,2832,12548
yolov8x_training,1607.378313,86,246.077,13370.3125,17,1065,10001,"[0, 100000]","[0, 100000]",0,0,341,292
yolov8x_training,1608.420943,85,238.156,13370.3125,35,1095,10001,"[0, 100000]","[0, 100000]",0,0,6640,103710
yolov8x_training,1609.487194,83,230.793,13370.3125,92,1980,10001,"[0, 100000]","[0, 100000]",0,0,4394,13037
yolov8x_training,1610.530311,81,227.199,13370.3125,95,1095,10001,"[0, 100000]","[0, 100000]",0,0,19531,292
yolov8x_training,1611.573021,82,237.269,13370.3125,100,1095,10001,"[0, 100000]","[0, 100000]",0,0,4150,103759
yolov8x_training,1612.648318,87,230.833,13370.3125,97,2055,10001,"[0, 100000]","[0, 100000]",0,0,4931,15478
yolov8x_training,1613.691504,85,230.999,13370.3125,47,2400,10001,"[0, 100000]","[0, 100000]",0,0,1123,292
yolov8x_training,1614.734333,86,242.610,13370.3125,38,2655,10001,"[0, 100000]","[0, 100000]",0,0,5175,103369
yolov8x_training,1615.805964,85,241.222,13370.3125,82,1320,10001,"[0, 100000]","[0, 100000]",0,0,5029,14355
yolov8x_training,1616.848999,86,246.125,13370.3125,95,1065,10001,"[0, 100000]","[0, 100000]",0,0,5029,292
yolov8x_training,1617.891659,85,238.726,13370.3125,100,1065,10001,"[0, 100000]","[0, 100000]",0,0,4052,36181
yolov8x_training,1618.949129,83,233.606,13370.3125,99,1935,10001,"[0, 100000]","[0, 100000]",0,0,3417,29248
yolov8x_training,1619.992221,81,229.976,13370.3125,49,2430,10001,"[0, 100000]","[0, 100000]",0,0,2392,3320
yolov8x_training,1621.035494,84,238.342,13370.3125,20,1155,10001,"[0, 100000]","[0, 100000]",0,0,83740,15136
yolov8x_training,1622.078938,85,248.973,13370.3125,68,2400,10001,"[0, 100000]","[0, 100000]",0,0,12402,27636
yolov8x_training,1623.121845,86,232.979,13370.3125,94,1252,10001,"[0, 100000]","[0, 100000]",0,0,2636,26464
yolov8x_training,1624.165603,86,249.873,13370.3125,100,1875,10001,"[0, 100000]","[0, 100000]",0,0,292,1032373
yolov8x_training,1625.210798,83,246.912,13370.3125,36,1110,10001,"[0, 100000]","[0, 100000]",0,0,15185,34619
yolov8x_training,1626.253774,81,245.250,13370.3125,24,1050,10001,"[0, 100000]","[0, 100000]",0,0,3076,11962
yolov8x_training,1627.296773,84,235.747,13370.3125,0,1245,10001,"[0, 100000]","[0, 100000]",0,0,4492,13378
yolov8x_training,1628.340195,81,203.421,13370.3125,90,2655,10001,"[0, 100000]","[0, 100000]",0,0,341,1039501
yolov8x_training,1629.391375,83,221.085,13370.3125,95,2370,10001,"[0, 100000]","[0, 100000]",0,0,15283,34863
yolov8x_training,1630.434672,81,238.213,13370.3125,94,2505,10001,"[0, 100000]","[0, 100000]",0,0,2832,11669
yolov8x_training,1631.477651,86,245.501,13370.3125,100,1740,10001,"[0, 100000]","[0, 100000]",0,0,292,292
yolov8x_training,1632.520266,86,247.102,13370.3125,52,2565,10001,"[0, 100000]","[0, 100000]",0,0,6396,101562
yolov8x_training,1633.575598,86,243.559,13370.3125,18,2655,10001,"[0, 100000]","[0, 100000]",0,0,3173,14404
yolov8x_training,1634.618684,85,244.412,13370.3125,53,1740,10001,"[0, 100000]","[0, 100000]",0,0,292,292
yolov8x_training,1635.661327,83,250.269,13370.3125,92,1125,10001,"[0, 100000]","[0, 100000]",0,0,4492,103466
yolov8x_training,1636.736452,81,245.883,13370.3125,93,1080,10001,"[0, 100000]","[0, 100000]",0,0,3613,15039
yolov8x_training,1637.780061,86,234.253,13370.3125,100,1380,10001,"[0, 100000]","[0, 100000]",0,0,341,341
yolov8x_training,1638.822742,82,228.211,13370.3125,64,2505,10001,"[0, 100000]","[0, 100000]",0,0,6640,101171
yolov8x_training,1639.879400,85,241.329,13370.3125,18,1185,10001,"[0, 100000]","[0, 100000]",0,0,3564,12988
yolov8x_training,1640.922946,86,247.633,13370.3125,62,1650,10001,"[0, 100000]","[0, 100000]",0,0,341,292
yolov8x_training,1641.965689,86,250.852,13370.3125,94,1170,10001,"[0, 100000]","[0, 100000]",0,0,6298,102343
yolov8x_training,1643.024478,86,243.098,13370.3125,100,1140,10001,"[0, 100000]","[0, 100000]",0,0,4199,15576
yolov8x_training,1644.067567,83,233.484,13370.3125,100,1170,10001,"[0, 100000]","[0, 100000]",0,0,341,341
yolov8x_training,1645.110204,82,247.502,13370.3125,50,1065,10001,"[0, 100000]","[0, 100000]",0,0,2978,37939
yolov8x_training,1646.171888,86,235.392,13370.3125,11,1875,10001,"[0, 100000]","[0, 100000]",0,0,3662,16064
yolov8x_training,1647.215119,86,232.694,13370.3125,95,2490,10001,"[0, 100000]","[0, 100000]",0,0,341,341
yolov8x_training,1648.257713,87,244.877,13370.3125,100,2415,10001,"[0, 100000]","[0, 100000]",0,0,4150,36181
yolov8x_training,1649.312681,87,244.792,13370.3125,100,622,10001,"[0, 100000]","[0, 100000]",0,0,4101,28369
yolov8x_training,1650.356523,84,242.458,13370.3125,73,1065,10001,"[0, 100000]","[0, 100000]",0,0,2392,2734
yolov8x_training,1651.400111,87,247.776,13370.3125,19,1050,10001,"[0, 100000]","[0, 100000]",0,0,341,1039990
yolov8x_training,1652.442872,86,234.773,13370.3125,63,1185,10001,"[0, 100000]","[0, 100000]",0,0,4882,19433
yolov8x_training,1653.486173,83,230.206,13370.3125,94,1950,10001,"[0, 100000]","[0, 100000]",0,0,2587,8984
yolov8x_training,1654.529297,82,245.140,13370.3125,93,1110,10001,"[0, 100000]","[0, 100000]",0,0,341,1028173
yolov8x_training,1655.598174,86,245.592,13370.3125,100,1950,10001,"[0, 100000]","[0, 100000]",0,0,15283,33300
yolov8x_training,1656.641083,86,225.967,13370.3125,59,2160,10001,"[0, 100000]","[0, 100000]",0,0,3369,15185
yolov8x_training,1657.684053,81,220.480,13370.3125,100,1080,10001,"[0, 100000]","[0, 100000]",0,0,3369,36572
yolov8x_training,1658.747427,87,204.299,13370.3125,1,2655,10001,"[0, 100000]","[0, 100000]",0,0,341,341
yolov8x_training,1659.798039,81,223.722,13370.3125,100,1095,10001,"[0, 100000]","[0, 100000]",0,0,14257,25830
yolov8x_training,1660.841331,86,203.392,13370.3125,0,2445,10001,"[0, 100000]","[0, 100000]",0,0,292,292
yolov8x_training,1661.884146,81,198.132,13370.3125,88,585,10001,"[0, 100000]","[0, 100000]",0,0,6298,30078
yolov8x_training,1662.927562,86,215.658,13370.3125,25,2430,10001,"[0, 100000]","[0, 100000]",0,0,88720,16113
yolov8x_training,1663.970445,86,224.918,13370.3125,95,1380,10001,"[0, 100000]","[0, 100000]",0,0,4785,19970
yolov8x_training,1665.013428,83,233.350,13370.3125,100,1065,10001,"[0, 100000]","[0, 100000]",0,0,2685,3369
yolov8x_training,1666.056291,82,234.680,13370.3125,37,1170,10001,"[0, 100000]","[0, 100000]",0,0,292,1039697
yolov8x_training,1667.104472,83,233.972,13370.3125,30,1980,10001,"[0, 100000]","[0, 100000]",0,0,15722,34960
yolov8x_training,1668.147829,86,237.255,13370.3125,65,1320,10001,"[0, 100000]","[0, 100000]",0,0,2880,11083
yolov8x_training,1669.191136,87,246.063,13370.3125,94,1215,10001,"[0, 100000]","[0, 100000]",0,0,390,292
yolov8x_training,1670.244143,86,250.527,13370.3125,76,1050,10001,"[0, 100000]","[0, 100000]",0,0,15380,29638
yolov8x_training,1671.286978,84,233.317,13370.3125,45,1065,10001,"[0, 100000]","[0, 100000]",0,0,3222,12158
yolov8x_training,1672.330356,86,237.581,13370.3125,40,1170,10001,"[0, 100000]","[0, 100000]",0,0,292,292
yolov8x_training,1673.402864,86,232.147,13370.3125,74,2100,10001,"[0, 100000]","[0, 100000]",0,0,15625,32275
yolov8x_training,1674.446035,82,247.036,13370.3125,95,2550,10001,"[0, 100000]","[0, 100000]",0,0,2929,10107
yolov8x_training,1675.489271,85,253.649,13370.3125,100,1290,10001,"[0, 100000]","[0, 100000]",0,0,341,292
yolov8x_training,1676.534858,86,244.446,13370.3125,58,1260,10001,"[0, 100000]","[0, 100000]",0,0,15380,29345
yolov8x_training,1677.578034,87,248.883,13370.3125,94,1170,10001,"[0, 100000]","[0, 100000]",0,0,2880,12207
yolov8x_training,1678.620773,81,201.737,13370.3125,0,1860,10001,"[0, 100000]","[0, 100000]",0,0,90478,28173
yolov8x_training,1679.691684,85,205.432,13370.3125,92,1860,10001,"[0, 100000]","[0, 100000]",0,0,12158,292
yolov8x_training,1680.734560,81,217.199,13370.3125,16,1050,10001,"[0, 100000]","[0, 100000]",0,0,6396,91455
yolov8x_training,1681.801736,87,203.625,13370.3125,83,2655,10001,"[0, 100000]","[0, 100000]",0,0,390,292
yolov8x_training,1682.844471,82,222.654,13370.3125,59,1110,10001,"[0, 100000]","[0, 100000]",0,0,4101,29785
yolov8x_training,1683.888056,86,201.216,13370.3125,50,2655,10001,"[0, 100000]","[0, 100000]",0,0,341,341
yolov8x_training,1684.930549,81,220.161,13370.3125,87,1425,10001,"[0, 100000]","[0, 100000]",0,0,4833,20849
yolov8x_training,1685.973464,86,194.990,13370.3125,4,1740,10001,"[0, 100000]","[0, 100000]",0,0,341,1033447
yolov8x_training,1687.015979,81,209.206,13370.3125,100,1740,10001,"[0, 100000]","[0, 100000]",0,0,2685,8544
yolov8x_training,1688.058385,81,234.952,13370.3125,66,1065,10001,"[0, 100000]","[0, 100000]",0,0,390,1032568
yolov8x_training,1689.111437,83,233.973,13370.3125,95,1335,10001,"[0, 100000]","[0, 100000]",0,0,15087,30517
yolov8x_training,1690.154219,84,244.379,13370.3125,95,2535,10001,"[0, 100000]","[0, 100000]",0,0,2929,11181
yolov8x_training,1691.197412,86,235.830,13370.3125,100,1320,10001,"[0, 100000]","[0, 100000]",0,0,341,292
yolov8x_training,1692.263967,86,246.830,13370.3125,10,1170,10001,"[0, 100000]","[0, 100000]",0,0,15478,31152
yolov8x_training,1693.306790,84,240.981,13370.3125,52,1080,10001,"[0, 100000]","[0, 100000]",0,0,3076,11962
yolov8x_training,1694.350002,86,233.794,13370.3125,95,1170,10001,"[0, 100000]","[0, 100000]",0,0,341,292
yolov8x_training,1695.409779,86,234.802,13370.3125,98,2280,10001,"[0, 100000]","[0, 100000]",0,0,14990,26953
yolov8x_training,1696.452729,82,250.107,13370.3125,94,2595,10001,"[0, 100000]","[0, 100000]",0,0,2734,9570
yolov8x_training,1697.496410,81,245.088,13370.3125,58,1335,10001,"[0, 100000]","[0, 100000]",0,0,341,292
yolov8x_training,1698.539063,84,243.234,13370.3125,25,1995,10001,"[0, 100000]","[0, 100000]",0,0,3955,35205
yolov8x_training,1699.597516,86,245.214,13370.3125,26,2430,10001,"[0, 100000]","[0, 100000]",0,0,3515,27636
yolov8x_training,1700.640588,86,245.993,13370.3125,78,2655,10001,"[0, 100000]","[0, 100000]",0,0,2685,4882
yolov8x_training,1701.683931,86,250.160,13370.3125,95,1455,10001,"[0, 100000]","[0, 100000]",0,0,292,1036523
yolov8x_training,1702.728062,85,237.919,13370.3125,96,1110,10001,"[0, 100000]","[0, 100000]",0,0,15332,33007
yolov8x_training,1703.771066,83,232.115,13370.3125,100,1065,10001,"[0, 100000]","[0, 100000]",0,0,3320,13378
yolov8x_training,1704.814215,86,243.432,13370.3125,86,1170,10001,"[0, 100000]","[0, 100000]",0,0,341,292
yolov8x_training,1705.856842,85,236.940,13370.3125,17,2295,10001,"[0, 100000]","[0, 100000]",0,0,6347,103369
yolov8x_training,1706.917503,82,244.570,13370.3125,49,2430,10001,"[0, 100000]","[0, 100000]",0,0,5126,13769
yolov8x_training,1707.960567,82,247.839,13370.3125,91,1170,10001,"[0, 100000]","[0, 100000]",0,0,18505,292
yolov8x_training,1709.003371,86,244.870,13370.3125,95,1305,10001,"[0, 100000]","[0, 100000]",0,0,90039,27392
yolov8x_training,1710.074265,86,240.250,13370.3125,100,2580,10001,"[0, 100000]","[0, 100000]",0,0,4589,20410
yolov8x_training,1711.117371,87,248.407,13370.3125,92,600,10001,"[0, 100000]","[0, 100000]",0,0,2099,537
yolov8x_training,1712.160848,86,251.024,13370.3125,45,1065,10001,"[0, 100000]","[0, 100000]",0,0,88916,19042
yolov8x_training,1713.203724,83,236.989,13370.3125,20,1080,10001,"[0, 100000]","[0, 100000]",0,0,4101,19042
yolov8x_training,1714.246700,82,233.368,13370.3125,94,1770,10001,"[0, 100000]","[0, 100000]",0,0,2197,110156
yolov8x_training,1715.289798,86,244.071,13370.3125,100,2580,10001,"[0, 100000]","[0, 100000]",0,0,292,984619
yolov8x_training,1716.357582,83,243.736,13370.3125,100,2610,10001,"[0, 100000]","[0, 100000]",0,0,15380,34912
yolov8x_training,1717.400829,82,249.504,13370.3125,65,1245,10001,"[0, 100000]","[0, 100000]",0,0,3906,11718
yolov8x_training,1718.443774,86,249.918,13370.3125,10,1020,10001,"[0, 100000]","[0, 100000]",0,0,390,341
yolov8x_training,1719.485972,86,239.273,13370.3125,65,1050,10001,"[0, 100000]","[0, 100000]",0,0,6298,102490
yolov8x_training,1720.546539,87,233.833,13370.3125,94,1215,10001,"[0, 100000]","[0, 100000]",0,0,3076,11767
yolov8x_training,1721.589004,86,234.994,13370.3125,95,1065,10001,"[0, 100000]","[0, 100000]",0,0,390,341
yolov8x_training,1722.631191,83,234.100,13370.3125,100,1080,10001,"[0, 100000]","[0, 100000]",0,0,6884,103222
yolov8x_training,1723.684498,82,237.027,13370.3125,53,2055,10001,"[0, 100000]","[0, 100000]",0,0,3173,14257
yolov8x_training,1724.727694,85,237.740,13370.3125,32,2415,10001,"[0, 100000]","[0, 100000]",0,0,341,292
yolov8x_training,1725.770370,87,249.640,13370.3125,70,1095,10001,"[0, 100000]","[0, 100000]",0,0,6396,101220
yolov8x_training,1726.837379,86,245.686,13370.3125,95,1350,10001,"[0, 100000]","[0, 100000]",0,0,3808,16406
yolov8x_training,1727.880388,85,243.673,13370.3125,95,1245,10001,"[0, 100000]","[0, 100000]",0,0,488,341
yolov8x_training,1728.923226,87,234.167,13370.3125,100,1035,10001,"[0, 100000]","[0, 100000]",0,0,292,292
yolov8x_training,1729.966027,82,224.044,13370.3125,100,585,10001,"[0, 100000]","[0, 100000]",0,0,3515,27050
yolov8x_training,1731.009420,87,207.025,13370.3125,0,1065,10001,"[0, 100000]","[0, 100000]",0,0,341,292
yolov8x_training,1732.052239,87,192.730,13370.3125,69,1320,10001,"[0, 100000]","[0, 100000]",0,0,3955,25000
yolov8x_training,1733.096807,81,221.415,13370.3125,75,1125,10001,"[0, 100000]","[0, 100000]",0,0,341,292
yolov8x_training,1734.139627,87,199.010,13370.3125,6,2505,10001,"[0, 100000]","[0, 100000]",0,0,2832,11962
yolov8x_training,1735.183012,81,213.310,13370.3125,100,1110,10001,"[0, 100000]","[0, 100000]",0,0,89453,22363
yolov8x_training,1736.226715,86,204.100,13370.3125,100,2505,10001,"[0, 100000]","[0, 100000]",0,0,4980,292
yolov8x_training,1737.269616,81,216.421,13370.3125,0,1050,10001,"[0, 100000]","[0, 100000]",0,0,6542,27294
yolov8x_training,1738.321566,81,212.036,13370.3125,78,1455,10001,"[0, 100000]","[0, 100000]",0,0,15332,35693
yolov8x_training,1739.364758,83,245.064,13370.3125,49,1305,10001,"[0, 100000]","[0, 100000]",0,0,4101,13427
yolov8x_training,1740.407323,86,245.761,13370.3125,28,1185,10001,"[0, 100000]","[0, 100000]",0,0,488,341
yolov8x_training,1741.474687,86,235.353,13370.3125,87,1065,10001,"[0, 100000]","[0, 100000]",0,0,15185,29296
yolov8x_training,1742.517524,86,228.406,13370.3125,93,1035,10001,"[0, 100000]","[0, 100000]",0,0,3125,10986
yolov8x_training,1743.559692,84,240.238,13370.3125,100,1035,10001,"[0, 100000]","[0, 100000]",0,0,390,341
yolov8x_training,1744.601843,82,247.590,13370.3125,92,1095,10001,"[0, 100000]","[0, 100000]",0,0,4394,35156
yolov8x_training,1745.659866,81,225.647,13370.3125,52,2250,10001,"[0, 100000]","[0, 100000]",0,0,3564,25732
yolov8x_training,1746.702519,86,237.283,13370.3125,13,2505,10001,"[0, 100000]","[0, 100000]",0,0,5273,100781
yolov8x_training,1747.745774,86,245.778,13370.3125,51,1290,10001,"[0, 100000]","[0, 100000]",0,0,89404,21386
yolov8x_training,1748.788911,86,246.542,13370.3125,87,1305,10001,"[0, 100000]","[0, 100000]",0,0,7128,29296
yolov8x_training,1749.831926,86,249.246,13370.3125,95,1140,10001,"[0, 100000]","[0, 100000]",0,0,3222,11767
yolov8x_training,1750.874260,86,231.216,13370.3125,100,1080,10001,"[0, 100000]","[0, 100000]",0,0,390,390
yolov8x_training,1751.916441,81,226.804,13370.3125,88,1080,10001,"[0, 100000]","[0, 100000]",0,0,3271,11962
yolov8x_training,1752.959226,84,227.899,13370.3125,93,1530,10001,"[0, 100000]","[0, 100000]",0,0,390,341
yolov8x_training,1754.001378,87,245.125,13370.3125,95,1110,10001,"[0, 100000]","[0, 100000]",0,0,341,341
yolov8x_training,1755.043854,82,222.777,13370.3125,88,1725,10001,"[0, 100000]","[0, 100000]",0,0,2929,12353
yolov8x_training,1756.087257,83,215.362,13370.3125,39,2550,10001,"[0, 100000]","[0, 100000]",0,0,292,1038476
yolov8x_training,1757.130223,86,203.594,13370.3125,66,1890,10001,"[0, 100000]","[0, 100000]",0,0,3125,10986
yolov8x_training,1758.173705,81,207.831,13370.3125,100,1140,10001,"[0, 100000]","[0, 100000]",0,0,341,292
yolov8x_training,1759.216456,86,190.920,13370.3125,0,2655,10001,"[0, 100000]","[0, 100000]",0,0,3173,12695
yolov8x_training,1760.259945,81,217.419,13370.3125,56,870,10001,"[0, 100000]","[0, 100000]",0,0,292,292
yolov8x_training,1761.303248,84,197.713,13370.3125,32,1155,10001,"[0, 100000]","[0, 100000]",0,0,3906,12646
yolov8x_training,1762.346837,81,192.428,13370.3125,93,2505,10001,"[0, 100000]","[0, 100000]",0,0,6689,102392
yolov8x_training,1763.412706,85,238.624,13370.3125,100,1327,10001,"[0, 100000]","[0, 100000]",0,0,4785,16406
yolov8x_training,1764.455759,85,245.804,13370.3125,69,1725,10001,"[0, 100000]","[0, 100000]",0,0,488,292
yolov8x_training,1765.498229,86,246.615,13370.3125,7,1110,10001,"[0, 100000]","[0, 100000]",0,0,47509,37939
yolov8x_training,1766.563033,85,237.431,13370.3125,55,1200,10001,"[0, 100000]","[0, 100000]",0,0,3759,16357
yolov8x_training,1767.606022,82,231.126,13370.3125,95,1155,10001,"[0, 100000]","[0, 100000]",0,0,390,292
yolov8x_training,1768.648720,81,239.829,13370.3125,94,1095,10001,"[0, 100000]","[0, 100000]",0,0,4150,35937
yolov8x_training,1769.703223,84,232.160,13370.3125,100,1080,10001,"[0, 100000]","[0, 100000]",0,0,3613,29345
yolov8x_training,1770.746395,85,228.908,13370.3125,64,1365,10001,"[0, 100000]","[0, 100000]",0,0,2392,7861
yolov8x_training,1771.789592,86,233.835,13370.3125,22,2505,10001,"[0, 100000]","[0, 100000]",0,0,341,292
yolov8x_training,1772.852048,85,239.819,13370.3125,21,2565,10001,"[0, 100000]","[0, 100000]",0,0,15234,33300
yolov8x_training,1773.895070,84,250.443,13370.3125,54,1170,10001,"[0, 100000]","[0, 100000]",0,0,3076,12988
yolov8x_training,1774.938322,86,244.392,13370.3125,95,1170,10001,"[0, 100000]","[0, 100000]",0,0,341,292
yolov8x_training,1775.981066,86,247.395,13370.3125,94,1080,10001,"[0, 100000]","[0, 100000]",0,0,3369,36376
yolov8x_training,1777.043976,85,233.037,13370.3125,100,1380,10001,"[0, 100000]","[0, 100000]",0,0,3613,23242
yolov8x_training,1778.087010,82,228.571,13370.3125,100,1185,10001,"[0, 100000]","[0, 100000]",0,0,19677,341
yolov8x_training,1779.130559,81,242.829,13370.3125,33,1050,10001,"[0, 100000]","[0, 100000]",0,0,390,931396
yolov8x_training,1780.173999,84,235.435,13370.3125,22,1050,10001,"[0, 100000]","[0, 100000]",0,0,6542,28710
yolov8x_training,1781.216886,86,228.914,13370.3125,70,1725,10001,"[0, 100000]","[0, 100000]",0,0,3173,11669
yolov8x_training,1782.259908,86,246.560,13370.3125,94,2430,10001,"[0, 100000]","[0, 100000]",0,0,341,292
yolov8x_training,1783.326993,86,244.364,13370.3125,100,1200,10001,"[0, 100000]","[0, 100000]",0,0,15185,27783
yolov8x_training,1784.370040,86,248.118,13370.3125,37,1905,10001,"[0, 100000]","[0, 100000]",0,0,2832,11816
yolov8x_training,1785.412957,87,246.644,13370.3125,11,1050,10001,"[0, 100000]","[0, 100000]",0,0,390,292
yolov8x_training,1786.479244,85,238.456,13370.3125,69,1140,10001,"[0, 100000]","[0, 100000]",0,0,15380,36962
yolov8x_training,1787.522129,82,230.924,13370.3125,94,2220,10001,"[0, 100000]","[0, 100000]",0,0,3222,10986
yolov8x_training,1788.565244,81,237.237,13370.3125,100,1050,10001,"[0, 100000]","[0, 100000]",0,0,341,292
yolov8x_training,1789.607848,87,241.000,13370.3125,99,1620,10001,"[0, 100000]","[0, 100000]",0,0,7031,100537
yolov8x_training,1790.672209,86,228.832,13370.3125,55,2310,10001,"[0, 100000]","[0, 100000]",0,0,3564,16113
yolov8x_training,1791.715720,87,234.593,13370.3125,32,2340,10001,"[0, 100000]","[0, 100000]",0,0,2148,1074
yolov8x_training,1792.758784,87,244.528,13370.3125,16,1290,10001,"[0, 100000]","[0, 100000]",0,0,88769,15527
yolov8x_training,1793.801579,85,246.259,13370.3125,75,1155,10001,"[0, 100000]","[0, 100000]",0,0,12548,30468
yolov8x_training,1794.844591,87,249.922,13370.3125,93,1080,10001,"[0, 100000]","[0, 100000]",0,0,3173,14208
yolov8x_training,1795.886948,87,241.290,13370.3125,95,1035,10001,"[0, 100000]","[0, 100000]",0,0,390,390
yolov8x_training,1796.929246,85,236.125,13370.3125,100,1125,10001,"[0, 100000]","[0, 100000]",0,0,4589,103906
yolov8x_training,1797.999832,82,234.642,13370.3125,78,1890,10001,"[0, 100000]","[0, 100000]",0,0,3808,16503
yolov8x_training,1799.042110,81,234.756,13370.3125,22,1080,10001,"[0, 100000]","[0, 100000]",0,0,390,341
yolov8x_training,1800.084306,87,247.330,13370.3125,46,1200,10001,"[0, 100000]","[0, 100000]",0,0,90380,27587
yolov8x_training,1801.157111,86,227.471,13370.3125,74,2145,10001,"[0, 100000]","[0, 100000]",0,0,4199,19482
yolov8x_training,1802.199707,87,238.548,13370.3125,94,2445,10001,"[0, 100000]","[0, 100000]",0,0,19677,341
yolov8x_training,1803.241994,86,247.670,13370.3125,88,1110,10001,"[0, 100000]","[0, 100000]",0,0,75585,37255
yolov8x_training,1804.308357,84,245.129,13370.3125,53,1200,10001,"[0, 100000]","[0, 100000]",0,0,3906,28564
yolov8x_training,1805.351869,87,244.424,13370.3125,15,1035,10001,"[0, 100000]","[0, 100000]",0,0,2978,5957
yolov8x_training,1806.394439,86,240.409,13370.3125,50,1095,10001,"[0, 100000]","[0, 100000]",0,0,390,1033642
yolov8x_training,1807.448919,83,235.228,13370.3125,95,2250,10001,"[0, 100000]","[0, 100000]",0,0,14990,23876
yolov8x_training,1808.491246,82,227.572,13370.3125,95,2280,10001,"[0, 100000]","[0, 100000]",0,0,3564,16601
yolov8x_training,1809.534536,82,235.407,13370.3125,95,1050,10001,"[0, 100000]","[0, 100000]",0,0,2001,341
yolov8x_training,1810.577788,83,238.258,13370.3125,100,1095,10001,"[0, 100000]","[0, 100000]",0,0,341,1033642
yolov8x_training,1811.635405,87,230.164,13370.3125,99,1140,10001,"[0, 100000]","[0, 100000]",0,0,15527,35791
yolov8x_training,1812.679189,87,230.991,13370.3125,41,2415,10001,"[0, 100000]","[0, 100000]",0,0,3173,11181
yolov8x_training,1813.722689,87,242.062,13370.3125,21,1170,10001,"[0, 100000]","[0, 100000]",0,0,341,292
yolov8x_training,1814.771548,85,250.998,13370.3125,75,1845,10001,"[0, 100000]","[0, 100000]",0,0,15136,34619
yolov8x_training,1815.814994,82,246.777,13370.3125,94,1050,10001,"[0, 100000]","[0, 100000]",0,0,3662,15429
yolov8x_training,1816.858160,87,241.791,13370.3125,100,1035,10001,"[0, 100000]","[0, 100000]",0,0,341,292
yolov8x_training,1817.900134,85,233.875,13370.3125,100,1350,10001,"[0, 100000]","[0, 100000]",0,0,3320,36279
yolov8x_training,1818.961411,82,233.270,13370.3125,58,2325,10001,"[0, 100000]","[0, 100000]",0,0,3271,25537
yolov8x_training,1820.004624,85,237.537,13370.3125,18,2490,10001,"[0, 100000]","[0, 100000]",0,0,17675,11914
yolov8x_training,1821.047452,86,248.923,13370.3125,49,2265,10001,"[0, 100000]","[0, 100000]",0,0,4052,35400
yolov8x_training,1822.105893,87,248.953,13370.3125,93,2580,10001,"[0, 100000]","[0, 100000]",0,0,4736,18896
yolov8x_training,1823.149111,87,236.483,13370.3125,95,1267,10001,"[0, 100000]","[0, 100000]",0,0,3173,14501
yolov8x_training,1824.192076,87,237.592,13370.3125,95,2085,10001,"[0, 100000]","[0, 100000]",0,0,292,341
yolov8x_training,1825.235034,86,246.922,13370.3125,99,1215,10001,"[0, 100000]","[0, 100000]",0,0,390,1041406
yolov8x_training,1826.277930,85,245.627,13370.3125,60,1470,10001,"[0, 100000]","[0, 100000]",0,0,8837,34472
yolov8x_training,1827.320868,83,246.726,13370.3125,19,1035,10001,"[0, 100000]","[0, 100000]",0,0,3125,12060
yolov8x_training,1828.363909,87,242.181,13370.3125,23,1035,10001,"[0, 100000]","[0, 100000]",0,0,341,292
yolov8x_training,1829.406543,86,235.467,13370.3125,76,1920,10001,"[0, 100000]","[0, 100000]",0,0,4150,36035
yolov8x_training,1830.465198,83,228.620,13370.3125,95,2520,10001,"[0, 100000]","[0, 100000]",0,0,4931,17187
yolov8x_training,1831.508174,82,232.757,13370.3125,95,1305,10001,"[0, 100000]","[0, 100000]",0,0,2734,29833
yolov8x_training,1832.551667,83,237.244,13370.3125,100,1170,10001,"[0, 100000]","[0, 100000]",0,0,341,292
yolov8x_training,1833.613155,87,248.722,13370.3125,91,2400,10001,"[0, 100000]","[0, 100000]",0,0,15429,33593
yolov8x_training,1834.656133,87,233.931,13370.3125,40,2505,10001,"[0, 100000]","[0, 100000]",0,0,3466,15478
yolov8x_training,1835.698981,87,241.337,13370.3125,23,2460,10001,"[0, 100000]","[0, 100000]",0,0,341,292
yolov8x_training,1836.741585,86,249.834,13370.3125,62,1215,10001,"[0, 100000]","[0, 100000]",0,0,4443,103027
yolov8x_training,1837.814923,83,247.510,13370.3125,96,1050,10001,"[0, 100000]","[0, 100000]",0,0,3027,13232
yolov8x_training,1838.857944,87,242.485,13370.3125,94,1035,10001,"[0, 100000]","[0, 100000]",0,0,1562,292
yolov8x_training,1839.900720,86,236.152,13370.3125,100,1125,10001,"[0, 100000]","[0, 100000]",0,0,89453,21972
yolov8x_training,1840.945169,84,233.986,13370.3125,78,2250,10001,"[0, 100000]","[0, 100000]",0,0,15380,34130
yolov8x_training,1841.988703,82,228.862,13370.3125,56,2505,10001,"[0, 100000]","[0, 100000]",0,0,4101,13134
yolov8x_training,1843.031588,82,234.954,13370.3125,30,2505,10001,"[0, 100000]","[0, 100000]",0,0,16357,292
yolov8x_training,1844.074386,86,241.592,13370.3125,15,1770,10001,"[0, 100000]","[0, 100000]",0,0,89941,25634
yolov8x_training,1845.144295,87,242.054,13370.3125,67,2490,10001,"[0, 100000]","[0, 100000]",0,0,4443,21533
yolov8x_training,1846.187771,87,238.828,13370.3125,95,2640,10001,"[0, 100000]","[0, 100000]",0,0,2392,2978
yolov8x_training,1847.230884,87,245.480,13370.3125,95,1365,10001,"[0, 100000]","[0, 100000]",0,0,341,1038623
yolov8x_training,1848.278603,85,244.214,13370.3125,69,1035,10001,"[0, 100000]","[0, 100000]",0,0,15185,29687
yolov8x_training,1849.321681,83,247.387,13370.3125,20,1035,10001,"[0, 100000]","[0, 100000]",0,0,2685,26171
yolov8x_training,1850.364933,86,237.764,13370.3125,57,1170,10001,"[0, 100000]","[0, 100000]",0,0,341,1032812
yolov8x_training,1851.416321,83,232.691,13370.3125,96,2445,10001,"[0, 100000]","[0, 100000]",0,0,15625,33691
yolov8x_training,1852.459668,82,233.084,13370.3125,95,2655,10001,"[0, 100000]","[0, 100000]",0,0,5517,28320
yolov8x_training,1853.502730,86,220.031,13370.3125,0,1140,10001,"[0, 100000]","[0, 100000]",0,0,341,292
yolov8x_training,1854.545530,83,190.255,13370.3125,89,1110,10001,"[0, 100000]","[0, 100000]",0,0,5273,26562
yolov8x_training,1855.588861,83,231.140,13370.3125,45,1395,10001,"[0, 100000]","[0, 100000]",0,0,292,244
yolov8x_training,1856.632149,86,210.827,13370.3125,63,2655,10001,"[0, 100000]","[0, 100000]",0,0,4003,16845
yolov8x_training,1857.677158,81,216.377,13370.3125,100,1080,10001,"[0, 100000]","[0, 100000]",0,0,292,292
yolov8x_training,1858.719944,87,212.767,13370.3125,0,2625,10001,"[0, 100000]","[0, 100000]",0,0,341,292
yolov8x_training,1859.762598,86,243.909,13370.3125,41,1275,10001,"[0, 100000]","[0, 100000]",0,0,90625,35937
yolov8x_training,1860.831126,85,248.975,13370.3125,72,1710,10001,"[0, 100000]","[0, 100000]",0,0,3613,16796
yolov8x_training,1861.874141,87,247.224,13370.3125,96,1065,10001,"[0, 100000]","[0, 100000]",0,0,341,292
yolov8x_training,1862.917315,86,242.678,13370.3125,100,1110,10001,"[0, 100000]","[0, 100000]",0,0,4101,35595
yolov8x_training,1863.978358,83,232.992,13370.3125,80,2115,10001,"[0, 100000]","[0, 100000]",0,0,4199,15136
yolov8x_training,1865.021243,82,236.514,13370.3125,25,2505,10001,"[0, 100000]","[0, 100000]",0,0,683,292
yolov8x_training,1866.064104,87,244.742,13370.3125,31,2265,10001,"[0, 100000]","[0, 100000]",0,0,11425,37890
yolov8x_training,1867.130517,86,252.060,13370.3125,77,1290,10001,"[0, 100000]","[0, 100000]",0,0,3710,16748
yolov8x_training,1868.173672,87,238.462,13370.3125,95,1170,10001,"[0, 100000]","[0, 100000]",0,0,1806,292
yolov8x_training,1869.216521,86,244.446,13370.3125,100,1560,10001,"[0, 100000]","[0, 100000]",0,0,89550,22363
yolov8x_training,1870.293115,83,249.430,13370.3125,51,1185,10001,"[0, 100000]","[0, 100000]",0,0,3906,23974
yolov8x_training,1871.337059,82,248.010,13370.3125,17,1125,10001,"[0, 100000]","[0, 100000]",0,0,1806,341
yolov8x_training,1872.379895,86,237.525,13370.3125,67,2040,10001,"[0, 100000]","[0, 100000]",0,0,89404,20996
yolov8x_training,1873.423064,82,238.598,13370.3125,95,2655,10001,"[0, 100000]","[0, 100000]",0,0,3613,29687
yolov8x_training,1874.466084,82,236.369,13370.3125,100,1515,10001,"[0, 100000]","[0, 100000]",0,0,4541,19628
yolov8x_training,1875.509824,86,221.971,13370.3125,0,1875,10001,"[0, 100000]","[0, 100000]",0,0,292,292
yolov8x_training,1876.552625,82,206.317,13370.3125,88,982,10001,"[0, 100000]","[0, 100000]",0,0,3173,13134
yolov8x_training,1877.595966,86,213.937,13370.3125,32,2385,10001,"[0, 100000]","[0, 100000]",0,0,292,244
yolov8x_training,1878.638716,85,203.459,13370.3125,76,1635,10001,"[0, 100000]","[0, 100000]",0,0,2880,12402
yolov8x_training,1879.681739,81,209.206,13370.3125,75,1140,10001,"[0, 100000]","[0, 100000]",0,0,7031,28173
yolov8x_training,1880.724587,86,235.512,13370.3125,100,1155,10001,"[0, 100000]","[0, 100000]",0,0,3125,12158
yolov8x_training,1881.767655,85,245.982,13370.3125,74,2385,10001,"[0, 100000]","[0, 100000]",0,0,341,292
yolov8x_training,1882.839175,87,249.622,13370.3125,93,1185,10001,"[0, 100000]","[0, 100000]",0,0,15429,31494
yolov8x_training,1883.882389,87,247.177,13370.3125,93,1995,10001,"[0, 100000]","[0, 100000]",0,0,2685,11767
yolov8x_training,1884.925406,87,235.269,13370.3125,100,1065,10001,"[0, 100000]","[0, 100000]",0,0,390,292
yolov8x_training,1885.967240,81,226.583,13370.3125,74,1140,10001,"[0, 100000]","[0, 100000]",0,0,2685,5322
yolov8x_training,1887.010953,87,196.081,13370.3125,65,2505,10001,"[0, 100000]","[0, 100000]",0,0,88916,18750
yolov8x_training,1888.054778,81,225.034,13370.3125,100,1065,10001,"[0, 100000]","[0, 100000]",0,0,11474,42041
yolov8x_training,1889.097817,86,205.346,13370.3125,0,1327,10001,"[0, 100000]","[0, 100000]",0,0,3857,31298
yolov8x_training,1890.140848,86,220.963,13370.3125,79,2655,10001,"[0, 100000]","[0, 100000]",0,0,3417,29296
yolov8x_training,1891.183908,81,220.409,13370.3125,100,1065,10001,"[0, 100000]","[0, 100000]",0,0,341,292
yolov8x_training,1892.227134,86,204.909,13370.3125,0,2655,10001,"[0, 100000]","[0, 100000]",0,0,3076,11718
yolov8x_training,1893.270564,81,220.199,13370.3125,10,1755,10001,"[0, 100000]","[0, 100000]",0,0,6542,103320
yolov8x_training,1894.329041,85,231.332,13370.3125,57,1125,10001,"[0, 100000]","[0, 100000]",0,0,341,292
yolov8x_training,1895.371815,86,215.128,13370.3125,91,2250,10001,"[0, 100000]","[0, 100000]",0,0,341,292
yolov8x_training,1896.414471,80,219.337,13370.3125,8,1695,10001,"[0, 100000]","[0, 100000]",0,0,3759,30566
yolov8x_training,1897.457744,86,202.498,13370.3125,88,2565,10001,"[0, 100000]","[0, 100000]",0,0,341,292
yolov8x_training,1898.500665,80,219.136,13370.3125,13,1890,10001,"[0, 100000]","[0, 100000]",0,0,2880,12011
yolov8x_training,1899.543874,83,233.343,13370.3125,39,2010,10001,"[0, 100000]","[0, 100000]",0,0,341,1038964
yolov8x_training,1900.586726,86,244.644,13370.3125,26,2580,10001,"[0, 100000]","[0, 100000]",0,0,5810,18164
yolov8x_training,1901.629889,87,234.207,13370.3125,96,1350,10001,"[0, 100000]","[0, 100000]",0,0,2197,3222
yolov8x_training,1902.672819,84,252.993,13370.3125,100,1050,10001,"[0, 100000]","[0, 100000]",0,0,88916,19384
yolov8x_training,1903.715647,81,232.825,13370.3125,83,1110,10001,"[0, 100000]","[0, 100000]",0,0,3613,30078
yolov8x_training,1904.758691,85,235.608,13370.3125,26,2265,10001,"[0, 100000]","[0, 100000]",0,0,1953,341
yolov8x_training,1905.801434,84,244.336,13370.3125,34,1267,10001,"[0, 100000]","[0, 100000]",0,0,89648,20996
yolov8x_training,1906.844942,87,245.252,13370.3125,94,1140,10001,"[0, 100000]","[0, 100000]",0,0,5419,18310
yolov8x_training,1907.888037,86,247.715,13370.3125,95,1155,10001,"[0, 100000]","[0, 100000]",0,0,3027,10107
yolov8x_training,1908.930964,86,235.320,13370.3125,100,1050,10001,"[0, 100000]","[0, 100000]",0,0,341,341
yolov8x_training,1909.973634,86,233.795,13370.3125,75,1545,10001,"[0, 100000]","[0, 100000]",0,0,7519,32958
yolov8x_training,1911.016706,84,237.374,13370.3125,17,2370,10001,"[0, 100000]","[0, 100000]",0,0,3076,10986
yolov8x_training,1912.059610,82,246.329,13370.3125,69,1185,10001,"[0, 100000]","[0, 100000]",0,0,341,292
yolov8x_training,1913.126325,83,248.844,13370.3125,95,2325,10001,"[0, 100000]","[0, 100000]",0,0,15234,33740
yolov8x_training,1914.169338,84,240.645,13370.3125,95,2610,10001,"[0, 100000]","[0, 100000]",0,0,3222,14746
yolov8x_training,1915.212520,86,255.506,13370.3125,100,1200,10001,"[0, 100000]","[0, 100000]",0,0,341,341
yolov8x_training,1916.272665,86,246.091,13370.3125,22,1035,10001,"[0, 100000]","[0, 100000]",0,0,15185,30615
yolov8x_training,1917.315637,84,237.611,13370.3125,71,1035,10001,"[0, 100000]","[0, 100000]",0,0,3222,11962
yolov8x_training,1918.358864,87,235.910,13370.3125,93,1155,10001,"[0, 100000]","[0, 100000]",0,0,341,292
yolov8x_training,1919.401489,85,237.677,13370.3125,96,1800,10001,"[0, 100000]","[0, 100000]",0,0,6591,104785
yolov8x_training,1920.458221,82,247.198,13370.3125,100,1830,10001,"[0, 100000]","[0, 100000]",0,0,3320,14941
yolov8x_training,1921.502304,84,248.307,13370.3125,33,1725,10001,"[0, 100000]","[0, 100000]",0,0,341,292
yolov8x_training,1922.545022,88,243.112,13370.3125,23,1215,10001,"[0, 100000]","[0, 100000]",0,0,6542,103466
yolov8x_training,1923.606265,86,238.836,13370.3125,60,1245,10001,"[0, 100000]","[0, 100000]",0,0,4980,15087
yolov8x_training,1924.649601,86,249.236,13370.3125,96,1485,10001,"[0, 100000]","[0, 100000]",0,0,341,292
yolov8x_training,1925.692265,85,241.658,13370.3125,100,1035,10001,"[0, 100000]","[0, 100000]",0,0,6054,103369
yolov8x_training,1926.758220,82,232.347,13370.3125,79,1155,10001,"[0, 100000]","[0, 100000]",0,0,4394,13281
yolov8x_training,1927.801411,84,248.379,13370.3125,40,1845,10001,"[0, 100000]","[0, 100000]",0,0,5126,292
yolov8x_training,1928.844053,87,240.216,13370.3125,23,1327,10001,"[0, 100000]","[0, 100000]",0,0,4101,35400
yolov8x_training,1929.902223,82,251.202,13370.3125,58,1140,10001,"[0, 100000]","[0, 100000]",0,0,4833,19628
yolov8x_training,1930.945471,86,248.228,13370.3125,94,1875,10001,"[0, 100000]","[0, 100000]",0,0,1464,292
yolov8x_training,1931.988181,85,241.817,13370.3125,100,1080,10001,"[0, 100000]","[0, 100000]",0,0,90527,35205
yolov8x_training,1933.058227,87,237.027,13370.3125,96,1380,10001,"[0, 100000]","[0, 100000]",0,0,4296,13427
yolov8x_training,1934.101358,86,235.991,13370.3125,31,1080,10001,"[0, 100000]","[0, 100000]",0,0,19628,292
yolov8x_training,1935.145366,83,244.563,13370.3125,15,1035,10001,"[0, 100000]","[0, 100000]",0,0,4394,103613
yolov8x_training,1936.221051,82,235.052,13370.3125,86,1800,10001,"[0, 100000]","[0, 100000]",0,0,3857,15625
yolov8x_training,1937.264010,86,239.367,13370.3125,100,2505,10001,"[0, 100000]","[0, 100000]",0,0,341,341
yolov8x_training,1938.306682,86,247.382,13370.3125,92,2610,10001,"[0, 100000]","[0, 100000]",0,0,2832,39843
yolov8x_training,1939.370629,82,252.657,13370.3125,47,1635,10001,"[0, 100000]","[0, 100000]",0,0,3076,25439
yolov8x_training,1940.413603,86,244.022,13370.3125,31,1680,10001,"[0, 100000]","[0, 100000]",0,0,19580,341
yolov8x_training,1941.456397,87,237.677,13370.3125,94,1110,10001,"[0, 100000]","[0, 100000]",0,0,6298,103759
yolov8x_training,1942.525259,86,237.050,13370.3125,95,1680,10001,"[0, 100000]","[0, 100000]",0,0,4150,15380
yolov8x_training,1943.568260,85,236.474,13370.3125,100,1065,10001,"[0, 100000]","[0, 100000]",0,0,292,292
yolov8x_training,1944.611105,82,250.908,13370.3125,85,1230,10001,"[0, 100000]","[0, 100000]",0,0,6787,103515
yolov8x_training,1945.677010,87,238.292,13370.3125,18,2520,10001,"[0, 100000]","[0, 100000]",0,0,2978,12597
yolov8x_training,1946.720032,86,246.784,13370.3125,57,1590,10001,"[0, 100000]","[0, 100000]",0,0,3906,292
yolov8x_training,1947.762773,87,248.746,13370.3125,96,1275,10001,"[0, 100000]","[0, 100000]",0,0,6542,103369
yolov8x_training,1948.831598,87,246.232,13370.3125,95,1110,10001,"[0, 100000]","[0, 100000]",0,0,4833,14306
yolov8x_training,1949.874709,86,237.344,13370.3125,100,1035,10001,"[0, 100000]","[0, 100000]",0,0,1220,292
yolov8x_training,1950.917491,87,226.676,13370.3125,82,1395,10001,"[0, 100000]","[0, 100000]",0,0,89257,19921
yolov8x_training,1951.960825,86,246.330,13370.3125,40,2325,10001,"[0, 100000]","[0, 100000]",0,0,4199,18505
yolov8x_training,1953.004217,83,244.140,13370.3125,27,2220,10001,"[0, 100000]","[0, 100000]",0,0,2636,36962
yolov8x_training,1954.047880,82,250.651,13370.3125,71,1065,10001,"[0, 100000]","[0, 100000]",0,0,341,1035839
yolov8x_training,1955.091992,87,248.798,13370.3125,94,2505,10001,"[0, 100000]","[0, 100000]",0,0,15478,33691
yolov8x_training,1956.135273,87,231.106,13370.3125,100,1185,10001,"[0, 100000]","[0, 100000]",0,0,2978,11962
yolov8x_training,1957.178671,88,250.195,13370.3125,76,1110,10001,"[0, 100000]","[0, 100000]",0,0,341,292
yolov8x_training,1958.234327,86,242.300,13370.3125,20,1050,10001,"[0, 100000]","[0, 100000]",0,0,15332,29638
yolov8x_training,1959.277474,82,234.255,13370.3125,93,1185,10001,"[0, 100000]","[0, 100000]",0,0,2978,12060
yolov8x_training,1960.320570,82,233.016,13370.3125,95,2370,10001,"[0, 100000]","[0, 100000]",0,0,341,292
yolov8x_training,1961.363176,86,237.585,13370.3125,100,1252,10001,"[0, 100000]","[0, 100000]",0,0,4199,36669
yolov8x_training,1962.416680,82,245.451,13370.3125,91,2505,10001,"[0, 100000]","[0, 100000]",0,0,4980,19042
yolov8x_training,1963.460129,86,251.158,13370.3125,59,1455,10001,"[0, 100000]","[0, 100000]",0,0,1855,292
yolov8x_training,1964.502957,87,248.914,13370.3125,30,1035,10001,"[0, 100000]","[0, 100000]",0,0,89404,20947
yolov8x_training,1965.546205,85,234.067,13370.3125,76,1080,10001,"[0, 100000]","[0, 100000]",0,0,3564,28955
yolov8x_training,1966.589374,82,241.583,13370.3125,95,1095,10001,"[0, 100000]","[0, 100000]",0,0,2148,927
yolov8x_training,1967.632378,82,238.302,13370.3125,95,1035,10001,"[0, 100000]","[0, 100000]",0,0,341,165966
yolov8x_training,1968.694361,86,231.894,13370.3125,100,1065,10001,"[0, 100000]","[0, 100000]",0,0,15429,34570
yolov8x_training,1969.737401,86,229.481,13370.3125,56,1170,10001,"[0, 100000]","[0, 100000]",0,0,3125,14794
yolov8x_training,1970.780488,87,231.074,13370.3125,36,1650,10001,"[0, 100000]","[0, 100000]",0,0,15185,28027
yolov8x_training,1971.823390,87,242.508,13370.3125,16,2565,10001,"[0, 100000]","[0, 100000]",0,0,89404,20996
yolov8x_training,1972.866690,87,246.354,13370.3125,50,1560,10001,"[0, 100000]","[0, 100000]",0,0,5175,17919
yolov8x_training,1973.909560,87,247.503,13370.3125,94,1560,10001,"[0, 100000]","[0, 100000]",0,0,2783,11767
yolov8x_training,1974.952492,87,246.988,13370.3125,96,1020,10001,"[0, 100000]","[0, 100000]",0,0,341,292
yolov8x_training,1976.017253,86,234.816,13370.3125,100,1065,10001,"[0, 100000]","[0, 100000]",0,0,15087,30517
yolov8x_training,1977.060661,83,234.086,13370.3125,67,1125,10001,"[0, 100000]","[0, 100000]",0,0,2636,9960
yolov8x_training,1978.103732,83,245.541,13370.3125,15,1035,10001,"[0, 100000]","[0, 100000]",0,0,341,244
yolov8x_training,1979.165705,83,231.895,13370.3125,56,1215,10001,"[0, 100000]","[0, 100000]",0,0,14990,34521
yolov8x_training,1980.209033,87,250.492,13370.3125,93,2295,10001,"[0, 100000]","[0, 100000]",0,0,3125,11914
yolov8x_training,1981.252701,87,242.387,13370.3125,93,2595,10001,"[0, 100000]","[0, 100000]",0,0,341,292
yolov8x_training,1982.295295,86,248.916,13370.3125,87,1065,10001,"[0, 100000]","[0, 100000]",0,0,3320,36328
yolov8x_training,1983.358874,87,247.539,13370.3125,18,1125,10001,"[0, 100000]","[0, 100000]",0,0,3417,14599
yolov8x_training,1984.402415,87,239.992,13370.3125,45,1035,10001,"[0, 100000]","[0, 100000]",0,0,341,292
yolov8x_training,1985.445352,84,232.023,13370.3125,96,1140,10001,"[0, 100000]","[0, 100000]",0,0,6396,104345
yolov8x_training,1986.504162,82,235.024,13370.3125,95,2250,10001,"[0, 100000]","[0, 100000]",0,0,4833,14746
yolov8x_training,1987.547349,85,243.158,13370.3125,100,1845,10001,"[0, 100000]","[0, 100000]",0,0,537,292
yolov8x_training,1988.590025,86,251.556,13370.3125,57,2175,10001,"[0, 100000]","[0, 100000]",0,0,3466,35400
yolov8x_training,1989.649796,88,248.124,13370.3125,14,1327,10001,"[0, 100000]","[0, 100000]",0,0,3564,15820
yolov8x_training,1990.693172,86,245.369,13370.3125,56,1905,10001,"[0, 100000]","[0, 100000]",0,0,341,292
yolov8x_training,1991.735750,84,246.542,13370.3125,94,1050,10001,"[0, 100000]","[0, 100000]",0,0,3271,37158
yolov8x_training,1992.795022,82,247.157,13370.3125,98,1035,10001,"[0, 100000]","[0, 100000]",0,0,4833,16943
yolov8x_training,1993.838129,87,231.720,13370.3125,100,1395,10001,"[0, 100000]","[0, 100000]",0,0,1171,292
yolov8x_training,1994.880891,82,237.412,13370.3125,55,2490,10001,"[0, 100000]","[0, 100000]",0,0,3027,38378
yolov8x_training,1995.943426,86,241.589,13370.3125,20,2640,10001,"[0, 100000]","[0, 100000]",0,0,4785,15869
yolov8x_training,1996.986483,87,249.170,13370.3125,66,1680,10001,"[0, 100000]","[0, 100000]",0,0,341,292
yolov8x_training,1998.029105,87,245.772,13370.3125,96,1080,10001,"[0, 100000]","[0, 100000]",0,0,3027,38085
yolov8x_training,1999.089848,87,243.605,13370.3125,100,592,10001,"[0, 100000]","[0, 100000]",0,0,4394,19677
yolov8x_training,2000.133044,84,229.962,13370.3125,97,1155,10001,"[0, 100000]","[0, 100000]",0,0,1123,292
yolov8x_training,2001.175780,82,244.258,13370.3125,42,1050,10001,"[0, 100000]","[0, 100000]",0,0,89648,22265
yolov8x_training,2002.249516,87,233.048,13370.3125,19,1575,10001,"[0, 100000]","[0, 100000]",0,0,3466,16113
yolov8x_training,2003.292573,87,230.227,13370.3125,96,2400,10001,"[0, 100000]","[0, 100000]",0,0,1123,292
yolov8x_training,2004.335278,87,245.692,13370.3125,95,2505,10001,"[0, 100000]","[0, 100000]",0,0,89355,20654
yolov8x_training,2005.378897,87,242.613,13370.3125,100,2505,10001,"[0, 100000]","[0, 100000]",0,0,6542,29492
yolov8x_training,2006.422056,87,255.918,13370.3125,62,1125,10001,"[0, 100000]","[0, 100000]",0,0,2636,9423
yolov8x_training,2007.465293,87,245.876,13370.3125,22,1020,10001,"[0, 100000]","[0, 100000]",0,0,292,292
yolov8x_training,2008.529647,86,238.853,13370.3125,57,1080,10001,"[0, 100000]","[0, 100000]",0,0,15185,33593
yolov8x_training,2009.572533,85,232.094,13370.3125,94,1245,10001,"[0, 100000]","[0, 100000]",0,0,3271,14404
yolov8x_training,2010.615556,83,226.642,13370.3125,95,1200,10001,"[0, 100000]","[0, 100000]",0,0,341,292
yolov8x_training,2011.658190,82,238.521,13370.3125,100,1050,10001,"[0, 100000]","[0, 100000]",0,0,90673,35400
yolov8x_training,2012.727283,88,234.692,13370.3125,97,1575,10001,"[0, 100000]","[0, 100000]",0,0,3710,22949
yolov8x_training,2013.770227,86,229.645,13370.3125,55,2325,10001,"[0, 100000]","[0, 100000]",0,0,9423,63134
yolov8x_training,2014.813181,88,247.335,13370.3125,18,2655,10001,"[0, 100000]","[0, 100000]",0,0,88720,15234
yolov8x_training,2015.856474,88,250.139,13370.3125,34,1200,10001,"[0, 100000]","[0, 100000]",0,0,4687,19335
yolov8x_training,2016.900172,87,248.427,13370.3125,95,1440,10001,"[0, 100000]","[0, 100000]",0,0,3173,11914
yolov8x_training,2017.943473,88,248.739,13370.3125,94,1050,10001,"[0, 100000]","[0, 100000]",0,0,537,292
yolov8x_training,2019.012804,86,231.856,13370.3125,100,1155,10001,"[0, 100000]","[0, 100000]",0,0,15332,26953
yolov8x_training,2020.055926,84,227.161,13370.3125,80,1980,10001,"[0, 100000]","[0, 100000]",0,0,3369,10742
yolov8x_training,2021.099174,82,232.317,13370.3125,40,1035,10001,"[0, 100000]","[0, 100000]",0,0,341,292
yolov8x_training,2022.141886,82,242.293,13370.3125,13,1035,10001,"[0, 100000]","[0, 100000]",0,0,89550,21484
yolov8x_training,2023.192911,85,233.095,13370.3125,44,1125,10001,"[0, 100000]","[0, 100000]",0,0,15527,27978
yolov8x_training,2024.236035,88,227.169,13370.3125,66,2010,10001,"[0, 100000]","[0, 100000]",0,0,4443,13818
yolov8x_training,2025.279160,87,249.094,13370.3125,94,2505,10001,"[0, 100000]","[0, 100000]",0,0,341,292
yolov8x_training,2026.321780,87,243.480,13370.3125,100,2460,10001,"[0, 100000]","[0, 100000]",0,0,7031,104736
yolov8x_training,2027.383664,85,252.943,13370.3125,72,1140,10001,"[0, 100000]","[0, 100000]",0,0,4882,15869
yolov8x_training,2028.426682,87,252.028,13370.3125,20,1080,10001,"[0, 100000]","[0, 100000]",0,0,634,341
yolov8x_training,2029.469577,87,243.158,13370.3125,26,1035,10001,"[0, 100000]","[0, 100000]",0,0,90039,23193
yolov8x_training,2030.546000,86,233.684,13370.3125,77,1350,10001,"[0, 100000]","[0, 100000]",0,0,3369,29833
yolov8x_training,2031.588974,83,227.897,13370.3125,95,1035,10001,"[0, 100000]","[0, 100000]",0,0,2148,121484
yolov8x_training,2032.632275,82,246.447,13370.3125,94,1080,10001,"[0, 100000]","[0, 100000]",0,0,390,849804
yolov8x_training,2033.698964,85,235.088,13370.3125,100,1200,10001,"[0, 100000]","[0, 100000]",0,0,15234,29736
yolov8x_training,2034.741834,87,229.483,13370.3125,100,1890,10001,"[0, 100000]","[0, 100000]",0,0,4833,15234
yolov8x_training,2035.784881,87,228.222,13370.3125,61,2415,10001,"[0, 100000]","[0, 100000]",0,0,2148,878
yolov8x_training,2036.827990,87,238.393,13370.3125,20,1320,10001,"[0, 100000]","[0, 100000]",0,0,90332,28027
yolov8x_training,2037.899392,87,246.435,13370.3125,47,1425,10001,"[0, 100000]","[0, 100000]",0,0,4980,18750
yolov8x_training,2038.942726,87,247.566,13370.3125,82,1080,10001,"[0, 100000]","[0, 100000]",0,0,2099,1318
yolov8x_training,2039.986123,87,245.662,13370.3125,95,1035,10001,"[0, 100000]","[0, 100000]",0,0,341,1041455
yolov8x_training,2041.028981,87,243.172,13370.3125,100,1155,10001,"[0, 100000]","[0, 100000]",0,0,4736,18652
yolov8x_training,2042.072111,84,231.040,13370.3125,85,1065,10001,"[0, 100000]","[0, 100000]",0,0,2783,10888
yolov8x_training,2043.115235,82,245.457,13370.3125,43,1065,10001,"[0, 100000]","[0, 100000]",0,0,341,292
yolov8x_training,2044.162921,87,245.805,13370.3125,16,1680,10001,"[0, 100000]","[0, 100000]",0,0,15625,33593
yolov8x_training,2045.206227,87,231.942,13370.3125,86,2430,10001,"[0, 100000]","[0, 100000]",0,0,3417,10791
yolov8x_training,2046.249308,88,240.944,13370.3125,93,1155,10001,"[0, 100000]","[0, 100000]",0,0,341,292
yolov8x_training,2047.291898,86,250.048,13370.3125,81,1125,10001,"[0, 100000]","[0, 100000]",0,0,6738,103857
yolov8x_training,2048.345899,84,253.277,13370.3125,38,1215,10001,"[0, 100000]","[0, 100000]",0,0,4394,17382
yolov8x_training,2049.389004,87,242.896,13370.3125,19,1035,10001,"[0, 100000]","[0, 100000]",0,0,6103,91064
yolov8x_training,2050.432839,86,240.229,13370.3125,69,1290,10001,"[0, 100000]","[0, 100000]",0,0,2978,38476
yolov8x_training,2051.498379,86,229.928,13370.3125,89,1860,10001,"[0, 100000]","[0, 100000]",0,0,4541,19189
yolov8x_training,2052.541488,83,228.909,13370.3125,93,2520,10001,"[0, 100000]","[0, 100000]",0,0,2636,9912
yolov8x_training,2053.584450,82,237.355,13370.3125,100,1080,10001,"[0, 100000]","[0, 100000]",0,0,292,292
yolov8x_training,2054.627038,87,245.038,13370.3125,100,1470,10001,"[0, 100000]","[0, 100000]",0,0,6787,102587
yolov8x_training,2055.692592,87,233.976,13370.3125,53,1260,10001,"[0, 100000]","[0, 100000]",0,0,3271,11474
yolov8x_training,2056.735572,87,239.220,13370.3125,8,2655,10001,"[0, 100000]","[0, 100000]",0,0,439,292
yolov8x_training,2057.778425,87,244.753,13370.3125,27,1155,10001,"[0, 100000]","[0, 100000]",0,0,89794,25341
yolov8x_training,2058.849944,86,251.898,13370.3125,85,1680,10001,"[0, 100000]","[0, 100000]",0,0,4541,19726
yolov8x_training,2059.893317,88,253.789,13370.3125,94,1110,10001,"[0, 100000]","[0, 100000]",0,0,1123,292
yolov8x_training,2060.936022,86,232.892,13370.3125,100,1650,10001,"[0, 100000]","[0, 100000]",0,0,89257,20263
yolov8x_training,2061.979826,83,230.478,13370.3125,83,2055,10001,"[0, 100000]","[0, 100000]",0,0,4101,29882
yolov8x_training,2063.023665,82,241.120,13370.3125,37,1327,10001,"[0, 100000]","[0, 100000]",0,0,1904,292
yolov8x_training,2064.066690,88,245.923,13370.3125,58,1110,10001,"[0, 100000]","[0, 100000]",0,0,89111,18505
yolov8x_training,2065.109729,87,254.337,13370.3125,94,2580,10001,"[0, 100000]","[0, 100000]",0,0,5371,20458
yolov8x_training,2066.153271,87,247.691,13370.3125,94,1545,10001,"[0, 100000]","[0, 100000]",0,0,2685,5371
yolov8x_training,2067.198776,86,247.260,13370.3125,100,1050,10001,"[0, 100000]","[0, 100000]",0,0,341,292
yolov8x_training,2068.241345,83,250.728,13370.3125,70,1020,10001,"[0, 100000]","[0, 100000]",0,0,5468,27783
yolov8x_training,2069.284390,85,238.064,13370.3125,61,1185,10001,"[0, 100000]","[0, 100000]",0,0,2832,11718
yolov8x_training,2070.327362,88,234.560,13370.3125,95,2370,10001,"[0, 100000]","[0, 100000]",0,0,341,292
yolov8x_training,2071.389279,82,244.870,13370.3125,96,2505,10001,"[0, 100000]","[0, 100000]",0,0,15234,33642
yolov8x_training,2072.432078,87,244.784,13370.3125,100,1710,10001,"[0, 100000]","[0, 100000]",0,0,2880,11132
yolov8x_training,2073.475343,88,250.572,13370.3125,34,1020,10001,"[0, 100000]","[0, 100000]",0,0,341,292
yolov8x_training,2074.534239,88,245.931,13370.3125,20,1080,10001,"[0, 100000]","[0, 100000]",0,0,15332,33642
yolov8x_training,2075.577274,86,237.019,13370.3125,62,1410,10001,"[0, 100000]","[0, 100000]",0,0,3369,13720
yolov8x_training,2076.620267,86,229.880,13370.3125,90,1080,10001,"[0, 100000]","[0, 100000]",0,0,341,292
yolov8x_training,2077.662984,83,234.666,13370.3125,95,1020,10001,"[0, 100000]","[0, 100000]",0,0,89550,21972
yolov8x_training,2078.710655,82,239.912,13370.3125,100,1200,10001,"[0, 100000]","[0, 100000]",0,0,15136,31445
yolov8x_training,2079.753656,87,235.163,13370.3125,97,2355,10001,"[0, 100000]","[0, 100000]",0,0,2880,11767
yolov8x_training,2080.796671,88,253.510,13370.3125,39,1755,10001,"[0, 100000]","[0, 100000]",0,0,341,292
yolov8x_training,2081.839356,87,242.480,13370.3125,14,1470,10001,"[0, 100000]","[0, 100000]",0,0,6250,103515
yolov8x_training,2082.901133,87,244.554,13370.3125,46,1650,10001,"[0, 100000]","[0, 100000]",0,0,4980,15771
yolov8x_training,2083.944136,87,254.035,13370.3125,87,1020,10001,"[0, 100000]","[0, 100000]",0,0,1074,341
yolov8x_training,2084.987323,87,232.225,13370.3125,95,1080,10001,"[0, 100000]","[0, 100000]",0,0,3808,35058
yolov8x_training,2086.048156,86,235.458,13370.3125,100,1905,10001,"[0, 100000]","[0, 100000]",0,0,3808,17822
yolov8x_training,2087.091601,83,234.868,13370.3125,75,1035,10001,"[0, 100000]","[0, 100000]",0,0,341,292
yolov8x_training,2088.134242,82,254.569,13370.3125,94,1110,10001,"[0, 100000]","[0, 100000]",0,0,89648,22656
yolov8x_training,2089.209003,86,237.379,13370.3125,95,1125,10001,"[0, 100000]","[0, 100000]",0,0,3369,27978
yolov8x_training,2090.252129,87,244.102,13370.3125,99,2415,10001,"[0, 100000]","[0, 100000]",0,0,2246,3271
yolov8x_training,2091.295069,87,252.827,13370.3125,69,1170,10001,"[0, 100000]","[0, 100000]",0,0,341,1031201
yolov8x_training,2092.346181,87,243.841,13370.3125,22,1335,10001,"[0, 100000]","[0, 100000]",0,0,15380,34033
yolov8x_training,2093.389539,86,244.489,13370.3125,46,1260,10001,"[0, 100000]","[0, 100000]",0,0,3417,10888
yolov8x_training,2094.432860,87,246.601,13370.3125,78,1050,10001,"[0, 100000]","[0, 100000]",0,0,341,292
yolov8x_training,2095.475441,88,227.238,13370.3125,93,1125,10001,"[0, 100000]","[0, 100000]",0,0,4150,36474
yolov8x_training,2096.531037,86,236.167,13370.3125,95,1440,10001,"[0, 100000]","[0, 100000]",0,0,4345,23095
yolov8x_training,2097.574212,84,241.271,13370.3125,100,2355,10001,"[0, 100000]","[0, 100000]",0,0,2685,28662
yolov8x_training,2098.617593,83,246.693,13370.3125,84,1035,10001,"[0, 100000]","[0, 100000]",0,0,341,292
yolov8x_training,2099.660141,82,250.495,13370.3125,49,1200,10001,"[0, 100000]","[0, 100000]",0,0,6396,104931
yolov8x_training,2100.715302,87,238.090,13370.3125,14,2385,10001,"[0, 100000]","[0, 100000]",0,0,3710,15527
yolov8x_training,2101.758210,87,249.997,13370.3125,73,2655,10001,"[0, 100000]","[0, 100000]",0,0,341,292
yolov8x_training,2102.800857,87,251.411,13370.3125,93,1350,10001,"[0, 100000]","[0, 100000]",0,0,3955,35400
yolov8x_training,2103.856391,86,243.034,13370.3125,95,1185,10001,"[0, 100000]","[0, 100000]",0,0,3955,26757
yolov8x_training,2104.899616,86,237.921,13370.3125,100,1065,10001,"[0, 100000]","[0, 100000]",0,0,2685,11474
yolov8x_training,2105.942753,87,234.046,13370.3125,97,1035,10001,"[0, 100000]","[0, 100000]",0,0,341,341
yolov8x_training,2106.985441,88,226.229,13370.3125,55,1185,10001,"[0, 100000]","[0, 100000]",0,0,6591,103320
yolov8x_training,2108.041419,86,234.976,13370.3125,15,2370,10001,"[0, 100000]","[0, 100000]",0,0,3613,23046
yolov8x_training,2109.084424,84,243.726,13370.3125,27,1020,10001,"[0, 100000]","[0, 100000]",0,0,19580,585
yolov8x_training,2110.127380,83,246.161,13370.3125,66,1065,10001,"[0, 100000]","[0, 100000]",0,0,341,1037451
yolov8x_training,2111.180140,83,238.433,13370.3125,95,1335,10001,"[0, 100000]","[0, 100000]",0,0,15429,36035
yolov8x_training,2112.223065,87,245.683,13370.3125,92,2565,10001,"[0, 100000]","[0, 100000]",0,0,3076,11621
yolov8x_training,2113.266169,87,251.988,13370.3125,100,1140,10001,"[0, 100000]","[0, 100000]",0,0,341,341
yolov8x_training,2114.330611,87,250.084,13370.3125,11,1035,10001,"[0, 100000]","[0, 100000]",0,0,15234,28369
yolov8x_training,2115.373556,86,233.766,13370.3125,69,1035,10001,"[0, 100000]","[0, 100000]",0,0,2685,11425
yolov8x_training,2116.416654,87,232.395,13370.3125,93,1155,10001,"[0, 100000]","[0, 100000]",0,0,292,292
yolov8x_training,2117.466890,86,235.721,13370.3125,98,1350,10001,"[0, 100000]","[0, 100000]",0,0,15234,31152
yolov8x_training,2118.509809,83,243.573,13370.3125,100,2655,10001,"[0, 100000]","[0, 100000]",0,0,3076,12890
yolov8x_training,2119.552894,82,255.683,13370.3125,50,1620,10001,"[0, 100000]","[0, 100000]",0,0,341,292
yolov8x_training,2120.595541,85,245.667,13370.3125,38,2505,10001,"[0, 100000]","[0, 100000]",0,0,6347,103613
yolov8x_training,2121.649825,87,235.385,13370.3125,76,1125,10001,"[0, 100000]","[0, 100000]",0,0,3222,13476
yolov8x_training,2122.692764,87,249.463,13370.3125,95,1140,10001,"[0, 100000]","[0, 100000]",0,0,341,292
yolov8x_training,2123.735379,86,238.713,13370.3125,100,1035,10001,"[0, 100000]","[0, 100000]",0,0,6835,103466
yolov8x_training,2124.801423,83,234.957,13370.3125,95,1140,10001,"[0, 100000]","[0, 100000]",0,0,3222,11816
yolov8x_training,2125.845193,87,247.966,13370.3125,20,2055,10001,"[0, 100000]","[0, 100000]",0,0,341,292
yolov8x_training,2126.887764,83,247.398,13370.3125,34,2505,10001,"[0, 100000]","[0, 100000]",0,0,6738,102343
yolov8x_training,2127.954846,85,252.164,13370.3125,87,1890,10001,"[0, 100000]","[0, 100000]",0,0,2832,11865
yolov8x_training,2128.997925,88,247.367,13370.3125,95,1065,10001,"[0, 100000]","[0, 100000]",0,0,341,341
yolov8x_training,2130.067798,88,239.400,13370.3125,100,1020,10001,"[0, 100000]","[0, 100000]",0,0,15478,33691
yolov8x_training,2131.110724,87,233.022,13370.3125,65,1350,10001,"[0, 100000]","[0, 100000]",0,0,3417,10937
yolov8x_training,2132.154262,85,240.451,13370.3125,20,1020,10001,"[0, 100000]","[0, 100000]",0,0,341,341
yolov8x_training,2133.221526,82,229.719,13370.3125,55,1140,10001,"[0, 100000]","[0, 100000]",0,0,15234,26904
yolov8x_training,2134.264442,82,230.963,13370.3125,95,1950,10001,"[0, 100000]","[0, 100000]",0,0,3466,16992
yolov8x_training,2135.307388,86,239.321,13370.3125,98,2520,10001,"[0, 100000]","[0, 100000]",0,0,927,292
yolov8x_training,2136.350068,86,245.046,13370.3125,100,2610,10001,"[0, 100000]","[0, 100000]",0,0,90234,28320
yolov8x_training,2137.419925,82,252.061,13370.3125,59,1875,10001,"[0, 100000]","[0, 100000]",0,0,4003,23974
yolov8x_training,2138.462773,87,247.232,13370.3125,21,1185,10001,"[0, 100000]","[0, 100000]",0,0,2441,1220
yolov8x_training,2139.506916,86,240.927,13370.3125,54,1035,10001,"[0, 100000]","[0, 100000]",0,0,292,1032031
yolov8x_training,2140.554413,87,229.414,13370.3125,82,1035,10001,"[0, 100000]","[0, 100000]",0,0,15478,33935
yolov8x_training,2141.597733,87,227.082,13370.3125,94,1275,10001,"[0, 100000]","[0, 100000]",0,0,3564,15429
yolov8x_training,2142.640692,86,238.636,13370.3125,96,1095,10001,"[0, 100000]","[0, 100000]",0,0,341,292
yolov8x_training,2143.683333,84,242.530,13370.3125,100,1005,10001,"[0, 100000]","[0, 100000]",0,0,90380,35791
yolov8x_training,2144.749826,82,232.095,13370.3125,58,1380,10001,"[0, 100000]","[0, 100000]",0,0,4345,18017
yolov8x_training,2145.793165,87,239.806,13370.3125,17,2325,10001,"[0, 100000]","[0, 100000]",0,0,18554,292
yolov8x_training,2146.835970,85,244.111,13370.3125,43,2505,10001,"[0, 100000]","[0, 100000]",0,0,89599,22314
yolov8x_training,2147.911551,82,249.040,13370.3125,78,1620,10001,"[0, 100000]","[0, 100000]",0,0,3466,27441
yolov8x_training,2148.954506,85,245.588,13370.3125,95,1260,10001,"[0, 100000]","[0, 100000]",0,0,2783,7666
yolov8x_training,2149.997666,86,242.828,13370.3125,100,1065,10001,"[0, 100000]","[0, 100000]",0,0,341,1036865
yolov8x_training,2151.040497,87,237.568,13370.3125,92,1125,10001,"[0, 100000]","[0, 100000]",0,0,7080,22900
yolov8x_training,2152.083611,86,238.229,13370.3125,44,2370,10001,"[0, 100000]","[0, 100000]",0,0,2539,8056
yolov8x_training,2153.126692,83,246.459,13370.3125,31,1110,10001,"[0, 100000]","[0, 100000]",0,0,341,1034960
yolov8x_training,2154.192560,82,229.467,13370.3125,94,1230,10001,"[0, 100000]","[0, 100000]",0,0,15234,29345
yolov8x_training,2155.235585,86,236.556,13370.3125,94,2505,10001,"[0, 100000]","[0, 100000]",0,0,3125,11523
yolov8x_training,2156.278723,86,249.920,13370.3125,100,2655,10001,"[0, 100000]","[0, 100000]",0,0,390,292
yolov8x_training,2157.340666,87,251.499,13370.3125,34,1065,10001,"[0, 100000]","[0, 100000]",0,0,15039,29345
yolov8x_training,2158.383928,86,242.736,13370.3125,29,1050,10001,"[0, 100000]","[0, 100000]",0,0,3222,11083
yolov8x_training,2159.427382,87,236.544,13370.3125,71,1065,10001,"[0, 100000]","[0, 100000]",0,0,341,292
yolov8x_training,2160.469921,87,233.582,13370.3125,95,1215,10001,"[0, 100000]","[0, 100000]",0,0,3076,37988
yolov8x_training,2161.533206,86,233.037,13370.3125,95,2160,10001,"[0, 100000]","[0, 100000]",0,0,4003,24072
yolov8x_training,2162.576349,84,239.747,13370.3125,100,1327,10001,"[0, 100000]","[0, 100000]",0,0,1855,292
yolov8x_training,2163.619353,82,247.850,13370.3125,77,1995,10001,"[0, 100000]","[0, 100000]",0,0,89013,18408
yolov8x_training,2164.662495,87,250.181,13370.3125,22,2505,10001,"[0, 100000]","[0, 100000]",0,0,4052,28808
yolov8x_training,2165.706195,85,246.996,13370.3125,46,1410,10001,"[0, 100000]","[0, 100000]",0,0,2636,8007
yolov8x_training,2166.749358,87,247.411,13370.3125,82,742,10001,"[0, 100000]","[0, 100000]",0,0,341,292
yolov8x_training,2167.821262,87,243.489,13370.3125,96,1095,10001,"[0, 100000]","[0, 100000]",0,0,15136,34716
yolov8x_training,2168.864605,83,244.643,13370.3125,98,1020,10001,"[0, 100000]","[0, 100000]",0,0,2978,10351
yolov8x_training,2169.908191,84,230.892,13370.3125,99,1170,10001,"[0, 100000]","[0, 100000]",0,0,292,292
yolov8x_training,2170.964749,82,249.010,13370.3125,46,2235,10001,"[0, 100000]","[0, 100000]",0,0,15136,33056
yolov8x_training,2172.007707,84,241.448,13370.3125,2,1252,10001,"[0, 100000]","[0, 100000]",0,0,4541,14257
yolov8x_training,2173.050673,87,246.656,13370.3125,59,1425,10001,"[0, 100000]","[0, 100000]",0,0,634,292
yolov8x_training,2174.093673,87,252.663,13370.3125,94,2235,10001,"[0, 100000]","[0, 100000]",0,0,90283,28369
yolov8x_training,2175.165220,87,246.953,13370.3125,95,2655,10001,"[0, 100000]","[0, 100000]",0,0,3662,21923
yolov8x_training,2176.208280,86,249.234,13370.3125,100,1185,10001,"[0, 100000]","[0, 100000]",0,0,5908,92285
yolov8x_training,2177.251643,83,245.520,13370.3125,89,1425,10001,"[0, 100000]","[0, 100000]",0,0,89013,18261
yolov8x_training,2178.300416,82,245.896,13370.3125,13,1080,10001,"[0, 100000]","[0, 100000]",0,0,15429,33105
yolov8x_training,2179.343281,84,237.946,13370.3125,59,1035,10001,"[0, 100000]","[0, 100000]",0,0,3076,13281
yolov8x_training,2180.386291,88,230.172,13370.3125,83,1290,10001,"[0, 100000]","[0, 100000]",0,0,341,341
yolov8x_training,2181.428941,82,246.553,13370.3125,93,1995,10001,"[0, 100000]","[0, 100000]",0,0,5517,102099
yolov8x_training,2182.498753,87,247.117,13370.3125,100,1327,10001,"[0, 100000]","[0, 100000]",0,0,3173,10986
yolov8x_training,2183.542254,86,251.125,13370.3125,61,1125,10001,"[0, 100000]","[0, 100000]",0,0,292,292
yolov8x_training,2184.584860,87,246.621,13370.3125,20,1125,10001,"[0, 100000]","[0, 100000]",0,0,6542,103857
yolov8x_training,2185.642126,86,235.512,13370.3125,56,1260,10001,"[0, 100000]","[0, 100000]",0,0,4296,17041
yolov8x_training,2186.685029,83,231.208,13370.3125,95,1455,10001,"[0, 100000]","[0, 100000]",0,0,341,292
yolov8x_training,2187.727652,82,245.933,13370.3125,95,1095,10001,"[0, 100000]","[0, 100000]",0,0,3369,36669
yolov8x_training,2188.789555,86,230.658,13370.3125,100,1065,10001,"[0, 100000]","[0, 100000]",0,0,4638,19970
yolov8x_training,2189.832543,87,228.659,13370.3125,84,1380,10001,"[0, 100000]","[0, 100000]",0,0,2197,390
yolov8x_training,2190.875482,87,236.472,13370.3125,40,2505,10001,"[0, 100000]","[0, 100000]",0,0,89794,24658
yolov8x_training,2191.947233,87,245.034,13370.3125,55,2505,10001,"[0, 100000]","[0, 100000]",0,0,4785,18457
yolov8x_training,2192.990452,86,253.812,13370.3125,90,1215,10001,"[0, 100000]","[0, 100000]",0,0,1464,292
yolov8x_training,2194.033302,88,246.291,13370.3125,94,1140,10001,"[0, 100000]","[0, 100000]",0,0,59960,101171
yolov8x_training,2195.076034,86,240.023,13370.3125,100,1035,10001,"[0, 100000]","[0, 100000]",0,0,5029,28076
yolov8x_training,2196.119287,86,229.991,13370.3125,100,1380,10001,"[0, 100000]","[0, 100000]",0,0,3613,15820
yolov8x_training,2197.162300,83,227.385,13370.3125,68,1110,10001,"[0, 100000]","[0, 100000]",0,0,292,341
yolov8x_training,2198.204912,82,241.989,13370.3125,21,1035,10001,"[0, 100000]","[0, 100000]",0,0,89062,16796
yolov8x_training,2199.248181,85,231.680,13370.3125,19,1170,10001,"[0, 100000]","[0, 100000]",0,0,6396,24804
yolov8x_training,2200.291185,85,226.824,13370.3125,65,2265,10001,"[0, 100000]","[0, 100000]",0,0,2978,12060
yolov8x_training,2201.334675,87,238.282,13370.3125,96,2475,10001,"[0, 100000]","[0, 100000]",0,0,341,292
yolov8x_training,2202.377266,87,241.553,13370.3125,100,1650,10001,"[0, 100000]","[0, 100000]",0,0,6982,105566
yolov8x_training,2203.440711,84,249.651,13370.3125,80,1140,10001,"[0, 100000]","[0, 100000]",0,0,3759,16455
yolov8x_training,2204.483798,87,248.081,13370.3125,32,1035,10001,"[0, 100000]","[0, 100000]",0,0,341,292
yolov8x_training,2205.526456,86,239.976,13370.3125,54,1080,10001,"[0, 100000]","[0, 100000]",0,0,4052,35839
yolov8x_training,2206.580691,83,235.276,13370.3125,94,1800,10001,"[0, 100000]","[0, 100000]",0,0,3906,15625
yolov8x_training,2207.624059,82,233.623,13370.3125,95,1020,10001,"[0, 100000]","[0, 100000]",0,0,341,244
yolov8x_training,2208.666652,85,241.972,13370.3125,100,1155,10001,"[0, 100000]","[0, 100000]",0,0,3759,36035
yolov8x_training,2209.723825,84,241.458,13370.3125,74,2385,10001,"[0, 100000]","[0, 100000]",0,0,4638,19042
yolov8x_training,2210.767128,87,236.287,13370.3125,11,2505,10001,"[0, 100000]","[0, 100000]",0,0,1464,292
yolov8x_training,2211.809897,86,251.571,13370.3125,48,1170,10001,"[0, 100000]","[0, 100000]",0,0,73388,15771
yolov8x_training,2212.853126,85,240.783,13370.3125,88,1215,10001,"[0, 100000]","[0, 100000]",0,0,12744,32861
yolov8x_training,2213.896678,82,245.072,13370.3125,94,1080,10001,"[0, 100000]","[0, 100000]",0,0,3076,12500
yolov8x_training,2214.939981,86,241.926,13370.3125,100,1020,10001,"[0, 100000]","[0, 100000]",0,0,341,341
yolov8x_training,2215.982584,86,235.016,13370.3125,100,1215,10001,"[0, 100000]","[0, 100000]",0,0,3320,36035
yolov8x_training,2217.047133,83,229.586,13370.3125,75,2280,10001,"[0, 100000]","[0, 100000]",0,0,3076,24511
yolov8x_training,2218.090038,82,232.329,13370.3125,38,2505,10001,"[0, 100000]","[0, 100000]",0,0,2832,35693
yolov8x_training,2219.133515,84,236.250,13370.3125,14,1095,10001,"[0, 100000]","[0, 100000]",0,0,341,1028222
yolov8x_training,2220.199078,86,233.125,13370.3125,61,1815,10001,"[0, 100000]","[0, 100000]",0,0,15722,35302
yolov8x_training,2221.242427,86,233.908,13370.3125,90,2580,10001,"[0, 100000]","[0, 100000]",0,0,2929,12695
yolov8x_training,2222.285638,87,238.825,13370.3125,95,2610,10001,"[0, 100000]","[0, 100000]",0,0,390,292
yolov8x_training,2223.328427,86,244.603,13370.3125,100,1155,10001,"[0, 100000]","[0, 100000]",0,0,50732,39404
yolov8x_training,2224.392261,84,251.672,13370.3125,40,1140,10001,"[0, 100000]","[0, 100000]",0,0,4882,15185
yolov8x_training,2225.435328,87,247.068,13370.3125,19,1035,10001,"[0, 100000]","[0, 100000]",0,0,683,292
yolov8x_training,2226.478117,86,235.356,13370.3125,64,1110,10001,"[0, 100000]","[0, 100000]",0,0,2978,39501
yolov8x_training,2227.543006,83,237.271,13370.3125,95,2385,10001,"[0, 100000]","[0, 100000]",0,0,3369,28857
yolov8x_training,2228.586008,82,233.344,13370.3125,96,1282,10001,"[0, 100000]","[0, 100000]",0,0,2587,3320
yolov8x_training,2229.629006,86,247.325,13370.3125,100,1170,10001,"[0, 100000]","[0, 100000]",0,0,292,390576
yolov8x_training,2230.688000,87,243.097,13370.3125,94,1920,10001,"[0, 100000]","[0, 100000]",0,0,15332,34472
yolov8x_training,2231.731438,86,231.891,13370.3125,55,2520,10001,"[0, 100000]","[0, 100000]",0,0,3125,12158
yolov8x_training,2232.774718,87,239.149,13370.3125,21,2505,10001,"[0, 100000]","[0, 100000]",0,0,341,292
yolov8x_training,2233.817453,86,250.125,13370.3125,73,1185,10001,"[0, 100000]","[0, 100000]",0,0,6640,102734
yolov8x_training,2234.881204,82,249.515,13370.3125,95,1050,10001,"[0, 100000]","[0, 100000]",0,0,2783,12402
yolov8x_training,2235.924370,86,236.362,13370.3125,100,1170,10001,"[0, 100000]","[0, 100000]",0,0,292,341
yolov8x_training,2236.996397,83,231.476,13370.3125,92,2505,10001,"[0, 100000]","[0, 100000]",0,0,15478,34912
yolov8x_training,2238.039455,82,234.066,13370.3125,42,1252,10001,"[0, 100000]","[0, 100000]",0,0,3125,12646
yolov8x_training,2239.082474,84,238.612,13370.3125,24,2130,10001,"[0, 100000]","[0, 100000]",0,0,341,292
yolov8x_training,2240.125073,86,250.253,13370.3125,60,2175,10001,"[0, 100000]","[0, 100000]",0,0,3906,35253
yolov8x_training,2241.183702,87,245.230,13370.3125,94,2655,10001,"[0, 100000]","[0, 100000]",0,0,3369,24707
yolov8x_training,2242.227018,87,238.767,13370.3125,95,1860,10001,"[0, 100000]","[0, 100000]",0,0,2392,57470
yolov8x_training,2243.270363,86,241.990,13370.3125,100,1185,10001,"[0, 100000]","[0, 100000]",0,0,292,292
yolov8x_training,2244.326828,85,244.300,13370.3125,53,1065,10001,"[0, 100000]","[0, 100000]",0,0,15380,28222
yolov8x_training,2245.369687,82,247.646,13370.3125,21,1035,10001,"[0, 100000]","[0, 100000]",0,0,3271,11035
yolov8x_training,2246.412560,86,237.921,13370.3125,59,1440,10001,"[0, 100000]","[0, 100000]",0,0,341,292
yolov8x_training,2247.455308,83,226.944,13370.3125,94,2490,10001,"[0, 100000]","[0, 100000]",0,0,5566,104199
yolov8x_training,2248.521819,81,250.331,13370.3125,96,2400,10001,"[0, 100000]","[0, 100000]",0,0,3076,12646
yolov8x_training,2249.564840,86,242.870,13370.3125,100,1230,10001,"[0, 100000]","[0, 100000]",0,0,341,292
yolov8x_training,2250.607409,85,248.296,13370.3125,68,2520,10001,"[0, 100000]","[0, 100000]",0,0,3173,39208
yolov8x_training,2251.674377,86,246.128,13370.3125,35,2505,10001,"[0, 100000]","[0, 100000]",0,0,3808,33154
yolov8x_training,2252.717963,87,248.537,13370.3125,33,1350,10001,"[0, 100000]","[0, 100000]",0,0,781,341
yolov8x_training,2253.761199,84,250.242,13370.3125,94,1155,10001,"[0, 100000]","[0, 100000]",0,0,3027,37792
yolov8x_training,2254.824826,82,244.618,13370.3125,95,1035,10001,"[0, 100000]","[0, 100000]",0,0,4003,15673
yolov8x_training,2255.869867,87,235.428,13370.3125,100,1200,10001,"[0, 100000]","[0, 100000]",0,0,390,341
yolov8x_training,2256.912551,83,227.315,13370.3125,74,1785,10001,"[0, 100000]","[0, 100000]",0,0,71582,38818
yolov8x_training,2257.976195,82,236.762,13370.3125,15,2220,10001,"[0, 100000]","[0, 100000]",0,0,3271,27099
yolov8x_training,2259.019130,86,242.814,13370.3125,34,1155,10001,"[0, 100000]","[0, 100000]",0,0,2636,4980
yolov8x_training,2260.062415,86,249.438,13370.3125,75,1065,10001,"[0, 100000]","[0, 100000]",0,0,341,1033447
yolov8x_training,2261.105134,87,245.241,13370.3125,94,1530,10001,"[0, 100000]","[0, 100000]",0,0,7226,26904
yolov8x_training,2262.148306,86,242.041,13370.3125,100,1830,10001,"[0, 100000]","[0, 100000]",0,0,2734,9667
yolov8x_training,2263.191694,83,233.867,13370.3125,79,1065,10001,"[0, 100000]","[0, 100000]",0,0,390,244
yolov8x_training,2264.249479,82,245.717,13370.3125,36,1050,10001,"[0, 100000]","[0, 100000]",0,0,15283,34619
yolov8x_training,2265.292920,87,229.190,13370.3125,37,2145,10001,"[0, 100000]","[0, 100000]",0,0,2832,10888
yolov8x_training,2266.335961,88,235.439,13370.3125,96,2610,10001,"[0, 100000]","[0, 100000]",0,0,341,292
yolov8x_training,2267.395525,87,239.151,13370.3125,100,1125,10001,"[0, 100000]","[0, 100000]",0,0,15136,32519
yolov8x_training,2268.438885,85,249.250,13370.3125,76,1290,10001,"[0, 100000]","[0, 100000]",0,0,2978,12060
yolov8x_training,2269.482260,87,247.445,13370.3125,23,1095,10001,"[0, 100000]","[0, 100000]",0,0,341,292
yolov8x_training,2270.549385,87,245.600,13370.3125,36,1155,10001,"[0, 100000]","[0, 100000]",0,0,15234,34570
yolov8x_training,2271.592447,83,231.308,13370.3125,94,2010,10001,"[0, 100000]","[0, 100000]",0,0,3027,10058
yolov8x_training,2272.635669,82,245.389,13370.3125,94,1095,10001,"[0, 100000]","[0, 100000]",0,0,341,292
yolov8x_training,2273.686453,87,244.469,13370.3125,100,1605,10001,"[0, 100000]","[0, 100000]",0,0,15234,33593
yolov8x_training,2274.729658,86,232.311,13370.3125,63,1267,10001,"[0, 100000]","[0, 100000]",0,0,3466,10449
yolov8x_training,2275.773320,87,235.904,13370.3125,14,1665,10001,"[0, 100000]","[0, 100000]",0,0,341,341
yolov8x_training,2276.816002,86,238.541,13370.3125,50,1710,10001,"[0, 100000]","[0, 100000]",0,0,89062,18164
yolov8x_training,2277.859342,86,249.407,13370.3125,72,1185,10001,"[0, 100000]","[0, 100000]",0,0,4345,16748
yolov8x_training,2278.902449,83,245.549,13370.3125,95,1035,10001,"[0, 100000]","[0, 100000]",0,0,2978,11962
yolov8x_training,2279.945702,87,244.860,13370.3125,96,1155,10001,"[0, 100000]","[0, 100000]",0,0,341,292
yolov8x_training,2281.019755,86,236.280,13370.3125,100,2055,10001,"[0, 100000]","[0, 100000]",0,0,15429,32226
yolov8x_training,2282.062787,82,232.251,13370.3125,60,1305,10001,"[0, 100000]","[0, 100000]",0,0,3271,10986
yolov8x_training,2283.105651,82,239.785,13370.3125,12,1260,10001,"[0, 100000]","[0, 100000]",0,0,341,292
yolov8x_training,2284.148267,87,244.785,13370.3125,47,2085,10001,"[0, 100000]","[0, 100000]",0,0,6982,102685
yolov8x_training,2285.212856,86,231.770,13370.3125,82,2655,10001,"[0, 100000]","[0, 100000]",0,0,3027,13085
yolov8x_training,2286.255833,87,247.455,13370.3125,94,1110,10001,"[0, 100000]","[0, 100000]",0,0,341,292
yolov8x_training,2287.298402,86,240.190,13370.3125,100,1080,10001,"[0, 100000]","[0, 100000]",0,0,6982,104052
yolov8x_training,2288.364414,83,248.760,13370.3125,26,1050,10001,"[0, 100000]","[0, 100000]",0,0,3906,16503
yolov8x_training,2289.407667,82,231.242,13370.3125,38,1350,10001,"[0, 100000]","[0, 100000]",0,0,341,292
yolov8x_training,2290.450445,84,238.047,13370.3125,88,2280,10001,"[0, 100000]","[0, 100000]",0,0,4150,36132
yolov8x_training,2291.507927,82,248.080,13370.3125,95,1312,10001,"[0, 100000]","[0, 100000]",0,0,4785,19091
yolov8x_training,2292.551278,82,235.884,13370.3125,99,1155,10001,"[0, 100000]","[0, 100000]",0,0,1611,292
yolov8x_training,2293.594121,86,246.783,13370.3125,13,1545,10001,"[0, 100000]","[0, 100000]",0,0,88720,16503
yolov8x_training,2294.638619,86,236.985,13370.3125,47,1297,10001,"[0, 100000]","[0, 100000]",0,0,15136,33496
yolov8x_training,2295.681995,86,244.209,13370.3125,95,1710,10001,"[0, 100000]","[0, 100000]",0,0,4296,13281
yolov8x_training,2296.725112,87,247.629,13370.3125,94,1605,10001,"[0, 100000]","[0, 100000]",0,0,8642,292
yolov8x_training,2297.767796,86,238.434,13370.3125,100,1050,10001,"[0, 100000]","[0, 100000]",0,0,3417,36181
yolov8x_training,2298.829059,83,244.295,13370.3125,100,1050,10001,"[0, 100000]","[0, 100000]",0,0,3515,29052
yolov8x_training,2299.871949,82,230.155,13370.3125,69,1155,10001,"[0, 100000]","[0, 100000]",0,0,2539,3417
yolov8x_training,2300.914781,86,236.701,13370.3125,11,2055,10001,"[0, 100000]","[0, 100000]",0,0,341,1033691
yolov8x_training,2301.971556,82,245.185,13370.3125,37,1267,10001,"[0, 100000]","[0, 100000]",0,0,14892,29150
yolov8x_training,2303.014521,82,233.769,13370.3125,87,1125,10001,"[0, 100000]","[0, 100000]",0,0,2734,11865
yolov8x_training,2304.057712,88,246.941,13370.3125,95,1725,10001,"[0, 100000]","[0, 100000]",0,0,341,292
yolov8x_training,2305.100267,85,240.320,13370.3125,99,1170,10001,"[0, 100000]","[0, 100000]",0,0,4443,105078
yolov8x_training,2306.172318,87,250.513,13370.3125,100,2100,10001,"[0, 100000]","[0, 100000]",0,0,3417,16308
yolov8x_training,2307.215441,86,247.649,13370.3125,52,1560,10001,"[0, 100000]","[0, 100000]",0,0,341,292
yolov8x_training,2308.258141,84,241.764,13370.3125,11,1095,10001,"[0, 100000]","[0, 100000]",0,0,4003,35791
yolov8x_training,2309.316771,82,230.111,13370.3125,95,1110,10001,"[0, 100000]","[0, 100000]",0,0,3857,16064
yolov8x_training,2310.360177,84,232.589,13370.3125,95,1830,10001,"[0, 100000]","[0, 100000]",0,0,1611,292
yolov8x_training,2311.402943,87,235.986,13370.3125,100,1995,10001,"[0, 100000]","[0, 100000]",0,0,341,1035498
yolov8x_training,2312.447414,82,248.004,13370.3125,96,1327,10001,"[0, 100000]","[0, 100000]",0,0,15136,32177
yolov8x_training,2313.490325,84,252.559,13370.3125,40,1125,10001,"[0, 100000]","[0, 100000]",0,0,2880,10498
yolov8x_training,2314.533522,86,246.378,13370.3125,31,1140,10001,"[0, 100000]","[0, 100000]",0,0,341,292
yolov8x_training,2315.605809,87,233.944,13370.3125,74,1095,10001,"[0, 100000]","[0, 100000]",0,0,15478,31054
yolov8x_training,2316.649006,87,233.116,13370.3125,96,1440,10001,"[0, 100000]","[0, 100000]",0,0,3027,10937
yolov8x_training,2317.691795,85,238.677,13370.3125,100,1035,10001,"[0, 100000]","[0, 100000]",0,0,341,341
yolov8x_training,2318.762341,82,229.376,13370.3125,100,1035,10001,"[0, 100000]","[0, 100000]",0,0,15185,33154
yolov8x_training,2319.805293,84,233.913,13370.3125,37,2160,10001,"[0, 100000]","[0, 100000]",0,0,2929,13378
yolov8x_training,2320.848161,87,238.043,13370.3125,14,2400,10001,"[0, 100000]","[0, 100000]",0,0,5224,292
yolov8x_training,2321.890843,86,245.437,13370.3125,49,2505,10001,"[0, 100000]","[0, 100000]",0,0,2929,38671
yolov8x_training,2322.951358,82,248.095,13370.3125,80,1095,10001,"[0, 100000]","[0, 100000]",0,0,3857,28369
yolov8x_training,2323.994444,86,244.872,13370.3125,94,1560,10001,"[0, 100000]","[0, 100000]",0,0,2880,8349
yolov8x_training,2325.038386,86,242.090,13370.3125,100,1110,10001,"[0, 100000]","[0, 100000]",0,0,341,1032080
yolov8x_training,2326.092139,87,232.070,13370.3125,96,1140,10001,"[0, 100000]","[0, 100000]",0,0,15283,30371
yolov8x_training,2327.135672,86,237.919,13370.3125,43,1215,10001,"[0, 100000]","[0, 100000]",0,0,2587,9326
yolov8x_training,2328.179143,86,218.878,13370.3125,3,1920,10001,"[0, 100000]","[0, 100000]",0,0,341,1040722
yolov8x_training,2329.222350,84,222.058,13370.3125,85,1485,10001,"[0, 100000]","[0, 100000]",0,0,341,292
yolov8x_training,2330.264975,84,236.928,13370.3125,18,1890,10001,"[0, 100000]","[0, 100000]",0,0,292,292
yolov8x_training,2331.307747,81,211.964,13370.3125,39,1545,10001,"[0, 100000]","[0, 100000]",0,0,3222,10791
yolov8x_training,2332.350835,87,237.041,13370.3125,100,2400,10001,"[0, 100000]","[0, 100000]",0,0,341,292
yolov8x_training,2333.393713,85,246.422,13370.3125,100,2505,10001,"[0, 100000]","[0, 100000]",0,0,73486,38916
yolov8x_training,2334.457766,81,244.068,13370.3125,70,1215,10001,"[0, 100000]","[0, 100000]",0,0,3173,29003
yolov8x_training,2335.500705,82,230.008,13370.3125,100,2655,10001,"[0, 100000]","[0, 100000]",0,0,3613,30419
yolov8x_training,2336.544052,84,252.792,13370.3125,44,2565,10001,"[0, 100000]","[0, 100000]",0,0,781,292
yolov8x_training,2337.586965,87,247.951,13370.3125,23,1020,10001,"[0, 100000]","[0, 100000]",0,0,3369,36474
yolov8x_training,2338.649897,87,237.353,13370.3125,73,2505,10001,"[0, 100000]","[0, 100000]",0,0,5175,19091
yolov8x_training,2339.693412,86,231.133,13370.3125,96,1440,10001,"[0, 100000]","[0, 100000]",0,0,1855,341
yolov8x_training,2340.736192,84,233.449,13370.3125,100,1050,10001,"[0, 100000]","[0, 100000]",0,0,89892,24658
yolov8x_training,2341.810850,82,232.650,13370.3125,79,1230,10001,"[0, 100000]","[0, 100000]",0,0,3710,16406
yolov8x_training,2342.854256,86,235.867,13370.3125,25,2280,10001,"[0, 100000]","[0, 100000]",0,0,341,292
yolov8x_training,2343.896863,85,247.140,13370.3125,45,2610,10001,"[0, 100000]","[0, 100000]",0,0,6884,102539
yolov8x_training,2344.960329,83,242.560,13370.3125,95,1125,10001,"[0, 100000]","[0, 100000]",0,0,3710,15820
yolov8x_training,2346.003314,86,247.003,13370.3125,94,1065,10001,"[0, 100000]","[0, 100000]",0,0,537,292
yolov8x_training,2347.046067,87,234.818,13370.3125,100,1050,10001,"[0, 100000]","[0, 100000]",0,0,90283,28320
yolov8x_training,2348.115736,87,244.171,13370.3125,85,1230,10001,"[0, 100000]","[0, 100000]",0,0,3564,16992
yolov8x_training,2349.158750,86,236.519,13370.3125,25,1065,10001,"[0, 100000]","[0, 100000]",0,0,439,292
yolov8x_training,2350.201672,82,244.582,13370.3125,50,1140,10001,"[0, 100000]","[0, 100000]",0,0,341,244
yolov8x_training,2351.244526,85,194.259,13370.3125,0,2505,10001,"[0, 100000]","[0, 100000]",0,0,6542,90673
yolov8x_training,2352.303759,85,205.117,13370.3125,71,1815,10001,"[0, 100000]","[0, 100000]",0,0,341,292
yolov8x_training,2353.346838,81,209.149,13370.3125,82,1095,10001,"[0, 100000]","[0, 100000]",0,0,3271,13720
yolov8x_training,2354.398365,81,226.833,13370.3125,0,1065,10001,"[0, 100000]","[0, 100000]",0,0,14160,25292
yolov8x_training,2355.442172,82,215.562,13370.3125,98,2505,10001,"[0, 100000]","[0, 100000]",0,0,15429,29687
yolov8x_training,2356.485132,81,248.341,13370.3125,56,1785,10001,"[0, 100000]","[0, 100000]",0,0,2978,12988
yolov8x_training,2357.528120,86,243.567,13370.3125,17,1350,10001,"[0, 100000]","[0, 100000]",0,0,341,292
yolov8x_training,2358.570688,86,234.436,13370.3125,50,1050,10001,"[0, 100000]","[0, 100000]",0,0,4785,104882
yolov8x_training,2359.640425,87,230.747,13370.3125,95,1710,10001,"[0, 100000]","[0, 100000]",0,0,4492,14355
yolov8x_training,2360.683381,86,232.766,13370.3125,95,1050,10001,"[0, 100000]","[0, 100000]",0,0,8007,341
yolov8x_training,2361.726046,83,233.173,13370.3125,100,1155,10001,"[0, 100000]","[0, 100000]",0,0,6396,104296
yolov8x_training,2362.787046,81,225.702,13370.3125,69,1815,10001,"[0, 100000]","[0, 100000]",0,0,4492,21435
yolov8x_training,2363.830654,84,235.064,13370.3125,38,2445,10001,"[0, 100000]","[0, 100000]",0,0,1806,292
yolov8x_training,2364.873612,85,239.297,13370.3125,36,1327,10001,"[0, 100000]","[0, 100000]",0,0,89062,17236
yolov8x_training,2365.916769,86,248.037,13370.3125,78,1725,10001,"[0, 100000]","[0, 100000]",0,0,6835,26904
yolov8x_training,2366.959996,85,242.360,13370.3125,95,1185,10001,"[0, 100000]","[0, 100000]",0,0,3271,11425
yolov8x_training,2368.003606,86,242.432,13370.3125,95,1065,10001,"[0, 100000]","[0, 100000]",0,0,341,292
yolov8x_training,2369.046305,87,229.884,13370.3125,100,1050,10001,"[0, 100000]","[0, 100000]",0,0,6689,103759
yolov8x_training,2370.106590,86,231.467,13370.3125,64,2160,10001,"[0, 100000]","[0, 100000]",0,0,4931,16357
yolov8x_training,2371.149448,86,235.231,13370.3125,21,1035,10001,"[0, 100000]","[0, 100000]",0,0,1123,292
yolov8x_training,2372.192175,82,246.050,13370.3125,40,1230,10001,"[0, 100000]","[0, 100000]",0,0,89599,22851
yolov8x_training,2373.266250,87,235.206,13370.3125,78,2265,10001,"[0, 100000]","[0, 100000]",0,0,3515,15478
yolov8x_training,2374.309325,87,240.910,13370.3125,95,2505,10001,"[0, 100000]","[0, 100000]",0,0,390,292
yolov8x_training,2375.352172,86,250.021,13370.3125,69,1065,10001,"[0, 100000]","[0, 100000]",0,0,4101,36474
yolov8x_training,2376.405987,82,225.196,13370.3125,100,1327,10001,"[0, 100000]","[0, 100000]",0,0,3369,36230
yolov8x_training,2377.466797,86,246.077,13370.3125,99,1125,10001,"[0, 100000]","[0, 100000]",0,0,4345,21386
yolov8x_training,2378.509711,87,246.137,13370.3125,35,1455,10001,"[0, 100000]","[0, 100000]",0,0,2539,101318
yolov8x_training,2379.552905,86,244.627,13370.3125,30,1080,10001,"[0, 100000]","[0, 100000]",0,0,89746,24707
yolov8x_training,2380.627552,85,232.149,13370.3125,74,1080,10001,"[0, 100000]","[0, 100000]",0,0,4248,24755
yolov8x_training,2381.670562,82,231.812,13370.3125,94,1035,10001,"[0, 100000]","[0, 100000]",0,0,2441,1074
yolov8x_training,2382.713738,82,236.841,13370.3125,100,1035,10001,"[0, 100000]","[0, 100000]",0,0,89697,20898
yolov8x_training,2383.757264,84,230.031,13370.3125,78,1620,10001,"[0, 100000]","[0, 100000]",0,0,4589,16650
yolov8x_training,2384.800665,87,234.923,13370.3125,31,1237,10001,"[0, 100000]","[0, 100000]",0,0,2880,34912
yolov8x_training,2385.844546,87,247.261,13370.3125,25,1290,10001,"[0, 100000]","[0, 100000]",0,0,341,1029980
yolov8x_training,2386.909630,85,247.886,13370.3125,64,1500,10001,"[0, 100000]","[0, 100000]",0,0,15283,34472
yolov8x_training,2387.953018,86,242.285,13370.3125,95,1590,10001,"[0, 100000]","[0, 100000]",0,0,4833,16357
yolov8x_training,2388.995937,87,242.936,13370.3125,95,1065,10001,"[0, 100000]","[0, 100000]",0,0,1513,341
yolov8x_training,2390.038716,86,232.955,13370.3125,100,1035,10001,"[0, 100000]","[0, 100000]",0,0,89111,17285
yolov8x_training,2391.082235,84,230.148,13370.3125,100,1170,10001,"[0, 100000]","[0, 100000]",0,0,3759,29052
yolov8x_training,2392.125738,82,238.817,13370.3125,44,2505,10001,"[0, 100000]","[0, 100000]",0,0,2246,390
yolov8x_training,2393.168788,87,246.815,13370.3125,45,1125,10001,"[0, 100000]","[0, 100000]",0,0,341,1035986
yolov8x_training,2394.211665,87,241.029,13370.3125,75,2355,10001,"[0, 100000]","[0, 100000]",0,0,5126,25976
yolov8x_training,2395.254480,87,235.871,13370.3125,95,2505,10001,"[0, 100000]","[0, 100000]",0,0,2783,11425
yolov8x_training,2396.297419,86,245.845,13370.3125,99,2505,10001,"[0, 100000]","[0, 100000]",0,0,341,292
yolov8x_training,2397.339999,85,242.659,13370.3125,52,1830,10001,"[0, 100000]","[0, 100000]",0,0,6689,104785
yolov8x_training,2398.403263,82,248.687,13370.3125,20,1710,10001,"[0, 100000]","[0, 100000]",0,0,3564,16015
yolov8x_training,2399.446244,86,237.654,13370.3125,58,1020,10001,"[0, 100000]","[0, 100000]",0,0,341,292
yolov8x_training,2400.489000,83,232.755,13370.3125,94,1380,10001,"[0, 100000]","[0, 100000]",0,0,6054,103808
yolov8x_training,2401.558267,82,234.112,13370.3125,96,2505,10001,"[0, 100000]","[0, 100000]",0,0,4199,17919
yolov8x_training,2402.601835,85,238.273,13370.3125,100,1950,10001,"[0, 100000]","[0, 100000]",0,0,2246,92480
yolov8x_training,2403.644901,87,221.811,13370.3125,25,2655,10001,"[0, 100000]","[0, 100000]",0,0,89306,22216
yolov8x_training,2404.689069,81,201.417,13370.3125,100,1695,10001,"[0, 100000]","[0, 100000]",0,0,2441,8496
yolov8x_training,2405.732413,86,227.004,13370.3125,41,2655,10001,"[0, 100000]","[0, 100000]",0,0,3027,12060
yolov8x_training,2406.775483,86,216.027,13370.3125,35,1485,10001,"[0, 100000]","[0, 100000]",0,0,90380,32031
yolov8x_training,2407.847040,84,201.225,13370.3125,88,2505,10001,"[0, 100000]","[0, 100000]",0,0,341,292
yolov8x_training,2408.907522,81,219.950,13370.3125,84,1065,10001,"[0, 100000]","[0, 100000]",0,0,13623,35302
yolov8x_training,2409.950966,84,201.056,13370.3125,0,2655,10001,"[0, 100000]","[0, 100000]",0,0,341,292
yolov8x_training,2410.993845,86,230.852,13370.3125,100,1080,10001,"[0, 100000]","[0, 100000]",0,0,341,292
yolov8x_training,2412.036490,84,228.995,13370.3125,100,1590,10001,"[0, 100000]","[0, 100000]",0,0,6445,103515
yolov8x_training,2413.101177,82,233.426,13370.3125,61,2265,10001,"[0, 100000]","[0, 100000]",0,0,3027,12548
yolov8x_training,2414.144266,83,237.984,13370.3125,18,1080,10001,"[0, 100000]","[0, 100000]",0,0,341,341
yolov8x_training,2415.186894,87,240.648,13370.3125,59,1905,10001,"[0, 100000]","[0, 100000]",0,0,6298,104638
yolov8x_training,2416.253804,86,231.311,13370.3125,93,2310,10001,"[0, 100000]","[0, 100000]",0,0,4833,18408
yolov8x_training,2417.296737,87,234.370,13370.3125,94,2505,10001,"[0, 100000]","[0, 100000]",0,0,1660,292
yolov8x_training,2418.339854,85,245.445,13370.3125,94,1380,10001,"[0, 100000]","[0, 100000]",0,0,89599,21435
yolov8x_training,2419.383142,83,246.337,13370.3125,35,1020,10001,"[0, 100000]","[0, 100000]",0,0,3857,29980
yolov8x_training,2420.426206,81,244.600,13370.3125,39,1050,10001,"[0, 100000]","[0, 100000]",0,0,2685,3466
yolov8x_training,2421.469366,85,230.029,13370.3125,84,1260,10001,"[0, 100000]","[0, 100000]",0,0,88769,15283
yolov8x_training,2422.512898,82,232.343,13370.3125,95,2415,10001,"[0, 100000]","[0, 100000]",0,0,7275,27587
yolov8x_training,2423.556305,85,239.695,13370.3125,100,2505,10001,"[0, 100000]","[0, 100000]",0,0,2832,11181
yolov8x_training,2424.599554,86,249.860,13370.3125,71,1725,10001,"[0, 100000]","[0, 100000]",0,0,341,292
yolov8x_training,2425.642131,87,246.496,13370.3125,22,2655,10001,"[0, 100000]","[0, 100000]",0,0,15283,34375
yolov8x_training,2426.685129,86,244.444,13370.3125,55,1140,10001,"[0, 100000]","[0, 100000]",0,0,3076,12792
yolov8x_training,2427.728212,85,230.020,13370.3125,84,832,10001,"[0, 100000]","[0, 100000]",0,0,341,292
yolov8x_training,2428.770795,82,249.760,13370.3125,93,1035,10001,"[0, 100000]","[0, 100000]",0,0,6347,104003
yolov8x_training,2429.825308,87,234.320,13370.3125,100,1500,10001,"[0, 100000]","[0, 100000]",0,0,3369,14453
yolov8x_training,2430.868486,86,229.252,13370.3125,62,1132,10001,"[0, 100000]","[0, 100000]",0,0,341,292
yolov8x_training,2431.911124,87,238.181,13370.3125,15,1327,10001,"[0, 100000]","[0, 100000]",0,0,6640,104736
yolov8x_training,2432.971995,87,249.267,13370.3125,57,1110,10001,"[0, 100000]","[0, 100000]",0,0,4980,16162
yolov8x_training,2434.014907,86,247.635,13370.3125,93,1125,10001,"[0, 100000]","[0, 100000]",0,0,2246,439
yolov8x_training,2435.058004,87,244.224,13370.3125,93,1080,10001,"[0, 100000]","[0, 100000]",0,0,89062,17822
yolov8x_training,2436.101301,85,232.325,13370.3125,100,1170,10001,"[0, 100000]","[0, 100000]",0,0,4101,18261
yolov8x_training,2437.145183,82,229.338,13370.3125,80,1050,10001,"[0, 100000]","[0, 100000]",0,0,2734,35937
yolov8x_training,2438.188423,82,233.781,13370.3125,30,1020,10001,"[0, 100000]","[0, 100000]",0,0,341,292
yolov8x_training,2439.255928,86,232.735,13370.3125,30,1170,10001,"[0, 100000]","[0, 100000]",0,0,15136,34423
yolov8x_training,2440.299059,87,226.753,13370.3125,72,2100,10001,"[0, 100000]","[0, 100000]",0,0,3271,11669
yolov8x_training,2441.342281,87,234.256,13370.3125,94,1252,10001,"[0, 100000]","[0, 100000]",0,0,341,292
yolov8x_training,2442.384887,87,247.387,13370.3125,100,1665,10001,"[0, 100000]","[0, 100000]",0,0,6494,101611
yolov8x_training,2443.442215,86,246.916,13370.3125,54,1095,10001,"[0, 100000]","[0, 100000]",0,0,4199,16210
yolov8x_training,2444.485251,87,246.481,13370.3125,9,1035,10001,"[0, 100000]","[0, 100000]",0,0,292,292
yolov8x_training,2445.527853,86,238.167,13370.3125,52,1155,10001,"[0, 100000]","[0, 100000]",0,0,2880,39257
yolov8x_training,2446.594729,84,232.100,13370.3125,86,2295,10001,"[0, 100000]","[0, 100000]",0,0,4833,18017
yolov8x_training,2447.637567,82,236.829,13370.3125,95,1020,10001,"[0, 100000]","[0, 100000]",0,0,2050,830
yolov8x_training,2448.680537,87,239.260,13370.3125,100,1635,10001,"[0, 100000]","[0, 100000]",0,0,89111,17919
yolov8x_training,2449.723626,85,252.737,13370.3125,72,2505,10001,"[0, 100000]","[0, 100000]",0,0,5029,21386
yolov8x_training,2450.766838,87,237.686,13370.3125,38,2505,10001,"[0, 100000]","[0, 100000]",0,0,2685,11035
yolov8x_training,2451.810193,87,243.419,13370.3125,23,1245,10001,"[0, 100000]","[0, 100000]",0,0,341,292
yolov8x_training,2452.852908,86,244.209,13370.3125,65,660,10001,"[0, 100000]","[0, 100000]",0,0,4150,104589
yolov8x_training,2453.929722,83,249.133,13370.3125,93,1095,10001,"[0, 100000]","[0, 100000]",0,0,5273,14892
yolov8x_training,2454.972874,87,247.309,13370.3125,95,1050,10001,"[0, 100000]","[0, 100000]",0,0,15771,341
yolov8x_training,2456.015958,86,237.679,13370.3125,100,1185,10001,"[0, 100000]","[0, 100000]",0,0,89550,22363
yolov8x_training,2457.092522,86,230.854,13370.3125,100,2190,10001,"[0, 100000]","[0, 100000]",0,0,3857,26757
yolov8x_training,2458.135732,83,224.656,13370.3125,65,2310,10001,"[0, 100000]","[0, 100000]",0,0,2929,12158
yolov8x_training,2459.178676,82,234.469,13370.3125,33,1035,10001,"[0, 100000]","[0, 100000]",0,0,341,292
yolov8x_training,2460.221311,85,238.653,13370.3125,15,1365,10001,"[0, 100000]","[0, 100000]",0,0,6494,101855
yolov8x_training,2461.290649,87,227.134,13370.3125,55,1800,10001,"[0, 100000]","[0, 100000]",0,0,4052,16992
yolov8x_training,2462.333730,87,232.778,13370.3125,96,2535,10001,"[0, 100000]","[0, 100000]",0,0,634,292
yolov8x_training,2463.376531,87,242.238,13370.3125,100,2505,10001,"[0, 100000]","[0, 100000]",0,0,88769,16308
yolov8x_training,2464.419822,87,240.981,13370.3125,100,1110,10001,"[0, 100000]","[0, 100000]",0,0,15234,34521
yolov8x_training,2465.462798,86,249.668,13370.3125,77,1215,10001,"[0, 100000]","[0, 100000]",0,0,3173,14941
yolov8x_training,2466.506163,87,246.502,13370.3125,24,1065,10001,"[0, 100000]","[0, 100000]",0,0,7763,341
yolov8x_training,2467.548960,87,245.424,13370.3125,32,1065,10001,"[0, 100000]","[0, 100000]",0,0,3906,35058
yolov8x_training,2468.608418,86,233.466,13370.3125,67,1455,10001,"[0, 100000]","[0, 100000]",0,0,3662,32080
yolov8x_training,2469.651596,84,226.917,13370.3125,92,1095,10001,"[0, 100000]","[0, 100000]",0,0,2685,8740
yolov8x_training,2470.694854,82,230.781,13370.3125,95,1020,10001,"[0, 100000]","[0, 100000]",0,0,341,292
yolov8x_training,2471.737478,83,235.129,13370.3125,100,1155,10001,"[0, 100000]","[0, 100000]",0,0,6982,103027
yolov8x_training,2472.798858,88,232.155,13370.3125,99,2190,10001,"[0, 100000]","[0, 100000]",0,0,3222,12402
yolov8x_training,2473.841820,87,246.656,13370.3125,42,2625,10001,"[0, 100000]","[0, 100000]",0,0,292,292
yolov8x_training,2474.884396,87,244.069,13370.3125,19,1260,10001,"[0, 100000]","[0, 100000]",0,0,6591,104638
yolov8x_training,2475.940932,86,250.871,13370.3125,73,1425,10001,"[0, 100000]","[0, 100000]",0,0,4736,18554
yolov8x_training,2476.983938,87,247.129,13370.3125,96,1035,10001,"[0, 100000]","[0, 100000]",0,0,2294,1318
yolov8x_training,2478.027393,87,242.871,13370.3125,94,1095,10001,"[0, 100000]","[0, 100000]",0,0,390,1039697
yolov8x_training,2479.075174,86,234.885,13370.3125,100,1215,10001,"[0, 100000]","[0, 100000]",0,0,15039,32568
yolov8x_training,2480.118150,85,228.397,13370.3125,99,2340,10001,"[0, 100000]","[0, 100000]",0,0,3417,13476
yolov8x_training,2481.161202,83,230.373,13370.3125,46,1020,10001,"[0, 100000]","[0, 100000]",0,0,341,341
yolov8x_training,2482.203819,83,238.316,13370.3125,15,1155,10001,"[0, 100000]","[0, 100000]",0,0,4101,34814
yolov8x_training,2483.261826,88,229.345,13370.3125,55,2580,10001,"[0, 100000]","[0, 100000]",0,0,3125,25732
yolov8x_training,2484.304782,87,247.596,13370.3125,89,2505,10001,"[0, 100000]","[0, 100000]",0,0,19531,292
yolov8x_training,2485.347516,87,244.253,13370.3125,100,1845,10001,"[0, 100000]","[0, 100000]",0,0,3271,36767
yolov8x_training,2486.408404,86,246.375,13370.3125,90,1215,10001,"[0, 100000]","[0, 100000]",0,0,4736,21923
yolov8x_training,2487.451427,87,245.939,13370.3125,42,1050,10001,"[0, 100000]","[0, 100000]",0,0,2587,8447
yolov8x_training,2488.494473,88,245.078,13370.3125,19,1185,10001,"[0, 100000]","[0, 100000]",0,0,341,570166
yolov8x_training,2489.558558,86,235.713,13370.3125,77,2355,10001,"[0, 100000]","[0, 100000]",0,0,15039,30468
yolov8x_training,2490.602336,82,236.538,13370.3125,93,1290,10001,"[0, 100000]","[0, 100000]",0,0,2685,11230
yolov8x_training,2491.645508,85,247.017,13370.3125,100,1665,10001,"[0, 100000]","[0, 100000]",0,0,292,1033691
yolov8x_training,2492.712490,88,245.039,13370.3125,84,2370,10001,"[0, 100000]","[0, 100000]",0,0,15234,32275
yolov8x_training,2493.755404,87,250.130,13370.3125,48,2640,10001,"[0, 100000]","[0, 100000]",0,0,3222,11669
yolov8x_training,2494.798435,87,246.567,13370.3125,13,2655,10001,"[0, 100000]","[0, 100000]",0,0,341,292
yolov8x_training,2495.841280,86,245.627,13370.3125,56,1185,10001,"[0, 100000]","[0, 100000]",0,0,6347,102099
yolov8x_training,2496.907252,83,252.455,13370.3125,92,1035,10001,"[0, 100000]","[0, 100000]",0,0,3222,13525
yolov8x_training,2497.950317,87,227.308,13370.3125,96,1125,10001,"[0, 100000]","[0, 100000]",0,0,683,341
yolov8x_training,2498.993081,86,237.760,13370.3125,44,1980,10001,"[0, 100000]","[0, 100000]",0,0,3955,35253
yolov8x_training,2500.052152,83,245.294,13370.3125,46,2535,10001,"[0, 100000]","[0, 100000]",0,0,3564,29345
yolov8x_training,2501.095335,82,252.694,13370.3125,83,1485,10001,"[0, 100000]","[0, 100000]",0,0,2441,8007
yolov8x_training,2502.139356,85,243.025,13370.3125,95,1170,10001,"[0, 100000]","[0, 100000]",0,0,341,292
yolov8x_training,2503.181903,86,245.467,13370.3125,95,1282,10001,"[0, 100000]","[0, 100000]",0,0,6152,28613
yolov8x_training,2504.224831,87,250.156,13370.3125,100,2460,10001,"[0, 100000]","[0, 100000]",0,0,3027,13232
yolov8x_training,2505.267873,87,248.227,13370.3125,56,1500,10001,"[0, 100000]","[0, 100000]",0,0,341,292
yolov8x_training,2506.310524,84,238.837,13370.3125,14,1050,10001,"[0, 100000]","[0, 100000]",0,0,6250,103808
yolov8x_training,2507.367013,83,248.380,13370.3125,95,1110,10001,"[0, 100000]","[0, 100000]",0,0,4052,13867
yolov8x_training,2508.410353,85,235.864,13370.3125,95,1995,10001,"[0, 100000]","[0, 100000]",0,0,16455,292
yolov8x_training,2509.453419,84,243.595,13370.3125,100,2265,10001,"[0, 100000]","[0, 100000]",0,0,2978,39013
yolov8x_training,2510.517549,82,249.497,13370.3125,77,2415,10001,"[0, 100000]","[0, 100000]",0,0,4296,22607
yolov8x_training,2511.560372,86,246.285,13370.3125,38,1110,10001,"[0, 100000]","[0, 100000]",0,0,2050,488
yolov8x_training,2512.603800,85,249.070,13370.3125,35,1065,10001,"[0, 100000]","[0, 100000]",0,0,88671,15673
yolov8x_training,2513.668524,87,230.836,13370.3125,75,2655,10001,"[0, 100000]","[0, 100000]",0,0,15185,29052
yolov8x_training,2514.711506,87,244.066,13370.3125,95,1095,10001,"[0, 100000]","[0, 100000]",0,0,3417,11376
yolov8x_training,2515.755290,87,246.664,13370.3125,95,1560,10001,"[0, 100000]","[0, 100000]",0,0,341,292
yolov8x_training,2516.797955,86,238.295,13370.3125,96,1185,10001,"[0, 100000]","[0, 100000]",0,0,90185,27685
yolov8x_training,2517.871274,83,246.333,13370.3125,100,1020,10001,"[0, 100000]","[0, 100000]",0,0,4638,20019
yolov8x_training,2518.914352,82,226.524,13370.3125,55,1350,10001,"[0, 100000]","[0, 100000]",0,0,4394,15673
yolov8x_training,2519.957244,87,233.453,13370.3125,97,1050,10001,"[0, 100000]","[0, 100000]",0,0,4931,103076
yolov8x_training,2521.000653,87,227.443,13370.3125,70,1140,10001,"[0, 100000]","[0, 100000]",0,0,292,1037939
yolov8x_training,2522.043545,86,235.635,13370.3125,32,2055,10001,"[0, 100000]","[0, 100000]",0,0,14111,33544
yolov8x_training,2523.087365,83,243.967,13370.3125,38,2565,10001,"[0, 100000]","[0, 100000]",0,0,3125,11767
yolov8x_training,2524.130556,82,252.817,13370.3125,87,1320,10001,"[0, 100000]","[0, 100000]",0,0,341,292
yolov8x_training,2525.173191,88,249.082,13370.3125,94,2580,10001,"[0, 100000]","[0, 100000]",0,0,6103,103515
yolov8x_training,2526.229722,88,236.149,13370.3125,100,2505,10001,"[0, 100000]","[0, 100000]",0,0,3564,10009
yolov8x_training,2527.273046,88,247.387,13370.3125,76,1320,10001,"[0, 100000]","[0, 100000]",0,0,341,292
yolov8x_training,2528.315632,86,242.264,13370.3125,26,1065,10001,"[0, 100000]","[0, 100000]",0,0,3466,35937
yolov8x_training,2529.375639,84,234.968,13370.3125,67,1035,10001,"[0, 100000]","[0, 100000]",0,0,3613,28857
yolov8x_training,2530.418842,82,233.159,13370.3125,95,1335,10001,"[0, 100000]","[0, 100000]",0,0,1904,292
yolov8x_training,2531.461693,86,236.639,13370.3125,100,2430,10001,"[0, 100000]","[0, 100000]",0,0,4052,754101
yolov8x_training,2532.504726,83,244.694,13370.3125,100,2625,10001,"[0, 100000]","[0, 100000]",0,0,5859,28271
yolov8x_training,2533.547633,82,247.763,13370.3125,74,1350,10001,"[0, 100000]","[0, 100000]",0,0,3222,10791
yolov8x_training,2534.590980,86,249.540,13370.3125,25,1410,10001,"[0, 100000]","[0, 100000]",0,0,341,292
yolov8x_training,2535.633597,86,245.692,13370.3125,33,1035,10001,"[0, 100000]","[0, 100000]",0,0,4833,103759
yolov8x_training,2536.707691,87,230.946,13370.3125,74,1680,10001,"[0, 100000]","[0, 100000]",0,0,4638,18554
yolov8x_training,2537.750813,88,228.117,13370.3125,94,1275,10001,"[0, 100000]","[0, 100000]",0,0,19580,341
yolov8x_training,2538.793615,86,241.970,13370.3125,95,1065,10001,"[0, 100000]","[0, 100000]",0,0,292,1037939
yolov8x_training,2539.845399,86,238.409,13370.3125,100,1080,10001,"[0, 100000]","[0, 100000]",0,0,15625,33740
yolov8x_training,2540.888680,83,230.318,13370.3125,100,1065,10001,"[0, 100000]","[0, 100000]",0,0,3076,13183
yolov8x_training,2541.931806,84,229.691,13370.3125,39,2085,10001,"[0, 100000]","[0, 100000]",0,0,341,292
yolov8x_training,2542.974419,84,243.010,13370.3125,15,1252,10001,"[0, 100000]","[0, 100000]",0,0,6396,102636
yolov8x_training,2544.035072,82,246.945,13370.3125,64,1620,10001,"[0, 100000]","[0, 100000]",0,0,3808,15869
yolov8x_training,2545.078132,85,246.835,13370.3125,95,1665,10001,"[0, 100000]","[0, 100000]",0,0,341,292
yolov8x_training,2546.121152,87,242.955,13370.3125,94,1170,10001,"[0, 100000]","[0, 100000]",0,0,89208,20507
yolov8x_training,2547.164582,87,240.727,13370.3125,100,1785,10001,"[0, 100000]","[0, 100000]",0,0,5664,27929
yolov8x_training,2548.207661,87,229.782,13370.3125,88,1275,10001,"[0, 100000]","[0, 100000]",0,0,2783,11083
yolov8x_training,2549.252111,87,229.354,13370.3125,50,1200,10001,"[0, 100000]","[0, 100000]",0,0,341,292
yolov8x_training,2550.294741,87,211.849,13370.3125,20,2505,10001,"[0, 100000]","[0, 100000]",0,0,2978,13427
yolov8x_training,2551.338008,82,219.576,13370.3125,100,1095,10001,"[0, 100000]","[0, 100000]",0,0,341,292
yolov8x_training,2552.380857,87,195.468,13370.3125,76,2490,10001,"[0, 100000]","[0, 100000]",0,0,4052,17382
yolov8x_training,2553.424141,86,225.641,13370.3125,62,1110,10001,"[0, 100000]","[0, 100000]",0,0,292,1034765
yolov8x_training,2554.467291,84,208.883,13370.3125,38,2070,10001,"[0, 100000]","[0, 100000]",0,0,2734,9277
yolov8x_training,2555.510781,82,206.658,13370.3125,91,1665,10001,"[0, 100000]","[0, 100000]",0,0,6152,90087
yolov8x_training,2556.580599,83,199.850,13370.3125,0,1020,10001,"[0, 100000]","[0, 100000]",0,0,341,292
yolov8x_training,2557.623439,85,196.629,13370.3125,94,1252,10001,"[0, 100000]","[0, 100000]",0,0,6250,23730
yolov8x_training,2558.666503,86,224.842,13370.3125,94,1245,10001,"[0, 100000]","[0, 100000]",0,0,3173,12646
yolov8x_training,2559.709468,85,235.265,13370.3125,100,1065,10001,"[0, 100000]","[0, 100000]",0,0,341,341
yolov8x_training,2560.758236,82,237.232,13370.3125,86,1200,10001,"[0, 100000]","[0, 100000]",0,0,15185,28417
yolov8x_training,2561.801243,87,240.738,13370.3125,17,2400,10001,"[0, 100000]","[0, 100000]",0,0,2539,8642
yolov8x_training,2562.844353,86,251.491,13370.3125,83,1155,10001,"[0, 100000]","[0, 100000]",0,0,292,1036328
yolov8x_training,2563.886981,86,247.321,13370.3125,95,1065,10001,"[0, 100000]","[0, 100000]",0,0,3613,23291
yolov8x_training,2564.930394,82,233.108,13370.3125,100,1215,10001,"[0, 100000]","[0, 100000]",0,0,16992,13183
yolov8x_training,2565.973303,85,235.657,13370.3125,32,2475,10001,"[0, 100000]","[0, 100000]",0,0,6689,104150
yolov8x_training,2567.034229,82,247.555,13370.3125,52,1290,10001,"[0, 100000]","[0, 100000]",0,0,3320,11376
yolov8x_training,2568.077553,86,249.881,13370.3125,95,1095,10001,"[0, 100000]","[0, 100000]",0,0,341,1039355
yolov8x_training,2569.120291,86,233.834,13370.3125,100,1275,10001,"[0, 100000]","[0, 100000]",0,0,3759,29687
yolov8x_training,2570.163947,86,235.662,13370.3125,25,1035,10001,"[0, 100000]","[0, 100000]",0,0,2343,2294
yolov8x_training,2571.207371,82,247.341,13370.3125,46,1830,10001,"[0, 100000]","[0, 100000]",0,0,79931,38085
yolov8x_training,2572.274776,87,237.746,13370.3125,94,2565,10001,"[0, 100000]","[0, 100000]",0,0,3271,13720
yolov8x_training,2573.317800,86,252.250,13370.3125,100,1260,10001,"[0, 100000]","[0, 100000]",0,0,341,292
yolov8x_training,2574.383790,86,247.174,13370.3125,22,1110,10001,"[0, 100000]","[0, 100000]",0,0,15087,32177
yolov8x_training,2575.426670,85,241.578,13370.3125,53,1035,10001,"[0, 100000]","[0, 100000]",0,0,3173,12109
yolov8x_training,2576.470183,87,230.306,13370.3125,95,1650,10001,"[0, 100000]","[0, 100000]",0,0,292,517382
yolov8x_training,2577.512876,84,238.483,13370.3125,100,2655,10001,"[0, 100000]","[0, 100000]",0,0,4785,17285
yolov8x_training,2578.555825,87,253.269,13370.3125,51,1200,10001,"[0, 100000]","[0, 100000]",0,0,2148,125878
yolov8x_training,2579.598747,86,247.254,13370.3125,48,1035,10001,"[0, 100000]","[0, 100000]",0,0,6396,103710
yolov8x_training,2580.657465,82,236.679,13370.3125,96,1170,10001,"[0, 100000]","[0, 100000]",0,0,3125,11816
yolov8x_training,2581.700454,86,241.514,13370.3125,100,1125,10001,"[0, 100000]","[0, 100000]",0,0,88720,14990
yolov8x_training,2582.743936,87,255.680,13370.3125,40,2505,10001,"[0, 100000]","[0, 100000]",0,0,3955,29931
yolov8x_training,2583.787262,85,242.008,13924.3125,85,960,10001,"[0, 100000]","[0, 100000]",0,0,390,292
yolov8x_training,2584.990201,83,158.554,16770.3125,6,1035,10001,"[0, 100000]","[0, 100000]",0,0,1074,6103
yolov8x_training,2586.116889,80,131.729,16770.3125,1,2505,10001,"[0, 100000]","[0, 100000]",0,0,341,292
yolov8x_training,2587.159882,80,96.602,16770.3125,0,2505,10001,"[0, 100000]","[0, 100000]",0,0,292,292
yolov8x_training,2588.205393,79,90.237,16770.3125,0,2505,10001,"[0, 100000]","[0, 100000]",0,0,292,292
yolov8x_training,2589.248263,78,91.275,16774.3125,0,2505,10001,"[0, 100000]","[0, 100000]",0,0,769433,390
yolov8x_training,2590.291613,78,88.818,16774.3125,7,2505,10001,"[0, 100000]","[0, 100000]",0,0,292,292
yolov8x_training,2591.334417,78,88.276,16774.3125,0,2505,10001,"[0, 100000]","[0, 100000]",0,0,292,292
yolov8x_training,2592.377130,77,86.779,16774.3125,0,2505,10001,"[0, 100000]","[0, 100000]",0,0,292,292
yolov8x_training,2593.568752,77,86.274,16774.3125,0,2505,10001,"[0, 100000]","[0, 100000]",0,0,292,292
yolov8x_training,2594.621906,76,85.564,16774.3125,0,2505,10001,"[0, 100000]","[0, 100000]",0,0,292,292
yolov8x_training,2595.666106,76,84.958,16774.3125,0,2505,10001,"[0, 100000]","[0, 100000]",0,0,341,292
yolov8x_training,2596.727565,81,127.661,16774.3125,83,2505,10001,"[0, 100000]","[0, 100000]",0,0,927,122607
yolov8x_training,2597.812960,82,146.133,16774.3125,18,2505,10001,"[0, 100000]","[0, 100000]",0,0,341,292
yolov8x_training,2598.862175,75,84.279,16774.3125,0,2505,10001,"[0, 100000]","[0, 100000]",0,0,341,292
yolov8x_training,2599.955112,75,83.214,16774.3125,0,2505,10001,"[0, 100000]","[0, 100000]",0,0,341,292
