Kernel,Time (s),Temperature (C),Power (W),Memory Usage (MB),GPU Utilization (%),Graphics Clock (MHz),Memory Clock (MHz),Decoder Utilization (%),Encoder Utilization (%),Decoder Memory Usage (MB),Encoder Memory Usage (MB),PCIe Tx Throughput (KB/s),PCIe Rx Throughput (KB/s)
yolov8x_training,0.000808,44,27.468,622.1250,0,210,405,"[0, 100000]","[0, 100000]",0,0,341,292
yolov8x_training,1.047126,44,27.468,622.1250,0,210,405,"[0, 100000]","[0, 100000]",0,0,292,292
yolov8x_training,2.090032,44,27.463,622.1250,0,210,405,"[0, 100000]","[0, 100000]",0,0,341,292
yolov8x_training,3.138710,44,27.313,625.0000,0,210,405,"[0, 100000]","[0, 100000]",0,0,341,341
yolov8x_training,4.181057,45,30.569,1502.3125,4,2505,10001,"[0, 100000]","[0, 100000]",0,0,3271,11474
yolov8x_training,5.223834,45,68.573,1532.3125,0,2505,10001,"[0, 100000]","[0, 100000]",0,0,341,292
yolov8x_training,6.267238,45,67.602,1780.3125,0,2505,10001,"[0, 100000]","[0, 100000]",0,0,92968,27197
yolov8x_training,7.310239,46,94.714,12914.3125,74,975,10001,"[0, 100000]","[0, 100000]",0,0,2636,8251
yolov8x_training,8.354257,47,155.119,12914.3125,93,2505,10001,"[0, 100000]","[0, 100000]",0,0,2392,9716
yolov8x_training,9.397443,48,154.805,12976.3125,100,2505,10001,"[0, 100000]","[0, 100000]",0,0,2148,9863
yolov8x_training,10.441159,50,162.217,12976.3125,89,2700,10001,"[0, 100000]","[0, 100000]",0,0,19628,341
yolov8x_training,11.484735,53,193.414,12976.3125,100,1545,10001,"[0, 100000]","[0, 100000]",0,0,1953,63037
yolov8x_training,12.527966,54,195.815,12976.3125,100,855,10001,"[0, 100000]","[0, 100000]",0,0,2490,9619
yolov8x_training,13.570773,54,194.597,12976.3125,96,1005,10001,"[0, 100000]","[0, 100000]",0,0,3759,13378
yolov8x_training,14.613615,50,195.812,13064.3125,36,870,10001,"[0, 100000]","[0, 100000]",0,0,3613,12255
yolov8x_training,15.656963,51,204.229,13066.3125,19,1875,10001,"[0, 100000]","[0, 100000]",0,0,2978,14013
yolov8x_training,16.699987,54,195.401,13066.3125,51,2505,10001,"[0, 100000]","[0, 100000]",0,0,2929,21142
yolov8x_training,17.743330,55,192.275,13066.3125,100,1260,10001,"[0, 100000]","[0, 100000]",0,0,3564,20507
yolov8x_training,18.786955,56,198.336,13066.3125,100,2280,10001,"[0, 100000]","[0, 100000]",0,0,2978,21093
yolov8x_training,19.830485,56,192.172,13066.3125,95,2430,10001,"[0, 100000]","[0, 100000]",0,0,4150,20263
yolov8x_training,20.884335,54,208.020,13066.3125,77,900,10001,"[0, 100000]","[0, 100000]",0,0,15380,24462
yolov8x_training,21.944726,54,197.013,13066.3125,64,825,10001,"[0, 100000]","[0, 100000]",0,0,15136,27783
yolov8x_training,23.014284,57,198.987,13066.3125,100,990,10001,"[0, 100000]","[0, 100000]",0,0,14990,22900
yolov8x_training,24.082741,55,200.429,13066.3125,95,1320,10001,"[0, 100000]","[0, 100000]",0,0,15332,29052
yolov8x_training,25.157317,58,193.397,13066.3125,90,2595,10001,"[0, 100000]","[0, 100000]",0,0,14941,26562
yolov8x_training,26.209645,59,196.407,13066.3125,23,915,10001,"[0, 100000]","[0, 100000]",0,0,15283,23925
yolov8x_training,27.282033,59,200.752,13150.3125,44,1252,10001,"[0, 100000]","[0, 100000]",0,0,15576,27343
yolov8x_training,28.335283,61,193.080,13150.3125,100,1755,10001,"[0, 100000]","[0, 100000]",0,0,15234,28613
yolov8x_training,29.393367,56,203.886,13368.3125,100,810,10001,"[0, 100000]","[0, 100000]",0,0,15039,27685
yolov8x_training,30.464062,57,198.777,13368.3125,95,810,10001,"[0, 100000]","[0, 100000]",0,0,15283,26318
yolov8x_training,31.538467,57,196.406,13368.3125,69,1020,10001,"[0, 100000]","[0, 100000]",0,0,15283,31738
yolov8x_training,32.618176,60,201.103,13368.3125,12,2505,10001,"[0, 100000]","[0, 100000]",0,0,14843,28369
yolov8x_training,33.684492,61,195.081,13368.3125,97,1995,10001,"[0, 100000]","[0, 100000]",0,0,15283,25292
yolov8x_training,34.760668,62,198.095,13368.3125,64,2685,10001,"[0, 100000]","[0, 100000]",0,0,15429,27734
yolov8x_training,35.803709,63,200.358,13368.3125,100,1680,10001,"[0, 100000]","[0, 100000]",0,0,5859,101904
yolov8x_training,36.865272,59,195.020,13368.3125,95,795,10001,"[0, 100000]","[0, 100000]",0,0,6445,99560
yolov8x_training,37.938646,62,199.643,13368.3125,20,840,10001,"[0, 100000]","[0, 100000]",0,0,6396,100146
yolov8x_training,39.013166,63,202.726,13368.3125,84,810,10001,"[0, 100000]","[0, 100000]",0,0,341,292
yolov8x_training,40.055811,61,179.390,13368.3125,0,810,10001,"[0, 100000]","[0, 100000]",0,0,3515,20654
yolov8x_training,41.098891,64,164.685,13368.3125,73,2370,10001,"[0, 100000]","[0, 100000]",0,0,1025,292
yolov8x_training,42.142290,63,170.425,13368.3125,100,2505,10001,"[0, 100000]","[0, 100000]",0,0,341,1037695
yolov8x_training,43.185266,61,186.308,13368.3125,93,840,10001,"[0, 100000]","[0, 100000]",0,0,3955,17871
yolov8x_training,44.229364,65,181.553,13368.3125,69,2505,10001,"[0, 100000]","[0, 100000]",0,0,4687,99218
yolov8x_training,45.309980,66,210.364,13368.3125,26,2280,10001,"[0, 100000]","[0, 100000]",0,0,8349,28955
yolov8x_training,46.379054,61,198.092,13368.3125,53,810,10001,"[0, 100000]","[0, 100000]",0,0,15185,26318
yolov8x_training,47.458856,63,199.552,13368.3125,100,780,10001,"[0, 100000]","[0, 100000]",0,0,15136,25878
yolov8x_training,48.501752,66,202.977,13368.3125,96,1455,10001,"[0, 100000]","[0, 100000]",0,0,6250,100634
yolov8x_training,49.561192,66,199.574,13368.3125,86,2505,10001,"[0, 100000]","[0, 100000]",0,0,4589,101416
yolov8x_training,50.643098,67,195.895,13368.3125,25,840,10001,"[0, 100000]","[0, 100000]",0,0,3466,34326
yolov8x_training,51.712037,66,198.723,13368.3125,97,780,10001,"[0, 100000]","[0, 100000]",0,0,89404,21093
yolov8x_training,52.755126,66,199.859,13368.3125,98,825,10001,"[0, 100000]","[0, 100000]",0,0,292,292
yolov8x_training,53.797861,67,187.447,13368.3125,94,1252,10001,"[0, 100000]","[0, 100000]",0,0,5126,15185
yolov8x_training,54.841132,64,191.243,13368.3125,100,1665,10001,"[0, 100000]","[0, 100000]",0,0,1123,292
yolov8x_training,55.884089,64,175.142,13368.3125,44,750,10001,"[0, 100000]","[0, 100000]",0,0,292,1037207
yolov8x_training,56.927068,66,161.072,13368.3125,83,2400,10001,"[0, 100000]","[0, 100000]",0,0,4541,16357
yolov8x_training,57.970147,68,172.754,13368.3125,100,2505,10001,"[0, 100000]","[0, 100000]",0,0,8154,72314
yolov8x_training,59.013385,67,186.009,13368.3125,98,810,10001,"[0, 100000]","[0, 100000]",0,0,292,292
yolov8x_training,60.056303,65,180.724,13368.3125,3,780,10001,"[0, 100000]","[0, 100000]",0,0,14160,25878
yolov8x_training,61.099586,67,168.486,13368.3125,41,870,10001,"[0, 100000]","[0, 100000]",0,0,2441,3906
yolov8x_training,62.142947,69,160.213,13368.3125,91,2505,10001,"[0, 100000]","[0, 100000]",0,0,341,292
yolov8x_training,63.221078,68,177.011,13368.3125,100,2505,10001,"[0, 100000]","[0, 100000]",0,0,13085,39062
yolov8x_training,64.264162,66,186.586,13368.3125,94,780,10001,"[0, 100000]","[0, 100000]",0,0,2587,9960
yolov8x_training,65.315260,68,184.892,13368.3125,46,2505,10001,"[0, 100000]","[0, 100000]",0,0,15283,20996
yolov8x_training,66.358694,66,198.776,13368.3125,88,750,10001,"[0, 100000]","[0, 100000]",0,0,3564,33691
yolov8x_training,67.427536,70,204.850,13368.3125,97,990,10001,"[0, 100000]","[0, 100000]",0,0,341,1031005
yolov8x_training,68.470149,71,199.088,13368.3125,78,2505,10001,"[0, 100000]","[0, 100000]",0,0,878,292
yolov8x_training,69.512949,69,202.067,13368.3125,33,840,10001,"[0, 100000]","[0, 100000]",0,0,2246,8007
yolov8x_training,70.556470,71,203.280,13368.3125,100,765,10001,"[0, 100000]","[0, 100000]",0,0,3125,11914
yolov8x_training,71.599915,68,199.684,13368.3125,95,840,10001,"[0, 100000]","[0, 100000]",0,0,4199,18359
yolov8x_training,72.642981,71,201.213,13368.3125,30,2490,10001,"[0, 100000]","[0, 100000]",0,0,4931,100146
yolov8x_training,73.723770,70,202.392,13368.3125,99,2505,10001,"[0, 100000]","[0, 100000]",0,0,89697,21337
yolov8x_training,74.767421,68,197.429,13368.3125,96,765,10001,"[0, 100000]","[0, 100000]",0,0,341,292
yolov8x_training,75.810098,71,202.686,13368.3125,52,1290,10001,"[0, 100000]","[0, 100000]",0,0,2294,8886
yolov8x_training,76.853626,71,200.466,13368.3125,78,2505,10001,"[0, 100000]","[0, 100000]",0,0,3955,15039
yolov8x_training,77.896562,68,203.920,13368.3125,100,765,10001,"[0, 100000]","[0, 100000]",0,0,4052,19970
yolov8x_training,78.939713,71,203.418,13368.3125,20,735,10001,"[0, 100000]","[0, 100000]",0,0,5761,102099
yolov8x_training,80.006840,72,203.059,13368.3125,100,780,10001,"[0, 100000]","[0, 100000]",0,0,341,1032177
yolov8x_training,81.049782,73,200.575,13368.3125,96,1785,10001,"[0, 100000]","[0, 100000]",0,0,292,292
yolov8x_training,82.092729,74,204.617,13368.3125,13,750,10001,"[0, 100000]","[0, 100000]",0,0,2587,9521
yolov8x_training,83.136343,70,203.185,13368.3125,100,810,10001,"[0, 100000]","[0, 100000]",0,0,2392,19873
yolov8x_training,84.197861,73,199.185,13368.3125,96,2295,10001,"[0, 100000]","[0, 100000]",0,0,14746,28076
yolov8x_training,85.240747,74,203.506,13368.3125,11,2160,10001,"[0, 100000]","[0, 100000]",0,0,89111,18310
yolov8x_training,86.284331,70,201.989,13368.3125,100,765,10001,"[0, 100000]","[0, 100000]",0,0,878,292
yolov8x_training,87.327083,73,201.741,13368.3125,96,825,10001,"[0, 100000]","[0, 100000]",0,0,2539,9179
yolov8x_training,88.370002,74,203.263,13368.3125,27,2325,10001,"[0, 100000]","[0, 100000]",0,0,2636,22802
yolov8x_training,89.423924,70,204.039,13368.3125,100,720,10001,"[0, 100000]","[0, 100000]",0,0,15478,28710
yolov8x_training,90.499885,73,217.107,13368.3125,100,780,10001,"[0, 100000]","[0, 100000]",0,0,14990,24316
yolov8x_training,91.542911,73,202.042,13368.3125,96,990,10001,"[0, 100000]","[0, 100000]",0,0,6982,101269
yolov8x_training,92.614964,74,203.371,13368.3125,16,1530,10001,"[0, 100000]","[0, 100000]",0,0,88867,15429
yolov8x_training,93.658133,75,205.583,13368.3125,100,720,10001,"[0, 100000]","[0, 100000]",0,0,1171,292
yolov8x_training,94.700837,71,199.893,13368.3125,96,780,10001,"[0, 100000]","[0, 100000]",0,0,2636,9277
yolov8x_training,95.744324,75,203.204,13368.3125,25,1050,10001,"[0, 100000]","[0, 100000]",0,0,2734,21679
yolov8x_training,96.814435,75,205.865,13368.3125,94,2280,10001,"[0, 100000]","[0, 100000]",0,0,15234,27294
yolov8x_training,97.857626,71,206.156,13368.3125,96,720,10001,"[0, 100000]","[0, 100000]",0,0,3320,35302
yolov8x_training,98.928258,75,201.192,13368.3125,79,1095,10001,"[0, 100000]","[0, 100000]",0,0,292,1034472
yolov8x_training,99.970942,75,199.858,13368.3125,100,2505,10001,"[0, 100000]","[0, 100000]",0,0,1123,292
yolov8x_training,101.013701,73,205.703,13368.3125,84,915,10001,"[0, 100000]","[0, 100000]",0,0,2246,9228
yolov8x_training,102.056812,76,204.547,13368.3125,16,750,10001,"[0, 100000]","[0, 100000]",0,0,2539,11962
yolov8x_training,103.099837,73,204.736,13368.3125,100,870,10001,"[0, 100000]","[0, 100000]",0,0,4296,17089
yolov8x_training,104.143059,76,202.084,13368.3125,95,2400,10001,"[0, 100000]","[0, 100000]",0,0,6689,103515
yolov8x_training,105.211558,76,205.759,13368.3125,33,735,10001,"[0, 100000]","[0, 100000]",0,0,341,1034326
yolov8x_training,106.254393,73,201.745,13368.3125,100,735,10001,"[0, 100000]","[0, 100000]",0,0,1416,292
yolov8x_training,107.297189,76,202.415,13368.3125,96,975,10001,"[0, 100000]","[0, 100000]",0,0,3076,11669
yolov8x_training,108.340188,76,203.999,13368.3125,30,2475,10001,"[0, 100000]","[0, 100000]",0,0,3222,17285
yolov8x_training,109.383037,73,204.901,13368.3125,100,705,10001,"[0, 100000]","[0, 100000]",0,0,3076,37841
yolov8x_training,110.454853,76,201.159,13368.3125,96,750,10001,"[0, 100000]","[0, 100000]",0,0,341,292
yolov8x_training,111.497671,77,199.683,13368.3125,15,1920,10001,"[0, 100000]","[0, 100000]",0,0,2050,9326
yolov8x_training,112.541147,77,204.840,13368.3125,100,735,10001,"[0, 100000]","[0, 100000]",0,0,3857,15527
yolov8x_training,113.593997,75,204.595,13368.3125,96,765,10001,"[0, 100000]","[0, 100000]",0,0,15185,25146
yolov8x_training,114.637532,77,195.438,13368.3125,15,1860,10001,"[0, 100000]","[0, 100000]",0,0,89062,18505
yolov8x_training,115.680430,77,204.180,13368.3125,100,720,10001,"[0, 100000]","[0, 100000]",0,0,9277,63476
yolov8x_training,116.722774,73,201.375,13368.3125,96,765,10001,"[0, 100000]","[0, 100000]",0,0,2636,11669
yolov8x_training,117.765029,76,200.962,13368.3125,37,855,10001,"[0, 100000]","[0, 100000]",0,0,4345,16552
yolov8x_training,118.807935,77,215.153,13368.3125,100,960,10001,"[0, 100000]","[0, 100000]",0,0,4199,31738
yolov8x_training,119.876206,73,203.995,13368.3125,88,720,10001,"[0, 100000]","[0, 100000]",0,0,390,1033984
yolov8x_training,120.918774,76,204.829,13368.3125,35,780,10001,"[0, 100000]","[0, 100000]",0,0,2001,2587
yolov8x_training,121.962170,77,201.210,13368.3125,1,885,10001,"[0, 100000]","[0, 100000]",0,0,14111,26220
yolov8x_training,123.004898,77,179.169,13368.3125,96,1252,10001,"[0, 100000]","[0, 100000]",0,0,830,292
yolov8x_training,124.047577,77,206.264,13368.3125,17,705,10001,"[0, 100000]","[0, 100000]",0,0,2636,12646
yolov8x_training,125.090471,76,205.511,13368.3125,100,1140,10001,"[0, 100000]","[0, 100000]",0,0,9228,26171
yolov8x_training,126.132991,77,198.512,13368.3125,96,2160,10001,"[0, 100000]","[0, 100000]",0,0,90722,34765
yolov8x_training,127.211850,78,205.097,13368.3125,26,705,10001,"[0, 100000]","[0, 100000]",0,0,341,292
yolov8x_training,128.254480,74,205.651,13368.3125,100,705,10001,"[0, 100000]","[0, 100000]",0,0,1904,8789
yolov8x_training,129.297868,77,199.106,13368.3125,96,780,10001,"[0, 100000]","[0, 100000]",0,0,3710,15625
yolov8x_training,130.363230,78,197.958,13368.3125,41,1095,10001,"[0, 100000]","[0, 100000]",0,0,15332,25195
yolov8x_training,131.406178,74,216.113,13368.3125,100,690,10001,"[0, 100000]","[0, 100000]",0,0,89843,25244
yolov8x_training,132.492275,78,199.648,13368.3125,88,2055,10001,"[0, 100000]","[0, 100000]",0,0,292,341
yolov8x_training,133.534941,78,208.566,13368.3125,67,735,10001,"[0, 100000]","[0, 100000]",0,0,2539,8837
yolov8x_training,134.578136,78,201.223,13368.3125,97,960,10001,"[0, 100000]","[0, 100000]",0,0,3271,14550
yolov8x_training,135.620717,77,203.736,13368.3125,47,2505,10001,"[0, 100000]","[0, 100000]",0,0,90771,35546
yolov8x_training,136.699466,78,207.077,13368.3125,100,720,10001,"[0, 100000]","[0, 100000]",0,0,341,292
yolov8x_training,137.742231,74,200.216,13368.3125,95,705,10001,"[0, 100000]","[0, 100000]",0,0,2343,8837
yolov8x_training,138.785184,77,200.109,13368.3125,31,990,10001,"[0, 100000]","[0, 100000]",0,0,2539,14599
yolov8x_training,139.828145,77,216.899,13368.3125,100,765,10001,"[0, 100000]","[0, 100000]",0,0,6152,101123
yolov8x_training,140.899361,75,200.717,13368.3125,80,855,10001,"[0, 100000]","[0, 100000]",0,0,341,292
yolov8x_training,141.941965,78,203.039,13368.3125,96,2505,10001,"[0, 100000]","[0, 100000]",0,0,2441,7421
yolov8x_training,142.985056,79,207.701,13368.3125,9,705,10001,"[0, 100000]","[0, 100000]",0,0,4345,12890
yolov8x_training,144.028592,78,203.501,13370.3125,100,720,10001,"[0, 100000]","[0, 100000]",0,0,4687,100341
yolov8x_training,145.114243,78,200.360,13370.3125,96,1965,10001,"[0, 100000]","[0, 100000]",0,0,341,292
yolov8x_training,146.157191,78,202.782,13370.3125,46,705,10001,"[0, 100000]","[0, 100000]",0,0,2148,6542
yolov8x_training,147.200395,75,200.055,13370.3125,96,1290,10001,"[0, 100000]","[0, 100000]",0,0,2539,21044
yolov8x_training,148.243240,78,209.393,13370.3125,44,2505,10001,"[0, 100000]","[0, 100000]",0,0,6445,100634
yolov8x_training,149.316965,80,199.844,13370.3125,100,720,10001,"[0, 100000]","[0, 100000]",0,0,341,292
yolov8x_training,150.359568,78,203.461,13370.3125,96,1260,10001,"[0, 100000]","[0, 100000]",0,0,2197,7373
yolov8x_training,151.403036,79,195.362,13370.3125,24,2055,10001,"[0, 100000]","[0, 100000]",0,0,2539,23095
yolov8x_training,152.446112,75,205.160,13370.3125,100,720,10001,"[0, 100000]","[0, 100000]",0,0,5761,100341
yolov8x_training,153.515520,79,200.552,13370.3125,78,795,10001,"[0, 100000]","[0, 100000]",0,0,341,292
yolov8x_training,154.558143,79,207.396,13370.3125,81,720,10001,"[0, 100000]","[0, 100000]",0,0,2294,9472
yolov8x_training,155.600830,75,190.014,13370.3125,95,795,10001,"[0, 100000]","[0, 100000]",0,0,292,341
yolov8x_training,156.643784,78,192.787,13370.3125,100,1545,10001,"[0, 100000]","[0, 100000]",0,0,3955,14648
yolov8x_training,157.712113,78,199.396,13370.3125,22,2385,10001,"[0, 100000]","[0, 100000]",0,0,14794,26708
yolov8x_training,158.754854,80,213.914,13370.3125,100,1725,10001,"[0, 100000]","[0, 100000]",0,0,390,341
yolov8x_training,159.797177,75,199.529,13370.3125,79,705,10001,"[0, 100000]","[0, 100000]",0,0,2392,4687
yolov8x_training,160.839620,79,202.339,13370.3125,61,1275,10001,"[0, 100000]","[0, 100000]",0,0,2636,20996
yolov8x_training,161.914766,79,209.900,13370.3125,97,705,10001,"[0, 100000]","[0, 100000]",0,0,14648,25195
yolov8x_training,162.957422,77,203.047,13370.3125,100,825,10001,"[0, 100000]","[0, 100000]",0,0,89794,22851
yolov8x_training,164.044776,78,202.226,13370.3125,96,2490,10001,"[0, 100000]","[0, 100000]",0,0,439,341
yolov8x_training,165.086868,80,207.894,13370.3125,26,690,10001,"[0, 100000]","[0, 100000]",0,0,2197,11474
yolov8x_training,166.129308,76,202.904,13370.3125,100,705,10001,"[0, 100000]","[0, 100000]",0,0,4150,17041
yolov8x_training,167.171803,78,198.784,13370.3125,46,690,10001,"[0, 100000]","[0, 100000]",0,0,1953,3271
yolov8x_training,168.214727,76,200.482,13370.3125,100,765,10001,"[0, 100000]","[0, 100000]",0,0,2929,16943
yolov8x_training,169.277826,79,209.389,13370.3125,55,2505,10001,"[0, 100000]","[0, 100000]",0,0,14794,24658
yolov8x_training,170.320642,80,203.825,13370.3125,100,720,10001,"[0, 100000]","[0, 100000]",0,0,390,1038574
yolov8x_training,171.363477,78,204.231,13370.3125,96,1185,10001,"[0, 100000]","[0, 100000]",0,0,2099,6201
yolov8x_training,172.407097,80,200.969,13370.3125,20,2280,10001,"[0, 100000]","[0, 100000]",0,0,3662,15087
yolov8x_training,173.487525,76,212.823,13370.3125,100,690,10001,"[0, 100000]","[0, 100000]",0,0,14843,26708
yolov8x_training,174.530611,79,200.265,13370.3125,83,2115,10001,"[0, 100000]","[0, 100000]",0,0,341,341
yolov8x_training,175.573301,80,208.369,13370.3125,90,690,10001,"[0, 100000]","[0, 100000]",0,0,2197,6494
yolov8x_training,176.616322,79,201.065,13370.3125,96,1245,10001,"[0, 100000]","[0, 100000]",0,0,2587,18066
yolov8x_training,177.659372,79,198.651,13370.3125,13,2250,10001,"[0, 100000]","[0, 100000]",0,0,4833,99755
yolov8x_training,178.742451,79,203.949,13370.3125,100,825,10001,"[0, 100000]","[0, 100000]",0,0,341,244
yolov8x_training,179.785045,77,201.600,13370.3125,66,870,10001,"[0, 100000]","[0, 100000]",0,0,2490,9912
yolov8x_training,180.828004,80,210.723,13370.3125,100,2505,10001,"[0, 100000]","[0, 100000]",0,0,3955,12890
yolov8x_training,181.871506,79,208.508,13370.3125,95,675,10001,"[0, 100000]","[0, 100000]",0,0,89111,18603
yolov8x_training,182.915019,79,205.754,13370.3125,30,975,10001,"[0, 100000]","[0, 100000]",0,0,781,292
yolov8x_training,183.958068,79,201.603,13370.3125,86,1095,10001,"[0, 100000]","[0, 100000]",0,0,2880,12451
yolov8x_training,185.020445,77,204.767,13370.3125,86,690,10001,"[0, 100000]","[0, 100000]",0,0,14892,21191
yolov8x_training,186.063889,78,202.651,13370.3125,95,1455,10001,"[0, 100000]","[0, 100000]",0,0,341,1040087
yolov8x_training,187.106627,80,209.048,13370.3125,19,705,10001,"[0, 100000]","[0, 100000]",0,0,2197,6738
yolov8x_training,188.150264,76,204.268,13370.3125,100,1200,10001,"[0, 100000]","[0, 100000]",0,0,2490,19433
yolov8x_training,189.193506,80,199.854,13370.3125,86,1815,10001,"[0, 100000]","[0, 100000]",0,0,5957,99755
yolov8x_training,190.263763,80,204.747,13370.3125,79,735,10001,"[0, 100000]","[0, 100000]",0,0,341,292
yolov8x_training,191.306367,78,203.932,13370.3125,96,705,10001,"[0, 100000]","[0, 100000]",0,0,2246,7910
yolov8x_training,192.349329,80,206.902,13370.3125,29,2505,10001,"[0, 100000]","[0, 100000]",0,0,2539,21337
yolov8x_training,193.392336,76,208.499,13370.3125,100,675,10001,"[0, 100000]","[0, 100000]",0,0,5761,100439
yolov8x_training,194.461837,79,203.855,13370.3125,95,975,10001,"[0, 100000]","[0, 100000]",0,0,341,292
yolov8x_training,195.504449,80,201.689,13370.3125,51,1845,10001,"[0, 100000]","[0, 100000]",0,0,2246,8496
yolov8x_training,196.547317,81,210.687,13370.3125,95,645,10001,"[0, 100000]","[0, 100000]",0,0,4199,23779
yolov8x_training,197.590590,80,204.141,13370.3125,31,2505,10001,"[0, 100000]","[0, 100000]",0,0,8740,726611
yolov8x_training,198.633880,81,208.036,13370.3125,100,705,10001,"[0, 100000]","[0, 100000]",0,0,2197,5517
yolov8x_training,199.676868,77,197.431,13370.3125,82,735,10001,"[0, 100000]","[0, 100000]",0,0,2539,21630
yolov8x_training,200.719639,80,211.243,13370.3125,68,810,10001,"[0, 100000]","[0, 100000]",0,0,5078,100097
yolov8x_training,201.801350,81,201.859,13370.3125,95,705,10001,"[0, 100000]","[0, 100000]",0,0,341,292
yolov8x_training,202.843959,80,198.204,13370.3125,20,1290,10001,"[0, 100000]","[0, 100000]",0,0,2148,9033
yolov8x_training,203.887078,79,200.985,13370.3125,100,1830,10001,"[0, 100000]","[0, 100000]",0,0,4638,15429
yolov8x_training,204.929978,77,203.410,13370.3125,78,690,10001,"[0, 100000]","[0, 100000]",0,0,341,1039550
yolov8x_training,205.972984,81,203.936,13370.3125,95,1252,10001,"[0, 100000]","[0, 100000]",0,0,2197,4785
yolov8x_training,207.016112,77,207.252,13370.3125,34,660,10001,"[0, 100000]","[0, 100000]",0,0,2441,21044
yolov8x_training,208.058973,77,204.719,13370.3125,100,795,10001,"[0, 100000]","[0, 100000]",0,0,5859,98876
yolov8x_training,209.130314,80,206.529,13370.3125,78,1620,10001,"[0, 100000]","[0, 100000]",0,0,341,1035546
yolov8x_training,210.173030,81,206.360,13370.3125,83,690,10001,"[0, 100000]","[0, 100000]",0,0,2148,7080
yolov8x_training,211.216382,79,204.868,13370.3125,95,2025,10001,"[0, 100000]","[0, 100000]",0,0,3173,12060
yolov8x_training,212.259229,81,210.246,13370.3125,15,2535,10001,"[0, 100000]","[0, 100000]",0,0,4248,100000
yolov8x_training,213.344304,77,203.408,13370.3125,100,675,10001,"[0, 100000]","[0, 100000]",0,0,341,292
yolov8x_training,214.386946,81,203.953,13370.3125,67,1395,10001,"[0, 100000]","[0, 100000]",0,0,2197,10058
yolov8x_training,215.429902,82,209.525,13370.3125,100,690,10001,"[0, 100000]","[0, 100000]",0,0,4882,25244
yolov8x_training,216.472901,80,206.558,13370.3125,96,915,10001,"[0, 100000]","[0, 100000]",0,0,89111,18066
yolov8x_training,217.516507,81,199.860,13370.3125,31,2025,10001,"[0, 100000]","[0, 100000]",0,0,1953,7763
yolov8x_training,218.559727,80,215.216,13370.3125,100,690,10001,"[0, 100000]","[0, 100000]",0,0,2685,21728
yolov8x_training,219.602773,79,204.020,13370.3125,44,1890,10001,"[0, 100000]","[0, 100000]",0,0,6152,99658
yolov8x_training,220.682603,81,210.008,13370.3125,100,675,10001,"[0, 100000]","[0, 100000]",0,0,341,292
yolov8x_training,221.725211,77,202.968,13370.3125,93,690,10001,"[0, 100000]","[0, 100000]",0,0,2490,8837
yolov8x_training,222.768181,81,208.761,13370.3125,68,900,10001,"[0, 100000]","[0, 100000]",0,0,5078,26953
yolov8x_training,223.811167,82,209.682,13370.3125,95,675,10001,"[0, 100000]","[0, 100000]",0,0,341,1030273
yolov8x_training,224.854028,80,206.179,13370.3125,13,915,10001,"[0, 100000]","[0, 100000]",0,0,2294,6103
yolov8x_training,225.897164,81,200.124,13370.3125,100,2145,10001,"[0, 100000]","[0, 100000]",0,0,2880,13427
yolov8x_training,226.940048,78,203.228,13370.3125,88,660,10001,"[0, 100000]","[0, 100000]",0,0,90917,38671
yolov8x_training,228.016497,81,206.222,13370.3125,95,2505,10001,"[0, 100000]","[0, 100000]",0,0,341,341
yolov8x_training,229.059182,81,210.461,13370.3125,19,675,10001,"[0, 100000]","[0, 100000]",0,0,2294,8789
yolov8x_training,230.102297,77,205.635,13370.3125,100,1020,10001,"[0, 100000]","[0, 100000]",0,0,3125,21972
yolov8x_training,231.145297,81,203.238,13370.3125,85,2280,10001,"[0, 100000]","[0, 100000]",0,0,341,1040771
yolov8x_training,232.188441,81,204.213,13370.3125,94,675,10001,"[0, 100000]","[0, 100000]",0,0,2148,3173
yolov8x_training,233.231240,80,206.144,13370.3125,96,1215,10001,"[0, 100000]","[0, 100000]",0,0,2490,20507
yolov8x_training,234.274041,78,203.134,13370.3125,68,660,10001,"[0, 100000]","[0, 100000]",0,0,6201,85595
yolov8x_training,235.318443,82,188.557,13370.3125,31,705,10001,"[0, 100000]","[0, 100000]",0,0,341,292
yolov8x_training,236.361300,81,181.159,13370.3125,0,2295,10001,"[0, 100000]","[0, 100000]",0,0,47460,302832
yolov8x_training,237.404303,82,173.453,13370.3125,0,2655,10001,"[0, 100000]","[0, 100000]",0,0,12988,27148
yolov8x_training,238.447559,81,170.444,13370.3125,56,2505,10001,"[0, 100000]","[0, 100000]",0,0,2734,9472
yolov8x_training,239.490731,80,199.376,13370.3125,94,1245,10001,"[0, 100000]","[0, 100000]",0,0,23974,608398
yolov8x_training,240.533904,80,206.827,13370.3125,70,1830,10001,"[0, 100000]","[0, 100000]",0,0,2246,6933
yolov8x_training,241.577447,80,207.839,13370.3125,95,675,10001,"[0, 100000]","[0, 100000]",0,0,4394,11035
yolov8x_training,242.620808,80,202.894,13370.3125,17,2655,10001,"[0, 100000]","[0, 100000]",0,0,3710,35400
yolov8x_training,243.689564,80,212.481,13370.3125,100,660,10001,"[0, 100000]","[0, 100000]",0,0,341,292
yolov8x_training,244.732533,79,202.488,13370.3125,70,720,10001,"[0, 100000]","[0, 100000]",0,0,3271,11865
yolov8x_training,245.812247,81,208.480,13370.3125,15,2505,10001,"[0, 100000]","[0, 100000]",0,0,14843,25781
yolov8x_training,246.855300,78,204.956,13370.3125,100,675,10001,"[0, 100000]","[0, 100000]",0,0,341,292
yolov8x_training,247.897905,81,203.159,13370.3125,45,900,10001,"[0, 100000]","[0, 100000]",0,0,2197,8789
yolov8x_training,248.940784,82,211.396,13370.3125,100,705,10001,"[0, 100000]","[0, 100000]",0,0,4345,15136
yolov8x_training,249.983660,80,202.964,13370.3125,71,1185,10001,"[0, 100000]","[0, 100000]",0,0,341,1036572
yolov8x_training,251.026567,80,203.669,13370.3125,96,1995,10001,"[0, 100000]","[0, 100000]",0,0,1904,8349
yolov8x_training,252.069714,82,209.161,13370.3125,20,660,10001,"[0, 100000]","[0, 100000]",0,0,3027,13623
yolov8x_training,253.112633,81,202.428,13370.3125,100,2505,10001,"[0, 100000]","[0, 100000]",0,0,89355,21337
yolov8x_training,254.156048,80,210.752,13370.3125,47,660,10001,"[0, 100000]","[0, 100000]",0,0,1953,5029
yolov8x_training,255.199294,80,201.439,13370.3125,100,735,10001,"[0, 100000]","[0, 100000]",0,0,2441,23144
yolov8x_training,256.242404,82,198.148,13370.3125,80,675,10001,"[0, 100000]","[0, 100000]",0,0,89843,24462
yolov8x_training,257.327763,78,207.484,13370.3125,95,690,10001,"[0, 100000]","[0, 100000]",0,0,634,292
yolov8x_training,258.370549,81,204.897,13370.3125,96,750,10001,"[0, 100000]","[0, 100000]",0,0,2441,12060
yolov8x_training,259.432748,80,199.278,13370.3125,34,690,10001,"[0, 100000]","[0, 100000]",0,0,14892,18017
yolov8x_training,260.475588,81,203.075,13370.3125,100,720,10001,"[0, 100000]","[0, 100000]",0,0,292,292
yolov8x_training,261.518208,81,207.735,13370.3125,43,1800,10001,"[0, 100000]","[0, 100000]",0,0,2246,9716
yolov8x_training,262.561660,80,210.582,13370.3125,100,690,10001,"[0, 100000]","[0, 100000]",0,0,3271,23828
yolov8x_training,263.604700,81,200.540,13370.3125,85,2400,10001,"[0, 100000]","[0, 100000]",0,0,341,292
yolov8x_training,264.647317,82,211.939,13370.3125,100,705,10001,"[0, 100000]","[0, 100000]",0,0,2148,8789
yolov8x_training,265.690440,81,202.942,13370.3125,96,2505,10001,"[0, 100000]","[0, 100000]",0,0,3759,16894
yolov8x_training,266.733464,81,200.863,13370.3125,45,660,10001,"[0, 100000]","[0, 100000]",0,0,341,1030322
yolov8x_training,267.776295,79,202.437,13370.3125,95,675,10001,"[0, 100000]","[0, 100000]",0,0,1904,9277
yolov8x_training,268.819637,82,201.742,13370.3125,14,2505,10001,"[0, 100000]","[0, 100000]",0,0,3515,12255
yolov8x_training,269.862545,78,203.837,13370.3125,100,660,10001,"[0, 100000]","[0, 100000]",0,0,90576,36132
yolov8x_training,270.942893,81,211.438,13370.3125,77,705,10001,"[0, 100000]","[0, 100000]",0,0,16210,292
yolov8x_training,271.985958,82,206.833,13370.3125,95,1830,10001,"[0, 100000]","[0, 100000]",0,0,2490,12207
yolov8x_training,273.037847,80,211.031,13370.3125,38,660,10001,"[0, 100000]","[0, 100000]",0,0,15136,26904
yolov8x_training,274.080745,81,202.518,13370.3125,100,1252,10001,"[0, 100000]","[0, 100000]",0,0,341,292
yolov8x_training,275.123444,82,213.601,13370.3125,17,705,10001,"[0, 100000]","[0, 100000]",0,0,2490,9912
yolov8x_training,276.166350,81,204.843,13370.3125,100,990,10001,"[0, 100000]","[0, 100000]",0,0,13476,23828
yolov8x_training,277.209380,82,203.464,13370.3125,86,675,10001,"[0, 100000]","[0, 100000]",0,0,292,292
yolov8x_training,278.251952,79,202.552,13370.3125,100,735,10001,"[0, 100000]","[0, 100000]",0,0,2490,9960
yolov8x_training,279.294867,82,198.167,13370.3125,96,1335,10001,"[0, 100000]","[0, 100000]",0,0,13623,24511
yolov8x_training,280.338274,78,205.420,13370.3125,57,690,10001,"[0, 100000]","[0, 100000]",0,0,341,292
yolov8x_training,281.380879,81,209.493,13370.3125,95,735,10001,"[0, 100000]","[0, 100000]",0,0,2246,8398
yolov8x_training,282.434576,80,198.254,13370.3125,33,690,10001,"[0, 100000]","[0, 100000]",0,0,14697,25195
yolov8x_training,283.477487,81,211.570,13370.3125,98,1260,10001,"[0, 100000]","[0, 100000]",0,0,292,292
yolov8x_training,284.520116,82,205.940,13370.3125,17,1740,10001,"[0, 100000]","[0, 100000]",0,0,2490,8642
yolov8x_training,285.563223,78,206.851,13370.3125,100,675,10001,"[0, 100000]","[0, 100000]",0,0,6152,31542
yolov8x_training,286.606546,82,203.757,13370.3125,84,1252,10001,"[0, 100000]","[0, 100000]",0,0,341,292
yolov8x_training,287.649263,82,213.860,13370.3125,100,705,10001,"[0, 100000]","[0, 100000]",0,0,2148,9765
yolov8x_training,288.693112,81,206.042,13370.3125,96,885,10001,"[0, 100000]","[0, 100000]",0,0,4101,17138
yolov8x_training,289.736292,81,203.434,13370.3125,57,690,10001,"[0, 100000]","[0, 100000]",0,0,341,1030859
yolov8x_training,290.779065,79,203.736,13370.3125,96,660,10001,"[0, 100000]","[0, 100000]",0,0,2294,8447
yolov8x_training,291.821970,82,198.431,13370.3125,20,2505,10001,"[0, 100000]","[0, 100000]",0,0,4833,32910
yolov8x_training,292.865519,78,213.323,13370.3125,100,675,10001,"[0, 100000]","[0, 100000]",0,0,341,1040673
yolov8x_training,293.908360,82,207.557,13370.3125,48,705,10001,"[0, 100000]","[0, 100000]",0,0,2148,5615
yolov8x_training,294.951414,83,202.723,13370.3125,100,750,10001,"[0, 100000]","[0, 100000]",0,0,2587,20654
yolov8x_training,295.994392,81,206.307,13370.3125,74,660,10001,"[0, 100000]","[0, 100000]",0,0,90136,27246
yolov8x_training,297.075925,82,203.573,13370.3125,96,2460,10001,"[0, 100000]","[0, 100000]",0,0,341,292
yolov8x_training,298.118597,81,208.242,13370.3125,37,660,10001,"[0, 100000]","[0, 100000]",0,0,3662,14697
yolov8x_training,299.186263,81,206.885,13370.3125,100,1252,10001,"[0, 100000]","[0, 100000]",0,0,14648,20263
yolov8x_training,300.229671,80,204.553,13370.3125,52,660,10001,"[0, 100000]","[0, 100000]",0,0,341,1028222
yolov8x_training,301.272608,80,203.451,13370.3125,100,690,10001,"[0, 100000]","[0, 100000]",0,0,2441,7861
yolov8x_training,302.326872,82,199.032,13370.3125,92,2505,10001,"[0, 100000]","[0, 100000]",0,0,14550,21240
yolov8x_training,303.369776,79,212.790,13370.3125,100,660,10001,"[0, 100000]","[0, 100000]",0,0,341,1037500
yolov8x_training,304.412858,82,203.827,13370.3125,96,720,10001,"[0, 100000]","[0, 100000]",0,0,2148,8642
yolov8x_training,305.455835,80,202.905,13370.3125,39,705,10001,"[0, 100000]","[0, 100000]",0,0,4199,13232
yolov8x_training,306.498779,82,205.623,13370.3125,100,885,10001,"[0, 100000]","[0, 100000]",0,0,90136,25341
yolov8x_training,307.584480,82,204.104,13370.3125,22,1785,10001,"[0, 100000]","[0, 100000]",0,0,488,292
yolov8x_training,308.627217,79,210.023,13370.3125,100,690,10001,"[0, 100000]","[0, 100000]",0,0,3320,13037
yolov8x_training,309.670464,82,202.173,13370.3125,70,2505,10001,"[0, 100000]","[0, 100000]",0,0,5957,100927
yolov8x_training,310.747650,81,211.827,13370.3125,100,660,10001,"[0, 100000]","[0, 100000]",0,0,341,292
yolov8x_training,311.790507,82,205.525,13370.3125,95,1065,10001,"[0, 100000]","[0, 100000]",0,0,3369,11816
yolov8x_training,312.864432,82,206.584,13370.3125,95,2460,10001,"[0, 100000]","[0, 100000]",0,0,14697,24804
yolov8x_training,313.907458,81,209.324,13370.3125,95,690,10001,"[0, 100000]","[0, 100000]",0,0,341,292
yolov8x_training,314.950112,83,203.553,13370.3125,42,2505,10001,"[0, 100000]","[0, 100000]",0,0,2001,10888
yolov8x_training,315.993004,79,213.392,13370.3125,20,660,10001,"[0, 100000]","[0, 100000]",0,0,4687,29101
yolov8x_training,317.035882,82,205.244,13370.3125,100,720,10001,"[0, 100000]","[0, 100000]",0,0,341,1028515
yolov8x_training,318.078777,81,203.610,13370.3125,61,705,10001,"[0, 100000]","[0, 100000]",0,0,2148,8300
yolov8x_training,319.121811,79,205.391,13370.3125,100,855,10001,"[0, 100000]","[0, 100000]",0,0,4296,15966
yolov8x_training,320.164829,82,203.430,13370.3125,96,1770,10001,"[0, 100000]","[0, 100000]",0,0,341,1039013
yolov8x_training,321.207707,79,205.887,13370.3125,73,660,10001,"[0, 100000]","[0, 100000]",0,0,2197,7714
yolov8x_training,322.250522,82,201.805,13370.3125,96,2505,10001,"[0, 100000]","[0, 100000]",0,0,4394,31933
yolov8x_training,323.293352,81,208.890,13370.3125,40,720,10001,"[0, 100000]","[0, 100000]",0,0,341,292
yolov8x_training,324.335929,82,202.745,13370.3125,97,1305,10001,"[0, 100000]","[0, 100000]",0,0,2246,10449
yolov8x_training,325.378872,83,198.211,13370.3125,8,1815,10001,"[0, 100000]","[0, 100000]",0,0,90429,28857
yolov8x_training,326.461933,82,171.904,13370.3125,26,2340,10001,"[0, 100000]","[0, 100000]",0,0,4687,18847
yolov8x_training,327.505492,82,191.142,13370.3125,96,720,10001,"[0, 100000]","[0, 100000]",0,0,15966,292
yolov8x_training,328.548663,81,193.453,13370.3125,100,1650,10001,"[0, 100000]","[0, 100000]",0,0,341,292
yolov8x_training,329.591610,78,189.835,13370.3125,91,705,10001,"[0, 100000]","[0, 100000]",0,0,89794,23828
yolov8x_training,330.679668,78,187.493,13370.3125,72,675,10001,"[0, 100000]","[0, 100000]",0,0,3613,13476
yolov8x_training,331.722827,82,183.999,13370.3125,35,720,10001,"[0, 100000]","[0, 100000]",0,0,2099,8300
yolov8x_training,332.765756,81,195.130,13370.3125,22,720,10001,"[0, 100000]","[0, 100000]",0,0,5078,13183
yolov8x_training,333.808762,82,208.832,13370.3125,100,720,10001,"[0, 100000]","[0, 100000]",0,0,341,1034228
yolov8x_training,334.851717,79,202.679,13370.3125,81,810,10001,"[0, 100000]","[0, 100000]",0,0,2001,8300
yolov8x_training,335.894876,82,209.096,13370.3125,96,2505,10001,"[0, 100000]","[0, 100000]",0,0,2343,21923
yolov8x_training,336.936746,78,208.662,13370.3125,96,660,10001,"[0, 100000]","[0, 100000]",0,0,90820,32275
yolov8x_training,338.018022,82,203.211,13370.3125,99,2505,10001,"[0, 100000]","[0, 100000]",0,0,1123,292
yolov8x_training,339.060892,83,213.317,13370.3125,15,645,10001,"[0, 100000]","[0, 100000]",0,0,3564,16845
yolov8x_training,340.136619,78,206.439,13370.3125,100,735,10001,"[0, 100000]","[0, 100000]",0,0,14794,25390
yolov8x_training,341.179847,82,204.204,13370.3125,72,735,10001,"[0, 100000]","[0, 100000]",0,0,341,292
yolov8x_training,342.222502,83,202.395,13370.3125,100,930,10001,"[0, 100000]","[0, 100000]",0,0,2490,9228
yolov8x_training,343.268377,81,202.311,13370.3125,96,720,10001,"[0, 100000]","[0, 100000]",0,0,14697,20019
yolov8x_training,344.311318,82,206.960,13370.3125,73,660,10001,"[0, 100000]","[0, 100000]",0,0,341,292
yolov8x_training,345.353924,81,202.603,13370.3125,96,1050,10001,"[0, 100000]","[0, 100000]",0,0,2441,9521
yolov8x_training,346.412158,82,199.257,13370.3125,35,735,10001,"[0, 100000]","[0, 100000]",0,0,14990,21679
yolov8x_training,347.455150,79,202.022,13370.3125,100,990,10001,"[0, 100000]","[0, 100000]",0,0,292,292
yolov8x_training,348.497782,82,203.894,13370.3125,15,1905,10001,"[0, 100000]","[0, 100000]",0,0,2392,10595
yolov8x_training,349.541072,79,206.932,13370.3125,100,660,10001,"[0, 100000]","[0, 100000]",0,0,10302,28417
yolov8x_training,350.583925,79,205.476,13370.3125,82,2505,10001,"[0, 100000]","[0, 100000]",0,0,341,292
yolov8x_training,351.626508,82,212.777,13370.3125,100,645,10001,"[0, 100000]","[0, 100000]",0,0,2246,8642
yolov8x_training,352.669559,79,203.897,13370.3125,96,870,10001,"[0, 100000]","[0, 100000]",0,0,3515,20410
yolov8x_training,353.712582,82,209.671,13370.3125,57,705,10001,"[0, 100000]","[0, 100000]",0,0,341,1030957
yolov8x_training,354.755096,83,203.131,13370.3125,96,1425,10001,"[0, 100000]","[0, 100000]",0,0,2148,9521
yolov8x_training,355.799045,82,200.884,13370.3125,17,780,10001,"[0, 100000]","[0, 100000]",0,0,5126,12792
yolov8x_training,356.842623,83,205.782,13370.3125,100,690,10001,"[0, 100000]","[0, 100000]",0,0,341,1026025
yolov8x_training,357.885951,81,208.355,13370.3125,51,870,10001,"[0, 100000]","[0, 100000]",0,0,1953,8056
yolov8x_training,358.929060,83,199.784,13370.3125,100,1695,10001,"[0, 100000]","[0, 100000]",0,0,4296,12255
yolov8x_training,359.972161,79,207.977,13370.3125,78,645,10001,"[0, 100000]","[0, 100000]",0,0,81738,36523
yolov8x_training,361.050148,82,207.672,13370.3125,95,2505,10001,"[0, 100000]","[0, 100000]",0,0,14648,292
yolov8x_training,362.093452,83,211.294,13370.3125,29,705,10001,"[0, 100000]","[0, 100000]",0,0,3564,15820
yolov8x_training,363.136358,80,202.622,13370.3125,96,2370,10001,"[0, 100000]","[0, 100000]",0,0,6298,100976
yolov8x_training,364.217173,82,209.430,13370.3125,28,690,10001,"[0, 100000]","[0, 100000]",0,0,341,292
yolov8x_training,365.259758,79,205.664,13370.3125,100,735,10001,"[0, 100000]","[0, 100000]",0,0,2294,11767
yolov8x_training,366.310546,82,203.949,13370.3125,56,2370,10001,"[0, 100000]","[0, 100000]",0,0,15087,24804
yolov8x_training,367.353084,83,205.431,13370.3125,100,690,10001,"[0, 100000]","[0, 100000]",0,0,439,341
yolov8x_training,368.395380,82,204.151,13370.3125,96,690,10001,"[0, 100000]","[0, 100000]",0,0,2832,7910
yolov8x_training,369.447194,83,205.479,13370.3125,73,675,10001,"[0, 100000]","[0, 100000]",0,0,14990,26513
yolov8x_training,370.489733,81,203.994,13370.3125,96,840,10001,"[0, 100000]","[0, 100000]",0,0,341,292
yolov8x_training,371.532300,83,199.115,13370.3125,35,1680,10001,"[0, 100000]","[0, 100000]",0,0,2441,9130
yolov8x_training,372.575486,83,204.303,13370.3125,100,660,10001,"[0, 100000]","[0, 100000]",0,0,4785,28320
yolov8x_training,373.618169,81,207.595,13370.3125,44,2505,10001,"[0, 100000]","[0, 100000]",0,0,341,1034912
yolov8x_training,374.660759,83,211.050,13370.3125,100,660,10001,"[0, 100000]","[0, 100000]",0,0,2148,8984
yolov8x_training,375.703795,79,202.457,13370.3125,94,840,10001,"[0, 100000]","[0, 100000]",0,0,3173,13525
yolov8x_training,376.746414,83,213.989,13370.3125,74,705,10001,"[0, 100000]","[0, 100000]",0,0,89111,17773
yolov8x_training,377.789563,81,204.889,13370.3125,95,690,10001,"[0, 100000]","[0, 100000]",0,0,2343,5810
yolov8x_training,378.831905,82,202.287,13370.3125,30,1065,10001,"[0, 100000]","[0, 100000]",0,0,3857,12304
yolov8x_training,379.875360,83,210.337,13370.3125,98,690,10001,"[0, 100000]","[0, 100000]",0,0,89062,18310
yolov8x_training,380.918386,82,204.966,13370.3125,16,885,10001,"[0, 100000]","[0, 100000]",0,0,2148,3417
yolov8x_training,381.961202,81,202.555,13370.3125,100,720,10001,"[0, 100000]","[0, 100000]",0,0,2880,14990
yolov8x_training,383.005720,80,209.896,13370.3125,100,825,10001,"[0, 100000]","[0, 100000]",0,0,341,1040820
yolov8x_training,384.048511,83,198.795,13370.3125,95,1695,10001,"[0, 100000]","[0, 100000]",0,0,2001,8251
yolov8x_training,385.091398,83,215.449,13370.3125,95,660,10001,"[0, 100000]","[0, 100000]",0,0,4296,12304
yolov8x_training,386.134763,82,208.128,13370.3125,95,2505,10001,"[0, 100000]","[0, 100000]",0,0,88769,17089
yolov8x_training,387.178074,83,210.284,13370.3125,35,690,10001,"[0, 100000]","[0, 100000]",0,0,2050,6250
yolov8x_training,388.221412,80,202.633,13370.3125,96,2055,10001,"[0, 100000]","[0, 100000]",0,0,3857,12304
yolov8x_training,389.264626,83,212.761,13370.3125,22,660,10001,"[0, 100000]","[0, 100000]",0,0,88867,16992
yolov8x_training,390.307845,79,203.231,13370.3125,100,660,10001,"[0, 100000]","[0, 100000]",0,0,2001,9570
yolov8x_training,391.351007,83,206.616,13370.3125,25,2505,10001,"[0, 100000]","[0, 100000]",0,0,14062,19189
yolov8x_training,392.393890,79,206.583,13370.3125,100,660,10001,"[0, 100000]","[0, 100000]",0,0,341,341
yolov8x_training,393.436546,83,202.323,13370.3125,43,2505,10001,"[0, 100000]","[0, 100000]",0,0,2636,11230
yolov8x_training,394.519281,79,207.779,13370.3125,100,660,10001,"[0, 100000]","[0, 100000]",0,0,14697,25439
yolov8x_training,395.562103,82,204.732,13370.3125,75,1065,10001,"[0, 100000]","[0, 100000]",0,0,439,341
yolov8x_training,396.604236,83,213.223,13370.3125,100,690,10001,"[0, 100000]","[0, 100000]",0,0,2539,9619
yolov8x_training,397.646581,79,206.057,13370.3125,95,795,10001,"[0, 100000]","[0, 100000]",0,0,4687,32031
yolov8x_training,398.689341,83,207.994,13370.3125,56,1200,10001,"[0, 100000]","[0, 100000]",0,0,390,341
yolov8x_training,399.731474,84,204.611,13370.3125,95,690,10001,"[0, 100000]","[0, 100000]",0,0,2587,9375
yolov8x_training,400.774430,82,202.823,13370.3125,18,2505,10001,"[0, 100000]","[0, 100000]",0,0,3808,18798
yolov8x_training,401.816818,81,206.693,13370.3125,100,810,10001,"[0, 100000]","[0, 100000]",0,0,341,1028955
yolov8x_training,402.859403,82,201.327,13370.3125,46,975,10001,"[0, 100000]","[0, 100000]",0,0,2490,9570
yolov8x_training,403.925466,81,203.051,13370.3125,100,735,10001,"[0, 100000]","[0, 100000]",0,0,14794,21142
yolov8x_training,404.968176,81,207.631,13370.3125,54,810,10001,"[0, 100000]","[0, 100000]",0,0,439,341
yolov8x_training,406.010436,82,200.022,13370.3125,74,1755,10001,"[0, 100000]","[0, 100000]",0,0,3320,10644
yolov8x_training,407.095791,82,209.566,13370.3125,100,795,10001,"[0, 100000]","[0, 100000]",0,0,14697,26269
yolov8x_training,408.138694,83,199.282,13370.3125,90,2235,10001,"[0, 100000]","[0, 100000]",0,0,390,341
yolov8x_training,409.180939,84,211.631,13370.3125,100,690,10001,"[0, 100000]","[0, 100000]",0,0,3027,11230
yolov8x_training,410.239195,82,203.937,13370.3125,96,2505,10001,"[0, 100000]","[0, 100000]",0,0,14794,26171
yolov8x_training,411.282100,81,216.382,13370.3125,53,1125,10001,"[0, 100000]","[0, 100000]",0,0,341,292
yolov8x_training,412.324715,82,203.625,13370.3125,96,675,10001,"[0, 100000]","[0, 100000]",0,0,2441,10449
yolov8x_training,413.393197,83,199.625,13370.3125,39,2025,10001,"[0, 100000]","[0, 100000]",0,0,14892,25439
yolov8x_training,414.436082,80,203.371,13370.3125,96,630,10001,"[0, 100000]","[0, 100000]",0,0,292,292
yolov8x_training,415.478710,83,199.985,13370.3125,16,2505,10001,"[0, 100000]","[0, 100000]",0,0,2490,12207
yolov8x_training,416.539799,79,204.883,13370.3125,100,660,10001,"[0, 100000]","[0, 100000]",0,0,14941,24755
yolov8x_training,417.582611,82,207.332,13370.3125,48,2295,10001,"[0, 100000]","[0, 100000]",0,0,341,292
yolov8x_training,418.625203,83,210.061,13370.3125,100,645,10001,"[0, 100000]","[0, 100000]",0,0,2392,9130
yolov8x_training,419.670132,80,204.351,13370.3125,92,735,10001,"[0, 100000]","[0, 100000]",0,0,14746,26220
yolov8x_training,420.713343,83,214.013,13370.3125,95,675,10001,"[0, 100000]","[0, 100000]",0,0,341,244
yolov8x_training,421.755942,80,206.227,13370.3125,96,825,10001,"[0, 100000]","[0, 100000]",0,0,2050,9033
yolov8x_training,422.798984,83,202.424,13370.3125,38,885,10001,"[0, 100000]","[0, 100000]",0,0,11669,26171
yolov8x_training,423.841967,84,203.065,13370.3125,96,675,10001,"[0, 100000]","[0, 100000]",0,0,341,292
yolov8x_training,424.884566,83,199.678,13370.3125,27,720,10001,"[0, 100000]","[0, 100000]",0,0,2587,11718
yolov8x_training,425.948433,83,215.560,13370.3125,100,660,10001,"[0, 100000]","[0, 100000]",0,0,14794,26562
yolov8x_training,426.991499,82,205.949,13370.3125,100,1275,10001,"[0, 100000]","[0, 100000]",0,0,341,292
yolov8x_training,428.034307,81,204.425,13370.3125,69,885,10001,"[0, 100000]","[0, 100000]",0,0,2343,10058
yolov8x_training,429.089474,82,210.637,13370.3125,100,675,10001,"[0, 100000]","[0, 100000]",0,0,14648,27539
yolov8x_training,430.132524,82,203.308,13370.3125,96,2475,10001,"[0, 100000]","[0, 100000]",0,0,341,1028955
yolov8x_training,431.175155,82,207.800,13370.3125,66,690,10001,"[0, 100000]","[0, 100000]",0,0,2197,8789
yolov8x_training,432.218284,82,202.456,13370.3125,96,2505,10001,"[0, 100000]","[0, 100000]",0,0,13525,23632
yolov8x_training,433.261200,83,210.693,13370.3125,37,645,10001,"[0, 100000]","[0, 100000]",0,0,341,292
yolov8x_training,434.303810,82,201.859,13370.3125,96,720,10001,"[0, 100000]","[0, 100000]",0,0,2490,11279
yolov8x_training,435.386414,83,200.294,13370.3125,35,1800,10001,"[0, 100000]","[0, 100000]",0,0,14990,24755
yolov8x_training,436.429424,80,204.511,13370.3125,96,630,10001,"[0, 100000]","[0, 100000]",0,0,341,292
yolov8x_training,437.472024,83,200.928,13370.3125,22,2460,10001,"[0, 100000]","[0, 100000]",0,0,2441,11669
yolov8x_training,438.544800,79,204.531,13370.3125,100,675,10001,"[0, 100000]","[0, 100000]",0,0,14794,25000
yolov8x_training,439.587839,82,205.463,13370.3125,39,2505,10001,"[0, 100000]","[0, 100000]",0,0,341,292
yolov8x_training,440.630483,81,207.722,13370.3125,100,705,10001,"[0, 100000]","[0, 100000]",0,0,2294,11474
yolov8x_training,441.711388,82,202.394,13370.3125,68,1095,10001,"[0, 100000]","[0, 100000]",0,0,14990,24707
yolov8x_training,442.754333,83,210.034,13370.3125,100,660,10001,"[0, 100000]","[0, 100000]",0,0,341,292
yolov8x_training,443.796947,81,203.979,13370.3125,70,630,10001,"[0, 100000]","[0, 100000]",0,0,2441,11230
yolov8x_training,444.870980,83,214.010,13370.3125,100,2505,10001,"[0, 100000]","[0, 100000]",0,0,14843,24267
yolov8x_training,445.913920,80,206.927,13370.3125,90,675,10001,"[0, 100000]","[0, 100000]",0,0,341,292
yolov8x_training,446.956580,83,203.161,13370.3125,100,2505,10001,"[0, 100000]","[0, 100000]",0,0,2246,12353
yolov8x_training,448.021113,79,211.935,13370.3125,65,660,10001,"[0, 100000]","[0, 100000]",0,0,14892,25439
yolov8x_training,449.064068,83,202.260,13370.3125,96,705,10001,"[0, 100000]","[0, 100000]",0,0,341,292
yolov8x_training,450.106707,83,210.401,13370.3125,40,660,10001,"[0, 100000]","[0, 100000]",0,0,2392,11279
yolov8x_training,451.181527,82,202.894,13370.3125,95,705,10001,"[0, 100000]","[0, 100000]",0,0,14990,24853
yolov8x_training,452.224524,83,211.856,13370.3125,8,690,10001,"[0, 100000]","[0, 100000]",0,0,341,292
yolov8x_training,453.267160,80,200.981,13370.3125,100,735,10001,"[0, 100000]","[0, 100000]",0,0,2246,11767
yolov8x_training,454.310411,79,209.036,13370.3125,54,645,10001,"[0, 100000]","[0, 100000]",0,0,927,292
yolov8x_training,455.353862,84,187.643,13370.3125,17,675,10001,"[0, 100000]","[0, 100000]",0,0,341,292
yolov8x_training,456.397125,83,185.742,13370.3125,4,720,10001,"[0, 100000]","[0, 100000]",0,0,341,292
yolov8x_training,457.479554,81,182.022,13370.3125,0,2265,10001,"[0, 100000]","[0, 100000]",0,0,14062,30126
yolov8x_training,458.522923,82,176.670,13370.3125,0,2415,10001,"[0, 100000]","[0, 100000]",0,0,2685,20507
yolov8x_training,459.565953,82,175.050,13370.3125,91,2505,10001,"[0, 100000]","[0, 100000]",0,0,2099,6982
yolov8x_training,460.614742,79,195.705,13370.3125,100,810,10001,"[0, 100000]","[0, 100000]",0,0,14990,23583
yolov8x_training,461.657706,82,204.149,13370.3125,59,1905,10001,"[0, 100000]","[0, 100000]",0,0,341,292
yolov8x_training,462.700283,83,206.490,13370.3125,100,660,10001,"[0, 100000]","[0, 100000]",0,0,2148,9033
yolov8x_training,463.743392,82,204.716,13370.3125,96,2505,10001,"[0, 100000]","[0, 100000]",0,0,5175,13720
yolov8x_training,464.786434,81,210.190,13370.3125,57,1845,10001,"[0, 100000]","[0, 100000]",0,0,292,1037451
yolov8x_training,465.829154,81,203.130,13370.3125,96,675,10001,"[0, 100000]","[0, 100000]",0,0,2343,8349
yolov8x_training,466.886169,82,202.283,13370.3125,50,2205,10001,"[0, 100000]","[0, 100000]",0,0,14941,17041
yolov8x_training,467.929279,81,211.715,13370.3125,95,660,10001,"[0, 100000]","[0, 100000]",0,0,341,292
yolov8x_training,468.971905,83,202.307,13370.3125,34,2505,10001,"[0, 100000]","[0, 100000]",0,0,2685,11132
yolov8x_training,470.015110,80,208.493,13370.3125,21,645,10001,"[0, 100000]","[0, 100000]",0,0,5517,100244
yolov8x_training,471.083056,83,203.112,13370.3125,100,2505,10001,"[0, 100000]","[0, 100000]",0,0,341,292
yolov8x_training,472.125731,81,213.370,13370.3125,55,645,10001,"[0, 100000]","[0, 100000]",0,0,2197,12011
yolov8x_training,473.177764,82,203.696,13370.3125,100,795,10001,"[0, 100000]","[0, 100000]",0,0,14892,25341
yolov8x_training,474.220719,83,202.043,13370.3125,84,660,10001,"[0, 100000]","[0, 100000]",0,0,341,341
yolov8x_training,475.263432,80,202.235,13370.3125,100,705,10001,"[0, 100000]","[0, 100000]",0,0,2783,11181
yolov8x_training,476.331213,83,200.157,13370.3125,96,1252,10001,"[0, 100000]","[0, 100000]",0,0,14990,24853
yolov8x_training,477.374036,79,207.031,13370.3125,77,675,10001,"[0, 100000]","[0, 100000]",0,0,341,292
yolov8x_training,478.416708,83,210.008,13370.3125,95,720,10001,"[0, 100000]","[0, 100000]",0,0,2343,8837
yolov8x_training,479.468146,82,199.956,13370.3125,39,660,10001,"[0, 100000]","[0, 100000]",0,0,14892,17773
yolov8x_training,480.511013,83,211.509,13370.3125,98,675,10001,"[0, 100000]","[0, 100000]",0,0,292,292
yolov8x_training,481.553637,83,198.172,13370.3125,19,660,10001,"[0, 100000]","[0, 100000]",0,0,2783,10595
yolov8x_training,482.621945,79,217.280,13370.3125,100,945,10001,"[0, 100000]","[0, 100000]",0,0,14794,21093
yolov8x_training,483.665269,83,206.885,13370.3125,54,1650,10001,"[0, 100000]","[0, 100000]",0,0,341,292
yolov8x_training,484.707917,82,209.765,13370.3125,100,690,10001,"[0, 100000]","[0, 100000]",0,0,2392,8691
yolov8x_training,485.771179,83,203.587,13370.3125,78,2505,10001,"[0, 100000]","[0, 100000]",0,0,14892,25683
yolov8x_training,486.814445,80,208.623,13370.3125,100,675,10001,"[0, 100000]","[0, 100000]",0,0,341,292
yolov8x_training,487.857107,83,200.753,13370.3125,83,720,10001,"[0, 100000]","[0, 100000]",0,0,3564,13574
yolov8x_training,488.900054,79,200.035,13370.3125,100,645,10001,"[0, 100000]","[0, 100000]",0,0,341,292
yolov8x_training,489.942861,82,181.203,13370.3125,0,690,10001,"[0, 100000]","[0, 100000]",0,0,341,292
yolov8x_training,491.008859,83,174.625,13370.3125,44,1560,10001,"[0, 100000]","[0, 100000]",0,0,14160,31689
yolov8x_training,492.052396,83,173.335,13370.3125,79,2505,10001,"[0, 100000]","[0, 100000]",0,0,3271,12597
yolov8x_training,493.095308,82,182.114,13370.3125,91,2505,10001,"[0, 100000]","[0, 100000]",0,0,1611,2343
yolov8x_training,494.138314,79,208.296,13370.3125,59,645,10001,"[0, 100000]","[0, 100000]",0,0,3857,12255
yolov8x_training,495.181573,82,204.397,13370.3125,99,2460,10001,"[0, 100000]","[0, 100000]",0,0,88964,18261
yolov8x_training,496.225258,84,212.419,13370.3125,21,675,10001,"[0, 100000]","[0, 100000]",0,0,2148,7226
yolov8x_training,497.268464,82,203.924,13370.3125,100,2505,10001,"[0, 100000]","[0, 100000]",0,0,3076,13085
yolov8x_training,498.311526,82,213.367,13370.3125,47,1905,10001,"[0, 100000]","[0, 100000]",0,0,341,1039550
yolov8x_training,499.354320,82,203.079,13370.3125,100,630,10001,"[0, 100000]","[0, 100000]",0,0,2001,9326
yolov8x_training,500.397463,82,203.829,13370.3125,61,2490,10001,"[0, 100000]","[0, 100000]",0,0,4150,11914
yolov8x_training,501.440491,80,210.642,13370.3125,100,690,10001,"[0, 100000]","[0, 100000]",0,0,341,1034326
yolov8x_training,502.483311,82,206.540,13370.3125,98,990,10001,"[0, 100000]","[0, 100000]",0,0,2148,7519
yolov8x_training,503.526260,79,206.931,13370.3125,67,660,10001,"[0, 100000]","[0, 100000]",0,0,3808,13378
yolov8x_training,504.569245,83,202.965,13370.3125,99,690,10001,"[0, 100000]","[0, 100000]",0,0,292,292
yolov8x_training,505.612358,83,201.954,13370.3125,45,690,10001,"[0, 100000]","[0, 100000]",0,0,2148,8984
yolov8x_training,506.655100,80,213.516,13370.3125,100,870,10001,"[0, 100000]","[0, 100000]",0,0,3125,23681
yolov8x_training,507.698170,83,203.795,13370.3125,14,990,10001,"[0, 100000]","[0, 100000]",0,0,292,292
yolov8x_training,508.740790,79,206.872,13370.3125,100,810,10001,"[0, 100000]","[0, 100000]",0,0,2343,8789
yolov8x_training,509.800407,83,203.032,13370.3125,51,705,10001,"[0, 100000]","[0, 100000]",0,0,15087,21484
yolov8x_training,510.843373,81,209.202,13370.3125,100,690,10001,"[0, 100000]","[0, 100000]",0,0,341,292
yolov8x_training,511.886084,83,204.205,13370.3125,69,705,10001,"[0, 100000]","[0, 100000]",0,0,2197,11865
yolov8x_training,512.951830,83,199.965,13370.3125,100,675,10001,"[0, 100000]","[0, 100000]",0,0,15087,20410
yolov8x_training,513.994784,82,206.386,13370.3125,93,825,10001,"[0, 100000]","[0, 100000]",0,0,341,292
yolov8x_training,515.037386,83,205.341,13370.3125,99,2160,10001,"[0, 100000]","[0, 100000]",0,0,2490,8496
yolov8x_training,516.080402,82,209.224,13370.3125,48,660,10001,"[0, 100000]","[0, 100000]",0,0,13867,25390
yolov8x_training,517.123501,83,204.655,13370.3125,100,1252,10001,"[0, 100000]","[0, 100000]",0,0,341,292
yolov8x_training,518.166171,83,215.870,13370.3125,29,705,10001,"[0, 100000]","[0, 100000]",0,0,2148,8886
yolov8x_training,519.209274,82,207.146,13370.3125,100,795,10001,"[0, 100000]","[0, 100000]",0,0,4199,31982
yolov8x_training,520.252189,82,203.284,13370.3125,63,660,10001,"[0, 100000]","[0, 100000]",0,0,341,292
yolov8x_training,521.294780,82,203.878,13370.3125,100,675,10001,"[0, 100000]","[0, 100000]",0,0,2441,9570
yolov8x_training,522.337763,83,201.295,13370.3125,82,2505,10001,"[0, 100000]","[0, 100000]",0,0,13769,22656
yolov8x_training,523.380906,79,207.622,13370.3125,81,690,10001,"[0, 100000]","[0, 100000]",0,0,390,292
yolov8x_training,524.423645,83,206.124,13370.3125,98,705,10001,"[0, 100000]","[0, 100000]",0,0,2050,9033
yolov8x_training,525.466795,80,201.203,13370.3125,42,675,10001,"[0, 100000]","[0, 100000]",0,0,6103,28125
yolov8x_training,526.510138,83,205.579,13370.3125,100,1065,10001,"[0, 100000]","[0, 100000]",0,0,292,292
yolov8x_training,527.552735,83,205.678,13370.3125,21,1665,10001,"[0, 100000]","[0, 100000]",0,0,2685,8105
yolov8x_training,528.596215,79,207.804,13370.3125,100,600,10001,"[0, 100000]","[0, 100000]",0,0,14697,27587
yolov8x_training,529.639382,83,205.017,13370.3125,56,2505,10001,"[0, 100000]","[0, 100000]",0,0,292,341
yolov8x_training,530.682149,80,209.076,13370.3125,100,675,10001,"[0, 100000]","[0, 100000]",0,0,2734,11083
yolov8x_training,531.725257,83,200.014,13370.3125,68,2505,10001,"[0, 100000]","[0, 100000]",0,0,4492,99853
yolov8x_training,532.812725,79,207.157,13370.3125,100,675,10001,"[0, 100000]","[0, 100000]",0,0,17773,9570
yolov8x_training,533.855626,83,201.739,13370.3125,31,690,10001,"[0, 100000]","[0, 100000]",0,0,2490,20214
yolov8x_training,534.898590,79,204.338,13370.3125,100,675,10001,"[0, 100000]","[0, 100000]",0,0,341,1036474
yolov8x_training,535.941501,83,204.241,13370.3125,32,705,10001,"[0, 100000]","[0, 100000]",0,0,2148,8984
yolov8x_training,536.985442,79,203.882,13370.3125,100,675,10001,"[0, 100000]","[0, 100000]",0,0,15039,17968
yolov8x_training,538.028550,83,201.655,13370.3125,100,705,10001,"[0, 100000]","[0, 100000]",0,0,341,292
yolov8x_training,539.071296,79,204.325,13370.3125,48,675,10001,"[0, 100000]","[0, 100000]",0,0,3515,15429
yolov8x_training,540.114213,82,202.861,13370.3125,100,705,10001,"[0, 100000]","[0, 100000]",0,0,4199,30761
yolov8x_training,541.184422,82,204.094,13370.3125,41,705,10001,"[0, 100000]","[0, 100000]",0,0,1660,2294
yolov8x_training,542.227365,82,203.381,13370.3125,100,690,10001,"[0, 100000]","[0, 100000]",0,0,2392,20996
yolov8x_training,543.270303,82,202.557,13370.3125,66,705,10001,"[0, 100000]","[0, 100000]",0,0,88818,15527
yolov8x_training,544.313498,79,201.783,13370.3125,100,675,10001,"[0, 100000]","[0, 100000]",0,0,2197,8837
yolov8x_training,545.384211,83,199.302,13370.3125,70,2505,10001,"[0, 100000]","[0, 100000]",0,0,14257,20898
yolov8x_training,546.427327,82,198.580,13370.3125,92,705,10001,"[0, 100000]","[0, 100000]",0,0,2148,9082
yolov8x_training,547.470070,83,202.985,13370.3125,39,735,10001,"[0, 100000]","[0, 100000]",0,0,7421,21679
yolov8x_training,548.513486,80,212.671,13370.3125,96,855,10001,"[0, 100000]","[0, 100000]",0,0,341,1029394
yolov8x_training,549.556227,83,202.329,13370.3125,17,1665,10001,"[0, 100000]","[0, 100000]",0,0,2392,9326
yolov8x_training,550.603301,83,206.231,13370.3125,100,645,10001,"[0, 100000]","[0, 100000]",0,0,14746,16845
yolov8x_training,551.646248,82,205.475,13370.3125,40,2505,10001,"[0, 100000]","[0, 100000]",0,0,341,1032714
yolov8x_training,552.689070,83,210.279,13370.3125,100,660,10001,"[0, 100000]","[0, 100000]",0,0,2392,8691
yolov8x_training,553.732102,80,203.627,13370.3125,90,1710,10001,"[0, 100000]","[0, 100000]",0,0,12988,24365
yolov8x_training,554.775034,80,208.279,13370.3125,100,660,10001,"[0, 100000]","[0, 100000]",0,0,2539,11669
yolov8x_training,555.818301,82,185.587,13370.3125,31,705,10001,"[0, 100000]","[0, 100000]",0,0,2001,6591
yolov8x_training,556.861848,83,187.230,13370.3125,19,645,10001,"[0, 100000]","[0, 100000]",0,0,341,292
yolov8x_training,557.905014,83,181.337,13370.3125,0,690,10001,"[0, 100000]","[0, 100000]",0,0,292,292
yolov8x_training,558.947922,81,179.371,13370.3125,0,690,10001,"[0, 100000]","[0, 100000]",0,0,89453,22119
yolov8x_training,560.024659,83,176.576,13370.3125,6,735,10001,"[0, 100000]","[0, 100000]",0,0,12744,32617
yolov8x_training,561.067883,83,173.964,13370.3125,53,2295,10001,"[0, 100000]","[0, 100000]",0,0,3662,12890
yolov8x_training,562.151057,81,197.849,13370.3125,100,690,10001,"[0, 100000]","[0, 100000]",0,0,14697,27392
yolov8x_training,563.193948,82,202.281,13370.3125,83,735,10001,"[0, 100000]","[0, 100000]",0,0,341,292
yolov8x_training,564.236551,84,204.624,13370.3125,99,795,10001,"[0, 100000]","[0, 100000]",0,0,2441,11328
yolov8x_training,565.284898,82,203.488,13370.3125,95,1695,10001,"[0, 100000]","[0, 100000]",0,0,14746,27246
yolov8x_training,566.327934,81,208.091,13370.3125,63,675,10001,"[0, 100000]","[0, 100000]",0,0,292,292
yolov8x_training,567.370668,80,204.573,13370.3125,95,1350,10001,"[0, 100000]","[0, 100000]",0,0,2343,10839
yolov8x_training,568.431620,83,199.141,13370.3125,23,750,10001,"[0, 100000]","[0, 100000]",0,0,15136,18994
yolov8x_training,569.474701,80,215.825,13370.3125,100,810,10001,"[0, 100000]","[0, 100000]",0,0,341,292
yolov8x_training,570.517289,83,207.434,13370.3125,28,2250,10001,"[0, 100000]","[0, 100000]",0,0,2343,9277
yolov8x_training,571.560449,79,211.897,13370.3125,100,675,10001,"[0, 100000]","[0, 100000]",0,0,8398,24560
yolov8x_training,572.603371,81,203.569,13370.3125,76,2505,10001,"[0, 100000]","[0, 100000]",0,0,341,292
yolov8x_training,573.645587,83,212.075,13370.3125,100,645,10001,"[0, 100000]","[0, 100000]",0,0,2441,12207
yolov8x_training,574.709000,79,202.014,13370.3125,87,825,10001,"[0, 100000]","[0, 100000]",0,0,14843,24951
yolov8x_training,575.751920,83,215.350,13370.3125,86,660,10001,"[0, 100000]","[0, 100000]",0,0,341,292
yolov8x_training,576.794629,80,206.726,13370.3125,96,915,10001,"[0, 100000]","[0, 100000]",0,0,2343,9179
yolov8x_training,577.854795,83,202.827,13370.3125,57,1252,10001,"[0, 100000]","[0, 100000]",0,0,14794,18310
yolov8x_training,578.897825,80,202.961,13370.3125,95,690,10001,"[0, 100000]","[0, 100000]",0,0,390,292
yolov8x_training,579.940542,83,202.402,13370.3125,40,2505,10001,"[0, 100000]","[0, 100000]",0,0,3564,14648
yolov8x_training,580.983445,79,210.693,13370.3125,96,690,10001,"[0, 100000]","[0, 100000]",0,0,4980,99414
yolov8x_training,582.069924,82,204.269,13370.3125,96,1252,10001,"[0, 100000]","[0, 100000]",0,0,390,292
yolov8x_training,583.112647,83,212.852,13370.3125,17,645,10001,"[0, 100000]","[0, 100000]",0,0,3515,14404
yolov8x_training,584.155479,80,203.950,13370.3125,100,765,10001,"[0, 100000]","[0, 100000]",0,0,5957,98876
yolov8x_training,585.225283,83,215.348,13370.3125,30,675,10001,"[0, 100000]","[0, 100000]",0,0,341,341
yolov8x_training,586.268180,82,205.762,13370.3125,100,1485,10001,"[0, 100000]","[0, 100000]",0,0,2294,10888
yolov8x_training,587.323947,83,202.847,13370.3125,77,930,10001,"[0, 100000]","[0, 100000]",0,0,14746,19775
yolov8x_training,588.366965,84,207.149,13370.3125,100,645,10001,"[0, 100000]","[0, 100000]",0,0,292,341
yolov8x_training,589.409743,83,183.981,13370.3125,37,2505,10001,"[0, 100000]","[0, 100000]",0,0,5810,89257
yolov8x_training,590.479844,82,198.204,13370.3125,96,1080,10001,"[0, 100000]","[0, 100000]",0,0,2246,8007
yolov8x_training,591.522951,79,207.549,13370.3125,100,675,10001,"[0, 100000]","[0, 100000]",0,0,88623,15429
yolov8x_training,592.566153,83,193.453,13370.3125,0,675,10001,"[0, 100000]","[0, 100000]",0,0,13525,23242
yolov8x_training,593.608987,80,180.344,13370.3125,0,1335,10001,"[0, 100000]","[0, 100000]",0,0,2392,19580
yolov8x_training,594.652050,83,174.449,13370.3125,0,1680,10001,"[0, 100000]","[0, 100000]",0,0,2392,8105
yolov8x_training,595.695323,80,189.969,13370.3125,95,930,10001,"[0, 100000]","[0, 100000]",0,0,6201,96435
yolov8x_training,596.777886,79,196.273,13370.3125,100,720,10001,"[0, 100000]","[0, 100000]",0,0,3564,12451
yolov8x_training,597.820862,83,191.563,13370.3125,86,705,10001,"[0, 100000]","[0, 100000]",0,0,341,292
yolov8x_training,598.863507,81,205.544,13370.3125,49,885,10001,"[0, 100000]","[0, 100000]",0,0,2490,9863
yolov8x_training,599.935732,82,201.961,13370.3125,100,795,10001,"[0, 100000]","[0, 100000]",0,0,14990,23974
yolov8x_training,600.978389,80,205.734,13370.3125,79,795,10001,"[0, 100000]","[0, 100000]",0,0,341,292
yolov8x_training,602.021046,83,203.797,13370.3125,96,2325,10001,"[0, 100000]","[0, 100000]",0,0,2246,8837
yolov8x_training,603.063971,79,207.163,13370.3125,57,660,10001,"[0, 100000]","[0, 100000]",0,0,13867,22314
yolov8x_training,604.106483,81,204.320,13370.3125,96,2505,10001,"[0, 100000]","[0, 100000]",0,0,341,292
yolov8x_training,605.149187,83,212.023,13370.3125,35,660,10001,"[0, 100000]","[0, 100000]",0,0,2197,10058
yolov8x_training,606.192105,79,205.357,13370.3125,100,735,10001,"[0, 100000]","[0, 100000]",0,0,11914,25146
yolov8x_training,607.234758,83,212.982,13370.3125,23,675,10001,"[0, 100000]","[0, 100000]",0,0,292,341
yolov8x_training,608.277301,79,207.438,13370.3125,100,1290,10001,"[0, 100000]","[0, 100000]",0,0,2294,9912
yolov8x_training,609.319733,83,202.662,13370.3125,90,810,10001,"[0, 100000]","[0, 100000]",0,0,5908,31542
yolov8x_training,610.363173,84,204.406,13370.3125,100,660,10001,"[0, 100000]","[0, 100000]",0,0,390,341
yolov8x_training,611.405333,82,202.722,13370.3125,96,690,10001,"[0, 100000]","[0, 100000]",0,0,1953,11376
yolov8x_training,612.448251,82,205.985,13370.3125,57,705,10001,"[0, 100000]","[0, 100000]",0,0,12744,23437
yolov8x_training,613.491365,82,202.253,13370.3125,96,1245,10001,"[0, 100000]","[0, 100000]",0,0,292,292
yolov8x_training,614.534125,83,202.160,13370.3125,26,2145,10001,"[0, 100000]","[0, 100000]",0,0,2636,9863
yolov8x_training,615.603890,80,214.675,13370.3125,100,660,10001,"[0, 100000]","[0, 100000]",0,0,14697,17626
yolov8x_training,616.646760,82,203.120,13370.3125,13,2460,10001,"[0, 100000]","[0, 100000]",0,0,341,292
yolov8x_training,617.689372,80,209.413,13370.3125,100,675,10001,"[0, 100000]","[0, 100000]",0,0,2880,11132
yolov8x_training,618.732394,83,190.795,13370.3125,37,1770,10001,"[0, 100000]","[0, 100000]",0,0,90380,29101
yolov8x_training,619.815811,84,205.609,13370.3125,100,660,10001,"[0, 100000]","[0, 100000]",0,0,1123,292
yolov8x_training,620.858449,82,207.660,13370.3125,17,1170,10001,"[0, 100000]","[0, 100000]",0,0,3222,11865
yolov8x_training,621.930400,82,205.794,13370.3125,100,1695,10001,"[0, 100000]","[0, 100000]",0,0,14843,26464
yolov8x_training,622.973387,81,204.122,13370.3125,77,750,10001,"[0, 100000]","[0, 100000]",0,0,341,292
yolov8x_training,624.015985,83,200.289,13370.3125,79,1920,10001,"[0, 100000]","[0, 100000]",0,0,3222,11865
yolov8x_training,625.085336,80,206.319,13370.3125,92,675,10001,"[0, 100000]","[0, 100000]",0,0,14941,25732
yolov8x_training,626.128313,82,207.673,13370.3125,95,1252,10001,"[0, 100000]","[0, 100000]",0,0,341,292
yolov8x_training,627.171018,81,210.102,13370.3125,58,645,10001,"[0, 100000]","[0, 100000]",0,0,2197,10400
yolov8x_training,628.229525,81,203.782,13370.3125,95,945,10001,"[0, 100000]","[0, 100000]",0,0,14697,26562
yolov8x_training,629.272471,83,211.982,13370.3125,34,660,10001,"[0, 100000]","[0, 100000]",0,0,341,292
yolov8x_training,630.315092,80,204.212,13370.3125,100,645,10001,"[0, 100000]","[0, 100000]",0,0,2392,10351
yolov8x_training,631.388265,83,214.555,13370.3125,16,2520,10001,"[0, 100000]","[0, 100000]",0,0,14794,26855
yolov8x_training,632.431468,80,206.624,13370.3125,100,660,10001,"[0, 100000]","[0, 100000]",0,0,341,292
yolov8x_training,633.474061,83,204.676,13370.3125,39,2505,10001,"[0, 100000]","[0, 100000]",0,0,2148,10058
yolov8x_training,634.535789,80,211.536,13370.3125,100,630,10001,"[0, 100000]","[0, 100000]",0,0,14843,19091
yolov8x_training,635.578758,83,203.977,13370.3125,61,870,10001,"[0, 100000]","[0, 100000]",0,0,341,292
yolov8x_training,636.621334,83,208.340,13370.3125,100,675,10001,"[0, 100000]","[0, 100000]",0,0,2880,11425
yolov8x_training,637.701645,80,203.160,13370.3125,89,720,10001,"[0, 100000]","[0, 100000]",0,0,14990,23681
yolov8x_training,638.744583,84,214.482,13370.3125,100,645,10001,"[0, 100000]","[0, 100000]",0,0,341,292
yolov8x_training,639.787191,80,206.375,13370.3125,95,735,10001,"[0, 100000]","[0, 100000]",0,0,2343,10839
yolov8x_training,640.847549,83,210.721,13370.3125,78,2505,10001,"[0, 100000]","[0, 100000]",0,0,14843,25292
yolov8x_training,641.890549,79,204.910,13370.3125,95,645,10001,"[0, 100000]","[0, 100000]",0,0,390,292
yolov8x_training,642.933177,83,204.775,13370.3125,42,870,10001,"[0, 100000]","[0, 100000]",0,0,2392,9423
yolov8x_training,644.000959,84,214.059,13370.3125,96,690,10001,"[0, 100000]","[0, 100000]",0,0,14648,25537
yolov8x_training,645.043976,83,203.947,13370.3125,100,675,10001,"[0, 100000]","[0, 100000]",0,0,341,341
yolov8x_training,646.086574,84,214.778,13370.3125,17,690,10001,"[0, 100000]","[0, 100000]",0,0,2343,10302
yolov8x_training,647.150600,79,206.214,13370.3125,100,1275,10001,"[0, 100000]","[0, 100000]",0,0,14843,18994
yolov8x_training,648.193460,83,205.554,13370.3125,54,705,10001,"[0, 100000]","[0, 100000]",0,0,390,341
yolov8x_training,649.236205,80,204.660,13370.3125,100,810,10001,"[0, 100000]","[0, 100000]",0,0,2441,9912
yolov8x_training,650.311793,83,201.877,13370.3125,89,720,10001,"[0, 100000]","[0, 100000]",0,0,14697,17382
yolov8x_training,651.354722,83,203.268,13370.3125,100,675,10001,"[0, 100000]","[0, 100000]",0,0,341,292
yolov8x_training,652.397331,83,199.739,13370.3125,91,915,10001,"[0, 100000]","[0, 100000]",0,0,2783,16015
yolov8x_training,653.439819,83,211.911,13370.3125,100,660,10001,"[0, 100000]","[0, 100000]",0,0,3417,33740
yolov8x_training,654.518819,83,202.344,13370.3125,74,810,10001,"[0, 100000]","[0, 100000]",0,0,1562,1123
yolov8x_training,655.561806,83,212.030,13370.3125,100,675,10001,"[0, 100000]","[0, 100000]",0,0,2636,10937
yolov8x_training,656.604792,83,202.153,13370.3125,83,720,10001,"[0, 100000]","[0, 100000]",0,0,31152,547900
yolov8x_training,657.648237,84,212.627,13370.3125,100,660,10001,"[0, 100000]","[0, 100000]",0,0,2636,7568
yolov8x_training,658.692558,80,204.792,13370.3125,96,915,10001,"[0, 100000]","[0, 100000]",0,0,14746,19775
yolov8x_training,659.735606,83,207.903,13370.3125,96,735,10001,"[0, 100000]","[0, 100000]",0,0,341,292
yolov8x_training,660.778258,80,202.591,13370.3125,96,930,10001,"[0, 100000]","[0, 100000]",0,0,2148,11767
yolov8x_training,661.841340,83,206.536,13370.3125,60,915,10001,"[0, 100000]","[0, 100000]",0,0,14746,22021
yolov8x_training,662.884459,81,209.553,13370.3125,95,660,10001,"[0, 100000]","[0, 100000]",0,0,341,341
yolov8x_training,663.927131,83,203.837,13370.3125,34,690,10001,"[0, 100000]","[0, 100000]",0,0,2539,11279
yolov8x_training,664.970133,83,208.069,13370.3125,97,675,10001,"[0, 100000]","[0, 100000]",0,0,5810,99902
yolov8x_training,666.038438,83,202.457,13370.3125,96,705,10001,"[0, 100000]","[0, 100000]",0,0,390,292
yolov8x_training,667.081198,81,212.517,13370.3125,32,660,10001,"[0, 100000]","[0, 100000]",0,0,2490,20312
yolov8x_training,668.124093,81,202.213,13370.3125,96,675,10001,"[0, 100000]","[0, 100000]",0,0,292,988916
yolov8x_training,669.167639,84,212.704,13370.3125,31,675,10001,"[0, 100000]","[0, 100000]",0,0,2246,9130
yolov8x_training,670.211015,84,188.540,13370.3125,0,2505,10001,"[0, 100000]","[0, 100000]",0,0,1269,292
yolov8x_training,671.254408,83,173.420,13370.3125,48,2505,10001,"[0, 100000]","[0, 100000]",0,0,341,292
yolov8x_training,672.297247,83,173.710,13370.3125,63,2505,10001,"[0, 100000]","[0, 100000]",0,0,341,1038964
yolov8x_training,673.340255,82,178.592,13370.3125,91,885,10001,"[0, 100000]","[0, 100000]",0,0,11718,28369
yolov8x_training,674.383466,82,183.029,13370.3125,100,735,10001,"[0, 100000]","[0, 100000]",0,0,2441,21240
yolov8x_training,675.426564,80,200.142,13370.3125,100,675,10001,"[0, 100000]","[0, 100000]",0,0,19384,292
yolov8x_training,676.469288,83,201.285,13370.3125,90,2520,10001,"[0, 100000]","[0, 100000]",0,0,2685,20068
yolov8x_training,677.512554,80,215.379,13370.3125,100,645,10001,"[0, 100000]","[0, 100000]",0,0,5224,101123
yolov8x_training,678.593813,83,208.236,13370.3125,96,1095,10001,"[0, 100000]","[0, 100000]",0,0,341,341
yolov8x_training,679.636588,82,203.449,13370.3125,57,675,10001,"[0, 100000]","[0, 100000]",0,0,2734,11376
yolov8x_training,680.709375,82,203.998,13370.3125,95,750,10001,"[0, 100000]","[0, 100000]",0,0,15087,25292
yolov8x_training,681.752393,83,198.576,13370.3125,23,675,10001,"[0, 100000]","[0, 100000]",0,0,341,292
yolov8x_training,682.794985,79,207.180,13370.3125,100,1275,10001,"[0, 100000]","[0, 100000]",0,0,2148,8447
yolov8x_training,683.838503,83,205.788,13370.3125,54,1005,10001,"[0, 100000]","[0, 100000]",0,0,14941,19482
yolov8x_training,684.881451,82,209.205,13370.3125,100,675,10001,"[0, 100000]","[0, 100000]",0,0,341,292
yolov8x_training,685.924060,83,213.531,13370.3125,81,705,10001,"[0, 100000]","[0, 100000]",0,0,2343,9033
yolov8x_training,686.967050,84,208.253,13370.3125,98,720,10001,"[0, 100000]","[0, 100000]",0,0,3369,23925
yolov8x_training,688.010092,82,214.014,13370.3125,96,645,10001,"[0, 100000]","[0, 100000]",0,0,341,1035839
yolov8x_training,689.053086,84,203.310,13370.3125,99,2475,10001,"[0, 100000]","[0, 100000]",0,0,2050,8740
yolov8x_training,690.095969,80,214.540,13370.3125,17,660,10001,"[0, 100000]","[0, 100000]",0,0,3027,24316
yolov8x_training,691.138962,82,206.241,13370.3125,100,2505,10001,"[0, 100000]","[0, 100000]",0,0,292,341
yolov8x_training,692.181648,83,206.837,13370.3125,44,660,10001,"[0, 100000]","[0, 100000]",0,0,2294,8544
yolov8x_training,693.224550,82,208.656,13370.3125,100,870,10001,"[0, 100000]","[0, 100000]",0,0,3320,23388
yolov8x_training,694.267804,84,201.581,13370.3125,94,675,10001,"[0, 100000]","[0, 100000]",0,0,341,304931
yolov8x_training,695.310436,80,207.859,13370.3125,82,1320,10001,"[0, 100000]","[0, 100000]",0,0,1855,9277
yolov8x_training,696.353392,83,205.752,13370.3125,96,975,10001,"[0, 100000]","[0, 100000]",0,0,3417,19042
yolov8x_training,697.396246,82,209.102,13370.3125,40,690,10001,"[0, 100000]","[0, 100000]",0,0,341,292
yolov8x_training,698.438927,83,203.595,13370.3125,96,690,10001,"[0, 100000]","[0, 100000]",0,0,2294,9326
yolov8x_training,699.493463,82,199.922,13370.3125,28,660,10001,"[0, 100000]","[0, 100000]",0,0,14941,18212
yolov8x_training,700.536337,83,204.192,13370.3125,100,1305,10001,"[0, 100000]","[0, 100000]",0,0,390,341
yolov8x_training,701.578514,84,205.623,13370.3125,13,1020,10001,"[0, 100000]","[0, 100000]",0,0,2343,11767
yolov8x_training,702.644564,80,206.730,13370.3125,100,810,10001,"[0, 100000]","[0, 100000]",0,0,14843,26953
yolov8x_training,703.687212,83,205.878,13370.3125,49,2235,10001,"[0, 100000]","[0, 100000]",0,0,390,390
yolov8x_training,704.729419,81,210.453,13370.3125,100,615,10001,"[0, 100000]","[0, 100000]",0,0,2587,11669
yolov8x_training,705.803658,83,203.237,13370.3125,81,2505,10001,"[0, 100000]","[0, 100000]",0,0,14697,26513
yolov8x_training,706.846561,84,214.083,13370.3125,100,795,10001,"[0, 100000]","[0, 100000]",0,0,439,341
yolov8x_training,707.888716,83,206.623,13370.3125,96,690,10001,"[0, 100000]","[0, 100000]",0,0,2441,8105
yolov8x_training,708.931128,83,204.839,13370.3125,65,2235,10001,"[0, 100000]","[0, 100000]",0,0,4736,32128
yolov8x_training,709.974028,82,210.360,13370.3125,96,690,10001,"[0, 100000]","[0, 100000]",0,0,341,341
yolov8x_training,711.016766,84,204.724,13370.3125,38,2505,10001,"[0, 100000]","[0, 100000]",0,0,2343,8837
yolov8x_training,712.059959,80,215.838,13370.3125,24,690,10001,"[0, 100000]","[0, 100000]",0,0,13232,25048
yolov8x_training,713.102811,83,205.524,13370.3125,100,735,10001,"[0, 100000]","[0, 100000]",0,0,341,292
yolov8x_training,714.145493,83,204.384,13370.3125,76,660,10001,"[0, 100000]","[0, 100000]",0,0,2343,8935
yolov8x_training,715.188734,81,212.766,13370.3125,100,690,10001,"[0, 100000]","[0, 100000]",0,0,13671,21484
yolov8x_training,716.231827,83,203.326,13370.3125,97,720,10001,"[0, 100000]","[0, 100000]",0,0,341,292
yolov8x_training,717.274397,80,215.606,13370.3125,80,810,10001,"[0, 100000]","[0, 100000]",0,0,2343,10400
yolov8x_training,718.332276,83,205.186,13370.3125,96,735,10001,"[0, 100000]","[0, 100000]",0,0,14892,19091
yolov8x_training,719.375164,80,209.222,13370.3125,51,660,10001,"[0, 100000]","[0, 100000]",0,0,341,292
yolov8x_training,720.417763,83,203.878,13370.3125,95,690,10001,"[0, 100000]","[0, 100000]",0,0,2490,11376
yolov8x_training,721.493888,81,200.880,13370.3125,36,675,10001,"[0, 100000]","[0, 100000]",0,0,14941,20703
yolov8x_training,722.537034,83,214.093,13370.3125,97,1200,10001,"[0, 100000]","[0, 100000]",0,0,341,292
yolov8x_training,723.579653,84,203.797,13370.3125,12,720,10001,"[0, 100000]","[0, 100000]",0,0,2343,10498
yolov8x_training,724.628211,80,206.996,13370.3125,100,825,10001,"[0, 100000]","[0, 100000]",0,0,14843,17773
yolov8x_training,725.671032,83,204.783,13370.3125,53,2295,10001,"[0, 100000]","[0, 100000]",0,0,292,341
yolov8x_training,726.713866,82,211.984,13370.3125,100,660,10001,"[0, 100000]","[0, 100000]",0,0,2294,11279
yolov8x_training,727.757043,83,204.373,13370.3125,91,2505,10001,"[0, 100000]","[0, 100000]",0,0,88964,19970
yolov8x_training,728.807864,82,196.286,13370.3125,100,735,10001,"[0, 100000]","[0, 100000]",0,0,13427,26318
yolov8x_training,729.851203,82,189.399,13370.3125,100,690,10001,"[0, 100000]","[0, 100000]",0,0,2392,21142
yolov8x_training,730.894199,80,190.003,13370.3125,100,810,10001,"[0, 100000]","[0, 100000]",0,0,2343,8154
yolov8x_training,731.937157,82,194.828,13370.3125,92,690,10001,"[0, 100000]","[0, 100000]",0,0,292,292
yolov8x_training,732.979989,83,189.569,13370.3125,3,1560,10001,"[0, 100000]","[0, 100000]",0,0,4052,11572
yolov8x_training,734.023128,82,207.348,13370.3125,96,675,10001,"[0, 100000]","[0, 100000]",0,0,88916,18457
yolov8x_training,735.066097,81,205.548,13370.3125,96,2355,10001,"[0, 100000]","[0, 100000]",0,0,1953,9472
yolov8x_training,736.109363,81,213.399,13370.3125,31,675,10001,"[0, 100000]","[0, 100000]",0,0,3320,20458
yolov8x_training,737.152494,83,202.933,13370.3125,100,1252,10001,"[0, 100000]","[0, 100000]",0,0,341,1034863
yolov8x_training,738.195365,84,215.615,13370.3125,21,690,10001,"[0, 100000]","[0, 100000]",0,0,2441,8300
yolov8x_training,739.238810,82,207.412,13370.3125,100,735,10001,"[0, 100000]","[0, 100000]",0,0,5566,28710
yolov8x_training,740.281982,82,203.716,13370.3125,63,690,10001,"[0, 100000]","[0, 100000]",0,0,292,1030029
yolov8x_training,741.324870,82,210.120,13370.3125,100,660,10001,"[0, 100000]","[0, 100000]",0,0,2343,11230
yolov8x_training,742.393975,84,200.750,13370.3125,86,2505,10001,"[0, 100000]","[0, 100000]",0,0,14941,21826
yolov8x_training,743.436899,81,213.386,13370.3125,100,690,10001,"[0, 100000]","[0, 100000]",0,0,341,292
yolov8x_training,744.479485,84,206.454,13370.3125,95,975,10001,"[0, 100000]","[0, 100000]",0,0,2343,11425
yolov8x_training,745.527015,80,213.062,13370.3125,76,660,10001,"[0, 100000]","[0, 100000]",0,0,14599,22265
yolov8x_training,746.570112,83,206.244,13370.3125,96,855,10001,"[0, 100000]","[0, 100000]",0,0,341,292
yolov8x_training,747.612754,80,201.324,13370.3125,42,690,10001,"[0, 100000]","[0, 100000]",0,0,2294,11621
yolov8x_training,748.688056,81,212.426,13370.3125,97,960,10001,"[0, 100000]","[0, 100000]",0,0,14892,21972
yolov8x_training,749.731061,84,200.581,13370.3125,21,735,10001,"[0, 100000]","[0, 100000]",0,0,341,292
yolov8x_training,750.773714,80,204.890,13370.3125,100,795,10001,"[0, 100000]","[0, 100000]",0,0,2294,11474
yolov8x_training,751.831112,83,207.714,13370.3125,23,705,10001,"[0, 100000]","[0, 100000]",0,0,14794,22851
yolov8x_training,752.873923,80,209.479,13370.3125,100,675,10001,"[0, 100000]","[0, 100000]",0,0,341,292
yolov8x_training,753.916512,83,204.498,13370.3125,69,885,10001,"[0, 100000]","[0, 100000]",0,0,2343,11425
yolov8x_training,754.990696,83,200.925,13370.3125,100,705,10001,"[0, 100000]","[0, 100000]",0,0,14746,22265
yolov8x_training,756.033549,83,206.439,13370.3125,98,810,10001,"[0, 100000]","[0, 100000]",0,0,341,1031005
yolov8x_training,757.076352,84,209.948,13370.3125,96,2265,10001,"[0, 100000]","[0, 100000]",0,0,2099,8886
yolov8x_training,758.119269,83,213.207,13370.3125,43,675,10001,"[0, 100000]","[0, 100000]",0,0,3320,15136
yolov8x_training,759.162295,80,204.520,13370.3125,100,1222,10001,"[0, 100000]","[0, 100000]",0,0,89648,21484
yolov8x_training,760.205454,83,216.289,13370.3125,37,645,10001,"[0, 100000]","[0, 100000]",0,0,2099,5419
yolov8x_training,761.248534,80,206.523,13370.3125,100,675,10001,"[0, 100000]","[0, 100000]",0,0,3515,11865
yolov8x_training,762.292192,83,202.964,13370.3125,73,690,10001,"[0, 100000]","[0, 100000]",0,0,89355,20898
yolov8x_training,763.335472,84,212.990,13370.3125,100,645,10001,"[0, 100000]","[0, 100000]",0,0,2099,6445
yolov8x_training,764.378429,83,205.906,13370.3125,96,750,10001,"[0, 100000]","[0, 100000]",0,0,3710,11035
yolov8x_training,765.421409,82,213.057,13370.3125,70,660,10001,"[0, 100000]","[0, 100000]",0,0,3125,34228
yolov8x_training,766.502793,82,206.629,13370.3125,96,1245,10001,"[0, 100000]","[0, 100000]",0,0,878,292
yolov8x_training,767.545496,84,201.053,13370.3125,22,735,10001,"[0, 100000]","[0, 100000]",0,0,2441,17626
yolov8x_training,768.588885,81,202.874,13370.3125,97,1215,10001,"[0, 100000]","[0, 100000]",0,0,89990,25000
yolov8x_training,769.677134,83,200.572,13370.3125,38,660,10001,"[0, 100000]","[0, 100000]",0,0,2294,4833
yolov8x_training,770.720531,82,205.015,13370.3125,95,1290,10001,"[0, 100000]","[0, 100000]",0,0,3417,10595
yolov8x_training,771.763549,83,201.296,13370.3125,26,735,10001,"[0, 100000]","[0, 100000]",0,0,90429,34228
yolov8x_training,772.843563,84,207.621,13370.3125,100,660,10001,"[0, 100000]","[0, 100000]",0,0,1318,292
yolov8x_training,773.886716,83,207.219,13370.3125,31,705,10001,"[0, 100000]","[0, 100000]",0,0,2343,17285
yolov8x_training,774.929533,82,209.966,13370.3125,100,675,10001,"[0, 100000]","[0, 100000]",0,0,5859,101074
yolov8x_training,776.012122,83,212.070,13370.3125,73,1155,10001,"[0, 100000]","[0, 100000]",0,0,341,292
yolov8x_training,777.054845,84,201.278,13370.3125,74,720,10001,"[0, 100000]","[0, 100000]",0,0,2343,18310
yolov8x_training,778.097754,81,212.446,13370.3125,100,915,10001,"[0, 100000]","[0, 100000]",0,0,4150,30371
yolov8x_training,779.166598,83,202.031,13370.3125,45,645,10001,"[0, 100000]","[0, 100000]",0,0,2099,8789
yolov8x_training,780.209889,82,190.605,13370.3125,91,2505,10001,"[0, 100000]","[0, 100000]",0,0,488,244
yolov8x_training,781.253309,82,186.807,13370.3125,91,2505,10001,"[0, 100000]","[0, 100000]",0,0,5761,101220
yolov8x_training,782.335168,83,209.395,13370.3125,69,645,10001,"[0, 100000]","[0, 100000]",0,0,585,292
yolov8x_training,783.377883,82,204.901,13370.3125,96,855,10001,"[0, 100000]","[0, 100000]",0,0,3613,12988
yolov8x_training,784.420953,82,209.651,13370.3125,40,690,10001,"[0, 100000]","[0, 100000]",0,0,6445,100878
yolov8x_training,785.500824,81,204.186,13370.3125,96,900,10001,"[0, 100000]","[0, 100000]",0,0,1123,292
yolov8x_training,786.543548,84,201.198,13370.3125,23,1875,10001,"[0, 100000]","[0, 100000]",0,0,3466,12207
yolov8x_training,787.586412,80,216.778,13370.3125,100,615,10001,"[0, 100000]","[0, 100000]",0,0,5517,101220
yolov8x_training,788.656093,83,202.689,13370.3125,33,2490,10001,"[0, 100000]","[0, 100000]",0,0,341,292
yolov8x_training,789.699136,82,208.227,13370.3125,100,675,10001,"[0, 100000]","[0, 100000]",0,0,2685,11132
yolov8x_training,790.791537,82,203.929,13370.3125,54,2505,10001,"[0, 100000]","[0, 100000]",0,0,14794,23828
yolov8x_training,791.834521,83,212.023,13370.3125,100,720,10001,"[0, 100000]","[0, 100000]",0,0,341,292
yolov8x_training,792.877161,81,203.662,13370.3125,79,810,10001,"[0, 100000]","[0, 100000]",0,0,2685,11181
yolov8x_training,793.956487,84,200.151,13370.3125,100,1500,10001,"[0, 100000]","[0, 100000]",0,0,14794,26611
yolov8x_training,794.999666,80,207.132,13370.3125,93,645,10001,"[0, 100000]","[0, 100000]",0,0,341,292
yolov8x_training,796.042264,83,206.097,13370.3125,96,2445,10001,"[0, 100000]","[0, 100000]",0,0,2343,11718
yolov8x_training,797.111799,80,211.894,13370.3125,75,660,10001,"[0, 100000]","[0, 100000]",0,0,14843,25683
yolov8x_training,798.154787,83,204.445,13370.3125,97,2505,10001,"[0, 100000]","[0, 100000]",0,0,341,341
yolov8x_training,799.197368,83,212.752,13370.3125,41,690,10001,"[0, 100000]","[0, 100000]",0,0,2636,11376
yolov8x_training,800.271474,81,204.513,13370.3125,96,1252,10001,"[0, 100000]","[0, 100000]",0,0,14941,25146
yolov8x_training,801.314471,84,210.189,13370.3125,35,630,10001,"[0, 100000]","[0, 100000]",0,0,341,292
yolov8x_training,802.357225,81,202.860,13370.3125,97,810,10001,"[0, 100000]","[0, 100000]",0,0,3564,13525
yolov8x_training,803.400207,84,213.204,13370.3125,27,1515,10001,"[0, 100000]","[0, 100000]",0,0,6445,100781
yolov8x_training,804.479105,80,203.726,13370.3125,100,795,10001,"[0, 100000]","[0, 100000]",0,0,1171,341
yolov8x_training,805.523821,84,203.543,13370.3125,14,2175,10001,"[0, 100000]","[0, 100000]",0,0,2832,11914
yolov8x_training,806.608573,80,208.621,13370.3125,100,660,10001,"[0, 100000]","[0, 100000]",0,0,15039,25878
yolov8x_training,807.651627,83,204.934,13370.3125,54,2505,10001,"[0, 100000]","[0, 100000]",0,0,341,292
yolov8x_training,808.694922,82,207.668,13370.3125,100,645,10001,"[0, 100000]","[0, 100000]",0,0,2880,11523
yolov8x_training,809.737907,83,201.877,13370.3125,31,2505,10001,"[0, 100000]","[0, 100000]",0,0,3857,31103
yolov8x_training,810.809863,82,210.690,13370.3125,100,660,10001,"[0, 100000]","[0, 100000]",0,0,927,292
yolov8x_training,811.852572,82,204.203,13370.3125,66,810,10001,"[0, 100000]","[0, 100000]",0,0,3515,14599
yolov8x_training,812.895443,84,214.096,13370.3125,100,1650,10001,"[0, 100000]","[0, 100000]",0,0,6347,100634
yolov8x_training,813.975111,80,217.074,13370.3125,92,660,10001,"[0, 100000]","[0, 100000]",0,0,341,341
yolov8x_training,815.017721,84,208.605,13370.3125,99,2505,10001,"[0, 100000]","[0, 100000]",0,0,2832,10156
yolov8x_training,816.060864,80,210.942,13370.3125,80,645,10001,"[0, 100000]","[0, 100000]",0,0,6152,100781
yolov8x_training,817.132563,83,205.124,13370.3125,96,2505,10001,"[0, 100000]","[0, 100000]",0,0,341,341
yolov8x_training,818.175248,83,211.864,13370.3125,42,690,10001,"[0, 100000]","[0, 100000]",0,0,3369,12353
yolov8x_training,819.218147,82,203.636,13370.3125,95,2505,10001,"[0, 100000]","[0, 100000]",0,0,6201,101171
yolov8x_training,820.300218,82,212.142,13370.3125,46,690,10001,"[0, 100000]","[0, 100000]",0,0,878,341
yolov8x_training,821.342926,82,203.558,13370.3125,96,810,10001,"[0, 100000]","[0, 100000]",0,0,3710,14794
yolov8x_training,822.385745,84,209.853,13370.3125,36,915,10001,"[0, 100000]","[0, 100000]",0,0,10986,36376
yolov8x_training,823.466042,81,203.739,13370.3125,97,795,10001,"[0, 100000]","[0, 100000]",0,0,1660,1318
yolov8x_training,824.509209,84,202.786,13370.3125,17,2175,10001,"[0, 100000]","[0, 100000]",0,0,3271,17822
yolov8x_training,825.552361,80,204.565,13370.3125,100,645,10001,"[0, 100000]","[0, 100000]",0,0,90234,27148
yolov8x_training,826.639332,83,200.122,13370.3125,13,2190,10001,"[0, 100000]","[0, 100000]",0,0,1757,1416
yolov8x_training,827.682939,84,205.864,13370.3125,100,630,10001,"[0, 100000]","[0, 100000]",0,0,3466,15429
yolov8x_training,828.726516,83,205.085,13370.3125,26,2505,10001,"[0, 100000]","[0, 100000]",0,0,4199,28808
yolov8x_training,829.798283,84,210.464,13370.3125,100,660,10001,"[0, 100000]","[0, 100000]",0,0,1611,2246
yolov8x_training,830.841174,83,204.466,13370.3125,43,795,10001,"[0, 100000]","[0, 100000]",0,0,2343,20703
yolov8x_training,831.884081,83,211.424,13370.3125,100,1785,10001,"[0, 100000]","[0, 100000]",0,0,3222,35302
yolov8x_training,832.963572,81,213.470,13370.3125,83,660,10001,"[0, 100000]","[0, 100000]",0,0,1416,439
yolov8x_training,834.006514,84,202.014,13370.3125,100,2445,10001,"[0, 100000]","[0, 100000]",0,0,2685,20751
yolov8x_training,835.049968,80,205.656,13370.3125,98,660,10001,"[0, 100000]","[0, 100000]",0,0,3857,33544
yolov8x_training,836.119565,83,205.946,13370.3125,96,2505,10001,"[0, 100000]","[0, 100000]",0,0,1367,390
yolov8x_training,837.200572,80,203.276,13370.3125,100,780,10001,"[0, 100000]","[0, 100000]",0,0,14843,25830
yolov8x_training,838.243550,84,202.329,13370.3125,49,705,10001,"[0, 100000]","[0, 100000]",0,0,341,292
yolov8x_training,839.286206,80,204.846,13370.3125,100,795,10001,"[0, 100000]","[0, 100000]",0,0,2441,9912
yolov8x_training,840.348081,83,202.740,13370.3125,80,705,10001,"[0, 100000]","[0, 100000]",0,0,15039,19677
yolov8x_training,841.391378,84,213.506,13370.3125,100,675,10001,"[0, 100000]","[0, 100000]",0,0,341,292
yolov8x_training,842.433976,83,203.115,13370.3125,96,690,10001,"[0, 100000]","[0, 100000]",0,0,2587,9423
yolov8x_training,843.486919,84,214.189,13370.3125,82,705,10001,"[0, 100000]","[0, 100000]",0,0,15039,18359
yolov8x_training,844.529761,83,205.023,13370.3125,95,915,10001,"[0, 100000]","[0, 100000]",0,0,341,292
yolov8x_training,845.572577,82,204.804,13370.3125,47,945,10001,"[0, 100000]","[0, 100000]",0,0,3271,11865
yolov8x_training,846.615626,83,203.413,13370.3125,96,795,10001,"[0, 100000]","[0, 100000]",0,0,5908,99853
yolov8x_training,847.692300,83,202.265,13370.3125,54,1665,10001,"[0, 100000]","[0, 100000]",0,0,341,292
yolov8x_training,848.735097,83,206.598,13370.3125,96,615,10001,"[0, 100000]","[0, 100000]",0,0,3564,12939
yolov8x_training,849.778147,83,198.022,13370.3125,22,2310,10001,"[0, 100000]","[0, 100000]",0,0,6445,100195
yolov8x_training,850.857310,85,203.548,13370.3125,100,660,10001,"[0, 100000]","[0, 100000]",0,0,537,292
yolov8x_training,851.900188,83,197.690,13370.3125,10,690,10001,"[0, 100000]","[0, 100000]",0,0,2343,17675
yolov8x_training,852.943037,84,209.732,13370.3125,100,660,10001,"[0, 100000]","[0, 100000]",0,0,6689,101171
yolov8x_training,854.017904,83,205.230,13370.3125,39,1380,10001,"[0, 100000]","[0, 100000]",0,0,390,341
yolov8x_training,855.060586,83,206.294,13370.3125,51,915,10001,"[0, 100000]","[0, 100000]",0,0,3320,13427
yolov8x_training,856.103838,83,202.129,13370.3125,100,975,10001,"[0, 100000]","[0, 100000]",0,0,3808,32714
yolov8x_training,857.175143,84,204.200,13370.3125,68,1260,10001,"[0, 100000]","[0, 100000]",0,0,1513,341
yolov8x_training,858.218159,81,205.349,13370.3125,100,735,10001,"[0, 100000]","[0, 100000]",0,0,2392,12109
yolov8x_training,859.261493,83,201.026,13370.3125,72,1635,10001,"[0, 100000]","[0, 100000]",0,0,88916,19091
yolov8x_training,860.304429,83,212.579,13370.3125,100,825,10001,"[0, 100000]","[0, 100000]",0,0,2392,9033
yolov8x_training,861.347993,83,203.687,13370.3125,96,675,10001,"[0, 100000]","[0, 100000]",0,0,4199,22851
yolov8x_training,862.390809,84,206.832,13370.3125,92,675,10001,"[0, 100000]","[0, 100000]",0,0,341,895556
yolov8x_training,863.434019,83,206.298,13370.3125,96,1350,10001,"[0, 100000]","[0, 100000]",0,0,2441,8056
yolov8x_training,864.479484,83,206.208,13370.3125,44,1485,10001,"[0, 100000]","[0, 100000]",0,0,14794,16015
yolov8x_training,865.522351,83,203.106,13370.3125,96,795,10001,"[0, 100000]","[0, 100000]",0,0,341,292
yolov8x_training,866.564932,84,203.098,13370.3125,46,1770,10001,"[0, 100000]","[0, 100000]",0,0,2392,11279
yolov8x_training,867.650799,83,204.598,13370.3125,96,645,10001,"[0, 100000]","[0, 100000]",0,0,14550,22167
yolov8x_training,868.693820,83,200.950,13370.3125,23,2145,10001,"[0, 100000]","[0, 100000]",0,0,341,292
yolov8x_training,869.736460,82,203.426,13370.3125,96,810,10001,"[0, 100000]","[0, 100000]",0,0,3564,14697
yolov8x_training,870.779353,83,201.034,13370.3125,30,2145,10001,"[0, 100000]","[0, 100000]",0,0,6201,99267
yolov8x_training,871.860797,84,206.963,13370.3125,98,720,10001,"[0, 100000]","[0, 100000]",0,0,341,341
yolov8x_training,872.903395,83,207.152,13370.3125,33,810,10001,"[0, 100000]","[0, 100000]",0,0,2392,11376
yolov8x_training,873.973068,82,206.548,13370.3125,100,1830,10001,"[0, 100000]","[0, 100000]",0,0,14648,22753
yolov8x_training,875.016095,82,205.900,13370.3125,56,630,10001,"[0, 100000]","[0, 100000]",0,0,341,292
yolov8x_training,876.059257,84,201.230,13370.3125,93,2460,10001,"[0, 100000]","[0, 100000]",0,0,2197,11962
yolov8x_training,877.106054,80,218.322,13370.3125,96,690,10001,"[0, 100000]","[0, 100000]",0,0,14843,22753
yolov8x_training,878.148884,83,208.055,13370.3125,96,915,10001,"[0, 100000]","[0, 100000]",0,0,341,292
yolov8x_training,879.191548,82,207.912,13370.3125,61,630,10001,"[0, 100000]","[0, 100000]",0,0,2734,11279
yolov8x_training,880.266389,82,205.068,13370.3125,95,735,10001,"[0, 100000]","[0, 100000]",0,0,14697,24755
yolov8x_training,881.309397,83,211.779,13370.3125,41,660,10001,"[0, 100000]","[0, 100000]",0,0,341,292
yolov8x_training,882.352030,82,204.701,13370.3125,96,615,10001,"[0, 100000]","[0, 100000]",0,0,2832,9912
yolov8x_training,883.435242,84,215.197,13370.3125,17,2505,10001,"[0, 100000]","[0, 100000]",0,0,14746,14453
yolov8x_training,884.478064,80,205.974,13370.3125,100,675,10001,"[0, 100000]","[0, 100000]",0,0,341,772705
yolov8x_training,885.520776,84,203.983,13370.3125,20,2505,10001,"[0, 100000]","[0, 100000]",0,0,2294,11035
yolov8x_training,886.585875,80,208.772,13370.3125,100,645,10001,"[0, 100000]","[0, 100000]",0,0,14697,23828
yolov8x_training,887.628790,84,206.479,13370.3125,57,720,10001,"[0, 100000]","[0, 100000]",0,0,341,292
yolov8x_training,888.671398,82,212.064,13370.3125,100,660,10001,"[0, 100000]","[0, 100000]",0,0,2636,11279
yolov8x_training,889.762232,82,204.553,13370.3125,96,720,10001,"[0, 100000]","[0, 100000]",0,0,14697,23535
yolov8x_training,890.805265,84,214.313,13370.3125,34,690,10001,"[0, 100000]","[0, 100000]",0,0,341,292
yolov8x_training,891.847922,81,201.450,13370.3125,96,630,10001,"[0, 100000]","[0, 100000]",0,0,2880,10107
yolov8x_training,892.890790,84,199.793,13370.3125,27,2385,10001,"[0, 100000]","[0, 100000]",0,0,5810,100488
yolov8x_training,893.974057,81,215.197,13370.3125,96,660,10001,"[0, 100000]","[0, 100000]",0,0,341,292
yolov8x_training,895.016698,84,202.717,13370.3125,9,2460,10001,"[0, 100000]","[0, 100000]",0,0,3564,14501
yolov8x_training,896.059717,81,213.792,13370.3125,37,645,10001,"[0, 100000]","[0, 100000]",0,0,90185,27294
yolov8x_training,897.140660,84,204.184,13370.3125,100,1237,10001,"[0, 100000]","[0, 100000]",0,0,732,292
yolov8x_training,898.183481,84,217.550,13370.3125,13,660,10001,"[0, 100000]","[0, 100000]",0,0,3027,18408
yolov8x_training,899.226336,83,206.054,13370.3125,100,1252,10001,"[0, 100000]","[0, 100000]",0,0,3271,36328
yolov8x_training,900.299190,83,209.631,13370.3125,58,615,10001,"[0, 100000]","[0, 100000]",0,0,341,292
yolov8x_training,901.341828,83,205.275,13370.3125,100,735,10001,"[0, 100000]","[0, 100000]",0,0,3515,14453
yolov8x_training,902.384608,84,201.862,13370.3125,77,2250,10001,"[0, 100000]","[0, 100000]",0,0,5322,102099
yolov8x_training,903.464628,81,210.368,13370.3125,100,675,10001,"[0, 100000]","[0, 100000]",0,0,341,292
yolov8x_training,904.507320,84,208.373,13370.3125,96,2505,10001,"[0, 100000]","[0, 100000]",0,0,2246,11914
yolov8x_training,905.577565,80,207.883,13370.3125,64,645,10001,"[0, 100000]","[0, 100000]",0,0,14843,22558
yolov8x_training,906.620554,84,204.323,13370.3125,96,720,10001,"[0, 100000]","[0, 100000]",0,0,341,292
yolov8x_training,907.663171,83,203.207,13370.3125,52,660,10001,"[0, 100000]","[0, 100000]",0,0,2783,10498
yolov8x_training,908.746324,82,211.868,13370.3125,96,690,10001,"[0, 100000]","[0, 100000]",0,0,14843,16503
yolov8x_training,909.789110,84,201.387,13370.3125,33,660,10001,"[0, 100000]","[0, 100000]",0,0,341,292
yolov8x_training,910.831894,82,211.426,13370.3125,96,705,10001,"[0, 100000]","[0, 100000]",0,0,2490,11523
yolov8x_training,911.874850,84,203.291,13370.3125,22,1252,10001,"[0, 100000]","[0, 100000]",0,0,5957,99218
yolov8x_training,912.950849,81,215.525,13370.3125,96,660,10001,"[0, 100000]","[0, 100000]",0,0,341,341
yolov8x_training,913.993555,84,215.626,13370.3125,20,1815,10001,"[0, 100000]","[0, 100000]",0,0,2001,8154
yolov8x_training,915.036400,85,213.533,13370.3125,100,675,10001,"[0, 100000]","[0, 100000]",0,0,11425,21923
yolov8x_training,916.079374,84,209.251,13370.3125,79,795,10001,"[0, 100000]","[0, 100000]",0,0,341,1037939
yolov8x_training,917.122293,84,202.427,13370.3125,95,1635,10001,"[0, 100000]","[0, 100000]",0,0,2490,9570
yolov8x_training,918.165300,80,210.181,13370.3125,63,615,10001,"[0, 100000]","[0, 100000]",0,0,4101,22949
yolov8x_training,919.208102,84,204.784,13370.3125,96,2400,10001,"[0, 100000]","[0, 100000]",0,0,341,292
yolov8x_training,920.250902,82,212.094,13370.3125,44,615,10001,"[0, 100000]","[0, 100000]",0,0,2441,11328
yolov8x_training,921.321834,84,205.640,13370.3125,100,2400,10001,"[0, 100000]","[0, 100000]",0,0,14746,17236
yolov8x_training,922.364938,85,213.432,13370.3125,23,1695,10001,"[0, 100000]","[0, 100000]",0,0,341,1034814
yolov8x_training,923.407616,83,206.476,13370.3125,100,780,10001,"[0, 100000]","[0, 100000]",0,0,2294,11474
yolov8x_training,924.474050,83,204.707,13370.3125,48,1875,10001,"[0, 100000]","[0, 100000]",0,0,14892,24169
yolov8x_training,925.516981,83,212.115,13370.3125,100,630,10001,"[0, 100000]","[0, 100000]",0,0,292,341
yolov8x_training,926.559658,82,204.358,13370.3125,65,2445,10001,"[0, 100000]","[0, 100000]",0,0,2392,11962
yolov8x_training,927.631053,82,212.947,13370.3125,100,645,10001,"[0, 100000]","[0, 100000]",0,0,14697,16308
yolov8x_training,928.674166,84,203.640,13370.3125,81,2505,10001,"[0, 100000]","[0, 100000]",0,0,341,341
yolov8x_training,929.716776,86,217.110,13370.3125,100,705,10001,"[0, 100000]","[0, 100000]",0,0,1904,9130
yolov8x_training,930.759728,83,209.524,13370.3125,95,690,10001,"[0, 100000]","[0, 100000]",0,0,6884,26025
yolov8x_training,931.802921,85,200.163,13370.3125,43,690,10001,"[0, 100000]","[0, 100000]",0,0,292,1030957
yolov8x_training,932.845702,82,204.304,13370.3125,98,675,10001,"[0, 100000]","[0, 100000]",0,0,2197,11230
yolov8x_training,933.918882,84,202.224,13370.3125,18,2490,10001,"[0, 100000]","[0, 100000]",0,0,14550,17138
yolov8x_training,934.961718,81,216.284,13370.3125,98,660,10001,"[0, 100000]","[0, 100000]",0,0,341,341
yolov8x_training,936.004365,84,206.325,13370.3125,24,1185,10001,"[0, 100000]","[0, 100000]",0,0,2490,9765
yolov8x_training,937.066966,80,210.215,13370.3125,44,630,10001,"[0, 100000]","[0, 100000]",0,0,14648,22070
yolov8x_training,938.109796,84,206.583,13370.3125,100,690,10001,"[0, 100000]","[0, 100000]",0,0,341,1035449
yolov8x_training,939.152574,83,201.865,13370.3125,90,660,10001,"[0, 100000]","[0, 100000]",0,0,2294,10839
yolov8x_training,940.216285,81,205.976,13370.3125,100,1350,10001,"[0, 100000]","[0, 100000]",0,0,14648,16162
yolov8x_training,941.259204,84,201.626,13370.3125,95,675,10001,"[0, 100000]","[0, 100000]",0,0,292,341
yolov8x_training,942.301934,81,206.497,13370.3125,95,900,10001,"[0, 100000]","[0, 100000]",0,0,2978,10156
yolov8x_training,943.371512,84,206.036,13370.3125,96,1695,10001,"[0, 100000]","[0, 100000]",0,0,15332,28662
yolov8x_training,944.414506,80,211.403,13370.3125,47,675,10001,"[0, 100000]","[0, 100000]",0,0,341,341
yolov8x_training,945.457228,84,212.903,13370.3125,96,690,10001,"[0, 100000]","[0, 100000]",0,0,2539,9716
yolov8x_training,946.517528,85,211.308,13370.3125,22,705,10001,"[0, 100000]","[0, 100000]",0,0,14794,14648
yolov8x_training,947.560437,84,209.020,13370.3125,100,795,10001,"[0, 100000]","[0, 100000]",0,0,341,1030419
yolov8x_training,948.603273,84,204.100,13370.3125,23,1620,10001,"[0, 100000]","[0, 100000]",0,0,2294,10205
yolov8x_training,949.682661,80,211.941,13370.3125,100,660,10001,"[0, 100000]","[0, 100000]",0,0,14843,22119
yolov8x_training,950.725528,84,205.075,13370.3125,34,1830,10001,"[0, 100000]","[0, 100000]",0,0,341,292
yolov8x_training,951.768188,80,210.363,13370.3125,100,645,10001,"[0, 100000]","[0, 100000]",0,0,2392,11328
yolov8x_training,952.847702,84,205.860,13370.3125,62,1755,10001,"[0, 100000]","[0, 100000]",0,0,14746,22900
yolov8x_training,953.890597,82,212.932,13370.3125,100,645,10001,"[0, 100000]","[0, 100000]",0,0,341,341
yolov8x_training,954.933174,84,203.840,13370.3125,85,675,10001,"[0, 100000]","[0, 100000]",0,0,2685,10546
yolov8x_training,956.022258,85,202.053,13370.3125,100,675,10001,"[0, 100000]","[0, 100000]",0,0,14892,22119
yolov8x_training,957.065283,84,203.521,13370.3125,100,1125,10001,"[0, 100000]","[0, 100000]",0,0,292,292
yolov8x_training,958.107906,83,201.966,13370.3125,80,705,10001,"[0, 100000]","[0, 100000]",0,0,3564,14501
yolov8x_training,959.150654,84,205.015,13370.3125,100,930,10001,"[0, 100000]","[0, 100000]",0,0,3955,32861
yolov8x_training,960.222390,84,201.750,13370.3125,92,720,10001,"[0, 100000]","[0, 100000]",0,0,1171,292
yolov8x_training,961.265159,81,204.171,13370.3125,100,1200,10001,"[0, 100000]","[0, 100000]",0,0,2685,12792
yolov8x_training,962.308214,84,200.750,13370.3125,91,690,10001,"[0, 100000]","[0, 100000]",0,0,341,1028759
yolov8x_training,963.350902,82,204.301,13370.3125,100,1320,10001,"[0, 100000]","[0, 100000]",0,0,2294,9179
yolov8x_training,964.433067,84,201.315,13370.3125,73,2505,10001,"[0, 100000]","[0, 100000]",0,0,14794,16796
yolov8x_training,965.476036,83,212.831,13370.3125,100,675,10001,"[0, 100000]","[0, 100000]",0,0,341,341
yolov8x_training,966.518817,84,203.367,13370.3125,79,1252,10001,"[0, 100000]","[0, 100000]",0,0,2636,10937
yolov8x_training,967.561666,82,213.928,13370.3125,100,660,10001,"[0, 100000]","[0, 100000]",0,0,5908,101220
yolov8x_training,968.641243,85,201.385,13370.3125,83,1650,10001,"[0, 100000]","[0, 100000]",0,0,341,341
yolov8x_training,969.684183,84,208.522,13370.3125,100,675,10001,"[0, 100000]","[0, 100000]",0,0,2490,20361
yolov8x_training,970.727130,84,203.436,13370.3125,87,2505,10001,"[0, 100000]","[0, 100000]",0,0,89990,23339
yolov8x_training,971.818291,84,214.354,13370.3125,100,705,10001,"[0, 100000]","[0, 100000]",0,0,4443,102880
yolov8x_training,972.861877,81,202.833,13370.3125,78,1305,10001,"[0, 100000]","[0, 100000]",0,0,2783,12597
yolov8x_training,973.904856,83,213.471,13370.3125,100,675,10001,"[0, 100000]","[0, 100000]",0,0,341,292
yolov8x_training,974.947479,82,202.471,13370.3125,67,1035,10001,"[0, 100000]","[0, 100000]",0,0,2343,11474
yolov8x_training,976.022788,83,202.356,13370.3125,100,675,10001,"[0, 100000]","[0, 100000]",0,0,14941,18994
yolov8x_training,977.065778,82,204.058,13370.3125,100,690,10001,"[0, 100000]","[0, 100000]",0,0,390,341
yolov8x_training,978.108537,83,202.453,13370.3125,64,675,10001,"[0, 100000]","[0, 100000]",0,0,3662,13671
yolov8x_training,979.151636,83,201.798,13370.3125,100,675,10001,"[0, 100000]","[0, 100000]",0,0,89062,18652
yolov8x_training,980.194935,84,202.977,13370.3125,33,645,10001,"[0, 100000]","[0, 100000]",0,0,2099,9619
yolov8x_training,981.249101,80,203.861,13370.3125,100,720,10001,"[0, 100000]","[0, 100000]",0,0,14843,22070
yolov8x_training,982.292015,84,206.206,13370.3125,43,690,10001,"[0, 100000]","[0, 100000]",0,0,341,292
yolov8x_training,983.334599,82,209.093,13370.3125,100,930,10001,"[0, 100000]","[0, 100000]",0,0,2246,10449
yolov8x_training,984.397854,84,201.077,13370.3125,91,2490,10001,"[0, 100000]","[0, 100000]",0,0,14843,26074
yolov8x_training,985.440752,85,204.704,13370.3125,100,705,10001,"[0, 100000]","[0, 100000]",0,0,341,292
yolov8x_training,986.483363,83,204.162,13370.3125,95,2250,10001,"[0, 100000]","[0, 100000]",0,0,2783,9082
yolov8x_training,987.559343,84,210.206,13370.3125,85,630,10001,"[0, 100000]","[0, 100000]",0,0,14648,22167
yolov8x_training,988.602160,83,203.844,13370.3125,96,705,10001,"[0, 100000]","[0, 100000]",0,0,341,292
yolov8x_training,989.644767,82,207.895,13370.3125,62,660,10001,"[0, 100000]","[0, 100000]",0,0,2587,8984
yolov8x_training,990.728744,81,203.956,13370.3125,95,720,10001,"[0, 100000]","[0, 100000]",0,0,14648,26220
yolov8x_training,991.771810,84,202.239,13370.3125,55,675,10001,"[0, 100000]","[0, 100000]",0,0,341,292
yolov8x_training,992.814542,80,209.818,13370.3125,95,1230,10001,"[0, 100000]","[0, 100000]",0,0,3173,13134
yolov8x_training,993.857399,84,201.806,13370.3125,44,675,10001,"[0, 100000]","[0, 100000]",0,0,3369,36328
yolov8x_training,994.932984,80,207.123,13370.3125,95,645,10001,"[0, 100000]","[0, 100000]",0,0,2099,3417
yolov8x_training,995.975894,84,201.970,13370.3125,59,2325,10001,"[0, 100000]","[0, 100000]",0,0,4248,13183
yolov8x_training,997.019105,80,207.897,13370.3125,96,630,10001,"[0, 100000]","[0, 100000]",0,0,341,292
yolov8x_training,998.061708,84,199.710,13370.3125,61,2190,10001,"[0, 100000]","[0, 100000]",0,0,2685,11083
yolov8x_training,999.104586,80,209.144,13370.3125,78,645,10001,"[0, 100000]","[0, 100000]",0,0,5712,99853
yolov8x_training,1000.169286,83,205.571,13370.3125,96,2505,10001,"[0, 100000]","[0, 100000]",0,0,341,292
yolov8x_training,1001.211927,83,211.515,13370.3125,48,660,10001,"[0, 100000]","[0, 100000]",0,0,3466,14257
yolov8x_training,1002.254730,83,203.760,13370.3125,96,1252,10001,"[0, 100000]","[0, 100000]",0,0,90380,26855
yolov8x_training,1003.339881,83,207.405,13370.3125,60,645,10001,"[0, 100000]","[0, 100000]",0,0,1708,1464
yolov8x_training,1004.383052,83,202.615,13370.3125,96,855,10001,"[0, 100000]","[0, 100000]",0,0,2929,13525
yolov8x_training,1005.425951,82,209.282,13370.3125,56,690,10001,"[0, 100000]","[0, 100000]",0,0,341,1032324
yolov8x_training,1006.468702,83,204.457,13370.3125,95,1050,10001,"[0, 100000]","[0, 100000]",0,0,2343,8837
yolov8x_training,1007.536938,83,204.572,13370.3125,58,690,10001,"[0, 100000]","[0, 100000]",0,0,14794,20507
yolov8x_training,1008.579918,83,209.155,13370.3125,95,1470,10001,"[0, 100000]","[0, 100000]",0,0,341,292
yolov8x_training,1009.622511,84,202.729,13370.3125,36,930,10001,"[0, 100000]","[0, 100000]",0,0,2490,11328
yolov8x_training,1010.665413,82,211.401,13370.3125,96,1095,10001,"[0, 100000]","[0, 100000]",0,0,5419,98779
yolov8x_training,1011.738601,84,202.029,13370.3125,38,750,10001,"[0, 100000]","[0, 100000]",0,0,7910,74462
yolov8x_training,1012.781895,84,178.416,13370.3125,66,2505,10001,"[0, 100000]","[0, 100000]",0,0,292,292
yolov8x_training,1013.824637,83,186.486,13370.3125,91,2505,10001,"[0, 100000]","[0, 100000]",0,0,292,1030468
yolov8x_training,1014.882082,81,189.382,13370.3125,92,765,10001,"[0, 100000]","[0, 100000]",0,0,14013,29785
yolov8x_training,1015.925428,80,193.209,13370.3125,100,690,10001,"[0, 100000]","[0, 100000]",0,0,2490,18066
yolov8x_training,1016.968468,80,189.180,13370.3125,100,1080,10001,"[0, 100000]","[0, 100000]",0,0,2001,8984
yolov8x_training,1018.011953,80,186.738,13370.3125,100,1095,10001,"[0, 100000]","[0, 100000]",0,0,1367,488
yolov8x_training,1019.055351,80,191.255,13370.3125,100,660,10001,"[0, 100000]","[0, 100000]",0,0,341,292
yolov8x_training,1020.098100,81,190.564,13370.3125,28,675,10001,"[0, 100000]","[0, 100000]",0,0,88720,15820
yolov8x_training,1021.141453,84,188.271,13370.3125,12,645,10001,"[0, 100000]","[0, 100000]",0,0,2490,21142
yolov8x_training,1022.184417,80,206.571,13370.3125,100,705,10001,"[0, 100000]","[0, 100000]",0,0,5029,99755
yolov8x_training,1023.267371,83,212.832,13370.3125,43,675,10001,"[0, 100000]","[0, 100000]",0,0,341,292
yolov8x_training,1024.310032,82,205.389,13370.3125,100,1335,10001,"[0, 100000]","[0, 100000]",0,0,2734,11083
yolov8x_training,1025.353071,83,203.554,13370.3125,73,735,10001,"[0, 100000]","[0, 100000]",0,0,5957,100097
yolov8x_training,1026.426540,81,204.464,13370.3125,100,705,10001,"[0, 100000]","[0, 100000]",0,0,1123,292
yolov8x_training,1027.469217,83,204.055,13370.3125,86,1515,10001,"[0, 100000]","[0, 100000]",0,0,2636,20556
yolov8x_training,1028.512492,82,213.878,13370.3125,100,675,10001,"[0, 100000]","[0, 100000]",0,0,2978,34570
yolov8x_training,1029.591176,83,202.095,13370.3125,95,840,10001,"[0, 100000]","[0, 100000]",0,0,1123,292
yolov8x_training,1030.634086,84,214.637,13370.3125,91,675,10001,"[0, 100000]","[0, 100000]",0,0,2929,11914
yolov8x_training,1031.677008,80,204.488,13370.3125,96,690,10001,"[0, 100000]","[0, 100000]",0,0,5957,98291
yolov8x_training,1032.760716,83,207.652,13370.3125,60,705,10001,"[0, 100000]","[0, 100000]",0,0,439,341
yolov8x_training,1033.803467,81,208.787,13370.3125,96,1350,10001,"[0, 100000]","[0, 100000]",0,0,3564,13574
yolov8x_training,1034.846579,83,203.464,13370.3125,56,705,10001,"[0, 100000]","[0, 100000]",0,0,6494,99218
yolov8x_training,1035.925423,80,211.035,13370.3125,95,690,10001,"[0, 100000]","[0, 100000]",0,0,1123,292
yolov8x_training,1036.968182,83,200.845,13370.3125,41,855,10001,"[0, 100000]","[0, 100000]",0,0,3564,13476
yolov8x_training,1038.011061,85,216.946,13370.3125,100,645,10001,"[0, 100000]","[0, 100000]",0,0,6103,99609
yolov8x_training,1039.081318,83,206.852,13370.3125,100,675,10001,"[0, 100000]","[0, 100000]",0,0,341,292
yolov8x_training,1040.123953,83,209.090,13370.3125,54,675,10001,"[0, 100000]","[0, 100000]",0,0,2636,10742
yolov8x_training,1041.210010,81,206.231,13370.3125,100,825,10001,"[0, 100000]","[0, 100000]",0,0,14843,21484
yolov8x_training,1042.252868,83,203.541,13370.3125,69,1770,10001,"[0, 100000]","[0, 100000]",0,0,390,292
yolov8x_training,1043.295535,84,204.108,13370.3125,100,675,10001,"[0, 100000]","[0, 100000]",0,0,2832,10986
yolov8x_training,1044.360439,83,200.935,13370.3125,96,2205,10001,"[0, 100000]","[0, 100000]",0,0,14892,23437
yolov8x_training,1045.403298,84,208.045,13370.3125,93,675,10001,"[0, 100000]","[0, 100000]",0,0,341,292
yolov8x_training,1046.445885,83,205.640,13370.3125,95,990,10001,"[0, 100000]","[0, 100000]",0,0,2294,11474
yolov8x_training,1047.513449,82,205.070,13370.3125,58,1080,10001,"[0, 100000]","[0, 100000]",0,0,14843,27294
yolov8x_training,1048.556420,82,205.307,13370.3125,95,780,10001,"[0, 100000]","[0, 100000]",0,0,341,292
yolov8x_training,1049.599231,84,200.924,13370.3125,39,2160,10001,"[0, 100000]","[0, 100000]",0,0,2441,11572
yolov8x_training,1050.676565,85,203.952,13370.3125,96,645,10001,"[0, 100000]","[0, 100000]",0,0,14892,26171
yolov8x_training,1051.719490,83,205.753,13370.3125,21,2505,10001,"[0, 100000]","[0, 100000]",0,0,341,539892
yolov8x_training,1052.762363,82,217.154,13370.3125,100,690,10001,"[0, 100000]","[0, 100000]",0,0,2441,8300
yolov8x_training,1053.805794,83,204.801,13370.3125,48,2325,10001,"[0, 100000]","[0, 100000]",0,0,8203,24169
yolov8x_training,1054.848634,84,211.901,13370.3125,100,660,10001,"[0, 100000]","[0, 100000]",0,0,292,292
yolov8x_training,1055.891301,81,203.238,13370.3125,83,645,10001,"[0, 100000]","[0, 100000]",0,0,2294,11572
yolov8x_training,1056.937840,84,211.976,13370.3125,100,2505,10001,"[0, 100000]","[0, 100000]",0,0,14746,21484
yolov8x_training,1057.980704,80,212.220,13370.3125,95,675,10001,"[0, 100000]","[0, 100000]",0,0,341,292
yolov8x_training,1059.023293,84,205.286,13370.3125,62,1050,10001,"[0, 100000]","[0, 100000]",0,0,2294,11523
yolov8x_training,1060.083265,82,212.842,13370.3125,31,660,10001,"[0, 100000]","[0, 100000]",0,0,14843,18359
yolov8x_training,1061.126050,83,204.519,13370.3125,97,720,10001,"[0, 100000]","[0, 100000]",0,0,341,292
yolov8x_training,1062.168663,84,215.086,13370.3125,38,675,10001,"[0, 100000]","[0, 100000]",0,0,2392,8007
yolov8x_training,1063.212190,81,207.542,13370.3125,100,930,10001,"[0, 100000]","[0, 100000]",0,0,10986,30029
yolov8x_training,1064.255192,84,204.595,13370.3125,64,1350,10001,"[0, 100000]","[0, 100000]",0,0,390,341
yolov8x_training,1065.297837,83,180.419,13370.3125,91,2505,10001,"[0, 100000]","[0, 100000]",0,0,341,292
yolov8x_training,1066.340991,83,182.201,13370.3125,95,2505,10001,"[0, 100000]","[0, 100000]",0,0,3222,25341
yolov8x_training,1067.383975,82,208.920,13370.3125,51,825,10001,"[0, 100000]","[0, 100000]",0,0,292,292
yolov8x_training,1068.426773,81,192.033,13370.3125,0,1665,10001,"[0, 100000]","[0, 100000]",0,0,292,292
yolov8x_training,1069.469539,84,177.893,13370.3125,0,2250,10001,"[0, 100000]","[0, 100000]",0,0,341,1033593
yolov8x_training,1070.535959,84,174.141,13370.3125,1,2520,10001,"[0, 100000]","[0, 100000]",0,0,13085,28857
yolov8x_training,1071.579405,83,174.502,13370.3125,56,2505,10001,"[0, 100000]","[0, 100000]",0,0,2343,18310
yolov8x_training,1072.622432,83,172.600,13370.3125,69,2505,10001,"[0, 100000]","[0, 100000]",0,0,2294,9521
yolov8x_training,1073.665480,83,173.724,13370.3125,91,2505,10001,"[0, 100000]","[0, 100000]",0,0,1416,439
yolov8x_training,1074.708924,82,186.051,13370.3125,91,2355,10001,"[0, 100000]","[0, 100000]",0,0,341,292
yolov8x_training,1075.762630,80,184.767,13370.3125,92,720,10001,"[0, 100000]","[0, 100000]",0,0,14990,24755
yolov8x_training,1076.805658,83,214.223,13370.3125,98,675,10001,"[0, 100000]","[0, 100000]",0,0,341,292
yolov8x_training,1077.848759,80,206.359,13370.3125,95,915,10001,"[0, 100000]","[0, 100000]",0,0,2539,8154
yolov8x_training,1078.892257,83,203.043,13370.3125,42,705,10001,"[0, 100000]","[0, 100000]",0,0,2734,24023
yolov8x_training,1079.935444,84,206.459,13370.3125,98,675,10001,"[0, 100000]","[0, 100000]",0,0,341,1035400
yolov8x_training,1080.978137,82,204.978,13370.3125,21,1290,10001,"[0, 100000]","[0, 100000]",0,0,1953,9277
yolov8x_training,1082.021144,81,204.499,13370.3125,100,1500,10001,"[0, 100000]","[0, 100000]",0,0,4394,15332
yolov8x_training,1083.063988,81,211.546,13370.3125,73,660,10001,"[0, 100000]","[0, 100000]",0,0,341,292
yolov8x_training,1084.106708,82,200.582,13370.3125,81,2235,10001,"[0, 100000]","[0, 100000]",0,0,2343,10888
yolov8x_training,1085.160551,80,204.846,13370.3125,100,630,10001,"[0, 100000]","[0, 100000]",0,0,14746,25097
yolov8x_training,1086.203440,82,209.060,13370.3125,95,1680,10001,"[0, 100000]","[0, 100000]",0,0,341,292
yolov8x_training,1087.246278,82,209.285,13370.3125,51,675,10001,"[0, 100000]","[0, 100000]",0,0,2294,8398
yolov8x_training,1088.309813,82,200.942,13370.3125,96,1110,10001,"[0, 100000]","[0, 100000]",0,0,14746,20996
yolov8x_training,1089.352657,82,208.947,13370.3125,43,660,10001,"[0, 100000]","[0, 100000]",0,0,341,292
yolov8x_training,1090.395233,81,203.679,13370.3125,96,630,10001,"[0, 100000]","[0, 100000]",0,0,2392,11279
yolov8x_training,1091.472788,84,213.580,13370.3125,25,2460,10001,"[0, 100000]","[0, 100000]",0,0,14843,17138
yolov8x_training,1092.515756,80,211.749,13370.3125,97,645,10001,"[0, 100000]","[0, 100000]",0,0,2441,292
yolov8x_training,1093.558477,84,199.980,13370.3125,28,2475,10001,"[0, 100000]","[0, 100000]",0,0,2636,11328
yolov8x_training,1094.601397,80,207.411,13370.3125,100,660,10001,"[0, 100000]","[0, 100000]",0,0,5615,99902
yolov8x_training,1095.669391,83,205.721,13370.3125,27,2505,10001,"[0, 100000]","[0, 100000]",0,0,341,341
yolov8x_training,1096.712064,82,209.583,13370.3125,100,645,10001,"[0, 100000]","[0, 100000]",0,0,2392,11279
yolov8x_training,1097.787817,82,204.930,13370.3125,78,720,10001,"[0, 100000]","[0, 100000]",0,0,14746,17724
yolov8x_training,1098.830813,84,212.198,13370.3125,100,660,10001,"[0, 100000]","[0, 100000]",0,0,341,292
yolov8x_training,1099.873377,81,202.856,13370.3125,76,675,10001,"[0, 100000]","[0, 100000]",0,0,2929,10449
yolov8x_training,1100.916328,84,209.324,13370.3125,15,2475,10001,"[0, 100000]","[0, 100000]",0,0,5712,100048
yolov8x_training,1101.993201,81,203.750,13370.3125,97,675,10001,"[0, 100000]","[0, 100000]",0,0,14550,292
yolov8x_training,1103.036585,84,205.733,13370.3125,22,2505,10001,"[0, 100000]","[0, 100000]",0,0,2978,10449
yolov8x_training,1104.095046,80,208.933,13370.3125,61,630,10001,"[0, 100000]","[0, 100000]",0,0,14941,27392
yolov8x_training,1105.138021,83,206.124,13370.3125,100,690,10001,"[0, 100000]","[0, 100000]",0,0,341,292
yolov8x_training,1106.180602,84,202.627,13370.3125,96,675,10001,"[0, 100000]","[0, 100000]",0,0,2392,9472
yolov8x_training,1107.223532,80,207.526,13370.3125,79,1305,10001,"[0, 100000]","[0, 100000]",0,0,8154,27587
yolov8x_training,1108.266774,83,204.434,13370.3125,95,1770,10001,"[0, 100000]","[0, 100000]",0,0,341,341
yolov8x_training,1109.309498,81,210.829,13370.3125,40,660,10001,"[0, 100000]","[0, 100000]",0,0,2197,12695
yolov8x_training,1110.373560,83,204.670,13370.3125,96,2310,10001,"[0, 100000]","[0, 100000]",0,0,14941,25927
yolov8x_training,1111.416435,84,212.617,13370.3125,20,660,10001,"[0, 100000]","[0, 100000]",0,0,341,292
yolov8x_training,1112.459125,83,202.871,13370.3125,98,690,10001,"[0, 100000]","[0, 100000]",0,0,2929,11425
yolov8x_training,1113.502074,81,199.932,13370.3125,39,645,10001,"[0, 100000]","[0, 100000]",0,0,2978,35644
yolov8x_training,1114.581917,83,203.700,13370.3125,96,690,10001,"[0, 100000]","[0, 100000]",0,0,4736,100146
yolov8x_training,1115.625444,82,200.225,13370.3125,40,645,10001,"[0, 100000]","[0, 100000]",0,0,2636,14160
yolov8x_training,1116.668802,83,202.998,13370.3125,95,735,10001,"[0, 100000]","[0, 100000]",0,0,341,1028955
yolov8x_training,1117.711430,83,200.846,13370.3125,38,690,10001,"[0, 100000]","[0, 100000]",0,0,2343,9667
yolov8x_training,1118.787894,82,201.705,13370.3125,96,855,10001,"[0, 100000]","[0, 100000]",0,0,14648,25927
yolov8x_training,1119.830892,82,202.886,13370.3125,38,675,10001,"[0, 100000]","[0, 100000]",0,0,341,341
yolov8x_training,1120.873570,81,204.252,13370.3125,96,690,10001,"[0, 100000]","[0, 100000]",0,0,2734,11132
yolov8x_training,1121.961261,84,200.898,13370.3125,37,2490,10001,"[0, 100000]","[0, 100000]",0,0,14746,17968
yolov8x_training,1123.004247,81,211.762,13370.3125,97,645,10001,"[0, 100000]","[0, 100000]",0,0,439,292
yolov8x_training,1124.047354,83,200.381,13370.3125,34,2265,10001,"[0, 100000]","[0, 100000]",0,0,2636,20751
yolov8x_training,1125.090456,82,211.454,13370.3125,40,660,10001,"[0, 100000]","[0, 100000]",0,0,89892,25439
yolov8x_training,1126.178794,84,202.733,13370.3125,96,2280,10001,"[0, 100000]","[0, 100000]",0,0,1806,2343
yolov8x_training,1127.221957,81,208.145,13370.3125,38,645,10001,"[0, 100000]","[0, 100000]",0,0,4052,12207
yolov8x_training,1128.265019,83,201.484,13370.3125,95,2205,10001,"[0, 100000]","[0, 100000]",0,0,341,292
yolov8x_training,1129.307759,80,209.061,13370.3125,58,630,10001,"[0, 100000]","[0, 100000]",0,0,2441,9716
yolov8x_training,1130.388474,83,201.453,13370.3125,96,690,10001,"[0, 100000]","[0, 100000]",0,0,14794,29296
yolov8x_training,1131.431501,80,208.984,13370.3125,60,660,10001,"[0, 100000]","[0, 100000]",0,0,292,292
yolov8x_training,1132.474191,83,204.963,13370.3125,96,690,10001,"[0, 100000]","[0, 100000]",0,0,3027,11474
yolov8x_training,1133.517174,80,198.123,13370.3125,41,660,10001,"[0, 100000]","[0, 100000]",0,0,4736,99169
yolov8x_training,1134.602432,83,201.869,13370.3125,96,705,10001,"[0, 100000]","[0, 100000]",0,0,1123,292
yolov8x_training,1135.645197,80,203.439,13370.3125,49,660,10001,"[0, 100000]","[0, 100000]",0,0,2441,13769
yolov8x_training,1136.688215,82,202.921,13370.3125,95,690,10001,"[0, 100000]","[0, 100000]",0,0,89746,23974
yolov8x_training,1137.777995,82,203.050,13370.3125,51,645,10001,"[0, 100000]","[0, 100000]",0,0,1708,3222
yolov8x_training,1138.821103,82,203.804,13370.3125,96,690,10001,"[0, 100000]","[0, 100000]",0,0,3710,10986
yolov8x_training,1139.864044,82,201.595,13370.3125,41,660,10001,"[0, 100000]","[0, 100000]",0,0,341,1029248
yolov8x_training,1140.906714,82,200.139,13370.3125,96,660,10001,"[0, 100000]","[0, 100000]",0,0,2685,11083
yolov8x_training,1141.949791,82,204.035,13370.3125,59,2325,10001,"[0, 100000]","[0, 100000]",0,0,5566,99072
yolov8x_training,1143.022814,82,208.677,13370.3125,95,660,10001,"[0, 100000]","[0, 100000]",0,0,341,292
yolov8x_training,1144.065537,83,203.216,13370.3125,58,2205,10001,"[0, 100000]","[0, 100000]",0,0,2685,19677
yolov8x_training,1145.108940,82,208.693,13370.3125,68,660,10001,"[0, 100000]","[0, 100000]",0,0,89697,22460
yolov8x_training,1146.199437,83,200.965,13370.3125,96,2220,10001,"[0, 100000]","[0, 100000]",0,0,1513,927
yolov8x_training,1147.242429,80,208.303,13370.3125,59,660,10001,"[0, 100000]","[0, 100000]",0,0,3027,12792
yolov8x_training,1148.285441,83,200.990,13370.3125,96,2205,10001,"[0, 100000]","[0, 100000]",0,0,341,292
yolov8x_training,1149.328169,80,209.322,13370.3125,62,660,10001,"[0, 100000]","[0, 100000]",0,0,2392,9667
yolov8x_training,1150.405001,83,200.047,13370.3125,96,930,10001,"[0, 100000]","[0, 100000]",0,0,14843,25390
yolov8x_training,1151.447932,80,208.227,13370.3125,59,645,10001,"[0, 100000]","[0, 100000]",0,0,341,341
yolov8x_training,1152.490573,83,202.331,13370.3125,95,735,10001,"[0, 100000]","[0, 100000]",0,0,2636,11425
yolov8x_training,1153.533552,80,204.566,13370.3125,73,690,10001,"[0, 100000]","[0, 100000]",0,0,4492,100000
yolov8x_training,1154.619358,83,204.293,13370.3125,96,720,10001,"[0, 100000]","[0, 100000]",0,0,1757,292
yolov8x_training,1155.662207,80,203.108,13370.3125,59,645,10001,"[0, 100000]","[0, 100000]",0,0,3613,15478
yolov8x_training,1156.705132,83,203.066,13370.3125,96,705,10001,"[0, 100000]","[0, 100000]",0,0,4003,30029
yolov8x_training,1157.779189,83,202.085,13370.3125,38,660,10001,"[0, 100000]","[0, 100000]",0,0,5908,90527
yolov8x_training,1158.822711,84,177.675,13370.3125,72,2505,10001,"[0, 100000]","[0, 100000]",0,0,341,244
yolov8x_training,1159.865567,83,183.297,13370.3125,91,2505,10001,"[0, 100000]","[0, 100000]",0,0,341,292
yolov8x_training,1160.936188,83,187.495,13370.3125,90,2505,10001,"[0, 100000]","[0, 100000]",0,0,14111,30664
yolov8x_training,1161.979266,82,196.196,13370.3125,100,975,10001,"[0, 100000]","[0, 100000]",0,0,3564,12939
yolov8x_training,1163.022903,82,190.007,13370.3125,100,1275,10001,"[0, 100000]","[0, 100000]",0,0,2148,3173
yolov8x_training,1164.065979,79,192.660,13370.3125,100,825,10001,"[0, 100000]","[0, 100000]",0,0,341,292
yolov8x_training,1165.109216,79,185.253,13370.3125,38,645,10001,"[0, 100000]","[0, 100000]",0,0,341,292
yolov8x_training,1166.195052,79,189.847,13370.3125,0,690,10001,"[0, 100000]","[0, 100000]",0,0,13916,32617
yolov8x_training,1167.238374,83,183.276,13370.3125,96,675,10001,"[0, 100000]","[0, 100000]",0,0,4492,105908
yolov8x_training,1168.281846,79,208.093,13370.3125,78,810,10001,"[0, 100000]","[0, 100000]",0,0,3564,15380
yolov8x_training,1169.324622,83,204.896,13370.3125,96,1995,10001,"[0, 100000]","[0, 100000]",0,0,6298,99902
yolov8x_training,1170.404010,81,210.646,13370.3125,39,720,10001,"[0, 100000]","[0, 100000]",0,0,341,292
yolov8x_training,1171.446564,83,204.118,13370.3125,97,885,10001,"[0, 100000]","[0, 100000]",0,0,2734,11132
yolov8x_training,1172.511181,84,204.268,13370.3125,21,1725,10001,"[0, 100000]","[0, 100000]",0,0,14990,26562
yolov8x_training,1173.554147,82,206.953,13370.3125,100,645,10001,"[0, 100000]","[0, 100000]",0,0,341,292
yolov8x_training,1174.596775,81,204.640,13370.3125,53,2505,10001,"[0, 100000]","[0, 100000]",0,0,2246,11523
yolov8x_training,1175.672774,82,208.157,13370.3125,100,660,10001,"[0, 100000]","[0, 100000]",0,0,14697,27050
yolov8x_training,1176.715623,83,204.332,13370.3125,79,2505,10001,"[0, 100000]","[0, 100000]",0,0,341,292
yolov8x_training,1177.758467,84,216.617,13370.3125,100,690,10001,"[0, 100000]","[0, 100000]",0,0,2001,9570
yolov8x_training,1178.801737,83,196.228,13370.3125,95,2505,10001,"[0, 100000]","[0, 100000]",0,0,292,292
yolov8x_training,1179.844550,83,188.160,13370.3125,93,1500,10001,"[0, 100000]","[0, 100000]",0,0,5468,93554
yolov8x_training,1180.911966,82,196.392,13370.3125,100,630,10001,"[0, 100000]","[0, 100000]",0,0,2197,11914
yolov8x_training,1181.998312,82,198.880,13370.3125,61,2340,10001,"[0, 100000]","[0, 100000]",0,0,15039,19482
yolov8x_training,1183.041764,82,211.219,13370.3125,95,660,10001,"[0, 100000]","[0, 100000]",0,0,341,292
yolov8x_training,1184.084362,83,203.209,13370.3125,57,2490,10001,"[0, 100000]","[0, 100000]",0,0,2832,10498
yolov8x_training,1185.167898,82,210.449,13370.3125,50,660,10001,"[0, 100000]","[0, 100000]",0,0,14648,21630
yolov8x_training,1186.211069,81,201.957,13370.3125,96,1252,10001,"[0, 100000]","[0, 100000]",0,0,341,292
yolov8x_training,1187.253631,83,213.198,13370.3125,23,675,10001,"[0, 100000]","[0, 100000]",0,0,2392,12207
yolov8x_training,1188.335131,80,202.065,13370.3125,100,1080,10001,"[0, 100000]","[0, 100000]",0,0,14697,18798
yolov8x_training,1189.378138,83,214.120,13370.3125,11,645,10001,"[0, 100000]","[0, 100000]",0,0,341,292
yolov8x_training,1190.420856,79,205.204,13370.3125,100,630,10001,"[0, 100000]","[0, 100000]",0,0,2392,9277
yolov8x_training,1191.471973,83,204.680,13370.3125,58,2505,10001,"[0, 100000]","[0, 100000]",0,0,14941,22656
yolov8x_training,1192.514935,81,211.419,13370.3125,100,660,10001,"[0, 100000]","[0, 100000]",0,0,341,292
yolov8x_training,1193.557524,83,202.082,13370.3125,59,2505,10001,"[0, 100000]","[0, 100000]",0,0,2880,11669
yolov8x_training,1194.600483,81,211.540,13370.3125,100,660,10001,"[0, 100000]","[0, 100000]",0,0,4589,99755
yolov8x_training,1195.691879,83,203.276,13370.3125,71,2505,10001,"[0, 100000]","[0, 100000]",0,0,341,292
yolov8x_training,1196.734545,82,209.642,13370.3125,100,645,10001,"[0, 100000]","[0, 100000]",0,0,2441,17919
yolov8x_training,1197.777608,82,203.286,13370.3125,52,2505,10001,"[0, 100000]","[0, 100000]",0,0,341,1028759
yolov8x_training,1198.820343,83,208.537,13370.3125,100,660,10001,"[0, 100000]","[0, 100000]",0,0,2343,8789
yolov8x_training,1199.884910,83,201.727,13370.3125,41,2325,10001,"[0, 100000]","[0, 100000]",0,0,14990,26025
yolov8x_training,1200.927935,82,207.486,13370.3125,100,660,10001,"[0, 100000]","[0, 100000]",0,0,341,292
yolov8x_training,1201.970815,82,202.312,13370.3125,38,720,10001,"[0, 100000]","[0, 100000]",0,0,3564,12207
yolov8x_training,1203.013727,82,204.976,13370.3125,100,660,10001,"[0, 100000]","[0, 100000]",0,0,6396,101464
yolov8x_training,1204.091456,82,210.501,13370.3125,56,870,10001,"[0, 100000]","[0, 100000]",0,0,13378,292
yolov8x_training,1205.134134,83,201.489,13370.3125,90,690,10001,"[0, 100000]","[0, 100000]",0,0,2636,11523
yolov8x_training,1206.221628,84,205.082,13370.3125,100,1005,10001,"[0, 100000]","[0, 100000]",0,0,14892,26171
yolov8x_training,1207.264692,82,209.791,13370.3125,96,2265,10001,"[0, 100000]","[0, 100000]",0,0,341,341
yolov8x_training,1208.307842,82,209.454,13370.3125,63,630,10001,"[0, 100000]","[0, 100000]",0,0,2441,10058
yolov8x_training,1209.355912,82,205.346,13370.3125,96,2505,10001,"[0, 100000]","[0, 100000]",0,0,14794,18994
yolov8x_training,1210.398787,84,212.057,13370.3125,23,720,10001,"[0, 100000]","[0, 100000]",0,0,341,341
yolov8x_training,1211.441364,81,203.629,13370.3125,97,1215,10001,"[0, 100000]","[0, 100000]",0,0,2734,10937
yolov8x_training,1212.484142,83,212.485,13370.3125,37,690,10001,"[0, 100000]","[0, 100000]",0,0,6201,101318
yolov8x_training,1213.563555,81,203.900,13370.3125,96,810,10001,"[0, 100000]","[0, 100000]",0,0,16064,292
yolov8x_training,1214.606748,84,201.413,13370.3125,22,2100,10001,"[0, 100000]","[0, 100000]",0,0,3662,12597
yolov8x_training,1215.679286,80,207.377,13370.3125,100,660,10001,"[0, 100000]","[0, 100000]",0,0,14843,24755
yolov8x_training,1216.722564,82,206.979,13370.3125,57,2505,10001,"[0, 100000]","[0, 100000]",0,0,341,341
yolov8x_training,1217.765169,82,209.139,13370.3125,100,690,10001,"[0, 100000]","[0, 100000]",0,0,2832,10498
yolov8x_training,1218.808313,82,201.693,13370.3125,69,2505,10001,"[0, 100000]","[0, 100000]",0,0,5712,101123
yolov8x_training,1219.880812,84,210.111,13370.3125,100,705,10001,"[0, 100000]","[0, 100000]",0,0,1953,292
yolov8x_training,1220.923569,82,203.647,13370.3125,69,795,10001,"[0, 100000]","[0, 100000]",0,0,3515,14843
yolov8x_training,1221.966430,83,213.963,13370.3125,100,720,10001,"[0, 100000]","[0, 100000]",0,0,3417,35498
yolov8x_training,1223.040713,81,204.878,13370.3125,78,810,10001,"[0, 100000]","[0, 100000]",0,0,4931,97558
yolov8x_training,1224.084202,83,201.272,13370.3125,100,1005,10001,"[0, 100000]","[0, 100000]",0,0,2587,13183
yolov8x_training,1225.127036,81,204.049,13370.3125,100,810,10001,"[0, 100000]","[0, 100000]",0,0,341,1039941
yolov8x_training,1226.169838,84,199.345,13370.3125,86,1620,10001,"[0, 100000]","[0, 100000]",0,0,2441,9716
yolov8x_training,1227.230397,84,212.618,13370.3125,100,795,10001,"[0, 100000]","[0, 100000]",0,0,14794,16406
yolov8x_training,1228.273345,83,200.869,13370.3125,84,1530,10001,"[0, 100000]","[0, 100000]",0,0,341,292
yolov8x_training,1229.316088,85,203.744,13370.3125,100,810,10001,"[0, 100000]","[0, 100000]",0,0,2978,12304
yolov8x_training,1230.358932,83,200.785,13370.3125,90,1305,10001,"[0, 100000]","[0, 100000]",0,0,6640,100585
yolov8x_training,1231.436890,85,205.766,13370.3125,100,645,10001,"[0, 100000]","[0, 100000]",0,0,341,341
yolov8x_training,1232.479507,83,204.183,13370.3125,96,675,10001,"[0, 100000]","[0, 100000]",0,0,3613,12695
yolov8x_training,1233.522468,83,209.251,13370.3125,78,690,10001,"[0, 100000]","[0, 100000]",0,0,5419,101660
yolov8x_training,1234.592850,82,201.859,13370.3125,96,705,10001,"[0, 100000]","[0, 100000]",0,0,1123,292
yolov8x_training,1235.635505,82,206.541,13370.3125,62,705,10001,"[0, 100000]","[0, 100000]",0,0,3662,14990
yolov8x_training,1236.678386,83,203.960,13370.3125,95,1335,10001,"[0, 100000]","[0, 100000]",0,0,5126,101464
yolov8x_training,1237.763504,83,203.660,13370.3125,33,765,10001,"[0, 100000]","[0, 100000]",0,0,1123,341
yolov8x_training,1238.806222,83,204.452,13370.3125,96,780,10001,"[0, 100000]","[0, 100000]",0,0,3271,15576
yolov8x_training,1239.850710,83,201.169,13370.3125,41,705,10001,"[0, 100000]","[0, 100000]",0,0,341,292
yolov8x_training,1240.893316,82,184.421,13370.3125,91,2505,10001,"[0, 100000]","[0, 100000]",0,0,292,1041259
yolov8x_training,1241.936533,82,186.819,13370.3125,90,930,10001,"[0, 100000]","[0, 100000]",0,0,4931,23437
yolov8x_training,1242.979871,80,188.843,13370.3125,97,690,10001,"[0, 100000]","[0, 100000]",0,0,2343,10498
yolov8x_training,1244.048124,83,205.193,13370.3125,100,780,10001,"[0, 100000]","[0, 100000]",0,0,14599,28076
yolov8x_training,1245.091103,83,184.032,13370.3125,69,2505,10001,"[0, 100000]","[0, 100000]",0,0,3613,14160
yolov8x_training,1246.134002,83,183.755,13370.3125,91,1252,10001,"[0, 100000]","[0, 100000]",0,0,1806,8984
yolov8x_training,1247.177139,82,200.820,13370.3125,100,960,10001,"[0, 100000]","[0, 100000]",0,0,6591,101318
yolov8x_training,1248.254840,83,201.668,13370.3125,70,795,10001,"[0, 100000]","[0, 100000]",0,0,1171,292
yolov8x_training,1249.297528,82,204.174,13370.3125,100,795,10001,"[0, 100000]","[0, 100000]",0,0,2441,20312
yolov8x_training,1250.340414,83,201.151,13370.3125,79,720,10001,"[0, 100000]","[0, 100000]",0,0,90673,26171
yolov8x_training,1251.427565,81,204.175,13370.3125,100,675,10001,"[0, 100000]","[0, 100000]",0,0,2099,3515
yolov8x_training,1252.470530,83,201.097,13370.3125,81,1050,10001,"[0, 100000]","[0, 100000]",0,0,2929,12548
yolov8x_training,1253.513633,83,214.561,13370.3125,100,660,10001,"[0, 100000]","[0, 100000]",0,0,341,1036523
yolov8x_training,1254.556372,83,203.216,13370.3125,90,1185,10001,"[0, 100000]","[0, 100000]",0,0,2148,9326
yolov8x_training,1255.599200,85,214.871,13370.3125,100,660,10001,"[0, 100000]","[0, 100000]",0,0,11669,23242
yolov8x_training,1256.642074,83,206.193,13370.3125,96,690,10001,"[0, 100000]","[0, 100000]",0,0,341,292
yolov8x_training,1257.684784,83,213.549,13370.3125,81,660,10001,"[0, 100000]","[0, 100000]",0,0,2490,10302
yolov8x_training,1258.754188,80,206.938,13370.3125,95,1005,10001,"[0, 100000]","[0, 100000]",0,0,14843,18994
yolov8x_training,1259.797015,83,205.126,13370.3125,66,720,10001,"[0, 100000]","[0, 100000]",0,0,341,292
yolov8x_training,1260.839602,80,204.396,13370.3125,96,825,10001,"[0, 100000]","[0, 100000]",0,0,2294,10449
yolov8x_training,1261.915451,83,201.759,13370.3125,40,720,10001,"[0, 100000]","[0, 100000]",0,0,14843,16455
yolov8x_training,1262.958394,83,204.780,13370.3125,99,675,10001,"[0, 100000]","[0, 100000]",0,0,341,292
yolov8x_training,1264.001141,83,202.206,13370.3125,22,705,10001,"[0, 100000]","[0, 100000]",0,0,2441,10498
yolov8x_training,1265.081158,84,215.384,13370.3125,100,660,10001,"[0, 100000]","[0, 100000]",0,0,14746,24218
yolov8x_training,1266.123989,83,205.792,13370.3125,100,870,10001,"[0, 100000]","[0, 100000]",0,0,292,292
yolov8x_training,1267.166577,82,205.442,13370.3125,46,765,10001,"[0, 100000]","[0, 100000]",0,0,2490,9375
yolov8x_training,1268.238439,81,204.587,13370.3125,100,795,10001,"[0, 100000]","[0, 100000]",0,0,14941,19921
yolov8x_training,1269.281399,83,202.910,13370.3125,71,1530,10001,"[0, 100000]","[0, 100000]",0,0,341,292
yolov8x_training,1270.324053,81,211.060,13370.3125,100,675,10001,"[0, 100000]","[0, 100000]",0,0,3271,12792
yolov8x_training,1271.367044,84,201.280,13370.3125,6,690,10001,"[0, 100000]","[0, 100000]",0,0,2099,5175
yolov8x_training,1272.410737,83,187.015,13370.3125,0,690,10001,"[0, 100000]","[0, 100000]",0,0,341,292
yolov8x_training,1273.453540,84,180.032,13370.3125,0,2220,10001,"[0, 100000]","[0, 100000]",0,0,292,292
yolov8x_training,1274.496941,83,178.625,13370.3125,20,2505,10001,"[0, 100000]","[0, 100000]",0,0,5761,87109
yolov8x_training,1275.565154,83,180.468,13370.3125,91,1252,10001,"[0, 100000]","[0, 100000]",0,0,3027,11718
yolov8x_training,1276.608330,82,199.104,13370.3125,90,1320,10001,"[0, 100000]","[0, 100000]",0,0,341,292
yolov8x_training,1277.650953,82,205.118,13370.3125,53,930,10001,"[0, 100000]","[0, 100000]",0,0,6445,25439
yolov8x_training,1278.693921,83,191.324,13370.3125,70,1140,10001,"[0, 100000]","[0, 100000]",0,0,341,292
yolov8x_training,1279.736493,84,211.448,13370.3125,100,645,10001,"[0, 100000]","[0, 100000]",0,0,2490,11328
yolov8x_training,1280.779517,81,203.369,13370.3125,87,720,10001,"[0, 100000]","[0, 100000]",0,0,6152,100000
yolov8x_training,1281.861309,83,213.327,13370.3125,100,690,10001,"[0, 100000]","[0, 100000]",0,0,341,292
yolov8x_training,1282.903889,81,203.388,13370.3125,91,750,10001,"[0, 100000]","[0, 100000]",0,0,2978,10156
yolov8x_training,1283.972283,83,216.351,13370.3125,100,2505,10001,"[0, 100000]","[0, 100000]",0,0,14550,17919
yolov8x_training,1285.015316,80,209.580,13370.3125,95,660,10001,"[0, 100000]","[0, 100000]",0,0,341,292
yolov8x_training,1286.058004,83,202.590,13370.3125,48,2505,10001,"[0, 100000]","[0, 100000]",0,0,2441,11474
yolov8x_training,1287.100955,81,210.166,13370.3125,95,660,10001,"[0, 100000]","[0, 100000]",0,0,6005,100683
yolov8x_training,1288.176767,83,201.252,13370.3125,95,2505,10001,"[0, 100000]","[0, 100000]",0,0,341,292
yolov8x_training,1289.219605,82,210.546,13370.3125,51,660,10001,"[0, 100000]","[0, 100000]",0,0,3564,14453
yolov8x_training,1290.262341,81,205.250,13370.3125,97,780,10001,"[0, 100000]","[0, 100000]",0,0,3271,36816
yolov8x_training,1291.337171,84,213.254,13370.3125,31,660,10001,"[0, 100000]","[0, 100000]",0,0,781,292
yolov8x_training,1292.380289,81,204.043,13370.3125,96,915,10001,"[0, 100000]","[0, 100000]",0,0,2490,19335
yolov8x_training,1293.423115,84,213.230,13370.3125,22,2220,10001,"[0, 100000]","[0, 100000]",0,0,89062,17675
yolov8x_training,1294.466695,81,202.933,13370.3125,96,675,10001,"[0, 100000]","[0, 100000]",0,0,2294,9082
yolov8x_training,1295.513718,84,201.638,13370.3125,37,2130,10001,"[0, 100000]","[0, 100000]",0,0,14599,23632
yolov8x_training,1296.556605,81,205.059,13370.3125,99,600,10001,"[0, 100000]","[0, 100000]",0,0,292,292
yolov8x_training,1297.599208,84,204.949,13370.3125,14,1252,10001,"[0, 100000]","[0, 100000]",0,0,2148,11572
yolov8x_training,1298.659103,80,207.005,13370.3125,100,645,10001,"[0, 100000]","[0, 100000]",0,0,14746,24804
yolov8x_training,1299.702259,83,206.045,13370.3125,46,1065,10001,"[0, 100000]","[0, 100000]",0,0,341,292
yolov8x_training,1300.744854,81,210.213,13370.3125,100,615,10001,"[0, 100000]","[0, 100000]",0,0,3613,17138
yolov8x_training,1301.787935,83,193.376,13370.3125,33,2295,10001,"[0, 100000]","[0, 100000]",0,0,341,1030908
yolov8x_training,1302.830535,84,215.087,13370.3125,97,660,10001,"[0, 100000]","[0, 100000]",0,0,2001,9179
yolov8x_training,1303.873425,83,207.530,13370.3125,17,2505,10001,"[0, 100000]","[0, 100000]",0,0,4248,16308
yolov8x_training,1304.916313,83,209.351,13370.3125,100,1575,10001,"[0, 100000]","[0, 100000]",0,0,341,292
yolov8x_training,1305.958951,83,203.986,13370.3125,51,645,10001,"[0, 100000]","[0, 100000]",0,0,2441,9423
yolov8x_training,1307.013029,82,202.468,13370.3125,100,2160,10001,"[0, 100000]","[0, 100000]",0,0,14892,25683
yolov8x_training,1308.056111,81,205.376,13370.3125,79,645,10001,"[0, 100000]","[0, 100000]",0,0,341,292
yolov8x_training,1309.098978,84,200.993,13370.3125,100,2535,10001,"[0, 100000]","[0, 100000]",0,0,2685,11328
yolov8x_training,1310.177037,80,215.944,13370.3125,100,645,10001,"[0, 100000]","[0, 100000]",0,0,14941,17333
yolov8x_training,1311.219952,83,203.476,13370.3125,96,1252,10001,"[0, 100000]","[0, 100000]",0,0,341,292
yolov8x_training,1312.262512,82,215.684,13370.3125,61,630,10001,"[0, 100000]","[0, 100000]",0,0,2294,11572
yolov8x_training,1313.329064,83,203.286,13370.3125,96,1080,10001,"[0, 100000]","[0, 100000]",0,0,14941,26025
yolov8x_training,1314.371994,82,211.422,13370.3125,51,660,10001,"[0, 100000]","[0, 100000]",0,0,341,341
yolov8x_training,1315.414773,82,202.538,13370.3125,97,630,10001,"[0, 100000]","[0, 100000]",0,0,2734,10839
yolov8x_training,1316.458057,83,212.727,13370.3125,77,2325,10001,"[0, 100000]","[0, 100000]",0,0,5468,100146
yolov8x_training,1317.530608,81,202.306,13370.3125,100,645,10001,"[0, 100000]","[0, 100000]",0,0,1171,292
yolov8x_training,1318.573360,83,201.395,13370.3125,75,2310,10001,"[0, 100000]","[0, 100000]",0,0,2539,20751
yolov8x_training,1319.616238,82,204.814,13370.3125,100,615,10001,"[0, 100000]","[0, 100000]",0,0,90087,24511
yolov8x_training,1320.705533,84,203.684,13370.3125,86,2280,10001,"[0, 100000]","[0, 100000]",0,0,1708,2880
yolov8x_training,1321.748923,85,209.772,13370.3125,100,660,10001,"[0, 100000]","[0, 100000]",0,0,2539,18115
yolov8x_training,1322.792371,83,202.696,13370.3125,84,2445,10001,"[0, 100000]","[0, 100000]",0,0,390,1039648
yolov8x_training,1323.835091,85,211.240,13370.3125,100,660,10001,"[0, 100000]","[0, 100000]",0,0,2148,7910
yolov8x_training,1324.878084,83,205.275,13370.3125,96,2505,10001,"[0, 100000]","[0, 100000]",0,0,4833,24658
yolov8x_training,1325.921023,84,214.427,13370.3125,96,1170,10001,"[0, 100000]","[0, 100000]",0,0,292,1017041
yolov8x_training,1326.963525,82,206.664,13370.3125,96,795,10001,"[0, 100000]","[0, 100000]",0,0,2099,10058
yolov8x_training,1328.032559,83,203.849,13370.3125,66,1665,10001,"[0, 100000]","[0, 100000]",0,0,15136,21728
yolov8x_training,1329.076069,83,211.341,13370.3125,96,675,10001,"[0, 100000]","[0, 100000]",0,0,292,292
yolov8x_training,1330.118647,84,205.699,13370.3125,95,2295,10001,"[0, 100000]","[0, 100000]",0,0,2441,9814
yolov8x_training,1331.197938,81,212.669,13370.3125,28,630,10001,"[0, 100000]","[0, 100000]",0,0,15185,17041
yolov8x_training,1332.241115,83,204.493,13370.3125,96,2280,10001,"[0, 100000]","[0, 100000]",0,0,341,292
yolov8x_training,1333.283967,81,208.973,13370.3125,42,630,10001,"[0, 100000]","[0, 100000]",0,0,2294,17724
yolov8x_training,1334.326843,84,203.660,13370.3125,96,2205,10001,"[0, 100000]","[0, 100000]",0,0,90087,27783
yolov8x_training,1335.412937,81,212.396,13370.3125,43,660,10001,"[0, 100000]","[0, 100000]",0,0,1855,2392
yolov8x_training,1336.456547,84,202.816,13370.3125,96,855,10001,"[0, 100000]","[0, 100000]",0,0,3759,10449
yolov8x_training,1337.499936,82,212.253,13370.3125,40,690,10001,"[0, 100000]","[0, 100000]",0,0,341,1039550
yolov8x_training,1338.542881,83,211.476,13370.3125,97,705,10001,"[0, 100000]","[0, 100000]",0,0,2197,10449
yolov8x_training,1339.603714,83,202.559,13370.3125,30,645,10001,"[0, 100000]","[0, 100000]",0,0,14843,22363
yolov8x_training,1340.646653,84,197.366,13370.3125,94,2505,10001,"[0, 100000]","[0, 100000]",0,0,1806,3369
yolov8x_training,1341.689713,83,187.213,13370.3125,100,2370,10001,"[0, 100000]","[0, 100000]",0,0,341,292
yolov8x_training,1342.732935,82,201.948,13370.3125,100,630,10001,"[0, 100000]","[0, 100000]",0,0,4052,16406
yolov8x_training,1343.775922,83,204.188,13370.3125,59,2400,10001,"[0, 100000]","[0, 100000]",0,0,341,292
yolov8x_training,1344.818579,80,209.449,13370.3125,100,660,10001,"[0, 100000]","[0, 100000]",0,0,2343,10449
yolov8x_training,1345.897053,83,205.020,13370.3125,67,2490,10001,"[0, 100000]","[0, 100000]",0,0,14697,23242
yolov8x_training,1346.939938,83,212.911,13370.3125,100,690,10001,"[0, 100000]","[0, 100000]",0,0,292,292
yolov8x_training,1347.982535,83,204.007,13370.3125,90,690,10001,"[0, 100000]","[0, 100000]",0,0,3125,12890
yolov8x_training,1349.062166,85,203.392,13370.3125,100,705,10001,"[0, 100000]","[0, 100000]",0,0,14746,24414
yolov8x_training,1350.105118,83,206.495,13370.3125,95,840,10001,"[0, 100000]","[0, 100000]",0,0,341,292
yolov8x_training,1351.147720,84,205.732,13370.3125,96,1800,10001,"[0, 100000]","[0, 100000]",0,0,2587,9130
yolov8x_training,1352.229000,80,208.779,13370.3125,61,645,10001,"[0, 100000]","[0, 100000]",0,0,14892,18261
yolov8x_training,1353.271906,84,204.208,13370.3125,96,2175,10001,"[0, 100000]","[0, 100000]",0,0,341,292
yolov8x_training,1354.314494,80,210.303,13370.3125,60,630,10001,"[0, 100000]","[0, 100000]",0,0,3369,12597
yolov8x_training,1355.394840,83,205.114,13370.3125,96,2460,10001,"[0, 100000]","[0, 100000]",0,0,14892,23046
yolov8x_training,1356.437709,82,212.871,13370.3125,37,660,10001,"[0, 100000]","[0, 100000]",0,0,341,292
yolov8x_training,1357.480331,83,204.233,13370.3125,96,690,10001,"[0, 100000]","[0, 100000]",0,0,3173,12841
yolov8x_training,1358.523218,84,199.891,13370.3125,24,690,10001,"[0, 100000]","[0, 100000]",0,0,4736,100341
yolov8x_training,1359.610842,84,214.537,13370.3125,96,840,10001,"[0, 100000]","[0, 100000]",0,0,488,292
yolov8x_training,1360.653510,84,201.470,13370.3125,17,720,10001,"[0, 100000]","[0, 100000]",0,0,3417,13378
yolov8x_training,1361.732221,80,220.350,13370.3125,100,705,10001,"[0, 100000]","[0, 100000]",0,0,14843,25292
yolov8x_training,1362.775144,84,204.437,13370.3125,38,2145,10001,"[0, 100000]","[0, 100000]",0,0,341,292
yolov8x_training,1363.817791,80,211.647,13370.3125,100,645,10001,"[0, 100000]","[0, 100000]",0,0,2294,10205
yolov8x_training,1364.894410,84,206.042,13370.3125,73,2505,10001,"[0, 100000]","[0, 100000]",0,0,14843,24902
yolov8x_training,1365.937231,82,209.146,13370.3125,100,675,10001,"[0, 100000]","[0, 100000]",0,0,341,292
yolov8x_training,1366.979858,83,203.740,13370.3125,86,690,10001,"[0, 100000]","[0, 100000]",0,0,3173,14013
yolov8x_training,1368.022824,84,200.455,13370.3125,100,675,10001,"[0, 100000]","[0, 100000]",0,0,5468,100878
yolov8x_training,1369.106465,84,214.581,13370.3125,90,1185,10001,"[0, 100000]","[0, 100000]",0,0,390,292
yolov8x_training,1370.149086,84,204.605,13370.3125,96,1245,10001,"[0, 100000]","[0, 100000]",0,0,2587,8740
yolov8x_training,1371.220294,80,207.773,13370.3125,63,660,10001,"[0, 100000]","[0, 100000]",0,0,14990,17138
yolov8x_training,1372.263189,84,204.716,13370.3125,96,1755,10001,"[0, 100000]","[0, 100000]",0,0,341,292
yolov8x_training,1373.305809,80,214.648,13370.3125,49,675,10001,"[0, 100000]","[0, 100000]",0,0,2343,10351
yolov8x_training,1374.373869,84,204.735,13370.3125,97,2505,10001,"[0, 100000]","[0, 100000]",0,0,14746,20898
yolov8x_training,1375.416746,84,214.657,13370.3125,25,675,10001,"[0, 100000]","[0, 100000]",0,0,341,292
yolov8x_training,1376.459335,84,202.556,13370.3125,100,705,10001,"[0, 100000]","[0, 100000]",0,0,2490,17822
yolov8x_training,1377.502529,85,215.162,13370.3125,18,705,10001,"[0, 100000]","[0, 100000]",0,0,6494,100732
yolov8x_training,1378.579010,83,213.567,13370.3125,100,1260,10001,"[0, 100000]","[0, 100000]",0,0,1074,292
yolov8x_training,1379.621978,84,207.700,13370.3125,39,930,10001,"[0, 100000]","[0, 100000]",0,0,3173,11669
yolov8x_training,1380.665094,83,211.057,13370.3125,100,645,10001,"[0, 100000]","[0, 100000]",0,0,6005,99755
yolov8x_training,1381.738931,84,202.686,13370.3125,44,2190,10001,"[0, 100000]","[0, 100000]",0,0,341,292
yolov8x_training,1382.781517,81,210.778,13370.3125,100,675,10001,"[0, 100000]","[0, 100000]",0,0,3369,12646
yolov8x_training,1383.824409,84,203.634,13370.3125,70,2490,10001,"[0, 100000]","[0, 100000]",0,0,4541,101416
yolov8x_training,1384.907387,81,211.565,13370.3125,100,615,10001,"[0, 100000]","[0, 100000]",0,0,488,341
yolov8x_training,1385.950332,83,208.954,13370.3125,91,675,10001,"[0, 100000]","[0, 100000]",0,0,2197,10351
yolov8x_training,1386.993287,85,212.537,13370.3125,71,2505,10001,"[0, 100000]","[0, 100000]",0,0,4345,29394
yolov8x_training,1388.036061,81,215.035,13370.3125,97,690,10001,"[0, 100000]","[0, 100000]",0,0,341,292
yolov8x_training,1389.078611,84,202.444,13370.3125,17,2505,10001,"[0, 100000]","[0, 100000]",0,0,2783,10937
yolov8x_training,1390.121368,81,213.799,13370.3125,97,705,10001,"[0, 100000]","[0, 100000]",0,0,5810,101220
yolov8x_training,1391.202125,84,203.211,13370.3125,97,2505,10001,"[0, 100000]","[0, 100000]",0,0,488,292
yolov8x_training,1392.244843,85,215.914,13370.3125,16,645,10001,"[0, 100000]","[0, 100000]",0,0,3417,12988
yolov8x_training,1393.330992,83,206.176,13370.3125,100,915,10001,"[0, 100000]","[0, 100000]",0,0,14648,21337
yolov8x_training,1394.373993,84,213.420,13370.3125,38,630,10001,"[0, 100000]","[0, 100000]",0,0,341,292
yolov8x_training,1395.416564,83,205.085,13370.3125,100,675,10001,"[0, 100000]","[0, 100000]",0,0,2343,10400
yolov8x_training,1396.481525,84,200.039,13370.3125,80,1252,10001,"[0, 100000]","[0, 100000]",0,0,14794,24707
yolov8x_training,1397.524485,81,213.520,13370.3125,100,675,10001,"[0, 100000]","[0, 100000]",0,0,341,292
yolov8x_training,1398.567145,84,202.732,13370.3125,96,1500,10001,"[0, 100000]","[0, 100000]",0,0,2539,9326
yolov8x_training,1399.640434,81,214.569,13370.3125,100,675,10001,"[0, 100000]","[0, 100000]",0,0,14941,26416
yolov8x_training,1400.683473,85,206.342,13370.3125,96,675,10001,"[0, 100000]","[0, 100000]",0,0,341,292
yolov8x_training,1401.726206,84,205.889,13370.3125,47,675,10001,"[0, 100000]","[0, 100000]",0,0,2294,10791
yolov8x_training,1402.778884,83,204.168,13370.3125,96,720,10001,"[0, 100000]","[0, 100000]",0,0,14746,18896
yolov8x_training,1403.821732,84,203.192,13370.3125,41,675,10001,"[0, 100000]","[0, 100000]",0,0,341,292
yolov8x_training,1404.864364,82,204.491,13370.3125,96,1215,10001,"[0, 100000]","[0, 100000]",0,0,3076,13330
yolov8x_training,1405.907486,84,200.912,13370.3125,25,720,10001,"[0, 100000]","[0, 100000]",0,0,6152,100244
yolov8x_training,1406.980275,85,205.285,13370.3125,100,690,10001,"[0, 100000]","[0, 100000]",0,0,292,341
yolov8x_training,1408.022930,83,211.514,13370.3125,44,690,10001,"[0, 100000]","[0, 100000]",0,0,2343,10156
yolov8x_training,1409.099147,83,203.970,13370.3125,100,675,10001,"[0, 100000]","[0, 100000]",0,0,14794,25732
yolov8x_training,1410.142186,83,204.135,13370.3125,100,690,10001,"[0, 100000]","[0, 100000]",0,0,341,292
yolov8x_training,1411.185184,84,203.476,13370.3125,71,720,10001,"[0, 100000]","[0, 100000]",0,0,3076,10937
yolov8x_training,1412.256109,85,204.586,13370.3125,100,930,10001,"[0, 100000]","[0, 100000]",0,0,14843,23779
yolov8x_training,1413.298959,84,201.053,13370.3125,82,705,10001,"[0, 100000]","[0, 100000]",0,0,585,292
yolov8x_training,1414.341918,85,204.594,13370.3125,100,795,10001,"[0, 100000]","[0, 100000]",0,0,3173,12841
yolov8x_training,1415.417168,83,206.934,13370.3125,94,1860,10001,"[0, 100000]","[0, 100000]",0,0,14794,25927
yolov8x_training,1416.460114,82,208.914,13370.3125,62,675,10001,"[0, 100000]","[0, 100000]",0,0,341,1028320
yolov8x_training,1417.502871,82,207.551,13370.3125,97,825,10001,"[0, 100000]","[0, 100000]",0,0,2050,10107
yolov8x_training,1418.567813,84,199.887,13370.3125,28,705,10001,"[0, 100000]","[0, 100000]",0,0,14941,22216
yolov8x_training,1419.610650,81,215.166,13370.3125,96,945,10001,"[0, 100000]","[0, 100000]",0,0,341,292
yolov8x_training,1420.653282,84,201.241,13370.3125,18,765,10001,"[0, 100000]","[0, 100000]",0,0,3417,12744
yolov8x_training,1421.696192,82,210.852,13370.3125,97,1245,10001,"[0, 100000]","[0, 100000]",0,0,3417,33447
yolov8x_training,1422.776835,84,201.226,13370.3125,42,675,10001,"[0, 100000]","[0, 100000]",0,0,1611,1416
yolov8x_training,1423.819847,82,211.949,13370.3125,97,1170,10001,"[0, 100000]","[0, 100000]",0,0,2685,11083
yolov8x_training,1424.862853,84,202.242,13370.3125,33,735,10001,"[0, 100000]","[0, 100000]",0,0,88964,18750
yolov8x_training,1425.905713,83,223.602,13370.3125,100,585,10001,"[0, 100000]","[0, 100000]",0,0,1513,537
yolov8x_training,1426.948939,82,202.897,13370.3125,57,1200,10001,"[0, 100000]","[0, 100000]",0,0,2343,17919
yolov8x_training,1427.992852,83,211.724,13370.3125,100,720,10001,"[0, 100000]","[0, 100000]",0,0,89160,18359
yolov8x_training,1429.036043,83,203.368,13370.3125,68,1245,10001,"[0, 100000]","[0, 100000]",0,0,2294,8105
yolov8x_training,1430.089147,84,200.597,13370.3125,100,915,10001,"[0, 100000]","[0, 100000]",0,0,14697,21728
yolov8x_training,1431.132056,82,203.419,13370.3125,100,795,10001,"[0, 100000]","[0, 100000]",0,0,292,292
yolov8x_training,1432.174754,84,201.040,13370.3125,81,750,10001,"[0, 100000]","[0, 100000]",0,0,2880,10449
yolov8x_training,1433.217707,81,204.398,13370.3125,100,795,10001,"[0, 100000]","[0, 100000]",0,0,6347,100195
yolov8x_training,1434.297020,84,201.097,13370.3125,90,1500,10001,"[0, 100000]","[0, 100000]",0,0,292,292
yolov8x_training,1435.339656,83,204.245,13370.3125,100,810,10001,"[0, 100000]","[0, 100000]",0,0,2441,21093
yolov8x_training,1436.382743,84,200.425,13370.3125,93,1605,10001,"[0, 100000]","[0, 100000]",0,0,89990,23144
yolov8x_training,1437.470642,84,203.304,13370.3125,100,645,10001,"[0, 100000]","[0, 100000]",0,0,1416,439
yolov8x_training,1438.513583,84,201.363,13370.3125,83,930,10001,"[0, 100000]","[0, 100000]",0,0,2587,21923
yolov8x_training,1439.556876,84,212.051,13370.3125,100,660,10001,"[0, 100000]","[0, 100000]",0,0,2978,36962
yolov8x_training,1440.633296,83,204.692,13370.3125,96,690,10001,"[0, 100000]","[0, 100000]",0,0,341,292
yolov8x_training,1441.675954,82,206.095,13370.3125,58,675,10001,"[0, 100000]","[0, 100000]",0,0,3613,12548
yolov8x_training,1442.718971,83,209.646,13370.3125,96,1035,10001,"[0, 100000]","[0, 100000]",0,0,3417,34521
yolov8x_training,1443.792805,84,202.081,13370.3125,46,705,10001,"[0, 100000]","[0, 100000]",0,0,1123,341
yolov8x_training,1444.835629,81,203.946,13370.3125,96,1125,10001,"[0, 100000]","[0, 100000]",0,0,2685,14013
yolov8x_training,1445.878865,84,201.708,13370.3125,42,720,10001,"[0, 100000]","[0, 100000]",0,0,46630,352978
yolov8x_training,1446.921818,84,206.136,13370.3125,96,1245,10001,"[0, 100000]","[0, 100000]",0,0,2001,9228
yolov8x_training,1447.965035,84,200.814,13370.3125,17,705,10001,"[0, 100000]","[0, 100000]",0,0,4101,18164
yolov8x_training,1449.007941,84,205.504,13370.3125,100,645,10001,"[0, 100000]","[0, 100000]",0,0,341,292
yolov8x_training,1450.050524,83,208.258,13370.3125,13,1245,10001,"[0, 100000]","[0, 100000]",0,0,1855,9277
yolov8x_training,1451.093467,83,202.298,13370.3125,100,705,10001,"[0, 100000]","[0, 100000]",0,0,4199,15185
yolov8x_training,1452.136838,81,205.347,13370.3125,100,795,10001,"[0, 100000]","[0, 100000]",0,0,292,292
yolov8x_training,1453.179771,84,201.303,13370.3125,86,1500,10001,"[0, 100000]","[0, 100000]",0,0,2441,11328
yolov8x_training,1454.257241,84,203.360,13370.3125,100,795,10001,"[0, 100000]","[0, 100000]",0,0,14990,16064
yolov8x_training,1455.300447,84,200.445,13370.3125,96,1995,10001,"[0, 100000]","[0, 100000]",0,0,341,341
yolov8x_training,1456.343098,84,204.134,13370.3125,100,675,10001,"[0, 100000]","[0, 100000]",0,0,2832,10205
yolov8x_training,1457.386059,84,199.764,13370.3125,92,1890,10001,"[0, 100000]","[0, 100000]",0,0,5468,101220
yolov8x_training,1458.461906,85,204.653,13370.3125,96,645,10001,"[0, 100000]","[0, 100000]",0,0,5273,292
yolov8x_training,1459.504640,83,206.078,13370.3125,96,690,10001,"[0, 100000]","[0, 100000]",0,0,2832,10498
yolov8x_training,1460.583202,84,203.614,13370.3125,73,675,10001,"[0, 100000]","[0, 100000]",0,0,14794,22412
yolov8x_training,1461.626424,82,211.399,13370.3125,97,810,10001,"[0, 100000]","[0, 100000]",0,0,341,292
yolov8x_training,1462.669258,84,201.339,13370.3125,40,720,10001,"[0, 100000]","[0, 100000]",0,0,3271,12255
yolov8x_training,1463.712105,82,204.707,13370.3125,97,885,10001,"[0, 100000]","[0, 100000]",0,0,5957,101025
yolov8x_training,1464.783505,83,204.615,13370.3125,25,2175,10001,"[0, 100000]","[0, 100000]",0,0,341,292
yolov8x_training,1465.826120,83,212.112,13370.3125,100,675,10001,"[0, 100000]","[0, 100000]",0,0,2197,8837
yolov8x_training,1466.869541,83,203.884,13370.3125,78,2505,10001,"[0, 100000]","[0, 100000]",0,0,14941,17529
yolov8x_training,1467.912343,84,210.651,13370.3125,100,675,10001,"[0, 100000]","[0, 100000]",0,0,341,292
yolov8x_training,1468.954934,81,204.104,13370.3125,77,735,10001,"[0, 100000]","[0, 100000]",0,0,2441,11718
yolov8x_training,1470.022208,84,215.623,13370.3125,100,2475,10001,"[0, 100000]","[0, 100000]",0,0,14941,26025
yolov8x_training,1471.065379,80,212.839,13370.3125,96,645,10001,"[0, 100000]","[0, 100000]",0,0,341,1030712
yolov8x_training,1472.108198,84,204.861,13370.3125,54,720,10001,"[0, 100000]","[0, 100000]",0,0,2050,8593
yolov8x_training,1473.151161,83,214.545,13370.3125,23,660,10001,"[0, 100000]","[0, 100000]",0,0,13134,21435
yolov8x_training,1474.194057,83,209.236,13370.3125,100,1095,10001,"[0, 100000]","[0, 100000]",0,0,341,1031005
yolov8x_training,1475.237149,84,208.876,13370.3125,71,1575,10001,"[0, 100000]","[0, 100000]",0,0,2050,5761
yolov8x_training,1476.280298,83,204.746,13370.3125,100,795,10001,"[0, 100000]","[0, 100000]",0,0,3955,14843
yolov8x_training,1477.323138,84,200.511,13370.3125,90,2160,10001,"[0, 100000]","[0, 100000]",0,0,341,292
yolov8x_training,1478.365719,83,203.866,13370.3125,100,675,10001,"[0, 100000]","[0, 100000]",0,0,2587,11279
yolov8x_training,1479.450005,84,201.259,13370.3125,78,735,10001,"[0, 100000]","[0, 100000]",0,0,14843,15625
yolov8x_training,1480.493052,85,204.533,13370.3125,100,660,10001,"[0, 100000]","[0, 100000]",0,0,341,341
yolov8x_training,1481.535641,84,203.260,13370.3125,96,690,10001,"[0, 100000]","[0, 100000]",0,0,2490,11230
yolov8x_training,1482.594425,84,208.243,13370.3125,94,675,10001,"[0, 100000]","[0, 100000]",0,0,14941,25585
yolov8x_training,1483.637274,83,206.842,13370.3125,96,840,10001,"[0, 100000]","[0, 100000]",0,0,341,292
yolov8x_training,1484.679970,82,203.473,13370.3125,59,1275,10001,"[0, 100000]","[0, 100000]",0,0,2441,11914
yolov8x_training,1485.758823,82,204.965,13370.3125,97,765,10001,"[0, 100000]","[0, 100000]",0,0,14990,24707
yolov8x_training,1486.801795,84,201.543,13370.3125,30,2025,10001,"[0, 100000]","[0, 100000]",0,0,341,292
yolov8x_training,1487.844446,84,204.138,13370.3125,96,690,10001,"[0, 100000]","[0, 100000]",0,0,3564,13134
yolov8x_training,1488.887341,84,202.216,13370.3125,23,1875,10001,"[0, 100000]","[0, 100000]",0,0,6005,100537
yolov8x_training,1489.964916,85,206.126,13370.3125,98,645,10001,"[0, 100000]","[0, 100000]",0,0,15966,292
yolov8x_training,1491.008618,83,199.125,13370.3125,21,690,10001,"[0, 100000]","[0, 100000]",0,0,3271,12304
yolov8x_training,1492.094302,84,213.901,13370.3125,100,675,10001,"[0, 100000]","[0, 100000]",0,0,14794,26074
yolov8x_training,1493.137337,83,206.953,13370.3125,37,795,10001,"[0, 100000]","[0, 100000]",0,0,341,292
yolov8x_training,1494.179938,82,203.445,13370.3125,64,945,10001,"[0, 100000]","[0, 100000]",0,0,2441,11328
yolov8x_training,1495.257973,82,205.317,13370.3125,100,795,10001,"[0, 100000]","[0, 100000]",0,0,14990,17138
yolov8x_training,1496.300889,84,201.493,13370.3125,92,2145,10001,"[0, 100000]","[0, 100000]",0,0,341,292
yolov8x_training,1497.343507,85,204.418,13370.3125,100,660,10001,"[0, 100000]","[0, 100000]",0,0,2783,10156
yolov8x_training,1498.386454,84,201.591,13370.3125,90,2295,10001,"[0, 100000]","[0, 100000]",0,0,5664,100097
yolov8x_training,1499.454260,83,211.117,13370.3125,44,780,10001,"[0, 100000]","[0, 100000]",0,0,292,292
yolov8x_training,1500.496919,83,202.125,13370.3125,95,840,10001,"[0, 100000]","[0, 100000]",0,0,2343,9082
yolov8x_training,1501.540004,85,202.763,13370.3125,44,2220,10001,"[0, 100000]","[0, 100000]",0,0,13720,20312
yolov8x_training,1502.583090,81,206.811,13370.3125,100,675,10001,"[0, 100000]","[0, 100000]",0,0,341,292
yolov8x_training,1503.625704,84,203.526,13370.3125,14,2505,10001,"[0, 100000]","[0, 100000]",0,0,2294,11425
yolov8x_training,1504.691978,80,214.694,13370.3125,100,660,10001,"[0, 100000]","[0, 100000]",0,0,14794,26562
yolov8x_training,1505.734995,84,209.706,13370.3125,39,945,10001,"[0, 100000]","[0, 100000]",0,0,292,292
yolov8x_training,1506.777626,82,206.631,13370.3125,100,690,10001,"[0, 100000]","[0, 100000]",0,0,2685,11035
yolov8x_training,1507.820623,83,204.116,13370.3125,59,2505,10001,"[0, 100000]","[0, 100000]",0,0,5810,99267
yolov8x_training,1508.890479,85,210.238,13370.3125,100,630,10001,"[0, 100000]","[0, 100000]",0,0,2734,292
yolov8x_training,1509.933232,82,204.652,13370.3125,70,705,10001,"[0, 100000]","[0, 100000]",0,0,3466,15332
yolov8x_training,1510.976073,84,213.573,13370.3125,100,1920,10001,"[0, 100000]","[0, 100000]",0,0,4052,100634
yolov8x_training,1512.068813,81,203.099,13370.3125,86,660,10001,"[0, 100000]","[0, 100000]",0,0,19433,488
yolov8x_training,1513.111639,82,201.641,13370.3125,100,2160,10001,"[0, 100000]","[0, 100000]",0,0,2441,18164
yolov8x_training,1514.154966,82,204.761,13370.3125,100,645,10001,"[0, 100000]","[0, 100000]",0,0,88476,15136
yolov8x_training,1515.198223,84,199.845,13370.3125,85,2310,10001,"[0, 100000]","[0, 100000]",0,0,2099,9179
yolov8x_training,1516.241103,82,204.540,13370.3125,100,630,10001,"[0, 100000]","[0, 100000]",0,0,6005,25195
yolov8x_training,1517.284106,84,202.071,13370.3125,90,2505,10001,"[0, 100000]","[0, 100000]",0,0,341,292
yolov8x_training,1518.326720,84,204.855,13370.3125,100,660,10001,"[0, 100000]","[0, 100000]",0,0,2685,10986
yolov8x_training,1519.385578,83,202.769,13370.3125,96,2505,10001,"[0, 100000]","[0, 100000]",0,0,14843,28125
yolov8x_training,1520.428636,84,209.659,13370.3125,67,660,10001,"[0, 100000]","[0, 100000]",0,0,341,292
yolov8x_training,1521.471351,83,203.629,13370.3125,95,660,10001,"[0, 100000]","[0, 100000]",0,0,2539,11328
yolov8x_training,1522.555774,83,200.953,13370.3125,54,2130,10001,"[0, 100000]","[0, 100000]",0,0,14746,18798
yolov8x_training,1523.598579,82,210.542,13370.3125,96,645,10001,"[0, 100000]","[0, 100000]",0,0,341,292
yolov8x_training,1524.641186,83,202.119,13370.3125,41,2190,10001,"[0, 100000]","[0, 100000]",0,0,2636,11279
yolov8x_training,1525.684131,83,204.078,13370.3125,95,660,10001,"[0, 100000]","[0, 100000]",0,0,6201,99755
yolov8x_training,1526.764993,84,199.512,13370.3125,27,2280,10001,"[0, 100000]","[0, 100000]",0,0,439,341
yolov8x_training,1527.807816,85,204.694,13370.3125,97,645,10001,"[0, 100000]","[0, 100000]",0,0,3515,14843
yolov8x_training,1528.850952,84,201.444,13370.3125,31,2490,10001,"[0, 100000]","[0, 100000]",0,0,6347,99804
yolov8x_training,1529.930705,84,208.524,13370.3125,100,690,10001,"[0, 100000]","[0, 100000]",0,0,390,292
yolov8x_training,1530.973291,83,205.224,13370.3125,96,795,10001,"[0, 100000]","[0, 100000]",0,0,2490,11181
yolov8x_training,1532.016209,84,210.090,13370.3125,77,1575,10001,"[0, 100000]","[0, 100000]",0,0,5517,98291
yolov8x_training,1533.088310,83,206.457,13370.3125,95,675,10001,"[0, 100000]","[0, 100000]",0,0,341,292
yolov8x_training,1534.130904,84,204.333,13370.3125,43,2370,10001,"[0, 100000]","[0, 100000]",0,0,3466,13281
yolov8x_training,1535.173658,82,216.032,13370.3125,12,660,10001,"[0, 100000]","[0, 100000]",0,0,5664,99267
yolov8x_training,1536.240654,84,201.895,13370.3125,100,2505,10001,"[0, 100000]","[0, 100000]",0,0,878,292
yolov8x_training,1537.283360,85,215.528,13370.3125,16,660,10001,"[0, 100000]","[0, 100000]",0,0,3466,15039
yolov8x_training,1538.326221,84,201.177,13370.3125,100,2505,10001,"[0, 100000]","[0, 100000]",0,0,90722,36523
yolov8x_training,1539.390956,84,215.875,13370.3125,37,630,10001,"[0, 100000]","[0, 100000]",0,0,1123,341
yolov8x_training,1540.433640,83,205.218,13370.3125,100,765,10001,"[0, 100000]","[0, 100000]",0,0,3515,15966
yolov8x_training,1541.476657,83,203.452,13370.3125,65,2115,10001,"[0, 100000]","[0, 100000]",0,0,4150,30224
yolov8x_training,1542.542661,82,205.341,13370.3125,100,645,10001,"[0, 100000]","[0, 100000]",0,0,1611,2197
yolov8x_training,1543.585475,84,204.994,13370.3125,90,2520,10001,"[0, 100000]","[0, 100000]",0,0,2490,20361
yolov8x_training,1544.628401,81,214.339,13370.3125,100,630,10001,"[0, 100000]","[0, 100000]",0,0,89208,20263
yolov8x_training,1545.671875,84,204.052,13370.3125,95,2505,10001,"[0, 100000]","[0, 100000]",0,0,2197,7324
yolov8x_training,1546.726490,81,213.989,13370.3125,100,645,10001,"[0, 100000]","[0, 100000]",0,0,15039,16748
yolov8x_training,1547.769336,84,203.260,13370.3125,74,2265,10001,"[0, 100000]","[0, 100000]",0,0,341,292
yolov8x_training,1548.812232,84,215.015,13370.3125,100,675,10001,"[0, 100000]","[0, 100000]",0,0,3222,13964
yolov8x_training,1549.863476,84,203.542,13370.3125,90,2505,10001,"[0, 100000]","[0, 100000]",0,0,14208,24121
yolov8x_training,1550.906481,80,212.962,13370.3125,67,780,10001,"[0, 100000]","[0, 100000]",0,0,2685,20019
yolov8x_training,1551.949671,80,191.667,13370.3125,26,630,10001,"[0, 100000]","[0, 100000]",0,0,2050,6250
yolov8x_training,1552.993410,80,185.316,13370.3125,0,615,10001,"[0, 100000]","[0, 100000]",0,0,488,292
yolov8x_training,1554.036405,85,180.974,13370.3125,0,675,10001,"[0, 100000]","[0, 100000]",0,0,341,292
yolov8x_training,1555.079599,84,174.512,13370.3125,0,675,10001,"[0, 100000]","[0, 100000]",0,0,341,1038525
yolov8x_training,1556.122426,82,173.929,13370.3125,30,1680,10001,"[0, 100000]","[0, 100000]",0,0,5615,95019
yolov8x_training,1557.193460,83,209.331,13370.3125,100,690,10001,"[0, 100000]","[0, 100000]",0,0,341,292
yolov8x_training,1558.236177,81,202.574,13370.3125,73,660,10001,"[0, 100000]","[0, 100000]",0,0,2539,10839
yolov8x_training,1559.317272,80,208.013,13370.3125,100,1320,10001,"[0, 100000]","[0, 100000]",0,0,14746,20898
yolov8x_training,1560.360159,84,203.878,13370.3125,95,705,10001,"[0, 100000]","[0, 100000]",0,0,341,497167
yolov8x_training,1561.402928,80,207.524,13370.3125,79,765,10001,"[0, 100000]","[0, 100000]",0,0,2441,11767
yolov8x_training,1562.469506,84,206.078,13370.3125,96,705,10001,"[0, 100000]","[0, 100000]",0,0,14941,23095
yolov8x_training,1563.512506,82,210.579,13370.3125,42,660,10001,"[0, 100000]","[0, 100000]",0,0,341,1034521
yolov8x_training,1564.555258,83,202.937,13370.3125,96,705,10001,"[0, 100000]","[0, 100000]",0,0,2392,11962
yolov8x_training,1565.608873,84,210.617,13370.3125,23,675,10001,"[0, 100000]","[0, 100000]",0,0,15332,26855
yolov8x_training,1566.652114,83,209.046,13370.3125,100,810,10001,"[0, 100000]","[0, 100000]",0,0,341,547753
yolov8x_training,1567.694654,84,204.916,13370.3125,32,1770,10001,"[0, 100000]","[0, 100000]",0,0,2343,8740
yolov8x_training,1568.737862,82,212.461,13370.3125,100,660,10001,"[0, 100000]","[0, 100000]",0,0,14355,16552
yolov8x_training,1569.780643,84,203.623,13370.3125,78,2505,10001,"[0, 100000]","[0, 100000]",0,0,341,244
yolov8x_training,1570.823304,85,214.276,13370.3125,100,645,10001,"[0, 100000]","[0, 100000]",0,0,2490,11328
yolov8x_training,1571.866244,83,206.958,13370.3125,96,1245,10001,"[0, 100000]","[0, 100000]",0,0,14160,22070
yolov8x_training,1572.909533,82,213.276,13370.3125,61,645,10001,"[0, 100000]","[0, 100000]",0,0,341,292
yolov8x_training,1573.952173,82,204.975,13370.3125,96,675,10001,"[0, 100000]","[0, 100000]",0,0,2148,11572
yolov8x_training,1575.005312,84,197.702,13370.3125,25,2505,10001,"[0, 100000]","[0, 100000]",0,0,14892,23681
yolov8x_training,1576.048271,80,208.502,13370.3125,100,630,10001,"[0, 100000]","[0, 100000]",0,0,341,292
yolov8x_training,1577.090884,84,206.288,13370.3125,25,720,10001,"[0, 100000]","[0, 100000]",0,0,2246,9521
yolov8x_training,1578.143910,82,204.387,13370.3125,100,645,10001,"[0, 100000]","[0, 100000]",0,0,14990,19482
yolov8x_training,1579.187126,84,204.313,13370.3125,100,705,10001,"[0, 100000]","[0, 100000]",0,0,341,292
yolov8x_training,1580.230230,81,201.337,13370.3125,73,660,10001,"[0, 100000]","[0, 100000]",0,0,3222,11962
yolov8x_training,1581.273050,81,204.204,13370.3125,100,690,10001,"[0, 100000]","[0, 100000]",0,0,6542,100537
yolov8x_training,1582.351139,84,201.781,13370.3125,83,660,10001,"[0, 100000]","[0, 100000]",0,0,341,292
yolov8x_training,1583.393797,82,212.388,13370.3125,100,705,10001,"[0, 100000]","[0, 100000]",0,0,2832,18115
yolov8x_training,1584.437326,84,202.879,13370.3125,95,690,10001,"[0, 100000]","[0, 100000]",0,0,6298,99414
yolov8x_training,1585.514290,80,208.636,13370.3125,83,630,10001,"[0, 100000]","[0, 100000]",0,0,341,341
yolov8x_training,1586.556928,84,205.867,13370.3125,96,705,10001,"[0, 100000]","[0, 100000]",0,0,2587,11132
yolov8x_training,1587.599660,80,205.299,13370.3125,51,645,10001,"[0, 100000]","[0, 100000]",0,0,6201,101171
yolov8x_training,1588.675666,84,204.449,13370.3125,96,660,10001,"[0, 100000]","[0, 100000]",0,0,341,292
yolov8x_training,1589.718289,80,202.885,13370.3125,52,660,10001,"[0, 100000]","[0, 100000]",0,0,3808,14453
yolov8x_training,1590.761268,82,204.847,13370.3125,96,690,10001,"[0, 100000]","[0, 100000]",0,0,4931,100439
yolov8x_training,1591.846075,84,201.138,13370.3125,24,660,10001,"[0, 100000]","[0, 100000]",0,0,390,292
yolov8x_training,1592.888791,81,203.613,13370.3125,100,780,10001,"[0, 100000]","[0, 100000]",0,0,3564,15625
yolov8x_training,1593.931633,85,201.146,13370.3125,11,705,10001,"[0, 100000]","[0, 100000]",0,0,5859,100195
yolov8x_training,1595.001713,80,207.785,13370.3125,100,660,10001,"[0, 100000]","[0, 100000]",0,0,390,341
yolov8x_training,1596.044357,84,204.734,13370.3125,52,720,10001,"[0, 100000]","[0, 100000]",0,0,2783,10742
yolov8x_training,1597.087116,80,204.062,13370.3125,100,675,10001,"[0, 100000]","[0, 100000]",0,0,6494,100000
yolov8x_training,1598.163259,83,206.700,13370.3125,100,960,10001,"[0, 100000]","[0, 100000]",0,0,341,292
yolov8x_training,1599.205878,85,206.169,13370.3125,95,780,10001,"[0, 100000]","[0, 100000]",0,0,2343,9521
yolov8x_training,1600.250498,83,207.513,13370.3125,79,630,10001,"[0, 100000]","[0, 100000]",0,0,15234,23583
yolov8x_training,1601.293655,84,206.611,13370.3125,95,2505,10001,"[0, 100000]","[0, 100000]",0,0,341,292
yolov8x_training,1602.336277,80,209.864,13370.3125,48,645,10001,"[0, 100000]","[0, 100000]",0,0,2783,11083
yolov8x_training,1603.379200,84,204.762,13370.3125,96,2505,10001,"[0, 100000]","[0, 100000]",0,0,6250,99755
yolov8x_training,1604.460291,82,207.868,13370.3125,42,690,10001,"[0, 100000]","[0, 100000]",0,0,341,292
yolov8x_training,1605.503226,84,205.437,13370.3125,96,990,10001,"[0, 100000]","[0, 100000]",0,0,2880,11767
yolov8x_training,1606.546088,85,211.989,13370.3125,6,960,10001,"[0, 100000]","[0, 100000]",0,0,5175,101074
yolov8x_training,1607.623604,84,204.335,13370.3125,100,765,10001,"[0, 100000]","[0, 100000]",0,0,537,292
yolov8x_training,1608.666284,85,204.699,13370.3125,8,1620,10001,"[0, 100000]","[0, 100000]",0,0,2294,11621
yolov8x_training,1609.735162,83,210.285,13370.3125,100,615,10001,"[0, 100000]","[0, 100000]",0,0,14697,22949
yolov8x_training,1610.778112,84,205.266,13370.3125,74,1252,10001,"[0, 100000]","[0, 100000]",0,0,341,341
yolov8x_training,1611.820866,84,216.393,13370.3125,100,690,10001,"[0, 100000]","[0, 100000]",0,0,2832,11328
yolov8x_training,1612.886751,84,201.323,13370.3125,90,2505,10001,"[0, 100000]","[0, 100000]",0,0,15087,19580
yolov8x_training,1613.929859,82,219.833,13370.3125,94,675,10001,"[0, 100000]","[0, 100000]",0,0,292,292
yolov8x_training,1614.972481,83,180.394,13370.3125,89,2505,10001,"[0, 100000]","[0, 100000]",0,0,292,292
yolov8x_training,1616.056109,83,183.063,13370.3125,88,2505,10001,"[0, 100000]","[0, 100000]",0,0,13916,30419
yolov8x_training,1617.099769,83,187.375,13370.3125,90,2505,10001,"[0, 100000]","[0, 100000]",0,0,2978,18066
yolov8x_training,1618.142822,81,194.189,13370.3125,91,705,10001,"[0, 100000]","[0, 100000]",0,0,2246,5615
yolov8x_training,1619.186067,83,205.132,13370.3125,67,675,10001,"[0, 100000]","[0, 100000]",0,0,2636,19482
yolov8x_training,1620.229145,81,204.180,13370.3125,100,675,10001,"[0, 100000]","[0, 100000]",0,0,89697,23193
yolov8x_training,1621.316396,83,202.040,13370.3125,84,720,10001,"[0, 100000]","[0, 100000]",0,0,1660,111962
yolov8x_training,1622.359572,84,204.290,13370.3125,100,1275,10001,"[0, 100000]","[0, 100000]",0,0,2490,15527
yolov8x_training,1623.403199,84,201.519,13370.3125,81,765,10001,"[0, 100000]","[0, 100000]",0,0,65136,66259
yolov8x_training,1624.445941,85,217.499,13370.3125,89,780,10001,"[0, 100000]","[0, 100000]",0,0,4296,105957
yolov8x_training,1625.489199,83,208.218,13370.3125,96,690,10001,"[0, 100000]","[0, 100000]",0,0,2978,13085
yolov8x_training,1626.532002,83,210.034,13370.3125,69,660,10001,"[0, 100000]","[0, 100000]",0,0,341,1036962
yolov8x_training,1627.574796,83,205.215,13370.3125,97,855,10001,"[0, 100000]","[0, 100000]",0,0,2050,8691
yolov8x_training,1628.621995,82,201.066,13370.3125,46,675,10001,"[0, 100000]","[0, 100000]",0,0,14843,16992
yolov8x_training,1629.665241,82,204.160,13370.3125,95,690,10001,"[0, 100000]","[0, 100000]",0,0,341,292
yolov8x_training,1630.707855,84,198.041,13370.3125,27,720,10001,"[0, 100000]","[0, 100000]",0,0,2783,11035
yolov8x_training,1631.792344,85,203.702,13370.3125,96,1335,10001,"[0, 100000]","[0, 100000]",0,0,14892,22509
yolov8x_training,1632.835254,83,201.061,13370.3125,17,1155,10001,"[0, 100000]","[0, 100000]",0,0,341,341
yolov8x_training,1633.877886,84,204.415,13370.3125,100,810,10001,"[0, 100000]","[0, 100000]",0,0,2441,11425
yolov8x_training,1634.956406,83,203.099,13370.3125,14,1905,10001,"[0, 100000]","[0, 100000]",0,0,15039,17871
yolov8x_training,1635.999228,84,208.313,13370.3125,100,645,10001,"[0, 100000]","[0, 100000]",0,0,390,292
yolov8x_training,1637.041821,83,205.134,13370.3125,51,840,10001,"[0, 100000]","[0, 100000]",0,0,2246,12792
yolov8x_training,1638.111831,83,199.733,13370.3125,100,675,10001,"[0, 100000]","[0, 100000]",0,0,14941,22314
yolov8x_training,1639.154601,82,212.491,13370.3125,76,1290,10001,"[0, 100000]","[0, 100000]",0,0,341,292
yolov8x_training,1640.197196,84,200.799,13370.3125,97,735,10001,"[0, 100000]","[0, 100000]",0,0,2587,11279
yolov8x_training,1641.261123,85,205.243,13370.3125,100,825,10001,"[0, 100000]","[0, 100000]",0,0,15136,26367
yolov8x_training,1642.303967,83,208.530,13370.3125,95,2250,10001,"[0, 100000]","[0, 100000]",0,0,341,292
yolov8x_training,1643.346721,83,214.572,13370.3125,45,675,10001,"[0, 100000]","[0, 100000]",0,0,2343,11474
yolov8x_training,1644.389765,84,190.861,13370.3125,89,2505,10001,"[0, 100000]","[0, 100000]",0,0,292,292
yolov8x_training,1645.432570,83,183.690,13370.3125,91,2505,10001,"[0, 100000]","[0, 100000]",0,0,292,1033398
yolov8x_training,1646.484701,82,188.050,13370.3125,91,855,10001,"[0, 100000]","[0, 100000]",0,0,13525,33837
yolov8x_training,1647.527957,80,188.991,13370.3125,100,735,10001,"[0, 100000]","[0, 100000]",0,0,2636,16894
yolov8x_training,1648.599281,84,210.494,13370.3125,36,1260,10001,"[0, 100000]","[0, 100000]",0,0,14941,18896
yolov8x_training,1649.642197,81,205.219,13370.3125,96,765,10001,"[0, 100000]","[0, 100000]",0,0,341,292
yolov8x_training,1650.684792,84,203.299,13370.3125,22,2355,10001,"[0, 100000]","[0, 100000]",0,0,2197,8544
yolov8x_training,1651.727597,80,217.459,13370.3125,100,660,10001,"[0, 100000]","[0, 100000]",0,0,12597,27294
yolov8x_training,1652.770470,82,204.641,13370.3125,55,2505,10001,"[0, 100000]","[0, 100000]",0,0,341,244
yolov8x_training,1653.813058,84,211.236,13370.3125,100,645,10001,"[0, 100000]","[0, 100000]",0,0,2392,9472
yolov8x_training,1654.899073,81,204.352,13370.3125,85,1050,10001,"[0, 100000]","[0, 100000]",0,0,14746,23779
yolov8x_training,1655.942029,84,215.964,13370.3125,100,675,10001,"[0, 100000]","[0, 100000]",0,0,341,292
yolov8x_training,1656.984611,80,201.027,13370.3125,96,795,10001,"[0, 100000]","[0, 100000]",0,0,3173,11865
yolov8x_training,1658.050926,84,213.248,13370.3125,100,2100,10001,"[0, 100000]","[0, 100000]",0,0,15771,26074
yolov8x_training,1659.094099,80,210.423,13370.3125,93,645,10001,"[0, 100000]","[0, 100000]",0,0,341,292
yolov8x_training,1660.136721,84,201.842,13370.3125,71,2505,10001,"[0, 100000]","[0, 100000]",0,0,3320,11572
yolov8x_training,1661.224344,80,211.551,13370.3125,61,645,10001,"[0, 100000]","[0, 100000]",0,0,14746,23925
yolov8x_training,1662.267863,83,204.247,13370.3125,95,2505,10001,"[0, 100000]","[0, 100000]",0,0,341,341
yolov8x_training,1663.310447,83,209.063,13370.3125,65,660,10001,"[0, 100000]","[0, 100000]",0,0,2490,9814
yolov8x_training,1664.392959,81,205.338,13370.3125,96,1455,10001,"[0, 100000]","[0, 100000]",0,0,14892,16845
yolov8x_training,1665.435894,84,210.010,13370.3125,24,645,10001,"[0, 100000]","[0, 100000]",0,0,341,292
yolov8x_training,1666.478514,81,203.738,13370.3125,100,780,10001,"[0, 100000]","[0, 100000]",0,0,3271,13623
yolov8x_training,1667.563295,84,213.978,13370.3125,19,2130,10001,"[0, 100000]","[0, 100000]",0,0,14990,23046
yolov8x_training,1668.606780,80,207.636,13370.3125,100,645,10001,"[0, 100000]","[0, 100000]",0,0,341,292
yolov8x_training,1669.649444,84,204.834,13370.3125,38,2505,10001,"[0, 100000]","[0, 100000]",0,0,2099,8398
yolov8x_training,1670.695219,81,213.864,13370.3125,100,660,10001,"[0, 100000]","[0, 100000]",0,0,14892,25097
yolov8x_training,1671.738204,84,203.117,13370.3125,77,1185,10001,"[0, 100000]","[0, 100000]",0,0,341,341
yolov8x_training,1672.780958,84,213.714,13370.3125,100,645,10001,"[0, 100000]","[0, 100000]",0,0,2197,9179
yolov8x_training,1673.823948,80,208.904,13370.3125,93,1230,10001,"[0, 100000]","[0, 100000]",0,0,5859,30615
yolov8x_training,1674.867020,84,203.260,13370.3125,58,690,10001,"[0, 100000]","[0, 100000]",0,0,341,292
yolov8x_training,1675.909636,81,204.962,13370.3125,95,810,10001,"[0, 100000]","[0, 100000]",0,0,2392,9912
yolov8x_training,1676.994658,84,201.657,13370.3125,41,2220,10001,"[0, 100000]","[0, 100000]",0,0,14794,25341
yolov8x_training,1678.037710,82,204.849,13370.3125,96,645,10001,"[0, 100000]","[0, 100000]",0,0,341,341
yolov8x_training,1679.080370,84,203.515,13370.3125,26,2505,10001,"[0, 100000]","[0, 100000]",0,0,3125,13916
yolov8x_training,1680.123222,85,210.029,13370.3125,96,675,10001,"[0, 100000]","[0, 100000]",0,0,5517,101318
yolov8x_training,1681.194246,84,201.986,13370.3125,96,1185,10001,"[0, 100000]","[0, 100000]",0,0,1513,634
yolov8x_training,1682.237501,85,215.503,13370.3125,20,675,10001,"[0, 100000]","[0, 100000]",0,0,2294,17773
yolov8x_training,1683.311950,80,210.823,13370.3125,100,1320,10001,"[0, 100000]","[0, 100000]",0,0,14843,25341
yolov8x_training,1684.354918,84,202.567,13370.3125,59,675,10001,"[0, 100000]","[0, 100000]",0,0,390,341
yolov8x_training,1685.397599,82,211.179,13370.3125,100,690,10001,"[0, 100000]","[0, 100000]",0,0,2539,10595
yolov8x_training,1686.473972,84,201.312,13370.3125,79,2505,10001,"[0, 100000]","[0, 100000]",0,0,14697,23242
yolov8x_training,1687.517053,85,207.185,13370.3125,100,660,10001,"[0, 100000]","[0, 100000]",0,0,292,292
yolov8x_training,1688.559656,83,203.008,13370.3125,95,660,10001,"[0, 100000]","[0, 100000]",0,0,2294,10302
yolov8x_training,1689.629459,84,210.940,13370.3125,65,705,10001,"[0, 100000]","[0, 100000]",0,0,14941,25585
yolov8x_training,1690.672412,83,207.848,13370.3125,96,1440,10001,"[0, 100000]","[0, 100000]",0,0,341,292
yolov8x_training,1691.714988,82,207.244,13370.3125,61,780,10001,"[0, 100000]","[0, 100000]",0,0,3222,11181
yolov8x_training,1692.805499,81,203.345,13370.3125,96,870,10001,"[0, 100000]","[0, 100000]",0,0,14843,24267
yolov8x_training,1693.848502,84,204.230,13370.3125,58,1515,10001,"[0, 100000]","[0, 100000]",0,0,390,292
yolov8x_training,1694.891187,82,204.446,13370.3125,95,705,10001,"[0, 100000]","[0, 100000]",0,0,3173,12353
yolov8x_training,1695.934036,84,201.113,13370.3125,39,1695,10001,"[0, 100000]","[0, 100000]",0,0,3906,30224
yolov8x_training,1697.008217,82,202.792,13370.3125,96,660,10001,"[0, 100000]","[0, 100000]",0,0,585,292
yolov8x_training,1698.050980,84,201.738,13370.3125,23,870,10001,"[0, 100000]","[0, 100000]",0,0,2441,17919
yolov8x_training,1699.093865,85,212.056,13370.3125,96,660,10001,"[0, 100000]","[0, 100000]",0,0,6933,101074
yolov8x_training,1700.169561,83,209.760,13370.3125,100,990,10001,"[0, 100000]","[0, 100000]",0,0,341,292
yolov8x_training,1701.212277,82,205.377,13370.3125,51,930,10001,"[0, 100000]","[0, 100000]",0,0,3076,10839
yolov8x_training,1702.255045,83,203.605,13370.3125,100,825,10001,"[0, 100000]","[0, 100000]",0,0,5468,101220
yolov8x_training,1703.328660,84,200.446,13370.3125,62,705,10001,"[0, 100000]","[0, 100000]",0,0,439,341
yolov8x_training,1704.371456,83,180.802,13370.3125,91,2505,10001,"[0, 100000]","[0, 100000]",0,0,341,292
yolov8x_training,1705.414247,83,183.352,13370.3125,91,2505,10001,"[0, 100000]","[0, 100000]",0,0,341,1035107
yolov8x_training,1706.457225,82,186.492,13370.3125,91,1200,10001,"[0, 100000]","[0, 100000]",0,0,5908,85253
yolov8x_training,1707.529158,82,196.498,13370.3125,100,675,10001,"[0, 100000]","[0, 100000]",0,0,341,292
yolov8x_training,1708.572314,84,188.278,13370.3125,14,645,10001,"[0, 100000]","[0, 100000]",0,0,341,292
yolov8x_training,1709.615382,83,183.373,13370.3125,0,675,10001,"[0, 100000]","[0, 100000]",0,0,292,1035107
yolov8x_training,1710.697761,82,182.739,13370.3125,0,735,10001,"[0, 100000]","[0, 100000]",0,0,14746,21777
yolov8x_training,1711.740997,83,193.725,13370.3125,79,720,10001,"[0, 100000]","[0, 100000]",0,0,341,292
yolov8x_training,1712.783607,84,214.891,13370.3125,100,660,10001,"[0, 100000]","[0, 100000]",0,0,2441,11328
yolov8x_training,1713.862729,80,204.068,13370.3125,96,915,10001,"[0, 100000]","[0, 100000]",0,0,14746,25683
yolov8x_training,1714.905717,84,210.972,13370.3125,100,675,10001,"[0, 100000]","[0, 100000]",0,0,341,292
yolov8x_training,1715.948311,80,206.027,13370.3125,96,885,10001,"[0, 100000]","[0, 100000]",0,0,2539,9472
yolov8x_training,1717.001122,84,208.491,13370.3125,60,1935,10001,"[0, 100000]","[0, 100000]",0,0,14990,26611
yolov8x_training,1718.044014,81,204.249,13370.3125,95,660,10001,"[0, 100000]","[0, 100000]",0,0,292,341
yolov8x_training,1719.086930,83,205.044,13370.3125,51,720,10001,"[0, 100000]","[0, 100000]",0,0,2783,10498
yolov8x_training,1720.129924,83,210.321,13370.3125,97,675,10001,"[0, 100000]","[0, 100000]",0,0,5273,100244
yolov8x_training,1721.202533,83,202.536,13370.3125,99,705,10001,"[0, 100000]","[0, 100000]",0,0,15039,292
yolov8x_training,1722.245519,83,209.954,13370.3125,22,675,10001,"[0, 100000]","[0, 100000]",0,0,3515,15820
yolov8x_training,1723.288366,80,206.633,13370.3125,100,690,10001,"[0, 100000]","[0, 100000]",0,0,6103,101855
yolov8x_training,1724.359196,84,212.445,13370.3125,52,705,10001,"[0, 100000]","[0, 100000]",0,0,390,292
yolov8x_training,1725.401860,80,207.760,13370.3125,100,1080,10001,"[0, 100000]","[0, 100000]",0,0,2685,11083
yolov8x_training,1726.487388,83,204.377,13370.3125,57,960,10001,"[0, 100000]","[0, 100000]",0,0,14843,17236
yolov8x_training,1727.530397,82,210.733,13370.3125,100,645,10001,"[0, 100000]","[0, 100000]",0,0,341,292
yolov8x_training,1728.573087,84,202.603,13370.3125,75,705,10001,"[0, 100000]","[0, 100000]",0,0,2539,11914
yolov8x_training,1729.615917,80,204.780,13370.3125,100,645,10001,"[0, 100000]","[0, 100000]",0,0,292,292
yolov8x_training,1730.658947,80,195.511,13370.3125,67,660,10001,"[0, 100000]","[0, 100000]",0,0,341,1040527
yolov8x_training,1731.733156,84,190.786,13370.3125,20,690,10001,"[0, 100000]","[0, 100000]",0,0,14208,31201
yolov8x_training,1732.776265,84,184.228,13370.3125,0,2490,10001,"[0, 100000]","[0, 100000]",0,0,2392,10498
yolov8x_training,1733.819719,84,175.944,13370.3125,0,2505,10001,"[0, 100000]","[0, 100000]",0,0,2001,8105
yolov8x_training,1734.862741,83,174.070,13370.3125,27,2505,10001,"[0, 100000]","[0, 100000]",0,0,341,292
yolov8x_training,1735.905493,83,173.640,13370.3125,46,2505,10001,"[0, 100000]","[0, 100000]",0,0,3076,36328
yolov8x_training,1736.983088,81,199.322,13370.3125,96,645,10001,"[0, 100000]","[0, 100000]",0,0,1562,2978
yolov8x_training,1738.026094,83,200.618,13370.3125,39,705,10001,"[0, 100000]","[0, 100000]",0,0,2539,21142
yolov8x_training,1739.068872,80,192.977,13370.3125,99,630,10001,"[0, 100000]","[0, 100000]",0,0,341,292
yolov8x_training,1740.155758,84,187.601,13370.3125,61,2520,10001,"[0, 100000]","[0, 100000]",0,0,14746,23828
yolov8x_training,1741.199036,82,194.916,13370.3125,100,1200,10001,"[0, 100000]","[0, 100000]",0,0,341,1028955
yolov8x_training,1742.241670,83,210.396,13370.3125,47,960,10001,"[0, 100000]","[0, 100000]",0,0,2490,9814
yolov8x_training,1743.291822,80,204.384,13370.3125,100,675,10001,"[0, 100000]","[0, 100000]",0,0,14892,18701
yolov8x_training,1744.334700,83,202.263,13370.3125,84,2310,10001,"[0, 100000]","[0, 100000]",0,0,341,292
yolov8x_training,1745.377308,84,203.876,13370.3125,25,615,10001,"[0, 100000]","[0, 100000]",0,0,2294,11230
yolov8x_training,1746.453598,83,200.258,13370.3125,100,1305,10001,"[0, 100000]","[0, 100000]",0,0,14843,22705
yolov8x_training,1747.496504,84,216.211,13370.3125,26,735,10001,"[0, 100000]","[0, 100000]",0,0,341,341
yolov8x_training,1748.539135,83,204.441,13370.3125,100,1275,10001,"[0, 100000]","[0, 100000]",0,0,2441,11718
yolov8x_training,1749.608911,82,204.750,13370.3125,52,1440,10001,"[0, 100000]","[0, 100000]",0,0,14697,21875
yolov8x_training,1750.651814,82,209.572,13370.3125,100,825,10001,"[0, 100000]","[0, 100000]",0,0,292,292
yolov8x_training,1751.694453,83,204.053,13370.3125,44,1635,10001,"[0, 100000]","[0, 100000]",0,0,2734,11083
yolov8x_training,1752.737336,82,211.384,13370.3125,100,660,10001,"[0, 100000]","[0, 100000]",0,0,5615,99658
yolov8x_training,1753.810959,83,203.226,13370.3125,71,2250,10001,"[0, 100000]","[0, 100000]",0,0,439,292
yolov8x_training,1754.853892,81,211.262,13370.3125,100,660,10001,"[0, 100000]","[0, 100000]",0,0,2587,19775
yolov8x_training,1755.896846,83,204.269,13370.3125,69,2220,10001,"[0, 100000]","[0, 100000]",0,0,89941,22460
yolov8x_training,1756.989390,81,207.273,13370.3125,100,645,10001,"[0, 100000]","[0, 100000]",0,0,1171,341
yolov8x_training,1758.032187,83,203.558,13370.3125,74,705,10001,"[0, 100000]","[0, 100000]",0,0,2636,20019
yolov8x_training,1759.075878,84,210.623,13370.3125,100,675,10001,"[0, 100000]","[0, 100000]",0,0,88769,15429
yolov8x_training,1760.119425,83,202.642,13370.3125,75,675,10001,"[0, 100000]","[0, 100000]",0,0,2099,9423
yolov8x_training,1761.167837,83,201.612,13370.3125,100,660,10001,"[0, 100000]","[0, 100000]",0,0,14697,24951
yolov8x_training,1762.210953,83,201.994,13370.3125,100,690,10001,"[0, 100000]","[0, 100000]",0,0,292,292
yolov8x_training,1763.253601,81,201.595,13370.3125,80,660,10001,"[0, 100000]","[0, 100000]",0,0,3515,15087
yolov8x_training,1764.296908,82,202.742,13370.3125,100,720,10001,"[0, 100000]","[0, 100000]",0,0,3076,35644
yolov8x_training,1765.376298,84,199.332,13370.3125,79,690,10001,"[0, 100000]","[0, 100000]",0,0,4931,95214
yolov8x_training,1766.419632,83,202.099,13370.3125,100,870,10001,"[0, 100000]","[0, 100000]",0,0,4150,11523
yolov8x_training,1767.464116,82,203.269,13370.3125,56,660,10001,"[0, 100000]","[0, 100000]",0,0,341,1038476
yolov8x_training,1768.506903,81,205.816,13370.3125,100,660,10001,"[0, 100000]","[0, 100000]",0,0,2099,8789
yolov8x_training,1769.554955,84,201.531,13370.3125,79,2415,10001,"[0, 100000]","[0, 100000]",0,0,14697,16845
yolov8x_training,1770.597878,80,210.978,13370.3125,100,660,10001,"[0, 100000]","[0, 100000]",0,0,341,292
yolov8x_training,1771.640767,84,207.143,13370.3125,96,1020,10001,"[0, 100000]","[0, 100000]",0,0,2148,11572
yolov8x_training,1772.707989,80,211.856,13370.3125,80,630,10001,"[0, 100000]","[0, 100000]",0,0,14794,24707
yolov8x_training,1773.750954,83,203.979,13370.3125,96,975,10001,"[0, 100000]","[0, 100000]",0,0,292,292
yolov8x_training,1774.793608,82,203.681,13370.3125,61,645,10001,"[0, 100000]","[0, 100000]",0,0,2734,10888
yolov8x_training,1775.867942,82,206.947,13370.3125,96,690,10001,"[0, 100000]","[0, 100000]",0,0,14892,18457
yolov8x_training,1776.910838,83,202.650,13370.3125,30,675,10001,"[0, 100000]","[0, 100000]",0,0,341,292
yolov8x_training,1777.953424,81,212.609,13370.3125,96,690,10001,"[0, 100000]","[0, 100000]",0,0,2587,11279
yolov8x_training,1778.996308,84,201.433,13370.3125,33,2505,10001,"[0, 100000]","[0, 100000]",0,0,6103,100537
yolov8x_training,1780.074165,81,214.760,13370.3125,97,675,10001,"[0, 100000]","[0, 100000]",0,0,341,292
yolov8x_training,1781.116796,84,204.525,13370.3125,15,1252,10001,"[0, 100000]","[0, 100000]",0,0,3662,14990
yolov8x_training,1782.159611,80,214.153,13370.3125,100,645,10001,"[0, 100000]","[0, 100000]",0,0,6054,101806
yolov8x_training,1783.236110,83,204.870,13370.3125,100,1035,10001,"[0, 100000]","[0, 100000]",0,0,341,292
yolov8x_training,1784.278810,80,207.626,13370.3125,51,660,10001,"[0, 100000]","[0, 100000]",0,0,3710,13623
yolov8x_training,1785.321950,83,205.944,13370.3125,100,720,10001,"[0, 100000]","[0, 100000]",0,0,5224,100439
yolov8x_training,1786.397706,83,203.682,13370.3125,70,690,10001,"[0, 100000]","[0, 100000]",0,0,537,292
yolov8x_training,1787.440546,81,204.116,13370.3125,100,690,10001,"[0, 100000]","[0, 100000]",0,0,3662,15332
yolov8x_training,1788.483463,83,201.501,13370.3125,75,2505,10001,"[0, 100000]","[0, 100000]",0,0,90722,36621
yolov8x_training,1789.563755,81,204.857,13370.3125,100,645,10001,"[0, 100000]","[0, 100000]",0,0,1611,1171
yolov8x_training,1790.606819,84,202.681,13370.3125,83,2505,10001,"[0, 100000]","[0, 100000]",0,0,2539,22314
yolov8x_training,1791.649881,81,214.448,13370.3125,100,660,10001,"[0, 100000]","[0, 100000]",0,0,292,1040527
yolov8x_training,1792.692890,84,203.784,13370.3125,89,2505,10001,"[0, 100000]","[0, 100000]",0,0,2050,8398
yolov8x_training,1793.735807,81,210.747,13370.3125,100,705,10001,"[0, 100000]","[0, 100000]",0,0,5859,26367
yolov8x_training,1794.778848,84,206.696,13370.3125,95,2295,10001,"[0, 100000]","[0, 100000]",0,0,341,292
yolov8x_training,1795.821444,83,207.030,13370.3125,70,675,10001,"[0, 100000]","[0, 100000]",0,0,2197,10498
yolov8x_training,1796.875132,83,204.759,13370.3125,96,1005,10001,"[0, 100000]","[0, 100000]",0,0,14990,27832
yolov8x_training,1797.917937,84,203.424,13370.3125,56,630,10001,"[0, 100000]","[0, 100000]",0,0,341,292
yolov8x_training,1798.960521,82,211.298,13370.3125,96,690,10001,"[0, 100000]","[0, 100000]",0,0,3222,11962
yolov8x_training,1800.052135,84,201.035,13370.3125,41,2505,10001,"[0, 100000]","[0, 100000]",0,0,14941,21972
yolov8x_training,1801.094953,81,213.263,13370.3125,97,645,10001,"[0, 100000]","[0, 100000]",0,0,292,292
yolov8x_training,1802.137582,84,203.622,13370.3125,35,2505,10001,"[0, 100000]","[0, 100000]",0,0,2734,16601
yolov8x_training,1803.180667,81,214.506,13370.3125,96,675,10001,"[0, 100000]","[0, 100000]",0,0,4931,101171
yolov8x_training,1804.266038,84,202.322,13370.3125,96,2505,10001,"[0, 100000]","[0, 100000]",0,0,1123,341
yolov8x_training,1805.308717,82,213.367,13370.3125,35,660,10001,"[0, 100000]","[0, 100000]",0,0,2099,18994
yolov8x_training,1806.351551,83,204.794,13370.3125,100,2505,10001,"[0, 100000]","[0, 100000]",0,0,2929,35693
yolov8x_training,1807.432414,84,214.620,13370.3125,16,690,10001,"[0, 100000]","[0, 100000]",0,0,976,292
yolov8x_training,1808.475375,83,205.635,13370.3125,100,1035,10001,"[0, 100000]","[0, 100000]",0,0,2539,18505
yolov8x_training,1809.518848,84,209.036,13370.3125,30,1770,10001,"[0, 100000]","[0, 100000]",0,0,89599,21777
yolov8x_training,1810.570258,84,192.123,13370.3125,92,2505,10001,"[0, 100000]","[0, 100000]",0,0,14062,32373
yolov8x_training,1811.613578,82,208.337,13370.3125,100,645,10001,"[0, 100000]","[0, 100000]",0,0,6542,292
yolov8x_training,1812.656353,80,191.270,13370.3125,27,645,10001,"[0, 100000]","[0, 100000]",0,0,292,292
yolov8x_training,1813.699054,81,186.200,13370.3125,0,690,10001,"[0, 100000]","[0, 100000]",0,0,3369,34472
yolov8x_training,1814.773077,82,177.472,13370.3125,0,720,10001,"[0, 100000]","[0, 100000]",0,0,3466,12841
yolov8x_training,1815.816147,83,189.251,13370.3125,96,2505,10001,"[0, 100000]","[0, 100000]",0,0,292,292
yolov8x_training,1816.881073,82,193.227,13370.3125,100,720,10001,"[0, 100000]","[0, 100000]",0,0,15039,18798
yolov8x_training,1817.923870,82,205.953,13370.3125,71,645,10001,"[0, 100000]","[0, 100000]",0,0,341,292
yolov8x_training,1818.966494,82,208.407,13370.3125,95,705,10001,"[0, 100000]","[0, 100000]",0,0,2392,10107
yolov8x_training,1820.050342,83,201.148,13370.3125,44,2505,10001,"[0, 100000]","[0, 100000]",0,0,14648,25000
yolov8x_training,1821.093458,82,212.605,13370.3125,96,660,10001,"[0, 100000]","[0, 100000]",0,0,292,292
yolov8x_training,1822.136143,84,203.979,13370.3125,35,2505,10001,"[0, 100000]","[0, 100000]",0,0,3320,11865
yolov8x_training,1823.178964,81,213.500,13370.3125,96,705,10001,"[0, 100000]","[0, 100000]",0,0,5517,101269
yolov8x_training,1824.250575,84,204.982,13370.3125,100,960,10001,"[0, 100000]","[0, 100000]",0,0,341,292
yolov8x_training,1825.293195,83,208.123,13370.3125,39,645,10001,"[0, 100000]","[0, 100000]",0,0,2294,10156
yolov8x_training,1826.347896,82,206.172,13370.3125,100,690,10001,"[0, 100000]","[0, 100000]",0,0,14843,25000
yolov8x_training,1827.390841,84,203.068,13370.3125,77,675,10001,"[0, 100000]","[0, 100000]",0,0,341,292
yolov8x_training,1828.433534,82,206.025,13370.3125,100,1200,10001,"[0, 100000]","[0, 100000]",0,0,3076,13378
yolov8x_training,1829.476713,83,200.919,13370.3125,92,705,10001,"[0, 100000]","[0, 100000]",0,0,5615,100927
yolov8x_training,1830.545750,84,206.602,13370.3125,100,630,10001,"[0, 100000]","[0, 100000]",0,0,439,341
yolov8x_training,1831.588418,83,206.877,13370.3125,95,720,10001,"[0, 100000]","[0, 100000]",0,0,2392,10302
yolov8x_training,1832.676638,83,206.182,13370.3125,65,645,10001,"[0, 100000]","[0, 100000]",0,0,14990,16552
yolov8x_training,1833.719537,83,207.938,13370.3125,96,675,10001,"[0, 100000]","[0, 100000]",0,0,341,292
yolov8x_training,1834.762271,83,205.744,13370.3125,46,675,10001,"[0, 100000]","[0, 100000]",0,0,2587,9716
yolov8x_training,1835.833907,84,212.158,13370.3125,97,1320,10001,"[0, 100000]","[0, 100000]",0,0,14941,19189
yolov8x_training,1836.877298,83,201.333,13370.3125,31,720,10001,"[0, 100000]","[0, 100000]",0,0,341,292
yolov8x_training,1837.920171,84,208.810,13370.3125,100,660,10001,"[0, 100000]","[0, 100000]",0,0,2099,10205
yolov8x_training,1838.962971,83,210.029,13370.3125,33,1222,10001,"[0, 100000]","[0, 100000]",0,0,5566,26367
yolov8x_training,1840.005970,82,211.787,13370.3125,100,675,10001,"[0, 100000]","[0, 100000]",0,0,390,292
yolov8x_training,1841.048650,82,204.707,13370.3125,68,840,10001,"[0, 100000]","[0, 100000]",0,0,2783,11035
yolov8x_training,1842.091569,84,198.789,13370.3125,100,705,10001,"[0, 100000]","[0, 100000]",0,0,5517,100000
yolov8x_training,1843.163965,82,205.037,13370.3125,84,975,10001,"[0, 100000]","[0, 100000]",0,0,341,292
yolov8x_training,1844.206585,84,200.899,13370.3125,72,705,10001,"[0, 100000]","[0, 100000]",0,0,2392,17382
yolov8x_training,1845.250258,82,204.324,13370.3125,100,1500,10001,"[0, 100000]","[0, 100000]",0,0,292,292
yolov8x_training,1846.292928,80,193.857,13370.3125,76,675,10001,"[0, 100000]","[0, 100000]",0,0,4736,86230
yolov8x_training,1847.379859,83,195.318,13370.3125,0,675,10001,"[0, 100000]","[0, 100000]",0,0,3759,12646
yolov8x_training,1848.423011,82,184.245,13370.3125,0,645,10001,"[0, 100000]","[0, 100000]",0,0,2099,8789
yolov8x_training,1849.466267,84,181.777,13370.3125,2,675,10001,"[0, 100000]","[0, 100000]",0,0,292,292
yolov8x_training,1850.509334,83,176.794,13370.3125,65,2505,10001,"[0, 100000]","[0, 100000]",0,0,341,1032177
yolov8x_training,1851.552338,82,195.890,13370.3125,95,690,10001,"[0, 100000]","[0, 100000]",0,0,2978,11425
yolov8x_training,1852.619694,84,199.611,13370.3125,40,735,10001,"[0, 100000]","[0, 100000]",0,0,14648,25781
yolov8x_training,1853.662787,80,206.143,13370.3125,100,795,10001,"[0, 100000]","[0, 100000]",0,0,341,341
yolov8x_training,1854.705378,83,205.831,13370.3125,33,2190,10001,"[0, 100000]","[0, 100000]",0,0,2197,10449
yolov8x_training,1855.748212,82,212.389,13370.3125,100,660,10001,"[0, 100000]","[0, 100000]",0,0,3027,24169
yolov8x_training,1856.791438,83,203.061,13370.3125,79,1440,10001,"[0, 100000]","[0, 100000]",0,0,341,292
yolov8x_training,1857.834006,84,210.597,13370.3125,100,645,10001,"[0, 100000]","[0, 100000]",0,0,2392,9863
yolov8x_training,1858.876865,81,202.101,13370.3125,88,1035,10001,"[0, 100000]","[0, 100000]",0,0,5761,100976
yolov8x_training,1859.953696,84,213.645,13370.3125,100,645,10001,"[0, 100000]","[0, 100000]",0,0,341,292
yolov8x_training,1860.996786,80,207.108,13370.3125,97,660,10001,"[0, 100000]","[0, 100000]",0,0,3076,10546
yolov8x_training,1862.079535,83,214.560,13370.3125,91,2490,10001,"[0, 100000]","[0, 100000]",0,0,14892,25683
yolov8x_training,1863.122669,80,209.901,13370.3125,95,660,10001,"[0, 100000]","[0, 100000]",0,0,292,292
yolov8x_training,1864.165328,83,205.599,13370.3125,57,2505,10001,"[0, 100000]","[0, 100000]",0,0,2197,10253
yolov8x_training,1865.220605,82,213.505,13370.3125,21,645,10001,"[0, 100000]","[0, 100000]",0,0,14990,23046
yolov8x_training,1866.263883,83,203.353,13370.3125,100,945,10001,"[0, 100000]","[0, 100000]",0,0,341,341
yolov8x_training,1867.306475,84,216.286,13370.3125,14,630,10001,"[0, 100000]","[0, 100000]",0,0,2441,10205
yolov8x_training,1868.371453,80,207.885,13370.3125,100,690,10001,"[0, 100000]","[0, 100000]",0,0,14892,26416
yolov8x_training,1869.414628,84,207.422,13370.3125,54,675,10001,"[0, 100000]","[0, 100000]",0,0,292,292
yolov8x_training,1870.457650,80,204.867,13370.3125,100,1200,10001,"[0, 100000]","[0, 100000]",0,0,2587,9033
yolov8x_training,1871.531361,83,200.335,13370.3125,73,802,10001,"[0, 100000]","[0, 100000]",0,0,14892,24609
yolov8x_training,1872.574224,83,205.331,13370.3125,100,645,10001,"[0, 100000]","[0, 100000]",0,0,390,341
yolov8x_training,1873.616805,83,201.152,13370.3125,91,1252,10001,"[0, 100000]","[0, 100000]",0,0,3417,12597
yolov8x_training,1874.699828,85,213.946,13370.3125,100,675,10001,"[0, 100000]","[0, 100000]",0,0,14941,18164
yolov8x_training,1875.743085,83,205.170,13370.3125,95,735,10001,"[0, 100000]","[0, 100000]",0,0,341,292
yolov8x_training,1876.785714,82,213.148,13370.3125,49,690,10001,"[0, 100000]","[0, 100000]",0,0,2294,9960
yolov8x_training,1877.830427,83,209.084,13370.3125,96,975,10001,"[0, 100000]","[0, 100000]",0,0,14941,24316
yolov8x_training,1878.873281,83,202.330,13370.3125,41,1140,10001,"[0, 100000]","[0, 100000]",0,0,341,292
yolov8x_training,1879.916018,85,210.276,13370.3125,100,630,10001,"[0, 100000]","[0, 100000]",0,0,2197,10546
yolov8x_training,1880.974715,83,205.295,13370.3125,25,2460,10001,"[0, 100000]","[0, 100000]",0,0,14843,25683
yolov8x_training,1882.017625,84,211.077,13370.3125,100,690,10001,"[0, 100000]","[0, 100000]",0,0,292,292
yolov8x_training,1883.060370,83,205.384,13370.3125,53,735,10001,"[0, 100000]","[0, 100000]",0,0,2099,10498
yolov8x_training,1884.128536,84,205.057,13370.3125,100,1200,10001,"[0, 100000]","[0, 100000]",0,0,14794,25781
yolov8x_training,1885.171371,82,203.462,13370.3125,83,930,10001,"[0, 100000]","[0, 100000]",0,0,341,292
yolov8x_training,1886.213983,83,202.661,13370.3125,61,750,10001,"[0, 100000]","[0, 100000]",0,0,2246,18212
yolov8x_training,1887.257049,82,204.655,13370.3125,100,795,10001,"[0, 100000]","[0, 100000]",0,0,4882,100927
yolov8x_training,1888.334948,83,200.560,13370.3125,87,705,10001,"[0, 100000]","[0, 100000]",0,0,1074,292
yolov8x_training,1889.377695,84,204.741,13370.3125,100,720,10001,"[0, 100000]","[0, 100000]",0,0,2343,17578
yolov8x_training,1890.421570,83,202.931,13370.3125,95,2160,10001,"[0, 100000]","[0, 100000]",0,0,3369,34863
yolov8x_training,1891.496541,84,204.562,13370.3125,100,630,10001,"[0, 100000]","[0, 100000]",0,0,1757,2783
yolov8x_training,1892.539965,83,201.771,13370.3125,96,2310,10001,"[0, 100000]","[0, 100000]",0,0,3417,13281
yolov8x_training,1893.582798,82,209.475,13370.3125,56,735,10001,"[0, 100000]","[0, 100000]",0,0,5712,99560
yolov8x_training,1894.652326,82,203.367,13370.3125,96,1215,10001,"[0, 100000]","[0, 100000]",0,0,1123,292
yolov8x_training,1895.694975,84,202.774,13370.3125,29,870,10001,"[0, 100000]","[0, 100000]",0,0,2246,18408
yolov8x_training,1896.737778,82,204.389,13370.3125,96,810,10001,"[0, 100000]","[0, 100000]",0,0,90283,25537
yolov8x_training,1897.825382,83,201.259,13370.3125,44,735,10001,"[0, 100000]","[0, 100000]",0,0,1562,2343
yolov8x_training,1898.868379,82,204.403,13370.3125,95,645,10001,"[0, 100000]","[0, 100000]",0,0,2636,11621
yolov8x_training,1899.910719,83,201.625,13370.3125,28,1935,10001,"[0, 100000]","[0, 100000]",0,0,2832,38964
yolov8x_training,1900.986846,84,205.759,13370.3125,100,645,10001,"[0, 100000]","[0, 100000]",0,0,1416,2197
yolov8x_training,1902.030633,83,207.615,13370.3125,32,885,10001,"[0, 100000]","[0, 100000]",0,0,2392,18408
yolov8x_training,1903.073551,82,210.295,13370.3125,100,825,10001,"[0, 100000]","[0, 100000]",0,0,3857,32812
yolov8x_training,1904.142619,83,204.276,13370.3125,61,795,10001,"[0, 100000]","[0, 100000]",0,0,1513,781
yolov8x_training,1905.185599,84,203.336,13370.3125,100,1830,10001,"[0, 100000]","[0, 100000]",0,0,2294,17724
yolov8x_training,1906.228454,81,204.111,13370.3125,100,660,10001,"[0, 100000]","[0, 100000]",0,0,90576,31298
yolov8x_training,1907.312020,84,201.468,13370.3125,91,2175,10001,"[0, 100000]","[0, 100000]",0,0,1513,2294
yolov8x_training,1908.354818,85,214.725,13370.3125,100,645,10001,"[0, 100000]","[0, 100000]",0,0,2197,18115
yolov8x_training,1909.398408,83,203.522,13370.3125,96,2505,10001,"[0, 100000]","[0, 100000]",0,0,3466,32763
yolov8x_training,1910.475802,84,206.459,13370.3125,87,645,10001,"[0, 100000]","[0, 100000]",0,0,1562,1220
yolov8x_training,1911.518622,83,206.455,13370.3125,95,1110,10001,"[0, 100000]","[0, 100000]",0,0,2246,19042
yolov8x_training,1912.562273,83,211.024,13370.3125,54,660,10001,"[0, 100000]","[0, 100000]",0,0,341,292
yolov8x_training,1913.605558,84,185.869,13370.3125,13,675,10001,"[0, 100000]","[0, 100000]",0,0,341,292
yolov8x_training,1914.648735,84,184.783,13370.3125,0,720,10001,"[0, 100000]","[0, 100000]",0,0,89501,20996
yolov8x_training,1915.717480,81,180.961,13370.3125,0,1590,10001,"[0, 100000]","[0, 100000]",0,0,13330,29345
yolov8x_training,1916.760977,85,177.854,13370.3125,2,2460,10001,"[0, 100000]","[0, 100000]",0,0,2343,10058
yolov8x_training,1917.804065,83,176.149,13370.3125,54,2505,10001,"[0, 100000]","[0, 100000]",0,0,2148,6445
yolov8x_training,1918.847265,82,185.430,13370.3125,77,2505,10001,"[0, 100000]","[0, 100000]",0,0,341,1036914
yolov8x_training,1919.890006,82,208.456,13370.3125,100,690,10001,"[0, 100000]","[0, 100000]",0,0,1953,9619
yolov8x_training,1920.933032,82,204.034,13370.3125,73,1470,10001,"[0, 100000]","[0, 100000]",0,0,3271,23437
yolov8x_training,1921.975963,84,212.865,13370.3125,100,675,10001,"[0, 100000]","[0, 100000]",0,0,292,292
yolov8x_training,1923.018552,81,203.249,13370.3125,77,690,10001,"[0, 100000]","[0, 100000]",0,0,2978,10058
yolov8x_training,1924.090739,84,211.318,13370.3125,100,1935,10001,"[0, 100000]","[0, 100000]",0,0,14892,19238
yolov8x_training,1925.133584,80,206.561,13370.3125,95,675,10001,"[0, 100000]","[0, 100000]",0,0,292,292
yolov8x_training,1926.176192,84,212.171,13370.3125,91,870,10001,"[0, 100000]","[0, 100000]",0,0,2148,8886
yolov8x_training,1927.219371,80,215.549,13370.3125,35,660,10001,"[0, 100000]","[0, 100000]",0,0,13427,24707
yolov8x_training,1928.262413,83,203.665,13370.3125,100,705,10001,"[0, 100000]","[0, 100000]",0,0,292,292
yolov8x_training,1929.304998,84,216.638,13370.3125,37,690,10001,"[0, 100000]","[0, 100000]",0,0,2001,7421
yolov8x_training,1930.348232,80,206.783,13370.3125,100,930,10001,"[0, 100000]","[0, 100000]",0,0,6201,25683
yolov8x_training,1931.391228,83,203.810,13370.3125,62,1455,10001,"[0, 100000]","[0, 100000]",0,0,341,292
yolov8x_training,1932.433889,82,203.220,13370.3125,100,825,10001,"[0, 100000]","[0, 100000]",0,0,2441,11425
yolov8x_training,1933.514475,83,203.220,13370.3125,69,735,10001,"[0, 100000]","[0, 100000]",0,0,14794,26806
yolov8x_training,1934.557495,84,203.513,13370.3125,100,675,10001,"[0, 100000]","[0, 100000]",0,0,341,292
yolov8x_training,1935.600142,83,201.000,13370.3125,88,705,10001,"[0, 100000]","[0, 100000]",0,0,2636,11035
yolov8x_training,1936.674038,85,212.279,13370.3125,100,660,10001,"[0, 100000]","[0, 100000]",0,0,14794,27001
yolov8x_training,1937.716889,83,205.381,13370.3125,96,1140,10001,"[0, 100000]","[0, 100000]",0,0,292,292
yolov8x_training,1938.759581,83,202.617,13370.3125,78,1710,10001,"[0, 100000]","[0, 100000]",0,0,2343,8691
yolov8x_training,1939.802419,81,204.101,13370.3125,96,810,10001,"[0, 100000]","[0, 100000]",0,0,6103,24316
yolov8x_training,1940.845576,83,204.847,13370.3125,14,2265,10001,"[0, 100000]","[0, 100000]",0,0,341,292
yolov8x_training,1941.888172,82,209.021,13370.3125,100,645,10001,"[0, 100000]","[0, 100000]",0,0,2197,8398
yolov8x_training,1942.931508,83,203.539,13370.3125,58,1125,10001,"[0, 100000]","[0, 100000]",0,0,13916,26708
yolov8x_training,1943.974499,83,210.709,13370.3125,100,660,10001,"[0, 100000]","[0, 100000]",0,0,341,341
yolov8x_training,1945.017272,81,204.847,13370.3125,56,630,10001,"[0, 100000]","[0, 100000]",0,0,2441,11767
yolov8x_training,1946.060210,83,209.078,13370.3125,100,1770,10001,"[0, 100000]","[0, 100000]",0,0,5664,99511
yolov8x_training,1947.132460,81,205.810,13370.3125,81,675,10001,"[0, 100000]","[0, 100000]",0,0,341,292
yolov8x_training,1948.175827,84,200.468,13370.3125,100,2505,10001,"[0, 100000]","[0, 100000]",0,0,13281,26416
yolov8x_training,1949.219206,83,175.993,13370.3125,17,2505,10001,"[0, 100000]","[0, 100000]",0,0,3076,14550
yolov8x_training,1950.262298,84,176.864,13370.3125,78,2505,10001,"[0, 100000]","[0, 100000]",0,0,1953,8984
yolov8x_training,1951.305559,83,190.289,13370.3125,95,705,10001,"[0, 100000]","[0, 100000]",0,0,341,1040966
yolov8x_training,1952.348521,83,205.987,13370.3125,78,690,10001,"[0, 100000]","[0, 100000]",0,0,2197,11572
yolov8x_training,1953.427601,82,207.990,13370.3125,96,975,10001,"[0, 100000]","[0, 100000]",0,0,14941,28027
yolov8x_training,1954.470460,82,210.647,13370.3125,46,675,10001,"[0, 100000]","[0, 100000]",0,0,341,292
yolov8x_training,1955.513069,81,204.434,13370.3125,96,630,10001,"[0, 100000]","[0, 100000]",0,0,2832,10644
yolov8x_training,1956.598603,84,212.216,13370.3125,38,2370,10001,"[0, 100000]","[0, 100000]",0,0,14843,17187
yolov8x_training,1957.641585,81,204.562,13370.3125,97,615,10001,"[0, 100000]","[0, 100000]",0,0,341,341
yolov8x_training,1958.684190,84,199.884,13370.3125,91,2535,10001,"[0, 100000]","[0, 100000]",0,0,2685,10351
yolov8x_training,1959.761064,80,216.914,13370.3125,99,675,10001,"[0, 100000]","[0, 100000]",0,0,14794,25976
yolov8x_training,1960.804040,84,209.634,13370.3125,95,1252,10001,"[0, 100000]","[0, 100000]",0,0,341,1030859
yolov8x_training,1961.850800,80,206.510,13370.3125,46,675,10001,"[0, 100000]","[0, 100000]",0,0,13232,26464
yolov8x_training,1962.893858,83,185.357,13370.3125,0,630,10001,"[0, 100000]","[0, 100000]",0,0,2734,10937
yolov8x_training,1963.937177,82,178.710,13370.3125,24,780,10001,"[0, 100000]","[0, 100000]",0,0,4492,81201
yolov8x_training,1964.980984,84,174.700,13370.3125,56,2100,10001,"[0, 100000]","[0, 100000]",0,0,341,341
yolov8x_training,1966.023857,83,184.782,13370.3125,90,2505,10001,"[0, 100000]","[0, 100000]",0,0,292,1031787
yolov8x_training,1967.067060,83,188.667,13370.3125,91,2505,10001,"[0, 100000]","[0, 100000]",0,0,8642,34765
yolov8x_training,1968.110710,82,194.830,13370.3125,100,840,10001,"[0, 100000]","[0, 100000]",0,0,2636,10937
yolov8x_training,1969.153800,80,193.014,13370.3125,100,1290,10001,"[0, 100000]","[0, 100000]",0,0,1562,1269
yolov8x_training,1970.197145,83,205.914,13370.3125,77,1785,10001,"[0, 100000]","[0, 100000]",0,0,3613,14648
yolov8x_training,1971.240006,81,210.721,13370.3125,36,645,10001,"[0, 100000]","[0, 100000]",0,0,4931,96679
yolov8x_training,1972.323210,83,204.154,13370.3125,100,2505,10001,"[0, 100000]","[0, 100000]",0,0,341,292
yolov8x_training,1973.366020,81,199.845,13370.3125,100,720,10001,"[0, 100000]","[0, 100000]",0,0,341,1035937
yolov8x_training,1974.408988,79,194.051,13370.3125,42,825,10001,"[0, 100000]","[0, 100000]",0,0,5175,13525
yolov8x_training,1975.452590,79,192.003,13370.3125,0,675,10001,"[0, 100000]","[0, 100000]",0,0,2294,9814
yolov8x_training,1976.495713,83,182.356,13370.3125,29,675,10001,"[0, 100000]","[0, 100000]",0,0,5224,292
yolov8x_training,1977.538616,84,177.150,13370.3125,88,2625,10001,"[0, 100000]","[0, 100000]",0,0,341,1029394
yolov8x_training,1978.581661,82,196.273,13370.3125,100,1305,10001,"[0, 100000]","[0, 100000]",0,0,2099,9814
yolov8x_training,1979.624663,83,207.467,13370.3125,72,2205,10001,"[0, 100000]","[0, 100000]",0,0,4687,14355
yolov8x_training,1980.667813,80,216.014,13370.3125,100,675,10001,"[0, 100000]","[0, 100000]",0,0,292,292
yolov8x_training,1981.710417,81,184.445,13370.3125,0,675,10001,"[0, 100000]","[0, 100000]",0,0,341,1032031
yolov8x_training,1982.783525,81,177.630,13370.3125,0,660,10001,"[0, 100000]","[0, 100000]",0,0,14062,20947
yolov8x_training,1983.826790,83,177.357,13370.3125,28,780,10001,"[0, 100000]","[0, 100000]",0,0,3320,13232
yolov8x_training,1984.869746,84,171.964,13370.3125,61,1920,10001,"[0, 100000]","[0, 100000]",0,0,2050,6933
yolov8x_training,1985.914112,83,174.577,13370.3125,90,2505,10001,"[0, 100000]","[0, 100000]",0,0,341,292
yolov8x_training,1986.956773,79,207.803,13370.3125,100,690,10001,"[0, 100000]","[0, 100000]",0,0,2343,9570
yolov8x_training,1988.014374,83,203.844,13370.3125,47,690,10001,"[0, 100000]","[0, 100000]",0,0,14892,27099
yolov8x_training,1989.057353,79,210.320,13370.3125,100,660,10001,"[0, 100000]","[0, 100000]",0,0,341,292
yolov8x_training,1990.099952,83,204.415,13370.3125,72,855,10001,"[0, 100000]","[0, 100000]",0,0,2441,11279
yolov8x_training,1991.172824,84,201.004,13370.3125,100,705,10001,"[0, 100000]","[0, 100000]",0,0,14794,26904
yolov8x_training,1992.215771,82,218.099,13370.3125,80,810,10001,"[0, 100000]","[0, 100000]",0,0,292,292
yolov8x_training,1993.258653,79,191.663,13370.3125,32,660,10001,"[0, 100000]","[0, 100000]",0,0,341,292
yolov8x_training,1994.301333,79,187.607,13370.3125,20,645,10001,"[0, 100000]","[0, 100000]",0,0,6884,92382
yolov8x_training,1995.377198,79,183.129,13370.3125,0,645,10001,"[0, 100000]","[0, 100000]",0,0,2685,20751
yolov8x_training,1996.420393,80,181.741,13370.3125,0,675,10001,"[0, 100000]","[0, 100000]",0,0,2294,11865
yolov8x_training,1997.463602,83,177.107,13370.3125,0,690,10001,"[0, 100000]","[0, 100000]",0,0,1904,39404
yolov8x_training,1998.507652,83,175.531,13370.3125,22,750,10001,"[0, 100000]","[0, 100000]",0,0,292,292
yolov8x_training,1999.550472,83,196.379,13370.3125,96,690,10001,"[0, 100000]","[0, 100000]",0,0,2539,12988
yolov8x_training,2000.593354,84,210.534,13370.3125,15,735,10001,"[0, 100000]","[0, 100000]",0,0,341,292
yolov8x_training,2001.636009,82,173.440,13370.3125,41,2265,10001,"[0, 100000]","[0, 100000]",0,0,5273,91015
yolov8x_training,2002.720792,83,182.585,13370.3125,91,2505,10001,"[0, 100000]","[0, 100000]",0,0,2685,11962
yolov8x_training,2003.763636,83,187.987,13370.3125,91,2505,10001,"[0, 100000]","[0, 100000]",0,0,2001,8154
yolov8x_training,2004.806710,82,192.968,13370.3125,100,1005,10001,"[0, 100000]","[0, 100000]",0,0,341,292
yolov8x_training,2005.849481,80,191.817,13370.3125,100,675,10001,"[0, 100000]","[0, 100000]",0,0,341,292
yolov8x_training,2006.892423,79,187.150,13370.3125,100,1005,10001,"[0, 100000]","[0, 100000]",0,0,6494,89746
yolov8x_training,2007.970712,79,192.291,13370.3125,75,660,10001,"[0, 100000]","[0, 100000]",0,0,2246,10644
yolov8x_training,2009.019251,82,197.973,13370.3125,41,720,10001,"[0, 100000]","[0, 100000]",0,0,15039,22265
yolov8x_training,2010.062318,82,209.669,13370.3125,100,705,10001,"[0, 100000]","[0, 100000]",0,0,292,292
yolov8x_training,2011.104900,82,205.153,13370.3125,78,795,10001,"[0, 100000]","[0, 100000]",0,0,1953,9326
yolov8x_training,2012.148214,82,202.277,13370.3125,76,2235,10001,"[0, 100000]","[0, 100000]",0,0,4638,13769
yolov8x_training,2013.191177,81,211.316,13370.3125,96,690,10001,"[0, 100000]","[0, 100000]",0,0,292,1040869
yolov8x_training,2014.234058,83,205.891,13370.3125,100,2505,10001,"[0, 100000]","[0, 100000]",0,0,2392,5078
yolov8x_training,2015.277637,79,208.175,13370.3125,37,645,10001,"[0, 100000]","[0, 100000]",0,0,3710,15722
yolov8x_training,2016.331089,79,214.154,13370.3125,100,795,10001,"[0, 100000]","[0, 100000]",0,0,15576,25195
yolov8x_training,2017.374446,82,212.125,13370.3125,100,2505,10001,"[0, 100000]","[0, 100000]",0,0,4101,36181
yolov8x_training,2018.439477,82,213.459,13370.3125,35,645,10001,"[0, 100000]","[0, 100000]",0,0,878,292
yolov8x_training,2019.482165,82,206.160,13370.3125,100,675,10001,"[0, 100000]","[0, 100000]",0,0,2343,18896
yolov8x_training,2020.566751,84,202.301,13370.3125,83,2505,10001,"[0, 100000]","[0, 100000]",0,0,14794,25878
yolov8x_training,2021.609830,80,206.076,13370.3125,100,645,10001,"[0, 100000]","[0, 100000]",0,0,390,1034375
yolov8x_training,2022.652714,83,205.851,13370.3125,96,1005,10001,"[0, 100000]","[0, 100000]",0,0,2148,7568
yolov8x_training,2023.696113,84,201.855,13370.3125,23,705,10001,"[0, 100000]","[0, 100000]",0,0,4394,11816
yolov8x_training,2024.739127,83,206.301,13370.3125,100,885,10001,"[0, 100000]","[0, 100000]",0,0,88964,17773
yolov8x_training,2025.782824,83,206.498,13370.3125,40,1575,10001,"[0, 100000]","[0, 100000]",0,0,1806,8593
yolov8x_training,2026.825688,81,212.066,13370.3125,100,645,10001,"[0, 100000]","[0, 100000]",0,0,4003,12744
yolov8x_training,2027.868384,83,205.088,13370.3125,74,2505,10001,"[0, 100000]","[0, 100000]",0,0,390,1038085
yolov8x_training,2028.910730,84,217.162,13370.3125,100,690,10001,"[0, 100000]","[0, 100000]",0,0,2392,8349
yolov8x_training,2029.953290,82,205.495,13370.3125,96,720,10001,"[0, 100000]","[0, 100000]",0,0,2490,16406
yolov8x_training,2030.997615,82,205.758,13370.3125,59,660,10001,"[0, 100000]","[0, 100000]",0,0,90136,25781
yolov8x_training,2032.082429,80,205.930,13370.3125,97,690,10001,"[0, 100000]","[0, 100000]",0,0,1806,634
yolov8x_training,2033.125369,83,207.595,13370.3125,21,705,10001,"[0, 100000]","[0, 100000]",0,0,2734,11621
yolov8x_training,2034.200048,79,206.825,13370.3125,100,675,10001,"[0, 100000]","[0, 100000]",0,0,14843,26171
yolov8x_training,2035.242722,83,210.287,13370.3125,100,840,10001,"[0, 100000]","[0, 100000]",0,0,292,292
yolov8x_training,2036.285291,83,200.408,13370.3125,91,735,10001,"[0, 100000]","[0, 100000]",0,0,2636,11718
yolov8x_training,2037.328344,80,206.654,13370.3125,98,810,10001,"[0, 100000]","[0, 100000]",0,0,8691,22558
yolov8x_training,2038.371102,83,211.236,13370.3125,95,2505,10001,"[0, 100000]","[0, 100000]",0,0,341,341
yolov8x_training,2039.413717,84,211.450,13370.3125,26,690,10001,"[0, 100000]","[0, 100000]",0,0,2392,8203
yolov8x_training,2040.465920,83,200.477,13370.3125,97,2505,10001,"[0, 100000]","[0, 100000]",0,0,14843,21240
yolov8x_training,2041.508375,83,214.739,13370.3125,18,660,10001,"[0, 100000]","[0, 100000]",0,0,341,292
yolov8x_training,2042.550952,80,205.020,13370.3125,100,615,10001,"[0, 100000]","[0, 100000]",0,0,2294,9863
yolov8x_training,2043.596965,83,206.464,13370.3125,54,2505,10001,"[0, 100000]","[0, 100000]",0,0,14794,25878
yolov8x_training,2044.639637,82,212.093,13370.3125,100,660,10001,"[0, 100000]","[0, 100000]",0,0,341,292
yolov8x_training,2045.682384,83,202.499,13370.3125,89,2505,10001,"[0, 100000]","[0, 100000]",0,0,2441,12158
yolov8x_training,2046.760470,82,213.682,13370.3125,100,690,10001,"[0, 100000]","[0, 100000]",0,0,15039,24951
yolov8x_training,2047.803025,83,204.980,13370.3125,96,1245,10001,"[0, 100000]","[0, 100000]",0,0,439,341
yolov8x_training,2048.845190,83,205.405,13370.3125,84,675,10001,"[0, 100000]","[0, 100000]",0,0,2441,8203
yolov8x_training,2049.888602,82,205.666,13370.3125,96,750,10001,"[0, 100000]","[0, 100000]",0,0,4443,24365
yolov8x_training,2050.931211,83,202.405,13370.3125,23,720,10001,"[0, 100000]","[0, 100000]",0,0,341,292
yolov8x_training,2051.973838,84,207.629,13370.3125,100,825,10001,"[0, 100000]","[0, 100000]",0,0,2099,9082
yolov8x_training,2053.016819,83,207.706,13370.3125,32,2085,10001,"[0, 100000]","[0, 100000]",0,0,4199,13330
yolov8x_training,2054.059694,81,211.086,13370.3125,100,690,10001,"[0, 100000]","[0, 100000]",0,0,341,292
yolov8x_training,2055.102408,81,203.251,13370.3125,74,855,10001,"[0, 100000]","[0, 100000]",0,0,2343,9082
yolov8x_training,2056.145190,84,210.888,13370.3125,100,2220,10001,"[0, 100000]","[0, 100000]",0,0,5078,12500
yolov8x_training,2057.187701,80,211.975,13370.3125,96,660,10001,"[0, 100000]","[0, 100000]",0,0,341,1041162
yolov8x_training,2058.230878,83,204.724,13370.3125,97,1252,10001,"[0, 100000]","[0, 100000]",0,0,2001,9277
yolov8x_training,2059.302643,80,204.813,13370.3125,61,645,10001,"[0, 100000]","[0, 100000]",0,0,14941,19628
yolov8x_training,2060.345520,83,204.863,13370.3125,96,2505,10001,"[0, 100000]","[0, 100000]",0,0,341,292
yolov8x_training,2061.388122,83,209.523,13370.3125,39,645,10001,"[0, 100000]","[0, 100000]",0,0,2636,11279
yolov8x_training,2062.431188,82,203.532,13370.3125,97,2505,10001,"[0, 100000]","[0, 100000]",0,0,5566,100830
yolov8x_training,2063.505022,82,210.148,13370.3125,45,675,10001,"[0, 100000]","[0, 100000]",0,0,1025,292
yolov8x_training,2064.548041,81,203.300,13370.3125,97,1320,10001,"[0, 100000]","[0, 100000]",0,0,3613,15185
yolov8x_training,2065.590895,84,209.638,13370.3125,30,705,10001,"[0, 100000]","[0, 100000]",0,0,3173,35253
yolov8x_training,2066.672312,81,204.176,13370.3125,100,795,10001,"[0, 100000]","[0, 100000]",0,0,1464,488
yolov8x_training,2067.714586,84,204.127,13370.3125,19,2235,10001,"[0, 100000]","[0, 100000]",0,0,3613,12841
yolov8x_training,2068.802875,80,209.295,13370.3125,100,660,10001,"[0, 100000]","[0, 100000]",0,0,14892,17919
yolov8x_training,2069.845558,83,203.512,13370.3125,56,2505,10001,"[0, 100000]","[0, 100000]",0,0,439,341
yolov8x_training,2070.888326,82,209.357,13370.3125,100,675,10001,"[0, 100000]","[0, 100000]",0,0,3076,12011
yolov8x_training,2071.968927,82,203.531,13370.3125,51,2505,10001,"[0, 100000]","[0, 100000]",0,0,14746,24609
yolov8x_training,2073.011647,84,211.541,13370.3125,100,660,10001,"[0, 100000]","[0, 100000]",0,0,439,341
yolov8x_training,2074.053803,80,203.693,13370.3125,92,630,10001,"[0, 100000]","[0, 100000]",0,0,2392,11474
yolov8x_training,2075.123874,84,217.519,13370.3125,100,2490,10001,"[0, 100000]","[0, 100000]",0,0,15136,22900
yolov8x_training,2076.166672,80,213.259,13370.3125,96,630,10001,"[0, 100000]","[0, 100000]",0,0,439,341
yolov8x_training,2077.208861,84,207.161,13370.3125,79,2505,10001,"[0, 100000]","[0, 100000]",0,0,2294,11523
yolov8x_training,2078.255326,83,211.811,13370.3125,23,660,10001,"[0, 100000]","[0, 100000]",0,0,15185,21484
yolov8x_training,2079.298559,83,204.527,13370.3125,100,795,10001,"[0, 100000]","[0, 100000]",0,0,439,341
yolov8x_training,2080.340647,84,214.177,13370.3125,56,675,10001,"[0, 100000]","[0, 100000]",0,0,2246,9228
yolov8x_training,2081.382954,82,205.850,13370.3125,100,1215,10001,"[0, 100000]","[0, 100000]",0,0,3320,23242
yolov8x_training,2082.425610,83,202.136,13370.3125,74,915,10001,"[0, 100000]","[0, 100000]",0,0,439,341
yolov8x_training,2083.467813,85,212.077,13370.3125,100,810,10001,"[0, 100000]","[0, 100000]",0,0,2343,10449
yolov8x_training,2084.510287,83,201.894,13370.3125,96,2190,10001,"[0, 100000]","[0, 100000]",0,0,89746,22802
yolov8x_training,2085.600580,82,186.490,13370.3125,92,2505,10001,"[0, 100000]","[0, 100000]",0,0,3955,14306
yolov8x_training,2086.643544,81,188.865,13370.3125,92,750,10001,"[0, 100000]","[0, 100000]",0,0,2490,11279
yolov8x_training,2087.687135,80,194.557,13370.3125,100,705,10001,"[0, 100000]","[0, 100000]",0,0,2148,5517
yolov8x_training,2088.730015,80,193.868,13370.3125,100,825,10001,"[0, 100000]","[0, 100000]",0,0,341,244
yolov8x_training,2089.772818,84,198.460,13370.3125,99,645,10001,"[0, 100000]","[0, 100000]",0,0,3222,16455
yolov8x_training,2090.815969,82,208.339,13370.3125,96,945,10001,"[0, 100000]","[0, 100000]",0,0,4638,102978
yolov8x_training,2091.891226,83,201.586,13370.3125,24,1785,10001,"[0, 100000]","[0, 100000]",0,0,341,292
yolov8x_training,2092.933900,84,205.071,13370.3125,100,660,10001,"[0, 100000]","[0, 100000]",0,0,2441,8496
yolov8x_training,2093.979951,82,210.788,13370.3125,65,2505,10001,"[0, 100000]","[0, 100000]",0,0,14550,22265
yolov8x_training,2095.022992,84,212.503,13370.3125,100,690,10001,"[0, 100000]","[0, 100000]",0,0,341,292
yolov8x_training,2096.065730,81,205.490,13370.3125,87,660,10001,"[0, 100000]","[0, 100000]",0,0,2490,9716
yolov8x_training,2097.108825,84,212.677,13370.3125,98,2505,10001,"[0, 100000]","[0, 100000]",0,0,4394,28076
yolov8x_training,2098.151650,82,213.236,13370.3125,96,675,10001,"[0, 100000]","[0, 100000]",0,0,341,1036279
yolov8x_training,2099.194614,83,204.051,13370.3125,32,1080,10001,"[0, 100000]","[0, 100000]",0,0,2392,8789
yolov8x_training,2100.238529,84,215.770,13370.3125,17,660,10001,"[0, 100000]","[0, 100000]",0,0,14550,23046
yolov8x_training,2101.281493,83,206.215,13370.3125,100,660,10001,"[0, 100000]","[0, 100000]",0,0,341,292
yolov8x_training,2102.324449,84,207.039,13370.3125,28,660,10001,"[0, 100000]","[0, 100000]",0,0,2832,11328
yolov8x_training,2103.399297,80,205.955,13370.3125,100,780,10001,"[0, 100000]","[0, 100000]",0,0,14697,24218
yolov8x_training,2104.442347,84,204.804,13370.3125,51,675,10001,"[0, 100000]","[0, 100000]",0,0,292,292
yolov8x_training,2105.485038,80,203.240,13370.3125,100,675,10001,"[0, 100000]","[0, 100000]",0,0,3076,12158
yolov8x_training,2106.527913,84,205.074,13370.3125,59,690,10001,"[0, 100000]","[0, 100000]",0,0,5273,98779
yolov8x_training,2107.611621,80,208.195,13370.3125,100,675,10001,"[0, 100000]","[0, 100000]",0,0,390,292
yolov8x_training,2108.654337,84,202.187,13370.3125,48,1252,10001,"[0, 100000]","[0, 100000]",0,0,2539,21093
yolov8x_training,2109.697157,80,209.787,13370.3125,100,630,10001,"[0, 100000]","[0, 100000]",0,0,89306,20605
yolov8x_training,2110.740560,84,197.393,13370.3125,47,2505,10001,"[0, 100000]","[0, 100000]",0,0,2001,9033
yolov8x_training,2111.783715,80,208.688,13370.3125,100,675,10001,"[0, 100000]","[0, 100000]",0,0,13964,19775
yolov8x_training,2112.826672,83,205.120,13370.3125,65,960,10001,"[0, 100000]","[0, 100000]",0,0,341,292
yolov8x_training,2113.869303,82,211.301,13370.3125,100,630,10001,"[0, 100000]","[0, 100000]",0,0,2734,11132
yolov8x_training,2114.912250,83,201.960,13370.3125,61,2505,10001,"[0, 100000]","[0, 100000]",0,0,4492,99414
yolov8x_training,2116.001068,83,211.142,13370.3125,100,660,10001,"[0, 100000]","[0, 100000]",0,0,12158,292
yolov8x_training,2117.044515,84,191.754,13370.3125,0,1770,10001,"[0, 100000]","[0, 100000]",0,0,341,292
yolov8x_training,2118.087727,84,176.530,13370.3125,15,2505,10001,"[0, 100000]","[0, 100000]",0,0,341,322753
yolov8x_training,2119.153656,83,172.786,13370.3125,27,2505,10001,"[0, 100000]","[0, 100000]",0,0,14062,28759
yolov8x_training,2120.197309,83,173.456,13370.3125,83,2505,10001,"[0, 100000]","[0, 100000]",0,0,2539,12402
yolov8x_training,2121.240617,83,178.669,13370.3125,91,1252,10001,"[0, 100000]","[0, 100000]",0,0,2294,9326
yolov8x_training,2122.283813,82,197.109,13370.3125,100,1095,10001,"[0, 100000]","[0, 100000]",0,0,89062,17919
yolov8x_training,2123.327009,83,204.301,13370.3125,83,1695,10001,"[0, 100000]","[0, 100000]",0,0,2246,7080
yolov8x_training,2124.368811,84,211.983,13370.3125,100,675,10001,"[0, 100000]","[0, 100000]",0,0,4150,14990
yolov8x_training,2125.411837,83,201.040,13370.3125,95,2325,10001,"[0, 100000]","[0, 100000]",0,0,341,1028759
yolov8x_training,2126.454537,84,204.148,13370.3125,96,660,10001,"[0, 100000]","[0, 100000]",0,0,2490,7617
yolov8x_training,2127.497588,83,206.382,13370.3125,98,2505,10001,"[0, 100000]","[0, 100000]",0,0,6347,29492
yolov8x_training,2128.540929,83,211.999,13370.3125,69,720,10001,"[0, 100000]","[0, 100000]",0,0,341,292
yolov8x_training,2129.583539,83,204.501,13370.3125,98,840,10001,"[0, 100000]","[0, 100000]",0,0,2246,11962
yolov8x_training,2130.666591,83,201.632,13370.3125,41,1650,10001,"[0, 100000]","[0, 100000]",0,0,15185,22265
yolov8x_training,2131.709430,81,203.469,13370.3125,99,810,10001,"[0, 100000]","[0, 100000]",0,0,341,292
yolov8x_training,2132.752480,84,200.643,13370.3125,28,2070,10001,"[0, 100000]","[0, 100000]",0,0,2392,11328
yolov8x_training,2133.829339,81,206.005,13370.3125,99,645,10001,"[0, 100000]","[0, 100000]",0,0,15087,22705
yolov8x_training,2134.872311,83,199.048,13370.3125,27,2325,10001,"[0, 100000]","[0, 100000]",0,0,341,1040771
yolov8x_training,2135.915403,83,209.423,13370.3125,100,645,10001,"[0, 100000]","[0, 100000]",0,0,2392,7763
yolov8x_training,2136.959055,82,201.947,13370.3125,56,1140,10001,"[0, 100000]","[0, 100000]",0,0,2783,24218
yolov8x_training,2138.002123,84,214.735,13370.3125,100,660,10001,"[0, 100000]","[0, 100000]",0,0,390,1031152
yolov8x_training,2139.045074,80,205.613,13370.3125,98,690,10001,"[0, 100000]","[0, 100000]",0,0,2050,8984
yolov8x_training,2140.088169,84,210.200,13370.3125,79,2505,10001,"[0, 100000]","[0, 100000]",0,0,3222,19042
yolov8x_training,2141.131050,81,208.468,13370.3125,98,630,10001,"[0, 100000]","[0, 100000]",0,0,341,244
yolov8x_training,2142.173767,83,203.313,13370.3125,40,705,10001,"[0, 100000]","[0, 100000]",0,0,2343,10888
yolov8x_training,2143.238408,83,213.565,13370.3125,24,675,10001,"[0, 100000]","[0, 100000]",0,0,15185,16943
yolov8x_training,2144.281590,83,203.597,13370.3125,99,825,10001,"[0, 100000]","[0, 100000]",0,0,341,292
yolov8x_training,2145.324292,84,209.263,13370.3125,21,675,10001,"[0, 100000]","[0, 100000]",0,0,3662,14648
yolov8x_training,2146.367457,81,202.947,13370.3125,99,720,10001,"[0, 100000]","[0, 100000]",0,0,4638,103710
yolov8x_training,2147.456073,84,210.520,13370.3125,24,660,10001,"[0, 100000]","[0, 100000]",0,0,1123,292
yolov8x_training,2148.499016,81,201.731,13370.3125,100,720,10001,"[0, 100000]","[0, 100000]",0,0,2978,19091
yolov8x_training,2149.542279,84,214.922,13370.3125,18,2475,10001,"[0, 100000]","[0, 100000]",0,0,4785,101367
yolov8x_training,2150.624495,80,205.933,13370.3125,100,660,10001,"[0, 100000]","[0, 100000]",0,0,585,292
yolov8x_training,2151.667315,83,206.682,13370.3125,41,915,10001,"[0, 100000]","[0, 100000]",0,0,2636,11474
yolov8x_training,2152.710317,80,211.673,13370.3125,100,660,10001,"[0, 100000]","[0, 100000]",0,0,5468,102734
yolov8x_training,2153.783024,84,199.684,13370.3125,67,1020,10001,"[0, 100000]","[0, 100000]",0,0,1123,292
yolov8x_training,2154.825709,82,211.995,13370.3125,100,660,10001,"[0, 100000]","[0, 100000]",0,0,3515,15966
yolov8x_training,2155.868595,81,203.725,13370.3125,78,675,10001,"[0, 100000]","[0, 100000]",0,0,4394,103515
yolov8x_training,2156.958198,84,214.074,13370.3125,100,675,10001,"[0, 100000]","[0, 100000]",0,0,878,292
yolov8x_training,2158.000916,81,203.192,13370.3125,88,690,10001,"[0, 100000]","[0, 100000]",0,0,3710,14453
yolov8x_training,2159.044295,84,216.135,13370.3125,100,2550,10001,"[0, 100000]","[0, 100000]",0,0,3906,30908
yolov8x_training,2160.118277,80,204.606,13370.3125,98,660,10001,"[0, 100000]","[0, 100000]",0,0,1562,2246
yolov8x_training,2161.161427,84,205.597,13370.3125,100,1252,10001,"[0, 100000]","[0, 100000]",0,0,2636,20703
yolov8x_training,2162.203825,80,212.150,13370.3125,98,690,10001,"[0, 100000]","[0, 100000]",0,0,90722,37109
yolov8x_training,2163.281265,84,209.874,13370.3125,98,1605,10001,"[0, 100000]","[0, 100000]",0,0,341,292
yolov8x_training,2164.323933,83,211.337,13370.3125,25,645,10001,"[0, 100000]","[0, 100000]",0,0,3417,15917
yolov8x_training,2165.366979,82,202.145,13370.3125,99,720,10001,"[0, 100000]","[0, 100000]",0,0,3759,33251
yolov8x_training,2166.439369,83,210.282,13370.3125,39,660,10001,"[0, 100000]","[0, 100000]",0,0,2197,3710
yolov8x_training,2167.482714,81,203.582,13370.3125,99,675,10001,"[0, 100000]","[0, 100000]",0,0,2832,13037
yolov8x_training,2168.525812,83,211.786,13370.3125,43,660,10001,"[0, 100000]","[0, 100000]",0,0,341,1037500
yolov8x_training,2169.568779,82,203.967,13370.3125,100,660,10001,"[0, 100000]","[0, 100000]",0,0,2197,10449
yolov8x_training,2170.630746,84,213.312,13370.3125,88,2460,10001,"[0, 100000]","[0, 100000]",0,0,15185,16943
yolov8x_training,2171.673952,81,205.308,13370.3125,100,660,10001,"[0, 100000]","[0, 100000]",0,0,341,292
yolov8x_training,2172.716836,84,206.838,13370.3125,98,2505,10001,"[0, 100000]","[0, 100000]",0,0,2001,10449
yolov8x_training,2173.772940,80,206.555,13370.3125,76,645,10001,"[0, 100000]","[0, 100000]",0,0,15087,22265
yolov8x_training,2174.815988,84,203.669,13370.3125,98,1170,10001,"[0, 100000]","[0, 100000]",0,0,292,341
yolov8x_training,2175.858648,84,205.750,13370.3125,63,645,10001,"[0, 100000]","[0, 100000]",0,0,3173,13964
yolov8x_training,2176.901603,83,205.983,13370.3125,98,915,10001,"[0, 100000]","[0, 100000]",0,0,6103,101757
yolov8x_training,2177.976916,83,202.982,13370.3125,60,645,10001,"[0, 100000]","[0, 100000]",0,0,390,292
yolov8x_training,2179.019624,82,204.181,13370.3125,99,690,10001,"[0, 100000]","[0, 100000]",0,0,2197,17822
yolov8x_training,2180.061785,83,201.782,13370.3125,44,2220,10001,"[0, 100000]","[0, 100000]",0,0,90380,27197
yolov8x_training,2181.146716,83,213.577,13370.3125,98,615,10001,"[0, 100000]","[0, 100000]",0,0,1171,292
yolov8x_training,2182.189464,84,203.146,13370.3125,29,2265,10001,"[0, 100000]","[0, 100000]",0,0,2539,12500
yolov8x_training,2183.232826,81,214.546,13370.3125,98,645,10001,"[0, 100000]","[0, 100000]",0,0,90234,27880
yolov8x_training,2184.314144,84,204.214,13370.3125,100,2535,10001,"[0, 100000]","[0, 100000]",0,0,1318,292
yolov8x_training,2185.357389,85,213.391,13370.3125,18,645,10001,"[0, 100000]","[0, 100000]",0,0,2685,11718
yolov8x_training,2186.400358,83,212.783,13370.3125,100,855,10001,"[0, 100000]","[0, 100000]",0,0,5859,102978
yolov8x_training,2187.473670,83,202.467,13370.3125,62,630,10001,"[0, 100000]","[0, 100000]",0,0,634,292
yolov8x_training,2188.516488,82,204.090,13370.3125,100,720,10001,"[0, 100000]","[0, 100000]",0,0,2197,17675
yolov8x_training,2189.559327,84,202.612,13370.3125,82,2460,10001,"[0, 100000]","[0, 100000]",0,0,6250,102832
yolov8x_training,2190.634656,81,206.800,13370.3125,100,675,10001,"[0, 100000]","[0, 100000]",0,0,439,292
yolov8x_training,2191.677366,84,205.673,13370.3125,98,2505,10001,"[0, 100000]","[0, 100000]",0,0,3222,11523
yolov8x_training,2192.759482,80,208.748,13370.3125,70,630,10001,"[0, 100000]","[0, 100000]",0,0,15087,22656
yolov8x_training,2193.802423,84,204.277,13370.3125,98,1125,10001,"[0, 100000]","[0, 100000]",0,0,341,292
yolov8x_training,2194.845435,84,205.774,13370.3125,60,675,10001,"[0, 100000]","[0, 100000]",0,0,3271,11914
yolov8x_training,2195.888428,83,208.707,13370.3125,98,690,10001,"[0, 100000]","[0, 100000]",0,0,5761,102685
yolov8x_training,2196.964466,83,203.923,13370.3125,55,645,10001,"[0, 100000]","[0, 100000]",0,0,927,341
yolov8x_training,2198.007209,82,203.406,13370.3125,98,675,10001,"[0, 100000]","[0, 100000]",0,0,2392,19140
yolov8x_training,2199.050642,84,203.404,13370.3125,47,2505,10001,"[0, 100000]","[0, 100000]",0,0,4150,29833
yolov8x_training,2200.126364,81,212.096,13370.3125,99,675,10001,"[0, 100000]","[0, 100000]",0,0,1611,927
yolov8x_training,2201.169467,84,203.178,13370.3125,22,2505,10001,"[0, 100000]","[0, 100000]",0,0,2832,10449
yolov8x_training,2202.212458,81,214.703,13370.3125,98,675,10001,"[0, 100000]","[0, 100000]",0,0,89062,16992
yolov8x_training,2203.255915,84,204.802,13370.3125,100,1252,10001,"[0, 100000]","[0, 100000]",0,0,2001,9570
yolov8x_training,2204.298934,80,214.480,13370.3125,48,675,10001,"[0, 100000]","[0, 100000]",0,0,3515,10791
yolov8x_training,2205.341871,84,203.271,13370.3125,100,690,10001,"[0, 100000]","[0, 100000]",0,0,390,1039941
yolov8x_training,2206.384491,83,204.558,13370.3125,62,675,10001,"[0, 100000]","[0, 100000]",0,0,2441,8349
yolov8x_training,2207.436939,82,210.799,13370.3125,100,690,10001,"[0, 100000]","[0, 100000]",0,0,14794,18750
yolov8x_training,2208.479911,84,201.229,13370.3125,81,690,10001,"[0, 100000]","[0, 100000]",0,0,341,292
yolov8x_training,2209.522538,81,204.191,13370.3125,100,705,10001,"[0, 100000]","[0, 100000]",0,0,2490,11376
yolov8x_training,2210.565533,84,196.547,13370.3125,94,2505,10001,"[0, 100000]","[0, 100000]",0,0,5761,98730
yolov8x_training,2211.643068,81,202.654,13370.3125,100,645,10001,"[0, 100000]","[0, 100000]",0,0,634,292
yolov8x_training,2212.685779,84,204.158,13370.3125,79,2505,10001,"[0, 100000]","[0, 100000]",0,0,3613,14599
yolov8x_training,2213.729004,80,207.344,13370.3125,100,780,10001,"[0, 100000]","[0, 100000]",0,0,1757,292
yolov8x_training,2214.771918,80,188.836,13370.3125,76,765,10001,"[0, 100000]","[0, 100000]",0,0,341,1032666
yolov8x_training,2215.815487,84,190.480,13370.3125,34,1695,10001,"[0, 100000]","[0, 100000]",0,0,3222,13916
yolov8x_training,2216.858570,84,181.940,13370.3125,84,2505,10001,"[0, 100000]","[0, 100000]",0,0,2294,8349
yolov8x_training,2217.902191,84,174.466,13370.3125,92,2505,10001,"[0, 100000]","[0, 100000]",0,0,1611,2197
yolov8x_training,2218.945238,83,184.383,13370.3125,91,2505,10001,"[0, 100000]","[0, 100000]",0,0,341,244
yolov8x_training,2219.988219,83,186.505,13370.3125,91,2505,10001,"[0, 100000]","[0, 100000]",0,0,89697,22167
yolov8x_training,2221.078626,80,205.513,13370.3125,100,645,10001,"[0, 100000]","[0, 100000]",0,0,16796,14355
yolov8x_training,2222.121550,83,202.345,13370.3125,22,735,10001,"[0, 100000]","[0, 100000]",0,0,2490,20068
yolov8x_training,2223.164507,80,205.575,13370.3125,100,660,10001,"[0, 100000]","[0, 100000]",0,0,88818,15771
yolov8x_training,2224.208522,83,204.356,13370.3125,39,795,10001,"[0, 100000]","[0, 100000]",0,0,2001,9228
yolov8x_training,2225.251456,80,202.363,13370.3125,64,645,10001,"[0, 100000]","[0, 100000]",0,0,5517,26464
yolov8x_training,2226.294400,83,203.994,13370.3125,100,675,10001,"[0, 100000]","[0, 100000]",0,0,341,292
yolov8x_training,2227.336959,83,201.473,13370.3125,87,660,10001,"[0, 100000]","[0, 100000]",0,0,2343,11474
yolov8x_training,2228.421908,82,202.810,13370.3125,100,675,10001,"[0, 100000]","[0, 100000]",0,0,14746,25341
yolov8x_training,2229.464920,83,202.326,13370.3125,73,675,10001,"[0, 100000]","[0, 100000]",0,0,341,292
yolov8x_training,2230.507793,81,203.100,13370.3125,100,675,10001,"[0, 100000]","[0, 100000]",0,0,2832,11767
yolov8x_training,2231.550707,84,200.814,13370.3125,90,2505,10001,"[0, 100000]","[0, 100000]",0,0,5859,101708
yolov8x_training,2232.619608,80,204.439,13370.3125,100,645,10001,"[0, 100000]","[0, 100000]",0,0,1367,488
yolov8x_training,2233.662530,84,199.346,13370.3125,84,2505,10001,"[0, 100000]","[0, 100000]",0,0,2734,12451
yolov8x_training,2234.705708,81,213.517,13370.3125,100,675,10001,"[0, 100000]","[0, 100000]",0,0,292,1041455
yolov8x_training,2235.748776,84,203.997,13370.3125,93,1252,10001,"[0, 100000]","[0, 100000]",0,0,2001,8398
yolov8x_training,2236.791767,80,215.336,13370.3125,94,645,10001,"[0, 100000]","[0, 100000]",0,0,4394,13378
yolov8x_training,2237.834672,84,205.898,13370.3125,96,750,10001,"[0, 100000]","[0, 100000]",0,0,341,1033593
yolov8x_training,2238.877394,82,206.146,13370.3125,55,660,10001,"[0, 100000]","[0, 100000]",0,0,2099,9228
yolov8x_training,2239.932868,83,203.754,13370.3125,97,690,10001,"[0, 100000]","[0, 100000]",0,0,14892,24218
yolov8x_training,2240.975746,82,203.324,13370.3125,56,660,10001,"[0, 100000]","[0, 100000]",0,0,341,341
yolov8x_training,2242.018358,82,210.584,13370.3125,96,945,10001,"[0, 100000]","[0, 100000]",0,0,3222,10839
yolov8x_training,2243.061243,84,202.088,13370.3125,37,1252,10001,"[0, 100000]","[0, 100000]",0,0,5126,99511
yolov8x_training,2244.133351,82,203.755,13370.3125,97,660,10001,"[0, 100000]","[0, 100000]",0,0,1171,292
yolov8x_training,2245.176062,84,204.560,13370.3125,30,1252,10001,"[0, 100000]","[0, 100000]",0,0,3173,12792
yolov8x_training,2246.251985,80,214.741,13370.3125,100,630,10001,"[0, 100000]","[0, 100000]",0,0,14746,24853
yolov8x_training,2247.294980,83,208.502,13370.3125,100,690,10001,"[0, 100000]","[0, 100000]",0,0,341,292
yolov8x_training,2248.337557,80,205.790,13370.3125,58,690,10001,"[0, 100000]","[0, 100000]",0,0,2587,8935
yolov8x_training,2249.415771,82,208.397,13370.3125,100,720,10001,"[0, 100000]","[0, 100000]",0,0,14843,25195
yolov8x_training,2250.458819,84,203.306,13370.3125,80,660,10001,"[0, 100000]","[0, 100000]",0,0,341,292
yolov8x_training,2251.501459,81,204.924,13370.3125,100,915,10001,"[0, 100000]","[0, 100000]",0,0,3271,11328
yolov8x_training,2252.569085,84,198.040,13370.3125,96,780,10001,"[0, 100000]","[0, 100000]",0,0,14746,24316
yolov8x_training,2253.612122,84,207.471,13370.3125,79,660,10001,"[0, 100000]","[0, 100000]",0,0,341,292
yolov8x_training,2254.654757,83,211.768,13370.3125,96,1192,10001,"[0, 100000]","[0, 100000]",0,0,2148,8789
yolov8x_training,2255.709552,84,205.240,13370.3125,23,720,10001,"[0, 100000]","[0, 100000]",0,0,14892,24267
yolov8x_training,2256.752381,82,203.789,13370.3125,96,1005,10001,"[0, 100000]","[0, 100000]",0,0,341,292
yolov8x_training,2257.794956,84,200.727,13370.3125,19,930,10001,"[0, 100000]","[0, 100000]",0,0,3027,10937
yolov8x_training,2258.866454,84,216.513,13370.3125,100,810,10001,"[0, 100000]","[0, 100000]",0,0,14941,24707
yolov8x_training,2259.909460,83,204.258,13370.3125,14,1905,10001,"[0, 100000]","[0, 100000]",0,0,341,292
yolov8x_training,2260.952055,84,208.064,13370.3125,100,645,10001,"[0, 100000]","[0, 100000]",0,0,3320,11914
yolov8x_training,2262.034914,83,203.349,13370.3125,35,2310,10001,"[0, 100000]","[0, 100000]",0,0,14941,21386
yolov8x_training,2263.077721,82,210.979,13370.3125,100,660,10001,"[0, 100000]","[0, 100000]",0,0,341,292
yolov8x_training,2264.120290,82,203.706,13370.3125,63,690,10001,"[0, 100000]","[0, 100000]",0,0,3222,13623
yolov8x_training,2265.208301,83,199.721,13370.3125,100,690,10001,"[0, 100000]","[0, 100000]",0,0,15039,25488
yolov8x_training,2266.251230,82,203.455,13370.3125,82,1050,10001,"[0, 100000]","[0, 100000]",0,0,341,341
yolov8x_training,2267.293920,84,201.661,13370.3125,86,735,10001,"[0, 100000]","[0, 100000]",0,0,3173,12597
yolov8x_training,2268.336713,81,205.071,13370.3125,100,765,10001,"[0, 100000]","[0, 100000]",0,0,341,292
yolov8x_training,2269.379879,80,192.389,13370.3125,71,675,10001,"[0, 100000]","[0, 100000]",0,0,5859,92871
yolov8x_training,2270.453952,84,190.689,13370.3125,35,660,10001,"[0, 100000]","[0, 100000]",0,0,2587,20898
yolov8x_training,2271.496901,84,190.164,13370.3125,8,660,10001,"[0, 100000]","[0, 100000]",0,0,2148,11962
yolov8x_training,2272.539916,84,185.914,13370.3125,0,660,10001,"[0, 100000]","[0, 100000]",0,0,13720,11328
yolov8x_training,2273.583419,84,180.949,13370.3125,1,1725,10001,"[0, 100000]","[0, 100000]",0,0,89550,22314
yolov8x_training,2274.669374,80,208.076,13370.3125,100,630,10001,"[0, 100000]","[0, 100000]",0,0,1171,292
yolov8x_training,2275.712176,83,208.859,13370.3125,65,2505,10001,"[0, 100000]","[0, 100000]",0,0,2685,11181
yolov8x_training,2276.754900,80,212.001,13370.3125,100,645,10001,"[0, 100000]","[0, 100000]",0,0,3906,31982
yolov8x_training,2277.824231,83,204.206,13370.3125,79,1252,10001,"[0, 100000]","[0, 100000]",0,0,1123,292
yolov8x_training,2278.866951,84,209.045,13370.3125,100,690,10001,"[0, 100000]","[0, 100000]",0,0,3515,15136
yolov8x_training,2279.909749,81,204.044,13370.3125,89,2505,10001,"[0, 100000]","[0, 100000]",0,0,2929,37695
yolov8x_training,2280.985770,84,216.512,13370.3125,100,645,10001,"[0, 100000]","[0, 100000]",0,0,683,341
yolov8x_training,2282.028847,80,206.480,13370.3125,95,690,10001,"[0, 100000]","[0, 100000]",0,0,3515,12255
yolov8x_training,2283.113139,83,202.657,13370.3125,78,1252,10001,"[0, 100000]","[0, 100000]",0,0,14697,19140
yolov8x_training,2284.156027,80,205.525,13370.3125,95,675,10001,"[0, 100000]","[0, 100000]",0,0,341,292
yolov8x_training,2285.198698,83,205.026,13370.3125,43,930,10001,"[0, 100000]","[0, 100000]",0,0,2587,11279
yolov8x_training,2286.279921,84,215.143,13370.3125,16,660,10001,"[0, 100000]","[0, 100000]",0,0,14746,25732
yolov8x_training,2287.322921,83,207.540,13370.3125,100,765,10001,"[0, 100000]","[0, 100000]",0,0,292,341
yolov8x_training,2288.365528,84,210.081,13370.3125,63,720,10001,"[0, 100000]","[0, 100000]",0,0,1953,6884
yolov8x_training,2289.408557,85,205.830,13370.3125,100,810,10001,"[0, 100000]","[0, 100000]",0,0,4492,14306
yolov8x_training,2290.451516,83,202.007,13370.3125,96,2115,10001,"[0, 100000]","[0, 100000]",0,0,390,1033007
yolov8x_training,2291.494446,83,212.243,13370.3125,44,675,10001,"[0, 100000]","[0, 100000]",0,0,2099,6005
yolov8x_training,2292.537980,82,204.677,13370.3125,95,2505,10001,"[0, 100000]","[0, 100000]",0,0,3515,12207
yolov8x_training,2293.580884,83,212.481,13370.3125,40,885,10001,"[0, 100000]","[0, 100000]",0,0,341,1033447
yolov8x_training,2294.623662,81,202.273,13370.3125,100,645,10001,"[0, 100000]","[0, 100000]",0,0,2148,9716
yolov8x_training,2295.667014,83,206.097,13370.3125,18,2415,10001,"[0, 100000]","[0, 100000]",0,0,4248,14892
yolov8x_training,2296.709820,80,211.694,13370.3125,100,645,10001,"[0, 100000]","[0, 100000]",0,0,292,1028369
yolov8x_training,2297.752724,84,204.321,13370.3125,50,2505,10001,"[0, 100000]","[0, 100000]",0,0,2294,9472
yolov8x_training,2298.814622,80,209.897,13370.3125,100,675,10001,"[0, 100000]","[0, 100000]",0,0,15087,22705
yolov8x_training,2299.857578,84,203.078,13370.3125,71,2505,10001,"[0, 100000]","[0, 100000]",0,0,341,292
yolov8x_training,2300.902735,80,206.190,13370.3125,100,645,10001,"[0, 100000]","[0, 100000]",0,0,14306,22363
yolov8x_training,2301.946108,84,196.427,13370.3125,45,900,10001,"[0, 100000]","[0, 100000]",0,0,341,637548
yolov8x_training,2302.988908,80,210.551,13370.3125,100,660,10001,"[0, 100000]","[0, 100000]",0,0,3466,12011
yolov8x_training,2304.032099,84,190.212,13370.3125,71,645,10001,"[0, 100000]","[0, 100000]",0,0,341,292
yolov8x_training,2305.074754,81,203.539,13370.3125,96,825,10001,"[0, 100000]","[0, 100000]",0,0,3710,12548
yolov8x_training,2306.117916,84,215.209,13370.3125,100,2175,10001,"[0, 100000]","[0, 100000]",0,0,5664,100097
yolov8x_training,2307.185351,80,207.898,13370.3125,95,660,10001,"[0, 100000]","[0, 100000]",0,0,341,292
yolov8x_training,2308.227941,83,203.488,13370.3125,64,1207,10001,"[0, 100000]","[0, 100000]",0,0,2539,11572
yolov8x_training,2309.270792,81,212.995,13370.3125,55,720,10001,"[0, 100000]","[0, 100000]",0,0,5712,100439
yolov8x_training,2310.343914,84,205.685,13370.3125,95,2505,10001,"[0, 100000]","[0, 100000]",0,0,341,292
yolov8x_training,2311.386546,84,214.469,13370.3125,28,675,10001,"[0, 100000]","[0, 100000]",0,0,3222,12353
yolov8x_training,2312.429323,82,200.380,13370.3125,96,1185,10001,"[0, 100000]","[0, 100000]",0,0,4003,30957
yolov8x_training,2313.496534,84,211.256,13370.3125,43,675,10001,"[0, 100000]","[0, 100000]",0,0,1757,1464
yolov8x_training,2314.540035,82,204.875,13370.3125,97,2505,10001,"[0, 100000]","[0, 100000]",0,0,2587,13085
yolov8x_training,2315.583004,84,212.498,13370.3125,23,855,10001,"[0, 100000]","[0, 100000]",0,0,341,1029150
yolov8x_training,2316.625538,81,203.936,13370.3125,96,705,10001,"[0, 100000]","[0, 100000]",0,0,2099,9619
yolov8x_training,2317.670836,84,198.590,13370.3125,12,1875,10001,"[0, 100000]","[0, 100000]",0,0,14794,26074
yolov8x_training,2318.713969,80,207.962,13370.3125,100,645,10001,"[0, 100000]","[0, 100000]",0,0,292,292
yolov8x_training,2319.756888,84,204.446,13370.3125,28,2490,10001,"[0, 100000]","[0, 100000]",0,0,2246,11230
yolov8x_training,2320.823782,80,211.933,13370.3125,100,630,10001,"[0, 100000]","[0, 100000]",0,0,14794,19677
yolov8x_training,2321.866707,83,204.748,13370.3125,50,2505,10001,"[0, 100000]","[0, 100000]",0,0,341,292
yolov8x_training,2322.909455,82,212.063,13370.3125,100,675,10001,"[0, 100000]","[0, 100000]",0,0,2783,10595
yolov8x_training,2323.952356,83,203.877,13370.3125,68,1252,10001,"[0, 100000]","[0, 100000]",0,0,6152,99316
yolov8x_training,2325.031619,83,210.131,13370.3125,100,645,10001,"[0, 100000]","[0, 100000]",0,0,16357,292
yolov8x_training,2326.074515,82,205.395,13370.3125,61,720,10001,"[0, 100000]","[0, 100000]",0,0,3515,14843
yolov8x_training,2327.117280,84,213.033,13370.3125,100,1770,10001,"[0, 100000]","[0, 100000]",0,0,4052,100146
yolov8x_training,2328.210180,81,205.938,13370.3125,84,630,10001,"[0, 100000]","[0, 100000]",0,0,8642,292
yolov8x_training,2329.252910,84,201.070,13370.3125,100,2145,10001,"[0, 100000]","[0, 100000]",0,0,3613,15087
yolov8x_training,2330.296323,81,204.212,13370.3125,100,660,10001,"[0, 100000]","[0, 100000]",0,0,90380,25537
yolov8x_training,2331.384318,84,200.388,13370.3125,90,2190,10001,"[0, 100000]","[0, 100000]",0,0,1562,114794
yolov8x_training,2332.427254,83,203.064,13370.3125,100,780,10001,"[0, 100000]","[0, 100000]",0,0,2978,12646
yolov8x_training,2333.470212,84,202.190,13370.3125,70,2145,10001,"[0, 100000]","[0, 100000]",0,0,341,1027929
yolov8x_training,2334.513152,85,204.553,13370.3125,100,615,10001,"[0, 100000]","[0, 100000]",0,0,2001,9472
yolov8x_training,2335.556053,83,213.378,13370.3125,97,2505,10001,"[0, 100000]","[0, 100000]",0,0,3076,13525
yolov8x_training,2336.599265,83,210.142,13370.3125,59,705,10001,"[0, 100000]","[0, 100000]",0,0,341,1034472
yolov8x_training,2337.642099,83,203.261,13370.3125,97,795,10001,"[0, 100000]","[0, 100000]",0,0,2441,7714
yolov8x_training,2338.700570,83,202.538,13370.3125,42,1530,10001,"[0, 100000]","[0, 100000]",0,0,14941,21972
yolov8x_training,2339.743511,83,203.244,13370.3125,97,780,10001,"[0, 100000]","[0, 100000]",0,0,341,292
yolov8x_training,2340.786206,84,200.328,13370.3125,41,1755,10001,"[0, 100000]","[0, 100000]",0,0,2587,11132
yolov8x_training,2341.877593,84,212.233,13370.3125,95,690,10001,"[0, 100000]","[0, 100000]",0,0,14746,17675
yolov8x_training,2342.920568,84,201.104,13370.3125,24,1800,10001,"[0, 100000]","[0, 100000]",0,0,585,292
yolov8x_training,2343.963275,82,212.147,13370.3125,97,690,10001,"[0, 100000]","[0, 100000]",0,0,3759,14501
yolov8x_training,2345.006345,84,201.183,13370.3125,42,1845,10001,"[0, 100000]","[0, 100000]",0,0,3417,37255
yolov8x_training,2346.075783,84,206.230,13370.3125,96,660,10001,"[0, 100000]","[0, 100000]",0,0,1562,488
yolov8x_training,2347.118943,83,199.656,13370.3125,19,1335,10001,"[0, 100000]","[0, 100000]",0,0,2490,11572
yolov8x_training,2348.205978,84,200.483,13370.3125,100,735,10001,"[0, 100000]","[0, 100000]",0,0,14746,24658
yolov8x_training,2349.248897,83,204.957,13370.3125,56,825,10001,"[0, 100000]","[0, 100000]",0,0,341,341
yolov8x_training,2350.291520,83,202.949,13370.3125,71,1605,10001,"[0, 100000]","[0, 100000]",0,0,2783,11425
yolov8x_training,2351.381023,83,205.442,13370.3125,100,735,10001,"[0, 100000]","[0, 100000]",0,0,14843,24755
yolov8x_training,2352.423937,84,201.193,13370.3125,88,2235,10001,"[0, 100000]","[0, 100000]",0,0,292,292
yolov8x_training,2353.466498,85,204.323,13370.3125,100,630,10001,"[0, 100000]","[0, 100000]",0,0,2441,11425
yolov8x_training,2354.540740,84,201.977,13370.3125,95,2310,10001,"[0, 100000]","[0, 100000]",0,0,14990,27343
yolov8x_training,2355.583710,84,209.412,13370.3125,81,660,10001,"[0, 100000]","[0, 100000]",0,0,341,292
yolov8x_training,2356.626380,83,200.536,13370.3125,96,960,10001,"[0, 100000]","[0, 100000]",0,0,2783,10449
yolov8x_training,2357.669478,84,208.629,13370.3125,80,690,10001,"[0, 100000]","[0, 100000]",0,0,5664,100976
yolov8x_training,2358.739497,83,205.716,13370.3125,97,1320,10001,"[0, 100000]","[0, 100000]",0,0,488,292
yolov8x_training,2359.782218,82,205.507,13370.3125,62,795,10001,"[0, 100000]","[0, 100000]",0,0,3710,15039
yolov8x_training,2360.825121,83,210.501,13370.3125,96,780,10001,"[0, 100000]","[0, 100000]",0,0,3857,31347
yolov8x_training,2361.898718,84,203.055,13370.3125,40,1710,10001,"[0, 100000]","[0, 100000]",0,0,1367,439
yolov8x_training,2362.941527,83,212.006,13370.3125,95,705,10001,"[0, 100000]","[0, 100000]",0,0,2294,20800
yolov8x_training,2363.984404,84,201.652,13370.3125,41,1890,10001,"[0, 100000]","[0, 100000]",0,0,75781,34814
yolov8x_training,2365.060513,85,217.319,13370.3125,100,660,10001,"[0, 100000]","[0, 100000]",0,0,1171,292
yolov8x_training,2366.104090,83,206.173,13370.3125,17,1275,10001,"[0, 100000]","[0, 100000]",0,0,2880,11914
yolov8x_training,2367.196370,83,207.139,13370.3125,100,705,10001,"[0, 100000]","[0, 100000]",0,0,14697,25390
yolov8x_training,2368.239238,83,209.097,13370.3125,65,795,10001,"[0, 100000]","[0, 100000]",0,0,341,292
yolov8x_training,2369.281940,83,203.170,13370.3125,74,2175,10001,"[0, 100000]","[0, 100000]",0,0,2636,11083
yolov8x_training,2370.324929,83,204.394,13370.3125,100,675,10001,"[0, 100000]","[0, 100000]",0,0,6005,101318
yolov8x_training,2371.398343,84,202.986,13370.3125,70,2250,10001,"[0, 100000]","[0, 100000]",0,0,1171,341
yolov8x_training,2372.441034,84,204.301,13370.3125,100,630,10001,"[0, 100000]","[0, 100000]",0,0,2441,21093
yolov8x_training,2373.483946,84,201.713,13370.3125,83,2310,10001,"[0, 100000]","[0, 100000]",0,0,90722,26171
yolov8x_training,2374.570841,83,204.697,13370.3125,100,660,10001,"[0, 100000]","[0, 100000]",0,0,1562,1269
yolov8x_training,2375.613806,84,197.883,13370.3125,94,675,10001,"[0, 100000]","[0, 100000]",0,0,2392,21484
yolov8x_training,2376.656812,85,205.200,13370.3125,100,660,10001,"[0, 100000]","[0, 100000]",0,0,90087,26074
yolov8x_training,2377.742710,83,207.439,13370.3125,96,1305,10001,"[0, 100000]","[0, 100000]",0,0,927,341
yolov8x_training,2378.785342,83,210.458,13370.3125,69,1605,10001,"[0, 100000]","[0, 100000]",0,0,3613,14794
yolov8x_training,2379.828216,83,204.628,13370.3125,96,825,10001,"[0, 100000]","[0, 100000]",0,0,5664,100537
yolov8x_training,2380.912476,84,204.947,13370.3125,41,1905,10001,"[0, 100000]","[0, 100000]",0,0,488,292
yolov8x_training,2381.955182,83,204.607,13370.3125,96,660,10001,"[0, 100000]","[0, 100000]",0,0,3564,15478
yolov8x_training,2382.998199,84,202.778,13370.3125,44,2190,10001,"[0, 100000]","[0, 100000]",0,0,3466,34667
yolov8x_training,2384.070939,83,213.002,13370.3125,100,660,10001,"[0, 100000]","[0, 100000]",0,0,1757,1464
yolov8x_training,2385.114376,84,200.573,13370.3125,88,705,10001,"[0, 100000]","[0, 100000]",0,0,2441,21826
yolov8x_training,2386.157623,83,214.987,13370.3125,100,660,10001,"[0, 100000]","[0, 100000]",0,0,89160,17871
yolov8x_training,2387.201113,84,203.818,13370.3125,93,690,10001,"[0, 100000]","[0, 100000]",0,0,2148,8544
yolov8x_training,2388.244059,84,210.349,13370.3125,100,720,10001,"[0, 100000]","[0, 100000]",0,0,4150,12207
yolov8x_training,2389.287001,83,213.467,13370.3125,46,720,10001,"[0, 100000]","[0, 100000]",0,0,88720,15527
yolov8x_training,2390.329918,84,204.370,13370.3125,97,2115,10001,"[0, 100000]","[0, 100000]",0,0,2392,7812
yolov8x_training,2391.373366,85,212.755,13370.3125,24,615,10001,"[0, 100000]","[0, 100000]",0,0,4150,15673
yolov8x_training,2392.416521,84,203.878,13370.3125,100,2505,10001,"[0, 100000]","[0, 100000]",0,0,341,292
yolov8x_training,2393.459125,85,212.821,13370.3125,11,660,10001,"[0, 100000]","[0, 100000]",0,0,2148,10058
yolov8x_training,2394.502151,83,208.217,13370.3125,100,870,10001,"[0, 100000]","[0, 100000]",0,0,3906,24218
yolov8x_training,2395.544935,83,203.953,13370.3125,62,660,10001,"[0, 100000]","[0, 100000]",0,0,341,292
yolov8x_training,2396.587554,82,210.441,13370.3125,100,645,10001,"[0, 100000]","[0, 100000]",0,0,2246,10546
yolov8x_training,2397.630525,84,205.757,13370.3125,95,2505,10001,"[0, 100000]","[0, 100000]",0,0,4296,30468
yolov8x_training,2398.673446,80,216.514,13370.3125,80,615,10001,"[0, 100000]","[0, 100000]",0,0,390,292
yolov8x_training,2399.716669,84,205.868,13370.3125,96,720,10001,"[0, 100000]","[0, 100000]",0,0,2099,8642
yolov8x_training,2400.782547,80,202.351,13370.3125,43,660,10001,"[0, 100000]","[0, 100000]",0,0,14843,24658
yolov8x_training,2401.825463,84,203.662,13370.3125,96,915,10001,"[0, 100000]","[0, 100000]",0,0,341,292
yolov8x_training,2402.868101,82,203.740,13370.3125,38,690,10001,"[0, 100000]","[0, 100000]",0,0,3222,12841
yolov8x_training,2403.910914,82,204.518,13370.3125,96,690,10001,"[0, 100000]","[0, 100000]",0,0,6494,100976
yolov8x_training,2404.986198,84,201.558,13370.3125,43,645,10001,"[0, 100000]","[0, 100000]",0,0,1171,341
yolov8x_training,2406.028984,82,204.838,13370.3125,96,675,10001,"[0, 100000]","[0, 100000]",0,0,2294,12060
yolov8x_training,2407.071828,84,201.391,13370.3125,42,660,10001,"[0, 100000]","[0, 100000]",0,0,90673,27099
yolov8x_training,2408.157009,82,204.223,13370.3125,97,615,10001,"[0, 100000]","[0, 100000]",0,0,1953,2197
yolov8x_training,2409.200486,84,204.350,13370.3125,25,2475,10001,"[0, 100000]","[0, 100000]",0,0,3466,10791
yolov8x_training,2410.244445,81,212.617,13370.3125,97,660,10001,"[0, 100000]","[0, 100000]",0,0,90332,30566
yolov8x_training,2411.325548,84,207.987,13370.3125,100,960,10001,"[0, 100000]","[0, 100000]",0,0,927,292
yolov8x_training,2412.368272,80,208.677,13370.3125,45,660,10001,"[0, 100000]","[0, 100000]",0,0,2441,17968
yolov8x_training,2413.411530,83,205.242,13370.3125,100,675,10001,"[0, 100000]","[0, 100000]",0,0,6298,103369
yolov8x_training,2414.483948,84,200.626,13370.3125,90,660,10001,"[0, 100000]","[0, 100000]",0,0,390,292
yolov8x_training,2415.526829,81,206.254,13370.3125,100,1230,10001,"[0, 100000]","[0, 100000]",0,0,3076,10839
yolov8x_training,2416.605393,84,204.901,13370.3125,96,960,10001,"[0, 100000]","[0, 100000]",0,0,14746,21875
yolov8x_training,2417.648241,80,216.657,13370.3125,75,660,10001,"[0, 100000]","[0, 100000]",0,0,292,1036865
yolov8x_training,2418.691244,84,204.763,13370.3125,96,690,10001,"[0, 100000]","[0, 100000]",0,0,1953,10595
yolov8x_training,2419.738183,85,201.517,13370.3125,23,675,10001,"[0, 100000]","[0, 100000]",0,0,14746,25830
yolov8x_training,2420.781279,84,206.498,13370.3125,100,1170,10001,"[0, 100000]","[0, 100000]",0,0,341,292
yolov8x_training,2421.823893,85,200.290,13370.3125,13,735,10001,"[0, 100000]","[0, 100000]",0,0,3173,12890
yolov8x_training,2422.909363,81,205.974,13370.3125,100,840,10001,"[0, 100000]","[0, 100000]",0,0,14941,16894
yolov8x_training,2423.952349,84,202.105,13370.3125,10,720,10001,"[0, 100000]","[0, 100000]",0,0,341,292
yolov8x_training,2424.994986,81,207.094,13370.3125,100,825,10001,"[0, 100000]","[0, 100000]",0,0,3173,12841
yolov8x_training,2426.037889,84,206.509,13370.3125,38,2010,10001,"[0, 100000]","[0, 100000]",0,0,5761,101025
yolov8x_training,2427.115970,80,209.160,13370.3125,100,645,10001,"[0, 100000]","[0, 100000]",0,0,341,292
yolov8x_training,2428.158581,84,205.837,13370.3125,61,720,10001,"[0, 100000]","[0, 100000]",0,0,3369,13427
yolov8x_training,2429.201837,82,203.872,13370.3125,100,675,10001,"[0, 100000]","[0, 100000]",0,0,6689,99414
yolov8x_training,2430.277842,84,213.288,13370.3125,80,690,10001,"[0, 100000]","[0, 100000]",0,0,927,292
yolov8x_training,2431.320531,83,200.776,13370.3125,71,675,10001,"[0, 100000]","[0, 100000]",0,0,2294,13134
yolov8x_training,2432.363448,84,212.948,13370.3125,100,675,10001,"[0, 100000]","[0, 100000]",0,0,90625,30029
yolov8x_training,2433.448009,84,202.212,13370.3125,90,675,10001,"[0, 100000]","[0, 100000]",0,0,1513,878
yolov8x_training,2434.490903,81,216.992,13370.3125,100,855,10001,"[0, 100000]","[0, 100000]",0,0,2343,17529
yolov8x_training,2435.534469,84,201.964,13370.3125,97,705,10001,"[0, 100000]","[0, 100000]",0,0,90576,35449
yolov8x_training,2436.613323,81,206.674,13370.3125,90,630,10001,"[0, 100000]","[0, 100000]",0,0,1416,634
yolov8x_training,2437.656530,84,207.399,13370.3125,95,720,10001,"[0, 100000]","[0, 100000]",0,0,2246,17724
yolov8x_training,2438.699399,82,205.352,13370.3125,45,660,10001,"[0, 100000]","[0, 100000]",0,0,4882,100927
yolov8x_training,2439.785725,84,205.078,13370.3125,96,690,10001,"[0, 100000]","[0, 100000]",0,0,341,292
yolov8x_training,2440.828305,84,201.633,13370.3125,24,675,10001,"[0, 100000]","[0, 100000]",0,0,2197,18310
yolov8x_training,2441.871135,84,203.664,13370.3125,96,675,10001,"[0, 100000]","[0, 100000]",0,0,3417,33203
yolov8x_training,2442.949986,84,201.667,13370.3125,41,660,10001,"[0, 100000]","[0, 100000]",0,0,1611,2441
yolov8x_training,2443.992866,82,204.836,13370.3125,100,855,10001,"[0, 100000]","[0, 100000]",0,0,2685,10986
yolov8x_training,2445.036000,84,199.349,13370.3125,24,705,10001,"[0, 100000]","[0, 100000]",0,0,89941,25976
yolov8x_training,2446.123645,81,204.626,13370.3125,100,690,10001,"[0, 100000]","[0, 100000]",0,0,1416,732
yolov8x_training,2447.166796,84,206.321,13370.3125,19,2310,10001,"[0, 100000]","[0, 100000]",0,0,2294,17675
yolov8x_training,2448.209594,81,211.505,13370.3125,100,660,10001,"[0, 100000]","[0, 100000]",0,0,90576,35058
yolov8x_training,2449.289393,84,209.742,13370.3125,100,690,10001,"[0, 100000]","[0, 100000]",0,0,1123,292
yolov8x_training,2450.332258,82,205.107,13370.3125,55,660,10001,"[0, 100000]","[0, 100000]",0,0,2490,19482
yolov8x_training,2451.375396,84,209.523,13370.3125,100,690,10001,"[0, 100000]","[0, 100000]",0,0,90673,33886
yolov8x_training,2452.458027,83,203.119,13370.3125,69,660,10001,"[0, 100000]","[0, 100000]",0,0,1855,2539
yolov8x_training,2453.501354,82,205.553,13370.3125,100,1200,10001,"[0, 100000]","[0, 100000]",0,0,2294,13085
yolov8x_training,2454.544242,84,201.427,13370.3125,31,690,10001,"[0, 100000]","[0, 100000]",0,0,292,292
yolov8x_training,2455.587071,84,189.701,13370.3125,96,930,10001,"[0, 100000]","[0, 100000]",0,0,3808,13037
yolov8x_training,2456.630415,84,211.387,13370.3125,28,705,10001,"[0, 100000]","[0, 100000]",0,0,292,341
yolov8x_training,2457.673174,84,201.886,13370.3125,96,780,10001,"[0, 100000]","[0, 100000]",0,0,2392,11865
yolov8x_training,2458.756825,80,202.557,13370.3125,43,690,10001,"[0, 100000]","[0, 100000]",0,0,14697,18798
yolov8x_training,2459.799622,84,205.024,13370.3125,97,1155,10001,"[0, 100000]","[0, 100000]",0,0,341,292
yolov8x_training,2460.842276,83,201.767,13370.3125,35,705,10001,"[0, 100000]","[0, 100000]",0,0,2685,11572
yolov8x_training,2461.885189,82,204.973,13370.3125,99,975,10001,"[0, 100000]","[0, 100000]",0,0,6103,99755
yolov8x_training,2462.966976,84,200.027,13370.3125,26,720,10001,"[0, 100000]","[0, 100000]",0,0,19287,292
yolov8x_training,2464.009914,82,213.132,13370.3125,95,1230,10001,"[0, 100000]","[0, 100000]",0,0,2490,20019
yolov8x_training,2465.052835,84,201.770,13370.3125,23,705,10001,"[0, 100000]","[0, 100000]",0,0,89404,21142
yolov8x_training,2466.096251,81,204.752,13370.3125,97,660,10001,"[0, 100000]","[0, 100000]",0,0,2050,7421
yolov8x_training,2467.139476,84,201.727,13370.3125,22,1185,10001,"[0, 100000]","[0, 100000]",0,0,3369,25537
yolov8x_training,2468.182393,85,207.160,13370.3125,100,630,10001,"[0, 100000]","[0, 100000]",0,0,341,292
yolov8x_training,2469.225096,83,207.269,13370.3125,21,675,10001,"[0, 100000]","[0, 100000]",0,0,2392,7617
yolov8x_training,2470.278025,84,203.958,13370.3125,100,645,10001,"[0, 100000]","[0, 100000]",0,0,14941,22314
yolov8x_training,2471.320903,83,205.542,13370.3125,100,690,10001,"[0, 100000]","[0, 100000]",0,0,341,292
yolov8x_training,2472.363728,84,204.288,13370.3125,78,660,10001,"[0, 100000]","[0, 100000]",0,0,2392,11279
yolov8x_training,2473.439054,83,205.218,13370.3125,100,810,10001,"[0, 100000]","[0, 100000]",0,0,14941,17333
yolov8x_training,2474.481874,84,202.717,13370.3125,74,705,10001,"[0, 100000]","[0, 100000]",0,0,341,341
yolov8x_training,2475.524511,85,204.873,13370.3125,100,960,10001,"[0, 100000]","[0, 100000]",0,0,2587,11572
yolov8x_training,2476.567488,84,201.623,13370.3125,87,705,10001,"[0, 100000]","[0, 100000]",0,0,3906,30957
yolov8x_training,2477.642624,82,203.575,13370.3125,100,660,10001,"[0, 100000]","[0, 100000]",0,0,1806,2294
yolov8x_training,2478.685937,84,202.183,13370.3125,91,2295,10001,"[0, 100000]","[0, 100000]",0,0,2441,20703
yolov8x_training,2479.728842,85,216.450,13370.3125,100,630,10001,"[0, 100000]","[0, 100000]",0,0,54003,36572
yolov8x_training,2480.802153,83,213.770,13370.3125,97,1252,10001,"[0, 100000]","[0, 100000]",0,0,341,292
yolov8x_training,2481.844757,84,198.274,13370.3125,35,705,10001,"[0, 100000]","[0, 100000]",0,0,2343,11279
yolov8x_training,2482.935907,84,204.001,13370.3125,96,960,10001,"[0, 100000]","[0, 100000]",0,0,14941,23144
yolov8x_training,2483.978812,84,201.047,13370.3125,21,720,10001,"[0, 100000]","[0, 100000]",0,0,585,292
yolov8x_training,2485.021538,83,203.055,13370.3125,96,855,10001,"[0, 100000]","[0, 100000]",0,0,3564,16015
yolov8x_training,2486.096936,84,202.523,13370.3125,40,900,10001,"[0, 100000]","[0, 100000]",0,0,15234,25976
yolov8x_training,2487.140064,84,212.175,13370.3125,100,630,10001,"[0, 100000]","[0, 100000]",0,0,341,341
yolov8x_training,2488.182639,83,203.705,13370.3125,31,675,10001,"[0, 100000]","[0, 100000]",0,0,2490,11816
yolov8x_training,2489.253529,82,204.786,13370.3125,100,675,10001,"[0, 100000]","[0, 100000]",0,0,14746,23828
yolov8x_training,2490.296648,83,203.419,13370.3125,100,690,10001,"[0, 100000]","[0, 100000]",0,0,341,292
yolov8x_training,2491.339472,83,200.294,13370.3125,78,675,10001,"[0, 100000]","[0, 100000]",0,0,2490,11181
yolov8x_training,2492.423814,85,204.901,13370.3125,100,1335,10001,"[0, 100000]","[0, 100000]",0,0,14843,16064
yolov8x_training,2493.466755,84,201.689,13370.3125,85,780,10001,"[0, 100000]","[0, 100000]",0,0,292,292
yolov8x_training,2494.509341,85,204.051,13370.3125,100,750,10001,"[0, 100000]","[0, 100000]",0,0,3271,12500
yolov8x_training,2495.586152,84,203.215,13370.3125,95,1725,10001,"[0, 100000]","[0, 100000]",0,0,14746,17578
yolov8x_training,2496.628975,83,212.784,13370.3125,55,705,10001,"[0, 100000]","[0, 100000]",0,0,292,1028515
yolov8x_training,2497.671757,82,204.574,13370.3125,96,780,10001,"[0, 100000]","[0, 100000]",0,0,2343,9033
yolov8x_training,2498.741887,84,201.773,13370.3125,43,735,10001,"[0, 100000]","[0, 100000]",0,0,14599,16796
yolov8x_training,2499.784633,82,203.898,13370.3125,96,1380,10001,"[0, 100000]","[0, 100000]",0,0,341,292
yolov8x_training,2500.827266,84,202.273,13370.3125,41,885,10001,"[0, 100000]","[0, 100000]",0,0,3515,12744
yolov8x_training,2501.870424,83,204.957,13370.3125,97,795,10001,"[0, 100000]","[0, 100000]",0,0,5957,102783
yolov8x_training,2502.940645,84,203.568,13370.3125,11,2205,10001,"[0, 100000]","[0, 100000]",0,0,341,292
yolov8x_training,2503.983611,84,206.940,13370.3125,100,645,10001,"[0, 100000]","[0, 100000]",0,0,2392,11376
yolov8x_training,2505.041363,83,205.277,13370.3125,44,1252,10001,"[0, 100000]","[0, 100000]",0,0,15136,14746
yolov8x_training,2506.084428,82,211.660,13370.3125,100,675,10001,"[0, 100000]","[0, 100000]",0,0,341,292
yolov8x_training,2507.127067,83,203.293,13370.3125,66,765,10001,"[0, 100000]","[0, 100000]",0,0,3564,12695
yolov8x_training,2508.170056,83,210.015,13370.3125,100,720,10001,"[0, 100000]","[0, 100000]",0,0,4638,100634
yolov8x_training,2509.256154,82,205.723,13370.3125,77,840,10001,"[0, 100000]","[0, 100000]",0,0,683,292
yolov8x_training,2510.298950,84,201.070,13370.3125,92,1755,10001,"[0, 100000]","[0, 100000]",0,0,3466,15136
yolov8x_training,2511.341822,82,213.952,13370.3125,100,810,10001,"[0, 100000]","[0, 100000]",0,0,3027,34765
yolov8x_training,2512.421187,84,201.747,13370.3125,90,1755,10001,"[0, 100000]","[0, 100000]",0,0,1611,3076
yolov8x_training,2513.464453,85,203.804,13370.3125,100,825,10001,"[0, 100000]","[0, 100000]",0,0,2392,21289
yolov8x_training,2514.507566,84,201.745,13370.3125,91,1650,10001,"[0, 100000]","[0, 100000]",0,0,341,1039599
yolov8x_training,2515.550425,85,217.461,13370.3125,100,660,10001,"[0, 100000]","[0, 100000]",0,0,1904,8691
yolov8x_training,2516.593630,85,198.668,13370.3125,0,1755,10001,"[0, 100000]","[0, 100000]",0,0,292,292
yolov8x_training,2517.636858,84,179.995,13370.3125,25,2505,10001,"[0, 100000]","[0, 100000]",0,0,341,292
yolov8x_training,2518.702788,84,175.421,13370.3125,75,2505,10001,"[0, 100000]","[0, 100000]",0,0,14062,24365
yolov8x_training,2519.746016,83,189.750,13370.3125,92,2295,10001,"[0, 100000]","[0, 100000]",0,0,2294,11230
yolov8x_training,2520.789074,80,194.376,13370.3125,100,1275,10001,"[0, 100000]","[0, 100000]",0,0,3027,292
yolov8x_training,2521.832623,80,198.210,13370.3125,100,675,10001,"[0, 100000]","[0, 100000]",0,0,15039,16503
yolov8x_training,2522.875768,83,207.637,13370.3125,80,735,10001,"[0, 100000]","[0, 100000]",0,0,341,1031835
yolov8x_training,2523.918474,84,212.878,13370.3125,86,675,10001,"[0, 100000]","[0, 100000]",0,0,2050,8984
yolov8x_training,2524.961551,80,207.112,13370.3125,95,1215,10001,"[0, 100000]","[0, 100000]",0,0,2832,23925
yolov8x_training,2526.004530,84,203.166,13370.3125,47,705,10001,"[0, 100000]","[0, 100000]",0,0,341,292
yolov8x_training,2527.047258,82,204.583,13370.3125,96,1155,10001,"[0, 100000]","[0, 100000]",0,0,2490,11767
yolov8x_training,2528.122090,84,203.390,13370.3125,55,1185,10001,"[0, 100000]","[0, 100000]",0,0,14697,24072
yolov8x_training,2529.164960,82,205.923,13370.3125,96,660,10001,"[0, 100000]","[0, 100000]",0,0,341,292
yolov8x_training,2530.207600,84,203.468,13370.3125,28,1155,10001,"[0, 100000]","[0, 100000]",0,0,3515,14843
yolov8x_training,2531.250782,83,209.939,13370.3125,96,645,10001,"[0, 100000]","[0, 100000]",0,0,3906,30957
yolov8x_training,2532.324412,84,204.423,13370.3125,97,1380,10001,"[0, 100000]","[0, 100000]",0,0,1464,878
yolov8x_training,2533.367321,85,210.346,13370.3125,20,630,10001,"[0, 100000]","[0, 100000]",0,0,2392,21826
yolov8x_training,2534.410265,81,204.422,13370.3125,100,885,10001,"[0, 100000]","[0, 100000]",0,0,90087,26855
yolov8x_training,2535.496582,84,216.355,13370.3125,20,660,10001,"[0, 100000]","[0, 100000]",0,0,1904,2392
yolov8x_training,2536.539778,80,208.903,13370.3125,100,690,10001,"[0, 100000]","[0, 100000]",0,0,3466,15576
yolov8x_training,2537.582528,84,207.371,13370.3125,51,660,10001,"[0, 100000]","[0, 100000]",0,0,6347,101123
yolov8x_training,2538.662542,80,205.112,13370.3125,100,645,10001,"[0, 100000]","[0, 100000]",0,0,830,341
yolov8x_training,2539.705853,84,204.293,13370.3125,80,795,10001,"[0, 100000]","[0, 100000]",0,0,3369,15136
yolov8x_training,2540.748833,83,214.057,13370.3125,100,675,10001,"[0, 100000]","[0, 100000]",0,0,5371,100390
yolov8x_training,2541.832960,84,205.746,13370.3125,94,2505,10001,"[0, 100000]","[0, 100000]",0,0,341,292
yolov8x_training,2542.875604,85,215.490,13370.3125,100,675,10001,"[0, 100000]","[0, 100000]",0,0,2343,11425
yolov8x_training,2543.954370,80,206.146,13370.3125,95,1305,10001,"[0, 100000]","[0, 100000]",0,0,14892,23974
yolov8x_training,2544.997332,84,206.649,13370.3125,60,690,10001,"[0, 100000]","[0, 100000]",0,0,341,292
yolov8x_training,2546.040414,81,205.421,13370.3125,96,795,10001,"[0, 100000]","[0, 100000]",0,0,2929,10205
yolov8x_training,2547.119621,84,203.730,13370.3125,60,840,10001,"[0, 100000]","[0, 100000]",0,0,14892,25781
yolov8x_training,2548.162581,83,205.671,13370.3125,97,660,10001,"[0, 100000]","[0, 100000]",0,0,341,292
yolov8x_training,2549.205218,84,203.699,13370.3125,25,675,10001,"[0, 100000]","[0, 100000]",0,0,2587,11035
yolov8x_training,2550.248549,84,213.864,13370.3125,100,660,10001,"[0, 100000]","[0, 100000]",0,0,4736,100244
yolov8x_training,2551.334410,84,203.492,13370.3125,97,720,10001,"[0, 100000]","[0, 100000]",0,0,732,341
yolov8x_training,2552.377494,85,215.707,13370.3125,15,660,10001,"[0, 100000]","[0, 100000]",0,0,3564,14843
yolov8x_training,2553.420592,81,202.890,13370.3125,100,705,10001,"[0, 100000]","[0, 100000]",0,0,5078,101611
yolov8x_training,2554.504147,84,211.799,13370.3125,12,675,10001,"[0, 100000]","[0, 100000]",0,0,878,341
yolov8x_training,2555.547093,80,206.948,13370.3125,100,1365,10001,"[0, 100000]","[0, 100000]",0,0,2441,11767
yolov8x_training,2556.614265,84,205.543,13370.3125,77,735,10001,"[0, 100000]","[0, 100000]",0,0,14794,24560
yolov8x_training,2557.657629,82,211.736,13370.3125,100,645,10001,"[0, 100000]","[0, 100000]",0,0,341,341
yolov8x_training,2558.700292,84,205.172,13370.3125,84,705,10001,"[0, 100000]","[0, 100000]",0,0,2783,10107
yolov8x_training,2559.743071,85,215.699,13370.3125,100,660,10001,"[0, 100000]","[0, 100000]",0,0,6396,101220
yolov8x_training,2560.817973,84,204.341,13370.3125,97,690,10001,"[0, 100000]","[0, 100000]",0,0,683,292
yolov8x_training,2561.861034,84,215.565,13370.3125,82,690,10001,"[0, 100000]","[0, 100000]",0,0,2294,9179
yolov8x_training,2562.903897,85,209.184,13370.3125,96,675,10001,"[0, 100000]","[0, 100000]",0,0,11962,23388
yolov8x_training,2563.947179,84,200.686,13370.3125,16,2265,10001,"[0, 100000]","[0, 100000]",0,0,341,292
yolov8x_training,2564.989791,83,209.338,13370.3125,100,660,10001,"[0, 100000]","[0, 100000]",0,0,2343,8447
yolov8x_training,2566.032871,83,205.945,13370.3125,41,2505,10001,"[0, 100000]","[0, 100000]",0,0,3027,22509
yolov8x_training,2567.075957,84,213.011,13370.3125,100,660,10001,"[0, 100000]","[0, 100000]",0,0,341,292
yolov8x_training,2568.118561,81,204.244,13370.3125,78,615,10001,"[0, 100000]","[0, 100000]",0,0,2294,11474
yolov8x_training,2569.163428,84,215.128,13370.3125,100,2325,10001,"[0, 100000]","[0, 100000]",0,0,15429,27343
yolov8x_training,2570.206809,80,210.646,13370.3125,93,675,10001,"[0, 100000]","[0, 100000]",0,0,341,292
yolov8x_training,2571.249460,84,206.138,13370.3125,63,990,10001,"[0, 100000]","[0, 100000]",0,0,2343,11279
yolov8x_training,2572.309326,82,212.666,13370.3125,36,660,10001,"[0, 100000]","[0, 100000]",0,0,14892,24462
yolov8x_training,2573.352200,84,205.076,13370.3125,97,705,10001,"[0, 100000]","[0, 100000]",0,0,341,292
yolov8x_training,2574.394859,85,213.860,13370.3125,14,645,10001,"[0, 100000]","[0, 100000]",0,0,2832,10937
yolov8x_training,2575.448118,80,208.875,13370.3125,100,1185,10001,"[0, 100000]","[0, 100000]",0,0,14892,25292
yolov8x_training,2576.490921,84,204.458,13370.3125,47,750,10001,"[0, 100000]","[0, 100000]",0,0,341,341
yolov8x_training,2577.533554,83,205.409,13370.3125,100,810,10001,"[0, 100000]","[0, 100000]",0,0,2197,11572
yolov8x_training,2578.607440,84,202.609,13370.3125,75,720,10001,"[0, 100000]","[0, 100000]",0,0,14843,24560
yolov8x_training,2579.650297,84,206.882,13370.3125,100,660,10001,"[0, 100000]","[0, 100000]",0,0,341,292
yolov8x_training,2580.692893,83,210.046,13370.3125,96,825,10001,"[0, 100000]","[0, 100000]",0,0,2099,9472
yolov8x_training,2581.736151,82,203.976,13370.3125,60,2025,10001,"[0, 100000]","[0, 100000]",0,0,5126,31933
yolov8x_training,2582.779037,83,204.319,13370.3125,96,660,10001,"[0, 100000]","[0, 100000]",0,0,292,292
yolov8x_training,2583.821626,83,202.827,13370.3125,39,2190,10001,"[0, 100000]","[0, 100000]",0,0,2734,11132
yolov8x_training,2584.908400,83,204.332,13370.3125,95,645,10001,"[0, 100000]","[0, 100000]",0,0,14941,27490
yolov8x_training,2585.951392,84,203.090,13370.3125,26,2295,10001,"[0, 100000]","[0, 100000]",0,0,341,292
yolov8x_training,2586.994031,83,203.048,13370.3125,96,660,10001,"[0, 100000]","[0, 100000]",0,0,3662,12792
yolov8x_training,2588.037063,84,202.831,13370.3125,39,2295,10001,"[0, 100000]","[0, 100000]",0,0,4833,97509
yolov8x_training,2589.124924,85,205.833,13370.3125,95,645,10001,"[0, 100000]","[0, 100000]",0,0,585,341
yolov8x_training,2590.167634,84,202.572,13370.3125,23,780,10001,"[0, 100000]","[0, 100000]",0,0,2832,10205
yolov8x_training,2591.225306,85,212.245,13370.3125,100,1755,10001,"[0, 100000]","[0, 100000]",0,0,14697,27978
yolov8x_training,2592.268209,83,204.235,13370.3125,59,645,10001,"[0, 100000]","[0, 100000]",0,0,341,341
yolov8x_training,2593.310811,85,201.329,13370.3125,96,2535,10001,"[0, 100000]","[0, 100000]",0,0,2392,9423
yolov8x_training,2594.352792,81,219.874,13370.3125,66,630,10001,"[0, 100000]","[0, 100000]",0,0,4736,27734
yolov8x_training,2595.394811,84,203.108,13370.3125,96,1530,10001,"[0, 100000]","[0, 100000]",0,0,341,292
yolov8x_training,2596.437395,83,209.200,13370.3125,52,660,10001,"[0, 100000]","[0, 100000]",0,0,2392,11328
yolov8x_training,2597.509362,83,205.647,13370.3125,96,705,10001,"[0, 100000]","[0, 100000]",0,0,14697,17480
yolov8x_training,2598.551877,84,213.382,13370.3125,40,660,10001,"[0, 100000]","[0, 100000]",0,0,341,292
yolov8x_training,2599.594459,82,204.135,13370.3125,100,675,10001,"[0, 100000]","[0, 100000]",0,0,2441,12109
yolov8x_training,2600.637126,84,201.785,13370.3125,86,2460,10001,"[0, 100000]","[0, 100000]",0,0,5908,99560
yolov8x_training,2601.712812,82,214.931,13370.3125,100,615,10001,"[0, 100000]","[0, 100000]",0,0,1123,341
yolov8x_training,2602.755607,84,200.971,13370.3125,88,2460,10001,"[0, 100000]","[0, 100000]",0,0,2392,22314
yolov8x_training,2603.798587,82,214.481,13370.3125,100,615,10001,"[0, 100000]","[0, 100000]",0,0,89404,21093
yolov8x_training,2604.842127,84,204.028,13370.3125,90,2430,10001,"[0, 100000]","[0, 100000]",0,0,2343,7226
yolov8x_training,2605.888638,81,214.224,13370.3125,100,645,10001,"[0, 100000]","[0, 100000]",0,0,14697,16601
yolov8x_training,2606.931451,84,202.726,13370.3125,81,2475,10001,"[0, 100000]","[0, 100000]",0,0,341,292
yolov8x_training,2607.974165,84,216.756,13370.3125,91,675,10001,"[0, 100000]","[0, 100000]",0,0,2490,8984
yolov8x_training,2609.017001,83,210.768,13370.3125,96,1252,10001,"[0, 100000]","[0, 100000]",0,0,3759,18457
yolov8x_training,2610.060197,83,208.923,13370.3125,47,660,10001,"[0, 100000]","[0, 100000]",0,0,341,292
yolov8x_training,2611.102809,82,211.099,13370.3125,96,1005,10001,"[0, 100000]","[0, 100000]",0,0,3271,11279
yolov8x_training,2612.161741,84,201.871,13370.3125,40,2535,10001,"[0, 100000]","[0, 100000]",0,0,15087,25146
yolov8x_training,2613.205157,80,225.683,13370.3125,100,630,10001,"[0, 100000]","[0, 100000]",0,0,341,1031201
yolov8x_training,2614.247924,84,193.713,13370.3125,59,2505,10001,"[0, 100000]","[0, 100000]",0,0,4199,11425
yolov8x_training,2615.291060,84,189.548,13370.3125,91,2505,10001,"[0, 100000]","[0, 100000]",0,0,2880,10449
yolov8x_training,2616.334543,83,191.535,13370.3125,100,2505,10001,"[0, 100000]","[0, 100000]",0,0,1757,8691
yolov8x_training,2617.377966,83,205.034,13370.3125,89,975,10001,"[0, 100000]","[0, 100000]",0,0,2978,37011
yolov8x_training,2618.454694,83,197.919,13370.3125,46,660,10001,"[0, 100000]","[0, 100000]",0,0,2246,11523
yolov8x_training,2619.497947,84,173.715,13370.3125,83,2265,10001,"[0, 100000]","[0, 100000]",0,0,4492,72021
yolov8x_training,2620.542027,84,179.518,13370.3125,92,2445,10001,"[0, 100000]","[0, 100000]",0,0,3906,32812
yolov8x_training,2621.613004,80,210.991,13370.3125,51,660,10001,"[0, 100000]","[0, 100000]",0,0,1708,3173
yolov8x_training,2622.655836,84,203.076,13370.3125,96,705,10001,"[0, 100000]","[0, 100000]",0,0,2636,20947
yolov8x_training,2623.699600,83,211.384,13370.3125,43,660,10001,"[0, 100000]","[0, 100000]",0,0,74316,36523
yolov8x_training,2624.779636,83,206.805,13370.3125,100,1335,10001,"[0, 100000]","[0, 100000]",0,0,1171,292
yolov8x_training,2625.822347,84,201.737,13370.3125,14,810,10001,"[0, 100000]","[0, 100000]",0,0,2539,20898
yolov8x_training,2626.865367,83,220.620,13370.3125,100,735,10001,"[0, 100000]","[0, 100000]",0,0,6201,100341
yolov8x_training,2627.940723,84,202.994,13370.3125,55,2145,10001,"[0, 100000]","[0, 100000]",0,0,830,341
yolov8x_training,2628.983402,82,209.425,13370.3125,100,630,10001,"[0, 100000]","[0, 100000]",0,0,3613,15380
yolov8x_training,2630.026443,84,205.642,13370.3125,61,2490,10001,"[0, 100000]","[0, 100000]",0,0,5029,100732
yolov8x_training,2631.112432,83,212.992,13370.3125,100,675,10001,"[0, 100000]","[0, 100000]",0,0,683,292
yolov8x_training,2632.155574,84,202.777,13370.3125,89,1155,10001,"[0, 100000]","[0, 100000]",0,0,3515,16845
yolov8x_training,2633.198705,83,214.261,13370.3125,100,675,10001,"[0, 100000]","[0, 100000]",0,0,78808,35107
yolov8x_training,2634.274948,84,204.781,13370.3125,89,1065,10001,"[0, 100000]","[0, 100000]",0,0,1513,1074
yolov8x_training,2635.317889,85,201.615,13370.3125,95,720,10001,"[0, 100000]","[0, 100000]",0,0,2392,21093
yolov8x_training,2636.360812,84,204.520,13370.3125,100,1170,10001,"[0, 100000]","[0, 100000]",0,0,79101,15332
yolov8x_training,2637.404301,84,203.277,13370.3125,96,1005,10001,"[0, 100000]","[0, 100000]",0,0,1855,8496
yolov8x_training,2638.447303,83,211.625,13370.3125,36,660,10001,"[0, 100000]","[0, 100000]",0,0,2490,19873
yolov8x_training,2639.490377,84,202.243,13370.3125,96,2475,10001,"[0, 100000]","[0, 100000]",0,0,74755,15283
yolov8x_training,2640.533839,83,210.935,13370.3125,39,675,10001,"[0, 100000]","[0, 100000]",0,0,2148,8300
yolov8x_training,2641.584470,84,204.271,13370.3125,97,2505,10001,"[0, 100000]","[0, 100000]",0,0,15039,18115
yolov8x_training,2642.627647,82,213.186,13370.3125,35,660,10001,"[0, 100000]","[0, 100000]",0,0,341,292
yolov8x_training,2643.670540,84,203.213,13370.3125,97,690,10001,"[0, 100000]","[0, 100000]",0,0,3417,12597
yolov8x_training,2644.713607,84,200.665,13370.3125,26,675,10001,"[0, 100000]","[0, 100000]",0,0,6591,100097
yolov8x_training,2645.790198,84,205.001,13370.3125,100,1125,10001,"[0, 100000]","[0, 100000]",0,0,683,341
yolov8x_training,2646.832949,85,200.762,13370.3125,7,705,10001,"[0, 100000]","[0, 100000]",0,0,2246,18994
yolov8x_training,2647.876009,84,216.232,13370.3125,100,915,10001,"[0, 100000]","[0, 100000]",0,0,90136,26171
yolov8x_training,2648.963360,84,198.635,13370.3125,17,660,10001,"[0, 100000]","[0, 100000]",0,0,2050,4150
yolov8x_training,2650.006506,81,216.363,13370.3125,100,1050,10001,"[0, 100000]","[0, 100000]",0,0,2880,12011
yolov8x_training,2651.049429,83,210.665,13370.3125,12,1275,10001,"[0, 100000]","[0, 100000]",0,0,4296,100439
yolov8x_training,2652.141250,80,211.396,13370.3125,100,660,10001,"[0, 100000]","[0, 100000]",0,0,781,292
yolov8x_training,2653.183915,84,203.786,13370.3125,39,720,10001,"[0, 100000]","[0, 100000]",0,0,2246,17773
yolov8x_training,2654.226701,80,204.782,13370.3125,100,630,10001,"[0, 100000]","[0, 100000]",0,0,3857,31152
yolov8x_training,2655.304179,84,204.591,13370.3125,66,675,10001,"[0, 100000]","[0, 100000]",0,0,1513,927
yolov8x_training,2656.347303,82,203.682,13370.3125,62,645,10001,"[0, 100000]","[0, 100000]",0,0,2441,11083
yolov8x_training,2657.390290,84,211.613,13370.3125,100,675,10001,"[0, 100000]","[0, 100000]",0,0,88916,19531
yolov8x_training,2658.433246,84,201.644,13370.3125,76,645,10001,"[0, 100000]","[0, 100000]",0,0,2441,7958
yolov8x_training,2659.483809,82,205.412,13370.3125,100,675,10001,"[0, 100000]","[0, 100000]",0,0,14648,22070
yolov8x_training,2660.526981,84,201.681,13370.3125,89,660,10001,"[0, 100000]","[0, 100000]",0,0,341,292
yolov8x_training,2661.569750,82,205.690,13370.3125,100,705,10001,"[0, 100000]","[0, 100000]",0,0,3613,12548
yolov8x_training,2662.612595,84,201.264,13370.3125,95,675,10001,"[0, 100000]","[0, 100000]",0,0,5761,101269
yolov8x_training,2663.681371,81,206.293,13370.3125,96,615,10001,"[0, 100000]","[0, 100000]",0,0,341,292
yolov8x_training,2664.724005,84,207.710,13370.3125,96,720,10001,"[0, 100000]","[0, 100000]",0,0,2539,11425
yolov8x_training,2665.803702,80,203.622,13370.3125,51,645,10001,"[0, 100000]","[0, 100000]",0,0,14843,22607
yolov8x_training,2666.846632,84,204.524,13370.3125,96,735,10001,"[0, 100000]","[0, 100000]",0,0,341,292
yolov8x_training,2667.889266,81,203.340,13370.3125,43,675,10001,"[0, 100000]","[0, 100000]",0,0,2685,10107
yolov8x_training,2668.977645,81,206.250,13370.3125,96,900,10001,"[0, 100000]","[0, 100000]",0,0,14648,21679
yolov8x_training,2670.020862,84,203.228,13370.3125,22,1485,10001,"[0, 100000]","[0, 100000]",0,0,390,1038330
yolov8x_training,2671.063956,80,208.464,13370.3125,100,630,10001,"[0, 100000]","[0, 100000]",0,0,1904,8496
yolov8x_training,2672.106860,84,210.719,13370.3125,78,2505,10001,"[0, 100000]","[0, 100000]",0,0,4345,23144
yolov8x_training,2673.149924,83,209.048,13370.3125,100,705,10001,"[0, 100000]","[0, 100000]",0,0,341,1028906
yolov8x_training,2674.192568,84,204.153,13370.3125,90,1185,10001,"[0, 100000]","[0, 100000]",0,0,2539,11376
yolov8x_training,2675.254911,85,202.161,13370.3125,100,1020,10001,"[0, 100000]","[0, 100000]",0,0,14648,15039
yolov8x_training,2676.297722,84,206.163,13370.3125,95,675,10001,"[0, 100000]","[0, 100000]",0,0,341,292
yolov8x_training,2677.340399,84,206.990,13370.3125,96,2220,10001,"[0, 100000]","[0, 100000]",0,0,2148,11376
yolov8x_training,2678.396765,83,209.874,13370.3125,58,645,10001,"[0, 100000]","[0, 100000]",0,0,15185,22705
yolov8x_training,2679.439907,84,205.227,13370.3125,96,1177,10001,"[0, 100000]","[0, 100000]",0,0,341,292
yolov8x_training,2680.482512,85,211.269,13370.3125,18,690,10001,"[0, 100000]","[0, 100000]",0,0,1953,9033
yolov8x_training,2681.525503,83,211.238,13370.3125,100,675,10001,"[0, 100000]","[0, 100000]",0,0,4101,12939
yolov8x_training,2682.568911,84,203.895,13370.3125,82,675,10001,"[0, 100000]","[0, 100000]",0,0,341,1039062
yolov8x_training,2683.611782,83,204.687,13370.3125,100,840,10001,"[0, 100000]","[0, 100000]",0,0,2392,9130
yolov8x_training,2684.670471,84,201.006,13370.3125,92,1252,10001,"[0, 100000]","[0, 100000]",0,0,15039,16992
yolov8x_training,2685.713398,84,204.532,13370.3125,100,705,10001,"[0, 100000]","[0, 100000]",0,0,341,292
yolov8x_training,2686.756035,84,201.062,13370.3125,80,2505,10001,"[0, 100000]","[0, 100000]",0,0,3417,15478
yolov8x_training,2687.799002,85,214.097,13370.3125,100,690,10001,"[0, 100000]","[0, 100000]",0,0,90185,27392
yolov8x_training,2688.885427,84,202.520,13370.3125,85,2505,10001,"[0, 100000]","[0, 100000]",0,0,585,292
yolov8x_training,2689.928183,84,216.960,13370.3125,100,645,10001,"[0, 100000]","[0, 100000]",0,0,3515,15625
yolov8x_training,2690.971083,80,207.516,13370.3125,96,750,10001,"[0, 100000]","[0, 100000]",0,0,5566,101025
yolov8x_training,2692.041199,84,202.495,13370.3125,71,675,10001,"[0, 100000]","[0, 100000]",0,0,341,292
yolov8x_training,2693.083954,80,203.670,13370.3125,96,675,10001,"[0, 100000]","[0, 100000]",0,0,3222,12255
yolov8x_training,2694.126883,84,203.143,13370.3125,44,2505,10001,"[0, 100000]","[0, 100000]",0,0,5322,98828
yolov8x_training,2695.212350,83,204.180,13370.3125,95,675,10001,"[0, 100000]","[0, 100000]",0,0,390,292
yolov8x_training,2696.254991,84,204.218,13370.3125,28,2505,10001,"[0, 100000]","[0, 100000]",0,0,3173,17041
yolov8x_training,2697.298113,83,213.167,13370.3125,96,675,10001,"[0, 100000]","[0, 100000]",0,0,90576,33398
yolov8x_training,2698.374906,84,205.602,13370.3125,100,2415,10001,"[0, 100000]","[0, 100000]",0,0,341,341
yolov8x_training,2699.418456,85,218.286,13370.3125,29,660,10001,"[0, 100000]","[0, 100000]",0,0,3125,12060
yolov8x_training,2700.461507,80,206.639,13370.3125,100,705,10001,"[0, 100000]","[0, 100000]",0,0,5468,100537
yolov8x_training,2701.530005,84,204.473,13370.3125,72,675,10001,"[0, 100000]","[0, 100000]",0,0,341,292
yolov8x_training,2702.572635,82,204.443,13370.3125,100,690,10001,"[0, 100000]","[0, 100000]",0,0,3125,11279
yolov8x_training,2703.615605,84,202.143,13370.3125,82,705,10001,"[0, 100000]","[0, 100000]",0,0,4833,100683
yolov8x_training,2704.694629,86,215.831,13370.3125,100,660,10001,"[0, 100000]","[0, 100000]",0,0,341,292
yolov8x_training,2705.737229,83,210.168,13370.3125,95,1410,10001,"[0, 100000]","[0, 100000]",0,0,2392,9716
yolov8x_training,2706.787355,84,209.836,13370.3125,49,675,10001,"[0, 100000]","[0, 100000]",0,0,14648,24072
yolov8x_training,2707.830331,82,213.060,13370.3125,96,1050,10001,"[0, 100000]","[0, 100000]",0,0,341,292
yolov8x_training,2708.872937,85,201.100,13370.3125,37,1530,10001,"[0, 100000]","[0, 100000]",0,0,2539,11376
yolov8x_training,2709.940767,85,217.309,13370.3125,100,555,10001,"[0, 100000]","[0, 100000]",0,0,14843,16699
yolov8x_training,2710.983600,83,205.594,13370.3125,16,2430,10001,"[0, 100000]","[0, 100000]",0,0,341,341
yolov8x_training,2712.026271,83,213.412,13370.3125,100,660,10001,"[0, 100000]","[0, 100000]",0,0,2490,9619
yolov8x_training,2713.089708,83,205.759,13370.3125,60,2505,10001,"[0, 100000]","[0, 100000]",0,0,14794,22314
yolov8x_training,2714.133134,84,214.201,13370.3125,100,1530,10001,"[0, 100000]","[0, 100000]",0,0,341,1028125
yolov8x_training,2715.176013,82,202.344,13370.3125,91,795,10001,"[0, 100000]","[0, 100000]",0,0,2636,11328
yolov8x_training,2716.260485,84,198.903,13370.3125,100,1620,10001,"[0, 100000]","[0, 100000]",0,0,14794,13867
yolov8x_training,2717.303369,81,211.915,13370.3125,85,630,10001,"[0, 100000]","[0, 100000]",0,0,89648,23144
yolov8x_training,2718.388452,84,205.660,13370.3125,96,2505,10001,"[0, 100000]","[0, 100000]",0,0,2294,3417
yolov8x_training,2719.431631,83,210.150,13370.3125,64,675,10001,"[0, 100000]","[0, 100000]",0,0,3662,11035
yolov8x_training,2720.475235,83,202.529,13370.3125,97,2505,10001,"[0, 100000]","[0, 100000]",0,0,292,1029785
yolov8x_training,2721.518221,83,210.788,13370.3125,54,660,10001,"[0, 100000]","[0, 100000]",0,0,2294,8691
yolov8x_training,2722.565507,82,205.278,13370.3125,97,1035,10001,"[0, 100000]","[0, 100000]",0,0,14843,19873
yolov8x_training,2723.609283,84,216.919,13370.3125,13,645,10001,"[0, 100000]","[0, 100000]",0,0,341,292
yolov8x_training,2724.652152,81,208.409,13370.3125,100,630,10001,"[0, 100000]","[0, 100000]",0,0,2148,8447
yolov8x_training,2725.694945,84,212.130,13370.3125,57,2505,10001,"[0, 100000]","[0, 100000]",0,0,3564,15283
yolov8x_training,2726.737988,83,209.412,13370.3125,100,660,10001,"[0, 100000]","[0, 100000]",0,0,292,1036914
yolov8x_training,2727.780671,84,205.193,13370.3125,82,915,10001,"[0, 100000]","[0, 100000]",0,0,2343,9521
yolov8x_training,2728.846034,85,215.760,13370.3125,100,645,10001,"[0, 100000]","[0, 100000]",0,0,14599,19482
yolov8x_training,2729.888952,84,206.682,13370.3125,95,945,10001,"[0, 100000]","[0, 100000]",0,0,292,1028222
yolov8x_training,2730.931630,84,213.018,13370.3125,87,645,10001,"[0, 100000]","[0, 100000]",0,0,2343,8496
yolov8x_training,2731.981974,80,209.288,13370.3125,96,1215,10001,"[0, 100000]","[0, 100000]",0,0,14843,22607
yolov8x_training,2733.024936,84,203.824,13370.3125,46,855,10001,"[0, 100000]","[0, 100000]",0,0,341,1032324
yolov8x_training,2734.068039,85,207.345,13370.3125,100,810,10001,"[0, 100000]","[0, 100000]",0,0,2343,10009
yolov8x_training,2735.110905,83,212.550,13370.3125,15,2385,10001,"[0, 100000]","[0, 100000]",0,0,6201,23583
yolov8x_training,2736.153870,82,212.143,13370.3125,100,705,10001,"[0, 100000]","[0, 100000]",0,0,341,1028857
yolov8x_training,2737.196724,83,202.403,13370.3125,68,1185,10001,"[0, 100000]","[0, 100000]",0,0,2343,11328
yolov8x_training,2738.275900,85,204.182,13370.3125,100,795,10001,"[0, 100000]","[0, 100000]",0,0,14892,22656
yolov8x_training,2739.318853,83,203.710,13370.3125,67,885,10001,"[0, 100000]","[0, 100000]",0,0,341,292
yolov8x_training,2740.361493,83,202.826,13370.3125,71,705,10001,"[0, 100000]","[0, 100000]",0,0,3466,12304
yolov8x_training,2741.404498,82,212.225,13370.3125,100,810,10001,"[0, 100000]","[0, 100000]",0,0,5957,100537
yolov8x_training,2742.481837,84,202.982,13370.3125,96,1725,10001,"[0, 100000]","[0, 100000]",0,0,341,292
yolov8x_training,2743.524517,85,215.457,13370.3125,100,750,10001,"[0, 100000]","[0, 100000]",0,0,3564,12939
yolov8x_training,2744.567400,84,200.849,13370.3125,96,1980,10001,"[0, 100000]","[0, 100000]",0,0,5078,100146
yolov8x_training,2745.651722,84,208.582,13370.3125,84,645,10001,"[0, 100000]","[0, 100000]",0,0,341,292
yolov8x_training,2746.694308,83,199.321,13370.3125,95,705,10001,"[0, 100000]","[0, 100000]",0,0,3222,12158
yolov8x_training,2747.738383,83,208.250,13370.3125,63,705,10001,"[0, 100000]","[0, 100000]",0,0,5322,100292
yolov8x_training,2748.808800,83,205.956,13370.3125,96,960,10001,"[0, 100000]","[0, 100000]",0,0,341,292
yolov8x_training,2749.851386,83,202.030,13370.3125,39,720,10001,"[0, 100000]","[0, 100000]",0,0,3515,15380
yolov8x_training,2750.894214,83,204.636,13370.3125,97,750,10001,"[0, 100000]","[0, 100000]",0,0,3027,34375
yolov8x_training,2751.974913,84,201.693,13370.3125,48,1905,10001,"[0, 100000]","[0, 100000]",0,0,292,292
yolov8x_training,2753.017546,85,214.337,13370.3125,98,675,10001,"[0, 100000]","[0, 100000]",0,0,3173,17089
yolov8x_training,2754.060875,84,202.892,13370.3125,17,2370,10001,"[0, 100000]","[0, 100000]",0,0,3320,35595
yolov8x_training,2755.135731,85,208.328,13370.3125,100,675,10001,"[0, 100000]","[0, 100000]",0,0,683,292
yolov8x_training,2756.178550,83,203.063,13370.3125,23,720,10001,"[0, 100000]","[0, 100000]",0,0,2978,18164
yolov8x_training,2757.221954,83,215.375,13370.3125,100,765,10001,"[0, 100000]","[0, 100000]",0,0,4492,100048
yolov8x_training,2758.311039,83,204.805,13370.3125,47,840,10001,"[0, 100000]","[0, 100000]",0,0,341,292
yolov8x_training,2759.353894,83,204.899,13370.3125,55,720,10001,"[0, 100000]","[0, 100000]",0,0,3613,13818
yolov8x_training,2760.396907,83,204.511,13370.3125,100,795,10001,"[0, 100000]","[0, 100000]",0,0,89843,25292
yolov8x_training,2761.485525,84,203.421,13370.3125,59,915,10001,"[0, 100000]","[0, 100000]",0,0,1074,292
yolov8x_training,2762.528528,82,204.998,13370.3125,100,795,10001,"[0, 100000]","[0, 100000]",0,0,3613,13525
yolov8x_training,2763.571505,84,202.048,13370.3125,89,1935,10001,"[0, 100000]","[0, 100000]",0,0,90136,27587
yolov8x_training,2764.658725,83,204.401,13370.3125,100,660,10001,"[0, 100000]","[0, 100000]",0,0,1074,292
yolov8x_training,2765.703628,84,201.964,13370.3125,75,810,10001,"[0, 100000]","[0, 100000]",0,0,2392,17285
yolov8x_training,2766.747030,85,214.511,13370.3125,100,645,10001,"[0, 100000]","[0, 100000]",0,0,292,1040673
yolov8x_training,2767.789982,84,202.716,13370.3125,88,720,10001,"[0, 100000]","[0, 100000]",0,0,2392,7617
yolov8x_training,2768.846979,82,213.334,13370.3125,100,645,10001,"[0, 100000]","[0, 100000]",0,0,14843,24462
yolov8x_training,2769.889841,84,201.241,13370.3125,85,705,10001,"[0, 100000]","[0, 100000]",0,0,3417,292
yolov8x_training,2770.932564,84,214.503,13370.3125,100,675,10001,"[0, 100000]","[0, 100000]",0,0,2880,11669
yolov8x_training,2771.975544,82,203.530,13370.3125,90,795,10001,"[0, 100000]","[0, 100000]",0,0,4882,100390
yolov8x_training,2773.062759,85,213.534,13370.3125,100,645,10001,"[0, 100000]","[0, 100000]",0,0,15722,292
yolov8x_training,2774.105788,82,203.498,13370.3125,89,720,10001,"[0, 100000]","[0, 100000]",0,0,2392,20166
yolov8x_training,2775.148726,84,211.124,13370.3125,100,2190,10001,"[0, 100000]","[0, 100000]",0,0,90136,27929
yolov8x_training,2776.235552,81,204.365,13370.3125,91,615,10001,"[0, 100000]","[0, 100000]",0,0,1904,115917
yolov8x_training,2777.278554,85,201.068,13370.3125,100,2295,10001,"[0, 100000]","[0, 100000]",0,0,2294,21826
yolov8x_training,2778.321668,81,206.375,13370.3125,96,660,10001,"[0, 100000]","[0, 100000]",0,0,90576,33398
yolov8x_training,2779.403142,84,208.187,13370.3125,97,2505,10001,"[0, 100000]","[0, 100000]",0,0,16552,292
yolov8x_training,2780.446182,84,211.731,13370.3125,40,630,10001,"[0, 100000]","[0, 100000]",0,0,3564,12304
yolov8x_training,2781.489080,83,203.135,13370.3125,96,1635,10001,"[0, 100000]","[0, 100000]",0,0,6396,101025
yolov8x_training,2782.568426,84,212.411,13370.3125,26,660,10001,"[0, 100000]","[0, 100000]",0,0,19042,292
yolov8x_training,2783.611439,82,203.414,13370.3125,97,705,10001,"[0, 100000]","[0, 100000]",0,0,2832,17285
yolov8x_training,2784.655420,84,213.954,13370.3125,32,1980,10001,"[0, 100000]","[0, 100000]",0,0,90771,27685
yolov8x_training,2785.741428,81,215.454,13370.3125,97,645,10001,"[0, 100000]","[0, 100000]",0,0,19482,292
yolov8x_training,2786.784168,84,200.349,13370.3125,23,2175,10001,"[0, 100000]","[0, 100000]",0,0,2832,13232
yolov8x_training,2787.827026,82,210.982,13370.3125,96,810,10001,"[0, 100000]","[0, 100000]",0,0,292,292
yolov8x_training,2788.870006,85,201.937,13370.3125,32,1920,10001,"[0, 100000]","[0, 100000]",0,0,2246,10791
yolov8x_training,2789.928195,82,204.846,13370.3125,96,660,10001,"[0, 100000]","[0, 100000]",0,0,14990,16162
yolov8x_training,2790.971456,84,202.283,13370.3125,15,2160,10001,"[0, 100000]","[0, 100000]",0,0,341,292
yolov8x_training,2792.014307,84,214.874,13370.3125,97,615,10001,"[0, 100000]","[0, 100000]",0,0,2929,10205
yolov8x_training,2793.085975,83,206.650,13370.3125,16,1230,10001,"[0, 100000]","[0, 100000]",0,0,14843,22753
yolov8x_training,2794.129276,84,208.094,13370.3125,100,675,10001,"[0, 100000]","[0, 100000]",0,0,341,292
yolov8x_training,2795.171885,83,204.970,13370.3125,49,810,10001,"[0, 100000]","[0, 100000]",0,0,2880,10595
yolov8x_training,2796.215150,82,210.143,13370.3125,100,1785,10001,"[0, 100000]","[0, 100000]",0,0,5664,99853
yolov8x_training,2797.284727,83,204.159,13370.3125,57,795,10001,"[0, 100000]","[0, 100000]",0,0,1171,292
yolov8x_training,2798.327365,83,204.301,13370.3125,100,2160,10001,"[0, 100000]","[0, 100000]",0,0,3710,16015
yolov8x_training,2799.370226,83,204.123,13370.3125,100,675,10001,"[0, 100000]","[0, 100000]",0,0,90136,24658
yolov8x_training,2800.459193,84,201.719,13370.3125,53,2025,10001,"[0, 100000]","[0, 100000]",0,0,1708,2539
yolov8x_training,2801.502584,83,204.588,13370.3125,100,645,10001,"[0, 100000]","[0, 100000]",0,0,2392,20458
yolov8x_training,2802.545474,84,202.019,13370.3125,81,2250,10001,"[0, 100000]","[0, 100000]",0,0,90185,25488
yolov8x_training,2803.633653,83,206.333,13370.3125,100,660,10001,"[0, 100000]","[0, 100000]",0,0,1464,2050
yolov8x_training,2804.676467,84,203.478,13370.3125,97,885,10001,"[0, 100000]","[0, 100000]",0,0,2636,20068
yolov8x_training,2805.719419,85,205.505,13370.3125,100,645,10001,"[0, 100000]","[0, 100000]",0,0,3320,35498
yolov8x_training,2806.794763,83,205.000,13370.3125,97,1170,10001,"[0, 100000]","[0, 100000]",0,0,1513,976
yolov8x_training,2807.837644,84,204.195,13370.3125,75,705,10001,"[0, 100000]","[0, 100000]",0,0,2392,21191
yolov8x_training,2808.880547,83,204.736,13370.3125,96,780,10001,"[0, 100000]","[0, 100000]",0,0,3076,37402
yolov8x_training,2809.959215,84,203.488,13370.3125,45,1815,10001,"[0, 100000]","[0, 100000]",0,0,1904,3271
yolov8x_training,2811.002187,81,204.361,13370.3125,95,675,10001,"[0, 100000]","[0, 100000]",0,0,2490,13867
yolov8x_training,2812.045263,84,203.723,13370.3125,52,1740,10001,"[0, 100000]","[0, 100000]",0,0,341,1035058
yolov8x_training,2813.087954,80,205.661,13370.3125,100,645,10001,"[0, 100000]","[0, 100000]",0,0,2050,8154
yolov8x_training,2814.132423,84,204.512,13370.3125,78,2325,10001,"[0, 100000]","[0, 100000]",0,0,14843,24023
yolov8x_training,2815.175289,83,213.012,13370.3125,100,660,10001,"[0, 100000]","[0, 100000]",0,0,341,292
yolov8x_training,2816.217919,84,205.079,13370.3125,86,690,10001,"[0, 100000]","[0, 100000]",0,0,3222,12841
yolov8x_training,2817.260720,84,200.468,13370.3125,100,645,10001,"[0, 100000]","[0, 100000]",0,0,6054,101904
yolov8x_training,2818.337132,84,213.533,13370.3125,89,675,10001,"[0, 100000]","[0, 100000]",0,0,1220,292
yolov8x_training,2819.380186,85,206.962,13370.3125,96,765,10001,"[0, 100000]","[0, 100000]",0,0,2832,10986
yolov8x_training,2820.452569,80,216.518,13370.3125,57,810,10001,"[0, 100000]","[0, 100000]",0,0,14990,26367
yolov8x_training,2821.495724,84,205.070,13370.3125,97,1830,10001,"[0, 100000]","[0, 100000]",0,0,341,292
yolov8x_training,2822.538512,80,210.094,13370.3125,60,645,10001,"[0, 100000]","[0, 100000]",0,0,2783,15869
yolov8x_training,2823.581545,84,202.665,13370.3125,92,2115,10001,"[0, 100000]","[0, 100000]",0,0,4101,101708
yolov8x_training,2824.671063,80,207.979,13370.3125,62,630,10001,"[0, 100000]","[0, 100000]",0,0,1318,292
yolov8x_training,2825.714236,84,204.909,13370.3125,96,825,10001,"[0, 100000]","[0, 100000]",0,0,2197,17236
yolov8x_training,2826.757022,82,202.271,13370.3125,38,675,10001,"[0, 100000]","[0, 100000]",0,0,4101,31640
yolov8x_training,2827.829333,84,205.248,13370.3125,96,675,10001,"[0, 100000]","[0, 100000]",0,0,1757,1562
yolov8x_training,2828.873072,85,201.623,13370.3125,23,660,10001,"[0, 100000]","[0, 100000]",0,0,2343,17529
yolov8x_training,2829.916022,84,209.309,13370.3125,100,1095,10001,"[0, 100000]","[0, 100000]",0,0,6347,100146
yolov8x_training,2830.989888,84,210.430,13370.3125,44,1515,10001,"[0, 100000]","[0, 100000]",0,0,341,292
yolov8x_training,2832.032505,80,210.752,13370.3125,100,660,10001,"[0, 100000]","[0, 100000]",0,0,3369,13378
yolov8x_training,2833.075850,84,204.846,13370.3125,68,2130,10001,"[0, 100000]","[0, 100000]",0,0,6347,102636
yolov8x_training,2834.147158,83,214.139,13370.3125,100,660,10001,"[0, 100000]","[0, 100000]",0,0,732,292
yolov8x_training,2835.189929,84,204.778,13370.3125,86,675,10001,"[0, 100000]","[0, 100000]",0,0,3125,14111
yolov8x_training,2836.264821,84,207.629,13370.3125,100,720,10001,"[0, 100000]","[0, 100000]",0,0,15527,26220
yolov8x_training,2837.308161,83,210.223,13370.3125,95,825,10001,"[0, 100000]","[0, 100000]",0,0,341,292
yolov8x_training,2838.350765,84,203.124,13370.3125,96,2505,10001,"[0, 100000]","[0, 100000]",0,0,2392,10205
yolov8x_training,2839.424118,82,212.458,13370.3125,27,660,10001,"[0, 100000]","[0, 100000]",0,0,15039,16162
yolov8x_training,2840.467097,84,204.130,13370.3125,96,2505,10001,"[0, 100000]","[0, 100000]",0,0,292,292
yolov8x_training,2841.510019,85,211.832,13370.3125,19,675,10001,"[0, 100000]","[0, 100000]",0,0,3173,10888
yolov8x_training,2842.582935,84,203.897,13370.3125,100,1252,10001,"[0, 100000]","[0, 100000]",0,0,14843,26416
yolov8x_training,2843.626072,83,214.088,13370.3125,55,630,10001,"[0, 100000]","[0, 100000]",0,0,341,1032910
yolov8x_training,2844.669019,83,204.365,13370.3125,100,615,10001,"[0, 100000]","[0, 100000]",0,0,2148,10400
yolov8x_training,2845.722621,84,203.269,13370.3125,76,2505,10001,"[0, 100000]","[0, 100000]",0,0,14941,24218
yolov8x_training,2846.765569,82,213.456,13370.3125,100,660,10001,"[0, 100000]","[0, 100000]",0,0,341,341
yolov8x_training,2847.808212,85,204.468,13370.3125,89,2505,10001,"[0, 100000]","[0, 100000]",0,0,3125,13525
yolov8x_training,2848.851014,82,213.229,13370.3125,100,660,10001,"[0, 100000]","[0, 100000]",0,0,4052,100634
yolov8x_training,2849.944308,84,203.812,13370.3125,74,2505,10001,"[0, 100000]","[0, 100000]",0,0,634,292
yolov8x_training,2850.987024,84,210.725,13370.3125,100,675,10001,"[0, 100000]","[0, 100000]",0,0,2490,17236
yolov8x_training,2852.076481,83,207.793,13370.3125,96,1162,10001,"[0, 100000]","[0, 100000]",0,0,14892,22265
yolov8x_training,2853.119303,84,212.875,13370.3125,97,630,10001,"[0, 100000]","[0, 100000]",0,0,341,341
yolov8x_training,2854.161912,83,202.879,13370.3125,96,795,10001,"[0, 100000]","[0, 100000]",0,0,3173,13623
yolov8x_training,2855.241042,83,210.825,13370.3125,83,2130,10001,"[0, 100000]","[0, 100000]",0,0,15283,22216
yolov8x_training,2856.284408,83,212.295,13370.3125,96,645,10001,"[0, 100000]","[0, 100000]",0,0,341,292
yolov8x_training,2857.326995,84,204.616,13370.3125,37,2505,10001,"[0, 100000]","[0, 100000]",0,0,2343,10107
yolov8x_training,2858.408624,82,213.248,13370.3125,22,660,10001,"[0, 100000]","[0, 100000]",0,0,14892,16015
yolov8x_training,2859.451584,84,203.443,13370.3125,96,2505,10001,"[0, 100000]","[0, 100000]",0,0,341,341
yolov8x_training,2860.494210,82,209.740,13370.3125,35,660,10001,"[0, 100000]","[0, 100000]",0,0,2294,18164
yolov8x_training,2861.537146,84,203.858,13370.3125,96,2505,10001,"[0, 100000]","[0, 100000]",0,0,4052,30419
yolov8x_training,2862.611336,84,214.518,13370.3125,25,660,10001,"[0, 100000]","[0, 100000]",0,0,1806,2636
yolov8x_training,2863.654786,84,202.316,13370.3125,100,870,10001,"[0, 100000]","[0, 100000]",0,0,2587,12060
yolov8x_training,2864.696713,84,215.886,13370.3125,18,1245,10001,"[0, 100000]","[0, 100000]",0,0,3173,34082
yolov8x_training,2865.775061,83,210.392,13370.3125,100,615,10001,"[0, 100000]","[0, 100000]",0,0,341,292
yolov8x_training,2866.817709,84,203.557,13370.3125,79,2505,10001,"[0, 100000]","[0, 100000]",0,0,3222,13623
yolov8x_training,2867.860578,83,209.539,13370.3125,100,645,10001,"[0, 100000]","[0, 100000]",0,0,5126,103320
yolov8x_training,2868.923527,85,210.610,13370.3125,96,2385,10001,"[0, 100000]","[0, 100000]",0,0,341,292
yolov8x_training,2869.966214,83,212.851,13370.3125,63,645,10001,"[0, 100000]","[0, 100000]",0,0,2197,10107
yolov8x_training,2871.033424,83,204.086,13370.3125,97,720,10001,"[0, 100000]","[0, 100000]",0,0,14892,25927
yolov8x_training,2872.076485,83,204.590,13370.3125,58,675,10001,"[0, 100000]","[0, 100000]",0,0,341,292
yolov8x_training,2873.119117,82,205.393,13370.3125,96,690,10001,"[0, 100000]","[0, 100000]",0,0,3222,12548
yolov8x_training,2874.162144,84,202.443,13370.3125,43,2505,10001,"[0, 100000]","[0, 100000]",0,0,6347,100878
yolov8x_training,2875.242007,83,204.882,13370.3125,95,660,10001,"[0, 100000]","[0, 100000]",0,0,878,292
yolov8x_training,2876.284824,84,203.935,13370.3125,36,2490,10001,"[0, 100000]","[0, 100000]",0,0,2392,18945
yolov8x_training,2877.327862,82,210.721,13370.3125,96,675,10001,"[0, 100000]","[0, 100000]",0,0,3710,32031
yolov8x_training,2878.402666,85,204.364,13370.3125,97,1252,10001,"[0, 100000]","[0, 100000]",0,0,2001,3466
yolov8x_training,2879.445632,81,211.217,13370.3125,28,660,10001,"[0, 100000]","[0, 100000]",0,0,4443,11083
yolov8x_training,2880.488553,84,202.512,13370.3125,96,2505,10001,"[0, 100000]","[0, 100000]",0,0,341,1029003
yolov8x_training,2881.531204,85,214.317,13370.3125,24,675,10001,"[0, 100000]","[0, 100000]",0,0,2392,10058
yolov8x_training,2882.596669,84,203.834,13370.3125,100,1440,10001,"[0, 100000]","[0, 100000]",0,0,14843,18212
yolov8x_training,2883.639575,85,211.774,13370.3125,20,630,10001,"[0, 100000]","[0, 100000]",0,0,341,1028125
yolov8x_training,2884.682513,83,206.993,13370.3125,100,660,10001,"[0, 100000]","[0, 100000]",0,0,2148,11621
yolov8x_training,2885.751770,83,205.123,13370.3125,52,2370,10001,"[0, 100000]","[0, 100000]",0,0,14746,22558
yolov8x_training,2886.794708,83,209.944,13370.3125,100,660,10001,"[0, 100000]","[0, 100000]",0,0,341,292
yolov8x_training,2887.837395,84,203.416,13370.3125,55,2130,10001,"[0, 100000]","[0, 100000]",0,0,2685,11083
yolov8x_training,2888.880269,83,215.571,13370.3125,100,660,10001,"[0, 100000]","[0, 100000]",0,0,5371,100097
yolov8x_training,2889.952178,84,203.445,13370.3125,69,2505,10001,"[0, 100000]","[0, 100000]",0,0,341,292
yolov8x_training,2890.994860,81,212.172,13370.3125,100,675,10001,"[0, 100000]","[0, 100000]",0,0,2490,20166
yolov8x_training,2892.038156,84,204.967,13370.3125,73,2505,10001,"[0, 100000]","[0, 100000]",0,0,90380,24804
yolov8x_training,2893.115627,85,210.933,13370.3125,100,675,10001,"[0, 100000]","[0, 100000]",0,0,585,292
yolov8x_training,2894.158345,84,205.236,13370.3125,96,825,10001,"[0, 100000]","[0, 100000]",0,0,3662,15771
yolov8x_training,2895.232735,84,216.791,13370.3125,92,2295,10001,"[0, 100000]","[0, 100000]",0,0,14794,20751
yolov8x_training,2896.275956,83,209.212,13370.3125,96,645,10001,"[0, 100000]","[0, 100000]",0,0,292,292
yolov8x_training,2897.318579,84,204.131,13370.3125,46,2505,10001,"[0, 100000]","[0, 100000]",0,0,3076,12207
yolov8x_training,2898.361398,82,211.682,13370.3125,49,660,10001,"[0, 100000]","[0, 100000]",0,0,5957,102734
yolov8x_training,2899.433074,84,206.645,13370.3125,100,1095,10001,"[0, 100000]","[0, 100000]",0,0,341,292
yolov8x_training,2900.475723,84,212.026,13370.3125,25,660,10001,"[0, 100000]","[0, 100000]",0,0,2294,11474
yolov8x_training,2901.522926,80,208.307,13370.3125,100,1365,10001,"[0, 100000]","[0, 100000]",0,0,14599,22070
yolov8x_training,2902.566038,84,206.430,13370.3125,91,720,10001,"[0, 100000]","[0, 100000]",0,0,292,376855
yolov8x_training,2903.608606,85,215.253,13370.3125,100,915,10001,"[0, 100000]","[0, 100000]",0,0,2197,11474
yolov8x_training,2904.680457,83,204.392,13370.3125,96,1125,10001,"[0, 100000]","[0, 100000]",0,0,14746,20751
yolov8x_training,2905.723298,84,207.857,13370.3125,84,645,10001,"[0, 100000]","[0, 100000]",0,0,341,292
yolov8x_training,2906.765911,83,207.840,13370.3125,96,765,10001,"[0, 100000]","[0, 100000]",0,0,2392,10595
yolov8x_training,2907.809714,85,208.847,13370.3125,50,720,10001,"[0, 100000]","[0, 100000]",0,0,13964,20410
yolov8x_training,2908.853060,82,203.021,13370.3125,95,915,10001,"[0, 100000]","[0, 100000]",0,0,292,292
yolov8x_training,2909.895634,84,201.802,13370.3125,42,690,10001,"[0, 100000]","[0, 100000]",0,0,3369,12255
yolov8x_training,2910.938532,81,203.453,13370.3125,96,1155,10001,"[0, 100000]","[0, 100000]",0,0,4003,30468
yolov8x_training,2912.012238,84,200.905,13370.3125,35,705,10001,"[0, 100000]","[0, 100000]",0,0,1025,292
yolov8x_training,2913.054954,84,203.341,13370.3125,96,870,10001,"[0, 100000]","[0, 100000]",0,0,2392,20263
yolov8x_training,2914.098601,84,200.419,13370.3125,24,720,10001,"[0, 100000]","[0, 100000]",0,0,341,1033593
yolov8x_training,2915.141300,83,203.418,13370.3125,97,1155,10001,"[0, 100000]","[0, 100000]",0,0,2392,8642
yolov8x_training,2916.212995,84,202.096,13370.3125,23,2505,10001,"[0, 100000]","[0, 100000]",0,0,14892,17919
yolov8x_training,2917.255966,83,210.252,13370.3125,94,690,10001,"[0, 100000]","[0, 100000]",0,0,341,292
yolov8x_training,2918.298620,84,203.507,13370.3125,39,2505,10001,"[0, 100000]","[0, 100000]",0,0,3613,12744
yolov8x_training,2919.341720,82,208.982,13370.3125,96,660,10001,"[0, 100000]","[0, 100000]",0,0,6591,101123
yolov8x_training,2920.420921,84,203.898,13370.3125,97,2505,10001,"[0, 100000]","[0, 100000]",0,0,19628,292
yolov8x_training,2921.464935,85,209.527,13370.3125,25,675,10001,"[0, 100000]","[0, 100000]",0,0,2490,20068
yolov8x_training,2922.507844,81,203.919,13370.3125,96,1725,10001,"[0, 100000]","[0, 100000]",0,0,3027,35937
yolov8x_training,2923.588618,84,214.444,13370.3125,11,675,10001,"[0, 100000]","[0, 100000]",0,0,5908,93164
yolov8x_training,2924.632010,81,203.088,13370.3125,100,720,10001,"[0, 100000]","[0, 100000]",0,0,2392,21289
yolov8x_training,2925.674809,85,216.330,13370.3125,19,2505,10001,"[0, 100000]","[0, 100000]",0,0,5664,100585
yolov8x_training,2926.745668,80,208.705,13370.3125,100,675,10001,"[0, 100000]","[0, 100000]",0,0,16162,292
yolov8x_training,2927.788808,84,202.523,13370.3125,60,2505,10001,"[0, 100000]","[0, 100000]",0,0,3222,16650
yolov8x_training,2928.831968,80,209.101,13370.3125,100,660,10001,"[0, 100000]","[0, 100000]",0,0,89013,18896
yolov8x_training,2929.874959,84,204.683,13370.3125,60,2505,10001,"[0, 100000]","[0, 100000]",0,0,1757,9716
yolov8x_training,2930.918319,80,209.870,13370.3125,100,660,10001,"[0, 100000]","[0, 100000]",0,0,13720,26660
yolov8x_training,2931.961256,83,203.634,13370.3125,62,2505,10001,"[0, 100000]","[0, 100000]",0,0,341,292
yolov8x_training,2933.003906,84,211.998,13370.3125,100,660,10001,"[0, 100000]","[0, 100000]",0,0,2734,10693
yolov8x_training,2934.046807,83,202.871,13370.3125,67,2505,10001,"[0, 100000]","[0, 100000]",0,0,6152,101416
yolov8x_training,2935.125151,84,210.309,13370.3125,100,630,10001,"[0, 100000]","[0, 100000]",0,0,390,292
yolov8x_training,2936.167803,81,204.147,13370.3125,84,825,10001,"[0, 100000]","[0, 100000]",0,0,3662,15966
yolov8x_training,2937.210558,84,214.122,13370.3125,100,1230,10001,"[0, 100000]","[0, 100000]",0,0,90722,31396
yolov8x_training,2938.295542,82,212.521,13370.3125,84,765,10001,"[0, 100000]","[0, 100000]",0,0,1611,2294
yolov8x_training,2939.338389,85,199.542,13370.3125,100,1455,10001,"[0, 100000]","[0, 100000]",0,0,2441,21533
yolov8x_training,2940.381330,81,206.610,13370.3125,100,675,10001,"[0, 100000]","[0, 100000]",0,0,89746,22460
yolov8x_training,2941.471804,84,201.267,13370.3125,9,2340,10001,"[0, 100000]","[0, 100000]",0,0,2441,8935
yolov8x_training,2942.536984,80,204.543,13370.3125,100,675,10001,"[0, 100000]","[0, 100000]",0,0,14941,24316
yolov8x_training,2943.580066,84,210.311,13370.3125,38,645,10001,"[0, 100000]","[0, 100000]",0,0,341,292
yolov8x_training,2944.622785,80,206.825,13370.3125,100,1005,10001,"[0, 100000]","[0, 100000]",0,0,2392,10449
yolov8x_training,2945.702303,84,202.462,13370.3125,59,2505,10001,"[0, 100000]","[0, 100000]",0,0,14941,16552
yolov8x_training,2946.745243,81,205.898,13370.3125,100,690,10001,"[0, 100000]","[0, 100000]",0,0,341,292
yolov8x_training,2947.787878,84,205.855,13370.3125,81,2370,10001,"[0, 100000]","[0, 100000]",0,0,2587,10986
yolov8x_training,2948.830713,84,212.280,13370.3125,100,645,10001,"[0, 100000]","[0, 100000]",0,0,5859,101171
yolov8x_training,2949.910263,84,203.632,13370.3125,71,1950,10001,"[0, 100000]","[0, 100000]",0,0,683,292
yolov8x_training,2950.952960,84,212.641,13370.3125,100,630,10001,"[0, 100000]","[0, 100000]",0,0,2197,17089
yolov8x_training,2951.995843,81,203.249,13370.3125,90,1185,10001,"[0, 100000]","[0, 100000]",0,0,89941,22412
yolov8x_training,2953.087876,84,213.352,13370.3125,100,645,10001,"[0, 100000]","[0, 100000]",0,0,1757,1562
yolov8x_training,2954.131254,82,202.455,13370.3125,91,1065,10001,"[0, 100000]","[0, 100000]",0,0,4052,13183
yolov8x_training,2955.174155,84,213.868,13370.3125,100,1545,10001,"[0, 100000]","[0, 100000]",0,0,341,1037548
yolov8x_training,2956.216901,83,202.301,13370.3125,89,930,10001,"[0, 100000]","[0, 100000]",0,0,2294,11572
yolov8x_training,2957.297004,84,202.220,13370.3125,100,810,10001,"[0, 100000]","[0, 100000]",0,0,14697,15869
yolov8x_training,2958.339844,82,211.396,13370.3125,73,795,10001,"[0, 100000]","[0, 100000]",0,0,341,292
yolov8x_training,2959.382469,84,201.102,13370.3125,79,810,10001,"[0, 100000]","[0, 100000]",0,0,2783,12353
yolov8x_training,2960.425334,81,205.827,13370.3125,100,780,10001,"[0, 100000]","[0, 100000]",0,0,341,292
yolov8x_training,2961.468481,84,200.978,13370.3125,53,645,10001,"[0, 100000]","[0, 100000]",0,0,2099,8251
yolov8x_training,2962.511428,80,207.074,13370.3125,100,1125,10001,"[0, 100000]","[0, 100000]",0,0,8984,28417
yolov8x_training,2963.554271,84,202.457,13370.3125,73,705,10001,"[0, 100000]","[0, 100000]",0,0,341,292
yolov8x_training,2964.596879,83,204.675,13370.3125,100,960,10001,"[0, 100000]","[0, 100000]",0,0,2539,11279
yolov8x_training,2965.639817,84,202.506,13370.3125,69,1830,10001,"[0, 100000]","[0, 100000]",0,0,5664,101318
yolov8x_training,2966.712987,84,211.829,13370.3125,100,660,10001,"[0, 100000]","[0, 100000]",0,0,16113,292
yolov8x_training,2967.756262,84,201.948,13370.3125,80,705,10001,"[0, 100000]","[0, 100000]",0,0,2734,18945
yolov8x_training,2968.799256,82,208.853,13370.3125,100,645,10001,"[0, 100000]","[0, 100000]",0,0,89550,21484
yolov8x_training,2969.842611,84,203.511,13370.3125,88,705,10001,"[0, 100000]","[0, 100000]",0,0,2099,8935
yolov8x_training,2970.886269,82,212.003,13370.3125,100,615,10001,"[0, 100000]","[0, 100000]",0,0,14697,25390
yolov8x_training,2971.929178,84,205.690,13370.3125,88,2370,10001,"[0, 100000]","[0, 100000]",0,0,341,292
yolov8x_training,2972.971796,84,208.054,13370.3125,100,660,10001,"[0, 100000]","[0, 100000]",0,0,3466,13525
yolov8x_training,2974.014823,82,203.674,13370.3125,67,930,10001,"[0, 100000]","[0, 100000]",0,0,3808,32617
yolov8x_training,2975.087200,83,212.706,13370.3125,100,645,10001,"[0, 100000]","[0, 100000]",0,0,2001,3271
yolov8x_training,2976.130428,82,203.101,13370.3125,69,915,10001,"[0, 100000]","[0, 100000]",0,0,2490,13476
yolov8x_training,2977.173486,84,208.984,13370.3125,100,1980,10001,"[0, 100000]","[0, 100000]",0,0,88818,15429
yolov8x_training,2978.217047,82,203.461,13370.3125,90,780,10001,"[0, 100000]","[0, 100000]",0,0,1953,10302
yolov8x_training,2979.264114,84,198.493,13370.3125,100,2070,10001,"[0, 100000]","[0, 100000]",0,0,14697,25244
yolov8x_training,2980.306931,81,214.041,13370.3125,92,660,10001,"[0, 100000]","[0, 100000]",0,0,341,292
yolov8x_training,2981.349729,84,201.776,13370.3125,100,2280,10001,"[0, 100000]","[0, 100000]",0,0,3417,12597
yolov8x_training,2982.396163,81,212.327,13370.3125,57,690,10001,"[0, 100000]","[0, 100000]",0,0,14697,23828
yolov8x_training,2983.439463,84,204.467,13370.3125,96,1290,10001,"[0, 100000]","[0, 100000]",0,0,341,341
yolov8x_training,2984.482125,84,213.959,13370.3125,37,645,10001,"[0, 100000]","[0, 100000]",0,0,2343,10546
yolov8x_training,2985.564948,81,203.328,13370.3125,97,705,10001,"[0, 100000]","[0, 100000]",0,0,14794,23388
yolov8x_training,2986.607888,84,215.693,13370.3125,11,675,10001,"[0, 100000]","[0, 100000]",0,0,341,292
yolov8x_training,2987.650476,80,206.034,13370.3125,100,960,10001,"[0, 100000]","[0, 100000]",0,0,2539,9423
yolov8x_training,2988.708760,84,206.360,13370.3125,43,2505,10001,"[0, 100000]","[0, 100000]",0,0,15283,16357
yolov8x_training,2989.751618,80,206.057,13370.3125,100,690,10001,"[0, 100000]","[0, 100000]",0,0,341,341
yolov8x_training,2990.794415,84,200.931,13370.3125,54,2505,10001,"[0, 100000]","[0, 100000]",0,0,2490,9765
yolov8x_training,2991.862551,85,214.159,13370.3125,100,660,10001,"[0, 100000]","[0, 100000]",0,0,15087,20898
yolov8x_training,2992.905626,84,203.302,13370.3125,86,705,10001,"[0, 100000]","[0, 100000]",0,0,341,292
yolov8x_training,2993.948312,85,217.879,13370.3125,100,660,10001,"[0, 100000]","[0, 100000]",0,0,2539,9521
yolov8x_training,2995.009180,80,204.587,13370.3125,96,1035,10001,"[0, 100000]","[0, 100000]",0,0,14746,18359
yolov8x_training,2996.052058,84,207.658,13370.3125,76,705,10001,"[0, 100000]","[0, 100000]",0,0,341,292
yolov8x_training,2997.094908,81,206.117,13370.3125,95,705,10001,"[0, 100000]","[0, 100000]",0,0,2539,9716
yolov8x_training,2998.174140,84,201.425,13370.3125,39,750,10001,"[0, 100000]","[0, 100000]",0,0,14941,24316
yolov8x_training,2999.217099,83,205.765,13370.3125,97,660,10001,"[0, 100000]","[0, 100000]",0,0,341,292
yolov8x_training,3000.260061,84,201.316,13370.3125,27,705,10001,"[0, 100000]","[0, 100000]",0,0,2685,9960
yolov8x_training,3001.303364,86,216.692,13370.3125,100,735,10001,"[0, 100000]","[0, 100000]",0,0,4980,26416
yolov8x_training,3002.346302,83,203.642,13370.3125,61,930,10001,"[0, 100000]","[0, 100000]",0,0,341,292
yolov8x_training,3003.388915,83,204.307,13370.3125,49,825,10001,"[0, 100000]","[0, 100000]",0,0,3222,13916
yolov8x_training,3004.431796,83,204.378,13370.3125,100,810,10001,"[0, 100000]","[0, 100000]",0,0,5859,99023
yolov8x_training,3005.515187,84,202.577,13370.3125,70,1545,10001,"[0, 100000]","[0, 100000]",0,0,341,292
yolov8x_training,3006.557977,82,206.735,13370.3125,100,645,10001,"[0, 100000]","[0, 100000]",0,0,3417,13281
yolov8x_training,3007.600946,84,196.616,13370.3125,91,1740,10001,"[0, 100000]","[0, 100000]",0,0,5371,101464
yolov8x_training,3008.670861,84,203.990,13370.3125,100,660,10001,"[0, 100000]","[0, 100000]",0,0,1416,439
yolov8x_training,3009.713772,84,200.883,13370.3125,93,660,10001,"[0, 100000]","[0, 100000]",0,0,2587,11083
yolov8x_training,3010.756725,85,205.245,13370.3125,100,675,10001,"[0, 100000]","[0, 100000]",0,0,89404,20068
yolov8x_training,3011.800000,84,202.710,13370.3125,92,690,10001,"[0, 100000]","[0, 100000]",0,0,2099,8935
yolov8x_training,3012.844137,84,215.994,13370.3125,100,660,10001,"[0, 100000]","[0, 100000]",0,0,14501,17480
yolov8x_training,3013.887033,83,207.201,13370.3125,96,825,10001,"[0, 100000]","[0, 100000]",0,0,292,292
yolov8x_training,3014.929784,84,208.064,13370.3125,77,780,10001,"[0, 100000]","[0, 100000]",0,0,2197,11572
yolov8x_training,3016.006541,80,206.673,13370.3125,96,735,10001,"[0, 100000]","[0, 100000]",0,0,14746,21240
yolov8x_training,3017.049396,84,204.554,13370.3125,62,1635,10001,"[0, 100000]","[0, 100000]",0,0,341,292
yolov8x_training,3018.092012,80,204.949,13370.3125,96,795,10001,"[0, 100000]","[0, 100000]",0,0,2734,11962
yolov8x_training,3019.134785,84,203.874,13370.3125,51,2175,10001,"[0, 100000]","[0, 100000]",0,0,5468,99121
yolov8x_training,3020.210491,83,205.668,13370.3125,96,645,10001,"[0, 100000]","[0, 100000]",0,0,341,292
yolov8x_training,3021.253620,84,201.017,13370.3125,27,705,10001,"[0, 100000]","[0, 100000]",0,0,3564,14599
yolov8x_training,3022.296560,85,211.500,13370.3125,97,660,10001,"[0, 100000]","[0, 100000]",0,0,4345,99560
yolov8x_training,3023.387072,84,202.171,13370.3125,97,675,10001,"[0, 100000]","[0, 100000]",0,0,634,292
yolov8x_training,3024.429909,82,213.417,13370.3125,30,675,10001,"[0, 100000]","[0, 100000]",0,0,2343,19921
yolov8x_training,3025.472870,82,202.475,13370.3125,100,660,10001,"[0, 100000]","[0, 100000]",0,0,341,1036621
yolov8x_training,3026.515779,83,208.651,13370.3125,69,660,10001,"[0, 100000]","[0, 100000]",0,0,2392,8984
yolov8x_training,3027.580274,83,204.930,13370.3125,100,720,10001,"[0, 100000]","[0, 100000]",0,0,14843,20800
yolov8x_training,3028.623249,84,202.859,13370.3125,76,645,10001,"[0, 100000]","[0, 100000]",0,0,341,292
yolov8x_training,3029.665890,83,202.604,13370.3125,100,825,10001,"[0, 100000]","[0, 100000]",0,0,3515,15380
yolov8x_training,3030.708763,83,204.120,13370.3125,63,2175,10001,"[0, 100000]","[0, 100000]",0,0,4931,99560
yolov8x_training,3031.795829,82,214.579,13370.3125,100,645,10001,"[0, 100000]","[0, 100000]",0,0,11816,341
yolov8x_training,3032.838528,84,203.042,13370.3125,79,2325,10001,"[0, 100000]","[0, 100000]",0,0,3906,15625
yolov8x_training,3033.881552,81,214.291,13370.3125,100,630,10001,"[0, 100000]","[0, 100000]",0,0,4101,32910
yolov8x_training,3034.950008,84,207.914,13370.3125,96,2505,10001,"[0, 100000]","[0, 100000]",0,0,15869,341
yolov8x_training,3035.993159,84,208.236,13370.3125,87,705,10001,"[0, 100000]","[0, 100000]",0,0,3613,13330
yolov8x_training,3037.036164,83,205.621,13370.3125,96,2400,10001,"[0, 100000]","[0, 100000]",0,0,4541,100000
yolov8x_training,3038.123796,83,206.135,13370.3125,57,630,10001,"[0, 100000]","[0, 100000]",0,0,19433,292
yolov8x_training,3039.166877,83,203.706,13370.3125,95,2490,10001,"[0, 100000]","[0, 100000]",0,0,2587,20019
yolov8x_training,3040.210018,84,204.197,13370.3125,63,810,10001,"[0, 100000]","[0, 100000]",0,0,88671,15039
yolov8x_training,3041.253293,83,204.155,13370.3125,96,780,10001,"[0, 100000]","[0, 100000]",0,0,2099,8691
yolov8x_training,3042.299943,84,203.311,13370.3125,78,795,10001,"[0, 100000]","[0, 100000]",0,0,14648,25683
yolov8x_training,3043.342723,83,208.277,13370.3125,95,795,10001,"[0, 100000]","[0, 100000]",0,0,341,341
yolov8x_training,3044.385340,82,204.902,13370.3125,96,2115,10001,"[0, 100000]","[0, 100000]",0,0,2832,11279
yolov8x_training,3045.468731,83,211.953,13370.3125,42,645,10001,"[0, 100000]","[0, 100000]",0,0,14892,18115
yolov8x_training,3046.511573,84,205.729,13370.3125,96,2310,10001,"[0, 100000]","[0, 100000]",0,0,341,292
yolov8x_training,3047.554207,84,212.446,13370.3125,27,630,10001,"[0, 100000]","[0, 100000]",0,0,2490,11474
yolov8x_training,3048.597254,84,204.159,13370.3125,96,2250,10001,"[0, 100000]","[0, 100000]",0,0,5908,100585
yolov8x_training,3049.672328,84,214.419,13370.3125,27,660,10001,"[0, 100000]","[0, 100000]",0,0,878,292
yolov8x_training,3050.714998,84,205.114,13370.3125,100,1035,10001,"[0, 100000]","[0, 100000]",0,0,3515,14892
yolov8x_training,3051.757817,84,214.797,13370.3125,18,705,10001,"[0, 100000]","[0, 100000]",0,0,5126,101025
yolov8x_training,3052.839893,83,207.313,13370.3125,100,810,10001,"[0, 100000]","[0, 100000]",0,0,341,292
yolov8x_training,3053.882547,84,210.229,13370.3125,77,2505,10001,"[0, 100000]","[0, 100000]",0,0,2246,11572
yolov8x_training,3054.955787,82,209.576,13370.3125,100,660,10001,"[0, 100000]","[0, 100000]",0,0,14697,24169
yolov8x_training,3055.998598,84,202.866,13370.3125,90,2505,10001,"[0, 100000]","[0, 100000]",0,0,292,292
yolov8x_training,3057.041230,85,210.526,13370.3125,100,660,10001,"[0, 100000]","[0, 100000]",0,0,2587,11669
yolov8x_training,3058.112807,84,206.068,13370.3125,86,2505,10001,"[0, 100000]","[0, 100000]",0,0,14843,24755
yolov8x_training,3059.155714,84,212.770,13370.3125,78,645,10001,"[0, 100000]","[0, 100000]",0,0,341,292
yolov8x_training,3060.198467,81,208.859,13370.3125,97,660,10001,"[0, 100000]","[0, 100000]",0,0,2392,9033
yolov8x_training,3061.245748,84,201.329,13370.3125,32,2505,10001,"[0, 100000]","[0, 100000]",0,0,15039,19189
yolov8x_training,3062.288863,81,213.406,13370.3125,98,660,10001,"[0, 100000]","[0, 100000]",0,0,439,292
yolov8x_training,3063.331895,84,204.734,13370.3125,35,2505,10001,"[0, 100000]","[0, 100000]",0,0,2783,11083
yolov8x_training,3064.403303,81,217.295,13370.3125,31,615,10001,"[0, 100000]","[0, 100000]",0,0,15039,19140
yolov8x_training,3065.446218,84,205.830,13370.3125,100,825,10001,"[0, 100000]","[0, 100000]",0,0,341,292
yolov8x_training,3066.488812,83,205.410,13370.3125,64,660,10001,"[0, 100000]","[0, 100000]",0,0,2392,11279
yolov8x_training,3067.556707,83,204.030,13370.3125,100,675,10001,"[0, 100000]","[0, 100000]",0,0,14941,24072
yolov8x_training,3068.599726,84,202.911,13370.3125,72,675,10001,"[0, 100000]","[0, 100000]",0,0,341,292
yolov8x_training,3069.642310,82,203.361,13370.3125,100,690,10001,"[0, 100000]","[0, 100000]",0,0,3466,12841
yolov8x_training,3070.685207,85,202.026,13370.3125,81,2505,10001,"[0, 100000]","[0, 100000]",0,0,6103,98291
yolov8x_training,3071.760906,81,207.440,13370.3125,100,690,10001,"[0, 100000]","[0, 100000]",0,0,390,341
yolov8x_training,3072.803513,84,205.392,13370.3125,96,1080,10001,"[0, 100000]","[0, 100000]",0,0,2587,11474
yolov8x_training,3073.846565,80,207.389,13370.3125,83,630,10001,"[0, 100000]","[0, 100000]",0,0,5761,99853
yolov8x_training,3074.913712,84,206.948,13370.3125,96,705,10001,"[0, 100000]","[0, 100000]",0,0,341,341
yolov8x_training,3075.956317,82,201.639,13370.3125,43,660,10001,"[0, 100000]","[0, 100000]",0,0,2734,11181
yolov8x_training,3076.999177,83,204.015,13370.3125,96,690,10001,"[0, 100000]","[0, 100000]",0,0,6494,99169
yolov8x_training,3078.073731,84,202.528,13370.3125,26,675,10001,"[0, 100000]","[0, 100000]",0,0,390,292
yolov8x_training,3079.116394,81,207.477,13370.3125,96,1395,10001,"[0, 100000]","[0, 100000]",0,0,2685,11279
yolov8x_training,3080.203775,84,206.062,13370.3125,13,1200,10001,"[0, 100000]","[0, 100000]",0,0,15039,23486
yolov8x_training,3081.246733,80,208.789,13370.3125,100,660,10001,"[0, 100000]","[0, 100000]",0,0,341,1033300
yolov8x_training,3082.289515,84,205.735,13370.3125,72,675,10001,"[0, 100000]","[0, 100000]",0,0,2294,9082
yolov8x_training,3083.339467,83,201.709,13370.3125,100,690,10001,"[0, 100000]","[0, 100000]",0,0,14794,17089
yolov8x_training,3084.382349,84,204.878,13370.3125,100,690,10001,"[0, 100000]","[0, 100000]",0,0,341,292
yolov8x_training,3085.424944,84,201.099,13370.3125,95,690,10001,"[0, 100000]","[0, 100000]",0,0,2832,10546
yolov8x_training,3086.467931,84,206.417,13370.3125,100,1155,10001,"[0, 100000]","[0, 100000]",0,0,5859,98876
yolov8x_training,3087.543925,84,199.685,13370.3125,15,735,10001,"[0, 100000]","[0, 100000]",0,0,2099,8496
yolov8x_training,3088.587091,84,174.738,13370.3125,77,2265,10001,"[0, 100000]","[0, 100000]",0,0,341,292
yolov8x_training,3089.630036,86,178.848,13370.3125,91,2505,10001,"[0, 100000]","[0, 100000]",0,0,292,1039453
yolov8x_training,3090.673073,81,202.824,13370.3125,100,1200,10001,"[0, 100000]","[0, 100000]",0,0,1513,70703
yolov8x_training,3091.715997,84,211.956,13370.3125,96,720,10001,"[0, 100000]","[0, 100000]",0,0,4150,12402
yolov8x_training,3092.759129,80,209.687,13370.3125,61,675,10001,"[0, 100000]","[0, 100000]",0,0,89111,17773
yolov8x_training,3093.802634,84,192.040,13370.3125,90,2505,10001,"[0, 100000]","[0, 100000]",0,0,3222,13281
yolov8x_training,3094.845784,84,189.793,13370.3125,91,2505,10001,"[0, 100000]","[0, 100000]",0,0,2587,11328
yolov8x_training,3095.888723,81,204.381,13370.3125,100,645,10001,"[0, 100000]","[0, 100000]",0,0,341,292
yolov8x_training,3096.931712,80,189.506,13370.3125,53,660,10001,"[0, 100000]","[0, 100000]",0,0,292,1039843
yolov8x_training,3098.000844,80,190.163,13370.3125,19,645,10001,"[0, 100000]","[0, 100000]",0,0,13818,28466
yolov8x_training,3099.044348,82,183.055,13370.3125,0,675,10001,"[0, 100000]","[0, 100000]",0,0,2148,4785
yolov8x_training,3100.087634,82,206.043,13370.3125,95,705,10001,"[0, 100000]","[0, 100000]",0,0,2783,12695
yolov8x_training,3101.130786,84,198.187,13370.3125,26,720,10001,"[0, 100000]","[0, 100000]",0,0,292,1035742
yolov8x_training,3102.173408,80,205.998,13370.3125,96,795,10001,"[0, 100000]","[0, 100000]",0,0,2001,8984
yolov8x_training,3103.216355,83,210.930,13370.3125,22,690,10001,"[0, 100000]","[0, 100000]",0,0,4394,12207
yolov8x_training,3104.259350,80,209.053,13370.3125,100,675,10001,"[0, 100000]","[0, 100000]",0,0,341,1040673
yolov8x_training,3105.302582,83,205.145,13370.3125,61,1290,10001,"[0, 100000]","[0, 100000]",0,0,2001,9472
yolov8x_training,3106.346141,83,201.424,13370.3125,100,720,10001,"[0, 100000]","[0, 100000]",0,0,3613,27685
yolov8x_training,3107.388969,84,206.092,13370.3125,100,825,10001,"[0, 100000]","[0, 100000]",0,0,292,292
yolov8x_training,3108.431528,84,202.724,13370.3125,95,1770,10001,"[0, 100000]","[0, 100000]",0,0,2148,11865
yolov8x_training,3109.477959,80,207.854,13370.3125,82,660,10001,"[0, 100000]","[0, 100000]",0,0,14648,24121
yolov8x_training,3110.521169,82,209.748,13370.3125,95,2505,10001,"[0, 100000]","[0, 100000]",0,0,341,292
yolov8x_training,3111.563847,84,208.527,13370.3125,34,660,10001,"[0, 100000]","[0, 100000]",0,0,2392,11279
yolov8x_training,3112.622190,81,204.183,13370.3125,97,2505,10001,"[0, 100000]","[0, 100000]",0,0,14941,20556
yolov8x_training,3113.665087,84,213.124,13370.3125,39,660,10001,"[0, 100000]","[0, 100000]",0,0,341,292
yolov8x_training,3114.707768,80,205.623,13370.3125,100,660,10001,"[0, 100000]","[0, 100000]",0,0,2392,8056
yolov8x_training,3115.756623,84,206.703,13370.3125,52,2505,10001,"[0, 100000]","[0, 100000]",0,0,14892,25878
yolov8x_training,3116.799664,84,211.995,13370.3125,100,675,10001,"[0, 100000]","[0, 100000]",0,0,292,292
yolov8x_training,3117.842276,83,202.047,13370.3125,76,2505,10001,"[0, 100000]","[0, 100000]",0,0,2978,10546
yolov8x_training,3118.931455,82,213.728,13370.3125,100,660,10001,"[0, 100000]","[0, 100000]",0,0,14990,18896
yolov8x_training,3119.974381,83,203.897,13370.3125,92,2505,10001,"[0, 100000]","[0, 100000]",0,0,390,292
yolov8x_training,3121.016972,84,213.278,13370.3125,100,660,10001,"[0, 100000]","[0, 100000]",0,0,2392,7226
yolov8x_training,3122.059938,82,208.211,13370.3125,95,690,10001,"[0, 100000]","[0, 100000]",0,0,3320,20068
yolov8x_training,3123.103022,84,202.482,13370.3125,31,705,10001,"[0, 100000]","[0, 100000]",0,0,341,292
yolov8x_training,3124.145630,85,213.851,13370.3125,97,1050,10001,"[0, 100000]","[0, 100000]",0,0,2343,11425
yolov8x_training,3125.215284,83,201.852,13370.3125,15,2505,10001,"[0, 100000]","[0, 100000]",0,0,15039,21386
yolov8x_training,3126.258229,84,216.047,13370.3125,100,660,10001,"[0, 100000]","[0, 100000]",0,0,341,292
yolov8x_training,3127.300866,83,204.560,13370.3125,12,720,10001,"[0, 100000]","[0, 100000]",0,0,2246,11718
yolov8x_training,3128.365016,84,209.517,13370.3125,100,645,10001,"[0, 100000]","[0, 100000]",0,0,14892,16943
yolov8x_training,3129.407872,83,205.425,13370.3125,100,690,10001,"[0, 100000]","[0, 100000]",0,0,341,292
yolov8x_training,3130.450763,84,203.127,13370.3125,85,690,10001,"[0, 100000]","[0, 100000]",0,0,2392,9570
yolov8x_training,3131.510339,85,205.291,13370.3125,100,900,10001,"[0, 100000]","[0, 100000]",0,0,15234,16357
yolov8x_training,3132.553262,83,205.640,13370.3125,96,1755,10001,"[0, 100000]","[0, 100000]",0,0,341,292
yolov8x_training,3133.595918,83,210.045,13370.3125,54,615,10001,"[0, 100000]","[0, 100000]",0,0,2490,7470
yolov8x_training,3134.644052,83,204.517,13370.3125,96,2505,10001,"[0, 100000]","[0, 100000]",0,0,14843,16943
yolov8x_training,3135.687034,84,213.442,13370.3125,23,705,10001,"[0, 100000]","[0, 100000]",0,0,341,292
yolov8x_training,3136.729631,82,203.784,13370.3125,96,825,10001,"[0, 100000]","[0, 100000]",0,0,2539,11230
yolov8x_training,3137.799420,84,199.802,13370.3125,19,2100,10001,"[0, 100000]","[0, 100000]",0,0,15136,20410
yolov8x_training,3138.842616,80,217.960,13370.3125,100,660,10001,"[0, 100000]","[0, 100000]",0,0,341,292
yolov8x_training,3139.885240,84,205.022,13370.3125,45,1252,10001,"[0, 100000]","[0, 100000]",0,0,2294,11279
yolov8x_training,3140.949579,80,210.608,13370.3125,100,675,10001,"[0, 100000]","[0, 100000]",0,0,14648,25537
yolov8x_training,3141.992666,83,203.050,13370.3125,66,2505,10001,"[0, 100000]","[0, 100000]",0,0,341,292
yolov8x_training,3143.035305,84,208.768,13370.3125,100,705,10001,"[0, 100000]","[0, 100000]",0,0,2832,10742
yolov8x_training,3144.078566,83,192.666,13370.3125,15,2220,10001,"[0, 100000]","[0, 100000]",0,0,341,1034960
yolov8x_training,3145.121105,82,207.775,13370.3125,100,660,10001,"[0, 100000]","[0, 100000]",0,0,2001,9228
yolov8x_training,3146.164852,83,206.129,13370.3125,45,1252,10001,"[0, 100000]","[0, 100000]",0,0,4199,15917
yolov8x_training,3147.207882,84,212.202,13370.3125,100,735,10001,"[0, 100000]","[0, 100000]",0,0,341,292
yolov8x_training,3148.250542,81,203.271,13370.3125,78,675,10001,"[0, 100000]","[0, 100000]",0,0,2392,8056
yolov8x_training,3149.305232,84,201.091,13370.3125,100,1980,10001,"[0, 100000]","[0, 100000]",0,0,14697,24560
yolov8x_training,3150.348062,80,207.103,13370.3125,95,630,10001,"[0, 100000]","[0, 100000]",0,0,341,341
yolov8x_training,3151.390764,84,205.680,13370.3125,96,2505,10001,"[0, 100000]","[0, 100000]",0,0,2392,10058
yolov8x_training,3152.433715,82,213.716,13370.3125,29,660,10001,"[0, 100000]","[0, 100000]",0,0,8593,28027
yolov8x_training,3153.476993,84,202.830,13370.3125,96,1252,10001,"[0, 100000]","[0, 100000]",0,0,341,292
yolov8x_training,3154.519639,84,212.563,13370.3125,27,645,10001,"[0, 100000]","[0, 100000]",0,0,2685,11376
yolov8x_training,3155.563698,83,203.290,13370.3125,96,1252,10001,"[0, 100000]","[0, 100000]",0,0,3857,30371
yolov8x_training,3156.639117,82,212.143,13370.3125,58,690,10001,"[0, 100000]","[0, 100000]",0,0,1855,3271
yolov8x_training,3157.682054,83,202.968,13370.3125,96,2505,10001,"[0, 100000]","[0, 100000]",0,0,3271,13037
yolov8x_training,3158.724984,82,210.717,13370.3125,44,705,10001,"[0, 100000]","[0, 100000]",0,0,341,1038476
yolov8x_training,3159.767831,82,204.348,13370.3125,97,795,10001,"[0, 100000]","[0, 100000]",0,0,2148,8447
yolov8x_training,3160.812287,84,199.937,13370.3125,27,1485,10001,"[0, 100000]","[0, 100000]",0,0,14794,16992
yolov8x_training,3161.855085,81,206.765,13370.3125,97,735,10001,"[0, 100000]","[0, 100000]",0,0,341,292
yolov8x_training,3162.897724,84,200.487,13370.3125,14,2100,10001,"[0, 100000]","[0, 100000]",0,0,2734,10986
yolov8x_training,3163.966559,81,206.303,13370.3125,100,615,10001,"[0, 100000]","[0, 100000]",0,0,15478,25634
yolov8x_training,3165.009991,83,207.147,13370.3125,43,2505,10001,"[0, 100000]","[0, 100000]",0,0,341,292
yolov8x_training,3166.052575,83,212.225,13370.3125,100,705,10001,"[0, 100000]","[0, 100000]",0,0,2099,10009
yolov8x_training,3167.123528,82,204.560,13370.3125,74,2505,10001,"[0, 100000]","[0, 100000]",0,0,11767,44189
yolov8x_training,3168.169160,84,213.017,13370.3125,100,645,10001,"[0, 100000]","[0, 100000]",0,0,292,1033300
yolov8x_training,3169.211980,80,209.328,13370.3125,96,660,10001,"[0, 100000]","[0, 100000]",0,0,1855,8789
yolov8x_training,3170.254946,84,204.936,13370.3125,53,930,10001,"[0, 100000]","[0, 100000]",0,0,3710,28808
yolov8x_training,3171.342339,83,215.486,13370.3125,100,675,10001,"[0, 100000]","[0, 100000]",0,0,14697,27001
yolov8x_training,3172.385156,82,208.513,13370.3125,57,795,10001,"[0, 100000]","[0, 100000]",0,0,341,292
yolov8x_training,3173.427727,84,203.083,13370.3125,96,2175,10001,"[0, 100000]","[0, 100000]",0,0,2148,8789
yolov8x_training,3174.470771,80,209.227,13370.3125,57,660,10001,"[0, 100000]","[0, 100000]",0,0,4296,11718
yolov8x_training,3175.514311,82,206.146,13370.3125,96,1305,10001,"[0, 100000]","[0, 100000]",0,0,89599,22314
yolov8x_training,3176.597816,84,214.252,13370.3125,39,645,10001,"[0, 100000]","[0, 100000]",0,0,341,292
yolov8x_training,3177.640526,82,207.661,13370.3125,100,960,10001,"[0, 100000]","[0, 100000]",0,0,2294,10937
yolov8x_training,3178.683441,84,202.296,13370.3125,89,1605,10001,"[0, 100000]","[0, 100000]",0,0,3906,21582
yolov8x_training,3179.726884,83,212.158,13370.3125,52,1110,10001,"[0, 100000]","[0, 100000]",0,0,341,1040722
yolov8x_training,3180.769900,81,205.053,13370.3125,97,630,10001,"[0, 100000]","[0, 100000]",0,0,2050,6640
yolov8x_training,3181.813002,84,211.794,13370.3125,47,1245,10001,"[0, 100000]","[0, 100000]",0,0,3271,16064
yolov8x_training,3182.856228,83,211.415,13370.3125,100,645,10001,"[0, 100000]","[0, 100000]",0,0,4150,30419
yolov8x_training,3183.925993,84,203.863,13370.3125,85,705,10001,"[0, 100000]","[0, 100000]",0,0,732,292
yolov8x_training,3184.968807,85,212.505,13370.3125,100,645,10001,"[0, 100000]","[0, 100000]",0,0,2880,11035
yolov8x_training,3186.036734,80,209.924,13370.3125,95,810,10001,"[0, 100000]","[0, 100000]",0,0,14892,24121
yolov8x_training,3187.079797,84,201.474,13370.3125,43,1935,10001,"[0, 100000]","[0, 100000]",0,0,89648,21044
yolov8x_training,3188.123772,84,208.929,13370.3125,100,630,10001,"[0, 100000]","[0, 100000]",0,0,1953,6982
yolov8x_training,3189.166920,82,209.180,13370.3125,57,885,10001,"[0, 100000]","[0, 100000]",0,0,2294,18359
yolov8x_training,3190.234665,84,212.678,13370.3125,100,2370,10001,"[0, 100000]","[0, 100000]",0,0,14843,25927
yolov8x_training,3191.277578,84,210.865,13370.3125,95,660,10001,"[0, 100000]","[0, 100000]",0,0,341,292
yolov8x_training,3192.320196,84,205.193,13370.3125,27,690,10001,"[0, 100000]","[0, 100000]",0,0,2050,9326
yolov8x_training,3193.363127,84,208.183,13370.3125,100,705,10001,"[0, 100000]","[0, 100000]",0,0,4980,12060
yolov8x_training,3194.406017,83,207.542,13370.3125,100,675,10001,"[0, 100000]","[0, 100000]",0,0,89990,24853
yolov8x_training,3195.491370,84,205.260,13370.3125,96,2505,10001,"[0, 100000]","[0, 100000]",0,0,537,292
yolov8x_training,3196.534087,84,209.691,13370.3125,48,660,10001,"[0, 100000]","[0, 100000]",0,0,2343,11181
yolov8x_training,3197.597596,80,176.736,14976.3125,35,2505,10001,"[0, 100000]","[0, 100000]",0,0,341,292
yolov8x_training,3198.674507,81,145.663,16770.3125,30,2655,10001,"[0, 100000]","[0, 100000]",0,0,341,292
yolov8x_training,3199.741110,79,127.129,16770.3125,0,2505,10001,"[0, 100000]","[0, 100000]",0,0,341,292
yolov8x_training,3200.784340,79,104.407,16774.3125,0,2505,10001,"[0, 100000]","[0, 100000]",0,0,1218115,537
yolov8x_training,3201.828487,78,89.849,16774.3125,0,2505,10001,"[0, 100000]","[0, 100000]",0,0,292,292
yolov8x_training,3202.871179,78,89.637,16774.3125,0,2505,10001,"[0, 100000]","[0, 100000]",0,0,341,292
yolov8x_training,3203.913747,78,88.362,16774.3125,0,2505,10001,"[0, 100000]","[0, 100000]",0,0,292,244
yolov8x_training,3204.956446,77,87.939,16774.3125,0,2505,10001,"[0, 100000]","[0, 100000]",0,0,292,292
yolov8x_training,3205.999690,77,87.374,16774.3125,0,2505,10001,"[0, 100000]","[0, 100000]",0,0,341,341
yolov8x_training,3207.132236,76,86.973,16774.3125,0,2505,10001,"[0, 100000]","[0, 100000]",0,0,17236,80322
yolov8x_training,3208.174688,78,130.849,16774.3125,31,2505,10001,"[0, 100000]","[0, 100000]",0,0,341,292
yolov8x_training,3209.217357,76,145.700,16774.3125,87,2505,10001,"[0, 100000]","[0, 100000]",0,0,341,292
yolov8x_training,3210.265668,76,86.479,16774.3125,0,2505,10001,"[0, 100000]","[0, 100000]",0,0,292,292
yolov8x_training,3211.308468,76,85.816,2820.3125,0,2505,10001,"[0, 100000]","[0, 100000]",0,0,341,292
