Kernel,Time (s),Temperature (C),Power (W),Memory Usage (MB),GPU Utilization (%),Graphics Clock (MHz),Memory Clock (MHz),Decoder Utilization (%),Encoder Utilization (%),Decoder Memory Usage (MB),Encoder Memory Usage (MB),PCIe Tx Throughput (KB/s),PCIe Rx Throughput (KB/s)
yolov8x_training,0.000836,46,27.365,622.1250,0,210,405,"[0, 100000]","[0, 100000]",0,0,341,292
yolov8x_training,1.048398,46,27.365,622.1250,0,210,405,"[0, 100000]","[0, 100000]",0,0,341,292
yolov8x_training,2.130386,46,27.246,622.1250,0,210,405,"[0, 100000]","[0, 100000]",0,0,292,292
yolov8x_training,3.179908,46,27.152,622.1250,0,210,405,"[0, 100000]","[0, 100000]",0,0,341,292
yolov8x_training,4.240118,46,27.473,1422.3125,0,2505,10001,"[0, 100000]","[0, 100000]",0,0,341,292
yolov8x_training,5.283187,47,56.151,1532.3125,3,2505,10001,"[0, 100000]","[0, 100000]",0,0,341,292
yolov8x_training,6.357311,48,68.025,1780.3125,0,2505,10001,"[0, 100000]","[0, 100000]",0,0,341,292
yolov8x_training,7.407903,48,97.232,12912.3125,86,2205,10001,"[0, 100000]","[0, 100000]",0,0,12255,927
yolov8x_training,8.450722,50,131.084,12914.3125,100,2505,10001,"[0, 100000]","[0, 100000]",0,0,1464,6884
yolov8x_training,9.493698,53,133.316,12914.3125,6,345,10001,"[0, 100000]","[0, 100000]",0,0,8837,40869
yolov8x_training,10.599079,54,128.049,12976.3125,100,345,10001,"[0, 100000]","[0, 100000]",0,0,12158,23583
yolov8x_training,11.642140,51,125.341,12976.3125,100,2505,10001,"[0, 100000]","[0, 100000]",0,0,1367,3906
yolov8x_training,12.692782,50,136.418,12976.3125,31,270,10001,"[0, 100000]","[0, 100000]",0,0,13769,17773
yolov8x_training,13.735827,52,136.629,12976.3125,100,300,10001,"[0, 100000]","[0, 100000]",0,0,4296,102246
yolov8x_training,14.779662,50,139.511,12976.3125,18,705,10001,"[0, 100000]","[0, 100000]",0,0,1171,6982
yolov8x_training,15.823040,53,135.308,12976.3125,100,270,10001,"[0, 100000]","[0, 100000]",0,0,341,1040576
yolov8x_training,16.866138,51,134.529,12976.3125,19,900,10001,"[0, 100000]","[0, 100000]",0,0,1562,5712
yolov8x_training,17.983630,53,137.404,12976.3125,31,270,10001,"[0, 100000]","[0, 100000]",0,0,14111,9863
yolov8x_training,19.026479,52,135.880,12976.3125,100,405,10001,"[0, 100000]","[0, 100000]",0,0,927,292
yolov8x_training,20.069132,54,135.010,13064.3125,58,345,10001,"[0, 100000]","[0, 100000]",0,0,1367,6298
yolov8x_training,21.112001,54,135.844,13066.3125,100,405,10001,"[0, 100000]","[0, 100000]",0,0,88818,15673
yolov8x_training,22.155741,53,132.335,13066.3125,24,360,10001,"[0, 100000]","[0, 100000]",0,0,1611,8300
yolov8x_training,23.198685,55,128.688,13066.3125,100,375,10001,"[0, 100000]","[0, 100000]",0,0,3125,16210
yolov8x_training,24.343764,54,139.835,13066.3125,25,360,10001,"[0, 100000]","[0, 100000]",0,0,1318,5273
yolov8x_training,25.386669,55,135.012,13066.3125,100,2505,10001,"[0, 100000]","[0, 100000]",0,0,1953,12011
yolov8x_training,26.429559,55,139.650,13066.3125,12,345,10001,"[0, 100000]","[0, 100000]",0,0,16113,341
yolov8x_training,27.472682,55,136.884,13066.3125,100,1980,10001,"[0, 100000]","[0, 100000]",0,0,1806,12744
yolov8x_training,28.515782,56,140.648,13066.3125,13,345,10001,"[0, 100000]","[0, 100000]",0,0,3271,21044
yolov8x_training,29.660464,56,135.948,13066.3125,100,2505,10001,"[0, 100000]","[0, 100000]",0,0,1269,4394
yolov8x_training,30.704087,55,139.962,13066.3125,5,345,10001,"[0, 100000]","[0, 100000]",0,0,1513,15869
yolov8x_training,31.746957,57,135.262,13066.3125,100,300,10001,"[0, 100000]","[0, 100000]",0,0,683,25878
yolov8x_training,32.790339,56,137.873,13066.3125,45,315,10001,"[0, 100000]","[0, 100000]",0,0,2343,9863
yolov8x_training,33.833530,57,137.095,13066.3125,100,315,10001,"[0, 100000]","[0, 100000]",0,0,976,292
yolov8x_training,34.876278,57,134.368,13066.3125,89,315,10001,"[0, 100000]","[0, 100000]",0,0,1855,6152
yolov8x_training,35.919512,57,141.476,13066.3125,97,375,10001,"[0, 100000]","[0, 100000]",0,0,341,292
yolov8x_training,36.962517,57,134.837,13066.3125,100,2505,10001,"[0, 100000]","[0, 100000]",0,0,1367,6884
yolov8x_training,38.005284,58,140.442,13066.3125,100,330,10001,"[0, 100000]","[0, 100000]",0,0,341,1038574
yolov8x_training,39.048101,58,136.944,13066.3125,100,2445,10001,"[0, 100000]","[0, 100000]",0,0,1416,7666
yolov8x_training,40.090893,57,138.699,13066.3125,100,315,10001,"[0, 100000]","[0, 100000]",0,0,1318,7421
yolov8x_training,41.235795,59,131.302,13066.3125,100,330,10001,"[0, 100000]","[0, 100000]",0,0,1318,4833
yolov8x_training,42.352242,58,131.031,13066.3125,100,2505,10001,"[0, 100000]","[0, 100000]",0,0,13427,14941
yolov8x_training,43.395293,59,139.659,13150.3125,17,345,10001,"[0, 100000]","[0, 100000]",0,0,1123,2685
yolov8x_training,44.438187,59,133.989,13150.3125,100,2340,10001,"[0, 100000]","[0, 100000]",0,0,2343,10253
yolov8x_training,45.481069,59,137.300,13150.3125,53,315,10001,"[0, 100000]","[0, 100000]",0,0,15673,292
yolov8x_training,46.524160,60,132.084,13150.3125,97,1335,10001,"[0, 100000]","[0, 100000]",0,0,1269,5859
yolov8x_training,47.567014,59,137.261,13368.3125,97,315,10001,"[0, 100000]","[0, 100000]",0,0,341,341
yolov8x_training,48.609621,60,136.365,13368.3125,97,345,10001,"[0, 100000]","[0, 100000]",0,0,1367,13867
yolov8x_training,49.652608,60,137.237,13368.3125,100,405,10001,"[0, 100000]","[0, 100000]",0,0,341,1028515
yolov8x_training,50.695341,60,138.537,13368.3125,100,300,10001,"[0, 100000]","[0, 100000]",0,0,1416,8203
yolov8x_training,51.738100,61,136.112,13368.3125,100,2325,10001,"[0, 100000]","[0, 100000]",0,0,64111,15869
yolov8x_training,52.904211,61,136.706,13368.3125,100,330,10001,"[0, 100000]","[0, 100000]",0,0,1318,4101
yolov8x_training,53.981510,61,136.159,13368.3125,26,315,10001,"[0, 100000]","[0, 100000]",0,0,11474,28564
yolov8x_training,55.024574,59,135.710,13368.3125,100,330,10001,"[0, 100000]","[0, 100000]",0,0,1269,3759
yolov8x_training,56.067449,61,138.311,13368.3125,47,300,10001,"[0, 100000]","[0, 100000]",0,0,1464,14746
yolov8x_training,57.110375,62,136.668,13368.3125,100,360,10001,"[0, 100000]","[0, 100000]",0,0,732,3076
yolov8x_training,58.153305,63,137.795,13368.3125,99,330,10001,"[0, 100000]","[0, 100000]",0,0,2294,8154
yolov8x_training,59.196351,62,137.553,13368.3125,96,360,10001,"[0, 100000]","[0, 100000]",0,0,1025,488
yolov8x_training,60.239252,60,137.437,13368.3125,100,570,10001,"[0, 100000]","[0, 100000]",0,0,1660,5957
yolov8x_training,61.282002,63,128.297,13368.3125,72,300,10001,"[0, 100000]","[0, 100000]",0,0,1074,4492
yolov8x_training,62.325054,62,130.120,13368.3125,100,2130,10001,"[0, 100000]","[0, 100000]",0,0,65869,37548
yolov8x_training,63.368046,61,127.567,13368.3125,100,285,10001,"[0, 100000]","[0, 100000]",0,0,1318,6787
yolov8x_training,64.410978,63,134.992,13368.3125,3,330,10001,"[0, 100000]","[0, 100000]",0,0,4003,99560
yolov8x_training,65.454070,63,133.312,13368.3125,100,2205,10001,"[0, 100000]","[0, 100000]",0,0,2343,9423
yolov8x_training,66.497053,63,137.580,13368.3125,90,285,10001,"[0, 100000]","[0, 100000]",0,0,1123,439
yolov8x_training,67.539841,62,137.107,13368.3125,98,255,10001,"[0, 100000]","[0, 100000]",0,0,1708,6250
yolov8x_training,68.582799,63,136.829,13368.3125,100,465,10001,"[0, 100000]","[0, 100000]",0,0,976,292
yolov8x_training,69.625575,64,138.558,13368.3125,100,285,10001,"[0, 100000]","[0, 100000]",0,0,1708,6201
yolov8x_training,70.668393,64,136.603,13368.3125,100,285,10001,"[0, 100000]","[0, 100000]",0,0,732,2880
yolov8x_training,71.711210,62,137.675,13368.3125,49,375,10001,"[0, 100000]","[0, 100000]",0,0,1708,6787
yolov8x_training,72.754143,64,136.834,13368.3125,100,270,10001,"[0, 100000]","[0, 100000]",0,0,488,3955
yolov8x_training,73.797060,64,140.193,13368.3125,75,285,10001,"[0, 100000]","[0, 100000]",0,0,2246,12011
yolov8x_training,74.839827,64,137.885,13368.3125,97,345,10001,"[0, 100000]","[0, 100000]",0,0,1318,2441
yolov8x_training,75.913348,65,132.678,13368.3125,100,2370,10001,"[0, 100000]","[0, 100000]",0,0,12011,22607
yolov8x_training,76.956153,67,136.385,13368.3125,100,375,10001,"[0, 100000]","[0, 100000]",0,0,1269,4638
yolov8x_training,78.001627,65,139.132,13368.3125,18,300,10001,"[0, 100000]","[0, 100000]",0,0,11279,29101
yolov8x_training,79.044651,65,135.686,13368.3125,97,270,10001,"[0, 100000]","[0, 100000]",0,0,1269,4736
yolov8x_training,80.145718,65,138.634,13368.3125,100,330,10001,"[0, 100000]","[0, 100000]",0,0,10693,33349
yolov8x_training,81.188532,65,138.040,13368.3125,100,2505,10001,"[0, 100000]","[0, 100000]",0,0,1269,4150
yolov8x_training,82.286111,65,140.419,13368.3125,100,330,10001,"[0, 100000]","[0, 100000]",0,0,11523,25732
yolov8x_training,83.328934,65,139.036,13368.3125,25,315,10001,"[0, 100000]","[0, 100000]",0,0,1220,5029
yolov8x_training,84.429698,66,132.602,13368.3125,100,1875,10001,"[0, 100000]","[0, 100000]",0,0,12158,22314
yolov8x_training,85.472486,66,135.732,13368.3125,100,360,10001,"[0, 100000]","[0, 100000]",0,0,1074,4785
yolov8x_training,86.562499,66,139.057,13368.3125,100,300,10001,"[0, 100000]","[0, 100000]",0,0,11669,26269
yolov8x_training,87.605016,66,136.398,13368.3125,100,330,10001,"[0, 100000]","[0, 100000]",0,0,1367,4785
yolov8x_training,88.747811,66,141.281,13368.3125,21,270,10001,"[0, 100000]","[0, 100000]",0,0,11914,27246
yolov8x_training,89.790270,65,135.599,13368.3125,97,375,10001,"[0, 100000]","[0, 100000]",0,0,1367,4492
yolov8x_training,90.916090,67,132.661,13368.3125,100,2160,10001,"[0, 100000]","[0, 100000]",0,0,10156,35986
yolov8x_training,91.958592,68,138.661,13368.3125,100,375,10001,"[0, 100000]","[0, 100000]",0,0,1171,4833
yolov8x_training,93.049258,67,139.575,13368.3125,68,270,10001,"[0, 100000]","[0, 100000]",0,0,11328,28271
yolov8x_training,94.091798,67,136.818,13368.3125,97,255,10001,"[0, 100000]","[0, 100000]",0,0,1220,5078
yolov8x_training,95.216531,65,138.379,13368.3125,100,345,10001,"[0, 100000]","[0, 100000]",0,0,11962,23779
yolov8x_training,96.259030,66,136.237,13368.3125,54,360,10001,"[0, 100000]","[0, 100000]",0,0,1318,5517
yolov8x_training,97.406875,67,136.882,13368.3125,100,2460,10001,"[0, 100000]","[0, 100000]",0,0,10986,31054
yolov8x_training,98.449407,68,141.818,13368.3125,100,360,10001,"[0, 100000]","[0, 100000]",0,0,1269,5224
yolov8x_training,99.582570,68,137.083,13368.3125,100,315,10001,"[0, 100000]","[0, 100000]",0,0,11523,29492
yolov8x_training,100.625532,67,135.741,13368.3125,100,315,10001,"[0, 100000]","[0, 100000]",0,0,1318,4833
yolov8x_training,101.794260,67,137.534,13368.3125,29,300,10001,"[0, 100000]","[0, 100000]",0,0,12060,22558
yolov8x_training,102.836993,67,131.536,13368.3125,100,315,10001,"[0, 100000]","[0, 100000]",0,0,1611,3564
yolov8x_training,103.960709,68,137.777,13368.3125,100,240,10001,"[0, 100000]","[0, 100000]",0,0,11572,27978
yolov8x_training,105.003369,66,139.273,13368.3125,100,345,10001,"[0, 100000]","[0, 100000]",0,0,1269,5224
yolov8x_training,106.168080,66,139.287,13368.3125,62,255,10001,"[0, 100000]","[0, 100000]",0,0,12207,23583
yolov8x_training,107.210512,68,137.918,13368.3125,97,2505,10001,"[0, 100000]","[0, 100000]",0,0,1269,4052
yolov8x_training,108.377499,68,136.035,13368.3125,100,210,10001,"[0, 100000]","[0, 100000]",0,0,12158,22705
yolov8x_training,109.420034,70,137.468,13368.3125,8,270,10001,"[0, 100000]","[0, 100000]",0,0,1220,4638
yolov8x_training,110.580502,69,137.115,13368.3125,96,240,10001,"[0, 100000]","[0, 100000]",0,0,12011,24462
yolov8x_training,111.623390,69,132.527,13368.3125,100,2505,10001,"[0, 100000]","[0, 100000]",0,0,1660,6298
yolov8x_training,112.666494,69,136.660,13368.3125,30,330,10001,"[0, 100000]","[0, 100000]",0,0,1123,292
yolov8x_training,113.709214,67,138.634,13368.3125,100,360,10001,"[0, 100000]","[0, 100000]",0,0,11572,9130
yolov8x_training,114.752058,68,136.885,13368.3125,100,360,10001,"[0, 100000]","[0, 100000]",0,0,1269,6201
yolov8x_training,115.902361,69,137.951,13368.3125,90,1132,10001,"[0, 100000]","[0, 100000]",0,0,11328,29052
yolov8x_training,116.945259,67,142.747,13368.3125,100,420,10001,"[0, 100000]","[0, 100000]",0,0,1123,5371
yolov8x_training,118.121560,71,139.243,13368.3125,19,300,10001,"[0, 100000]","[0, 100000]",0,0,12109,23632
yolov8x_training,119.164399,69,137.795,13368.3125,96,210,10001,"[0, 100000]","[0, 100000]",0,0,1269,3857
yolov8x_training,120.207204,69,136.920,13368.3125,100,360,10001,"[0, 100000]","[0, 100000]",0,0,1904,78515
yolov8x_training,121.370685,69,137.782,13368.3125,21,270,10001,"[0, 100000]","[0, 100000]",0,0,1220,4931
yolov8x_training,122.413481,69,136.665,13368.3125,97,270,10001,"[0, 100000]","[0, 100000]",0,0,3369,75781
yolov8x_training,123.597648,69,135.922,13368.3125,100,285,10001,"[0, 100000]","[0, 100000]",0,0,1269,6298
yolov8x_training,124.640561,69,137.539,13368.3125,73,255,10001,"[0, 100000]","[0, 100000]",0,0,2539,78613
yolov8x_training,125.800542,69,135.181,13368.3125,100,255,10001,"[0, 100000]","[0, 100000]",0,0,1269,4785
yolov8x_training,126.843408,69,133.362,13368.3125,100,270,10001,"[0, 100000]","[0, 100000]",0,0,3466,7910
yolov8x_training,127.886907,69,136.990,13368.3125,91,225,10001,"[0, 100000]","[0, 100000]",0,0,1318,5908
yolov8x_training,128.929709,69,138.275,13368.3125,100,285,10001,"[0, 100000]","[0, 100000]",0,0,781,2539
yolov8x_training,129.972667,69,139.763,13368.3125,100,255,10001,"[0, 100000]","[0, 100000]",0,0,5664,12207
yolov8x_training,131.015585,68,136.393,13368.3125,100,300,10001,"[0, 100000]","[0, 100000]",0,0,1318,5419
yolov8x_training,132.058565,69,135.009,13368.3125,100,285,10001,"[0, 100000]","[0, 100000]",0,0,341,292
yolov8x_training,133.171668,68,134.567,13368.3125,13,255,10001,"[0, 100000]","[0, 100000]",0,0,11523,28710
yolov8x_training,134.214468,70,135.358,13368.3125,98,2490,10001,"[0, 100000]","[0, 100000]",0,0,1367,5517
yolov8x_training,135.257198,70,141.618,13368.3125,100,2205,10001,"[0, 100000]","[0, 100000]",0,0,4101,16845
yolov8x_training,136.417034,68,142.703,13368.3125,72,405,10001,"[0, 100000]","[0, 100000]",0,0,1367,5371
yolov8x_training,137.460079,70,139.537,13368.3125,97,300,10001,"[0, 100000]","[0, 100000]",0,0,88623,16308
yolov8x_training,138.503183,70,137.842,13368.3125,100,2490,10001,"[0, 100000]","[0, 100000]",0,0,1318,4882
yolov8x_training,139.546068,70,143.183,13368.3125,57,360,10001,"[0, 100000]","[0, 100000]",0,0,1074,1953
yolov8x_training,140.665735,68,138.938,13368.3125,96,300,10001,"[0, 100000]","[0, 100000]",0,0,11523,28076
yolov8x_training,141.708504,71,138.373,13368.3125,100,2475,10001,"[0, 100000]","[0, 100000]",0,0,1220,6152
yolov8x_training,142.751330,70,143.268,13368.3125,59,2460,10001,"[0, 100000]","[0, 100000]",0,0,3125,70556
yolov8x_training,143.919239,69,143.350,13368.3125,96,390,10001,"[0, 100000]","[0, 100000]",0,0,1318,5224
yolov8x_training,144.962166,71,139.349,13368.3125,65,285,10001,"[0, 100000]","[0, 100000]",0,0,89599,18066
yolov8x_training,146.005405,70,137.645,13368.3125,100,2445,10001,"[0, 100000]","[0, 100000]",0,0,1660,5566
yolov8x_training,147.048531,70,141.672,13368.3125,100,315,10001,"[0, 100000]","[0, 100000]",0,0,1220,3613
yolov8x_training,148.199625,69,139.447,13368.3125,100,360,10001,"[0, 100000]","[0, 100000]",0,0,10156,38769
yolov8x_training,149.242597,71,137.991,13368.3125,100,1455,10001,"[0, 100000]","[0, 100000]",0,0,1367,5371
yolov8x_training,150.285362,71,138.306,13368.3125,100,285,10001,"[0, 100000]","[0, 100000]",0,0,67333,48291
yolov8x_training,151.328157,70,138.781,13368.3125,100,300,10001,"[0, 100000]","[0, 100000]",0,0,1611,5273
yolov8x_training,152.371018,70,137.665,13368.3125,100,300,10001,"[0, 100000]","[0, 100000]",0,0,1123,4150
yolov8x_training,153.534037,70,135.307,13368.3125,100,225,10001,"[0, 100000]","[0, 100000]",0,0,11816,25390
yolov8x_training,154.577088,71,136.238,13368.3125,100,240,10001,"[0, 100000]","[0, 100000]",0,0,1269,6005
yolov8x_training,155.620132,70,137.737,13368.3125,74,270,10001,"[0, 100000]","[0, 100000]",0,0,89257,15283
yolov8x_training,156.663971,71,137.023,13368.3125,97,255,10001,"[0, 100000]","[0, 100000]",0,0,1660,5810
yolov8x_training,157.706851,71,136.813,13368.3125,100,270,10001,"[0, 100000]","[0, 100000]",0,0,1269,4785
yolov8x_training,158.870489,71,137.505,13368.3125,14,1155,10001,"[0, 100000]","[0, 100000]",0,0,10888,29687
yolov8x_training,159.913280,72,140.271,13368.3125,96,330,10001,"[0, 100000]","[0, 100000]",0,0,1269,5029
yolov8x_training,160.956089,71,139.308,13368.3125,38,300,10001,"[0, 100000]","[0, 100000]",0,0,4589,66845
yolov8x_training,162.136099,71,139.042,13368.3125,97,2505,10001,"[0, 100000]","[0, 100000]",0,0,1367,5029
yolov8x_training,163.178928,71,143.851,13368.3125,100,390,10001,"[0, 100000]","[0, 100000]",0,0,341,1034423
yolov8x_training,164.221809,69,139.009,13368.3125,58,300,10001,"[0, 100000]","[0, 100000]",0,0,2343,8984
yolov8x_training,165.264628,71,138.007,13368.3125,100,240,10001,"[0, 100000]","[0, 100000]",0,0,1171,3466
yolov8x_training,166.428513,71,138.302,13368.3125,100,1995,10001,"[0, 100000]","[0, 100000]",0,0,11474,27734
yolov8x_training,167.471263,70,141.185,13368.3125,98,570,10001,"[0, 100000]","[0, 100000]",0,0,1171,5029
yolov8x_training,168.514169,71,139.375,13368.3125,100,345,10001,"[0, 100000]","[0, 100000]",0,0,90429,22802
yolov8x_training,169.698595,71,138.974,13368.3125,100,1290,10001,"[0, 100000]","[0, 100000]",0,0,1562,5517
yolov8x_training,170.741539,71,139.928,13368.3125,100,420,10001,"[0, 100000]","[0, 100000]",0,0,341,341
yolov8x_training,171.784149,71,139.241,13368.3125,100,285,10001,"[0, 100000]","[0, 100000]",0,0,2148,14013
yolov8x_training,172.826905,71,133.401,13368.3125,100,285,10001,"[0, 100000]","[0, 100000]",0,0,1416,4150
yolov8x_training,173.869964,71,136.236,13368.3125,100,210,10001,"[0, 100000]","[0, 100000]",0,0,2929,11376
yolov8x_training,174.913060,71,136.620,13368.3125,48,210,10001,"[0, 100000]","[0, 100000]",0,0,1220,4589
yolov8x_training,175.955981,71,137.344,13368.3125,100,255,10001,"[0, 100000]","[0, 100000]",0,0,1123,4394
yolov8x_training,177.099914,73,137.799,13368.3125,28,240,10001,"[0, 100000]","[0, 100000]",0,0,11376,29541
yolov8x_training,178.142692,72,137.772,13368.3125,97,240,10001,"[0, 100000]","[0, 100000]",0,0,1367,5029
yolov8x_training,179.185585,71,137.606,13368.3125,100,330,10001,"[0, 100000]","[0, 100000]",0,0,89453,21386
yolov8x_training,180.228909,70,139.579,13368.3125,88,285,10001,"[0, 100000]","[0, 100000]",0,0,1953,8203
yolov8x_training,181.271907,71,137.973,13368.3125,100,240,10001,"[0, 100000]","[0, 100000]",0,0,1269,3662
yolov8x_training,182.442368,72,139.208,13368.3125,100,1680,10001,"[0, 100000]","[0, 100000]",0,0,11621,26171
yolov8x_training,183.485127,71,138.678,13368.3125,100,330,10001,"[0, 100000]","[0, 100000]",0,0,1318,5175
yolov8x_training,184.528125,72,138.769,13368.3125,100,285,10001,"[0, 100000]","[0, 100000]",0,0,341,292
yolov8x_training,185.571119,72,135.155,13368.3125,100,255,10001,"[0, 100000]","[0, 100000]",0,0,2636,9423
yolov8x_training,186.614019,72,136.925,13368.3125,100,285,10001,"[0, 100000]","[0, 100000]",0,0,1074,4980
yolov8x_training,187.656901,71,138.668,13368.3125,23,210,10001,"[0, 100000]","[0, 100000]",0,0,2734,5859
yolov8x_training,188.839936,73,137.793,13368.3125,97,255,10001,"[0, 100000]","[0, 100000]",0,0,1708,5322
yolov8x_training,189.883008,72,137.632,13368.3125,100,300,10001,"[0, 100000]","[0, 100000]",0,0,488,292
yolov8x_training,190.936540,72,137.478,13368.3125,78,2415,10001,"[0, 100000]","[0, 100000]",0,0,11523,28417
yolov8x_training,191.979378,75,141.181,13368.3125,100,555,10001,"[0, 100000]","[0, 100000]",0,0,1220,4833
yolov8x_training,193.022293,72,139.311,13368.3125,100,315,10001,"[0, 100000]","[0, 100000]",0,0,341,1036621
yolov8x_training,194.065365,71,133.998,13368.3125,94,270,10001,"[0, 100000]","[0, 100000]",0,0,2246,12597
yolov8x_training,195.108132,72,136.357,13368.3125,100,240,10001,"[0, 100000]","[0, 100000]",0,0,1464,3613
yolov8x_training,196.151154,71,137.610,13368.3125,100,255,10001,"[0, 100000]","[0, 100000]",0,0,3173,6591
yolov8x_training,197.326153,72,138.576,13368.3125,20,270,10001,"[0, 100000]","[0, 100000]",0,0,1611,5322
yolov8x_training,198.369030,72,138.750,13368.3125,98,270,10001,"[0, 100000]","[0, 100000]",0,0,5810,292
yolov8x_training,199.411711,72,139.132,13368.3125,100,2475,10001,"[0, 100000]","[0, 100000]",0,0,6347,10986
yolov8x_training,200.455025,72,142.424,13368.3125,90,330,10001,"[0, 100000]","[0, 100000]",0,0,1269,4785
yolov8x_training,201.497789,72,140.497,13368.3125,100,240,10001,"[0, 100000]","[0, 100000]",0,0,341,1037841
yolov8x_training,202.540705,72,138.947,13368.3125,100,1350,10001,"[0, 100000]","[0, 100000]",0,0,2050,7519
yolov8x_training,203.583472,72,137.033,13368.3125,100,285,10001,"[0, 100000]","[0, 100000]",0,0,1513,3662
yolov8x_training,204.626539,71,138.085,13368.3125,74,300,10001,"[0, 100000]","[0, 100000]",0,0,89648,15234
yolov8x_training,205.670022,72,137.201,13368.3125,98,210,10001,"[0, 100000]","[0, 100000]",0,0,2294,9082
yolov8x_training,206.712827,72,136.578,13368.3125,100,210,10001,"[0, 100000]","[0, 100000]",0,0,1416,3125
yolov8x_training,207.755668,72,142.410,13368.3125,64,1980,10001,"[0, 100000]","[0, 100000]",0,0,90380,16699
yolov8x_training,208.799005,73,137.971,13368.3125,100,330,10001,"[0, 100000]","[0, 100000]",0,0,1416,5712
yolov8x_training,209.841890,73,134.821,13368.3125,100,285,10001,"[0, 100000]","[0, 100000]",0,0,1171,4150
yolov8x_training,210.884827,72,135.845,13368.3125,100,270,10001,"[0, 100000]","[0, 100000]",0,0,2099,68505
yolov8x_training,212.067721,72,137.583,13368.3125,96,210,10001,"[0, 100000]","[0, 100000]",0,0,1318,4882
yolov8x_training,213.110530,72,137.633,13368.3125,100,255,10001,"[0, 100000]","[0, 100000]",0,0,341,341
yolov8x_training,214.160540,72,138.783,13368.3125,79,270,10001,"[0, 100000]","[0, 100000]",0,0,10107,39062
yolov8x_training,215.204034,73,138.011,13368.3125,100,2085,10001,"[0, 100000]","[0, 100000]",0,0,1220,4394
yolov8x_training,216.246798,72,139.236,13368.3125,100,285,10001,"[0, 100000]","[0, 100000]",0,0,390,341
yolov8x_training,217.289377,71,139.177,13368.3125,100,270,10001,"[0, 100000]","[0, 100000]",0,0,10742,23193
yolov8x_training,218.332252,72,137.401,13368.3125,32,270,10001,"[0, 100000]","[0, 100000]",0,0,1367,5761
yolov8x_training,219.375086,72,138.488,13368.3125,98,255,10001,"[0, 100000]","[0, 100000]",0,0,341,292
yolov8x_training,220.417655,72,137.969,13368.3125,100,2430,10001,"[0, 100000]","[0, 100000]",0,0,11279,18603
yolov8x_training,221.460609,73,141.703,13368.3125,100,300,10001,"[0, 100000]","[0, 100000]",0,0,1367,4589
yolov8x_training,222.503527,73,139.320,13368.3125,100,225,10001,"[0, 100000]","[0, 100000]",0,0,341,1036474
yolov8x_training,223.546301,73,134.843,13368.3125,100,300,10001,"[0, 100000]","[0, 100000]",0,0,1953,10839
yolov8x_training,224.589183,73,136.590,13368.3125,100,285,10001,"[0, 100000]","[0, 100000]",0,0,1220,5273
yolov8x_training,225.632177,72,138.611,13368.3125,30,225,10001,"[0, 100000]","[0, 100000]",0,0,88867,20068
yolov8x_training,226.675559,73,138.129,13368.3125,97,240,10001,"[0, 100000]","[0, 100000]",0,0,2294,9960
yolov8x_training,227.718445,73,137.848,13368.3125,100,2505,10001,"[0, 100000]","[0, 100000]",0,0,1171,5517
yolov8x_training,228.761309,73,142.127,13368.3125,100,2055,10001,"[0, 100000]","[0, 100000]",0,0,90283,14257
yolov8x_training,229.804567,71,138.615,13368.3125,100,255,10001,"[0, 100000]","[0, 100000]",0,0,1367,9960
yolov8x_training,230.847760,73,137.000,13368.3125,99,210,10001,"[0, 100000]","[0, 100000]",0,0,1318,5419
yolov8x_training,231.890635,73,139.061,13368.3125,100,240,10001,"[0, 100000]","[0, 100000]",0,0,341,1039501
yolov8x_training,232.933390,72,138.452,13368.3125,31,2445,10001,"[0, 100000]","[0, 100000]",0,0,2050,10791
yolov8x_training,233.976349,73,142.311,13368.3125,100,390,10001,"[0, 100000]","[0, 100000]",0,0,1123,5371
yolov8x_training,235.019284,73,139.158,13368.3125,100,330,10001,"[0, 100000]","[0, 100000]",0,0,341,1035205
yolov8x_training,236.062237,73,136.168,13368.3125,35,300,10001,"[0, 100000]","[0, 100000]",0,0,5712,10498
yolov8x_training,237.105193,73,136.570,13368.3125,97,270,10001,"[0, 100000]","[0, 100000]",0,0,1123,5419
yolov8x_training,238.148008,73,138.160,13368.3125,100,240,10001,"[0, 100000]","[0, 100000]",0,0,390,376269
yolov8x_training,239.190756,75,138.781,13368.3125,99,300,10001,"[0, 100000]","[0, 100000]",0,0,4931,10791
yolov8x_training,240.233682,73,137.389,13368.3125,100,1965,10001,"[0, 100000]","[0, 100000]",0,0,1220,5273
yolov8x_training,241.276631,73,138.392,13368.3125,100,285,10001,"[0, 100000]","[0, 100000]",0,0,341,292
yolov8x_training,242.319325,72,137.622,13368.3125,100,255,10001,"[0, 100000]","[0, 100000]",0,0,9472,4638
yolov8x_training,243.362170,73,137.911,13368.3125,21,285,10001,"[0, 100000]","[0, 100000]",0,0,1220,5468
yolov8x_training,244.405014,73,139.444,13368.3125,97,255,10001,"[0, 100000]","[0, 100000]",0,0,292,1030078
yolov8x_training,245.451817,73,136.303,13368.3125,100,2220,10001,"[0, 100000]","[0, 100000]",0,0,11523,26416
yolov8x_training,246.494650,71,137.322,13368.3125,100,300,10001,"[0, 100000]","[0, 100000]",0,0,1611,4638
yolov8x_training,247.537490,73,137.138,13368.3125,52,285,10001,"[0, 100000]","[0, 100000]",0,0,439,292
yolov8x_training,248.600571,73,138.212,13368.3125,97,255,10001,"[0, 100000]","[0, 100000]",0,0,11621,24755
yolov8x_training,249.643529,73,139.545,13368.3125,100,210,10001,"[0, 100000]","[0, 100000]",0,0,1220,4541
yolov8x_training,250.686715,73,143.545,13368.3125,84,390,10001,"[0, 100000]","[0, 100000]",0,0,341,292
yolov8x_training,251.729390,71,139.688,13368.3125,100,255,10001,"[0, 100000]","[0, 100000]",0,0,11035,7666
yolov8x_training,252.772265,72,136.013,13368.3125,100,285,10001,"[0, 100000]","[0, 100000]",0,0,1367,5419
yolov8x_training,253.815281,73,136.813,13368.3125,100,255,10001,"[0, 100000]","[0, 100000]",0,0,292,341
yolov8x_training,254.897738,73,136.710,13368.3125,11,210,10001,"[0, 100000]","[0, 100000]",0,0,11425,27099
yolov8x_training,255.940897,74,142.758,13368.3125,100,390,10001,"[0, 100000]","[0, 100000]",0,0,1269,5175
yolov8x_training,256.983776,73,139.440,13368.3125,100,330,10001,"[0, 100000]","[0, 100000]",0,0,341,292
yolov8x_training,258.055551,73,137.428,13368.3125,30,285,10001,"[0, 100000]","[0, 100000]",0,0,11425,27197
yolov8x_training,259.098393,73,137.377,13368.3125,98,255,10001,"[0, 100000]","[0, 100000]",0,0,1318,5712
yolov8x_training,260.141327,73,137.456,13368.3125,100,345,10001,"[0, 100000]","[0, 100000]",0,0,390,292
yolov8x_training,261.213920,72,139.175,13368.3125,100,255,10001,"[0, 100000]","[0, 100000]",0,0,11328,27929
yolov8x_training,262.256778,73,134.527,13368.3125,87,285,10001,"[0, 100000]","[0, 100000]",0,0,1367,4785
yolov8x_training,263.299637,73,137.160,13368.3125,97,255,10001,"[0, 100000]","[0, 100000]",0,0,341,292
yolov8x_training,264.371886,73,137.339,13368.3125,100,210,10001,"[0, 100000]","[0, 100000]",0,0,10888,30419
yolov8x_training,265.414756,74,142.187,13368.3125,89,360,10001,"[0, 100000]","[0, 100000]",0,0,1367,4394
yolov8x_training,266.457692,74,139.119,13368.3125,100,225,10001,"[0, 100000]","[0, 100000]",0,0,341,292
yolov8x_training,267.500405,73,135.837,13368.3125,100,300,10001,"[0, 100000]","[0, 100000]",0,0,10253,31884
yolov8x_training,268.543368,72,137.415,13368.3125,100,240,10001,"[0, 100000]","[0, 100000]",0,0,1513,5078
yolov8x_training,269.586359,73,139.060,13368.3125,4,210,10001,"[0, 100000]","[0, 100000]",0,0,341,292
yolov8x_training,270.641004,74,138.288,13368.3125,97,240,10001,"[0, 100000]","[0, 100000]",0,0,11181,27294
yolov8x_training,271.683881,74,138.740,13368.3125,100,2505,10001,"[0, 100000]","[0, 100000]",0,0,1416,5517
yolov8x_training,272.726991,73,138.983,13368.3125,100,540,10001,"[0, 100000]","[0, 100000]",0,0,292,292
yolov8x_training,273.790216,72,139.437,13368.3125,79,240,10001,"[0, 100000]","[0, 100000]",0,0,12207,21191
yolov8x_training,274.833167,73,139.511,13370.3125,97,270,10001,"[0, 100000]","[0, 100000]",0,0,1513,4638
yolov8x_training,275.876118,73,139.440,13370.3125,100,255,10001,"[0, 100000]","[0, 100000]",0,0,292,292
yolov8x_training,276.964380,73,132.877,13370.3125,100,2070,10001,"[0, 100000]","[0, 100000]",0,0,11474,26708
yolov8x_training,278.007235,72,137.059,13370.3125,100,285,10001,"[0, 100000]","[0, 100000]",0,0,1367,4833
yolov8x_training,279.050107,73,138.272,13370.3125,100,285,10001,"[0, 100000]","[0, 100000]",0,0,341,292
yolov8x_training,280.121267,73,137.549,13370.3125,65,225,10001,"[0, 100000]","[0, 100000]",0,0,11425,28320
yolov8x_training,281.164564,74,137.204,13370.3125,100,555,10001,"[0, 100000]","[0, 100000]",0,0,1416,4980
yolov8x_training,282.207581,73,140.294,13370.3125,100,510,10001,"[0, 100000]","[0, 100000]",0,0,341,292
yolov8x_training,283.307233,72,138.881,13370.3125,100,240,10001,"[0, 100000]","[0, 100000]",0,0,11621,24609
yolov8x_training,284.350101,73,137.919,13370.3125,22,270,10001,"[0, 100000]","[0, 100000]",0,0,1220,4833
yolov8x_training,285.393095,73,139.588,13370.3125,97,255,10001,"[0, 100000]","[0, 100000]",0,0,341,292
yolov8x_training,286.435729,73,135.510,13370.3125,100,2325,10001,"[0, 100000]","[0, 100000]",0,0,10546,24658
yolov8x_training,287.478904,72,138.505,13370.3125,100,300,10001,"[0, 100000]","[0, 100000]",0,0,1464,4638
yolov8x_training,288.521721,73,138.844,13370.3125,63,285,10001,"[0, 100000]","[0, 100000]",0,0,341,292
yolov8x_training,289.588329,74,137.777,13370.3125,97,240,10001,"[0, 100000]","[0, 100000]",0,0,10205,36376
yolov8x_training,290.631483,74,130.322,13370.3125,100,2505,10001,"[0, 100000]","[0, 100000]",0,0,1367,11572
yolov8x_training,291.674369,74,138.883,13370.3125,100,270,10001,"[0, 100000]","[0, 100000]",0,0,1171,732
yolov8x_training,292.816239,73,138.126,13370.3125,54,270,10001,"[0, 100000]","[0, 100000]",0,0,10839,29052
yolov8x_training,293.859100,73,139.267,13370.3125,96,240,10001,"[0, 100000]","[0, 100000]",0,0,1611,4785
yolov8x_training,294.901824,74,139.829,13370.3125,100,285,10001,"[0, 100000]","[0, 100000]",0,0,292,292
yolov8x_training,295.946592,74,133.556,13370.3125,100,1845,10001,"[0, 100000]","[0, 100000]",0,0,10644,31347
yolov8x_training,296.989334,72,137.297,13370.3125,100,300,10001,"[0, 100000]","[0, 100000]",0,0,1562,4882
yolov8x_training,298.032122,74,138.207,13370.3125,100,285,10001,"[0, 100000]","[0, 100000]",0,0,390,341
yolov8x_training,299.092215,74,139.202,13370.3125,60,225,10001,"[0, 100000]","[0, 100000]",0,0,11328,27148
yolov8x_training,300.134988,74,138.523,13370.3125,100,210,10001,"[0, 100000]","[0, 100000]",0,0,1513,5078
yolov8x_training,301.177812,74,141.833,13370.3125,100,300,10001,"[0, 100000]","[0, 100000]",0,0,439,292
yolov8x_training,302.266374,72,138.929,13370.3125,100,270,10001,"[0, 100000]","[0, 100000]",0,0,10791,30908
yolov8x_training,303.309153,73,139.158,13370.3125,18,270,10001,"[0, 100000]","[0, 100000]",0,0,1416,8056
yolov8x_training,304.351946,74,137.353,13370.3125,100,255,10001,"[0, 100000]","[0, 100000]",0,0,683,292
yolov8x_training,305.461045,74,134.314,13370.3125,100,2190,10001,"[0, 100000]","[0, 100000]",0,0,10253,37255
yolov8x_training,306.503956,72,137.165,13370.3125,100,315,10001,"[0, 100000]","[0, 100000]",0,0,1611,4687
yolov8x_training,307.546731,74,138.368,13370.3125,38,270,10001,"[0, 100000]","[0, 100000]",0,0,341,292
yolov8x_training,308.603836,74,139.110,13370.3125,97,225,10001,"[0, 100000]","[0, 100000]",0,0,11132,28125
yolov8x_training,309.646737,74,138.307,13370.3125,100,210,10001,"[0, 100000]","[0, 100000]",0,0,1464,7128
yolov8x_training,310.690127,74,140.375,13370.3125,100,510,10001,"[0, 100000]","[0, 100000]",0,0,976,537
yolov8x_training,311.809911,73,138.271,13370.3125,70,285,10001,"[0, 100000]","[0, 100000]",0,0,11376,27539
yolov8x_training,312.852946,74,138.489,13370.3125,97,270,10001,"[0, 100000]","[0, 100000]",0,0,1611,4541
yolov8x_training,313.895774,74,139.046,13370.3125,100,285,10001,"[0, 100000]","[0, 100000]",0,0,537,292
yolov8x_training,315.014919,74,135.826,13370.3125,54,660,10001,"[0, 100000]","[0, 100000]",0,0,13037,15429
yolov8x_training,316.057776,73,137.721,13370.3125,98,255,10001,"[0, 100000]","[0, 100000]",0,0,1416,4785
yolov8x_training,317.100556,73,138.064,13370.3125,100,210,10001,"[0, 100000]","[0, 100000]",0,0,292,292
yolov8x_training,318.158958,75,139.161,13370.3125,100,225,10001,"[0, 100000]","[0, 100000]",0,0,10937,30419
yolov8x_training,319.201791,74,137.887,13370.3125,100,2400,10001,"[0, 100000]","[0, 100000]",0,0,1464,6445
yolov8x_training,320.244564,74,143.033,13370.3125,100,360,10001,"[0, 100000]","[0, 100000]",0,0,390,292
yolov8x_training,321.396824,73,135.413,13370.3125,100,1350,10001,"[0, 100000]","[0, 100000]",0,0,11376,25927
yolov8x_training,322.439671,75,138.638,13370.3125,100,375,10001,"[0, 100000]","[0, 100000]",0,0,1464,5615
yolov8x_training,323.482546,74,138.898,13370.3125,93,330,10001,"[0, 100000]","[0, 100000]",0,0,292,292
yolov8x_training,324.562102,74,134.373,13370.3125,97,255,10001,"[0, 100000]","[0, 100000]",0,0,10205,36181
yolov8x_training,325.605219,74,137.297,13370.3125,100,240,10001,"[0, 100000]","[0, 100000]",0,0,1464,5371
yolov8x_training,326.648041,74,137.863,13370.3125,30,315,10001,"[0, 100000]","[0, 100000]",0,0,683,292
yolov8x_training,327.723683,72,139.323,13370.3125,97,255,10001,"[0, 100000]","[0, 100000]",0,0,10107,36376
yolov8x_training,328.766698,74,140.209,13370.3125,100,285,10001,"[0, 100000]","[0, 100000]",0,0,1611,4541
yolov8x_training,329.809549,74,139.564,13370.3125,100,225,10001,"[0, 100000]","[0, 100000]",0,0,341,292
yolov8x_training,330.877267,73,138.062,13370.3125,79,210,10001,"[0, 100000]","[0, 100000]",0,0,10205,36816
yolov8x_training,331.920306,76,138.719,13370.3125,97,375,10001,"[0, 100000]","[0, 100000]",0,0,1416,5224
yolov8x_training,332.963182,74,138.513,13370.3125,100,330,10001,"[0, 100000]","[0, 100000]",0,0,634,292
yolov8x_training,334.075300,74,134.256,13370.3125,92,255,10001,"[0, 100000]","[0, 100000]",0,0,11181,28076
yolov8x_training,335.118096,74,137.531,13370.3125,98,255,10001,"[0, 100000]","[0, 100000]",0,0,1611,5078
yolov8x_training,336.160904,74,138.347,13370.3125,100,375,10001,"[0, 100000]","[0, 100000]",0,0,439,292
yolov8x_training,337.271420,72,138.788,13370.3125,100,285,10001,"[0, 100000]","[0, 100000]",0,0,10791,30371
yolov8x_training,338.314240,74,133.656,13370.3125,95,210,10001,"[0, 100000]","[0, 100000]",0,0,1611,5615
yolov8x_training,339.357043,74,138.121,13370.3125,98,255,10001,"[0, 100000]","[0, 100000]",0,0,341,292
yolov8x_training,340.418727,74,138.989,13370.3125,100,1237,10001,"[0, 100000]","[0, 100000]",0,0,11035,28222
yolov8x_training,341.461592,72,141.294,13370.3125,64,510,10001,"[0, 100000]","[0, 100000]",0,0,1513,5273
yolov8x_training,342.504293,73,139.662,13370.3125,100,300,10001,"[0, 100000]","[0, 100000]",0,0,341,292
yolov8x_training,343.575515,74,136.280,13370.3125,100,240,10001,"[0, 100000]","[0, 100000]",0,0,11132,28125
yolov8x_training,344.618366,74,137.925,13370.3125,100,210,10001,"[0, 100000]","[0, 100000]",0,0,1416,7666
yolov8x_training,345.661134,74,138.859,13370.3125,32,375,10001,"[0, 100000]","[0, 100000]",0,0,878,390
yolov8x_training,346.787773,73,137.870,13370.3125,100,285,10001,"[0, 100000]","[0, 100000]",0,0,11083,28466
yolov8x_training,347.830551,74,135.903,13370.3125,100,255,10001,"[0, 100000]","[0, 100000]",0,0,1513,5615
yolov8x_training,348.873292,74,138.868,13370.3125,100,255,10001,"[0, 100000]","[0, 100000]",0,0,341,292
yolov8x_training,349.969341,74,137.511,13370.3125,18,1905,10001,"[0, 100000]","[0, 100000]",0,0,10253,35839
yolov8x_training,351.012451,73,142.869,13370.3125,100,300,10001,"[0, 100000]","[0, 100000]",0,0,1318,5908
yolov8x_training,352.055256,74,139.259,13370.3125,100,270,10001,"[0, 100000]","[0, 100000]",0,0,341,341
yolov8x_training,353.145484,75,139.433,13370.3125,17,210,10001,"[0, 100000]","[0, 100000]",0,0,11914,24023
yolov8x_training,354.188258,74,137.956,13370.3125,96,2505,10001,"[0, 100000]","[0, 100000]",0,0,1416,5664
yolov8x_training,355.231063,74,137.631,13370.3125,100,270,10001,"[0, 100000]","[0, 100000]",0,0,585,341
yolov8x_training,356.318246,73,139.852,13370.3125,100,270,10001,"[0, 100000]","[0, 100000]",0,0,11767,24365
yolov8x_training,357.361062,74,138.210,13370.3125,39,210,10001,"[0, 100000]","[0, 100000]",0,0,1611,4541
yolov8x_training,358.403849,74,139.249,13370.3125,97,285,10001,"[0, 100000]","[0, 100000]",0,0,488,341
yolov8x_training,359.488633,74,139.585,13370.3125,100,1275,10001,"[0, 100000]","[0, 100000]",0,0,11279,28076
yolov8x_training,360.531435,74,139.373,13370.3125,100,255,10001,"[0, 100000]","[0, 100000]",0,0,1416,6738
yolov8x_training,361.574472,74,137.996,13370.3125,66,210,10001,"[0, 100000]","[0, 100000]",0,0,1025,390
yolov8x_training,362.682326,72,138.751,13370.3125,97,255,10001,"[0, 100000]","[0, 100000]",0,0,11718,24902
yolov8x_training,363.725479,73,138.651,13370.3125,100,1995,10001,"[0, 100000]","[0, 100000]",0,0,1611,5419
yolov8x_training,364.768330,74,140.964,13370.3125,100,315,10001,"[0, 100000]","[0, 100000]",0,0,585,292
yolov8x_training,365.880851,74,137.440,13370.3125,92,240,10001,"[0, 100000]","[0, 100000]",0,0,12060,23486
yolov8x_training,366.923730,75,138.579,13370.3125,96,360,10001,"[0, 100000]","[0, 100000]",0,0,1416,5761
yolov8x_training,367.966561,74,139.727,13370.3125,100,270,10001,"[0, 100000]","[0, 100000]",0,0,341,292
yolov8x_training,369.038050,74,133.333,13370.3125,100,210,10001,"[0, 100000]","[0, 100000]",0,0,11425,28027
yolov8x_training,370.080787,74,136.806,13370.3125,100,225,10001,"[0, 100000]","[0, 100000]",0,0,1416,5419
yolov8x_training,371.123783,74,138.455,13370.3125,100,255,10001,"[0, 100000]","[0, 100000]",0,0,341,292
yolov8x_training,372.202027,72,139.183,13370.3125,66,285,10001,"[0, 100000]","[0, 100000]",0,0,11328,27832
yolov8x_training,373.244778,74,138.438,13370.3125,100,1380,10001,"[0, 100000]","[0, 100000]",0,0,1367,5712
yolov8x_training,374.287846,74,141.099,13370.3125,100,330,10001,"[0, 100000]","[0, 100000]",0,0,292,341
yolov8x_training,375.354361,74,138.795,13370.3125,100,270,10001,"[0, 100000]","[0, 100000]",0,0,11718,24560
yolov8x_training,376.397139,75,138.332,13370.3125,21,330,10001,"[0, 100000]","[0, 100000]",0,0,1416,5615
yolov8x_training,377.439894,75,139.240,13370.3125,100,240,10001,"[0, 100000]","[0, 100000]",0,0,683,292
yolov8x_training,378.540435,74,134.185,13370.3125,100,270,10001,"[0, 100000]","[0, 100000]",0,0,10888,28369
yolov8x_training,379.583258,74,138.165,13370.3125,100,255,10001,"[0, 100000]","[0, 100000]",0,0,1611,5664
yolov8x_training,380.626090,74,138.309,13370.3125,30,240,10001,"[0, 100000]","[0, 100000]",0,0,683,292
yolov8x_training,381.736636,73,138.473,13370.3125,97,255,10001,"[0, 100000]","[0, 100000]",0,0,11914,23242
yolov8x_training,382.779543,74,136.442,13370.3125,100,300,10001,"[0, 100000]","[0, 100000]",0,0,1562,5664
yolov8x_training,383.822648,74,139.065,13370.3125,100,225,10001,"[0, 100000]","[0, 100000]",0,0,341,292
yolov8x_training,384.902712,74,138.544,13370.3125,55,210,10001,"[0, 100000]","[0, 100000]",0,0,9960,36767
yolov8x_training,385.945991,73,138.074,13370.3125,96,450,10001,"[0, 100000]","[0, 100000]",0,0,1416,5175
yolov8x_training,386.988894,74,138.113,13370.3125,100,270,10001,"[0, 100000]","[0, 100000]",0,0,878,1269
yolov8x_training,388.104756,75,138.065,13370.3125,25,225,10001,"[0, 100000]","[0, 100000]",0,0,11230,28173
yolov8x_training,389.147791,74,137.648,13370.3125,96,210,10001,"[0, 100000]","[0, 100000]",0,0,1416,6494
yolov8x_training,390.190576,74,138.572,13370.3125,100,300,10001,"[0, 100000]","[0, 100000]",0,0,585,292
yolov8x_training,391.313889,74,138.414,13370.3125,100,255,10001,"[0, 100000]","[0, 100000]",0,0,10156,35156
yolov8x_training,392.356819,74,137.189,13370.3125,27,225,10001,"[0, 100000]","[0, 100000]",0,0,1660,5371
yolov8x_training,393.399679,75,138.642,13370.3125,97,270,10001,"[0, 100000]","[0, 100000]",0,0,634,292
yolov8x_training,394.510717,74,138.323,13370.3125,100,885,10001,"[0, 100000]","[0, 100000]",0,0,12402,19335
yolov8x_training,395.553707,74,138.969,13370.3125,100,240,10001,"[0, 100000]","[0, 100000]",0,0,1367,5468
yolov8x_training,396.596555,74,138.780,13370.3125,65,210,10001,"[0, 100000]","[0, 100000]",0,0,341,292
yolov8x_training,397.672121,74,138.409,13370.3125,97,255,10001,"[0, 100000]","[0, 100000]",0,0,11816,24609
yolov8x_training,398.715077,74,138.374,13370.3125,100,2325,10001,"[0, 100000]","[0, 100000]",0,0,1416,5664
yolov8x_training,399.758038,74,140.701,13370.3125,100,285,10001,"[0, 100000]","[0, 100000]",0,0,634,292
yolov8x_training,400.867175,74,139.523,13370.3125,78,240,10001,"[0, 100000]","[0, 100000]",0,0,11865,24755
yolov8x_training,401.910016,76,138.686,13370.3125,97,360,10001,"[0, 100000]","[0, 100000]",0,0,1416,5371
yolov8x_training,402.952793,74,139.199,13370.3125,100,255,10001,"[0, 100000]","[0, 100000]",0,0,341,292
yolov8x_training,404.090302,74,134.073,13370.3125,51,210,10001,"[0, 100000]","[0, 100000]",0,0,10058,37304
yolov8x_training,405.133718,75,132.390,13370.3125,99,1252,10001,"[0, 100000]","[0, 100000]",0,0,2099,6738
yolov8x_training,406.176550,74,140.127,13370.3125,100,315,10001,"[0, 100000]","[0, 100000]",0,0,1074,3808
yolov8x_training,407.219840,74,135.321,13370.3125,100,225,10001,"[0, 100000]","[0, 100000]",0,0,341,1040722
yolov8x_training,408.261991,73,139.237,13370.3125,100,270,10001,"[0, 100000]","[0, 100000]",0,0,1318,13574
yolov8x_training,409.304838,74,136.102,13370.3125,100,285,10001,"[0, 100000]","[0, 100000]",0,0,1171,4394
yolov8x_training,410.347636,74,136.545,13370.3125,100,240,10001,"[0, 100000]","[0, 100000]",0,0,292,292
yolov8x_training,411.401135,74,138.480,13370.3125,100,210,10001,"[0, 100000]","[0, 100000]",0,0,11328,29150
yolov8x_training,412.444149,73,141.529,13370.3125,81,300,10001,"[0, 100000]","[0, 100000]",0,0,1416,5664
yolov8x_training,413.486900,74,139.753,13370.3125,100,315,10001,"[0, 100000]","[0, 100000]",0,0,4394,99853
yolov8x_training,414.574082,74,138.054,13370.3125,100,225,10001,"[0, 100000]","[0, 100000]",0,0,10009,38574
yolov8x_training,415.617707,74,138.754,13370.3125,100,255,10001,"[0, 100000]","[0, 100000]",0,0,1416,5371
yolov8x_training,416.660565,74,137.915,13370.3125,31,360,10001,"[0, 100000]","[0, 100000]",0,0,3955,90234
yolov8x_training,417.785855,73,139.196,13370.3125,100,270,10001,"[0, 100000]","[0, 100000]",0,0,11425,29101
yolov8x_training,418.828668,74,135.805,13370.3125,100,210,10001,"[0, 100000]","[0, 100000]",0,0,1611,4638
yolov8x_training,419.871471,74,137.486,13370.3125,100,255,10001,"[0, 100000]","[0, 100000]",0,0,3857,74169
yolov8x_training,421.002942,74,136.042,13370.3125,100,1320,10001,"[0, 100000]","[0, 100000]",0,0,11279,29003
yolov8x_training,422.045785,73,138.139,13370.3125,100,270,10001,"[0, 100000]","[0, 100000]",0,0,1611,4687
yolov8x_training,423.088639,74,137.671,13370.3125,100,210,10001,"[0, 100000]","[0, 100000]",0,0,5615,89990
yolov8x_training,424.180566,74,139.066,13370.3125,63,285,10001,"[0, 100000]","[0, 100000]",0,0,11523,26562
yolov8x_training,425.223836,75,138.569,13370.3125,100,2340,10001,"[0, 100000]","[0, 100000]",0,0,1464,5371
yolov8x_training,426.266745,74,139.915,13370.3125,100,315,10001,"[0, 100000]","[0, 100000]",0,0,12402,22558
yolov8x_training,427.365258,74,139.045,13370.3125,100,255,10001,"[0, 100000]","[0, 100000]",0,0,11132,29150
yolov8x_training,428.408208,74,139.215,13370.3125,31,300,10001,"[0, 100000]","[0, 100000]",0,0,1562,5029
yolov8x_training,429.451013,74,139.401,13370.3125,100,240,10001,"[0, 100000]","[0, 100000]",0,0,12255,40136
yolov8x_training,430.540161,74,134.127,13370.3125,100,285,10001,"[0, 100000]","[0, 100000]",0,0,11474,26464
yolov8x_training,431.583198,74,136.798,13370.3125,100,270,10001,"[0, 100000]","[0, 100000]",0,0,1464,8007
yolov8x_training,432.626038,74,139.093,13370.3125,27,210,10001,"[0, 100000]","[0, 100000]",0,0,2587,74560
yolov8x_training,433.745937,76,138.698,13370.3125,100,225,10001,"[0, 100000]","[0, 100000]",0,0,10498,34277
yolov8x_training,434.788886,74,133.774,13370.3125,100,270,10001,"[0, 100000]","[0, 100000]",0,0,1513,5322
yolov8x_training,435.831725,74,137.859,13370.3125,100,255,10001,"[0, 100000]","[0, 100000]",0,0,5322,92089
yolov8x_training,436.931288,74,138.313,13370.3125,37,2400,10001,"[0, 100000]","[0, 100000]",0,0,10253,36523
yolov8x_training,437.974164,76,141.235,13370.3125,99,270,10001,"[0, 100000]","[0, 100000]",0,0,1513,6884
yolov8x_training,439.017015,75,139.551,13370.3125,100,285,10001,"[0, 100000]","[0, 100000]",0,0,976,63330
yolov8x_training,440.111443,74,139.135,13370.3125,18,210,10001,"[0, 100000]","[0, 100000]",0,0,11376,28222
yolov8x_training,441.154202,74,139.013,13370.3125,96,210,10001,"[0, 100000]","[0, 100000]",0,0,1416,5078
yolov8x_training,442.197026,74,141.289,13370.3125,100,345,10001,"[0, 100000]","[0, 100000]",0,0,12646,20800
yolov8x_training,443.269840,73,138.396,13370.3125,100,300,10001,"[0, 100000]","[0, 100000]",0,0,11474,29003
yolov8x_training,444.312721,74,136.237,13370.3125,57,240,10001,"[0, 100000]","[0, 100000]",0,0,1611,4785
yolov8x_training,445.355517,74,137.267,13370.3125,96,225,10001,"[0, 100000]","[0, 100000]",0,0,4394,98486
yolov8x_training,446.477398,74,137.718,13370.3125,100,2070,10001,"[0, 100000]","[0, 100000]",0,0,10498,33105
yolov8x_training,447.520190,73,139.930,13370.3125,100,270,10001,"[0, 100000]","[0, 100000]",0,0,1562,5029
yolov8x_training,448.562988,73,138.776,13370.3125,63,285,10001,"[0, 100000]","[0, 100000]",0,0,11669,26757
yolov8x_training,449.644233,74,139.110,13370.3125,96,240,10001,"[0, 100000]","[0, 100000]",0,0,11181,29150
yolov8x_training,450.687148,75,137.689,13370.3125,100,690,10001,"[0, 100000]","[0, 100000]",0,0,1513,4931
yolov8x_training,451.730011,74,142.573,13370.3125,100,450,10001,"[0, 100000]","[0, 100000]",0,0,5712,85986
yolov8x_training,452.807605,73,139.446,13370.3125,80,240,10001,"[0, 100000]","[0, 100000]",0,0,11279,28710
yolov8x_training,453.850602,74,139.450,13370.3125,97,210,10001,"[0, 100000]","[0, 100000]",0,0,1513,5224
yolov8x_training,454.893347,74,138.046,13370.3125,100,300,10001,"[0, 100000]","[0, 100000]",0,0,927,75048
yolov8x_training,455.992706,74,136.307,13370.3125,100,1410,10001,"[0, 100000]","[0, 100000]",0,0,11425,27392
yolov8x_training,457.035504,73,136.910,13370.3125,100,270,10001,"[0, 100000]","[0, 100000]",0,0,1416,6689
yolov8x_training,458.078216,74,138.916,13370.3125,100,210,10001,"[0, 100000]","[0, 100000]",0,0,976,40673
yolov8x_training,459.185662,75,138.464,13370.3125,91,285,10001,"[0, 100000]","[0, 100000]",0,0,10107,37841
yolov8x_training,460.228626,75,139.751,13370.3125,100,2055,10001,"[0, 100000]","[0, 100000]",0,0,1464,4638
yolov8x_training,461.271518,74,139.501,13370.3125,100,405,10001,"[0, 100000]","[0, 100000]",0,0,10205,292
yolov8x_training,462.344766,74,138.198,13370.3125,100,240,10001,"[0, 100000]","[0, 100000]",0,0,10546,31347
yolov8x_training,463.387635,74,137.967,13370.3125,42,330,10001,"[0, 100000]","[0, 100000]",0,0,1416,7617
yolov8x_training,464.430423,75,139.379,13370.3125,100,255,10001,"[0, 100000]","[0, 100000]",0,0,1220,61474
yolov8x_training,465.542913,75,136.310,13370.3125,100,300,10001,"[0, 100000]","[0, 100000]",0,0,11865,23681
yolov8x_training,466.585726,73,138.291,13370.3125,100,210,10001,"[0, 100000]","[0, 100000]",0,0,1562,4589
yolov8x_training,467.628656,74,138.033,13370.3125,20,240,10001,"[0, 100000]","[0, 100000]",0,0,4394,96826
yolov8x_training,468.725114,75,139.515,13370.3125,100,255,10001,"[0, 100000]","[0, 100000]",0,0,11767,23681
yolov8x_training,469.767976,75,135.018,13370.3125,100,315,10001,"[0, 100000]","[0, 100000]",0,0,1611,5761
yolov8x_training,470.810975,74,138.159,13370.3125,100,240,10001,"[0, 100000]","[0, 100000]",0,0,1123,69775
yolov8x_training,471.910617,74,139.180,13370.3125,42,210,10001,"[0, 100000]","[0, 100000]",0,0,11328,26416
yolov8x_training,472.953417,77,143.867,13370.3125,99,300,10001,"[0, 100000]","[0, 100000]",0,0,1562,5615
yolov8x_training,473.996195,75,139.901,13370.3125,100,315,10001,"[0, 100000]","[0, 100000]",0,0,5615,89648
yolov8x_training,475.103123,74,138.869,13370.3125,32,240,10001,"[0, 100000]","[0, 100000]",0,0,11132,28515
yolov8x_training,476.145900,74,137.858,13370.3125,97,210,10001,"[0, 100000]","[0, 100000]",0,0,1416,5859
yolov8x_training,477.189122,74,139.516,13370.3125,100,360,10001,"[0, 100000]","[0, 100000]",0,0,10498,52294
yolov8x_training,478.288457,73,138.966,13370.3125,100,255,10001,"[0, 100000]","[0, 100000]",0,0,11181,29003
yolov8x_training,479.331262,74,138.701,13370.3125,26,210,10001,"[0, 100000]","[0, 100000]",0,0,1416,5712
yolov8x_training,480.374143,74,137.369,13370.3125,100,285,10001,"[0, 100000]","[0, 100000]",0,0,634,24707
yolov8x_training,481.502149,74,134.130,13370.3125,100,780,10001,"[0, 100000]","[0, 100000]",0,0,12060,23046
yolov8x_training,482.545288,73,138.039,13370.3125,100,240,10001,"[0, 100000]","[0, 100000]",0,0,1562,6054
yolov8x_training,483.588110,74,138.888,13370.3125,22,210,10001,"[0, 100000]","[0, 100000]",0,0,5175,94042
yolov8x_training,484.688695,75,138.821,13370.3125,98,300,10001,"[0, 100000]","[0, 100000]",0,0,10644,31933
yolov8x_training,485.731554,75,137.361,13370.3125,100,2010,10001,"[0, 100000]","[0, 100000]",0,0,1562,5810
yolov8x_training,486.774506,75,138.767,13370.3125,100,315,10001,"[0, 100000]","[0, 100000]",0,0,10986,48730
yolov8x_training,487.868511,74,138.525,13370.3125,23,255,10001,"[0, 100000]","[0, 100000]",0,0,10107,37402
yolov8x_training,488.911581,74,138.247,13370.3125,96,375,10001,"[0, 100000]","[0, 100000]",0,0,1416,6445
yolov8x_training,489.954308,75,138.643,13370.3125,100,315,10001,"[0, 100000]","[0, 100000]",0,0,976,80126
yolov8x_training,491.066404,75,137.732,13370.3125,47,225,10001,"[0, 100000]","[0, 100000]",0,0,11132,29150
yolov8x_training,492.109204,74,137.255,13370.3125,96,255,10001,"[0, 100000]","[0, 100000]",0,0,1562,5908
yolov8x_training,493.152100,74,137.793,13370.3125,100,315,10001,"[0, 100000]","[0, 100000]",0,0,878,26416
yolov8x_training,494.270367,73,139.182,13370.3125,100,330,10001,"[0, 100000]","[0, 100000]",0,0,9716,37304
yolov8x_training,495.313590,74,138.308,13370.3125,34,240,10001,"[0, 100000]","[0, 100000]",0,0,1416,7324
yolov8x_training,496.356321,74,139.116,13370.3125,97,255,10001,"[0, 100000]","[0, 100000]",0,0,976,35693
yolov8x_training,497.483608,74,137.411,13370.3125,100,2400,10001,"[0, 100000]","[0, 100000]",0,0,10302,36230
yolov8x_training,498.526610,73,136.940,13370.3125,100,315,10001,"[0, 100000]","[0, 100000]",0,0,1416,6054
yolov8x_training,499.569438,74,139.199,13370.3125,44,285,10001,"[0, 100000]","[0, 100000]",0,0,4296,91308
yolov8x_training,500.679318,75,138.991,13370.3125,97,240,10001,"[0, 100000]","[0, 100000]",0,0,11962,25195
yolov8x_training,501.722158,75,138.199,13370.3125,100,2505,10001,"[0, 100000]","[0, 100000]",0,0,1416,5566
yolov8x_training,502.765000,75,138.513,13370.3125,100,270,10001,"[0, 100000]","[0, 100000]",0,0,5322,93212
yolov8x_training,503.905511,74,136.512,13370.3125,13,210,10001,"[0, 100000]","[0, 100000]",0,0,9716,39550
yolov8x_training,504.948428,76,142.577,13370.3125,99,375,10001,"[0, 100000]","[0, 100000]",0,0,1513,4736
yolov8x_training,505.991220,75,139.686,13370.3125,100,330,10001,"[0, 100000]","[0, 100000]",0,0,3955,87597
yolov8x_training,507.125779,74,139.002,13370.3125,18,240,10001,"[0, 100000]","[0, 100000]",0,0,10107,36572
yolov8x_training,508.168669,74,138.524,13370.3125,100,210,10001,"[0, 100000]","[0, 100000]",0,0,1562,4931
yolov8x_training,509.211735,75,140.142,13370.3125,100,330,10001,"[0, 100000]","[0, 100000]",0,0,537,2832
yolov8x_training,510.377530,74,137.612,13370.3125,100,270,10001,"[0, 100000]","[0, 100000]",0,0,11230,29150
yolov8x_training,511.420331,75,141.781,13370.3125,91,375,10001,"[0, 100000]","[0, 100000]",0,0,1416,7910
yolov8x_training,512.463094,75,139.684,13370.3125,100,330,10001,"[0, 100000]","[0, 100000]",0,0,537,9619
yolov8x_training,513.604195,74,139.288,13370.3125,97,240,10001,"[0, 100000]","[0, 100000]",0,0,10205,36572
yolov8x_training,514.647191,74,137.666,13370.3125,100,240,10001,"[0, 100000]","[0, 100000]",0,0,1416,6005
yolov8x_training,515.690034,74,142.418,13370.3125,100,300,10001,"[0, 100000]","[0, 100000]",0,0,1025,59375
yolov8x_training,516.815510,74,139.080,13370.3125,75,210,10001,"[0, 100000]","[0, 100000]",0,0,11230,29150
yolov8x_training,517.858325,75,138.774,13370.3125,97,255,10001,"[0, 100000]","[0, 100000]",0,0,1611,5761
yolov8x_training,518.901124,75,138.845,13370.3125,100,270,10001,"[0, 100000]","[0, 100000]",0,0,1074,61572
yolov8x_training,520.002671,74,135.117,13370.3125,81,720,10001,"[0, 100000]","[0, 100000]",0,0,11328,28662
yolov8x_training,521.045599,73,138.070,13370.3125,97,270,10001,"[0, 100000]","[0, 100000]",0,0,1513,5273
yolov8x_training,522.088324,74,138.805,13370.3125,100,210,10001,"[0, 100000]","[0, 100000]",0,0,5419,91162
yolov8x_training,523.202834,76,137.466,13370.3125,100,270,10001,"[0, 100000]","[0, 100000]",0,0,11572,26513
yolov8x_training,524.245614,75,134.566,13370.3125,100,1530,10001,"[0, 100000]","[0, 100000]",0,0,1464,5175
yolov8x_training,525.288452,75,138.323,13370.3125,100,315,10001,"[0, 100000]","[0, 100000]",0,0,8935,62158
yolov8x_training,526.381280,74,137.965,13370.3125,100,255,10001,"[0, 100000]","[0, 100000]",0,0,11328,29199
yolov8x_training,527.424308,73,140.933,13370.3125,100,690,10001,"[0, 100000]","[0, 100000]",0,0,2490,5273
yolov8x_training,528.467151,74,136.934,13370.3125,3,270,10001,"[0, 100000]","[0, 100000]",0,0,1123,4248
yolov8x_training,529.510125,75,134.909,13370.3125,100,240,10001,"[0, 100000]","[0, 100000]",0,0,292,292
yolov8x_training,530.603299,74,136.811,13370.3125,98,240,10001,"[0, 100000]","[0, 100000]",0,0,11962,24755
yolov8x_training,531.646135,74,137.422,13370.3125,100,240,10001,"[0, 100000]","[0, 100000]",0,0,1611,4785
yolov8x_training,532.688930,74,141.965,13370.3125,100,555,10001,"[0, 100000]","[0, 100000]",0,0,634,2441
yolov8x_training,533.795344,74,138.809,13370.3125,91,255,10001,"[0, 100000]","[0, 100000]",0,0,10205,35546
yolov8x_training,534.838134,75,139.076,13370.3125,98,285,10001,"[0, 100000]","[0, 100000]",0,0,1660,4785
yolov8x_training,535.880927,74,139.222,13370.3125,100,255,10001,"[0, 100000]","[0, 100000]",0,0,781,292
yolov8x_training,536.970328,74,137.305,13370.3125,91,2325,10001,"[0, 100000]","[0, 100000]",0,0,11328,27441
yolov8x_training,538.013124,73,139.082,13370.3125,100,570,10001,"[0, 100000]","[0, 100000]",0,0,1513,5175
yolov8x_training,539.055924,74,137.922,13370.3125,100,285,10001,"[0, 100000]","[0, 100000]",0,0,683,2197
yolov8x_training,540.166897,75,139.155,13370.3125,91,240,10001,"[0, 100000]","[0, 100000]",0,0,12060,24414
yolov8x_training,541.209912,75,139.841,13370.3125,100,2295,10001,"[0, 100000]","[0, 100000]",0,0,1416,5615
yolov8x_training,542.252774,75,137.889,13370.3125,100,300,10001,"[0, 100000]","[0, 100000]",0,0,927,341
yolov8x_training,543.350637,74,139.186,13370.3125,100,270,10001,"[0, 100000]","[0, 100000]",0,0,10058,39306
yolov8x_training,544.393746,75,137.002,13370.3125,68,225,10001,"[0, 100000]","[0, 100000]",0,0,1611,5273
yolov8x_training,545.436676,75,138.622,13370.3125,100,255,10001,"[0, 100000]","[0, 100000]",0,0,927,1318
yolov8x_training,546.531253,75,139.512,13370.3125,100,225,10001,"[0, 100000]","[0, 100000]",0,0,10156,36718
yolov8x_training,547.574081,74,139.687,13370.3125,100,255,10001,"[0, 100000]","[0, 100000]",0,0,1416,6689
yolov8x_training,548.616810,74,138.327,13370.3125,81,330,10001,"[0, 100000]","[0, 100000]",0,0,683,2587
yolov8x_training,549.746073,73,138.687,13370.3125,100,255,10001,"[0, 100000]","[0, 100000]",0,0,10693,32031
yolov8x_training,550.788913,74,139.616,13370.3125,100,360,10001,"[0, 100000]","[0, 100000]",0,0,1562,5175
yolov8x_training,551.831681,74,140.993,13370.3125,100,225,10001,"[0, 100000]","[0, 100000]",0,0,1123,537
yolov8x_training,552.942806,74,137.577,13370.3125,53,435,10001,"[0, 100000]","[0, 100000]",0,0,10791,32714
yolov8x_training,553.985748,73,138.163,13370.3125,97,495,10001,"[0, 100000]","[0, 100000]",0,0,1416,7470
yolov8x_training,555.028526,74,139.061,13370.3125,100,270,10001,"[0, 100000]","[0, 100000]",0,0,927,1464
yolov8x_training,556.176917,75,138.159,13370.3125,31,210,10001,"[0, 100000]","[0, 100000]",0,0,10107,33789
yolov8x_training,557.220245,75,138.243,13370.3125,97,2430,10001,"[0, 100000]","[0, 100000]",0,0,1513,5468
yolov8x_training,558.263343,75,141.548,13370.3125,100,315,10001,"[0, 100000]","[0, 100000]",0,0,830,1513
yolov8x_training,559.370732,74,139.466,13370.3125,100,240,10001,"[0, 100000]","[0, 100000]",0,0,10205,34472
yolov8x_training,560.413546,75,138.239,13370.3125,17,315,10001,"[0, 100000]","[0, 100000]",0,0,1416,6689
yolov8x_training,561.456269,74,137.894,13370.3125,100,300,10001,"[0, 100000]","[0, 100000]",0,0,1123,830
yolov8x_training,562.610626,75,134.782,13370.3125,100,255,10001,"[0, 100000]","[0, 100000]",0,0,10498,34326
yolov8x_training,563.653455,75,138.590,13370.3125,100,225,10001,"[0, 100000]","[0, 100000]",0,0,1464,5371
yolov8x_training,564.696264,74,138.873,13370.3125,51,285,10001,"[0, 100000]","[0, 100000]",0,0,1074,732
yolov8x_training,565.801995,74,139.324,13370.3125,100,270,10001,"[0, 100000]","[0, 100000]",0,0,11279,29101
yolov8x_training,566.844785,74,135.390,13370.3125,100,210,10001,"[0, 100000]","[0, 100000]",0,0,1806,4785
yolov8x_training,567.887794,75,138.316,13370.3125,100,285,10001,"[0, 100000]","[0, 100000]",0,0,732,1757
yolov8x_training,569.000418,75,138.267,13370.3125,100,1740,10001,"[0, 100000]","[0, 100000]",0,0,10009,37353
yolov8x_training,570.043321,73,141.621,13370.3125,100,270,10001,"[0, 100000]","[0, 100000]",0,0,1367,6494
yolov8x_training,571.086063,75,139.154,13370.3125,100,270,10001,"[0, 100000]","[0, 100000]",0,0,683,2148
yolov8x_training,572.183154,76,138.795,13370.3125,27,285,10001,"[0, 100000]","[0, 100000]",0,0,11132,29394
yolov8x_training,573.225976,75,139.681,13370.3125,100,1065,10001,"[0, 100000]","[0, 100000]",0,0,1513,5761
yolov8x_training,574.268778,74,142.434,13370.3125,100,270,10001,"[0, 100000]","[0, 100000]",0,0,1025,1367
yolov8x_training,575.416904,74,137.398,13370.3125,100,210,10001,"[0, 100000]","[0, 100000]",0,0,10986,30810
yolov8x_training,576.459750,75,138.901,13370.3125,40,585,10001,"[0, 100000]","[0, 100000]",0,0,1367,7861
yolov8x_training,577.502483,74,138.246,13370.3125,100,270,10001,"[0, 100000]","[0, 100000]",0,0,1123,1904
yolov8x_training,578.656927,75,138.309,13370.3125,100,210,10001,"[0, 100000]","[0, 100000]",0,0,11279,29248
yolov8x_training,579.699722,75,138.720,13370.3125,100,2505,10001,"[0, 100000]","[0, 100000]",0,0,1611,5322
yolov8x_training,580.742630,75,138.858,13370.3125,100,450,10001,"[0, 100000]","[0, 100000]",0,0,976,292
yolov8x_training,581.817346,74,139.461,13370.3125,100,225,10001,"[0, 100000]","[0, 100000]",0,0,10449,32958
yolov8x_training,582.860152,74,136.292,13370.3125,100,210,10001,"[0, 100000]","[0, 100000]",0,0,1513,5126
yolov8x_training,583.902983,75,138.915,13370.3125,100,285,10001,"[0, 100000]","[0, 100000]",0,0,683,2001
yolov8x_training,585.006616,75,138.972,13370.3125,100,1635,10001,"[0, 100000]","[0, 100000]",0,0,11328,28710
yolov8x_training,586.049509,74,140.430,13370.3125,100,270,10001,"[0, 100000]","[0, 100000]",0,0,1416,6933
yolov8x_training,587.092257,75,138.387,13370.3125,100,240,10001,"[0, 100000]","[0, 100000]",0,0,1123,3466
yolov8x_training,588.255522,73,138.788,13370.3125,83,255,10001,"[0, 100000]","[0, 100000]",0,0,10009,37744
yolov8x_training,589.298445,74,135.480,13370.3125,100,210,10001,"[0, 100000]","[0, 100000]",0,0,1367,7080
yolov8x_training,590.341549,75,138.369,13370.3125,98,210,10001,"[0, 100000]","[0, 100000]",0,0,488,2880
yolov8x_training,591.471970,75,137.683,13370.3125,100,2475,10001,"[0, 100000]","[0, 100000]",0,0,11621,25634
yolov8x_training,592.514783,73,143.267,13370.3125,100,300,10001,"[0, 100000]","[0, 100000]",0,0,1464,6396
yolov8x_training,593.557521,75,139.396,13370.3125,88,270,10001,"[0, 100000]","[0, 100000]",0,0,634,2343
yolov8x_training,594.671924,75,139.427,13370.3125,98,210,10001,"[0, 100000]","[0, 100000]",0,0,10644,32666
yolov8x_training,595.714806,75,137.444,13370.3125,100,2505,10001,"[0, 100000]","[0, 100000]",0,0,1416,6591
yolov8x_training,596.757668,75,143.319,13370.3125,100,270,10001,"[0, 100000]","[0, 100000]",0,0,390,2880
yolov8x_training,597.894067,74,139.322,13370.3125,97,270,10001,"[0, 100000]","[0, 100000]",0,0,11279,28271
yolov8x_training,598.936847,76,139.315,13370.3125,97,360,10001,"[0, 100000]","[0, 100000]",0,0,1367,6689
yolov8x_training,599.979963,74,139.317,13370.3125,100,315,10001,"[0, 100000]","[0, 100000]",0,0,634,2441
yolov8x_training,601.100383,75,135.731,13370.3125,91,210,10001,"[0, 100000]","[0, 100000]",0,0,11767,25878
yolov8x_training,602.143150,75,138.512,13370.3125,97,240,10001,"[0, 100000]","[0, 100000]",0,0,1562,4785
yolov8x_training,603.185890,74,138.612,13370.3125,100,360,10001,"[0, 100000]","[0, 100000]",0,0,1025,830
yolov8x_training,604.283245,74,138.767,13370.3125,100,315,10001,"[0, 100000]","[0, 100000]",0,0,11865,25195
yolov8x_training,605.326394,75,135.354,13370.3125,90,240,10001,"[0, 100000]","[0, 100000]",0,0,1416,7226
yolov8x_training,606.369240,75,137.792,13370.3125,97,255,10001,"[0, 100000]","[0, 100000]",0,0,634,2490
yolov8x_training,607.494282,75,137.687,13370.3125,100,2325,10001,"[0, 100000]","[0, 100000]",0,0,11865,25048
yolov8x_training,608.537162,74,142.176,13370.3125,100,270,10001,"[0, 100000]","[0, 100000]",0,0,1611,4687
yolov8x_training,609.579940,75,139.055,13370.3125,76,240,10001,"[0, 100000]","[0, 100000]",0,0,976,292
yolov8x_training,610.661404,77,138.783,13370.3125,97,270,10001,"[0, 100000]","[0, 100000]",0,0,10156,37109
yolov8x_training,611.704587,75,137.641,13370.3125,100,2505,10001,"[0, 100000]","[0, 100000]",0,0,1562,6933
yolov8x_training,612.747574,75,142.304,13370.3125,100,285,10001,"[0, 100000]","[0, 100000]",0,0,634,2294
yolov8x_training,613.865429,74,139.330,13370.3125,100,270,10001,"[0, 100000]","[0, 100000]",0,0,10058,38183
yolov8x_training,614.908647,77,139.380,13370.3125,98,285,10001,"[0, 100000]","[0, 100000]",0,0,1464,6396
yolov8x_training,615.951398,74,138.434,13370.3125,100,315,10001,"[0, 100000]","[0, 100000]",0,0,781,1513
yolov8x_training,617.067652,75,135.280,13370.3125,83,225,10001,"[0, 100000]","[0, 100000]",0,0,10839,31640
yolov8x_training,618.110467,75,138.827,13370.3125,97,270,10001,"[0, 100000]","[0, 100000]",0,0,1416,7080
yolov8x_training,619.153199,75,138.374,13370.3125,100,330,10001,"[0, 100000]","[0, 100000]",0,0,1123,1220
yolov8x_training,620.294736,74,138.803,13370.3125,100,315,10001,"[0, 100000]","[0, 100000]",0,0,10986,30371
yolov8x_training,621.337533,75,136.249,13370.3125,72,270,10001,"[0, 100000]","[0, 100000]",0,0,1416,7226
yolov8x_training,622.380330,75,136.431,13370.3125,98,270,10001,"[0, 100000]","[0, 100000]",0,0,976,2734
yolov8x_training,623.534354,75,135.551,13370.3125,100,225,10001,"[0, 100000]","[0, 100000]",0,0,11230,29101
yolov8x_training,624.577175,74,137.474,13370.3125,100,240,10001,"[0, 100000]","[0, 100000]",0,0,1367,7324
yolov8x_training,625.619938,75,138.986,13370.3125,17,300,10001,"[0, 100000]","[0, 100000]",0,0,634,2685
yolov8x_training,626.748455,73,138.993,13370.3125,97,270,10001,"[0, 100000]","[0, 100000]",0,0,10888,30468
yolov8x_training,627.791239,74,136.452,13370.3125,100,630,10001,"[0, 100000]","[0, 100000]",0,0,1513,5273
yolov8x_training,628.834068,75,138.057,13370.3125,100,240,10001,"[0, 100000]","[0, 100000]",0,0,976,1074
yolov8x_training,629.936701,75,138.113,13370.3125,24,210,10001,"[0, 100000]","[0, 100000]",0,0,11669,26708
yolov8x_training,630.979459,73,140.956,13370.3125,96,360,10001,"[0, 100000]","[0, 100000]",0,0,1464,5322
yolov8x_training,632.022201,75,139.130,13370.3125,100,270,10001,"[0, 100000]","[0, 100000]",0,0,634,2343
yolov8x_training,633.138688,75,138.177,13370.3125,34,240,10001,"[0, 100000]","[0, 100000]",0,0,11376,29150
yolov8x_training,634.181463,75,137.846,13370.3125,98,210,10001,"[0, 100000]","[0, 100000]",0,0,1416,7031
yolov8x_training,635.224235,75,139.949,13370.3125,100,480,10001,"[0, 100000]","[0, 100000]",0,0,927,1416
yolov8x_training,636.378914,74,139.475,13370.3125,100,270,10001,"[0, 100000]","[0, 100000]",0,0,10839,30175
yolov8x_training,637.421760,76,138.877,13370.3125,23,315,10001,"[0, 100000]","[0, 100000]",0,0,1464,5664
yolov8x_training,638.464525,74,139.364,13370.3125,100,225,10001,"[0, 100000]","[0, 100000]",0,0,683,2294
yolov8x_training,639.584379,75,135.358,13370.3125,100,285,10001,"[0, 100000]","[0, 100000]",0,0,11376,26074
yolov8x_training,640.627571,75,137.783,13370.3125,100,255,10001,"[0, 100000]","[0, 100000]",0,0,1416,6445
yolov8x_training,641.670332,75,138.775,13370.3125,61,360,10001,"[0, 100000]","[0, 100000]",0,0,488,2685
yolov8x_training,642.796926,74,139.333,13370.3125,100,315,10001,"[0, 100000]","[0, 100000]",0,0,11376,29199
yolov8x_training,643.839745,75,136.280,13370.3125,100,210,10001,"[0, 100000]","[0, 100000]",0,0,1367,6689
yolov8x_training,644.882583,75,138.143,13370.3125,100,270,10001,"[0, 100000]","[0, 100000]",0,0,585,2783
yolov8x_training,646.016144,74,138.629,13370.3125,100,1845,10001,"[0, 100000]","[0, 100000]",0,0,11230,28515
yolov8x_training,647.058948,73,139.251,13370.3125,100,285,10001,"[0, 100000]","[0, 100000]",0,0,1416,6738
yolov8x_training,648.101670,75,139.241,13370.3125,100,240,10001,"[0, 100000]","[0, 100000]",0,0,585,2539
yolov8x_training,649.219350,75,138.634,13370.3125,91,270,10001,"[0, 100000]","[0, 100000]",0,0,11328,26660
yolov8x_training,650.262178,75,136.654,13370.3125,100,1185,10001,"[0, 100000]","[0, 100000]",0,0,1416,7080
yolov8x_training,651.304949,75,138.989,13370.3125,100,255,10001,"[0, 100000]","[0, 100000]",0,0,1025,1367
yolov8x_training,652.424511,74,138.962,13370.3125,100,210,10001,"[0, 100000]","[0, 100000]",0,0,11865,25292
yolov8x_training,653.467267,75,141.012,13370.3125,85,330,10001,"[0, 100000]","[0, 100000]",0,0,1416,7568
yolov8x_training,654.510025,75,140.085,13370.3125,100,270,10001,"[0, 100000]","[0, 100000]",0,0,1025,1318
yolov8x_training,655.652683,75,138.664,13370.3125,97,225,10001,"[0, 100000]","[0, 100000]",0,0,10058,38330
yolov8x_training,656.695769,75,139.988,13370.3125,100,2415,10001,"[0, 100000]","[0, 100000]",0,0,1416,7568
yolov8x_training,657.738553,75,143.027,13370.3125,100,315,10001,"[0, 100000]","[0, 100000]",0,0,1025,1464
yolov8x_training,658.881785,74,138.038,13370.3125,72,240,10001,"[0, 100000]","[0, 100000]",0,0,10888,30957
yolov8x_training,659.924577,75,138.927,13370.3125,96,285,10001,"[0, 100000]","[0, 100000]",0,0,1367,7519
yolov8x_training,660.967296,75,138.230,13370.3125,100,300,10001,"[0, 100000]","[0, 100000]",0,0,1074,1464
yolov8x_training,662.109554,75,137.273,13370.3125,38,240,10001,"[0, 100000]","[0, 100000]",0,0,11425,27832
yolov8x_training,663.152322,75,137.870,13370.3125,98,210,10001,"[0, 100000]","[0, 100000]",0,0,1416,7128
yolov8x_training,664.195115,75,138.315,13370.3125,100,585,10001,"[0, 100000]","[0, 100000]",0,0,732,2001
yolov8x_training,665.316961,73,139.440,13370.3125,100,255,10001,"[0, 100000]","[0, 100000]",0,0,10449,33398
yolov8x_training,666.359777,75,138.661,13370.3125,35,255,10001,"[0, 100000]","[0, 100000]",0,0,1416,6884
yolov8x_training,667.402514,75,137.357,13370.3125,100,255,10001,"[0, 100000]","[0, 100000]",0,0,1074,1806
yolov8x_training,668.558585,75,135.263,13370.3125,100,210,10001,"[0, 100000]","[0, 100000]",0,0,11474,27539
yolov8x_training,669.601335,74,138.393,13370.3125,100,225,10001,"[0, 100000]","[0, 100000]",0,0,1513,6445
yolov8x_training,670.644095,75,138.918,13370.3125,42,270,10001,"[0, 100000]","[0, 100000]",0,0,732,2197
yolov8x_training,671.789693,74,139.328,13370.3125,100,240,10001,"[0, 100000]","[0, 100000]",0,0,10253,37548
yolov8x_training,672.832978,75,136.611,13370.3125,100,270,10001,"[0, 100000]","[0, 100000]",0,0,1367,7910
yolov8x_training,673.875772,75,137.366,13370.3125,100,285,10001,"[0, 100000]","[0, 100000]",0,0,1123,1855
yolov8x_training,675.020056,75,136.730,13370.3125,100,1320,10001,"[0, 100000]","[0, 100000]",0,0,11230,29003
yolov8x_training,676.062886,73,137.319,13370.3125,100,270,10001,"[0, 100000]","[0, 100000]",0,0,1367,6982
yolov8x_training,677.105569,75,138.262,13370.3125,100,225,10001,"[0, 100000]","[0, 100000]",0,0,1025,3417
yolov8x_training,678.259142,76,139.062,13370.3125,100,255,10001,"[0, 100000]","[0, 100000]",0,0,9863,38720
yolov8x_training,679.302137,74,135.827,13370.3125,90,210,10001,"[0, 100000]","[0, 100000]",0,0,1367,7177
yolov8x_training,680.344938,75,138.211,13370.3125,98,255,10001,"[0, 100000]","[0, 100000]",0,0,1171,781
yolov8x_training,681.503234,75,138.769,13370.3125,100,2070,10001,"[0, 100000]","[0, 100000]",0,0,11376,29150
yolov8x_training,682.546056,73,139.657,13370.3125,100,285,10001,"[0, 100000]","[0, 100000]",0,0,1562,5859
yolov8x_training,683.588966,75,139.048,13370.3125,20,210,10001,"[0, 100000]","[0, 100000]",0,0,585,2734
yolov8x_training,684.729299,75,138.600,13370.3125,98,270,10001,"[0, 100000]","[0, 100000]",0,0,10693,31835
yolov8x_training,685.772493,75,135.338,13370.3125,100,1590,10001,"[0, 100000]","[0, 100000]",0,0,1464,5664
yolov8x_training,686.815341,75,136.986,13370.3125,100,240,10001,"[0, 100000]","[0, 100000]",0,0,1220,1025
yolov8x_training,687.983849,75,137.437,13370.3125,31,2505,10001,"[0, 100000]","[0, 100000]",0,0,11181,29248
yolov8x_training,689.026720,73,141.048,13370.3125,100,270,10001,"[0, 100000]","[0, 100000]",0,0,1416,7568
yolov8x_training,690.069546,75,137.589,13370.3125,100,255,10001,"[0, 100000]","[0, 100000]",0,0,1171,1904
yolov8x_training,691.256726,77,138.646,13370.3125,100,270,10001,"[0, 100000]","[0, 100000]",0,0,11425,29199
yolov8x_training,692.299650,76,134.125,13370.3125,97,510,10001,"[0, 100000]","[0, 100000]",0,0,1562,5273
yolov8x_training,693.342548,75,138.259,13370.3125,96,225,10001,"[0, 100000]","[0, 100000]",0,0,439,3076
yolov8x_training,694.477285,75,138.541,13370.3125,100,2490,10001,"[0, 100000]","[0, 100000]",0,0,11474,27880
yolov8x_training,695.520148,74,140.802,13370.3125,100,270,10001,"[0, 100000]","[0, 100000]",0,0,1318,7421
yolov8x_training,696.563004,75,138.896,13370.3125,23,210,10001,"[0, 100000]","[0, 100000]",0,0,976,1416
yolov8x_training,697.705943,75,138.941,13370.3125,97,240,10001,"[0, 100000]","[0, 100000]",0,0,10205,34960
yolov8x_training,698.749021,75,136.032,13370.3125,100,1935,10001,"[0, 100000]","[0, 100000]",0,0,1416,7519
yolov8x_training,699.791895,75,138.087,13370.3125,100,270,10001,"[0, 100000]","[0, 100000]",0,0,1025,3369
yolov8x_training,700.974446,75,138.720,13370.3125,42,2460,10001,"[0, 100000]","[0, 100000]",0,0,10644,33007
yolov8x_training,702.017278,73,141.642,13370.3125,100,300,10001,"[0, 100000]","[0, 100000]",0,0,1416,7519
yolov8x_training,703.060083,75,137.518,13370.3125,100,255,10001,"[0, 100000]","[0, 100000]",0,0,976,3906
yolov8x_training,704.237339,76,138.997,13370.3125,100,270,10001,"[0, 100000]","[0, 100000]",0,0,9960,38720
yolov8x_training,705.280302,76,133.877,13370.3125,100,1050,10001,"[0, 100000]","[0, 100000]",0,0,1367,8007
yolov8x_training,706.323109,75,137.153,13370.3125,97,210,10001,"[0, 100000]","[0, 100000]",0,0,1123,439
yolov8x_training,707.474665,75,138.617,13370.3125,100,1237,10001,"[0, 100000]","[0, 100000]",0,0,10986,30517
yolov8x_training,708.517637,73,139.860,13370.3125,100,315,10001,"[0, 100000]","[0, 100000]",0,0,1318,7031
yolov8x_training,709.560400,75,137.783,13370.3125,9,255,10001,"[0, 100000]","[0, 100000]",0,0,1074,3759
yolov8x_training,710.737660,76,139.475,13370.3125,100,270,10001,"[0, 100000]","[0, 100000]",0,0,9765,39062
yolov8x_training,711.780627,74,134.738,13370.3125,100,315,10001,"[0, 100000]","[0, 100000]",0,0,1464,6494
yolov8x_training,712.823539,75,138.549,13370.3125,100,240,10001,"[0, 100000]","[0, 100000]",0,0,1074,1660
yolov8x_training,713.970930,75,139.498,13370.3125,51,1230,10001,"[0, 100000]","[0, 100000]",0,0,11083,30712
yolov8x_training,715.013768,74,140.320,13370.3125,100,270,10001,"[0, 100000]","[0, 100000]",0,0,1416,7617
yolov8x_training,716.056524,75,138.244,13370.3125,100,210,10001,"[0, 100000]","[0, 100000]",0,0,1171,830
yolov8x_training,717.201659,75,138.529,13370.3125,91,255,10001,"[0, 100000]","[0, 100000]",0,0,11279,27880
yolov8x_training,718.244766,75,136.045,13370.3125,100,2310,10001,"[0, 100000]","[0, 100000]",0,0,1367,7910
yolov8x_training,719.287521,75,138.412,13370.3125,99,285,10001,"[0, 100000]","[0, 100000]",0,0,732,1708
yolov8x_training,720.427728,75,138.699,13370.3125,100,255,10001,"[0, 100000]","[0, 100000]",0,0,10937,29638
yolov8x_training,721.470566,78,143.270,13370.3125,100,285,10001,"[0, 100000]","[0, 100000]",0,0,1367,6933
yolov8x_training,722.513367,75,138.087,13370.3125,72,270,10001,"[0, 100000]","[0, 100000]",0,0,1025,2783
yolov8x_training,723.659360,75,138.666,13370.3125,98,240,10001,"[0, 100000]","[0, 100000]",0,0,10156,37500
yolov8x_training,724.702428,75,139.597,13370.3125,100,1350,10001,"[0, 100000]","[0, 100000]",0,0,1513,6640
yolov8x_training,725.745343,75,141.656,13370.3125,100,435,10001,"[0, 100000]","[0, 100000]",0,0,634,2636
yolov8x_training,726.857590,75,138.862,13370.3125,60,255,10001,"[0, 100000]","[0, 100000]",0,0,11328,27294
yolov8x_training,727.900422,75,139.305,13370.3125,96,210,10001,"[0, 100000]","[0, 100000]",0,0,1513,6933
yolov8x_training,728.943204,75,137.911,13370.3125,100,315,10001,"[0, 100000]","[0, 100000]",0,0,1025,4150
yolov8x_training,730.104542,75,139.319,13370.3125,18,210,10001,"[0, 100000]","[0, 100000]",0,0,11230,28125
yolov8x_training,731.147421,75,138.658,13370.3125,97,240,10001,"[0, 100000]","[0, 100000]",0,0,1464,6640
yolov8x_training,732.190386,75,140.967,13370.3125,100,330,10001,"[0, 100000]","[0, 100000]",0,0,390,3125
yolov8x_training,733.322144,74,139.823,13370.3125,100,270,10001,"[0, 100000]","[0, 100000]",0,0,11181,29345
yolov8x_training,734.365075,75,139.157,13370.3125,9,270,10001,"[0, 100000]","[0, 100000]",0,0,1367,7910
yolov8x_training,735.407784,75,138.068,13370.3125,100,270,10001,"[0, 100000]","[0, 100000]",0,0,1074,1367
yolov8x_training,736.563759,75,135.642,13370.3125,100,210,10001,"[0, 100000]","[0, 100000]",0,0,11328,29101
yolov8x_training,737.606677,74,138.545,13370.3125,100,225,10001,"[0, 100000]","[0, 100000]",0,0,1464,6933
yolov8x_training,738.649565,75,138.164,13370.3125,81,360,10001,"[0, 100000]","[0, 100000]",0,0,1074,2294
yolov8x_training,739.798492,73,140.093,13370.3125,100,315,10001,"[0, 100000]","[0, 100000]",0,0,9863,39648
yolov8x_training,740.841600,75,139.138,13370.3125,100,255,10001,"[0, 100000]","[0, 100000]",0,0,1416,7080
yolov8x_training,741.884394,75,137.346,13370.3125,100,285,10001,"[0, 100000]","[0, 100000]",0,0,1171,488
yolov8x_training,743.046602,75,134.726,13370.3125,89,1260,10001,"[0, 100000]","[0, 100000]",0,0,11572,25683
yolov8x_training,744.089559,74,138.570,13370.3125,97,240,10001,"[0, 100000]","[0, 100000]",0,0,1513,5664
yolov8x_training,745.132366,75,139.548,13370.3125,100,210,10001,"[0, 100000]","[0, 100000]",0,0,781,1464
yolov8x_training,746.279781,73,139.293,13370.3125,100,255,10001,"[0, 100000]","[0, 100000]",0,0,11279,28222
yolov8x_training,747.322637,75,136.531,13370.3125,47,225,10001,"[0, 100000]","[0, 100000]",0,0,1464,6640
yolov8x_training,748.365330,75,138.521,13370.3125,97,225,10001,"[0, 100000]","[0, 100000]",0,0,927,1416
yolov8x_training,749.502293,75,137.002,13370.3125,100,1207,10001,"[0, 100000]","[0, 100000]",0,0,10546,33496
yolov8x_training,750.545189,73,134.960,13370.3125,100,285,10001,"[0, 100000]","[0, 100000]",0,0,1123,12255
yolov8x_training,751.588021,75,139.513,13370.3125,79,300,10001,"[0, 100000]","[0, 100000]",0,0,1123,3857
yolov8x_training,752.770233,73,140.300,13370.3125,100,225,10001,"[0, 100000]","[0, 100000]",0,0,11279,27685
yolov8x_training,753.813229,74,137.017,13370.3125,100,210,10001,"[0, 100000]","[0, 100000]",0,0,1513,4687
yolov8x_training,754.856009,75,138.543,13370.3125,100,240,10001,"[0, 100000]","[0, 100000]",0,0,439,2636
yolov8x_training,755.991830,75,138.625,13370.3125,71,2505,10001,"[0, 100000]","[0, 100000]",0,0,11816,25732
yolov8x_training,757.034590,73,140.074,13370.3125,100,300,10001,"[0, 100000]","[0, 100000]",0,0,1416,6445
yolov8x_training,758.077319,75,138.103,13370.3125,100,210,10001,"[0, 100000]","[0, 100000]",0,0,683,2587
yolov8x_training,759.212708,78,138.765,13370.3125,100,285,10001,"[0, 100000]","[0, 100000]",0,0,11376,27490
yolov8x_training,760.255524,75,134.082,13370.3125,100,1620,10001,"[0, 100000]","[0, 100000]",0,0,1367,7568
yolov8x_training,761.298213,75,138.079,13370.3125,97,255,10001,"[0, 100000]","[0, 100000]",0,0,1025,3369
yolov8x_training,762.465148,75,138.513,13370.3125,100,210,10001,"[0, 100000]","[0, 100000]",0,0,10107,38525
yolov8x_training,763.508610,73,141.056,13370.3125,100,480,10001,"[0, 100000]","[0, 100000]",0,0,1464,6640
yolov8x_training,764.551003,75,135.994,13370.3125,0,270,10001,"[0, 100000]","[0, 100000]",0,0,976,3857
yolov8x_training,765.593979,75,136.920,13370.3125,100,240,10001,"[0, 100000]","[0, 100000]",0,0,341,292
yolov8x_training,766.750126,75,136.012,13370.3125,96,240,10001,"[0, 100000]","[0, 100000]",0,0,11279,29101
yolov8x_training,767.793085,75,132.782,13370.3125,100,465,10001,"[0, 100000]","[0, 100000]",0,0,1025,5126
yolov8x_training,768.835833,75,133.435,13370.3125,100,300,10001,"[0, 100000]","[0, 100000]",0,0,1171,4882
yolov8x_training,769.878662,75,143.004,13370.3125,100,210,10001,"[0, 100000]","[0, 100000]",0,0,341,292
yolov8x_training,770.929622,74,138.817,13370.3125,15,225,10001,"[0, 100000]","[0, 100000]",0,0,11181,28808
yolov8x_training,771.972387,76,138.555,13370.3125,100,375,10001,"[0, 100000]","[0, 100000]",0,0,1416,7666
yolov8x_training,773.015107,75,139.656,13370.3125,100,315,10001,"[0, 100000]","[0, 100000]",0,0,585,2392
yolov8x_training,774.164142,75,136.028,13370.3125,56,240,10001,"[0, 100000]","[0, 100000]",0,0,11767,22753
yolov8x_training,775.206973,75,138.378,13370.3125,97,210,10001,"[0, 100000]","[0, 100000]",0,0,1513,5615
yolov8x_training,776.249751,75,139.122,13370.3125,100,495,10001,"[0, 100000]","[0, 100000]",0,0,927,976
yolov8x_training,777.375078,74,139.685,13370.3125,100,240,10001,"[0, 100000]","[0, 100000]",0,0,9912,37451
yolov8x_training,778.418003,75,137.546,13370.3125,36,225,10001,"[0, 100000]","[0, 100000]",0,0,1464,7910
yolov8x_training,779.460742,75,139.254,13370.3125,97,255,10001,"[0, 100000]","[0, 100000]",0,0,585,2441
yolov8x_training,780.593214,75,135.461,13370.3125,100,210,10001,"[0, 100000]","[0, 100000]",0,0,11523,25488
yolov8x_training,781.636031,75,138.134,13370.3125,100,240,10001,"[0, 100000]","[0, 100000]",0,0,1464,6689
yolov8x_training,782.678792,75,138.776,13370.3125,18,330,10001,"[0, 100000]","[0, 100000]",0,0,634,2490
yolov8x_training,783.794005,73,139.228,13370.3125,96,240,10001,"[0, 100000]","[0, 100000]",0,0,11230,26025
yolov8x_training,784.836786,75,137.415,13370.3125,100,285,10001,"[0, 100000]","[0, 100000]",0,0,1416,6152
yolov8x_training,785.879603,75,136.864,13370.3125,100,255,10001,"[0, 100000]","[0, 100000]",0,0,585,2343
yolov8x_training,787.042479,75,136.798,13370.3125,100,2145,10001,"[0, 100000]","[0, 100000]",0,0,11376,27050
yolov8x_training,788.085355,74,142.487,13370.3125,100,270,10001,"[0, 100000]","[0, 100000]",0,0,1513,5175
yolov8x_training,789.128131,75,138.986,13370.3125,100,210,10001,"[0, 100000]","[0, 100000]",0,0,1025,488
yolov8x_training,790.270106,73,138.392,13370.3125,62,285,10001,"[0, 100000]","[0, 100000]",0,0,10791,31005
yolov8x_training,791.312836,75,139.105,13370.3125,100,300,10001,"[0, 100000]","[0, 100000]",0,0,1464,6738
yolov8x_training,792.355642,75,140.600,13370.3125,100,240,10001,"[0, 100000]","[0, 100000]",0,0,878,1318
yolov8x_training,793.398545,75,133.979,13370.3125,100,225,10001,"[0, 100000]","[0, 100000]",0,0,292,292
yolov8x_training,794.569590,75,129.518,13370.3125,100,2505,10001,"[0, 100000]","[0, 100000]",0,0,11230,28271
yolov8x_training,795.612591,74,140.613,13370.3125,100,210,10001,"[0, 100000]","[0, 100000]",0,0,1464,6640
yolov8x_training,796.655367,74,138.690,13370.3125,44,210,10001,"[0, 100000]","[0, 100000]",0,0,927,26953
yolov8x_training,797.801517,74,137.731,13370.3125,100,315,10001,"[0, 100000]","[0, 100000]",0,0,11328,27880
yolov8x_training,798.844296,75,134.193,13370.3125,100,240,10001,"[0, 100000]","[0, 100000]",0,0,1464,7128
yolov8x_training,799.887088,75,138.615,13370.3125,100,270,10001,"[0, 100000]","[0, 100000]",0,0,878,28173
yolov8x_training,801.036855,75,138.069,13370.3125,100,2040,10001,"[0, 100000]","[0, 100000]",0,0,11279,28515
yolov8x_training,802.079611,74,142.834,13370.3125,100,255,10001,"[0, 100000]","[0, 100000]",0,0,1464,6689
yolov8x_training,803.122311,75,138.627,13370.3125,100,255,10001,"[0, 100000]","[0, 100000]",0,0,1025,43750
yolov8x_training,804.237799,73,138.930,13370.3125,52,270,10001,"[0, 100000]","[0, 100000]",0,0,11376,29199
yolov8x_training,805.280817,74,139.097,13370.3125,100,675,10001,"[0, 100000]","[0, 100000]",0,0,1367,6933
yolov8x_training,806.323545,75,140.858,13370.3125,100,270,10001,"[0, 100000]","[0, 100000]",0,0,537,3173
yolov8x_training,807.479526,75,137.966,13370.3125,100,1170,10001,"[0, 100000]","[0, 100000]",0,0,11279,29150
yolov8x_training,808.522270,73,142.171,13370.3125,90,675,10001,"[0, 100000]","[0, 100000]",0,0,1464,5957
yolov8x_training,809.565085,75,139.728,13370.3125,100,270,10001,"[0, 100000]","[0, 100000]",0,0,488,3076
yolov8x_training,810.706284,78,139.390,13370.3125,97,255,10001,"[0, 100000]","[0, 100000]",0,0,11083,29101
yolov8x_training,811.749117,75,139.756,13370.3125,100,2430,10001,"[0, 100000]","[0, 100000]",0,0,1562,5957
yolov8x_training,812.792061,75,144.140,13370.3125,100,315,10001,"[0, 100000]","[0, 100000]",0,0,1123,68164
yolov8x_training,813.902249,74,140.072,13370.3125,84,225,10001,"[0, 100000]","[0, 100000]",0,0,10449,32910
yolov8x_training,814.945196,77,138.445,13370.3125,98,300,10001,"[0, 100000]","[0, 100000]",0,0,1367,6884
yolov8x_training,815.988030,75,139.309,13370.3125,100,225,10001,"[0, 100000]","[0, 100000]",0,0,634,23974
yolov8x_training,817.117904,75,134.880,13370.3125,80,210,10001,"[0, 100000]","[0, 100000]",0,0,11376,27490
yolov8x_training,818.160709,75,138.648,13370.3125,97,225,10001,"[0, 100000]","[0, 100000]",0,0,1416,6689
yolov8x_training,819.203475,75,138.457,13370.3125,100,360,10001,"[0, 100000]","[0, 100000]",0,0,927,33154
yolov8x_training,820.306972,74,139.622,13370.3125,100,315,10001,"[0, 100000]","[0, 100000]",0,0,10107,35156
yolov8x_training,821.349783,75,135.425,13370.3125,87,240,10001,"[0, 100000]","[0, 100000]",0,0,1367,7666
yolov8x_training,822.392567,75,137.339,13370.3125,97,255,10001,"[0, 100000]","[0, 100000]",0,0,683,2734
yolov8x_training,823.561090,75,137.853,13370.3125,100,1635,10001,"[0, 100000]","[0, 100000]",0,0,11181,29199
yolov8x_training,824.603840,74,139.250,13370.3125,100,270,10001,"[0, 100000]","[0, 100000]",0,0,1513,6445
yolov8x_training,825.646638,75,138.774,13370.3125,41,255,10001,"[0, 100000]","[0, 100000]",0,0,4052,74560
yolov8x_training,826.774996,73,138.542,13370.3125,98,255,10001,"[0, 100000]","[0, 100000]",0,0,11572,26367
yolov8x_training,827.817749,75,135.418,13370.3125,100,225,10001,"[0, 100000]","[0, 100000]",0,0,1464,6689
yolov8x_training,828.860601,75,138.747,13370.3125,100,225,10001,"[0, 100000]","[0, 100000]",0,0,1074,54785
yolov8x_training,830.004109,75,137.259,13370.3125,12,2505,10001,"[0, 100000]","[0, 100000]",0,0,10205,34570
yolov8x_training,831.046904,74,142.690,13370.3125,100,270,10001,"[0, 100000]","[0, 100000]",0,0,1416,7617
yolov8x_training,832.089612,75,138.612,13370.3125,100,210,10001,"[0, 100000]","[0, 100000]",0,0,683,2832
yolov8x_training,833.257745,73,137.788,13370.3125,71,270,10001,"[0, 100000]","[0, 100000]",0,0,10888,31494
yolov8x_training,834.300532,75,139.564,13370.3125,100,810,10001,"[0, 100000]","[0, 100000]",0,0,1464,6689
yolov8x_training,835.343238,75,138.914,13370.3125,100,240,10001,"[0, 100000]","[0, 100000]",0,0,927,32275
yolov8x_training,836.475655,75,139.569,13370.3125,100,2475,10001,"[0, 100000]","[0, 100000]",0,0,11279,29101
yolov8x_training,837.518454,73,142.282,13370.3125,92,480,10001,"[0, 100000]","[0, 100000]",0,0,1464,5273
yolov8x_training,838.561167,75,138.790,13370.3125,100,285,10001,"[0, 100000]","[0, 100000]",0,0,1074,54052
yolov8x_training,839.687728,78,138.212,13370.3125,97,255,10001,"[0, 100000]","[0, 100000]",0,0,11132,27636
yolov8x_training,840.730765,75,139.453,13370.3125,100,2505,10001,"[0, 100000]","[0, 100000]",0,0,1562,4785
yolov8x_training,841.773615,75,143.029,13370.3125,100,285,10001,"[0, 100000]","[0, 100000]",0,0,537,3320
yolov8x_training,842.905210,75,138.926,13370.3125,59,240,10001,"[0, 100000]","[0, 100000]",0,0,11718,25244
yolov8x_training,843.947990,76,138.787,13370.3125,97,285,10001,"[0, 100000]","[0, 100000]",0,0,1464,5859
yolov8x_training,844.990905,75,139.460,13370.3125,100,225,10001,"[0, 100000]","[0, 100000]",0,0,1074,65771
yolov8x_training,846.121237,75,135.109,13370.3125,62,240,10001,"[0, 100000]","[0, 100000]",0,0,10205,37255
yolov8x_training,847.164196,76,134.897,13370.3125,99,2505,10001,"[0, 100000]","[0, 100000]",0,0,1123,11132
yolov8x_training,848.206950,75,144.073,13370.3125,100,435,10001,"[0, 100000]","[0, 100000]",0,0,1074,4003
yolov8x_training,849.249894,75,139.008,13370.3125,100,285,10001,"[0, 100000]","[0, 100000]",0,0,2050,65820
yolov8x_training,850.432607,76,138.765,13370.3125,29,315,10001,"[0, 100000]","[0, 100000]",0,0,1464,6884
yolov8x_training,851.475378,75,139.782,13370.3125,100,255,10001,"[0, 100000]","[0, 100000]",0,0,683,23144
yolov8x_training,852.603810,75,135.198,13370.3125,100,270,10001,"[0, 100000]","[0, 100000]",0,0,11669,25341
yolov8x_training,853.646587,75,138.177,13370.3125,100,270,10001,"[0, 100000]","[0, 100000]",0,0,1416,7861
yolov8x_training,854.689349,75,139.101,13370.3125,31,300,10001,"[0, 100000]","[0, 100000]",0,0,1025,38378
yolov8x_training,855.732127,74,138.389,13370.3125,100,315,10001,"[0, 100000]","[0, 100000]",0,0,1953,70898
yolov8x_training,856.903999,75,137.175,13370.3125,96,240,10001,"[0, 100000]","[0, 100000]",0,0,1416,7177
yolov8x_training,857.946842,75,139.159,13370.3125,100,270,10001,"[0, 100000]","[0, 100000]",0,0,683,21777
yolov8x_training,859.090419,75,134.383,13370.3125,100,315,10001,"[0, 100000]","[0, 100000]",0,0,11328,29150
yolov8x_training,860.133235,75,137.585,13370.3125,96,255,10001,"[0, 100000]","[0, 100000]",0,0,1416,7568
yolov8x_training,861.176000,75,139.007,13370.3125,100,315,10001,"[0, 100000]","[0, 100000]",0,0,634,26464
yolov8x_training,862.292140,74,139.657,13370.3125,100,225,10001,"[0, 100000]","[0, 100000]",0,0,10058,37451
yolov8x_training,863.335032,75,134.466,13370.3125,95,210,10001,"[0, 100000]","[0, 100000]",0,0,1367,6933
yolov8x_training,864.377814,75,136.911,13370.3125,97,225,10001,"[0, 100000]","[0, 100000]",0,0,1171,1074
yolov8x_training,865.546982,75,138.516,13370.3125,100,1845,10001,"[0, 100000]","[0, 100000]",0,0,10546,32958
yolov8x_training,866.589904,73,138.875,13370.3125,100,270,10001,"[0, 100000]","[0, 100000]",0,0,1416,6494
yolov8x_training,867.632774,75,138.675,13370.3125,52,270,10001,"[0, 100000]","[0, 100000]",0,0,976,31005
yolov8x_training,868.765442,75,139.164,13370.3125,100,270,10001,"[0, 100000]","[0, 100000]",0,0,11279,28466
yolov8x_training,869.808299,75,136.286,13370.3125,100,705,10001,"[0, 100000]","[0, 100000]",0,0,1611,5078
yolov8x_training,870.851167,75,138.665,13370.3125,100,240,10001,"[0, 100000]","[0, 100000]",0,0,3955,84960
yolov8x_training,871.971786,75,137.818,13370.3125,11,1290,10001,"[0, 100000]","[0, 100000]",0,0,10058,37158
yolov8x_training,873.014665,76,143.989,13370.3125,98,630,10001,"[0, 100000]","[0, 100000]",0,0,1513,6933
yolov8x_training,874.056956,75,139.429,13370.3125,100,270,10001,"[0, 100000]","[0, 100000]",0,0,1171,42089
yolov8x_training,875.202567,75,138.458,13370.3125,31,240,10001,"[0, 100000]","[0, 100000]",0,0,11279,29394
yolov8x_training,876.245159,75,138.970,13370.3125,100,2490,10001,"[0, 100000]","[0, 100000]",0,0,1660,5468
yolov8x_training,877.287455,75,142.458,13370.3125,100,300,10001,"[0, 100000]","[0, 100000]",0,0,1025,32763
yolov8x_training,878.422220,74,138.641,13370.3125,100,255,10001,"[0, 100000]","[0, 100000]",0,0,11328,29101
yolov8x_training,879.464760,75,138.905,13370.3125,51,300,10001,"[0, 100000]","[0, 100000]",0,0,1562,5566
yolov8x_training,880.507138,75,139.612,13370.3125,100,210,10001,"[0, 100000]","[0, 100000]",0,0,4248,76220
yolov8x_training,881.628052,75,136.632,13370.3125,100,210,10001,"[0, 100000]","[0, 100000]",0,0,10058,36718
yolov8x_training,882.670763,75,137.898,13370.3125,100,240,10001,"[0, 100000]","[0, 100000]",0,0,1562,6542
yolov8x_training,883.713458,75,138.818,13370.3125,52,315,10001,"[0, 100000]","[0, 100000]",0,0,5224,94287
yolov8x_training,884.837379,73,138.356,13370.3125,100,300,10001,"[0, 100000]","[0, 100000]",0,0,11376,28955
yolov8x_training,885.879929,75,136.803,13370.3125,100,210,10001,"[0, 100000]","[0, 100000]",0,0,1513,6787
yolov8x_training,886.922361,75,137.344,13370.3125,100,285,10001,"[0, 100000]","[0, 100000]",0,0,781,6640
yolov8x_training,888.082030,75,133.193,13370.3125,96,225,10001,"[0, 100000]","[0, 100000]",0,0,10107,35986
yolov8x_training,889.124627,74,137.506,13370.3125,96,285,10001,"[0, 100000]","[0, 100000]",0,0,1464,6835
yolov8x_training,890.166896,75,139.414,13370.3125,100,285,10001,"[0, 100000]","[0, 100000]",0,0,488,3466
yolov8x_training,891.287879,76,139.186,13370.3125,100,225,10001,"[0, 100000]","[0, 100000]",0,0,11572,26318
yolov8x_training,892.330394,75,135.243,13370.3125,77,285,10001,"[0, 100000]","[0, 100000]",0,0,1562,6982
yolov8x_training,893.372688,75,137.930,13370.3125,96,240,10001,"[0, 100000]","[0, 100000]",0,0,683,5078
yolov8x_training,894.520113,75,137.796,13370.3125,100,1200,10001,"[0, 100000]","[0, 100000]",0,0,11279,29052
yolov8x_training,895.562710,73,140.960,13370.3125,100,270,10001,"[0, 100000]","[0, 100000]",0,0,1562,5273
yolov8x_training,896.604944,74,138.976,13370.3125,76,285,10001,"[0, 100000]","[0, 100000]",0,0,4443,88476
yolov8x_training,897.704611,75,139.156,13370.3125,97,240,10001,"[0, 100000]","[0, 100000]",0,0,10107,38427
yolov8x_training,898.747565,75,138.940,13370.3125,100,1252,10001,"[0, 100000]","[0, 100000]",0,0,1464,7080
yolov8x_training,899.790421,75,141.907,13370.3125,100,465,10001,"[0, 100000]","[0, 100000]",0,0,439,3173
yolov8x_training,900.941199,74,138.183,13370.3125,35,270,10001,"[0, 100000]","[0, 100000]",0,0,10107,38281
yolov8x_training,901.984491,75,138.761,13370.3125,96,300,10001,"[0, 100000]","[0, 100000]",0,0,1464,5224
yolov8x_training,903.027281,75,137.830,13370.3125,100,330,10001,"[0, 100000]","[0, 100000]",0,0,976,33740
yolov8x_training,904.161507,75,138.945,13370.3125,28,240,10001,"[0, 100000]","[0, 100000]",0,0,11181,28564
yolov8x_training,905.204322,75,139.194,13370.3125,96,225,10001,"[0, 100000]","[0, 100000]",0,0,1416,5664
yolov8x_training,906.247185,75,137.189,13370.3125,100,285,10001,"[0, 100000]","[0, 100000]",0,0,1025,4589
yolov8x_training,907.290253,75,136.178,13370.3125,100,330,10001,"[0, 100000]","[0, 100000]",0,0,341,292
yolov8x_training,908.393519,74,135.732,13370.3125,100,225,10001,"[0, 100000]","[0, 100000]",0,0,10058,38085
yolov8x_training,909.436646,75,138.505,13370.3125,31,315,10001,"[0, 100000]","[0, 100000]",0,0,1416,7421
yolov8x_training,910.479484,75,139.484,13370.3125,100,225,10001,"[0, 100000]","[0, 100000]",0,0,732,2197
yolov8x_training,911.605735,75,136.006,13370.3125,100,270,10001,"[0, 100000]","[0, 100000]",0,0,11132,30566
yolov8x_training,912.648656,75,137.481,13370.3125,100,270,10001,"[0, 100000]","[0, 100000]",0,0,1367,7324
yolov8x_training,913.691436,75,137.746,13370.3125,81,285,10001,"[0, 100000]","[0, 100000]",0,0,1025,3759
yolov8x_training,914.850371,73,139.843,13370.3125,100,270,10001,"[0, 100000]","[0, 100000]",0,0,10888,31933
yolov8x_training,915.893163,75,138.340,13370.3125,100,225,10001,"[0, 100000]","[0, 100000]",0,0,1416,7031
yolov8x_training,916.935941,75,137.378,13370.3125,100,270,10001,"[0, 100000]","[0, 100000]",0,0,927,1513
yolov8x_training,918.061390,75,133.990,13370.3125,99,735,10001,"[0, 100000]","[0, 100000]",0,0,11523,27001
yolov8x_training,919.104249,73,138.458,13370.3125,100,255,10001,"[0, 100000]","[0, 100000]",0,0,1464,5712
yolov8x_training,920.147079,75,138.295,13370.3125,100,225,10001,"[0, 100000]","[0, 100000]",0,0,976,1416
yolov8x_training,921.276507,76,138.484,13370.3125,100,255,10001,"[0, 100000]","[0, 100000]",0,0,11376,29150
yolov8x_training,922.319308,74,135.111,13370.3125,91,300,10001,"[0, 100000]","[0, 100000]",0,0,1367,6835
yolov8x_training,923.362136,75,137.790,13370.3125,96,255,10001,"[0, 100000]","[0, 100000]",0,0,1171,878
yolov8x_training,924.405015,75,136.705,13370.3125,100,1635,10001,"[0, 100000]","[0, 100000]",0,0,292,1036962
yolov8x_training,925.465981,74,131.844,13370.3125,100,2370,10001,"[0, 100000]","[0, 100000]",0,0,10205,37402
yolov8x_training,926.509063,73,138.887,13370.3125,100,225,10001,"[0, 100000]","[0, 100000]",0,0,1123,4492
yolov8x_training,927.552175,75,137.172,13370.3125,13,375,10001,"[0, 100000]","[0, 100000]",0,0,1171,6054
yolov8x_training,928.594985,75,138.957,13370.3125,100,315,10001,"[0, 100000]","[0, 100000]",0,0,341,341
yolov8x_training,929.637702,75,138.504,13370.3125,100,255,10001,"[0, 100000]","[0, 100000]",0,0,10742,22753
yolov8x_training,930.680553,75,139.128,13370.3125,100,240,10001,"[0, 100000]","[0, 100000]",0,0,1416,6933
yolov8x_training,931.723335,75,138.459,13370.3125,72,300,10001,"[0, 100000]","[0, 100000]",0,0,927,292
yolov8x_training,932.865053,73,138.525,13370.3125,100,270,10001,"[0, 100000]","[0, 100000]",0,0,10351,35107
yolov8x_training,933.907807,75,138.262,13370.3125,98,240,10001,"[0, 100000]","[0, 100000]",0,0,1464,6738
yolov8x_training,934.950527,75,138.926,13370.3125,100,270,10001,"[0, 100000]","[0, 100000]",0,0,634,2099
yolov8x_training,936.107733,75,135.499,13370.3125,67,210,10001,"[0, 100000]","[0, 100000]",0,0,11474,26318
yolov8x_training,937.150515,75,137.635,13370.3125,97,255,10001,"[0, 100000]","[0, 100000]",0,0,1562,5761
yolov8x_training,938.193364,75,138.540,13370.3125,100,330,10001,"[0, 100000]","[0, 100000]",0,0,976,488
yolov8x_training,939.320810,73,138.829,13370.3125,100,240,10001,"[0, 100000]","[0, 100000]",0,0,11474,26318
yolov8x_training,940.363792,74,136.842,13370.3125,57,270,10001,"[0, 100000]","[0, 100000]",0,0,1611,5712
yolov8x_training,941.406546,75,137.790,13370.3125,97,225,10001,"[0, 100000]","[0, 100000]",0,0,585,292
yolov8x_training,942.526326,75,137.347,13370.3125,100,1252,10001,"[0, 100000]","[0, 100000]",0,0,10156,37597
yolov8x_training,943.569327,73,139.245,13370.3125,100,270,10001,"[0, 100000]","[0, 100000]",0,0,1513,5371
yolov8x_training,944.612087,75,138.839,13370.3125,57,270,10001,"[0, 100000]","[0, 100000]",0,0,683,292
yolov8x_training,945.704900,75,139.599,13370.3125,97,225,10001,"[0, 100000]","[0, 100000]",0,0,10205,35009
yolov8x_training,946.747671,75,138.728,13370.3125,100,780,10001,"[0, 100000]","[0, 100000]",0,0,1562,6689
yolov8x_training,947.790596,75,140.007,13370.3125,100,630,10001,"[0, 100000]","[0, 100000]",0,0,878,390
yolov8x_training,948.918792,75,137.990,13370.3125,72,285,10001,"[0, 100000]","[0, 100000]",0,0,11669,24218
yolov8x_training,949.961610,75,138.065,13370.3125,97,315,10001,"[0, 100000]","[0, 100000]",0,0,1513,5664
yolov8x_training,951.004331,75,138.018,13370.3125,100,225,10001,"[0, 100000]","[0, 100000]",0,0,585,2441
yolov8x_training,952.167197,75,138.897,13370.3125,16,300,10001,"[0, 100000]","[0, 100000]",0,0,11279,27539
yolov8x_training,953.209995,75,138.430,13370.3125,98,210,10001,"[0, 100000]","[0, 100000]",0,0,1464,5615
yolov8x_training,954.252779,75,144.219,13370.3125,100,360,10001,"[0, 100000]","[0, 100000]",0,0,683,292
yolov8x_training,955.380550,74,140.104,13370.3125,100,270,10001,"[0, 100000]","[0, 100000]",0,0,10156,36816
yolov8x_training,956.423570,75,138.214,13370.3125,27,240,10001,"[0, 100000]","[0, 100000]",0,0,1416,8056
yolov8x_training,957.466312,75,139.783,13370.3125,100,270,10001,"[0, 100000]","[0, 100000]",0,0,1025,439
yolov8x_training,958.582026,75,136.209,13370.3125,100,270,10001,"[0, 100000]","[0, 100000]",0,0,10009,36425
yolov8x_training,959.625130,74,137.694,13370.3125,100,270,10001,"[0, 100000]","[0, 100000]",0,0,1269,6884
yolov8x_training,960.667906,75,139.397,13370.3125,51,210,10001,"[0, 100000]","[0, 100000]",0,0,634,2441
yolov8x_training,961.710842,74,135.235,13370.3125,81,315,10001,"[0, 100000]","[0, 100000]",0,0,341,292
yolov8x_training,962.795832,74,134.796,13370.3125,99,285,10001,"[0, 100000]","[0, 100000]",0,0,10693,32031
yolov8x_training,963.838683,74,133.456,13370.3125,100,315,10001,"[0, 100000]","[0, 100000]",0,0,1367,6640
yolov8x_training,964.881526,75,137.569,13370.3125,100,240,10001,"[0, 100000]","[0, 100000]",0,0,683,23925
yolov8x_training,966.029887,75,136.169,13370.3125,81,1095,10001,"[0, 100000]","[0, 100000]",0,0,10937,31933
yolov8x_training,967.072762,73,138.418,13370.3125,100,270,10001,"[0, 100000]","[0, 100000]",0,0,1513,5664
yolov8x_training,968.115566,75,138.036,13370.3125,100,285,10001,"[0, 100000]","[0, 100000]",0,0,4394,97216
yolov8x_training,969.233922,75,139.304,13370.3125,71,255,10001,"[0, 100000]","[0, 100000]",0,0,11230,29687
yolov8x_training,970.276760,75,137.234,13370.3125,100,1200,10001,"[0, 100000]","[0, 100000]",0,0,1416,6689
yolov8x_training,971.319584,75,137.553,13370.3125,100,315,10001,"[0, 100000]","[0, 100000]",0,0,634,24658
yolov8x_training,972.452203,75,138.055,13370.3125,100,255,10001,"[0, 100000]","[0, 100000]",0,0,11035,31005
yolov8x_training,973.495028,77,143.939,13370.3125,100,360,10001,"[0, 100000]","[0, 100000]",0,0,1416,5419
yolov8x_training,974.537855,75,139.705,13370.3125,100,330,10001,"[0, 100000]","[0, 100000]",0,0,4052,83154
yolov8x_training,975.645220,75,139.029,13370.3125,97,240,10001,"[0, 100000]","[0, 100000]",0,0,11767,24951
yolov8x_training,976.688051,75,137.710,13370.3125,100,225,10001,"[0, 100000]","[0, 100000]",0,0,1464,7568
yolov8x_training,977.730767,75,143.275,13370.3125,100,360,10001,"[0, 100000]","[0, 100000]",0,0,585,3076
yolov8x_training,978.891401,74,138.183,13370.3125,71,255,10001,"[0, 100000]","[0, 100000]",0,0,11376,29150
yolov8x_training,979.934150,75,138.400,13370.3125,97,225,10001,"[0, 100000]","[0, 100000]",0,0,1562,5224
yolov8x_training,980.976962,75,138.186,13370.3125,100,255,10001,"[0, 100000]","[0, 100000]",0,0,683,25097
yolov8x_training,982.117279,75,137.894,13370.3125,49,300,10001,"[0, 100000]","[0, 100000]",0,0,11328,28515
yolov8x_training,983.160026,75,137.658,13370.3125,97,285,10001,"[0, 100000]","[0, 100000]",0,0,1562,5029
yolov8x_training,984.202771,75,139.083,13370.3125,100,210,10001,"[0, 100000]","[0, 100000]",0,0,12744,36865
yolov8x_training,985.289632,74,138.694,13370.3125,100,255,10001,"[0, 100000]","[0, 100000]",0,0,11230,27734
yolov8x_training,986.332425,74,135.961,13370.3125,60,660,10001,"[0, 100000]","[0, 100000]",0,0,1562,5664
yolov8x_training,987.375193,75,138.160,13370.3125,97,240,10001,"[0, 100000]","[0, 100000]",0,0,4150,85156
yolov8x_training,988.511213,75,137.871,13370.3125,100,210,10001,"[0, 100000]","[0, 100000]",0,0,11767,25488
yolov8x_training,989.554093,73,139.063,13370.3125,100,510,10001,"[0, 100000]","[0, 100000]",0,0,1416,6054
yolov8x_training,990.597012,75,138.856,13370.3125,56,285,10001,"[0, 100000]","[0, 100000]",0,0,1025,68359
yolov8x_training,991.702244,75,139.118,13370.3125,97,240,10001,"[0, 100000]","[0, 100000]",0,0,11376,27490
yolov8x_training,992.745183,75,137.924,13370.3125,100,495,10001,"[0, 100000]","[0, 100000]",0,0,1562,7128
yolov8x_training,993.788021,75,138.342,13370.3125,100,465,10001,"[0, 100000]","[0, 100000]",0,0,634,6103
yolov8x_training,994.946838,75,139.412,13370.3125,13,255,10001,"[0, 100000]","[0, 100000]",0,0,10156,37646
yolov8x_training,995.990052,78,139.546,13370.3125,99,285,10001,"[0, 100000]","[0, 100000]",0,0,1416,5908
yolov8x_training,997.032815,75,139.265,13370.3125,100,285,10001,"[0, 100000]","[0, 100000]",0,0,1074,81298
yolov8x_training,998.151324,75,134.091,13370.3125,11,210,10001,"[0, 100000]","[0, 100000]",0,0,11425,27441
yolov8x_training,999.194284,75,137.862,13370.3125,96,240,10001,"[0, 100000]","[0, 100000]",0,0,1416,7568
yolov8x_training,1000.237114,75,138.474,13370.3125,100,375,10001,"[0, 100000]","[0, 100000]",0,0,976,33837
yolov8x_training,1001.384450,74,138.717,13370.3125,100,270,10001,"[0, 100000]","[0, 100000]",0,0,11230,29638
yolov8x_training,1002.427307,75,135.744,13370.3125,72,240,10001,"[0, 100000]","[0, 100000]",0,0,1416,7617
yolov8x_training,1003.470081,75,139.069,13370.3125,97,270,10001,"[0, 100000]","[0, 100000]",0,0,927,33496
yolov8x_training,1004.513054,75,131.312,13370.3125,100,285,10001,"[0, 100000]","[0, 100000]",0,0,2929,12060
yolov8x_training,1005.690169,76,132.006,13370.3125,100,2505,10001,"[0, 100000]","[0, 100000]",0,0,1220,5517
yolov8x_training,1006.732984,75,141.057,13370.3125,98,240,10001,"[0, 100000]","[0, 100000]",0,0,1220,4492
yolov8x_training,1007.776006,75,135.844,13370.3125,0,585,10001,"[0, 100000]","[0, 100000]",0,0,976,537
yolov8x_training,1008.960351,75,136.686,13370.3125,70,255,10001,"[0, 100000]","[0, 100000]",0,0,10449,33789
yolov8x_training,1010.003342,75,138.119,13370.3125,96,315,10001,"[0, 100000]","[0, 100000]",0,0,1367,7910
yolov8x_training,1011.046068,75,138.840,13370.3125,100,270,10001,"[0, 100000]","[0, 100000]",0,0,1025,1269
yolov8x_training,1012.182244,75,136.412,13370.3125,67,240,10001,"[0, 100000]","[0, 100000]",0,0,10205,37255
yolov8x_training,1013.225118,75,138.090,13370.3125,97,210,10001,"[0, 100000]","[0, 100000]",0,0,1367,7519
yolov8x_training,1014.268440,75,139.124,13370.3125,100,525,10001,"[0, 100000]","[0, 100000]",0,0,390,3027
yolov8x_training,1015.383968,74,138.351,13370.3125,100,225,10001,"[0, 100000]","[0, 100000]",0,0,10156,35791
yolov8x_training,1016.426787,75,136.706,13370.3125,64,255,10001,"[0, 100000]","[0, 100000]",0,0,1416,5712
yolov8x_training,1017.469536,75,137.176,13370.3125,96,210,10001,"[0, 100000]","[0, 100000]",0,0,1074,1708
yolov8x_training,1018.640049,75,133.573,13370.3125,100,240,10001,"[0, 100000]","[0, 100000]",0,0,10937,30175
yolov8x_training,1019.682817,75,136.895,13370.3125,100,240,10001,"[0, 100000]","[0, 100000]",0,0,1464,7617
yolov8x_training,1020.725530,75,138.870,13370.3125,40,285,10001,"[0, 100000]","[0, 100000]",0,0,781,1562
yolov8x_training,1021.843667,74,139.300,13370.3125,100,300,10001,"[0, 100000]","[0, 100000]",0,0,11230,29052
yolov8x_training,1022.886536,75,134.823,13370.3125,100,210,10001,"[0, 100000]","[0, 100000]",0,0,1416,6445
yolov8x_training,1023.929389,75,137.354,13370.3125,100,270,10001,"[0, 100000]","[0, 100000]",0,0,976,1367
yolov8x_training,1025.075500,75,138.737,13370.3125,100,765,10001,"[0, 100000]","[0, 100000]",0,0,10839,30126
yolov8x_training,1026.118324,74,140.914,13370.3125,100,255,10001,"[0, 100000]","[0, 100000]",0,0,1611,4785
yolov8x_training,1027.161173,75,138.825,13370.3125,100,255,10001,"[0, 100000]","[0, 100000]",0,0,634,2246
yolov8x_training,1028.279985,73,137.341,13370.3125,71,255,10001,"[0, 100000]","[0, 100000]",0,0,10156,37060
yolov8x_training,1029.323056,74,139.665,13370.3125,100,690,10001,"[0, 100000]","[0, 100000]",0,0,1611,4785
yolov8x_training,1030.365904,75,139.929,13370.3125,100,225,10001,"[0, 100000]","[0, 100000]",0,0,634,2294
yolov8x_training,1031.462686,75,138.294,13370.3125,100,225,10001,"[0, 100000]","[0, 100000]",0,0,10498,33642
yolov8x_training,1032.505601,74,137.805,13370.3125,40,315,10001,"[0, 100000]","[0, 100000]",0,0,1464,6884
yolov8x_training,1033.548436,75,139.154,13370.3125,100,285,10001,"[0, 100000]","[0, 100000]",0,0,878,1464
yolov8x_training,1034.680927,75,136.785,13370.3125,100,240,10001,"[0, 100000]","[0, 100000]",0,0,11328,29150
yolov8x_training,1035.724017,75,138.769,13370.3125,100,210,10001,"[0, 100000]","[0, 100000]",0,0,1611,5029
yolov8x_training,1036.767498,75,137.558,13370.3125,62,510,10001,"[0, 100000]","[0, 100000]",0,0,634,2246
yolov8x_training,1037.867285,74,139.409,13370.3125,100,255,10001,"[0, 100000]","[0, 100000]",0,0,11279,28564
yolov8x_training,1038.910155,75,136.633,13370.3125,100,270,10001,"[0, 100000]","[0, 100000]",0,0,1416,6884
yolov8x_training,1039.952939,75,136.792,13370.3125,100,285,10001,"[0, 100000]","[0, 100000]",0,0,1025,1367
yolov8x_training,1041.087605,75,139.352,13370.3125,100,990,10001,"[0, 100000]","[0, 100000]",0,0,11474,27783
yolov8x_training,1042.130394,74,138.406,13370.3125,100,255,10001,"[0, 100000]","[0, 100000]",0,0,1367,7275
yolov8x_training,1043.173188,75,138.558,13370.3125,100,300,10001,"[0, 100000]","[0, 100000]",0,0,976,1513
yolov8x_training,1044.310295,73,139.134,13370.3125,82,255,10001,"[0, 100000]","[0, 100000]",0,0,11572,26660
yolov8x_training,1045.353245,75,139.239,13370.3125,100,450,10001,"[0, 100000]","[0, 100000]",0,0,1562,4785
yolov8x_training,1046.396151,75,138.280,13370.3125,100,240,10001,"[0, 100000]","[0, 100000]",0,0,634,2197
yolov8x_training,1047.479770,75,138.900,13370.3125,100,210,10001,"[0, 100000]","[0, 100000]",0,0,10644,33935
yolov8x_training,1048.522633,73,138.784,13370.3125,51,375,10001,"[0, 100000]","[0, 100000]",0,0,1513,4736
yolov8x_training,1049.565495,75,139.072,13370.3125,100,300,10001,"[0, 100000]","[0, 100000]",0,0,927,488
yolov8x_training,1050.635115,75,135.730,13370.3125,100,210,10001,"[0, 100000]","[0, 100000]",0,0,10009,37548
yolov8x_training,1051.678451,75,138.935,13370.3125,100,240,10001,"[0, 100000]","[0, 100000]",0,0,1367,6445
yolov8x_training,1052.721268,75,138.519,13370.3125,42,360,10001,"[0, 100000]","[0, 100000]",0,0,537,3027
yolov8x_training,1053.848528,74,139.603,13370.3125,100,315,10001,"[0, 100000]","[0, 100000]",0,0,10449,34863
yolov8x_training,1054.891405,75,135.047,13370.3125,100,255,10001,"[0, 100000]","[0, 100000]",0,0,1464,5712
yolov8x_training,1055.934169,75,138.433,13370.3125,100,255,10001,"[0, 100000]","[0, 100000]",0,0,830,1464
yolov8x_training,1056.977248,75,129.956,13370.3125,30,210,10001,"[0, 100000]","[0, 100000]",0,0,341,318017
yolov8x_training,1058.080913,75,130.377,13370.3125,100,2505,10001,"[0, 100000]","[0, 100000]",0,0,10791,33398
yolov8x_training,1059.123890,74,137.686,13370.3125,97,255,10001,"[0, 100000]","[0, 100000]",0,0,1171,4980
yolov8x_training,1060.166653,75,139.241,13370.3125,100,300,10001,"[0, 100000]","[0, 100000]",0,0,1171,4052
yolov8x_training,1061.352082,74,139.501,13370.3125,100,315,10001,"[0, 100000]","[0, 100000]",0,0,10205,37500
yolov8x_training,1062.395012,75,137.528,13370.3125,52,255,10001,"[0, 100000]","[0, 100000]",0,0,1757,6689
yolov8x_training,1063.437779,75,137.411,13370.3125,97,285,10001,"[0, 100000]","[0, 100000]",0,0,732,2636
yolov8x_training,1064.573781,75,138.409,13370.3125,100,2025,10001,"[0, 100000]","[0, 100000]",0,0,11328,28125
yolov8x_training,1065.616816,75,139.112,13370.3125,100,240,10001,"[0, 100000]","[0, 100000]",0,0,1562,5810
yolov8x_training,1066.659654,75,139.078,13370.3125,22,225,10001,"[0, 100000]","[0, 100000]",0,0,830,1367
yolov8x_training,1067.793911,73,138.250,13370.3125,98,255,10001,"[0, 100000]","[0, 100000]",0,0,10107,36669
yolov8x_training,1068.836801,75,134.128,13370.3125,100,210,10001,"[0, 100000]","[0, 100000]",0,0,2246,5126
yolov8x_training,1069.879564,75,137.831,13370.3125,100,270,10001,"[0, 100000]","[0, 100000]",0,0,1123,1904
yolov8x_training,1071.045235,75,137.929,13370.3125,18,2415,10001,"[0, 100000]","[0, 100000]",0,0,11425,27685
yolov8x_training,1072.087987,74,140.944,13370.3125,100,270,10001,"[0, 100000]","[0, 100000]",0,0,2294,5175
yolov8x_training,1073.130790,75,138.861,13370.3125,100,255,10001,"[0, 100000]","[0, 100000]",0,0,1074,1171
yolov8x_training,1074.274915,73,138.198,13370.3125,69,270,10001,"[0, 100000]","[0, 100000]",0,0,12011,23779
yolov8x_training,1075.317652,75,139.946,13370.3125,100,645,10001,"[0, 100000]","[0, 100000]",0,0,1367,6201
yolov8x_training,1076.360460,75,139.763,13370.3125,100,285,10001,"[0, 100000]","[0, 100000]",0,0,976,1025
yolov8x_training,1077.467109,75,138.306,13370.3125,100,210,10001,"[0, 100000]","[0, 100000]",0,0,10058,36181
yolov8x_training,1078.509965,73,137.792,13370.3125,89,285,10001,"[0, 100000]","[0, 100000]",0,0,1318,6054
yolov8x_training,1079.552700,75,139.599,13370.3125,100,300,10001,"[0, 100000]","[0, 100000]",0,0,537,2734
yolov8x_training,1080.692263,75,137.045,13370.3125,100,240,10001,"[0, 100000]","[0, 100000]",0,0,11865,25390
yolov8x_training,1081.735065,75,137.727,13370.3125,100,210,10001,"[0, 100000]","[0, 100000]",0,0,1171,6884
yolov8x_training,1082.777849,75,142.570,13370.3125,94,465,10001,"[0, 100000]","[0, 100000]",0,0,537,2734
yolov8x_training,1083.900297,74,140.100,13370.3125,100,255,10001,"[0, 100000]","[0, 100000]",0,0,10205,35888
yolov8x_training,1084.943070,78,139.007,13370.3125,100,315,10001,"[0, 100000]","[0, 100000]",0,0,1171,6201
yolov8x_training,1085.985786,75,139.908,13370.3125,100,270,10001,"[0, 100000]","[0, 100000]",0,0,634,2392
yolov8x_training,1087.065748,75,139.994,13370.3125,92,1560,10001,"[0, 100000]","[0, 100000]",0,0,11279,28320
yolov8x_training,1088.108544,74,138.365,13370.3125,100,255,10001,"[0, 100000]","[0, 100000]",0,0,1562,5859
yolov8x_training,1089.151266,75,139.137,13370.3125,100,240,10001,"[0, 100000]","[0, 100000]",0,0,781,1367
yolov8x_training,1090.295700,75,138.169,13370.3125,92,270,10001,"[0, 100000]","[0, 100000]",0,0,10937,30273
yolov8x_training,1091.338481,75,134.112,13370.3125,84,210,10001,"[0, 100000]","[0, 100000]",0,0,1123,6005
yolov8x_training,1092.381224,75,137.862,13370.3125,97,225,10001,"[0, 100000]","[0, 100000]",0,0,927,1416
yolov8x_training,1093.516743,75,138.137,13370.3125,100,210,10001,"[0, 100000]","[0, 100000]",0,0,10009,37353
yolov8x_training,1094.559791,75,141.695,13370.3125,100,285,10001,"[0, 100000]","[0, 100000]",0,0,1123,6201
yolov8x_training,1095.602523,74,138.977,13370.3125,85,285,10001,"[0, 100000]","[0, 100000]",0,0,732,2246
yolov8x_training,1096.730455,75,138.922,13370.3125,97,240,10001,"[0, 100000]","[0, 100000]",0,0,11230,29931
yolov8x_training,1097.773258,75,138.294,13370.3125,100,2220,10001,"[0, 100000]","[0, 100000]",0,0,1855,6054
yolov8x_training,1098.816188,75,141.013,13370.3125,100,270,10001,"[0, 100000]","[0, 100000]",0,0,683,2392
yolov8x_training,1099.952911,75,138.064,13370.3125,71,255,10001,"[0, 100000]","[0, 100000]",0,0,11621,25634
yolov8x_training,1100.995729,75,138.507,13370.3125,96,315,10001,"[0, 100000]","[0, 100000]",0,0,1171,6103
yolov8x_training,1102.038458,75,139.089,13370.3125,100,300,10001,"[0, 100000]","[0, 100000]",0,0,976,1269
yolov8x_training,1103.191394,75,137.246,13370.3125,30,240,10001,"[0, 100000]","[0, 100000]",0,0,11230,29052
yolov8x_training,1104.234170,75,137.920,13370.3125,97,2280,10001,"[0, 100000]","[0, 100000]",0,0,1269,6689
yolov8x_training,1105.276916,75,144.392,13370.3125,100,540,10001,"[0, 100000]","[0, 100000]",0,0,390,3271
yolov8x_training,1106.419456,74,139.763,13370.3125,100,270,10001,"[0, 100000]","[0, 100000]",0,0,10400,34960
yolov8x_training,1107.462246,75,138.921,13370.3125,40,315,10001,"[0, 100000]","[0, 100000]",0,0,1220,6201
yolov8x_training,1108.505086,75,139.591,13370.3125,100,285,10001,"[0, 100000]","[0, 100000]",0,0,488,2734
yolov8x_training,1109.636568,75,135.711,13370.3125,100,300,10001,"[0, 100000]","[0, 100000]",0,0,11328,29101
yolov8x_training,1110.679618,75,137.576,13370.3125,100,240,10001,"[0, 100000]","[0, 100000]",0,0,1562,6445
yolov8x_training,1111.722420,75,138.475,13370.3125,63,375,10001,"[0, 100000]","[0, 100000]",0,0,1220,878
yolov8x_training,1112.898921,73,138.706,13370.3125,100,240,10001,"[0, 100000]","[0, 100000]",0,0,11376,29003
yolov8x_training,1113.942093,75,137.919,13370.3125,98,210,10001,"[0, 100000]","[0, 100000]",0,0,1269,6201
yolov8x_training,1114.984900,75,137.974,13370.3125,100,240,10001,"[0, 100000]","[0, 100000]",0,0,1171,927
yolov8x_training,1116.125307,75,135.414,13370.3125,78,270,10001,"[0, 100000]","[0, 100000]",0,0,11425,29980
yolov8x_training,1117.168157,74,138.282,13370.3125,97,225,10001,"[0, 100000]","[0, 100000]",0,0,1123,6005
yolov8x_training,1118.211026,75,137.441,13370.3125,100,315,10001,"[0, 100000]","[0, 100000]",0,0,1123,2929
yolov8x_training,1119.254107,74,135.882,13370.3125,100,270,10001,"[0, 100000]","[0, 100000]",0,0,89843,20556
yolov8x_training,1120.449951,75,139.449,13370.3125,81,285,10001,"[0, 100000]","[0, 100000]",0,0,1269,4638
yolov8x_training,1121.492839,75,139.794,13370.3125,100,300,10001,"[0, 100000]","[0, 100000]",0,0,1171,4052
yolov8x_training,1122.679096,75,138.866,13370.3125,100,225,10001,"[0, 100000]","[0, 100000]",0,0,10937,30859
yolov8x_training,1123.721847,75,137.416,13370.3125,100,300,10001,"[0, 100000]","[0, 100000]",0,0,1757,6005
yolov8x_training,1124.764547,75,142.412,13370.3125,100,435,10001,"[0, 100000]","[0, 100000]",0,0,1220,634
yolov8x_training,1125.898779,74,139.119,13370.3125,100,225,10001,"[0, 100000]","[0, 100000]",0,0,12158,21630
yolov8x_training,1126.941577,75,139.317,13370.3125,98,240,10001,"[0, 100000]","[0, 100000]",0,0,1318,6250
yolov8x_training,1127.984407,75,138.794,13370.3125,100,270,10001,"[0, 100000]","[0, 100000]",0,0,537,2685
yolov8x_training,1129.105803,75,133.953,13370.3125,97,900,10001,"[0, 100000]","[0, 100000]",0,0,10644,31884
yolov8x_training,1130.148622,74,138.018,13370.3125,98,300,10001,"[0, 100000]","[0, 100000]",0,0,1708,6103
yolov8x_training,1131.191362,75,139.382,13370.3125,100,210,10001,"[0, 100000]","[0, 100000]",0,0,537,2880
yolov8x_training,1132.331249,76,138.723,13370.3125,100,255,10001,"[0, 100000]","[0, 100000]",0,0,11181,28662
yolov8x_training,1133.374365,75,136.386,13370.3125,49,255,10001,"[0, 100000]","[0, 100000]",0,0,1123,6640
yolov8x_training,1134.417135,75,137.894,13370.3125,97,255,10001,"[0, 100000]","[0, 100000]",0,0,537,2880
yolov8x_training,1135.528650,75,139.627,13370.3125,100,2505,10001,"[0, 100000]","[0, 100000]",0,0,11376,28857
yolov8x_training,1136.571603,73,141.176,13370.3125,100,315,10001,"[0, 100000]","[0, 100000]",0,0,1269,6152
yolov8x_training,1137.614363,75,138.797,13370.3125,56,285,10001,"[0, 100000]","[0, 100000]",0,0,488,2734
yolov8x_training,1138.738912,75,139.273,13370.3125,97,210,10001,"[0, 100000]","[0, 100000]",0,0,11865,24560
yolov8x_training,1139.782159,75,137.764,13370.3125,100,2460,10001,"[0, 100000]","[0, 100000]",0,0,1123,6005
yolov8x_training,1140.824898,75,140.358,13370.3125,100,270,10001,"[0, 100000]","[0, 100000]",0,0,732,2343
yolov8x_training,1141.938257,74,138.269,13370.3125,38,240,10001,"[0, 100000]","[0, 100000]",0,0,10156,37158
yolov8x_training,1142.981222,75,137.860,13370.3125,97,360,10001,"[0, 100000]","[0, 100000]",0,0,1855,6054
yolov8x_training,1144.024068,75,140.275,13370.3125,100,330,10001,"[0, 100000]","[0, 100000]",0,0,781,1318
yolov8x_training,1145.173082,75,137.672,13370.3125,35,225,10001,"[0, 100000]","[0, 100000]",0,0,10302,34667
yolov8x_training,1146.215983,75,137.740,13370.3125,97,210,10001,"[0, 100000]","[0, 100000]",0,0,1318,6201
yolov8x_training,1147.258807,75,144.182,13370.3125,100,315,10001,"[0, 100000]","[0, 100000]",0,0,927,927
yolov8x_training,1148.391781,73,140.497,13370.3125,100,240,10001,"[0, 100000]","[0, 100000]",0,0,10498,35449
yolov8x_training,1149.434601,75,138.174,13370.3125,24,225,10001,"[0, 100000]","[0, 100000]",0,0,1318,6494
yolov8x_training,1150.477416,75,139.659,13370.3125,100,270,10001,"[0, 100000]","[0, 100000]",0,0,585,2539
yolov8x_training,1151.566283,75,136.988,13370.3125,100,1410,10001,"[0, 100000]","[0, 100000]",0,0,11425,26953
yolov8x_training,1152.609072,74,137.704,13370.3125,100,270,10001,"[0, 100000]","[0, 100000]",0,0,1318,6787
yolov8x_training,1153.651913,75,134.290,13370.3125,0,375,10001,"[0, 100000]","[0, 100000]",0,0,1025,3906
yolov8x_training,1154.694913,74,136.533,13370.3125,56,270,10001,"[0, 100000]","[0, 100000]",0,0,292,292
yolov8x_training,1155.817055,73,135.127,13370.3125,99,270,10001,"[0, 100000]","[0, 100000]",0,0,10205,36621
yolov8x_training,1156.860015,74,135.148,13370.3125,100,210,10001,"[0, 100000]","[0, 100000]",0,0,1269,6933
yolov8x_training,1157.902770,75,136.901,13370.3125,100,210,10001,"[0, 100000]","[0, 100000]",0,0,488,2832
yolov8x_training,1159.046690,75,139.198,13370.3125,41,2175,10001,"[0, 100000]","[0, 100000]",0,0,11718,24023
yolov8x_training,1160.089478,73,138.936,13370.3125,100,300,10001,"[0, 100000]","[0, 100000]",0,0,1416,7861
yolov8x_training,1161.132231,75,138.618,13370.3125,100,210,10001,"[0, 100000]","[0, 100000]",0,0,537,2636
yolov8x_training,1162.267294,75,139.243,13370.3125,91,270,10001,"[0, 100000]","[0, 100000]",0,0,11425,27441
yolov8x_training,1163.310073,75,139.919,13370.3125,100,2190,10001,"[0, 100000]","[0, 100000]",0,0,1562,5078
yolov8x_training,1164.352933,75,139.588,13370.3125,100,300,10001,"[0, 100000]","[0, 100000]",0,0,439,292
yolov8x_training,1165.471585,74,138.818,13370.3125,100,240,10001,"[0, 100000]","[0, 100000]",0,0,10693,30810
yolov8x_training,1166.514479,75,138.148,13370.3125,88,375,10001,"[0, 100000]","[0, 100000]",0,0,1464,6884
yolov8x_training,1167.557246,76,139.618,13370.3125,100,300,10001,"[0, 100000]","[0, 100000]",0,0,781,1660
yolov8x_training,1168.717963,75,139.169,13370.3125,99,210,10001,"[0, 100000]","[0, 100000]",0,0,10302,34472
yolov8x_training,1169.760961,75,138.462,13370.3125,100,210,10001,"[0, 100000]","[0, 100000]",0,0,1611,4736
yolov8x_training,1170.803743,75,142.877,13370.3125,100,300,10001,"[0, 100000]","[0, 100000]",0,0,781,292
yolov8x_training,1171.921785,74,139.393,13370.3125,100,240,10001,"[0, 100000]","[0, 100000]",0,0,11669,24365
yolov8x_training,1172.964670,75,138.602,13370.3125,96,240,10001,"[0, 100000]","[0, 100000]",0,0,1464,7275
yolov8x_training,1174.007617,75,138.942,13370.3125,100,255,10001,"[0, 100000]","[0, 100000]",0,0,634,2148
yolov8x_training,1175.171906,75,137.456,13370.3125,31,210,10001,"[0, 100000]","[0, 100000]",0,0,9863,37792
yolov8x_training,1176.215252,75,135.317,13370.3125,100,225,10001,"[0, 100000]","[0, 100000]",0,0,1416,6738
yolov8x_training,1177.258068,75,141.073,13370.3125,100,525,10001,"[0, 100000]","[0, 100000]",0,0,1074,1416
yolov8x_training,1178.435121,74,139.076,13370.3125,100,285,10001,"[0, 100000]","[0, 100000]",0,0,11230,27587
yolov8x_training,1179.478187,75,138.528,13370.3125,51,315,10001,"[0, 100000]","[0, 100000]",0,0,1220,6933
yolov8x_training,1180.521027,75,139.930,13370.3125,100,255,10001,"[0, 100000]","[0, 100000]",0,0,537,2636
yolov8x_training,1181.670929,75,139.042,13370.3125,100,300,10001,"[0, 100000]","[0, 100000]",0,0,10644,31298
yolov8x_training,1182.713820,75,139.005,13370.3125,100,255,10001,"[0, 100000]","[0, 100000]",0,0,1367,6884
yolov8x_training,1183.757025,75,136.982,13370.3125,95,285,10001,"[0, 100000]","[0, 100000]",0,0,1074,4003
yolov8x_training,1184.800032,75,133.912,13370.3125,0,330,10001,"[0, 100000]","[0, 100000]",0,0,292,292
yolov8x_training,1185.842795,74,135.992,13370.3125,41,285,10001,"[0, 100000]","[0, 100000]",0,0,2587,6005
yolov8x_training,1187.025360,75,141.417,13370.3125,100,390,10001,"[0, 100000]","[0, 100000]",0,0,2050,7421
yolov8x_training,1188.068277,75,138.540,13370.3125,100,270,10001,"[0, 100000]","[0, 100000]",0,0,1171,3515
yolov8x_training,1189.263731,75,139.198,13370.3125,72,255,10001,"[0, 100000]","[0, 100000]",0,0,10253,36035
yolov8x_training,1190.306698,75,137.443,13370.3125,100,2370,10001,"[0, 100000]","[0, 100000]",0,0,1367,7958
yolov8x_training,1191.349548,75,138.100,13370.3125,100,285,10001,"[0, 100000]","[0, 100000]",0,0,683,25341
yolov8x_training,1192.510413,75,137.267,13370.3125,100,225,10001,"[0, 100000]","[0, 100000]",0,0,10009,37695
yolov8x_training,1193.553846,76,143.357,13370.3125,100,300,10001,"[0, 100000]","[0, 100000]",0,0,1416,5566
yolov8x_training,1194.596660,75,138.875,13370.3125,84,300,10001,"[0, 100000]","[0, 100000]",0,0,4736,94433
yolov8x_training,1195.719631,75,138.420,13370.3125,97,240,10001,"[0, 100000]","[0, 100000]",0,0,12011,24511
yolov8x_training,1196.762613,74,131.064,13370.3125,100,2505,10001,"[0, 100000]","[0, 100000]",0,0,1269,5615
yolov8x_training,1197.805821,75,134.129,13370.3125,100,270,10001,"[0, 100000]","[0, 100000]",0,0,1220,3466
yolov8x_training,1198.848940,75,143.406,13370.3125,97,390,10001,"[0, 100000]","[0, 100000]",0,0,341,292
yolov8x_training,1199.891510,73,139.566,13370.3125,100,270,10001,"[0, 100000]","[0, 100000]",0,0,11083,9765
yolov8x_training,1200.934241,75,139.115,13370.3125,97,270,10001,"[0, 100000]","[0, 100000]",0,0,1416,5712
yolov8x_training,1201.977007,75,139.152,13370.3125,100,270,10001,"[0, 100000]","[0, 100000]",0,0,878,1318
yolov8x_training,1203.087291,75,134.198,13370.3125,84,630,10001,"[0, 100000]","[0, 100000]",0,0,11181,28515
yolov8x_training,1204.130074,74,138.028,13370.3125,97,270,10001,"[0, 100000]","[0, 100000]",0,0,1416,7373
yolov8x_training,1205.172790,75,139.111,13370.3125,100,240,10001,"[0, 100000]","[0, 100000]",0,0,976,1367
yolov8x_training,1206.327914,75,138.663,13370.3125,100,255,10001,"[0, 100000]","[0, 100000]",0,0,11230,28466
yolov8x_training,1207.370686,74,136.396,13370.3125,61,210,10001,"[0, 100000]","[0, 100000]",0,0,1513,5322
yolov8x_training,1208.413418,75,137.332,13370.3125,97,240,10001,"[0, 100000]","[0, 100000]",0,0,488,2929
yolov8x_training,1209.544247,75,138.229,13370.3125,100,2505,10001,"[0, 100000]","[0, 100000]",0,0,10205,35644
yolov8x_training,1210.587044,73,138.912,13370.3125,100,270,10001,"[0, 100000]","[0, 100000]",0,0,1464,5664
yolov8x_training,1211.629969,75,138.276,13370.3125,12,210,10001,"[0, 100000]","[0, 100000]",0,0,1171,878
yolov8x_training,1212.771804,77,139.572,13370.3125,100,255,10001,"[0, 100000]","[0, 100000]",0,0,10986,30810
yolov8x_training,1213.814791,75,133.509,13370.3125,100,2355,10001,"[0, 100000]","[0, 100000]",0,0,1171,13476
yolov8x_training,1214.857765,75,125.978,13370.3125,100,2505,10001,"[0, 100000]","[0, 100000]",0,0,1171,4052
yolov8x_training,1215.900889,75,135.757,13370.3125,100,240,10001,"[0, 100000]","[0, 100000]",0,0,927,1318
yolov8x_training,1216.943811,75,134.489,13370.3125,71,360,10001,"[0, 100000]","[0, 100000]",0,0,3857,6005
yolov8x_training,1218.129662,74,137.799,13370.3125,98,285,10001,"[0, 100000]","[0, 100000]",0,0,1220,10888
yolov8x_training,1219.172413,75,138.292,13370.3125,100,315,10001,"[0, 100000]","[0, 100000]",0,0,1074,3759
yolov8x_training,1220.342300,73,139.253,13370.3125,100,225,10001,"[0, 100000]","[0, 100000]",0,0,10156,35156
yolov8x_training,1221.385192,75,133.913,13370.3125,9,270,10001,"[0, 100000]","[0, 100000]",0,0,1269,6054
yolov8x_training,1222.427947,75,137.064,13370.3125,96,240,10001,"[0, 100000]","[0, 100000]",0,0,439,2783
yolov8x_training,1223.546764,75,138.906,13370.3125,100,2460,10001,"[0, 100000]","[0, 100000]",0,0,10986,30712
yolov8x_training,1224.589636,73,141.140,13370.3125,100,285,10001,"[0, 100000]","[0, 100000]",0,0,1464,6005
yolov8x_training,1225.632482,75,139.695,13370.3125,100,255,10001,"[0, 100000]","[0, 100000]",0,0,976,1318
yolov8x_training,1226.783638,77,138.503,13370.3125,96,240,10001,"[0, 100000]","[0, 100000]",0,0,11425,28662
yolov8x_training,1227.826525,74,138.489,13370.3125,100,1080,10001,"[0, 100000]","[0, 100000]",0,0,1220,6396
yolov8x_training,1228.869272,75,141.476,13370.3125,100,240,10001,"[0, 100000]","[0, 100000]",0,0,830,1416
yolov8x_training,1230.008696,75,137.806,13370.3125,74,210,10001,"[0, 100000]","[0, 100000]",0,0,10986,31103
yolov8x_training,1231.051547,73,138.079,13370.3125,96,300,10001,"[0, 100000]","[0, 100000]",0,0,1806,6005
yolov8x_training,1232.094357,75,140.669,13370.3125,100,285,10001,"[0, 100000]","[0, 100000]",0,0,1025,976
yolov8x_training,1233.248929,75,138.413,13370.3125,26,210,10001,"[0, 100000]","[0, 100000]",0,0,11767,26269
yolov8x_training,1234.291896,75,138.534,13370.3125,100,2325,10001,"[0, 100000]","[0, 100000]",0,0,1318,6494
yolov8x_training,1235.334652,75,144.137,13370.3125,100,300,10001,"[0, 100000]","[0, 100000]",0,0,878,1367
yolov8x_training,1236.475924,74,139.893,13370.3125,100,255,10001,"[0, 100000]","[0, 100000]",0,0,11279,27832
yolov8x_training,1237.518745,73,136.344,13370.3125,26,270,10001,"[0, 100000]","[0, 100000]",0,0,1171,5468
yolov8x_training,1238.561621,74,140.016,13370.3125,100,270,10001,"[0, 100000]","[0, 100000]",0,0,1123,3417
yolov8x_training,1239.750570,75,138.778,13370.3125,100,240,10001,"[0, 100000]","[0, 100000]",0,0,11425,27539
yolov8x_training,1240.793463,75,137.746,13370.3125,100,2220,10001,"[0, 100000]","[0, 100000]",0,0,1171,6152
yolov8x_training,1241.836211,75,143.421,13370.3125,100,315,10001,"[0, 100000]","[0, 100000]",0,0,683,2197
yolov8x_training,1242.940138,74,139.337,13370.3125,99,240,10001,"[0, 100000]","[0, 100000]",0,0,11718,23876
yolov8x_training,1243.982982,76,139.514,13370.3125,100,315,10001,"[0, 100000]","[0, 100000]",0,0,1318,6591
yolov8x_training,1245.025757,75,138.633,13370.3125,100,225,10001,"[0, 100000]","[0, 100000]",0,0,488,2978
yolov8x_training,1246.142851,75,137.539,13370.3125,100,330,10001,"[0, 100000]","[0, 100000]",0,0,11767,26171
yolov8x_training,1247.185580,74,137.512,13370.3125,100,255,10001,"[0, 100000]","[0, 100000]",0,0,1318,6396
yolov8x_training,1248.228342,75,138.743,13370.3125,100,300,10001,"[0, 100000]","[0, 100000]",0,0,634,2343
yolov8x_training,1249.365328,73,138.270,13370.3125,88,240,10001,"[0, 100000]","[0, 100000]",0,0,11376,27050
yolov8x_training,1250.408120,75,134.323,13370.3125,85,210,10001,"[0, 100000]","[0, 100000]",0,0,1269,6494
yolov8x_training,1251.451003,75,137.736,13370.3125,97,255,10001,"[0, 100000]","[0, 100000]",0,0,537,2734
yolov8x_training,1252.552355,75,139.326,13370.3125,100,2175,10001,"[0, 100000]","[0, 100000]",0,0,10693,31347
yolov8x_training,1253.595147,74,142.208,13370.3125,100,255,10001,"[0, 100000]","[0, 100000]",0,0,1074,12011
yolov8x_training,1254.638107,75,138.277,13370.3125,73,255,10001,"[0, 100000]","[0, 100000]",0,0,1123,4296
yolov8x_training,1255.799755,73,138.690,13370.3125,97,270,10001,"[0, 100000]","[0, 100000]",0,0,11425,27294
yolov8x_training,1256.842535,75,136.884,13370.3125,100,720,10001,"[0, 100000]","[0, 100000]",0,0,2099,5224
yolov8x_training,1257.885322,75,137.994,13370.3125,100,240,10001,"[0, 100000]","[0, 100000]",0,0,1123,2148
yolov8x_training,1259.051345,75,137.686,13370.3125,23,210,10001,"[0, 100000]","[0, 100000]",0,0,11474,27343
yolov8x_training,1260.094131,73,138.096,13370.3125,100,330,10001,"[0, 100000]","[0, 100000]",0,0,1269,6445
yolov8x_training,1261.136899,75,139.013,13370.3125,100,225,10001,"[0, 100000]","[0, 100000]",0,0,1123,1367
yolov8x_training,1262.281154,77,138.696,13370.3125,22,270,10001,"[0, 100000]","[0, 100000]",0,0,10644,33398
yolov8x_training,1263.324007,74,137.896,13370.3125,100,1980,10001,"[0, 100000]","[0, 100000]",0,0,1318,6054
yolov8x_training,1264.366714,75,140.268,13370.3125,100,270,10001,"[0, 100000]","[0, 100000]",0,0,439,2783
yolov8x_training,1265.485772,74,138.617,13370.3125,100,210,10001,"[0, 100000]","[0, 100000]",0,0,9814,37255
yolov8x_training,1266.528992,73,138.799,13370.3125,69,330,10001,"[0, 100000]","[0, 100000]",0,0,1269,6347
yolov8x_training,1267.571826,74,138.518,13370.3125,100,300,10001,"[0, 100000]","[0, 100000]",0,0,585,2685
yolov8x_training,1268.728666,75,136.714,13370.3125,100,225,10001,"[0, 100000]","[0, 100000]",0,0,11621,26269
yolov8x_training,1269.771686,75,136.878,13370.3125,100,2505,10001,"[0, 100000]","[0, 100000]",0,0,1367,6054
yolov8x_training,1270.814520,75,142.417,13370.3125,91,555,10001,"[0, 100000]","[0, 100000]",0,0,585,2392
yolov8x_training,1271.907645,74,140.042,13370.3125,100,240,10001,"[0, 100000]","[0, 100000]",0,0,11376,28613
yolov8x_training,1272.950428,75,138.737,13370.3125,100,240,10001,"[0, 100000]","[0, 100000]",0,0,1171,6298
yolov8x_training,1273.993263,75,139.037,13370.3125,100,270,10001,"[0, 100000]","[0, 100000]",0,0,585,2392
yolov8x_training,1275.136676,75,137.054,13370.3125,100,675,10001,"[0, 100000]","[0, 100000]",0,0,10253,35546
yolov8x_training,1276.179467,74,138.469,13370.3125,99,210,10001,"[0, 100000]","[0, 100000]",0,0,1318,7080
yolov8x_training,1277.222176,75,138.587,13370.3125,100,210,10001,"[0, 100000]","[0, 100000]",0,0,927,781
yolov8x_training,1278.312366,73,138.886,13370.3125,81,270,10001,"[0, 100000]","[0, 100000]",0,0,10888,31591
yolov8x_training,1279.355170,75,136.076,13370.3125,100,240,10001,"[0, 100000]","[0, 100000]",0,0,1318,6591
yolov8x_training,1280.397935,75,138.921,13370.3125,100,240,10001,"[0, 100000]","[0, 100000]",0,0,585,2685
yolov8x_training,1281.522126,75,138.168,13370.3125,100,240,10001,"[0, 100000]","[0, 100000]",0,0,11572,25292
yolov8x_training,1282.565018,73,137.480,13370.3125,100,255,10001,"[0, 100000]","[0, 100000]",0,0,1855,6054
yolov8x_training,1283.607836,75,139.529,13370.3125,100,285,10001,"[0, 100000]","[0, 100000]",0,0,1171,1074
yolov8x_training,1284.744418,77,138.602,13370.3125,97,255,10001,"[0, 100000]","[0, 100000]",0,0,11279,27099
yolov8x_training,1285.787187,74,138.524,13370.3125,100,2190,10001,"[0, 100000]","[0, 100000]",0,0,1513,6640
yolov8x_training,1286.830007,75,141.418,13370.3125,100,285,10001,"[0, 100000]","[0, 100000]",0,0,1269,634
yolov8x_training,1287.961079,74,139.407,13370.3125,85,240,10001,"[0, 100000]","[0, 100000]",0,0,10107,34716
yolov8x_training,1289.003901,74,138.162,13370.3125,97,330,10001,"[0, 100000]","[0, 100000]",0,0,2099,5957
yolov8x_training,1290.046657,74,139.094,13370.3125,100,315,10001,"[0, 100000]","[0, 100000]",0,0,1220,1074
yolov8x_training,1291.176408,75,136.143,13370.3125,63,240,10001,"[0, 100000]","[0, 100000]",0,0,11230,28125
yolov8x_training,1292.219189,75,138.336,13370.3125,97,210,10001,"[0, 100000]","[0, 100000]",0,0,1269,7031
yolov8x_training,1293.261896,75,138.760,13370.3125,100,375,10001,"[0, 100000]","[0, 100000]",0,0,781,1708
yolov8x_training,1294.368178,74,139.169,13370.3125,100,330,10001,"[0, 100000]","[0, 100000]",0,0,12060,22021
yolov8x_training,1295.411102,75,136.723,13370.3125,57,210,10001,"[0, 100000]","[0, 100000]",0,0,1318,6494
yolov8x_training,1296.453841,75,137.830,13370.3125,97,270,10001,"[0, 100000]","[0, 100000]",0,0,976,1367
yolov8x_training,1297.588197,75,138.534,13370.3125,100,1740,10001,"[0, 100000]","[0, 100000]",0,0,11328,29150
yolov8x_training,1298.631035,74,139.444,13370.3125,100,240,10001,"[0, 100000]","[0, 100000]",0,0,1318,6005
yolov8x_training,1299.673731,75,138.464,13370.3125,36,255,10001,"[0, 100000]","[0, 100000]",0,0,927,1318
yolov8x_training,1300.794277,73,139.247,13370.3125,97,255,10001,"[0, 100000]","[0, 100000]",0,0,10742,31787
yolov8x_training,1301.837275,75,132.206,13370.3125,100,1560,10001,"[0, 100000]","[0, 100000]",0,0,1171,4687
yolov8x_training,1302.881425,75,132.324,13370.3125,100,2505,10001,"[0, 100000]","[0, 100000]",0,0,1123,6054
yolov8x_training,1303.924338,75,139.892,13370.3125,100,210,10001,"[0, 100000]","[0, 100000]",0,0,341,292
yolov8x_training,1305.047079,75,136.549,13370.3125,52,390,10001,"[0, 100000]","[0, 100000]",0,0,11328,28076
yolov8x_training,1306.089835,73,143.259,13370.3125,99,615,10001,"[0, 100000]","[0, 100000]",0,0,1513,6689
yolov8x_training,1307.132742,75,139.175,13370.3125,100,270,10001,"[0, 100000]","[0, 100000]",0,0,585,2587
yolov8x_training,1308.306739,73,138.703,13370.3125,62,240,10001,"[0, 100000]","[0, 100000]",0,0,11328,28125
yolov8x_training,1309.349569,74,138.745,13370.3125,100,2070,10001,"[0, 100000]","[0, 100000]",0,0,1562,5859
yolov8x_training,1310.392446,75,139.830,13370.3125,100,285,10001,"[0, 100000]","[0, 100000]",0,0,1025,781
yolov8x_training,1311.543262,75,136.961,13370.3125,100,210,10001,"[0, 100000]","[0, 100000]",0,0,11328,27343
yolov8x_training,1312.586074,73,143.178,13370.3125,92,420,10001,"[0, 100000]","[0, 100000]",0,0,1513,5322
yolov8x_training,1313.628880,75,140.040,13370.3125,100,285,10001,"[0, 100000]","[0, 100000]",0,0,781,292
yolov8x_training,1314.729439,75,139.180,13370.3125,100,225,10001,"[0, 100000]","[0, 100000]",0,0,11132,28076
yolov8x_training,1315.772261,75,139.232,13370.3125,100,210,10001,"[0, 100000]","[0, 100000]",0,0,1416,6689
yolov8x_training,1316.815037,75,141.222,13370.3125,91,600,10001,"[0, 100000]","[0, 100000]",0,0,585,2441
yolov8x_training,1317.947896,74,139.739,13370.3125,100,240,10001,"[0, 100000]","[0, 100000]",0,0,11718,24169
yolov8x_training,1318.990690,75,139.369,13370.3125,96,315,10001,"[0, 100000]","[0, 100000]",0,0,1513,7128
yolov8x_training,1320.033554,75,139.089,13370.3125,100,255,10001,"[0, 100000]","[0, 100000]",0,0,830,1611
yolov8x_training,1321.197961,75,135.507,13370.3125,54,270,10001,"[0, 100000]","[0, 100000]",0,0,11425,25732
yolov8x_training,1322.240792,75,137.917,13370.3125,96,225,10001,"[0, 100000]","[0, 100000]",0,0,1416,5126
yolov8x_training,1323.283613,75,139.316,13370.3125,100,285,10001,"[0, 100000]","[0, 100000]",0,0,927,292
yolov8x_training,1324.428031,73,138.285,13370.3125,100,255,10001,"[0, 100000]","[0, 100000]",0,0,10546,30273
yolov8x_training,1325.470838,75,137.847,13370.3125,22,240,10001,"[0, 100000]","[0, 100000]",0,0,1611,5029
yolov8x_training,1326.513650,75,138.057,13370.3125,98,270,10001,"[0, 100000]","[0, 100000]",0,0,1025,732
yolov8x_training,1327.661443,75,133.633,13370.3125,100,225,10001,"[0, 100000]","[0, 100000]",0,0,10253,36425
yolov8x_training,1328.704322,75,137.112,13370.3125,100,270,10001,"[0, 100000]","[0, 100000]",0,0,1416,6640
yolov8x_training,1329.747120,74,139.191,13370.3125,30,315,10001,"[0, 100000]","[0, 100000]",0,0,634,2246
yolov8x_training,1330.880091,73,138.574,13370.3125,100,285,10001,"[0, 100000]","[0, 100000]",0,0,10888,28906
yolov8x_training,1331.922909,74,137.190,13370.3125,100,240,10001,"[0, 100000]","[0, 100000]",0,0,1416,6494
yolov8x_training,1332.965824,75,138.419,13370.3125,100,255,10001,"[0, 100000]","[0, 100000]",0,0,878,1269
yolov8x_training,1334.087845,75,139.121,13370.3125,47,2100,10001,"[0, 100000]","[0, 100000]",0,0,9863,38720
yolov8x_training,1335.130816,73,140.834,13370.3125,100,285,10001,"[0, 100000]","[0, 100000]",0,0,1513,5224
yolov8x_training,1336.173559,74,138.319,13370.3125,100,210,10001,"[0, 100000]","[0, 100000]",0,0,976,830
yolov8x_training,1337.331424,75,139.476,13370.3125,81,255,10001,"[0, 100000]","[0, 100000]",0,0,10986,28710
yolov8x_training,1338.374232,75,134.618,13370.3125,100,705,10001,"[0, 100000]","[0, 100000]",0,0,1416,6542
yolov8x_training,1339.417005,75,137.561,13370.3125,98,225,10001,"[0, 100000]","[0, 100000]",0,0,634,2148
yolov8x_training,1340.577237,74,137.041,13370.3125,100,2490,10001,"[0, 100000]","[0, 100000]",0,0,10986,30078
yolov8x_training,1341.620121,75,140.870,13370.3125,100,285,10001,"[0, 100000]","[0, 100000]",0,0,1416,7275
yolov8x_training,1342.662896,75,138.403,13370.3125,54,210,10001,"[0, 100000]","[0, 100000]",0,0,488,2929
yolov8x_training,1343.816416,75,139.066,13370.3125,96,270,10001,"[0, 100000]","[0, 100000]",0,0,10351,34960
yolov8x_training,1344.859174,75,135.476,13370.3125,100,645,10001,"[0, 100000]","[0, 100000]",0,0,1416,5664
yolov8x_training,1345.902008,75,137.070,13370.3125,100,240,10001,"[0, 100000]","[0, 100000]",0,0,634,2539
yolov8x_training,1347.016175,74,139.144,13370.3125,22,210,10001,"[0, 100000]","[0, 100000]",0,0,10986,29394
yolov8x_training,1348.058941,75,144.887,13370.3125,97,375,10001,"[0, 100000]","[0, 100000]",0,0,1611,5712
yolov8x_training,1349.101742,75,139.893,13370.3125,100,315,10001,"[0, 100000]","[0, 100000]",0,0,537,292
yolov8x_training,1350.143913,75,138.587,13370.3125,0,225,10001,"[0, 100000]","[0, 100000]",0,0,90576,23681
yolov8x_training,1351.314503,75,127.609,13370.3125,49,1860,10001,"[0, 100000]","[0, 100000]",0,0,1171,6640
yolov8x_training,1352.357848,75,130.389,13370.3125,100,2505,10001,"[0, 100000]","[0, 100000]",0,0,1074,4785
yolov8x_training,1353.400833,75,137.930,13370.3125,98,240,10001,"[0, 100000]","[0, 100000]",0,0,683,25830
yolov8x_training,1354.544254,75,137.817,13370.3125,100,2340,10001,"[0, 100000]","[0, 100000]",0,0,11181,28906
yolov8x_training,1355.587278,76,142.500,13370.3125,100,555,10001,"[0, 100000]","[0, 100000]",0,0,1464,6787
yolov8x_training,1356.630174,75,139.156,13370.3125,99,270,10001,"[0, 100000]","[0, 100000]",0,0,1074,61230
yolov8x_training,1357.770579,75,138.972,13370.3125,98,210,10001,"[0, 100000]","[0, 100000]",0,0,11474,26806
yolov8x_training,1358.813418,75,137.830,13370.3125,100,2505,10001,"[0, 100000]","[0, 100000]",0,0,1367,7177
yolov8x_training,1359.856260,75,140.427,13370.3125,100,285,10001,"[0, 100000]","[0, 100000]",0,0,634,21777
yolov8x_training,1361.017039,74,137.009,13370.3125,30,225,10001,"[0, 100000]","[0, 100000]",0,0,10009,37402
yolov8x_training,1362.059960,75,139.742,13370.3125,97,375,10001,"[0, 100000]","[0, 100000]",0,0,1513,5126
yolov8x_training,1363.102783,75,138.899,13370.3125,100,315,10001,"[0, 100000]","[0, 100000]",0,0,976,84521
yolov8x_training,1364.240119,75,138.964,13370.3125,19,240,10001,"[0, 100000]","[0, 100000]",0,0,10351,37109
yolov8x_training,1365.283116,75,139.282,13370.3125,100,210,10001,"[0, 100000]","[0, 100000]",0,0,1464,5761
yolov8x_training,1366.326122,75,144.160,13370.3125,100,300,10001,"[0, 100000]","[0, 100000]",0,0,1074,47607
yolov8x_training,1367.468986,74,137.610,13370.3125,100,270,10001,"[0, 100000]","[0, 100000]",0,0,10888,31103
yolov8x_training,1368.511767,75,138.700,13370.3125,51,330,10001,"[0, 100000]","[0, 100000]",0,0,1416,7617
yolov8x_training,1369.554518,75,138.740,13370.3125,100,315,10001,"[0, 100000]","[0, 100000]",0,0,390,3271
yolov8x_training,1370.694538,75,138.420,13370.3125,100,210,10001,"[0, 100000]","[0, 100000]",0,0,10253,36083
yolov8x_training,1371.737576,75,138.636,13370.3125,100,270,10001,"[0, 100000]","[0, 100000]",0,0,1367,7080
yolov8x_training,1372.780411,75,138.414,13370.3125,89,360,10001,"[0, 100000]","[0, 100000]",0,0,830,26269
yolov8x_training,1373.952952,74,138.579,13370.3125,100,270,10001,"[0, 100000]","[0, 100000]",0,0,10107,36621
yolov8x_training,1374.995942,75,138.674,13370.3125,95,240,10001,"[0, 100000]","[0, 100000]",0,0,1416,6396
yolov8x_training,1376.038847,75,139.319,13370.3125,100,255,10001,"[0, 100000]","[0, 100000]",0,0,976,34814
yolov8x_training,1377.185071,75,136.532,13370.3125,37,210,10001,"[0, 100000]","[0, 100000]",0,0,10058,37646
yolov8x_training,1378.228126,75,138.778,13370.3125,96,225,10001,"[0, 100000]","[0, 100000]",0,0,1464,5908
yolov8x_training,1379.271109,74,137.750,13370.3125,100,360,10001,"[0, 100000]","[0, 100000]",0,0,878,27587
yolov8x_training,1380.397990,73,139.815,13370.3125,100,300,10001,"[0, 100000]","[0, 100000]",0,0,11328,29101
yolov8x_training,1381.440730,75,138.884,13370.3125,25,240,10001,"[0, 100000]","[0, 100000]",0,0,1416,7373
yolov8x_training,1382.483589,75,137.861,13370.3125,98,285,10001,"[0, 100000]","[0, 100000]",0,0,634,3125
yolov8x_training,1383.643394,75,134.506,13370.3125,100,315,10001,"[0, 100000]","[0, 100000]",0,0,10302,35058
yolov8x_training,1384.686181,74,138.629,13370.3125,100,255,10001,"[0, 100000]","[0, 100000]",0,0,1660,5175
yolov8x_training,1385.728968,74,138.262,13370.3125,21,315,10001,"[0, 100000]","[0, 100000]",0,0,634,4492
yolov8x_training,1386.851945,73,139.001,13370.3125,100,210,10001,"[0, 100000]","[0, 100000]",0,0,11328,27929
yolov8x_training,1387.895036,74,136.038,13370.3125,100,285,10001,"[0, 100000]","[0, 100000]",0,0,1464,7714
yolov8x_training,1388.937791,75,136.928,13370.3125,100,240,10001,"[0, 100000]","[0, 100000]",0,0,634,2734
yolov8x_training,1390.088819,75,138.528,13370.3125,76,2280,10001,"[0, 100000]","[0, 100000]",0,0,10107,37939
yolov8x_training,1391.132121,73,139.800,13370.3125,100,345,10001,"[0, 100000]","[0, 100000]",0,0,1464,5224
yolov8x_training,1392.174822,75,137.665,13370.3125,100,270,10001,"[0, 100000]","[0, 100000]",0,0,976,36035
yolov8x_training,1393.292373,75,139.175,13370.3125,91,255,10001,"[0, 100000]","[0, 100000]",0,0,11425,29150
yolov8x_training,1394.335328,75,138.950,13370.3125,100,2340,10001,"[0, 100000]","[0, 100000]",0,0,1416,6738
yolov8x_training,1395.378126,75,138.279,13370.3125,100,255,10001,"[0, 100000]","[0, 100000]",0,0,634,11767
yolov8x_training,1396.541289,74,137.598,13370.3125,100,210,10001,"[0, 100000]","[0, 100000]",0,0,10058,37011
yolov8x_training,1397.584261,76,142.704,13370.3125,100,285,10001,"[0, 100000]","[0, 100000]",0,0,1513,5664
yolov8x_training,1398.627093,75,139.086,13370.3125,85,300,10001,"[0, 100000]","[0, 100000]",0,0,1123,77148
yolov8x_training,1399.670010,75,139.560,13370.3125,95,225,10001,"[0, 100000]","[0, 100000]",0,0,3222,74658
yolov8x_training,1400.847020,75,130.084,13370.3125,100,1575,10001,"[0, 100000]","[0, 100000]",0,0,1025,4589
yolov8x_training,1401.889992,75,127.886,13370.3125,100,2505,10001,"[0, 100000]","[0, 100000]",0,0,1123,5078
yolov8x_training,1402.932983,75,139.404,13370.3125,100,210,10001,"[0, 100000]","[0, 100000]",0,0,341,341
yolov8x_training,1404.018552,74,137.247,13370.3125,16,210,10001,"[0, 100000]","[0, 100000]",0,0,9960,38574
yolov8x_training,1405.062073,77,142.665,13370.3125,99,345,10001,"[0, 100000]","[0, 100000]",0,0,1367,7519
yolov8x_training,1406.104783,74,138.805,13370.3125,100,270,10001,"[0, 100000]","[0, 100000]",0,0,781,2099
yolov8x_training,1407.235591,75,138.723,13370.3125,31,240,10001,"[0, 100000]","[0, 100000]",0,0,9472,39697
yolov8x_training,1408.278568,75,138.617,13370.3125,100,210,10001,"[0, 100000]","[0, 100000]",0,0,1367,7861
yolov8x_training,1409.321344,75,140.847,13370.3125,100,255,10001,"[0, 100000]","[0, 100000]",0,0,1123,1757
yolov8x_training,1410.466416,74,138.897,13370.3125,100,225,10001,"[0, 100000]","[0, 100000]",0,0,10205,37060
yolov8x_training,1411.509564,73,134.223,13370.3125,65,690,10001,"[0, 100000]","[0, 100000]",0,0,1171,7861
yolov8x_training,1412.555153,75,136.089,13370.3125,0,255,10001,"[0, 100000]","[0, 100000]",0,0,1074,5566
yolov8x_training,1413.598153,75,135.399,13370.3125,100,315,10001,"[0, 100000]","[0, 100000]",0,0,1074,341
yolov8x_training,1414.641713,75,135.095,13370.3125,94,240,10001,"[0, 100000]","[0, 100000]",0,0,4541,66601
yolov8x_training,1415.815026,75,133.595,13370.3125,100,1560,10001,"[0, 100000]","[0, 100000]",0,0,1611,9277
yolov8x_training,1416.857951,75,138.464,13370.3125,100,255,10001,"[0, 100000]","[0, 100000]",0,0,1123,4345
yolov8x_training,1418.020384,74,139.392,13370.3125,22,210,10001,"[0, 100000]","[0, 100000]",0,0,11230,28173
yolov8x_training,1419.063158,73,142.075,13370.3125,99,525,10001,"[0, 100000]","[0, 100000]",0,0,1220,6054
yolov8x_training,1420.105904,74,139.201,13370.3125,100,270,10001,"[0, 100000]","[0, 100000]",0,0,781,2294
yolov8x_training,1421.234422,75,139.194,13370.3125,32,225,10001,"[0, 100000]","[0, 100000]",0,0,10498,32568
yolov8x_training,1422.277211,75,137.109,13370.3125,100,2505,10001,"[0, 100000]","[0, 100000]",0,0,2197,4785
yolov8x_training,1423.320098,75,140.102,13370.3125,100,345,10001,"[0, 100000]","[0, 100000]",0,0,1123,1904
yolov8x_training,1424.439717,74,138.620,13370.3125,100,240,10001,"[0, 100000]","[0, 100000]",0,0,11523,27880
yolov8x_training,1425.482516,75,139.207,13370.3125,79,315,10001,"[0, 100000]","[0, 100000]",0,0,2001,6250
yolov8x_training,1426.525329,75,139.735,13370.3125,100,225,10001,"[0, 100000]","[0, 100000]",0,0,1123,878
yolov8x_training,1427.672576,75,137.490,13370.3125,100,300,10001,"[0, 100000]","[0, 100000]",0,0,10742,31884
yolov8x_training,1428.715326,75,137.290,13370.3125,100,255,10001,"[0, 100000]","[0, 100000]",0,0,1855,6445
yolov8x_training,1429.758222,75,143.710,13370.3125,100,375,10001,"[0, 100000]","[0, 100000]",0,0,1123,1074
yolov8x_training,1430.904444,73,139.536,13370.3125,100,300,10001,"[0, 100000]","[0, 100000]",0,0,11328,28320
yolov8x_training,1431.947247,75,139.018,13370.3125,97,315,10001,"[0, 100000]","[0, 100000]",0,0,1562,8349
yolov8x_training,1432.990079,75,137.644,13370.3125,100,255,10001,"[0, 100000]","[0, 100000]",0,0,1074,3173
yolov8x_training,1434.138287,75,136.650,13370.3125,61,225,10001,"[0, 100000]","[0, 100000]",0,0,10058,37695
yolov8x_training,1435.181202,74,139.485,13370.3125,97,270,10001,"[0, 100000]","[0, 100000]",0,0,1220,6396
yolov8x_training,1436.224039,75,137.103,13370.3125,100,315,10001,"[0, 100000]","[0, 100000]",0,0,1171,1025
yolov8x_training,1437.389514,73,138.726,13370.3125,100,240,10001,"[0, 100000]","[0, 100000]",0,0,10302,33496
yolov8x_training,1438.432543,75,138.538,13370.3125,21,210,10001,"[0, 100000]","[0, 100000]",0,0,2050,6201
yolov8x_training,1439.475500,75,137.838,13370.3125,100,255,10001,"[0, 100000]","[0, 100000]",0,0,1025,1171
yolov8x_training,1440.634215,75,134.045,13370.3125,100,1920,10001,"[0, 100000]","[0, 100000]",0,0,11181,27783
yolov8x_training,1441.677046,74,138.205,13370.3125,100,255,10001,"[0, 100000]","[0, 100000]",0,0,1318,5957
yolov8x_training,1442.719766,74,138.163,13370.3125,41,255,10001,"[0, 100000]","[0, 100000]",0,0,537,2441
yolov8x_training,1443.847129,74,138.542,13370.3125,100,270,10001,"[0, 100000]","[0, 100000]",0,0,9960,37158
yolov8x_training,1444.890211,75,137.905,13370.3125,100,210,10001,"[0, 100000]","[0, 100000]",0,0,2001,6250
yolov8x_training,1445.933068,75,137.340,13370.3125,100,240,10001,"[0, 100000]","[0, 100000]",0,0,1123,1513
yolov8x_training,1447.086594,75,137.925,13370.3125,89,2505,10001,"[0, 100000]","[0, 100000]",0,0,9960,38427
yolov8x_training,1448.130122,73,137.424,13370.3125,97,255,10001,"[0, 100000]","[0, 100000]",0,0,2001,5859
yolov8x_training,1449.172940,75,138.308,13370.3125,100,255,10001,"[0, 100000]","[0, 100000]",0,0,1171,2392
yolov8x_training,1450.328843,76,139.074,13370.3125,100,270,10001,"[0, 100000]","[0, 100000]",0,0,11181,27734
yolov8x_training,1451.371691,75,136.528,13370.3125,100,615,10001,"[0, 100000]","[0, 100000]",0,0,1904,6445
yolov8x_training,1452.414681,75,138.122,13370.3125,100,240,10001,"[0, 100000]","[0, 100000]",0,0,1220,1074
yolov8x_training,1453.564795,75,137.658,13370.3125,100,315,10001,"[0, 100000]","[0, 100000]",0,0,11328,27929
yolov8x_training,1454.607952,73,138.616,13370.3125,91,270,10001,"[0, 100000]","[0, 100000]",0,0,1220,6152
yolov8x_training,1455.650805,74,140.041,13370.3125,100,270,10001,"[0, 100000]","[0, 100000]",0,0,488,2880
yolov8x_training,1456.693929,75,134.522,13370.3125,94,240,10001,"[0, 100000]","[0, 100000]",0,0,292,292
yolov8x_training,1457.852962,73,133.999,13370.3125,100,240,10001,"[0, 100000]","[0, 100000]",0,0,11035,29882
yolov8x_training,1458.895889,75,133.833,13370.3125,100,675,10001,"[0, 100000]","[0, 100000]",0,0,1416,7666
yolov8x_training,1459.938622,75,139.762,13370.3125,100,240,10001,"[0, 100000]","[0, 100000]",0,0,585,2587
yolov8x_training,1461.101491,74,137.109,13370.3125,46,2475,10001,"[0, 100000]","[0, 100000]",0,0,10253,34912
yolov8x_training,1462.144269,73,142.624,13370.3125,100,270,10001,"[0, 100000]","[0, 100000]",0,0,1513,5957
yolov8x_training,1463.187152,75,139.940,13370.3125,100,270,10001,"[0, 100000]","[0, 100000]",0,0,976,634
yolov8x_training,1464.316850,76,138.772,13370.3125,39,225,10001,"[0, 100000]","[0, 100000]",0,0,11376,27978
yolov8x_training,1465.359677,75,138.607,13370.3125,100,1725,10001,"[0, 100000]","[0, 100000]",0,0,1416,7128
yolov8x_training,1466.402452,75,142.885,13370.3125,100,285,10001,"[0, 100000]","[0, 100000]",0,0,830,1367
yolov8x_training,1467.556777,74,137.312,13370.3125,100,450,10001,"[0, 100000]","[0, 100000]",0,0,10742,31005
yolov8x_training,1468.599556,73,139.800,13370.3125,62,480,10001,"[0, 100000]","[0, 100000]",0,0,1464,5859
yolov8x_training,1469.642307,75,138.568,13370.3125,100,285,10001,"[0, 100000]","[0, 100000]",0,0,976,878
yolov8x_training,1470.795926,75,138.626,13370.3125,100,225,10001,"[0, 100000]","[0, 100000]",0,0,11376,26953
yolov8x_training,1471.839070,75,138.975,13370.3125,100,2205,10001,"[0, 100000]","[0, 100000]",0,0,1416,6689
yolov8x_training,1472.882082,75,144.321,13370.3125,100,270,10001,"[0, 100000]","[0, 100000]",0,0,634,2343
yolov8x_training,1474.022376,74,138.440,13370.3125,94,210,10001,"[0, 100000]","[0, 100000]",0,0,10839,29101
yolov8x_training,1475.065140,76,138.901,13370.3125,96,375,10001,"[0, 100000]","[0, 100000]",0,0,1416,6689
yolov8x_training,1476.107944,74,138.498,13370.3125,100,300,10001,"[0, 100000]","[0, 100000]",0,0,976,781
yolov8x_training,1477.250453,75,136.722,13370.3125,46,225,10001,"[0, 100000]","[0, 100000]",0,0,11962,23339
yolov8x_training,1478.293437,75,138.237,13370.3125,96,210,10001,"[0, 100000]","[0, 100000]",0,0,1464,6005
yolov8x_training,1479.336330,75,138.022,13370.3125,100,360,10001,"[0, 100000]","[0, 100000]",0,0,878,1171
yolov8x_training,1480.475575,74,138.347,13370.3125,100,270,10001,"[0, 100000]","[0, 100000]",0,0,10302,35156
yolov8x_training,1481.518637,75,138.463,13370.3125,24,300,10001,"[0, 100000]","[0, 100000]",0,0,1416,6835
yolov8x_training,1482.561450,75,139.081,13370.3125,96,270,10001,"[0, 100000]","[0, 100000]",0,0,976,732
yolov8x_training,1483.712039,75,133.644,13370.3125,100,225,10001,"[0, 100000]","[0, 100000]",0,0,10156,36181
yolov8x_training,1484.754983,75,137.217,13370.3125,100,255,10001,"[0, 100000]","[0, 100000]",0,0,1318,7177
yolov8x_training,1485.797846,75,139.497,13370.3125,32,360,10001,"[0, 100000]","[0, 100000]",0,0,634,2099
yolov8x_training,1486.939917,74,139.409,13370.3125,100,255,10001,"[0, 100000]","[0, 100000]",0,0,11718,24169
yolov8x_training,1487.982727,75,135.662,13370.3125,100,210,10001,"[0, 100000]","[0, 100000]",0,0,1464,5664
yolov8x_training,1489.025501,75,137.451,13370.3125,100,270,10001,"[0, 100000]","[0, 100000]",0,0,439,2734
yolov8x_training,1490.068398,75,133.519,13370.3125,71,225,10001,"[0, 100000]","[0, 100000]",0,0,1855,66455
yolov8x_training,1491.232667,75,136.599,13370.3125,97,210,10001,"[0, 100000]","[0, 100000]",0,0,1562,9863
yolov8x_training,1492.275463,75,138.484,13370.3125,100,480,10001,"[0, 100000]","[0, 100000]",0,0,1123,3857
yolov8x_training,1493.318393,74,139.276,13370.3125,100,270,10001,"[0, 100000]","[0, 100000]",0,0,4443,72460
yolov8x_training,1494.491930,75,139.085,13370.3125,20,210,10001,"[0, 100000]","[0, 100000]",0,0,1416,7128
yolov8x_training,1495.534655,75,138.888,13370.3125,97,270,10001,"[0, 100000]","[0, 100000]",0,0,585,2587
yolov8x_training,1496.673982,75,135.669,13370.3125,100,210,10001,"[0, 100000]","[0, 100000]",0,0,10937,29833
yolov8x_training,1497.716794,74,138.126,13370.3125,100,240,10001,"[0, 100000]","[0, 100000]",0,0,1416,6640
yolov8x_training,1498.759764,75,138.376,13370.3125,26,225,10001,"[0, 100000]","[0, 100000]",0,0,927,781
yolov8x_training,1499.909106,73,138.900,13370.3125,98,255,10001,"[0, 100000]","[0, 100000]",0,0,10058,36474
yolov8x_training,1500.952063,75,134.745,13370.3125,100,210,10001,"[0, 100000]","[0, 100000]",0,0,1367,6982
yolov8x_training,1501.994891,75,139.043,13370.3125,100,270,10001,"[0, 100000]","[0, 100000]",0,0,927,830
yolov8x_training,1503.139446,75,137.179,13370.3125,100,1410,10001,"[0, 100000]","[0, 100000]",0,0,11132,28466
yolov8x_training,1504.182218,74,140.649,13370.3125,100,270,10001,"[0, 100000]","[0, 100000]",0,0,1562,4736
yolov8x_training,1505.225054,74,138.293,13370.3125,100,210,10001,"[0, 100000]","[0, 100000]",0,0,537,292
yolov8x_training,1506.314973,73,138.843,13370.3125,57,225,10001,"[0, 100000]","[0, 100000]",0,0,10888,30957
yolov8x_training,1507.357795,74,138.480,13370.3125,100,1965,10001,"[0, 100000]","[0, 100000]",0,0,1367,7080
yolov8x_training,1508.400625,74,141.498,13370.3125,100,270,10001,"[0, 100000]","[0, 100000]",0,0,537,3027
yolov8x_training,1509.531726,74,138.807,13370.3125,100,210,10001,"[0, 100000]","[0, 100000]",0,0,10986,28906
yolov8x_training,1510.574545,73,137.486,13370.3125,62,510,10001,"[0, 100000]","[0, 100000]",0,0,1416,6933
yolov8x_training,1511.617315,75,139.530,13370.3125,100,285,10001,"[0, 100000]","[0, 100000]",0,0,634,2197
yolov8x_training,1512.763306,75,138.713,13370.3125,100,240,10001,"[0, 100000]","[0, 100000]",0,0,11328,27441
yolov8x_training,1513.806098,75,138.542,13370.3125,100,1110,10001,"[0, 100000]","[0, 100000]",0,0,1513,5957
yolov8x_training,1514.849070,75,140.676,13370.3125,82,570,10001,"[0, 100000]","[0, 100000]",0,0,1074,537
yolov8x_training,1515.892080,74,139.472,13370.3125,100,255,10001,"[0, 100000]","[0, 100000]",0,0,1220,78564
yolov8x_training,1517.075389,73,138.612,13370.3125,96,300,10001,"[0, 100000]","[0, 100000]",0,0,1562,7373
yolov8x_training,1518.118156,75,138.617,13370.3125,100,285,10001,"[0, 100000]","[0, 100000]",0,0,634,2050
yolov8x_training,1519.258598,75,138.525,13370.3125,21,240,10001,"[0, 100000]","[0, 100000]",0,0,10205,33886
yolov8x_training,1520.301641,75,138.727,13370.3125,97,1095,10001,"[0, 100000]","[0, 100000]",0,0,1464,6542
yolov8x_training,1521.344337,75,141.129,13370.3125,100,435,10001,"[0, 100000]","[0, 100000]",0,0,1025,927
yolov8x_training,1522.488491,74,139.587,13370.3125,100,300,10001,"[0, 100000]","[0, 100000]",0,0,10156,34716
yolov8x_training,1523.531325,78,139.498,13370.3125,13,285,10001,"[0, 100000]","[0, 100000]",0,0,1416,5615
yolov8x_training,1524.574110,75,138.835,13370.3125,100,225,10001,"[0, 100000]","[0, 100000]",0,0,1025,878
yolov8x_training,1525.717388,75,135.338,13370.3125,100,210,10001,"[0, 100000]","[0, 100000]",0,0,10400,32421
yolov8x_training,1526.760393,75,138.269,13370.3125,100,240,10001,"[0, 100000]","[0, 100000]",0,0,1416,6542
yolov8x_training,1527.803118,75,138.604,13370.3125,45,360,10001,"[0, 100000]","[0, 100000]",0,0,585,2441
yolov8x_training,1528.958911,74,139.228,13370.3125,100,270,10001,"[0, 100000]","[0, 100000]",0,0,10058,36523
yolov8x_training,1530.002081,75,138.406,13370.3125,100,240,10001,"[0, 100000]","[0, 100000]",0,0,1318,6298
yolov8x_training,1531.044935,75,139.360,13370.3125,100,270,10001,"[0, 100000]","[0, 100000]",0,0,1074,439
yolov8x_training,1532.176738,75,134.000,13370.3125,100,315,10001,"[0, 100000]","[0, 100000]",0,0,11328,26123
yolov8x_training,1533.219516,74,136.833,13370.3125,97,225,10001,"[0, 100000]","[0, 100000]",0,0,1464,5957
yolov8x_training,1534.262239,75,138.462,13370.3125,100,225,10001,"[0, 100000]","[0, 100000]",0,0,927,1123
yolov8x_training,1535.415971,74,138.609,13370.3125,100,255,10001,"[0, 100000]","[0, 100000]",0,0,10205,36669
yolov8x_training,1536.458842,75,135.424,13370.3125,59,240,10001,"[0, 100000]","[0, 100000]",0,0,1464,6494
yolov8x_training,1537.501561,75,137.935,13370.3125,98,255,10001,"[0, 100000]","[0, 100000]",0,0,830,1318
yolov8x_training,1538.632834,75,139.881,13370.3125,100,1560,10001,"[0, 100000]","[0, 100000]",0,0,10888,29199
yolov8x_training,1539.675613,74,140.152,13370.3125,100,285,10001,"[0, 100000]","[0, 100000]",0,0,1611,4785
yolov8x_training,1540.718379,74,138.532,13370.3125,58,210,10001,"[0, 100000]","[0, 100000]",0,0,1025,292
yolov8x_training,1541.854799,75,139.090,13370.3125,97,225,10001,"[0, 100000]","[0, 100000]",0,0,11279,27783
yolov8x_training,1542.897557,75,136.158,13370.3125,100,1095,10001,"[0, 100000]","[0, 100000]",0,0,1416,6884
yolov8x_training,1543.940329,75,136.754,13370.3125,100,240,10001,"[0, 100000]","[0, 100000]",0,0,634,2099
yolov8x_training,1545.099988,74,136.828,13370.3125,22,2505,10001,"[0, 100000]","[0, 100000]",0,0,10693,29345
yolov8x_training,1546.142765,76,142.232,13370.3125,100,270,10001,"[0, 100000]","[0, 100000]",0,0,1416,6689
yolov8x_training,1547.185886,74,139.296,13370.3125,100,285,10001,"[0, 100000]","[0, 100000]",0,0,927,488
yolov8x_training,1548.305783,75,139.065,13370.3125,51,210,10001,"[0, 100000]","[0, 100000]",0,0,11962,22558
yolov8x_training,1549.349452,75,137.969,13370.3125,100,2475,10001,"[0, 100000]","[0, 100000]",0,0,1562,4345
yolov8x_training,1550.392212,75,141.484,13370.3125,100,270,10001,"[0, 100000]","[0, 100000]",0,0,781,292
yolov8x_training,1551.514892,74,139.153,13370.3125,100,285,10001,"[0, 100000]","[0, 100000]",0,0,10107,36328
yolov8x_training,1552.557925,75,138.814,13370.3125,52,375,10001,"[0, 100000]","[0, 100000]",0,0,1416,7861
yolov8x_training,1553.600610,75,139.165,13370.3125,100,315,10001,"[0, 100000]","[0, 100000]",0,0,927,927
yolov8x_training,1554.720111,75,137.587,13370.3125,100,255,10001,"[0, 100000]","[0, 100000]",0,0,11376,27001
yolov8x_training,1555.763160,75,137.124,13370.3125,100,225,10001,"[0, 100000]","[0, 100000]",0,0,1513,7177
yolov8x_training,1556.806009,75,138.514,13370.3125,65,300,10001,"[0, 100000]","[0, 100000]",0,0,732,2490
yolov8x_training,1557.980532,73,139.592,13370.3125,100,300,10001,"[0, 100000]","[0, 100000]",0,0,11669,25341
yolov8x_training,1559.023308,75,138.588,13370.3125,95,315,10001,"[0, 100000]","[0, 100000]",0,0,1464,6982
yolov8x_training,1560.066179,75,139.606,13370.3125,100,255,10001,"[0, 100000]","[0, 100000]",0,0,830,1318
yolov8x_training,1561.219367,75,135.798,13370.3125,55,270,10001,"[0, 100000]","[0, 100000]",0,0,12109,21240
yolov8x_training,1562.262136,74,138.596,13370.3125,97,240,10001,"[0, 100000]","[0, 100000]",0,0,1416,5322
yolov8x_training,1563.304846,74,137.452,13370.3125,100,360,10001,"[0, 100000]","[0, 100000]",0,0,976,537
yolov8x_training,1564.453486,73,139.089,13370.3125,100,240,10001,"[0, 100000]","[0, 100000]",0,0,10107,34765
yolov8x_training,1565.496429,75,138.248,13370.3125,19,240,10001,"[0, 100000]","[0, 100000]",0,0,1513,6542
yolov8x_training,1566.539675,75,139.003,13370.3125,96,270,10001,"[0, 100000]","[0, 100000]",0,0,976,292
yolov8x_training,1567.644353,74,133.550,13370.3125,100,615,10001,"[0, 100000]","[0, 100000]",0,0,10742,30566
yolov8x_training,1568.687151,73,138.044,13370.3125,100,225,10001,"[0, 100000]","[0, 100000]",0,0,1416,7714
yolov8x_training,1569.729897,74,138.078,13370.3125,16,255,10001,"[0, 100000]","[0, 100000]",0,0,439,2832
yolov8x_training,1570.885107,76,138.976,13370.3125,100,270,10001,"[0, 100000]","[0, 100000]",0,0,9912,36279
yolov8x_training,1571.928146,75,135.203,13370.3125,100,210,10001,"[0, 100000]","[0, 100000]",0,0,1513,5615
yolov8x_training,1572.970914,75,138.010,13370.3125,100,240,10001,"[0, 100000]","[0, 100000]",0,0,634,2441
yolov8x_training,1574.119565,74,138.561,13370.3125,31,2400,10001,"[0, 100000]","[0, 100000]",0,0,11279,28076
yolov8x_training,1575.162334,73,139.002,13370.3125,100,300,10001,"[0, 100000]","[0, 100000]",0,0,1416,7763
yolov8x_training,1576.205139,75,139.096,13370.3125,100,225,10001,"[0, 100000]","[0, 100000]",0,0,585,2441
yolov8x_training,1577.332233,75,139.231,13370.3125,92,255,10001,"[0, 100000]","[0, 100000]",0,0,11181,27294
yolov8x_training,1578.375072,75,138.009,13370.3125,100,2040,10001,"[0, 100000]","[0, 100000]",0,0,1416,6884
yolov8x_training,1579.417756,75,137.475,13370.3125,100,270,10001,"[0, 100000]","[0, 100000]",0,0,634,2441
yolov8x_training,1580.568278,74,138.125,13370.3125,100,210,10001,"[0, 100000]","[0, 100000]",0,0,11181,28125
yolov8x_training,1581.611367,77,144.037,13370.3125,100,435,10001,"[0, 100000]","[0, 100000]",0,0,1416,6738
yolov8x_training,1582.654183,74,137.665,13370.3125,91,270,10001,"[0, 100000]","[0, 100000]",0,0,781,1953
yolov8x_training,1583.818228,75,138.919,13370.3125,97,240,10001,"[0, 100000]","[0, 100000]",0,0,11669,24023
yolov8x_training,1584.861082,75,139.144,13370.3125,100,2475,10001,"[0, 100000]","[0, 100000]",0,0,1513,5224
yolov8x_training,1585.903877,75,140.860,13370.3125,100,270,10001,"[0, 100000]","[0, 100000]",0,0,976,292
yolov8x_training,1587.004307,74,138.522,13370.3125,64,255,10001,"[0, 100000]","[0, 100000]",0,0,10107,36132
yolov8x_training,1588.047425,75,138.949,13370.3125,96,285,10001,"[0, 100000]","[0, 100000]",0,0,1416,5566
yolov8x_training,1589.090165,75,138.261,13370.3125,100,315,10001,"[0, 100000]","[0, 100000]",0,0,634,2441
yolov8x_training,1590.258089,75,138.739,13370.3125,13,210,10001,"[0, 100000]","[0, 100000]",0,0,10351,33691
yolov8x_training,1591.300975,75,138.519,13370.3125,100,210,10001,"[0, 100000]","[0, 100000]",0,0,1367,7812
yolov8x_training,1592.343899,75,143.146,13370.3125,100,660,10001,"[0, 100000]","[0, 100000]",0,0,439,2929
yolov8x_training,1593.519226,74,138.519,13370.3125,100,270,10001,"[0, 100000]","[0, 100000]",0,0,9814,38232
yolov8x_training,1594.562325,75,139.288,13370.3125,71,270,10001,"[0, 100000]","[0, 100000]",0,0,1416,7617
yolov8x_training,1595.605069,75,138.329,13370.3125,100,315,10001,"[0, 100000]","[0, 100000]",0,0,537,2783
yolov8x_training,1596.752147,75,139.635,13370.3125,100,240,10001,"[0, 100000]","[0, 100000]",0,0,11572,25830
yolov8x_training,1597.795296,75,138.761,13370.3125,100,210,10001,"[0, 100000]","[0, 100000]",0,0,1416,7373
yolov8x_training,1598.838074,75,144.360,13370.3125,100,300,10001,"[0, 100000]","[0, 100000]",0,0,537,2587
yolov8x_training,1599.989914,74,139.829,13370.3125,98,300,10001,"[0, 100000]","[0, 100000]",0,0,11572,25439
yolov8x_training,1601.032694,75,139.110,13370.3125,96,330,10001,"[0, 100000]","[0, 100000]",0,0,1464,7617
yolov8x_training,1602.075524,75,138.838,13370.3125,100,210,10001,"[0, 100000]","[0, 100000]",0,0,585,2636
yolov8x_training,1603.236576,75,138.178,13370.3125,28,270,10001,"[0, 100000]","[0, 100000]",0,0,11035,28417
yolov8x_training,1604.279363,75,137.794,13370.3125,97,255,10001,"[0, 100000]","[0, 100000]",0,0,1367,6445
yolov8x_training,1605.322200,75,141.486,13370.3125,100,315,10001,"[0, 100000]","[0, 100000]",0,0,830,1416
yolov8x_training,1606.453830,73,140.181,13370.3125,100,270,10001,"[0, 100000]","[0, 100000]",0,0,11523,24804
yolov8x_training,1607.496647,75,139.103,13370.3125,11,240,10001,"[0, 100000]","[0, 100000]",0,0,1416,6933
yolov8x_training,1608.539418,75,139.033,13370.3125,100,255,10001,"[0, 100000]","[0, 100000]",0,0,439,2783
yolov8x_training,1609.703941,75,135.948,13370.3125,100,210,10001,"[0, 100000]","[0, 100000]",0,0,12060,22607
yolov8x_training,1610.746887,75,137.740,13370.3125,100,270,10001,"[0, 100000]","[0, 100000]",0,0,1464,6738
yolov8x_training,1611.789646,74,138.281,13370.3125,58,360,10001,"[0, 100000]","[0, 100000]",0,0,585,2441
yolov8x_training,1612.958920,73,138.991,13370.3125,100,240,10001,"[0, 100000]","[0, 100000]",0,0,11279,28076
yolov8x_training,1614.001737,75,138.657,13370.3125,97,240,10001,"[0, 100000]","[0, 100000]",0,0,1416,6738
yolov8x_training,1615.044472,75,139.503,13370.3125,100,270,10001,"[0, 100000]","[0, 100000]",0,0,927,1025
yolov8x_training,1616.203323,75,135.287,13370.3125,71,255,10001,"[0, 100000]","[0, 100000]",0,0,11230,27832
yolov8x_training,1617.246088,75,137.493,13370.3125,96,270,10001,"[0, 100000]","[0, 100000]",0,0,1416,6933
yolov8x_training,1618.288885,75,137.544,13370.3125,100,315,10001,"[0, 100000]","[0, 100000]",0,0,537,2929
yolov8x_training,1619.430388,73,139.771,13370.3125,100,225,10001,"[0, 100000]","[0, 100000]",0,0,11328,25976
yolov8x_training,1620.473168,75,139.349,13370.3125,19,210,10001,"[0, 100000]","[0, 100000]",0,0,1367,7666
yolov8x_training,1621.515885,75,139.605,13370.3125,97,240,10001,"[0, 100000]","[0, 100000]",0,0,927,1269
yolov8x_training,1622.680441,75,133.840,13370.3125,100,1560,10001,"[0, 100000]","[0, 100000]",0,0,10156,36767
yolov8x_training,1623.723297,74,136.232,13370.3125,100,285,10001,"[0, 100000]","[0, 100000]",0,0,1367,7177
yolov8x_training,1624.766053,75,139.108,13370.3125,51,240,10001,"[0, 100000]","[0, 100000]",0,0,537,2587
yolov8x_training,1625.896087,73,139.217,13370.3125,100,255,10001,"[0, 100000]","[0, 100000]",0,0,11523,25244
yolov8x_training,1626.938845,75,137.599,13370.3125,100,270,10001,"[0, 100000]","[0, 100000]",0,0,1220,7128
yolov8x_training,1627.981643,75,138.293,13370.3125,100,240,10001,"[0, 100000]","[0, 100000]",0,0,585,2685
yolov8x_training,1629.142331,75,133.228,13370.3125,100,2160,10001,"[0, 100000]","[0, 100000]",0,0,11425,27441
yolov8x_training,1630.185115,73,137.571,13370.3125,97,270,10001,"[0, 100000]","[0, 100000]",0,0,1416,7568
yolov8x_training,1631.227911,75,139.128,13370.3125,100,210,10001,"[0, 100000]","[0, 100000]",0,0,634,2343
yolov8x_training,1632.380189,75,138.921,13370.3125,100,285,10001,"[0, 100000]","[0, 100000]",0,0,11376,28125
yolov8x_training,1633.422935,74,135.592,13370.3125,76,315,10001,"[0, 100000]","[0, 100000]",0,0,1562,6494
yolov8x_training,1634.466122,75,137.491,13370.3125,97,240,10001,"[0, 100000]","[0, 100000]",0,0,537,2685
yolov8x_training,1635.586539,75,139.799,13370.3125,100,2505,10001,"[0, 100000]","[0, 100000]",0,0,9912,36718
yolov8x_training,1636.629487,73,138.822,13370.3125,100,270,10001,"[0, 100000]","[0, 100000]",0,0,1318,6933
yolov8x_training,1637.672238,75,138.797,13370.3125,40,270,10001,"[0, 100000]","[0, 100000]",0,0,585,2539
yolov8x_training,1638.812712,75,139.426,13370.3125,98,225,10001,"[0, 100000]","[0, 100000]",0,0,10009,37792
yolov8x_training,1639.855657,75,139.493,13370.3125,100,2430,10001,"[0, 100000]","[0, 100000]",0,0,1416,7861
yolov8x_training,1640.898457,75,137.759,13370.3125,100,315,10001,"[0, 100000]","[0, 100000]",0,0,537,2832
yolov8x_training,1642.028900,74,139.179,13370.3125,25,225,10001,"[0, 100000]","[0, 100000]",0,0,10986,29394
yolov8x_training,1643.071894,76,143.426,13370.3125,97,330,10001,"[0, 100000]","[0, 100000]",0,0,1416,6884
yolov8x_training,1644.114609,75,139.852,13370.3125,100,315,10001,"[0, 100000]","[0, 100000]",0,0,488,2734
yolov8x_training,1645.262765,75,139.226,13370.3125,41,225,10001,"[0, 100000]","[0, 100000]",0,0,12255,21337
yolov8x_training,1646.305536,75,138.803,13370.3125,100,210,10001,"[0, 100000]","[0, 100000]",0,0,1416,6201
yolov8x_training,1647.348462,75,142.456,13370.3125,100,345,10001,"[0, 100000]","[0, 100000]",0,0,878,1171
yolov8x_training,1648.501001,74,138.808,13370.3125,100,285,10001,"[0, 100000]","[0, 100000]",0,0,9863,36474
yolov8x_training,1649.543937,75,138.628,13370.3125,71,315,10001,"[0, 100000]","[0, 100000]",0,0,1416,6542
yolov8x_training,1650.587076,75,139.279,13370.3125,100,225,10001,"[0, 100000]","[0, 100000]",0,0,634,2392
yolov8x_training,1651.724810,75,139.089,13370.3125,100,285,10001,"[0, 100000]","[0, 100000]",0,0,10253,35791
yolov8x_training,1652.767701,75,137.731,13370.3125,100,210,10001,"[0, 100000]","[0, 100000]",0,0,1269,7421
yolov8x_training,1653.810524,75,143.209,13370.3125,100,360,10001,"[0, 100000]","[0, 100000]",0,0,683,2539
yolov8x_training,1654.978160,74,140.049,13370.3125,98,240,10001,"[0, 100000]","[0, 100000]",0,0,11181,28125
yolov8x_training,1656.020940,75,138.984,13370.3125,97,270,10001,"[0, 100000]","[0, 100000]",0,0,1464,7617
yolov8x_training,1657.063644,75,139.063,13370.3125,100,255,10001,"[0, 100000]","[0, 100000]",0,0,634,2197
yolov8x_training,1658.212474,75,137.461,13370.3125,29,210,10001,"[0, 100000]","[0, 100000]",0,0,10595,31542
yolov8x_training,1659.255225,75,137.944,13370.3125,98,255,10001,"[0, 100000]","[0, 100000]",0,0,1513,6689
yolov8x_training,1660.298108,75,138.690,13370.3125,100,285,10001,"[0, 100000]","[0, 100000]",0,0,830,1269
yolov8x_training,1661.462097,74,138.539,13370.3125,100,255,10001,"[0, 100000]","[0, 100000]",0,0,11132,28320
yolov8x_training,1662.504953,75,138.398,13370.3125,31,240,10001,"[0, 100000]","[0, 100000]",0,0,1464,5517
yolov8x_training,1663.547755,75,138.607,13370.3125,100,285,10001,"[0, 100000]","[0, 100000]",0,0,878,1025
yolov8x_training,1664.690584,75,136.959,13370.3125,100,585,10001,"[0, 100000]","[0, 100000]",0,0,10839,30468
yolov8x_training,1665.733416,74,138.124,13370.3125,100,255,10001,"[0, 100000]","[0, 100000]",0,0,1416,6884
yolov8x_training,1666.776165,75,138.799,13370.3125,75,210,10001,"[0, 100000]","[0, 100000]",0,0,585,2685
yolov8x_training,1667.934811,73,138.063,13370.3125,100,255,10001,"[0, 100000]","[0, 100000]",0,0,10107,36865
yolov8x_training,1668.977977,75,137.625,13370.3125,98,210,10001,"[0, 100000]","[0, 100000]",0,0,1416,7617
yolov8x_training,1670.020754,75,138.165,13370.3125,100,285,10001,"[0, 100000]","[0, 100000]",0,0,683,2148
yolov8x_training,1671.063764,75,131.904,13370.3125,100,240,10001,"[0, 100000]","[0, 100000]",0,0,341,292
yolov8x_training,1672.108025,75,138.152,13370.3125,61,2505,10001,"[0, 100000]","[0, 100000]",0,0,11279,29101
yolov8x_training,1673.150758,73,138.484,13370.3125,100,255,10001,"[0, 100000]","[0, 100000]",0,0,1318,7275
yolov8x_training,1674.193591,75,139.465,13370.3125,100,270,10001,"[0, 100000]","[0, 100000]",0,0,537,3125
yolov8x_training,1675.356665,76,139.440,13370.3125,100,270,10001,"[0, 100000]","[0, 100000]",0,0,10107,37597
yolov8x_training,1676.399643,74,139.421,13370.3125,79,1365,10001,"[0, 100000]","[0, 100000]",0,0,1416,7666
yolov8x_training,1677.442354,75,141.261,13370.3125,100,270,10001,"[0, 100000]","[0, 100000]",0,0,634,2783
yolov8x_training,1678.616724,75,137.291,13370.3125,100,2505,10001,"[0, 100000]","[0, 100000]",0,0,11230,28320
yolov8x_training,1679.659576,74,139.207,13370.3125,92,285,10001,"[0, 100000]","[0, 100000]",0,0,1416,7617
yolov8x_training,1680.702403,75,139.926,13370.3125,100,270,10001,"[0, 100000]","[0, 100000]",0,0,683,23583
yolov8x_training,1681.851825,77,139.237,13370.3125,97,240,10001,"[0, 100000]","[0, 100000]",0,0,11376,28076
yolov8x_training,1682.894626,75,138.907,13370.3125,100,1530,10001,"[0, 100000]","[0, 100000]",0,0,1416,7617
yolov8x_training,1683.937317,75,142.673,13370.3125,100,255,10001,"[0, 100000]","[0, 100000]",0,0,634,24755
yolov8x_training,1685.113111,75,137.020,13370.3125,52,2505,10001,"[0, 100000]","[0, 100000]",0,0,9960,37548
yolov8x_training,1686.156039,74,139.361,13370.3125,100,315,10001,"[0, 100000]","[0, 100000]",0,0,1220,6738
yolov8x_training,1687.198808,75,139.627,13370.3125,100,225,10001,"[0, 100000]","[0, 100000]",0,0,781,2587
yolov8x_training,1688.370939,74,139.516,13370.3125,51,255,10001,"[0, 100000]","[0, 100000]",0,0,11425,29199
yolov8x_training,1689.413694,75,138.344,13370.3125,100,435,10001,"[0, 100000]","[0, 100000]",0,0,1464,6933
yolov8x_training,1690.456403,75,140.120,13370.3125,100,225,10001,"[0, 100000]","[0, 100000]",0,0,976,1416
yolov8x_training,1691.605784,75,139.301,13370.3125,100,2415,10001,"[0, 100000]","[0, 100000]",0,0,10058,38818
yolov8x_training,1692.648838,74,142.743,13370.3125,100,270,10001,"[0, 100000]","[0, 100000]",0,0,1269,7226
yolov8x_training,1693.691717,75,138.776,13370.3125,93,255,10001,"[0, 100000]","[0, 100000]",0,0,1123,3027
yolov8x_training,1694.734637,75,138.678,13370.3125,98,255,10001,"[0, 100000]","[0, 100000]",0,0,1416,75146
yolov8x_training,1695.924904,75,138.856,13370.3125,100,285,10001,"[0, 100000]","[0, 100000]",0,0,1269,6738
yolov8x_training,1696.967632,75,137.858,13370.3125,100,255,10001,"[0, 100000]","[0, 100000]",0,0,1074,1367
yolov8x_training,1698.147931,75,137.752,13370.3125,100,2070,10001,"[0, 100000]","[0, 100000]",0,0,11425,26611
yolov8x_training,1699.190735,74,142.164,13370.3125,100,270,10001,"[0, 100000]","[0, 100000]",0,0,1367,7080
yolov8x_training,1700.233635,75,138.147,13370.3125,100,255,10001,"[0, 100000]","[0, 100000]",0,0,634,21875
yolov8x_training,1701.370785,73,138.890,13370.3125,61,255,10001,"[0, 100000]","[0, 100000]",0,0,10107,34912
yolov8x_training,1702.413615,75,138.273,13370.3125,100,435,10001,"[0, 100000]","[0, 100000]",0,0,1513,6933
yolov8x_training,1703.456398,75,140.583,13370.3125,100,240,10001,"[0, 100000]","[0, 100000]",0,0,683,2783
yolov8x_training,1704.643366,75,137.050,13370.3125,100,2175,10001,"[0, 100000]","[0, 100000]",0,0,10009,38623
yolov8x_training,1705.686381,74,142.445,13370.3125,100,240,10001,"[0, 100000]","[0, 100000]",0,0,1416,7226
yolov8x_training,1706.729115,75,138.662,13370.3125,70,255,10001,"[0, 100000]","[0, 100000]",0,0,976,1318
yolov8x_training,1707.918466,74,138.284,13370.3125,97,210,10001,"[0, 100000]","[0, 100000]",0,0,11816,26269
yolov8x_training,1708.961584,75,133.494,13370.3125,100,270,10001,"[0, 100000]","[0, 100000]",0,0,1416,6396
yolov8x_training,1710.004325,75,138.451,13370.3125,100,270,10001,"[0, 100000]","[0, 100000]",0,0,439,3613
yolov8x_training,1711.158989,75,138.271,13370.3125,100,1845,10001,"[0, 100000]","[0, 100000]",0,0,11718,25878
yolov8x_training,1712.202183,75,141.190,13370.3125,100,285,10001,"[0, 100000]","[0, 100000]",0,0,1562,6689
yolov8x_training,1713.245171,75,139.122,13370.3125,100,210,10001,"[0, 100000]","[0, 100000]",0,0,1171,61816
yolov8x_training,1714.395530,74,137.589,13370.3125,89,255,10001,"[0, 100000]","[0, 100000]",0,0,10351,35205
yolov8x_training,1715.438650,75,136.402,13370.3125,100,225,10001,"[0, 100000]","[0, 100000]",0,0,1464,6640
yolov8x_training,1716.481662,75,137.847,13370.3125,100,225,10001,"[0, 100000]","[0, 100000]",0,0,927,33935
yolov8x_training,1717.616804,75,138.512,13370.3125,100,2475,10001,"[0, 100000]","[0, 100000]",0,0,10351,37109
yolov8x_training,1718.659775,74,143.682,13370.3125,100,390,10001,"[0, 100000]","[0, 100000]",0,0,1416,6884
yolov8x_training,1719.702589,75,139.951,13370.3125,100,270,10001,"[0, 100000]","[0, 100000]",0,0,683,24707
yolov8x_training,1720.868413,75,139.196,13370.3125,96,240,10001,"[0, 100000]","[0, 100000]",0,0,11181,29638
yolov8x_training,1721.911271,75,136.725,13370.3125,100,1575,10001,"[0, 100000]","[0, 100000]",0,0,1416,6933
yolov8x_training,1722.953999,75,140.023,13370.3125,100,240,10001,"[0, 100000]","[0, 100000]",0,0,683,2734
yolov8x_training,1724.115989,75,138.575,13370.3125,13,2475,10001,"[0, 100000]","[0, 100000]",0,0,11474,26708
yolov8x_training,1725.158973,74,144.239,13370.3125,100,345,10001,"[0, 100000]","[0, 100000]",0,0,1416,6005
yolov8x_training,1726.201767,75,139.040,13370.3125,100,270,10001,"[0, 100000]","[0, 100000]",0,0,537,3466
yolov8x_training,1727.362111,75,139.564,13370.3125,41,255,10001,"[0, 100000]","[0, 100000]",0,0,11425,26562
yolov8x_training,1728.404922,74,138.169,13370.3125,100,1365,10001,"[0, 100000]","[0, 100000]",0,0,1416,6689
yolov8x_training,1729.447617,75,141.210,13370.3125,100,255,10001,"[0, 100000]","[0, 100000]",0,0,732,26171
yolov8x_training,1730.590035,75,138.629,13370.3125,100,1185,10001,"[0, 100000]","[0, 100000]",0,0,11230,28662
yolov8x_training,1731.632895,74,139.466,13370.3125,91,375,10001,"[0, 100000]","[0, 100000]",0,0,1416,7861
yolov8x_training,1732.675625,75,140.280,13370.3125,100,270,10001,"[0, 100000]","[0, 100000]",0,0,634,2783
yolov8x_training,1733.846148,77,139.263,13370.3125,97,255,10001,"[0, 100000]","[0, 100000]",0,0,11669,25781
yolov8x_training,1734.888945,75,138.487,13370.3125,100,2055,10001,"[0, 100000]","[0, 100000]",0,0,1611,5029
yolov8x_training,1735.931723,75,141.456,13370.3125,100,285,10001,"[0, 100000]","[0, 100000]",0,0,1074,63330
yolov8x_training,1737.042968,75,138.874,13370.3125,46,210,10001,"[0, 100000]","[0, 100000]",0,0,10107,35205
yolov8x_training,1738.085782,73,138.770,13370.3125,97,375,10001,"[0, 100000]","[0, 100000]",0,0,1464,7617
yolov8x_training,1739.128510,74,138.846,13370.3125,100,300,10001,"[0, 100000]","[0, 100000]",0,0,537,3076
yolov8x_training,1740.302368,75,138.291,13370.3125,15,240,10001,"[0, 100000]","[0, 100000]",0,0,10986,28906
yolov8x_training,1741.345154,75,138.780,13370.3125,97,2505,10001,"[0, 100000]","[0, 100000]",0,0,1611,7421
yolov8x_training,1742.388100,75,141.378,13370.3125,100,255,10001,"[0, 100000]","[0, 100000]",0,0,488,3222
yolov8x_training,1743.431187,75,137.164,13370.3125,100,285,10001,"[0, 100000]","[0, 100000]",0,0,341,292
yolov8x_training,1744.517244,75,135.764,13370.3125,100,285,10001,"[0, 100000]","[0, 100000]",0,0,10791,31738
yolov8x_training,1745.560297,74,135.956,13370.3125,11,570,10001,"[0, 100000]","[0, 100000]",0,0,1171,13476
yolov8x_training,1746.603126,75,139.433,13370.3125,100,270,10001,"[0, 100000]","[0, 100000]",0,0,1318,3857
yolov8x_training,1747.646367,75,139.084,13370.3125,97,255,10001,"[0, 100000]","[0, 100000]",0,0,3271,72607
yolov8x_training,1748.819822,75,139.114,13370.3125,100,2460,10001,"[0, 100000]","[0, 100000]",0,0,1513,7812
yolov8x_training,1749.862628,75,143.656,13370.3125,100,300,10001,"[0, 100000]","[0, 100000]",0,0,1123,4150
yolov8x_training,1751.035213,75,139.412,13370.3125,81,255,10001,"[0, 100000]","[0, 100000]",0,0,10302,37158
yolov8x_training,1752.078188,76,139.314,13370.3125,96,360,10001,"[0, 100000]","[0, 100000]",0,0,1416,6640
yolov8x_training,1753.120996,75,138.409,13370.3125,100,270,10001,"[0, 100000]","[0, 100000]",0,0,1220,927
yolov8x_training,1754.253975,75,137.816,13370.3125,43,240,10001,"[0, 100000]","[0, 100000]",0,0,9521,39062
yolov8x_training,1755.297001,75,138.246,13370.3125,97,210,10001,"[0, 100000]","[0, 100000]",0,0,1220,7031
yolov8x_training,1756.339807,75,138.654,13370.3125,100,495,10001,"[0, 100000]","[0, 100000]",0,0,1123,4150
yolov8x_training,1757.503750,75,139.543,13370.3125,100,210,10001,"[0, 100000]","[0, 100000]",0,0,12304,21386
yolov8x_training,1758.546547,77,139.115,13370.3125,16,315,10001,"[0, 100000]","[0, 100000]",0,0,1367,7080
yolov8x_training,1759.589384,74,139.301,13370.3125,100,315,10001,"[0, 100000]","[0, 100000]",0,0,1074,2636
yolov8x_training,1760.730363,75,136.236,13370.3125,100,255,10001,"[0, 100000]","[0, 100000]",0,0,11376,27392
yolov8x_training,1761.773144,75,137.995,13370.3125,100,240,10001,"[0, 100000]","[0, 100000]",0,0,1367,7421
yolov8x_training,1762.815835,75,138.351,13370.3125,71,300,10001,"[0, 100000]","[0, 100000]",0,0,1123,1855
yolov8x_training,1763.951263,74,139.473,13370.3125,100,300,10001,"[0, 100000]","[0, 100000]",0,0,11181,29150
yolov8x_training,1764.994175,75,137.625,13370.3125,100,270,10001,"[0, 100000]","[0, 100000]",0,0,1367,6835
yolov8x_training,1766.036940,75,136.773,13370.3125,100,225,10001,"[0, 100000]","[0, 100000]",0,0,976,4150
yolov8x_training,1767.079770,75,134.961,13370.3125,100,285,10001,"[0, 100000]","[0, 100000]",0,0,1660,73730
yolov8x_training,1768.250580,74,137.818,13370.3125,96,270,10001,"[0, 100000]","[0, 100000]",0,0,1562,7226
yolov8x_training,1769.293306,75,139.138,13370.3125,100,345,10001,"[0, 100000]","[0, 100000]",0,0,1074,2783
yolov8x_training,1770.462428,73,138.384,13370.3125,100,270,10001,"[0, 100000]","[0, 100000]",0,0,9765,39208
yolov8x_training,1771.505471,75,137.648,13370.3125,43,210,10001,"[0, 100000]","[0, 100000]",0,0,1416,6005
yolov8x_training,1772.548201,75,138.883,13370.3125,97,270,10001,"[0, 100000]","[0, 100000]",0,0,537,3027
yolov8x_training,1773.673518,75,135.698,13370.3125,100,615,10001,"[0, 100000]","[0, 100000]",0,0,10791,31347
yolov8x_training,1774.716626,74,137.193,13370.3125,100,240,10001,"[0, 100000]","[0, 100000]",0,0,1318,7324
yolov8x_training,1775.759431,75,138.616,13370.3125,22,315,10001,"[0, 100000]","[0, 100000]",0,0,1025,3320
yolov8x_training,1776.925988,76,139.430,13370.3125,100,210,10001,"[0, 100000]","[0, 100000]",0,0,10107,38134
yolov8x_training,1777.969027,75,135.435,13370.3125,100,270,10001,"[0, 100000]","[0, 100000]",0,0,1367,7568
yolov8x_training,1779.011740,75,138.529,13370.3125,100,240,10001,"[0, 100000]","[0, 100000]",0,0,781,1513
yolov8x_training,1780.126530,75,139.798,13370.3125,56,2220,10001,"[0, 100000]","[0, 100000]",0,0,11816,25537
yolov8x_training,1781.169249,74,140.538,13370.3125,100,285,10001,"[0, 100000]","[0, 100000]",0,0,1220,7080
yolov8x_training,1782.212005,75,138.614,13370.3125,100,240,10001,"[0, 100000]","[0, 100000]",0,0,1074,4296
yolov8x_training,1783.386599,75,139.249,13370.3125,92,270,10001,"[0, 100000]","[0, 100000]",0,0,11279,27441
yolov8x_training,1784.429364,75,134.813,13370.3125,100,390,10001,"[0, 100000]","[0, 100000]",0,0,1367,6835
yolov8x_training,1785.472127,75,137.453,13370.3125,97,255,10001,"[0, 100000]","[0, 100000]",0,0,1025,4052
yolov8x_training,1786.651550,75,138.907,13370.3125,100,1845,10001,"[0, 100000]","[0, 100000]",0,0,11572,26025
yolov8x_training,1787.694364,73,140.109,13370.3125,100,270,10001,"[0, 100000]","[0, 100000]",0,0,1416,6689
yolov8x_training,1788.737068,75,139.169,13370.3125,20,270,10001,"[0, 100000]","[0, 100000]",0,0,683,2587
yolov8x_training,1789.873823,75,138.953,13370.3125,97,270,10001,"[0, 100000]","[0, 100000]",0,0,11914,24267
yolov8x_training,1790.916756,75,136.222,13370.3125,100,720,10001,"[0, 100000]","[0, 100000]",0,0,1367,7421
yolov8x_training,1791.959589,75,137.348,13370.3125,100,255,10001,"[0, 100000]","[0, 100000]",0,0,1123,3710
yolov8x_training,1793.118509,75,138.838,13370.3125,35,2400,10001,"[0, 100000]","[0, 100000]",0,0,10009,37451
yolov8x_training,1794.161532,76,142.570,13370.3125,100,285,10001,"[0, 100000]","[0, 100000]",0,0,1416,7080
yolov8x_training,1795.204300,75,138.344,13370.3125,100,210,10001,"[0, 100000]","[0, 100000]",0,0,976,2783
yolov8x_training,1796.374072,75,138.704,13370.3125,91,270,10001,"[0, 100000]","[0, 100000]",0,0,10205,35742
yolov8x_training,1797.416834,75,136.372,13370.3125,100,705,10001,"[0, 100000]","[0, 100000]",0,0,1367,8007
yolov8x_training,1798.459617,75,138.412,13370.3125,97,225,10001,"[0, 100000]","[0, 100000]",0,0,1025,1464
yolov8x_training,1799.584671,75,139.606,13370.3125,100,210,10001,"[0, 100000]","[0, 100000]",0,0,10156,37451
yolov8x_training,1800.627739,76,142.214,13370.3125,100,330,10001,"[0, 100000]","[0, 100000]",0,0,2294,6884
yolov8x_training,1801.670586,75,139.118,13370.3125,49,225,10001,"[0, 100000]","[0, 100000]",0,0,1025,3955
yolov8x_training,1802.859064,75,139.097,13370.3125,96,255,10001,"[0, 100000]","[0, 100000]",0,0,11425,25341
yolov8x_training,1803.902148,75,140.082,13370.3125,100,2040,10001,"[0, 100000]","[0, 100000]",0,0,1464,6396
yolov8x_training,1804.945000,75,138.299,13370.3125,100,270,10001,"[0, 100000]","[0, 100000]",0,0,488,2734
yolov8x_training,1806.077097,75,138.233,13370.3125,27,225,10001,"[0, 100000]","[0, 100000]",0,0,11376,27880
yolov8x_training,1807.119851,75,139.591,13370.3125,97,330,10001,"[0, 100000]","[0, 100000]",0,0,1513,6494
yolov8x_training,1808.163026,74,138.831,13370.3125,100,270,10001,"[0, 100000]","[0, 100000]",0,0,1123,2001
yolov8x_training,1809.320064,75,139.219,13370.3125,42,210,10001,"[0, 100000]","[0, 100000]",0,0,9960,38769
yolov8x_training,1810.363209,75,138.620,13370.3125,100,2475,10001,"[0, 100000]","[0, 100000]",0,0,1416,6933
yolov8x_training,1811.406076,75,139.141,13370.3125,100,270,10001,"[0, 100000]","[0, 100000]",0,0,1074,3857
yolov8x_training,1812.578853,75,137.913,13370.3125,100,210,10001,"[0, 100000]","[0, 100000]",0,0,11230,28417
yolov8x_training,1813.621691,75,139.715,13370.3125,98,300,10001,"[0, 100000]","[0, 100000]",0,0,1464,7128
yolov8x_training,1814.664474,75,139.426,13370.3125,94,270,10001,"[0, 100000]","[0, 100000]",0,0,1025,1318
yolov8x_training,1815.795296,75,138.910,13370.3125,98,240,10001,"[0, 100000]","[0, 100000]",0,0,11230,28515
yolov8x_training,1816.838099,75,138.438,13370.3125,100,780,10001,"[0, 100000]","[0, 100000]",0,0,1464,7080
yolov8x_training,1817.880838,75,142.431,13370.3125,100,285,10001,"[0, 100000]","[0, 100000]",0,0,1171,537
yolov8x_training,1819.032942,75,138.203,13370.3125,66,255,10001,"[0, 100000]","[0, 100000]",0,0,11328,28955
yolov8x_training,1820.075682,75,138.879,13370.3125,97,300,10001,"[0, 100000]","[0, 100000]",0,0,1367,6689
yolov8x_training,1821.118547,75,139.170,13370.3125,100,315,10001,"[0, 100000]","[0, 100000]",0,0,488,2685
yolov8x_training,1822.261335,75,137.684,13370.3125,34,210,10001,"[0, 100000]","[0, 100000]",0,0,11474,27001
yolov8x_training,1823.304086,75,137.484,13370.3125,98,225,10001,"[0, 100000]","[0, 100000]",0,0,1367,7031
yolov8x_training,1824.346896,75,139.891,13370.3125,100,450,10001,"[0, 100000]","[0, 100000]",0,0,1220,878
yolov8x_training,1825.476796,74,139.542,13370.3125,100,240,10001,"[0, 100000]","[0, 100000]",0,0,10205,36865
yolov8x_training,1826.519690,75,139.407,13370.3125,17,255,10001,"[0, 100000]","[0, 100000]",0,0,1416,7373
yolov8x_training,1827.562420,75,139.301,13370.3125,100,225,10001,"[0, 100000]","[0, 100000]",0,0,1171,2294
yolov8x_training,1828.695670,75,136.368,13370.3125,100,270,10001,"[0, 100000]","[0, 100000]",0,0,12011,24072
yolov8x_training,1829.738451,74,137.737,13370.3125,100,285,10001,"[0, 100000]","[0, 100000]",0,0,1220,7910
yolov8x_training,1830.781172,75,138.924,13370.3125,71,315,10001,"[0, 100000]","[0, 100000]",0,0,1171,439
yolov8x_training,1831.914358,73,138.920,13370.3125,100,225,10001,"[0, 100000]","[0, 100000]",0,0,11718,25390
yolov8x_training,1832.957139,74,136.728,13370.3125,100,270,10001,"[0, 100000]","[0, 100000]",0,0,1464,6787
yolov8x_training,1834.000049,75,138.639,13370.3125,100,240,10001,"[0, 100000]","[0, 100000]",0,0,1025,1269
yolov8x_training,1835.155758,75,139.127,13370.3125,71,2025,10001,"[0, 100000]","[0, 100000]",0,0,10351,35107
yolov8x_training,1836.198534,74,137.761,13370.3125,100,270,10001,"[0, 100000]","[0, 100000]",0,0,1416,7519
yolov8x_training,1837.241219,75,139.124,13370.3125,100,210,10001,"[0, 100000]","[0, 100000]",0,0,1123,1660
yolov8x_training,1838.386985,76,139.086,13370.3125,100,255,10001,"[0, 100000]","[0, 100000]",0,0,11230,28808
yolov8x_training,1839.429829,75,135.586,13370.3125,79,225,10001,"[0, 100000]","[0, 100000]",0,0,1464,6884
yolov8x_training,1840.472568,75,139.407,13370.3125,96,225,10001,"[0, 100000]","[0, 100000]",0,0,1074,1708
yolov8x_training,1841.641278,75,138.561,13370.3125,100,2460,10001,"[0, 100000]","[0, 100000]",0,0,11132,29150
yolov8x_training,1842.684181,73,140.383,13370.3125,100,315,10001,"[0, 100000]","[0, 100000]",0,0,1416,7763
yolov8x_training,1843.727065,75,138.803,13370.3125,2,210,10001,"[0, 100000]","[0, 100000]",0,0,976,1318
yolov8x_training,1844.898621,77,138.592,13370.3125,100,270,10001,"[0, 100000]","[0, 100000]",0,0,10009,37548
yolov8x_training,1845.941619,74,134.671,13370.3125,100,630,10001,"[0, 100000]","[0, 100000]",0,0,1513,6982
yolov8x_training,1846.984436,75,138.478,13370.3125,100,210,10001,"[0, 100000]","[0, 100000]",0,0,1171,537
yolov8x_training,1848.119262,75,140.160,13370.3125,62,2505,10001,"[0, 100000]","[0, 100000]",0,0,10791,30566
yolov8x_training,1849.162106,73,139.723,13370.3125,100,255,10001,"[0, 100000]","[0, 100000]",0,0,1367,6054
yolov8x_training,1850.204904,75,139.059,13370.3125,100,210,10001,"[0, 100000]","[0, 100000]",0,0,976,3808
yolov8x_training,1851.367045,77,139.419,13370.3125,100,270,10001,"[0, 100000]","[0, 100000]",0,0,10156,36523
yolov8x_training,1852.410055,75,133.746,13370.3125,100,1935,10001,"[0, 100000]","[0, 100000]",0,0,1171,7080
yolov8x_training,1853.452835,75,137.962,13370.3125,97,255,10001,"[0, 100000]","[0, 100000]",0,0,1074,3271
yolov8x_training,1854.636094,75,138.223,13370.3125,100,2475,10001,"[0, 100000]","[0, 100000]",0,0,10107,37646
yolov8x_training,1855.679220,73,139.607,13370.3125,100,255,10001,"[0, 100000]","[0, 100000]",0,0,1367,7324
yolov8x_training,1856.721955,75,138.724,13370.3125,7,240,10001,"[0, 100000]","[0, 100000]",0,0,1123,1757
yolov8x_training,1857.913949,75,138.126,13370.3125,100,255,10001,"[0, 100000]","[0, 100000]",0,0,11083,29003
yolov8x_training,1858.956846,74,136.719,13370.3125,100,225,10001,"[0, 100000]","[0, 100000]",0,0,1464,5859
yolov8x_training,1859.999718,75,137.331,13370.3125,100,210,10001,"[0, 100000]","[0, 100000]",0,0,1123,1855
yolov8x_training,1861.170208,75,133.167,13370.3125,100,1590,10001,"[0, 100000]","[0, 100000]",0,0,11523,25878
yolov8x_training,1862.213052,74,138.743,13370.3125,98,255,10001,"[0, 100000]","[0, 100000]",0,0,1318,7128
yolov8x_training,1863.255837,75,139.212,13370.3125,100,225,10001,"[0, 100000]","[0, 100000]",0,0,1025,1220
yolov8x_training,1864.405853,74,139.111,13370.3125,100,255,10001,"[0, 100000]","[0, 100000]",0,0,10937,30810
yolov8x_training,1865.448747,75,136.040,13370.3125,72,450,10001,"[0, 100000]","[0, 100000]",0,0,1416,6835
yolov8x_training,1866.491497,75,137.048,13370.3125,98,270,10001,"[0, 100000]","[0, 100000]",0,0,1123,1708
yolov8x_training,1867.668303,75,134.633,13370.3125,100,2205,10001,"[0, 100000]","[0, 100000]",0,0,11962,24609
yolov8x_training,1868.711201,74,137.639,13370.3125,100,270,10001,"[0, 100000]","[0, 100000]",0,0,1367,7568
yolov8x_training,1869.753917,75,139.454,13370.3125,41,225,10001,"[0, 100000]","[0, 100000]",0,0,1074,1708
yolov8x_training,1870.913068,74,139.216,13370.3125,100,270,10001,"[0, 100000]","[0, 100000]",0,0,11181,29150
yolov8x_training,1871.955823,74,136.550,13370.3125,100,210,10001,"[0, 100000]","[0, 100000]",0,0,1416,6738
yolov8x_training,1872.998778,75,138.929,13370.3125,100,210,10001,"[0, 100000]","[0, 100000]",0,0,683,2246
yolov8x_training,1874.107580,75,139.458,13370.3125,60,2505,10001,"[0, 100000]","[0, 100000]",0,0,11328,29101
yolov8x_training,1875.150378,75,140.508,13370.3125,100,465,10001,"[0, 100000]","[0, 100000]",0,0,1416,7714
yolov8x_training,1876.193125,75,139.101,13370.3125,100,270,10001,"[0, 100000]","[0, 100000]",0,0,1074,585
yolov8x_training,1877.327661,75,139.233,13370.3125,76,240,10001,"[0, 100000]","[0, 100000]",0,0,11718,25830
yolov8x_training,1878.370562,75,140.144,13370.3125,100,2430,10001,"[0, 100000]","[0, 100000]",0,0,1416,7080
yolov8x_training,1879.413332,75,139.427,13370.3125,100,315,10001,"[0, 100000]","[0, 100000]",0,0,878,1416
yolov8x_training,1880.540123,75,137.914,13370.3125,100,225,10001,"[0, 100000]","[0, 100000]",0,0,10205,37158
yolov8x_training,1881.583118,75,141.470,13370.3125,92,270,10001,"[0, 100000]","[0, 100000]",0,0,1416,7568
yolov8x_training,1882.625852,74,137.241,13370.3125,90,270,10001,"[0, 100000]","[0, 100000]",0,0,1074,3369
yolov8x_training,1883.784842,75,138.894,13370.3125,98,240,10001,"[0, 100000]","[0, 100000]",0,0,11279,28808
yolov8x_training,1884.827604,75,139.457,13370.3125,100,210,10001,"[0, 100000]","[0, 100000]",0,0,1416,6982
yolov8x_training,1885.870382,75,140.686,13370.3125,100,285,10001,"[0, 100000]","[0, 100000]",0,0,1074,3271
yolov8x_training,1887.032436,74,138.371,13370.3125,35,240,10001,"[0, 100000]","[0, 100000]",0,0,10107,36669
yolov8x_training,1888.075387,75,138.411,13370.3125,96,300,10001,"[0, 100000]","[0, 100000]",0,0,1367,7226
yolov8x_training,1889.118199,76,140.044,13370.3125,100,315,10001,"[0, 100000]","[0, 100000]",0,0,1025,1367
yolov8x_training,1890.266310,75,138.349,13370.3125,18,210,10001,"[0, 100000]","[0, 100000]",0,0,11425,27685
yolov8x_training,1891.309077,75,137.752,13370.3125,100,255,10001,"[0, 100000]","[0, 100000]",0,0,1318,6689
yolov8x_training,1892.351902,75,142.008,13370.3125,100,330,10001,"[0, 100000]","[0, 100000]",0,0,781,2197
yolov8x_training,1893.509727,74,138.584,13370.3125,100,255,10001,"[0, 100000]","[0, 100000]",0,0,11230,28710
yolov8x_training,1894.552520,75,137.943,13370.3125,51,255,10001,"[0, 100000]","[0, 100000]",0,0,1416,6640
yolov8x_training,1895.595512,75,138.643,13370.3125,100,255,10001,"[0, 100000]","[0, 100000]",0,0,488,2783
yolov8x_training,1896.715145,75,139.722,13370.3125,100,225,10001,"[0, 100000]","[0, 100000]",0,0,11474,27783
yolov8x_training,1897.757890,74,138.994,13370.3125,100,255,10001,"[0, 100000]","[0, 100000]",0,0,1367,6933
yolov8x_training,1898.800767,75,138.427,13370.3125,100,360,10001,"[0, 100000]","[0, 100000]",0,0,1074,1611
yolov8x_training,1899.955639,74,139.059,13370.3125,100,315,10001,"[0, 100000]","[0, 100000]",0,0,11425,28125
yolov8x_training,1900.998414,75,134.487,13370.3125,98,210,10001,"[0, 100000]","[0, 100000]",0,0,1464,7910
yolov8x_training,1902.041109,75,137.039,13370.3125,100,285,10001,"[0, 100000]","[0, 100000]",0,0,976,1513
yolov8x_training,1903.181552,75,138.329,13370.3125,100,1545,10001,"[0, 100000]","[0, 100000]",0,0,10156,37060
yolov8x_training,1904.224511,74,142.255,13370.3125,100,270,10001,"[0, 100000]","[0, 100000]",0,0,1464,5664
yolov8x_training,1905.267198,75,139.089,13370.3125,100,255,10001,"[0, 100000]","[0, 100000]",0,0,634,2099
yolov8x_training,1906.385433,76,138.649,13370.3125,22,285,10001,"[0, 100000]","[0, 100000]",0,0,11718,25488
yolov8x_training,1907.428228,74,137.578,13370.3125,100,1635,10001,"[0, 100000]","[0, 100000]",0,0,1269,6542
yolov8x_training,1908.470985,75,139.779,13370.3125,100,300,10001,"[0, 100000]","[0, 100000]",0,0,1123,1269
yolov8x_training,1909.608586,75,138.488,13370.3125,100,2355,10001,"[0, 100000]","[0, 100000]",0,0,11279,28417
yolov8x_training,1910.651461,73,137.812,13370.3125,67,300,10001,"[0, 100000]","[0, 100000]",0,0,1220,7080
yolov8x_training,1911.694209,75,140.395,13370.3125,100,240,10001,"[0, 100000]","[0, 100000]",0,0,976,3369
yolov8x_training,1912.849908,78,138.731,13370.3125,98,255,10001,"[0, 100000]","[0, 100000]",0,0,10253,37060
yolov8x_training,1913.892814,75,139.533,13370.3125,100,1072,10001,"[0, 100000]","[0, 100000]",0,0,1464,6494
yolov8x_training,1914.935609,75,143.399,13370.3125,100,270,10001,"[0, 100000]","[0, 100000]",0,0,1074,1269
yolov8x_training,1916.060255,75,139.204,13370.3125,88,255,10001,"[0, 100000]","[0, 100000]",0,0,9814,37841
yolov8x_training,1917.103188,76,137.655,13370.3125,97,300,10001,"[0, 100000]","[0, 100000]",0,0,1171,6884
yolov8x_training,1918.146069,75,138.065,13370.3125,100,270,10001,"[0, 100000]","[0, 100000]",0,0,1025,4638
yolov8x_training,1919.294203,75,136.878,13370.3125,58,225,10001,"[0, 100000]","[0, 100000]",0,0,10351,33447
yolov8x_training,1920.337008,75,138.493,13370.3125,97,210,10001,"[0, 100000]","[0, 100000]",0,0,1416,6494
yolov8x_training,1921.379784,75,137.919,13370.3125,100,300,10001,"[0, 100000]","[0, 100000]",0,0,927,1464
yolov8x_training,1922.535593,75,139.630,13370.3125,100,270,10001,"[0, 100000]","[0, 100000]",0,0,10302,33789
yolov8x_training,1923.578672,75,139.310,13370.3125,25,285,10001,"[0, 100000]","[0, 100000]",0,0,1416,6445
yolov8x_training,1924.621421,76,139.182,13370.3125,100,315,10001,"[0, 100000]","[0, 100000]",0,0,683,1806
yolov8x_training,1925.745884,75,133.874,13370.3125,100,210,10001,"[0, 100000]","[0, 100000]",0,0,10595,31884
yolov8x_training,1926.788708,75,138.257,13370.3125,100,240,10001,"[0, 100000]","[0, 100000]",0,0,1416,7324
yolov8x_training,1927.831566,75,138.417,13370.3125,42,540,10001,"[0, 100000]","[0, 100000]",0,0,1074,4003
yolov8x_training,1929.010490,74,139.035,13370.3125,100,270,10001,"[0, 100000]","[0, 100000]",0,0,11425,29101
yolov8x_training,1930.053230,75,137.146,13370.3125,100,315,10001,"[0, 100000]","[0, 100000]",0,0,1416,7910
yolov8x_training,1931.095956,75,138.519,13370.3125,100,315,10001,"[0, 100000]","[0, 100000]",0,0,1123,2050
yolov8x_training,1932.238455,75,133.690,13370.3125,100,210,10001,"[0, 100000]","[0, 100000]",0,0,10205,37109
yolov8x_training,1933.281443,75,138.250,13370.3125,97,240,10001,"[0, 100000]","[0, 100000]",0,0,1416,7519
yolov8x_training,1934.324235,75,138.957,13370.3125,100,345,10001,"[0, 100000]","[0, 100000]",0,0,1123,1220
yolov8x_training,1935.457379,74,138.575,13370.3125,100,315,10001,"[0, 100000]","[0, 100000]",0,0,10400,33935
yolov8x_training,1936.500162,75,134.976,13370.3125,94,240,10001,"[0, 100000]","[0, 100000]",0,0,1416,7324
yolov8x_training,1937.542902,75,138.165,13370.3125,97,285,10001,"[0, 100000]","[0, 100000]",0,0,927,1416
yolov8x_training,1938.684925,75,138.331,13370.3125,100,1560,10001,"[0, 100000]","[0, 100000]",0,0,12060,24658
yolov8x_training,1939.728059,74,141.536,13370.3125,100,300,10001,"[0, 100000]","[0, 100000]",0,0,1416,5664
yolov8x_training,1940.770795,75,138.195,13370.3125,55,255,10001,"[0, 100000]","[0, 100000]",0,0,634,2490
yolov8x_training,1941.865984,76,139.009,13370.3125,97,255,10001,"[0, 100000]","[0, 100000]",0,0,11425,29199
yolov8x_training,1942.908742,75,138.974,13370.3125,100,2295,10001,"[0, 100000]","[0, 100000]",0,0,1513,5175
yolov8x_training,1943.951583,75,141.980,13370.3125,100,270,10001,"[0, 100000]","[0, 100000]",0,0,634,2294
yolov8x_training,1945.085510,75,137.582,13370.3125,83,240,10001,"[0, 100000]","[0, 100000]",0,0,11376,29101
yolov8x_training,1946.128289,75,139.023,13370.3125,96,315,10001,"[0, 100000]","[0, 100000]",0,0,1416,7568
yolov8x_training,1947.171025,75,139.058,13370.3125,100,270,10001,"[0, 100000]","[0, 100000]",0,0,976,1416
yolov8x_training,1948.304341,75,138.099,13370.3125,37,240,10001,"[0, 100000]","[0, 100000]",0,0,10595,31542
yolov8x_training,1949.347275,75,137.676,13370.3125,98,210,10001,"[0, 100000]","[0, 100000]",0,0,1367,6933
yolov8x_training,1950.390152,75,138.744,13370.3125,100,270,10001,"[0, 100000]","[0, 100000]",0,0,1074,2832
yolov8x_training,1951.539648,75,139.488,13370.3125,100,240,10001,"[0, 100000]","[0, 100000]",0,0,11425,27685
yolov8x_training,1952.582447,77,138.260,13370.3125,11,315,10001,"[0, 100000]","[0, 100000]",0,0,1367,6933
yolov8x_training,1953.625197,74,139.411,13370.3125,100,315,10001,"[0, 100000]","[0, 100000]",0,0,1171,537
yolov8x_training,1954.777629,75,136.083,13370.3125,100,225,10001,"[0, 100000]","[0, 100000]",0,0,11425,28466
yolov8x_training,1955.820460,75,137.786,13370.3125,100,225,10001,"[0, 100000]","[0, 100000]",0,0,1367,6884
yolov8x_training,1956.863186,75,138.553,13370.3125,87,510,10001,"[0, 100000]","[0, 100000]",0,0,1171,2734
yolov8x_training,1958.028891,75,140.352,13370.3125,100,285,10001,"[0, 100000]","[0, 100000]",0,0,9912,37402
yolov8x_training,1959.071828,75,139.257,13370.3125,100,210,10001,"[0, 100000]","[0, 100000]",0,0,1464,5859
yolov8x_training,1960.114722,75,138.180,13370.3125,100,315,10001,"[0, 100000]","[0, 100000]",0,0,1025,1464
yolov8x_training,1961.268407,75,135.316,13370.3125,76,210,10001,"[0, 100000]","[0, 100000]",0,0,9765,37255
yolov8x_training,1962.311856,75,138.172,13370.3125,97,225,10001,"[0, 100000]","[0, 100000]",0,0,1367,7714
yolov8x_training,1963.354610,75,138.872,13370.3125,100,285,10001,"[0, 100000]","[0, 100000]",0,0,683,2490
yolov8x_training,1964.503601,74,138.852,13370.3125,100,270,10001,"[0, 100000]","[0, 100000]",0,0,10009,37695
yolov8x_training,1965.546598,75,137.306,13370.3125,44,240,10001,"[0, 100000]","[0, 100000]",0,0,1562,6103
yolov8x_training,1966.589545,76,138.231,13370.3125,100,225,10001,"[0, 100000]","[0, 100000]",0,0,1074,1464
yolov8x_training,1967.732099,75,134.135,13370.3125,100,285,10001,"[0, 100000]","[0, 100000]",0,0,10205,36376
yolov8x_training,1968.775131,75,137.894,13370.3125,100,270,10001,"[0, 100000]","[0, 100000]",0,0,1611,7128
yolov8x_training,1969.817836,75,138.807,13370.3125,60,405,10001,"[0, 100000]","[0, 100000]",0,0,1123,3955
yolov8x_training,1971.004208,75,139.124,13370.3125,100,255,10001,"[0, 100000]","[0, 100000]",0,0,11376,27685
yolov8x_training,1972.047029,75,137.885,13370.3125,100,240,10001,"[0, 100000]","[0, 100000]",0,0,1416,7128
yolov8x_training,1973.089795,76,139.303,13370.3125,100,225,10001,"[0, 100000]","[0, 100000]",0,0,976,1464
yolov8x_training,1974.258132,75,133.778,13370.3125,90,255,10001,"[0, 100000]","[0, 100000]",0,0,10156,37695
yolov8x_training,1975.301042,75,138.684,13370.3125,96,240,10001,"[0, 100000]","[0, 100000]",0,0,1416,6689
yolov8x_training,1976.344118,75,137.970,13370.3125,100,450,10001,"[0, 100000]","[0, 100000]",0,0,1171,2197
yolov8x_training,1977.490379,75,139.327,13370.3125,100,240,10001,"[0, 100000]","[0, 100000]",0,0,11474,27539
yolov8x_training,1978.533140,75,137.516,13370.3125,47,255,10001,"[0, 100000]","[0, 100000]",0,0,1416,7373
yolov8x_training,1979.575961,76,136.607,13370.3125,100,270,10001,"[0, 100000]","[0, 100000]",0,0,1171,537
yolov8x_training,1980.702226,75,135.788,13370.3125,100,540,10001,"[0, 100000]","[0, 100000]",0,0,11230,28466
yolov8x_training,1981.745083,75,139.141,13370.3125,100,270,10001,"[0, 100000]","[0, 100000]",0,0,1269,6689
yolov8x_training,1982.787803,75,138.065,13370.3125,16,225,10001,"[0, 100000]","[0, 100000]",0,0,1074,1464
yolov8x_training,1983.914228,74,139.607,13370.3125,97,270,10001,"[0, 100000]","[0, 100000]",0,0,10449,32910
yolov8x_training,1984.957057,75,134.802,13370.3125,100,630,10001,"[0, 100000]","[0, 100000]",0,0,1367,7421
yolov8x_training,1985.999768,75,138.437,13370.3125,100,240,10001,"[0, 100000]","[0, 100000]",0,0,927,1464
yolov8x_training,1987.129048,75,139.751,13370.3125,11,2370,10001,"[0, 100000]","[0, 100000]",0,0,11328,26708
yolov8x_training,1988.171803,74,143.673,13370.3125,99,585,10001,"[0, 100000]","[0, 100000]",0,0,1562,7031
yolov8x_training,1989.214593,75,138.411,13370.3125,100,225,10001,"[0, 100000]","[0, 100000]",0,0,976,2685
yolov8x_training,1990.392154,74,137.472,13370.3125,71,285,10001,"[0, 100000]","[0, 100000]",0,0,10644,31982
yolov8x_training,1991.435019,75,140.017,13370.3125,100,1530,10001,"[0, 100000]","[0, 100000]",0,0,1513,5664
yolov8x_training,1992.477967,75,139.154,13370.3125,100,255,10001,"[0, 100000]","[0, 100000]",0,0,732,1562
yolov8x_training,1993.606644,75,138.881,13370.3125,100,210,10001,"[0, 100000]","[0, 100000]",0,0,11718,25634
yolov8x_training,1994.649502,75,140.698,13370.3125,83,435,10001,"[0, 100000]","[0, 100000]",0,0,1367,7031
yolov8x_training,1995.692283,74,138.216,13370.3125,90,270,10001,"[0, 100000]","[0, 100000]",0,0,1123,3271
yolov8x_training,1996.843068,75,139.064,13370.3125,96,210,10001,"[0, 100000]","[0, 100000]",0,0,12060,22216
yolov8x_training,1997.885891,75,138.097,13370.3125,100,2490,10001,"[0, 100000]","[0, 100000]",0,0,1367,7373
yolov8x_training,1998.928665,75,141.812,13370.3125,100,285,10001,"[0, 100000]","[0, 100000]",0,0,1123,878
yolov8x_training,2000.078325,75,139.090,13370.3125,57,240,10001,"[0, 100000]","[0, 100000]",0,0,11718,25244
yolov8x_training,2001.121099,75,138.568,13370.3125,96,360,10001,"[0, 100000]","[0, 100000]",0,0,1464,7568
yolov8x_training,2002.163815,75,138.387,13370.3125,100,270,10001,"[0, 100000]","[0, 100000]",0,0,1074,3759
yolov8x_training,2003.350689,75,138.946,13370.3125,31,225,10001,"[0, 100000]","[0, 100000]",0,0,10205,37402
yolov8x_training,2004.393790,75,138.460,13370.3125,100,2460,10001,"[0, 100000]","[0, 100000]",0,0,1416,7373
yolov8x_training,2005.436538,75,142.276,13370.3125,100,285,10001,"[0, 100000]","[0, 100000]",0,0,1074,878
yolov8x_training,2006.589908,75,137.883,13370.3125,100,225,10001,"[0, 100000]","[0, 100000]",0,0,9960,36621
yolov8x_training,2007.633062,75,138.606,13370.3125,71,300,10001,"[0, 100000]","[0, 100000]",0,0,1367,7519
yolov8x_training,2008.676037,76,139.302,13370.3125,96,270,10001,"[0, 100000]","[0, 100000]",0,0,976,2734
yolov8x_training,2009.844314,75,138.994,13370.3125,98,240,10001,"[0, 100000]","[0, 100000]",0,0,11523,26562
yolov8x_training,2010.887206,75,139.594,13370.3125,100,2490,10001,"[0, 100000]","[0, 100000]",0,0,1367,6494
yolov8x_training,2011.930002,75,140.758,13370.3125,100,255,10001,"[0, 100000]","[0, 100000]",0,0,1025,2246
yolov8x_training,2013.073498,75,138.762,13370.3125,44,225,10001,"[0, 100000]","[0, 100000]",0,0,10156,37451
yolov8x_training,2014.116515,75,138.427,13370.3125,97,360,10001,"[0, 100000]","[0, 100000]",0,0,1367,6982
yolov8x_training,2015.159195,76,138.965,13370.3125,100,255,10001,"[0, 100000]","[0, 100000]",0,0,1123,2197
yolov8x_training,2016.326911,75,138.955,13370.3125,20,240,10001,"[0, 100000]","[0, 100000]",0,0,11328,27636
yolov8x_training,2017.369717,75,139.632,13370.3125,100,2310,10001,"[0, 100000]","[0, 100000]",0,0,1464,7031
yolov8x_training,2018.412540,75,142.681,13370.3125,100,300,10001,"[0, 100000]","[0, 100000]",0,0,1220,1953
yolov8x_training,2019.592210,75,137.286,13370.3125,100,210,10001,"[0, 100000]","[0, 100000]",0,0,11425,26855
yolov8x_training,2020.635011,75,138.829,13370.3125,78,450,10001,"[0, 100000]","[0, 100000]",0,0,1367,6591
yolov8x_training,2021.677893,75,140.226,13370.3125,79,270,10001,"[0, 100000]","[0, 100000]",0,0,1123,3906
yolov8x_training,2022.861103,75,139.455,13370.3125,98,210,10001,"[0, 100000]","[0, 100000]",0,0,11425,27832
yolov8x_training,2023.903883,75,139.162,13370.3125,100,1177,10001,"[0, 100000]","[0, 100000]",0,0,1367,7421
yolov8x_training,2024.946722,75,140.596,13370.3125,100,285,10001,"[0, 100000]","[0, 100000]",0,0,1074,1025
yolov8x_training,2026.116993,75,138.111,13370.3125,30,210,10001,"[0, 100000]","[0, 100000]",0,0,10205,35449
yolov8x_training,2027.159750,78,143.915,13370.3125,99,540,10001,"[0, 100000]","[0, 100000]",0,0,1416,6982
yolov8x_training,2028.202604,75,135.981,13370.3125,100,255,10001,"[0, 100000]","[0, 100000]",0,0,976,3906
yolov8x_training,2029.245699,76,135.591,13370.3125,100,300,10001,"[0, 100000]","[0, 100000]",0,0,341,292
yolov8x_training,2030.288913,75,137.051,13370.3125,50,240,10001,"[0, 100000]","[0, 100000]",0,0,1318,66992
yolov8x_training,2031.465105,75,132.865,13370.3125,53,210,10001,"[0, 100000]","[0, 100000]",0,0,1074,11816
yolov8x_training,2032.507955,75,138.598,13370.3125,98,240,10001,"[0, 100000]","[0, 100000]",0,0,1123,4199
yolov8x_training,2033.681018,75,139.031,13370.3125,100,2205,10001,"[0, 100000]","[0, 100000]",0,0,9912,37890
yolov8x_training,2034.723984,74,138.881,13370.3125,100,255,10001,"[0, 100000]","[0, 100000]",0,0,1269,6054
yolov8x_training,2035.766728,75,138.388,13370.3125,25,210,10001,"[0, 100000]","[0, 100000]",0,0,439,3173
yolov8x_training,2036.904956,76,138.464,13370.3125,98,270,10001,"[0, 100000]","[0, 100000]",0,0,9863,36083
yolov8x_training,2037.948113,75,135.150,13370.3125,100,225,10001,"[0, 100000]","[0, 100000]",0,0,1953,5908
yolov8x_training,2038.990963,75,137.266,13370.3125,100,255,10001,"[0, 100000]","[0, 100000]",0,0,1123,3662
yolov8x_training,2040.172824,75,139.685,13370.3125,63,2295,10001,"[0, 100000]","[0, 100000]",0,0,12646,19531
yolov8x_training,2041.215706,74,139.196,13370.3125,98,270,10001,"[0, 100000]","[0, 100000]",0,0,2246,4980
yolov8x_training,2042.258517,75,139.707,13370.3125,100,240,10001,"[0, 100000]","[0, 100000]",0,0,1025,4150
yolov8x_training,2043.437223,77,139.479,13370.3125,100,255,10001,"[0, 100000]","[0, 100000]",0,0,10351,35937
yolov8x_training,2044.480135,75,136.060,13370.3125,46,210,10001,"[0, 100000]","[0, 100000]",0,0,1806,6445
yolov8x_training,2045.523025,75,138.051,13370.3125,97,255,10001,"[0, 100000]","[0, 100000]",0,0,1123,2294
yolov8x_training,2046.695539,75,137.223,13370.3125,100,1965,10001,"[0, 100000]","[0, 100000]",0,0,10107,37255
yolov8x_training,2047.738624,74,137.948,13370.3125,100,285,10001,"[0, 100000]","[0, 100000]",0,0,2294,5175
yolov8x_training,2048.781458,75,139.467,13370.3125,31,315,10001,"[0, 100000]","[0, 100000]",0,0,1025,3759
yolov8x_training,2049.966987,74,138.859,13370.3125,100,225,10001,"[0, 100000]","[0, 100000]",0,0,10205,36425
yolov8x_training,2051.010114,75,138.510,13370.3125,100,210,10001,"[0, 100000]","[0, 100000]",0,0,1220,6640
yolov8x_training,2052.052797,75,137.682,13370.3125,100,285,10001,"[0, 100000]","[0, 100000]",0,0,1171,781
yolov8x_training,2053.181992,75,136.141,13370.3125,91,1545,10001,"[0, 100000]","[0, 100000]",0,0,11718,25683
yolov8x_training,2054.224717,74,138.633,13370.3125,99,255,10001,"[0, 100000]","[0, 100000]",0,0,1171,6445
yolov8x_training,2055.267445,75,138.417,13370.3125,100,255,10001,"[0, 100000]","[0, 100000]",0,0,1171,537
yolov8x_training,2056.402348,78,139.538,13370.3125,100,270,10001,"[0, 100000]","[0, 100000]",0,0,10058,37158
yolov8x_training,2057.445338,74,135.686,13370.3125,64,210,10001,"[0, 100000]","[0, 100000]",0,0,1757,5859
yolov8x_training,2058.488070,75,139.357,13370.3125,97,225,10001,"[0, 100000]","[0, 100000]",0,0,1025,1367
yolov8x_training,2059.623351,75,138.415,13370.3125,100,1140,10001,"[0, 100000]","[0, 100000]",0,0,11376,27343
yolov8x_training,2060.666169,74,142.008,13370.3125,100,315,10001,"[0, 100000]","[0, 100000]",0,0,2246,5517
yolov8x_training,2061.709034,74,139.000,13370.3125,64,285,10001,"[0, 100000]","[0, 100000]",0,0,1220,1074
yolov8x_training,2062.856405,75,138.906,13370.3125,97,210,10001,"[0, 100000]","[0, 100000]",0,0,10302,35009
yolov8x_training,2063.899193,75,135.349,13370.3125,100,2085,10001,"[0, 100000]","[0, 100000]",0,0,1171,6591
yolov8x_training,2064.942021,75,140.093,13370.3125,100,300,10001,"[0, 100000]","[0, 100000]",0,0,537,2587
yolov8x_training,2066.047795,75,138.696,13370.3125,41,255,10001,"[0, 100000]","[0, 100000]",0,0,10791,31982
yolov8x_training,2067.090587,75,139.350,13370.3125,97,300,10001,"[0, 100000]","[0, 100000]",0,0,2246,4833
yolov8x_training,2068.133298,75,139.585,13370.3125,100,300,10001,"[0, 100000]","[0, 100000]",0,0,1025,2978
yolov8x_training,2069.288476,75,138.974,13370.3125,18,210,10001,"[0, 100000]","[0, 100000]",0,0,9960,38183
yolov8x_training,2070.331702,75,139.276,13370.3125,100,1680,10001,"[0, 100000]","[0, 100000]",0,0,1464,6201
yolov8x_training,2071.374384,75,142.364,13370.3125,100,525,10001,"[0, 100000]","[0, 100000]",0,0,1123,2832
yolov8x_training,2072.526448,74,139.152,13370.3125,100,240,10001,"[0, 100000]","[0, 100000]",0,0,11132,29052
yolov8x_training,2073.569245,75,138.835,13370.3125,59,210,10001,"[0, 100000]","[0, 100000]",0,0,1171,6152
yolov8x_training,2074.612040,75,139.141,13370.3125,100,255,10001,"[0, 100000]","[0, 100000]",0,0,732,2490
yolov8x_training,2075.748639,75,136.539,13370.3125,100,225,10001,"[0, 100000]","[0, 100000]",0,0,10888,29736
yolov8x_training,2076.791472,75,137.374,13370.3125,100,285,10001,"[0, 100000]","[0, 100000]",0,0,2246,4833
yolov8x_training,2077.834383,75,140.508,13370.3125,91,285,10001,"[0, 100000]","[0, 100000]",0,0,1220,2392
yolov8x_training,2078.996963,74,140.182,13370.3125,100,270,10001,"[0, 100000]","[0, 100000]",0,0,11669,25927
yolov8x_training,2080.039723,75,137.665,13370.3125,98,225,10001,"[0, 100000]","[0, 100000]",0,0,2099,5908
yolov8x_training,2081.082492,75,139.179,13370.3125,100,270,10001,"[0, 100000]","[0, 100000]",0,0,1220,683
yolov8x_training,2082.224301,75,136.056,13370.3125,78,480,10001,"[0, 100000]","[0, 100000]",0,0,10107,38085
yolov8x_training,2083.267538,74,138.201,13370.3125,97,270,10001,"[0, 100000]","[0, 100000]",0,0,2197,5371
yolov8x_training,2084.310253,75,138.347,13370.3125,100,285,10001,"[0, 100000]","[0, 100000]",0,0,1171,2343
yolov8x_training,2085.449881,74,139.188,13370.3125,100,225,10001,"[0, 100000]","[0, 100000]",0,0,10498,32519
yolov8x_training,2086.492747,75,138.971,13370.3125,13,270,10001,"[0, 100000]","[0, 100000]",0,0,2099,5322
yolov8x_training,2087.535547,75,138.723,13370.3125,100,270,10001,"[0, 100000]","[0, 100000]",0,0,976,4150
yolov8x_training,2088.578403,75,141.936,13370.3125,100,840,10001,"[0, 100000]","[0, 100000]",0,0,1562,75097
yolov8x_training,2089.754658,75,138.165,13370.3125,100,270,10001,"[0, 100000]","[0, 100000]",0,0,2001,6054
yolov8x_training,2090.797515,75,139.336,13370.3125,57,210,10001,"[0, 100000]","[0, 100000]",0,0,1074,2099
yolov8x_training,2091.972054,74,139.161,13370.3125,100,225,10001,"[0, 100000]","[0, 100000]",0,0,11474,27880
yolov8x_training,2093.015100,75,139.018,13370.3125,100,225,10001,"[0, 100000]","[0, 100000]",0,0,1464,6201
yolov8x_training,2094.057791,75,138.230,13370.3125,100,270,10001,"[0, 100000]","[0, 100000]",0,0,1123,1953
yolov8x_training,2095.223140,75,134.755,13370.3125,90,1110,10001,"[0, 100000]","[0, 100000]",0,0,10009,38720
yolov8x_training,2096.266053,75,137.808,13370.3125,98,300,10001,"[0, 100000]","[0, 100000]",0,0,1660,6201
yolov8x_training,2097.308901,75,138.696,13370.3125,100,300,10001,"[0, 100000]","[0, 100000]",0,0,1123,3662
yolov8x_training,2098.492844,74,139.829,13370.3125,100,330,10001,"[0, 100000]","[0, 100000]",0,0,11376,29248
yolov8x_training,2099.535615,75,139.238,13370.3125,29,240,10001,"[0, 100000]","[0, 100000]",0,0,1220,6201
yolov8x_training,2100.578316,75,139.146,13370.3125,100,270,10001,"[0, 100000]","[0, 100000]",0,0,781,1660
yolov8x_training,2101.739847,75,135.012,13370.3125,100,360,10001,"[0, 100000]","[0, 100000]",0,0,11181,29199
yolov8x_training,2102.782693,75,138.364,13370.3125,100,285,10001,"[0, 100000]","[0, 100000]",0,0,1269,6054
yolov8x_training,2103.825435,75,138.363,13370.3125,71,300,10001,"[0, 100000]","[0, 100000]",0,0,1025,1025
yolov8x_training,2104.977221,74,140.074,13370.3125,100,315,10001,"[0, 100000]","[0, 100000]",0,0,10253,37304
yolov8x_training,2106.020314,75,139.361,13370.3125,100,255,10001,"[0, 100000]","[0, 100000]",0,0,2246,6005
yolov8x_training,2107.063113,75,138.177,13370.3125,100,270,10001,"[0, 100000]","[0, 100000]",0,0,1123,2099
yolov8x_training,2108.203375,75,135.480,13370.3125,82,660,10001,"[0, 100000]","[0, 100000]",0,0,11181,28613
yolov8x_training,2109.246422,74,138.084,13370.3125,98,285,10001,"[0, 100000]","[0, 100000]",0,0,1660,8056
yolov8x_training,2110.289190,75,139.119,13370.3125,100,285,10001,"[0, 100000]","[0, 100000]",0,0,1123,4101
yolov8x_training,2111.448624,74,138.359,13370.3125,100,210,10001,"[0, 100000]","[0, 100000]",0,0,10351,38769
yolov8x_training,2112.491911,75,139.044,13370.3125,16,300,10001,"[0, 100000]","[0, 100000]",0,0,2050,6250
yolov8x_training,2113.534748,75,137.805,13370.3125,100,270,10001,"[0, 100000]","[0, 100000]",0,0,1074,4101
yolov8x_training,2114.712542,75,135.273,13370.3125,100,675,10001,"[0, 100000]","[0, 100000]",0,0,10156,37646
yolov8x_training,2115.755407,74,137.721,13370.3125,100,285,10001,"[0, 100000]","[0, 100000]",0,0,1855,6298
yolov8x_training,2116.798202,75,138.768,13370.3125,57,315,10001,"[0, 100000]","[0, 100000]",0,0,1074,3222
yolov8x_training,2117.953301,74,139.708,13370.3125,100,255,10001,"[0, 100000]","[0, 100000]",0,0,10644,32910
yolov8x_training,2118.996058,75,138.482,13370.3125,100,210,10001,"[0, 100000]","[0, 100000]",0,0,1318,6054
yolov8x_training,2120.038803,75,138.638,13370.3125,100,240,10001,"[0, 100000]","[0, 100000]",0,0,732,2392
yolov8x_training,2121.198201,75,134.625,13370.3125,89,2355,10001,"[0, 100000]","[0, 100000]",0,0,10302,35156
yolov8x_training,2122.241082,74,141.252,13370.3125,97,240,10001,"[0, 100000]","[0, 100000]",0,0,1367,6445
yolov8x_training,2123.283812,75,138.840,13370.3125,100,255,10001,"[0, 100000]","[0, 100000]",0,0,1220,1025
yolov8x_training,2124.426390,74,138.932,13370.3125,100,270,10001,"[0, 100000]","[0, 100000]",0,0,11523,27099
yolov8x_training,2125.469130,75,138.508,13370.3125,34,210,10001,"[0, 100000]","[0, 100000]",0,0,1855,6103
yolov8x_training,2126.512002,75,139.221,13370.3125,96,210,10001,"[0, 100000]","[0, 100000]",0,0,1123,1416
yolov8x_training,2127.663244,75,138.994,13370.3125,100,2460,10001,"[0, 100000]","[0, 100000]",0,0,10107,36621
yolov8x_training,2128.706177,74,139.940,13370.3125,100,270,10001,"[0, 100000]","[0, 100000]",0,0,2148,4687
yolov8x_training,2129.748985,75,138.952,13370.3125,31,255,10001,"[0, 100000]","[0, 100000]",0,0,1074,4345
yolov8x_training,2130.917557,77,138.753,13370.3125,97,285,10001,"[0, 100000]","[0, 100000]",0,0,10107,36621
yolov8x_training,2131.960569,75,137.197,13370.3125,100,450,10001,"[0, 100000]","[0, 100000]",0,0,1806,6005
yolov8x_training,2133.003377,75,139.947,13370.3125,100,225,10001,"[0, 100000]","[0, 100000]",0,0,1220,1025
yolov8x_training,2134.132580,75,139.026,13370.3125,41,1875,10001,"[0, 100000]","[0, 100000]",0,0,11035,29736
yolov8x_training,2135.175321,74,138.439,13370.3125,97,345,10001,"[0, 100000]","[0, 100000]",0,0,1318,6054
yolov8x_training,2136.218055,75,139.630,13370.3125,100,285,10001,"[0, 100000]","[0, 100000]",0,0,1171,1025
yolov8x_training,2137.365944,75,139.005,13370.3125,25,225,10001,"[0, 100000]","[0, 100000]",0,0,11328,29199
yolov8x_training,2138.408801,76,138.885,13370.3125,100,1065,10001,"[0, 100000]","[0, 100000]",0,0,1171,6054
yolov8x_training,2139.451543,75,142.786,13370.3125,100,285,10001,"[0, 100000]","[0, 100000]",0,0,1074,927
yolov8x_training,2140.571247,75,139.297,13370.3125,100,225,10001,"[0, 100000]","[0, 100000]",0,0,11132,29150
yolov8x_training,2141.614106,75,138.091,13370.3125,40,480,10001,"[0, 100000]","[0, 100000]",0,0,1562,9619
yolov8x_training,2142.657171,74,139.294,13370.3125,100,270,10001,"[0, 100000]","[0, 100000]",0,0,1123,4394
yolov8x_training,2143.843407,75,136.692,13370.3125,100,225,10001,"[0, 100000]","[0, 100000]",0,0,9814,38378
yolov8x_training,2144.886469,75,136.752,13370.3125,100,2385,10001,"[0, 100000]","[0, 100000]",0,0,1855,6884
yolov8x_training,2145.929239,75,142.677,13370.3125,100,285,10001,"[0, 100000]","[0, 100000]",0,0,1123,4199
yolov8x_training,2147.104305,75,138.099,13370.3125,81,225,10001,"[0, 100000]","[0, 100000]",0,0,11425,26416
yolov8x_training,2148.147131,74,138.133,13370.3125,96,450,10001,"[0, 100000]","[0, 100000]",0,0,2197,4687
yolov8x_training,2149.189939,75,139.718,13370.3125,100,270,10001,"[0, 100000]","[0, 100000]",0,0,1171,2343
yolov8x_training,2150.334523,75,137.995,13370.3125,44,225,10001,"[0, 100000]","[0, 100000]",0,0,11865,24267
yolov8x_training,2151.377335,75,139.179,13370.3125,97,2490,10001,"[0, 100000]","[0, 100000]",0,0,1269,6103
yolov8x_training,2152.420128,75,142.313,13370.3125,100,300,10001,"[0, 100000]","[0, 100000]",0,0,732,2148
yolov8x_training,2153.587339,75,139.559,13370.3125,100,270,10001,"[0, 100000]","[0, 100000]",0,0,10156,35156
yolov8x_training,2154.630241,75,139.192,13370.3125,46,465,10001,"[0, 100000]","[0, 100000]",0,0,2001,6494
yolov8x_training,2155.673120,74,139.270,13370.3125,100,270,10001,"[0, 100000]","[0, 100000]",0,0,1220,732
yolov8x_training,2156.841816,75,136.806,13370.3125,100,225,10001,"[0, 100000]","[0, 100000]",0,0,9863,39599
yolov8x_training,2157.884783,75,136.992,13370.3125,100,1200,10001,"[0, 100000]","[0, 100000]",0,0,2294,4687
yolov8x_training,2158.927651,75,142.440,13370.3125,100,270,10001,"[0, 100000]","[0, 100000]",0,0,1074,4882
yolov8x_training,2160.084548,75,139.162,13370.3125,80,210,10001,"[0, 100000]","[0, 100000]",0,0,10839,31396
yolov8x_training,2161.127395,74,138.765,13370.3125,96,555,10001,"[0, 100000]","[0, 100000]",0,0,2246,4785
yolov8x_training,2162.170103,74,139.121,13370.3125,100,300,10001,"[0, 100000]","[0, 100000]",0,0,1074,2099
yolov8x_training,2163.318544,75,137.213,13370.3125,58,225,10001,"[0, 100000]","[0, 100000]",0,0,11230,29150
yolov8x_training,2164.361311,75,137.636,13370.3125,97,345,10001,"[0, 100000]","[0, 100000]",0,0,2001,6542
yolov8x_training,2165.404052,75,140.292,13370.3125,100,600,10001,"[0, 100000]","[0, 100000]",0,0,1074,3808
yolov8x_training,2166.558019,75,140.328,13370.3125,100,210,10001,"[0, 100000]","[0, 100000]",0,0,9960,37500
yolov8x_training,2167.601102,76,139.631,13370.3125,27,375,10001,"[0, 100000]","[0, 100000]",0,0,2246,5029
yolov8x_training,2168.643961,74,139.657,13370.3125,100,315,10001,"[0, 100000]","[0, 100000]",0,0,1074,3955
yolov8x_training,2169.788891,75,136.146,13370.3125,100,210,10001,"[0, 100000]","[0, 100000]",0,0,11328,28466
yolov8x_training,2170.831634,76,138.372,13370.3125,100,210,10001,"[0, 100000]","[0, 100000]",0,0,2050,6201
yolov8x_training,2171.874419,75,138.240,13370.3125,56,285,10001,"[0, 100000]","[0, 100000]",0,0,1123,3759
yolov8x_training,2173.044844,75,139.362,13370.3125,100,240,10001,"[0, 100000]","[0, 100000]",0,0,9960,39746
yolov8x_training,2174.087798,78,138.662,13370.3125,100,300,10001,"[0, 100000]","[0, 100000]",0,0,1269,6054
yolov8x_training,2175.130656,75,138.996,13370.3125,100,255,10001,"[0, 100000]","[0, 100000]",0,0,537,2636
yolov8x_training,2176.260975,75,137.901,13370.3125,100,210,10001,"[0, 100000]","[0, 100000]",0,0,11376,27880
yolov8x_training,2177.303744,75,137.736,13370.3125,97,300,10001,"[0, 100000]","[0, 100000]",0,0,1464,6152
yolov8x_training,2178.346497,75,139.808,13370.3125,100,300,10001,"[0, 100000]","[0, 100000]",0,0,732,2343
yolov8x_training,2179.496178,74,139.092,13370.3125,100,240,10001,"[0, 100000]","[0, 100000]",0,0,10058,37695
yolov8x_training,2180.539102,75,136.039,13370.3125,47,270,10001,"[0, 100000]","[0, 100000]",0,0,2001,6250
yolov8x_training,2181.581909,75,138.297,13370.3125,96,270,10001,"[0, 100000]","[0, 100000]",0,0,1025,3613
yolov8x_training,2182.731812,75,140.171,13370.3125,100,420,10001,"[0, 100000]","[0, 100000]",0,0,10742,32031
yolov8x_training,2183.774584,75,138.993,13370.3125,100,285,10001,"[0, 100000]","[0, 100000]",0,0,2246,5224
yolov8x_training,2184.817436,75,139.192,13370.3125,22,315,10001,"[0, 100000]","[0, 100000]",0,0,1074,3955
yolov8x_training,2185.963351,74,139.578,13370.3125,100,225,10001,"[0, 100000]","[0, 100000]",0,0,11279,27832
yolov8x_training,2187.006152,75,135.646,13370.3125,100,330,10001,"[0, 100000]","[0, 100000]",0,0,1318,10009
yolov8x_training,2188.048930,75,137.338,13370.3125,100,285,10001,"[0, 100000]","[0, 100000]",0,0,1074,4248
yolov8x_training,2189.217913,75,139.139,13370.3125,100,1365,10001,"[0, 100000]","[0, 100000]",0,0,11621,25000
yolov8x_training,2190.260684,75,140.421,13370.3125,100,255,10001,"[0, 100000]","[0, 100000]",0,0,1220,6250
yolov8x_training,2191.303507,75,138.599,13370.3125,100,210,10001,"[0, 100000]","[0, 100000]",0,0,1171,878
yolov8x_training,2192.443429,74,138.838,13370.3125,91,255,10001,"[0, 100000]","[0, 100000]",0,0,11279,29052
yolov8x_training,2193.486205,75,134.152,13370.3125,99,225,10001,"[0, 100000]","[0, 100000]",0,0,1269,6835
yolov8x_training,2194.528907,75,137.446,13370.3125,97,255,10001,"[0, 100000]","[0, 100000]",0,0,976,1367
yolov8x_training,2195.667811,75,138.410,13370.3125,100,2445,10001,"[0, 100000]","[0, 100000]",0,0,10156,38085
yolov8x_training,2196.710821,74,141.849,13370.3125,100,255,10001,"[0, 100000]","[0, 100000]",0,0,2099,5664
yolov8x_training,2197.753567,75,138.634,13370.3125,62,210,10001,"[0, 100000]","[0, 100000]",0,0,1074,634
yolov8x_training,2198.903733,74,138.635,13370.3125,97,285,10001,"[0, 100000]","[0, 100000]",0,0,11425,27294
yolov8x_training,2199.946548,75,137.730,13370.3125,100,645,10001,"[0, 100000]","[0, 100000]",0,0,2294,5273
yolov8x_training,2200.989314,75,138.370,13370.3125,100,255,10001,"[0, 100000]","[0, 100000]",0,0,1123,927
yolov8x_training,2202.132527,75,138.298,13370.3125,39,285,10001,"[0, 100000]","[0, 100000]",0,0,11279,28222
yolov8x_training,2203.175274,74,137.457,13370.3125,97,285,10001,"[0, 100000]","[0, 100000]",0,0,1904,6201
yolov8x_training,2204.218065,75,139.300,13370.3125,100,270,10001,"[0, 100000]","[0, 100000]",0,0,1220,1123
yolov8x_training,2205.354656,77,139.079,13370.3125,14,240,10001,"[0, 100000]","[0, 100000]",0,0,11230,28857
yolov8x_training,2206.397441,75,137.697,13370.3125,100,1080,10001,"[0, 100000]","[0, 100000]",0,0,2246,5029
yolov8x_training,2207.440179,75,141.541,13370.3125,100,285,10001,"[0, 100000]","[0, 100000]",0,0,1074,2880
yolov8x_training,2208.606809,75,138.603,13370.3125,100,255,10001,"[0, 100000]","[0, 100000]",0,0,10107,38671
yolov8x_training,2209.649732,74,139.046,13370.3125,81,315,10001,"[0, 100000]","[0, 100000]",0,0,1123,6201
yolov8x_training,2210.692615,75,139.275,13370.3125,100,315,10001,"[0, 100000]","[0, 100000]",0,0,585,2587
yolov8x_training,2211.838254,75,137.764,13370.3125,100,225,10001,"[0, 100000]","[0, 100000]",0,0,11279,29003
yolov8x_training,2212.881019,75,137.565,13370.3125,100,2505,10001,"[0, 100000]","[0, 100000]",0,0,1953,6250
yolov8x_training,2213.923959,75,143.556,13370.3125,100,360,10001,"[0, 100000]","[0, 100000]",0,0,1123,3710
yolov8x_training,2215.068653,75,139.121,13370.3125,82,210,10001,"[0, 100000]","[0, 100000]",0,0,11279,27783
yolov8x_training,2216.111520,74,139.633,13370.3125,97,285,10001,"[0, 100000]","[0, 100000]",0,0,1074,6591
yolov8x_training,2217.154287,75,138.351,13370.3125,100,315,10001,"[0, 100000]","[0, 100000]",0,0,1220,585
yolov8x_training,2218.292538,75,136.794,13370.3125,60,210,10001,"[0, 100000]","[0, 100000]",0,0,10058,37841
yolov8x_training,2219.335526,75,139.400,13370.3125,97,255,10001,"[0, 100000]","[0, 100000]",0,0,1318,6152
yolov8x_training,2220.378212,75,137.853,13370.3125,100,495,10001,"[0, 100000]","[0, 100000]",0,0,1074,4296
yolov8x_training,2221.544117,74,140.081,13370.3125,100,210,10001,"[0, 100000]","[0, 100000]",0,0,10156,37109
yolov8x_training,2222.587093,75,139.153,13370.3125,42,360,10001,"[0, 100000]","[0, 100000]",0,0,1123,10644
yolov8x_training,2223.629875,75,138.694,13370.3125,100,315,10001,"[0, 100000]","[0, 100000]",0,0,1171,4150
yolov8x_training,2224.811836,75,136.838,13370.3125,100,210,10001,"[0, 100000]","[0, 100000]",0,0,12011,23193
yolov8x_training,2225.854675,75,137.689,13370.3125,100,210,10001,"[0, 100000]","[0, 100000]",0,0,1318,6054
yolov8x_training,2226.897412,75,140.873,13370.3125,76,315,10001,"[0, 100000]","[0, 100000]",0,0,585,2636
yolov8x_training,2228.024347,74,138.608,13370.3125,100,255,10001,"[0, 100000]","[0, 100000]",0,0,10009,38378
yolov8x_training,2229.067382,75,138.668,13370.3125,100,225,10001,"[0, 100000]","[0, 100000]",0,0,1318,6787
yolov8x_training,2230.110091,75,137.845,13370.3125,100,255,10001,"[0, 100000]","[0, 100000]",0,0,1269,976
yolov8x_training,2231.244265,75,133.614,13370.3125,100,210,10001,"[0, 100000]","[0, 100000]",0,0,10205,35986
yolov8x_training,2232.287132,74,138.154,13370.3125,98,270,10001,"[0, 100000]","[0, 100000]",0,0,1220,10058
yolov8x_training,2233.329897,75,138.465,13370.3125,100,375,10001,"[0, 100000]","[0, 100000]",0,0,1123,3808
yolov8x_training,2234.513567,74,138.551,13370.3125,100,255,10001,"[0, 100000]","[0, 100000]",0,0,10302,37158
yolov8x_training,2235.556553,75,138.820,13370.3125,11,300,10001,"[0, 100000]","[0, 100000]",0,0,1660,7812
yolov8x_training,2236.599338,75,138.514,13370.3125,100,255,10001,"[0, 100000]","[0, 100000]",0,0,1074,3710
yolov8x_training,2237.756566,75,134.476,13370.3125,100,210,10001,"[0, 100000]","[0, 100000]",0,0,10156,37402
yolov8x_training,2238.799607,74,138.139,13370.3125,100,285,10001,"[0, 100000]","[0, 100000]",0,0,1318,6152
yolov8x_training,2239.842289,75,139.520,13370.3125,36,270,10001,"[0, 100000]","[0, 100000]",0,0,1123,1904
yolov8x_training,2240.992082,74,139.014,13370.3125,100,300,10001,"[0, 100000]","[0, 100000]",0,0,11181,29150
yolov8x_training,2242.034896,75,137.663,13370.3125,100,210,10001,"[0, 100000]","[0, 100000]",0,0,1269,6201
yolov8x_training,2243.077602,75,138.547,13370.3125,100,240,10001,"[0, 100000]","[0, 100000]",0,0,585,2392
yolov8x_training,2244.184909,75,139.675,13370.3125,51,2190,10001,"[0, 100000]","[0, 100000]",0,0,11425,27490
yolov8x_training,2245.227629,74,141.396,13370.3125,100,300,10001,"[0, 100000]","[0, 100000]",0,0,1269,6396
yolov8x_training,2246.270341,75,138.391,13370.3125,100,240,10001,"[0, 100000]","[0, 100000]",0,0,634,2636
yolov8x_training,2247.379382,75,138.357,13370.3125,51,255,10001,"[0, 100000]","[0, 100000]",0,0,11230,28857
yolov8x_training,2248.422349,75,139.541,13370.3125,100,1890,10001,"[0, 100000]","[0, 100000]",0,0,1269,6738
yolov8x_training,2249.465205,75,140.796,13370.3125,100,300,10001,"[0, 100000]","[0, 100000]",0,0,537,2783
yolov8x_training,2250.575502,75,138.078,13370.3125,100,210,10001,"[0, 100000]","[0, 100000]",0,0,10009,38085
yolov8x_training,2251.618347,75,138.777,13370.3125,72,315,10001,"[0, 100000]","[0, 100000]",0,0,1220,6005
yolov8x_training,2252.661170,75,138.123,13370.3125,100,315,10001,"[0, 100000]","[0, 100000]",0,0,1123,1953
yolov8x_training,2253.811771,75,137.414,13370.3125,100,225,10001,"[0, 100000]","[0, 100000]",0,0,11181,29003
yolov8x_training,2254.854552,75,138.259,13370.3125,100,240,10001,"[0, 100000]","[0, 100000]",0,0,1171,6152
yolov8x_training,2255.897241,75,142.075,13370.3125,91,285,10001,"[0, 100000]","[0, 100000]",0,0,781,1855
yolov8x_training,2257.015704,74,139.560,13370.3125,100,300,10001,"[0, 100000]","[0, 100000]",0,0,10693,32958
yolov8x_training,2258.058589,75,139.653,13370.3125,100,240,10001,"[0, 100000]","[0, 100000]",0,0,1220,6494
yolov8x_training,2259.101328,75,138.260,13370.3125,100,270,10001,"[0, 100000]","[0, 100000]",0,0,1171,2294
yolov8x_training,2260.242924,75,134.249,13370.3125,98,660,10001,"[0, 100000]","[0, 100000]",0,0,11523,26171
yolov8x_training,2261.285671,74,138.917,13370.3125,97,255,10001,"[0, 100000]","[0, 100000]",0,0,1171,6054
yolov8x_training,2262.328516,75,139.393,13370.3125,100,210,10001,"[0, 100000]","[0, 100000]",0,0,878,1367
yolov8x_training,2263.463709,77,139.061,13370.3125,100,255,10001,"[0, 100000]","[0, 100000]",0,0,11621,26025
yolov8x_training,2264.506444,75,136.060,13370.3125,60,210,10001,"[0, 100000]","[0, 100000]",0,0,1220,6201
yolov8x_training,2265.549173,75,138.412,13370.3125,98,210,10001,"[0, 100000]","[0, 100000]",0,0,488,2539
yolov8x_training,2266.673105,75,138.856,13370.3125,100,2505,10001,"[0, 100000]","[0, 100000]",0,0,11230,28662
yolov8x_training,2267.716014,74,141.347,13370.3125,100,285,10001,"[0, 100000]","[0, 100000]",0,0,1220,6201
yolov8x_training,2268.758749,75,138.592,13370.3125,45,270,10001,"[0, 100000]","[0, 100000]",0,0,781,2148
yolov8x_training,2269.904131,75,138.569,13370.3125,97,240,10001,"[0, 100000]","[0, 100000]",0,0,11572,25927
yolov8x_training,2270.947052,76,133.241,13370.3125,100,1545,10001,"[0, 100000]","[0, 100000]",0,0,1123,6005
yolov8x_training,2271.989944,75,137.615,13370.3125,100,255,10001,"[0, 100000]","[0, 100000]",0,0,732,2343
yolov8x_training,2273.111105,75,138.708,13370.3125,21,225,10001,"[0, 100000]","[0, 100000]",0,0,10302,36083
yolov8x_training,2274.154017,77,141.765,13370.3125,96,315,10001,"[0, 100000]","[0, 100000]",0,0,1123,6201
yolov8x_training,2275.196756,75,139.893,13370.3125,100,300,10001,"[0, 100000]","[0, 100000]",0,0,537,2685
yolov8x_training,2276.315903,75,138.984,13370.3125,19,225,10001,"[0, 100000]","[0, 100000]",0,0,11474,27148
yolov8x_training,2277.358780,75,138.575,13370.3125,100,210,10001,"[0, 100000]","[0, 100000]",0,0,1513,6201
yolov8x_training,2278.401512,75,143.337,13370.3125,100,555,10001,"[0, 100000]","[0, 100000]",0,0,1220,1025
yolov8x_training,2279.562015,74,139.472,13370.3125,100,225,10001,"[0, 100000]","[0, 100000]",0,0,10205,37597
yolov8x_training,2280.605176,75,139.227,13370.3125,59,300,10001,"[0, 100000]","[0, 100000]",0,0,1367,6054
yolov8x_training,2281.647975,76,139.257,13370.3125,100,225,10001,"[0, 100000]","[0, 100000]",0,0,488,2832
yolov8x_training,2282.770054,75,136.409,13370.3125,100,330,10001,"[0, 100000]","[0, 100000]",0,0,11279,28955
yolov8x_training,2283.813104,75,137.689,13370.3125,100,255,10001,"[0, 100000]","[0, 100000]",0,0,2148,5322
yolov8x_training,2284.855898,75,141.004,13370.3125,76,270,10001,"[0, 100000]","[0, 100000]",0,0,1220,585
yolov8x_training,2286.014300,74,138.825,13370.3125,100,300,10001,"[0, 100000]","[0, 100000]",0,0,11816,24755
yolov8x_training,2287.057131,75,138.781,13370.3125,100,255,10001,"[0, 100000]","[0, 100000]",0,0,1123,6640
yolov8x_training,2288.099883,75,137.686,13370.3125,100,270,10001,"[0, 100000]","[0, 100000]",0,0,1367,1074
yolov8x_training,2289.248183,75,134.730,13370.3125,96,300,10001,"[0, 100000]","[0, 100000]",0,0,11718,25097
yolov8x_training,2290.290944,74,138.743,13370.3125,96,240,10001,"[0, 100000]","[0, 100000]",0,0,1269,6250
yolov8x_training,2291.333705,75,139.341,13370.3125,100,210,10001,"[0, 100000]","[0, 100000]",0,0,830,1367
yolov8x_training,2292.481720,74,137.425,13370.3125,100,300,10001,"[0, 100000]","[0, 100000]",0,0,10595,32958
yolov8x_training,2293.524527,75,138.737,13370.3125,31,270,10001,"[0, 100000]","[0, 100000]",0,0,2197,4980
yolov8x_training,2294.567508,75,138.767,13370.3125,97,255,10001,"[0, 100000]","[0, 100000]",0,0,1123,1806
yolov8x_training,2295.716761,75,135.821,13370.3125,100,1620,10001,"[0, 100000]","[0, 100000]",0,0,10693,32421
yolov8x_training,2296.759563,74,137.855,13370.3125,100,225,10001,"[0, 100000]","[0, 100000]",0,0,2148,4785
yolov8x_training,2297.802364,75,139.484,13370.3125,32,240,10001,"[0, 100000]","[0, 100000]",0,0,1171,1953
yolov8x_training,2298.964520,78,138.708,13370.3125,100,270,10001,"[0, 100000]","[0, 100000]",0,0,10156,38623
yolov8x_training,2300.007521,75,137.109,13370.3125,100,210,10001,"[0, 100000]","[0, 100000]",0,0,1367,6591
yolov8x_training,2301.050275,75,138.746,13370.3125,100,255,10001,"[0, 100000]","[0, 100000]",0,0,1123,439
yolov8x_training,2302.093167,75,135.326,13370.3125,71,1575,10001,"[0, 100000]","[0, 100000]",0,0,292,341
yolov8x_training,2303.170256,75,133.131,13370.3125,11,285,10001,"[0, 100000]","[0, 100000]",0,0,11328,28906
yolov8x_training,2304.213050,76,142.277,13370.3125,100,525,10001,"[0, 100000]","[0, 100000]",0,0,1513,5957
yolov8x_training,2305.255960,74,138.857,13370.3125,100,270,10001,"[0, 100000]","[0, 100000]",0,0,927,1123
yolov8x_training,2306.396255,75,139.335,13370.3125,70,225,10001,"[0, 100000]","[0, 100000]",0,0,10253,33740
yolov8x_training,2307.439338,75,139.261,13370.3125,100,2430,10001,"[0, 100000]","[0, 100000]",0,0,1513,6640
yolov8x_training,2308.482343,75,139.567,13370.3125,100,255,10001,"[0, 100000]","[0, 100000]",0,0,878,1416
yolov8x_training,2309.628430,75,137.092,13370.3125,100,255,10001,"[0, 100000]","[0, 100000]",0,0,10400,34521
yolov8x_training,2310.671312,78,143.618,13370.3125,100,345,10001,"[0, 100000]","[0, 100000]",0,0,1416,7861
yolov8x_training,2311.714070,76,139.414,13370.3125,100,300,10001,"[0, 100000]","[0, 100000]",0,0,634,2197
yolov8x_training,2312.851409,75,139.063,13370.3125,98,225,10001,"[0, 100000]","[0, 100000]",0,0,10009,37695
yolov8x_training,2313.894294,76,137.849,13370.3125,100,210,10001,"[0, 100000]","[0, 100000]",0,0,1318,6787
yolov8x_training,2314.937103,75,141.548,13370.3125,100,450,10001,"[0, 100000]","[0, 100000]",0,0,1171,1953
yolov8x_training,2316.096414,75,138.618,13370.3125,44,255,10001,"[0, 100000]","[0, 100000]",0,0,9179,40380
yolov8x_training,2317.139206,75,141.463,13370.3125,97,270,10001,"[0, 100000]","[0, 100000]",0,0,1416,6982
yolov8x_training,2318.182062,75,139.845,13370.3125,100,285,10001,"[0, 100000]","[0, 100000]",0,0,585,2587
yolov8x_training,2319.309955,75,139.384,13370.3125,15,240,10001,"[0, 100000]","[0, 100000]",0,0,11181,28271
yolov8x_training,2320.352749,75,139.512,13370.3125,96,240,10001,"[0, 100000]","[0, 100000]",0,0,1513,5908
yolov8x_training,2321.395666,75,140.939,13370.3125,100,360,10001,"[0, 100000]","[0, 100000]",0,0,634,2099
yolov8x_training,2322.556545,74,139.840,13370.3125,100,240,10001,"[0, 100000]","[0, 100000]",0,0,11572,25439
yolov8x_training,2323.599286,75,138.227,13370.3125,32,225,10001,"[0, 100000]","[0, 100000]",0,0,1464,5859
yolov8x_training,2324.642306,75,138.462,13370.3125,100,270,10001,"[0, 100000]","[0, 100000]",0,0,976,732
yolov8x_training,2325.778100,75,136.355,13370.3125,100,240,10001,"[0, 100000]","[0, 100000]",0,0,10156,34716
yolov8x_training,2326.820961,75,138.591,13370.3125,100,240,10001,"[0, 100000]","[0, 100000]",0,0,1513,5224
yolov8x_training,2327.863732,75,139.094,13370.3125,51,210,10001,"[0, 100000]","[0, 100000]",0,0,976,341
yolov8x_training,2329.005905,74,138.454,13370.3125,100,255,10001,"[0, 100000]","[0, 100000]",0,0,11181,28125
yolov8x_training,2330.048734,75,138.343,13370.3125,100,225,10001,"[0, 100000]","[0, 100000]",0,0,1464,7031
yolov8x_training,2331.091505,75,139.356,13370.3125,100,255,10001,"[0, 100000]","[0, 100000]",0,0,634,2197
yolov8x_training,2332.243647,75,133.908,13370.3125,94,1650,10001,"[0, 100000]","[0, 100000]",0,0,10791,29785
yolov8x_training,2333.286457,74,138.118,13370.3125,98,240,10001,"[0, 100000]","[0, 100000]",0,0,1416,6689
yolov8x_training,2334.329211,75,138.731,13370.3125,100,240,10001,"[0, 100000]","[0, 100000]",0,0,585,2392
yolov8x_training,2335.500519,74,138.254,13370.3125,100,270,10001,"[0, 100000]","[0, 100000]",0,0,11328,28125
yolov8x_training,2336.543244,75,138.385,13370.3125,33,210,10001,"[0, 100000]","[0, 100000]",0,0,1416,7324
yolov8x_training,2337.585990,75,138.555,13370.3125,97,225,10001,"[0, 100000]","[0, 100000]",0,0,830,1562
yolov8x_training,2338.737425,75,134.065,13370.3125,100,1560,10001,"[0, 100000]","[0, 100000]",0,0,11279,28125
yolov8x_training,2339.780196,74,138.036,13370.3125,100,240,10001,"[0, 100000]","[0, 100000]",0,0,1513,5175
yolov8x_training,2340.823098,75,138.425,13370.3125,13,285,10001,"[0, 100000]","[0, 100000]",0,0,830,292
yolov8x_training,2341.944808,76,139.113,13370.3125,100,225,10001,"[0, 100000]","[0, 100000]",0,0,11816,24023
yolov8x_training,2342.987570,75,134.899,13370.3125,100,1530,10001,"[0, 100000]","[0, 100000]",0,0,1416,5615
yolov8x_training,2344.030462,75,137.579,13370.3125,100,240,10001,"[0, 100000]","[0, 100000]",0,0,537,2587
yolov8x_training,2345.196921,75,136.869,13370.3125,49,2505,10001,"[0, 100000]","[0, 100000]",0,0,11962,23437
yolov8x_training,2346.239732,74,139.741,13370.3125,100,615,10001,"[0, 100000]","[0, 100000]",0,0,1513,5224
yolov8x_training,2347.282516,75,138.066,13370.3125,100,285,10001,"[0, 100000]","[0, 100000]",0,0,976,292
yolov8x_training,2348.411737,77,138.672,13370.3125,100,210,10001,"[0, 100000]","[0, 100000]",0,0,12597,17822
yolov8x_training,2349.454533,75,139.336,13370.3125,100,2430,10001,"[0, 100000]","[0, 100000]",0,0,1513,5224
yolov8x_training,2350.497297,75,141.628,13370.3125,100,420,10001,"[0, 100000]","[0, 100000]",0,0,878,341
yolov8x_training,2351.603186,75,139.496,13370.3125,100,255,10001,"[0, 100000]","[0, 100000]",0,0,10058,36132
yolov8x_training,2352.646266,76,139.242,13370.3125,94,285,10001,"[0, 100000]","[0, 100000]",0,0,1416,5615
yolov8x_training,2353.689132,75,139.218,13370.3125,100,225,10001,"[0, 100000]","[0, 100000]",0,0,976,439
yolov8x_training,2354.808675,75,133.541,13370.3125,100,285,10001,"[0, 100000]","[0, 100000]",0,0,10205,36035
yolov8x_training,2355.851588,75,137.256,13370.3125,100,255,10001,"[0, 100000]","[0, 100000]",0,0,1367,6787
yolov8x_training,2356.894423,75,139.389,13370.3125,15,315,10001,"[0, 100000]","[0, 100000]",0,0,439,3173
yolov8x_training,2357.937384,75,137.191,13370.3125,100,285,10001,"[0, 100000]","[0, 100000]",0,0,1757,75048
yolov8x_training,2359.099432,75,137.286,13370.3125,100,225,10001,"[0, 100000]","[0, 100000]",0,0,1269,6738
yolov8x_training,2360.142139,76,139.432,13370.3125,100,255,10001,"[0, 100000]","[0, 100000]",0,0,732,1318
yolov8x_training,2361.311045,75,133.413,13370.3125,100,225,10001,"[0, 100000]","[0, 100000]",0,0,11718,24853
yolov8x_training,2362.354098,75,137.408,13370.3125,98,255,10001,"[0, 100000]","[0, 100000]",0,0,1367,7714
yolov8x_training,2363.396894,75,138.334,13370.3125,100,360,10001,"[0, 100000]","[0, 100000]",0,0,634,2197
yolov8x_training,2364.554083,74,139.657,13370.3125,100,255,10001,"[0, 100000]","[0, 100000]",0,0,11523,26806
yolov8x_training,2365.596848,75,136.053,13370.3125,62,240,10001,"[0, 100000]","[0, 100000]",0,0,1416,6494
yolov8x_training,2366.639632,76,138.224,13370.3125,97,270,10001,"[0, 100000]","[0, 100000]",0,0,390,2978
yolov8x_training,2367.780030,75,135.987,13370.3125,100,210,10001,"[0, 100000]","[0, 100000]",0,0,9912,36328
yolov8x_training,2368.822984,75,137.732,13370.3125,100,255,10001,"[0, 100000]","[0, 100000]",0,0,1171,7080
yolov8x_training,2369.865792,75,138.819,13370.3125,18,255,10001,"[0, 100000]","[0, 100000]",0,0,830,1416
yolov8x_training,2371.039351,74,139.227,13370.3125,97,255,10001,"[0, 100000]","[0, 100000]",0,0,11669,24658
yolov8x_training,2372.082138,75,134.376,13370.3125,100,225,10001,"[0, 100000]","[0, 100000]",0,0,1416,6689
yolov8x_training,2373.124851,75,138.782,13370.3125,100,270,10001,"[0, 100000]","[0, 100000]",0,0,927,1123
yolov8x_training,2374.268351,75,138.080,13370.3125,100,705,10001,"[0, 100000]","[0, 100000]",0,0,10253,36425
yolov8x_training,2375.311202,75,140.084,13370.3125,100,240,10001,"[0, 100000]","[0, 100000]",0,0,1367,7128
yolov8x_training,2376.354046,75,138.737,13370.3125,100,225,10001,"[0, 100000]","[0, 100000]",0,0,634,2490
yolov8x_training,2377.396765,74,139.317,13370.3125,96,255,10001,"[0, 100000]","[0, 100000]",0,0,89501,20947
yolov8x_training,2378.471023,74,134.166,13370.3125,0,255,10001,"[0, 100000]","[0, 100000]",0,0,9960,37597
yolov8x_training,2379.514490,75,128.036,13370.3125,60,360,10001,"[0, 100000]","[0, 100000]",0,0,1269,12158
yolov8x_training,2380.557340,75,136.613,13370.3125,98,270,10001,"[0, 100000]","[0, 100000]",0,0,1171,3857
yolov8x_training,2381.599922,75,138.136,13370.3125,100,255,10001,"[0, 100000]","[0, 100000]",0,0,68261,23681
yolov8x_training,2382.779427,75,137.204,13370.3125,100,255,10001,"[0, 100000]","[0, 100000]",0,0,1416,10449
yolov8x_training,2383.822309,76,139.022,13370.3125,21,300,10001,"[0, 100000]","[0, 100000]",0,0,1123,4199
yolov8x_training,2384.996117,74,139.163,13370.3125,97,210,10001,"[0, 100000]","[0, 100000]",0,0,10058,38623
yolov8x_training,2386.039180,75,136.458,13370.3125,100,285,10001,"[0, 100000]","[0, 100000]",0,0,1416,5615
yolov8x_training,2387.081891,75,137.304,13370.3125,100,210,10001,"[0, 100000]","[0, 100000]",0,0,976,80566
yolov8x_training,2388.209510,75,138.552,13370.3125,13,2475,10001,"[0, 100000]","[0, 100000]",0,0,10546,32714
yolov8x_training,2389.252277,74,144.009,13370.3125,100,420,10001,"[0, 100000]","[0, 100000]",0,0,1367,6445
yolov8x_training,2390.295016,75,139.908,13370.3125,100,270,10001,"[0, 100000]","[0, 100000]",0,0,1123,62304
yolov8x_training,2391.412974,78,139.276,13370.3125,11,240,10001,"[0, 100000]","[0, 100000]",0,0,11328,28515
yolov8x_training,2392.456258,75,138.379,13370.3125,100,2430,10001,"[0, 100000]","[0, 100000]",0,0,1416,7421
yolov8x_training,2393.499108,75,142.143,13370.3125,100,285,10001,"[0, 100000]","[0, 100000]",0,0,683,2832
yolov8x_training,2394.672097,75,137.732,13370.3125,100,300,10001,"[0, 100000]","[0, 100000]",0,0,11328,29003
yolov8x_training,2395.714830,74,138.701,13370.3125,72,405,10001,"[0, 100000]","[0, 100000]",0,0,1318,6689
yolov8x_training,2396.757571,75,139.387,13370.3125,100,285,10001,"[0, 100000]","[0, 100000]",0,0,976,33789
yolov8x_training,2397.903195,75,139.017,13370.3125,97,225,10001,"[0, 100000]","[0, 100000]",0,0,11279,29052
yolov8x_training,2398.946040,76,137.714,13370.3125,100,2475,10001,"[0, 100000]","[0, 100000]",0,0,1367,7421
yolov8x_training,2399.988971,75,138.252,13370.3125,100,225,10001,"[0, 100000]","[0, 100000]",0,0,976,4003
yolov8x_training,2401.031842,75,135.320,13370.3125,22,345,10001,"[0, 100000]","[0, 100000]",0,0,341,292
yolov8x_training,2402.074606,75,135.888,13370.3125,32,2505,10001,"[0, 100000]","[0, 100000]",0,0,90332,17822
yolov8x_training,2403.260941,75,138.905,13370.3125,100,225,10001,"[0, 100000]","[0, 100000]",0,0,1171,13964
yolov8x_training,2404.303782,77,138.572,13370.3125,100,315,10001,"[0, 100000]","[0, 100000]",0,0,1025,3808
yolov8x_training,2405.493179,74,139.279,13370.3125,100,225,10001,"[0, 100000]","[0, 100000]",0,0,11376,29052
yolov8x_training,2406.536074,75,134.181,13370.3125,100,285,10001,"[0, 100000]","[0, 100000]",0,0,1367,8007
yolov8x_training,2407.578791,75,137.602,13370.3125,98,270,10001,"[0, 100000]","[0, 100000]",0,0,1074,3857
yolov8x_training,2408.726571,75,139.844,13370.3125,100,1650,10001,"[0, 100000]","[0, 100000]",0,0,9863,38720
yolov8x_training,2409.769509,75,141.643,13370.3125,100,285,10001,"[0, 100000]","[0, 100000]",0,0,1611,6982
yolov8x_training,2410.812322,75,138.046,13370.3125,31,315,10001,"[0, 100000]","[0, 100000]",0,0,976,3808
yolov8x_training,2412.000269,74,138.771,13370.3125,100,225,10001,"[0, 100000]","[0, 100000]",0,0,10058,39697
yolov8x_training,2413.043136,75,134.074,13370.3125,100,285,10001,"[0, 100000]","[0, 100000]",0,0,1318,6689
yolov8x_training,2414.085942,75,137.794,13370.3125,100,270,10001,"[0, 100000]","[0, 100000]",0,0,1123,3271
yolov8x_training,2415.226914,75,139.562,13370.3125,55,1515,10001,"[0, 100000]","[0, 100000]",0,0,10156,37500
yolov8x_training,2416.269900,75,141.133,13370.3125,100,285,10001,"[0, 100000]","[0, 100000]",0,0,1367,7812
yolov8x_training,2417.312627,75,138.968,13370.3125,100,255,10001,"[0, 100000]","[0, 100000]",0,0,1123,634
yolov8x_training,2418.465150,74,139.065,13370.3125,72,270,10001,"[0, 100000]","[0, 100000]",0,0,10839,29980
yolov8x_training,2419.507944,75,140.225,13370.3125,100,405,10001,"[0, 100000]","[0, 100000]",0,0,1464,6494
yolov8x_training,2420.551094,75,138.523,13370.3125,97,210,10001,"[0, 100000]","[0, 100000]",0,0,1074,1269
yolov8x_training,2421.697271,75,138.509,13370.3125,100,1237,10001,"[0, 100000]","[0, 100000]",0,0,10156,36621
yolov8x_training,2422.740091,74,143.608,13370.3125,100,285,10001,"[0, 100000]","[0, 100000]",0,0,1318,6640
yolov8x_training,2423.782959,75,137.760,13370.3125,51,255,10001,"[0, 100000]","[0, 100000]",0,0,1074,3808
yolov8x_training,2424.968915,74,139.243,13370.3125,98,285,10001,"[0, 100000]","[0, 100000]",0,0,11767,24511
yolov8x_training,2426.011750,75,139.404,13370.3125,100,435,10001,"[0, 100000]","[0, 100000]",0,0,1464,5322
yolov8x_training,2427.054519,75,138.306,13370.3125,100,240,10001,"[0, 100000]","[0, 100000]",0,0,1220,878
yolov8x_training,2428.199068,75,139.143,13370.3125,21,2370,10001,"[0, 100000]","[0, 100000]",0,0,11181,29101
yolov8x_training,2429.241838,74,142.831,13370.3125,100,300,10001,"[0, 100000]","[0, 100000]",0,0,1220,7080
yolov8x_training,2430.284555,75,138.039,13370.3125,100,270,10001,"[0, 100000]","[0, 100000]",0,0,1025,3808
yolov8x_training,2431.440366,74,138.769,13370.3125,72,270,10001,"[0, 100000]","[0, 100000]",0,0,9912,38183
yolov8x_training,2432.483416,75,138.706,13370.3125,100,1065,10001,"[0, 100000]","[0, 100000]",0,0,1269,7324
yolov8x_training,2433.526166,75,138.995,13370.3125,99,240,10001,"[0, 100000]","[0, 100000]",0,0,1025,2197
yolov8x_training,2434.673924,75,139.102,13370.3125,100,210,10001,"[0, 100000]","[0, 100000]",0,0,10351,33251
yolov8x_training,2435.716951,74,141.815,13370.3125,92,300,10001,"[0, 100000]","[0, 100000]",0,0,1513,5810
yolov8x_training,2436.759903,75,137.926,13370.3125,91,270,10001,"[0, 100000]","[0, 100000]",0,0,1025,2783
yolov8x_training,2437.933631,75,139.104,13370.3125,97,270,10001,"[0, 100000]","[0, 100000]",0,0,11230,29736
yolov8x_training,2438.976417,75,138.624,13370.3125,100,2205,10001,"[0, 100000]","[0, 100000]",0,0,1416,7324
yolov8x_training,2440.019176,75,139.621,13370.3125,100,240,10001,"[0, 100000]","[0, 100000]",0,0,1074,683
yolov8x_training,2441.179187,75,138.526,13370.3125,32,1740,10001,"[0, 100000]","[0, 100000]",0,0,11181,28662
yolov8x_training,2442.222041,74,144.601,13370.3125,97,510,10001,"[0, 100000]","[0, 100000]",0,0,1416,7958
yolov8x_training,2443.264803,75,139.550,13370.3125,100,285,10001,"[0, 100000]","[0, 100000]",0,0,1123,732
yolov8x_training,2444.402618,76,138.968,13370.3125,32,255,10001,"[0, 100000]","[0, 100000]",0,0,9960,40527
yolov8x_training,2445.445899,75,139.321,13370.3125,100,2460,10001,"[0, 100000]","[0, 100000]",0,0,1464,6689
yolov8x_training,2446.488720,75,141.419,13370.3125,100,270,10001,"[0, 100000]","[0, 100000]",0,0,1123,3466
yolov8x_training,2447.662573,75,137.982,13370.3125,100,210,10001,"[0, 100000]","[0, 100000]",0,0,9960,39062
yolov8x_training,2448.705673,75,138.502,13370.3125,80,450,10001,"[0, 100000]","[0, 100000]",0,0,1318,7373
yolov8x_training,2449.748529,74,138.767,13370.3125,91,270,10001,"[0, 100000]","[0, 100000]",0,0,1123,4101
yolov8x_training,2450.899826,75,139.068,13370.3125,96,210,10001,"[0, 100000]","[0, 100000]",0,0,10156,34863
yolov8x_training,2451.942716,75,139.531,13370.3125,100,1237,10001,"[0, 100000]","[0, 100000]",0,0,1367,7519
yolov8x_training,2452.985687,75,140.668,13370.3125,100,270,10001,"[0, 100000]","[0, 100000]",0,0,1123,3320
yolov8x_training,2454.144432,75,138.346,13370.3125,39,240,10001,"[0, 100000]","[0, 100000]",0,0,11376,29101
yolov8x_training,2455.187206,75,138.425,13370.3125,96,360,10001,"[0, 100000]","[0, 100000]",0,0,1464,5761
yolov8x_training,2456.230053,75,139.420,13370.3125,100,285,10001,"[0, 100000]","[0, 100000]",0,0,732,2197
yolov8x_training,2457.359947,75,138.464,13370.3125,18,240,10001,"[0, 100000]","[0, 100000]",0,0,10937,30908
yolov8x_training,2458.402777,75,139.336,13370.3125,97,210,10001,"[0, 100000]","[0, 100000]",0,0,1318,7470
yolov8x_training,2459.445719,75,139.400,13370.3125,100,285,10001,"[0, 100000]","[0, 100000]",0,0,1123,3320
yolov8x_training,2460.607603,74,139.429,13370.3125,100,255,10001,"[0, 100000]","[0, 100000]",0,0,11181,29150
yolov8x_training,2461.650458,75,139.275,13370.3125,33,300,10001,"[0, 100000]","[0, 100000]",0,0,1416,6738
yolov8x_training,2462.693556,76,137.897,13370.3125,100,300,10001,"[0, 100000]","[0, 100000]",0,0,1123,1806
yolov8x_training,2463.870291,75,137.864,13370.3125,100,240,10001,"[0, 100000]","[0, 100000]",0,0,11230,29199
yolov8x_training,2464.913296,75,136.679,13370.3125,100,210,10001,"[0, 100000]","[0, 100000]",0,0,1367,6982
yolov8x_training,2465.956087,75,141.213,13370.3125,100,315,10001,"[0, 100000]","[0, 100000]",0,0,1123,4150
yolov8x_training,2467.110217,75,138.521,13370.3125,64,240,10001,"[0, 100000]","[0, 100000]",0,0,11230,28857
yolov8x_training,2468.153012,75,139.175,13370.3125,97,285,10001,"[0, 100000]","[0, 100000]",0,0,1416,6933
yolov8x_training,2469.195751,76,138.190,13370.3125,100,270,10001,"[0, 100000]","[0, 100000]",0,0,1025,4052
yolov8x_training,2470.364836,75,138.881,13370.3125,33,225,10001,"[0, 100000]","[0, 100000]",0,0,10888,29443
yolov8x_training,2471.407667,75,138.868,13370.3125,97,210,10001,"[0, 100000]","[0, 100000]",0,0,1416,6152
yolov8x_training,2472.450558,75,140.393,13370.3125,100,255,10001,"[0, 100000]","[0, 100000]",0,0,1171,878
yolov8x_training,2473.616137,75,138.163,13370.3125,100,225,10001,"[0, 100000]","[0, 100000]",0,0,11621,26220
yolov8x_training,2474.658897,75,138.204,13370.3125,52,360,10001,"[0, 100000]","[0, 100000]",0,0,1318,6933
yolov8x_training,2475.701774,75,138.276,13370.3125,100,285,10001,"[0, 100000]","[0, 100000]",0,0,1025,4052
yolov8x_training,2476.879780,75,138.979,13370.3125,98,240,10001,"[0, 100000]","[0, 100000]",0,0,10058,37792
yolov8x_training,2477.922716,75,139.333,13370.3125,100,210,10001,"[0, 100000]","[0, 100000]",0,0,1464,6689
yolov8x_training,2478.965493,75,142.249,13370.3125,100,270,10001,"[0, 100000]","[0, 100000]",0,0,1123,2099
yolov8x_training,2480.119572,75,138.488,13370.3125,61,270,10001,"[0, 100000]","[0, 100000]",0,0,11230,28906
yolov8x_training,2481.162354,75,139.145,13370.3125,97,300,10001,"[0, 100000]","[0, 100000]",0,0,1464,6445
yolov8x_training,2482.205130,75,139.334,13370.3125,100,210,10001,"[0, 100000]","[0, 100000]",0,0,439,2978
yolov8x_training,2483.333922,75,137.041,13370.3125,54,300,10001,"[0, 100000]","[0, 100000]",0,0,12060,24365
yolov8x_training,2484.376804,75,138.492,13370.3125,97,240,10001,"[0, 100000]","[0, 100000]",0,0,1513,6005
yolov8x_training,2485.419753,75,138.830,13370.3125,100,330,10001,"[0, 100000]","[0, 100000]",0,0,878,1513
yolov8x_training,2486.550733,74,139.707,13370.3125,100,270,10001,"[0, 100000]","[0, 100000]",0,0,11718,25341
yolov8x_training,2487.593553,75,138.665,13370.3125,28,255,10001,"[0, 100000]","[0, 100000]",0,0,1416,6884
yolov8x_training,2488.636421,75,137.846,13370.3125,100,270,10001,"[0, 100000]","[0, 100000]",0,0,1220,830
yolov8x_training,2489.771888,75,134.394,13370.3125,100,465,10001,"[0, 100000]","[0, 100000]",0,0,11767,25976
yolov8x_training,2490.815004,74,138.917,13370.3125,100,240,10001,"[0, 100000]","[0, 100000]",0,0,1367,7568
yolov8x_training,2491.857749,75,138.738,13370.3125,39,210,10001,"[0, 100000]","[0, 100000]",0,0,1025,1025
yolov8x_training,2492.981979,76,139.028,13370.3125,100,255,10001,"[0, 100000]","[0, 100000]",0,0,10253,34960
yolov8x_training,2494.024766,75,135.225,13370.3125,100,225,10001,"[0, 100000]","[0, 100000]",0,0,1367,7812
yolov8x_training,2495.067562,75,139.448,13370.3125,100,210,10001,"[0, 100000]","[0, 100000]",0,0,927,1513
yolov8x_training,2496.201186,75,138.960,13370.3125,42,2460,10001,"[0, 100000]","[0, 100000]",0,0,10058,37109
yolov8x_training,2497.244128,74,141.174,13370.3125,100,465,10001,"[0, 100000]","[0, 100000]",0,0,1416,7080
yolov8x_training,2498.286906,75,138.961,13370.3125,100,270,10001,"[0, 100000]","[0, 100000]",0,0,781,2099
yolov8x_training,2499.419467,75,139.213,13370.3125,51,240,10001,"[0, 100000]","[0, 100000]",0,0,11474,27832
yolov8x_training,2500.462333,76,138.369,13370.3125,100,1215,10001,"[0, 100000]","[0, 100000]",0,0,1464,6884
yolov8x_training,2501.505126,75,138.810,13370.3125,97,240,10001,"[0, 100000]","[0, 100000]",0,0,1123,3857
yolov8x_training,2502.669743,75,138.386,13370.3125,100,210,10001,"[0, 100000]","[0, 100000]",0,0,10595,33496
yolov8x_training,2503.712512,78,143.840,13370.3125,100,285,10001,"[0, 100000]","[0, 100000]",0,0,1416,6591
yolov8x_training,2504.755383,74,139.336,13370.3125,75,270,10001,"[0, 100000]","[0, 100000]",0,0,1123,537
yolov8x_training,2505.896828,75,138.748,13370.3125,97,225,10001,"[0, 100000]","[0, 100000]",0,0,11181,28662
yolov8x_training,2506.939672,76,138.624,13370.3125,100,2505,10001,"[0, 100000]","[0, 100000]",0,0,1464,6787
yolov8x_training,2507.982475,75,140.918,13370.3125,100,300,10001,"[0, 100000]","[0, 100000]",0,0,1074,2099
yolov8x_training,2509.116797,75,139.024,13370.3125,42,240,10001,"[0, 100000]","[0, 100000]",0,0,11376,26953
yolov8x_training,2510.159657,75,137.722,13370.3125,96,360,10001,"[0, 100000]","[0, 100000]",0,0,1367,6787
yolov8x_training,2511.202502,76,139.371,13370.3125,100,270,10001,"[0, 100000]","[0, 100000]",0,0,976,4052
yolov8x_training,2512.393524,75,138.932,13370.3125,31,225,10001,"[0, 100000]","[0, 100000]",0,0,11328,29101
yolov8x_training,2513.436239,76,137.468,13370.3125,100,2505,10001,"[0, 100000]","[0, 100000]",0,0,1220,6933
yolov8x_training,2514.479128,75,139.740,13370.3125,97,255,10001,"[0, 100000]","[0, 100000]",0,0,927,4052
yolov8x_training,2515.521904,75,138.713,13370.3125,100,255,10001,"[0, 100000]","[0, 100000]",0,0,1367,79052
yolov8x_training,2516.706564,77,142.253,13370.3125,100,360,10001,"[0, 100000]","[0, 100000]",0,0,1953,6787
yolov8x_training,2517.749428,75,139.206,13370.3125,43,255,10001,"[0, 100000]","[0, 100000]",0,0,976,3955
yolov8x_training,2518.926029,75,138.858,13370.3125,98,240,10001,"[0, 100000]","[0, 100000]",0,0,10058,36718
yolov8x_training,2519.968892,76,140.195,13370.3125,100,2070,10001,"[0, 100000]","[0, 100000]",0,0,1367,7568
yolov8x_training,2521.011684,75,138.793,13370.3125,100,240,10001,"[0, 100000]","[0, 100000]",0,0,1074,3320
yolov8x_training,2522.186219,75,138.161,13370.3125,17,2505,10001,"[0, 100000]","[0, 100000]",0,0,10009,37402
yolov8x_training,2523.229148,76,142.708,13370.3125,100,600,10001,"[0, 100000]","[0, 100000]",0,0,1367,6591
yolov8x_training,2524.271912,75,137.523,13370.3125,100,255,10001,"[0, 100000]","[0, 100000]",0,0,927,3320
yolov8x_training,2525.435340,76,138.920,13370.3125,91,210,10001,"[0, 100000]","[0, 100000]",0,0,11279,28613
yolov8x_training,2526.478155,75,136.797,13370.3125,100,2145,10001,"[0, 100000]","[0, 100000]",0,0,1367,7128
yolov8x_training,2527.520950,75,138.341,13370.3125,97,270,10001,"[0, 100000]","[0, 100000]",0,0,1074,927
yolov8x_training,2528.650957,75,139.072,13370.3125,100,255,10001,"[0, 100000]","[0, 100000]",0,0,11230,29052
yolov8x_training,2529.693763,76,141.304,13370.3125,100,495,10001,"[0, 100000]","[0, 100000]",0,0,1513,10400
yolov8x_training,2530.738141,75,139.177,13370.3125,34,270,10001,"[0, 100000]","[0, 100000]",0,0,1074,3320
yolov8x_training,2531.928658,75,139.097,13370.3125,98,255,10001,"[0, 100000]","[0, 100000]",0,0,9960,37060
yolov8x_training,2532.971855,75,139.000,13370.3125,100,1192,10001,"[0, 100000]","[0, 100000]",0,0,1416,6933
yolov8x_training,2534.014645,75,138.460,13370.3125,100,270,10001,"[0, 100000]","[0, 100000]",0,0,1171,2197
yolov8x_training,2535.057573,75,139.481,13370.3125,18,375,10001,"[0, 100000]","[0, 100000]",0,0,1660,66943
yolov8x_training,2536.223807,74,141.416,13370.3125,100,615,10001,"[0, 100000]","[0, 100000]",0,0,1220,6542
yolov8x_training,2537.266584,75,138.234,13370.3125,100,225,10001,"[0, 100000]","[0, 100000]",0,0,1074,3759
yolov8x_training,2538.427135,76,138.536,13370.3125,95,240,10001,"[0, 100000]","[0, 100000]",0,0,11230,29003
yolov8x_training,2539.469995,75,136.653,13370.3125,100,2280,10001,"[0, 100000]","[0, 100000]",0,0,1367,7568
yolov8x_training,2540.512850,75,138.999,13370.3125,97,255,10001,"[0, 100000]","[0, 100000]",0,0,1171,878
yolov8x_training,2541.669693,75,138.719,13370.3125,100,225,10001,"[0, 100000]","[0, 100000]",0,0,11523,27392
yolov8x_training,2542.712657,76,143.235,13370.3125,100,375,10001,"[0, 100000]","[0, 100000]",0,0,1367,6982
yolov8x_training,2543.755475,75,138.231,13370.3125,51,270,10001,"[0, 100000]","[0, 100000]",0,0,927,3613
yolov8x_training,2544.933374,76,138.767,13370.3125,97,240,10001,"[0, 100000]","[0, 100000]",0,0,11083,29736
yolov8x_training,2545.976223,75,136.922,13370.3125,100,1042,10001,"[0, 100000]","[0, 100000]",0,0,1416,6640
yolov8x_training,2547.019104,75,138.296,13370.3125,100,285,10001,"[0, 100000]","[0, 100000]",0,0,537,2832
yolov8x_training,2548.159920,75,137.630,13370.3125,19,210,10001,"[0, 100000]","[0, 100000]",0,0,10107,37109
yolov8x_training,2549.202879,76,142.316,13370.3125,99,315,10001,"[0, 100000]","[0, 100000]",0,0,1367,7568
yolov8x_training,2550.245687,75,138.543,13370.3125,100,285,10001,"[0, 100000]","[0, 100000]",0,0,1025,1025
yolov8x_training,2551.393750,75,138.674,13370.3125,51,240,10001,"[0, 100000]","[0, 100000]",0,0,11865,25292
yolov8x_training,2552.436848,76,138.628,13370.3125,100,2505,10001,"[0, 100000]","[0, 100000]",0,0,1464,6982
yolov8x_training,2553.479796,75,139.357,13370.3125,100,300,10001,"[0, 100000]","[0, 100000]",0,0,1074,3320
yolov8x_training,2554.635913,75,139.005,13370.3125,100,240,10001,"[0, 100000]","[0, 100000]",0,0,10888,31591
yolov8x_training,2555.678735,74,136.765,13370.3125,91,510,10001,"[0, 100000]","[0, 100000]",0,0,1123,13476
yolov8x_training,2556.721724,75,133.460,13370.3125,0,345,10001,"[0, 100000]","[0, 100000]",0,0,1171,3906
yolov8x_training,2557.764828,75,136.487,13370.3125,30,285,10001,"[0, 100000]","[0, 100000]",0,0,1074,2636
yolov8x_training,2558.807947,75,135.359,13370.3125,100,255,10001,"[0, 100000]","[0, 100000]",0,0,3027,21044
yolov8x_training,2559.989803,75,138.025,13370.3125,100,210,10001,"[0, 100000]","[0, 100000]",0,0,1123,4736
yolov8x_training,2561.032656,75,137.860,13370.3125,100,255,10001,"[0, 100000]","[0, 100000]",0,0,976,4150
yolov8x_training,2562.075540,75,142.166,13370.3125,100,1575,10001,"[0, 100000]","[0, 100000]",0,0,3222,8105
yolov8x_training,2563.254426,74,139.030,13370.3125,100,210,10001,"[0, 100000]","[0, 100000]",0,0,1123,9814
yolov8x_training,2564.297261,75,139.008,13370.3125,100,255,10001,"[0, 100000]","[0, 100000]",0,0,927,4150
yolov8x_training,2565.340183,75,136.958,13370.3125,100,315,10001,"[0, 100000]","[0, 100000]",0,0,292,292
yolov8x_training,2566.446970,75,135.648,13370.3125,85,225,10001,"[0, 100000]","[0, 100000]",0,0,11621,26269
yolov8x_training,2567.489792,75,135.734,13370.3125,100,2040,10001,"[0, 100000]","[0, 100000]",0,0,1513,5224
yolov8x_training,2568.532551,75,138.437,13370.3125,100,495,10001,"[0, 100000]","[0, 100000]",0,0,683,292
yolov8x_training,2569.575266,75,138.076,13370.3125,100,2505,10001,"[0, 100000]","[0, 100000]",0,0,1416,65283
yolov8x_training,2570.752638,74,138.964,13370.3125,100,255,10001,"[0, 100000]","[0, 100000]",0,0,1318,6591
yolov8x_training,2571.795452,75,139.014,13370.3125,20,285,10001,"[0, 100000]","[0, 100000]",0,0,781,1318
yolov8x_training,2572.949624,76,138.518,13370.3125,98,240,10001,"[0, 100000]","[0, 100000]",0,0,11474,26416
yolov8x_training,2573.992403,74,134.385,13370.3125,100,2040,10001,"[0, 100000]","[0, 100000]",0,0,1611,6884
yolov8x_training,2575.035105,75,143.110,13370.3125,100,270,10001,"[0, 100000]","[0, 100000]",0,0,830,1367
yolov8x_training,2576.199911,75,138.510,13370.3125,31,2490,10001,"[0, 100000]","[0, 100000]",0,0,12011,22216
yolov8x_training,2577.242711,74,137.810,13370.3125,100,420,10001,"[0, 100000]","[0, 100000]",0,0,1513,6933
yolov8x_training,2578.285633,75,139.710,13370.3125,100,285,10001,"[0, 100000]","[0, 100000]",0,0,830,1904
yolov8x_training,2579.444117,77,138.974,13370.3125,100,240,10001,"[0, 100000]","[0, 100000]",0,0,11962,24267
yolov8x_training,2580.486949,76,138.337,13370.3125,100,2100,10001,"[0, 100000]","[0, 100000]",0,0,1464,7568
yolov8x_training,2581.529763,75,142.201,13370.3125,100,270,10001,"[0, 100000]","[0, 100000]",0,0,634,2636
yolov8x_training,2582.687228,75,138.268,13370.3125,100,210,10001,"[0, 100000]","[0, 100000]",0,0,10888,29736
yolov8x_training,2583.730056,74,139.655,13370.3125,51,300,10001,"[0, 100000]","[0, 100000]",0,0,1367,7080
yolov8x_training,2584.772806,75,138.780,13370.3125,100,255,10001,"[0, 100000]","[0, 100000]",0,0,634,2490
yolov8x_training,2585.950418,76,139.013,13370.3125,100,210,10001,"[0, 100000]","[0, 100000]",0,0,10009,36572
yolov8x_training,2586.993456,76,139.367,13370.3125,100,2175,10001,"[0, 100000]","[0, 100000]",0,0,1464,7080
yolov8x_training,2588.036217,75,142.583,13370.3125,100,255,10001,"[0, 100000]","[0, 100000]",0,0,927,1367
yolov8x_training,2589.184814,75,138.548,13370.3125,79,2190,10001,"[0, 100000]","[0, 100000]",0,0,10107,35058
yolov8x_training,2590.227571,74,138.044,13370.3125,98,525,10001,"[0, 100000]","[0, 100000]",0,0,1318,6933
yolov8x_training,2591.270289,75,139.590,13370.3125,100,270,10001,"[0, 100000]","[0, 100000]",0,0,1025,1318
yolov8x_training,2592.449440,75,139.278,13370.3125,15,225,10001,"[0, 100000]","[0, 100000]",0,0,10205,33642
yolov8x_training,2593.492289,74,137.030,13370.3125,100,2040,10001,"[0, 100000]","[0, 100000]",0,0,1318,6933
yolov8x_training,2594.534736,75,142.920,13370.3125,100,240,10001,"[0, 100000]","[0, 100000]",0,0,976,1269
yolov8x_training,2595.714402,75,137.881,13370.3125,100,2505,10001,"[0, 100000]","[0, 100000]",0,0,11474,25878
yolov8x_training,2596.757173,74,140.374,13370.3125,91,255,10001,"[0, 100000]","[0, 100000]",0,0,1367,7324
yolov8x_training,2597.799890,75,140.253,13370.3125,100,270,10001,"[0, 100000]","[0, 100000]",0,0,781,1416
yolov8x_training,2598.961535,76,138.889,13370.3125,97,240,10001,"[0, 100000]","[0, 100000]",0,0,10058,36035
yolov8x_training,2600.004619,74,139.282,13370.3125,100,1305,10001,"[0, 100000]","[0, 100000]",0,0,1367,7177
yolov8x_training,2601.047404,75,141.698,13370.3125,100,240,10001,"[0, 100000]","[0, 100000]",0,0,732,1904
yolov8x_training,2602.222301,75,137.385,13370.3125,61,2505,10001,"[0, 100000]","[0, 100000]",0,0,11279,26367
yolov8x_training,2603.265095,74,140.068,13370.3125,100,255,10001,"[0, 100000]","[0, 100000]",0,0,1269,7421
yolov8x_training,2604.307899,75,140.419,13370.3125,100,270,10001,"[0, 100000]","[0, 100000]",0,0,537,2783
yolov8x_training,2605.486647,75,138.947,13370.3125,46,240,10001,"[0, 100000]","[0, 100000]",0,0,10351,32568
yolov8x_training,2606.529524,74,139.161,13370.3125,100,675,10001,"[0, 100000]","[0, 100000]",0,0,1464,6445
yolov8x_training,2607.572605,75,140.942,13370.3125,100,225,10001,"[0, 100000]","[0, 100000]",0,0,830,1416
yolov8x_training,2608.688206,75,139.228,13370.3125,100,2400,10001,"[0, 100000]","[0, 100000]",0,0,11230,27685
yolov8x_training,2609.731118,73,138.994,13370.3125,67,510,10001,"[0, 100000]","[0, 100000]",0,0,1416,6347
yolov8x_training,2610.773909,75,139.041,13370.3125,100,285,10001,"[0, 100000]","[0, 100000]",0,0,634,2392
yolov8x_training,2611.909156,76,138.721,13370.3125,100,240,10001,"[0, 100000]","[0, 100000]",0,0,11669,24707
yolov8x_training,2612.951903,75,139.288,13370.3125,100,1230,10001,"[0, 100000]","[0, 100000]",0,0,1464,6689
yolov8x_training,2613.994635,75,140.995,13370.3125,87,300,10001,"[0, 100000]","[0, 100000]",0,0,683,2636
yolov8x_training,2615.162650,75,137.768,13370.3125,100,255,10001,"[0, 100000]","[0, 100000]",0,0,10107,35791
yolov8x_training,2616.205701,74,139.112,13370.3125,96,345,10001,"[0, 100000]","[0, 100000]",0,0,1416,7275
yolov8x_training,2617.248511,74,139.516,13370.3125,100,300,10001,"[0, 100000]","[0, 100000]",0,0,781,2050
yolov8x_training,2618.425411,75,138.432,13370.3125,30,240,10001,"[0, 100000]","[0, 100000]",0,0,10156,35644
yolov8x_training,2619.468383,76,137.122,13370.3125,100,2505,10001,"[0, 100000]","[0, 100000]",0,0,1367,7275
yolov8x_training,2620.511118,75,140.691,13370.3125,100,285,10001,"[0, 100000]","[0, 100000]",0,0,1074,1953
yolov8x_training,2621.694437,75,137.671,13370.3125,100,210,10001,"[0, 100000]","[0, 100000]",0,0,10595,30859
yolov8x_training,2622.737202,74,138.524,13370.3125,71,630,10001,"[0, 100000]","[0, 100000]",0,0,1416,6787
yolov8x_training,2623.780034,75,140.353,13370.3125,100,285,10001,"[0, 100000]","[0, 100000]",0,0,732,1416
yolov8x_training,2624.963270,77,139.378,13370.3125,100,210,10001,"[0, 100000]","[0, 100000]",0,0,11230,27539
yolov8x_training,2626.006071,74,137.273,13370.3125,100,2085,10001,"[0, 100000]","[0, 100000]",0,0,1464,7128
yolov8x_training,2627.048797,75,142.427,13370.3125,100,315,10001,"[0, 100000]","[0, 100000]",0,0,1025,1025
yolov8x_training,2628.198280,75,137.681,13370.3125,76,330,10001,"[0, 100000]","[0, 100000]",0,0,10791,28613
yolov8x_training,2629.241465,74,139.654,13370.3125,96,555,10001,"[0, 100000]","[0, 100000]",0,0,1416,7275
yolov8x_training,2630.284308,75,139.082,13370.3125,100,270,10001,"[0, 100000]","[0, 100000]",0,0,683,2343
yolov8x_training,2631.434080,76,139.383,13370.3125,28,210,10001,"[0, 100000]","[0, 100000]",0,0,10986,28759
yolov8x_training,2632.476938,74,137.945,13370.3125,100,2415,10001,"[0, 100000]","[0, 100000]",0,0,1660,7080
yolov8x_training,2633.519845,75,141.837,13370.3125,100,270,10001,"[0, 100000]","[0, 100000]",0,0,1123,2294
yolov8x_training,2634.562638,75,139.002,13370.3125,100,225,10001,"[0, 100000]","[0, 100000]",0,0,1416,76318
yolov8x_training,2635.731204,74,138.797,13370.3125,91,525,10001,"[0, 100000]","[0, 100000]",0,0,1318,6933
yolov8x_training,2636.773959,75,140.179,13370.3125,100,270,10001,"[0, 100000]","[0, 100000]",0,0,1025,1318
yolov8x_training,2637.931503,76,139.393,13370.3125,100,210,10001,"[0, 100000]","[0, 100000]",0,0,9960,37695
yolov8x_training,2638.974434,76,139.756,13370.3125,100,2415,10001,"[0, 100000]","[0, 100000]",0,0,1269,7617
yolov8x_training,2640.017186,75,142.950,13370.3125,100,300,10001,"[0, 100000]","[0, 100000]",0,0,1025,1416
yolov8x_training,2641.172575,75,138.759,13370.3125,79,210,10001,"[0, 100000]","[0, 100000]",0,0,10107,33447
yolov8x_training,2642.215369,73,137.656,13370.3125,96,615,10001,"[0, 100000]","[0, 100000]",0,0,1367,6884
yolov8x_training,2643.258193,75,140.366,13370.3125,100,285,10001,"[0, 100000]","[0, 100000]",0,0,1220,1074
yolov8x_training,2644.429581,76,139.318,13370.3125,25,210,10001,"[0, 100000]","[0, 100000]",0,0,11425,25927
yolov8x_training,2645.472404,74,137.854,13370.3125,100,2445,10001,"[0, 100000]","[0, 100000]",0,0,1220,6494
yolov8x_training,2646.515129,75,143.239,13370.3125,100,270,10001,"[0, 100000]","[0, 100000]",0,0,830,1367
yolov8x_training,2647.668308,75,138.446,13370.3125,100,255,10001,"[0, 100000]","[0, 100000]",0,0,9863,37353
yolov8x_training,2648.711301,73,137.902,13370.3125,56,600,10001,"[0, 100000]","[0, 100000]",0,0,1757,6884
yolov8x_training,2649.754019,75,139.844,13370.3125,100,270,10001,"[0, 100000]","[0, 100000]",0,0,1123,2490
yolov8x_training,2650.796982,75,139.444,13370.3125,100,225,10001,"[0, 100000]","[0, 100000]",0,0,1513,66748
yolov8x_training,2651.969672,75,138.862,13370.3125,100,2190,10001,"[0, 100000]","[0, 100000]",0,0,1367,6787
yolov8x_training,2653.012501,75,142.564,13370.3125,100,270,10001,"[0, 100000]","[0, 100000]",0,0,439,2832
yolov8x_training,2654.186364,75,137.477,13370.3125,93,345,10001,"[0, 100000]","[0, 100000]",0,0,9912,36376
yolov8x_training,2655.229263,73,139.624,13370.3125,96,330,10001,"[0, 100000]","[0, 100000]",0,0,1416,7617
yolov8x_training,2656.272041,75,139.322,13370.3125,100,270,10001,"[0, 100000]","[0, 100000]",0,0,781,1513
yolov8x_training,2657.407040,75,139.091,13370.3125,18,240,10001,"[0, 100000]","[0, 100000]",0,0,10107,36523
yolov8x_training,2658.449992,76,138.529,13370.3125,100,210,10001,"[0, 100000]","[0, 100000]",0,0,1513,6933
yolov8x_training,2659.492716,75,143.075,13370.3125,100,450,10001,"[0, 100000]","[0, 100000]",0,0,488,2539
yolov8x_training,2660.652229,75,139.294,13370.3125,100,270,10001,"[0, 100000]","[0, 100000]",0,0,11572,24755
yolov8x_training,2661.695052,75,138.007,13370.3125,42,360,10001,"[0, 100000]","[0, 100000]",0,0,1220,6738
yolov8x_training,2662.737844,75,138.688,13370.3125,100,285,10001,"[0, 100000]","[0, 100000]",0,0,1171,781
yolov8x_training,2663.906964,75,139.245,13370.3125,100,225,10001,"[0, 100000]","[0, 100000]",0,0,9814,38134
yolov8x_training,2664.949891,76,138.498,13370.3125,100,210,10001,"[0, 100000]","[0, 100000]",0,0,1464,7031
yolov8x_training,2665.992764,75,142.433,13370.3125,100,690,10001,"[0, 100000]","[0, 100000]",0,0,976,1367
yolov8x_training,2667.155400,75,139.498,13370.3125,87,255,10001,"[0, 100000]","[0, 100000]",0,0,11181,28808
yolov8x_training,2668.198221,73,139.227,13370.3125,96,300,10001,"[0, 100000]","[0, 100000]",0,0,1464,6689
yolov8x_training,2669.241234,74,139.453,13370.3125,100,315,10001,"[0, 100000]","[0, 100000]",0,0,634,2490
yolov8x_training,2670.393946,75,137.833,13370.3125,26,210,10001,"[0, 100000]","[0, 100000]",0,0,11572,25732
yolov8x_training,2671.436774,75,137.353,13370.3125,97,210,10001,"[0, 100000]","[0, 100000]",0,0,1416,7177
yolov8x_training,2672.479676,75,138.900,13370.3125,100,285,10001,"[0, 100000]","[0, 100000]",0,0,634,2148
yolov8x_training,2673.599851,74,139.728,13370.3125,100,270,10001,"[0, 100000]","[0, 100000]",0,0,9960,36328
yolov8x_training,2674.642945,75,139.461,13370.3125,18,240,10001,"[0, 100000]","[0, 100000]",0,0,1464,8007
yolov8x_training,2675.685805,75,139.068,13370.3125,97,270,10001,"[0, 100000]","[0, 100000]",0,0,634,2343
yolov8x_training,2676.823672,75,134.585,13370.3125,100,210,10001,"[0, 100000]","[0, 100000]",0,0,10205,35595
yolov8x_training,2677.866605,74,138.286,13370.3125,100,240,10001,"[0, 100000]","[0, 100000]",0,0,1562,7177
yolov8x_training,2678.909413,75,138.852,13370.3125,22,330,10001,"[0, 100000]","[0, 100000]",0,0,585,2636
yolov8x_training,2679.952446,73,138.119,13370.3125,100,315,10001,"[0, 100000]","[0, 100000]",0,0,1611,70263
yolov8x_training,2681.119472,75,138.250,13370.3125,100,240,10001,"[0, 100000]","[0, 100000]",0,0,1513,6884
yolov8x_training,2682.162141,75,138.606,13370.3125,100,255,10001,"[0, 100000]","[0, 100000]",0,0,1074,1611
yolov8x_training,2683.205043,75,135.624,13370.3125,100,255,10001,"[0, 100000]","[0, 100000]",0,0,1318,75488
yolov8x_training,2684.384852,75,136.953,13370.3125,97,225,10001,"[0, 100000]","[0, 100000]",0,0,2050,6835
yolov8x_training,2685.427722,75,138.675,13370.3125,100,330,10001,"[0, 100000]","[0, 100000]",0,0,1074,3906
yolov8x_training,2686.470599,74,139.736,13370.3125,100,270,10001,"[0, 100000]","[0, 100000]",0,0,2441,7519
yolov8x_training,2687.513469,75,138.843,13370.3125,51,240,10001,"[0, 100000]","[0, 100000]",0,0,2343,7958
yolov8x_training,2688.556197,75,139.704,13370.3125,100,2190,10001,"[0, 100000]","[0, 100000]",0,0,1025,4589
yolov8x_training,2689.599123,75,140.072,13370.3125,100,240,10001,"[0, 100000]","[0, 100000]",0,0,11181,29785
yolov8x_training,2690.723508,75,137.679,13370.3125,100,210,10001,"[0, 100000]","[0, 100000]",0,0,11181,28662
yolov8x_training,2691.766531,77,142.569,13370.3125,100,525,10001,"[0, 100000]","[0, 100000]",0,0,1416,6494
yolov8x_training,2692.809368,75,138.548,13370.3125,85,285,10001,"[0, 100000]","[0, 100000]",0,0,830,26416
yolov8x_training,2693.971899,75,139.289,13370.3125,97,240,10001,"[0, 100000]","[0, 100000]",0,0,10156,37500
yolov8x_training,2695.014882,75,138.588,13370.3125,100,1560,10001,"[0, 100000]","[0, 100000]",0,0,1367,8007
yolov8x_training,2696.057625,75,139.681,13370.3125,100,270,10001,"[0, 100000]","[0, 100000]",0,0,683,2636
yolov8x_training,2697.212465,75,138.381,13370.3125,14,1020,10001,"[0, 100000]","[0, 100000]",0,0,11181,29101
yolov8x_training,2698.255219,76,142.457,13370.3125,99,270,10001,"[0, 100000]","[0, 100000]",0,0,1416,6738
yolov8x_training,2699.297969,74,138.630,13370.3125,100,270,10001,"[0, 100000]","[0, 100000]",0,0,1025,1318
yolov8x_training,2700.471231,75,138.367,13370.3125,67,240,10001,"[0, 100000]","[0, 100000]",0,0,10107,37646
yolov8x_training,2701.514263,75,139.815,13370.3125,100,2145,10001,"[0, 100000]","[0, 100000]",0,0,1416,7617
yolov8x_training,2702.557001,75,137.731,13370.3125,100,270,10001,"[0, 100000]","[0, 100000]",0,0,439,3417
yolov8x_training,2703.722165,75,137.391,13370.3125,100,270,10001,"[0, 100000]","[0, 100000]",0,0,10107,37451
yolov8x_training,2704.765179,76,141.759,13370.3125,100,510,10001,"[0, 100000]","[0, 100000]",0,0,1416,7568
yolov8x_training,2705.807894,75,139.475,13370.3125,84,285,10001,"[0, 100000]","[0, 100000]",0,0,585,3076
yolov8x_training,2706.925268,75,139.602,13370.3125,97,210,10001,"[0, 100000]","[0, 100000]",0,0,10449,34277
yolov8x_training,2707.968085,75,138.227,13370.3125,100,2505,10001,"[0, 100000]","[0, 100000]",0,0,1220,6542
yolov8x_training,2709.010896,75,141.045,13370.3125,100,405,10001,"[0, 100000]","[0, 100000]",0,0,537,2832
yolov8x_training,2710.172464,75,138.819,13370.3125,41,255,10001,"[0, 100000]","[0, 100000]",0,0,11035,29394
yolov8x_training,2711.215274,75,138.755,13370.3125,95,300,10001,"[0, 100000]","[0, 100000]",0,0,1513,6494
yolov8x_training,2712.258554,75,138.808,13370.3125,100,315,10001,"[0, 100000]","[0, 100000]",0,0,634,21826
yolov8x_training,2713.402982,75,138.265,13370.3125,12,240,10001,"[0, 100000]","[0, 100000]",0,0,11328,28906
yolov8x_training,2714.445753,75,137.949,13370.3125,100,420,10001,"[0, 100000]","[0, 100000]",0,0,1464,6787
yolov8x_training,2715.488553,75,143.258,13370.3125,100,705,10001,"[0, 100000]","[0, 100000]",0,0,1123,585
yolov8x_training,2716.656585,75,137.844,13370.3125,100,240,10001,"[0, 100000]","[0, 100000]",0,0,10498,33154
yolov8x_training,2717.699435,75,138.266,13370.3125,71,285,10001,"[0, 100000]","[0, 100000]",0,0,1464,6689
yolov8x_training,2718.742178,75,138.273,13370.3125,100,330,10001,"[0, 100000]","[0, 100000]",0,0,585,2929
yolov8x_training,2719.897151,75,138.176,13370.3125,96,240,10001,"[0, 100000]","[0, 100000]",0,0,10009,37841
yolov8x_training,2720.940024,75,137.929,13370.3125,100,645,10001,"[0, 100000]","[0, 100000]",0,0,1464,7177
yolov8x_training,2721.982938,75,142.866,13370.3125,100,585,10001,"[0, 100000]","[0, 100000]",0,0,1123,1513
yolov8x_training,2723.141938,75,138.431,13370.3125,58,270,10001,"[0, 100000]","[0, 100000]",0,0,10205,37158
yolov8x_training,2724.184811,75,138.973,13370.3125,97,330,10001,"[0, 100000]","[0, 100000]",0,0,1367,6835
yolov8x_training,2725.227614,75,139.476,13370.3125,100,225,10001,"[0, 100000]","[0, 100000]",0,0,634,24365
yolov8x_training,2726.385035,75,138.102,13370.3125,34,210,10001,"[0, 100000]","[0, 100000]",0,0,10156,35693
yolov8x_training,2727.427978,75,138.230,13370.3125,98,225,10001,"[0, 100000]","[0, 100000]",0,0,1464,7128
yolov8x_training,2728.470741,75,140.290,13370.3125,100,375,10001,"[0, 100000]","[0, 100000]",0,0,732,30566
yolov8x_training,2729.619298,74,138.694,13370.3125,100,210,10001,"[0, 100000]","[0, 100000]",0,0,10205,34521
yolov8x_training,2730.662149,75,139.169,13370.3125,41,315,10001,"[0, 100000]","[0, 100000]",0,0,1416,7128
yolov8x_training,2731.704960,75,139.732,13370.3125,100,225,10001,"[0, 100000]","[0, 100000]",0,0,683,2685
yolov8x_training,2732.846980,75,138.306,13370.3125,100,210,10001,"[0, 100000]","[0, 100000]",0,0,10107,34472
yolov8x_training,2733.889784,75,138.942,13370.3125,100,240,10001,"[0, 100000]","[0, 100000]",0,0,1416,7617
yolov8x_training,2734.932530,75,137.587,13370.3125,63,375,10001,"[0, 100000]","[0, 100000]",0,0,927,1513
yolov8x_training,2736.111540,74,140.306,13370.3125,100,225,10001,"[0, 100000]","[0, 100000]",0,0,10791,31201
yolov8x_training,2737.154399,75,138.725,13370.3125,97,210,10001,"[0, 100000]","[0, 100000]",0,0,1464,7031
yolov8x_training,2738.197195,75,139.371,13370.3125,100,270,10001,"[0, 100000]","[0, 100000]",0,0,927,30761
yolov8x_training,2739.323808,75,135.515,13370.3125,78,285,10001,"[0, 100000]","[0, 100000]",0,0,10253,32470
yolov8x_training,2740.366669,74,137.788,13370.3125,97,270,10001,"[0, 100000]","[0, 100000]",0,0,1562,7177
yolov8x_training,2741.409465,75,139.485,13370.3125,100,300,10001,"[0, 100000]","[0, 100000]",0,0,634,2832
yolov8x_training,2742.563428,74,138.056,13370.3125,100,300,10001,"[0, 100000]","[0, 100000]",0,0,9863,37402
yolov8x_training,2743.606625,75,139.047,13370.3125,24,210,10001,"[0, 100000]","[0, 100000]",0,0,1416,6982
yolov8x_training,2744.649436,75,138.391,13370.3125,97,285,10001,"[0, 100000]","[0, 100000]",0,0,439,3125
yolov8x_training,2745.799460,75,134.517,13370.3125,100,510,10001,"[0, 100000]","[0, 100000]",0,0,10058,37988
yolov8x_training,2746.842483,74,138.703,13370.3125,100,255,10001,"[0, 100000]","[0, 100000]",0,0,1464,7080
yolov8x_training,2747.885247,75,138.205,13370.3125,21,315,10001,"[0, 100000]","[0, 100000]",0,0,976,1464
yolov8x_training,2748.928107,73,138.725,13370.3125,100,210,10001,"[0, 100000]","[0, 100000]",0,0,9960,37792
yolov8x_training,2750.119772,75,138.394,13370.3125,100,210,10001,"[0, 100000]","[0, 100000]",0,0,1464,6933
yolov8x_training,2751.162559,75,137.505,13370.3125,100,285,10001,"[0, 100000]","[0, 100000]",0,0,488,3320
yolov8x_training,2752.311924,75,134.513,13370.3125,77,870,10001,"[0, 100000]","[0, 100000]",0,0,11328,27490
yolov8x_training,2753.354742,74,138.704,13370.3125,97,225,10001,"[0, 100000]","[0, 100000]",0,0,1416,5908
yolov8x_training,2754.397557,75,138.780,13370.3125,100,240,10001,"[0, 100000]","[0, 100000]",0,0,634,23193
yolov8x_training,2755.539461,74,138.674,13370.3125,100,240,10001,"[0, 100000]","[0, 100000]",0,0,10009,37451
yolov8x_training,2756.582487,75,136.838,13370.3125,57,270,10001,"[0, 100000]","[0, 100000]",0,0,1367,7568
yolov8x_training,2757.625247,75,138.781,13370.3125,96,210,10001,"[0, 100000]","[0, 100000]",0,0,683,25146
yolov8x_training,2758.757917,75,139.112,13370.3125,100,2460,10001,"[0, 100000]","[0, 100000]",0,0,10986,31005
yolov8x_training,2759.800754,73,139.633,13370.3125,100,270,10001,"[0, 100000]","[0, 100000]",0,0,1416,7128
yolov8x_training,2760.843535,75,138.733,13370.3125,41,285,10001,"[0, 100000]","[0, 100000]",0,0,927,35009
yolov8x_training,2761.983667,75,139.134,13370.3125,97,210,10001,"[0, 100000]","[0, 100000]",0,0,10058,39746
yolov8x_training,2763.026650,75,134.746,13370.3125,100,1905,10001,"[0, 100000]","[0, 100000]",0,0,1464,7617
yolov8x_training,2764.069454,75,137.740,13370.3125,100,270,10001,"[0, 100000]","[0, 100000]",0,0,634,2929
yolov8x_training,2765.228973,75,137.718,13370.3125,41,660,10001,"[0, 100000]","[0, 100000]",0,0,10253,37744
yolov8x_training,2766.272135,73,140.413,13370.3125,100,495,10001,"[0, 100000]","[0, 100000]",0,0,1416,6640
yolov8x_training,2767.314974,74,138.986,13370.3125,100,285,10001,"[0, 100000]","[0, 100000]",0,0,683,24511
yolov8x_training,2768.459959,75,138.105,13370.3125,91,210,10001,"[0, 100000]","[0, 100000]",0,0,10205,39599
yolov8x_training,2769.503048,75,135.660,13370.3125,100,2190,10001,"[0, 100000]","[0, 100000]",0,0,1416,7421
yolov8x_training,2770.545842,75,137.490,13370.3125,100,315,10001,"[0, 100000]","[0, 100000]",0,0,634,2832
yolov8x_training,2771.695275,74,138.599,13370.3125,100,225,10001,"[0, 100000]","[0, 100000]",0,0,11669,26123
yolov8x_training,2772.738038,77,143.666,13370.3125,100,360,10001,"[0, 100000]","[0, 100000]",0,0,1416,5566
yolov8x_training,2773.780915,75,140.056,13370.3125,100,315,10001,"[0, 100000]","[0, 100000]",0,0,976,36230
yolov8x_training,2774.950559,75,137.814,13370.3125,97,225,10001,"[0, 100000]","[0, 100000]",0,0,11181,28906
yolov8x_training,2775.993389,75,138.287,13370.3125,100,2475,10001,"[0, 100000]","[0, 100000]",0,0,1416,6542
yolov8x_training,2777.036189,75,138.494,13370.3125,100,270,10001,"[0, 100000]","[0, 100000]",0,0,976,31884
yolov8x_training,2778.184167,75,138.515,13370.3125,13,240,10001,"[0, 100000]","[0, 100000]",0,0,10546,32080
yolov8x_training,2779.226967,77,144.061,13370.3125,99,375,10001,"[0, 100000]","[0, 100000]",0,0,1464,6201
yolov8x_training,2780.269955,75,140.186,13370.3125,100,315,10001,"[0, 100000]","[0, 100000]",0,0,634,22900
yolov8x_training,2781.430129,75,138.208,13370.3125,52,240,10001,"[0, 100000]","[0, 100000]",0,0,11083,29052
yolov8x_training,2782.472979,75,138.264,13370.3125,100,855,10001,"[0, 100000]","[0, 100000]",0,0,1464,5859
yolov8x_training,2783.515900,75,139.955,13370.3125,100,390,10001,"[0, 100000]","[0, 100000]",0,0,683,26123
yolov8x_training,2784.641521,74,138.932,13370.3125,100,255,10001,"[0, 100000]","[0, 100000]",0,0,11376,28857
yolov8x_training,2785.684259,75,138.961,13370.3125,64,315,10001,"[0, 100000]","[0, 100000]",0,0,1416,7080
yolov8x_training,2786.727211,75,139.455,13370.3125,100,210,10001,"[0, 100000]","[0, 100000]",0,0,634,21875
yolov8x_training,2787.872783,75,138.360,13370.3125,97,225,10001,"[0, 100000]","[0, 100000]",0,0,11474,27685
yolov8x_training,2788.915641,75,139.389,13370.3125,100,225,10001,"[0, 100000]","[0, 100000]",0,0,1416,7617
yolov8x_training,2789.958385,75,143.203,13370.3125,100,300,10001,"[0, 100000]","[0, 100000]",0,0,683,2734
yolov8x_training,2791.101333,74,139.238,13370.3125,63,225,10001,"[0, 100000]","[0, 100000]",0,0,11230,29150
yolov8x_training,2792.144102,75,139.110,13370.3125,97,225,10001,"[0, 100000]","[0, 100000]",0,0,1464,6689
yolov8x_training,2793.186980,75,139.595,13370.3125,100,270,10001,"[0, 100000]","[0, 100000]",0,0,927,30810
yolov8x_training,2794.310807,75,136.223,13370.3125,76,1125,10001,"[0, 100000]","[0, 100000]",0,0,10253,37988
yolov8x_training,2795.353758,74,138.120,13370.3125,97,240,10001,"[0, 100000]","[0, 100000]",0,0,1416,7128
yolov8x_training,2796.396526,74,139.551,13370.3125,100,240,10001,"[0, 100000]","[0, 100000]",0,0,537,3173
yolov8x_training,2797.549616,73,137.997,13370.3125,100,225,10001,"[0, 100000]","[0, 100000]",0,0,10693,31396
yolov8x_training,2798.592436,75,138.812,13370.3125,25,285,10001,"[0, 100000]","[0, 100000]",0,0,1416,6933
yolov8x_training,2799.635187,75,138.274,13370.3125,97,255,10001,"[0, 100000]","[0, 100000]",0,0,488,3320
yolov8x_training,2800.782909,75,138.413,13370.3125,100,2130,10001,"[0, 100000]","[0, 100000]",0,0,10009,38378
yolov8x_training,2801.826176,74,143.029,13370.3125,100,300,10001,"[0, 100000]","[0, 100000]",0,0,1416,6689
yolov8x_training,2802.868906,75,139.666,13370.3125,15,225,10001,"[0, 100000]","[0, 100000]",0,0,927,32763
yolov8x_training,2804.018675,74,138.476,13370.3125,100,270,10001,"[0, 100000]","[0, 100000]",0,0,11328,28955
yolov8x_training,2805.061428,74,138.867,13370.3125,100,615,10001,"[0, 100000]","[0, 100000]",0,0,1416,6689
yolov8x_training,2806.104161,75,141.078,13370.3125,100,225,10001,"[0, 100000]","[0, 100000]",0,0,1123,63769
yolov8x_training,2807.282066,75,135.329,13370.3125,70,2505,10001,"[0, 100000]","[0, 100000]",0,0,10009,37548
yolov8x_training,2808.325688,74,138.296,13370.3125,96,270,10001,"[0, 100000]","[0, 100000]",0,0,1318,5712
yolov8x_training,2809.368958,73,137.442,13370.3125,100,435,10001,"[0, 100000]","[0, 100000]",0,0,1416,2636
yolov8x_training,2810.411902,75,133.769,13370.3125,100,330,10001,"[0, 100000]","[0, 100000]",0,0,781,1757
yolov8x_training,2811.525922,73,139.030,13370.3125,73,255,10001,"[0, 100000]","[0, 100000]",0,0,11425,29492
yolov8x_training,2812.568964,75,139.835,13370.3125,100,225,10001,"[0, 100000]","[0, 100000]",0,0,1416,6689
yolov8x_training,2813.611837,75,139.804,13370.3125,100,225,10001,"[0, 100000]","[0, 100000]",0,0,634,2734
yolov8x_training,2814.758104,75,137.421,13370.3125,100,2505,10001,"[0, 100000]","[0, 100000]",0,0,10058,37353
yolov8x_training,2815.801143,73,140.042,13370.3125,91,390,10001,"[0, 100000]","[0, 100000]",0,0,1416,5419
yolov8x_training,2816.844106,76,134.763,13370.3125,7,315,10001,"[0, 100000]","[0, 100000]",0,0,976,3808
yolov8x_training,2817.887074,75,136.069,13370.3125,100,270,10001,"[0, 100000]","[0, 100000]",0,0,292,292
yolov8x_training,2818.932716,75,136.823,13370.3125,100,255,10001,"[0, 100000]","[0, 100000]",0,0,10351,34716
yolov8x_training,2819.975574,75,137.299,13370.3125,100,2475,10001,"[0, 100000]","[0, 100000]",0,0,2294,5517
yolov8x_training,2821.018480,75,142.586,13370.3125,100,315,10001,"[0, 100000]","[0, 100000]",0,0,1171,2148
yolov8x_training,2822.178098,74,139.725,13370.3125,99,240,10001,"[0, 100000]","[0, 100000]",0,0,9960,35595
yolov8x_training,2823.221112,75,138.658,13370.3125,97,555,10001,"[0, 100000]","[0, 100000]",0,0,2246,5126
yolov8x_training,2824.263855,74,139.271,13370.3125,100,270,10001,"[0, 100000]","[0, 100000]",0,0,1171,2197
yolov8x_training,2825.418709,75,136.589,13370.3125,70,240,10001,"[0, 100000]","[0, 100000]",0,0,11425,28271
yolov8x_training,2826.461781,75,138.734,13370.3125,97,2505,10001,"[0, 100000]","[0, 100000]",0,0,1123,6201
yolov8x_training,2827.504621,75,137.997,13370.3125,100,300,10001,"[0, 100000]","[0, 100000]",0,0,1074,1416
yolov8x_training,2828.637231,74,139.764,13370.3125,100,210,10001,"[0, 100000]","[0, 100000]",0,0,11230,27783
yolov8x_training,2829.680029,76,139.388,13370.3125,14,360,10001,"[0, 100000]","[0, 100000]",0,0,1513,6201
yolov8x_training,2830.722745,76,139.012,13370.3125,100,315,10001,"[0, 100000]","[0, 100000]",0,0,1123,878
yolov8x_training,2831.856947,75,134.255,13370.3125,100,210,10001,"[0, 100000]","[0, 100000]",0,0,10888,29931
yolov8x_training,2832.899757,75,137.994,13370.3125,100,210,10001,"[0, 100000]","[0, 100000]",0,0,1562,8740
yolov8x_training,2833.942579,75,139.247,13370.3125,51,570,10001,"[0, 100000]","[0, 100000]",0,0,1025,4199
yolov8x_training,2834.985601,74,138.236,13370.3125,100,285,10001,"[0, 100000]","[0, 100000]",0,0,341,244
yolov8x_training,2836.112810,73,136.577,13370.3125,95,255,10001,"[0, 100000]","[0, 100000]",0,0,10107,35888
yolov8x_training,2837.156353,76,132.387,13370.3125,100,345,10001,"[0, 100000]","[0, 100000]",0,0,2441,5615
yolov8x_training,2838.199263,75,138.891,13370.3125,100,315,10001,"[0, 100000]","[0, 100000]",0,0,1123,3759
yolov8x_training,2839.242043,75,134.671,13370.3125,100,285,10001,"[0, 100000]","[0, 100000]",0,0,1416,78955
yolov8x_training,2840.422889,75,137.766,13370.3125,96,270,10001,"[0, 100000]","[0, 100000]",0,0,1416,6738
yolov8x_training,2841.465618,75,139.099,13370.3125,100,300,10001,"[0, 100000]","[0, 100000]",0,0,585,2587
yolov8x_training,2842.628424,74,138.654,13370.3125,100,255,10001,"[0, 100000]","[0, 100000]",0,0,10009,37207
yolov8x_training,2843.671397,75,137.237,13370.3125,46,255,10001,"[0, 100000]","[0, 100000]",0,0,1416,6689
yolov8x_training,2844.714612,75,139.102,13370.3125,97,270,10001,"[0, 100000]","[0, 100000]",0,0,830,1318
yolov8x_training,2845.863721,75,133.659,13370.3125,100,210,10001,"[0, 100000]","[0, 100000]",0,0,10205,34570
yolov8x_training,2846.906529,75,137.583,13370.3125,100,255,10001,"[0, 100000]","[0, 100000]",0,0,1367,7128
yolov8x_training,2847.949275,75,137.440,13370.3125,17,375,10001,"[0, 100000]","[0, 100000]",0,0,1220,537
yolov8x_training,2848.992030,74,138.957,13370.3125,100,300,10001,"[0, 100000]","[0, 100000]",0,0,89355,15917
yolov8x_training,2850.043949,73,136.676,13370.3125,95,255,10001,"[0, 100000]","[0, 100000]",0,0,10009,37060
yolov8x_training,2851.087161,75,130.376,13370.3125,100,210,10001,"[0, 100000]","[0, 100000]",0,0,1171,7763
yolov8x_training,2852.130972,74,132.059,13370.3125,100,315,10001,"[0, 100000]","[0, 100000]",0,0,1367,3759
yolov8x_training,2853.173770,75,142.727,13370.3125,100,240,10001,"[0, 100000]","[0, 100000]",0,0,390,1035498
yolov8x_training,2854.216659,75,137.731,13370.3125,69,240,10001,"[0, 100000]","[0, 100000]",0,0,5712,9472
yolov8x_training,2855.259742,73,138.309,13370.3125,97,285,10001,"[0, 100000]","[0, 100000]",0,0,1464,5615
yolov8x_training,2856.302611,75,139.249,13370.3125,100,270,10001,"[0, 100000]","[0, 100000]",0,0,634,2392
yolov8x_training,2857.420372,75,137.461,13370.3125,48,210,10001,"[0, 100000]","[0, 100000]",0,0,10205,34179
yolov8x_training,2858.463287,75,138.692,13370.3125,97,210,10001,"[0, 100000]","[0, 100000]",0,0,1416,6640
yolov8x_training,2859.506098,75,138.922,13370.3125,100,675,10001,"[0, 100000]","[0, 100000]",0,0,1074,1318
yolov8x_training,2860.629609,74,139.748,13370.3125,100,240,10001,"[0, 100000]","[0, 100000]",0,0,11621,25830
yolov8x_training,2861.672451,75,138.509,13370.3125,29,240,10001,"[0, 100000]","[0, 100000]",0,0,1416,6982
yolov8x_training,2862.715321,74,137.865,13370.3125,100,330,10001,"[0, 100000]","[0, 100000]",0,0,927,3710
yolov8x_training,2863.862776,75,135.827,13370.3125,100,210,10001,"[0, 100000]","[0, 100000]",0,0,11230,29101
yolov8x_training,2864.905551,75,138.726,13370.3125,100,225,10001,"[0, 100000]","[0, 100000]",0,0,1464,6933
yolov8x_training,2865.948246,75,139.262,13370.3125,51,345,10001,"[0, 100000]","[0, 100000]",0,0,976,1464
yolov8x_training,2867.099456,74,138.267,13370.3125,100,270,10001,"[0, 100000]","[0, 100000]",0,0,10058,37597
yolov8x_training,2868.142590,75,136.660,13370.3125,100,210,10001,"[0, 100000]","[0, 100000]",0,0,1416,7031
yolov8x_training,2869.185481,75,137.141,13370.3125,100,255,10001,"[0, 100000]","[0, 100000]",0,0,1123,1660
yolov8x_training,2870.337917,75,137.213,13370.3125,100,270,10001,"[0, 100000]","[0, 100000]",0,0,9960,37597
yolov8x_training,2871.380801,74,138.309,13370.3125,100,255,10001,"[0, 100000]","[0, 100000]",0,0,1367,6201
yolov8x_training,2872.423848,75,138.378,13370.3125,100,315,10001,"[0, 100000]","[0, 100000]",0,0,830,1464
yolov8x_training,2873.546549,73,139.411,13370.3125,100,225,10001,"[0, 100000]","[0, 100000]",0,0,11523,26611
yolov8x_training,2874.589308,75,133.763,13370.3125,99,270,10001,"[0, 100000]","[0, 100000]",0,0,1416,7324
yolov8x_training,2875.632069,75,138.144,13370.3125,98,255,10001,"[0, 100000]","[0, 100000]",0,0,1074,1611
yolov8x_training,2876.783988,75,138.814,13370.3125,100,1530,10001,"[0, 100000]","[0, 100000]",0,0,11230,27929
yolov8x_training,2877.826779,74,141.282,13370.3125,100,285,10001,"[0, 100000]","[0, 100000]",0,0,1318,6933
yolov8x_training,2878.869563,75,139.045,13370.3125,36,255,10001,"[0, 100000]","[0, 100000]",0,0,1171,634
yolov8x_training,2880.011371,73,139.265,13370.3125,97,270,10001,"[0, 100000]","[0, 100000]",0,0,10400,34326
yolov8x_training,2881.054158,75,138.536,13370.3125,100,810,10001,"[0, 100000]","[0, 100000]",0,0,1367,7519
yolov8x_training,2882.096977,75,138.610,13370.3125,100,240,10001,"[0, 100000]","[0, 100000]",0,0,1025,3369
yolov8x_training,2883.251685,75,139.572,13370.3125,17,1207,10001,"[0, 100000]","[0, 100000]",0,0,10205,36328
yolov8x_training,2884.294458,74,142.442,13370.3125,99,285,10001,"[0, 100000]","[0, 100000]",0,0,1220,6933
yolov8x_training,2885.337244,75,138.628,13370.3125,100,225,10001,"[0, 100000]","[0, 100000]",0,0,1025,4052
yolov8x_training,2886.508700,73,138.810,13370.3125,71,285,10001,"[0, 100000]","[0, 100000]",0,0,10107,37939
yolov8x_training,2887.551594,74,139.902,13370.3125,100,1485,10001,"[0, 100000]","[0, 100000]",0,0,1464,6445
yolov8x_training,2888.594399,75,139.436,13370.3125,100,255,10001,"[0, 100000]","[0, 100000]",0,0,878,1416
yolov8x_training,2889.735713,75,138.299,13370.3125,100,285,10001,"[0, 100000]","[0, 100000]",0,0,9863,37744
yolov8x_training,2890.778759,73,140.259,13370.3125,96,315,10001,"[0, 100000]","[0, 100000]",0,0,1367,6542
yolov8x_training,2891.821825,75,140.679,13370.3125,99,285,10001,"[0, 100000]","[0, 100000]",0,0,634,2587
yolov8x_training,2892.942502,77,138.746,13370.3125,98,240,10001,"[0, 100000]","[0, 100000]",0,0,10644,32031
yolov8x_training,2893.985264,75,138.284,13370.3125,100,210,10001,"[0, 100000]","[0, 100000]",0,0,1416,7568
yolov8x_training,2895.028118,75,140.965,13370.3125,100,300,10001,"[0, 100000]","[0, 100000]",0,0,1074,1123
yolov8x_training,2896.170581,74,139.740,13370.3125,82,270,10001,"[0, 100000]","[0, 100000]",0,0,11572,25878
yolov8x_training,2897.213393,76,138.906,13370.3125,97,300,10001,"[0, 100000]","[0, 100000]",0,0,1416,6884
yolov8x_training,2898.256282,75,139.118,13370.3125,100,330,10001,"[0, 100000]","[0, 100000]",0,0,976,1464
yolov8x_training,2899.413322,75,137.218,13370.3125,52,225,10001,"[0, 100000]","[0, 100000]",0,0,11279,29101
yolov8x_training,2900.456111,75,138.505,13370.3125,98,210,10001,"[0, 100000]","[0, 100000]",0,0,1367,6689
yolov8x_training,2901.499095,75,136.986,13370.3125,100,495,10001,"[0, 100000]","[0, 100000]",0,0,1123,488
yolov8x_training,2902.649322,74,139.395,13370.3125,100,210,10001,"[0, 100000]","[0, 100000]",0,0,10205,34521
yolov8x_training,2903.692196,75,139.222,13370.3125,23,315,10001,"[0, 100000]","[0, 100000]",0,0,1318,7031
yolov8x_training,2904.735037,75,138.571,13370.3125,100,300,10001,"[0, 100000]","[0, 100000]",0,0,1074,3808
yolov8x_training,2905.903928,75,137.442,13370.3125,100,240,10001,"[0, 100000]","[0, 100000]",0,0,10205,37158
yolov8x_training,2906.946965,75,139.025,13370.3125,100,240,10001,"[0, 100000]","[0, 100000]",0,0,1416,7031
yolov8x_training,2907.989785,75,137.442,13370.3125,100,540,10001,"[0, 100000]","[0, 100000]",0,0,1220,439
yolov8x_training,2909.149700,74,138.535,13370.3125,100,255,10001,"[0, 100000]","[0, 100000]",0,0,10498,33251
yolov8x_training,2910.192472,75,139.068,13370.3125,96,315,10001,"[0, 100000]","[0, 100000]",0,0,1513,6933
yolov8x_training,2911.235308,75,139.405,13370.3125,100,315,10001,"[0, 100000]","[0, 100000]",0,0,1123,1123
yolov8x_training,2912.375431,75,136.903,13370.3125,59,210,10001,"[0, 100000]","[0, 100000]",0,0,11376,27392
yolov8x_training,2913.418235,75,137.938,13370.3125,97,240,10001,"[0, 100000]","[0, 100000]",0,0,1464,6689
yolov8x_training,2914.461065,75,139.219,13370.3125,100,345,10001,"[0, 100000]","[0, 100000]",0,0,976,1513
yolov8x_training,2915.588910,73,138.735,13370.3125,100,300,10001,"[0, 100000]","[0, 100000]",0,0,11230,28222
yolov8x_training,2916.631701,75,137.235,13370.3125,51,255,10001,"[0, 100000]","[0, 100000]",0,0,1220,7470
yolov8x_training,2917.674577,75,137.841,13370.3125,100,255,10001,"[0, 100000]","[0, 100000]",0,0,1123,3466
yolov8x_training,2918.834303,75,133.821,13370.3125,100,225,10001,"[0, 100000]","[0, 100000]",0,0,10302,35302
yolov8x_training,2919.877329,73,138.205,13370.3125,100,225,10001,"[0, 100000]","[0, 100000]",0,0,1367,6884
yolov8x_training,2920.920424,74,139.380,13370.3125,45,315,10001,"[0, 100000]","[0, 100000]",0,0,1025,537
yolov8x_training,2922.080474,74,138.666,13370.3125,100,330,10001,"[0, 100000]","[0, 100000]",0,0,11328,27636
yolov8x_training,2923.123244,74,136.237,13370.3125,100,240,10001,"[0, 100000]","[0, 100000]",0,0,1416,6640
yolov8x_training,2924.165971,75,138.107,13370.3125,100,285,10001,"[0, 100000]","[0, 100000]",0,0,683,2246
yolov8x_training,2925.298198,75,139.686,13370.3125,71,1395,10001,"[0, 100000]","[0, 100000]",0,0,10839,31445
yolov8x_training,2926.341105,73,139.844,13370.3125,100,270,10001,"[0, 100000]","[0, 100000]",0,0,1464,5761
yolov8x_training,2927.384067,75,139.214,13370.3125,100,210,10001,"[0, 100000]","[0, 100000]",0,0,390,2978
yolov8x_training,2928.427104,73,135.319,13370.3125,100,285,10001,"[0, 100000]","[0, 100000]",0,0,1123,6591
yolov8x_training,2929.613256,75,137.655,13370.3125,31,255,10001,"[0, 100000]","[0, 100000]",0,0,1708,9326
yolov8x_training,2930.656130,75,137.637,13370.3125,100,270,10001,"[0, 100000]","[0, 100000]",0,0,1123,3857
yolov8x_training,2931.698978,75,143.002,13370.3125,100,225,10001,"[0, 100000]","[0, 100000]",0,0,2148,66796
yolov8x_training,2932.867881,74,138.109,13370.3125,100,225,10001,"[0, 100000]","[0, 100000]",0,0,1953,6933
yolov8x_training,2933.910626,75,138.403,13370.3125,62,360,10001,"[0, 100000]","[0, 100000]",0,0,1123,3857
yolov8x_training,2935.083593,73,139.831,13370.3125,100,315,10001,"[0, 100000]","[0, 100000]",0,0,11425,27783
yolov8x_training,2936.126433,75,137.115,13370.3125,100,270,10001,"[0, 100000]","[0, 100000]",0,0,1367,7568
yolov8x_training,2937.169188,75,138.069,13370.3125,100,285,10001,"[0, 100000]","[0, 100000]",0,0,1171,830
yolov8x_training,2938.212266,75,134.161,13370.3125,91,300,10001,"[0, 100000]","[0, 100000]",0,0,292,292
yolov8x_training,2939.348072,74,126.254,13370.3125,90,2505,10001,"[0, 100000]","[0, 100000]",0,0,11328,28173
yolov8x_training,2940.390975,74,136.400,13370.3125,97,285,10001,"[0, 100000]","[0, 100000]",0,0,2246,5029
yolov8x_training,2941.433723,75,141.853,13370.3125,100,375,10001,"[0, 100000]","[0, 100000]",0,0,1025,4150
yolov8x_training,2942.602113,73,139.299,13370.3125,100,300,10001,"[0, 100000]","[0, 100000]",0,0,10791,31494
yolov8x_training,2943.644935,75,139.048,13370.3125,22,225,10001,"[0, 100000]","[0, 100000]",0,0,1757,7714
yolov8x_training,2944.687620,75,137.620,13370.3125,100,255,10001,"[0, 100000]","[0, 100000]",0,0,1123,4541
yolov8x_training,2945.851737,75,135.460,13370.3125,100,225,10001,"[0, 100000]","[0, 100000]",0,0,9960,38671
yolov8x_training,2946.894701,74,139.019,13370.3125,100,270,10001,"[0, 100000]","[0, 100000]",0,0,1562,6201
yolov8x_training,2947.937412,75,137.731,13370.3125,62,360,10001,"[0, 100000]","[0, 100000]",0,0,1074,2539
yolov8x_training,2949.098183,73,139.427,13370.3125,100,315,10001,"[0, 100000]","[0, 100000]",0,0,10351,36962
yolov8x_training,2950.141122,75,139.358,13370.3125,100,255,10001,"[0, 100000]","[0, 100000]",0,0,1171,6201
yolov8x_training,2951.183799,75,138.554,13370.3125,100,255,10001,"[0, 100000]","[0, 100000]",0,0,1123,1953
yolov8x_training,2952.327273,75,134.076,13370.3125,100,660,10001,"[0, 100000]","[0, 100000]",0,0,11865,25195
yolov8x_training,2953.369743,74,138.318,13370.3125,96,285,10001,"[0, 100000]","[0, 100000]",0,0,1367,5712
yolov8x_training,2954.411926,74,139.252,13370.3125,100,210,10001,"[0, 100000]","[0, 100000]",0,0,1025,1318
yolov8x_training,2955.541785,76,138.633,13370.3125,100,255,10001,"[0, 100000]","[0, 100000]",0,0,10302,35205
yolov8x_training,2956.584901,74,136.859,13370.3125,50,210,10001,"[0, 100000]","[0, 100000]",0,0,1171,11376
yolov8x_training,2957.627775,75,136.643,13370.3125,97,285,10001,"[0, 100000]","[0, 100000]",0,0,1123,4199
yolov8x_training,2958.803746,75,137.342,13370.3125,100,1620,10001,"[0, 100000]","[0, 100000]",0,0,11425,28662
yolov8x_training,2959.846470,73,138.173,13370.3125,100,255,10001,"[0, 100000]","[0, 100000]",0,0,1513,6201
yolov8x_training,2960.889159,75,139.270,13370.3125,12,225,10001,"[0, 100000]","[0, 100000]",0,0,1171,683
yolov8x_training,2962.018402,77,139.156,13370.3125,97,255,10001,"[0, 100000]","[0, 100000]",0,0,10791,31201
yolov8x_training,2963.061388,74,134.909,13370.3125,100,270,10001,"[0, 100000]","[0, 100000]",0,0,1464,6201
yolov8x_training,2964.104092,75,138.120,13370.3125,100,225,10001,"[0, 100000]","[0, 100000]",0,0,1220,1074
yolov8x_training,2965.236680,75,139.768,13370.3125,31,2235,10001,"[0, 100000]","[0, 100000]",0,0,11962,25000
yolov8x_training,2966.279448,73,140.476,13370.3125,99,300,10001,"[0, 100000]","[0, 100000]",0,0,1611,8056
yolov8x_training,2967.322168,74,138.923,13370.3125,100,225,10001,"[0, 100000]","[0, 100000]",0,0,1123,3564
yolov8x_training,2968.488492,75,139.195,13370.3125,67,240,10001,"[0, 100000]","[0, 100000]",0,0,10302,36572
yolov8x_training,2969.531425,75,135.530,13370.3125,100,1620,10001,"[0, 100000]","[0, 100000]",0,0,1074,6152
yolov8x_training,2970.574236,75,138.858,13370.3125,100,285,10001,"[0, 100000]","[0, 100000]",0,0,390,2783
yolov8x_training,2971.710336,74,137.977,13370.3125,100,210,10001,"[0, 100000]","[0, 100000]",0,0,10058,37011
yolov8x_training,2972.753400,77,137.832,13370.3125,100,465,10001,"[0, 100000]","[0, 100000]",0,0,2001,5810
yolov8x_training,2973.796178,75,137.855,13370.3125,71,270,10001,"[0, 100000]","[0, 100000]",0,0,1123,4296
yolov8x_training,2974.957296,75,138.813,13370.3125,97,240,10001,"[0, 100000]","[0, 100000]",0,0,11914,25585
yolov8x_training,2976.000045,75,140.016,13370.3125,100,2490,10001,"[0, 100000]","[0, 100000]",0,0,1269,6201
yolov8x_training,2977.042905,75,139.281,13370.3125,100,285,10001,"[0, 100000]","[0, 100000]",0,0,1074,1220
yolov8x_training,2978.186029,74,138.635,13370.3125,42,270,10001,"[0, 100000]","[0, 100000]",0,0,9960,37646
yolov8x_training,2979.229031,75,138.979,13370.3125,95,315,10001,"[0, 100000]","[0, 100000]",0,0,1367,6201
yolov8x_training,2980.271767,75,139.431,13370.3125,100,300,10001,"[0, 100000]","[0, 100000]",0,0,1269,1123
yolov8x_training,2981.419125,75,139.005,13370.3125,12,240,10001,"[0, 100000]","[0, 100000]",0,0,11376,29003
yolov8x_training,2982.461879,75,137.847,13370.3125,100,210,10001,"[0, 100000]","[0, 100000]",0,0,2148,4785
yolov8x_training,2983.504704,75,140.121,13370.3125,100,480,10001,"[0, 100000]","[0, 100000]",0,0,1123,3076
yolov8x_training,2984.646743,74,138.443,13370.3125,100,255,10001,"[0, 100000]","[0, 100000]",0,0,10351,35546
yolov8x_training,2985.689724,75,138.859,13370.3125,69,330,10001,"[0, 100000]","[0, 100000]",0,0,1367,6787
yolov8x_training,2986.732452,75,139.023,13370.3125,100,225,10001,"[0, 100000]","[0, 100000]",0,0,1074,1367
yolov8x_training,2987.866242,75,137.157,13370.3125,100,285,10001,"[0, 100000]","[0, 100000]",0,0,10400,34619
yolov8x_training,2988.909036,74,138.554,13370.3125,100,270,10001,"[0, 100000]","[0, 100000]",0,0,1367,6201
yolov8x_training,2989.951759,75,142.384,13370.3125,74,300,10001,"[0, 100000]","[0, 100000]",0,0,634,2099
yolov8x_training,2991.078918,73,137.876,13370.3125,100,270,10001,"[0, 100000]","[0, 100000]",0,0,10839,29980
yolov8x_training,2992.121761,75,138.500,13370.3125,100,255,10001,"[0, 100000]","[0, 100000]",0,0,2197,5957
yolov8x_training,2993.164569,75,137.140,13370.3125,100,285,10001,"[0, 100000]","[0, 100000]",0,0,1171,1904
yolov8x_training,2994.318910,75,134.533,13370.3125,100,1605,10001,"[0, 100000]","[0, 100000]",0,0,10644,31884
yolov8x_training,2995.361644,74,138.691,13370.3125,97,240,10001,"[0, 100000]","[0, 100000]",0,0,1464,6201
yolov8x_training,2996.404421,75,138.954,13370.3125,100,240,10001,"[0, 100000]","[0, 100000]",0,0,732,2148
yolov8x_training,2997.538595,77,139.401,13370.3125,100,270,10001,"[0, 100000]","[0, 100000]",0,0,11865,24707
yolov8x_training,2998.581722,75,135.677,13370.3125,52,240,10001,"[0, 100000]","[0, 100000]",0,0,2050,6250
yolov8x_training,2999.624558,75,137.856,13370.3125,98,210,10001,"[0, 100000]","[0, 100000]",0,0,1220,1074
yolov8x_training,3000.796708,75,137.453,13370.3125,100,2415,10001,"[0, 100000]","[0, 100000]",0,0,10058,37451
yolov8x_training,3001.839587,73,138.665,13370.3125,100,255,10001,"[0, 100000]","[0, 100000]",0,0,1269,6054
yolov8x_training,3002.882330,75,138.211,13370.3125,18,255,10001,"[0, 100000]","[0, 100000]",0,0,683,2392
yolov8x_training,3004.035527,76,139.429,13370.3125,100,285,10001,"[0, 100000]","[0, 100000]",0,0,10937,30664
yolov8x_training,3005.078321,75,135.665,13370.3125,100,225,10001,"[0, 100000]","[0, 100000]",0,0,1513,6201
yolov8x_training,3006.121067,75,138.669,13370.3125,100,240,10001,"[0, 100000]","[0, 100000]",0,0,683,2294
yolov8x_training,3007.253550,75,138.406,13370.3125,51,645,10001,"[0, 100000]","[0, 100000]",0,0,10156,37402
yolov8x_training,3008.296516,73,141.166,13370.3125,100,315,10001,"[0, 100000]","[0, 100000]",0,0,1318,6591
yolov8x_training,3009.339207,75,138.473,13370.3125,100,285,10001,"[0, 100000]","[0, 100000]",0,0,683,2539
yolov8x_training,3010.479489,75,139.116,13370.3125,61,210,10001,"[0, 100000]","[0, 100000]",0,0,11230,28613
yolov8x_training,3011.522296,75,132.963,13370.3125,100,2145,10001,"[0, 100000]","[0, 100000]",0,0,1367,6103
yolov8x_training,3012.565061,75,137.852,13370.3125,100,255,10001,"[0, 100000]","[0, 100000]",0,0,488,2783
yolov8x_training,3013.688520,74,138.135,13370.3125,100,240,10001,"[0, 100000]","[0, 100000]",0,0,10107,37548
yolov8x_training,3014.731437,77,138.689,13370.3125,100,360,10001,"[0, 100000]","[0, 100000]",0,0,1171,6152
yolov8x_training,3015.774126,75,139.393,13370.3125,100,300,10001,"[0, 100000]","[0, 100000]",0,0,1074,1367
yolov8x_training,3016.932286,75,138.865,13370.3125,97,240,10001,"[0, 100000]","[0, 100000]",0,0,11425,27490
yolov8x_training,3017.975113,75,136.867,13370.3125,100,2505,10001,"[0, 100000]","[0, 100000]",0,0,2050,6054
yolov8x_training,3019.018013,75,140.318,13370.3125,100,435,10001,"[0, 100000]","[0, 100000]",0,0,976,1318
yolov8x_training,3020.135440,74,138.522,13370.3125,63,255,10001,"[0, 100000]","[0, 100000]",0,0,10205,38427
yolov8x_training,3021.178852,75,138.994,13370.3125,96,225,10001,"[0, 100000]","[0, 100000]",0,0,1318,6494
yolov8x_training,3022.221622,75,138.995,13370.3125,100,270,10001,"[0, 100000]","[0, 100000]",0,0,683,2539
yolov8x_training,3023.344493,75,136.529,13370.3125,58,660,10001,"[0, 100000]","[0, 100000]",0,0,11669,25830
yolov8x_training,3024.387274,74,138.976,13370.3125,97,240,10001,"[0, 100000]","[0, 100000]",0,0,1269,6884
yolov8x_training,3025.430081,75,139.031,13370.3125,100,240,10001,"[0, 100000]","[0, 100000]",0,0,634,2099
yolov8x_training,3026.549433,75,139.669,13370.3125,100,270,10001,"[0, 100000]","[0, 100000]",0,0,10107,38818
yolov8x_training,3027.592283,75,139.086,13370.3125,44,240,10001,"[0, 100000]","[0, 100000]",0,0,1269,6054
yolov8x_training,3028.635110,75,140.015,13370.3125,98,225,10001,"[0, 100000]","[0, 100000]",0,0,585,2783
yolov8x_training,3029.781101,74,137.980,13370.3125,100,2505,10001,"[0, 100000]","[0, 100000]",0,0,11767,25878
yolov8x_training,3030.823793,73,138.334,13370.3125,100,315,10001,"[0, 100000]","[0, 100000]",0,0,1171,6542
yolov8x_training,3031.866489,75,139.099,13370.3125,15,210,10001,"[0, 100000]","[0, 100000]",0,0,1220,537
yolov8x_training,3032.997117,77,139.238,13370.3125,100,225,10001,"[0, 100000]","[0, 100000]",0,0,11328,29003
yolov8x_training,3034.039939,75,139.123,13370.3125,100,1770,10001,"[0, 100000]","[0, 100000]",0,0,1269,6445
yolov8x_training,3035.082730,75,142.458,13370.3125,100,270,10001,"[0, 100000]","[0, 100000]",0,0,683,2587
yolov8x_training,3036.125610,75,135.097,13370.3125,10,2415,10001,"[0, 100000]","[0, 100000]",0,0,292,292
yolov8x_training,3037.242957,74,137.272,13370.3125,100,2025,10001,"[0, 100000]","[0, 100000]",0,0,10205,36523
yolov8x_training,3038.285897,73,134.487,13370.3125,95,270,10001,"[0, 100000]","[0, 100000]",0,0,1220,8300
yolov8x_training,3039.328257,75,139.696,13370.3125,100,210,10001,"[0, 100000]","[0, 100000]",0,0,1123,3906
yolov8x_training,3040.371073,75,138.200,13370.3125,50,285,10001,"[0, 100000]","[0, 100000]",0,0,1660,9375
yolov8x_training,3041.544317,74,138.985,13370.3125,100,1215,10001,"[0, 100000]","[0, 100000]",0,0,2099,7275
yolov8x_training,3042.587070,75,142.402,13370.3125,100,270,10001,"[0, 100000]","[0, 100000]",0,0,830,1367
yolov8x_training,3043.742234,74,137.775,13370.3125,100,255,10001,"[0, 100000]","[0, 100000]",0,0,11425,26562
yolov8x_training,3044.784813,75,139.344,13370.3125,42,390,10001,"[0, 100000]","[0, 100000]",0,0,1416,7617
yolov8x_training,3045.827555,74,139.649,13370.3125,100,315,10001,"[0, 100000]","[0, 100000]",0,0,1025,439
yolov8x_training,3046.931352,75,136.297,13370.3125,100,210,10001,"[0, 100000]","[0, 100000]",0,0,11328,27392
yolov8x_training,3047.973911,75,139.240,13370.3125,100,225,10001,"[0, 100000]","[0, 100000]",0,0,1464,5126
yolov8x_training,3049.016646,75,138.426,13370.3125,31,375,10001,"[0, 100000]","[0, 100000]",0,0,1025,292
yolov8x_training,3050.159142,74,138.567,13370.3125,100,255,10001,"[0, 100000]","[0, 100000]",0,0,10253,36669
yolov8x_training,3051.201936,75,136.687,13370.3125,100,210,10001,"[0, 100000]","[0, 100000]",0,0,1464,6884
yolov8x_training,3052.244808,75,138.413,13370.3125,100,255,10001,"[0, 100000]","[0, 100000]",0,0,634,2099
yolov8x_training,3053.394725,75,134.806,13370.3125,100,210,10001,"[0, 100000]","[0, 100000]",0,0,11425,26855
yolov8x_training,3054.437363,75,138.091,13370.3125,100,255,10001,"[0, 100000]","[0, 100000]",0,0,1416,7617
yolov8x_training,3055.480094,75,137.767,13370.3125,100,360,10001,"[0, 100000]","[0, 100000]",0,0,537,2539
yolov8x_training,3056.618403,74,139.062,13370.3125,100,315,10001,"[0, 100000]","[0, 100000]",0,0,10156,34570
yolov8x_training,3057.661121,75,135.066,13370.3125,88,210,10001,"[0, 100000]","[0, 100000]",0,0,1416,6494
yolov8x_training,3058.703896,75,138.604,13370.3125,96,285,10001,"[0, 100000]","[0, 100000]",0,0,1025,1025
yolov8x_training,3059.822467,75,139.108,13370.3125,100,1050,10001,"[0, 100000]","[0, 100000]",0,0,9960,36572
yolov8x_training,3060.865210,74,141.964,13370.3125,100,270,10001,"[0, 100000]","[0, 100000]",0,0,1416,4931
yolov8x_training,3061.908046,75,138.055,13370.3125,91,255,10001,"[0, 100000]","[0, 100000]",0,0,634,2392
yolov8x_training,3063.058208,73,138.646,13370.3125,97,270,10001,"[0, 100000]","[0, 100000]",0,0,11328,27978
yolov8x_training,3064.100932,75,138.092,13370.3125,100,225,10001,"[0, 100000]","[0, 100000]",0,0,1513,5468
yolov8x_training,3065.143368,75,140.609,13370.3125,100,210,10001,"[0, 100000]","[0, 100000]",0,0,976,341
yolov8x_training,3066.256407,75,138.219,13370.3125,71,210,10001,"[0, 100000]","[0, 100000]",0,0,10986,29248
yolov8x_training,3067.298850,73,138.124,13370.3125,97,480,10001,"[0, 100000]","[0, 100000]",0,0,1513,6738
yolov8x_training,3068.340936,75,139.219,13370.3125,100,270,10001,"[0, 100000]","[0, 100000]",0,0,830,2197
yolov8x_training,3069.461492,75,138.632,13370.3125,21,240,10001,"[0, 100000]","[0, 100000]",0,0,10058,36523
yolov8x_training,3070.504157,75,138.797,13370.3125,97,990,10001,"[0, 100000]","[0, 100000]",0,0,1611,7324
yolov8x_training,3071.546337,75,139.871,13370.3125,100,345,10001,"[0, 100000]","[0, 100000]",0,0,976,1464
yolov8x_training,3072.720671,75,140.074,13370.3125,100,270,10001,"[0, 100000]","[0, 100000]",0,0,11621,25195
yolov8x_training,3073.763426,73,137.019,13370.3125,31,675,10001,"[0, 100000]","[0, 100000]",0,0,2343,5468
yolov8x_training,3074.806237,75,139.505,13370.3125,100,270,10001,"[0, 100000]","[0, 100000]",0,0,976,4150
yolov8x_training,3075.849053,75,139.443,13370.3125,100,240,10001,"[0, 100000]","[0, 100000]",0,0,1513,8154
yolov8x_training,3077.012542,75,138.628,13370.3125,100,2400,10001,"[0, 100000]","[0, 100000]",0,0,1708,6835
yolov8x_training,3078.055270,75,144.046,13370.3125,100,450,10001,"[0, 100000]","[0, 100000]",0,0,634,2539
yolov8x_training,3079.224975,74,137.623,13370.3125,100,255,10001,"[0, 100000]","[0, 100000]",0,0,11376,27539
yolov8x_training,3080.267544,76,139.572,13370.3125,96,285,10001,"[0, 100000]","[0, 100000]",0,0,1708,4199
yolov8x_training,3081.309798,74,138.472,13370.3125,100,330,10001,"[0, 100000]","[0, 100000]",0,0,927,439
yolov8x_training,3082.430375,75,136.662,13370.3125,55,210,10001,"[0, 100000]","[0, 100000]",0,0,11279,27148
yolov8x_training,3083.472827,75,138.663,13370.3125,96,210,10001,"[0, 100000]","[0, 100000]",0,0,1708,4833
yolov8x_training,3084.515079,75,138.658,13370.3125,100,285,10001,"[0, 100000]","[0, 100000]",0,0,927,341
yolov8x_training,3085.628967,74,138.965,13370.3125,100,270,10001,"[0, 100000]","[0, 100000]",0,0,11279,28125
yolov8x_training,3086.671472,75,135.618,13370.3125,67,210,10001,"[0, 100000]","[0, 100000]",0,0,1513,6542
yolov8x_training,3087.713606,75,137.828,13370.3125,97,270,10001,"[0, 100000]","[0, 100000]",0,0,976,1562
yolov8x_training,3088.863721,75,138.576,13370.3125,100,690,10001,"[0, 100000]","[0, 100000]",0,0,11767,24853
yolov8x_training,3089.906141,74,138.419,13370.3125,100,255,10001,"[0, 100000]","[0, 100000]",0,0,1513,6835
yolov8x_training,3090.948373,75,139.056,13370.3125,38,240,10001,"[0, 100000]","[0, 100000]",0,0,878,1855
yolov8x_training,3092.093518,73,139.244,13370.3125,97,270,10001,"[0, 100000]","[0, 100000]",0,0,10400,36132
yolov8x_training,3093.136131,75,133.563,13370.3125,100,285,10001,"[0, 100000]","[0, 100000]",0,0,1513,6542
yolov8x_training,3094.178230,75,138.359,13370.3125,100,255,10001,"[0, 100000]","[0, 100000]",0,0,732,2246
yolov8x_training,3095.317094,75,138.708,13370.3125,21,1605,10001,"[0, 100000]","[0, 100000]",0,0,11621,25292
yolov8x_training,3096.359640,74,140.696,13370.3125,100,255,10001,"[0, 100000]","[0, 100000]",0,0,1318,7421
yolov8x_training,3097.401698,75,138.702,13370.3125,100,270,10001,"[0, 100000]","[0, 100000]",0,0,1123,1416
yolov8x_training,3098.583538,73,138.835,13370.3125,100,270,10001,"[0, 100000]","[0, 100000]",0,0,10156,38623
yolov8x_training,3099.626250,75,133.774,13370.3125,100,285,10001,"[0, 100000]","[0, 100000]",0,0,1660,6884
yolov8x_training,3100.668823,75,138.241,13370.3125,98,225,10001,"[0, 100000]","[0, 100000]",0,0,683,2685
yolov8x_training,3101.831179,75,137.513,13370.3125,100,2070,10001,"[0, 100000]","[0, 100000]",0,0,11328,27490
yolov8x_training,3102.873635,75,141.217,13370.3125,100,255,10001,"[0, 100000]","[0, 100000]",0,0,1562,5615
yolov8x_training,3103.915748,75,137.997,13370.3125,71,255,10001,"[0, 100000]","[0, 100000]",0,0,1025,1171
yolov8x_training,3105.063145,73,138.646,13370.3125,96,285,10001,"[0, 100000]","[0, 100000]",0,0,11718,24023
yolov8x_training,3106.105622,75,137.741,13370.3125,100,315,10001,"[0, 100000]","[0, 100000]",0,0,1562,7421
yolov8x_training,3107.147758,75,137.519,13370.3125,100,240,10001,"[0, 100000]","[0, 100000]",0,0,585,2490
yolov8x_training,3108.280514,75,139.175,13370.3125,20,2490,10001,"[0, 100000]","[0, 100000]",0,0,10156,36962
yolov8x_training,3109.323339,74,144.282,13370.3125,99,390,10001,"[0, 100000]","[0, 100000]",0,0,1416,7763
yolov8x_training,3110.366110,75,139.203,13370.3125,100,270,10001,"[0, 100000]","[0, 100000]",0,0,488,2978
yolov8x_training,3111.500965,73,139.378,13370.3125,52,210,10001,"[0, 100000]","[0, 100000]",0,0,9960,37744
yolov8x_training,3112.543667,74,138.980,13370.3125,100,1192,10001,"[0, 100000]","[0, 100000]",0,0,1416,6884
yolov8x_training,3113.586403,75,141.006,13370.3125,100,315,10001,"[0, 100000]","[0, 100000]",0,0,683,1855
yolov8x_training,3114.720840,75,138.612,13370.3125,100,225,10001,"[0, 100000]","[0, 100000]",0,0,11328,28173
yolov8x_training,3115.763425,73,137.556,13370.3125,57,315,10001,"[0, 100000]","[0, 100000]",0,0,1220,6884
yolov8x_training,3116.806172,75,138.864,13370.3125,100,300,10001,"[0, 100000]","[0, 100000]",0,0,781,1660
yolov8x_training,3117.985617,75,138.892,13370.3125,100,240,10001,"[0, 100000]","[0, 100000]",0,0,11376,28173
yolov8x_training,3119.028133,75,138.329,13370.3125,100,1575,10001,"[0, 100000]","[0, 100000]",0,0,1416,6591
yolov8x_training,3120.070950,75,144.048,13370.3125,100,585,10001,"[0, 100000]","[0, 100000]",0,0,927,1025
yolov8x_training,3121.228574,75,137.687,13370.3125,99,285,10001,"[0, 100000]","[0, 100000]",0,0,11914,22900
yolov8x_training,3122.271140,73,139.456,13370.3125,96,300,10001,"[0, 100000]","[0, 100000]",0,0,1464,4638
yolov8x_training,3123.313844,75,138.758,13370.3125,100,330,10001,"[0, 100000]","[0, 100000]",0,0,1025,878
yolov8x_training,3124.455498,75,138.033,13370.3125,34,210,10001,"[0, 100000]","[0, 100000]",0,0,10449,32617
yolov8x_training,3125.498183,75,137.481,13370.3125,97,210,10001,"[0, 100000]","[0, 100000]",0,0,1416,7080
yolov8x_training,3126.541004,75,140.434,13370.3125,100,300,10001,"[0, 100000]","[0, 100000]",0,0,634,2392
yolov8x_training,3127.694134,74,139.906,13370.3125,100,285,10001,"[0, 100000]","[0, 100000]",0,0,10156,37988
yolov8x_training,3128.737017,75,139.236,13370.3125,28,300,10001,"[0, 100000]","[0, 100000]",0,0,1416,6445
yolov8x_training,3129.779742,75,138.595,13370.3125,100,225,10001,"[0, 100000]","[0, 100000]",0,0,585,2148
yolov8x_training,3130.933914,75,137.092,13370.3125,100,330,10001,"[0, 100000]","[0, 100000]",0,0,11279,27880
yolov8x_training,3131.976571,75,137.719,13370.3125,100,225,10001,"[0, 100000]","[0, 100000]",0,0,1611,5810
yolov8x_training,3133.018745,75,139.040,13370.3125,58,360,10001,"[0, 100000]","[0, 100000]",0,0,1171,341
yolov8x_training,3134.155591,73,138.724,13370.3125,100,270,10001,"[0, 100000]","[0, 100000]",0,0,10546,31835
yolov8x_training,3135.198077,75,138.874,13370.3125,100,255,10001,"[0, 100000]","[0, 100000]",0,0,1513,7666
yolov8x_training,3136.240189,75,138.906,13370.3125,100,270,10001,"[0, 100000]","[0, 100000]",0,0,927,1416
yolov8x_training,3137.384460,75,134.301,13370.3125,96,210,10001,"[0, 100000]","[0, 100000]",0,0,10644,31689
yolov8x_training,3138.427114,74,138.265,13370.3125,98,240,10001,"[0, 100000]","[0, 100000]",0,0,1660,5615
yolov8x_training,3139.469260,75,138.037,13370.3125,100,225,10001,"[0, 100000]","[0, 100000]",0,0,1220,634
yolov8x_training,3140.594286,75,139.099,13370.3125,100,255,10001,"[0, 100000]","[0, 100000]",0,0,10937,29638
yolov8x_training,3141.636745,74,135.245,13370.3125,85,285,10001,"[0, 100000]","[0, 100000]",0,0,1611,6005
yolov8x_training,3142.678924,75,137.663,13370.3125,96,255,10001,"[0, 100000]","[0, 100000]",0,0,732,2392
yolov8x_training,3143.813769,75,138.488,13370.3125,100,1860,10001,"[0, 100000]","[0, 100000]",0,0,10302,33300
yolov8x_training,3144.856341,74,140.392,13370.3125,100,330,10001,"[0, 100000]","[0, 100000]",0,0,1513,6787
yolov8x_training,3145.898554,75,136.890,13370.3125,2,255,10001,"[0, 100000]","[0, 100000]",0,0,1074,1074
yolov8x_training,3146.941467,73,134.864,13370.3125,100,330,10001,"[0, 100000]","[0, 100000]",0,0,341,292
yolov8x_training,3148.085242,76,134.639,13370.3125,95,270,10001,"[0, 100000]","[0, 100000]",0,0,12060,24902
yolov8x_training,3149.127973,75,132.115,13370.3125,100,210,10001,"[0, 100000]","[0, 100000]",0,0,1464,5615
yolov8x_training,3150.170708,75,138.520,13370.3125,100,225,10001,"[0, 100000]","[0, 100000]",0,0,1171,57031
yolov8x_training,3151.302589,75,137.920,13370.3125,46,2505,10001,"[0, 100000]","[0, 100000]",0,0,11376,29199
yolov8x_training,3152.345321,75,141.990,13370.3125,100,285,10001,"[0, 100000]","[0, 100000]",0,0,1464,6005
yolov8x_training,3153.388129,74,139.003,13370.3125,100,285,10001,"[0, 100000]","[0, 100000]",0,0,4394,97314
yolov8x_training,3154.515328,75,139.647,13370.3125,41,210,10001,"[0, 100000]","[0, 100000]",0,0,11914,21679
yolov8x_training,3155.558120,75,137.938,13370.3125,100,2160,10001,"[0, 100000]","[0, 100000]",0,0,1513,5810
yolov8x_training,3156.601126,75,139.983,13370.3125,100,270,10001,"[0, 100000]","[0, 100000]",0,0,1025,39746
yolov8x_training,3157.741326,75,138.123,13370.3125,100,255,10001,"[0, 100000]","[0, 100000]",0,0,11279,29296
yolov8x_training,3158.784086,75,142.404,13370.3125,91,375,10001,"[0, 100000]","[0, 100000]",0,0,1416,6689
yolov8x_training,3159.826907,75,138.999,13370.3125,100,300,10001,"[0, 100000]","[0, 100000]",0,0,390,3417
yolov8x_training,3160.982184,75,138.990,13370.3125,98,240,10001,"[0, 100000]","[0, 100000]",0,0,12304,21728
yolov8x_training,3162.025116,75,138.481,13370.3125,100,210,10001,"[0, 100000]","[0, 100000]",0,0,1416,6445
yolov8x_training,3163.067973,75,142.120,13370.3125,100,450,10001,"[0, 100000]","[0, 100000]",0,0,488,3613
yolov8x_training,3164.220411,75,138.819,13370.3125,53,240,10001,"[0, 100000]","[0, 100000]",0,0,11425,29150
yolov8x_training,3165.263173,75,138.124,13370.3125,97,360,10001,"[0, 100000]","[0, 100000]",0,0,1416,7275
yolov8x_training,3166.305900,75,139.246,13370.3125,100,330,10001,"[0, 100000]","[0, 100000]",0,0,585,15820
yolov8x_training,3167.462717,75,139.403,13370.3125,13,240,10001,"[0, 100000]","[0, 100000]",0,0,11376,28906
yolov8x_training,3168.505546,75,137.547,13370.3125,100,210,10001,"[0, 100000]","[0, 100000]",0,0,1367,7666
yolov8x_training,3169.548303,75,143.771,13370.3125,100,300,10001,"[0, 100000]","[0, 100000]",0,0,585,25048
yolov8x_training,3170.682706,74,139.268,13370.3125,100,210,10001,"[0, 100000]","[0, 100000]",0,0,10058,37792
yolov8x_training,3171.725647,75,139.128,13370.3125,32,315,10001,"[0, 100000]","[0, 100000]",0,0,1318,6933
yolov8x_training,3172.768376,75,138.168,13370.3125,100,315,10001,"[0, 100000]","[0, 100000]",0,0,1220,830
yolov8x_training,3173.942201,75,138.988,13370.3125,97,225,10001,"[0, 100000]","[0, 100000]",0,0,10156,35888
yolov8x_training,3174.985240,75,138.462,13370.3125,100,240,10001,"[0, 100000]","[0, 100000]",0,0,1416,6445
yolov8x_training,3176.027986,75,140.659,13370.3125,91,375,10001,"[0, 100000]","[0, 100000]",0,0,976,33154
yolov8x_training,3177.178306,74,138.698,13370.3125,93,210,10001,"[0, 100000]","[0, 100000]",0,0,9912,38720
yolov8x_training,3178.221241,75,139.316,13370.3125,97,315,10001,"[0, 100000]","[0, 100000]",0,0,1269,6396
yolov8x_training,3179.263989,75,138.880,13370.3125,100,210,10001,"[0, 100000]","[0, 100000]",0,0,976,1416
yolov8x_training,3180.435476,75,138.289,13370.3125,26,210,10001,"[0, 100000]","[0, 100000]",0,0,11328,28759
yolov8x_training,3181.478358,75,138.371,13370.3125,97,240,10001,"[0, 100000]","[0, 100000]",0,0,1416,6787
yolov8x_training,3182.521099,75,141.279,13370.3125,100,360,10001,"[0, 100000]","[0, 100000]",0,0,927,33056
yolov8x_training,3183.630035,74,139.742,13370.3125,100,300,10001,"[0, 100000]","[0, 100000]",0,0,10595,34570
yolov8x_training,3184.672900,75,138.680,13370.3125,21,210,10001,"[0, 100000]","[0, 100000]",0,0,1513,6689
yolov8x_training,3185.715567,75,139.416,13370.3125,97,270,10001,"[0, 100000]","[0, 100000]",0,0,683,12158
yolov8x_training,3186.864086,75,133.856,13370.3125,100,420,10001,"[0, 100000]","[0, 100000]",0,0,10253,37500
yolov8x_training,3187.906881,74,138.260,13370.3125,100,255,10001,"[0, 100000]","[0, 100000]",0,0,1513,5273
yolov8x_training,3188.949571,75,138.143,13370.3125,13,255,10001,"[0, 100000]","[0, 100000]",0,0,927,63134
yolov8x_training,3190.095569,75,139.252,13370.3125,100,240,10001,"[0, 100000]","[0, 100000]",0,0,10009,39111
yolov8x_training,3191.138461,75,136.270,13370.3125,100,270,10001,"[0, 100000]","[0, 100000]",0,0,1367,7812
yolov8x_training,3192.181122,75,137.212,13370.3125,100,240,10001,"[0, 100000]","[0, 100000]",0,0,878,1513
yolov8x_training,3193.369062,75,134.816,13370.3125,100,660,10001,"[0, 100000]","[0, 100000]",0,0,11718,26367
yolov8x_training,3194.411623,74,137.878,13370.3125,96,255,10001,"[0, 100000]","[0, 100000]",0,0,1513,5615
yolov8x_training,3195.454458,75,139.052,13370.3125,100,210,10001,"[0, 100000]","[0, 100000]",0,0,634,2734
yolov8x_training,3196.589582,74,138.844,13370.3125,100,210,10001,"[0, 100000]","[0, 100000]",0,0,11376,29052
yolov8x_training,3197.632111,74,136.411,13370.3125,62,270,10001,"[0, 100000]","[0, 100000]",0,0,1416,6787
yolov8x_training,3198.674894,75,138.229,13370.3125,98,240,10001,"[0, 100000]","[0, 100000]",0,0,634,9765
yolov8x_training,3199.808578,75,139.221,13370.3125,100,2340,10001,"[0, 100000]","[0, 100000]",0,0,11474,27587
yolov8x_training,3200.851134,74,140.086,13370.3125,100,315,10001,"[0, 100000]","[0, 100000]",0,0,1367,7031
yolov8x_training,3201.893842,75,138.608,13370.3125,46,285,10001,"[0, 100000]","[0, 100000]",0,0,683,6152
yolov8x_training,3203.027021,76,139.407,13370.3125,100,240,10001,"[0, 100000]","[0, 100000]",0,0,12011,24658
yolov8x_training,3204.069844,75,137.442,13370.3125,100,2175,10001,"[0, 100000]","[0, 100000]",0,0,1416,6884
yolov8x_training,3205.112623,75,138.046,13370.3125,100,270,10001,"[0, 100000]","[0, 100000]",0,0,634,2636
yolov8x_training,3206.272987,75,137.396,13370.3125,33,210,10001,"[0, 100000]","[0, 100000]",0,0,11083,29394
yolov8x_training,3207.315561,77,141.681,13370.3125,100,510,10001,"[0, 100000]","[0, 100000]",0,0,1416,7617
yolov8x_training,3208.358242,74,138.681,13370.3125,100,255,10001,"[0, 100000]","[0, 100000]",0,0,634,25830
yolov8x_training,3209.496100,75,138.915,13370.3125,52,240,10001,"[0, 100000]","[0, 100000]",0,0,11083,30273
yolov8x_training,3210.538989,75,138.852,13370.3125,100,2505,10001,"[0, 100000]","[0, 100000]",0,0,1464,6689
yolov8x_training,3211.581737,75,140.468,13370.3125,100,300,10001,"[0, 100000]","[0, 100000]",0,0,683,8056
yolov8x_training,3212.713140,75,139.190,13370.3125,100,255,10001,"[0, 100000]","[0, 100000]",0,0,9912,37939
yolov8x_training,3213.755915,75,138.517,13370.3125,79,285,10001,"[0, 100000]","[0, 100000]",0,0,1464,7324
yolov8x_training,3214.798684,75,138.988,13370.3125,100,315,10001,"[0, 100000]","[0, 100000]",0,0,488,3027
yolov8x_training,3215.958289,75,138.858,13370.3125,97,240,10001,"[0, 100000]","[0, 100000]",0,0,10742,32812
yolov8x_training,3217.000894,75,139.181,13370.3125,100,240,10001,"[0, 100000]","[0, 100000]",0,0,1562,4785
yolov8x_training,3218.043714,75,144.003,13370.3125,100,375,10001,"[0, 100000]","[0, 100000]",0,0,1220,55273
yolov8x_training,3219.169697,75,139.092,13370.3125,72,210,10001,"[0, 100000]","[0, 100000]",0,0,9863,39550
yolov8x_training,3220.212317,75,139.218,13370.3125,97,240,10001,"[0, 100000]","[0, 100000]",0,0,1611,5908
yolov8x_training,3221.254656,75,138.655,13370.3125,100,270,10001,"[0, 100000]","[0, 100000]",0,0,732,20458
yolov8x_training,3222.415919,75,137.563,13370.3125,50,270,10001,"[0, 100000]","[0, 100000]",0,0,11669,26367
yolov8x_training,3223.458460,75,138.958,13370.3125,97,225,10001,"[0, 100000]","[0, 100000]",0,0,1513,5615
yolov8x_training,3224.500660,75,137.874,13370.3125,100,330,10001,"[0, 100000]","[0, 100000]",0,0,1171,38818
yolov8x_training,3225.660978,74,138.764,13370.3125,100,225,10001,"[0, 100000]","[0, 100000]",0,0,11572,26611
yolov8x_training,3226.703421,75,138.849,13370.3125,23,240,10001,"[0, 100000]","[0, 100000]",0,0,1513,7177
yolov8x_training,3227.745525,75,139.098,13370.3125,100,270,10001,"[0, 100000]","[0, 100000]",0,0,488,3808
yolov8x_training,3228.906985,75,137.572,13370.3125,100,270,10001,"[0, 100000]","[0, 100000]",0,0,10205,37451
yolov8x_training,3229.949618,75,138.963,13370.3125,100,210,10001,"[0, 100000]","[0, 100000]",0,0,1562,6591
yolov8x_training,3230.991832,75,137.538,13370.3125,71,315,10001,"[0, 100000]","[0, 100000]",0,0,1074,27343
yolov8x_training,3232.112418,74,139.981,13370.3125,100,330,10001,"[0, 100000]","[0, 100000]",0,0,11425,28076
yolov8x_training,3233.155116,75,139.273,13370.3125,100,210,10001,"[0, 100000]","[0, 100000]",0,0,1318,7226
yolov8x_training,3234.197824,75,139.038,13370.3125,100,240,10001,"[0, 100000]","[0, 100000]",0,0,537,2978
yolov8x_training,3235.345465,75,134.491,13370.3125,100,1335,10001,"[0, 100000]","[0, 100000]",0,0,9912,37890
yolov8x_training,3236.388222,74,138.248,13370.3125,100,270,10001,"[0, 100000]","[0, 100000]",0,0,1464,5908
yolov8x_training,3237.431095,75,138.131,13370.3125,100,210,10001,"[0, 100000]","[0, 100000]",0,0,976,31787
yolov8x_training,3238.564481,76,139.161,13370.3125,100,270,10001,"[0, 100000]","[0, 100000]",0,0,10595,31982
yolov8x_training,3239.607051,74,134.925,13370.3125,90,690,10001,"[0, 100000]","[0, 100000]",0,0,1464,7324
yolov8x_training,3240.649740,75,137.251,13370.3125,97,240,10001,"[0, 100000]","[0, 100000]",0,0,830,2001
yolov8x_training,3241.823279,75,137.128,13370.3125,100,2175,10001,"[0, 100000]","[0, 100000]",0,0,10107,37792
yolov8x_training,3242.865970,74,138.011,13370.3125,100,285,10001,"[0, 100000]","[0, 100000]",0,0,1464,7080
yolov8x_training,3243.908786,75,138.898,13370.3125,24,225,10001,"[0, 100000]","[0, 100000]",0,0,634,21923
yolov8x_training,3245.049391,77,138.169,13370.3125,100,270,10001,"[0, 100000]","[0, 100000]",0,0,10205,36279
yolov8x_training,3246.092037,74,135.388,13370.3125,100,1620,10001,"[0, 100000]","[0, 100000]",0,0,1513,6933
yolov8x_training,3247.134787,75,137.742,13370.3125,100,255,10001,"[0, 100000]","[0, 100000]",0,0,439,3515
yolov8x_training,3248.268581,75,139.754,13370.3125,61,210,10001,"[0, 100000]","[0, 100000]",0,0,10546,31933
yolov8x_training,3249.311172,74,140.420,13370.3125,100,450,10001,"[0, 100000]","[0, 100000]",0,0,1416,6933
yolov8x_training,3250.353884,75,138.457,13370.3125,100,285,10001,"[0, 100000]","[0, 100000]",0,0,781,1513
yolov8x_training,3251.503712,75,139.452,13370.3125,79,210,10001,"[0, 100000]","[0, 100000]",0,0,10937,30078
yolov8x_training,3252.546397,76,137.743,13370.3125,100,2505,10001,"[0, 100000]","[0, 100000]",0,0,1367,7177
yolov8x_training,3253.589159,75,138.933,13370.3125,100,270,10001,"[0, 100000]","[0, 100000]",0,0,537,2880
yolov8x_training,3254.741904,75,140.295,13370.3125,100,255,10001,"[0, 100000]","[0, 100000]",0,0,11572,25878
yolov8x_training,3255.784594,78,139.144,13370.3125,100,315,10001,"[0, 100000]","[0, 100000]",0,0,1416,6738
yolov8x_training,3256.827268,74,138.616,13370.3125,88,285,10001,"[0, 100000]","[0, 100000]",0,0,976,1464
yolov8x_training,3258.007959,75,137.269,13370.3125,97,225,10001,"[0, 100000]","[0, 100000]",0,0,11279,29638
yolov8x_training,3259.050622,75,138.282,13370.3125,100,2310,10001,"[0, 100000]","[0, 100000]",0,0,1416,5664
yolov8x_training,3260.093368,75,137.723,13370.3125,100,555,10001,"[0, 100000]","[0, 100000]",0,0,4443,97900
yolov8x_training,3261.212074,75,138.931,13370.3125,100,285,10001,"[0, 100000]","[0, 100000]",0,0,11230,29150
yolov8x_training,3262.254666,76,138.758,13370.3125,100,315,10001,"[0, 100000]","[0, 100000]",0,0,1464,5957
yolov8x_training,3263.297535,75,138.888,13370.3125,100,225,10001,"[0, 100000]","[0, 100000]",0,0,976,34814
yolov8x_training,3264.433056,75,133.781,13370.3125,98,210,10001,"[0, 100000]","[0, 100000]",0,0,9912,38183
yolov8x_training,3265.476048,75,138.623,13370.3125,97,240,10001,"[0, 100000]","[0, 100000]",0,0,1416,6738
yolov8x_training,3266.518738,75,139.337,13370.3125,100,360,10001,"[0, 100000]","[0, 100000]",0,0,439,3027
yolov8x_training,3267.665077,75,139.185,13370.3125,100,240,10001,"[0, 100000]","[0, 100000]",0,0,10253,38818
yolov8x_training,3268.707994,75,136.108,13370.3125,68,255,10001,"[0, 100000]","[0, 100000]",0,0,1562,6982
yolov8x_training,3269.750909,76,138.570,13370.3125,97,270,10001,"[0, 100000]","[0, 100000]",0,0,634,2636
yolov8x_training,3270.890830,75,138.903,13370.3125,100,225,10001,"[0, 100000]","[0, 100000]",0,0,11425,26904
yolov8x_training,3271.933440,75,140.171,13370.3125,100,210,10001,"[0, 100000]","[0, 100000]",0,0,1611,5078
yolov8x_training,3272.976233,75,138.121,13370.3125,69,210,10001,"[0, 100000]","[0, 100000]",0,0,1074,54101
yolov8x_training,3274.100554,74,138.762,13370.3125,97,225,10001,"[0, 100000]","[0, 100000]",0,0,11328,27587
yolov8x_training,3275.143204,75,138.773,13370.3125,100,270,10001,"[0, 100000]","[0, 100000]",0,0,1220,7421
yolov8x_training,3276.185985,75,138.137,13370.3125,100,255,10001,"[0, 100000]","[0, 100000]",0,0,488,3173
yolov8x_training,3277.337198,75,138.190,13370.3125,22,1095,10001,"[0, 100000]","[0, 100000]",0,0,11181,28662
yolov8x_training,3278.379818,74,142.766,13370.3125,100,315,10001,"[0, 100000]","[0, 100000]",0,0,1513,6445
yolov8x_training,3279.422633,75,139.776,13370.3125,100,240,10001,"[0, 100000]","[0, 100000]",0,0,976,37548
yolov8x_training,3280.553943,77,139.254,13370.3125,31,270,10001,"[0, 100000]","[0, 100000]",0,0,9912,38769
yolov8x_training,3281.596658,75,138.925,13370.3125,100,1425,10001,"[0, 100000]","[0, 100000]",0,0,1513,5664
yolov8x_training,3282.638840,75,141.772,13370.3125,100,255,10001,"[0, 100000]","[0, 100000]",0,0,1123,35009
yolov8x_training,3283.757730,75,138.334,13370.3125,100,210,10001,"[0, 100000]","[0, 100000]",0,0,11767,25634
yolov8x_training,3284.800156,74,138.499,13370.3125,47,465,10001,"[0, 100000]","[0, 100000]",0,0,1660,7226
yolov8x_training,3285.842252,75,139.206,13370.3125,100,270,10001,"[0, 100000]","[0, 100000]",0,0,732,3173
yolov8x_training,3286.965174,75,137.555,13370.3125,100,225,10001,"[0, 100000]","[0, 100000]",0,0,11279,28906
yolov8x_training,3288.007620,75,139.026,13370.3125,100,210,10001,"[0, 100000]","[0, 100000]",0,0,1660,5419
yolov8x_training,3289.049796,75,138.798,13370.3125,41,375,10001,"[0, 100000]","[0, 100000]",0,0,5468,92578
yolov8x_training,3290.140225,74,139.113,13370.3125,100,300,10001,"[0, 100000]","[0, 100000]",0,0,11474,28662
yolov8x_training,3291.182663,75,135.037,13370.3125,100,270,10001,"[0, 100000]","[0, 100000]",0,0,1562,5273
yolov8x_training,3292.224756,75,138.550,13370.3125,100,255,10001,"[0, 100000]","[0, 100000]",0,0,1171,53466
yolov8x_training,3293.334155,75,139.058,13370.3125,45,2205,10001,"[0, 100000]","[0, 100000]",0,0,12158,22558
yolov8x_training,3294.376596,74,142.210,13370.3125,100,300,10001,"[0, 100000]","[0, 100000]",0,0,1562,6250
yolov8x_training,3295.418790,75,139.529,13370.3125,100,285,10001,"[0, 100000]","[0, 100000]",0,0,1025,67382
yolov8x_training,3296.532123,76,139.369,13370.3125,31,255,10001,"[0, 100000]","[0, 100000]",0,0,10253,38769
yolov8x_training,3297.575511,75,139.716,13370.3125,100,2220,10001,"[0, 100000]","[0, 100000]",0,0,1513,6787
yolov8x_training,3298.618337,75,143.262,13370.3125,100,285,10001,"[0, 100000]","[0, 100000]",0,0,830,26171
yolov8x_training,3299.763529,75,138.128,13370.3125,100,210,10001,"[0, 100000]","[0, 100000]",0,0,11328,28076
yolov8x_training,3300.806359,74,139.648,13370.3125,49,375,10001,"[0, 100000]","[0, 100000]",0,0,1464,5615
yolov8x_training,3301.849135,75,139.235,13370.3125,100,300,10001,"[0, 100000]","[0, 100000]",0,0,927,32617
yolov8x_training,3303.022030,76,137.900,13370.3125,100,240,10001,"[0, 100000]","[0, 100000]",0,0,11718,25878
yolov8x_training,3304.064945,76,137.241,13370.3125,100,2505,10001,"[0, 100000]","[0, 100000]",0,0,1416,6494
yolov8x_training,3305.107767,75,143.627,13370.3125,100,300,10001,"[0, 100000]","[0, 100000]",0,0,1025,34326
yolov8x_training,3306.232560,75,140.177,13370.3125,83,255,10001,"[0, 100000]","[0, 100000]",0,0,11425,29101
yolov8x_training,3307.275426,78,139.467,13370.3125,97,300,10001,"[0, 100000]","[0, 100000]",0,0,1464,4589
yolov8x_training,3308.318150,75,138.582,13370.3125,100,270,10001,"[0, 100000]","[0, 100000]",0,0,976,71044
yolov8x_training,3309.427135,75,135.056,13370.3125,83,210,10001,"[0, 100000]","[0, 100000]",0,0,10986,29003
yolov8x_training,3310.469956,75,137.973,13370.3125,97,240,10001,"[0, 100000]","[0, 100000]",0,0,1220,6933
yolov8x_training,3311.512715,75,138.850,13370.3125,100,375,10001,"[0, 100000]","[0, 100000]",0,0,976,1513
yolov8x_training,3312.657385,75,139.657,13370.3125,100,270,10001,"[0, 100000]","[0, 100000]",0,0,10205,36328
yolov8x_training,3313.700477,75,136.987,13370.3125,66,210,10001,"[0, 100000]","[0, 100000]",0,0,1367,6542
yolov8x_training,3314.743219,76,138.166,13370.3125,97,285,10001,"[0, 100000]","[0, 100000]",0,0,1025,37011
yolov8x_training,3315.884602,75,137.949,13370.3125,100,1110,10001,"[0, 100000]","[0, 100000]",0,0,10107,36132
yolov8x_training,3316.927470,75,139.399,13370.3125,100,270,10001,"[0, 100000]","[0, 100000]",0,0,1464,5566
yolov8x_training,3317.970185,75,138.838,13370.3125,40,255,10001,"[0, 100000]","[0, 100000]",0,0,1025,65869
yolov8x_training,3319.076134,74,139.196,13370.3125,97,255,10001,"[0, 100000]","[0, 100000]",0,0,10498,31884
yolov8x_training,3320.119042,75,139.306,13370.3125,100,585,10001,"[0, 100000]","[0, 100000]",0,0,1416,6933
yolov8x_training,3321.161845,75,138.721,13370.3125,100,210,10001,"[0, 100000]","[0, 100000]",0,0,1025,54101
yolov8x_training,3322.284174,75,139.139,13370.3125,14,1860,10001,"[0, 100000]","[0, 100000]",0,0,9814,37451
yolov8x_training,3323.327059,74,140.870,13370.3125,97,300,10001,"[0, 100000]","[0, 100000]",0,0,1171,6884
yolov8x_training,3324.369851,75,139.977,13370.3125,100,285,10001,"[0, 100000]","[0, 100000]",0,0,1025,1367
yolov8x_training,3325.539356,77,139.186,13370.3125,23,255,10001,"[0, 100000]","[0, 100000]",0,0,10156,34277
yolov8x_training,3326.582423,75,138.530,13370.3125,100,2220,10001,"[0, 100000]","[0, 100000]",0,0,1416,6689
yolov8x_training,3327.625216,75,142.720,13370.3125,100,285,10001,"[0, 100000]","[0, 100000]",0,0,976,77392
yolov8x_training,3328.737667,75,138.929,13370.3125,100,225,10001,"[0, 100000]","[0, 100000]",0,0,11328,29101
yolov8x_training,3329.780476,76,139.108,13370.3125,31,285,10001,"[0, 100000]","[0, 100000]",0,0,1513,5322
yolov8x_training,3330.823256,75,139.576,13370.3125,100,300,10001,"[0, 100000]","[0, 100000]",0,0,1123,64990
yolov8x_training,3331.929814,75,135.371,13370.3125,100,210,10001,"[0, 100000]","[0, 100000]",0,0,10107,36669
yolov8x_training,3332.972674,75,138.849,13370.3125,100,240,10001,"[0, 100000]","[0, 100000]",0,0,1416,5810
yolov8x_training,3334.015518,75,138.090,13370.3125,24,360,10001,"[0, 100000]","[0, 100000]",0,0,634,23779
yolov8x_training,3335.159059,75,137.932,13370.3125,100,270,10001,"[0, 100000]","[0, 100000]",0,0,11425,27050
yolov8x_training,3336.202048,75,136.820,13370.3125,100,270,10001,"[0, 100000]","[0, 100000]",0,0,1416,7714
yolov8x_training,3337.244758,75,136.886,13370.3125,100,285,10001,"[0, 100000]","[0, 100000]",0,0,488,3222
yolov8x_training,3338.388828,75,135.509,13370.3125,100,690,10001,"[0, 100000]","[0, 100000]",0,0,11328,28564
yolov8x_training,3339.431587,75,137.506,13370.3125,100,240,10001,"[0, 100000]","[0, 100000]",0,0,1611,5566
yolov8x_training,3340.474378,75,138.969,13370.3125,100,255,10001,"[0, 100000]","[0, 100000]",0,0,4101,77441
yolov8x_training,3341.595464,74,139.350,13370.3125,95,270,10001,"[0, 100000]","[0, 100000]",0,0,10205,34521
yolov8x_training,3342.638300,75,137.610,13370.3125,100,570,10001,"[0, 100000]","[0, 100000]",0,0,1513,6445
yolov8x_training,3343.681201,75,137.858,13370.3125,100,225,10001,"[0, 100000]","[0, 100000]",0,0,976,37304
yolov8x_training,3344.799983,75,139.692,13370.3125,100,2085,10001,"[0, 100000]","[0, 100000]",0,0,9863,37744
yolov8x_training,3345.842880,74,144.222,13370.3125,100,570,10001,"[0, 100000]","[0, 100000]",0,0,1464,6445
yolov8x_training,3346.885678,75,138.670,13370.3125,100,270,10001,"[0, 100000]","[0, 100000]",0,0,585,3076
yolov8x_training,3348.042097,74,138.552,13370.3125,96,255,10001,"[0, 100000]","[0, 100000]",0,0,10058,37744
yolov8x_training,3349.085054,76,139.216,13370.3125,100,2190,10001,"[0, 100000]","[0, 100000]",0,0,1367,7617
yolov8x_training,3350.127812,75,141.746,13370.3125,100,270,10001,"[0, 100000]","[0, 100000]",0,0,1074,75976
yolov8x_training,3351.279895,75,137.479,13370.3125,48,210,10001,"[0, 100000]","[0, 100000]",0,0,11718,25488
yolov8x_training,3352.322665,75,138.760,13370.3125,97,375,10001,"[0, 100000]","[0, 100000]",0,0,1513,4638
yolov8x_training,3353.365503,75,138.156,13370.3125,100,315,10001,"[0, 100000]","[0, 100000]",0,0,1025,78759
yolov8x_training,3354.513777,75,138.709,13370.3125,15,225,10001,"[0, 100000]","[0, 100000]",0,0,11230,28662
yolov8x_training,3355.556653,75,138.771,13370.3125,99,1380,10001,"[0, 100000]","[0, 100000]",0,0,1416,5224
yolov8x_training,3356.599483,75,143.325,13370.3125,100,480,10001,"[0, 100000]","[0, 100000]",0,0,1025,63818
yolov8x_training,3357.720207,74,139.608,13370.3125,100,270,10001,"[0, 100000]","[0, 100000]",0,0,11035,29541
yolov8x_training,3358.763064,75,138.900,13370.3125,21,315,10001,"[0, 100000]","[0, 100000]",0,0,1416,7128
yolov8x_training,3359.805886,75,139.234,13370.3125,100,225,10001,"[0, 100000]","[0, 100000]",0,0,927,32617
yolov8x_training,3360.849318,75,135.283,13370.3125,96,240,10001,"[0, 100000]","[0, 100000]",0,0,341,292
yolov8x_training,3361.892035,75,132.277,13370.3125,100,780,10001,"[0, 100000]","[0, 100000]",0,0,5224,12207
yolov8x_training,3362.934809,74,136.782,13370.3125,100,240,10001,"[0, 100000]","[0, 100000]",0,0,1464,6689
yolov8x_training,3363.977631,75,138.430,13370.3125,25,315,10001,"[0, 100000]","[0, 100000]",0,0,1123,976
yolov8x_training,3365.123334,77,139.702,13370.3125,100,225,10001,"[0, 100000]","[0, 100000]",0,0,10888,30712
yolov8x_training,3366.166117,75,134.333,13370.3125,100,240,10001,"[0, 100000]","[0, 100000]",0,0,1171,7910
yolov8x_training,3367.210648,75,128.121,13370.3125,100,300,10001,"[0, 100000]","[0, 100000]",0,0,1318,2294
yolov8x_training,3368.253412,75,139.011,13370.3125,100,240,10001,"[0, 100000]","[0, 100000]",0,0,88623,15527
yolov8x_training,3369.296823,75,138.632,13370.3125,39,255,10001,"[0, 100000]","[0, 100000]",0,0,2246,11621
yolov8x_training,3370.339186,74,132.880,13370.3125,97,270,10001,"[0, 100000]","[0, 100000]",0,0,1123,11474
yolov8x_training,3371.382078,75,138.440,13370.3125,100,255,10001,"[0, 100000]","[0, 100000]",0,0,1074,3955
yolov8x_training,3372.543013,75,139.052,13370.3125,71,285,10001,"[0, 100000]","[0, 100000]",0,0,10937,30859
yolov8x_training,3373.585841,75,137.107,13370.3125,100,1545,10001,"[0, 100000]","[0, 100000]",0,0,1708,6201
yolov8x_training,3374.628717,75,138.038,13370.3125,100,255,10001,"[0, 100000]","[0, 100000]",0,0,976,1367
yolov8x_training,3375.748512,75,138.699,13370.3125,100,255,10001,"[0, 100000]","[0, 100000]",0,0,10546,32812
yolov8x_training,3376.791324,75,138.644,13370.3125,92,300,10001,"[0, 100000]","[0, 100000]",0,0,1269,6201
yolov8x_training,3377.834033,75,139.824,13370.3125,100,315,10001,"[0, 100000]","[0, 100000]",0,0,634,2441
yolov8x_training,3378.957780,75,136.800,13370.3125,100,255,10001,"[0, 100000]","[0, 100000]",0,0,9912,38623
yolov8x_training,3380.000640,75,137.314,13370.3125,100,210,10001,"[0, 100000]","[0, 100000]",0,0,1171,6201
yolov8x_training,3381.043353,75,143.125,13370.3125,91,300,10001,"[0, 100000]","[0, 100000]",0,0,488,2783
yolov8x_training,3382.169843,74,138.977,13370.3125,100,270,10001,"[0, 100000]","[0, 100000]",0,0,12060,22753
yolov8x_training,3383.212591,75,139.076,13370.3125,100,210,10001,"[0, 100000]","[0, 100000]",0,0,1269,6933
yolov8x_training,3384.255431,75,139.055,13370.3125,100,240,10001,"[0, 100000]","[0, 100000]",0,0,1025,732
yolov8x_training,3385.338998,75,139.992,13370.3125,76,2250,10001,"[0, 100000]","[0, 100000]",0,0,10595,31982
yolov8x_training,3386.382071,74,140.320,13370.3125,100,315,10001,"[0, 100000]","[0, 100000]",0,0,1123,6152
yolov8x_training,3387.424758,75,138.903,13370.3125,100,270,10001,"[0, 100000]","[0, 100000]",0,0,634,2539
yolov8x_training,3388.467540,77,139.351,13370.3125,49,240,10001,"[0, 100000]","[0, 100000]",0,0,1611,74609
yolov8x_training,3389.636720,74,132.421,13370.3125,57,210,10001,"[0, 100000]","[0, 100000]",0,0,2148,6250
yolov8x_training,3390.679608,75,137.862,13370.3125,97,240,10001,"[0, 100000]","[0, 100000]",0,0,1171,1904
yolov8x_training,3391.838370,75,138.830,13370.3125,100,2505,10001,"[0, 100000]","[0, 100000]",0,0,10009,38427
yolov8x_training,3392.881258,73,140.766,13370.3125,100,300,10001,"[0, 100000]","[0, 100000]",0,0,1171,6542
yolov8x_training,3393.924110,75,137.954,13370.3125,47,210,10001,"[0, 100000]","[0, 100000]",0,0,488,2783
yolov8x_training,3395.042681,75,138.976,13370.3125,96,255,10001,"[0, 100000]","[0, 100000]",0,0,11425,29052
yolov8x_training,3396.085627,75,134.319,13370.3125,100,1575,10001,"[0, 100000]","[0, 100000]",0,0,1855,7519
yolov8x_training,3397.128353,75,137.496,13370.3125,100,255,10001,"[0, 100000]","[0, 100000]",0,0,1074,4345
yolov8x_training,3398.276780,75,139.778,13370.3125,18,210,10001,"[0, 100000]","[0, 100000]",0,0,10888,29980
yolov8x_training,3399.319568,76,144.169,13370.3125,97,630,10001,"[0, 100000]","[0, 100000]",0,0,1318,6835
yolov8x_training,3400.362260,74,139.065,13370.3125,100,285,10001,"[0, 100000]","[0, 100000]",0,0,1171,1269
yolov8x_training,3401.514917,75,138.309,13370.3125,31,240,10001,"[0, 100000]","[0, 100000]",0,0,11523,27294
yolov8x_training,3402.557710,75,139.192,13370.3125,100,2475,10001,"[0, 100000]","[0, 100000]",0,0,1367,6982
yolov8x_training,3403.600534,75,141.557,13370.3125,100,510,10001,"[0, 100000]","[0, 100000]",0,0,781,1562
yolov8x_training,3404.721877,74,139.325,13370.3125,100,300,10001,"[0, 100000]","[0, 100000]",0,0,12353,20556
yolov8x_training,3405.764628,75,138.272,13370.3125,65,360,10001,"[0, 100000]","[0, 100000]",0,0,1318,6054
yolov8x_training,3406.807364,75,138.814,13370.3125,100,315,10001,"[0, 100000]","[0, 100000]",0,0,1269,683
yolov8x_training,3407.957759,75,138.240,13370.3125,100,240,10001,"[0, 100000]","[0, 100000]",0,0,11279,29882
yolov8x_training,3409.000813,75,137.306,13370.3125,100,405,10001,"[0, 100000]","[0, 100000]",0,0,2050,6054
yolov8x_training,3410.043630,75,142.209,13370.3125,100,480,10001,"[0, 100000]","[0, 100000]",0,0,1367,4345
yolov8x_training,3411.208714,74,139.550,13370.3125,79,270,10001,"[0, 100000]","[0, 100000]",0,0,11621,26416
yolov8x_training,3412.251464,75,138.825,13370.3125,96,300,10001,"[0, 100000]","[0, 100000]",0,0,1367,6982
yolov8x_training,3413.294192,75,138.669,13370.3125,100,225,10001,"[0, 100000]","[0, 100000]",0,0,683,2539
yolov8x_training,3414.396610,75,136.165,13370.3125,81,270,10001,"[0, 100000]","[0, 100000]",0,0,11474,26708
yolov8x_training,3415.439415,74,138.148,13370.3125,97,285,10001,"[0, 100000]","[0, 100000]",0,0,1171,6640
yolov8x_training,3416.482178,75,139.424,13370.3125,100,210,10001,"[0, 100000]","[0, 100000]",0,0,537,2685
yolov8x_training,3417.606548,76,139.541,13370.3125,100,255,10001,"[0, 100000]","[0, 100000]",0,0,11718,25195
yolov8x_training,3418.649295,75,135.716,13370.3125,55,225,10001,"[0, 100000]","[0, 100000]",0,0,1171,6054
yolov8x_training,3419.692071,75,138.386,13370.3125,97,285,10001,"[0, 100000]","[0, 100000]",0,0,1074,1318
yolov8x_training,3420.832471,75,139.374,13370.3125,100,2400,10001,"[0, 100000]","[0, 100000]",0,0,11181,28515
yolov8x_training,3421.875455,74,138.770,13370.3125,100,270,10001,"[0, 100000]","[0, 100000]",0,0,1367,6298
yolov8x_training,3422.918283,75,139.222,13370.3125,24,210,10001,"[0, 100000]","[0, 100000]",0,0,1171,585
yolov8x_training,3424.053730,75,138.603,13370.3125,99,285,10001,"[0, 100000]","[0, 100000]",0,0,11865,22509
yolov8x_training,3425.096727,75,134.165,13370.3125,100,690,10001,"[0, 100000]","[0, 100000]",0,0,1562,5810
yolov8x_training,3426.139506,75,138.199,13370.3125,100,225,10001,"[0, 100000]","[0, 100000]",0,0,1025,1269
yolov8x_training,3427.272049,75,139.001,13370.3125,21,225,10001,"[0, 100000]","[0, 100000]",0,0,11669,25537
yolov8x_training,3428.314781,75,142.605,13370.3125,98,675,10001,"[0, 100000]","[0, 100000]",0,0,2001,5810
yolov8x_training,3429.357595,75,139.868,13370.3125,100,285,10001,"[0, 100000]","[0, 100000]",0,0,1074,1269
yolov8x_training,3430.499379,75,138.874,13370.3125,29,240,10001,"[0, 100000]","[0, 100000]",0,0,10888,29541
yolov8x_training,3431.542168,75,139.016,13370.3125,100,2505,10001,"[0, 100000]","[0, 100000]",0,0,1269,6494
yolov8x_training,3432.584941,75,140.613,13370.3125,100,300,10001,"[0, 100000]","[0, 100000]",0,0,1074,1269
yolov8x_training,3433.722266,75,138.811,13370.3125,100,270,10001,"[0, 100000]","[0, 100000]",0,0,11230,28222
yolov8x_training,3434.765077,75,138.485,13370.3125,71,270,10001,"[0, 100000]","[0, 100000]",0,0,1367,6396
yolov8x_training,3435.807977,75,138.385,13370.3125,100,255,10001,"[0, 100000]","[0, 100000]",0,0,634,2148
yolov8x_training,3436.904367,75,136.444,13370.3125,100,225,10001,"[0, 100000]","[0, 100000]",0,0,11181,29003
yolov8x_training,3437.947239,75,138.257,13370.3125,100,285,10001,"[0, 100000]","[0, 100000]",0,0,1123,6005
yolov8x_training,3438.989984,75,138.782,13370.3125,59,210,10001,"[0, 100000]","[0, 100000]",0,0,537,2685
yolov8x_training,3440.127654,75,139.425,13370.3125,100,255,10001,"[0, 100000]","[0, 100000]",0,0,11669,25048
yolov8x_training,3441.170433,75,137.351,13370.3125,100,210,10001,"[0, 100000]","[0, 100000]",0,0,1806,6054
yolov8x_training,3442.213353,75,137.488,13370.3125,100,255,10001,"[0, 100000]","[0, 100000]",0,0,1220,781
yolov8x_training,3443.356526,75,135.585,13370.3125,91,2310,10001,"[0, 100000]","[0, 100000]",0,0,10205,37109
yolov8x_training,3444.399555,74,138.365,13370.3125,97,270,10001,"[0, 100000]","[0, 100000]",0,0,1318,6396
yolov8x_training,3445.442347,75,138.802,13370.3125,100,270,10001,"[0, 100000]","[0, 100000]",0,0,1171,1416
yolov8x_training,3446.608082,77,139.694,13370.3125,100,270,10001,"[0, 100000]","[0, 100000]",0,0,11816,25585
yolov8x_training,3447.650971,75,135.645,13370.3125,53,225,10001,"[0, 100000]","[0, 100000]",0,0,1318,6201
yolov8x_training,3448.693764,75,138.470,13370.3125,97,225,10001,"[0, 100000]","[0, 100000]",0,0,878,1367
yolov8x_training,3449.800342,75,138.947,13370.3125,100,210,10001,"[0, 100000]","[0, 100000]",0,0,11474,26611
yolov8x_training,3450.843236,73,141.617,13370.3125,100,540,10001,"[0, 100000]","[0, 100000]",0,0,1367,6152
yolov8x_training,3451.886059,75,138.010,13370.3125,68,270,10001,"[0, 100000]","[0, 100000]",0,0,634,2636
yolov8x_training,3453.031420,75,137.910,13370.3125,97,240,10001,"[0, 100000]","[0, 100000]",0,0,10253,35986
yolov8x_training,3454.074332,75,133.892,13370.3125,100,2145,10001,"[0, 100000]","[0, 100000]",0,0,2050,6152
yolov8x_training,3455.117114,75,136.573,13370.3125,100,240,10001,"[0, 100000]","[0, 100000]",0,0,1123,3564
yolov8x_training,3456.292381,75,137.098,13370.3125,16,225,10001,"[0, 100000]","[0, 100000]",0,0,11279,28955
yolov8x_training,3457.335214,74,140.960,13370.3125,100,300,10001,"[0, 100000]","[0, 100000]",0,0,1464,6201
yolov8x_training,3458.377903,75,138.907,13370.3125,100,270,10001,"[0, 100000]","[0, 100000]",0,0,732,1562
yolov8x_training,3459.531057,75,138.235,13370.3125,68,240,10001,"[0, 100000]","[0, 100000]",0,0,10205,37744
yolov8x_training,3460.574291,75,132.929,13370.3125,100,2160,10001,"[0, 100000]","[0, 100000]",0,0,1123,6201
yolov8x_training,3461.617137,75,137.313,13370.3125,100,315,10001,"[0, 100000]","[0, 100000]",0,0,781,1416
yolov8x_training,3462.751659,75,138.594,13370.3125,100,255,10001,"[0, 100000]","[0, 100000]",0,0,10205,37353
yolov8x_training,3463.794796,78,138.964,13370.3125,99,540,10001,"[0, 100000]","[0, 100000]",0,0,2197,6298
yolov8x_training,3464.837647,74,138.979,13370.3125,79,270,10001,"[0, 100000]","[0, 100000]",0,0,1074,1904
yolov8x_training,3465.977135,75,138.764,13370.3125,96,240,10001,"[0, 100000]","[0, 100000]",0,0,11328,28613
yolov8x_training,3467.019991,75,138.622,13370.3125,100,1065,10001,"[0, 100000]","[0, 100000]",0,0,1171,6152
yolov8x_training,3468.062728,75,141.994,13370.3125,100,465,10001,"[0, 100000]","[0, 100000]",0,0,537,2929
yolov8x_training,3469.180025,74,139.575,13370.3125,79,240,10001,"[0, 100000]","[0, 100000]",0,0,11035,30175
yolov8x_training,3470.222878,75,138.895,13370.3125,96,225,10001,"[0, 100000]","[0, 100000]",0,0,1318,6054
yolov8x_training,3471.265612,75,139.462,13370.3125,100,270,10001,"[0, 100000]","[0, 100000]",0,0,537,2880
yolov8x_training,3472.385679,75,135.429,13370.3125,89,1935,10001,"[0, 100000]","[0, 100000]",0,0,11718,26220
yolov8x_training,3473.428828,74,137.821,13370.3125,98,240,10001,"[0, 100000]","[0, 100000]",0,0,1318,6591
yolov8x_training,3474.471565,75,139.477,13370.3125,100,255,10001,"[0, 100000]","[0, 100000]",0,0,585,2636
yolov8x_training,3475.573462,76,139.268,13370.3125,100,285,10001,"[0, 100000]","[0, 100000]",0,0,11181,28710
yolov8x_training,3476.616622,75,135.882,13370.3125,66,1530,10001,"[0, 100000]","[0, 100000]",0,0,1513,6640
yolov8x_training,3477.659391,75,137.963,13370.3125,97,240,10001,"[0, 100000]","[0, 100000]",0,0,1074,1318
yolov8x_training,3478.792190,75,138.354,13370.3125,100,210,10001,"[0, 100000]","[0, 100000]",0,0,11230,28710
yolov8x_training,3479.835022,73,138.822,13370.3125,100,615,10001,"[0, 100000]","[0, 100000]",0,0,1123,6640
yolov8x_training,3480.877848,75,138.762,13370.3125,57,270,10001,"[0, 100000]","[0, 100000]",0,0,585,2734
yolov8x_training,3481.994224,75,136.815,13370.3125,97,225,10001,"[0, 100000]","[0, 100000]",0,0,10595,32519
yolov8x_training,3483.037104,75,138.330,13370.3125,100,2505,10001,"[0, 100000]","[0, 100000]",0,0,1123,6201
yolov8x_training,3484.079838,75,139.308,13370.3125,100,420,10001,"[0, 100000]","[0, 100000]",0,0,390,2734
yolov8x_training,3485.200768,75,138.859,13370.3125,57,225,10001,"[0, 100000]","[0, 100000]",0,0,11376,27880
yolov8x_training,3486.243578,75,137.638,13370.3125,100,225,10001,"[0, 100000]","[0, 100000]",0,0,1318,6982
yolov8x_training,3487.286282,75,139.392,13370.3125,100,270,10001,"[0, 100000]","[0, 100000]",0,0,830,1367
yolov8x_training,3488.395341,75,138.318,13370.3125,100,645,10001,"[0, 100000]","[0, 100000]",0,0,11132,29003
yolov8x_training,3489.438174,74,141.388,13370.3125,100,240,10001,"[0, 100000]","[0, 100000]",0,0,1367,6445
yolov8x_training,3490.480994,75,138.847,13370.3125,100,240,10001,"[0, 100000]","[0, 100000]",0,0,585,2685
yolov8x_training,3491.586980,73,139.025,13370.3125,51,270,10001,"[0, 100000]","[0, 100000]",0,0,10253,32568
yolov8x_training,3492.629826,75,139.688,13370.3125,100,270,10001,"[0, 100000]","[0, 100000]",0,0,1416,6689
yolov8x_training,3493.672648,75,138.957,13370.3125,100,255,10001,"[0, 100000]","[0, 100000]",0,0,1269,1123
yolov8x_training,3494.822774,75,138.246,13370.3125,100,210,10001,"[0, 100000]","[0, 100000]",0,0,11718,25292
yolov8x_training,3495.865535,74,138.897,13370.3125,100,300,10001,"[0, 100000]","[0, 100000]",0,0,1318,6591
yolov8x_training,3496.908216,75,140.283,13370.3125,100,270,10001,"[0, 100000]","[0, 100000]",0,0,585,2636
yolov8x_training,3498.022431,75,137.995,13370.3125,100,225,10001,"[0, 100000]","[0, 100000]",0,0,11132,29150
yolov8x_training,3499.065189,76,137.524,13370.3125,100,2460,10001,"[0, 100000]","[0, 100000]",0,0,1953,6005
yolov8x_training,3500.107935,75,142.622,13370.3125,100,270,10001,"[0, 100000]","[0, 100000]",0,0,1171,1074
yolov8x_training,3501.263101,75,139.762,13370.3125,100,255,10001,"[0, 100000]","[0, 100000]",0,0,10009,37207
yolov8x_training,3502.306153,74,134.948,13370.3125,97,270,10001,"[0, 100000]","[0, 100000]",0,0,976,4638
yolov8x_training,3503.349133,75,139.411,13370.3125,100,210,10001,"[0, 100000]","[0, 100000]",0,0,976,4101
yolov8x_training,3504.391978,75,138.556,13370.3125,31,285,10001,"[0, 100000]","[0, 100000]",0,0,3710,18066
yolov8x_training,3505.565994,74,139.581,13370.3125,100,855,10001,"[0, 100000]","[0, 100000]",0,0,1171,11474
yolov8x_training,3506.608760,75,141.040,13370.3125,100,255,10001,"[0, 100000]","[0, 100000]",0,0,976,4052
yolov8x_training,3507.772621,75,139.271,13370.3125,100,240,10001,"[0, 100000]","[0, 100000]",0,0,11767,25585
yolov8x_training,3508.815516,73,137.712,13370.3125,62,495,10001,"[0, 100000]","[0, 100000]",0,0,2197,5371
yolov8x_training,3509.858217,75,139.310,13370.3125,100,285,10001,"[0, 100000]","[0, 100000]",0,0,1025,2783
yolov8x_training,3511.022981,75,137.610,13370.3125,100,240,10001,"[0, 100000]","[0, 100000]",0,0,11425,27294
yolov8x_training,3512.065745,75,138.117,13370.3125,100,1207,10001,"[0, 100000]","[0, 100000]",0,0,1220,6884
yolov8x_training,3513.108541,75,142.807,13370.3125,92,300,10001,"[0, 100000]","[0, 100000]",0,0,537,2734
yolov8x_training,3514.235328,75,140.225,13370.3125,100,255,10001,"[0, 100000]","[0, 100000]",0,0,11328,27246
yolov8x_training,3515.278124,77,138.866,13370.3125,100,315,10001,"[0, 100000]","[0, 100000]",0,0,2148,5078
yolov8x_training,3516.320973,74,139.156,13370.3125,100,300,10001,"[0, 100000]","[0, 100000]",0,0,1171,2148
yolov8x_training,3517.512383,75,135.799,13370.3125,46,240,10001,"[0, 100000]","[0, 100000]",0,0,9960,39404
yolov8x_training,3518.555321,75,138.221,13370.3125,100,2505,10001,"[0, 100000]","[0, 100000]",0,0,1904,6054
yolov8x_training,3519.598328,75,141.783,13370.3125,100,270,10001,"[0, 100000]","[0, 100000]",0,0,976,3662
yolov8x_training,3520.771662,75,139.354,13370.3125,100,285,10001,"[0, 100000]","[0, 100000]",0,0,11279,28027
yolov8x_training,3521.814440,73,138.379,13370.3125,58,525,10001,"[0, 100000]","[0, 100000]",0,0,2197,5029
yolov8x_training,3522.857172,75,139.371,13370.3125,100,270,10001,"[0, 100000]","[0, 100000]",0,0,1025,3515
yolov8x_training,3524.038927,75,138.428,13370.3125,100,225,10001,"[0, 100000]","[0, 100000]",0,0,11376,28125
yolov8x_training,3525.081734,75,137.449,13370.3125,100,2430,10001,"[0, 100000]","[0, 100000]",0,0,1171,6396
yolov8x_training,3526.124531,75,142.487,13370.3125,100,315,10001,"[0, 100000]","[0, 100000]",0,0,1220,1123
yolov8x_training,3527.254605,75,139.449,13370.3125,81,225,10001,"[0, 100000]","[0, 100000]",0,0,11669,25732
yolov8x_training,3528.297465,73,139.178,13370.3125,98,360,10001,"[0, 100000]","[0, 100000]",0,0,1123,6201
yolov8x_training,3529.340261,75,138.760,13370.3125,100,300,10001,"[0, 100000]","[0, 100000]",0,0,1269,1416
yolov8x_training,3530.499149,75,136.635,13370.3125,68,240,10001,"[0, 100000]","[0, 100000]",0,0,11181,30078
yolov8x_training,3531.542069,75,137.987,13370.3125,97,210,10001,"[0, 100000]","[0, 100000]",0,0,1171,6494
yolov8x_training,3532.584855,75,137.625,13370.3125,100,345,10001,"[0, 100000]","[0, 100000]",0,0,1123,1757
yolov8x_training,3533.749439,75,139.534,13370.3125,100,285,10001,"[0, 100000]","[0, 100000]",0,0,10058,38769
yolov8x_training,3534.792583,76,139.714,13370.3125,42,285,10001,"[0, 100000]","[0, 100000]",0,0,1171,6201
yolov8x_training,3535.835273,74,138.664,13370.3125,100,330,10001,"[0, 100000]","[0, 100000]",0,0,1074,1269
yolov8x_training,3536.974887,75,135.456,13370.3125,100,210,10001,"[0, 100000]","[0, 100000]",0,0,11621,25195
yolov8x_training,3538.017681,75,137.428,13370.3125,100,375,10001,"[0, 100000]","[0, 100000]",0,0,1171,6201
yolov8x_training,3539.060430,75,139.689,13370.3125,51,285,10001,"[0, 100000]","[0, 100000]",0,0,976,2539
yolov8x_training,3540.184899,75,139.253,13370.3125,100,270,10001,"[0, 100000]","[0, 100000]",0,0,10107,37500
yolov8x_training,3541.227810,75,138.245,13370.3125,100,225,10001,"[0, 100000]","[0, 100000]",0,0,2246,5175
yolov8x_training,3542.270585,75,137.855,13370.3125,100,255,10001,"[0, 100000]","[0, 100000]",0,0,1220,1953
yolov8x_training,3543.426916,75,137.779,13370.3125,100,225,10001,"[0, 100000]","[0, 100000]",0,0,9960,37451
yolov8x_training,3544.469956,75,138.063,13370.3125,98,285,10001,"[0, 100000]","[0, 100000]",0,0,2001,6005
yolov8x_training,3545.512716,75,139.084,13370.3125,100,360,10001,"[0, 100000]","[0, 100000]",0,0,1171,1953
yolov8x_training,3546.669912,74,139.147,13370.3125,100,300,10001,"[0, 100000]","[0, 100000]",0,0,11621,25585
yolov8x_training,3547.712815,75,136.185,13370.3125,50,270,10001,"[0, 100000]","[0, 100000]",0,0,1904,6250
yolov8x_training,3548.755610,75,138.066,13370.3125,96,270,10001,"[0, 100000]","[0, 100000]",0,0,1220,927
yolov8x_training,3549.904328,75,139.038,13370.3125,100,1050,10001,"[0, 100000]","[0, 100000]",0,0,11523,25878
yolov8x_training,3550.947129,75,138.643,13370.3125,100,270,10001,"[0, 100000]","[0, 100000]",0,0,1074,5810
yolov8x_training,3551.989961,75,139.185,13370.3125,20,210,10001,"[0, 100000]","[0, 100000]",0,0,732,2294
yolov8x_training,3553.032800,74,138.142,13370.3125,98,255,10001,"[0, 100000]","[0, 100000]",0,0,2050,71044
yolov8x_training,3554.211433,74,134.472,13370.3125,100,300,10001,"[0, 100000]","[0, 100000]",0,0,1171,4345
yolov8x_training,3555.254214,75,126.405,13370.3125,100,270,10001,"[0, 100000]","[0, 100000]",0,0,1269,4589
yolov8x_training,3556.297019,75,135.696,13370.3125,100,255,10001,"[0, 100000]","[0, 100000]",0,0,439,2929
yolov8x_training,3557.339804,75,134.896,13370.3125,92,315,10001,"[0, 100000]","[0, 100000]",0,0,1757,67578
yolov8x_training,3558.499927,75,137.409,13370.3125,97,210,10001,"[0, 100000]","[0, 100000]",0,0,1464,6884
yolov8x_training,3559.542741,75,138.699,13370.3125,100,300,10001,"[0, 100000]","[0, 100000]",0,0,1123,976
yolov8x_training,3560.585536,74,138.784,13370.3125,100,315,10001,"[0, 100000]","[0, 100000]",0,0,1464,73925
yolov8x_training,3561.760627,75,138.304,13370.3125,20,315,10001,"[0, 100000]","[0, 100000]",0,0,1318,6738
yolov8x_training,3562.803421,75,139.313,13370.3125,100,255,10001,"[0, 100000]","[0, 100000]",0,0,781,1367
yolov8x_training,3563.979046,75,135.090,13370.3125,100,225,10001,"[0, 100000]","[0, 100000]",0,0,11279,28173
yolov8x_training,3565.021824,75,137.636,13370.3125,100,240,10001,"[0, 100000]","[0, 100000]",0,0,1416,6933
yolov8x_training,3566.064640,75,138.708,13370.3125,51,285,10001,"[0, 100000]","[0, 100000]",0,0,1074,683
yolov8x_training,3567.174644,74,139.452,13370.3125,100,285,10001,"[0, 100000]","[0, 100000]",0,0,11718,25341
yolov8x_training,3568.217433,75,136.762,13370.3125,100,210,10001,"[0, 100000]","[0, 100000]",0,0,1416,7421
yolov8x_training,3569.260169,75,137.604,13370.3125,100,255,10001,"[0, 100000]","[0, 100000]",0,0,585,2685
yolov8x_training,3570.383125,75,139.572,13370.3125,51,1800,10001,"[0, 100000]","[0, 100000]",0,0,10253,36181
yolov8x_training,3571.426052,75,139.865,13370.3125,100,270,10001,"[0, 100000]","[0, 100000]",0,0,1464,7714
yolov8x_training,3572.468766,75,138.695,13370.3125,100,225,10001,"[0, 100000]","[0, 100000]",0,0,537,2587
yolov8x_training,3573.635583,73,139.107,13370.3125,99,285,10001,"[0, 100000]","[0, 100000]",0,0,10156,36962
yolov8x_training,3574.678771,76,133.956,13370.3125,100,210,10001,"[0, 100000]","[0, 100000]",0,0,1464,6640
yolov8x_training,3575.721570,75,138.049,13370.3125,100,210,10001,"[0, 100000]","[0, 100000]",0,0,1025,732
yolov8x_training,3576.871259,75,137.067,13370.3125,100,2460,10001,"[0, 100000]","[0, 100000]",0,0,12255,21826
yolov8x_training,3577.914272,76,142.155,13370.3125,100,285,10001,"[0, 100000]","[0, 100000]",0,0,1464,5371
yolov8x_training,3578.957115,74,138.009,13370.3125,90,270,10001,"[0, 100000]","[0, 100000]",0,0,976,439
yolov8x_training,3580.120636,75,138.554,13370.3125,97,225,10001,"[0, 100000]","[0, 100000]",0,0,11279,27490
yolov8x_training,3581.163381,75,135.973,13370.3125,100,930,10001,"[0, 100000]","[0, 100000]",0,0,1416,5615
yolov8x_training,3582.206106,75,137.968,13370.3125,100,225,10001,"[0, 100000]","[0, 100000]",0,0,878,683
yolov8x_training,3583.358217,75,136.731,13370.3125,31,2505,10001,"[0, 100000]","[0, 100000]",0,0,10449,32910
yolov8x_training,3584.401046,76,142.531,13370.3125,100,375,10001,"[0, 100000]","[0, 100000]",0,0,1464,5322
yolov8x_training,3585.443826,74,137.532,13370.3125,100,270,10001,"[0, 100000]","[0, 100000]",0,0,927,1074
yolov8x_training,3586.556641,75,138.700,13370.3125,61,240,10001,"[0, 100000]","[0, 100000]",0,0,10009,36523
yolov8x_training,3587.599705,75,139.037,13370.3125,100,2415,10001,"[0, 100000]","[0, 100000]",0,0,1416,7470
yolov8x_training,3588.642457,75,141.012,13370.3125,100,330,10001,"[0, 100000]","[0, 100000]",0,0,488,2832
yolov8x_training,3589.812500,75,137.036,13370.3125,100,255,10001,"[0, 100000]","[0, 100000]",0,0,10839,29248
yolov8x_training,3590.855287,75,138.781,13370.3125,91,450,10001,"[0, 100000]","[0, 100000]",0,0,1416,6835
yolov8x_training,3591.898485,75,139.816,13370.3125,100,270,10001,"[0, 100000]","[0, 100000]",0,0,781,1708
yolov8x_training,3593.046939,75,139.112,13370.3125,100,240,10001,"[0, 100000]","[0, 100000]",0,0,11914,23681
yolov8x_training,3594.090117,75,137.577,13370.3125,100,2505,10001,"[0, 100000]","[0, 100000]",0,0,1416,7128
yolov8x_training,3595.132943,75,141.830,13370.3125,100,270,10001,"[0, 100000]","[0, 100000]",0,0,634,2246
yolov8x_training,3596.296785,74,137.520,13370.3125,79,240,10001,"[0, 100000]","[0, 100000]",0,0,11816,24218
yolov8x_training,3597.339569,75,138.853,13370.3125,96,330,10001,"[0, 100000]","[0, 100000]",0,0,1464,5615
yolov8x_training,3598.382274,75,139.704,13370.3125,100,315,10001,"[0, 100000]","[0, 100000]",0,0,976,878
yolov8x_training,3599.527258,75,138.462,13370.3125,11,240,10001,"[0, 100000]","[0, 100000]",0,0,10937,29003
yolov8x_training,3600.570073,75,138.173,13370.3125,100,1260,10001,"[0, 100000]","[0, 100000]",0,0,1416,6494
yolov8x_training,3601.612890,75,142.852,13370.3125,100,330,10001,"[0, 100000]","[0, 100000]",0,0,683,2392
yolov8x_training,3602.746256,74,139.646,13370.3125,100,285,10001,"[0, 100000]","[0, 100000]",0,0,10986,29541
yolov8x_training,3603.789079,75,139.299,13370.3125,32,255,10001,"[0, 100000]","[0, 100000]",0,0,1611,5712
yolov8x_training,3604.831841,75,139.457,13370.3125,100,255,10001,"[0, 100000]","[0, 100000]",0,0,1025,390
yolov8x_training,3605.965199,75,135.715,13370.3125,100,210,10001,"[0, 100000]","[0, 100000]",0,0,11279,27783
yolov8x_training,3607.007949,75,138.567,13370.3125,100,210,10001,"[0, 100000]","[0, 100000]",0,0,1416,7617
yolov8x_training,3608.050674,75,138.370,13370.3125,51,315,10001,"[0, 100000]","[0, 100000]",0,0,830,1269
yolov8x_training,3609.205708,73,138.658,13370.3125,100,270,10001,"[0, 100000]","[0, 100000]",0,0,10644,31103
yolov8x_training,3610.248514,75,138.406,13370.3125,100,330,10001,"[0, 100000]","[0, 100000]",0,0,1660,11132
yolov8x_training,3611.292218,75,136.154,13370.3125,100,270,10001,"[0, 100000]","[0, 100000]",0,0,1074,3662
yolov8x_training,3612.335172,75,136.575,13370.3125,100,255,10001,"[0, 100000]","[0, 100000]",0,0,927,292
yolov8x_training,3613.413033,75,133.776,13370.3125,100,525,10001,"[0, 100000]","[0, 100000]",0,0,10156,36572
yolov8x_training,3614.455905,74,138.644,13370.3125,100,255,10001,"[0, 100000]","[0, 100000]",0,0,1416,6884
yolov8x_training,3615.498704,75,138.437,13370.3125,100,240,10001,"[0, 100000]","[0, 100000]",0,0,439,3515
yolov8x_training,3616.643458,76,139.262,13370.3125,100,240,10001,"[0, 100000]","[0, 100000]",0,0,10253,37011
yolov8x_training,3617.686540,74,135.187,13370.3125,76,225,10001,"[0, 100000]","[0, 100000]",0,0,1513,7470
yolov8x_training,3618.729404,75,138.504,13370.3125,98,255,10001,"[0, 100000]","[0, 100000]",0,0,976,33496
yolov8x_training,3619.868615,75,139.086,13370.3125,100,1117,10001,"[0, 100000]","[0, 100000]",0,0,11230,28173
yolov8x_training,3620.911693,73,140.506,13370.3125,100,285,10001,"[0, 100000]","[0, 100000]",0,0,1416,7910
yolov8x_training,3621.954456,75,138.075,13370.3125,51,210,10001,"[0, 100000]","[0, 100000]",0,0,976,1464
yolov8x_training,3623.121453,76,139.095,13370.3125,100,270,10001,"[0, 100000]","[0, 100000]",0,0,11328,28222
yolov8x_training,3624.164176,75,134.092,13370.3125,100,630,10001,"[0, 100000]","[0, 100000]",0,0,1416,7568
yolov8x_training,3625.206940,75,138.288,13370.3125,100,240,10001,"[0, 100000]","[0, 100000]",0,0,683,2636
yolov8x_training,3626.366018,75,139.368,13370.3125,60,2175,10001,"[0, 100000]","[0, 100000]",0,0,11328,28515
yolov8x_training,3627.408823,73,140.132,13370.3125,100,270,10001,"[0, 100000]","[0, 100000]",0,0,1464,6054
yolov8x_training,3628.451699,75,137.849,13370.3125,100,210,10001,"[0, 100000]","[0, 100000]",0,0,683,2783
yolov8x_training,3629.641569,77,138.778,13370.3125,100,270,10001,"[0, 100000]","[0, 100000]",0,0,10205,38427
yolov8x_training,3630.684789,75,135.271,13370.3125,71,240,10001,"[0, 100000]","[0, 100000]",0,0,1367,6738
yolov8x_training,3631.727533,75,137.830,13370.3125,96,255,10001,"[0, 100000]","[0, 100000]",0,0,976,1464
yolov8x_training,3632.880893,75,139.736,13370.3125,100,2055,10001,"[0, 100000]","[0, 100000]",0,0,10107,37158
yolov8x_training,3633.923905,74,138.449,13370.3125,100,270,10001,"[0, 100000]","[0, 100000]",0,0,1416,6738
yolov8x_training,3634.966613,75,138.133,13370.3125,12,240,10001,"[0, 100000]","[0, 100000]",0,0,1171,2392
yolov8x_training,3636.155425,74,139.424,13370.3125,100,210,10001,"[0, 100000]","[0, 100000]",0,0,10498,34423
yolov8x_training,3637.198196,74,136.406,13370.3125,100,270,10001,"[0, 100000]","[0, 100000]",0,0,1367,7617
yolov8x_training,3638.240893,75,138.521,13370.3125,100,210,10001,"[0, 100000]","[0, 100000]",0,0,976,31835
yolov8x_training,3639.377616,75,138.603,13370.3125,77,2190,10001,"[0, 100000]","[0, 100000]",0,0,11181,29394
yolov8x_training,3640.420442,73,137.990,13370.3125,100,270,10001,"[0, 100000]","[0, 100000]",0,0,1220,6640
yolov8x_training,3641.463188,75,138.832,13370.3125,100,255,10001,"[0, 100000]","[0, 100000]",0,0,1074,1123
yolov8x_training,3642.609595,77,139.525,13370.3125,100,270,10001,"[0, 100000]","[0, 100000]",0,0,10205,37158
yolov8x_training,3643.652589,75,134.126,13370.3125,8,720,10001,"[0, 100000]","[0, 100000]",0,0,1269,5615
yolov8x_training,3644.695478,75,129.705,13370.3125,100,315,10001,"[0, 100000]","[0, 100000]",0,0,1123,5371
yolov8x_training,3645.738235,75,134.581,13370.3125,99,270,10001,"[0, 100000]","[0, 100000]",0,0,1025,4003
yolov8x_training,3646.913933,75,134.615,13370.3125,100,1245,10001,"[0, 100000]","[0, 100000]",0,0,11328,28808
yolov8x_training,3647.956728,74,137.771,13370.3125,100,225,10001,"[0, 100000]","[0, 100000]",0,0,1416,6884
yolov8x_training,3648.999586,75,137.717,13370.3125,41,315,10001,"[0, 100000]","[0, 100000]",0,0,1123,1904
yolov8x_training,3650.150826,74,139.392,13370.3125,100,225,10001,"[0, 100000]","[0, 100000]",0,0,11328,29199
yolov8x_training,3651.193567,75,136.215,13370.3125,100,270,10001,"[0, 100000]","[0, 100000]",0,0,1416,6640
yolov8x_training,3652.236277,75,138.157,13370.3125,100,240,10001,"[0, 100000]","[0, 100000]",0,0,781,1562
yolov8x_training,3653.364027,75,139.361,13370.3125,71,2490,10001,"[0, 100000]","[0, 100000]",0,0,10839,31445
yolov8x_training,3654.406826,74,138.014,13370.3125,100,300,10001,"[0, 100000]","[0, 100000]",0,0,1318,7714
yolov8x_training,3655.449634,75,138.988,13370.3125,100,210,10001,"[0, 100000]","[0, 100000]",0,0,1123,1855
yolov8x_training,3656.608704,78,138.869,13370.3125,100,270,10001,"[0, 100000]","[0, 100000]",0,0,11328,29101
yolov8x_training,3657.651526,76,133.838,13370.3125,98,1590,10001,"[0, 100000]","[0, 100000]",0,0,1464,7031
yolov8x_training,3658.694319,75,137.795,13370.3125,96,300,10001,"[0, 100000]","[0, 100000]",0,0,1074,2832
yolov8x_training,3659.862688,75,138.772,13370.3125,100,2505,10001,"[0, 100000]","[0, 100000]",0,0,11328,29199
yolov8x_training,3660.905437,74,139.913,13370.3125,100,285,10001,"[0, 100000]","[0, 100000]",0,0,1367,7958
yolov8x_training,3661.948151,75,139.255,13370.3125,19,240,10001,"[0, 100000]","[0, 100000]",0,0,927,1416
yolov8x_training,3662.990927,75,138.860,13370.3125,98,225,10001,"[0, 100000]","[0, 100000]",0,0,1660,75244
yolov8x_training,3664.163732,75,132.771,13370.3125,100,660,10001,"[0, 100000]","[0, 100000]",0,0,1171,5468
yolov8x_training,3665.206558,74,125.709,13370.3125,100,270,10001,"[0, 100000]","[0, 100000]",0,0,1171,4150
yolov8x_training,3666.249467,75,136.225,13370.3125,100,225,10001,"[0, 100000]","[0, 100000]",0,0,830,292
yolov8x_training,3667.333899,75,139.381,13370.3125,47,1800,10001,"[0, 100000]","[0, 100000]",0,0,11425,26416
yolov8x_training,3668.376651,73,139.109,13370.3125,100,315,10001,"[0, 100000]","[0, 100000]",0,0,1708,7958
yolov8x_training,3669.419381,75,138.454,13370.3125,100,210,10001,"[0, 100000]","[0, 100000]",0,0,1123,4394
yolov8x_training,3670.581054,76,139.309,13370.3125,98,255,10001,"[0, 100000]","[0, 100000]",0,0,11474,26611
yolov8x_training,3671.623849,74,134.906,13370.3125,91,1245,10001,"[0, 100000]","[0, 100000]",0,0,1367,9375
yolov8x_training,3672.666949,75,136.945,13370.3125,97,300,10001,"[0, 100000]","[0, 100000]",0,0,1171,3808
yolov8x_training,3673.845887,75,138.755,13370.3125,100,315,10001,"[0, 100000]","[0, 100000]",0,0,10791,30810
yolov8x_training,3674.888681,73,139.519,13370.3125,100,315,10001,"[0, 100000]","[0, 100000]",0,0,1464,6250
yolov8x_training,3675.931570,75,139.254,13370.3125,41,285,10001,"[0, 100000]","[0, 100000]",0,0,683,2392
yolov8x_training,3677.049386,75,138.530,13370.3125,97,240,10001,"[0, 100000]","[0, 100000]",0,0,10009,37597
yolov8x_training,3678.092257,75,135.241,13370.3125,100,2175,10001,"[0, 100000]","[0, 100000]",0,0,2294,4980
yolov8x_training,3679.135077,75,137.586,13370.3125,100,300,10001,"[0, 100000]","[0, 100000]",0,0,1220,781
yolov8x_training,3680.283516,75,138.868,13370.3125,20,255,10001,"[0, 100000]","[0, 100000]",0,0,10107,37060
yolov8x_training,3681.326443,77,139.075,13370.3125,96,435,10001,"[0, 100000]","[0, 100000]",0,0,2148,5908
yolov8x_training,3682.369268,75,139.232,13370.3125,100,270,10001,"[0, 100000]","[0, 100000]",0,0,1074,1806
yolov8x_training,3683.514409,75,139.212,13370.3125,31,210,10001,"[0, 100000]","[0, 100000]",0,0,10351,37744
yolov8x_training,3684.557484,75,138.492,13370.3125,100,2505,10001,"[0, 100000]","[0, 100000]",0,0,1904,5957
yolov8x_training,3685.600344,75,141.085,13370.3125,100,495,10001,"[0, 100000]","[0, 100000]",0,0,1220,1025
yolov8x_training,3686.747730,75,138.863,13370.3125,100,285,10001,"[0, 100000]","[0, 100000]",0,0,11230,28466
yolov8x_training,3687.790508,75,137.900,13370.3125,87,360,10001,"[0, 100000]","[0, 100000]",0,0,1757,5957
yolov8x_training,3688.833329,75,139.775,13370.3125,100,315,10001,"[0, 100000]","[0, 100000]",0,0,1220,634
yolov8x_training,3689.983571,75,138.590,13370.3125,100,225,10001,"[0, 100000]","[0, 100000]",0,0,10791,30371
yolov8x_training,3691.026442,75,137.664,13370.3125,100,270,10001,"[0, 100000]","[0, 100000]",0,0,1953,6005
yolov8x_training,3692.069188,75,142.543,13370.3125,100,510,10001,"[0, 100000]","[0, 100000]",0,0,1171,2490
yolov8x_training,3693.230481,74,138.682,13370.3125,76,225,10001,"[0, 100000]","[0, 100000]",0,0,10253,36328
yolov8x_training,3694.273436,75,138.968,13370.3125,97,360,10001,"[0, 100000]","[0, 100000]",0,0,1708,8056
yolov8x_training,3695.316174,76,139.607,13370.3125,100,210,10001,"[0, 100000]","[0, 100000]",0,0,1123,3515
yolov8x_training,3696.483022,75,138.687,13370.3125,28,225,10001,"[0, 100000]","[0, 100000]",0,0,10351,34960
yolov8x_training,3697.525905,75,137.741,13370.3125,100,240,10001,"[0, 100000]","[0, 100000]",0,0,1855,6201
yolov8x_training,3698.568641,75,142.410,13370.3125,100,330,10001,"[0, 100000]","[0, 100000]",0,0,1269,537
yolov8x_training,3699.713986,74,139.047,13370.3125,100,255,10001,"[0, 100000]","[0, 100000]",0,0,11181,28564
yolov8x_training,3700.756777,75,139.225,13370.3125,63,330,10001,"[0, 100000]","[0, 100000]",0,0,1464,9033
yolov8x_training,3701.799548,75,139.307,13370.3125,100,240,10001,"[0, 100000]","[0, 100000]",0,0,1074,4296
yolov8x_training,3702.964965,75,135.797,13370.3125,100,255,10001,"[0, 100000]","[0, 100000]",0,0,11230,28515
yolov8x_training,3704.007769,75,138.442,13370.3125,100,255,10001,"[0, 100000]","[0, 100000]",0,0,2246,5029
yolov8x_training,3705.050537,75,139.305,13370.3125,100,360,10001,"[0, 100000]","[0, 100000]",0,0,1123,4443
yolov8x_training,3706.213356,74,138.888,13370.3125,79,270,10001,"[0, 100000]","[0, 100000]",0,0,11083,29150
yolov8x_training,3707.256153,75,136.769,13370.3125,97,255,10001,"[0, 100000]","[0, 100000]",0,0,1123,6005
yolov8x_training,3708.298812,75,138.135,13370.3125,100,270,10001,"[0, 100000]","[0, 100000]",0,0,1123,1220
yolov8x_training,3709.431338,75,139.713,13370.3125,59,300,10001,"[0, 100000]","[0, 100000]",0,0,10009,37597
yolov8x_training,3710.474261,75,139.158,13370.3125,100,300,10001,"[0, 100000]","[0, 100000]",0,0,1904,6298
yolov8x_training,3711.517205,75,138.903,13370.3125,100,300,10001,"[0, 100000]","[0, 100000]",0,0,1025,2441
yolov8x_training,3712.669390,74,138.884,13370.3125,92,210,10001,"[0, 100000]","[0, 100000]",0,0,10791,30273
yolov8x_training,3713.712286,75,134.714,13370.3125,91,255,10001,"[0, 100000]","[0, 100000]",0,0,1757,7324
yolov8x_training,3714.755058,75,137.316,13370.3125,97,270,10001,"[0, 100000]","[0, 100000]",0,0,1074,4296
yolov8x_training,3715.921603,75,139.222,13370.3125,100,600,10001,"[0, 100000]","[0, 100000]",0,0,10546,32080
yolov8x_training,3716.964554,75,140.017,13370.3125,100,300,10001,"[0, 100000]","[0, 100000]",0,0,2197,5371
yolov8x_training,3718.007259,75,138.109,13370.3125,30,315,10001,"[0, 100000]","[0, 100000]",0,0,1123,4248
yolov8x_training,3719.155890,74,139.416,13370.3125,98,225,10001,"[0, 100000]","[0, 100000]",0,0,11230,28564
yolov8x_training,3720.198755,75,134.291,13370.3125,100,300,10001,"[0, 100000]","[0, 100000]",0,0,1074,7226
yolov8x_training,3721.241503,76,137.048,13370.3125,100,270,10001,"[0, 100000]","[0, 100000]",0,0,1123,4248
yolov8x_training,3722.428027,75,139.169,13370.3125,100,645,10001,"[0, 100000]","[0, 100000]",0,0,10253,35937
yolov8x_training,3723.470797,75,139.226,13370.3125,100,285,10001,"[0, 100000]","[0, 100000]",0,0,2197,5322
yolov8x_training,3724.513519,75,139.010,13370.3125,100,255,10001,"[0, 100000]","[0, 100000]",0,0,1025,3710
yolov8x_training,3725.681223,74,139.024,13370.3125,100,315,10001,"[0, 100000]","[0, 100000]",0,0,11767,24121
yolov8x_training,3726.724037,75,135.361,13370.3125,70,225,10001,"[0, 100000]","[0, 100000]",0,0,1464,9228
yolov8x_training,3727.766903,75,137.558,13370.3125,97,270,10001,"[0, 100000]","[0, 100000]",0,0,1171,3613
yolov8x_training,3728.914472,75,139.974,13370.3125,100,645,10001,"[0, 100000]","[0, 100000]",0,0,11328,26708
yolov8x_training,3729.957381,75,139.068,13370.3125,100,285,10001,"[0, 100000]","[0, 100000]",0,0,1562,8837
yolov8x_training,3731.000141,76,139.058,13370.3125,19,315,10001,"[0, 100000]","[0, 100000]",0,0,1074,4443
yolov8x_training,3732.157593,74,138.923,13370.3125,97,225,10001,"[0, 100000]","[0, 100000]",0,0,11181,28369
yolov8x_training,3733.200401,75,133.746,13370.3125,100,285,10001,"[0, 100000]","[0, 100000]",0,0,1318,6396
yolov8x_training,3734.243190,75,137.976,13370.3125,100,240,10001,"[0, 100000]","[0, 100000]",0,0,1171,537
yolov8x_training,3735.384678,75,139.732,13370.3125,17,2190,10001,"[0, 100000]","[0, 100000]",0,0,10839,31445
yolov8x_training,3736.427481,74,143.102,13370.3125,100,255,10001,"[0, 100000]","[0, 100000]",0,0,1220,6152
yolov8x_training,3737.470149,75,138.325,13370.3125,100,240,10001,"[0, 100000]","[0, 100000]",0,0,1074,3759
yolov8x_training,3738.625811,74,139.278,13370.3125,56,255,10001,"[0, 100000]","[0, 100000]",0,0,10058,39404
yolov8x_training,3739.669232,75,136.707,13370.3125,100,210,10001,"[0, 100000]","[0, 100000]",0,0,1220,6152
yolov8x_training,3740.712014,75,138.952,13370.3125,100,225,10001,"[0, 100000]","[0, 100000]",0,0,1025,1269
yolov8x_training,3741.754794,75,136.532,13370.3125,100,1530,10001,"[0, 100000]","[0, 100000]",0,0,1513,68457
yolov8x_training,3742.938444,75,140.193,13370.3125,100,225,10001,"[0, 100000]","[0, 100000]",0,0,1464,9619
yolov8x_training,3743.981214,75,138.967,13370.3125,37,240,10001,"[0, 100000]","[0, 100000]",0,0,1123,4199
yolov8x_training,3745.139117,74,139.375,13370.3125,96,255,10001,"[0, 100000]","[0, 100000]",0,0,11328,29101
yolov8x_training,3746.181905,75,134.836,13370.3125,100,225,10001,"[0, 100000]","[0, 100000]",0,0,2050,6005
yolov8x_training,3747.224711,75,138.134,13370.3125,100,240,10001,"[0, 100000]","[0, 100000]",0,0,1074,3027
yolov8x_training,3748.372244,75,139.311,13370.3125,13,2460,10001,"[0, 100000]","[0, 100000]",0,0,11279,28369
yolov8x_training,3749.415087,74,143.955,13370.3125,100,315,10001,"[0, 100000]","[0, 100000]",0,0,1562,6103
yolov8x_training,3750.457941,75,139.045,13370.3125,100,225,10001,"[0, 100000]","[0, 100000]",0,0,1074,1074
yolov8x_training,3751.597801,76,138.839,13370.3125,37,240,10001,"[0, 100000]","[0, 100000]",0,0,12548,20166
yolov8x_training,3752.640547,75,137.935,13370.3125,100,1410,10001,"[0, 100000]","[0, 100000]",0,0,2001,5957
yolov8x_training,3753.683452,75,140.383,13370.3125,100,225,10001,"[0, 100000]","[0, 100000]",0,0,1123,3710
yolov8x_training,3754.844107,75,138.574,13370.3125,100,285,10001,"[0, 100000]","[0, 100000]",0,0,11279,29199
yolov8x_training,3755.887131,74,138.267,13370.3125,100,270,10001,"[0, 100000]","[0, 100000]",0,0,1953,6201
yolov8x_training,3756.929964,75,139.315,13370.3125,97,240,10001,"[0, 100000]","[0, 100000]",0,0,1074,4150
yolov8x_training,3758.095067,77,138.938,13370.3125,98,255,10001,"[0, 100000]","[0, 100000]",0,0,11718,25830
yolov8x_training,3759.137832,75,139.823,13370.3125,100,1560,10001,"[0, 100000]","[0, 100000]",0,0,1171,6054
yolov8x_training,3760.180577,75,141.115,13370.3125,100,255,10001,"[0, 100000]","[0, 100000]",0,0,1074,830
yolov8x_training,3761.315573,75,138.825,13370.3125,63,255,10001,"[0, 100000]","[0, 100000]",0,0,11132,27832
yolov8x_training,3762.358342,74,138.925,13370.3125,96,495,10001,"[0, 100000]","[0, 100000]",0,0,1171,6054
yolov8x_training,3763.401069,75,139.145,13370.3125,100,270,10001,"[0, 100000]","[0, 100000]",0,0,1171,634
yolov8x_training,3764.548207,76,138.411,13370.3125,18,240,10001,"[0, 100000]","[0, 100000]",0,0,10107,35644
yolov8x_training,3765.591190,76,138.570,13370.3125,100,2475,10001,"[0, 100000]","[0, 100000]",0,0,1318,6005
yolov8x_training,3766.633995,75,144.314,13370.3125,100,405,10001,"[0, 100000]","[0, 100000]",0,0,878,1318
yolov8x_training,3767.761907,75,139.801,13370.3125,100,225,10001,"[0, 100000]","[0, 100000]",0,0,10351,34179
yolov8x_training,3768.804719,75,139.112,13370.3125,41,315,10001,"[0, 100000]","[0, 100000]",0,0,1123,11474
yolov8x_training,3769.847502,74,139.076,13370.3125,100,300,10001,"[0, 100000]","[0, 100000]",0,0,1171,4052
yolov8x_training,3771.010796,75,136.564,13370.3125,100,210,10001,"[0, 100000]","[0, 100000]",0,0,11328,27636
yolov8x_training,3772.053532,75,138.852,13370.3125,100,210,10001,"[0, 100000]","[0, 100000]",0,0,1269,6054
yolov8x_training,3773.096244,75,138.170,13370.3125,62,300,10001,"[0, 100000]","[0, 100000]",0,0,488,3027
yolov8x_training,3774.222582,75,138.073,13370.3125,100,240,10001,"[0, 100000]","[0, 100000]",0,0,10253,37207
yolov8x_training,3775.265547,76,139.560,13370.3125,100,330,10001,"[0, 100000]","[0, 100000]",0,0,2148,5615
yolov8x_training,3776.308294,76,138.076,13370.3125,100,225,10001,"[0, 100000]","[0, 100000]",0,0,1171,4199
yolov8x_training,3777.477109,75,134.710,13370.3125,100,315,10001,"[0, 100000]","[0, 100000]",0,0,11132,29003
yolov8x_training,3778.520011,75,137.823,13370.3125,97,240,10001,"[0, 100000]","[0, 100000]",0,0,2197,5371
yolov8x_training,3779.562773,75,139.769,13370.3125,100,375,10001,"[0, 100000]","[0, 100000]",0,0,1123,683
yolov8x_training,3780.708116,75,139.144,13370.3125,100,300,10001,"[0, 100000]","[0, 100000]",0,0,10058,38378
yolov8x_training,3781.751672,76,138.612,13370.3125,22,240,10001,"[0, 100000]","[0, 100000]",0,0,1123,6005
yolov8x_training,3782.794389,76,139.066,13370.3125,98,270,10001,"[0, 100000]","[0, 100000]",0,0,830,1367
yolov8x_training,3783.934882,75,138.381,13370.3125,100,660,10001,"[0, 100000]","[0, 100000]",0,0,10498,34326
yolov8x_training,3784.977666,75,139.024,13370.3125,100,255,10001,"[0, 100000]","[0, 100000]",0,0,1318,6494
yolov8x_training,3786.020430,75,138.607,13370.3125,15,315,10001,"[0, 100000]","[0, 100000]",0,0,1123,2197
yolov8x_training,3787.178700,74,139.641,13370.3125,100,315,10001,"[0, 100000]","[0, 100000]",0,0,11865,25488
yolov8x_training,3788.221482,75,135.812,13370.3125,100,270,10001,"[0, 100000]","[0, 100000]",0,0,1318,6787
yolov8x_training,3789.264213,75,138.492,13370.3125,100,240,10001,"[0, 100000]","[0, 100000]",0,0,1074,1318
yolov8x_training,3790.427146,75,138.479,13370.3125,100,2070,10001,"[0, 100000]","[0, 100000]",0,0,11376,27001
yolov8x_training,3791.470007,75,139.155,13370.3125,97,300,10001,"[0, 100000]","[0, 100000]",0,0,1904,6933
yolov8x_training,3792.512785,77,139.377,13370.3125,100,315,10001,"[0, 100000]","[0, 100000]",0,0,1123,4296
yolov8x_training,3793.704610,74,139.414,13370.3125,100,225,10001,"[0, 100000]","[0, 100000]",0,0,11181,29003
yolov8x_training,3794.747421,75,137.117,13370.3125,31,255,10001,"[0, 100000]","[0, 100000]",0,0,2197,5761
yolov8x_training,3795.790126,75,138.634,13370.3125,97,270,10001,"[0, 100000]","[0, 100000]",0,0,1025,3027
yolov8x_training,3796.940500,75,135.888,13370.3125,100,705,10001,"[0, 100000]","[0, 100000]",0,0,12158,23291
yolov8x_training,3797.983327,75,138.502,13370.3125,100,240,10001,"[0, 100000]","[0, 100000]",0,0,1318,6396
yolov8x_training,3799.026095,75,138.188,13370.3125,13,315,10001,"[0, 100000]","[0, 100000]",0,0,1074,1464
yolov8x_training,3800.174601,76,139.017,13370.3125,100,210,10001,"[0, 100000]","[0, 100000]",0,0,11328,28564
yolov8x_training,3801.217523,75,136.767,13370.3125,100,210,10001,"[0, 100000]","[0, 100000]",0,0,1611,5419
yolov8x_training,3802.260392,75,138.670,13370.3125,100,210,10001,"[0, 100000]","[0, 100000]",0,0,1074,1220
yolov8x_training,3803.414819,75,138.374,13370.3125,51,1755,10001,"[0, 100000]","[0, 100000]",0,0,11474,26953
yolov8x_training,3804.457658,74,138.861,13370.3125,100,270,10001,"[0, 100000]","[0, 100000]",0,0,1416,6005
yolov8x_training,3805.500583,75,139.006,13370.3125,100,240,10001,"[0, 100000]","[0, 100000]",0,0,1123,1318
yolov8x_training,3806.628016,75,138.551,13370.3125,87,270,10001,"[0, 100000]","[0, 100000]",0,0,10058,38427
yolov8x_training,3807.671473,74,134.286,13370.3125,93,225,10001,"[0, 100000]","[0, 100000]",0,0,1513,9570
yolov8x_training,3808.713820,75,137.080,13370.3125,98,270,10001,"[0, 100000]","[0, 100000]",0,0,1220,3759
yolov8x_training,3809.887264,75,137.852,13370.3125,100,2475,10001,"[0, 100000]","[0, 100000]",0,0,11376,28515
yolov8x_training,3810.930176,73,141.882,13370.3125,100,285,10001,"[0, 100000]","[0, 100000]",0,0,1220,6396
yolov8x_training,3811.973081,75,138.289,13370.3125,54,225,10001,"[0, 100000]","[0, 100000]",0,0,1171,732
yolov8x_training,3813.104355,75,139.208,13370.3125,97,270,10001,"[0, 100000]","[0, 100000]",0,0,10156,35986
yolov8x_training,3814.147191,76,135.157,13370.3125,100,645,10001,"[0, 100000]","[0, 100000]",0,0,2246,4980
yolov8x_training,3815.189903,75,137.814,13370.3125,100,225,10001,"[0, 100000]","[0, 100000]",0,0,1123,4150
yolov8x_training,3816.347345,75,139.348,13370.3125,17,2295,10001,"[0, 100000]","[0, 100000]",0,0,11474,27050
yolov8x_training,3817.390127,75,142.628,13370.3125,97,315,10001,"[0, 100000]","[0, 100000]",0,0,1611,8203
yolov8x_training,3818.432905,74,139.099,13370.3125,100,225,10001,"[0, 100000]","[0, 100000]",0,0,1074,4150
yolov8x_training,3819.597427,75,138.528,13370.3125,49,225,10001,"[0, 100000]","[0, 100000]",0,0,11328,27783
yolov8x_training,3820.640242,75,138.487,13370.3125,100,1740,10001,"[0, 100000]","[0, 100000]",0,0,1171,6201
yolov8x_training,3821.683119,75,140.145,13370.3125,100,270,10001,"[0, 100000]","[0, 100000]",0,0,781,1806
yolov8x_training,3822.842032,75,137.345,13370.3125,100,255,10001,"[0, 100000]","[0, 100000]",0,0,11083,29785
yolov8x_training,3823.884970,78,138.186,13370.3125,100,270,10001,"[0, 100000]","[0, 100000]",0,0,1904,6201
yolov8x_training,3824.927750,75,139.490,13370.3125,81,285,10001,"[0, 100000]","[0, 100000]",0,0,1074,1562
yolov8x_training,3826.083134,75,139.031,13370.3125,96,210,10001,"[0, 100000]","[0, 100000]",0,0,11669,25244
yolov8x_training,3827.125899,75,137.838,13370.3125,100,2145,10001,"[0, 100000]","[0, 100000]",0,0,1318,6103
yolov8x_training,3828.168751,75,140.375,13370.3125,100,285,10001,"[0, 100000]","[0, 100000]",0,0,732,2148
yolov8x_training,3829.293921,74,138.900,13370.3125,59,270,10001,"[0, 100000]","[0, 100000]",0,0,9179,42919
yolov8x_training,3830.336748,75,138.059,13370.3125,97,285,10001,"[0, 100000]","[0, 100000]",0,0,2050,6103
yolov8x_training,3831.379499,75,139.901,13370.3125,100,300,10001,"[0, 100000]","[0, 100000]",0,0,1074,2978
yolov8x_training,3832.534183,75,138.646,13370.3125,29,240,10001,"[0, 100000]","[0, 100000]",0,0,11718,24902
yolov8x_training,3833.577029,75,137.258,13370.3125,100,525,10001,"[0, 100000]","[0, 100000]",0,0,1074,5908
yolov8x_training,3834.619849,75,142.741,13370.3125,100,555,10001,"[0, 100000]","[0, 100000]",0,0,1025,1269
yolov8x_training,3835.761935,74,138.745,13370.3125,100,240,10001,"[0, 100000]","[0, 100000]",0,0,11962,24169
yolov8x_training,3836.804725,75,138.950,13370.3125,48,315,10001,"[0, 100000]","[0, 100000]",0,0,1171,6201
yolov8x_training,3837.847531,75,139.527,13370.3125,100,255,10001,"[0, 100000]","[0, 100000]",0,0,537,2734
yolov8x_training,3838.951446,75,135.392,13370.3125,100,285,10001,"[0, 100000]","[0, 100000]",0,0,10058,37158
yolov8x_training,3839.994608,74,138.233,13370.3125,100,285,10001,"[0, 100000]","[0, 100000]",0,0,1562,6152
yolov8x_training,3841.037310,75,139.718,13370.3125,32,210,10001,"[0, 100000]","[0, 100000]",0,0,781,1953
yolov8x_training,3842.160852,76,139.427,13370.3125,100,255,10001,"[0, 100000]","[0, 100000]",0,0,11816,25292
yolov8x_training,3843.203711,74,135.034,13370.3125,100,225,10001,"[0, 100000]","[0, 100000]",0,0,1318,6103
yolov8x_training,3844.246711,75,137.799,13370.3125,100,240,10001,"[0, 100000]","[0, 100000]",0,0,390,3076
yolov8x_training,3845.366161,75,139.035,13370.3125,31,2505,10001,"[0, 100000]","[0, 100000]",0,0,11718,25390
yolov8x_training,3846.409020,73,142.385,13370.3125,100,360,10001,"[0, 100000]","[0, 100000]",0,0,1318,6054
yolov8x_training,3847.451735,75,138.245,13370.3125,100,270,10001,"[0, 100000]","[0, 100000]",0,0,1220,585
yolov8x_training,3848.494591,75,138.440,13370.3125,62,270,10001,"[0, 100000]","[0, 100000]",0,0,89550,20361
yolov8x_training,3849.587655,75,133.618,13370.3125,0,270,10001,"[0, 100000]","[0, 100000]",0,0,10156,35644
yolov8x_training,3850.630905,74,126.169,13370.3125,92,2505,10001,"[0, 100000]","[0, 100000]",0,0,1171,6445
yolov8x_training,3851.673953,75,135.601,13370.3125,98,270,10001,"[0, 100000]","[0, 100000]",0,0,1123,3369
yolov8x_training,3852.717170,75,138.310,13370.3125,100,375,10001,"[0, 100000]","[0, 100000]",0,0,341,1031005
yolov8x_training,3853.759695,74,140.033,13370.3125,100,240,10001,"[0, 100000]","[0, 100000]",0,0,4443,11669
yolov8x_training,3854.802616,75,138.963,13370.3125,19,270,10001,"[0, 100000]","[0, 100000]",0,0,1464,5126
yolov8x_training,3855.845418,75,139.548,13370.3125,100,270,10001,"[0, 100000]","[0, 100000]",0,0,1123,64355
yolov8x_training,3856.996138,75,135.249,13370.3125,100,285,10001,"[0, 100000]","[0, 100000]",0,0,11376,26562
yolov8x_training,3858.038951,75,136.980,13370.3125,100,270,10001,"[0, 100000]","[0, 100000]",0,0,1416,7275
yolov8x_training,3859.081690,75,138.650,13370.3125,75,285,10001,"[0, 100000]","[0, 100000]",0,0,683,24951
yolov8x_training,3860.227594,73,139.159,13370.3125,100,270,10001,"[0, 100000]","[0, 100000]",0,0,9960,37500
yolov8x_training,3861.270654,75,138.626,13370.3125,100,210,10001,"[0, 100000]","[0, 100000]",0,0,1416,6591
yolov8x_training,3862.313537,75,138.780,13370.3125,100,270,10001,"[0, 100000]","[0, 100000]",0,0,1025,36669
yolov8x_training,3863.427911,75,134.000,13370.3125,100,960,10001,"[0, 100000]","[0, 100000]",0,0,10156,35839
yolov8x_training,3864.470882,74,137.949,13370.3125,98,240,10001,"[0, 100000]","[0, 100000]",0,0,1464,6933
yolov8x_training,3865.513593,75,139.032,13370.3125,100,225,10001,"[0, 100000]","[0, 100000]",0,0,732,2441
yolov8x_training,3866.672991,76,139.395,13370.3125,100,255,10001,"[0, 100000]","[0, 100000]",0,0,11474,26171
yolov8x_training,3867.716101,74,135.258,13370.3125,71,225,10001,"[0, 100000]","[0, 100000]",0,0,1416,7031
yolov8x_training,3868.758909,75,136.971,13370.3125,97,255,10001,"[0, 100000]","[0, 100000]",0,0,683,2880
yolov8x_training,3869.933292,75,138.412,13370.3125,100,892,10001,"[0, 100000]","[0, 100000]",0,0,11181,29003
yolov8x_training,3870.976057,74,138.166,13370.3125,100,255,10001,"[0, 100000]","[0, 100000]",0,0,1464,7714
yolov8x_training,3872.018880,75,138.740,13370.3125,10,240,10001,"[0, 100000]","[0, 100000]",0,0,585,3173
yolov8x_training,3873.176844,74,137.856,13370.3125,100,225,10001,"[0, 100000]","[0, 100000]",0,0,10693,31542
yolov8x_training,3874.219702,74,136.179,13370.3125,100,270,10001,"[0, 100000]","[0, 100000]",0,0,1416,7666
yolov8x_training,3875.262418,75,137.679,13370.3125,100,255,10001,"[0, 100000]","[0, 100000]",0,0,439,3564
yolov8x_training,3876.395925,75,140.031,13370.3125,86,2130,10001,"[0, 100000]","[0, 100000]",0,0,11425,27783
yolov8x_training,3877.438622,73,139.527,13370.3125,100,300,10001,"[0, 100000]","[0, 100000]",0,0,1464,6689
yolov8x_training,3878.481497,75,138.221,13370.3125,100,270,10001,"[0, 100000]","[0, 100000]",0,0,634,4785
yolov8x_training,3879.631821,77,138.470,13370.3125,100,285,10001,"[0, 100000]","[0, 100000]",0,0,11376,27343
yolov8x_training,3880.674634,75,133.980,13370.3125,100,1590,10001,"[0, 100000]","[0, 100000]",0,0,1464,6689
yolov8x_training,3881.717407,75,138.427,13370.3125,96,255,10001,"[0, 100000]","[0, 100000]",0,0,537,3320
yolov8x_training,3882.877605,75,137.640,13370.3125,100,690,10001,"[0, 100000]","[0, 100000]",0,0,11279,28222
yolov8x_training,3883.920395,73,140.184,13370.3125,100,300,10001,"[0, 100000]","[0, 100000]",0,0,1416,7324
yolov8x_training,3884.963153,75,138.625,13370.3125,53,270,10001,"[0, 100000]","[0, 100000]",0,0,830,1464
yolov8x_training,3886.127454,75,139.128,13370.3125,98,240,10001,"[0, 100000]","[0, 100000]",0,0,10937,30566
yolov8x_training,3887.170304,75,135.873,13370.3125,100,2055,10001,"[0, 100000]","[0, 100000]",0,0,1464,5810
yolov8x_training,3888.213307,75,137.491,13370.3125,100,285,10001,"[0, 100000]","[0, 100000]",0,0,2929,81738
yolov8x_training,3889.332196,75,138.806,13370.3125,13,240,10001,"[0, 100000]","[0, 100000]",0,0,11816,24365
yolov8x_training,3890.375163,78,144.284,13370.3125,99,360,10001,"[0, 100000]","[0, 100000]",0,0,1367,7617
yolov8x_training,3891.417850,75,139.708,13370.3125,100,300,10001,"[0, 100000]","[0, 100000]",0,0,585,3173
yolov8x_training,3892.581296,75,139.372,13370.3125,41,225,10001,"[0, 100000]","[0, 100000]",0,0,10351,34130
yolov8x_training,3893.624194,75,138.715,13370.3125,100,1380,10001,"[0, 100000]","[0, 100000]",0,0,1513,4931
yolov8x_training,3894.667053,75,140.876,13370.3125,100,510,10001,"[0, 100000]","[0, 100000]",0,0,4296,95458
yolov8x_training,3895.792713,74,138.397,13370.3125,100,270,10001,"[0, 100000]","[0, 100000]",0,0,11279,28515
yolov8x_training,3896.835541,75,138.425,13370.3125,71,300,10001,"[0, 100000]","[0, 100000]",0,0,1416,6542
yolov8x_training,3897.878629,75,138.875,13370.3125,100,225,10001,"[0, 100000]","[0, 100000]",0,0,1025,46777
yolov8x_training,3898.993840,75,138.471,13370.3125,100,270,10001,"[0, 100000]","[0, 100000]",0,0,9765,38232
yolov8x_training,3900.036786,75,138.138,13370.3125,100,270,10001,"[0, 100000]","[0, 100000]",0,0,1220,6933
yolov8x_training,3901.079504,75,140.323,13370.3125,91,270,10001,"[0, 100000]","[0, 100000]",0,0,830,1464
yolov8x_training,3902.250057,74,138.555,13370.3125,90,225,10001,"[0, 100000]","[0, 100000]",0,0,11376,28027
yolov8x_training,3903.292851,75,138.615,13370.3125,96,255,10001,"[0, 100000]","[0, 100000]",0,0,1513,5761
yolov8x_training,3904.335600,75,137.931,13370.3125,100,270,10001,"[0, 100000]","[0, 100000]",0,0,634,21923
yolov8x_training,3905.501164,75,136.458,13370.3125,51,225,10001,"[0, 100000]","[0, 100000]",0,0,10546,32080
yolov8x_training,3906.543977,75,136.818,13370.3125,96,255,10001,"[0, 100000]","[0, 100000]",0,0,1562,7080
yolov8x_training,3907.586889,75,140.424,13370.3125,100,285,10001,"[0, 100000]","[0, 100000]",0,0,634,23535
yolov8x_training,3908.721916,74,140.680,13370.3125,100,300,10001,"[0, 100000]","[0, 100000]",0,0,11962,23828
yolov8x_training,3909.764843,75,139.251,13370.3125,6,210,10001,"[0, 100000]","[0, 100000]",0,0,1513,6445
yolov8x_training,3910.807606,75,137.476,13370.3125,100,285,10001,"[0, 100000]","[0, 100000]",0,0,537,3320
yolov8x_training,3911.941690,75,134.694,13370.3125,100,720,10001,"[0, 100000]","[0, 100000]",0,0,11767,25439
yolov8x_training,3912.984483,74,137.780,13370.3125,100,270,10001,"[0, 100000]","[0, 100000]",0,0,1464,7861
yolov8x_training,3914.027218,75,139.474,13370.3125,29,240,10001,"[0, 100000]","[0, 100000]",0,0,634,3076
yolov8x_training,3915.189460,73,138.694,13370.3125,100,255,10001,"[0, 100000]","[0, 100000]",0,0,10742,31494
yolov8x_training,3916.232351,75,137.071,13370.3125,100,270,10001,"[0, 100000]","[0, 100000]",0,0,1416,7324
yolov8x_training,3917.275110,75,137.356,13370.3125,100,225,10001,"[0, 100000]","[0, 100000]",0,0,683,2636
yolov8x_training,3918.427542,75,134.164,13370.3125,99,1620,10001,"[0, 100000]","[0, 100000]",0,0,9814,38378
yolov8x_training,3919.470594,74,138.521,13370.3125,98,270,10001,"[0, 100000]","[0, 100000]",0,0,1416,7617
yolov8x_training,3920.513371,75,139.104,13370.3125,100,255,10001,"[0, 100000]","[0, 100000]",0,0,683,26074
yolov8x_training,3921.652430,76,139.136,13370.3125,100,270,10001,"[0, 100000]","[0, 100000]",0,0,11376,26660
yolov8x_training,3922.695167,75,135.033,13370.3125,85,1590,10001,"[0, 100000]","[0, 100000]",0,0,1464,5273
yolov8x_training,3923.737905,75,137.784,13370.3125,98,240,10001,"[0, 100000]","[0, 100000]",0,0,927,34814
yolov8x_training,3924.886048,75,137.722,13370.3125,100,210,10001,"[0, 100000]","[0, 100000]",0,0,11181,29052
yolov8x_training,3925.928818,73,140.282,13370.3125,100,585,10001,"[0, 100000]","[0, 100000]",0,0,1367,6201
yolov8x_training,3926.971726,75,138.642,13370.3125,44,285,10001,"[0, 100000]","[0, 100000]",0,0,927,31689
yolov8x_training,3928.124542,78,138.105,13370.3125,100,255,10001,"[0, 100000]","[0, 100000]",0,0,10693,32324
yolov8x_training,3929.167386,75,138.751,13370.3125,100,2055,10001,"[0, 100000]","[0, 100000]",0,0,1416,7324
yolov8x_training,3930.210133,75,143.265,13370.3125,100,285,10001,"[0, 100000]","[0, 100000]",0,0,488,3222
yolov8x_training,3931.359730,75,138.324,13370.3125,50,210,10001,"[0, 100000]","[0, 100000]",0,0,11962,24609
yolov8x_training,3932.402976,75,139.223,13370.3125,100,300,10001,"[0, 100000]","[0, 100000]",0,0,1464,6494
yolov8x_training,3933.445812,74,139.312,13370.3125,100,300,10001,"[0, 100000]","[0, 100000]",0,0,1220,76367
yolov8x_training,3934.566725,75,136.424,13370.3125,48,240,10001,"[0, 100000]","[0, 100000]",0,0,9765,39208
yolov8x_training,3935.609747,75,136.827,13370.3125,100,225,10001,"[0, 100000]","[0, 100000]",0,0,1171,6787
yolov8x_training,3936.652563,75,139.152,13370.3125,100,630,10001,"[0, 100000]","[0, 100000]",0,0,537,2783
yolov8x_training,3937.796422,74,139.226,13370.3125,100,210,10001,"[0, 100000]","[0, 100000]",0,0,11279,29101
yolov8x_training,3938.839278,75,138.635,13370.3125,23,285,10001,"[0, 100000]","[0, 100000]",0,0,1416,6640
yolov8x_training,3939.882084,75,138.811,13370.3125,97,240,10001,"[0, 100000]","[0, 100000]",0,0,1123,60400
yolov8x_training,3941.019984,75,135.417,13370.3125,100,300,10001,"[0, 100000]","[0, 100000]",0,0,11328,29199
yolov8x_training,3942.062900,75,137.282,13370.3125,100,240,10001,"[0, 100000]","[0, 100000]",0,0,1513,5273
yolov8x_training,3943.105792,75,138.340,13370.3125,17,300,10001,"[0, 100000]","[0, 100000]",0,0,4345,85742
yolov8x_training,3944.254205,74,138.088,13370.3125,100,255,10001,"[0, 100000]","[0, 100000]",0,0,10888,31933
yolov8x_training,3945.297094,75,135.782,13370.3125,100,225,10001,"[0, 100000]","[0, 100000]",0,0,1416,6933
yolov8x_training,3946.339836,75,138.464,13370.3125,100,255,10001,"[0, 100000]","[0, 100000]",0,0,927,1464
yolov8x_training,3947.517232,75,133.801,13370.3125,100,270,10001,"[0, 100000]","[0, 100000]",0,0,10156,38378
yolov8x_training,3948.560192,75,137.609,13370.3125,100,240,10001,"[0, 100000]","[0, 100000]",0,0,1416,6689
yolov8x_training,3949.602952,75,137.500,13370.3125,100,360,10001,"[0, 100000]","[0, 100000]",0,0,683,24218
yolov8x_training,3950.750343,74,138.882,13370.3125,100,225,10001,"[0, 100000]","[0, 100000]",0,0,11425,28027
yolov8x_training,3951.793116,75,136.163,13370.3125,68,255,10001,"[0, 100000]","[0, 100000]",0,0,1464,6445
yolov8x_training,3952.835886,75,138.056,13370.3125,96,270,10001,"[0, 100000]","[0, 100000]",0,0,488,3222
yolov8x_training,3953.995277,75,136.896,13370.3125,100,315,10001,"[0, 100000]","[0, 100000]",0,0,11425,26318
yolov8x_training,3955.038102,75,137.264,13370.3125,100,285,10001,"[0, 100000]","[0, 100000]",0,0,1416,6445
yolov8x_training,3956.080811,75,138.130,13370.3125,26,300,10001,"[0, 100000]","[0, 100000]",0,0,634,24267
yolov8x_training,3957.233759,74,138.102,13370.3125,100,300,10001,"[0, 100000]","[0, 100000]",0,0,10888,30029
yolov8x_training,3958.276539,75,135.362,13370.3125,100,210,10001,"[0, 100000]","[0, 100000]",0,0,1464,5712
yolov8x_training,3959.319340,75,138.092,13370.3125,100,285,10001,"[0, 100000]","[0, 100000]",0,0,1025,41406
yolov8x_training,3960.441264,75,139.160,13370.3125,100,645,10001,"[0, 100000]","[0, 100000]",0,0,11083,28369
yolov8x_training,3961.484185,74,141.127,13370.3125,100,255,10001,"[0, 100000]","[0, 100000]",0,0,1416,8007
yolov8x_training,3962.526896,75,138.816,13370.3125,100,240,10001,"[0, 100000]","[0, 100000]",0,0,390,3076
yolov8x_training,3963.692741,73,138.056,13370.3125,91,225,10001,"[0, 100000]","[0, 100000]",0,0,10107,38720
yolov8x_training,3964.735780,75,136.284,13370.3125,100,285,10001,"[0, 100000]","[0, 100000]",0,0,1416,6689
yolov8x_training,3965.778503,75,137.296,13370.3125,100,225,10001,"[0, 100000]","[0, 100000]",0,0,976,32128
yolov8x_training,3966.916027,75,138.812,13370.3125,100,2100,10001,"[0, 100000]","[0, 100000]",0,0,12646,18115
yolov8x_training,3967.958787,74,142.246,13370.3125,100,285,10001,"[0, 100000]","[0, 100000]",0,0,1611,6835
yolov8x_training,3969.001527,75,138.542,13370.3125,73,255,10001,"[0, 100000]","[0, 100000]",0,0,1074,2392
yolov8x_training,3970.190789,73,138.750,13370.3125,96,255,10001,"[0, 100000]","[0, 100000]",0,0,11230,27832
yolov8x_training,3971.233570,75,137.439,13370.3125,100,210,10001,"[0, 100000]","[0, 100000]",0,0,1416,8007
yolov8x_training,3972.276294,75,137.302,13370.3125,100,225,10001,"[0, 100000]","[0, 100000]",0,0,634,4687
yolov8x_training,3973.449002,75,137.044,13370.3125,100,1935,10001,"[0, 100000]","[0, 100000]",0,0,10644,31982
yolov8x_training,3974.491802,74,141.468,13370.3125,100,255,10001,"[0, 100000]","[0, 100000]",0,0,1416,6640
yolov8x_training,3975.534538,75,138.397,13370.3125,100,270,10001,"[0, 100000]","[0, 100000]",0,0,683,23730
yolov8x_training,3976.709444,73,138.155,13370.3125,91,255,10001,"[0, 100000]","[0, 100000]",0,0,9960,37792
yolov8x_training,3977.752492,75,133.467,13370.3125,95,255,10001,"[0, 100000]","[0, 100000]",0,0,1416,6884
yolov8x_training,3978.795246,75,138.028,13370.3125,98,210,10001,"[0, 100000]","[0, 100000]",0,0,683,2539
yolov8x_training,3979.961646,75,138.348,13370.3125,100,630,10001,"[0, 100000]","[0, 100000]",0,0,11376,26953
yolov8x_training,3981.004498,74,139.595,13370.3125,100,255,10001,"[0, 100000]","[0, 100000]",0,0,1416,7177
yolov8x_training,3982.047247,75,138.595,13370.3125,36,270,10001,"[0, 100000]","[0, 100000]",0,0,634,3955
yolov8x_training,3983.199346,74,138.015,13370.3125,100,225,10001,"[0, 100000]","[0, 100000]",0,0,10742,32519
yolov8x_training,3984.242138,75,134.171,13370.3125,100,270,10001,"[0, 100000]","[0, 100000]",0,0,1513,6689
yolov8x_training,3985.284837,75,138.653,13370.3125,100,255,10001,"[0, 100000]","[0, 100000]",0,0,683,2832
yolov8x_training,3986.435503,75,138.289,13370.3125,39,2160,10001,"[0, 100000]","[0, 100000]",0,0,11376,28515
yolov8x_training,3987.478534,74,142.268,13370.3125,100,315,10001,"[0, 100000]","[0, 100000]",0,0,1416,6494
yolov8x_training,3988.521251,75,138.740,13370.3125,100,210,10001,"[0, 100000]","[0, 100000]",0,0,1123,53613
yolov8x_training,3989.651398,73,139.033,13370.3125,51,285,10001,"[0, 100000]","[0, 100000]",0,0,11425,28515
yolov8x_training,3990.694305,75,138.787,13370.3125,100,1185,10001,"[0, 100000]","[0, 100000]",0,0,1611,7080
yolov8x_training,3991.737095,75,140.184,13370.3125,100,270,10001,"[0, 100000]","[0, 100000]",0,0,976,35400
yolov8x_training,3992.883262,75,137.312,13370.3125,100,2505,10001,"[0, 100000]","[0, 100000]",0,0,10888,30957
yolov8x_training,3993.926064,73,144.147,13370.3125,90,330,10001,"[0, 100000]","[0, 100000]",0,0,1416,7275
yolov8x_training,3994.968762,75,140.205,13370.3125,100,285,10001,"[0, 100000]","[0, 100000]",0,0,927,31640
yolov8x_training,3996.092807,77,138.823,13370.3125,97,255,10001,"[0, 100000]","[0, 100000]",0,0,11132,29101
yolov8x_training,3997.135852,75,137.875,13370.3125,100,2505,10001,"[0, 100000]","[0, 100000]",0,0,1464,6933
yolov8x_training,3998.178624,75,143.051,13370.3125,100,300,10001,"[0, 100000]","[0, 100000]",0,0,634,2832
yolov8x_training,3999.329096,75,138.233,13370.3125,69,210,10001,"[0, 100000]","[0, 100000]",0,0,11132,28662
yolov8x_training,4000.371913,75,137.712,13370.3125,96,300,10001,"[0, 100000]","[0, 100000]",0,0,1464,6787
yolov8x_training,4001.414658,74,138.907,13370.3125,100,300,10001,"[0, 100000]","[0, 100000]",0,0,537,2880
yolov8x_training,4002.586951,75,137.625,13370.3125,33,225,10001,"[0, 100000]","[0, 100000]",0,0,11718,24462
yolov8x_training,4003.629956,75,136.824,13370.3125,100,2505,10001,"[0, 100000]","[0, 100000]",0,0,1464,6933
yolov8x_training,4004.672819,75,143.152,13370.3125,100,315,10001,"[0, 100000]","[0, 100000]",0,0,585,2880
yolov8x_training,4005.838832,75,138.541,13370.3125,100,240,10001,"[0, 100000]","[0, 100000]",0,0,10791,31542
yolov8x_training,4006.881774,73,138.967,13370.3125,52,345,10001,"[0, 100000]","[0, 100000]",0,0,1464,6689
yolov8x_training,4007.924554,74,139.489,13370.3125,100,315,10001,"[0, 100000]","[0, 100000]",0,0,1074,64306
yolov8x_training,4009.063977,75,137.513,13370.3125,100,240,10001,"[0, 100000]","[0, 100000]",0,0,9960,38476
yolov8x_training,4010.107103,75,136.854,13370.3125,100,570,10001,"[0, 100000]","[0, 100000]",0,0,1367,7470
yolov8x_training,4011.149891,75,139.592,13370.3125,81,300,10001,"[0, 100000]","[0, 100000]",0,0,634,2783
yolov8x_training,4012.318959,75,139.243,13370.3125,91,240,10001,"[0, 100000]","[0, 100000]",0,0,11328,29101
yolov8x_training,4013.361744,76,139.237,13370.3125,97,285,10001,"[0, 100000]","[0, 100000]",0,0,1464,6103
yolov8x_training,4014.404728,75,138.878,13370.3125,100,225,10001,"[0, 100000]","[0, 100000]",0,0,976,32470
yolov8x_training,4015.557408,75,136.781,13370.3125,54,210,10001,"[0, 100000]","[0, 100000]",0,0,10791,31445
yolov8x_training,4016.600221,75,137.337,13370.3125,98,210,10001,"[0, 100000]","[0, 100000]",0,0,1513,7324
yolov8x_training,4017.642934,75,138.188,13370.3125,100,615,10001,"[0, 100000]","[0, 100000]",0,0,1074,1464
yolov8x_training,4018.806447,74,140.060,13370.3125,100,255,10001,"[0, 100000]","[0, 100000]",0,0,10791,32666
yolov8x_training,4019.849192,77,138.619,13370.3125,22,315,10001,"[0, 100000]","[0, 100000]",0,0,1269,7666
yolov8x_training,4020.891953,74,139.766,13370.3125,100,240,10001,"[0, 100000]","[0, 100000]",0,0,634,2832
yolov8x_training,4022.027653,75,137.122,13370.3125,100,210,10001,"[0, 100000]","[0, 100000]",0,0,10205,36376
yolov8x_training,4023.070707,75,138.446,13370.3125,100,240,10001,"[0, 100000]","[0, 100000]",0,0,1416,6933
yolov8x_training,4024.113420,75,139.683,13370.3125,51,270,10001,"[0, 100000]","[0, 100000]",0,0,634,2783
yolov8x_training,4025.274461,74,137.640,13370.3125,100,270,10001,"[0, 100000]","[0, 100000]",0,0,10107,37988
yolov8x_training,4026.317475,75,138.687,13370.3125,100,270,10001,"[0, 100000]","[0, 100000]",0,0,1416,7177
yolov8x_training,4027.360265,75,139.073,13370.3125,100,270,10001,"[0, 100000]","[0, 100000]",0,0,683,12500
yolov8x_training,4028.498832,75,134.489,13370.3125,97,225,10001,"[0, 100000]","[0, 100000]",0,0,11230,28271
yolov8x_training,4029.541559,74,138.845,13370.3125,98,240,10001,"[0, 100000]","[0, 100000]",0,0,1513,7421
yolov8x_training,4030.584327,75,138.886,13370.3125,100,285,10001,"[0, 100000]","[0, 100000]",0,0,634,5371
yolov8x_training,4031.722999,73,137.899,13370.3125,100,315,10001,"[0, 100000]","[0, 100000]",0,0,11230,28564
yolov8x_training,4032.765790,74,136.604,13370.3125,62,255,10001,"[0, 100000]","[0, 100000]",0,0,1464,6982
yolov8x_training,4033.808646,75,137.874,13370.3125,97,255,10001,"[0, 100000]","[0, 100000]",0,0,732,2685
yolov8x_training,4034.959958,75,138.748,13370.3125,100,1560,10001,"[0, 100000]","[0, 100000]",0,0,10205,35302
yolov8x_training,4036.002770,73,138.367,13370.3125,100,255,10001,"[0, 100000]","[0, 100000]",0,0,1416,7421
yolov8x_training,4037.045734,74,138.668,13370.3125,43,210,10001,"[0, 100000]","[0, 100000]",0,0,3906,86230
yolov8x_training,4038.171803,75,138.877,13370.3125,97,270,10001,"[0, 100000]","[0, 100000]",0,0,11376,27050
yolov8x_training,4039.214577,75,137.778,13370.3125,100,1080,10001,"[0, 100000]","[0, 100000]",0,0,1367,7714
yolov8x_training,4040.257463,75,137.740,13370.3125,100,240,10001,"[0, 100000]","[0, 100000]",0,0,927,27929
yolov8x_training,4041.409794,75,137.806,13370.3125,21,2490,10001,"[0, 100000]","[0, 100000]",0,0,10107,36230
yolov8x_training,4042.452856,76,141.680,13370.3125,100,270,10001,"[0, 100000]","[0, 100000]",0,0,1318,7031
yolov8x_training,4043.495750,75,139.123,13370.3125,100,285,10001,"[0, 100000]","[0, 100000]",0,0,683,27880
yolov8x_training,4044.627090,75,139.681,13370.3125,48,240,10001,"[0, 100000]","[0, 100000]",0,0,10156,36474
yolov8x_training,4045.669997,75,138.152,13370.3125,100,2280,10001,"[0, 100000]","[0, 100000]",0,0,1367,6250
yolov8x_training,4046.712956,75,140.356,13370.3125,100,315,10001,"[0, 100000]","[0, 100000]",0,0,1220,70458
yolov8x_training,4047.841981,74,139.219,13370.3125,100,240,10001,"[0, 100000]","[0, 100000]",0,0,12011,24609
yolov8x_training,4048.885123,75,139.251,13370.3125,61,285,10001,"[0, 100000]","[0, 100000]",0,0,1464,4638
yolov8x_training,4049.927840,75,138.124,13370.3125,100,315,10001,"[0, 100000]","[0, 100000]",0,0,976,34130
yolov8x_training,4051.081986,75,138.366,13370.3125,100,240,10001,"[0, 100000]","[0, 100000]",0,0,11816,24462
yolov8x_training,4052.124911,75,136.430,13370.3125,100,210,10001,"[0, 100000]","[0, 100000]",0,0,1416,7421
yolov8x_training,4053.167653,75,142.228,13370.3125,100,360,10001,"[0, 100000]","[0, 100000]",0,0,537,2832
yolov8x_training,4054.210595,75,136.109,13370.3125,0,240,10001,"[0, 100000]","[0, 100000]",0,0,341,292
yolov8x_training,4055.298762,73,136.477,13370.3125,100,225,10001,"[0, 100000]","[0, 100000]",0,0,10400,35693
yolov8x_training,4056.342032,75,136.019,13370.3125,95,660,10001,"[0, 100000]","[0, 100000]",0,0,1220,7031
yolov8x_training,4057.384908,75,140.124,13370.3125,100,270,10001,"[0, 100000]","[0, 100000]",0,0,1123,3466
yolov8x_training,4058.427836,75,138.833,13370.3125,100,225,10001,"[0, 100000]","[0, 100000]",0,0,4101,6298
yolov8x_training,4059.612126,75,137.905,13370.3125,100,2505,10001,"[0, 100000]","[0, 100000]",0,0,1464,10791
yolov8x_training,4060.655576,75,139.664,13370.3125,100,285,10001,"[0, 100000]","[0, 100000]",0,0,1074,3759
yolov8x_training,4061.698489,75,138.473,13370.3125,100,270,10001,"[0, 100000]","[0, 100000]",0,0,2832,74072
yolov8x_training,4062.871981,75,141.033,13370.3125,82,375,10001,"[0, 100000]","[0, 100000]",0,0,1171,7080
yolov8x_training,4063.914828,76,140.285,13370.3125,97,270,10001,"[0, 100000]","[0, 100000]",0,0,1074,4052
yolov8x_training,4065.078172,75,139.058,13370.3125,97,225,10001,"[0, 100000]","[0, 100000]",0,0,11474,27050
yolov8x_training,4066.121040,75,139.823,13370.3125,100,210,10001,"[0, 100000]","[0, 100000]",0,0,1367,7568
yolov8x_training,4067.163994,75,142.530,13370.3125,100,270,10001,"[0, 100000]","[0, 100000]",0,0,1074,3222
yolov8x_training,4068.206851,74,137.842,13370.3125,52,210,10001,"[0, 100000]","[0, 100000]",0,0,1611,79589
yolov8x_training,4069.379897,75,139.167,13370.3125,96,315,10001,"[0, 100000]","[0, 100000]",0,0,1806,6933
yolov8x_training,4070.422575,75,140.309,13370.3125,100,285,10001,"[0, 100000]","[0, 100000]",0,0,1025,3808
yolov8x_training,4071.586104,75,139.150,13370.3125,31,240,10001,"[0, 100000]","[0, 100000]",0,0,10644,29882
yolov8x_training,4072.628968,75,138.377,13370.3125,100,390,10001,"[0, 100000]","[0, 100000]",0,0,1611,6835
yolov8x_training,4073.672225,75,140.085,13370.3125,100,285,10001,"[0, 100000]","[0, 100000]",0,0,1025,4052
yolov8x_training,4074.844209,74,138.733,13370.3125,100,255,10001,"[0, 100000]","[0, 100000]",0,0,10253,37451
yolov8x_training,4075.887182,75,138.497,13370.3125,72,360,10001,"[0, 100000]","[0, 100000]",0,0,1367,6640
yolov8x_training,4076.930217,75,139.217,13370.3125,100,300,10001,"[0, 100000]","[0, 100000]",0,0,488,2880
yolov8x_training,4078.056763,75,138.392,13370.3125,100,210,10001,"[0, 100000]","[0, 100000]",0,0,9912,37841
yolov8x_training,4079.099679,75,138.584,13370.3125,100,255,10001,"[0, 100000]","[0, 100000]",0,0,1416,6640
yolov8x_training,4080.142406,75,137.356,13370.3125,100,525,10001,"[0, 100000]","[0, 100000]",0,0,927,1513
yolov8x_training,4081.301154,74,139.210,13370.3125,100,285,10001,"[0, 100000]","[0, 100000]",0,0,10498,33251
yolov8x_training,4082.343955,75,138.416,13370.3125,96,210,10001,"[0, 100000]","[0, 100000]",0,0,1464,5761
yolov8x_training,4083.386815,75,139.251,13370.3125,100,210,10001,"[0, 100000]","[0, 100000]",0,0,439,2783
yolov8x_training,4084.485355,75,135.732,13370.3125,81,240,10001,"[0, 100000]","[0, 100000]",0,0,11572,25732
yolov8x_training,4085.528138,74,138.376,13370.3125,97,225,10001,"[0, 100000]","[0, 100000]",0,0,1513,6494
yolov8x_training,4086.571321,75,139.280,13370.3125,100,300,10001,"[0, 100000]","[0, 100000]",0,0,976,1318
yolov8x_training,4087.720385,73,138.910,13370.3125,100,285,10001,"[0, 100000]","[0, 100000]",0,0,10058,37597
yolov8x_training,4088.763390,75,137.226,13370.3125,44,255,10001,"[0, 100000]","[0, 100000]",0,0,1416,7714
yolov8x_training,4089.806266,75,137.378,13370.3125,100,270,10001,"[0, 100000]","[0, 100000]",0,0,1025,1806
yolov8x_training,4090.953532,75,137.983,13370.3125,100,1605,10001,"[0, 100000]","[0, 100000]",0,0,11230,28320
yolov8x_training,4091.996306,74,137.631,13370.3125,100,255,10001,"[0, 100000]","[0, 100000]",0,0,1416,6396
yolov8x_training,4093.039052,75,138.769,13370.3125,19,255,10001,"[0, 100000]","[0, 100000]",0,0,439,2832
yolov8x_training,4094.173561,75,139.292,13370.3125,97,285,10001,"[0, 100000]","[0, 100000]",0,0,9863,40234
yolov8x_training,4095.216786,76,133.945,13370.3125,100,630,10001,"[0, 100000]","[0, 100000]",0,0,1367,6738
yolov8x_training,4096.259993,75,137.826,13370.3125,100,240,10001,"[0, 100000]","[0, 100000]",0,0,683,2490
yolov8x_training,4097.397749,75,138.149,13370.3125,31,210,10001,"[0, 100000]","[0, 100000]",0,0,11328,28320
yolov8x_training,4098.440526,76,142.100,13370.3125,100,660,10001,"[0, 100000]","[0, 100000]",0,0,1660,4589
yolov8x_training,4099.483565,74,139.146,13370.3125,100,270,10001,"[0, 100000]","[0, 100000]",0,0,878,1367
yolov8x_training,4100.575161,75,139.122,13370.3125,32,225,10001,"[0, 100000]","[0, 100000]",0,0,10839,30175
yolov8x_training,4101.617958,75,138.233,13370.3125,100,210,10001,"[0, 100000]","[0, 100000]",0,0,1123,7275
yolov8x_training,4102.660743,75,141.701,13370.3125,100,285,10001,"[0, 100000]","[0, 100000]",0,0,1318,927
yolov8x_training,4103.812260,75,138.597,13370.3125,100,225,10001,"[0, 100000]","[0, 100000]",0,0,11132,28710
yolov8x_training,4104.855023,75,138.874,13370.3125,51,210,10001,"[0, 100000]","[0, 100000]",0,0,1367,7519
yolov8x_training,4105.897716,75,138.440,13370.3125,100,315,10001,"[0, 100000]","[0, 100000]",0,0,976,2783
yolov8x_training,4107.053251,75,139.272,13370.3125,100,210,10001,"[0, 100000]","[0, 100000]",0,0,10107,34521
yolov8x_training,4108.096062,75,139.284,13370.3125,100,255,10001,"[0, 100000]","[0, 100000]",0,0,1416,7080
yolov8x_training,4109.138817,75,141.420,13370.3125,100,450,10001,"[0, 100000]","[0, 100000]",0,0,1074,1611
yolov8x_training,4110.273934,74,139.262,13370.3125,82,255,10001,"[0, 100000]","[0, 100000]",0,0,11279,29199
yolov8x_training,4111.316950,75,139.127,13370.3125,97,255,10001,"[0, 100000]","[0, 100000]",0,0,1416,6640
yolov8x_training,4112.359766,75,139.210,13370.3125,100,270,10001,"[0, 100000]","[0, 100000]",0,0,732,2490
yolov8x_training,4113.470383,75,135.480,13370.3125,83,1035,10001,"[0, 100000]","[0, 100000]",0,0,11083,30566
yolov8x_training,4114.513430,74,138.049,13370.3125,96,240,10001,"[0, 100000]","[0, 100000]",0,0,1220,6933
yolov8x_training,4115.556142,75,138.315,13370.3125,100,315,10001,"[0, 100000]","[0, 100000]",0,0,927,3906
yolov8x_training,4116.598960,74,139.454,13370.3125,100,315,10001,"[0, 100000]","[0, 100000]",0,0,1513,66406
yolov8x_training,4117.772105,75,138.677,13370.3125,19,240,10001,"[0, 100000]","[0, 100000]",0,0,1367,7861
yolov8x_training,4118.814814,75,139.182,13370.3125,100,270,10001,"[0, 100000]","[0, 100000]",0,0,1269,927
yolov8x_training,4119.961150,75,133.857,13370.3125,100,1395,10001,"[0, 100000]","[0, 100000]",0,0,11767,26269
yolov8x_training,4121.004249,74,138.813,13370.3125,100,270,10001,"[0, 100000]","[0, 100000]",0,0,1416,7861
yolov8x_training,4122.047020,75,138.230,13370.3125,46,315,10001,"[0, 100000]","[0, 100000]",0,0,1074,3320
yolov8x_training,4123.195085,74,139.012,13370.3125,100,255,10001,"[0, 100000]","[0, 100000]",0,0,11474,26660
yolov8x_training,4124.237771,74,136.769,13370.3125,100,210,10001,"[0, 100000]","[0, 100000]",0,0,1513,6835
yolov8x_training,4125.280677,75,138.122,13370.3125,100,240,10001,"[0, 100000]","[0, 100000]",0,0,439,3027
yolov8x_training,4126.418921,75,138.815,13370.3125,52,2505,10001,"[0, 100000]","[0, 100000]",0,0,11621,25732
yolov8x_training,4127.461596,74,139.594,13370.3125,100,270,10001,"[0, 100000]","[0, 100000]",0,0,1416,7080
yolov8x_training,4128.504371,75,138.288,13370.3125,100,255,10001,"[0, 100000]","[0, 100000]",0,0,1025,2978
yolov8x_training,4129.661369,76,139.392,13370.3125,100,285,10001,"[0, 100000]","[0, 100000]",0,0,10107,38671
yolov8x_training,4130.704324,75,134.263,13370.3125,86,1380,10001,"[0, 100000]","[0, 100000]",0,0,1367,6787
yolov8x_training,4131.747100,75,137.038,13370.3125,98,300,10001,"[0, 100000]","[0, 100000]",0,0,927,3320
yolov8x_training,4132.921314,75,138.041,13370.3125,100,2505,10001,"[0, 100000]","[0, 100000]",0,0,10937,30078
yolov8x_training,4133.963994,74,140.083,13370.3125,100,300,10001,"[0, 100000]","[0, 100000]",0,0,1318,6640
yolov8x_training,4135.006759,75,138.428,13370.3125,15,210,10001,"[0, 100000]","[0, 100000]",0,0,1074,1318
yolov8x_training,4136.159202,78,139.177,13370.3125,100,285,10001,"[0, 100000]","[0, 100000]",0,0,11376,29199
yolov8x_training,4137.201903,75,134.651,13370.3125,100,1395,10001,"[0, 100000]","[0, 100000]",0,0,1416,7421
yolov8x_training,4138.244697,75,137.887,13370.3125,100,240,10001,"[0, 100000]","[0, 100000]",0,0,1123,1708
yolov8x_training,4139.385478,75,139.318,13370.3125,51,1425,10001,"[0, 100000]","[0, 100000]",0,0,10839,30322
yolov8x_training,4140.428157,74,141.300,13370.3125,100,540,10001,"[0, 100000]","[0, 100000]",0,0,1416,6982
yolov8x_training,4141.470927,75,139.111,13370.3125,100,270,10001,"[0, 100000]","[0, 100000]",0,0,781,1513
yolov8x_training,4142.616362,75,137.610,13370.3125,76,255,10001,"[0, 100000]","[0, 100000]",0,0,10644,32080
yolov8x_training,4143.659019,75,139.781,13370.3125,100,2445,10001,"[0, 100000]","[0, 100000]",0,0,1611,5761
yolov8x_training,4144.701905,75,139.501,13370.3125,100,270,10001,"[0, 100000]","[0, 100000]",0,0,732,2343
yolov8x_training,4145.835644,75,137.627,13370.3125,100,255,10001,"[0, 100000]","[0, 100000]",0,0,10058,37890
yolov8x_training,4146.878418,76,140.287,13370.3125,92,360,10001,"[0, 100000]","[0, 100000]",0,0,1367,7910
yolov8x_training,4147.921160,74,139.886,13370.3125,86,300,10001,"[0, 100000]","[0, 100000]",0,0,976,1513
yolov8x_training,4149.076470,75,139.128,13370.3125,98,225,10001,"[0, 100000]","[0, 100000]",0,0,10888,31933
yolov8x_training,4150.119094,75,138.754,13370.3125,100,210,10001,"[0, 100000]","[0, 100000]",0,0,1513,5908
yolov8x_training,4151.162126,75,140.983,13370.3125,100,495,10001,"[0, 100000]","[0, 100000]",0,0,1025,1708
yolov8x_training,4152.333169,75,138.431,13370.3125,51,285,10001,"[0, 100000]","[0, 100000]",0,0,10791,32080
yolov8x_training,4153.375784,75,139.298,13370.3125,97,285,10001,"[0, 100000]","[0, 100000]",0,0,1367,7177
yolov8x_training,4154.418571,74,138.240,13370.3125,100,300,10001,"[0, 100000]","[0, 100000]",0,0,1123,2050
yolov8x_training,4155.589436,75,139.114,13370.3125,36,240,10001,"[0, 100000]","[0, 100000]",0,0,10156,38671
yolov8x_training,4156.632433,75,137.880,13370.3125,100,210,10001,"[0, 100000]","[0, 100000]",0,0,1367,7861
yolov8x_training,4157.675217,75,138.100,13370.3125,100,270,10001,"[0, 100000]","[0, 100000]",0,0,1025,3613
yolov8x_training,4158.828583,75,140.160,13370.3125,100,270,10001,"[0, 100000]","[0, 100000]",0,0,11425,29101
yolov8x_training,4159.871352,75,138.912,13370.3125,90,300,10001,"[0, 100000]","[0, 100000]",0,0,1416,6591
yolov8x_training,4160.914091,75,139.096,13370.3125,100,300,10001,"[0, 100000]","[0, 100000]",0,0,830,1513
yolov8x_training,4162.041024,75,134.492,13370.3125,97,210,10001,"[0, 100000]","[0, 100000]",0,0,10742,31787
yolov8x_training,4163.084078,75,138.794,13370.3125,100,240,10001,"[0, 100000]","[0, 100000]",0,0,1367,7275
yolov8x_training,4164.126980,75,137.442,13370.3125,41,540,10001,"[0, 100000]","[0, 100000]",0,0,1074,4052
yolov8x_training,4165.289357,75,139.108,13370.3125,100,270,10001,"[0, 100000]","[0, 100000]",0,0,10156,37353
yolov8x_training,4166.332277,75,137.018,13370.3125,100,315,10001,"[0, 100000]","[0, 100000]",0,0,1416,7177
yolov8x_training,4167.375042,75,139.393,13370.3125,100,255,10001,"[0, 100000]","[0, 100000]",0,0,976,2685
yolov8x_training,4168.538895,75,137.781,13370.3125,100,270,10001,"[0, 100000]","[0, 100000]",0,0,11181,28662
yolov8x_training,4169.581791,75,137.777,13370.3125,100,285,10001,"[0, 100000]","[0, 100000]",0,0,1416,7568
yolov8x_training,4170.624557,75,138.410,13370.3125,100,330,10001,"[0, 100000]","[0, 100000]",0,0,976,1513
yolov8x_training,4171.767365,74,138.881,13370.3125,100,270,10001,"[0, 100000]","[0, 100000]",0,0,10205,37646
yolov8x_training,4172.810268,75,136.477,13370.3125,72,210,10001,"[0, 100000]","[0, 100000]",0,0,1904,7373
yolov8x_training,4173.854516,75,137.565,13370.3125,98,315,10001,"[0, 100000]","[0, 100000]",0,0,878,4003
yolov8x_training,4174.897261,75,134.205,13370.3125,100,210,10001,"[0, 100000]","[0, 100000]",0,0,1123,6738
yolov8x_training,4176.077957,75,137.244,13370.3125,100,270,10001,"[0, 100000]","[0, 100000]",0,0,1171,13427
yolov8x_training,4177.120799,75,138.938,13370.3125,91,375,10001,"[0, 100000]","[0, 100000]",0,0,1074,3808
yolov8x_training,4178.311291,75,140.037,13370.3125,100,270,10001,"[0, 100000]","[0, 100000]",0,0,11181,29394
yolov8x_training,4179.354183,75,138.075,13370.3125,100,210,10001,"[0, 100000]","[0, 100000]",0,0,1464,5908
yolov8x_training,4180.397110,75,139.257,13370.3125,100,210,10001,"[0, 100000]","[0, 100000]",0,0,878,1464
yolov8x_training,4181.516111,75,137.018,13370.3125,100,270,10001,"[0, 100000]","[0, 100000]",0,0,11767,25000
yolov8x_training,4182.558901,75,137.534,13370.3125,97,285,10001,"[0, 100000]","[0, 100000]",0,0,1416,7812
yolov8x_training,4183.601704,75,138.723,13370.3125,100,285,10001,"[0, 100000]","[0, 100000]",0,0,1025,3759
yolov8x_training,4184.752052,74,139.615,13370.3125,100,300,10001,"[0, 100000]","[0, 100000]",0,0,10009,38623
yolov8x_training,4185.795491,75,135.634,13370.3125,87,240,10001,"[0, 100000]","[0, 100000]",0,0,1416,6884
yolov8x_training,4186.838253,75,137.932,13370.3125,97,255,10001,"[0, 100000]","[0, 100000]",0,0,1074,4101
yolov8x_training,4188.004328,75,138.986,13370.3125,100,210,10001,"[0, 100000]","[0, 100000]",0,0,11328,29150
yolov8x_training,4189.047142,75,139.787,13370.3125,100,255,10001,"[0, 100000]","[0, 100000]",0,0,1416,6738
yolov8x_training,4190.090264,75,137.154,13370.3125,11,375,10001,"[0, 100000]","[0, 100000]",0,0,976,2929
yolov8x_training,4191.262287,74,139.415,13370.3125,100,315,10001,"[0, 100000]","[0, 100000]",0,0,10107,37646
yolov8x_training,4192.305149,75,135.105,13370.3125,100,270,10001,"[0, 100000]","[0, 100000]",0,0,1318,8007
yolov8x_training,4193.347910,75,137.834,13370.3125,100,270,10001,"[0, 100000]","[0, 100000]",0,0,976,3369
yolov8x_training,4194.531348,75,138.378,13370.3125,100,315,10001,"[0, 100000]","[0, 100000]",0,0,11083,30468
yolov8x_training,4195.574284,75,138.025,13370.3125,100,210,10001,"[0, 100000]","[0, 100000]",0,0,1464,6591
yolov8x_training,4196.617302,75,137.749,13370.3125,100,375,10001,"[0, 100000]","[0, 100000]",0,0,1171,585
yolov8x_training,4197.778628,74,139.705,13370.3125,100,270,10001,"[0, 100000]","[0, 100000]",0,0,10937,29589
yolov8x_training,4198.821551,75,136.158,13370.3125,62,210,10001,"[0, 100000]","[0, 100000]",0,0,1513,5371
yolov8x_training,4199.864465,75,138.190,13370.3125,97,270,10001,"[0, 100000]","[0, 100000]",0,0,683,2197
yolov8x_training,4200.996446,75,139.720,13370.3125,100,645,10001,"[0, 100000]","[0, 100000]",0,0,11376,29150
yolov8x_training,4202.039253,74,140.065,13370.3125,100,240,10001,"[0, 100000]","[0, 100000]",0,0,1416,5712
yolov8x_training,4203.082108,75,139.374,13370.3125,22,225,10001,"[0, 100000]","[0, 100000]",0,0,585,2539
yolov8x_training,4204.186977,73,139.023,13370.3125,97,270,10001,"[0, 100000]","[0, 100000]",0,0,11279,28515
yolov8x_training,4205.229825,75,139.672,13370.3125,100,825,10001,"[0, 100000]","[0, 100000]",0,0,1367,6494
yolov8x_training,4206.272640,75,139.129,13370.3125,100,240,10001,"[0, 100000]","[0, 100000]",0,0,1171,634
yolov8x_training,4207.407833,75,138.869,13370.3125,22,2295,10001,"[0, 100000]","[0, 100000]",0,0,11083,29980
yolov8x_training,4208.450897,73,141.747,13370.3125,96,495,10001,"[0, 100000]","[0, 100000]",0,0,1367,6982
yolov8x_training,4209.493690,75,139.705,13370.3125,100,270,10001,"[0, 100000]","[0, 100000]",0,0,1220,830
yolov8x_training,4210.645321,76,138.547,13370.3125,32,255,10001,"[0, 100000]","[0, 100000]",0,0,11328,28955
yolov8x_training,4211.688570,74,138.614,13370.3125,100,2190,10001,"[0, 100000]","[0, 100000]",0,0,1367,6933
yolov8x_training,4212.731386,75,142.736,13370.3125,100,255,10001,"[0, 100000]","[0, 100000]",0,0,1123,1269
yolov8x_training,4213.881765,75,138.262,13370.3125,100,225,10001,"[0, 100000]","[0, 100000]",0,0,9912,38330
yolov8x_training,4214.924968,73,138.634,13370.3125,59,555,10001,"[0, 100000]","[0, 100000]",0,0,1416,6835
yolov8x_training,4215.967741,75,139.934,13370.3125,100,270,10001,"[0, 100000]","[0, 100000]",0,0,1123,537
yolov8x_training,4217.132616,76,138.802,13370.3125,100,240,10001,"[0, 100000]","[0, 100000]",0,0,10107,37744
yolov8x_training,4218.175612,75,138.496,13370.3125,100,2460,10001,"[0, 100000]","[0, 100000]",0,0,1416,6591
yolov8x_training,4219.218438,75,142.730,13370.3125,100,285,10001,"[0, 100000]","[0, 100000]",0,0,1123,1660
yolov8x_training,4220.364003,75,138.638,13370.3125,56,225,10001,"[0, 100000]","[0, 100000]",0,0,11621,26025
yolov8x_training,4221.406893,76,138.903,13370.3125,96,360,10001,"[0, 100000]","[0, 100000]",0,0,1464,6445
yolov8x_training,4222.449658,75,138.463,13370.3125,100,270,10001,"[0, 100000]","[0, 100000]",0,0,1025,1513
yolov8x_training,4223.594325,75,137.842,13370.3125,37,225,10001,"[0, 100000]","[0, 100000]",0,0,10009,37695
yolov8x_training,4224.637229,75,138.682,13370.3125,97,2265,10001,"[0, 100000]","[0, 100000]",0,0,1416,6689
yolov8x_training,4225.679937,75,141.380,13370.3125,100,270,10001,"[0, 100000]","[0, 100000]",0,0,1220,878
yolov8x_training,4226.830609,74,139.718,13370.3125,100,270,10001,"[0, 100000]","[0, 100000]",0,0,10546,35058
yolov8x_training,4227.873381,77,139.504,13370.3125,15,270,10001,"[0, 100000]","[0, 100000]",0,0,1416,6494
yolov8x_training,4228.916397,74,137.708,13370.3125,100,300,10001,"[0, 100000]","[0, 100000]",0,0,1123,1757
yolov8x_training,4230.053281,75,136.583,13370.3125,100,240,10001,"[0, 100000]","[0, 100000]",0,0,9814,38476
yolov8x_training,4231.096232,75,138.113,13370.3125,100,240,10001,"[0, 100000]","[0, 100000]",0,0,1123,7031
yolov8x_training,4232.139083,75,139.135,13370.3125,85,525,10001,"[0, 100000]","[0, 100000]",0,0,1074,1611
yolov8x_training,4233.298060,74,139.573,13370.3125,100,240,10001,"[0, 100000]","[0, 100000]",0,0,11230,27783
yolov8x_training,4234.341201,75,137.493,13370.3125,100,240,10001,"[0, 100000]","[0, 100000]",0,0,1367,6445
yolov8x_training,4235.384037,75,138.276,13370.3125,100,225,10001,"[0, 100000]","[0, 100000]",0,0,1123,1171
yolov8x_training,4236.546767,75,133.799,13370.3125,93,300,10001,"[0, 100000]","[0, 100000]",0,0,11230,29052
yolov8x_training,4237.589638,75,138.378,13370.3125,97,225,10001,"[0, 100000]","[0, 100000]",0,0,1464,6396
yolov8x_training,4238.632452,75,137.926,13370.3125,100,405,10001,"[0, 100000]","[0, 100000]",0,0,1123,683
yolov8x_training,4239.778633,74,138.915,13370.3125,100,270,10001,"[0, 100000]","[0, 100000]",0,0,11376,29052
yolov8x_training,4240.821515,75,137.420,13370.3125,46,240,10001,"[0, 100000]","[0, 100000]",0,0,1416,7568
yolov8x_training,4241.864277,75,136.819,13370.3125,100,255,10001,"[0, 100000]","[0, 100000]",0,0,1074,2734
yolov8x_training,4243.020750,75,133.850,13370.3125,100,210,10001,"[0, 100000]","[0, 100000]",0,0,11816,26074
yolov8x_training,4244.063790,74,138.040,13370.3125,100,285,10001,"[0, 100000]","[0, 100000]",0,0,1367,7031
yolov8x_training,4245.106606,75,138.800,13370.3125,51,375,10001,"[0, 100000]","[0, 100000]",0,0,1074,3466
yolov8x_training,4246.284321,74,138.967,13370.3125,100,270,10001,"[0, 100000]","[0, 100000]",0,0,11181,28906
yolov8x_training,4247.327191,75,136.913,13370.3125,100,210,10001,"[0, 100000]","[0, 100000]",0,0,1464,5664
yolov8x_training,4248.370064,75,138.729,13370.3125,100,285,10001,"[0, 100000]","[0, 100000]",0,0,634,2294
yolov8x_training,4249.504238,75,138.461,13370.3125,100,1305,10001,"[0, 100000]","[0, 100000]",0,0,11328,29150
yolov8x_training,4250.547062,74,138.301,13370.3125,100,240,10001,"[0, 100000]","[0, 100000]",0,0,1416,5712
yolov8x_training,4251.589847,75,138.508,13370.3125,100,225,10001,"[0, 100000]","[0, 100000]",0,0,634,2539
yolov8x_training,4252.721829,74,139.546,13370.3125,100,255,10001,"[0, 100000]","[0, 100000]",0,0,10449,33789
yolov8x_training,4253.764641,74,134.119,13370.3125,91,210,10001,"[0, 100000]","[0, 100000]",0,0,1220,6933
yolov8x_training,4254.807441,75,137.006,13370.3125,97,285,10001,"[0, 100000]","[0, 100000]",0,0,1074,3906
yolov8x_training,4255.988624,75,138.460,13370.3125,100,2040,10001,"[0, 100000]","[0, 100000]",0,0,10058,37402
yolov8x_training,4257.031762,73,140.488,13370.3125,100,255,10001,"[0, 100000]","[0, 100000]",0,0,1367,6640
yolov8x_training,4258.074652,75,137.092,13370.3125,12,300,10001,"[0, 100000]","[0, 100000]",0,0,1171,537
yolov8x_training,4259.212278,76,139.666,13370.3125,100,255,10001,"[0, 100000]","[0, 100000]",0,0,10009,38720
yolov8x_training,4260.255194,75,134.197,13370.3125,100,210,10001,"[0, 100000]","[0, 100000]",0,0,1367,7568
yolov8x_training,4261.297992,75,137.478,13370.3125,100,255,10001,"[0, 100000]","[0, 100000]",0,0,1123,3320
yolov8x_training,4262.446235,75,139.767,13370.3125,51,2190,10001,"[0, 100000]","[0, 100000]",0,0,11328,27636
yolov8x_training,4263.489122,73,140.914,13370.3125,100,270,10001,"[0, 100000]","[0, 100000]",0,0,1513,5468
yolov8x_training,4264.532041,75,138.855,13370.3125,100,210,10001,"[0, 100000]","[0, 100000]",0,0,439,2929
yolov8x_training,4265.665505,75,137.887,13370.3125,71,285,10001,"[0, 100000]","[0, 100000]",0,0,11376,28515
yolov8x_training,4266.708310,75,139.697,13370.3125,100,1830,10001,"[0, 100000]","[0, 100000]",0,0,1464,7031
yolov8x_training,4267.751250,75,138.202,13370.3125,100,270,10001,"[0, 100000]","[0, 100000]",0,0,488,2880
yolov8x_training,4268.861195,74,139.283,13370.3125,100,225,10001,"[0, 100000]","[0, 100000]",0,0,10400,34326
yolov8x_training,4269.904089,75,138.114,13370.3125,59,375,10001,"[0, 100000]","[0, 100000]",0,0,1416,7958
yolov8x_training,4270.946947,75,138.198,13370.3125,100,270,10001,"[0, 100000]","[0, 100000]",0,0,1074,1318
yolov8x_training,4272.093887,75,138.895,13370.3125,100,240,10001,"[0, 100000]","[0, 100000]",0,0,11572,26708
yolov8x_training,4273.136663,75,138.814,13370.3125,100,225,10001,"[0, 100000]","[0, 100000]",0,0,1367,6494
yolov8x_training,4274.179510,75,138.488,13370.3125,99,510,10001,"[0, 100000]","[0, 100000]",0,0,634,2294
yolov8x_training,4275.297329,73,139.906,13370.3125,100,270,10001,"[0, 100000]","[0, 100000]",0,0,10107,37109
yolov8x_training,4276.340424,75,137.944,13370.3125,100,240,10001,"[0, 100000]","[0, 100000]",0,0,1513,5761
yolov8x_training,4277.383158,75,138.852,13370.3125,100,255,10001,"[0, 100000]","[0, 100000]",0,0,634,2539
yolov8x_training,4278.498323,75,133.621,13370.3125,100,225,10001,"[0, 100000]","[0, 100000]",0,0,9570,38916
yolov8x_training,4279.541181,73,137.894,13370.3125,97,285,10001,"[0, 100000]","[0, 100000]",0,0,1269,7080
yolov8x_training,4280.583903,75,139.196,13370.3125,100,315,10001,"[0, 100000]","[0, 100000]",0,0,1074,1660
yolov8x_training,4281.733343,77,139.886,13370.3125,100,225,10001,"[0, 100000]","[0, 100000]",0,0,11718,25000
yolov8x_training,4282.776439,74,134.438,13370.3125,92,270,10001,"[0, 100000]","[0, 100000]",0,0,1464,6933
yolov8x_training,4283.819167,75,138.177,13370.3125,97,255,10001,"[0, 100000]","[0, 100000]",0,0,878,1464
yolov8x_training,4284.951469,74,138.309,13370.3125,100,2385,10001,"[0, 100000]","[0, 100000]",0,0,11230,28466
yolov8x_training,4285.994249,75,140.711,13370.3125,100,285,10001,"[0, 100000]","[0, 100000]",0,0,1367,7568
yolov8x_training,4287.037013,75,138.117,13370.3125,31,255,10001,"[0, 100000]","[0, 100000]",0,0,1123,2197
yolov8x_training,4288.192603,75,138.861,13370.3125,97,285,10001,"[0, 100000]","[0, 100000]",0,0,9863,37792
yolov8x_training,4289.235526,75,137.810,13370.3125,100,1770,10001,"[0, 100000]","[0, 100000]",0,0,1513,5908
yolov8x_training,4290.278593,75,138.409,13370.3125,100,240,10001,"[0, 100000]","[0, 100000]",0,0,683,2587
yolov8x_training,4291.394446,74,139.223,13370.3125,17,210,10001,"[0, 100000]","[0, 100000]",0,0,11181,29052
yolov8x_training,4292.437267,75,142.708,13370.3125,96,585,10001,"[0, 100000]","[0, 100000]",0,0,1220,7031
yolov8x_training,4293.480025,74,138.309,13370.3125,100,285,10001,"[0, 100000]","[0, 100000]",0,0,1123,3955
yolov8x_training,4294.648370,75,138.965,13370.3125,47,210,10001,"[0, 100000]","[0, 100000]",0,0,11035,29492
yolov8x_training,4295.691236,75,138.090,13370.3125,100,2505,10001,"[0, 100000]","[0, 100000]",0,0,1464,6445
yolov8x_training,4296.734053,75,141.558,13370.3125,100,270,10001,"[0, 100000]","[0, 100000]",0,0,634,2294
yolov8x_training,4297.823796,74,138.888,13370.3125,100,210,10001,"[0, 100000]","[0, 100000]",0,0,11279,28515
yolov8x_training,4298.866583,75,138.866,13370.3125,28,225,10001,"[0, 100000]","[0, 100000]",0,0,1562,6054
yolov8x_training,4299.909506,75,139.620,13370.3125,100,240,10001,"[0, 100000]","[0, 100000]",0,0,537,2587
yolov8x_training,4301.013535,75,135.530,13370.3125,100,225,10001,"[0, 100000]","[0, 100000]",0,0,10693,31884
yolov8x_training,4302.056253,74,137.814,13370.3125,100,285,10001,"[0, 100000]","[0, 100000]",0,0,1220,7812
yolov8x_training,4303.099005,74,138.819,13370.3125,61,345,10001,"[0, 100000]","[0, 100000]",0,0,1074,4003
yolov8x_training,4304.141783,74,134.168,13370.3125,52,210,10001,"[0, 100000]","[0, 100000]",0,0,341,292
yolov8x_training,4305.316547,73,134.913,13370.3125,100,225,10001,"[0, 100000]","[0, 100000]",0,0,10205,37304
yolov8x_training,4306.359653,74,136.433,13370.3125,95,300,10001,"[0, 100000]","[0, 100000]",0,0,1171,4199
yolov8x_training,4307.402594,74,138.907,13370.3125,100,285,10001,"[0, 100000]","[0, 100000]",0,0,1318,3027
yolov8x_training,4308.445476,75,138.831,13370.3125,100,210,10001,"[0, 100000]","[0, 100000]",0,0,90576,13867
yolov8x_training,4309.488897,74,138.423,13370.3125,100,2235,10001,"[0, 100000]","[0, 100000]",0,0,4736,10302
yolov8x_training,4310.531806,73,139.981,13370.3125,100,270,10001,"[0, 100000]","[0, 100000]",0,0,1318,5273
yolov8x_training,4311.574639,75,138.441,13370.3125,100,255,10001,"[0, 100000]","[0, 100000]",0,0,439,292
yolov8x_training,4312.702082,75,138.610,13370.3125,98,240,10001,"[0, 100000]","[0, 100000]",0,0,10205,36376
yolov8x_training,4313.745296,75,133.239,13370.3125,100,825,10001,"[0, 100000]","[0, 100000]",0,0,1562,5761
yolov8x_training,4314.788266,75,137.715,13370.3125,97,225,10001,"[0, 100000]","[0, 100000]",0,0,1074,732
yolov8x_training,4315.941499,74,136.668,13370.3125,100,2505,10001,"[0, 100000]","[0, 100000]",0,0,10009,36376
yolov8x_training,4316.984371,74,140.788,13370.3125,100,270,10001,"[0, 100000]","[0, 100000]",0,0,1464,5957
yolov8x_training,4318.027274,74,138.878,13370.3125,65,300,10001,"[0, 100000]","[0, 100000]",0,0,1074,781
yolov8x_training,4319.180493,75,138.802,13370.3125,97,255,10001,"[0, 100000]","[0, 100000]",0,0,10205,32714
yolov8x_training,4320.223505,75,136.410,13370.3125,100,1710,10001,"[0, 100000]","[0, 100000]",0,0,1562,5712
yolov8x_training,4321.266285,75,139.427,13370.3125,100,300,10001,"[0, 100000]","[0, 100000]",0,0,781,341
yolov8x_training,4322.368656,74,138.387,13370.3125,44,240,10001,"[0, 100000]","[0, 100000]",0,0,10253,36035
yolov8x_training,4323.411623,75,140.658,13370.3125,96,315,10001,"[0, 100000]","[0, 100000]",0,0,1416,6738
yolov8x_training,4324.454380,75,139.607,13370.3125,100,300,10001,"[0, 100000]","[0, 100000]",0,0,439,2929
yolov8x_training,4325.607066,75,139.221,13370.3125,20,240,10001,"[0, 100000]","[0, 100000]",0,0,11621,24072
yolov8x_training,4326.649814,75,137.853,13370.3125,100,285,10001,"[0, 100000]","[0, 100000]",0,0,1367,7617
yolov8x_training,4327.692565,75,142.888,13370.3125,100,510,10001,"[0, 100000]","[0, 100000]",0,0,634,2392
yolov8x_training,4328.837961,74,139.418,13370.3125,100,270,10001,"[0, 100000]","[0, 100000]",0,0,9960,37695
yolov8x_training,4329.880898,75,138.780,13370.3125,51,285,10001,"[0, 100000]","[0, 100000]",0,0,1464,6689
yolov8x_training,4330.923618,75,139.421,13370.3125,100,255,10001,"[0, 100000]","[0, 100000]",0,0,1074,585
yolov8x_training,4332.076360,75,137.252,13370.3125,100,225,10001,"[0, 100000]","[0, 100000]",0,0,11279,27441
yolov8x_training,4333.119135,75,137.938,13370.3125,100,240,10001,"[0, 100000]","[0, 100000]",0,0,1513,5566
yolov8x_training,4334.162003,75,142.237,13370.3125,80,270,10001,"[0, 100000]","[0, 100000]",0,0,1123,292
yolov8x_training,4335.277774,73,139.162,13370.3125,100,225,10001,"[0, 100000]","[0, 100000]",0,0,9912,37792
yolov8x_training,4336.321005,75,139.061,13370.3125,99,210,10001,"[0, 100000]","[0, 100000]",0,0,1416,7421
yolov8x_training,4337.363833,75,138.941,13370.3125,100,255,10001,"[0, 100000]","[0, 100000]",0,0,976,830
yolov8x_training,4338.489285,75,133.682,13370.3125,97,1890,10001,"[0, 100000]","[0, 100000]",0,0,11474,25488
yolov8x_training,4339.532115,73,137.532,13370.3125,97,270,10001,"[0, 100000]","[0, 100000]",0,0,1464,6933
yolov8x_training,4340.575012,75,138.605,13370.3125,100,255,10001,"[0, 100000]","[0, 100000]",0,0,439,3076
yolov8x_training,4341.732056,75,139.853,13370.3125,100,270,10001,"[0, 100000]","[0, 100000]",0,0,10058,37353
yolov8x_training,4342.775143,74,135.028,13370.3125,64,225,10001,"[0, 100000]","[0, 100000]",0,0,1611,4931
yolov8x_training,4343.817953,75,137.640,13370.3125,97,240,10001,"[0, 100000]","[0, 100000]",0,0,634,2441
yolov8x_training,4344.946911,74,139.190,13370.3125,100,2505,10001,"[0, 100000]","[0, 100000]",0,0,11962,24121
yolov8x_training,4345.989614,73,140.302,13370.3125,100,330,10001,"[0, 100000]","[0, 100000]",0,0,1464,6494
yolov8x_training,4347.032363,74,138.781,13370.3125,57,270,10001,"[0, 100000]","[0, 100000]",0,0,976,390
yolov8x_training,4348.132210,75,139.582,13370.3125,97,210,10001,"[0, 100000]","[0, 100000]",0,0,10253,36572
yolov8x_training,4349.175357,75,138.500,13370.3125,100,780,10001,"[0, 100000]","[0, 100000]",0,0,1464,7714
yolov8x_training,4350.218175,75,141.083,13370.3125,100,630,10001,"[0, 100000]","[0, 100000]",0,0,732,1562
yolov8x_training,4351.350744,74,138.590,13370.3125,60,285,10001,"[0, 100000]","[0, 100000]",0,0,10302,36865
yolov8x_training,4352.394021,75,138.450,13370.3125,96,300,10001,"[0, 100000]","[0, 100000]",0,0,1416,7080
yolov8x_training,4353.436836,75,139.248,13370.3125,100,225,10001,"[0, 100000]","[0, 100000]",0,0,927,1025
yolov8x_training,4354.577278,75,138.861,13370.3125,6,300,10001,"[0, 100000]","[0, 100000]",0,0,10058,36035
yolov8x_training,4355.620242,75,139.349,13370.3125,97,255,10001,"[0, 100000]","[0, 100000]",0,0,1562,5029
yolov8x_training,4356.663063,75,141.259,13370.3125,100,375,10001,"[0, 100000]","[0, 100000]",0,0,878,781
yolov8x_training,4357.804485,73,139.717,13370.3125,100,255,10001,"[0, 100000]","[0, 100000]",0,0,12109,23193
yolov8x_training,4358.847310,75,138.581,13370.3125,16,210,10001,"[0, 100000]","[0, 100000]",0,0,1562,4687
yolov8x_training,4359.890107,75,139.387,13370.3125,99,240,10001,"[0, 100000]","[0, 100000]",0,0,537,292
yolov8x_training,4361.027055,75,134.826,13370.3125,100,630,10001,"[0, 100000]","[0, 100000]",0,0,10058,36230
yolov8x_training,4362.070143,74,137.254,13370.3125,100,240,10001,"[0, 100000]","[0, 100000]",0,0,1464,6494
yolov8x_training,4363.112904,75,138.815,13370.3125,44,315,10001,"[0, 100000]","[0, 100000]",0,0,634,2392
yolov8x_training,4364.268486,73,139.001,13370.3125,100,255,10001,"[0, 100000]","[0, 100000]",0,0,10644,30761
yolov8x_training,4365.311291,75,137.856,13370.3125,100,210,10001,"[0, 100000]","[0, 100000]",0,0,1464,7128
yolov8x_training,4366.354089,75,138.699,13370.3125,100,270,10001,"[0, 100000]","[0, 100000]",0,0,976,390
yolov8x_training,4367.505513,75,133.561,13370.3125,92,1410,10001,"[0, 100000]","[0, 100000]",0,0,10058,35058
yolov8x_training,4368.548613,74,137.633,13370.3125,97,240,10001,"[0, 100000]","[0, 100000]",0,0,1611,5712
yolov8x_training,4369.591369,74,138.763,13370.3125,100,225,10001,"[0, 100000]","[0, 100000]",0,0,634,2197
yolov8x_training,4370.748347,73,139.709,13370.3125,100,270,10001,"[0, 100000]","[0, 100000]",0,0,10107,34570
yolov8x_training,4371.791150,75,136.599,13370.3125,36,270,10001,"[0, 100000]","[0, 100000]",0,0,1367,7617
yolov8x_training,4372.833845,75,138.082,13370.3125,97,240,10001,"[0, 100000]","[0, 100000]",0,0,976,976
yolov8x_training,4373.961189,74,135.650,13370.3125,100,2175,10001,"[0, 100000]","[0, 100000]",0,0,10205,35644
yolov8x_training,4375.004075,73,137.550,13370.3125,100,270,10001,"[0, 100000]","[0, 100000]",0,0,1367,6884
yolov8x_training,4376.046778,75,139.140,13370.3125,5,255,10001,"[0, 100000]","[0, 100000]",0,0,488,2734
yolov8x_training,4377.219979,75,138.770,13370.3125,100,255,10001,"[0, 100000]","[0, 100000]",0,0,11328,28076
yolov8x_training,4378.262743,75,135.282,13370.3125,100,1095,10001,"[0, 100000]","[0, 100000]",0,0,1367,7275
yolov8x_training,4379.305518,75,137.828,13370.3125,100,225,10001,"[0, 100000]","[0, 100000]",0,0,634,2490
yolov8x_training,4380.420499,75,139.299,13370.3125,49,210,10001,"[0, 100000]","[0, 100000]",0,0,11230,27929
yolov8x_training,4381.463283,73,141.050,13370.3125,100,300,10001,"[0, 100000]","[0, 100000]",0,0,1562,5126
yolov8x_training,4382.506166,74,139.527,13370.3125,100,300,10001,"[0, 100000]","[0, 100000]",0,0,976,292
yolov8x_training,4383.635092,75,136.925,13370.3125,65,225,10001,"[0, 100000]","[0, 100000]",0,0,11376,27978
yolov8x_training,4384.677841,75,137.554,13370.3125,100,210,10001,"[0, 100000]","[0, 100000]",0,0,1513,6787
yolov8x_training,4385.720738,75,138.071,13370.3125,100,270,10001,"[0, 100000]","[0, 100000]",0,0,976,1367
yolov8x_training,4386.863825,74,140.240,13370.3125,100,240,10001,"[0, 100000]","[0, 100000]",0,0,10156,36474
yolov8x_training,4387.906841,77,138.577,13370.3125,100,300,10001,"[0, 100000]","[0, 100000]",0,0,1416,7763
yolov8x_training,4388.949696,75,139.011,13370.3125,100,315,10001,"[0, 100000]","[0, 100000]",0,0,634,2685
yolov8x_training,4390.097381,75,134.802,13370.3125,100,210,10001,"[0, 100000]","[0, 100000]",0,0,10791,30859
yolov8x_training,4391.140184,75,137.730,13370.3125,100,210,10001,"[0, 100000]","[0, 100000]",0,0,1416,7324
yolov8x_training,4392.182903,75,139.378,13370.3125,32,375,10001,"[0, 100000]","[0, 100000]",0,0,683,2441
yolov8x_training,4393.317402,74,139.375,13370.3125,100,255,10001,"[0, 100000]","[0, 100000]",0,0,10156,34863
yolov8x_training,4394.360365,75,135.338,13370.3125,100,255,10001,"[0, 100000]","[0, 100000]",0,0,1562,5761
yolov8x_training,4395.403136,75,138.665,13370.3125,100,270,10001,"[0, 100000]","[0, 100000]",0,0,878,1318
yolov8x_training,4396.517937,75,139.718,13370.3125,100,375,10001,"[0, 100000]","[0, 100000]",0,0,10009,37304
yolov8x_training,4397.561189,74,140.483,13370.3125,100,255,10001,"[0, 100000]","[0, 100000]",0,0,1464,7470
yolov8x_training,4398.604053,75,138.012,13370.3125,100,255,10001,"[0, 100000]","[0, 100000]",0,0,732,1562
yolov8x_training,4399.737626,73,139.091,13370.3125,76,270,10001,"[0, 100000]","[0, 100000]",0,0,10205,36035
yolov8x_training,4400.780720,74,139.661,13370.3125,100,210,10001,"[0, 100000]","[0, 100000]",0,0,1611,5175
yolov8x_training,4401.823611,75,139.711,13370.3125,100,240,10001,"[0, 100000]","[0, 100000]",0,0,830,292
yolov8x_training,4402.950835,75,137.175,13370.3125,100,2505,10001,"[0, 100000]","[0, 100000]",0,0,11328,28076
yolov8x_training,4403.993583,73,141.065,13370.3125,80,660,10001,"[0, 100000]","[0, 100000]",0,0,1464,5273
yolov8x_training,4405.036295,75,138.793,13370.3125,100,285,10001,"[0, 100000]","[0, 100000]",0,0,878,292
yolov8x_training,4406.170476,75,139.164,13370.3125,100,240,10001,"[0, 100000]","[0, 100000]",0,0,11669,24609
yolov8x_training,4407.213232,75,138.158,13370.3125,100,1170,10001,"[0, 100000]","[0, 100000]",0,0,1464,6494
yolov8x_training,4408.256090,75,141.125,13370.3125,100,285,10001,"[0, 100000]","[0, 100000]",0,0,585,2490
yolov8x_training,4409.399098,75,138.001,13370.3125,100,210,10001,"[0, 100000]","[0, 100000]",0,0,10644,29785
yolov8x_training,4410.441928,75,139.104,13370.3125,96,300,10001,"[0, 100000]","[0, 100000]",0,0,1562,7128
yolov8x_training,4411.484652,74,139.010,13370.3125,100,270,10001,"[0, 100000]","[0, 100000]",0,0,439,2880
yolov8x_training,4412.659186,75,137.800,13370.3125,31,240,10001,"[0, 100000]","[0, 100000]",0,0,10888,28466
yolov8x_training,4413.702045,75,137.253,13370.3125,97,2460,10001,"[0, 100000]","[0, 100000]",0,0,1416,6689
yolov8x_training,4414.744834,75,142.525,13370.3125,100,345,10001,"[0, 100000]","[0, 100000]",0,0,878,292
yolov8x_training,4415.893786,75,137.759,13370.3125,100,255,10001,"[0, 100000]","[0, 100000]",0,0,10937,28417
yolov8x_training,4416.936593,76,139.474,13370.3125,28,330,10001,"[0, 100000]","[0, 100000]",0,0,1416,6005
yolov8x_training,4417.979312,74,139.454,13370.3125,100,300,10001,"[0, 100000]","[0, 100000]",0,0,732,1513
yolov8x_training,4419.103179,75,136.696,13370.3125,100,210,10001,"[0, 100000]","[0, 100000]",0,0,11376,25878
yolov8x_training,4420.145952,75,138.763,13370.3125,100,240,10001,"[0, 100000]","[0, 100000]",0,0,1416,7617
yolov8x_training,4421.188688,75,138.857,13370.3125,51,360,10001,"[0, 100000]","[0, 100000]",0,0,976,634
yolov8x_training,4422.330282,74,139.469,13370.3125,100,270,10001,"[0, 100000]","[0, 100000]",0,0,11181,28027
yolov8x_training,4423.373128,75,136.750,13370.3125,100,225,10001,"[0, 100000]","[0, 100000]",0,0,1513,7324
yolov8x_training,4424.415993,75,138.767,13370.3125,100,255,10001,"[0, 100000]","[0, 100000]",0,0,537,2832
yolov8x_training,4425.553568,75,133.558,13370.3125,100,210,10001,"[0, 100000]","[0, 100000]",0,0,9960,37792
yolov8x_training,4426.596892,75,137.605,13370.3125,100,225,10001,"[0, 100000]","[0, 100000]",0,0,1464,5566
yolov8x_training,4427.639618,75,138.045,13370.3125,100,240,10001,"[0, 100000]","[0, 100000]",0,0,927,1123
yolov8x_training,4428.751582,73,139.038,13370.3125,100,255,10001,"[0, 100000]","[0, 100000]",0,0,11376,25927
yolov8x_training,4429.794446,75,136.031,13370.3125,100,210,10001,"[0, 100000]","[0, 100000]",0,0,1318,6689
yolov8x_training,4430.837197,75,138.142,13370.3125,100,210,10001,"[0, 100000]","[0, 100000]",0,0,1025,585
yolov8x_training,4431.972616,75,137.808,13370.3125,100,2460,10001,"[0, 100000]","[0, 100000]",0,0,11376,26708
yolov8x_training,4433.015402,74,142.226,13370.3125,100,285,10001,"[0, 100000]","[0, 100000]",0,0,1367,7177
yolov8x_training,4434.058182,75,139.105,13370.3125,78,210,10001,"[0, 100000]","[0, 100000]",0,0,488,2636
yolov8x_training,4435.225084,73,139.051,13370.3125,98,240,10001,"[0, 100000]","[0, 100000]",0,0,10156,36474
yolov8x_training,4436.268130,75,138.074,13370.3125,100,645,10001,"[0, 100000]","[0, 100000]",0,0,1416,7128
yolov8x_training,4437.310967,75,140.141,13370.3125,100,240,10001,"[0, 100000]","[0, 100000]",0,0,634,2343
yolov8x_training,4438.470906,75,136.651,13370.3125,45,2505,10001,"[0, 100000]","[0, 100000]",0,0,9912,36621
yolov8x_training,4439.514072,74,142.720,13370.3125,100,240,10001,"[0, 100000]","[0, 100000]",0,0,1464,7080
yolov8x_training,4440.556904,75,138.234,13370.3125,100,210,10001,"[0, 100000]","[0, 100000]",0,0,537,2734
yolov8x_training,4441.727269,73,138.946,13370.3125,61,240,10001,"[0, 100000]","[0, 100000]",0,0,11523,24755
yolov8x_training,4442.770084,75,138.610,13370.3125,100,660,10001,"[0, 100000]","[0, 100000]",0,0,1416,5371
yolov8x_training,4443.812834,75,138.781,13370.3125,100,255,10001,"[0, 100000]","[0, 100000]",0,0,976,781
yolov8x_training,4444.931204,75,139.065,13370.3125,100,2310,10001,"[0, 100000]","[0, 100000]",0,0,11132,27490
yolov8x_training,4445.974045,73,142.076,13370.3125,92,525,10001,"[0, 100000]","[0, 100000]",0,0,1464,6689
yolov8x_training,4447.016756,75,138.946,13370.3125,100,270,10001,"[0, 100000]","[0, 100000]",0,0,732,2197
yolov8x_training,4448.170575,76,139.666,13370.3125,100,225,10001,"[0, 100000]","[0, 100000]",0,0,11376,28125
yolov8x_training,4449.213617,75,138.768,13370.3125,100,2415,10001,"[0, 100000]","[0, 100000]",0,0,1513,6640
yolov8x_training,4450.256418,75,143.335,13370.3125,100,285,10001,"[0, 100000]","[0, 100000]",0,0,537,2636
yolov8x_training,4451.379393,74,139.203,13370.3125,84,210,10001,"[0, 100000]","[0, 100000]",0,0,11132,28027
yolov8x_training,4452.422214,76,138.320,13370.3125,96,375,10001,"[0, 100000]","[0, 100000]",0,0,1367,7275
yolov8x_training,4453.465035,75,139.756,13370.3125,100,315,10001,"[0, 100000]","[0, 100000]",0,0,585,2392
yolov8x_training,4454.624069,75,136.952,13370.3125,51,210,10001,"[0, 100000]","[0, 100000]",0,0,10595,30859
yolov8x_training,4455.666808,75,137.864,13370.3125,98,210,10001,"[0, 100000]","[0, 100000]",0,0,1416,5810
yolov8x_training,4456.709745,75,137.948,13370.3125,100,315,10001,"[0, 100000]","[0, 100000]",0,0,976,390
yolov8x_training,4457.854993,74,138.379,13370.3125,100,285,10001,"[0, 100000]","[0, 100000]",0,0,11669,24658
yolov8x_training,4458.897787,76,138.602,13370.3125,6,330,10001,"[0, 100000]","[0, 100000]",0,0,1513,5664
yolov8x_training,4459.940577,75,139.251,13370.3125,97,255,10001,"[0, 100000]","[0, 100000]",0,0,976,292
yolov8x_training,4461.063442,75,134.327,13370.3125,100,210,10001,"[0, 100000]","[0, 100000]",0,0,11279,26562
yolov8x_training,4462.106200,75,137.579,13370.3125,100,210,10001,"[0, 100000]","[0, 100000]",0,0,1416,5810
yolov8x_training,4463.149043,75,138.333,13370.3125,13,300,10001,"[0, 100000]","[0, 100000]",0,0,878,292
yolov8x_training,4464.289564,74,138.618,13370.3125,100,210,10001,"[0, 100000]","[0, 100000]",0,0,11230,28808
yolov8x_training,4465.332293,75,135.372,13370.3125,100,210,10001,"[0, 100000]","[0, 100000]",0,0,1464,5126
yolov8x_training,4466.375112,75,138.937,13370.3125,100,210,10001,"[0, 100000]","[0, 100000]",0,0,976,341
yolov8x_training,4467.479221,75,139.298,13370.3125,31,2430,10001,"[0, 100000]","[0, 100000]",0,0,10156,35107
yolov8x_training,4468.522002,74,141.118,13370.3125,100,330,10001,"[0, 100000]","[0, 100000]",0,0,1367,7617
yolov8x_training,4469.564770,75,138.625,13370.3125,100,225,10001,"[0, 100000]","[0, 100000]",0,0,537,2636
yolov8x_training,4470.729910,73,138.722,13370.3125,81,255,10001,"[0, 100000]","[0, 100000]",0,0,11181,28808
yolov8x_training,4471.772715,75,137.690,13370.3125,100,1200,10001,"[0, 100000]","[0, 100000]",0,0,1464,6738
yolov8x_training,4472.815541,75,137.582,13370.3125,97,225,10001,"[0, 100000]","[0, 100000]",0,0,1220,830
yolov8x_training,4474.006464,75,137.751,13370.3125,100,1725,10001,"[0, 100000]","[0, 100000]",0,0,12695,17333
yolov8x_training,4475.049262,74,140.321,13370.3125,100,285,10001,"[0, 100000]","[0, 100000]",0,0,1513,6005
yolov8x_training,4476.092257,75,138.348,13370.3125,45,210,10001,"[0, 100000]","[0, 100000]",0,0,976,1123
yolov8x_training,4477.246288,73,138.546,13370.3125,97,285,10001,"[0, 100000]","[0, 100000]",0,0,11962,24414
yolov8x_training,4478.289445,75,136.729,13370.3125,100,675,10001,"[0, 100000]","[0, 100000]",0,0,1611,4638
yolov8x_training,4479.332231,75,136.891,13370.3125,100,240,10001,"[0, 100000]","[0, 100000]",0,0,878,292
yolov8x_training,4480.469944,75,137.226,13370.3125,16,2505,10001,"[0, 100000]","[0, 100000]",0,0,12255,20068
yolov8x_training,4481.513084,77,141.331,13370.3125,100,300,10001,"[0, 100000]","[0, 100000]",0,0,1416,6933
yolov8x_training,4482.555822,74,139.362,13370.3125,100,285,10001,"[0, 100000]","[0, 100000]",0,0,439,2832
yolov8x_training,4483.675655,75,138.976,13370.3125,54,210,10001,"[0, 100000]","[0, 100000]",0,0,11328,28515
yolov8x_training,4484.718465,75,139.361,13370.3125,100,2415,10001,"[0, 100000]","[0, 100000]",0,0,1416,6689
yolov8x_training,4485.761280,75,141.446,13370.3125,100,300,10001,"[0, 100000]","[0, 100000]",0,0,585,2734
yolov8x_training,4486.896741,74,138.750,13370.3125,100,240,10001,"[0, 100000]","[0, 100000]",0,0,11376,27392
yolov8x_training,4487.939502,75,137.008,13370.3125,68,285,10001,"[0, 100000]","[0, 100000]",0,0,1464,7128
yolov8x_training,4488.982229,75,139.508,13370.3125,100,285,10001,"[0, 100000]","[0, 100000]",0,0,1220,1025
yolov8x_training,4490.139901,75,139.576,13370.3125,100,225,10001,"[0, 100000]","[0, 100000]",0,0,11328,28173
yolov8x_training,4491.182685,75,137.176,13370.3125,100,255,10001,"[0, 100000]","[0, 100000]",0,0,1269,7421
yolov8x_training,4492.225513,75,141.711,13370.3125,100,390,10001,"[0, 100000]","[0, 100000]",0,0,1025,1318
yolov8x_training,4493.372311,74,139.070,13370.3125,81,240,10001,"[0, 100000]","[0, 100000]",0,0,12939,14160
yolov8x_training,4494.415373,75,138.977,13370.3125,99,285,10001,"[0, 100000]","[0, 100000]",0,0,1416,5419
yolov8x_training,4495.458199,75,138.576,13370.3125,100,285,10001,"[0, 100000]","[0, 100000]",0,0,585,2685
yolov8x_training,4496.605757,75,137.608,13370.3125,53,270,10001,"[0, 100000]","[0, 100000]",0,0,10693,29150
yolov8x_training,4497.648545,75,137.682,13370.3125,99,240,10001,"[0, 100000]","[0, 100000]",0,0,1367,7617
yolov8x_training,4498.691231,75,138.552,13370.3125,100,360,10001,"[0, 100000]","[0, 100000]",0,0,878,1220
yolov8x_training,4499.825990,73,138.473,13370.3125,100,270,10001,"[0, 100000]","[0, 100000]",0,0,9912,37207
yolov8x_training,4500.868955,75,139.143,13370.3125,25,240,10001,"[0, 100000]","[0, 100000]",0,0,1416,6835
yolov8x_training,4501.911753,75,138.758,13370.3125,99,270,10001,"[0, 100000]","[0, 100000]",0,0,634,2197
yolov8x_training,4503.040430,75,134.346,13370.3125,100,210,10001,"[0, 100000]","[0, 100000]",0,0,11279,27587
yolov8x_training,4504.083200,74,138.248,13370.3125,100,285,10001,"[0, 100000]","[0, 100000]",0,0,1269,6884
yolov8x_training,4505.125983,75,139.358,13370.3125,31,285,10001,"[0, 100000]","[0, 100000]",0,0,488,2929
yolov8x_training,4506.168951,74,135.946,13370.3125,100,285,10001,"[0, 100000]","[0, 100000]",0,0,341,341
yolov8x_training,4507.297401,73,135.590,13370.3125,96,270,10001,"[0, 100000]","[0, 100000]",0,0,10888,32226
yolov8x_training,4508.340296,75,132.922,13370.3125,100,255,10001,"[0, 100000]","[0, 100000]",0,0,1123,12841
yolov8x_training,4509.383107,75,134.694,13370.3125,100,255,10001,"[0, 100000]","[0, 100000]",0,0,1123,3710
yolov8x_training,4510.425895,75,137.389,13370.3125,100,210,10001,"[0, 100000]","[0, 100000]",0,0,4638,65625
yolov8x_training,4511.614886,75,138.861,13370.3125,97,255,10001,"[0, 100000]","[0, 100000]",0,0,1513,6884
yolov8x_training,4512.657627,75,138.880,13370.3125,100,285,10001,"[0, 100000]","[0, 100000]",0,0,1074,1367
yolov8x_training,4513.829903,74,138.280,13370.3125,100,225,10001,"[0, 100000]","[0, 100000]",0,0,10986,30615
yolov8x_training,4514.872718,75,139.194,13370.3125,14,255,10001,"[0, 100000]","[0, 100000]",0,0,1464,6689
yolov8x_training,4515.915685,75,138.460,13370.3125,100,270,10001,"[0, 100000]","[0, 100000]",0,0,634,2929
yolov8x_training,4517.059412,75,134.861,13370.3125,100,210,10001,"[0, 100000]","[0, 100000]",0,0,10205,38085
yolov8x_training,4518.102438,74,137.444,13370.3125,100,270,10001,"[0, 100000]","[0, 100000]",0,0,1367,6738
yolov8x_training,4519.145191,75,139.518,13370.3125,50,300,10001,"[0, 100000]","[0, 100000]",0,0,585,2783
yolov8x_training,4520.294628,73,138.941,13370.3125,100,315,10001,"[0, 100000]","[0, 100000]",0,0,10253,37548
yolov8x_training,4521.337655,75,137.509,13370.3125,100,210,10001,"[0, 100000]","[0, 100000]",0,0,1367,7714
yolov8x_training,4522.380443,75,139.168,13370.3125,100,240,10001,"[0, 100000]","[0, 100000]",0,0,683,21777
yolov8x_training,4523.521517,75,135.314,13370.3125,100,1620,10001,"[0, 100000]","[0, 100000]",0,0,11132,29101
yolov8x_training,4524.564310,74,137.705,13370.3125,97,225,10001,"[0, 100000]","[0, 100000]",0,0,1318,7080
yolov8x_training,4525.607177,75,138.937,13370.3125,100,240,10001,"[0, 100000]","[0, 100000]",0,0,488,2783
yolov8x_training,4526.749176,76,138.578,13370.3125,100,270,10001,"[0, 100000]","[0, 100000]",0,0,10937,31494
yolov8x_training,4527.791963,75,135.860,13370.3125,83,225,10001,"[0, 100000]","[0, 100000]",0,0,1464,6445
yolov8x_training,4528.834743,75,137.943,13370.3125,97,225,10001,"[0, 100000]","[0, 100000]",0,0,488,3320
yolov8x_training,4529.986686,75,138.689,13370.3125,100,2070,10001,"[0, 100000]","[0, 100000]",0,0,11328,29003
yolov8x_training,4531.029438,73,140.223,13370.3125,100,270,10001,"[0, 100000]","[0, 100000]",0,0,1513,5517
yolov8x_training,4532.072160,74,138.452,13370.3125,62,270,10001,"[0, 100000]","[0, 100000]",0,0,4345,95751
yolov8x_training,4533.174746,75,138.839,13370.3125,97,255,10001,"[0, 100000]","[0, 100000]",0,0,10644,31884
yolov8x_training,4534.217571,75,139.239,13370.3125,100,2400,10001,"[0, 100000]","[0, 100000]",0,0,1367,7568
yolov8x_training,4535.260319,75,141.206,13370.3125,100,390,10001,"[0, 100000]","[0, 100000]",0,0,927,25732
yolov8x_training,4536.427687,75,137.345,13370.3125,34,210,10001,"[0, 100000]","[0, 100000]",0,0,11865,25390
yolov8x_training,4537.470464,76,141.896,13370.3125,99,390,10001,"[0, 100000]","[0, 100000]",0,0,1416,6152
yolov8x_training,4538.513262,76,140.066,13370.3125,100,270,10001,"[0, 100000]","[0, 100000]",0,0,634,4492
yolov8x_training,4539.671473,75,138.654,13370.3125,49,240,10001,"[0, 100000]","[0, 100000]",0,0,11376,29101
yolov8x_training,4540.714252,75,138.894,13370.3125,100,2475,10001,"[0, 100000]","[0, 100000]",0,0,1416,6689
yolov8x_training,4541.757056,75,140.449,13370.3125,100,255,10001,"[0, 100000]","[0, 100000]",0,0,683,24707
yolov8x_training,4542.881735,75,138.500,13370.3125,100,240,10001,"[0, 100000]","[0, 100000]",0,0,10156,37646
yolov8x_training,4543.924643,75,137.227,13370.3125,72,345,10001,"[0, 100000]","[0, 100000]",0,0,1513,6982
yolov8x_training,4544.967387,75,140.129,13370.3125,100,315,10001,"[0, 100000]","[0, 100000]",0,0,1025,1513
yolov8x_training,4546.143071,75,138.353,13370.3125,97,240,10001,"[0, 100000]","[0, 100000]",0,0,10156,37109
yolov8x_training,4547.186028,75,139.074,13370.3125,100,1170,10001,"[0, 100000]","[0, 100000]",0,0,1416,7568
yolov8x_training,4548.228769,75,142.979,13370.3125,100,705,10001,"[0, 100000]","[0, 100000]",0,0,634,3125
yolov8x_training,4549.362415,75,138.447,13370.3125,46,210,10001,"[0, 100000]","[0, 100000]",0,0,10058,37500
yolov8x_training,4550.405474,75,139.086,13370.3125,97,315,10001,"[0, 100000]","[0, 100000]",0,0,1464,6494
yolov8x_training,4551.448217,75,138.645,13370.3125,100,315,10001,"[0, 100000]","[0, 100000]",0,0,634,2636
yolov8x_training,4552.609914,75,139.173,13370.3125,17,240,10001,"[0, 100000]","[0, 100000]",0,0,10888,31054
yolov8x_training,4553.652880,75,139.028,13370.3125,97,225,10001,"[0, 100000]","[0, 100000]",0,0,1416,6005
yolov8x_training,4554.695733,75,141.485,13370.3125,100,375,10001,"[0, 100000]","[0, 100000]",0,0,878,26318
yolov8x_training,4555.843515,74,140.058,13370.3125,100,210,10001,"[0, 100000]","[0, 100000]",0,0,12646,19189
yolov8x_training,4556.886312,75,139.041,13370.3125,31,255,10001,"[0, 100000]","[0, 100000]",0,0,1464,6738
yolov8x_training,4557.929129,75,139.044,13370.3125,100,270,10001,"[0, 100000]","[0, 100000]",0,0,634,19873
yolov8x_training,4559.097725,75,137.216,13370.3125,100,300,10001,"[0, 100000]","[0, 100000]",0,0,11279,29150
yolov8x_training,4560.140514,75,138.533,13370.3125,100,255,10001,"[0, 100000]","[0, 100000]",0,0,1416,6689
yolov8x_training,4561.183225,75,142.273,13370.3125,92,285,10001,"[0, 100000]","[0, 100000]",0,0,634,19726
yolov8x_training,4562.331579,74,140.651,13370.3125,100,255,10001,"[0, 100000]","[0, 100000]",0,0,11376,28564
yolov8x_training,4563.374302,75,138.751,13370.3125,97,255,10001,"[0, 100000]","[0, 100000]",0,0,1464,6787
yolov8x_training,4564.417042,75,137.822,13370.3125,100,225,10001,"[0, 100000]","[0, 100000]",0,0,976,3173
yolov8x_training,4565.593971,75,139.104,13370.3125,25,225,10001,"[0, 100000]","[0, 100000]",0,0,11523,26562
yolov8x_training,4566.636853,75,139.332,13370.3125,97,240,10001,"[0, 100000]","[0, 100000]",0,0,1464,7128
yolov8x_training,4567.679730,75,141.634,13370.3125,100,315,10001,"[0, 100000]","[0, 100000]",0,0,634,24169
yolov8x_training,4568.811819,74,139.909,13370.3125,100,315,10001,"[0, 100000]","[0, 100000]",0,0,11816,25488
yolov8x_training,4569.854631,75,139.153,13370.3125,16,255,10001,"[0, 100000]","[0, 100000]",0,0,1367,6933
yolov8x_training,4570.897461,75,139.792,13370.3125,99,270,10001,"[0, 100000]","[0, 100000]",0,0,732,2685
yolov8x_training,4572.042197,75,135.733,13370.3125,100,360,10001,"[0, 100000]","[0, 100000]",0,0,10742,31494
yolov8x_training,4573.084985,75,138.018,13370.3125,100,270,10001,"[0, 100000]","[0, 100000]",0,0,1464,7177
yolov8x_training,4574.127763,75,138.663,13370.3125,51,315,10001,"[0, 100000]","[0, 100000]",0,0,1074,2587
yolov8x_training,4575.322151,74,139.805,13370.3125,100,240,10001,"[0, 100000]","[0, 100000]",0,0,10156,35351
yolov8x_training,4576.365061,75,139.169,13370.3125,97,240,10001,"[0, 100000]","[0, 100000]",0,0,2343,6591
yolov8x_training,4577.407943,75,138.073,13370.3125,100,255,10001,"[0, 100000]","[0, 100000]",0,0,1074,3076
yolov8x_training,4578.450819,75,137.587,13370.3125,100,225,10001,"[0, 100000]","[0, 100000]",0,0,2832,7226
yolov8x_training,4579.493806,75,138.206,13370.3125,16,1455,10001,"[0, 100000]","[0, 100000]",0,0,2294,11279
yolov8x_training,4580.536652,76,142.453,13370.3125,100,525,10001,"[0, 100000]","[0, 100000]",0,0,1367,4443
yolov8x_training,4581.579814,75,137.949,13370.3125,100,210,10001,"[0, 100000]","[0, 100000]",0,0,634,2294
yolov8x_training,4582.711752,77,139.363,13370.3125,100,255,10001,"[0, 100000]","[0, 100000]",0,0,11914,24218
yolov8x_training,4583.754669,76,133.921,13370.3125,100,1650,10001,"[0, 100000]","[0, 100000]",0,0,1318,7031
yolov8x_training,4584.797541,75,139.001,13370.3125,97,255,10001,"[0, 100000]","[0, 100000]",0,0,1074,878
yolov8x_training,4585.972779,75,138.444,13370.3125,100,2505,10001,"[0, 100000]","[0, 100000]",0,0,12646,19628
yolov8x_training,4587.015701,74,139.305,13370.3125,100,270,10001,"[0, 100000]","[0, 100000]",0,0,1416,7861
yolov8x_training,4588.058512,75,139.031,13370.3125,4,225,10001,"[0, 100000]","[0, 100000]",0,0,976,4052
yolov8x_training,4589.239667,76,138.253,13370.3125,100,270,10001,"[0, 100000]","[0, 100000]",0,0,9863,37451
yolov8x_training,4590.282653,74,136.156,13370.3125,100,300,10001,"[0, 100000]","[0, 100000]",0,0,1416,6933
yolov8x_training,4591.325407,75,137.099,13370.3125,100,255,10001,"[0, 100000]","[0, 100000]",0,0,1074,3759
yolov8x_training,4592.513252,75,134.819,13370.3125,92,2205,10001,"[0, 100000]","[0, 100000]",0,0,11572,25830
yolov8x_training,4593.556112,74,138.018,13370.3125,98,270,10001,"[0, 100000]","[0, 100000]",0,0,1269,7568
yolov8x_training,4594.598902,75,138.675,13370.3125,100,255,10001,"[0, 100000]","[0, 100000]",0,0,1123,439
yolov8x_training,4595.740003,76,139.659,13370.3125,100,270,10001,"[0, 100000]","[0, 100000]",0,0,10498,33398
yolov8x_training,4596.782949,75,136.711,13370.3125,70,285,10001,"[0, 100000]","[0, 100000]",0,0,1513,7080
yolov8x_training,4597.825728,75,138.047,13370.3125,97,255,10001,"[0, 100000]","[0, 100000]",0,0,1074,4003
yolov8x_training,4598.990934,75,137.688,13370.3125,100,2130,10001,"[0, 100000]","[0, 100000]",0,0,10986,29638
yolov8x_training,4600.033804,74,137.177,13370.3125,100,270,10001,"[0, 100000]","[0, 100000]",0,0,1464,7666
yolov8x_training,4601.076526,75,138.791,13370.3125,27,255,10001,"[0, 100000]","[0, 100000]",0,0,1025,2734
yolov8x_training,4602.241639,77,139.043,13370.3125,100,270,10001,"[0, 100000]","[0, 100000]",0,0,11376,28808
yolov8x_training,4603.284641,75,135.384,13370.3125,100,1140,10001,"[0, 100000]","[0, 100000]",0,0,1367,6738
yolov8x_training,4604.327622,75,137.146,13370.3125,100,210,10001,"[0, 100000]","[0, 100000]",0,0,1074,1953
yolov8x_training,4605.496954,75,135.543,13370.3125,82,2355,10001,"[0, 100000]","[0, 100000]",0,0,10937,28857
yolov8x_training,4606.539806,74,138.043,13370.3125,97,300,10001,"[0, 100000]","[0, 100000]",0,0,1416,6884
yolov8x_training,4607.582639,75,139.156,13370.3125,100,255,10001,"[0, 100000]","[0, 100000]",0,0,1074,2001
yolov8x_training,4608.749021,76,139.740,13370.3125,100,285,10001,"[0, 100000]","[0, 100000]",0,0,10205,35546
yolov8x_training,4609.791785,74,138.851,13370.3125,59,690,10001,"[0, 100000]","[0, 100000]",0,0,1367,6835
yolov8x_training,4610.834653,75,138.995,13370.3125,100,255,10001,"[0, 100000]","[0, 100000]",0,0,1074,3613
yolov8x_training,4612.008883,75,137.484,13370.3125,100,2280,10001,"[0, 100000]","[0, 100000]",0,0,9863,37646
yolov8x_training,4613.051812,74,143.465,13370.3125,100,285,10001,"[0, 100000]","[0, 100000]",0,0,1367,6445
yolov8x_training,4614.094568,75,138.601,13370.3125,41,255,10001,"[0, 100000]","[0, 100000]",0,0,732,1562
yolov8x_training,4615.245378,75,138.954,13370.3125,100,285,10001,"[0, 100000]","[0, 100000]",0,0,10156,38330
yolov8x_training,4616.288405,74,138.924,13370.3125,100,645,10001,"[0, 100000]","[0, 100000]",0,0,1367,6494
yolov8x_training,4617.331153,76,136.759,13370.3125,100,255,10001,"[0, 100000]","[0, 100000]",0,0,1220,2783
yolov8x_training,4618.373985,75,139.208,13370.3125,71,225,10001,"[0, 100000]","[0, 100000]",0,0,2734,14257
yolov8x_training,4619.569166,75,139.116,13370.3125,100,225,10001,"[0, 100000]","[0, 100000]",0,0,2343,5664
yolov8x_training,4620.611969,76,138.307,13370.3125,100,300,10001,"[0, 100000]","[0, 100000]",0,0,1074,4199
yolov8x_training,4621.771299,74,139.061,13370.3125,92,225,10001,"[0, 100000]","[0, 100000]",0,0,10253,35302
yolov8x_training,4622.814086,75,140.255,13370.3125,100,270,10001,"[0, 100000]","[0, 100000]",0,0,1416,7031
yolov8x_training,4623.856960,75,138.431,13370.3125,96,255,10001,"[0, 100000]","[0, 100000]",0,0,1074,1611
yolov8x_training,4625.005090,75,139.126,13370.3125,100,2040,10001,"[0, 100000]","[0, 100000]",0,0,11376,28320
yolov8x_training,4626.047849,74,143.036,13370.3125,100,270,10001,"[0, 100000]","[0, 100000]",0,0,1318,7080
yolov8x_training,4627.090614,75,138.680,13370.3125,52,225,10001,"[0, 100000]","[0, 100000]",0,0,1074,4101
yolov8x_training,4628.264811,74,138.992,13370.3125,97,255,10001,"[0, 100000]","[0, 100000]",0,0,10644,31982
yolov8x_training,4629.307607,75,140.493,13370.3125,100,225,10001,"[0, 100000]","[0, 100000]",0,0,1416,6689
yolov8x_training,4630.350320,75,139.194,13370.3125,100,240,10001,"[0, 100000]","[0, 100000]",0,0,1025,1416
yolov8x_training,4631.473740,75,139.324,13370.3125,19,2415,10001,"[0, 100000]","[0, 100000]",0,0,11279,28564
yolov8x_training,4632.516518,74,141.596,13370.3125,96,270,10001,"[0, 100000]","[0, 100000]",0,0,1367,6933
yolov8x_training,4633.559236,75,140.449,13370.3125,100,210,10001,"[0, 100000]","[0, 100000]",0,0,1220,1220
yolov8x_training,4634.710277,76,138.522,13370.3125,36,285,10001,"[0, 100000]","[0, 100000]",0,0,10644,33056
yolov8x_training,4635.753079,75,138.527,13370.3125,100,1590,10001,"[0, 100000]","[0, 100000]",0,0,1367,7128
yolov8x_training,4636.795815,75,140.707,13370.3125,100,240,10001,"[0, 100000]","[0, 100000]",0,0,1123,4052
yolov8x_training,4637.958138,75,138.568,13370.3125,100,1035,10001,"[0, 100000]","[0, 100000]",0,0,11035,30029
yolov8x_training,4639.000962,74,138.534,13370.3125,72,495,10001,"[0, 100000]","[0, 100000]",0,0,1416,7080
yolov8x_training,4640.043752,75,138.974,13370.3125,100,270,10001,"[0, 100000]","[0, 100000]",0,0,1025,1318
yolov8x_training,4641.182131,75,138.973,13370.3125,100,255,10001,"[0, 100000]","[0, 100000]",0,0,10449,35107
yolov8x_training,4642.225154,76,138.121,13370.3125,100,2460,10001,"[0, 100000]","[0, 100000]",0,0,1464,7861
yolov8x_training,4643.268072,75,139.015,13370.3125,100,255,10001,"[0, 100000]","[0, 100000]",0,0,1123,2001
yolov8x_training,4644.409830,75,139.170,13370.3125,79,255,10001,"[0, 100000]","[0, 100000]",0,0,12988,15966
yolov8x_training,4645.452599,76,138.668,13370.3125,97,285,10001,"[0, 100000]","[0, 100000]",0,0,1562,6933
yolov8x_training,4646.495401,74,139.221,13370.3125,100,285,10001,"[0, 100000]","[0, 100000]",0,0,927,1416
yolov8x_training,4647.635914,75,136.685,13370.3125,65,240,10001,"[0, 100000]","[0, 100000]",0,0,10253,35498
yolov8x_training,4648.678746,76,137.494,13370.3125,97,210,10001,"[0, 100000]","[0, 100000]",0,0,1416,6835
yolov8x_training,4649.721505,75,138.973,13370.3125,100,555,10001,"[0, 100000]","[0, 100000]",0,0,1025,2490
yolov8x_training,4650.866268,75,139.558,13370.3125,100,240,10001,"[0, 100000]","[0, 100000]",0,0,10400,35351
yolov8x_training,4651.909038,75,138.859,13370.3125,26,300,10001,"[0, 100000]","[0, 100000]",0,0,1464,6982
yolov8x_training,4652.951877,74,138.310,13370.3125,100,315,10001,"[0, 100000]","[0, 100000]",0,0,1025,3955
yolov8x_training,4654.135617,75,136.013,13370.3125,100,240,10001,"[0, 100000]","[0, 100000]",0,0,10009,38427
yolov8x_training,4655.179175,75,138.012,13370.3125,100,225,10001,"[0, 100000]","[0, 100000]",0,0,1318,7421
yolov8x_training,4656.222121,75,139.008,13370.3125,89,465,10001,"[0, 100000]","[0, 100000]",0,0,1025,1171
yolov8x_training,4657.360296,75,139.019,13370.3125,100,255,10001,"[0, 100000]","[0, 100000]",0,0,10839,30957
yolov8x_training,4658.403095,75,138.778,13370.3125,100,225,10001,"[0, 100000]","[0, 100000]",0,0,1464,7617
yolov8x_training,4659.445980,75,139.470,13370.3125,100,240,10001,"[0, 100000]","[0, 100000]",0,0,976,1416
yolov8x_training,4660.603520,75,133.342,13370.3125,96,300,10001,"[0, 100000]","[0, 100000]",0,0,11816,25292
yolov8x_training,4661.646256,75,138.177,13370.3125,97,270,10001,"[0, 100000]","[0, 100000]",0,0,1367,6884
yolov8x_training,4662.689012,75,138.597,13370.3125,100,495,10001,"[0, 100000]","[0, 100000]",0,0,1074,4052
yolov8x_training,4663.838633,75,139.318,13370.3125,100,255,10001,"[0, 100000]","[0, 100000]",0,0,10400,33251
yolov8x_training,4664.881536,75,137.745,13370.3125,43,255,10001,"[0, 100000]","[0, 100000]",0,0,1416,6933
yolov8x_training,4665.924277,75,138.566,13370.3125,98,255,10001,"[0, 100000]","[0, 100000]",0,0,1123,1953
yolov8x_training,4667.081282,75,135.977,13370.3125,100,270,10001,"[0, 100000]","[0, 100000]",0,0,11376,29248
yolov8x_training,4668.124379,75,138.637,13370.3125,100,270,10001,"[0, 100000]","[0, 100000]",0,0,1416,7421
yolov8x_training,4669.167182,75,137.510,13370.3125,46,285,10001,"[0, 100000]","[0, 100000]",0,0,976,3564
yolov8x_training,4670.335329,75,139.003,13370.3125,100,255,10001,"[0, 100000]","[0, 100000]",0,0,10693,31396
yolov8x_training,4671.378191,75,137.629,13370.3125,100,255,10001,"[0, 100000]","[0, 100000]",0,0,1513,7080
yolov8x_training,4672.420890,76,137.886,13370.3125,100,210,10001,"[0, 100000]","[0, 100000]",0,0,976,4052
yolov8x_training,4673.596072,75,134.832,13370.3125,81,240,10001,"[0, 100000]","[0, 100000]",0,0,10205,38476
yolov8x_training,4674.639400,75,138.999,13370.3125,97,255,10001,"[0, 100000]","[0, 100000]",0,0,1367,6933
yolov8x_training,4675.682146,75,137.845,13370.3125,100,495,10001,"[0, 100000]","[0, 100000]",0,0,927,4150
yolov8x_training,4676.724995,75,139.617,13370.3125,100,270,10001,"[0, 100000]","[0, 100000]",0,0,1464,74951
yolov8x_training,4677.897090,76,138.649,13370.3125,17,300,10001,"[0, 100000]","[0, 100000]",0,0,1660,6933
yolov8x_training,4678.939843,75,138.832,13370.3125,100,315,10001,"[0, 100000]","[0, 100000]",0,0,1025,3564
yolov8x_training,4680.120578,75,135.845,13370.3125,100,210,10001,"[0, 100000]","[0, 100000]",0,0,9814,39843
yolov8x_training,4681.163519,75,138.433,13370.3125,100,240,10001,"[0, 100000]","[0, 100000]",0,0,1367,7226
yolov8x_training,4682.206239,75,138.273,13370.3125,86,555,10001,"[0, 100000]","[0, 100000]",0,0,1269,1025
yolov8x_training,4683.348770,75,140.467,13370.3125,100,270,10001,"[0, 100000]","[0, 100000]",0,0,10791,31982
yolov8x_training,4684.391551,75,137.952,13370.3125,100,255,10001,"[0, 100000]","[0, 100000]",0,0,1367,6738
yolov8x_training,4685.434616,75,139.201,13370.3125,100,255,10001,"[0, 100000]","[0, 100000]",0,0,683,2294
yolov8x_training,4686.562879,75,137.033,13370.3125,100,210,10001,"[0, 100000]","[0, 100000]",0,0,10253,33398
yolov8x_training,4687.605644,75,137.939,13370.3125,100,240,10001,"[0, 100000]","[0, 100000]",0,0,1416,5908
yolov8x_training,4688.648589,75,137.712,13370.3125,100,360,10001,"[0, 100000]","[0, 100000]",0,0,976,976
yolov8x_training,4689.792362,74,139.595,13370.3125,100,255,10001,"[0, 100000]","[0, 100000]",0,0,10302,34228
yolov8x_training,4690.835170,75,134.434,13370.3125,90,240,10001,"[0, 100000]","[0, 100000]",0,0,1416,6884
yolov8x_training,4691.877900,75,137.649,13370.3125,97,255,10001,"[0, 100000]","[0, 100000]",0,0,1123,781
yolov8x_training,4693.014173,75,139.617,13370.3125,100,1620,10001,"[0, 100000]","[0, 100000]",0,0,11523,26416
yolov8x_training,4694.057001,74,140.611,13370.3125,100,300,10001,"[0, 100000]","[0, 100000]",0,0,1367,6933
yolov8x_training,4695.099716,75,138.668,13370.3125,26,255,10001,"[0, 100000]","[0, 100000]",0,0,1171,878
yolov8x_training,4696.228788,73,138.995,13370.3125,98,270,10001,"[0, 100000]","[0, 100000]",0,0,11523,24951
yolov8x_training,4697.271543,74,139.863,13370.3125,100,2130,10001,"[0, 100000]","[0, 100000]",0,0,1464,4882
yolov8x_training,4698.314274,75,139.902,13370.3125,100,255,10001,"[0, 100000]","[0, 100000]",0,0,488,2783
yolov8x_training,4699.438330,75,138.471,13370.3125,43,225,10001,"[0, 100000]","[0, 100000]",0,0,11425,27929
yolov8x_training,4700.481097,73,137.891,13370.3125,97,285,10001,"[0, 100000]","[0, 100000]",0,0,1367,7031
yolov8x_training,4701.523782,75,139.742,13370.3125,100,270,10001,"[0, 100000]","[0, 100000]",0,0,976,1367
yolov8x_training,4702.644167,75,138.812,13370.3125,22,240,10001,"[0, 100000]","[0, 100000]",0,0,11328,27001
yolov8x_training,4703.686964,75,138.090,13370.3125,96,285,10001,"[0, 100000]","[0, 100000]",0,0,1269,7080
yolov8x_training,4704.729704,75,138.266,13370.3125,100,270,10001,"[0, 100000]","[0, 100000]",0,0,1074,4248
yolov8x_training,4705.909952,75,139.518,13370.3125,100,270,10001,"[0, 100000]","[0, 100000]",0,0,10449,32714
yolov8x_training,4706.952773,75,138.891,13370.3125,36,345,10001,"[0, 100000]","[0, 100000]",0,0,1318,7128
yolov8x_training,4707.995613,75,138.333,13370.3125,100,270,10001,"[0, 100000]","[0, 100000]",0,0,1123,3466
yolov8x_training,4709.159316,75,138.681,13370.3125,100,225,10001,"[0, 100000]","[0, 100000]",0,0,9716,39160
yolov8x_training,4710.202497,75,137.813,13370.3125,100,285,10001,"[0, 100000]","[0, 100000]",0,0,1367,7324
yolov8x_training,4711.245266,75,138.794,13370.3125,100,255,10001,"[0, 100000]","[0, 100000]",0,0,1123,1855
yolov8x_training,4712.391883,74,139.010,13370.3125,83,255,10001,"[0, 100000]","[0, 100000]",0,0,12011,23339
yolov8x_training,4713.434967,75,139.090,13370.3125,96,315,10001,"[0, 100000]","[0, 100000]",0,0,1416,7421
yolov8x_training,4714.477711,75,138.846,13370.3125,100,315,10001,"[0, 100000]","[0, 100000]",0,0,1025,1367
yolov8x_training,4715.611734,75,136.202,13370.3125,65,210,10001,"[0, 100000]","[0, 100000]",0,0,11474,26953
yolov8x_training,4716.654510,75,138.414,13370.3125,98,240,10001,"[0, 100000]","[0, 100000]",0,0,1367,7519
yolov8x_training,4717.697250,75,139.201,13370.3125,100,360,10001,"[0, 100000]","[0, 100000]",0,0,830,1562
yolov8x_training,4718.826174,73,138.297,13370.3125,100,300,10001,"[0, 100000]","[0, 100000]",0,0,10351,33154
yolov8x_training,4719.868971,75,137.531,13370.3125,51,255,10001,"[0, 100000]","[0, 100000]",0,0,1318,7275
yolov8x_training,4720.911828,75,137.307,13370.3125,100,255,10001,"[0, 100000]","[0, 100000]",0,0,1074,3710
yolov8x_training,4722.094581,75,134.169,13370.3125,100,210,10001,"[0, 100000]","[0, 100000]",0,0,10156,37158
yolov8x_training,4723.137805,75,137.114,13370.3125,100,270,10001,"[0, 100000]","[0, 100000]",0,0,1123,6933
yolov8x_training,4724.180588,75,138.289,13370.3125,81,465,10001,"[0, 100000]","[0, 100000]",0,0,1074,3808
yolov8x_training,4725.223499,74,136.915,13370.3125,44,240,10001,"[0, 100000]","[0, 100000]",0,0,341,292
yolov8x_training,4726.331676,74,135.669,13370.3125,99,255,10001,"[0, 100000]","[0, 100000]",0,0,9814,38769
yolov8x_training,4727.374885,75,136.193,13370.3125,100,315,10001,"[0, 100000]","[0, 100000]",0,0,1953,6250
yolov8x_training,4728.417628,75,138.226,13370.3125,100,240,10001,"[0, 100000]","[0, 100000]",0,0,1123,2539
yolov8x_training,4729.562132,75,133.937,13370.3125,100,225,10001,"[0, 100000]","[0, 100000]",0,0,11425,27978
yolov8x_training,4730.604882,74,138.482,13370.3125,97,285,10001,"[0, 100000]","[0, 100000]",0,0,1708,5957
yolov8x_training,4731.647590,75,138.947,13370.3125,100,315,10001,"[0, 100000]","[0, 100000]",0,0,1220,1074
yolov8x_training,4732.796992,77,139.951,13370.3125,100,225,10001,"[0, 100000]","[0, 100000]",0,0,10986,30029
yolov8x_training,4733.840286,75,136.744,13370.3125,51,255,10001,"[0, 100000]","[0, 100000]",0,0,2001,6005
yolov8x_training,4734.883157,75,136.270,13370.3125,98,270,10001,"[0, 100000]","[0, 100000]",0,0,1074,4296
yolov8x_training,4736.047508,75,135.992,13370.3125,100,435,10001,"[0, 100000]","[0, 100000]",0,0,10107,38720
yolov8x_training,4737.090532,74,137.877,13370.3125,100,255,10001,"[0, 100000]","[0, 100000]",0,0,2246,5126
yolov8x_training,4738.133384,75,139.646,13370.3125,27,210,10001,"[0, 100000]","[0, 100000]",0,0,1074,3076
yolov8x_training,4739.298599,76,139.711,13370.3125,100,255,10001,"[0, 100000]","[0, 100000]",0,0,11083,29101
yolov8x_training,4740.341489,74,136.156,13370.3125,100,270,10001,"[0, 100000]","[0, 100000]",0,0,1269,6201
yolov8x_training,4741.384310,75,137.453,13370.3125,100,210,10001,"[0, 100000]","[0, 100000]",0,0,1025,1269
yolov8x_training,4742.512905,75,139.596,13370.3125,67,2160,10001,"[0, 100000]","[0, 100000]",0,0,11279,29345
yolov8x_training,4743.555819,73,138.801,13370.3125,96,270,10001,"[0, 100000]","[0, 100000]",0,0,1171,11621
yolov8x_training,4744.598768,75,139.580,13370.3125,100,240,10001,"[0, 100000]","[0, 100000]",0,0,1123,4199
yolov8x_training,4745.768484,77,139.437,13370.3125,100,270,10001,"[0, 100000]","[0, 100000]",0,0,9960,38574
yolov8x_training,4746.811540,74,135.654,13370.3125,73,210,10001,"[0, 100000]","[0, 100000]",0,0,2246,5224
yolov8x_training,4747.854378,75,137.661,13370.3125,98,240,10001,"[0, 100000]","[0, 100000]",0,0,1123,1953
yolov8x_training,4749.005286,75,138.537,13370.3125,100,2505,10001,"[0, 100000]","[0, 100000]",0,0,10351,34765
yolov8x_training,4750.048217,73,138.897,13370.3125,100,270,10001,"[0, 100000]","[0, 100000]",0,0,2246,5517
yolov8x_training,4751.091140,75,138.942,13370.3125,27,240,10001,"[0, 100000]","[0, 100000]",0,0,1074,3076
yolov8x_training,4752.264697,76,138.503,13370.3125,100,270,10001,"[0, 100000]","[0, 100000]",0,0,10742,31982
yolov8x_training,4753.307533,75,134.716,13370.3125,100,255,10001,"[0, 100000]","[0, 100000]",0,0,2246,5175
yolov8x_training,4754.350388,75,137.347,13370.3125,100,210,10001,"[0, 100000]","[0, 100000]",0,0,1123,1025
yolov8x_training,4755.499944,75,138.885,13370.3125,47,2505,10001,"[0, 100000]","[0, 100000]",0,0,11767,26513
yolov8x_training,4756.543154,73,139.319,13370.3125,100,270,10001,"[0, 100000]","[0, 100000]",0,0,2246,5175
yolov8x_training,4757.586108,75,138.617,13370.3125,100,255,10001,"[0, 100000]","[0, 100000]",0,0,1074,3076
yolov8x_training,4758.744517,75,139.050,13370.3125,91,285,10001,"[0, 100000]","[0, 100000]",0,0,11376,25585
yolov8x_training,4759.787419,74,133.637,13370.3125,88,600,10001,"[0, 100000]","[0, 100000]",0,0,2246,5126
yolov8x_training,4760.830192,75,137.698,13370.3125,99,240,10001,"[0, 100000]","[0, 100000]",0,0,1220,1074
yolov8x_training,4761.981177,74,138.376,13370.3125,100,885,10001,"[0, 100000]","[0, 100000]",0,0,10205,34423
yolov8x_training,4763.024118,73,139.732,13370.3125,100,270,10001,"[0, 100000]","[0, 100000]",0,0,1269,9814
yolov8x_training,4764.066909,75,138.371,13370.3125,25,210,10001,"[0, 100000]","[0, 100000]",0,0,1123,4150
yolov8x_training,4765.227604,75,138.302,13370.3125,99,285,10001,"[0, 100000]","[0, 100000]",0,0,11328,25878
yolov8x_training,4766.270458,75,133.782,13370.3125,100,1065,10001,"[0, 100000]","[0, 100000]",0,0,1220,6201
yolov8x_training,4767.313242,75,137.287,13370.3125,100,270,10001,"[0, 100000]","[0, 100000]",0,0,1123,1953
yolov8x_training,4768.465257,75,138.807,13370.3125,15,210,10001,"[0, 100000]","[0, 100000]",0,0,11328,27978
yolov8x_training,4769.508106,74,142.020,13370.3125,99,285,10001,"[0, 100000]","[0, 100000]",0,0,2246,5126
yolov8x_training,4770.550909,74,138.613,13370.3125,100,285,10001,"[0, 100000]","[0, 100000]",0,0,1220,1025
yolov8x_training,4771.682624,75,138.595,13370.3125,48,240,10001,"[0, 100000]","[0, 100000]",0,0,10058,38134
yolov8x_training,4772.725715,75,139.404,13370.3125,100,2235,10001,"[0, 100000]","[0, 100000]",0,0,2099,6103
yolov8x_training,4773.768609,75,139.994,13370.3125,100,285,10001,"[0, 100000]","[0, 100000]",0,0,1123,1220
yolov8x_training,4774.909648,74,137.987,13370.3125,100,255,10001,"[0, 100000]","[0, 100000]",0,0,11376,28808
yolov8x_training,4775.952509,75,137.777,13370.3125,96,285,10001,"[0, 100000]","[0, 100000]",0,0,1562,5908
yolov8x_training,4776.995374,75,139.944,13370.3125,100,315,10001,"[0, 100000]","[0, 100000]",0,0,732,2441
yolov8x_training,4778.150224,75,137.935,13370.3125,97,240,10001,"[0, 100000]","[0, 100000]",0,0,10888,30566
yolov8x_training,4779.193072,75,138.299,13370.3125,100,915,10001,"[0, 100000]","[0, 100000]",0,0,1318,6152
yolov8x_training,4780.235781,75,141.200,13370.3125,100,375,10001,"[0, 100000]","[0, 100000]",0,0,1220,1074
yolov8x_training,4781.361581,74,138.740,13370.3125,85,255,10001,"[0, 100000]","[0, 100000]",0,0,11376,27734
yolov8x_training,4782.404409,75,138.748,13370.3125,97,360,10001,"[0, 100000]","[0, 100000]",0,0,1660,8447
yolov8x_training,4783.447183,75,138.532,13370.3125,100,210,10001,"[0, 100000]","[0, 100000]",0,0,1123,4492
yolov8x_training,4784.609831,75,137.691,13370.3125,44,300,10001,"[0, 100000]","[0, 100000]",0,0,11718,25195
yolov8x_training,4785.652592,75,139.190,13370.3125,97,285,10001,"[0, 100000]","[0, 100000]",0,0,1269,6298
yolov8x_training,4786.695333,75,142.296,13370.3125,100,300,10001,"[0, 100000]","[0, 100000]",0,0,585,2490
yolov8x_training,4787.803269,73,139.828,13370.3125,100,210,10001,"[0, 100000]","[0, 100000]",0,0,11474,28271
yolov8x_training,4788.846325,75,138.424,13370.3125,27,240,10001,"[0, 100000]","[0, 100000]",0,0,1318,6494
yolov8x_training,4789.889066,75,137.572,13370.3125,97,240,10001,"[0, 100000]","[0, 100000]",0,0,1074,1367
yolov8x_training,4791.021168,75,136.785,13370.3125,100,2265,10001,"[0, 100000]","[0, 100000]",0,0,11621,26513
yolov8x_training,4792.063948,73,138.683,13370.3125,100,270,10001,"[0, 100000]","[0, 100000]",0,0,1318,6835
yolov8x_training,4793.106649,75,138.949,13370.3125,13,210,10001,"[0, 100000]","[0, 100000]",0,0,976,1269
yolov8x_training,4794.238299,77,138.243,13370.3125,100,285,10001,"[0, 100000]","[0, 100000]",0,0,11279,28369
yolov8x_training,4795.281221,75,134.548,13370.3125,100,1080,10001,"[0, 100000]","[0, 100000]",0,0,1171,6201
yolov8x_training,4796.324040,75,138.526,13370.3125,100,255,10001,"[0, 100000]","[0, 100000]",0,0,732,2246
yolov8x_training,4797.468519,75,137.874,13370.3125,16,210,10001,"[0, 100000]","[0, 100000]",0,0,11279,28027
yolov8x_training,4798.511305,73,142.143,13370.3125,100,585,10001,"[0, 100000]","[0, 100000]",0,0,1269,6494
yolov8x_training,4799.554063,75,138.333,13370.3125,100,270,10001,"[0, 100000]","[0, 100000]",0,0,976,1318
yolov8x_training,4800.680213,75,139.370,13370.3125,51,240,10001,"[0, 100000]","[0, 100000]",0,0,10742,31445
yolov8x_training,4801.723004,75,138.631,13370.3125,100,2460,10001,"[0, 100000]","[0, 100000]",0,0,2197,5322
yolov8x_training,4802.765825,75,139.385,13370.3125,100,270,10001,"[0, 100000]","[0, 100000]",0,0,1074,1855
yolov8x_training,4803.902167,74,138.883,13370.3125,100,255,10001,"[0, 100000]","[0, 100000]",0,0,11425,29150
yolov8x_training,4804.944905,75,137.054,13370.3125,100,300,10001,"[0, 100000]","[0, 100000]",0,0,1904,5566
yolov8x_training,4805.987690,76,139.642,13370.3125,100,300,10001,"[0, 100000]","[0, 100000]",0,0,1025,3710
yolov8x_training,4807.147070,75,139.009,13370.3125,97,240,10001,"[0, 100000]","[0, 100000]",0,0,10595,33300
yolov8x_training,4808.189782,75,138.302,13370.3125,100,210,10001,"[0, 100000]","[0, 100000]",0,0,1220,6054
yolov8x_training,4809.232642,75,141.506,13370.3125,100,540,10001,"[0, 100000]","[0, 100000]",0,0,927,1367
yolov8x_training,4810.366909,74,139.265,13370.3125,81,255,10001,"[0, 100000]","[0, 100000]",0,0,10498,33935
yolov8x_training,4811.409653,75,138.928,13370.3125,97,210,10001,"[0, 100000]","[0, 100000]",0,0,1220,6103
yolov8x_training,4812.452441,75,139.083,13370.3125,100,255,10001,"[0, 100000]","[0, 100000]",0,0,683,2392
yolov8x_training,4813.584940,75,136.199,13370.3125,67,210,10001,"[0, 100000]","[0, 100000]",0,0,10595,32617
yolov8x_training,4814.627683,74,138.506,13370.3125,97,210,10001,"[0, 100000]","[0, 100000]",0,0,1367,6738
yolov8x_training,4815.670407,75,138.919,13370.3125,100,210,10001,"[0, 100000]","[0, 100000]",0,0,634,2343
yolov8x_training,4816.758827,76,139.615,13370.3125,100,270,10001,"[0, 100000]","[0, 100000]",0,0,11328,28955
yolov8x_training,4817.801569,75,136.393,13370.3125,55,240,10001,"[0, 100000]","[0, 100000]",0,0,1464,6201
yolov8x_training,4818.844248,75,138.003,13370.3125,96,240,10001,"[0, 100000]","[0, 100000]",0,0,1074,1367
yolov8x_training,4819.969712,75,139.545,13370.3125,100,2085,10001,"[0, 100000]","[0, 100000]",0,0,11376,29101
yolov8x_training,4821.012543,73,141.831,13370.3125,100,375,10001,"[0, 100000]","[0, 100000]",0,0,1220,6347
yolov8x_training,4822.055379,75,138.059,13370.3125,49,285,10001,"[0, 100000]","[0, 100000]",0,0,1220,585
yolov8x_training,4823.203506,75,139.181,13370.3125,97,225,10001,"[0, 100000]","[0, 100000]",0,0,11474,26025
yolov8x_training,4824.246617,75,133.123,13370.3125,100,2160,10001,"[0, 100000]","[0, 100000]",0,0,1220,6005
yolov8x_training,4825.289411,75,137.304,13370.3125,100,285,10001,"[0, 100000]","[0, 100000]",0,0,1074,1269
yolov8x_training,4826.439466,75,138.212,13370.3125,13,255,10001,"[0, 100000]","[0, 100000]",0,0,11816,24755
yolov8x_training,4827.482266,76,143.921,13370.3125,99,405,10001,"[0, 100000]","[0, 100000]",0,0,1171,5908
yolov8x_training,4828.525150,74,138.264,13370.3125,100,270,10001,"[0, 100000]","[0, 100000]",0,0,1171,537
yolov8x_training,4829.686131,75,138.956,13370.3125,48,240,10001,"[0, 100000]","[0, 100000]",0,0,10986,29980
yolov8x_training,4830.728953,75,138.561,13370.3125,100,2505,10001,"[0, 100000]","[0, 100000]",0,0,1904,5810
yolov8x_training,4831.771852,75,138.570,13370.3125,100,375,10001,"[0, 100000]","[0, 100000]",0,0,1220,537
yolov8x_training,4832.916134,75,138.741,13370.3125,100,270,10001,"[0, 100000]","[0, 100000]",0,0,11035,30175
yolov8x_training,4833.959088,78,140.743,13370.3125,100,345,10001,"[0, 100000]","[0, 100000]",0,0,1123,6005
yolov8x_training,4835.001767,75,139.419,13370.3125,100,315,10001,"[0, 100000]","[0, 100000]",0,0,1025,1318
yolov8x_training,4836.145908,75,134.581,13370.3125,100,300,10001,"[0, 100000]","[0, 100000]",0,0,11914,23388
yolov8x_training,4837.188672,75,136.644,13370.3125,100,360,10001,"[0, 100000]","[0, 100000]",0,0,1123,6542
yolov8x_training,4838.231464,75,139.901,13370.3125,100,345,10001,"[0, 100000]","[0, 100000]",0,0,585,2783
yolov8x_training,4839.343506,74,138.704,13370.3125,89,300,10001,"[0, 100000]","[0, 100000]",0,0,11328,28662
yolov8x_training,4840.386238,75,136.175,13370.3125,97,255,10001,"[0, 100000]","[0, 100000]",0,0,1318,6054
yolov8x_training,4841.428990,75,138.262,13370.3125,100,270,10001,"[0, 100000]","[0, 100000]",0,0,1074,1367
yolov8x_training,4842.560065,75,139.153,13370.3125,100,675,10001,"[0, 100000]","[0, 100000]",0,0,9960,38574
yolov8x_training,4843.602996,74,141.595,13370.3125,100,255,10001,"[0, 100000]","[0, 100000]",0,0,1220,6250
yolov8x_training,4844.645817,75,138.661,13370.3125,100,240,10001,"[0, 100000]","[0, 100000]",0,0,683,2539
yolov8x_training,4845.780840,74,139.251,13370.3125,44,270,10001,"[0, 100000]","[0, 100000]",0,0,10937,29345
yolov8x_training,4846.823847,75,136.823,13370.3125,100,210,10001,"[0, 100000]","[0, 100000]",0,0,1708,6201
yolov8x_training,4847.866671,75,138.022,13370.3125,100,210,10001,"[0, 100000]","[0, 100000]",0,0,976,1416
yolov8x_training,4849.005992,75,138.435,13370.3125,100,2475,10001,"[0, 100000]","[0, 100000]",0,0,10742,31738
yolov8x_training,4850.049029,73,139.760,13370.3125,100,285,10001,"[0, 100000]","[0, 100000]",0,0,1562,6152
yolov8x_training,4851.091738,75,139.418,13370.3125,99,210,10001,"[0, 100000]","[0, 100000]",0,0,1220,1074
yolov8x_training,4852.235237,76,139.600,13370.3125,97,255,10001,"[0, 100000]","[0, 100000]",0,0,11035,31005
yolov8x_training,4853.278069,75,137.949,13370.3125,100,1935,10001,"[0, 100000]","[0, 100000]",0,0,1367,6787
yolov8x_training,4854.320961,75,143.489,13370.3125,100,300,10001,"[0, 100000]","[0, 100000]",0,0,976,781
yolov8x_training,4855.431183,75,139.075,13370.3125,100,255,10001,"[0, 100000]","[0, 100000]",0,0,9765,39208
yolov8x_training,4856.474192,73,139.320,13370.3125,97,345,10001,"[0, 100000]","[0, 100000]",0,0,1171,6201
yolov8x_training,4857.516898,74,139.402,13370.3125,100,315,10001,"[0, 100000]","[0, 100000]",0,0,488,2685
yolov8x_training,4858.650362,75,134.773,13370.3125,86,240,10001,"[0, 100000]","[0, 100000]",0,0,10888,29541
yolov8x_training,4859.693169,75,137.112,13370.3125,98,375,10001,"[0, 100000]","[0, 100000]",0,0,2099,6298
yolov8x_training,4860.735992,75,138.897,13370.3125,100,420,10001,"[0, 100000]","[0, 100000]",0,0,1123,3564
yolov8x_training,4861.779073,74,137.929,13370.3125,100,210,10001,"[0, 100000]","[0, 100000]",0,0,341,244
yolov8x_training,4862.886640,73,136.366,13370.3125,98,240,10001,"[0, 100000]","[0, 100000]",0,0,11279,28125
yolov8x_training,4863.929581,75,133.764,13370.3125,0,315,10001,"[0, 100000]","[0, 100000]",0,0,1269,8593
yolov8x_training,4864.972522,74,139.809,13370.3125,100,300,10001,"[0, 100000]","[0, 100000]",0,0,1074,3857
yolov8x_training,4866.015323,75,137.549,13370.3125,100,225,10001,"[0, 100000]","[0, 100000]",0,0,2539,6591
yolov8x_training,4867.191297,75,138.479,13370.3125,100,2025,10001,"[0, 100000]","[0, 100000]",0,0,2392,5224
yolov8x_training,4868.234141,75,138.067,13370.3125,71,630,10001,"[0, 100000]","[0, 100000]",0,0,1025,1611
yolov8x_training,4869.407250,74,139.213,13370.3125,100,285,10001,"[0, 100000]","[0, 100000]",0,0,10156,36523
yolov8x_training,4870.450265,75,138.415,13370.3125,100,315,10001,"[0, 100000]","[0, 100000]",0,0,1464,6689
yolov8x_training,4871.493118,75,138.858,13370.3125,100,225,10001,"[0, 100000]","[0, 100000]",0,0,1025,878
yolov8x_training,4872.646183,75,133.741,13370.3125,89,285,10001,"[0, 100000]","[0, 100000]",0,0,10791,31005
yolov8x_training,4873.688962,75,137.770,13370.3125,98,255,10001,"[0, 100000]","[0, 100000]",0,0,1464,6542
yolov8x_training,4874.731704,75,138.568,13370.3125,100,375,10001,"[0, 100000]","[0, 100000]",0,0,683,2392
yolov8x_training,4875.880466,74,139.820,13370.3125,100,240,10001,"[0, 100000]","[0, 100000]",0,0,11474,26953
yolov8x_training,4876.923198,75,135.681,13370.3125,63,210,10001,"[0, 100000]","[0, 100000]",0,0,1562,5078
yolov8x_training,4877.966013,75,139.038,13370.3125,96,240,10001,"[0, 100000]","[0, 100000]",0,0,488,292
yolov8x_training,4879.057837,75,139.073,13370.3125,100,1665,10001,"[0, 100000]","[0, 100000]",0,0,11328,27441
yolov8x_training,4880.100629,74,140.966,13370.3125,100,270,10001,"[0, 100000]","[0, 100000]",0,0,1513,7080
yolov8x_training,4881.143442,75,138.419,13370.3125,55,255,10001,"[0, 100000]","[0, 100000]",0,0,732,2392
yolov8x_training,4882.323588,73,138.642,13370.3125,97,270,10001,"[0, 100000]","[0, 100000]",0,0,10742,31005
yolov8x_training,4883.366319,75,135.209,13370.3125,100,285,10001,"[0, 100000]","[0, 100000]",0,0,1416,8007
yolov8x_training,4884.409110,75,137.586,13370.3125,100,255,10001,"[0, 100000]","[0, 100000]",0,0,585,2587
yolov8x_training,4885.564885,75,137.788,13370.3125,100,1575,10001,"[0, 100000]","[0, 100000]",0,0,10839,30908
yolov8x_training,4886.607631,74,141.175,13370.3125,100,285,10001,"[0, 100000]","[0, 100000]",0,0,1513,5761
yolov8x_training,4887.650588,75,138.299,13370.3125,100,240,10001,"[0, 100000]","[0, 100000]",0,0,1025,683
yolov8x_training,4888.794954,73,139.043,13370.3125,79,270,10001,"[0, 100000]","[0, 100000]",0,0,11425,25878
yolov8x_training,4889.837736,75,140.066,13370.3125,100,630,10001,"[0, 100000]","[0, 100000]",0,0,1464,4638
yolov8x_training,4890.880471,75,138.773,13370.3125,100,240,10001,"[0, 100000]","[0, 100000]",0,0,1025,439
yolov8x_training,4892.020314,75,136.881,13370.3125,100,2505,10001,"[0, 100000]","[0, 100000]",0,0,10156,36816
yolov8x_training,4893.063491,73,142.686,13370.3125,100,405,10001,"[0, 100000]","[0, 100000]",0,0,1513,6494
yolov8x_training,4894.106217,75,139.944,13370.3125,100,270,10001,"[0, 100000]","[0, 100000]",0,0,976,927
yolov8x_training,4895.265186,75,139.187,13370.3125,98,240,10001,"[0, 100000]","[0, 100000]",0,0,10009,33886
yolov8x_training,4896.308068,74,138.727,13370.3125,100,1500,10001,"[0, 100000]","[0, 100000]",0,0,1367,6640
yolov8x_training,4897.350805,75,140.404,13370.3125,100,285,10001,"[0, 100000]","[0, 100000]",0,0,927,341
yolov8x_training,4898.480959,75,137.729,13370.3125,70,210,10001,"[0, 100000]","[0, 100000]",0,0,10009,36718
yolov8x_training,4899.523897,73,138.532,13370.3125,97,525,10001,"[0, 100000]","[0, 100000]",0,0,1416,7666
yolov8x_training,4900.566754,75,139.621,13370.3125,100,270,10001,"[0, 100000]","[0, 100000]",0,0,634,2343
yolov8x_training,4901.706025,75,138.791,13370.3125,15,210,10001,"[0, 100000]","[0, 100000]",0,0,10107,35400
yolov8x_training,4902.748908,75,138.908,13370.3125,97,2475,10001,"[0, 100000]","[0, 100000]",0,0,1464,6445
yolov8x_training,4903.791674,75,142.687,13370.3125,100,585,10001,"[0, 100000]","[0, 100000]",0,0,976,878
yolov8x_training,4904.904469,74,140.283,13370.3125,100,270,10001,"[0, 100000]","[0, 100000]",0,0,10107,36376
yolov8x_training,4905.947417,75,139.253,13370.3125,10,315,10001,"[0, 100000]","[0, 100000]",0,0,1416,6933
yolov8x_training,4906.990139,75,139.216,13370.3125,99,225,10001,"[0, 100000]","[0, 100000]",0,0,585,2343
yolov8x_training,4908.125377,75,134.535,13370.3125,100,270,10001,"[0, 100000]","[0, 100000]",0,0,10156,35546
yolov8x_training,4909.168202,75,138.459,13370.3125,100,255,10001,"[0, 100000]","[0, 100000]",0,0,1416,5810
yolov8x_training,4910.211119,75,138.697,13370.3125,20,315,10001,"[0, 100000]","[0, 100000]",0,0,976,732
yolov8x_training,4911.354686,74,139.317,13370.3125,100,225,10001,"[0, 100000]","[0, 100000]",0,0,11376,27685
yolov8x_training,4912.397472,75,135.041,13370.3125,100,225,10001,"[0, 100000]","[0, 100000]",0,0,1416,6640
yolov8x_training,4913.440249,75,137.421,13370.3125,100,285,10001,"[0, 100000]","[0, 100000]",0,0,1123,537
yolov8x_training,4914.573914,75,135.279,13370.3125,100,660,10001,"[0, 100000]","[0, 100000]",0,0,11181,28173
yolov8x_training,4915.616728,74,139.491,13370.3125,100,225,10001,"[0, 100000]","[0, 100000]",0,0,1464,5615
yolov8x_training,4916.659461,75,138.251,13370.3125,100,240,10001,"[0, 100000]","[0, 100000]",0,0,634,2343
yolov8x_training,4917.776961,73,139.130,13370.3125,91,270,10001,"[0, 100000]","[0, 100000]",0,0,11083,28027
yolov8x_training,4918.819759,75,140.363,13370.3125,100,450,10001,"[0, 100000]","[0, 100000]",0,0,1513,5615
yolov8x_training,4919.862524,75,138.290,13370.3125,100,240,10001,"[0, 100000]","[0, 100000]",0,0,878,1367
yolov8x_training,4920.989769,75,138.582,13370.3125,100,210,10001,"[0, 100000]","[0, 100000]",0,0,11279,28076
yolov8x_training,4922.032592,73,142.910,13370.3125,90,285,10001,"[0, 100000]","[0, 100000]",0,0,1464,5761
yolov8x_training,4923.075371,75,139.241,13370.3125,100,285,10001,"[0, 100000]","[0, 100000]",0,0,976,732
yolov8x_training,4924.231978,77,139.083,13370.3125,100,240,10001,"[0, 100000]","[0, 100000]",0,0,11083,28271
yolov8x_training,4925.274795,75,138.233,13370.3125,100,2490,10001,"[0, 100000]","[0, 100000]",0,0,1513,5761
yolov8x_training,4926.317811,75,141.210,13370.3125,100,285,10001,"[0, 100000]","[0, 100000]",0,0,781,1464
yolov8x_training,4927.469405,75,137.548,13370.3125,76,240,10001,"[0, 100000]","[0, 100000]",0,0,10986,29345
yolov8x_training,4928.512186,73,138.455,13370.3125,96,330,10001,"[0, 100000]","[0, 100000]",0,0,1464,7031
yolov8x_training,4929.554910,75,139.279,13370.3125,100,300,10001,"[0, 100000]","[0, 100000]",0,0,878,1074
yolov8x_training,4930.676615,75,138.870,13370.3125,24,210,10001,"[0, 100000]","[0, 100000]",0,0,11328,27636
yolov8x_training,4931.719407,75,138.333,13370.3125,97,240,10001,"[0, 100000]","[0, 100000]",0,0,1416,6494
yolov8x_training,4932.762224,75,138.294,13370.3125,100,330,10001,"[0, 100000]","[0, 100000]",0,0,927,1318
yolov8x_training,4933.902212,73,139.214,13370.3125,100,225,10001,"[0, 100000]","[0, 100000]",0,0,11328,27246
yolov8x_training,4934.945003,75,138.845,13370.3125,0,330,10001,"[0, 100000]","[0, 100000]",0,0,1220,9619
yolov8x_training,4935.987906,74,137.390,13370.3125,66,285,10001,"[0, 100000]","[0, 100000]",0,0,1074,3662
yolov8x_training,4937.030656,75,138.608,13370.3125,99,240,10001,"[0, 100000]","[0, 100000]",0,0,292,1034667
yolov8x_training,4938.073465,74,138.808,13370.3125,100,2055,10001,"[0, 100000]","[0, 100000]",0,0,2050,9375
yolov8x_training,4939.116138,74,140.049,13370.3125,100,285,10001,"[0, 100000]","[0, 100000]",0,0,1611,4589
yolov8x_training,4940.158899,75,138.547,13370.3125,53,225,10001,"[0, 100000]","[0, 100000]",0,0,1123,61181
yolov8x_training,4941.292914,75,139.015,13370.3125,99,270,10001,"[0, 100000]","[0, 100000]",0,0,11279,29345
yolov8x_training,4942.335693,75,138.918,13370.3125,100,720,10001,"[0, 100000]","[0, 100000]",0,0,1464,6738
yolov8x_training,4943.378449,75,136.964,13370.3125,100,225,10001,"[0, 100000]","[0, 100000]",0,0,976,37109
yolov8x_training,4944.505731,75,138.209,13370.3125,21,555,10001,"[0, 100000]","[0, 100000]",0,0,10742,31591
yolov8x_training,4945.548511,76,142.876,13370.3125,99,495,10001,"[0, 100000]","[0, 100000]",0,0,1367,6982
yolov8x_training,4946.591417,75,139.100,13370.3125,100,270,10001,"[0, 100000]","[0, 100000]",0,0,585,17138
yolov8x_training,4947.728136,75,139.447,13370.3125,51,210,10001,"[0, 100000]","[0, 100000]",0,0,9375,41601
yolov8x_training,4948.770987,75,138.960,13370.3125,100,2190,10001,"[0, 100000]","[0, 100000]",0,0,1416,6933
yolov8x_training,4949.813781,75,140.211,13370.3125,100,300,10001,"[0, 100000]","[0, 100000]",0,0,683,2734
yolov8x_training,4950.983412,74,137.278,13370.3125,100,300,10001,"[0, 100000]","[0, 100000]",0,0,11621,25097
yolov8x_training,4952.026159,75,139.531,13370.3125,82,360,10001,"[0, 100000]","[0, 100000]",0,0,1416,7080
yolov8x_training,4953.069180,75,140.240,13370.3125,100,300,10001,"[0, 100000]","[0, 100000]",0,0,1074,84423
yolov8x_training,4954.204393,75,138.369,13370.3125,98,240,10001,"[0, 100000]","[0, 100000]",0,0,10986,29833
yolov8x_training,4955.247164,75,138.409,13370.3125,100,810,10001,"[0, 100000]","[0, 100000]",0,0,1416,6689
yolov8x_training,4956.289892,75,143.649,13370.3125,100,615,10001,"[0, 100000]","[0, 100000]",0,0,878,30126
yolov8x_training,4957.423884,74,138.162,13370.3125,73,240,10001,"[0, 100000]","[0, 100000]",0,0,9863,38232
yolov8x_training,4958.466810,75,138.606,13370.3125,96,300,10001,"[0, 100000]","[0, 100000]",0,0,1464,7714
yolov8x_training,4959.509553,75,139.691,13370.3125,100,210,10001,"[0, 100000]","[0, 100000]",0,0,927,31494
yolov8x_training,4960.645931,75,136.421,13370.3125,42,240,10001,"[0, 100000]","[0, 100000]",0,0,10107,35791
yolov8x_training,4961.688747,75,138.086,13370.3125,97,240,10001,"[0, 100000]","[0, 100000]",0,0,1220,6884
yolov8x_training,4962.731472,75,138.777,13370.3125,100,360,10001,"[0, 100000]","[0, 100000]",0,0,781,2539
yolov8x_training,4963.888444,74,138.786,13370.3125,100,225,10001,"[0, 100000]","[0, 100000]",0,0,10791,29931
yolov8x_training,4964.931244,75,139.237,13370.3125,12,255,10001,"[0, 100000]","[0, 100000]",0,0,1416,6542
yolov8x_training,4965.974021,75,137.787,13370.3125,100,270,10001,"[0, 100000]","[0, 100000]",0,0,927,1513
yolov8x_training,4967.142828,75,136.243,13370.3125,100,270,10001,"[0, 100000]","[0, 100000]",0,0,10205,33984
yolov8x_training,4968.185606,75,137.927,13370.3125,100,270,10001,"[0, 100000]","[0, 100000]",0,0,1464,6933
yolov8x_training,4969.228275,74,138.146,13370.3125,62,360,10001,"[0, 100000]","[0, 100000]",0,0,439,3222
yolov8x_training,4970.376282,73,139.662,13370.3125,100,270,10001,"[0, 100000]","[0, 100000]",0,0,10253,34033
yolov8x_training,4971.419240,75,138.512,13370.3125,100,210,10001,"[0, 100000]","[0, 100000]",0,0,1464,6494
yolov8x_training,4972.461999,75,137.719,13370.3125,100,285,10001,"[0, 100000]","[0, 100000]",0,0,1074,62304
yolov8x_training,4973.582171,75,133.416,13370.3125,100,720,10001,"[0, 100000]","[0, 100000]",0,0,10791,29541
yolov8x_training,4974.625006,73,138.149,13370.3125,98,240,10001,"[0, 100000]","[0, 100000]",0,0,1416,7910
yolov8x_training,4975.667732,75,137.950,13370.3125,100,240,10001,"[0, 100000]","[0, 100000]",0,0,537,2832
yolov8x_training,4976.808569,76,139.558,13370.3125,100,255,10001,"[0, 100000]","[0, 100000]",0,0,11425,29882
yolov8x_training,4977.851283,75,135.799,13370.3125,80,210,10001,"[0, 100000]","[0, 100000]",0,0,1513,6494
yolov8x_training,4978.894066,75,137.928,13370.3125,96,240,10001,"[0, 100000]","[0, 100000]",0,0,634,3271
yolov8x_training,4980.044328,74,139.077,13370.3125,100,2145,10001,"[0, 100000]","[0, 100000]",0,0,11230,29003
yolov8x_training,4981.087194,73,137.942,13370.3125,100,285,10001,"[0, 100000]","[0, 100000]",0,0,1367,7177
yolov8x_training,4982.129940,75,137.684,13370.3125,32,255,10001,"[0, 100000]","[0, 100000]",0,0,1123,1855
yolov8x_training,4983.321077,76,139.489,13370.3125,100,255,10001,"[0, 100000]","[0, 100000]",0,0,11865,23291
yolov8x_training,4984.363851,75,134.591,13370.3125,100,255,10001,"[0, 100000]","[0, 100000]",0,0,1513,4687
yolov8x_training,4985.406674,75,138.958,13370.3125,100,225,10001,"[0, 100000]","[0, 100000]",0,0,4638,96337
yolov8x_training,4986.521629,75,138.483,13370.3125,46,1252,10001,"[0, 100000]","[0, 100000]",0,0,11376,28808
yolov8x_training,4987.564572,73,141.379,13370.3125,100,285,10001,"[0, 100000]","[0, 100000]",0,0,1464,6933
yolov8x_training,4988.607403,74,139.013,13370.3125,100,270,10001,"[0, 100000]","[0, 100000]",0,0,878,26123
yolov8x_training,4989.751265,75,137.858,13370.3125,68,225,10001,"[0, 100000]","[0, 100000]",0,0,10205,38232
yolov8x_training,4990.794475,75,139.667,13370.3125,100,1140,10001,"[0, 100000]","[0, 100000]",0,0,1416,6689
yolov8x_training,4991.837259,75,139.139,13370.3125,100,315,10001,"[0, 100000]","[0, 100000]",0,0,976,34619
yolov8x_training,4992.993178,75,137.383,13370.3125,100,210,10001,"[0, 100000]","[0, 100000]",0,0,11621,24755
yolov8x_training,4994.035969,77,143.633,13370.3125,100,525,10001,"[0, 100000]","[0, 100000]",0,0,1416,7128
yolov8x_training,4995.078765,75,139.124,13370.3125,100,270,10001,"[0, 100000]","[0, 100000]",0,0,634,24316
yolov8x_training,4996.226230,75,138.204,13370.3125,97,255,10001,"[0, 100000]","[0, 100000]",0,0,10742,30859
yolov8x_training,4997.269465,75,139.482,13370.3125,100,2460,10001,"[0, 100000]","[0, 100000]",0,0,1611,4394
yolov8x_training,4998.312398,75,140.532,13370.3125,100,270,10001,"[0, 100000]","[0, 100000]",0,0,1074,58789
yolov8x_training,4999.433327,74,139.172,13370.3125,40,240,10001,"[0, 100000]","[0, 100000]",0,0,11181,28076
yolov8x_training,5000.476238,75,139.163,13370.3125,96,255,10001,"[0, 100000]","[0, 100000]",0,0,1513,4687
yolov8x_training,5001.519126,75,138.928,13370.3125,100,255,10001,"[0, 100000]","[0, 100000]",0,0,5615,89843
yolov8x_training,5002.646006,75,136.268,13370.3125,47,270,10001,"[0, 100000]","[0, 100000]",0,0,11132,29101
yolov8x_training,5003.688787,75,138.418,13370.3125,97,240,10001,"[0, 100000]","[0, 100000]",0,0,1464,6494
yolov8x_training,5004.731525,75,137.547,13370.3125,100,360,10001,"[0, 100000]","[0, 100000]",0,0,976,29589
yolov8x_training,5005.860536,73,139.448,13370.3125,100,300,10001,"[0, 100000]","[0, 100000]",0,0,11425,26806
yolov8x_training,5006.903314,75,138.685,13370.3125,25,210,10001,"[0, 100000]","[0, 100000]",0,0,1416,7617
yolov8x_training,5007.946062,75,139.214,13370.3125,97,240,10001,"[0, 100000]","[0, 100000]",0,0,1074,53271
yolov8x_training,5009.104773,75,133.464,13370.3125,100,1590,10001,"[0, 100000]","[0, 100000]",0,0,10009,36914
yolov8x_training,5010.147681,74,137.870,13370.3125,100,225,10001,"[0, 100000]","[0, 100000]",0,0,1416,7617
yolov8x_training,5011.190474,75,139.165,13370.3125,32,255,10001,"[0, 100000]","[0, 100000]",0,0,634,5908
yolov8x_training,5012.344473,73,138.406,13370.3125,100,240,10001,"[0, 100000]","[0, 100000]",0,0,11230,28125
yolov8x_training,5013.387224,75,137.338,13370.3125,100,285,10001,"[0, 100000]","[0, 100000]",0,0,1562,4931
yolov8x_training,5014.430010,75,138.334,13370.3125,100,255,10001,"[0, 100000]","[0, 100000]",0,0,830,26464
yolov8x_training,5015.569913,75,138.172,13370.3125,100,2190,10001,"[0, 100000]","[0, 100000]",0,0,11279,27343
yolov8x_training,5016.612931,73,137.108,13370.3125,98,240,10001,"[0, 100000]","[0, 100000]",0,0,1318,6933
yolov8x_training,5017.655708,75,138.674,13370.3125,100,255,10001,"[0, 100000]","[0, 100000]",0,0,927,1562
yolov8x_training,5018.802523,76,139.538,13370.3125,100,270,10001,"[0, 100000]","[0, 100000]",0,0,10888,30029
yolov8x_training,5019.845315,74,135.518,13370.3125,86,645,10001,"[0, 100000]","[0, 100000]",0,0,1464,7080
yolov8x_training,5020.888113,75,138.429,13370.3125,96,225,10001,"[0, 100000]","[0, 100000]",0,0,976,35693
yolov8x_training,5022.053253,74,137.249,13370.3125,100,2490,10001,"[0, 100000]","[0, 100000]",0,0,12207,20898
yolov8x_training,5023.096070,73,140.032,13370.3125,100,435,10001,"[0, 100000]","[0, 100000]",0,0,1416,5224
yolov8x_training,5024.138799,75,137.761,13370.3125,53,270,10001,"[0, 100000]","[0, 100000]",0,0,1025,70849
yolov8x_training,5025.294180,75,138.534,13370.3125,100,285,10001,"[0, 100000]","[0, 100000]",0,0,12255,22509
yolov8x_training,5026.337050,75,134.074,13370.3125,100,1350,10001,"[0, 100000]","[0, 100000]",0,0,1416,6689
yolov8x_training,5027.379879,75,137.980,13370.3125,100,240,10001,"[0, 100000]","[0, 100000]",0,0,634,18359
yolov8x_training,5028.506890,75,139.492,13370.3125,58,2385,10001,"[0, 100000]","[0, 100000]",0,0,10253,34326
yolov8x_training,5029.549656,74,140.476,13370.3125,100,390,10001,"[0, 100000]","[0, 100000]",0,0,1464,7177
yolov8x_training,5030.592525,74,138.634,13370.3125,100,285,10001,"[0, 100000]","[0, 100000]",0,0,634,2832
yolov8x_training,5031.720542,75,138.992,13370.3125,65,210,10001,"[0, 100000]","[0, 100000]",0,0,11132,29150
yolov8x_training,5032.763307,75,138.905,13370.3125,100,2505,10001,"[0, 100000]","[0, 100000]",0,0,1416,6738
yolov8x_training,5033.806114,75,140.583,13370.3125,100,315,10001,"[0, 100000]","[0, 100000]",0,0,683,2734
yolov8x_training,5034.985985,75,137.032,13370.3125,100,210,10001,"[0, 100000]","[0, 100000]",0,0,10302,37158
yolov8x_training,5036.028975,76,143.209,13370.3125,100,360,10001,"[0, 100000]","[0, 100000]",0,0,1513,5615
yolov8x_training,5037.071796,75,140.049,13370.3125,100,315,10001,"[0, 100000]","[0, 100000]",0,0,1025,59130
yolov8x_training,5038.212413,75,138.203,13370.3125,97,225,10001,"[0, 100000]","[0, 100000]",0,0,10595,32080
yolov8x_training,5039.255268,75,139.374,13370.3125,100,1470,10001,"[0, 100000]","[0, 100000]",0,0,1660,4687
yolov8x_training,5040.298106,75,140.557,13370.3125,100,435,10001,"[0, 100000]","[0, 100000]",0,0,634,21679
yolov8x_training,5041.453088,75,138.309,13370.3125,29,255,10001,"[0, 100000]","[0, 100000]",0,0,10253,37695
yolov8x_training,5042.496120,75,140.264,13370.3125,98,360,10001,"[0, 100000]","[0, 100000]",0,0,1464,6689
yolov8x_training,5043.538845,75,139.754,13370.3125,100,315,10001,"[0, 100000]","[0, 100000]",0,0,683,16308
yolov8x_training,5044.684144,75,138.636,13370.3125,28,240,10001,"[0, 100000]","[0, 100000]",0,0,11328,27587
yolov8x_training,5045.726902,75,139.243,13370.3125,100,255,10001,"[0, 100000]","[0, 100000]",0,0,1464,6640
yolov8x_training,5046.769815,75,143.776,13370.3125,100,330,10001,"[0, 100000]","[0, 100000]",0,0,976,32226
yolov8x_training,5047.906561,74,138.992,13370.3125,100,240,10001,"[0, 100000]","[0, 100000]",0,0,12011,24316
yolov8x_training,5048.949336,75,138.381,13370.3125,35,240,10001,"[0, 100000]","[0, 100000]",0,0,1464,5468
yolov8x_training,5049.992135,75,139.314,13370.3125,100,285,10001,"[0, 100000]","[0, 100000]",0,0,9765,56689
yolov8x_training,5051.091990,75,134.383,13370.3125,100,675,10001,"[0, 100000]","[0, 100000]",0,0,10156,34912
yolov8x_training,5052.134811,74,138.048,13370.3125,100,255,10001,"[0, 100000]","[0, 100000]",0,0,1416,5664
yolov8x_training,5053.177538,75,138.294,13370.3125,22,210,10001,"[0, 100000]","[0, 100000]",0,0,4296,87011
yolov8x_training,5054.280522,76,139.200,13370.3125,100,270,10001,"[0, 100000]","[0, 100000]",0,0,10156,38818
yolov8x_training,5055.323899,74,135.913,13370.3125,100,1635,10001,"[0, 100000]","[0, 100000]",0,0,1416,6884
yolov8x_training,5056.366720,75,136.931,13370.3125,100,255,10001,"[0, 100000]","[0, 100000]",0,0,1074,1464
yolov8x_training,5057.548080,75,137.393,13370.3125,79,2505,10001,"[0, 100000]","[0, 100000]",0,0,10205,36035
yolov8x_training,5058.590999,73,138.053,13370.3125,100,360,10001,"[0, 100000]","[0, 100000]",0,0,1611,5615
yolov8x_training,5059.633825,75,138.512,13370.3125,100,285,10001,"[0, 100000]","[0, 100000]",0,0,4150,82910
yolov8x_training,5060.754706,75,138.875,13370.3125,91,240,10001,"[0, 100000]","[0, 100000]",0,0,11279,28759
yolov8x_training,5061.798015,75,138.394,13370.3125,100,2475,10001,"[0, 100000]","[0, 100000]",0,0,1513,7568
yolov8x_training,5062.841062,75,141.299,13370.3125,97,315,10001,"[0, 100000]","[0, 100000]",0,0,634,2636
yolov8x_training,5064.014732,75,136.729,13370.3125,100,210,10001,"[0, 100000]","[0, 100000]",0,0,11376,28320
yolov8x_training,5065.057552,73,138.829,13370.3125,100,525,10001,"[0, 100000]","[0, 100000]",0,0,1367,6445
yolov8x_training,5066.100355,75,138.861,13370.3125,56,285,10001,"[0, 100000]","[0, 100000]",0,0,683,21777
yolov8x_training,5067.259235,75,139.091,13370.3125,98,240,10001,"[0, 100000]","[0, 100000]",0,0,11474,27246
yolov8x_training,5068.302143,75,138.875,13370.3125,100,2475,10001,"[0, 100000]","[0, 100000]",0,0,1513,6005
yolov8x_training,5069.345109,75,142.232,13370.3125,91,300,10001,"[0, 100000]","[0, 100000]",0,0,4492,100244
yolov8x_training,5070.442124,75,140.150,13370.3125,100,270,10001,"[0, 100000]","[0, 100000]",0,0,11425,27343
yolov8x_training,5071.485027,75,138.705,13370.3125,100,315,10001,"[0, 100000]","[0, 100000]",0,0,1611,5419
yolov8x_training,5072.527910,75,138.164,13370.3125,100,210,10001,"[0, 100000]","[0, 100000]",0,0,634,22265
yolov8x_training,5073.655924,75,133.806,13370.3125,100,210,10001,"[0, 100000]","[0, 100000]",0,0,11083,29931
yolov8x_training,5074.698742,75,137.914,13370.3125,96,240,10001,"[0, 100000]","[0, 100000]",0,0,1416,6933
yolov8x_training,5075.741476,75,139.142,13370.3125,100,360,10001,"[0, 100000]","[0, 100000]",0,0,390,3906
yolov8x_training,5076.912524,74,138.035,13370.3125,100,240,10001,"[0, 100000]","[0, 100000]",0,0,11230,28662
yolov8x_training,5077.955474,75,136.357,13370.3125,50,315,10001,"[0, 100000]","[0, 100000]",0,0,1220,7714
yolov8x_training,5078.998256,75,138.954,13370.3125,97,255,10001,"[0, 100000]","[0, 100000]",0,0,634,3125
yolov8x_training,5080.167207,75,133.748,13370.3125,100,255,10001,"[0, 100000]","[0, 100000]",0,0,11083,30224
yolov8x_training,5081.210266,75,137.685,13370.3125,100,240,10001,"[0, 100000]","[0, 100000]",0,0,1416,5761
yolov8x_training,5082.253183,75,138.143,13370.3125,11,360,10001,"[0, 100000]","[0, 100000]",0,0,927,33447
yolov8x_training,5083.387275,74,138.309,13370.3125,100,255,10001,"[0, 100000]","[0, 100000]",0,0,11328,28613
yolov8x_training,5084.430036,75,135.871,13370.3125,100,270,10001,"[0, 100000]","[0, 100000]",0,0,1416,7275
yolov8x_training,5085.472908,75,137.750,13370.3125,100,270,10001,"[0, 100000]","[0, 100000]",0,0,488,2734
yolov8x_training,5086.515976,75,131.795,13370.3125,78,240,10001,"[0, 100000]","[0, 100000]",0,0,292,292
yolov8x_training,5087.616901,75,129.077,13370.3125,100,2295,10001,"[0, 100000]","[0, 100000]",0,0,10156,36523
yolov8x_training,5088.660059,74,138.023,13370.3125,96,270,10001,"[0, 100000]","[0, 100000]",0,0,2246,7128
yolov8x_training,5089.702739,75,138.896,13370.3125,100,465,10001,"[0, 100000]","[0, 100000]",0,0,1074,3808
yolov8x_training,5090.745492,74,139.345,13370.3125,100,285,10001,"[0, 100000]","[0, 100000]",0,0,1562,76269
yolov8x_training,5091.926357,75,136.250,13370.3125,64,240,10001,"[0, 100000]","[0, 100000]",0,0,1416,6933
yolov8x_training,5092.969096,75,137.554,13370.3125,98,255,10001,"[0, 100000]","[0, 100000]",0,0,1123,1660
yolov8x_training,5094.119102,75,138.967,13370.3125,100,225,10001,"[0, 100000]","[0, 100000]",0,0,10791,31884
yolov8x_training,5095.161840,74,138.961,13370.3125,100,255,10001,"[0, 100000]","[0, 100000]",0,0,1416,6250
yolov8x_training,5096.204721,75,138.976,13370.3125,17,315,10001,"[0, 100000]","[0, 100000]",0,0,488,2685
yolov8x_training,5097.311690,73,138.724,13370.3125,97,255,10001,"[0, 100000]","[0, 100000]",0,0,11474,27880
yolov8x_training,5098.354441,75,139.324,13370.3125,100,300,10001,"[0, 100000]","[0, 100000]",0,0,1416,6640
yolov8x_training,5099.397213,75,140.045,13370.3125,100,240,10001,"[0, 100000]","[0, 100000]",0,0,634,2294
yolov8x_training,5100.514845,75,138.291,13370.3125,44,210,10001,"[0, 100000]","[0, 100000]",0,0,10058,38769
yolov8x_training,5101.557727,73,138.167,13370.3125,96,480,10001,"[0, 100000]","[0, 100000]",0,0,1464,6982
yolov8x_training,5102.600563,75,139.219,13370.3125,100,270,10001,"[0, 100000]","[0, 100000]",0,0,927,1464
yolov8x_training,5103.643386,75,137.392,13370.3125,44,270,10001,"[0, 100000]","[0, 100000]",0,0,292,292
yolov8x_training,5104.766368,77,130.671,13370.3125,0,270,10001,"[0, 100000]","[0, 100000]",0,0,11132,29785
yolov8x_training,5105.809352,75,125.428,13370.3125,100,2160,10001,"[0, 100000]","[0, 100000]",0,0,1123,11962
yolov8x_training,5106.852105,75,138.432,13370.3125,100,240,10001,"[0, 100000]","[0, 100000]",0,0,1123,4052
yolov8x_training,5108.020215,75,138.749,13370.3125,100,1230,10001,"[0, 100000]","[0, 100000]",0,0,10937,29589
yolov8x_training,5109.063044,73,141.567,13370.3125,100,315,10001,"[0, 100000]","[0, 100000]",0,0,1123,6005
yolov8x_training,5110.105736,75,139.590,13370.3125,100,285,10001,"[0, 100000]","[0, 100000]",0,0,1171,732
yolov8x_training,5111.252154,77,138.515,13370.3125,97,270,10001,"[0, 100000]","[0, 100000]",0,0,11279,27685
yolov8x_training,5112.294964,74,138.195,13370.3125,100,2175,10001,"[0, 100000]","[0, 100000]",0,0,1513,6201
yolov8x_training,5113.337742,75,142.506,13370.3125,100,315,10001,"[0, 100000]","[0, 100000]",0,0,683,2783
yolov8x_training,5114.471415,74,138.892,13370.3125,94,255,10001,"[0, 100000]","[0, 100000]",0,0,10009,38623
yolov8x_training,5115.514295,73,139.684,13370.3125,95,360,10001,"[0, 100000]","[0, 100000]",0,0,1367,6201
yolov8x_training,5116.557037,74,138.351,13370.3125,100,300,10001,"[0, 100000]","[0, 100000]",0,0,781,1367
yolov8x_training,5117.679454,75,136.213,13370.3125,75,210,10001,"[0, 100000]","[0, 100000]",0,0,11816,24267
yolov8x_training,5118.722225,75,137.128,13370.3125,98,285,10001,"[0, 100000]","[0, 100000]",0,0,1318,6298
yolov8x_training,5119.764960,75,138.939,13370.3125,100,450,10001,"[0, 100000]","[0, 100000]",0,0,1220,585
yolov8x_training,5120.881145,74,139.527,13370.3125,100,315,10001,"[0, 100000]","[0, 100000]",0,0,11132,29296
yolov8x_training,5121.923961,75,137.616,13370.3125,44,255,10001,"[0, 100000]","[0, 100000]",0,0,1269,6347
yolov8x_training,5122.966660,75,138.259,13370.3125,96,255,10001,"[0, 100000]","[0, 100000]",0,0,927,1318
yolov8x_training,5124.095471,75,137.099,13370.3125,100,1965,10001,"[0, 100000]","[0, 100000]",0,0,10693,32275
yolov8x_training,5125.138257,74,139.383,13370.3125,100,240,10001,"[0, 100000]","[0, 100000]",0,0,1318,6787
yolov8x_training,5126.181015,75,138.970,13370.3125,44,240,10001,"[0, 100000]","[0, 100000]",0,0,634,2392
yolov8x_training,5127.287279,73,139.234,13370.3125,98,285,10001,"[0, 100000]","[0, 100000]",0,0,10595,32031
yolov8x_training,5128.330129,75,137.071,13370.3125,100,615,10001,"[0, 100000]","[0, 100000]",0,0,2099,5810
yolov8x_training,5129.372952,75,137.461,13370.3125,100,240,10001,"[0, 100000]","[0, 100000]",0,0,1318,1171
yolov8x_training,5130.533851,75,137.721,13370.3125,21,210,10001,"[0, 100000]","[0, 100000]",0,0,11083,28955
yolov8x_training,5131.576638,74,138.162,13370.3125,98,315,10001,"[0, 100000]","[0, 100000]",0,0,1318,6445
yolov8x_training,5132.619381,75,139.364,13370.3125,100,285,10001,"[0, 100000]","[0, 100000]",0,0,634,2490
yolov8x_training,5133.720355,75,139.487,13370.3125,19,225,10001,"[0, 100000]","[0, 100000]",0,0,11328,29101
yolov8x_training,5134.763079,76,138.267,13370.3125,100,1252,10001,"[0, 100000]","[0, 100000]",0,0,1318,6103
yolov8x_training,5135.805785,75,143.011,13370.3125,100,270,10001,"[0, 100000]","[0, 100000]",0,0,1074,1269
yolov8x_training,5136.945708,74,139.460,13370.3125,100,270,10001,"[0, 100000]","[0, 100000]",0,0,11328,29003
yolov8x_training,5137.988485,75,139.192,13370.3125,40,375,10001,"[0, 100000]","[0, 100000]",0,0,1318,6103
yolov8x_training,5139.031361,75,140.007,13370.3125,100,315,10001,"[0, 100000]","[0, 100000]",0,0,634,2587
yolov8x_training,5140.163845,75,134.694,13370.3125,100,210,10001,"[0, 100000]","[0, 100000]",0,0,11328,29248
yolov8x_training,5141.206647,75,138.316,13370.3125,100,210,10001,"[0, 100000]","[0, 100000]",0,0,1318,6835
yolov8x_training,5142.249338,75,138.667,13370.3125,42,345,10001,"[0, 100000]","[0, 100000]",0,0,488,2734
yolov8x_training,5143.401661,74,138.320,13370.3125,100,270,10001,"[0, 100000]","[0, 100000]",0,0,11132,29199
yolov8x_training,5144.444433,75,138.621,13370.3125,100,240,10001,"[0, 100000]","[0, 100000]",0,0,1318,6054
yolov8x_training,5145.487113,75,138.599,13370.3125,100,270,10001,"[0, 100000]","[0, 100000]",0,0,683,2587
yolov8x_training,5146.609455,75,135.769,13370.3125,100,810,10001,"[0, 100000]","[0, 100000]",0,0,10888,30224
yolov8x_training,5147.652256,74,138.025,13370.3125,100,255,10001,"[0, 100000]","[0, 100000]",0,0,1318,6250
yolov8x_training,5148.694996,75,138.714,13370.3125,100,255,10001,"[0, 100000]","[0, 100000]",0,0,634,2587
yolov8x_training,5149.806887,73,138.394,13370.3125,89,270,10001,"[0, 100000]","[0, 100000]",0,0,10009,36279
yolov8x_training,5150.849811,75,133.740,13370.3125,100,375,10001,"[0, 100000]","[0, 100000]",0,0,1367,6201
yolov8x_training,5151.892546,75,137.776,13370.3125,100,225,10001,"[0, 100000]","[0, 100000]",0,0,927,1171
yolov8x_training,5153.009548,75,138.139,13370.3125,100,210,10001,"[0, 100000]","[0, 100000]",0,0,11376,27636
yolov8x_training,5154.052320,73,137.856,13370.3125,100,540,10001,"[0, 100000]","[0, 100000]",0,0,1220,6201
yolov8x_training,5155.095112,75,139.081,13370.3125,100,285,10001,"[0, 100000]","[0, 100000]",0,0,1171,1074
yolov8x_training,5156.228451,77,139.075,13370.3125,99,225,10001,"[0, 100000]","[0, 100000]",0,0,11816,24169
yolov8x_training,5157.271261,75,138.916,13370.3125,100,2505,10001,"[0, 100000]","[0, 100000]",0,0,1220,6689
yolov8x_training,5158.314086,75,143.395,13370.3125,100,315,10001,"[0, 100000]","[0, 100000]",0,0,1074,1367
yolov8x_training,5159.455341,74,138.622,13370.3125,90,270,10001,"[0, 100000]","[0, 100000]",0,0,11376,29150
yolov8x_training,5160.498127,75,139.047,13370.3125,97,360,10001,"[0, 100000]","[0, 100000]",0,0,1171,6201
yolov8x_training,5161.540884,75,138.954,13370.3125,100,315,10001,"[0, 100000]","[0, 100000]",0,0,781,2099
yolov8x_training,5162.663554,75,136.419,13370.3125,63,210,10001,"[0, 100000]","[0, 100000]",0,0,11328,28613
yolov8x_training,5163.706316,75,138.818,13370.3125,97,240,10001,"[0, 100000]","[0, 100000]",0,0,1171,6445
yolov8x_training,5164.749056,75,138.240,13370.3125,100,330,10001,"[0, 100000]","[0, 100000]",0,0,1074,1367
yolov8x_training,5165.889850,73,139.068,13370.3125,100,255,10001,"[0, 100000]","[0, 100000]",0,0,10107,38818
yolov8x_training,5166.933038,75,139.328,13370.3125,16,315,10001,"[0, 100000]","[0, 100000]",0,0,1806,6640
yolov8x_training,5167.975793,75,138.415,13370.3125,100,255,10001,"[0, 100000]","[0, 100000]",0,0,1171,3710
yolov8x_training,5169.149668,75,134.377,13370.3125,100,255,10001,"[0, 100000]","[0, 100000]",0,0,11474,27734
yolov8x_training,5170.192494,75,138.102,13370.3125,100,255,10001,"[0, 100000]","[0, 100000]",0,0,1269,6250
yolov8x_training,5171.235285,75,139.447,13370.3125,42,285,10001,"[0, 100000]","[0, 100000]",0,0,683,2441
yolov8x_training,5172.376096,74,139.322,13370.3125,100,285,10001,"[0, 100000]","[0, 100000]",0,0,9863,37841
yolov8x_training,5173.419131,75,137.585,13370.3125,100,255,10001,"[0, 100000]","[0, 100000]",0,0,1171,6201
yolov8x_training,5174.461833,75,138.709,13370.3125,100,285,10001,"[0, 100000]","[0, 100000]",0,0,976,1367
yolov8x_training,5175.583388,75,139.857,13370.3125,75,1620,10001,"[0, 100000]","[0, 100000]",0,0,11328,28662
yolov8x_training,5176.626216,73,138.569,13370.3125,96,285,10001,"[0, 100000]","[0, 100000]",0,0,1513,8105
yolov8x_training,5177.669012,75,139.005,13370.3125,100,315,10001,"[0, 100000]","[0, 100000]",0,0,1074,3564
yolov8x_training,5178.838213,76,139.343,13370.3125,100,240,10001,"[0, 100000]","[0, 100000]",0,0,10156,37158
yolov8x_training,5179.881279,75,136.938,13370.3125,50,315,10001,"[0, 100000]","[0, 100000]",0,0,1611,9033
yolov8x_training,5180.924044,75,137.361,13370.3125,98,285,10001,"[0, 100000]","[0, 100000]",0,0,1123,4248
yolov8x_training,5182.091732,75,138.812,13370.3125,100,1980,10001,"[0, 100000]","[0, 100000]",0,0,10009,38769
yolov8x_training,5183.134823,73,139.380,13370.3125,100,240,10001,"[0, 100000]","[0, 100000]",0,0,1318,6982
yolov8x_training,5184.177599,75,138.200,13370.3125,36,255,10001,"[0, 100000]","[0, 100000]",0,0,830,1171
yolov8x_training,5185.299433,75,139.279,13370.3125,97,270,10001,"[0, 100000]","[0, 100000]",0,0,10302,35937
yolov8x_training,5186.342259,75,135.167,13370.3125,100,630,10001,"[0, 100000]","[0, 100000]",0,0,1318,6738
yolov8x_training,5187.384993,75,136.888,13370.3125,100,270,10001,"[0, 100000]","[0, 100000]",0,0,585,2441
yolov8x_training,5188.491723,74,138.949,13370.3125,21,240,10001,"[0, 100000]","[0, 100000]",0,0,10058,36572
yolov8x_training,5189.534557,75,137.952,13370.3125,96,570,10001,"[0, 100000]","[0, 100000]",0,0,1367,6640
yolov8x_training,5190.577293,75,139.825,13370.3125,100,300,10001,"[0, 100000]","[0, 100000]",0,0,927,1416
yolov8x_training,5191.695513,75,138.846,13370.3125,35,210,10001,"[0, 100000]","[0, 100000]",0,0,11425,27978
yolov8x_training,5192.738247,75,137.458,13370.3125,100,210,10001,"[0, 100000]","[0, 100000]",0,0,1171,6591
yolov8x_training,5193.780985,75,144.594,13370.3125,100,315,10001,"[0, 100000]","[0, 100000]",0,0,488,2880
yolov8x_training,5194.907371,73,139.664,13370.3125,100,270,10001,"[0, 100000]","[0, 100000]",0,0,11083,29492
yolov8x_training,5195.950116,75,139.039,13370.3125,20,240,10001,"[0, 100000]","[0, 100000]",0,0,1904,6445
yolov8x_training,5196.992901,75,139.038,13370.3125,100,255,10001,"[0, 100000]","[0, 100000]",0,0,1123,1855
yolov8x_training,5198.150910,75,135.963,13370.3125,100,285,10001,"[0, 100000]","[0, 100000]",0,0,11132,28906
yolov8x_training,5199.194015,75,137.375,13370.3125,100,285,10001,"[0, 100000]","[0, 100000]",0,0,1757,6005
yolov8x_training,5200.236723,75,138.751,13370.3125,70,300,10001,"[0, 100000]","[0, 100000]",0,0,927,1220
yolov8x_training,5201.376917,73,138.556,13370.3125,100,330,10001,"[0, 100000]","[0, 100000]",0,0,11279,29150
yolov8x_training,5202.419823,75,138.371,13370.3125,100,255,10001,"[0, 100000]","[0, 100000]",0,0,2246,5029
yolov8x_training,5203.462584,75,137.613,13370.3125,100,270,10001,"[0, 100000]","[0, 100000]",0,0,1123,2392
yolov8x_training,5204.613109,75,133.231,13370.3125,100,1230,10001,"[0, 100000]","[0, 100000]",0,0,10644,32763
yolov8x_training,5205.656008,74,138.333,13370.3125,98,270,10001,"[0, 100000]","[0, 100000]",0,0,1269,6250
yolov8x_training,5206.698793,75,138.940,13370.3125,100,255,10001,"[0, 100000]","[0, 100000]",0,0,585,2441
yolov8x_training,5207.821496,78,138.596,13370.3125,100,270,10001,"[0, 100000]","[0, 100000]",0,0,10107,37744
yolov8x_training,5208.864406,75,135.573,13370.3125,69,210,10001,"[0, 100000]","[0, 100000]",0,0,2246,5517
yolov8x_training,5209.907222,75,137.707,13370.3125,98,240,10001,"[0, 100000]","[0, 100000]",0,0,1074,1757
yolov8x_training,5211.062793,75,138.704,13370.3125,100,2490,10001,"[0, 100000]","[0, 100000]",0,0,11230,30078
yolov8x_training,5212.105556,73,139.437,13370.3125,100,255,10001,"[0, 100000]","[0, 100000]",0,0,2197,5224
yolov8x_training,5213.148305,75,138.360,13370.3125,7,255,10001,"[0, 100000]","[0, 100000]",0,0,1123,4638
yolov8x_training,5214.321457,76,139.465,13370.3125,100,270,10001,"[0, 100000]","[0, 100000]",0,0,9912,37841
yolov8x_training,5215.364396,74,135.283,13370.3125,100,210,10001,"[0, 100000]","[0, 100000]",0,0,1123,6005
yolov8x_training,5216.407162,75,139.140,13370.3125,100,210,10001,"[0, 100000]","[0, 100000]",0,0,439,2880
yolov8x_training,5217.523435,75,138.728,13370.3125,26,1650,10001,"[0, 100000]","[0, 100000]",0,0,10058,37451
yolov8x_training,5218.566438,73,141.934,13370.3125,99,315,10001,"[0, 100000]","[0, 100000]",0,0,2246,4931
yolov8x_training,5219.609148,75,138.662,13370.3125,100,270,10001,"[0, 100000]","[0, 100000]",0,0,1074,1904
yolov8x_training,5220.745246,75,138.992,13370.3125,51,240,10001,"[0, 100000]","[0, 100000]",0,0,10791,31494
yolov8x_training,5221.788089,75,138.929,13370.3125,100,2295,10001,"[0, 100000]","[0, 100000]",0,0,1953,5859
yolov8x_training,5222.831046,75,140.200,13370.3125,100,270,10001,"[0, 100000]","[0, 100000]",0,0,1171,976
yolov8x_training,5223.976303,74,138.328,13370.3125,100,255,10001,"[0, 100000]","[0, 100000]",0,0,11718,25292
yolov8x_training,5225.019115,75,139.217,13370.3125,97,345,10001,"[0, 100000]","[0, 100000]",0,0,1318,6054
yolov8x_training,5226.061821,75,140.453,13370.3125,100,315,10001,"[0, 100000]","[0, 100000]",0,0,732,2734
yolov8x_training,5227.215089,75,138.744,13370.3125,97,240,10001,"[0, 100000]","[0, 100000]",0,0,10058,37988
yolov8x_training,5228.258285,75,137.474,13370.3125,100,2505,10001,"[0, 100000]","[0, 100000]",0,0,1464,6201
yolov8x_training,5229.301079,75,141.809,13370.3125,100,300,10001,"[0, 100000]","[0, 100000]",0,0,1123,1953
yolov8x_training,5230.344064,75,136.139,13370.3125,0,255,10001,"[0, 100000]","[0, 100000]",0,0,1074,76318
yolov8x_training,5231.545395,73,141.623,13370.3125,99,480,10001,"[0, 100000]","[0, 100000]",0,0,2001,6005
yolov8x_training,5232.588180,75,139.448,13370.3125,100,285,10001,"[0, 100000]","[0, 100000]",0,0,1171,683
yolov8x_training,5233.726074,75,139.274,13370.3125,22,225,10001,"[0, 100000]","[0, 100000]",0,0,11816,25488
yolov8x_training,5234.768799,75,138.422,13370.3125,100,2475,10001,"[0, 100000]","[0, 100000]",0,0,2197,5761
yolov8x_training,5235.811650,75,139.238,13370.3125,100,285,10001,"[0, 100000]","[0, 100000]",0,0,1025,4492
yolov8x_training,5236.970352,74,138.865,13370.3125,100,270,10001,"[0, 100000]","[0, 100000]",0,0,11865,25537
yolov8x_training,5238.013289,75,137.815,13370.3125,99,375,10001,"[0, 100000]","[0, 100000]",0,0,1855,6542
yolov8x_training,5239.056159,75,139.351,13370.3125,100,300,10001,"[0, 100000]","[0, 100000]",0,0,1025,3222
yolov8x_training,5240.205679,75,139.331,13370.3125,97,240,10001,"[0, 100000]","[0, 100000]",0,0,11181,30029
yolov8x_training,5241.248446,75,138.856,13370.3125,100,210,10001,"[0, 100000]","[0, 100000]",0,0,1269,5371
yolov8x_training,5242.291198,75,140.733,13370.3125,100,360,10001,"[0, 100000]","[0, 100000]",0,0,1123,3662
yolov8x_training,5243.438622,74,138.680,13370.3125,62,240,10001,"[0, 100000]","[0, 100000]",0,0,11376,28515
yolov8x_training,5244.481361,75,138.841,13370.3125,96,315,10001,"[0, 100000]","[0, 100000]",0,0,1171,6396
yolov8x_training,5245.524196,75,138.243,13370.3125,100,285,10001,"[0, 100000]","[0, 100000]",0,0,1123,1953
yolov8x_training,5246.699484,75,138.930,13370.3125,15,210,10001,"[0, 100000]","[0, 100000]",0,0,11376,29052
yolov8x_training,5247.742534,75,138.398,13370.3125,100,210,10001,"[0, 100000]","[0, 100000]",0,0,1123,6152
yolov8x_training,5248.785208,75,142.061,13370.3125,100,525,10001,"[0, 100000]","[0, 100000]",0,0,1269,683
yolov8x_training,5249.933156,74,138.992,13370.3125,100,255,10001,"[0, 100000]","[0, 100000]",0,0,9960,37207
yolov8x_training,5250.976340,75,139.252,13370.3125,72,315,10001,"[0, 100000]","[0, 100000]",0,0,1416,6250
yolov8x_training,5252.019089,75,138.902,13370.3125,100,225,10001,"[0, 100000]","[0, 100000]",0,0,1220,1025
yolov8x_training,5253.162355,75,137.574,13370.3125,100,300,10001,"[0, 100000]","[0, 100000]",0,0,10058,38964
yolov8x_training,5254.205502,75,137.605,13370.3125,100,240,10001,"[0, 100000]","[0, 100000]",0,0,1123,11572
yolov8x_training,5255.248378,75,141.960,13370.3125,100,540,10001,"[0, 100000]","[0, 100000]",0,0,1074,4052
yolov8x_training,5256.443783,74,138.984,13370.3125,60,225,10001,"[0, 100000]","[0, 100000]",0,0,11425,27832
yolov8x_training,5257.486630,75,138.744,13370.3125,97,315,10001,"[0, 100000]","[0, 100000]",0,0,1318,6201
yolov8x_training,5258.529392,75,140.338,13370.3125,100,285,10001,"[0, 100000]","[0, 100000]",0,0,927,1367
yolov8x_training,5259.686648,75,137.784,13370.3125,32,300,10001,"[0, 100000]","[0, 100000]",0,0,11132,29150
yolov8x_training,5260.729541,75,136.025,13370.3125,100,315,10001,"[0, 100000]","[0, 100000]",0,0,2246,5712
yolov8x_training,5261.772306,75,142.889,13370.3125,100,300,10001,"[0, 100000]","[0, 100000]",0,0,1123,1904
yolov8x_training,5262.946429,74,137.853,13370.3125,100,270,10001,"[0, 100000]","[0, 100000]",0,0,11230,29150
yolov8x_training,5263.989238,75,138.437,13370.3125,73,330,10001,"[0, 100000]","[0, 100000]",0,0,1367,6103
yolov8x_training,5265.032170,75,139.065,13370.3125,100,240,10001,"[0, 100000]","[0, 100000]",0,0,537,2636
yolov8x_training,5266.148693,75,137.035,13370.3125,100,210,10001,"[0, 100000]","[0, 100000]",0,0,9960,38330
yolov8x_training,5267.191799,75,137.993,13370.3125,100,285,10001,"[0, 100000]","[0, 100000]",0,0,1171,6152
yolov8x_training,5268.234548,75,140.619,13370.3125,72,300,10001,"[0, 100000]","[0, 100000]",0,0,683,2441
yolov8x_training,5269.360580,73,139.572,13370.3125,100,285,10001,"[0, 100000]","[0, 100000]",0,0,10058,39697
yolov8x_training,5270.403602,75,139.310,13370.3125,100,210,10001,"[0, 100000]","[0, 100000]",0,0,1318,6103
yolov8x_training,5271.446460,75,137.543,13370.3125,100,285,10001,"[0, 100000]","[0, 100000]",0,0,1171,2099
yolov8x_training,5272.611310,75,133.711,13370.3125,96,1605,10001,"[0, 100000]","[0, 100000]",0,0,11474,26904
yolov8x_training,5273.654257,74,137.912,13370.3125,97,240,10001,"[0, 100000]","[0, 100000]",0,0,1220,6396
yolov8x_training,5274.697289,75,139.276,13370.3125,100,240,10001,"[0, 100000]","[0, 100000]",0,0,439,3027
yolov8x_training,5275.840032,74,139.766,13370.3125,100,255,10001,"[0, 100000]","[0, 100000]",0,0,11376,28320
yolov8x_training,5276.882901,75,136.431,13370.3125,37,210,10001,"[0, 100000]","[0, 100000]",0,0,1171,6005
yolov8x_training,5277.925605,75,137.047,13370.3125,96,240,10001,"[0, 100000]","[0, 100000]",0,0,1074,2978
yolov8x_training,5279.072614,75,135.862,13370.3125,100,1095,10001,"[0, 100000]","[0, 100000]",0,0,11376,29101
yolov8x_training,5280.115464,74,138.938,13370.3125,100,270,10001,"[0, 100000]","[0, 100000]",0,0,1269,6201
yolov8x_training,5281.158153,75,139.572,13370.3125,17,240,10001,"[0, 100000]","[0, 100000]",0,0,1074,1171
yolov8x_training,5282.292488,77,138.743,13370.3125,98,240,10001,"[0, 100000]","[0, 100000]",0,0,12304,21582
yolov8x_training,5283.335652,75,135.721,13370.3125,100,1470,10001,"[0, 100000]","[0, 100000]",0,0,1562,9619
yolov8x_training,5284.378603,75,138.039,13370.3125,100,225,10001,"[0, 100000]","[0, 100000]",0,0,1123,2783
yolov8x_training,5285.546666,75,138.397,13370.3125,51,255,10001,"[0, 100000]","[0, 100000]",0,0,11523,27001
yolov8x_training,5286.589440,73,139.341,13370.3125,100,285,10001,"[0, 100000]","[0, 100000]",0,0,1757,6054
yolov8x_training,5287.632133,75,139.958,13370.3125,100,285,10001,"[0, 100000]","[0, 100000]",0,0,1123,1123
yolov8x_training,5288.810625,75,138.758,13370.3125,100,255,10001,"[0, 100000]","[0, 100000]",0,0,11035,30078
yolov8x_training,5289.853519,75,137.259,13370.3125,67,1440,10001,"[0, 100000]","[0, 100000]",0,0,1074,5957
yolov8x_training,5290.896297,75,141.183,13370.3125,98,270,10001,"[0, 100000]","[0, 100000]",0,0,1123,1367
yolov8x_training,5292.031536,75,137.882,13370.3125,100,210,10001,"[0, 100000]","[0, 100000]",0,0,11328,28710
yolov8x_training,5293.074315,73,139.160,13370.3125,100,660,10001,"[0, 100000]","[0, 100000]",0,0,1220,6201
yolov8x_training,5294.117069,75,138.560,13370.3125,45,285,10001,"[0, 100000]","[0, 100000]",0,0,830,1318
yolov8x_training,5295.239994,75,137.230,13370.3125,100,225,10001,"[0, 100000]","[0, 100000]",0,0,10253,34814
yolov8x_training,5296.282758,75,137.622,13370.3125,100,2505,10001,"[0, 100000]","[0, 100000]",0,0,1904,6201
yolov8x_training,5297.325651,75,139.270,13370.3125,91,270,10001,"[0, 100000]","[0, 100000]",0,0,1220,976
yolov8x_training,5298.466702,75,139.932,13370.3125,100,270,10001,"[0, 100000]","[0, 100000]",0,0,11328,26855
yolov8x_training,5299.509619,78,138.992,13370.3125,100,300,10001,"[0, 100000]","[0, 100000]",0,0,1171,6787
yolov8x_training,5300.552380,75,138.426,13370.3125,100,330,10001,"[0, 100000]","[0, 100000]",0,0,1220,634
yolov8x_training,5301.690099,75,134.561,13370.3125,98,210,10001,"[0, 100000]","[0, 100000]",0,0,10791,31689
yolov8x_training,5302.732903,75,139.186,13370.3125,97,210,10001,"[0, 100000]","[0, 100000]",0,0,1318,6054
yolov8x_training,5303.775616,75,139.329,13370.3125,100,375,10001,"[0, 100000]","[0, 100000]",0,0,830,1416
yolov8x_training,5304.913631,74,138.467,13370.3125,100,270,10001,"[0, 100000]","[0, 100000]",0,0,11181,29541
yolov8x_training,5305.956449,75,136.976,13370.3125,56,255,10001,"[0, 100000]","[0, 100000]",0,0,1074,6201
yolov8x_training,5306.999269,75,137.873,13370.3125,97,240,10001,"[0, 100000]","[0, 100000]",0,0,1074,3076
yolov8x_training,5308.150516,75,139.397,13370.3125,100,210,10001,"[0, 100000]","[0, 100000]",0,0,11132,29833
yolov8x_training,5309.193259,75,138.491,13370.3125,100,285,10001,"[0, 100000]","[0, 100000]",0,0,2294,5419
yolov8x_training,5310.236056,75,139.509,13370.3125,17,360,10001,"[0, 100000]","[0, 100000]",0,0,1123,3759
yolov8x_training,5311.410081,74,139.224,13370.3125,100,270,10001,"[0, 100000]","[0, 100000]",0,0,10546,32275
yolov8x_training,5312.452850,75,136.273,13370.3125,100,225,10001,"[0, 100000]","[0, 100000]",0,0,1318,6201
yolov8x_training,5313.495535,75,138.586,13370.3125,100,270,10001,"[0, 100000]","[0, 100000]",0,0,732,2392
yolov8x_training,5314.614106,75,139.731,13370.3125,100,465,10001,"[0, 100000]","[0, 100000]",0,0,11132,27978
yolov8x_training,5315.656980,75,140.822,13370.3125,100,240,10001,"[0, 100000]","[0, 100000]",0,0,1562,6591
yolov8x_training,5316.699724,75,138.268,13370.3125,100,315,10001,"[0, 100000]","[0, 100000]",0,0,1171,1855
yolov8x_training,5317.844671,74,138.999,13370.3125,71,255,10001,"[0, 100000]","[0, 100000]",0,0,11523,27490
yolov8x_training,5318.887441,75,135.774,13370.3125,100,210,10001,"[0, 100000]","[0, 100000]",0,0,1367,6005
yolov8x_training,5319.930276,75,137.991,13370.3125,100,255,10001,"[0, 100000]","[0, 100000]",0,0,1025,830
yolov8x_training,5321.076283,75,138.946,13370.3125,100,2160,10001,"[0, 100000]","[0, 100000]",0,0,10058,37500
yolov8x_training,5322.119286,74,142.116,13370.3125,100,240,10001,"[0, 100000]","[0, 100000]",0,0,1464,9667
yolov8x_training,5323.162373,75,138.100,13370.3125,50,225,10001,"[0, 100000]","[0, 100000]",0,0,1171,3955
yolov8x_training,5324.205236,75,139.047,13370.3125,96,255,10001,"[0, 100000]","[0, 100000]",0,0,1464,67187
yolov8x_training,5325.392151,75,133.819,13370.3125,100,300,10001,"[0, 100000]","[0, 100000]",0,0,1513,8984
yolov8x_training,5326.434953,75,137.660,13370.3125,100,240,10001,"[0, 100000]","[0, 100000]",0,0,976,4150
yolov8x_training,5327.615857,75,138.601,13370.3125,100,1590,10001,"[0, 100000]","[0, 100000]",0,0,11230,29248
yolov8x_training,5328.658948,75,139.332,13370.3125,97,300,10001,"[0, 100000]","[0, 100000]",0,0,1513,9619
yolov8x_training,5329.702023,75,138.446,13370.3125,100,315,10001,"[0, 100000]","[0, 100000]",0,0,1123,4248
yolov8x_training,5330.883588,74,139.623,13370.3125,100,210,10001,"[0, 100000]","[0, 100000]",0,0,11328,29199
yolov8x_training,5331.926522,75,135.486,13370.3125,67,225,10001,"[0, 100000]","[0, 100000]",0,0,2246,5175
yolov8x_training,5332.969373,75,137.929,13370.3125,96,285,10001,"[0, 100000]","[0, 100000]",0,0,1123,2294
yolov8x_training,5334.115211,75,139.282,13370.3125,100,1980,10001,"[0, 100000]","[0, 100000]",0,0,11865,25488
yolov8x_training,5335.158021,74,140.116,13370.3125,100,225,10001,"[0, 100000]","[0, 100000]",0,0,1904,6054
yolov8x_training,5336.200962,75,139.146,13370.3125,41,240,10001,"[0, 100000]","[0, 100000]",0,0,1074,1318
yolov8x_training,5337.331902,73,138.268,13370.3125,97,270,10001,"[0, 100000]","[0, 100000]",0,0,10839,32080
yolov8x_training,5338.374849,75,135.942,13370.3125,100,210,10001,"[0, 100000]","[0, 100000]",0,0,1562,6103
yolov8x_training,5339.417606,75,137.921,13370.3125,100,210,10001,"[0, 100000]","[0, 100000]",0,0,1074,1904
yolov8x_training,5340.581076,75,137.388,13370.3125,11,2460,10001,"[0, 100000]","[0, 100000]",0,0,10009,38720
yolov8x_training,5341.624020,74,141.768,13370.3125,100,255,10001,"[0, 100000]","[0, 100000]",0,0,2294,4980
yolov8x_training,5342.666778,75,138.210,13370.3125,100,255,10001,"[0, 100000]","[0, 100000]",0,0,1123,4638
yolov8x_training,5343.825353,73,139.165,13370.3125,71,270,10001,"[0, 100000]","[0, 100000]",0,0,11425,25830
yolov8x_training,5344.868205,75,134.143,13370.3125,100,255,10001,"[0, 100000]","[0, 100000]",0,0,1123,11962
yolov8x_training,5345.910995,75,137.692,13370.3125,98,225,10001,"[0, 100000]","[0, 100000]",0,0,1025,4150
yolov8x_training,5347.088083,75,138.735,13370.3125,100,2415,10001,"[0, 100000]","[0, 100000]",0,0,11767,24804
yolov8x_training,5348.130971,74,142.677,13370.3125,100,270,10001,"[0, 100000]","[0, 100000]",0,0,1513,6201
yolov8x_training,5349.173697,75,138.797,13370.3125,59,240,10001,"[0, 100000]","[0, 100000]",0,0,1171,1074
yolov8x_training,5350.310622,73,139.156,13370.3125,97,270,10001,"[0, 100000]","[0, 100000]",0,0,11474,29150
yolov8x_training,5351.353523,75,137.746,13370.3125,100,720,10001,"[0, 100000]","[0, 100000]",0,0,2246,5029
yolov8x_training,5352.396282,75,138.507,13370.3125,100,240,10001,"[0, 100000]","[0, 100000]",0,0,1074,2929
yolov8x_training,5353.552779,75,139.272,13370.3125,24,2460,10001,"[0, 100000]","[0, 100000]",0,0,11914,24121
yolov8x_training,5354.595583,74,141.865,13370.3125,97,270,10001,"[0, 100000]","[0, 100000]",0,0,1171,6152
yolov8x_training,5355.638329,75,139.713,13370.3125,100,285,10001,"[0, 100000]","[0, 100000]",0,0,1025,1318
yolov8x_training,5356.768580,77,139.532,13370.3125,5,210,10001,"[0, 100000]","[0, 100000]",0,0,12548,18603
yolov8x_training,5357.811425,75,139.155,13370.3125,100,2295,10001,"[0, 100000]","[0, 100000]",0,0,1318,6201
yolov8x_training,5358.854287,75,142.676,13370.3125,100,285,10001,"[0, 100000]","[0, 100000]",0,0,634,2490
yolov8x_training,5359.975636,75,139.598,13370.3125,100,255,10001,"[0, 100000]","[0, 100000]",0,0,10009,38574
yolov8x_training,5361.018566,76,139.794,13370.3125,41,330,10001,"[0, 100000]","[0, 100000]",0,0,1074,6005
yolov8x_training,5362.061487,75,139.270,13370.3125,100,300,10001,"[0, 100000]","[0, 100000]",0,0,488,2832
yolov8x_training,5363.189348,75,135.147,13370.3125,100,210,10001,"[0, 100000]","[0, 100000]",0,0,11279,29248
yolov8x_training,5364.232152,75,138.769,13370.3125,100,255,10001,"[0, 100000]","[0, 100000]",0,0,1123,6201
yolov8x_training,5365.274959,75,139.350,13370.3125,51,375,10001,"[0, 100000]","[0, 100000]",0,0,585,2734
yolov8x_training,5366.411589,74,139.326,13370.3125,100,315,10001,"[0, 100000]","[0, 100000]",0,0,9667,40136
yolov8x_training,5367.454535,75,138.003,13370.3125,100,225,10001,"[0, 100000]","[0, 100000]",0,0,1318,6201
yolov8x_training,5368.497218,75,138.135,13370.3125,100,270,10001,"[0, 100000]","[0, 100000]",0,0,1074,1220
yolov8x_training,5369.616478,75,140.294,13370.3125,100,615,10001,"[0, 100000]","[0, 100000]",0,0,11279,28662
yolov8x_training,5370.659423,74,138.767,13370.3125,100,240,10001,"[0, 100000]","[0, 100000]",0,0,1171,6054
yolov8x_training,5371.702120,75,137.998,13370.3125,100,225,10001,"[0, 100000]","[0, 100000]",0,0,1074,2587
yolov8x_training,5372.869970,74,138.623,13370.3125,100,255,10001,"[0, 100000]","[0, 100000]",0,0,11279,28271
yolov8x_training,5373.912761,75,135.558,13370.3125,65,210,10001,"[0, 100000]","[0, 100000]",0,0,1708,6494
yolov8x_training,5374.955551,75,138.214,13370.3125,97,255,10001,"[0, 100000]","[0, 100000]",0,0,1074,830
yolov8x_training,5376.101762,75,138.503,13370.3125,100,2160,10001,"[0, 100000]","[0, 100000]",0,0,11669,25878
yolov8x_training,5377.144556,74,139.610,13370.3125,100,255,10001,"[0, 100000]","[0, 100000]",0,0,1562,6005
yolov8x_training,5378.187387,75,138.554,13370.3125,48,270,10001,"[0, 100000]","[0, 100000]",0,0,1025,1220
yolov8x_training,5379.333455,73,138.650,13370.3125,97,270,10001,"[0, 100000]","[0, 100000]",0,0,11132,29199
yolov8x_training,5380.376598,75,134.930,13370.3125,100,600,10001,"[0, 100000]","[0, 100000]",0,0,1757,6054
yolov8x_training,5381.419374,75,137.535,13370.3125,100,240,10001,"[0, 100000]","[0, 100000]",0,0,1171,732
yolov8x_training,5382.567125,75,138.152,13370.3125,16,840,10001,"[0, 100000]","[0, 100000]",0,0,10009,37109
yolov8x_training,5383.610187,74,142.265,13370.3125,99,315,10001,"[0, 100000]","[0, 100000]",0,0,1953,6054
yolov8x_training,5384.652973,75,138.211,13370.3125,100,210,10001,"[0, 100000]","[0, 100000]",0,0,1074,3906
yolov8x_training,5385.820147,75,138.343,13370.3125,72,285,10001,"[0, 100000]","[0, 100000]",0,0,11914,23730
yolov8x_training,5386.863340,75,136.027,13370.3125,100,915,10001,"[0, 100000]","[0, 100000]",0,0,1269,6054
yolov8x_training,5387.906129,75,137.440,13370.3125,97,240,10001,"[0, 100000]","[0, 100000]",0,0,1171,537
yolov8x_training,5389.036028,75,139.086,13370.3125,100,210,10001,"[0, 100000]","[0, 100000]",0,0,10888,30664
yolov8x_training,5390.079102,78,142.178,13370.3125,100,645,10001,"[0, 100000]","[0, 100000]",0,0,1123,6347
yolov8x_training,5391.121926,75,139.929,13370.3125,100,285,10001,"[0, 100000]","[0, 100000]",0,0,1074,1416
yolov8x_training,5392.253639,75,139.449,13370.3125,98,225,10001,"[0, 100000]","[0, 100000]",0,0,10253,37451
yolov8x_training,5393.296667,75,138.563,13370.3125,100,2460,10001,"[0, 100000]","[0, 100000]",0,0,1611,6054
yolov8x_training,5394.339464,75,141.737,13370.3125,100,270,10001,"[0, 100000]","[0, 100000]",0,0,1074,1220
yolov8x_training,5395.466730,74,139.428,13370.3125,80,210,10001,"[0, 100000]","[0, 100000]",0,0,10009,35546
yolov8x_training,5396.509534,75,139.247,13370.3125,96,315,10001,"[0, 100000]","[0, 100000]",0,0,1171,6005
yolov8x_training,5397.552273,75,139.183,13370.3125,100,315,10001,"[0, 100000]","[0, 100000]",0,0,1025,1220
yolov8x_training,5398.689679,75,136.349,13370.3125,62,210,10001,"[0, 100000]","[0, 100000]",0,0,11376,28759
yolov8x_training,5399.732584,75,138.188,13370.3125,98,240,10001,"[0, 100000]","[0, 100000]",0,0,1757,6250
yolov8x_training,5400.775410,75,138.267,13370.3125,100,300,10001,"[0, 100000]","[0, 100000]",0,0,1269,976
yolov8x_training,5401.935737,73,140.155,13370.3125,100,225,10001,"[0, 100000]","[0, 100000]",0,0,11474,27685
yolov8x_training,5402.978467,75,138.599,13370.3125,19,225,10001,"[0, 100000]","[0, 100000]",0,0,1123,6054
yolov8x_training,5404.021181,75,139.710,13370.3125,100,255,10001,"[0, 100000]","[0, 100000]",0,0,781,1757
yolov8x_training,5405.178540,75,134.418,13370.3125,100,285,10001,"[0, 100000]","[0, 100000]",0,0,9960,38720
yolov8x_training,5406.221456,75,138.217,13370.3125,100,270,10001,"[0, 100000]","[0, 100000]",0,0,1318,6054
yolov8x_training,5407.264155,75,138.743,13370.3125,51,360,10001,"[0, 100000]","[0, 100000]",0,0,830,1367
yolov8x_training,5408.382905,73,139.230,13370.3125,100,315,10001,"[0, 100000]","[0, 100000]",0,0,11376,27343
yolov8x_training,5409.425697,75,137.978,13370.3125,100,210,10001,"[0, 100000]","[0, 100000]",0,0,1269,6054
yolov8x_training,5410.468441,75,138.334,13370.3125,100,255,10001,"[0, 100000]","[0, 100000]",0,0,683,2587
yolov8x_training,5411.583784,75,139.703,13370.3125,51,2220,10001,"[0, 100000]","[0, 100000]",0,0,11718,24755
yolov8x_training,5412.626575,73,140.505,13370.3125,100,315,10001,"[0, 100000]","[0, 100000]",0,0,1708,6250
yolov8x_training,5413.669312,75,138.732,13370.3125,100,240,10001,"[0, 100000]","[0, 100000]",0,0,1171,1269
yolov8x_training,5414.806057,75,139.643,13370.3125,63,270,10001,"[0, 100000]","[0, 100000]",0,0,11279,28564
yolov8x_training,5415.848889,75,133.884,13370.3125,100,2040,10001,"[0, 100000]","[0, 100000]",0,0,1757,7910
yolov8x_training,5416.891656,75,137.199,13370.3125,97,240,10001,"[0, 100000]","[0, 100000]",0,0,1171,4199
yolov8x_training,5418.040381,75,139.609,13370.3125,100,210,10001,"[0, 100000]","[0, 100000]",0,0,10107,36816
yolov8x_training,5419.083271,76,144.533,13370.3125,100,510,10001,"[0, 100000]","[0, 100000]",0,0,1171,6347
yolov8x_training,5420.126113,74,137.651,13370.3125,91,270,10001,"[0, 100000]","[0, 100000]",0,0,1171,2343
yolov8x_training,5421.280429,75,138.312,13370.3125,98,225,10001,"[0, 100000]","[0, 100000]",0,0,11425,27539
yolov8x_training,5422.323616,75,138.764,13370.3125,100,2430,10001,"[0, 100000]","[0, 100000]",0,0,1757,6250
yolov8x_training,5423.366374,75,138.593,13370.3125,100,270,10001,"[0, 100000]","[0, 100000]",0,0,1074,1953
yolov8x_training,5424.533216,74,137.611,13370.3125,37,225,10001,"[0, 100000]","[0, 100000]",0,0,10009,37402
yolov8x_training,5425.575658,77,138.035,13370.3125,96,510,10001,"[0, 100000]","[0, 100000]",0,0,2246,5517
yolov8x_training,5426.618484,74,138.479,13370.3125,100,285,10001,"[0, 100000]","[0, 100000]",0,0,1123,1855
yolov8x_training,5427.761848,75,138.735,13370.3125,31,240,10001,"[0, 100000]","[0, 100000]",0,0,11914,24902
yolov8x_training,5428.804599,75,139.232,13370.3125,100,2505,10001,"[0, 100000]","[0, 100000]",0,0,1220,6347
yolov8x_training,5429.847418,75,140.662,13370.3125,100,285,10001,"[0, 100000]","[0, 100000]",0,0,1074,1269
yolov8x_training,5430.996674,74,138.526,13370.3125,100,285,10001,"[0, 100000]","[0, 100000]",0,0,10156,37451
yolov8x_training,5432.039631,75,138.612,13370.3125,82,360,10001,"[0, 100000]","[0, 100000]",0,0,1171,6494
yolov8x_training,5433.082430,75,139.938,13370.3125,100,315,10001,"[0, 100000]","[0, 100000]",0,0,1074,1367
yolov8x_training,5434.251376,75,138.586,13370.3125,99,240,10001,"[0, 100000]","[0, 100000]",0,0,11474,26269
yolov8x_training,5435.294187,75,138.508,13370.3125,100,2070,10001,"[0, 100000]","[0, 100000]",0,0,1367,6250
yolov8x_training,5436.337048,75,142.483,13370.3125,100,570,10001,"[0, 100000]","[0, 100000]",0,0,585,2539
yolov8x_training,5437.461303,74,139.321,13370.3125,96,225,10001,"[0, 100000]","[0, 100000]",0,0,11328,29101
yolov8x_training,5438.504072,75,139.340,13370.3125,96,375,10001,"[0, 100000]","[0, 100000]",0,0,1318,10205
yolov8x_training,5439.546952,75,139.170,13370.3125,100,300,10001,"[0, 100000]","[0, 100000]",0,0,1123,4101
yolov8x_training,5440.711972,75,138.923,13370.3125,21,240,10001,"[0, 100000]","[0, 100000]",0,0,10156,34765
yolov8x_training,5441.754788,75,137.890,13370.3125,100,210,10001,"[0, 100000]","[0, 100000]",0,0,1367,6494
yolov8x_training,5442.797537,75,143.803,13370.3125,100,285,10001,"[0, 100000]","[0, 100000]",0,0,1025,1367
yolov8x_training,5443.944150,74,139.677,13370.3125,100,240,10001,"[0, 100000]","[0, 100000]",0,0,10205,36621
yolov8x_training,5444.987071,75,138.916,13370.3125,41,315,10001,"[0, 100000]","[0, 100000]",0,0,1562,6005
yolov8x_training,5446.029943,75,139.855,13370.3125,100,255,10001,"[0, 100000]","[0, 100000]",0,0,537,2539
yolov8x_training,5447.174216,75,134.868,13370.3125,100,210,10001,"[0, 100000]","[0, 100000]",0,0,11328,28564
yolov8x_training,5448.217036,74,138.340,13370.3125,100,270,10001,"[0, 100000]","[0, 100000]",0,0,1318,6054
yolov8x_training,5449.259766,75,138.959,13370.3125,51,315,10001,"[0, 100000]","[0, 100000]",0,0,537,2636
yolov8x_training,5450.396241,75,139.133,13370.3125,100,225,10001,"[0, 100000]","[0, 100000]",0,0,11865,23876
yolov8x_training,5451.439055,75,137.896,13370.3125,100,210,10001,"[0, 100000]","[0, 100000]",0,0,1171,6835
yolov8x_training,5452.481778,75,136.963,13370.3125,100,285,10001,"[0, 100000]","[0, 100000]",0,0,1123,781
yolov8x_training,5453.629923,75,138.442,13370.3125,100,1890,10001,"[0, 100000]","[0, 100000]",0,0,11425,27099
yolov8x_training,5454.672678,74,138.447,13370.3125,97,255,10001,"[0, 100000]","[0, 100000]",0,0,1318,6005
yolov8x_training,5455.715516,75,138.580,13370.3125,100,315,10001,"[0, 100000]","[0, 100000]",0,0,1123,2392
yolov8x_training,5456.883998,74,139.746,13370.3125,100,255,10001,"[0, 100000]","[0, 100000]",0,0,10742,31445
yolov8x_training,5457.926922,75,137.106,13370.3125,37,210,10001,"[0, 100000]","[0, 100000]",0,0,1074,6005
yolov8x_training,5458.969664,75,138.653,13370.3125,97,255,10001,"[0, 100000]","[0, 100000]",0,0,439,2880
yolov8x_training,5460.106198,75,138.604,13370.3125,100,2265,10001,"[0, 100000]","[0, 100000]",0,0,10205,34130
yolov8x_training,5461.149113,73,138.741,13370.3125,100,240,10001,"[0, 100000]","[0, 100000]",0,0,2246,4833
yolov8x_training,5462.191844,75,138.993,13370.3125,11,255,10001,"[0, 100000]","[0, 100000]",0,0,1025,2880
yolov8x_training,5463.361279,76,139.070,13370.3125,100,270,10001,"[0, 100000]","[0, 100000]",0,0,9619,39355
yolov8x_training,5464.404227,75,137.083,13370.3125,100,210,10001,"[0, 100000]","[0, 100000]",0,0,2148,5566
yolov8x_training,5465.447046,75,137.626,13370.3125,100,270,10001,"[0, 100000]","[0, 100000]",0,0,1025,4052
yolov8x_training,5466.616462,75,136.938,13370.3125,82,2265,10001,"[0, 100000]","[0, 100000]",0,0,10986,30859
yolov8x_training,5467.659261,74,135.282,13370.3125,95,240,10001,"[0, 100000]","[0, 100000]",0,0,1074,5175
yolov8x_training,5468.702118,73,140.667,13370.3125,100,345,10001,"[0, 100000]","[0, 100000]",0,0,1123,5029
yolov8x_training,5469.744957,75,135.846,13370.3125,100,270,10001,"[0, 100000]","[0, 100000]",0,0,976,292
yolov8x_training,5470.787781,73,136.405,13370.3125,100,225,10001,"[0, 100000]","[0, 100000]",0,0,1416,66455
yolov8x_training,5471.960573,75,138.392,13370.3125,11,270,10001,"[0, 100000]","[0, 100000]",0,0,1318,6689
yolov8x_training,5473.003234,75,137.788,13370.3125,100,270,10001,"[0, 100000]","[0, 100000]",0,0,1220,1953
yolov8x_training,5474.188343,75,136.494,13370.3125,100,240,10001,"[0, 100000]","[0, 100000]",0,0,11279,27832
yolov8x_training,5475.231186,75,137.815,13370.3125,100,225,10001,"[0, 100000]","[0, 100000]",0,0,1464,5712
yolov8x_training,5476.274121,75,139.452,13370.3125,51,210,10001,"[0, 100000]","[0, 100000]",0,0,927,439
yolov8x_training,5477.393934,73,139.250,13370.3125,100,270,10001,"[0, 100000]","[0, 100000]",0,0,11279,28076
yolov8x_training,5478.436740,75,136.740,13370.3125,100,270,10001,"[0, 100000]","[0, 100000]",0,0,1367,7617
yolov8x_training,5479.479563,75,138.411,13370.3125,100,240,10001,"[0, 100000]","[0, 100000]",0,0,634,2148
yolov8x_training,5480.604348,75,135.902,13370.3125,69,2265,10001,"[0, 100000]","[0, 100000]",0,0,11328,26855
yolov8x_training,5481.647338,73,137.731,13370.3125,100,300,10001,"[0, 100000]","[0, 100000]",0,0,1416,7080
yolov8x_training,5482.690118,75,139.080,13370.3125,100,270,10001,"[0, 100000]","[0, 100000]",0,0,585,2099
yolov8x_training,5483.839624,77,138.798,13370.3125,100,255,10001,"[0, 100000]","[0, 100000]",0,0,9960,36718
yolov8x_training,5484.882614,76,134.417,13370.3125,97,1320,10001,"[0, 100000]","[0, 100000]",0,0,1464,6152
yolov8x_training,5485.925690,75,139.062,13370.3125,98,255,10001,"[0, 100000]","[0, 100000]",0,0,927,1025
yolov8x_training,5487.088035,75,137.713,13370.3125,100,2505,10001,"[0, 100000]","[0, 100000]",0,0,11474,27197
yolov8x_training,5488.130845,73,140.795,13370.3125,100,495,10001,"[0, 100000]","[0, 100000]",0,0,1513,5664
yolov8x_training,5489.173652,74,138.729,13370.3125,58,285,10001,"[0, 100000]","[0, 100000]",0,0,976,292
yolov8x_training,5490.312850,77,137.177,13370.3125,98,255,10001,"[0, 100000]","[0, 100000]",0,0,11376,28125
yolov8x_training,5491.355668,75,140.218,13370.3125,100,2340,10001,"[0, 100000]","[0, 100000]",0,0,1464,6494
yolov8x_training,5492.398434,75,139.398,13370.3125,100,285,10001,"[0, 100000]","[0, 100000]",0,0,1025,537
yolov8x_training,5493.521391,74,138.208,13370.3125,27,225,10001,"[0, 100000]","[0, 100000]",0,0,10156,37500
yolov8x_training,5494.564292,78,144.053,13370.3125,99,330,10001,"[0, 100000]","[0, 100000]",0,0,1367,7275
yolov8x_training,5495.607024,75,139.525,13370.3125,100,300,10001,"[0, 100000]","[0, 100000]",0,0,781,1904
yolov8x_training,5496.751282,75,139.278,13370.3125,46,225,10001,"[0, 100000]","[0, 100000]",0,0,10595,31201
yolov8x_training,5497.794088,75,139.260,13370.3125,100,210,10001,"[0, 100000]","[0, 100000]",0,0,1464,5712
yolov8x_training,5498.836894,75,142.687,13370.3125,100,315,10001,"[0, 100000]","[0, 100000]",0,0,1025,683
yolov8x_training,5499.986923,74,138.575,13370.3125,100,300,10001,"[0, 100000]","[0, 100000]",0,0,11767,25000
yolov8x_training,5501.029959,75,139.164,13370.3125,58,300,10001,"[0, 100000]","[0, 100000]",0,0,1464,7666
yolov8x_training,5502.072691,75,139.582,13370.3125,100,315,10001,"[0, 100000]","[0, 100000]",0,0,830,1318
yolov8x_training,5503.248674,75,138.858,13370.3125,100,210,10001,"[0, 100000]","[0, 100000]",0,0,10156,35546
yolov8x_training,5504.291638,75,138.819,13370.3125,100,210,10001,"[0, 100000]","[0, 100000]",0,0,1416,6689
yolov8x_training,5505.334409,75,141.924,13370.3125,100,510,10001,"[0, 100000]","[0, 100000]",0,0,634,2441
yolov8x_training,5506.465314,74,139.436,13370.3125,82,240,10001,"[0, 100000]","[0, 100000]",0,0,10205,34277
yolov8x_training,5507.508131,75,139.335,13370.3125,96,255,10001,"[0, 100000]","[0, 100000]",0,0,1367,6689
yolov8x_training,5508.550815,75,139.391,13370.3125,100,285,10001,"[0, 100000]","[0, 100000]",0,0,634,2197
yolov8x_training,5509.714046,75,137.928,13370.3125,30,240,10001,"[0, 100000]","[0, 100000]",0,0,9619,37939
yolov8x_training,5510.756982,75,137.989,13370.3125,100,270,10001,"[0, 100000]","[0, 100000]",0,0,1513,6933
yolov8x_training,5511.799740,75,142.223,13370.3125,100,285,10001,"[0, 100000]","[0, 100000]",0,0,390,2832
yolov8x_training,5512.953050,74,139.670,13370.3125,100,240,10001,"[0, 100000]","[0, 100000]",0,0,10058,36083
yolov8x_training,5513.996093,75,135.791,13370.3125,42,225,10001,"[0, 100000]","[0, 100000]",0,0,1269,6933
yolov8x_training,5515.038847,75,139.197,13370.3125,100,270,10001,"[0, 100000]","[0, 100000]",0,0,537,2880
yolov8x_training,5516.205622,75,137.192,13370.3125,100,210,10001,"[0, 100000]","[0, 100000]",0,0,10058,36425
yolov8x_training,5517.248536,75,137.938,13370.3125,100,285,10001,"[0, 100000]","[0, 100000]",0,0,1416,6884
yolov8x_training,5518.291275,75,138.101,13370.3125,98,360,10001,"[0, 100000]","[0, 100000]",0,0,732,1953
yolov8x_training,5519.469376,74,139.716,13370.3125,100,240,10001,"[0, 100000]","[0, 100000]",0,0,9912,37402
yolov8x_training,5520.512184,75,135.511,13370.3125,97,240,10001,"[0, 100000]","[0, 100000]",0,0,1269,7080
yolov8x_training,5521.555039,75,139.393,13370.3125,100,255,10001,"[0, 100000]","[0, 100000]",0,0,439,2783
yolov8x_training,5522.721292,75,134.240,13370.3125,100,225,10001,"[0, 100000]","[0, 100000]",0,0,11181,27978
yolov8x_training,5523.764142,75,137.592,13370.3125,97,255,10001,"[0, 100000]","[0, 100000]",0,0,1416,7617
yolov8x_training,5524.806855,75,139.051,13370.3125,100,360,10001,"[0, 100000]","[0, 100000]",0,0,585,2539
yolov8x_training,5525.966379,74,139.174,13370.3125,100,255,10001,"[0, 100000]","[0, 100000]",0,0,10498,30957
yolov8x_training,5527.009160,75,135.518,13370.3125,64,240,10001,"[0, 100000]","[0, 100000]",0,0,1416,7666
yolov8x_training,5528.051900,75,139.264,13370.3125,98,255,10001,"[0, 100000]","[0, 100000]",0,0,585,2539
yolov8x_training,5529.201954,75,138.418,13370.3125,100,210,10001,"[0, 100000]","[0, 100000]",0,0,10498,31347
yolov8x_training,5530.244768,75,138.126,13370.3125,100,240,10001,"[0, 100000]","[0, 100000]",0,0,1464,5712
yolov8x_training,5531.287531,75,137.436,13370.3125,30,315,10001,"[0, 100000]","[0, 100000]",0,0,634,2343
yolov8x_training,5532.330390,74,136.652,13370.3125,100,285,10001,"[0, 100000]","[0, 100000]",0,0,341,292
yolov8x_training,5533.416514,73,135.069,13370.3125,95,270,10001,"[0, 100000]","[0, 100000]",0,0,10205,36621
yolov8x_training,5534.459712,75,131.419,13370.3125,100,255,10001,"[0, 100000]","[0, 100000]",0,0,2197,6982
yolov8x_training,5535.502515,75,136.895,13370.3125,100,285,10001,"[0, 100000]","[0, 100000]",0,0,1074,1855
yolov8x_training,5536.676195,75,139.353,13370.3125,100,210,10001,"[0, 100000]","[0, 100000]",0,0,11425,27001
yolov8x_training,5537.719015,74,140.013,13370.3125,100,210,10001,"[0, 100000]","[0, 100000]",0,0,1367,7617
yolov8x_training,5538.761846,75,138.480,13370.3125,100,240,10001,"[0, 100000]","[0, 100000]",0,0,683,23535
yolov8x_training,5539.892087,73,139.259,13370.3125,91,225,10001,"[0, 100000]","[0, 100000]",0,0,11474,27050
yolov8x_training,5540.934844,75,136.413,13370.3125,100,270,10001,"[0, 100000]","[0, 100000]",0,0,1464,7080
yolov8x_training,5541.977597,75,137.780,13370.3125,100,210,10001,"[0, 100000]","[0, 100000]",0,0,927,33349
yolov8x_training,5543.128787,75,137.637,13370.3125,100,1170,10001,"[0, 100000]","[0, 100000]",0,0,10205,36230
yolov8x_training,5544.171824,74,140.857,13370.3125,100,270,10001,"[0, 100000]","[0, 100000]",0,0,1416,6884
yolov8x_training,5545.214557,75,139.561,13370.3125,83,210,10001,"[0, 100000]","[0, 100000]",0,0,488,3369
yolov8x_training,5546.374336,73,137.783,13370.3125,97,255,10001,"[0, 100000]","[0, 100000]",0,0,10009,38769
yolov8x_training,5547.417278,75,139.792,13370.3125,100,240,10001,"[0, 100000]","[0, 100000]",0,0,1416,7568
yolov8x_training,5548.460048,75,139.231,13370.3125,100,225,10001,"[0, 100000]","[0, 100000]",0,0,634,24365
yolov8x_training,5549.612837,75,138.162,13370.3125,9,2190,10001,"[0, 100000]","[0, 100000]",0,0,9912,37792
yolov8x_training,5550.655771,74,143.898,13370.3125,100,315,10001,"[0, 100000]","[0, 100000]",0,0,1416,7763
yolov8x_training,5551.698536,75,139.174,13370.3125,100,210,10001,"[0, 100000]","[0, 100000]",0,0,683,2685
yolov8x_training,5552.837209,73,139.241,13370.3125,52,285,10001,"[0, 100000]","[0, 100000]",0,0,10058,37646
yolov8x_training,5553.880195,75,139.205,13370.3125,100,1575,10001,"[0, 100000]","[0, 100000]",0,0,1269,6933
yolov8x_training,5554.923093,75,140.884,13370.3125,100,255,10001,"[0, 100000]","[0, 100000]",0,0,537,2783
yolov8x_training,5556.072899,75,138.295,13370.3125,100,210,10001,"[0, 100000]","[0, 100000]",0,0,11083,29296
yolov8x_training,5557.115734,73,137.977,13370.3125,72,405,10001,"[0, 100000]","[0, 100000]",0,0,1416,6250
yolov8x_training,5558.158768,75,138.522,13370.3125,100,285,10001,"[0, 100000]","[0, 100000]",0,0,585,4345
yolov8x_training,5559.316375,75,139.661,13370.3125,100,210,10001,"[0, 100000]","[0, 100000]",0,0,9960,37695
yolov8x_training,5560.359323,75,138.512,13370.3125,100,2400,10001,"[0, 100000]","[0, 100000]",0,0,1464,6884
yolov8x_training,5561.402118,75,143.259,13370.3125,100,315,10001,"[0, 100000]","[0, 100000]",0,0,488,2880
yolov8x_training,5562.569786,75,138.117,13370.3125,57,210,10001,"[0, 100000]","[0, 100000]",0,0,11132,29394
yolov8x_training,5563.612565,73,138.865,13370.3125,97,285,10001,"[0, 100000]","[0, 100000]",0,0,1367,7617
yolov8x_training,5564.655371,75,137.894,13370.3125,100,270,10001,"[0, 100000]","[0, 100000]",0,0,976,1464
yolov8x_training,5565.698182,75,138.154,13370.3125,38,240,10001,"[0, 100000]","[0, 100000]",0,0,1416,75537
yolov8x_training,5566.878341,74,138.187,13370.3125,100,1395,10001,"[0, 100000]","[0, 100000]",0,0,1416,6884
yolov8x_training,5567.921099,75,140.702,13370.3125,100,270,10001,"[0, 100000]","[0, 100000]",0,0,439,3125
yolov8x_training,5569.065672,75,138.384,13370.3125,100,210,10001,"[0, 100000]","[0, 100000]",0,0,11718,25976
yolov8x_training,5570.108459,74,138.572,13370.3125,71,285,10001,"[0, 100000]","[0, 100000]",0,0,1464,6689
yolov8x_training,5571.151188,75,138.917,13370.3125,100,285,10001,"[0, 100000]","[0, 100000]",0,0,976,36474
yolov8x_training,5572.287525,75,138.341,13370.3125,100,225,10001,"[0, 100000]","[0, 100000]",0,0,9716,39160
yolov8x_training,5573.330354,76,137.825,13370.3125,100,2505,10001,"[0, 100000]","[0, 100000]",0,0,1367,6542
yolov8x_training,5574.373255,75,141.544,13370.3125,100,300,10001,"[0, 100000]","[0, 100000]",0,0,976,3759
yolov8x_training,5575.416098,75,139.345,13370.3125,41,240,10001,"[0, 100000]","[0, 100000]",0,0,1708,65380
yolov8x_training,5576.588912,73,139.138,13370.3125,97,345,10001,"[0, 100000]","[0, 100000]",0,0,1171,6738
yolov8x_training,5577.631629,75,138.868,13370.3125,100,270,10001,"[0, 100000]","[0, 100000]",0,0,1123,927
yolov8x_training,5578.809984,76,138.804,13370.3125,13,210,10001,"[0, 100000]","[0, 100000]",0,0,10058,36621
yolov8x_training,5579.853006,74,137.066,13370.3125,100,2415,10001,"[0, 100000]","[0, 100000]",0,0,1171,7128
yolov8x_training,5580.895891,75,143.042,13370.3125,100,300,10001,"[0, 100000]","[0, 100000]",0,0,683,2783
yolov8x_training,5582.029196,75,138.930,13370.3125,100,210,10001,"[0, 100000]","[0, 100000]",0,0,11230,28271
yolov8x_training,5583.072070,76,138.970,13370.3125,36,345,10001,"[0, 100000]","[0, 100000]",0,0,1464,6982
yolov8x_training,5584.115034,75,138.236,13370.3125,100,300,10001,"[0, 100000]","[0, 100000]",0,0,634,2880
yolov8x_training,5585.282790,75,138.415,13370.3125,100,225,10001,"[0, 100000]","[0, 100000]",0,0,10107,37695
yolov8x_training,5586.325688,75,139.009,13370.3125,100,1605,10001,"[0, 100000]","[0, 100000]",0,0,1464,6689
yolov8x_training,5587.368482,75,140.564,13370.3125,91,435,10001,"[0, 100000]","[0, 100000]",0,0,683,13378
yolov8x_training,5588.523584,75,139.012,13370.3125,89,240,10001,"[0, 100000]","[0, 100000]",0,0,10205,37695
yolov8x_training,5589.566639,75,137.979,13370.3125,97,285,10001,"[0, 100000]","[0, 100000]",0,0,1416,6787
yolov8x_training,5590.609478,74,139.062,13370.3125,100,300,10001,"[0, 100000]","[0, 100000]",0,0,732,2636
yolov8x_training,5591.775401,76,138.967,13370.3125,19,225,10001,"[0, 100000]","[0, 100000]",0,0,11181,29199
yolov8x_training,5592.818188,75,138.374,13370.3125,98,990,10001,"[0, 100000]","[0, 100000]",0,0,1367,7080
yolov8x_training,5593.860980,75,140.891,13370.3125,100,630,10001,"[0, 100000]","[0, 100000]",0,0,683,21533
yolov8x_training,5594.992195,75,140.145,13370.3125,100,255,10001,"[0, 100000]","[0, 100000]",0,0,11523,26757
yolov8x_training,5596.035017,77,139.109,13370.3125,12,300,10001,"[0, 100000]","[0, 100000]",0,0,1464,7080
yolov8x_training,5597.077763,76,139.188,13370.3125,100,225,10001,"[0, 100000]","[0, 100000]",0,0,634,2587
yolov8x_training,5598.224061,75,134.694,13370.3125,100,270,10001,"[0, 100000]","[0, 100000]",0,0,10546,31884
yolov8x_training,5599.266894,75,138.225,13370.3125,100,255,10001,"[0, 100000]","[0, 100000]",0,0,1416,5615
yolov8x_training,5600.309602,75,138.540,13370.3125,31,315,10001,"[0, 100000]","[0, 100000]",0,0,976,34277
yolov8x_training,5601.427043,75,139.035,13370.3125,100,315,10001,"[0, 100000]","[0, 100000]",0,0,11523,25781
yolov8x_training,5602.469828,75,136.095,13370.3125,100,210,10001,"[0, 100000]","[0, 100000]",0,0,1416,6933
yolov8x_training,5603.512576,75,138.188,13370.3125,100,225,10001,"[0, 100000]","[0, 100000]",0,0,488,3222
yolov8x_training,5604.662442,75,138.891,13370.3125,100,2025,10001,"[0, 100000]","[0, 100000]",0,0,10156,37353
yolov8x_training,5605.705304,75,139.690,13370.3125,100,270,10001,"[0, 100000]","[0, 100000]",0,0,1562,5957
yolov8x_training,5606.748226,75,138.477,13370.3125,100,255,10001,"[0, 100000]","[0, 100000]",0,0,976,35107
yolov8x_training,5607.895939,74,138.750,13370.3125,100,255,10001,"[0, 100000]","[0, 100000]",0,0,9960,38037
yolov8x_training,5608.939133,75,134.534,13370.3125,85,270,10001,"[0, 100000]","[0, 100000]",0,0,1367,8056
yolov8x_training,5609.981966,75,138.825,13370.3125,98,210,10001,"[0, 100000]","[0, 100000]",0,0,390,3417
yolov8x_training,5611.143338,75,138.053,13370.3125,100,2385,10001,"[0, 100000]","[0, 100000]",0,0,11621,26562
yolov8x_training,5612.186125,73,141.074,13370.3125,100,300,10001,"[0, 100000]","[0, 100000]",0,0,1416,5712
yolov8x_training,5613.229070,74,138.691,13370.3125,64,255,10001,"[0, 100000]","[0, 100000]",0,0,976,72656
yolov8x_training,5614.366582,75,137.576,13370.3125,97,270,10001,"[0, 100000]","[0, 100000]",0,0,10791,31250
yolov8x_training,5615.409430,75,136.547,13370.3125,100,675,10001,"[0, 100000]","[0, 100000]",0,0,1416,6689
yolov8x_training,5616.452153,75,137.748,13370.3125,100,225,10001,"[0, 100000]","[0, 100000]",0,0,537,3173
yolov8x_training,5617.589653,75,139.520,13370.3125,25,2445,10001,"[0, 100000]","[0, 100000]",0,0,11816,24462
yolov8x_training,5618.632651,76,142.964,13370.3125,99,390,10001,"[0, 100000]","[0, 100000]",0,0,1416,7373
yolov8x_training,5619.675422,76,139.475,13370.3125,100,270,10001,"[0, 100000]","[0, 100000]",0,0,390,3710
yolov8x_training,5620.839072,75,139.911,13370.3125,40,255,10001,"[0, 100000]","[0, 100000]",0,0,11328,28515
yolov8x_training,5621.881852,75,137.870,13370.3125,100,2070,10001,"[0, 100000]","[0, 100000]",0,0,1416,7080
yolov8x_training,5622.924700,75,140.631,13370.3125,100,285,10001,"[0, 100000]","[0, 100000]",0,0,878,28222
yolov8x_training,5624.085540,75,137.599,13370.3125,100,210,10001,"[0, 100000]","[0, 100000]",0,0,10058,37402
yolov8x_training,5625.128585,76,141.787,13370.3125,100,495,10001,"[0, 100000]","[0, 100000]",0,0,1416,7324
yolov8x_training,5626.171333,76,139.746,13370.3125,98,285,10001,"[0, 100000]","[0, 100000]",0,0,537,3076
yolov8x_training,5627.347399,75,138.499,13370.3125,98,255,10001,"[0, 100000]","[0, 100000]",0,0,12109,22753
yolov8x_training,5628.390214,75,137.806,13370.3125,100,1965,10001,"[0, 100000]","[0, 100000]",0,0,1318,6884
yolov8x_training,5629.433087,75,140.388,13370.3125,100,255,10001,"[0, 100000]","[0, 100000]",0,0,634,22167
yolov8x_training,5630.599153,75,137.607,13370.3125,14,465,10001,"[0, 100000]","[0, 100000]",0,0,11083,29345
yolov8x_training,5631.642194,77,142.710,13370.3125,100,300,10001,"[0, 100000]","[0, 100000]",0,0,1416,7324
yolov8x_training,5632.684970,75,137.655,13370.3125,100,210,10001,"[0, 100000]","[0, 100000]",0,0,1171,830
yolov8x_training,5633.859056,75,138.000,13370.3125,94,270,10001,"[0, 100000]","[0, 100000]",0,0,9960,39697
yolov8x_training,5634.902063,75,136.813,13370.3125,100,600,10001,"[0, 100000]","[0, 100000]",0,0,1416,6445
yolov8x_training,5635.944828,75,137.049,13370.3125,98,240,10001,"[0, 100000]","[0, 100000]",0,0,732,1953
yolov8x_training,5637.079918,75,139.390,13370.3125,100,2310,10001,"[0, 100000]","[0, 100000]",0,0,11230,29052
yolov8x_training,5638.122733,77,144.194,13370.3125,100,585,10001,"[0, 100000]","[0, 100000]",0,0,1464,7031
yolov8x_training,5639.165654,76,139.747,13370.3125,100,285,10001,"[0, 100000]","[0, 100000]",0,0,927,29101
yolov8x_training,5640.287412,75,139.435,13370.3125,98,210,10001,"[0, 100000]","[0, 100000]",0,0,10009,39257
yolov8x_training,5641.330283,75,139.998,13370.3125,100,210,10001,"[0, 100000]","[0, 100000]",0,0,1416,6494
yolov8x_training,5642.373213,75,144.572,13370.3125,100,315,10001,"[0, 100000]","[0, 100000]",0,0,1025,51416
yolov8x_training,5643.512843,74,140.347,13370.3125,80,270,10001,"[0, 100000]","[0, 100000]",0,0,11181,28515
yolov8x_training,5644.555633,75,139.208,13370.3125,96,330,10001,"[0, 100000]","[0, 100000]",0,0,1367,6884
yolov8x_training,5645.598369,75,139.141,13370.3125,100,225,10001,"[0, 100000]","[0, 100000]",0,0,439,3271
yolov8x_training,5646.641514,75,134.553,13370.3125,100,210,10001,"[0, 100000]","[0, 100000]",0,0,341,292
yolov8x_training,5647.787744,75,132.462,13370.3125,0,285,10001,"[0, 100000]","[0, 100000]",0,0,10888,30517
yolov8x_training,5648.830793,75,131.696,13370.3125,100,2505,10001,"[0, 100000]","[0, 100000]",0,0,1367,11865
yolov8x_training,5649.873614,75,140.252,13370.3125,99,255,10001,"[0, 100000]","[0, 100000]",0,0,1074,3271
yolov8x_training,5651.061956,75,138.228,13370.3125,100,225,10001,"[0, 100000]","[0, 100000]",0,0,10546,34082
yolov8x_training,5652.104800,75,139.485,13370.3125,91,300,10001,"[0, 100000]","[0, 100000]",0,0,1562,7958
yolov8x_training,5653.147558,75,139.212,13370.3125,92,270,10001,"[0, 100000]","[0, 100000]",0,0,1123,1708
yolov8x_training,5654.309078,75,138.779,13370.3125,96,240,10001,"[0, 100000]","[0, 100000]",0,0,10449,34228
yolov8x_training,5655.351907,75,138.044,13370.3125,100,2505,10001,"[0, 100000]","[0, 100000]",0,0,1367,6933
yolov8x_training,5656.394762,75,139.367,13370.3125,100,270,10001,"[0, 100000]","[0, 100000]",0,0,927,2587
yolov8x_training,5657.561496,75,138.566,13370.3125,31,255,10001,"[0, 100000]","[0, 100000]",0,0,11230,28369
yolov8x_training,5658.604265,76,142.659,13370.3125,96,345,10001,"[0, 100000]","[0, 100000]",0,0,1367,7568
yolov8x_training,5659.647015,75,139.957,13370.3125,100,270,10001,"[0, 100000]","[0, 100000]",0,0,781,2001
yolov8x_training,5660.788612,75,138.512,13370.3125,30,240,10001,"[0, 100000]","[0, 100000]",0,0,11181,28222
yolov8x_training,5661.831504,75,138.306,13370.3125,100,615,10001,"[0, 100000]","[0, 100000]",0,0,1660,7128
yolov8x_training,5662.874523,75,142.288,13370.3125,100,315,10001,"[0, 100000]","[0, 100000]",0,0,1025,1464
yolov8x_training,5664.023847,74,138.764,13370.3125,100,255,10001,"[0, 100000]","[0, 100000]",0,0,10791,30908
yolov8x_training,5665.066802,75,139.533,13370.3125,51,300,10001,"[0, 100000]","[0, 100000]",0,0,1416,6396
yolov8x_training,5666.109657,75,138.091,13370.3125,100,315,10001,"[0, 100000]","[0, 100000]",0,0,976,1464
yolov8x_training,5667.253073,75,138.167,13370.3125,100,240,10001,"[0, 100000]","[0, 100000]",0,0,10302,37011
yolov8x_training,5668.295949,75,138.595,13370.3125,100,240,10001,"[0, 100000]","[0, 100000]",0,0,1367,7373
yolov8x_training,5669.338817,75,141.893,13370.3125,100,630,10001,"[0, 100000]","[0, 100000]",0,0,976,1513
yolov8x_training,5670.467175,74,139.631,13370.3125,100,240,10001,"[0, 100000]","[0, 100000]",0,0,11181,29101
yolov8x_training,5671.510068,75,139.270,13370.3125,97,255,10001,"[0, 100000]","[0, 100000]",0,0,1416,7568
yolov8x_training,5672.552790,75,137.801,13370.3125,100,240,10001,"[0, 100000]","[0, 100000]",0,0,1171,878
yolov8x_training,5673.701498,75,135.700,13370.3125,90,225,10001,"[0, 100000]","[0, 100000]",0,0,11376,28173
yolov8x_training,5674.744225,74,137.838,13370.3125,97,270,10001,"[0, 100000]","[0, 100000]",0,0,1464,7519
yolov8x_training,5675.787062,75,137.920,13370.3125,100,375,10001,"[0, 100000]","[0, 100000]",0,0,1123,1660
yolov8x_training,5676.921416,73,140.003,13370.3125,100,330,10001,"[0, 100000]","[0, 100000]",0,0,10107,35156
yolov8x_training,5677.964226,75,137.326,13370.3125,54,240,10001,"[0, 100000]","[0, 100000]",0,0,1367,7128
yolov8x_training,5679.007010,75,138.787,13370.3125,96,270,10001,"[0, 100000]","[0, 100000]",0,0,976,1464
yolov8x_training,5680.151542,75,138.605,13370.3125,100,2025,10001,"[0, 100000]","[0, 100000]",0,0,11230,29101
yolov8x_training,5681.194322,74,137.554,13370.3125,100,270,10001,"[0, 100000]","[0, 100000]",0,0,1416,7031
yolov8x_training,5682.237097,75,139.236,13370.3125,18,240,10001,"[0, 100000]","[0, 100000]",0,0,976,1318
yolov8x_training,5683.402596,77,138.218,13370.3125,100,255,10001,"[0, 100000]","[0, 100000]",0,0,11279,29101
yolov8x_training,5684.445602,75,134.911,13370.3125,100,210,10001,"[0, 100000]","[0, 100000]",0,0,1464,5468
yolov8x_training,5685.488372,75,138.275,13370.3125,100,225,10001,"[0, 100000]","[0, 100000]",0,0,585,2392
yolov8x_training,5686.617140,75,137.873,13370.3125,51,2445,10001,"[0, 100000]","[0, 100000]",0,0,11230,29150
yolov8x_training,5687.660135,73,140.543,13370.3125,100,450,10001,"[0, 100000]","[0, 100000]",0,0,1513,4687
yolov8x_training,5688.702973,75,138.238,13370.3125,100,270,10001,"[0, 100000]","[0, 100000]",0,0,634,2246
yolov8x_training,5689.816157,75,138.239,13370.3125,71,240,10001,"[0, 100000]","[0, 100000]",0,0,11132,28515
yolov8x_training,5690.859105,75,139.696,13370.3125,100,2490,10001,"[0, 100000]","[0, 100000]",0,0,1367,7568
yolov8x_training,5691.901906,75,138.825,13370.3125,100,285,10001,"[0, 100000]","[0, 100000]",0,0,439,2734
yolov8x_training,5693.044593,75,138.570,13370.3125,100,270,10001,"[0, 100000]","[0, 100000]",0,0,11816,24414
yolov8x_training,5694.087444,75,138.213,13370.3125,82,360,10001,"[0, 100000]","[0, 100000]",0,0,1464,6640
yolov8x_training,5695.130215,76,140.329,13370.3125,97,300,10001,"[0, 100000]","[0, 100000]",0,0,1025,1416
yolov8x_training,5696.269640,75,139.214,13370.3125,98,240,10001,"[0, 100000]","[0, 100000]",0,0,9960,38330
yolov8x_training,5697.312770,75,139.549,13370.3125,100,210,10001,"[0, 100000]","[0, 100000]",0,0,1367,6884
yolov8x_training,5698.355784,75,142.158,13370.3125,100,405,10001,"[0, 100000]","[0, 100000]",0,0,1171,2099
yolov8x_training,5699.493963,75,138.778,13370.3125,61,255,10001,"[0, 100000]","[0, 100000]",0,0,10302,34033
yolov8x_training,5700.536771,75,139.037,13370.3125,96,210,10001,"[0, 100000]","[0, 100000]",0,0,1416,7861
yolov8x_training,5701.579544,75,139.339,13370.3125,100,255,10001,"[0, 100000]","[0, 100000]",0,0,634,2832
yolov8x_training,5702.702123,75,136.295,13370.3125,58,225,10001,"[0, 100000]","[0, 100000]",0,0,11376,27099
yolov8x_training,5703.744965,75,138.464,13370.3125,98,225,10001,"[0, 100000]","[0, 100000]",0,0,1367,7275
yolov8x_training,5704.787838,75,139.247,13370.3125,100,300,10001,"[0, 100000]","[0, 100000]",0,0,585,2734
yolov8x_training,5705.893982,74,138.952,13370.3125,100,240,10001,"[0, 100000]","[0, 100000]",0,0,11279,27734
yolov8x_training,5706.937033,75,136.340,13370.3125,72,315,10001,"[0, 100000]","[0, 100000]",0,0,1171,7910
yolov8x_training,5707.979843,75,137.376,13370.3125,98,255,10001,"[0, 100000]","[0, 100000]",0,0,1074,1953
yolov8x_training,5709.125090,75,139.190,13370.3125,100,2445,10001,"[0, 100000]","[0, 100000]",0,0,11230,28173
yolov8x_training,5710.167848,74,138.531,13370.3125,100,270,10001,"[0, 100000]","[0, 100000]",0,0,1416,6689
yolov8x_training,5711.210582,75,137.877,13370.3125,11,270,10001,"[0, 100000]","[0, 100000]",0,0,1171,2148
yolov8x_training,5712.361371,77,139.390,13370.3125,100,285,10001,"[0, 100000]","[0, 100000]",0,0,10351,35351
yolov8x_training,5713.404171,75,133.853,13370.3125,100,1695,10001,"[0, 100000]","[0, 100000]",0,0,1416,5957
yolov8x_training,5714.447030,75,138.989,13370.3125,100,270,10001,"[0, 100000]","[0, 100000]",0,0,390,2978
yolov8x_training,5715.591386,75,138.141,13370.3125,20,210,10001,"[0, 100000]","[0, 100000]",0,0,11474,27978
yolov8x_training,5716.634310,75,141.533,13370.3125,100,540,10001,"[0, 100000]","[0, 100000]",0,0,1464,7666
yolov8x_training,5717.677165,75,138.955,13370.3125,100,285,10001,"[0, 100000]","[0, 100000]",0,0,1025,1074
yolov8x_training,5718.792624,75,139.355,13370.3125,56,225,10001,"[0, 100000]","[0, 100000]",0,0,11621,26708
yolov8x_training,5719.835443,75,139.555,13370.3125,100,2160,10001,"[0, 100000]","[0, 100000]",0,0,1464,6787
yolov8x_training,5720.878264,75,140.394,13370.3125,100,270,10001,"[0, 100000]","[0, 100000]",0,0,1025,1464
yolov8x_training,5721.988356,75,138.763,13370.3125,100,240,10001,"[0, 100000]","[0, 100000]",0,0,10742,32421
yolov8x_training,5723.031133,75,139.444,13370.3125,45,240,10001,"[0, 100000]","[0, 100000]",0,0,1416,6689
yolov8x_training,5724.074224,75,138.902,13370.3125,100,240,10001,"[0, 100000]","[0, 100000]",0,0,634,2587
yolov8x_training,5725.185734,75,136.647,13370.3125,100,210,10001,"[0, 100000]","[0, 100000]",0,0,11376,28515
yolov8x_training,5726.228487,75,138.025,13370.3125,100,240,10001,"[0, 100000]","[0, 100000]",0,0,1367,7421
yolov8x_training,5727.271335,75,138.488,13370.3125,85,360,10001,"[0, 100000]","[0, 100000]",0,0,976,2734
yolov8x_training,5728.426051,74,139.804,13370.3125,100,330,10001,"[0, 100000]","[0, 100000]",0,0,10107,36328
yolov8x_training,5729.468990,75,138.657,13370.3125,100,240,10001,"[0, 100000]","[0, 100000]",0,0,1416,7519
yolov8x_training,5730.511792,75,138.601,13370.3125,100,270,10001,"[0, 100000]","[0, 100000]",0,0,976,1464
yolov8x_training,5731.645792,75,133.358,13370.3125,100,1425,10001,"[0, 100000]","[0, 100000]",0,0,10742,30957
yolov8x_training,5732.688597,74,138.134,13370.3125,98,270,10001,"[0, 100000]","[0, 100000]",0,0,1367,6933
yolov8x_training,5733.731350,75,138.785,13370.3125,100,225,10001,"[0, 100000]","[0, 100000]",0,0,1074,3320
yolov8x_training,5734.902317,75,139.670,13370.3125,100,270,10001,"[0, 100000]","[0, 100000]",0,0,10058,37500
yolov8x_training,5735.945393,74,135.772,13370.3125,65,675,10001,"[0, 100000]","[0, 100000]",0,0,1464,5957
yolov8x_training,5736.988305,75,137.057,13370.3125,96,255,10001,"[0, 100000]","[0, 100000]",0,0,1269,976
yolov8x_training,5738.129709,75,135.741,13370.3125,100,2475,10001,"[0, 100000]","[0, 100000]",0,0,11474,28515
yolov8x_training,5739.172503,74,137.583,13370.3125,100,285,10001,"[0, 100000]","[0, 100000]",0,0,1367,7373
yolov8x_training,5740.215208,75,140.464,13370.3125,26,210,10001,"[0, 100000]","[0, 100000]",0,0,1171,537
yolov8x_training,5741.373363,76,138.666,13370.3125,100,285,10001,"[0, 100000]","[0, 100000]",0,0,11376,27001
yolov8x_training,5742.416171,74,138.071,13370.3125,100,1995,10001,"[0, 100000]","[0, 100000]",0,0,1416,6640
yolov8x_training,5743.458885,75,142.554,13370.3125,100,225,10001,"[0, 100000]","[0, 100000]",0,0,683,2685
yolov8x_training,5744.606519,75,137.314,13370.3125,47,255,10001,"[0, 100000]","[0, 100000]",0,0,10205,37744
yolov8x_training,5745.649543,74,138.493,13370.3125,100,585,10001,"[0, 100000]","[0, 100000]",0,0,1464,6689
yolov8x_training,5746.692003,75,135.996,13370.3125,100,255,10001,"[0, 100000]","[0, 100000]",0,0,1074,3710
yolov8x_training,5747.735008,75,134.638,13370.3125,100,315,10001,"[0, 100000]","[0, 100000]",0,0,292,292
yolov8x_training,5748.908350,74,135.350,13370.3125,0,240,10001,"[0, 100000]","[0, 100000]",0,0,11279,29150
yolov8x_training,5749.951028,75,128.772,13370.3125,52,210,10001,"[0, 100000]","[0, 100000]",0,0,1171,4736
yolov8x_training,5750.993563,75,135.716,13370.3125,97,270,10001,"[0, 100000]","[0, 100000]",0,0,1123,3808
yolov8x_training,5752.036322,75,138.781,13370.3125,100,420,10001,"[0, 100000]","[0, 100000]",0,0,2685,6591
yolov8x_training,5753.211070,75,139.002,13370.3125,100,285,10001,"[0, 100000]","[0, 100000]",0,0,1171,4687
yolov8x_training,5754.253725,77,138.383,13370.3125,12,300,10001,"[0, 100000]","[0, 100000]",0,0,878,4492
yolov8x_training,5755.296573,75,138.254,13370.3125,100,270,10001,"[0, 100000]","[0, 100000]",0,0,89111,16113
yolov8x_training,5756.349190,75,138.184,13370.3125,100,240,10001,"[0, 100000]","[0, 100000]",0,0,10253,36523
yolov8x_training,5757.391890,76,138.390,13370.3125,100,2205,10001,"[0, 100000]","[0, 100000]",0,0,1416,6738
yolov8x_training,5758.434670,75,144.209,13370.3125,100,270,10001,"[0, 100000]","[0, 100000]",0,0,585,2392
yolov8x_training,5759.593132,75,137.770,13370.3125,100,270,10001,"[0, 100000]","[0, 100000]",0,0,10058,35253
yolov8x_training,5760.635765,74,139.659,13370.3125,97,315,10001,"[0, 100000]","[0, 100000]",0,0,1513,5810
yolov8x_training,5761.678777,75,138.844,13370.3125,100,270,10001,"[0, 100000]","[0, 100000]",0,0,927,1074
yolov8x_training,5762.826054,75,138.121,13370.3125,32,240,10001,"[0, 100000]","[0, 100000]",0,0,11083,28076
yolov8x_training,5763.868751,75,137.168,13370.3125,97,2505,10001,"[0, 100000]","[0, 100000]",0,0,1318,7714
yolov8x_training,5764.911569,75,140.482,13370.3125,100,375,10001,"[0, 100000]","[0, 100000]",0,0,585,2587
yolov8x_training,5766.076464,75,137.690,13370.3125,100,270,10001,"[0, 100000]","[0, 100000]",0,0,11767,24902
yolov8x_training,5767.119056,76,139.679,13370.3125,31,330,10001,"[0, 100000]","[0, 100000]",0,0,1416,6494
yolov8x_training,5768.161836,74,139.146,13370.3125,100,300,10001,"[0, 100000]","[0, 100000]",0,0,878,1269
yolov8x_training,5769.205004,75,135.878,13370.3125,95,255,10001,"[0, 100000]","[0, 100000]",0,0,292,292
yolov8x_training,5770.384688,75,130.696,13370.3125,100,240,10001,"[0, 100000]","[0, 100000]",0,0,9912,37939
yolov8x_training,5771.427709,74,134.032,13370.3125,100,675,10001,"[0, 100000]","[0, 100000]",0,0,1464,6494
yolov8x_training,5772.470530,75,140.360,13370.3125,100,240,10001,"[0, 100000]","[0, 100000]",0,0,683,24707
yolov8x_training,5773.607557,75,138.343,13370.3125,25,2505,10001,"[0, 100000]","[0, 100000]",0,0,10058,37548
yolov8x_training,5774.650385,74,138.086,13370.3125,97,495,10001,"[0, 100000]","[0, 100000]",0,0,1367,6933
yolov8x_training,5775.693246,75,139.162,13370.3125,100,285,10001,"[0, 100000]","[0, 100000]",0,0,976,33544
yolov8x_training,5776.841523,77,138.117,13370.3125,17,255,10001,"[0, 100000]","[0, 100000]",0,0,10693,32080
yolov8x_training,5777.884116,75,138.974,13370.3125,100,1050,10001,"[0, 100000]","[0, 100000]",0,0,1367,7714
yolov8x_training,5778.926948,75,144.071,13370.3125,100,300,10001,"[0, 100000]","[0, 100000]",0,0,439,3564
yolov8x_training,5780.087889,75,137.996,13370.3125,100,225,10001,"[0, 100000]","[0, 100000]",0,0,11035,29882
yolov8x_training,5781.130745,74,138.743,13370.3125,60,285,10001,"[0, 100000]","[0, 100000]",0,0,1464,7666
yolov8x_training,5782.173537,75,138.385,13370.3125,100,270,10001,"[0, 100000]","[0, 100000]",0,0,634,2880
yolov8x_training,5783.350999,75,139.328,13370.3125,97,225,10001,"[0, 100000]","[0, 100000]",0,0,11279,28710
yolov8x_training,5784.393586,75,136.816,13370.3125,100,1192,10001,"[0, 100000]","[0, 100000]",0,0,1367,6933
yolov8x_training,5785.436429,75,142.133,13370.3125,100,315,10001,"[0, 100000]","[0, 100000]",0,0,488,3369
yolov8x_training,5786.578178,75,138.075,13370.3125,61,240,10001,"[0, 100000]","[0, 100000]",0,0,10546,32080
yolov8x_training,5787.620793,74,139.105,13370.3125,97,300,10001,"[0, 100000]","[0, 100000]",0,0,1416,7861
yolov8x_training,5788.663515,75,138.742,13370.3125,100,300,10001,"[0, 100000]","[0, 100000]",0,0,683,22949
yolov8x_training,5789.817344,75,137.578,13370.3125,34,240,10001,"[0, 100000]","[0, 100000]",0,0,10156,37792
yolov8x_training,5790.860085,75,138.203,13370.3125,98,960,10001,"[0, 100000]","[0, 100000]",0,0,1464,7666
yolov8x_training,5791.902904,75,140.864,13370.3125,100,585,10001,"[0, 100000]","[0, 100000]",0,0,683,22753
yolov8x_training,5793.070203,75,137.181,13370.3125,100,255,10001,"[0, 100000]","[0, 100000]",0,0,10302,33886
yolov8x_training,5794.112847,74,139.092,13370.3125,49,330,10001,"[0, 100000]","[0, 100000]",0,0,1416,6884
yolov8x_training,5795.155531,75,139.073,13370.3125,100,285,10001,"[0, 100000]","[0, 100000]",0,0,732,2636
yolov8x_training,5796.312350,76,138.842,13370.3125,100,240,10001,"[0, 100000]","[0, 100000]",0,0,10839,31542
yolov8x_training,5797.354979,75,139.437,13370.3125,100,1470,10001,"[0, 100000]","[0, 100000]",0,0,1562,6005
yolov8x_training,5798.397884,75,141.551,13370.3125,79,495,10001,"[0, 100000]","[0, 100000]",0,0,976,36718
yolov8x_training,5799.541883,75,140.083,13370.3125,98,240,10001,"[0, 100000]","[0, 100000]",0,0,10107,37597
yolov8x_training,5800.584642,77,138.974,13370.3125,98,285,10001,"[0, 100000]","[0, 100000]",0,0,1416,6884
yolov8x_training,5801.627461,74,139.163,13370.3125,100,315,10001,"[0, 100000]","[0, 100000]",0,0,781,2294
yolov8x_training,5802.794250,75,136.980,13370.3125,46,240,10001,"[0, 100000]","[0, 100000]",0,0,11083,29003
yolov8x_training,5803.836901,75,138.561,13370.3125,98,210,10001,"[0, 100000]","[0, 100000]",0,0,1464,6884
yolov8x_training,5804.879757,75,137.781,13370.3125,100,510,10001,"[0, 100000]","[0, 100000]",0,0,1074,51318
yolov8x_training,5806.013583,75,139.742,13370.3125,100,270,10001,"[0, 100000]","[0, 100000]",0,0,10009,38183
yolov8x_training,5807.056434,75,138.178,13370.3125,32,330,10001,"[0, 100000]","[0, 100000]",0,0,1416,7373
yolov8x_training,5808.099192,76,139.076,13370.3125,100,225,10001,"[0, 100000]","[0, 100000]",0,0,976,1464
yolov8x_training,5809.262366,75,135.160,13370.3125,100,240,10001,"[0, 100000]","[0, 100000]",0,0,10986,30419
yolov8x_training,5810.304978,75,138.707,13370.3125,100,210,10001,"[0, 100000]","[0, 100000]",0,0,1416,6933
yolov8x_training,5811.347679,75,139.027,13370.3125,51,345,10001,"[0, 100000]","[0, 100000]",0,0,537,2880
yolov8x_training,5812.508446,75,138.674,13370.3125,100,225,10001,"[0, 100000]","[0, 100000]",0,0,10937,30908
yolov8x_training,5813.551053,75,138.611,13370.3125,100,225,10001,"[0, 100000]","[0, 100000]",0,0,1464,7128
yolov8x_training,5814.593826,76,139.213,13370.3125,100,255,10001,"[0, 100000]","[0, 100000]",0,0,439,3564
yolov8x_training,5815.756850,75,135.183,13370.3125,76,210,10001,"[0, 100000]","[0, 100000]",0,0,11328,28710
yolov8x_training,5816.799549,75,138.418,13370.3125,98,240,10001,"[0, 100000]","[0, 100000]",0,0,1416,4638
yolov8x_training,5817.842206,75,138.682,13370.3125,100,315,10001,"[0, 100000]","[0, 100000]",0,0,1074,35107
yolov8x_training,5818.968421,75,138.369,13370.3125,100,285,10001,"[0, 100000]","[0, 100000]",0,0,10253,36083
yolov8x_training,5820.010941,75,137.105,13370.3125,62,210,10001,"[0, 100000]","[0, 100000]",0,0,1416,6689
yolov8x_training,5821.053666,75,139.041,13370.3125,97,270,10001,"[0, 100000]","[0, 100000]",0,0,878,24560
yolov8x_training,5822.192939,75,138.845,13370.3125,100,450,10001,"[0, 100000]","[0, 100000]",0,0,10058,38378
yolov8x_training,5823.235734,75,138.375,13370.3125,100,270,10001,"[0, 100000]","[0, 100000]",0,0,1367,6738
yolov8x_training,5824.278518,75,139.078,13370.3125,20,210,10001,"[0, 100000]","[0, 100000]",0,0,439,3027
yolov8x_training,5825.444299,74,137.311,13370.3125,100,255,10001,"[0, 100000]","[0, 100000]",0,0,11425,27880
yolov8x_training,5826.486901,75,135.879,13370.3125,100,270,10001,"[0, 100000]","[0, 100000]",0,0,1367,7812
yolov8x_training,5827.529631,75,137.932,13370.3125,100,255,10001,"[0, 100000]","[0, 100000]",0,0,634,20019
yolov8x_training,5828.694056,75,137.883,13370.3125,100,2085,10001,"[0, 100000]","[0, 100000]",0,0,10107,37792
yolov8x_training,5829.736710,75,137.959,13370.3125,100,255,10001,"[0, 100000]","[0, 100000]",0,0,1464,6933
yolov8x_training,5830.779468,75,138.054,13370.3125,100,255,10001,"[0, 100000]","[0, 100000]",0,0,1269,976
yolov8x_training,5831.934789,74,139.392,13370.3125,100,225,10001,"[0, 100000]","[0, 100000]",0,0,11230,29296
yolov8x_training,5832.977550,75,135.265,13370.3125,86,270,10001,"[0, 100000]","[0, 100000]",0,0,1464,6884
yolov8x_training,5834.020260,75,138.198,13370.3125,98,225,10001,"[0, 100000]","[0, 100000]",0,0,390,3222
yolov8x_training,5835.175187,75,138.451,13370.3125,100,1575,10001,"[0, 100000]","[0, 100000]",0,0,11523,26367
yolov8x_training,5836.217834,75,138.794,13370.3125,100,270,10001,"[0, 100000]","[0, 100000]",0,0,1416,7666
yolov8x_training,5837.260554,75,136.039,13370.3125,0,315,10001,"[0, 100000]","[0, 100000]",0,0,1123,4003
yolov8x_training,5838.303471,74,136.234,13370.3125,63,270,10001,"[0, 100000]","[0, 100000]",0,0,341,292
yolov8x_training,5839.413919,75,135.773,13370.3125,97,285,10001,"[0, 100000]","[0, 100000]",0,0,11279,28710
yolov8x_training,5840.456557,75,135.654,13370.3125,100,420,10001,"[0, 100000]","[0, 100000]",0,0,1513,5615
yolov8x_training,5841.499267,75,138.043,13370.3125,100,225,10001,"[0, 100000]","[0, 100000]",0,0,634,2783
yolov8x_training,5842.606361,75,139.644,13370.3125,16,1605,10001,"[0, 100000]","[0, 100000]",0,0,10009,37646
yolov8x_training,5843.649076,77,144.152,13370.3125,97,525,10001,"[0, 100000]","[0, 100000]",0,0,1416,6689
yolov8x_training,5844.691767,74,139.489,13370.3125,100,285,10001,"[0, 100000]","[0, 100000]",0,0,1171,732
yolov8x_training,5845.840598,75,138.703,13370.3125,21,210,10001,"[0, 100000]","[0, 100000]",0,0,10156,36816
yolov8x_training,5846.883431,75,139.038,13370.3125,100,2505,10001,"[0, 100000]","[0, 100000]",0,0,1611,5419
yolov8x_training,5847.926268,75,142.692,13370.3125,100,270,10001,"[0, 100000]","[0, 100000]",0,0,683,2197
yolov8x_training,5849.024317,74,139.425,13370.3125,100,210,10001,"[0, 100000]","[0, 100000]",0,0,11035,30078
yolov8x_training,5850.067300,75,139.050,13370.3125,21,300,10001,"[0, 100000]","[0, 100000]",0,0,1416,7519
yolov8x_training,5851.110041,75,138.419,13370.3125,100,315,10001,"[0, 100000]","[0, 100000]",0,0,1171,927
yolov8x_training,5852.256839,75,136.142,13370.3125,100,210,10001,"[0, 100000]","[0, 100000]",0,0,11328,28222
yolov8x_training,5853.299530,75,137.059,13370.3125,100,240,10001,"[0, 100000]","[0, 100000]",0,0,1464,7617
yolov8x_training,5854.342272,75,139.081,13370.3125,85,300,10001,"[0, 100000]","[0, 100000]",0,0,1025,1367
yolov8x_training,5855.484806,74,138.650,13370.3125,100,240,10001,"[0, 100000]","[0, 100000]",0,0,10839,30468
yolov8x_training,5856.528006,75,138.555,13370.3125,100,240,10001,"[0, 100000]","[0, 100000]",0,0,1367,7861
yolov8x_training,5857.570740,75,137.087,13370.3125,100,210,10001,"[0, 100000]","[0, 100000]",0,0,1123,3955
yolov8x_training,5858.733299,75,135.133,13370.3125,86,270,10001,"[0, 100000]","[0, 100000]",0,0,11523,27392
yolov8x_training,5859.776171,74,137.809,13370.3125,97,255,10001,"[0, 100000]","[0, 100000]",0,0,1416,7373
yolov8x_training,5860.818975,75,138.273,13370.3125,100,330,10001,"[0, 100000]","[0, 100000]",0,0,1074,1953
yolov8x_training,5861.976099,73,139.652,13370.3125,100,330,10001,"[0, 100000]","[0, 100000]",0,0,11230,29150
yolov8x_training,5863.018970,75,136.699,13370.3125,50,270,10001,"[0, 100000]","[0, 100000]",0,0,1367,6689
yolov8x_training,5864.061820,75,136.340,13370.3125,100,255,10001,"[0, 100000]","[0, 100000]",0,0,1171,1953
yolov8x_training,5865.236736,75,134.026,13370.3125,100,210,10001,"[0, 100000]","[0, 100000]",0,0,10986,29980
yolov8x_training,5866.279529,75,137.299,13370.3125,100,270,10001,"[0, 100000]","[0, 100000]",0,0,1513,5859
yolov8x_training,5867.322510,75,139.684,13370.3125,53,300,10001,"[0, 100000]","[0, 100000]",0,0,683,2246
yolov8x_training,5868.453911,74,139.083,13370.3125,100,315,10001,"[0, 100000]","[0, 100000]",0,0,11181,28222
yolov8x_training,5869.496730,75,136.018,13370.3125,100,240,10001,"[0, 100000]","[0, 100000]",0,0,1416,6835
yolov8x_training,5870.539513,75,137.433,13370.3125,100,255,10001,"[0, 100000]","[0, 100000]",0,0,927,1416
yolov8x_training,5871.671450,75,138.978,13370.3125,72,2250,10001,"[0, 100000]","[0, 100000]",0,0,11376,29101
yolov8x_training,5872.714187,74,139.022,13370.3125,100,300,10001,"[0, 100000]","[0, 100000]",0,0,1367,7128
yolov8x_training,5873.756971,75,139.110,13370.3125,100,225,10001,"[0, 100000]","[0, 100000]",0,0,732,2050
yolov8x_training,5874.884701,75,138.694,13370.3125,82,285,10001,"[0, 100000]","[0, 100000]",0,0,9960,37402
yolov8x_training,5875.927881,75,137.557,13370.3125,100,1980,10001,"[0, 100000]","[0, 100000]",0,0,1367,7031
yolov8x_training,5876.970594,75,137.903,13370.3125,98,240,10001,"[0, 100000]","[0, 100000]",0,0,1171,1708
yolov8x_training,5878.115284,75,138.903,13370.3125,100,1845,10001,"[0, 100000]","[0, 100000]",0,0,10449,32910
yolov8x_training,5879.158066,78,143.650,13370.3125,100,345,10001,"[0, 100000]","[0, 100000]",0,0,1416,6445
yolov8x_training,5880.200851,75,137.602,13370.3125,70,255,10001,"[0, 100000]","[0, 100000]",0,0,927,2978
yolov8x_training,5881.358429,75,138.738,13370.3125,97,255,10001,"[0, 100000]","[0, 100000]",0,0,11376,28906
yolov8x_training,5882.401409,75,139.071,13370.3125,100,2250,10001,"[0, 100000]","[0, 100000]",0,0,1416,7861
yolov8x_training,5883.444146,75,138.973,13370.3125,100,270,10001,"[0, 100000]","[0, 100000]",0,0,830,1513
yolov8x_training,5884.585957,75,137.800,13370.3125,33,240,10001,"[0, 100000]","[0, 100000]",0,0,12011,24365
yolov8x_training,5885.629143,75,140.254,13370.3125,97,375,10001,"[0, 100000]","[0, 100000]",0,0,1367,6250
yolov8x_training,5886.672072,75,139.842,13370.3125,100,270,10001,"[0, 100000]","[0, 100000]",0,0,1074,1171
yolov8x_training,5887.798816,75,139.219,13370.3125,16,240,10001,"[0, 100000]","[0, 100000]",0,0,10693,32031
yolov8x_training,5888.842104,75,139.637,13370.3125,98,240,10001,"[0, 100000]","[0, 100000]",0,0,1416,7080
yolov8x_training,5889.885007,75,141.107,13370.3125,100,510,10001,"[0, 100000]","[0, 100000]",0,0,683,2001
yolov8x_training,5891.023648,74,138.331,13370.3125,100,225,10001,"[0, 100000]","[0, 100000]",0,0,10791,31933
yolov8x_training,5892.066450,75,138.696,13370.3125,27,240,10001,"[0, 100000]","[0, 100000]",0,0,1513,6591
yolov8x_training,5893.109498,74,134.200,13370.3125,69,270,10001,"[0, 100000]","[0, 100000]",0,0,878,3759
yolov8x_training,5894.152557,75,138.687,13370.3125,97,240,10001,"[0, 100000]","[0, 100000]",0,0,4492,75439
yolov8x_training,5895.336849,75,138.077,13370.3125,100,225,10001,"[0, 100000]","[0, 100000]",0,0,2441,6152
yolov8x_training,5896.379718,75,141.499,13370.3125,100,315,10001,"[0, 100000]","[0, 100000]",0,0,1123,3857
yolov8x_training,5897.563536,75,139.053,13370.3125,59,255,10001,"[0, 100000]","[0, 100000]",0,0,10791,31982
yolov8x_training,5898.606426,75,138.653,13370.3125,96,285,10001,"[0, 100000]","[0, 100000]",0,0,1416,6640
yolov8x_training,5899.649302,75,137.801,13370.3125,100,270,10001,"[0, 100000]","[0, 100000]",0,0,1025,3271
yolov8x_training,5900.810660,75,138.939,13370.3125,31,240,10001,"[0, 100000]","[0, 100000]",0,0,11279,28417
yolov8x_training,5901.853552,75,138.419,13370.3125,100,570,10001,"[0, 100000]","[0, 100000]",0,0,1367,6884
yolov8x_training,5902.896417,75,141.264,13370.3125,100,315,10001,"[0, 100000]","[0, 100000]",0,0,1123,3320
yolov8x_training,5904.063806,75,139.114,13370.3125,100,255,10001,"[0, 100000]","[0, 100000]",0,0,10205,37597
yolov8x_training,5905.106719,75,138.822,13370.3125,72,285,10001,"[0, 100000]","[0, 100000]",0,0,1318,6201
yolov8x_training,5906.149589,76,137.763,13370.3125,100,270,10001,"[0, 100000]","[0, 100000]",0,0,1074,1660
yolov8x_training,5907.309262,75,139.044,13370.3125,97,240,10001,"[0, 100000]","[0, 100000]",0,0,10351,36132
yolov8x_training,5908.352101,75,138.225,13370.3125,100,270,10001,"[0, 100000]","[0, 100000]",0,0,1513,6494
yolov8x_training,5909.395319,75,141.964,13370.3125,100,300,10001,"[0, 100000]","[0, 100000]",0,0,683,2539
yolov8x_training,5910.528266,75,138.488,13370.3125,72,240,10001,"[0, 100000]","[0, 100000]",0,0,11279,29492
yolov8x_training,5911.571130,75,139.194,13370.3125,96,315,10001,"[0, 100000]","[0, 100000]",0,0,1416,6396
yolov8x_training,5912.613920,75,135.917,13370.3125,100,285,10001,"[0, 100000]","[0, 100000]",0,0,1025,3759
yolov8x_training,5913.656928,75,136.043,13370.3125,100,285,10001,"[0, 100000]","[0, 100000]",0,0,292,292
yolov8x_training,5914.784024,75,133.653,13370.3125,30,285,10001,"[0, 100000]","[0, 100000]",0,0,11376,28271
yolov8x_training,5915.826799,75,136.500,13370.3125,100,225,10001,"[0, 100000]","[0, 100000]",0,0,1171,6201
yolov8x_training,5916.869606,75,143.139,13370.3125,100,405,10001,"[0, 100000]","[0, 100000]",0,0,1220,976
yolov8x_training,5918.038885,74,138.282,13370.3125,100,270,10001,"[0, 100000]","[0, 100000]",0,0,10937,30371
yolov8x_training,5919.081669,75,139.000,13370.3125,79,360,10001,"[0, 100000]","[0, 100000]",0,0,2246,5908
yolov8x_training,5920.124513,75,140.358,13370.3125,100,315,10001,"[0, 100000]","[0, 100000]",0,0,1123,1171
yolov8x_training,5921.279063,75,138.768,13370.3125,100,210,10001,"[0, 100000]","[0, 100000]",0,0,11230,29150
yolov8x_training,5922.321826,75,138.325,13370.3125,100,210,10001,"[0, 100000]","[0, 100000]",0,0,1171,6152
yolov8x_training,5923.364534,75,142.776,13370.3125,100,315,10001,"[0, 100000]","[0, 100000]",0,0,1220,927
yolov8x_training,5924.517976,74,139.189,13370.3125,89,270,10001,"[0, 100000]","[0, 100000]",0,0,10253,35351
yolov8x_training,5925.560800,75,139.104,13370.3125,96,345,10001,"[0, 100000]","[0, 100000]",0,0,1416,5957
yolov8x_training,5926.603660,75,138.673,13370.3125,100,285,10001,"[0, 100000]","[0, 100000]",0,0,1123,2099
yolov8x_training,5927.746109,75,137.815,13370.3125,42,315,10001,"[0, 100000]","[0, 100000]",0,0,11572,26806
yolov8x_training,5928.789052,75,138.200,13370.3125,100,255,10001,"[0, 100000]","[0, 100000]",0,0,2246,5175
yolov8x_training,5929.831882,75,141.638,13370.3125,100,285,10001,"[0, 100000]","[0, 100000]",0,0,1123,4345
yolov8x_training,5931.006187,74,137.908,13370.3125,100,240,10001,"[0, 100000]","[0, 100000]",0,0,11669,25878
yolov8x_training,5932.049041,75,138.908,13370.3125,51,330,10001,"[0, 100000]","[0, 100000]",0,0,2050,5859
yolov8x_training,5933.091848,75,138.882,13370.3125,100,225,10001,"[0, 100000]","[0, 100000]",0,0,1123,1855
yolov8x_training,5934.241775,75,137.427,13370.3125,100,300,10001,"[0, 100000]","[0, 100000]",0,0,10107,37548
yolov8x_training,5935.284756,75,129.949,13370.3125,100,2505,10001,"[0, 100000]","[0, 100000]",0,0,1123,3564
yolov8x_training,5936.327836,75,138.472,13370.3125,100,300,10001,"[0, 100000]","[0, 100000]",0,0,1123,3759
yolov8x_training,5937.370022,75,139.018,13370.3125,23,270,10001,"[0, 100000]","[0, 100000]",0,0,90283,13281
yolov8x_training,5938.413358,76,137.937,13370.3125,98,255,10001,"[0, 100000]","[0, 100000]",0,0,11035,8984
yolov8x_training,5939.456510,76,134.116,13370.3125,100,1620,10001,"[0, 100000]","[0, 100000]",0,0,1513,5078
yolov8x_training,5940.499325,75,138.539,13370.3125,100,210,10001,"[0, 100000]","[0, 100000]",0,0,390,292
yolov8x_training,5941.599748,75,138.802,13370.3125,1,210,10001,"[0, 100000]","[0, 100000]",0,0,11718,24658
yolov8x_training,5942.642609,77,142.467,13370.3125,99,465,10001,"[0, 100000]","[0, 100000]",0,0,1318,7226
yolov8x_training,5943.685461,75,139.353,13370.3125,100,285,10001,"[0, 100000]","[0, 100000]",0,0,634,2392
yolov8x_training,5944.829929,75,139.183,13370.3125,61,240,10001,"[0, 100000]","[0, 100000]",0,0,10839,29589
yolov8x_training,5945.872811,75,139.032,13370.3125,100,2505,10001,"[0, 100000]","[0, 100000]",0,0,1464,7373
yolov8x_training,5946.915701,75,140.389,13370.3125,100,270,10001,"[0, 100000]","[0, 100000]",0,0,683,2636
yolov8x_training,5948.070466,75,139.076,13370.3125,100,270,10001,"[0, 100000]","[0, 100000]",0,0,10888,30126
yolov8x_training,5949.113379,75,142.661,13370.3125,91,360,10001,"[0, 100000]","[0, 100000]",0,0,1416,7128
yolov8x_training,5950.156137,75,139.956,13370.3125,100,300,10001,"[0, 100000]","[0, 100000]",0,0,781,1318
yolov8x_training,5951.307362,75,139.174,13370.3125,100,225,10001,"[0, 100000]","[0, 100000]",0,0,11181,27441
yolov8x_training,5952.350318,75,137.535,13370.3125,100,210,10001,"[0, 100000]","[0, 100000]",0,0,1562,5761
yolov8x_training,5953.393172,75,142.421,13370.3125,100,390,10001,"[0, 100000]","[0, 100000]",0,0,830,292
yolov8x_training,5954.517162,74,139.613,13370.3125,99,225,10001,"[0, 100000]","[0, 100000]",0,0,11083,29052
yolov8x_training,5955.560405,75,139.306,13370.3125,95,240,10001,"[0, 100000]","[0, 100000]",0,0,1611,4736
yolov8x_training,5956.603263,75,139.407,13370.3125,100,270,10001,"[0, 100000]","[0, 100000]",0,0,488,292
yolov8x_training,5957.745009,75,136.124,13370.3125,52,225,10001,"[0, 100000]","[0, 100000]",0,0,12304,20068
yolov8x_training,5958.788105,74,137.524,13370.3125,99,270,10001,"[0, 100000]","[0, 100000]",0,0,1416,6445
yolov8x_training,5959.830899,75,138.916,13370.3125,100,255,10001,"[0, 100000]","[0, 100000]",0,0,976,634
yolov8x_training,5960.963310,73,138.273,13370.3125,100,255,10001,"[0, 100000]","[0, 100000]",0,0,10302,34423
yolov8x_training,5962.006067,75,138.762,13370.3125,30,285,10001,"[0, 100000]","[0, 100000]",0,0,1367,7617
yolov8x_training,5963.048803,75,138.231,13370.3125,99,240,10001,"[0, 100000]","[0, 100000]",0,0,781,1562
yolov8x_training,5964.204678,75,134.412,13370.3125,100,2085,10001,"[0, 100000]","[0, 100000]",0,0,12646,18310
yolov8x_training,5965.247530,74,137.223,13370.3125,100,270,10001,"[0, 100000]","[0, 100000]",0,0,1416,7617
yolov8x_training,5966.290236,75,139.134,13370.3125,33,210,10001,"[0, 100000]","[0, 100000]",0,0,878,1123
yolov8x_training,5967.410053,73,138.651,13370.3125,100,270,10001,"[0, 100000]","[0, 100000]",0,0,11132,28222
yolov8x_training,5968.452945,74,138.476,13370.3125,100,975,10001,"[0, 100000]","[0, 100000]",0,0,1416,7226
yolov8x_training,5969.495836,75,140.254,13370.3125,100,225,10001,"[0, 100000]","[0, 100000]",0,0,976,1367
yolov8x_training,5970.663169,75,137.962,13370.3125,62,2505,10001,"[0, 100000]","[0, 100000]",0,0,10839,28955
yolov8x_training,5971.706007,73,138.315,13370.3125,100,270,10001,"[0, 100000]","[0, 100000]",0,0,1416,8056
yolov8x_training,5972.748789,75,139.631,13370.3125,100,270,10001,"[0, 100000]","[0, 100000]",0,0,927,1757
yolov8x_training,5973.895988,76,138.579,13370.3125,100,270,10001,"[0, 100000]","[0, 100000]",0,0,12597,18359
yolov8x_training,5974.939185,74,137.648,13370.3125,100,2085,10001,"[0, 100000]","[0, 100000]",0,0,1464,7666
yolov8x_training,5975.981961,75,141.451,13370.3125,100,255,10001,"[0, 100000]","[0, 100000]",0,0,439,2832
yolov8x_training,5977.114472,75,138.811,13370.3125,100,210,10001,"[0, 100000]","[0, 100000]",0,0,10351,33886
yolov8x_training,5978.157248,73,139.526,13370.3125,51,300,10001,"[0, 100000]","[0, 100000]",0,0,1464,5615
yolov8x_training,5979.200104,74,138.534,13370.3125,100,270,10001,"[0, 100000]","[0, 100000]",0,0,585,2392
yolov8x_training,5980.337000,75,137.645,13370.3125,100,240,10001,"[0, 100000]","[0, 100000]",0,0,10351,33154
yolov8x_training,5981.379815,75,137.953,13370.3125,100,525,10001,"[0, 100000]","[0, 100000]",0,0,1416,6738
yolov8x_training,5982.422740,75,138.325,13370.3125,85,315,10001,"[0, 100000]","[0, 100000]",0,0,732,2441
yolov8x_training,5983.596586,75,138.139,13370.3125,100,255,10001,"[0, 100000]","[0, 100000]",0,0,12548,18066
yolov8x_training,5984.639490,78,139.468,13370.3125,99,360,10001,"[0, 100000]","[0, 100000]",0,0,1562,5761
yolov8x_training,5985.682352,74,138.414,13370.3125,100,300,10001,"[0, 100000]","[0, 100000]",0,0,634,2587
yolov8x_training,5986.832237,75,136.545,13370.3125,54,240,10001,"[0, 100000]","[0, 100000]",0,0,12207,19482
yolov8x_training,5987.874982,75,137.670,13370.3125,99,210,10001,"[0, 100000]","[0, 100000]",0,0,1464,6933
yolov8x_training,5988.917880,75,138.672,13370.3125,100,630,10001,"[0, 100000]","[0, 100000]",0,0,927,927
yolov8x_training,5990.057714,75,138.220,13370.3125,100,285,10001,"[0, 100000]","[0, 100000]",0,0,9960,37060
yolov8x_training,5991.100840,75,138.874,13370.3125,24,330,10001,"[0, 100000]","[0, 100000]",0,0,1464,5957
yolov8x_training,5992.143707,75,138.399,13370.3125,99,225,10001,"[0, 100000]","[0, 100000]",0,0,927,1025
yolov8x_training,5993.294501,75,133.674,13370.3125,100,270,10001,"[0, 100000]","[0, 100000]",0,0,11230,26757
yolov8x_training,5994.337366,75,136.637,13370.3125,100,225,10001,"[0, 100000]","[0, 100000]",0,0,1416,6689
yolov8x_training,5995.380149,75,138.659,13370.3125,28,300,10001,"[0, 100000]","[0, 100000]",0,0,634,2392
yolov8x_training,5996.525517,74,139.501,13370.3125,100,240,10001,"[0, 100000]","[0, 100000]",0,0,10449,34277
yolov8x_training,5997.568282,75,136.967,13370.3125,100,210,10001,"[0, 100000]","[0, 100000]",0,0,1416,7128
yolov8x_training,5998.611070,75,139.079,13370.3125,100,255,10001,"[0, 100000]","[0, 100000]",0,0,585,2490
yolov8x_training,5999.765917,75,133.447,13370.3125,100,210,10001,"[0, 100000]","[0, 100000]",0,0,13818,11230
yolov8x_training,6000.809249,75,137.460,13370.3125,100,240,10001,"[0, 100000]","[0, 100000]",0,0,1416,6689
yolov8x_training,6001.852002,75,137.934,13370.3125,100,360,10001,"[0, 100000]","[0, 100000]",0,0,585,2587
yolov8x_training,6003.015322,74,139.606,13370.3125,100,255,10001,"[0, 100000]","[0, 100000]",0,0,10400,32666
yolov8x_training,6004.058133,75,135.299,13370.3125,61,240,10001,"[0, 100000]","[0, 100000]",0,0,1367,6494
yolov8x_training,6005.100809,75,138.264,13370.3125,99,270,10001,"[0, 100000]","[0, 100000]",0,0,830,1171
yolov8x_training,6006.225543,75,139.572,13370.3125,100,795,10001,"[0, 100000]","[0, 100000]",0,0,13232,13232
yolov8x_training,6007.268613,74,139.446,13370.3125,100,270,10001,"[0, 100000]","[0, 100000]",0,0,1367,7617
yolov8x_training,6008.311327,75,138.653,13370.3125,50,225,10001,"[0, 100000]","[0, 100000]",0,0,585,2587
yolov8x_training,6009.468848,74,139.066,13370.3125,99,270,10001,"[0, 100000]","[0, 100000]",0,0,10156,33398
yolov8x_training,6010.511681,75,136.253,13370.3125,100,270,10001,"[0, 100000]","[0, 100000]",0,0,1562,5810
yolov8x_training,6011.554612,75,138.110,13370.3125,100,240,10001,"[0, 100000]","[0, 100000]",0,0,927,830
yolov8x_training,6012.673975,75,138.497,13370.3125,25,2355,10001,"[0, 100000]","[0, 100000]",0,0,10009,36572
yolov8x_training,6013.717241,74,143.340,13370.3125,100,375,10001,"[0, 100000]","[0, 100000]",0,0,1464,6445
yolov8x_training,6014.760082,75,139.721,13370.3125,100,270,10001,"[0, 100000]","[0, 100000]",0,0,1025,488
yolov8x_training,6015.902920,75,138.877,13370.3125,39,225,10001,"[0, 100000]","[0, 100000]",0,0,10644,32617
yolov8x_training,6016.945733,74,138.247,13370.3125,100,1965,10001,"[0, 100000]","[0, 100000]",0,0,1416,7617
yolov8x_training,6017.988486,75,140.611,13370.3125,100,270,10001,"[0, 100000]","[0, 100000]",0,0,634,2539
yolov8x_training,6019.145116,75,136.819,13370.3125,100,330,10001,"[0, 100000]","[0, 100000]",0,0,9863,38281
yolov8x_training,6020.188272,74,138.559,13370.3125,91,375,10001,"[0, 100000]","[0, 100000]",0,0,1416,6738
yolov8x_training,6021.231049,75,140.066,13370.3125,100,270,10001,"[0, 100000]","[0, 100000]",0,0,390,3173
yolov8x_training,6022.383096,78,139.511,13370.3125,100,225,10001,"[0, 100000]","[0, 100000]",0,0,11279,28222
yolov8x_training,6023.426051,74,137.617,13370.3125,100,2400,10001,"[0, 100000]","[0, 100000]",0,0,1416,7568
yolov8x_training,6024.468779,75,142.817,13370.3125,100,255,10001,"[0, 100000]","[0, 100000]",0,0,634,2197
yolov8x_training,6025.601703,75,138.228,13370.3125,87,240,10001,"[0, 100000]","[0, 100000]",0,0,10351,33447
yolov8x_training,6026.644567,74,138.981,13370.3125,99,330,10001,"[0, 100000]","[0, 100000]",0,0,1416,6933
yolov8x_training,6027.687353,74,139.301,13370.3125,100,315,10001,"[0, 100000]","[0, 100000]",0,0,634,2343
yolov8x_training,6028.821810,75,137.777,13370.3125,37,240,10001,"[0, 100000]","[0, 100000]",0,0,10742,30664
yolov8x_training,6029.864637,75,137.772,13370.3125,99,285,10001,"[0, 100000]","[0, 100000]",0,0,1416,7861
yolov8x_training,6030.907413,75,138.602,13370.3125,100,435,10001,"[0, 100000]","[0, 100000]",0,0,781,1611
yolov8x_training,6032.064238,75,139.298,13370.3125,100,285,10001,"[0, 100000]","[0, 100000]",0,0,10009,35888
yolov8x_training,6033.107145,76,139.188,13370.3125,20,315,10001,"[0, 100000]","[0, 100000]",0,0,1416,7177
yolov8x_training,6034.150054,75,139.382,13370.3125,99,240,10001,"[0, 100000]","[0, 100000]",0,0,927,927
yolov8x_training,6035.272380,75,135.096,13370.3125,100,270,10001,"[0, 100000]","[0, 100000]",0,0,12500,18017
yolov8x_training,6036.315164,75,138.173,13370.3125,100,255,10001,"[0, 100000]","[0, 100000]",0,0,1416,7031
yolov8x_training,6037.357982,75,139.051,13370.3125,31,360,10001,"[0, 100000]","[0, 100000]",0,0,488,3222
yolov8x_training,6038.524715,74,139.383,13370.3125,100,255,10001,"[0, 100000]","[0, 100000]",0,0,11132,26367
yolov8x_training,6039.567796,75,137.251,13370.3125,100,255,10001,"[0, 100000]","[0, 100000]",0,0,1464,6689
yolov8x_training,6040.610561,75,138.717,13370.3125,100,270,10001,"[0, 100000]","[0, 100000]",0,0,878,927
yolov8x_training,6041.762390,75,133.866,13370.3125,100,210,10001,"[0, 100000]","[0, 100000]",0,0,9912,37304
yolov8x_training,6042.805466,75,137.506,13370.3125,100,270,10001,"[0, 100000]","[0, 100000]",0,0,1416,7128
yolov8x_training,6043.848229,75,138.790,13370.3125,100,315,10001,"[0, 100000]","[0, 100000]",0,0,927,1708
yolov8x_training,6044.998424,74,139.527,13370.3125,100,270,10001,"[0, 100000]","[0, 100000]",0,0,10791,29492
yolov8x_training,6046.041212,75,135.846,13370.3125,71,255,10001,"[0, 100000]","[0, 100000]",0,0,1318,6933
yolov8x_training,6047.084034,75,137.920,13370.3125,99,285,10001,"[0, 100000]","[0, 100000]",0,0,585,2636
yolov8x_training,6048.247994,75,137.977,13370.3125,100,630,10001,"[0, 100000]","[0, 100000]",0,0,13085,14257
yolov8x_training,6049.290744,75,138.253,13370.3125,100,240,10001,"[0, 100000]","[0, 100000]",0,0,1416,6591
yolov8x_training,6050.333529,75,137.678,13370.3125,12,300,10001,"[0, 100000]","[0, 100000]",0,0,439,2978
yolov8x_training,6051.476236,74,139.432,13370.3125,100,210,10001,"[0, 100000]","[0, 100000]",0,0,10449,32275
yolov8x_training,6052.519076,75,135.202,13370.3125,100,285,10001,"[0, 100000]","[0, 100000]",0,0,1416,6152
yolov8x_training,6053.561965,75,138.828,13370.3125,100,210,10001,"[0, 100000]","[0, 100000]",0,0,1074,488
yolov8x_training,6054.686768,75,138.317,13370.3125,21,2475,10001,"[0, 100000]","[0, 100000]",0,0,11718,25000
yolov8x_training,6055.729617,74,140.809,13370.3125,100,285,10001,"[0, 100000]","[0, 100000]",0,0,1318,7080
yolov8x_training,6056.772542,75,138.168,13370.3125,100,210,10001,"[0, 100000]","[0, 100000]",0,0,488,2490
yolov8x_training,6057.936257,73,139.086,13370.3125,81,255,10001,"[0, 100000]","[0, 100000]",0,0,10400,33935
yolov8x_training,6058.979118,75,138.719,13370.3125,100,1365,10001,"[0, 100000]","[0, 100000]",0,0,1367,7177
yolov8x_training,6060.022107,75,138.097,13370.3125,100,225,10001,"[0, 100000]","[0, 100000]",0,0,830,1074
yolov8x_training,6061.178291,75,137.327,13370.3125,100,2505,10001,"[0, 100000]","[0, 100000]",0,0,10205,35791
yolov8x_training,6062.221385,74,142.920,13370.3125,100,300,10001,"[0, 100000]","[0, 100000]",0,0,1367,6738
yolov8x_training,6063.264579,75,139.376,13370.3125,84,270,10001,"[0, 100000]","[0, 100000]",0,0,976,1025
yolov8x_training,6064.418826,75,139.275,13370.3125,97,225,10001,"[0, 100000]","[0, 100000]",0,0,11132,27929
yolov8x_training,6065.461715,75,135.688,13370.3125,100,1575,10001,"[0, 100000]","[0, 100000]",0,0,1464,7568
yolov8x_training,6066.504567,75,138.005,13370.3125,100,225,10001,"[0, 100000]","[0, 100000]",0,0,634,2441
yolov8x_training,6067.665970,75,137.551,13370.3125,29,2505,10001,"[0, 100000]","[0, 100000]",0,0,11279,28076
yolov8x_training,6068.708845,76,141.896,13370.3125,100,315,10001,"[0, 100000]","[0, 100000]",0,0,1416,7861
yolov8x_training,6069.751712,74,139.365,13370.3125,100,270,10001,"[0, 100000]","[0, 100000]",0,0,488,2929
yolov8x_training,6070.924923,75,138.637,13370.3125,78,255,10001,"[0, 100000]","[0, 100000]",0,0,10107,37353
yolov8x_training,6071.968065,75,135.848,13370.3125,100,930,10001,"[0, 100000]","[0, 100000]",0,0,1367,6738
yolov8x_training,6073.010897,75,137.582,13370.3125,100,240,10001,"[0, 100000]","[0, 100000]",0,0,585,2441
yolov8x_training,6074.163382,75,137.735,13370.3125,100,2505,10001,"[0, 100000]","[0, 100000]",0,0,11328,27734
yolov8x_training,6075.206273,78,142.789,13370.3125,100,270,10001,"[0, 100000]","[0, 100000]",0,0,1416,7714
yolov8x_training,6076.249159,74,138.710,13370.3125,74,270,10001,"[0, 100000]","[0, 100000]",0,0,537,2783
yolov8x_training,6077.292239,75,135.750,13370.3125,100,270,10001,"[0, 100000]","[0, 100000]",0,0,1562,4980
yolov8x_training,6078.335204,74,134.435,13370.3125,100,300,10001,"[0, 100000]","[0, 100000]",0,0,1855,9716
yolov8x_training,6079.377961,75,138.247,13370.3125,100,240,10001,"[0, 100000]","[0, 100000]",0,0,1123,5224
yolov8x_training,6080.420752,75,138.222,13370.3125,41,375,10001,"[0, 100000]","[0, 100000]",0,0,14648,292
yolov8x_training,6081.529128,73,138.671,13370.3125,100,270,10001,"[0, 100000]","[0, 100000]",0,0,10351,33154
yolov8x_training,6082.572108,75,138.532,13370.3125,100,240,10001,"[0, 100000]","[0, 100000]",0,0,1416,6494
yolov8x_training,6083.615119,75,138.844,13370.3125,100,255,10001,"[0, 100000]","[0, 100000]",0,0,976,28173
yolov8x_training,6084.765202,75,133.764,13370.3125,87,270,10001,"[0, 100000]","[0, 100000]",0,0,11083,27490
yolov8x_training,6085.808012,75,137.832,13370.3125,99,270,10001,"[0, 100000]","[0, 100000]",0,0,1416,7617
yolov8x_training,6086.850754,75,139.071,13370.3125,100,345,10001,"[0, 100000]","[0, 100000]",0,0,1220,71728
yolov8x_training,6087.962439,76,139.200,13370.3125,100,285,10001,"[0, 100000]","[0, 100000]",0,0,13574,12646
yolov8x_training,6089.005310,75,135.446,13370.3125,87,270,10001,"[0, 100000]","[0, 100000]",0,0,1513,5810
yolov8x_training,6090.048171,75,137.989,13370.3125,99,210,10001,"[0, 100000]","[0, 100000]",0,0,976,52392
yolov8x_training,6091.170417,75,138.125,13370.3125,100,2475,10001,"[0, 100000]","[0, 100000]",0,0,9960,37646
yolov8x_training,6092.213385,76,142.166,13370.3125,100,405,10001,"[0, 100000]","[0, 100000]",0,0,1513,4931
yolov8x_training,6093.256196,75,139.421,13370.3125,99,285,10001,"[0, 100000]","[0, 100000]",0,0,5566,89550
yolov8x_training,6094.394224,75,138.395,13370.3125,99,255,10001,"[0, 100000]","[0, 100000]",0,0,10546,33593
yolov8x_training,6095.437208,75,138.324,13370.3125,100,2370,10001,"[0, 100000]","[0, 100000]",0,0,1416,7128
yolov8x_training,6096.479968,75,140.665,13370.3125,100,300,10001,"[0, 100000]","[0, 100000]",0,0,878,70556
yolov8x_training,6097.612451,74,137.525,13370.3125,35,255,10001,"[0, 100000]","[0, 100000]",0,0,12548,18310
yolov8x_training,6098.655241,75,138.269,13370.3125,99,360,10001,"[0, 100000]","[0, 100000]",0,0,1367,7666
yolov8x_training,6099.697996,75,139.534,13370.3125,100,300,10001,"[0, 100000]","[0, 100000]",0,0,439,3759
yolov8x_training,6100.844123,75,139.068,13370.3125,14,240,10001,"[0, 100000]","[0, 100000]",0,0,10791,29736
yolov8x_training,6101.886940,75,138.214,13370.3125,100,210,10001,"[0, 100000]","[0, 100000]",0,0,1757,6494
yolov8x_training,6102.930008,75,138.028,13370.3125,100,300,10001,"[0, 100000]","[0, 100000]",0,0,1074,4492
yolov8x_training,6103.973135,75,134.484,13370.3125,100,375,10001,"[0, 100000]","[0, 100000]",0,0,292,292
yolov8x_training,6105.093337,74,134.546,13370.3125,100,240,10001,"[0, 100000]","[0, 100000]",0,0,11621,26708
yolov8x_training,6106.135937,75,138.253,13370.3125,67,300,10001,"[0, 100000]","[0, 100000]",0,0,1416,6347
yolov8x_training,6107.178728,75,139.085,13370.3125,100,330,10001,"[0, 100000]","[0, 100000]",0,0,537,2832
yolov8x_training,6108.288073,75,137.724,13370.3125,100,210,10001,"[0, 100000]","[0, 100000]",0,0,10302,35693
yolov8x_training,6109.330697,75,138.534,13370.3125,100,240,10001,"[0, 100000]","[0, 100000]",0,0,1464,7177
yolov8x_training,6110.373536,75,138.850,13370.3125,90,375,10001,"[0, 100000]","[0, 100000]",0,0,732,2587
yolov8x_training,6111.518226,73,140.101,13370.3125,100,270,10001,"[0, 100000]","[0, 100000]",0,0,10058,38183
yolov8x_training,6112.560964,75,138.164,13370.3125,100,210,10001,"[0, 100000]","[0, 100000]",0,0,1367,6396
yolov8x_training,6113.603680,75,137.392,13370.3125,100,255,10001,"[0, 100000]","[0, 100000]",0,0,1171,1855
yolov8x_training,6114.752474,75,135.199,13370.3125,78,210,10001,"[0, 100000]","[0, 100000]",0,0,11230,28759
yolov8x_training,6115.795105,74,137.718,13370.3125,97,270,10001,"[0, 100000]","[0, 100000]",0,0,1513,7275
yolov8x_training,6116.837845,75,138.182,13370.3125,100,360,10001,"[0, 100000]","[0, 100000]",0,0,1074,732
yolov8x_training,6118.001361,73,138.938,13370.3125,100,315,10001,"[0, 100000]","[0, 100000]",0,0,10888,29150
yolov8x_training,6119.044025,75,137.162,13370.3125,38,210,10001,"[0, 100000]","[0, 100000]",0,0,1416,6640
yolov8x_training,6120.087050,75,138.094,13370.3125,100,270,10001,"[0, 100000]","[0, 100000]",0,0,1123,878
yolov8x_training,6121.129856,75,134.132,13370.3125,100,555,10001,"[0, 100000]","[0, 100000]",0,0,2978,6640
yolov8x_training,6122.294558,74,136.110,13370.3125,100,255,10001,"[0, 100000]","[0, 100000]",0,0,2001,9179
yolov8x_training,6123.337070,75,138.224,13370.3125,100,330,10001,"[0, 100000]","[0, 100000]",0,0,976,4003
yolov8x_training,6124.502528,73,140.170,13370.3125,100,300,10001,"[0, 100000]","[0, 100000]",0,0,10498,34570
yolov8x_training,6125.545183,75,138.758,13370.3125,100,210,10001,"[0, 100000]","[0, 100000]",0,0,1513,6738
yolov8x_training,6126.588445,75,138.786,13370.3125,100,285,10001,"[0, 100000]","[0, 100000]",0,0,439,2929
yolov8x_training,6127.700718,75,136.483,13370.3125,91,1410,10001,"[0, 100000]","[0, 100000]",0,0,10156,36669
yolov8x_training,6128.743742,73,137.928,13370.3125,100,285,10001,"[0, 100000]","[0, 100000]",0,0,1464,7568
yolov8x_training,6129.786515,75,138.705,13370.3125,100,225,10001,"[0, 100000]","[0, 100000]",0,0,390,2978
yolov8x_training,6130.904262,75,138.923,13370.3125,83,285,10001,"[0, 100000]","[0, 100000]",0,0,10205,35449
yolov8x_training,6131.947002,75,136.702,13370.3125,100,1980,10001,"[0, 100000]","[0, 100000]",0,0,1464,6640
yolov8x_training,6132.989832,75,137.239,13370.3125,97,300,10001,"[0, 100000]","[0, 100000]",0,0,1074,3955
yolov8x_training,6134.169965,75,137.906,13370.3125,100,2505,10001,"[0, 100000]","[0, 100000]",0,0,10839,32031
yolov8x_training,6135.212549,74,140.614,13370.3125,100,300,10001,"[0, 100000]","[0, 100000]",0,0,1464,6152
yolov8x_training,6136.255303,75,138.324,13370.3125,35,210,10001,"[0, 100000]","[0, 100000]",0,0,732,1953
yolov8x_training,6137.379838,75,138.891,13370.3125,97,255,10001,"[0, 100000]","[0, 100000]",0,0,11474,26806
yolov8x_training,6138.422527,75,138.425,13370.3125,100,2355,10001,"[0, 100000]","[0, 100000]",0,0,1513,6933
yolov8x_training,6139.465616,75,139.240,13370.3125,100,255,10001,"[0, 100000]","[0, 100000]",0,0,1074,1269
yolov8x_training,6140.638895,75,137.280,13370.3125,10,255,10001,"[0, 100000]","[0, 100000]",0,0,11914,23681
yolov8x_training,6141.681460,76,141.234,13370.3125,100,345,10001,"[0, 100000]","[0, 100000]",0,0,1367,7568
yolov8x_training,6142.724187,74,138.989,13370.3125,100,285,10001,"[0, 100000]","[0, 100000]",0,0,732,2050
yolov8x_training,6143.873507,75,137.817,13370.3125,60,210,10001,"[0, 100000]","[0, 100000]",0,0,10205,37792
yolov8x_training,6144.916422,75,138.874,13370.3125,100,2505,10001,"[0, 100000]","[0, 100000]",0,0,1464,7470
yolov8x_training,6145.959442,75,139.723,13370.3125,100,270,10001,"[0, 100000]","[0, 100000]",0,0,634,2734
yolov8x_training,6147.002293,75,136.399,13370.3125,100,255,10001,"[0, 100000]","[0, 100000]",0,0,292,1033984
yolov8x_training,6148.060508,73,135.684,13370.3125,100,225,10001,"[0, 100000]","[0, 100000]",0,0,10644,34375
yolov8x_training,6149.103292,73,136.526,13370.3125,66,270,10001,"[0, 100000]","[0, 100000]",0,0,1220,4443
yolov8x_training,6150.145621,75,138.235,13370.3125,51,270,10001,"[0, 100000]","[0, 100000]",0,0,1269,3320
yolov8x_training,6151.188405,75,139.053,13370.3125,97,225,10001,"[0, 100000]","[0, 100000]",0,0,89990,25683
yolov8x_training,6152.370458,75,136.539,13370.3125,100,2370,10001,"[0, 100000]","[0, 100000]",0,0,1123,11767
yolov8x_training,6153.413429,75,139.645,13370.3125,100,300,10001,"[0, 100000]","[0, 100000]",0,0,1171,3759
yolov8x_training,6154.570473,75,138.288,13370.3125,53,255,10001,"[0, 100000]","[0, 100000]",0,0,10156,36181
yolov8x_training,6155.613094,75,139.391,13370.3125,97,360,10001,"[0, 100000]","[0, 100000]",0,0,2050,6201
yolov8x_training,6156.655990,76,139.627,13370.3125,100,315,10001,"[0, 100000]","[0, 100000]",0,0,976,3076
yolov8x_training,6157.842203,75,138.588,13370.3125,17,225,10001,"[0, 100000]","[0, 100000]",0,0,10058,36767
yolov8x_training,6158.884884,75,136.232,13370.3125,100,2505,10001,"[0, 100000]","[0, 100000]",0,0,1855,6201
yolov8x_training,6159.927807,75,137.749,13370.3125,96,270,10001,"[0, 100000]","[0, 100000]",0,0,1123,3662
yolov8x_training,6160.970738,75,139.395,13370.3125,100,210,10001,"[0, 100000]","[0, 100000]",0,0,1660,71582
yolov8x_training,6162.143381,75,141.263,13370.3125,100,495,10001,"[0, 100000]","[0, 100000]",0,0,1074,11669
yolov8x_training,6163.186288,74,138.556,13370.3125,59,285,10001,"[0, 100000]","[0, 100000]",0,0,976,3955
yolov8x_training,6164.346256,75,138.062,13370.3125,97,240,10001,"[0, 100000]","[0, 100000]",0,0,11425,28173
yolov8x_training,6165.389034,75,139.798,13370.3125,100,2505,10001,"[0, 100000]","[0, 100000]",0,0,1367,6054
yolov8x_training,6166.431782,75,138.745,13370.3125,100,285,10001,"[0, 100000]","[0, 100000]",0,0,1171,1416
yolov8x_training,6167.589454,74,138.787,13370.3125,44,270,10001,"[0, 100000]","[0, 100000]",0,0,10253,37109
yolov8x_training,6168.632422,75,138.128,13370.3125,96,315,10001,"[0, 100000]","[0, 100000]",0,0,1562,6201
yolov8x_training,6169.675136,76,139.479,13370.3125,100,315,10001,"[0, 100000]","[0, 100000]",0,0,1074,1269
yolov8x_training,6170.809178,75,139.281,13370.3125,22,240,10001,"[0, 100000]","[0, 100000]",0,0,11523,26464
yolov8x_training,6171.852017,75,137.480,13370.3125,100,210,10001,"[0, 100000]","[0, 100000]",0,0,1855,7373
yolov8x_training,6172.894754,75,141.292,13370.3125,100,585,10001,"[0, 100000]","[0, 100000]",0,0,976,3222
yolov8x_training,6174.048550,74,138.899,13370.3125,100,225,10001,"[0, 100000]","[0, 100000]",0,0,11376,27441
yolov8x_training,6175.091334,75,138.999,13370.3125,65,210,10001,"[0, 100000]","[0, 100000]",0,0,1220,6640
yolov8x_training,6176.134130,75,138.636,13370.3125,100,255,10001,"[0, 100000]","[0, 100000]",0,0,634,2441
yolov8x_training,6177.245714,75,136.343,13370.3125,100,300,10001,"[0, 100000]","[0, 100000]",0,0,10253,37353
yolov8x_training,6178.288676,74,138.340,13370.3125,100,225,10001,"[0, 100000]","[0, 100000]",0,0,1318,6152
yolov8x_training,6179.331409,75,138.209,13370.3125,52,225,10001,"[0, 100000]","[0, 100000]",0,0,390,2880
yolov8x_training,6180.465324,75,139.588,13370.3125,100,270,10001,"[0, 100000]","[0, 100000]",0,0,11425,28662
yolov8x_training,6181.508232,75,137.567,13370.3125,100,225,10001,"[0, 100000]","[0, 100000]",0,0,1318,6054
yolov8x_training,6182.550998,75,138.520,13370.3125,100,255,10001,"[0, 100000]","[0, 100000]",0,0,683,2636
yolov8x_training,6183.698588,75,138.269,13370.3125,76,1207,10001,"[0, 100000]","[0, 100000]",0,0,11230,29296
yolov8x_training,6184.741477,74,137.531,13370.3125,96,255,10001,"[0, 100000]","[0, 100000]",0,0,2246,5957
yolov8x_training,6185.784297,75,139.551,13370.3125,100,240,10001,"[0, 100000]","[0, 100000]",0,0,1171,781
yolov8x_training,6186.934551,76,138.545,13370.3125,100,270,10001,"[0, 100000]","[0, 100000]",0,0,11376,26708
yolov8x_training,6187.977430,75,136.464,13370.3125,50,660,10001,"[0, 100000]","[0, 100000]",0,0,2148,5859
yolov8x_training,6189.020354,75,137.657,13370.3125,96,240,10001,"[0, 100000]","[0, 100000]",0,0,1123,1904
yolov8x_training,6190.063210,75,136.831,13370.3125,100,2430,10001,"[0, 100000]","[0, 100000]",0,0,1660,67968
yolov8x_training,6191.234131,74,137.859,13370.3125,100,270,10001,"[0, 100000]","[0, 100000]",0,0,2246,4980
yolov8x_training,6192.276963,75,139.586,13370.3125,31,210,10001,"[0, 100000]","[0, 100000]",0,0,1025,2978
yolov8x_training,6193.422533,76,139.448,13370.3125,100,255,10001,"[0, 100000]","[0, 100000]",0,0,11181,29003
yolov8x_training,6194.465466,75,138.225,13370.3125,100,1095,10001,"[0, 100000]","[0, 100000]",0,0,1611,6103
yolov8x_training,6195.508289,75,140.699,13370.3125,100,240,10001,"[0, 100000]","[0, 100000]",0,0,1220,1123
yolov8x_training,6196.659027,75,138.168,13370.3125,57,2295,10001,"[0, 100000]","[0, 100000]",0,0,11279,28564
yolov8x_training,6197.701896,73,138.256,13370.3125,100,285,10001,"[0, 100000]","[0, 100000]",0,0,1806,5810
yolov8x_training,6198.744790,75,139.735,13370.3125,100,270,10001,"[0, 100000]","[0, 100000]",0,0,1171,537
yolov8x_training,6199.886763,75,138.756,13370.3125,91,255,10001,"[0, 100000]","[0, 100000]",0,0,10546,34228
yolov8x_training,6200.929901,74,137.856,13370.3125,100,2160,10001,"[0, 100000]","[0, 100000]",0,0,2099,6250
yolov8x_training,6201.972844,75,142.228,13370.3125,100,255,10001,"[0, 100000]","[0, 100000]",0,0,1074,3662
yolov8x_training,6203.149406,75,137.423,13370.3125,100,285,10001,"[0, 100000]","[0, 100000]",0,0,11328,27734
yolov8x_training,6204.192299,73,138.561,13370.3125,79,285,10001,"[0, 100000]","[0, 100000]",0,0,2148,5859
yolov8x_training,6205.235177,75,140.020,13370.3125,100,255,10001,"[0, 100000]","[0, 100000]",0,0,1074,3710
yolov8x_training,6206.402663,77,139.207,13370.3125,97,225,10001,"[0, 100000]","[0, 100000]",0,0,11425,29150
yolov8x_training,6207.445573,75,137.067,13370.3125,100,1650,10001,"[0, 100000]","[0, 100000]",0,0,1611,8349
yolov8x_training,6208.488387,75,140.477,13370.3125,100,225,10001,"[0, 100000]","[0, 100000]",0,0,1074,3906
yolov8x_training,6209.666020,75,138.144,13370.3125,42,765,10001,"[0, 100000]","[0, 100000]",0,0,10595,32275
yolov8x_training,6210.708902,73,137.650,13370.3125,97,315,10001,"[0, 100000]","[0, 100000]",0,0,2246,5859
yolov8x_training,6211.751832,75,139.526,13370.3125,100,210,10001,"[0, 100000]","[0, 100000]",0,0,1074,2636
yolov8x_training,6212.931155,77,139.297,13370.3125,20,255,10001,"[0, 100000]","[0, 100000]",0,0,9912,37353
yolov8x_training,6213.974664,75,136.870,13370.3125,100,405,10001,"[0, 100000]","[0, 100000]",0,0,1757,6005
yolov8x_training,6215.017485,75,139.268,13370.3125,100,225,10001,"[0, 100000]","[0, 100000]",0,0,1123,2099
yolov8x_training,6216.149158,74,138.918,13370.3125,100,1800,10001,"[0, 100000]","[0, 100000]",0,0,9765,38134
yolov8x_training,6217.192207,73,136.326,13370.3125,97,285,10001,"[0, 100000]","[0, 100000]",0,0,1123,11474
yolov8x_training,6218.235111,75,139.403,13370.3125,98,210,10001,"[0, 100000]","[0, 100000]",0,0,1025,3613
yolov8x_training,6219.412786,76,139.330,13370.3125,97,270,10001,"[0, 100000]","[0, 100000]",0,0,11767,25000
yolov8x_training,6220.455616,74,138.891,13370.3125,100,1335,10001,"[0, 100000]","[0, 100000]",0,0,1123,6591
yolov8x_training,6221.498472,75,141.007,13370.3125,100,270,10001,"[0, 100000]","[0, 100000]",0,0,1171,830
yolov8x_training,6222.643815,74,137.963,13370.3125,63,255,10001,"[0, 100000]","[0, 100000]",0,0,10058,37304
yolov8x_training,6223.687013,73,138.972,13370.3125,95,270,10001,"[0, 100000]","[0, 100000]",0,0,1562,6640
yolov8x_training,6224.729824,75,140.136,13370.3125,100,285,10001,"[0, 100000]","[0, 100000]",0,0,1123,1904
yolov8x_training,6225.906669,75,138.893,13370.3125,12,255,10001,"[0, 100000]","[0, 100000]",0,0,9912,37695
yolov8x_training,6226.950016,75,136.700,13370.3125,100,1350,10001,"[0, 100000]","[0, 100000]",0,0,2197,5664
yolov8x_training,6227.992906,75,139.861,13370.3125,100,270,10001,"[0, 100000]","[0, 100000]",0,0,1123,4199
yolov8x_training,6229.182055,75,137.161,13370.3125,100,2505,10001,"[0, 100000]","[0, 100000]",0,0,11230,29199
yolov8x_training,6230.225008,74,138.258,13370.3125,99,255,10001,"[0, 100000]","[0, 100000]",0,0,2197,5468
yolov8x_training,6231.267898,75,139.496,13370.3125,81,210,10001,"[0, 100000]","[0, 100000]",0,0,1123,1904
yolov8x_training,6232.439059,74,138.872,13370.3125,97,255,10001,"[0, 100000]","[0, 100000]",0,0,11035,30126
yolov8x_training,6233.481918,75,138.081,13370.3125,100,1305,10001,"[0, 100000]","[0, 100000]",0,0,1318,6591
yolov8x_training,6234.524779,75,140.063,13370.3125,100,225,10001,"[0, 100000]","[0, 100000]",0,0,488,2880
yolov8x_training,6235.659358,75,137.689,13370.3125,53,300,10001,"[0, 100000]","[0, 100000]",0,0,10009,38378
yolov8x_training,6236.702398,73,138.933,13370.3125,95,300,10001,"[0, 100000]","[0, 100000]",0,0,1416,6201
yolov8x_training,6237.745193,75,139.441,13370.3125,100,285,10001,"[0, 100000]","[0, 100000]",0,0,1171,2099
yolov8x_training,6238.883524,77,139.233,13370.3125,16,255,10001,"[0, 100000]","[0, 100000]",0,0,11083,29296
yolov8x_training,6239.927031,74,138.180,13370.3125,100,2220,10001,"[0, 100000]","[0, 100000]",0,0,2246,5126
yolov8x_training,6240.970153,75,140.966,13370.3125,100,270,10001,"[0, 100000]","[0, 100000]",0,0,927,3515
yolov8x_training,6242.119463,75,138.636,13370.3125,100,225,10001,"[0, 100000]","[0, 100000]",0,0,10253,36865
yolov8x_training,6243.162502,73,137.780,13370.3125,69,435,10001,"[0, 100000]","[0, 100000]",0,0,2246,5175
yolov8x_training,6244.205343,75,138.833,13370.3125,100,270,10001,"[0, 100000]","[0, 100000]",0,0,1074,2636
yolov8x_training,6245.337115,75,137.097,13370.3125,100,225,10001,"[0, 100000]","[0, 100000]",0,0,10058,37500
yolov8x_training,6246.379963,75,137.934,13370.3125,100,465,10001,"[0, 100000]","[0, 100000]",0,0,1660,6640
yolov8x_training,6247.422740,75,139.254,13370.3125,82,330,10001,"[0, 100000]","[0, 100000]",0,0,1123,3515
yolov8x_training,6248.585018,75,139.735,13370.3125,100,225,10001,"[0, 100000]","[0, 100000]",0,0,10107,38769
yolov8x_training,6249.628028,75,137.191,13370.3125,98,285,10001,"[0, 100000]","[0, 100000]",0,0,1318,10009
yolov8x_training,6250.670851,74,138.916,13370.3125,100,300,10001,"[0, 100000]","[0, 100000]",0,0,1171,3515
yolov8x_training,6251.818748,75,136.477,13370.3125,62,240,10001,"[0, 100000]","[0, 100000]",0,0,9960,38525
yolov8x_training,6252.861736,75,137.363,13370.3125,98,210,10001,"[0, 100000]","[0, 100000]",0,0,1708,7763
yolov8x_training,6253.904546,75,138.949,13370.3125,100,510,10001,"[0, 100000]","[0, 100000]",0,0,1074,3955
yolov8x_training,6255.070348,74,140.120,13370.3125,100,240,10001,"[0, 100000]","[0, 100000]",0,0,10742,31640
yolov8x_training,6256.113270,76,139.534,13370.3125,21,315,10001,"[0, 100000]","[0, 100000]",0,0,1171,6152
yolov8x_training,6257.156091,75,139.499,13370.3125,100,210,10001,"[0, 100000]","[0, 100000]",0,0,927,1269
yolov8x_training,6258.278714,75,133.712,13370.3125,100,270,10001,"[0, 100000]","[0, 100000]",0,0,10205,38476
yolov8x_training,6259.321707,75,139.682,13370.3125,100,255,10001,"[0, 100000]","[0, 100000]",0,0,1708,5664
yolov8x_training,6260.364646,75,138.517,13370.3125,36,300,10001,"[0, 100000]","[0, 100000]",0,0,976,1269
yolov8x_training,6261.512219,74,138.944,13370.3125,100,315,10001,"[0, 100000]","[0, 100000]",0,0,11572,26171
yolov8x_training,6262.555190,75,136.648,13370.3125,100,225,10001,"[0, 100000]","[0, 100000]",0,0,1220,6054
yolov8x_training,6263.598024,75,138.507,13370.3125,100,285,10001,"[0, 100000]","[0, 100000]",0,0,683,2636
yolov8x_training,6264.715169,75,139.548,13370.3125,49,2055,10001,"[0, 100000]","[0, 100000]",0,0,11279,28857
yolov8x_training,6265.758274,74,140.869,13370.3125,100,255,10001,"[0, 100000]","[0, 100000]",0,0,1708,6201
yolov8x_training,6266.801124,75,138.770,13370.3125,100,240,10001,"[0, 100000]","[0, 100000]",0,0,976,1269
yolov8x_training,6267.934492,73,138.966,13370.3125,70,270,10001,"[0, 100000]","[0, 100000]",0,0,9765,37548
yolov8x_training,6268.977625,75,134.696,13370.3125,100,210,10001,"[0, 100000]","[0, 100000]",0,0,2197,5322
yolov8x_training,6270.020357,75,138.022,13370.3125,100,255,10001,"[0, 100000]","[0, 100000]",0,0,1220,1074
yolov8x_training,6271.172657,75,138.250,13370.3125,100,225,10001,"[0, 100000]","[0, 100000]",0,0,10107,37744
yolov8x_training,6272.215556,73,139.108,13370.3125,100,270,10001,"[0, 100000]","[0, 100000]",0,0,1318,6054
yolov8x_training,6273.258008,75,139.674,13370.3125,100,270,10001,"[0, 100000]","[0, 100000]",0,0,488,2636
yolov8x_training,6274.301010,75,134.559,13370.3125,99,225,10001,"[0, 100000]","[0, 100000]",0,0,292,292
yolov8x_training,6275.381627,77,135.248,13370.3125,100,225,10001,"[0, 100000]","[0, 100000]",0,0,11962,24169
yolov8x_training,6276.424522,75,138.498,13370.3125,100,210,10001,"[0, 100000]","[0, 100000]",0,0,1562,4638
yolov8x_training,6277.467351,75,139.775,13370.3125,90,495,10001,"[0, 100000]","[0, 100000]",0,0,927,292
yolov8x_training,6278.604238,74,139.542,13370.3125,100,285,10001,"[0, 100000]","[0, 100000]",0,0,10693,30957
yolov8x_training,6279.647073,75,138.873,13370.3125,97,315,10001,"[0, 100000]","[0, 100000]",0,0,1416,6640
yolov8x_training,6280.689811,75,139.649,13370.3125,100,240,10001,"[0, 100000]","[0, 100000]",0,0,1025,390
yolov8x_training,6281.830610,75,135.648,13370.3125,55,285,10001,"[0, 100000]","[0, 100000]",0,0,10156,35937
yolov8x_training,6282.873653,75,138.171,13370.3125,97,240,10001,"[0, 100000]","[0, 100000]",0,0,1513,5273
yolov8x_training,6283.916445,75,139.066,13370.3125,100,270,10001,"[0, 100000]","[0, 100000]",0,0,878,292
yolov8x_training,6285.049830,74,139.478,13370.3125,100,255,10001,"[0, 100000]","[0, 100000]",0,0,11230,27490
yolov8x_training,6286.092759,75,135.956,13370.3125,36,270,10001,"[0, 100000]","[0, 100000]",0,0,1513,6689
yolov8x_training,6287.135643,75,138.780,13370.3125,97,285,10001,"[0, 100000]","[0, 100000]",0,0,976,878
yolov8x_training,6288.301594,75,133.314,13370.3125,100,225,10001,"[0, 100000]","[0, 100000]",0,0,11523,25927
yolov8x_training,6289.344814,75,136.840,13370.3125,100,255,10001,"[0, 100000]","[0, 100000]",0,0,1416,6542
yolov8x_training,6290.387616,75,139.069,13370.3125,22,315,10001,"[0, 100000]","[0, 100000]",0,0,1074,537
yolov8x_training,6291.527362,73,138.865,13370.3125,100,255,10001,"[0, 100000]","[0, 100000]",0,0,10742,31298
yolov8x_training,6292.570189,75,136.600,13370.3125,100,270,10001,"[0, 100000]","[0, 100000]",0,0,1367,7226
yolov8x_training,6293.613014,75,137.223,13370.3125,100,270,10001,"[0, 100000]","[0, 100000]",0,0,390,2832
yolov8x_training,6294.655901,75,133.222,13370.3125,71,240,10001,"[0, 100000]","[0, 100000]",0,0,1660,72314
yolov8x_training,6295.822880,74,136.707,13370.3125,96,285,10001,"[0, 100000]","[0, 100000]",0,0,1367,6689
yolov8x_training,6296.865776,74,139.604,13370.3125,100,270,10001,"[0, 100000]","[0, 100000]",0,0,1074,1171
yolov8x_training,6298.050782,73,139.208,13370.3125,100,240,10001,"[0, 100000]","[0, 100000]",0,0,11572,24804
yolov8x_training,6299.093682,75,136.676,13370.3125,31,240,10001,"[0, 100000]","[0, 100000]",0,0,1416,6884
yolov8x_training,6300.136574,75,139.274,13370.3125,97,270,10001,"[0, 100000]","[0, 100000]",0,0,390,3222
yolov8x_training,6301.286243,75,134.490,13370.3125,100,210,10001,"[0, 100000]","[0, 100000]",0,0,11669,24414
yolov8x_training,6302.329137,74,137.987,13370.3125,100,270,10001,"[0, 100000]","[0, 100000]",0,0,1367,7617
yolov8x_training,6303.372005,74,139.123,13370.3125,22,300,10001,"[0, 100000]","[0, 100000]",0,0,781,1611
yolov8x_training,6304.496591,74,139.227,13370.3125,100,255,10001,"[0, 100000]","[0, 100000]",0,0,10058,36523
yolov8x_training,6305.539765,74,135.076,13370.3125,100,210,10001,"[0, 100000]","[0, 100000]",0,0,1220,6787
yolov8x_training,6306.582550,75,137.511,13370.3125,100,240,10001,"[0, 100000]","[0, 100000]",0,0,830,1367
yolov8x_training,6307.625425,74,137.396,13370.3125,52,660,10001,"[0, 100000]","[0, 100000]",0,0,1660,70117
yolov8x_training,6308.798465,73,136.548,13370.3125,97,285,10001,"[0, 100000]","[0, 100000]",0,0,2197,7128
yolov8x_training,6309.841447,74,139.273,13370.3125,100,300,10001,"[0, 100000]","[0, 100000]",0,0,1123,2197
yolov8x_training,6311.030747,73,139.254,13370.3125,100,285,10001,"[0, 100000]","[0, 100000]",0,0,11523,28955
yolov8x_training,6312.073558,75,137.564,13370.3125,34,255,10001,"[0, 100000]","[0, 100000]",0,0,1416,7714
yolov8x_training,6313.116313,75,137.194,13370.3125,98,270,10001,"[0, 100000]","[0, 100000]",0,0,585,2783
yolov8x_training,6314.273745,75,133.447,13370.3125,100,210,10001,"[0, 100000]","[0, 100000]",0,0,9960,37548
yolov8x_training,6315.316841,73,137.938,13370.3125,100,270,10001,"[0, 100000]","[0, 100000]",0,0,1367,7275
yolov8x_training,6316.359707,74,138.711,13370.3125,12,300,10001,"[0, 100000]","[0, 100000]",0,0,634,2343
yolov8x_training,6317.496346,73,139.298,13370.3125,100,240,10001,"[0, 100000]","[0, 100000]",0,0,10644,30468
yolov8x_training,6318.539210,74,135.677,13370.3125,100,210,10001,"[0, 100000]","[0, 100000]",0,0,1171,6787
yolov8x_training,6319.582036,75,136.389,13370.3125,100,285,10001,"[0, 100000]","[0, 100000]",0,0,1171,1025
yolov8x_training,6320.754814,75,132.633,13370.3125,100,615,10001,"[0, 100000]","[0, 100000]",0,0,10058,34765
yolov8x_training,6321.797666,73,137.531,13370.3125,97,255,10001,"[0, 100000]","[0, 100000]",0,0,1416,6787
yolov8x_training,6322.840464,74,138.677,13370.3125,100,315,10001,"[0, 100000]","[0, 100000]",0,0,1025,2685
yolov8x_training,6324.010912,73,139.169,13370.3125,100,240,10001,"[0, 100000]","[0, 100000]",0,0,9912,36523
yolov8x_training,6325.053902,75,136.478,13370.3125,54,210,10001,"[0, 100000]","[0, 100000]",0,0,1318,6494
yolov8x_training,6326.096891,75,137.787,13370.3125,97,270,10001,"[0, 100000]","[0, 100000]",0,0,488,2685
yolov8x_training,6327.249177,75,134.646,13370.3125,100,1785,10001,"[0, 100000]","[0, 100000]",0,0,10058,37451
yolov8x_training,6328.292402,73,137.570,13370.3125,100,270,10001,"[0, 100000]","[0, 100000]",0,0,1416,6689
yolov8x_training,6329.335182,75,137.614,13370.3125,12,255,10001,"[0, 100000]","[0, 100000]",0,0,439,2978
yolov8x_training,6330.469052,76,139.361,13370.3125,97,285,10001,"[0, 100000]","[0, 100000]",0,0,10205,34082
yolov8x_training,6331.512111,74,133.880,13370.3125,100,765,10001,"[0, 100000]","[0, 100000]",0,0,1416,6738
yolov8x_training,6332.554905,75,137.012,13370.3125,100,240,10001,"[0, 100000]","[0, 100000]",0,0,830,1660
yolov8x_training,6333.727022,75,137.029,13370.3125,31,2475,10001,"[0, 100000]","[0, 100000]",0,0,11083,26757
yolov8x_training,6334.769816,73,139.717,13370.3125,100,270,10001,"[0, 100000]","[0, 100000]",0,0,1464,5175
yolov8x_training,6335.812799,75,138.374,13370.3125,100,270,10001,"[0, 100000]","[0, 100000]",0,0,976,292
yolov8x_training,6336.941972,75,138.645,13370.3125,85,255,10001,"[0, 100000]","[0, 100000]",0,0,11230,27441
yolov8x_training,6337.984916,75,137.310,13370.3125,100,2070,10001,"[0, 100000]","[0, 100000]",0,0,1416,7568
yolov8x_training,6339.027709,75,137.875,13370.3125,100,255,10001,"[0, 100000]","[0, 100000]",0,0,585,2587
yolov8x_training,6340.190787,74,136.510,13370.3125,100,285,10001,"[0, 100000]","[0, 100000]",0,0,11279,27978
yolov8x_training,6341.233662,76,142.624,13370.3125,100,555,10001,"[0, 100000]","[0, 100000]",0,0,1416,6689
yolov8x_training,6342.276471,74,137.676,13370.3125,71,285,10001,"[0, 100000]","[0, 100000]",0,0,439,2734
yolov8x_training,6343.319439,75,137.629,13370.3125,96,240,10001,"[0, 100000]","[0, 100000]",0,0,1806,72265
yolov8x_training,6344.485909,75,132.738,13370.3125,100,1320,10001,"[0, 100000]","[0, 100000]",0,0,1367,7275
yolov8x_training,6345.528704,75,137.124,13370.3125,100,240,10001,"[0, 100000]","[0, 100000]",0,0,1025,1269
yolov8x_training,6346.571570,74,138.745,13370.3125,11,2490,10001,"[0, 100000]","[0, 100000]",0,0,1367,70410
yolov8x_training,6347.749164,73,139.763,13370.3125,100,300,10001,"[0, 100000]","[0, 100000]",0,0,1123,6738
yolov8x_training,6348.791944,75,138.024,13370.3125,100,240,10001,"[0, 100000]","[0, 100000]",0,0,1220,1123
yolov8x_training,6349.834946,75,138.897,13370.3125,99,285,10001,"[0, 100000]","[0, 100000]",0,0,1611,71777
yolov8x_training,6351.003558,75,134.250,13370.3125,97,360,10001,"[0, 100000]","[0, 100000]",0,0,1318,6884
yolov8x_training,6352.046320,75,137.931,13370.3125,97,240,10001,"[0, 100000]","[0, 100000]",0,0,976,1269
yolov8x_training,6353.089142,74,139.248,13370.3125,100,2325,10001,"[0, 100000]","[0, 100000]",0,0,1611,64453
yolov8x_training,6354.261228,73,137.689,13370.3125,100,255,10001,"[0, 100000]","[0, 100000]",0,0,2490,6640
yolov8x_training,6355.304129,75,138.989,13370.3125,9,270,10001,"[0, 100000]","[0, 100000]",0,0,1025,3125
yolov8x_training,6356.347018,74,139.631,13370.3125,98,270,10001,"[0, 100000]","[0, 100000]",0,0,1367,75146
yolov8x_training,6357.522471,74,134.608,13370.3125,100,270,10001,"[0, 100000]","[0, 100000]",0,0,1171,6591
yolov8x_training,6358.565266,75,136.735,13370.3125,100,255,10001,"[0, 100000]","[0, 100000]",0,0,927,1269
yolov8x_training,6359.735136,75,136.286,13370.3125,52,2160,10001,"[0, 100000]","[0, 100000]",0,0,11621,24462
yolov8x_training,6360.778078,73,137.440,13370.3125,100,270,10001,"[0, 100000]","[0, 100000]",0,0,1367,7568
yolov8x_training,6361.820850,75,139.132,13370.3125,100,210,10001,"[0, 100000]","[0, 100000]",0,0,683,2148
yolov8x_training,6362.943837,77,139.099,13370.3125,99,240,10001,"[0, 100000]","[0, 100000]",0,0,11572,24609
yolov8x_training,6363.986673,75,134.872,13370.3125,100,1650,10001,"[0, 100000]","[0, 100000]",0,0,1416,6884
yolov8x_training,6365.029486,75,137.815,13370.3125,97,270,10001,"[0, 100000]","[0, 100000]",0,0,732,2197
yolov8x_training,6366.208595,74,137.743,13370.3125,100,2430,10001,"[0, 100000]","[0, 100000]",0,0,11425,28125
yolov8x_training,6367.251482,73,139.501,13370.3125,100,300,10001,"[0, 100000]","[0, 100000]",0,0,1416,6933
yolov8x_training,6368.294192,75,138.808,13370.3125,38,225,10001,"[0, 100000]","[0, 100000]",0,0,585,2392
yolov8x_training,6369.476078,76,137.781,13370.3125,97,255,10001,"[0, 100000]","[0, 100000]",0,0,9960,36425
yolov8x_training,6370.519125,74,134.551,13370.3125,100,765,10001,"[0, 100000]","[0, 100000]",0,0,1220,6933
yolov8x_training,6371.561806,75,136.955,13370.3125,100,210,10001,"[0, 100000]","[0, 100000]",0,0,1171,634
yolov8x_training,6372.723841,74,136.618,13370.3125,62,2355,10001,"[0, 100000]","[0, 100000]",0,0,10986,27978
yolov8x_training,6373.766610,73,138.880,13370.3125,100,270,10001,"[0, 100000]","[0, 100000]",0,0,1367,6494
yolov8x_training,6374.809309,75,138.679,13370.3125,100,285,10001,"[0, 100000]","[0, 100000]",0,0,976,781
yolov8x_training,6375.924498,75,139.179,13370.3125,86,225,10001,"[0, 100000]","[0, 100000]",0,0,11621,24853
yolov8x_training,6376.967369,75,139.199,13370.3125,100,2415,10001,"[0, 100000]","[0, 100000]",0,0,1416,7617
yolov8x_training,6378.010067,75,137.667,13370.3125,100,315,10001,"[0, 100000]","[0, 100000]",0,0,927,1220
yolov8x_training,6379.149065,74,138.490,13370.3125,100,240,10001,"[0, 100000]","[0, 100000]",0,0,11279,28076
yolov8x_training,6380.191841,76,144.285,13370.3125,100,375,10001,"[0, 100000]","[0, 100000]",0,0,1513,5957
yolov8x_training,6381.234741,75,140.059,13370.3125,100,315,10001,"[0, 100000]","[0, 100000]",0,0,878,292
yolov8x_training,6382.332138,75,139.472,13370.3125,100,270,10001,"[0, 100000]","[0, 100000]",0,0,10791,30957
yolov8x_training,6383.374911,75,138.285,13370.3125,100,255,10001,"[0, 100000]","[0, 100000]",0,0,1416,8007
yolov8x_training,6384.417644,75,139.254,13370.3125,92,360,10001,"[0, 100000]","[0, 100000]",0,0,634,2441
yolov8x_training,6385.560924,74,139.609,13370.3125,100,240,10001,"[0, 100000]","[0, 100000]",0,0,11572,25781
yolov8x_training,6386.603762,75,138.951,13370.3125,97,270,10001,"[0, 100000]","[0, 100000]",0,0,1416,6933
yolov8x_training,6387.646550,75,139.496,13370.3125,100,285,10001,"[0, 100000]","[0, 100000]",0,0,1025,683
yolov8x_training,6388.689451,75,135.865,13370.3125,100,300,10001,"[0, 100000]","[0, 100000]",0,0,292,292
yolov8x_training,6389.770834,74,128.071,13370.3125,58,2505,10001,"[0, 100000]","[0, 100000]",0,0,9960,39599
yolov8x_training,6390.814006,74,137.347,13370.3125,97,210,10001,"[0, 100000]","[0, 100000]",0,0,1464,5810
yolov8x_training,6391.856983,74,138.089,13370.3125,100,240,10001,"[0, 100000]","[0, 100000]",0,0,878,26464
yolov8x_training,6392.986279,75,140.047,13370.3125,100,270,10001,"[0, 100000]","[0, 100000]",0,0,11279,28710
yolov8x_training,6394.032747,75,135.592,13370.3125,81,660,10001,"[0, 100000]","[0, 100000]",0,0,1367,5810
yolov8x_training,6395.075618,75,138.177,13370.3125,96,225,10001,"[0, 100000]","[0, 100000]",0,0,13525,13476
yolov8x_training,6396.146016,74,139.332,13370.3125,100,240,10001,"[0, 100000]","[0, 100000]",0,0,11572,25488
yolov8x_training,6397.189002,75,143.752,13370.3125,100,375,10001,"[0, 100000]","[0, 100000]",0,0,1416,6494
yolov8x_training,6398.231689,75,139.810,13370.3125,100,330,10001,"[0, 100000]","[0, 100000]",0,0,1171,81542
yolov8x_training,6399.352210,75,139.342,13370.3125,97,240,10001,"[0, 100000]","[0, 100000]",0,0,10644,31201
yolov8x_training,6400.395213,75,137.790,13370.3125,100,210,10001,"[0, 100000]","[0, 100000]",0,0,1416,7080
yolov8x_training,6401.438010,75,141.792,13370.3125,100,285,10001,"[0, 100000]","[0, 100000]",0,0,976,33886
yolov8x_training,6402.563927,74,138.928,13370.3125,77,240,10001,"[0, 100000]","[0, 100000]",0,0,12207,22265
yolov8x_training,6403.606706,75,138.754,13370.3125,96,240,10001,"[0, 100000]","[0, 100000]",0,0,1513,4541
yolov8x_training,6404.649522,75,137.182,13370.3125,100,270,10001,"[0, 100000]","[0, 100000]",0,0,634,23388
yolov8x_training,6405.785788,75,136.002,13370.3125,71,225,10001,"[0, 100000]","[0, 100000]",0,0,11572,26806
yolov8x_training,6406.828544,74,138.661,13370.3125,96,240,10001,"[0, 100000]","[0, 100000]",0,0,1367,5224
yolov8x_training,6407.871676,74,137.927,13370.3125,100,270,10001,"[0, 100000]","[0, 100000]",0,0,3076,76416
yolov8x_training,6408.963773,76,139.571,13370.3125,100,270,10001,"[0, 100000]","[0, 100000]",0,0,12207,22753
yolov8x_training,6410.006508,75,134.561,13370.3125,100,1380,10001,"[0, 100000]","[0, 100000]",0,0,1416,4980
yolov8x_training,6411.049304,75,137.993,13370.3125,100,210,10001,"[0, 100000]","[0, 100000]",0,0,11767,26660
yolov8x_training,6412.111386,74,138.920,13370.3125,100,240,10001,"[0, 100000]","[0, 100000]",0,0,11376,28564
yolov8x_training,6413.154184,75,141.449,13370.3125,87,300,10001,"[0, 100000]","[0, 100000]",0,0,1513,6689
yolov8x_training,6414.196890,75,139.791,13370.3125,100,255,10001,"[0, 100000]","[0, 100000]",0,0,1025,40332
yolov8x_training,6415.308377,75,137.697,13370.3125,100,210,10001,"[0, 100000]","[0, 100000]",0,0,11376,28515
yolov8x_training,6416.351076,74,137.924,13370.3125,100,270,10001,"[0, 100000]","[0, 100000]",0,0,1464,5615
yolov8x_training,6417.393826,74,139.363,13370.3125,63,240,10001,"[0, 100000]","[0, 100000]",0,0,5468,90429
yolov8x_training,6418.469292,73,139.253,13370.3125,100,255,10001,"[0, 100000]","[0, 100000]",0,0,11718,25097
yolov8x_training,6419.512054,74,136.095,13370.3125,100,1215,10001,"[0, 100000]","[0, 100000]",0,0,1416,6689
yolov8x_training,6420.554751,75,142.584,13370.3125,100,240,10001,"[0, 100000]","[0, 100000]",0,0,976,40087
yolov8x_training,6421.659605,74,138.039,13370.3125,61,240,10001,"[0, 100000]","[0, 100000]",0,0,12060,22998
yolov8x_training,6422.702530,75,138.843,13370.3125,100,375,10001,"[0, 100000]","[0, 100000]",0,0,1513,5712
yolov8x_training,6423.745262,75,139.196,13370.3125,100,315,10001,"[0, 100000]","[0, 100000]",0,0,4296,90966
yolov8x_training,6424.844549,75,134.922,13370.3125,25,210,10001,"[0, 100000]","[0, 100000]",0,0,11669,25097
yolov8x_training,6425.887408,75,137.892,13370.3125,100,255,10001,"[0, 100000]","[0, 100000]",0,0,1416,5712
yolov8x_training,6426.930273,75,139.196,13370.3125,100,330,10001,"[0, 100000]","[0, 100000]",0,0,1123,84619
yolov8x_training,6428.039087,73,139.096,13370.3125,100,330,10001,"[0, 100000]","[0, 100000]",0,0,11767,25048
yolov8x_training,6429.081848,74,135.575,13370.3125,100,240,10001,"[0, 100000]","[0, 100000]",0,0,1464,5859
yolov8x_training,6430.124830,74,137.818,13370.3125,100,255,10001,"[0, 100000]","[0, 100000]",0,0,4394,90820
yolov8x_training,6431.216753,75,139.658,13370.3125,100,2370,10001,"[0, 100000]","[0, 100000]",0,0,10937,31445
yolov8x_training,6432.259514,73,142.246,13370.3125,100,270,10001,"[0, 100000]","[0, 100000]",0,0,1416,6103
yolov8x_training,6433.302374,75,139.961,13370.3125,100,285,10001,"[0, 100000]","[0, 100000]",0,0,927,26318
yolov8x_training,6434.414286,75,139.446,13370.3125,100,240,10001,"[0, 100000]","[0, 100000]",0,0,12060,22753
yolov8x_training,6435.457145,75,138.550,13370.3125,100,630,10001,"[0, 100000]","[0, 100000]",0,0,1464,4492
yolov8x_training,6436.500065,75,139.075,13370.3125,69,465,10001,"[0, 100000]","[0, 100000]",0,0,11328,29345
yolov8x_training,6437.584438,74,139.233,13370.3125,100,240,10001,"[0, 100000]","[0, 100000]",0,0,12011,23730
yolov8x_training,6438.627214,75,136.101,13370.3125,100,240,10001,"[0, 100000]","[0, 100000]",0,0,1416,5078
yolov8x_training,6439.670006,75,137.967,13370.3125,100,285,10001,"[0, 100000]","[0, 100000]",0,0,10839,49902
yolov8x_training,6440.757559,75,138.111,13370.3125,100,1470,10001,"[0, 100000]","[0, 100000]",0,0,10742,31835
yolov8x_training,6441.800346,74,141.880,13370.3125,100,270,10001,"[0, 100000]","[0, 100000]",0,0,1464,5566
yolov8x_training,6442.843056,75,138.630,13370.3125,100,255,10001,"[0, 100000]","[0, 100000]",0,0,830,32470
yolov8x_training,6443.954221,76,139.279,13370.3125,41,270,10001,"[0, 100000]","[0, 100000]",0,0,11474,26367
yolov8x_training,6444.997011,74,138.538,13370.3125,100,1845,10001,"[0, 100000]","[0, 100000]",0,0,1464,8007
yolov8x_training,6446.039819,75,142.133,13370.3125,100,270,10001,"[0, 100000]","[0, 100000]",0,0,830,26416
yolov8x_training,6447.230402,74,135.098,13370.3125,100,2505,10001,"[0, 100000]","[0, 100000]",0,0,10742,32666
yolov8x_training,6448.273594,73,139.197,13370.3125,96,255,10001,"[0, 100000]","[0, 100000]",0,0,2343,5224
yolov8x_training,6449.316583,77,135.324,13370.3125,0,390,10001,"[0, 100000]","[0, 100000]",0,0,927,4150
yolov8x_training,6450.359516,74,136.415,13370.3125,100,285,10001,"[0, 100000]","[0, 100000]",0,0,341,341
yolov8x_training,6451.402067,75,138.638,13370.3125,100,240,10001,"[0, 100000]","[0, 100000]",0,0,4443,11718
yolov8x_training,6452.445022,75,138.516,13370.3125,100,315,10001,"[0, 100000]","[0, 100000]",0,0,1464,5322
yolov8x_training,6453.487789,75,139.045,13370.3125,97,315,10001,"[0, 100000]","[0, 100000]",0,0,927,1025
yolov8x_training,6454.595271,74,140.460,13370.3125,100,255,10001,"[0, 100000]","[0, 100000]",0,0,10253,35302
yolov8x_training,6455.638267,75,137.440,13370.3125,100,210,10001,"[0, 100000]","[0, 100000]",0,0,1416,5859
yolov8x_training,6456.686163,74,122.101,13924.3125,100,2505,10001,"[0, 100000]","[0, 100000]",0,0,148339,10742
yolov8x_training,6457.732888,73,124.229,16770.3125,29,210,10001,"[0, 100000]","[0, 100000]",0,0,830,2929
yolov8x_training,6458.775779,74,131.138,16770.3125,0,210,10001,"[0, 100000]","[0, 100000]",0,0,341,244
yolov8x_training,6459.822548,73,87.774,16770.3125,0,2505,10001,"[0, 100000]","[0, 100000]",0,0,292,292
yolov8x_training,6460.867171,73,84.026,16774.3125,5,2505,10001,"[0, 100000]","[0, 100000]",0,0,769433,390
yolov8x_training,6461.912765,72,82.937,16774.3125,0,2505,10001,"[0, 100000]","[0, 100000]",0,0,341,341
yolov8x_training,6462.955668,72,82.831,16774.3125,0,2505,10001,"[0, 100000]","[0, 100000]",0,0,292,292
yolov8x_training,6463.998425,72,82.325,16774.3125,0,2505,10001,"[0, 100000]","[0, 100000]",0,0,341,292
yolov8x_training,6465.041269,72,82.312,16774.3125,0,2505,10001,"[0, 100000]","[0, 100000]",0,0,341,292
yolov8x_training,6466.084015,72,82.294,16774.3125,0,2505,10001,"[0, 100000]","[0, 100000]",0,0,390,341
yolov8x_training,6467.250358,72,90.906,16774.3125,19,1770,10001,"[0, 100000]","[0, 100000]",0,0,13769,126513
yolov8x_training,6468.556109,73,122.806,16774.3125,97,255,10001,"[0, 100000]","[0, 100000]",0,0,11181,72656
yolov8x_training,6469.612031,72,137.164,16774.3125,22,2505,10001,"[0, 100000]","[0, 100000]",0,0,341,292
yolov8x_training,6470.654652,71,83.080,16774.3125,0,2505,10001,"[0, 100000]","[0, 100000]",0,0,292,292
yolov8x_training,6471.820135,71,82.373,16774.3125,0,2505,10001,"[0, 100000]","[0, 100000]",0,0,341,292
