Kernel,Time (s),Temperature (C),Power (W),Memory Usage (MB),GPU Utilization (%),Graphics Clock (MHz),Memory Clock (MHz),Decoder Utilization (%),Encoder Utilization (%),Decoder Memory Usage (MB),Encoder Memory Usage (MB),PCIe Tx Throughput (KB/s),PCIe Rx Throughput (KB/s)
yolov8x_training,0.000724,41,26.970,622.1250,0,210,405,"[0, 100000]","[0, 100000]",0,0,292,292
yolov8x_training,1.048290,41,26.970,622.1250,0,210,405,"[0, 100000]","[0, 100000]",0,0,292,292
yolov8x_training,2.097187,41,26.890,622.1250,0,210,405,"[0, 100000]","[0, 100000]",0,0,341,292
yolov8x_training,3.142044,41,26.848,625.0000,0,210,405,"[0, 100000]","[0, 100000]",0,0,341,292
yolov8x_training,4.184381,42,30.935,1436.3125,0,2505,10001,"[0, 100000]","[0, 100000]",0,0,341,1904
yolov8x_training,5.227099,42,66.800,1532.3125,0,2505,10001,"[0, 100000]","[0, 100000]",0,0,830,292
yolov8x_training,6.270422,42,66.330,1780.3125,1,2505,10001,"[0, 100000]","[0, 100000]",0,0,341,292
yolov8x_training,7.313126,43,144.291,12914.3125,78,1650,10001,"[0, 100000]","[0, 100000]",0,0,440136,878
yolov8x_training,8.358105,48,186.297,12914.3125,37,2505,10001,"[0, 100000]","[0, 100000]",0,0,2490,10937
yolov8x_training,9.401506,48,194.194,12976.3125,58,1335,10001,"[0, 100000]","[0, 100000]",0,0,3906,17724
yolov8x_training,10.444779,46,172.160,12976.3125,89,2700,10001,"[0, 100000]","[0, 100000]",0,0,341,341
yolov8x_training,11.487619,45,195.318,12976.3125,76,1005,10001,"[0, 100000]","[0, 100000]",0,0,4248,16015
yolov8x_training,12.530552,51,206.808,12976.3125,94,990,10001,"[0, 100000]","[0, 100000]",0,0,2685,11865
yolov8x_training,13.573766,52,209.437,13064.3125,94,975,10001,"[0, 100000]","[0, 100000]",0,0,2099,124853
yolov8x_training,14.616710,52,211.928,13066.3125,94,1005,10001,"[0, 100000]","[0, 100000]",0,0,341,292
yolov8x_training,15.659343,53,207.880,13066.3125,100,975,10001,"[0, 100000]","[0, 100000]",0,0,341,1041406
yolov8x_training,16.732552,53,208.398,13066.3125,98,1342,10001,"[0, 100000]","[0, 100000]",0,0,15087,34960
yolov8x_training,17.775780,53,206.961,13066.3125,100,2685,10001,"[0, 100000]","[0, 100000]",0,0,3710,19873
yolov8x_training,18.818667,54,213.882,13066.3125,100,2235,10001,"[0, 100000]","[0, 100000]",0,0,2685,11669
yolov8x_training,19.862608,54,214.154,13066.3125,100,1500,10001,"[0, 100000]","[0, 100000]",0,0,927,292
yolov8x_training,20.905469,54,213.999,13066.3125,100,1050,10001,"[0, 100000]","[0, 100000]",0,0,341,292
yolov8x_training,21.947065,54,211.199,13066.3125,100,1035,10001,"[0, 100000]","[0, 100000]",0,0,2929,38769
yolov8x_training,23.017139,56,212.536,13066.3125,99,1080,10001,"[0, 100000]","[0, 100000]",0,0,14990,26464
yolov8x_training,24.059994,56,209.312,13066.3125,100,1005,10001,"[0, 100000]","[0, 100000]",0,0,4638,19873
yolov8x_training,25.103485,56,215.899,13150.3125,65,1260,10001,"[0, 100000]","[0, 100000]",0,0,2587,28271
yolov8x_training,26.146704,57,211.890,13150.3125,45,990,10001,"[0, 100000]","[0, 100000]",0,0,341,292
yolov8x_training,27.189416,57,215.839,13368.3125,18,960,10001,"[0, 100000]","[0, 100000]",0,0,67138,38769
yolov8x_training,28.257162,58,214.174,13368.3125,22,2505,10001,"[0, 100000]","[0, 100000]",0,0,4296,19140
yolov8x_training,29.300323,58,209.637,13368.3125,22,2505,10001,"[0, 100000]","[0, 100000]",0,0,4248,15087
yolov8x_training,30.343297,58,212.275,13368.3125,40,1575,10001,"[0, 100000]","[0, 100000]",0,0,2294,8740
yolov8x_training,31.386359,58,216.214,13368.3125,57,1035,10001,"[0, 100000]","[0, 100000]",0,0,292,292
yolov8x_training,32.428909,59,216.483,13368.3125,66,547,10001,"[0, 100000]","[0, 100000]",0,0,89453,21191
yolov8x_training,33.472585,59,213.648,13368.3125,73,555,10001,"[0, 100000]","[0, 100000]",0,0,6542,102490
yolov8x_training,34.533844,60,215.466,13368.3125,77,1080,10001,"[0, 100000]","[0, 100000]",0,0,3808,27587
yolov8x_training,35.577572,59,214.676,13368.3125,94,1650,10001,"[0, 100000]","[0, 100000]",0,0,2929,12158
yolov8x_training,36.620565,61,215.627,13368.3125,95,975,10001,"[0, 100000]","[0, 100000]",0,0,1220,292
yolov8x_training,37.663476,62,216.771,13368.3125,95,975,10001,"[0, 100000]","[0, 100000]",0,0,341,1036425
yolov8x_training,38.721976,62,215.728,13368.3125,95,1342,10001,"[0, 100000]","[0, 100000]",0,0,15185,35253
yolov8x_training,39.766175,62,211.718,13368.3125,100,2685,10001,"[0, 100000]","[0, 100000]",0,0,14990,31396
yolov8x_training,40.809223,58,191.348,13368.3125,91,1530,10001,"[0, 100000]","[0, 100000]",0,0,1074,292
yolov8x_training,41.852243,61,183.041,13368.3125,70,1980,10001,"[0, 100000]","[0, 100000]",0,0,6347,93212
yolov8x_training,42.910560,62,166.520,13368.3125,27,2505,10001,"[0, 100000]","[0, 100000]",0,0,2490,3125
yolov8x_training,43.953694,59,193.703,13368.3125,43,990,10001,"[0, 100000]","[0, 100000]",0,0,292,1033447
yolov8x_training,44.996805,62,180.623,13368.3125,45,2385,10001,"[0, 100000]","[0, 100000]",0,0,2392,8984
yolov8x_training,46.040196,59,170.207,13368.3125,90,2505,10001,"[0, 100000]","[0, 100000]",0,0,292,292
yolov8x_training,47.082922,64,195.978,13368.3125,29,930,10001,"[0, 100000]","[0, 100000]",0,0,341,292
yolov8x_training,48.125515,64,209.988,13368.3125,20,945,10001,"[0, 100000]","[0, 100000]",0,0,341,1029101
yolov8x_training,49.167991,65,210.446,13368.3125,14,960,10001,"[0, 100000]","[0, 100000]",0,0,3662,35302
yolov8x_training,50.230145,65,216.071,13368.3125,14,2505,10001,"[0, 100000]","[0, 100000]",0,0,15039,29248
yolov8x_training,51.273381,65,209.867,13368.3125,16,2505,10001,"[0, 100000]","[0, 100000]",0,0,3173,23437
yolov8x_training,52.316715,66,210.994,13368.3125,23,2505,10001,"[0, 100000]","[0, 100000]",0,0,3027,14843
yolov8x_training,53.359881,66,214.236,13368.3125,9,2505,10001,"[0, 100000]","[0, 100000]",0,0,2490,11035
yolov8x_training,54.403097,67,209.365,13368.3125,16,2505,10001,"[0, 100000]","[0, 100000]",0,0,2392,3271
yolov8x_training,55.445922,67,207.748,13368.3125,26,2505,10001,"[0, 100000]","[0, 100000]",0,0,537,292
yolov8x_training,56.488706,68,198.061,13368.3125,41,2505,10001,"[0, 100000]","[0, 100000]",0,0,5029,82421
yolov8x_training,57.532433,63,178.866,13368.3125,90,1110,10001,"[0, 100000]","[0, 100000]",0,0,292,1041113
yolov8x_training,58.575892,67,201.388,13368.3125,54,915,10001,"[0, 100000]","[0, 100000]",0,0,3076,13671
yolov8x_training,59.619390,66,169.033,13368.3125,0,2505,10001,"[0, 100000]","[0, 100000]",0,0,292,244
yolov8x_training,60.662337,63,178.943,13368.3125,89,975,10001,"[0, 100000]","[0, 100000]",0,0,4882,17822
yolov8x_training,61.705434,65,198.969,13368.3125,66,885,10001,"[0, 100000]","[0, 100000]",0,0,341,1028955
yolov8x_training,62.748251,67,201.409,13368.3125,93,1860,10001,"[0, 100000]","[0, 100000]",0,0,4199,34814
yolov8x_training,63.822438,69,202.769,13368.3125,94,1035,10001,"[0, 100000]","[0, 100000]",0,0,15185,27880
yolov8x_training,64.865082,68,205.237,13368.3125,81,975,10001,"[0, 100000]","[0, 100000]",0,0,5224,15820
yolov8x_training,65.907973,69,208.260,13368.3125,67,1005,10001,"[0, 100000]","[0, 100000]",0,0,3955,15966
yolov8x_training,66.951120,70,207.567,13368.3125,64,1035,10001,"[0, 100000]","[0, 100000]",0,0,2880,11328
yolov8x_training,67.994354,68,208.588,13368.3125,52,975,10001,"[0, 100000]","[0, 100000]",0,0,2929,5078
yolov8x_training,69.037993,70,211.250,13368.3125,42,945,10001,"[0, 100000]","[0, 100000]",0,0,830,292
yolov8x_training,70.080956,70,213.638,13368.3125,30,960,10001,"[0, 100000]","[0, 100000]",0,0,341,292
yolov8x_training,71.123589,70,211.474,13368.3125,17,885,10001,"[0, 100000]","[0, 100000]",0,0,292,292
yolov8x_training,72.166191,71,213.737,13368.3125,15,885,10001,"[0, 100000]","[0, 100000]",0,0,90673,35644
yolov8x_training,73.257143,71,215.997,13368.3125,28,2505,10001,"[0, 100000]","[0, 100000]",0,0,15136,30371
yolov8x_training,74.299785,71,215.859,13368.3125,48,2505,10001,"[0, 100000]","[0, 100000]",0,0,5224,16357
yolov8x_training,75.342637,71,203.234,13368.3125,47,2370,10001,"[0, 100000]","[0, 100000]",0,0,3027,23046
yolov8x_training,76.386336,70,201.977,13368.3125,79,1800,10001,"[0, 100000]","[0, 100000]",0,0,3564,13525
yolov8x_training,77.429439,72,204.138,13368.3125,100,1020,10001,"[0, 100000]","[0, 100000]",0,0,3076,14794
yolov8x_training,78.472594,69,210.421,13368.3125,100,915,10001,"[0, 100000]","[0, 100000]",0,0,2832,11425
yolov8x_training,79.515742,67,215.408,13368.3125,100,885,10001,"[0, 100000]","[0, 100000]",0,0,2587,10498
yolov8x_training,80.559135,72,212.811,13368.3125,96,885,10001,"[0, 100000]","[0, 100000]",0,0,2636,28466
yolov8x_training,81.602808,72,213.792,13368.3125,95,885,10001,"[0, 100000]","[0, 100000]",0,0,1367,292
yolov8x_training,82.645784,72,221.038,13368.3125,95,885,10001,"[0, 100000]","[0, 100000]",0,0,341,292
yolov8x_training,83.688755,71,219.756,13368.3125,94,900,10001,"[0, 100000]","[0, 100000]",0,0,341,1029101
yolov8x_training,84.731456,71,216.843,13368.3125,94,2310,10001,"[0, 100000]","[0, 100000]",0,0,57910,139648
yolov8x_training,85.774286,73,215.107,13368.3125,79,1860,10001,"[0, 100000]","[0, 100000]",0,0,6201,102636
yolov8x_training,86.836648,74,209.222,13368.3125,84,1020,10001,"[0, 100000]","[0, 100000]",0,0,15380,27441
yolov8x_training,87.879389,71,211.900,13368.3125,66,915,10001,"[0, 100000]","[0, 100000]",0,0,4492,20263
yolov8x_training,88.921980,70,215.560,13368.3125,12,900,10001,"[0, 100000]","[0, 100000]",0,0,3906,15869
yolov8x_training,89.964984,69,206.503,13368.3125,77,1005,10001,"[0, 100000]","[0, 100000]",0,0,3027,39306
yolov8x_training,91.032759,74,191.318,13368.3125,0,1815,10001,"[0, 100000]","[0, 100000]",0,0,2685,10156
yolov8x_training,92.075757,70,180.901,13368.3125,89,2505,10001,"[0, 100000]","[0, 100000]",0,0,341,1036181
yolov8x_training,93.118634,73,200.511,13368.3125,44,870,10001,"[0, 100000]","[0, 100000]",0,0,2832,10595
yolov8x_training,94.161761,74,190.688,13368.3125,21,2625,10001,"[0, 100000]","[0, 100000]",0,0,341,292
yolov8x_training,95.204394,70,176.881,13368.3125,90,2175,10001,"[0, 100000]","[0, 100000]",0,0,4101,19238
yolov8x_training,96.249189,73,197.440,13368.3125,50,945,10001,"[0, 100000]","[0, 100000]",0,0,341,292
yolov8x_training,97.317877,74,188.907,13368.3125,34,2505,10001,"[0, 100000]","[0, 100000]",0,0,14257,27929
yolov8x_training,98.360900,70,185.971,13368.3125,89,1200,10001,"[0, 100000]","[0, 100000]",0,0,341,292
yolov8x_training,99.403034,69,202.499,13368.3125,55,885,10001,"[0, 100000]","[0, 100000]",0,0,6835,102587
yolov8x_training,100.482564,73,206.672,13368.3125,96,930,10001,"[0, 100000]","[0, 100000]",0,0,15136,28125
yolov8x_training,101.525617,74,215.297,13368.3125,77,1320,10001,"[0, 100000]","[0, 100000]",0,0,4199,19482
yolov8x_training,102.568630,70,214.499,13368.3125,31,930,10001,"[0, 100000]","[0, 100000]",0,0,4882,17333
yolov8x_training,103.611646,71,217.368,13368.3125,12,2505,10001,"[0, 100000]","[0, 100000]",0,0,5175,15771
yolov8x_training,104.654670,72,212.233,13368.3125,42,2505,10001,"[0, 100000]","[0, 100000]",0,0,3906,15332
yolov8x_training,105.697455,74,205.750,13368.3125,80,2175,10001,"[0, 100000]","[0, 100000]",0,0,4052,18701
yolov8x_training,106.740960,74,208.683,13368.3125,100,930,10001,"[0, 100000]","[0, 100000]",0,0,4248,16406
yolov8x_training,107.783689,75,213.489,13368.3125,100,1260,10001,"[0, 100000]","[0, 100000]",0,0,4394,16162
yolov8x_training,108.826193,75,218.215,13368.3125,100,2670,10001,"[0, 100000]","[0, 100000]",0,0,4003,12207
yolov8x_training,109.868755,75,211.380,13368.3125,96,2670,10001,"[0, 100000]","[0, 100000]",0,0,2734,13525
yolov8x_training,110.911340,74,205.931,13368.3125,95,2490,10001,"[0, 100000]","[0, 100000]",0,0,2734,10302
yolov8x_training,111.953676,75,208.760,13368.3125,75,2040,10001,"[0, 100000]","[0, 100000]",0,0,2441,9863
yolov8x_training,112.995894,76,212.900,13368.3125,44,1200,10001,"[0, 100000]","[0, 100000]",0,0,2392,6396
yolov8x_training,114.038201,76,216.927,13368.3125,20,900,10001,"[0, 100000]","[0, 100000]",0,0,1953,125585
yolov8x_training,115.080918,76,214.392,13368.3125,43,855,10001,"[0, 100000]","[0, 100000]",0,0,2978,4052
yolov8x_training,116.123988,76,217.127,13368.3125,92,825,10001,"[0, 100000]","[0, 100000]",0,0,2343,3369
yolov8x_training,117.166309,75,218.824,13368.3125,100,1035,10001,"[0, 100000]","[0, 100000]",0,0,2343,3320
yolov8x_training,118.208689,72,216.787,13368.3125,100,915,10001,"[0, 100000]","[0, 100000]",0,0,11474,49755
yolov8x_training,119.251044,72,220.181,13368.3125,97,855,10001,"[0, 100000]","[0, 100000]",0,0,390,341
yolov8x_training,120.293306,73,214.035,13368.3125,95,840,10001,"[0, 100000]","[0, 100000]",0,0,341,341
yolov8x_training,121.336051,75,216.671,13368.3125,94,915,10001,"[0, 100000]","[0, 100000]",0,0,341,292
yolov8x_training,122.378680,76,218.310,13368.3125,76,1005,10001,"[0, 100000]","[0, 100000]",0,0,341,292
yolov8x_training,123.421419,77,214.950,13368.3125,33,1110,10001,"[0, 100000]","[0, 100000]",0,0,341,292
yolov8x_training,124.464282,77,216.828,13368.3125,85,2505,10001,"[0, 100000]","[0, 100000]",0,0,341,292
yolov8x_training,125.506859,76,215.085,13368.3125,58,2505,10001,"[0, 100000]","[0, 100000]",0,0,341,292
yolov8x_training,126.549475,77,221.066,13368.3125,17,2130,10001,"[0, 100000]","[0, 100000]",0,0,341,292
yolov8x_training,127.592062,77,209.777,13368.3125,53,885,10001,"[0, 100000]","[0, 100000]",0,0,341,292
yolov8x_training,128.634698,77,209.846,13368.3125,99,840,10001,"[0, 100000]","[0, 100000]",0,0,341,292
yolov8x_training,129.677332,77,216.591,13368.3125,100,840,10001,"[0, 100000]","[0, 100000]",0,0,341,341
yolov8x_training,130.719035,75,216.063,13368.3125,96,1575,10001,"[0, 100000]","[0, 100000]",0,0,390,341
yolov8x_training,131.761149,73,217.588,13368.3125,96,855,10001,"[0, 100000]","[0, 100000]",0,0,439,341
yolov8x_training,132.803375,73,223.245,13368.3125,95,855,10001,"[0, 100000]","[0, 100000]",0,0,390,1035937
yolov8x_training,133.845788,75,210.971,13368.3125,83,855,10001,"[0, 100000]","[0, 100000]",0,0,390,1029931
yolov8x_training,134.888403,76,219.644,13370.3125,37,1005,10001,"[0, 100000]","[0, 100000]",0,0,390,1037207
yolov8x_training,135.930820,77,219.512,13370.3125,20,990,10001,"[0, 100000]","[0, 100000]",0,0,4101,35107
yolov8x_training,137.025776,73,216.754,13370.3125,61,885,10001,"[0, 100000]","[0, 100000]",0,0,15332,27197
yolov8x_training,138.076241,74,219.409,13370.3125,97,1440,10001,"[0, 100000]","[0, 100000]",0,0,15185,28369
yolov8x_training,139.132572,77,213.744,13370.3125,100,1320,10001,"[0, 100000]","[0, 100000]",0,0,15136,26953
yolov8x_training,140.175735,78,220.325,13370.3125,98,1875,10001,"[0, 100000]","[0, 100000]",0,0,3955,18896
yolov8x_training,141.218900,78,213.794,13370.3125,97,900,10001,"[0, 100000]","[0, 100000]",0,0,4150,15527
yolov8x_training,142.261862,78,209.237,13370.3125,92,2505,10001,"[0, 100000]","[0, 100000]",0,0,3710,16113
yolov8x_training,143.305218,78,208.601,13370.3125,70,2505,10001,"[0, 100000]","[0, 100000]",0,0,3955,14404
yolov8x_training,144.348373,78,220.324,13370.3125,27,2310,10001,"[0, 100000]","[0, 100000]",0,0,3125,24560
yolov8x_training,145.392047,77,219.415,13370.3125,30,945,10001,"[0, 100000]","[0, 100000]",0,0,3466,21630
yolov8x_training,146.435035,74,213.549,13370.3125,55,885,10001,"[0, 100000]","[0, 100000]",0,0,4150,17236
yolov8x_training,147.478257,74,209.083,13370.3125,75,840,10001,"[0, 100000]","[0, 100000]",0,0,3857,15576
yolov8x_training,148.521697,75,211.954,13370.3125,100,855,10001,"[0, 100000]","[0, 100000]",0,0,2880,14208
yolov8x_training,149.564673,78,217.933,13370.3125,100,885,10001,"[0, 100000]","[0, 100000]",0,0,2880,14111
yolov8x_training,150.607731,74,216.029,13370.3125,98,840,10001,"[0, 100000]","[0, 100000]",0,0,4199,14013
yolov8x_training,151.650805,74,219.125,13370.3125,98,975,10001,"[0, 100000]","[0, 100000]",0,0,3662,12109
yolov8x_training,152.693764,77,217.285,13370.3125,60,2505,10001,"[0, 100000]","[0, 100000]",0,0,3173,13574
yolov8x_training,153.737157,78,220.332,13370.3125,15,960,10001,"[0, 100000]","[0, 100000]",0,0,4199,14160
yolov8x_training,154.780140,78,209.790,13370.3125,39,2280,10001,"[0, 100000]","[0, 100000]",0,0,6689,103808
yolov8x_training,155.873007,77,210.313,13370.3125,97,1050,10001,"[0, 100000]","[0, 100000]",0,0,15087,24462
yolov8x_training,156.915907,74,207.179,13370.3125,97,855,10001,"[0, 100000]","[0, 100000]",0,0,4199,18505
yolov8x_training,157.958753,76,213.254,13370.3125,44,855,10001,"[0, 100000]","[0, 100000]",0,0,4443,18457
yolov8x_training,159.002073,78,216.843,13370.3125,20,810,10001,"[0, 100000]","[0, 100000]",0,0,4296,18945
yolov8x_training,160.045378,74,216.873,13370.3125,75,1305,10001,"[0, 100000]","[0, 100000]",0,0,6494,23974
yolov8x_training,161.088575,75,219.078,13370.3125,100,915,10001,"[0, 100000]","[0, 100000]",0,0,4394,19042
yolov8x_training,162.131783,78,215.266,13370.3125,100,2505,10001,"[0, 100000]","[0, 100000]",0,0,9375,30175
yolov8x_training,163.178325,78,221.284,13370.3125,98,1965,10001,"[0, 100000]","[0, 100000]",0,0,14941,29003
yolov8x_training,164.229022,79,211.198,13370.3125,95,900,10001,"[0, 100000]","[0, 100000]",0,0,15136,23828
yolov8x_training,165.272029,78,209.481,13370.3125,58,2505,10001,"[0, 100000]","[0, 100000]",0,0,12500,28710
yolov8x_training,166.335558,79,218.763,13370.3125,13,1860,10001,"[0, 100000]","[0, 100000]",0,0,15185,27685
yolov8x_training,167.378204,75,210.675,13370.3125,75,870,10001,"[0, 100000]","[0, 100000]",0,0,12988,30175
yolov8x_training,168.434049,75,213.746,13370.3125,100,825,10001,"[0, 100000]","[0, 100000]",0,0,14941,23193
yolov8x_training,169.476583,78,217.363,13370.3125,100,840,10001,"[0, 100000]","[0, 100000]",0,0,12109,29687
yolov8x_training,170.531005,75,215.876,13370.3125,95,1200,10001,"[0, 100000]","[0, 100000]",0,0,15087,25195
yolov8x_training,171.583070,76,218.561,13370.3125,96,1395,10001,"[0, 100000]","[0, 100000]",0,0,15283,27783
yolov8x_training,172.637463,78,218.961,13370.3125,50,2505,10001,"[0, 100000]","[0, 100000]",0,0,14990,25585
yolov8x_training,173.680086,79,222.281,13370.3125,17,1980,10001,"[0, 100000]","[0, 100000]",0,0,9472,32617
yolov8x_training,174.727103,80,210.755,13370.3125,72,855,10001,"[0, 100000]","[0, 100000]",0,0,15478,25927
yolov8x_training,175.786284,78,213.722,13370.3125,100,2505,10001,"[0, 100000]","[0, 100000]",0,0,15136,26855
yolov8x_training,176.845360,80,217.390,13370.3125,100,1755,10001,"[0, 100000]","[0, 100000]",0,0,14941,22753
yolov8x_training,177.887887,75,208.764,13370.3125,94,870,10001,"[0, 100000]","[0, 100000]",0,0,3955,20996
yolov8x_training,178.930403,76,212.154,13370.3125,95,840,10001,"[0, 100000]","[0, 100000]",0,0,6884,28466
yolov8x_training,179.980062,78,217.858,13370.3125,12,795,10001,"[0, 100000]","[0, 100000]",0,0,15771,27783
yolov8x_training,181.044667,75,216.632,13370.3125,75,1470,10001,"[0, 100000]","[0, 100000]",0,0,15087,22753
yolov8x_training,182.087174,77,216.958,13370.3125,100,2205,10001,"[0, 100000]","[0, 100000]",0,0,15039,25439
yolov8x_training,183.144756,79,218.873,13370.3125,97,2355,10001,"[0, 100000]","[0, 100000]",0,0,15087,25195
yolov8x_training,184.203688,80,214.436,13370.3125,95,1095,10001,"[0, 100000]","[0, 100000]",0,0,15332,26074
yolov8x_training,185.264320,79,209.778,13370.3125,72,2505,10001,"[0, 100000]","[0, 100000]",0,0,14941,22656
yolov8x_training,186.321285,80,214.130,13370.3125,13,2070,10001,"[0, 100000]","[0, 100000]",0,0,15234,26367
yolov8x_training,187.372601,75,211.671,13370.3125,72,855,10001,"[0, 100000]","[0, 100000]",0,0,14892,29443
yolov8x_training,188.432516,76,214.346,13370.3125,100,840,10001,"[0, 100000]","[0, 100000]",0,0,15478,29052
yolov8x_training,189.501350,79,217.127,13370.3125,100,825,10001,"[0, 100000]","[0, 100000]",0,0,15136,22167
yolov8x_training,190.543885,76,214.442,13370.3125,96,870,10001,"[0, 100000]","[0, 100000]",0,0,14501,25146
yolov8x_training,191.600758,79,217.391,13370.3125,63,2505,10001,"[0, 100000]","[0, 100000]",0,0,15234,25878
yolov8x_training,192.643662,79,221.959,13370.3125,31,2445,10001,"[0, 100000]","[0, 100000]",0,0,14648,25097
yolov8x_training,193.694287,80,219.113,13370.3125,35,1620,10001,"[0, 100000]","[0, 100000]",0,0,15283,26367
yolov8x_training,194.739258,80,211.643,13370.3125,83,1830,10001,"[0, 100000]","[0, 100000]",0,0,15380,27197
yolov8x_training,195.795727,80,215.655,13370.3125,100,2505,10001,"[0, 100000]","[0, 100000]",0,0,15185,27392
yolov8x_training,196.865830,76,211.839,13370.3125,96,930,10001,"[0, 100000]","[0, 100000]",0,0,15087,27246
yolov8x_training,197.924724,77,212.610,13370.3125,94,825,10001,"[0, 100000]","[0, 100000]",0,0,15185,22851
yolov8x_training,198.971115,79,216.260,13370.3125,21,810,10001,"[0, 100000]","[0, 100000]",0,0,15087,30371
yolov8x_training,200.013971,80,221.027,13370.3125,60,945,10001,"[0, 100000]","[0, 100000]",0,0,10253,32128
yolov8x_training,201.060382,77,221.420,13370.3125,100,930,10001,"[0, 100000]","[0, 100000]",0,0,15039,25195
yolov8x_training,202.120210,79,220.088,13370.3125,100,1545,10001,"[0, 100000]","[0, 100000]",0,0,15332,21826
yolov8x_training,203.169894,80,220.242,13370.3125,96,2400,10001,"[0, 100000]","[0, 100000]",0,0,15234,30029
yolov8x_training,204.228895,80,212.607,13370.3125,85,870,10001,"[0, 100000]","[0, 100000]",0,0,15039,29003
yolov8x_training,205.286600,80,214.935,13370.3125,22,2520,10001,"[0, 100000]","[0, 100000]",0,0,14843,29003
yolov8x_training,206.357886,78,212.882,13370.3125,33,1635,10001,"[0, 100000]","[0, 100000]",0,0,14941,22070
yolov8x_training,207.400629,76,210.769,13370.3125,98,825,10001,"[0, 100000]","[0, 100000]",0,0,7763,30517
yolov8x_training,208.452205,79,218.813,13370.3125,100,840,10001,"[0, 100000]","[0, 100000]",0,0,15039,25878
yolov8x_training,209.519317,77,218.627,13370.3125,95,990,10001,"[0, 100000]","[0, 100000]",0,0,15283,24804
yolov8x_training,210.579707,79,218.830,13370.3125,94,870,10001,"[0, 100000]","[0, 100000]",0,0,15332,22167
yolov8x_training,211.622936,76,219.276,13370.3125,44,2505,10001,"[0, 100000]","[0, 100000]",0,0,4296,20751
yolov8x_training,212.665759,77,224.031,13370.3125,20,2310,10001,"[0, 100000]","[0, 100000]",0,0,15087,28564
yolov8x_training,213.715468,79,212.262,13370.3125,63,945,10001,"[0, 100000]","[0, 100000]",0,0,15087,24707
yolov8x_training,214.768334,80,212.871,13370.3125,100,1252,10001,"[0, 100000]","[0, 100000]",0,0,14990,25439
yolov8x_training,215.811287,80,218.827,13370.3125,100,2505,10001,"[0, 100000]","[0, 100000]",0,0,3222,24951
yolov8x_training,216.859899,79,213.218,13370.3125,95,930,10001,"[0, 100000]","[0, 100000]",0,0,15136,27343
yolov8x_training,217.912037,81,214.118,13370.3125,95,810,10001,"[0, 100000]","[0, 100000]",0,0,15234,27148
yolov8x_training,218.972499,76,217.025,13370.3125,32,840,10001,"[0, 100000]","[0, 100000]",0,0,15039,22119
yolov8x_training,220.017020,77,220.995,13370.3125,62,975,10001,"[0, 100000]","[0, 100000]",0,0,15283,25097
yolov8x_training,221.070675,81,220.772,13370.3125,100,900,10001,"[0, 100000]","[0, 100000]",0,0,15332,24658
yolov8x_training,222.114090,76,218.717,13370.3125,100,1252,10001,"[0, 100000]","[0, 100000]",0,0,15136,24414
yolov8x_training,223.171938,77,223.338,13370.3125,95,2460,10001,"[0, 100000]","[0, 100000]",0,0,14892,23144
yolov8x_training,224.224935,80,211.681,13370.3125,92,900,10001,"[0, 100000]","[0, 100000]",0,0,15185,27246
yolov8x_training,225.290471,81,214.898,13370.3125,20,2550,10001,"[0, 100000]","[0, 100000]",0,0,15136,26025
yolov8x_training,226.358083,79,211.870,13370.3125,57,930,10001,"[0, 100000]","[0, 100000]",0,0,15039,27392
yolov8x_training,227.413958,81,214.125,13370.3125,100,810,10001,"[0, 100000]","[0, 100000]",0,0,14843,22070
yolov8x_training,228.461607,77,218.246,13370.3125,100,795,10001,"[0, 100000]","[0, 100000]",0,0,15039,28906
yolov8x_training,229.529300,79,216.193,13370.3125,94,1515,10001,"[0, 100000]","[0, 100000]",0,0,15332,26806
yolov8x_training,230.598766,76,217.512,13370.3125,79,1530,10001,"[0, 100000]","[0, 100000]",0,0,14941,28125
yolov8x_training,231.665520,77,223.303,13370.3125,14,2520,10001,"[0, 100000]","[0, 100000]",0,0,14794,24511
yolov8x_training,232.708765,80,212.086,13370.3125,68,885,10001,"[0, 100000]","[0, 100000]",0,0,15283,26757
yolov8x_training,233.770561,81,215.129,13370.3125,100,2505,10001,"[0, 100000]","[0, 100000]",0,0,15039,25146
yolov8x_training,234.848294,80,214.729,13370.3125,100,1380,10001,"[0, 100000]","[0, 100000]",0,0,15039,26171
yolov8x_training,235.920045,81,212.525,13370.3125,94,810,10001,"[0, 100000]","[0, 100000]",0,0,15039,26123
yolov8x_training,236.962856,77,217.903,13370.3125,23,810,10001,"[0, 100000]","[0, 100000]",0,0,13574,30664
yolov8x_training,238.019248,78,219.701,13370.3125,72,945,10001,"[0, 100000]","[0, 100000]",0,0,15234,28955
yolov8x_training,239.078212,79,219.033,13370.3125,100,855,10001,"[0, 100000]","[0, 100000]",0,0,15136,29736
yolov8x_training,240.141755,77,221.132,13370.3125,100,1215,10001,"[0, 100000]","[0, 100000]",0,0,14892,23095
yolov8x_training,241.199387,80,213.531,13370.3125,96,2100,10001,"[0, 100000]","[0, 100000]",0,0,15136,29052
yolov8x_training,242.265051,81,212.695,13370.3125,38,1770,10001,"[0, 100000]","[0, 100000]",0,0,15039,25244
yolov8x_training,243.342352,81,214.615,13370.3125,38,2250,10001,"[0, 100000]","[0, 100000]",0,0,14941,26318
yolov8x_training,244.412390,81,212.404,13370.3125,96,855,10001,"[0, 100000]","[0, 100000]",0,0,14746,24414
yolov8x_training,245.459028,77,216.888,13370.3125,100,840,10001,"[0, 100000]","[0, 100000]",0,0,15039,28466
yolov8x_training,246.524390,79,216.840,13370.3125,95,975,10001,"[0, 100000]","[0, 100000]",0,0,14990,26806
yolov8x_training,247.576759,79,219.285,13370.3125,82,885,10001,"[0, 100000]","[0, 100000]",0,0,14990,29003
yolov8x_training,248.634178,77,222.568,13370.3125,28,2505,10001,"[0, 100000]","[0, 100000]",0,0,14941,26318
yolov8x_training,249.677221,79,218.462,13370.3125,41,2340,10001,"[0, 100000]","[0, 100000]",0,0,8837,33642
yolov8x_training,250.726459,81,211.661,13370.3125,96,885,10001,"[0, 100000]","[0, 100000]",0,0,14941,25146
yolov8x_training,251.795015,81,219.322,13370.3125,100,2505,10001,"[0, 100000]","[0, 100000]",0,0,15234,29003
yolov8x_training,252.863618,81,214.132,13370.3125,96,1785,10001,"[0, 100000]","[0, 100000]",0,0,14892,22607
yolov8x_training,253.906603,82,213.362,13370.3125,84,840,10001,"[0, 100000]","[0, 100000]",0,0,5517,26513
yolov8x_training,254.961928,77,218.593,13370.3125,22,825,10001,"[0, 100000]","[0, 100000]",0,0,15234,25341
yolov8x_training,256.027797,78,216.709,13370.3125,88,1125,10001,"[0, 100000]","[0, 100000]",0,0,14941,27783
yolov8x_training,257.091306,77,220.005,13370.3125,100,885,10001,"[0, 100000]","[0, 100000]",0,0,14892,25048
yolov8x_training,258.150018,78,218.542,13370.3125,95,1252,10001,"[0, 100000]","[0, 100000]",0,0,15087,28320
yolov8x_training,259.222167,80,213.653,13370.3125,79,945,10001,"[0, 100000]","[0, 100000]",0,0,15332,24169
yolov8x_training,260.265413,81,215.154,13370.3125,10,2550,10001,"[0, 100000]","[0, 100000]",0,0,6103,102587
yolov8x_training,261.324622,79,216.570,13370.3125,68,1050,10001,"[0, 100000]","[0, 100000]",0,0,6884,101806
yolov8x_training,262.414032,80,215.939,13370.3125,100,810,10001,"[0, 100000]","[0, 100000]",0,0,15087,27685
yolov8x_training,263.480860,77,217.980,13370.3125,95,825,10001,"[0, 100000]","[0, 100000]",0,0,14941,24462
yolov8x_training,264.560816,80,216.496,13370.3125,96,825,10001,"[0, 100000]","[0, 100000]",0,0,14941,25244
yolov8x_training,265.630187,77,218.796,13370.3125,32,2445,10001,"[0, 100000]","[0, 100000]",0,0,15136,26708
yolov8x_training,266.687271,80,214.908,13370.3125,43,2250,10001,"[0, 100000]","[0, 100000]",0,0,15332,28564
yolov8x_training,267.749866,81,213.739,13370.3125,100,1350,10001,"[0, 100000]","[0, 100000]",0,0,14892,30175
yolov8x_training,268.803648,81,219.580,13370.3125,100,2505,10001,"[0, 100000]","[0, 100000]",0,0,14941,26367
yolov8x_training,269.861510,81,213.800,13370.3125,95,1545,10001,"[0, 100000]","[0, 100000]",0,0,15136,22216
yolov8x_training,270.911006,80,214.643,13370.3125,82,810,10001,"[0, 100000]","[0, 100000]",0,0,15087,28515
yolov8x_training,271.984622,78,217.769,13370.3125,49,810,10001,"[0, 100000]","[0, 100000]",0,0,14941,27783
yolov8x_training,273.056505,81,219.633,13370.3125,100,825,10001,"[0, 100000]","[0, 100000]",0,0,14990,25146
yolov8x_training,274.120703,77,217.526,13370.3125,100,1560,10001,"[0, 100000]","[0, 100000]",0,0,14746,22753
yolov8x_training,275.191074,80,215.212,13370.3125,96,2250,10001,"[0, 100000]","[0, 100000]",0,0,15087,27294
yolov8x_training,276.260582,81,212.709,13370.3125,42,2505,10001,"[0, 100000]","[0, 100000]",0,0,14941,26367
yolov8x_training,277.303395,81,217.771,13370.3125,49,1830,10001,"[0, 100000]","[0, 100000]",0,0,6005,103369
yolov8x_training,278.396022,82,215.004,13370.3125,100,855,10001,"[0, 100000]","[0, 100000]",0,0,15185,22216
yolov8x_training,279.438033,77,219.539,13370.3125,100,825,10001,"[0, 100000]","[0, 100000]",0,0,10302,30615
yolov8x_training,280.494268,78,217.854,13370.3125,98,825,10001,"[0, 100000]","[0, 100000]",0,0,15136,27343
yolov8x_training,281.561749,80,219.976,13370.3125,97,1185,10001,"[0, 100000]","[0, 100000]",0,0,15234,27392
yolov8x_training,282.630815,78,220.004,13370.3125,32,1230,10001,"[0, 100000]","[0, 100000]",0,0,14941,25000
yolov8x_training,283.694547,81,213.599,13370.3125,50,2295,10001,"[0, 100000]","[0, 100000]",0,0,15136,24658
yolov8x_training,284.737245,81,215.915,13370.3125,100,810,10001,"[0, 100000]","[0, 100000]",0,0,5957,102734
yolov8x_training,285.797351,80,217.755,13370.3125,95,1995,10001,"[0, 100000]","[0, 100000]",0,0,6298,99609
yolov8x_training,286.873470,80,216.311,13370.3125,89,840,10001,"[0, 100000]","[0, 100000]",0,0,4980,100341
yolov8x_training,287.952119,78,217.614,13370.3125,60,810,10001,"[0, 100000]","[0, 100000]",0,0,292,1028466
yolov8x_training,288.994839,81,194.693,13370.3125,0,1140,10001,"[0, 100000]","[0, 100000]",0,0,4638,16699
yolov8x_training,290.038174,81,186.810,13370.3125,90,2505,10001,"[0, 100000]","[0, 100000]",0,0,341,244
yolov8x_training,291.080928,77,193.861,13370.3125,100,1185,10001,"[0, 100000]","[0, 100000]",0,0,90673,36865
yolov8x_training,292.154353,81,203.261,13370.3125,32,780,10001,"[0, 100000]","[0, 100000]",0,0,2539,9863
yolov8x_training,293.197987,81,186.869,13370.3125,52,2505,10001,"[0, 100000]","[0, 100000]",0,0,6591,103662
yolov8x_training,294.267549,81,206.862,13370.3125,35,2535,10001,"[0, 100000]","[0, 100000]",0,0,4931,103125
yolov8x_training,295.344503,81,217.238,13370.3125,100,840,10001,"[0, 100000]","[0, 100000]",0,0,3857,34082
yolov8x_training,296.410747,77,217.038,13370.3125,96,825,10001,"[0, 100000]","[0, 100000]",0,0,90234,27636
yolov8x_training,297.489375,80,218.027,13370.3125,95,1185,10001,"[0, 100000]","[0, 100000]",0,0,6152,103076
yolov8x_training,298.563920,77,218.447,13370.3125,35,1200,10001,"[0, 100000]","[0, 100000]",0,0,6640,103222
yolov8x_training,299.631927,81,212.977,13370.3125,37,2370,10001,"[0, 100000]","[0, 100000]",0,0,4833,102343
yolov8x_training,300.710040,81,213.868,13370.3125,100,870,10001,"[0, 100000]","[0, 100000]",0,0,4492,101806
yolov8x_training,301.827089,81,217.710,13370.3125,94,2475,10001,"[0, 100000]","[0, 100000]",0,0,15087,26025
yolov8x_training,302.893896,82,212.622,13370.3125,95,870,10001,"[0, 100000]","[0, 100000]",0,0,15087,27783
yolov8x_training,303.974216,77,215.605,13370.3125,50,795,10001,"[0, 100000]","[0, 100000]",0,0,15185,27343
yolov8x_training,305.036265,80,220.733,13370.3125,100,945,10001,"[0, 100000]","[0, 100000]",0,0,15234,25439
yolov8x_training,306.096149,77,215.104,13370.3125,100,885,10001,"[0, 100000]","[0, 100000]",0,0,15478,28613
yolov8x_training,307.164738,80,218.245,13370.3125,96,2505,10001,"[0, 100000]","[0, 100000]",0,0,15429,25000
yolov8x_training,308.244570,81,213.564,13370.3125,47,1005,10001,"[0, 100000]","[0, 100000]",0,0,15576,24951
yolov8x_training,309.308734,82,216.026,13370.3125,23,2595,10001,"[0, 100000]","[0, 100000]",0,0,14892,22460
yolov8x_training,310.384531,81,211.990,13370.3125,93,870,10001,"[0, 100000]","[0, 100000]",0,0,15283,25830
yolov8x_training,311.453869,77,216.369,13370.3125,97,825,10001,"[0, 100000]","[0, 100000]",0,0,15380,28857
yolov8x_training,312.526594,80,217.688,13370.3125,96,960,10001,"[0, 100000]","[0, 100000]",0,0,15136,24169
yolov8x_training,313.607068,77,217.714,13370.3125,51,870,10001,"[0, 100000]","[0, 100000]",0,0,15185,21728
yolov8x_training,314.665736,81,216.580,13370.3125,38,1252,10001,"[0, 100000]","[0, 100000]",0,0,14990,25146
yolov8x_training,315.708358,81,213.649,13370.3125,100,840,10001,"[0, 100000]","[0, 100000]",0,0,6054,100830
yolov8x_training,316.770162,81,218.683,13370.3125,100,2460,10001,"[0, 100000]","[0, 100000]",0,0,6738,101269
yolov8x_training,317.840371,82,218.224,13370.3125,94,900,10001,"[0, 100000]","[0, 100000]",0,0,6982,98828
yolov8x_training,318.942236,77,217.000,13370.3125,45,810,10001,"[0, 100000]","[0, 100000]",0,0,15087,27148
yolov8x_training,320.000707,80,218.686,13370.3125,82,810,10001,"[0, 100000]","[0, 100000]",0,0,15087,26220
yolov8x_training,321.063072,78,219.315,13370.3125,100,810,10001,"[0, 100000]","[0, 100000]",0,0,15087,26025
yolov8x_training,322.142913,78,221.701,13370.3125,95,2505,10001,"[0, 100000]","[0, 100000]",0,0,14843,24023
yolov8x_training,323.200456,81,214.778,13370.3125,82,1830,10001,"[0, 100000]","[0, 100000]",0,0,14990,26562
yolov8x_training,324.243031,82,215.054,13370.3125,13,780,10001,"[0, 100000]","[0, 100000]",0,0,6835,99902
yolov8x_training,325.310337,82,218.371,13370.3125,87,2160,10001,"[0, 100000]","[0, 100000]",0,0,6005,101416
yolov8x_training,326.378280,78,218.593,13370.3125,100,840,10001,"[0, 100000]","[0, 100000]",0,0,4394,100097
yolov8x_training,327.476047,79,219.859,13370.3125,95,825,10001,"[0, 100000]","[0, 100000]",0,0,15039,27734
yolov8x_training,328.520585,81,223.681,13370.3125,92,900,10001,"[0, 100000]","[0, 100000]",0,0,15234,24951
yolov8x_training,329.563923,78,220.096,13370.3125,60,855,10001,"[0, 100000]","[0, 100000]",0,0,14892,24804
yolov8x_training,330.606832,82,212.810,13370.3125,3,2370,10001,"[0, 100000]","[0, 100000]",0,0,6103,88232
yolov8x_training,331.651070,81,175.868,13370.3125,19,2655,10001,"[0, 100000]","[0, 100000]",0,0,341,244
yolov8x_training,332.712802,77,188.465,13370.3125,90,900,10001,"[0, 100000]","[0, 100000]",0,0,12988,33251
yolov8x_training,333.755555,77,198.710,13370.3125,100,795,10001,"[0, 100000]","[0, 100000]",0,0,2294,3125
yolov8x_training,334.798611,81,184.329,13370.3125,34,1845,10001,"[0, 100000]","[0, 100000]",0,0,292,292
yolov8x_training,335.841363,81,178.237,13370.3125,0,2505,10001,"[0, 100000]","[0, 100000]",0,0,11181,30078
yolov8x_training,336.884538,79,205.590,13370.3125,84,900,10001,"[0, 100000]","[0, 100000]",0,0,1757,1904
yolov8x_training,337.928262,77,192.203,13370.3125,100,855,10001,"[0, 100000]","[0, 100000]",0,0,292,1034960
yolov8x_training,338.971282,81,179.855,13370.3125,45,2505,10001,"[0, 100000]","[0, 100000]",0,0,3417,12402
yolov8x_training,340.014462,80,197.090,13370.3125,100,2655,10001,"[0, 100000]","[0, 100000]",0,0,292,292
yolov8x_training,341.056832,76,200.307,13370.3125,5,960,10001,"[0, 100000]","[0, 100000]",0,0,6054,83447
yolov8x_training,342.120127,80,185.858,13370.3125,37,855,10001,"[0, 100000]","[0, 100000]",0,0,2539,10888
yolov8x_training,343.163810,79,209.828,13370.3125,31,975,10001,"[0, 100000]","[0, 100000]",0,0,2636,9228
yolov8x_training,344.207377,77,216.751,13370.3125,78,870,10001,"[0, 100000]","[0, 100000]",0,0,2539,10351
yolov8x_training,345.250739,79,219.822,13370.3125,100,2505,10001,"[0, 100000]","[0, 100000]",0,0,2441,11767
yolov8x_training,346.293824,81,219.821,13370.3125,95,1425,10001,"[0, 100000]","[0, 100000]",0,0,3076,13623
yolov8x_training,347.336818,81,215.323,13370.3125,94,1275,10001,"[0, 100000]","[0, 100000]",0,0,3808,13232
yolov8x_training,348.381133,81,220.103,13370.3125,60,1320,10001,"[0, 100000]","[0, 100000]",0,0,3125,12841
yolov8x_training,349.425040,81,221.680,13370.3125,15,1635,10001,"[0, 100000]","[0, 100000]",0,0,4150,17187
yolov8x_training,350.467962,77,216.038,13370.3125,54,840,10001,"[0, 100000]","[0, 100000]",0,0,4199,16992
yolov8x_training,351.510972,77,212.556,13370.3125,98,795,10001,"[0, 100000]","[0, 100000]",0,0,3955,13964
yolov8x_training,352.554057,80,214.485,13370.3125,100,1125,10001,"[0, 100000]","[0, 100000]",0,0,4150,19824
yolov8x_training,353.597046,77,218.839,13370.3125,95,870,10001,"[0, 100000]","[0, 100000]",0,0,2929,37744
yolov8x_training,354.667917,77,198.094,13370.3125,8,840,10001,"[0, 100000]","[0, 100000]",0,0,3857,13867
yolov8x_training,355.711073,79,179.950,13370.3125,0,915,10001,"[0, 100000]","[0, 100000]",0,0,341,292
yolov8x_training,356.753963,81,182.266,13370.3125,89,2610,10001,"[0, 100000]","[0, 100000]",0,0,4736,83544
yolov8x_training,357.831925,77,197.890,13370.3125,100,1695,10001,"[0, 100000]","[0, 100000]",0,0,2148,8544
yolov8x_training,358.875241,76,190.174,13370.3125,51,810,10001,"[0, 100000]","[0, 100000]",0,0,292,292
yolov8x_training,359.917976,81,175.233,13370.3125,0,2100,10001,"[0, 100000]","[0, 100000]",0,0,6054,83447
yolov8x_training,360.980055,81,185.014,13370.3125,99,2505,10001,"[0, 100000]","[0, 100000]",0,0,2490,7128
yolov8x_training,362.023288,78,215.118,13370.3125,95,870,10001,"[0, 100000]","[0, 100000]",0,0,2294,11083
yolov8x_training,363.066618,80,213.943,13370.3125,53,795,10001,"[0, 100000]","[0, 100000]",0,0,2539,12841
yolov8x_training,364.109620,81,217.033,13370.3125,16,810,10001,"[0, 100000]","[0, 100000]",0,0,2490,12011
yolov8x_training,365.152486,77,220.430,13370.3125,53,990,10001,"[0, 100000]","[0, 100000]",0,0,2978,14208
yolov8x_training,366.195309,78,221.623,13370.3125,100,1320,10001,"[0, 100000]","[0, 100000]",0,0,3027,13525
yolov8x_training,367.238333,80,217.782,13370.3125,100,2310,10001,"[0, 100000]","[0, 100000]",0,0,3710,15283
yolov8x_training,368.281177,81,224.647,13370.3125,96,1290,10001,"[0, 100000]","[0, 100000]",0,0,4052,14306
yolov8x_training,369.324156,82,212.427,13370.3125,92,855,10001,"[0, 100000]","[0, 100000]",0,0,4638,16162
yolov8x_training,370.366985,80,221.550,13370.3125,55,2415,10001,"[0, 100000]","[0, 100000]",0,0,3955,17675
yolov8x_training,371.410147,82,210.566,13370.3125,15,2190,10001,"[0, 100000]","[0, 100000]",0,0,6054,92871
yolov8x_training,372.472651,81,184.965,13370.3125,89,2505,10001,"[0, 100000]","[0, 100000]",0,0,2343,5761
yolov8x_training,373.516505,77,207.864,13370.3125,96,1680,10001,"[0, 100000]","[0, 100000]",0,0,292,292
yolov8x_training,374.559312,76,193.264,13370.3125,0,855,10001,"[0, 100000]","[0, 100000]",0,0,4248,18652
yolov8x_training,375.602826,81,182.595,13370.3125,70,2505,10001,"[0, 100000]","[0, 100000]",0,0,341,292
yolov8x_training,376.645632,77,199.272,13370.3125,100,825,10001,"[0, 100000]","[0, 100000]",0,0,4833,91699
yolov8x_training,377.724813,77,198.055,13370.3125,53,840,10001,"[0, 100000]","[0, 100000]",0,0,1464,292
yolov8x_training,378.787316,81,182.052,13370.3125,35,2505,10001,"[0, 100000]","[0, 100000]",0,0,15283,25830
yolov8x_training,379.830384,80,210.771,13370.3125,100,2385,10001,"[0, 100000]","[0, 100000]",0,0,8251,26464
yolov8x_training,380.873307,82,224.375,13370.3125,100,1875,10001,"[0, 100000]","[0, 100000]",0,0,5957,29052
yolov8x_training,381.916548,77,213.028,13370.3125,94,855,10001,"[0, 100000]","[0, 100000]",0,0,15185,28125
yolov8x_training,382.959801,79,214.876,13370.3125,86,810,10001,"[0, 100000]","[0, 100000]",0,0,6347,100195
yolov8x_training,384.032620,81,213.345,13370.3125,89,1065,10001,"[0, 100000]","[0, 100000]",0,0,4150,35009
yolov8x_training,385.096215,80,219.389,13370.3125,100,2505,10001,"[0, 100000]","[0, 100000]",0,0,6591,102392
yolov8x_training,386.165435,81,220.324,13370.3125,95,1950,10001,"[0, 100000]","[0, 100000]",0,0,6298,101513
yolov8x_training,387.241503,81,212.348,13370.3125,68,840,10001,"[0, 100000]","[0, 100000]",0,0,4687,101367
yolov8x_training,388.321596,81,216.667,13370.3125,10,1995,10001,"[0, 100000]","[0, 100000]",0,0,5664,99218
yolov8x_training,389.398113,77,211.100,13370.3125,86,795,10001,"[0, 100000]","[0, 100000]",0,0,6054,102099
yolov8x_training,390.461797,81,213.659,13370.3125,100,825,10001,"[0, 100000]","[0, 100000]",0,0,3076,37109
yolov8x_training,391.531922,81,214.550,13370.3125,95,885,10001,"[0, 100000]","[0, 100000]",0,0,89550,21435
yolov8x_training,392.575255,81,213.849,13370.3125,34,2505,10001,"[0, 100000]","[0, 100000]",0,0,292,292
yolov8x_training,393.617904,81,214.406,13370.3125,57,855,10001,"[0, 100000]","[0, 100000]",0,0,341,341
yolov8x_training,394.660549,82,214.348,13370.3125,100,795,10001,"[0, 100000]","[0, 100000]",0,0,1171,292
yolov8x_training,395.703318,77,218.133,13370.3125,94,1155,10001,"[0, 100000]","[0, 100000]",0,0,2148,10351
yolov8x_training,396.746690,79,218.614,13370.3125,73,1185,10001,"[0, 100000]","[0, 100000]",0,0,2392,10302
yolov8x_training,397.790032,81,217.717,13370.3125,27,1155,10001,"[0, 100000]","[0, 100000]",0,0,2783,13720
yolov8x_training,398.833058,82,214.515,13370.3125,52,2490,10001,"[0, 100000]","[0, 100000]",0,0,4150,16259
yolov8x_training,399.875989,82,214.681,13370.3125,100,2310,10001,"[0, 100000]","[0, 100000]",0,0,3759,22949
yolov8x_training,400.919752,79,217.195,13370.3125,93,915,10001,"[0, 100000]","[0, 100000]",0,0,4687,14697
yolov8x_training,401.975034,79,213.509,13370.3125,34,825,10001,"[0, 100000]","[0, 100000]",0,0,15283,26611
yolov8x_training,403.018058,81,215.200,13370.3125,65,1020,10001,"[0, 100000]","[0, 100000]",0,0,6250,103369
yolov8x_training,404.075459,78,222.507,13370.3125,100,2505,10001,"[0, 100000]","[0, 100000]",0,0,6640,101269
yolov8x_training,405.141790,80,225.061,13370.3125,100,2550,10001,"[0, 100000]","[0, 100000]",0,0,5615,25097
yolov8x_training,406.202038,82,219.861,13370.3125,95,1920,10001,"[0, 100000]","[0, 100000]",0,0,15039,22705
yolov8x_training,407.265902,82,212.928,13370.3125,82,1440,10001,"[0, 100000]","[0, 100000]",0,0,15380,31005
yolov8x_training,408.327743,80,215.579,13370.3125,43,2325,10001,"[0, 100000]","[0, 100000]",0,0,14990,25488
yolov8x_training,409.375437,80,220.034,13370.3125,36,945,10001,"[0, 100000]","[0, 100000]",0,0,14990,27001
yolov8x_training,410.441870,78,213.553,13370.3125,100,810,10001,"[0, 100000]","[0, 100000]",0,0,14941,30175
yolov8x_training,411.505064,81,219.316,13370.3125,100,765,10001,"[0, 100000]","[0, 100000]",0,0,15136,31347
yolov8x_training,412.579855,78,218.009,13370.3125,96,1170,10001,"[0, 100000]","[0, 100000]",0,0,15039,26220
yolov8x_training,413.626546,80,221.065,13370.3125,78,1065,10001,"[0, 100000]","[0, 100000]",0,0,15039,27734
yolov8x_training,414.701045,81,219.519,13370.3125,11,2475,10001,"[0, 100000]","[0, 100000]",0,0,15185,30273
yolov8x_training,415.771276,82,214.639,13370.3125,64,885,10001,"[0, 100000]","[0, 100000]",0,0,15527,25341
yolov8x_training,416.849045,82,216.189,13370.3125,100,2505,10001,"[0, 100000]","[0, 100000]",0,0,15087,23388
yolov8x_training,417.903188,78,212.238,13370.3125,95,900,10001,"[0, 100000]","[0, 100000]",0,0,15087,29882
yolov8x_training,418.970928,80,216.595,13370.3125,30,810,10001,"[0, 100000]","[0, 100000]",0,0,15380,26513
yolov8x_training,420.030454,81,220.326,13370.3125,43,795,10001,"[0, 100000]","[0, 100000]",0,0,15136,27050
yolov8x_training,421.073316,79,216.858,13370.3125,100,855,10001,"[0, 100000]","[0, 100000]",0,0,6005,100439
yolov8x_training,422.166945,81,217.165,13370.3125,100,1252,10001,"[0, 100000]","[0, 100000]",0,0,15185,27343
yolov8x_training,423.230689,82,216.895,13370.3125,96,1545,10001,"[0, 100000]","[0, 100000]",0,0,15185,25927
yolov8x_training,424.308270,80,214.487,13370.3125,42,2505,10001,"[0, 100000]","[0, 100000]",0,0,15039,26074
yolov8x_training,425.379214,82,216.891,13370.3125,23,2010,10001,"[0, 100000]","[0, 100000]",0,0,14892,28027
yolov8x_training,426.422175,82,212.527,13370.3125,96,825,10001,"[0, 100000]","[0, 100000]",0,0,14990,28564
yolov8x_training,427.486645,78,218.643,13370.3125,100,825,10001,"[0, 100000]","[0, 100000]",0,0,15185,24707
yolov8x_training,428.563598,79,218.432,13370.3125,96,1260,10001,"[0, 100000]","[0, 100000]",0,0,15185,27294
yolov8x_training,429.637643,78,219.736,13370.3125,80,1110,10001,"[0, 100000]","[0, 100000]",0,0,14892,23339
yolov8x_training,430.706447,79,220.919,13370.3125,12,2415,10001,"[0, 100000]","[0, 100000]",0,0,15332,25244
yolov8x_training,431.749739,82,214.650,13370.3125,91,825,10001,"[0, 100000]","[0, 100000]",0,0,6005,100439
yolov8x_training,432.810316,83,215.419,13370.3125,100,2115,10001,"[0, 100000]","[0, 100000]",0,0,4931,101806
yolov8x_training,433.925894,82,213.805,13370.3125,94,825,10001,"[0, 100000]","[0, 100000]",0,0,14990,23583
yolov8x_training,434.969258,81,220.784,13370.3125,72,810,10001,"[0, 100000]","[0, 100000]",0,0,13232,27148
yolov8x_training,436.032841,78,217.916,13370.3125,54,990,10001,"[0, 100000]","[0, 100000]",0,0,14941,29492
yolov8x_training,437.100479,83,219.782,13370.3125,100,885,10001,"[0, 100000]","[0, 100000]",0,0,15039,27490
yolov8x_training,438.165106,78,216.628,13370.3125,100,2505,10001,"[0, 100000]","[0, 100000]",0,0,14746,24169
yolov8x_training,439.211694,80,220.798,13370.3125,95,1830,10001,"[0, 100000]","[0, 100000]",0,0,14599,29003
yolov8x_training,440.276160,82,213.732,13370.3125,67,1380,10001,"[0, 100000]","[0, 100000]",0,0,14990,30615
yolov8x_training,441.340889,82,220.671,13370.3125,12,2355,10001,"[0, 100000]","[0, 100000]",0,0,14990,25927
yolov8x_training,442.410778,81,214.090,13370.3125,62,870,10001,"[0, 100000]","[0, 100000]",0,0,14794,26611
yolov8x_training,443.474257,80,215.635,13370.3125,100,825,10001,"[0, 100000]","[0, 100000]",0,0,14941,30615
yolov8x_training,444.541514,79,219.773,13370.3125,95,975,10001,"[0, 100000]","[0, 100000]",0,0,14941,25927
yolov8x_training,445.602177,82,222.992,13370.3125,96,855,10001,"[0, 100000]","[0, 100000]",0,0,15039,26025
yolov8x_training,446.669782,78,217.237,13370.3125,38,1252,10001,"[0, 100000]","[0, 100000]",0,0,15185,26660
yolov8x_training,447.717575,81,217.656,13370.3125,39,1620,10001,"[0, 100000]","[0, 100000]",0,0,14794,27441
yolov8x_training,448.782946,82,213.534,13370.3125,100,2370,10001,"[0, 100000]","[0, 100000]",0,0,15087,25683
yolov8x_training,449.845166,83,220.131,13370.3125,100,2205,10001,"[0, 100000]","[0, 100000]",0,0,15234,26269
yolov8x_training,450.908176,81,213.513,13370.3125,95,885,10001,"[0, 100000]","[0, 100000]",0,0,14892,26464
yolov8x_training,451.951090,82,216.485,13370.3125,81,795,10001,"[0, 100000]","[0, 100000]",0,0,6494,32031
yolov8x_training,453.001484,78,222.291,13370.3125,23,810,10001,"[0, 100000]","[0, 100000]",0,0,14941,26416
yolov8x_training,454.044438,80,216.298,13370.3125,100,825,10001,"[0, 100000]","[0, 100000]",0,0,5957,100390
yolov8x_training,455.108833,78,220.371,13370.3125,100,870,10001,"[0, 100000]","[0, 100000]",0,0,6103,99072
yolov8x_training,456.196363,79,222.326,13370.3125,95,2520,10001,"[0, 100000]","[0, 100000]",0,0,15527,26123
yolov8x_training,457.274130,82,213.710,13370.3125,76,855,10001,"[0, 100000]","[0, 100000]",0,0,15136,27490
yolov8x_training,458.351655,83,218.778,13370.3125,18,2475,10001,"[0, 100000]","[0, 100000]",0,0,15234,29980
yolov8x_training,459.425515,83,213.934,13370.3125,80,885,10001,"[0, 100000]","[0, 100000]",0,0,14941,25585
yolov8x_training,460.472867,79,218.755,13370.3125,100,780,10001,"[0, 100000]","[0, 100000]",0,0,14941,27685
yolov8x_training,461.542993,79,217.921,13370.3125,95,855,10001,"[0, 100000]","[0, 100000]",0,0,14843,28857
yolov8x_training,462.617193,80,221.079,13370.3125,91,840,10001,"[0, 100000]","[0, 100000]",0,0,15234,26025
yolov8x_training,463.660386,82,207.291,13370.3125,14,2505,10001,"[0, 100000]","[0, 100000]",0,0,341,292
yolov8x_training,464.703235,81,203.422,13370.3125,95,870,10001,"[0, 100000]","[0, 100000]",0,0,1806,2490
yolov8x_training,465.746351,80,219.595,13370.3125,90,855,10001,"[0, 100000]","[0, 100000]",0,0,2246,10595
yolov8x_training,466.790003,79,220.242,13370.3125,14,795,10001,"[0, 100000]","[0, 100000]",0,0,2392,11328
yolov8x_training,467.832965,82,214.499,13370.3125,65,870,10001,"[0, 100000]","[0, 100000]",0,0,2978,13720
yolov8x_training,468.876173,82,218.615,13370.3125,100,2580,10001,"[0, 100000]","[0, 100000]",0,0,2880,23730
yolov8x_training,469.919035,80,213.654,13370.3125,95,1395,10001,"[0, 100000]","[0, 100000]",0,0,4345,14453
yolov8x_training,470.973413,81,217.540,13370.3125,94,795,10001,"[0, 100000]","[0, 100000]",0,0,15087,22021
yolov8x_training,472.027716,79,217.127,13370.3125,59,810,10001,"[0, 100000]","[0, 100000]",0,0,15185,29931
yolov8x_training,473.095619,82,220.555,13370.3125,100,840,10001,"[0, 100000]","[0, 100000]",0,0,15527,24707
yolov8x_training,474.165795,79,220.041,13370.3125,95,2505,10001,"[0, 100000]","[0, 100000]",0,0,15039,29541
yolov8x_training,475.224675,81,217.880,13370.3125,96,2145,10001,"[0, 100000]","[0, 100000]",0,0,15136,25683
yolov8x_training,476.267853,82,213.440,13370.3125,71,855,10001,"[0, 100000]","[0, 100000]",0,0,5859,33886
yolov8x_training,477.331952,83,221.224,13370.3125,13,2505,10001,"[0, 100000]","[0, 100000]",0,0,15185,24755
yolov8x_training,478.392483,82,215.455,13370.3125,79,915,10001,"[0, 100000]","[0, 100000]",0,0,15332,25634
yolov8x_training,479.456636,82,217.845,13370.3125,100,810,10001,"[0, 100000]","[0, 100000]",0,0,15087,23779
yolov8x_training,480.500367,78,221.288,13370.3125,100,780,10001,"[0, 100000]","[0, 100000]",0,0,15283,28906
yolov8x_training,481.562347,82,221.472,13370.3125,96,1125,10001,"[0, 100000]","[0, 100000]",0,0,14990,30029
yolov8x_training,482.633752,78,216.170,13370.3125,71,1365,10001,"[0, 100000]","[0, 100000]",0,0,14892,25781
yolov8x_training,483.676829,81,220.073,13370.3125,19,2460,10001,"[0, 100000]","[0, 100000]",0,0,5957,98828
yolov8x_training,484.739285,82,214.477,13370.3125,100,810,10001,"[0, 100000]","[0, 100000]",0,0,5908,103125
yolov8x_training,485.805558,82,216.971,13370.3125,100,2220,10001,"[0, 100000]","[0, 100000]",0,0,6787,102539
yolov8x_training,486.876060,83,220.089,13370.3125,96,840,10001,"[0, 100000]","[0, 100000]",0,0,6152,103271
yolov8x_training,487.937497,79,219.718,13370.3125,65,795,10001,"[0, 100000]","[0, 100000]",0,0,5957,101660
yolov8x_training,489.032117,79,219.112,13370.3125,66,810,10001,"[0, 100000]","[0, 100000]",0,0,14990,25048
yolov8x_training,490.075526,82,216.744,13370.3125,100,855,10001,"[0, 100000]","[0, 100000]",0,0,6103,101367
yolov8x_training,491.138196,79,223.541,13370.3125,96,1267,10001,"[0, 100000]","[0, 100000]",0,0,5859,100830
yolov8x_training,492.200278,82,213.013,13370.3125,92,1545,10001,"[0, 100000]","[0, 100000]",0,0,6738,102490
yolov8x_training,493.271692,82,216.708,13370.3125,18,780,10001,"[0, 100000]","[0, 100000]",0,0,6250,101855
yolov8x_training,494.340105,83,216.444,13370.3125,82,885,10001,"[0, 100000]","[0, 100000]",0,0,4345,102929
yolov8x_training,495.423249,78,218.055,13370.3125,100,810,10001,"[0, 100000]","[0, 100000]",0,0,6787,100927
yolov8x_training,496.493367,80,218.290,13370.3125,96,960,10001,"[0, 100000]","[0, 100000]",0,0,90722,36376
yolov8x_training,497.567713,82,217.452,13370.3125,60,855,10001,"[0, 100000]","[0, 100000]",0,0,4052,34521
yolov8x_training,498.630055,81,216.294,13370.3125,35,2505,10001,"[0, 100000]","[0, 100000]",0,0,88818,15332
yolov8x_training,499.673517,83,214.184,13370.3125,100,855,10001,"[0, 100000]","[0, 100000]",0,0,341,341
yolov8x_training,500.716196,82,218.576,13370.3125,95,795,10001,"[0, 100000]","[0, 100000]",0,0,14550,292
yolov8x_training,501.759433,80,218.047,13370.3125,86,1065,10001,"[0, 100000]","[0, 100000]",0,0,2343,5761
yolov8x_training,502.802817,80,216.946,13370.3125,18,780,10001,"[0, 100000]","[0, 100000]",0,0,2636,9960
yolov8x_training,503.845732,82,213.625,13370.3125,77,900,10001,"[0, 100000]","[0, 100000]",0,0,3466,12158
yolov8x_training,504.888564,82,219.338,13370.3125,100,2640,10001,"[0, 100000]","[0, 100000]",0,0,2880,24658
yolov8x_training,505.931574,83,215.090,13370.3125,96,870,10001,"[0, 100000]","[0, 100000]",0,0,13574,29345
yolov8x_training,507.005549,78,218.300,13370.3125,45,795,10001,"[0, 100000]","[0, 100000]",0,0,15087,24707
yolov8x_training,508.048576,81,216.924,13370.3125,100,1095,10001,"[0, 100000]","[0, 100000]",0,0,6054,100732
yolov8x_training,509.112263,79,218.307,13370.3125,96,1305,10001,"[0, 100000]","[0, 100000]",0,0,6103,103027
yolov8x_training,510.176033,82,214.199,13370.3125,90,2220,10001,"[0, 100000]","[0, 100000]",0,0,4638,103222
yolov8x_training,511.257837,83,217.185,13370.3125,11,825,10001,"[0, 100000]","[0, 100000]",0,0,3906,33886
yolov8x_training,512.322360,83,215.096,13370.3125,77,1230,10001,"[0, 100000]","[0, 100000]",0,0,88671,15478
yolov8x_training,513.365186,78,216.571,13370.3125,100,810,10001,"[0, 100000]","[0, 100000]",0,0,390,244
yolov8x_training,514.407972,82,218.239,13370.3125,95,930,10001,"[0, 100000]","[0, 100000]",0,0,341,292
yolov8x_training,515.450632,82,217.128,13370.3125,60,1020,10001,"[0, 100000]","[0, 100000]",0,0,2050,1416
yolov8x_training,516.494106,83,214.694,13370.3125,39,2505,10001,"[0, 100000]","[0, 100000]",0,0,2441,10302
yolov8x_training,517.537401,83,214.621,13370.3125,100,855,10001,"[0, 100000]","[0, 100000]",0,0,2734,10839
yolov8x_training,518.580928,79,217.276,13370.3125,97,810,10001,"[0, 100000]","[0, 100000]",0,0,4150,17089
yolov8x_training,519.624196,81,221.692,13370.3125,95,1305,10001,"[0, 100000]","[0, 100000]",0,0,3906,13964
yolov8x_training,520.667164,79,218.204,13370.3125,24,2355,10001,"[0, 100000]","[0, 100000]",0,0,5664,26464
yolov8x_training,521.742171,82,214.745,13370.3125,72,1980,10001,"[0, 100000]","[0, 100000]",0,0,14990,25195
yolov8x_training,522.817293,83,217.268,13370.3125,100,1327,10001,"[0, 100000]","[0, 100000]",0,0,15380,25927
yolov8x_training,523.860470,82,218.613,13370.3125,95,1380,10001,"[0, 100000]","[0, 100000]",0,0,5273,102050
yolov8x_training,524.975911,78,216.342,13370.3125,54,780,10001,"[0, 100000]","[0, 100000]",0,0,15625,24023
yolov8x_training,526.019283,82,216.445,13370.3125,100,960,10001,"[0, 100000]","[0, 100000]",0,0,6005,101806
yolov8x_training,527.082320,82,217.610,13370.3125,100,1065,10001,"[0, 100000]","[0, 100000]",0,0,5273,103466
yolov8x_training,528.159205,81,218.707,13370.3125,96,2520,10001,"[0, 100000]","[0, 100000]",0,0,6445,100488
yolov8x_training,529.229949,82,215.020,13370.3125,50,855,10001,"[0, 100000]","[0, 100000]",0,0,5810,103759
yolov8x_training,530.293589,83,218.031,13370.3125,39,2475,10001,"[0, 100000]","[0, 100000]",0,0,5029,103027
yolov8x_training,531.372961,83,218.063,13370.3125,100,825,10001,"[0, 100000]","[0, 100000]",0,0,4589,101660
yolov8x_training,532.453568,79,219.506,13370.3125,100,810,10001,"[0, 100000]","[0, 100000]",0,0,6347,100830
yolov8x_training,533.566356,82,218.993,13370.3125,96,1020,10001,"[0, 100000]","[0, 100000]",0,0,15039,28857
yolov8x_training,534.609268,79,216.957,13370.3125,31,1590,10001,"[0, 100000]","[0, 100000]",0,0,6005,103515
yolov8x_training,535.673648,82,215.742,13370.3125,54,2265,10001,"[0, 100000]","[0, 100000]",0,0,4980,103710
yolov8x_training,536.752396,83,215.479,13370.3125,100,825,10001,"[0, 100000]","[0, 100000]",0,0,6591,99414
yolov8x_training,537.853715,82,219.248,13370.3125,96,2295,10001,"[0, 100000]","[0, 100000]",0,0,15332,24658
yolov8x_training,538.933559,81,217.506,13370.3125,94,825,10001,"[0, 100000]","[0, 100000]",0,0,15087,25878
yolov8x_training,540.012652,79,216.701,13370.3125,65,795,10001,"[0, 100000]","[0, 100000]",0,0,15332,25048
yolov8x_training,541.075832,82,222.534,13370.3125,100,960,10001,"[0, 100000]","[0, 100000]",0,0,14697,23486
yolov8x_training,542.132453,79,219.903,13370.3125,96,870,10001,"[0, 100000]","[0, 100000]",0,0,15380,25781
yolov8x_training,543.175593,82,214.282,13370.3125,92,2460,10001,"[0, 100000]","[0, 100000]",0,0,6445,100634
yolov8x_training,544.243974,83,216.849,13370.3125,13,870,10001,"[0, 100000]","[0, 100000]",0,0,3955,34375
yolov8x_training,545.308918,81,216.479,13370.3125,66,2325,10001,"[0, 100000]","[0, 100000]",0,0,90234,27490
yolov8x_training,546.387918,78,215.249,13370.3125,100,825,10001,"[0, 100000]","[0, 100000]",0,0,90283,26953
yolov8x_training,547.465895,81,217.098,13370.3125,95,795,10001,"[0, 100000]","[0, 100000]",0,0,88769,15478
yolov8x_training,548.508864,82,217.108,13370.3125,54,855,10001,"[0, 100000]","[0, 100000]",0,0,341,292
yolov8x_training,549.551528,82,218.721,13370.3125,38,2505,10001,"[0, 100000]","[0, 100000]",0,0,8251,292
yolov8x_training,550.594272,83,219.185,13370.3125,100,885,10001,"[0, 100000]","[0, 100000]",0,0,1904,2099
yolov8x_training,551.637515,81,214.775,13370.3125,96,795,10001,"[0, 100000]","[0, 100000]",0,0,2880,8837
yolov8x_training,552.680653,78,217.820,13370.3125,85,1125,10001,"[0, 100000]","[0, 100000]",0,0,3759,13134
yolov8x_training,553.723574,80,216.361,13370.3125,15,2505,10001,"[0, 100000]","[0, 100000]",0,0,2783,24609
yolov8x_training,554.768762,82,218.232,13370.3125,95,1275,10001,"[0, 100000]","[0, 100000]",0,0,15332,24707
yolov8x_training,555.846906,82,214.248,13370.3125,79,1282,10001,"[0, 100000]","[0, 100000]",0,0,15039,25097
yolov8x_training,556.889798,83,218.212,13370.3125,100,960,10001,"[0, 100000]","[0, 100000]",0,0,6054,102148
yolov8x_training,557.954810,79,213.655,13370.3125,96,825,10001,"[0, 100000]","[0, 100000]",0,0,6542,103027
yolov8x_training,559.025570,82,216.897,13370.3125,38,1155,10001,"[0, 100000]","[0, 100000]",0,0,4150,103125
yolov8x_training,560.109057,81,215.376,13370.3125,100,1327,10001,"[0, 100000]","[0, 100000]",0,0,90380,27734
yolov8x_training,561.187527,82,218.879,13370.3125,95,1305,10001,"[0, 100000]","[0, 100000]",0,0,341,1037500
yolov8x_training,562.230195,82,214.844,13370.3125,61,795,10001,"[0, 100000]","[0, 100000]",0,0,341,292
yolov8x_training,563.272810,78,214.785,13370.3125,53,1095,10001,"[0, 100000]","[0, 100000]",0,0,1318,341
yolov8x_training,564.315886,80,221.510,13370.3125,100,870,10001,"[0, 100000]","[0, 100000]",0,0,3857,14404
yolov8x_training,565.358911,82,204.334,13370.3125,64,2505,10001,"[0, 100000]","[0, 100000]",0,0,3320,24853
yolov8x_training,566.424678,81,218.754,13370.3125,32,855,10001,"[0, 100000]","[0, 100000]",0,0,15039,25146
yolov8x_training,567.504469,79,214.095,13370.3125,99,795,10001,"[0, 100000]","[0, 100000]",0,0,15185,25830
yolov8x_training,568.547637,82,219.520,13370.3125,100,960,10001,"[0, 100000]","[0, 100000]",0,0,6005,101660
yolov8x_training,569.612255,79,215.185,13370.3125,95,1620,10001,"[0, 100000]","[0, 100000]",0,0,4150,103222
yolov8x_training,570.694946,82,216.820,13370.3125,13,1620,10001,"[0, 100000]","[0, 100000]",0,0,6835,103027
yolov8x_training,571.765383,82,214.560,13370.3125,57,780,10001,"[0, 100000]","[0, 100000]",0,0,4003,34179
yolov8x_training,572.826275,83,216.604,13370.3125,100,1170,10001,"[0, 100000]","[0, 100000]",0,0,341,1039648
yolov8x_training,573.868859,79,213.596,13370.3125,95,825,10001,"[0, 100000]","[0, 100000]",0,0,341,292
yolov8x_training,574.911503,82,215.747,13370.3125,47,1170,10001,"[0, 100000]","[0, 100000]",0,0,1611,341
yolov8x_training,575.954442,83,217.459,13370.3125,52,2655,10001,"[0, 100000]","[0, 100000]",0,0,2392,8447
yolov8x_training,576.997303,83,221.055,13370.3125,95,1170,10001,"[0, 100000]","[0, 100000]",0,0,2832,13378
yolov8x_training,578.040294,79,214.450,13370.3125,50,825,10001,"[0, 100000]","[0, 100000]",0,0,3466,22070
yolov8x_training,579.083791,82,216.570,13370.3125,48,1335,10001,"[0, 100000]","[0, 100000]",0,0,15136,24707
yolov8x_training,580.126847,79,219.947,13370.3125,100,1380,10001,"[0, 100000]","[0, 100000]",0,0,6054,101806
yolov8x_training,581.189821,82,215.749,13370.3125,95,2130,10001,"[0, 100000]","[0, 100000]",0,0,4052,33007
yolov8x_training,582.255377,82,215.023,13370.3125,74,795,10001,"[0, 100000]","[0, 100000]",0,0,89501,21582
yolov8x_training,583.298369,81,215.879,13370.3125,26,1095,10001,"[0, 100000]","[0, 100000]",0,0,292,292
yolov8x_training,584.341293,79,217.429,13370.3125,100,795,10001,"[0, 100000]","[0, 100000]",0,0,15917,292
yolov8x_training,585.384382,82,216.142,13370.3125,96,1125,10001,"[0, 100000]","[0, 100000]",0,0,2343,7519
yolov8x_training,586.427416,83,217.381,13370.3125,84,1680,10001,"[0, 100000]","[0, 100000]",0,0,2734,10937
yolov8x_training,587.471135,83,217.112,13370.3125,14,1965,10001,"[0, 100000]","[0, 100000]",0,0,3759,16015
yolov8x_training,588.514391,79,213.675,13370.3125,76,810,10001,"[0, 100000]","[0, 100000]",0,0,2783,23974
yolov8x_training,589.557290,82,217.656,13370.3125,100,810,10001,"[0, 100000]","[0, 100000]",0,0,14550,25390
yolov8x_training,590.600421,79,214.146,13370.3125,96,870,10001,"[0, 100000]","[0, 100000]",0,0,6103,102001
yolov8x_training,591.668664,82,217.474,13370.3125,45,2505,10001,"[0, 100000]","[0, 100000]",0,0,4785,101562
yolov8x_training,592.749141,83,214.288,13370.3125,45,885,10001,"[0, 100000]","[0, 100000]",0,0,6103,102978
yolov8x_training,593.816319,83,215.444,13370.3125,100,2445,10001,"[0, 100000]","[0, 100000]",0,0,6201,103515
yolov8x_training,594.891885,78,218.958,13370.3125,96,810,10001,"[0, 100000]","[0, 100000]",0,0,3564,35400
yolov8x_training,595.958043,81,215.444,13370.3125,83,810,10001,"[0, 100000]","[0, 100000]",0,0,50341,294824
yolov8x_training,597.001004,82,217.222,13370.3125,82,855,10001,"[0, 100000]","[0, 100000]",0,0,292,292
yolov8x_training,598.043939,81,214.921,13370.3125,100,2505,10001,"[0, 100000]","[0, 100000]",0,0,341,341
yolov8x_training,599.086787,81,218.677,13370.3125,96,1035,10001,"[0, 100000]","[0, 100000]",0,0,2441,3369
yolov8x_training,600.130105,81,213.207,13370.3125,53,795,10001,"[0, 100000]","[0, 100000]",0,0,2294,10107
yolov8x_training,601.172981,83,219.668,13370.3125,27,810,10001,"[0, 100000]","[0, 100000]",0,0,2685,9277
yolov8x_training,602.216285,79,219.414,13370.3125,98,885,10001,"[0, 100000]","[0, 100000]",0,0,2880,13085
yolov8x_training,603.259363,82,218.327,13370.3125,100,2505,10001,"[0, 100000]","[0, 100000]",0,0,2783,19335
yolov8x_training,604.302362,83,220.599,13370.3125,96,855,10001,"[0, 100000]","[0, 100000]",0,0,3515,15234
yolov8x_training,605.345254,83,214.598,13370.3125,61,2505,10001,"[0, 100000]","[0, 100000]",0,0,5078,26074
yolov8x_training,606.411056,81,221.541,13370.3125,36,885,10001,"[0, 100000]","[0, 100000]",0,0,15380,25830
yolov8x_training,607.491998,79,214.965,13370.3125,93,795,10001,"[0, 100000]","[0, 100000]",0,0,15234,23388
yolov8x_training,608.555292,82,219.062,13370.3125,100,795,10001,"[0, 100000]","[0, 100000]",0,0,15087,25732
yolov8x_training,609.631970,79,217.510,13370.3125,95,840,10001,"[0, 100000]","[0, 100000]",0,0,14990,25439
yolov8x_training,610.710921,82,217.630,13370.3125,55,2505,10001,"[0, 100000]","[0, 100000]",0,0,15136,25097
yolov8x_training,611.753848,83,214.817,13370.3125,38,870,10001,"[0, 100000]","[0, 100000]",0,0,6396,102148
yolov8x_training,612.826782,83,216.078,13370.3125,100,1230,10001,"[0, 100000]","[0, 100000]",0,0,5908,103613
yolov8x_training,613.891681,79,215.305,13370.3125,95,810,10001,"[0, 100000]","[0, 100000]",0,0,5078,103173
yolov8x_training,614.970840,81,216.015,13370.3125,89,750,10001,"[0, 100000]","[0, 100000]",0,0,3027,37060
yolov8x_training,616.044101,83,219.667,13370.3125,96,840,10001,"[0, 100000]","[0, 100000]",0,0,89648,21630
yolov8x_training,617.087065,82,215.016,13370.3125,100,1252,10001,"[0, 100000]","[0, 100000]",0,0,341,390
yolov8x_training,618.129658,82,217.952,13370.3125,95,870,10001,"[0, 100000]","[0, 100000]",0,0,292,292
yolov8x_training,619.172326,82,213.957,13370.3125,38,780,10001,"[0, 100000]","[0, 100000]",0,0,1611,439
yolov8x_training,620.215349,80,217.731,13370.3125,42,915,10001,"[0, 100000]","[0, 100000]",0,0,2148,7958
yolov8x_training,621.258600,80,218.016,13370.3125,100,1380,10001,"[0, 100000]","[0, 100000]",0,0,2539,11279
yolov8x_training,622.301696,82,220.215,13370.3125,96,1080,10001,"[0, 100000]","[0, 100000]",0,0,4199,13964
yolov8x_training,623.344576,83,213.023,13370.3125,96,1500,10001,"[0, 100000]","[0, 100000]",0,0,3076,18798
yolov8x_training,624.387423,84,214.891,13370.3125,7,2025,10001,"[0, 100000]","[0, 100000]",0,0,12695,27734
yolov8x_training,625.455993,79,214.776,13370.3125,78,840,10001,"[0, 100000]","[0, 100000]",0,0,15234,29980
yolov8x_training,626.530734,81,219.049,13370.3125,100,795,10001,"[0, 100000]","[0, 100000]",0,0,15087,26416
yolov8x_training,627.599204,79,220.416,13370.3125,95,945,10001,"[0, 100000]","[0, 100000]",0,0,14892,25048
yolov8x_training,628.656085,81,220.359,13370.3125,81,915,10001,"[0, 100000]","[0, 100000]",0,0,15234,30273
yolov8x_training,629.739522,83,220.917,13370.3125,12,2415,10001,"[0, 100000]","[0, 100000]",0,0,15234,25927
yolov8x_training,630.782791,83,215.047,13370.3125,71,840,10001,"[0, 100000]","[0, 100000]",0,0,6054,101562
yolov8x_training,631.845933,83,216.892,13370.3125,100,2265,10001,"[0, 100000]","[0, 100000]",0,0,4980,100195
yolov8x_training,632.954471,79,213.774,13370.3125,95,825,10001,"[0, 100000]","[0, 100000]",0,0,14843,29736
yolov8x_training,633.997351,82,216.505,13370.3125,80,780,10001,"[0, 100000]","[0, 100000]",0,0,6103,102099
yolov8x_training,635.060914,83,217.297,13370.3125,97,1020,10001,"[0, 100000]","[0, 100000]",0,0,4248,103076
yolov8x_training,636.144532,82,216.575,13370.3125,100,2505,10001,"[0, 100000]","[0, 100000]",0,0,4931,101660
yolov8x_training,637.261912,83,219.712,13370.3125,96,1785,10001,"[0, 100000]","[0, 100000]",0,0,15087,25097
yolov8x_training,638.304861,83,214.110,13370.3125,37,1252,10001,"[0, 100000]","[0, 100000]",0,0,6250,102246
yolov8x_training,639.380818,81,217.945,13370.3125,66,870,10001,"[0, 100000]","[0, 100000]",0,0,4296,103125
yolov8x_training,640.463206,81,218.379,13370.3125,100,780,10001,"[0, 100000]","[0, 100000]",0,0,4248,35009
yolov8x_training,641.524827,80,215.577,13370.3125,95,1170,10001,"[0, 100000]","[0, 100000]",0,0,90283,29199
yolov8x_training,642.601387,82,216.929,13370.3125,62,2505,10001,"[0, 100000]","[0, 100000]",0,0,89746,23583
yolov8x_training,643.681497,82,217.433,13370.3125,17,1980,10001,"[0, 100000]","[0, 100000]",0,0,341,1039501
yolov8x_training,644.724193,83,214.445,13370.3125,100,780,10001,"[0, 100000]","[0, 100000]",0,0,292,292
yolov8x_training,645.766816,82,217.752,13370.3125,96,915,10001,"[0, 100000]","[0, 100000]",0,0,390,292
yolov8x_training,646.809531,81,218.134,13370.3125,96,825,10001,"[0, 100000]","[0, 100000]",0,0,2587,5126
yolov8x_training,647.853040,79,223.739,13370.3125,19,1080,10001,"[0, 100000]","[0, 100000]",0,0,2685,9130
yolov8x_training,648.896593,82,215.087,13370.3125,71,1095,10001,"[0, 100000]","[0, 100000]",0,0,3027,13134
yolov8x_training,649.939490,83,216.576,13370.3125,100,2160,10001,"[0, 100000]","[0, 100000]",0,0,2783,24169
yolov8x_training,650.982591,84,214.697,13370.3125,95,795,10001,"[0, 100000]","[0, 100000]",0,0,8447,29638
yolov8x_training,652.049052,79,220.026,13370.3125,36,810,10001,"[0, 100000]","[0, 100000]",0,0,14746,26025
yolov8x_training,653.108991,83,217.590,13370.3125,97,1005,10001,"[0, 100000]","[0, 100000]",0,0,15039,29345
yolov8x_training,654.176566,79,217.803,13370.3125,100,2505,10001,"[0, 100000]","[0, 100000]",0,0,15136,25830
yolov8x_training,655.256521,81,222.345,13370.3125,96,2220,10001,"[0, 100000]","[0, 100000]",0,0,15039,25439
yolov8x_training,656.331652,82,212.814,13370.3125,68,2505,10001,"[0, 100000]","[0, 100000]",0,0,15283,22363
yolov8x_training,657.385468,83,218.211,13370.3125,25,2175,10001,"[0, 100000]","[0, 100000]",0,0,14892,29394
yolov8x_training,658.465379,83,214.449,13370.3125,97,810,10001,"[0, 100000]","[0, 100000]",0,0,15087,28613
yolov8x_training,659.537275,79,218.736,13370.3125,100,795,10001,"[0, 100000]","[0, 100000]",0,0,15380,24658
yolov8x_training,660.613075,83,219.466,13370.3125,96,1155,10001,"[0, 100000]","[0, 100000]",0,0,14990,21777
yolov8x_training,661.677737,79,217.797,13370.3125,64,2505,10001,"[0, 100000]","[0, 100000]",0,0,15039,25146
yolov8x_training,662.748191,81,220.781,13370.3125,35,1875,10001,"[0, 100000]","[0, 100000]",0,0,15283,26416
yolov8x_training,663.791606,82,214.459,13370.3125,89,810,10001,"[0, 100000]","[0, 100000]",0,0,6005,102783
yolov8x_training,664.855380,83,215.407,13370.3125,100,1440,10001,"[0, 100000]","[0, 100000]",0,0,4150,32617
yolov8x_training,665.916045,83,213.966,13370.3125,95,810,10001,"[0, 100000]","[0, 100000]",0,0,3027,37353
yolov8x_training,666.985772,79,218.720,13370.3125,39,780,10001,"[0, 100000]","[0, 100000]",0,0,25439,38623
yolov8x_training,668.057610,82,218.535,13370.3125,100,855,10001,"[0, 100000]","[0, 100000]",0,0,89111,17822
yolov8x_training,669.101329,83,219.064,13370.3125,95,2505,10001,"[0, 100000]","[0, 100000]",0,0,341,292
yolov8x_training,670.144055,82,215.296,13370.3125,96,1350,10001,"[0, 100000]","[0, 100000]",0,0,341,292
yolov8x_training,671.186625,83,217.087,13370.3125,14,780,10001,"[0, 100000]","[0, 100000]",0,0,1660,292
yolov8x_training,672.229479,83,216.615,13370.3125,91,975,10001,"[0, 100000]","[0, 100000]",0,0,2343,9765
yolov8x_training,673.310881,82,198.895,13370.3125,65,990,10001,"[0, 100000]","[0, 100000]",0,0,15087,24804
yolov8x_training,674.390075,83,211.383,13370.3125,23,2430,10001,"[0, 100000]","[0, 100000]",0,0,15234,25927
yolov8x_training,675.461576,83,214.694,13370.3125,99,810,10001,"[0, 100000]","[0, 100000]",0,0,14990,30761
yolov8x_training,676.535123,79,220.086,13370.3125,100,825,10001,"[0, 100000]","[0, 100000]",0,0,14892,25097
yolov8x_training,677.607784,83,217.034,13370.3125,96,1095,10001,"[0, 100000]","[0, 100000]",0,0,15478,24121
yolov8x_training,678.688152,79,215.092,13370.3125,44,2505,10001,"[0, 100000]","[0, 100000]",0,0,15283,24707
yolov8x_training,679.757782,82,216.107,13370.3125,37,2190,10001,"[0, 100000]","[0, 100000]",0,0,15087,29003
yolov8x_training,680.800817,82,212.658,13370.3125,100,825,10001,"[0, 100000]","[0, 100000]",0,0,6201,102050
yolov8x_training,681.907400,82,216.191,13370.3125,95,2025,10001,"[0, 100000]","[0, 100000]",0,0,15039,25781
yolov8x_training,682.950501,82,214.238,13370.3125,96,795,10001,"[0, 100000]","[0, 100000]",0,0,6396,103417
yolov8x_training,684.011679,79,217.452,13370.3125,60,795,10001,"[0, 100000]","[0, 100000]",0,0,4638,102929
yolov8x_training,685.091041,82,220.329,13370.3125,100,810,10001,"[0, 100000]","[0, 100000]",0,0,5712,101904
yolov8x_training,686.206370,79,217.764,13370.3125,95,2505,10001,"[0, 100000]","[0, 100000]",0,0,15087,25097
yolov8x_training,687.281882,82,215.822,13370.3125,88,1050,10001,"[0, 100000]","[0, 100000]",0,0,15234,25390
yolov8x_training,688.325361,83,216.125,13370.3125,10,2535,10001,"[0, 100000]","[0, 100000]",0,0,6103,102880
yolov8x_training,689.389066,81,218.117,13370.3125,69,990,10001,"[0, 100000]","[0, 100000]",0,0,6640,99951
yolov8x_training,690.496688,80,217.648,13370.3125,100,795,10001,"[0, 100000]","[0, 100000]",0,0,14941,28906
yolov8x_training,691.577962,80,216.210,13370.3125,96,945,10001,"[0, 100000]","[0, 100000]",0,0,15136,28710
yolov8x_training,692.645836,79,220.858,13370.3125,84,855,10001,"[0, 100000]","[0, 100000]",0,0,15039,24804
yolov8x_training,693.689286,80,221.342,13370.3125,15,1290,10001,"[0, 100000]","[0, 100000]",0,0,5908,100195
yolov8x_training,694.755031,83,215.390,13370.3125,82,885,10001,"[0, 100000]","[0, 100000]",0,0,6787,101562
yolov8x_training,695.825033,83,217.448,13370.3125,100,2505,10001,"[0, 100000]","[0, 100000]",0,0,6005,102880
yolov8x_training,696.901430,83,218.082,13370.3125,95,825,10001,"[0, 100000]","[0, 100000]",0,0,4345,103125
yolov8x_training,697.983464,79,218.598,13370.3125,53,810,10001,"[0, 100000]","[0, 100000]",0,0,6591,101464
yolov8x_training,699.053315,82,217.423,13370.3125,100,1455,10001,"[0, 100000]","[0, 100000]",0,0,5175,101513
yolov8x_training,700.131256,79,215.760,13370.3125,96,1252,10001,"[0, 100000]","[0, 100000]",0,0,3027,39208
yolov8x_training,701.203318,82,214.735,13370.3125,75,1200,10001,"[0, 100000]","[0, 100000]",0,0,88769,15771
yolov8x_training,702.246255,83,214.945,13370.3125,11,810,10001,"[0, 100000]","[0, 100000]",0,0,341,341
yolov8x_training,703.288861,83,217.537,13370.3125,100,1470,10001,"[0, 100000]","[0, 100000]",0,0,732,341
yolov8x_training,704.331738,79,216.890,13370.3125,97,795,10001,"[0, 100000]","[0, 100000]",0,0,2148,8105
yolov8x_training,705.374605,82,215.033,13370.3125,95,855,10001,"[0, 100000]","[0, 100000]",0,0,2587,11767
yolov8x_training,706.417569,83,220.366,13370.3125,21,2505,10001,"[0, 100000]","[0, 100000]",0,0,4003,16699
yolov8x_training,707.460697,83,214.846,13370.3125,80,885,10001,"[0, 100000]","[0, 100000]",0,0,4296,19238
yolov8x_training,708.523175,79,217.115,13370.3125,100,795,10001,"[0, 100000]","[0, 100000]",0,0,15332,24804
yolov8x_training,709.604972,81,218.402,13370.3125,96,1125,10001,"[0, 100000]","[0, 100000]",0,0,15087,23876
yolov8x_training,710.667990,79,216.764,13370.3125,53,855,10001,"[0, 100000]","[0, 100000]",0,0,15380,28906
yolov8x_training,711.711361,82,214.780,13370.3125,39,2325,10001,"[0, 100000]","[0, 100000]",0,0,6591,103564
yolov8x_training,712.780427,83,216.771,13370.3125,100,840,10001,"[0, 100000]","[0, 100000]",0,0,4589,103613
yolov8x_training,713.860910,82,219.375,13370.3125,96,2310,10001,"[0, 100000]","[0, 100000]",0,0,6250,102001
yolov8x_training,714.935982,80,215.612,13370.3125,91,825,10001,"[0, 100000]","[0, 100000]",0,0,4882,102880
yolov8x_training,716.015507,80,218.116,13370.3125,76,765,10001,"[0, 100000]","[0, 100000]",0,0,6103,102539
yolov8x_training,717.091302,82,219.469,13370.3125,100,870,10001,"[0, 100000]","[0, 100000]",0,0,6591,101660
yolov8x_training,718.163332,80,221.264,13370.3125,96,2505,10001,"[0, 100000]","[0, 100000]",0,0,3369,35449
yolov8x_training,719.233918,83,214.336,13370.3125,67,1245,10001,"[0, 100000]","[0, 100000]",0,0,4296,103369
yolov8x_training,720.317042,83,215.314,13370.3125,30,2535,10001,"[0, 100000]","[0, 100000]",0,0,2978,37011
yolov8x_training,721.386935,83,218.660,13370.3125,100,840,10001,"[0, 100000]","[0, 100000]",0,0,43847,38720
yolov8x_training,722.458970,79,219.451,13370.3125,100,825,10001,"[0, 100000]","[0, 100000]",0,0,89160,20214
yolov8x_training,723.502390,82,218.875,13370.3125,95,1035,10001,"[0, 100000]","[0, 100000]",0,0,341,1037011
yolov8x_training,724.545662,83,218.312,13370.3125,33,1530,10001,"[0, 100000]","[0, 100000]",0,0,341,292
yolov8x_training,725.588257,82,215.063,13370.3125,49,2295,10001,"[0, 100000]","[0, 100000]",0,0,1513,292
yolov8x_training,726.631093,83,216.748,13370.3125,100,825,10001,"[0, 100000]","[0, 100000]",0,0,2343,6884
yolov8x_training,727.674041,81,215.349,13370.3125,96,765,10001,"[0, 100000]","[0, 100000]",0,0,2734,10351
yolov8x_training,728.717230,80,220.541,13370.3125,86,795,10001,"[0, 100000]","[0, 100000]",0,0,3027,12451
yolov8x_training,729.760042,79,223.081,13370.3125,19,2520,10001,"[0, 100000]","[0, 100000]",0,0,2587,20898
yolov8x_training,730.803057,82,215.585,13370.3125,66,1950,10001,"[0, 100000]","[0, 100000]",0,0,4150,16113
yolov8x_training,731.855927,83,217.617,13370.3125,100,2505,10001,"[0, 100000]","[0, 100000]",0,0,15429,25195
yolov8x_training,732.899295,83,218.611,13370.3125,95,885,10001,"[0, 100000]","[0, 100000]",0,0,6005,101171
yolov8x_training,733.964193,79,219.366,13370.3125,61,795,10001,"[0, 100000]","[0, 100000]",0,0,4589,101708
yolov8x_training,735.045387,81,217.616,13370.3125,99,945,10001,"[0, 100000]","[0, 100000]",0,0,6201,101074
yolov8x_training,736.113201,83,213.821,13370.3125,96,2505,10001,"[0, 100000]","[0, 100000]",0,0,89599,22314
yolov8x_training,737.194559,82,215.927,13370.3125,77,1950,10001,"[0, 100000]","[0, 100000]",0,0,90234,20312
yolov8x_training,738.238738,83,216.704,13370.3125,12,810,10001,"[0, 100000]","[0, 100000]",0,0,341,292
yolov8x_training,739.281299,83,217.653,13370.3125,93,885,10001,"[0, 100000]","[0, 100000]",0,0,390,292
yolov8x_training,740.324030,79,216.647,13370.3125,100,780,10001,"[0, 100000]","[0, 100000]",0,0,1855,830
yolov8x_training,741.367047,81,220.542,13370.3125,96,945,10001,"[0, 100000]","[0, 100000]",0,0,2197,9570
yolov8x_training,742.409988,82,215.177,13370.3125,49,1020,10001,"[0, 100000]","[0, 100000]",0,0,2880,13183
yolov8x_training,743.452906,80,214.248,13370.3125,54,2130,10001,"[0, 100000]","[0, 100000]",0,0,2783,24951
yolov8x_training,744.495991,80,216.868,13370.3125,100,795,10001,"[0, 100000]","[0, 100000]",0,0,5175,25976
yolov8x_training,745.563229,79,218.736,13370.3125,96,795,10001,"[0, 100000]","[0, 100000]",0,0,14892,24902
yolov8x_training,746.624077,81,218.255,13370.3125,82,945,10001,"[0, 100000]","[0, 100000]",0,0,15429,24658
yolov8x_training,747.696352,79,220.495,13370.3125,12,2640,10001,"[0, 100000]","[0, 100000]",0,0,15185,29736
yolov8x_training,748.767356,82,214.756,13370.3125,63,1935,10001,"[0, 100000]","[0, 100000]",0,0,15527,24072
yolov8x_training,749.810703,82,216.674,13370.3125,100,795,10001,"[0, 100000]","[0, 100000]",0,0,5957,101855
yolov8x_training,750.902945,81,218.724,13370.3125,95,1995,10001,"[0, 100000]","[0, 100000]",0,0,15234,26318
yolov8x_training,751.945838,79,216.842,13370.3125,91,780,10001,"[0, 100000]","[0, 100000]",0,0,6152,102832
yolov8x_training,753.008315,80,215.747,13370.3125,11,780,10001,"[0, 100000]","[0, 100000]",0,0,3710,33349
yolov8x_training,754.075144,83,218.702,13370.3125,100,1365,10001,"[0, 100000]","[0, 100000]",0,0,3027,37744
yolov8x_training,755.145539,80,222.604,13370.3125,95,2265,10001,"[0, 100000]","[0, 100000]",0,0,4833,101953
yolov8x_training,756.225418,83,215.066,13370.3125,54,1635,10001,"[0, 100000]","[0, 100000]",0,0,2929,36865
yolov8x_training,757.297177,83,218.529,13370.3125,38,810,10001,"[0, 100000]","[0, 100000]",0,0,90234,28076
yolov8x_training,758.374549,83,218.419,13370.3125,98,1665,10001,"[0, 100000]","[0, 100000]",0,0,90576,36621
yolov8x_training,759.448161,79,218.231,13370.3125,100,810,10001,"[0, 100000]","[0, 100000]",0,0,4199,34130
yolov8x_training,760.510782,82,218.768,13370.3125,95,810,10001,"[0, 100000]","[0, 100000]",0,0,3662,33984
yolov8x_training,761.579057,83,218.469,13370.3125,62,870,10001,"[0, 100000]","[0, 100000]",0,0,88964,18261
yolov8x_training,762.622344,82,217.722,13370.3125,40,2565,10001,"[0, 100000]","[0, 100000]",0,0,341,292
yolov8x_training,763.664890,83,219.172,13370.3125,100,885,10001,"[0, 100000]","[0, 100000]",0,0,341,292
yolov8x_training,764.707522,81,214.408,13370.3125,96,810,10001,"[0, 100000]","[0, 100000]",0,0,2197,2441
yolov8x_training,765.751143,79,218.591,13370.3125,88,1005,10001,"[0, 100000]","[0, 100000]",0,0,2392,8398
yolov8x_training,766.793983,79,219.651,13370.3125,14,1350,10001,"[0, 100000]","[0, 100000]",0,0,5664,14550
yolov8x_training,767.837234,78,202.127,13370.3125,100,795,10001,"[0, 100000]","[0, 100000]",0,0,1855,2099
yolov8x_training,768.880883,80,186.913,13370.3125,0,2340,10001,"[0, 100000]","[0, 100000]",0,0,341,292
yolov8x_training,769.923753,82,189.521,13370.3125,79,2505,10001,"[0, 100000]","[0, 100000]",0,0,4785,16650
yolov8x_training,770.967169,80,202.840,13370.3125,100,870,10001,"[0, 100000]","[0, 100000]",0,0,2148,5908
yolov8x_training,772.010350,78,198.842,13370.3125,91,810,10001,"[0, 100000]","[0, 100000]",0,0,341,292
yolov8x_training,773.053129,80,201.549,13370.3125,100,2460,10001,"[0, 100000]","[0, 100000]",0,0,2392,5859
yolov8x_training,774.096231,82,219.434,13370.3125,95,885,10001,"[0, 100000]","[0, 100000]",0,0,2197,9570
yolov8x_training,775.139390,82,212.150,13370.3125,74,780,10001,"[0, 100000]","[0, 100000]",0,0,2832,9179
yolov8x_training,776.182462,83,217.265,13370.3125,14,960,10001,"[0, 100000]","[0, 100000]",0,0,3125,12890
yolov8x_training,777.225468,79,217.179,13370.3125,93,840,10001,"[0, 100000]","[0, 100000]",0,0,4199,17285
yolov8x_training,778.268466,81,221.072,13370.3125,100,2505,10001,"[0, 100000]","[0, 100000]",0,0,3857,14404
yolov8x_training,779.311401,82,221.403,13370.3125,95,930,10001,"[0, 100000]","[0, 100000]",0,0,4833,16113
yolov8x_training,780.388457,82,214.591,13370.3125,61,2535,10001,"[0, 100000]","[0, 100000]",0,0,14892,31835
yolov8x_training,781.464074,80,218.868,13370.3125,36,840,10001,"[0, 100000]","[0, 100000]",0,0,15039,29589
yolov8x_training,782.540709,79,213.759,13370.3125,94,810,10001,"[0, 100000]","[0, 100000]",0,0,15185,24462
yolov8x_training,783.609072,82,215.216,13370.3125,100,1140,10001,"[0, 100000]","[0, 100000]",0,0,15429,29638
yolov8x_training,784.688064,79,218.654,13370.3125,94,2190,10001,"[0, 100000]","[0, 100000]",0,0,15087,30859
yolov8x_training,785.731128,82,216.815,13370.3125,50,2325,10001,"[0, 100000]","[0, 100000]",0,0,6152,101660
yolov8x_training,786.797457,82,213.862,13370.3125,56,810,10001,"[0, 100000]","[0, 100000]",0,0,3417,34521
yolov8x_training,787.865857,83,216.536,13370.3125,100,1680,10001,"[0, 100000]","[0, 100000]",0,0,4150,34765
yolov8x_training,788.930722,78,214.780,13370.3125,95,810,10001,"[0, 100000]","[0, 100000]",0,0,89941,23144
yolov8x_training,790.014217,81,217.256,13370.3125,74,1080,10001,"[0, 100000]","[0, 100000]",0,0,88769,16650
yolov8x_training,791.057388,83,216.873,13370.3125,100,1155,10001,"[0, 100000]","[0, 100000]",0,0,341,292
yolov8x_training,792.100259,83,214.807,13370.3125,95,2115,10001,"[0, 100000]","[0, 100000]",0,0,1123,341
yolov8x_training,793.143238,82,215.045,13370.3125,69,795,10001,"[0, 100000]","[0, 100000]",0,0,2490,9863
yolov8x_training,794.186266,81,217.571,13370.3125,25,855,10001,"[0, 100000]","[0, 100000]",0,0,2929,10791
yolov8x_training,795.229323,79,216.367,13370.3125,100,1020,10001,"[0, 100000]","[0, 100000]",0,0,3173,23339
yolov8x_training,796.272425,82,216.776,13370.3125,98,2505,10001,"[0, 100000]","[0, 100000]",0,0,3759,24023
yolov8x_training,797.350118,83,214.453,13370.3125,85,952,10001,"[0, 100000]","[0, 100000]",0,0,15136,27246
yolov8x_training,798.393062,83,215.011,13370.3125,12,1950,10001,"[0, 100000]","[0, 100000]",0,0,6054,100341
yolov8x_training,799.456706,78,213.046,13370.3125,77,840,10001,"[0, 100000]","[0, 100000]",0,0,5859,101855
yolov8x_training,800.522048,81,217.923,13370.3125,100,810,10001,"[0, 100000]","[0, 100000]",0,0,6396,101025
yolov8x_training,801.595378,82,218.899,13370.3125,95,870,10001,"[0, 100000]","[0, 100000]",0,0,4638,101123
yolov8x_training,802.675384,82,219.242,13370.3125,78,2505,10001,"[0, 100000]","[0, 100000]",0,0,4394,100390
yolov8x_training,803.755834,82,217.207,13370.3125,19,1455,10001,"[0, 100000]","[0, 100000]",0,0,6542,101660
yolov8x_training,804.828184,83,214.243,13370.3125,99,2475,10001,"[0, 100000]","[0, 100000]",0,0,2978,37011
yolov8x_training,805.901237,78,218.476,13370.3125,96,825,10001,"[0, 100000]","[0, 100000]",0,0,89501,21435
yolov8x_training,806.944528,80,217.455,13370.3125,93,795,10001,"[0, 100000]","[0, 100000]",0,0,341,292
yolov8x_training,807.987212,82,216.618,13370.3125,9,1155,10001,"[0, 100000]","[0, 100000]",0,0,341,292
yolov8x_training,809.029864,82,216.754,13370.3125,100,1252,10001,"[0, 100000]","[0, 100000]",0,0,2539,5126
yolov8x_training,810.073093,82,217.632,13370.3125,94,1200,10001,"[0, 100000]","[0, 100000]",0,0,2392,10253
yolov8x_training,811.116394,79,213.923,13370.3125,46,780,10001,"[0, 100000]","[0, 100000]",0,0,3125,12548
yolov8x_training,812.159470,78,216.133,13370.3125,55,1200,10001,"[0, 100000]","[0, 100000]",0,0,4199,15234
yolov8x_training,813.226543,81,214.547,13370.3125,100,2505,10001,"[0, 100000]","[0, 100000]",0,0,15380,26123
yolov8x_training,814.269652,83,217.937,13370.3125,95,1620,10001,"[0, 100000]","[0, 100000]",0,0,6298,100683
yolov8x_training,815.344273,80,215.248,13370.3125,46,2505,10001,"[0, 100000]","[0, 100000]",0,0,6298,99462
yolov8x_training,816.417829,78,216.412,13370.3125,58,825,10001,"[0, 100000]","[0, 100000]",0,0,90673,35449
yolov8x_training,817.493097,81,214.712,13370.3125,100,780,10001,"[0, 100000]","[0, 100000]",0,0,89355,20947
yolov8x_training,818.536538,82,218.352,13370.3125,95,1050,10001,"[0, 100000]","[0, 100000]",0,0,292,292
yolov8x_training,819.579154,80,213.294,13370.3125,54,2505,10001,"[0, 100000]","[0, 100000]",0,0,439,292
yolov8x_training,820.622262,78,214.887,13370.3125,50,840,10001,"[0, 100000]","[0, 100000]",0,0,2246,7714
yolov8x_training,821.666226,83,216.819,13370.3125,100,825,10001,"[0, 100000]","[0, 100000]",0,0,2294,10302
yolov8x_training,822.709115,78,215.425,13370.3125,94,1050,10001,"[0, 100000]","[0, 100000]",0,0,4101,17822
yolov8x_training,823.752582,82,214.459,13370.3125,56,2505,10001,"[0, 100000]","[0, 100000]",0,0,4785,16308
yolov8x_training,824.806379,83,217.639,13370.3125,22,1065,10001,"[0, 100000]","[0, 100000]",0,0,15234,27636
yolov8x_training,825.849354,82,213.136,13370.3125,99,2505,10001,"[0, 100000]","[0, 100000]",0,0,6005,99658
yolov8x_training,826.914409,79,218.145,13370.3125,96,840,10001,"[0, 100000]","[0, 100000]",0,0,6396,100048
yolov8x_training,827.989045,80,216.044,13370.3125,95,810,10001,"[0, 100000]","[0, 100000]",0,0,71972,37304
yolov8x_training,829.062393,82,213.717,13370.3125,96,855,10001,"[0, 100000]","[0, 100000]",0,0,292,1040820
yolov8x_training,830.105673,82,215.245,13370.3125,100,1252,10001,"[0, 100000]","[0, 100000]",0,0,341,292
yolov8x_training,831.148425,83,214.554,13370.3125,95,855,10001,"[0, 100000]","[0, 100000]",0,0,1171,292
yolov8x_training,832.191199,83,214.992,13370.3125,3,810,10001,"[0, 100000]","[0, 100000]",0,0,2636,9472
yolov8x_training,833.234540,79,215.934,13370.3125,93,1035,10001,"[0, 100000]","[0, 100000]",0,0,3076,11132
yolov8x_training,834.277447,82,217.057,13370.3125,100,2505,10001,"[0, 100000]","[0, 100000]",0,0,2783,23876
yolov8x_training,835.320298,83,214.812,13370.3125,95,855,10001,"[0, 100000]","[0, 100000]",0,0,14013,27587
yolov8x_training,836.363572,83,215.538,13370.3125,18,2280,10001,"[0, 100000]","[0, 100000]",0,0,6542,99707
yolov8x_training,837.432773,78,215.495,13370.3125,63,810,10001,"[0, 100000]","[0, 100000]",0,0,292,292
yolov8x_training,838.475694,79,186.640,13370.3125,0,1620,10001,"[0, 100000]","[0, 100000]",0,0,4980,95117
yolov8x_training,839.554814,83,180.303,13370.3125,89,2505,10001,"[0, 100000]","[0, 100000]",0,0,2441,8300
yolov8x_training,840.607654,81,206.640,13370.3125,100,825,10001,"[0, 100000]","[0, 100000]",0,0,15429,27636
yolov8x_training,841.681065,80,216.762,13370.3125,87,1575,10001,"[0, 100000]","[0, 100000]",0,0,15087,25439
yolov8x_training,842.723985,82,219.107,13370.3125,37,2505,10001,"[0, 100000]","[0, 100000]",0,0,5908,104101
yolov8x_training,843.785292,82,215.020,13370.3125,62,930,10001,"[0, 100000]","[0, 100000]",0,0,6640,102734
yolov8x_training,844.883985,82,215.535,13370.3125,100,2505,10001,"[0, 100000]","[0, 100000]",0,0,15283,27099
yolov8x_training,845.949584,80,216.355,13370.3125,100,1695,10001,"[0, 100000]","[0, 100000]",0,0,15380,29394
yolov8x_training,847.006694,79,214.172,13370.3125,97,825,10001,"[0, 100000]","[0, 100000]",0,0,15136,28222
yolov8x_training,848.070828,81,220.967,13370.3125,22,810,10001,"[0, 100000]","[0, 100000]",0,0,14892,25048
yolov8x_training,849.124967,82,218.439,13370.3125,75,1050,10001,"[0, 100000]","[0, 100000]",0,0,15234,28369
yolov8x_training,850.196219,82,218.775,13370.3125,100,1260,10001,"[0, 100000]","[0, 100000]",0,0,15087,25830
yolov8x_training,851.265228,82,222.550,13370.3125,98,2445,10001,"[0, 100000]","[0, 100000]",0,0,15332,28466
yolov8x_training,852.333489,81,212.552,13370.3125,98,975,10001,"[0, 100000]","[0, 100000]",0,0,15087,25097
yolov8x_training,853.393608,82,217.351,13370.3125,26,2505,10001,"[0, 100000]","[0, 100000]",0,0,15185,26757
yolov8x_training,854.471936,81,214.455,13370.3125,64,855,10001,"[0, 100000]","[0, 100000]",0,0,15429,25390
yolov8x_training,855.551233,79,216.741,13370.3125,100,810,10001,"[0, 100000]","[0, 100000]",0,0,15087,27148
yolov8x_training,856.611549,79,220.187,13370.3125,98,780,10001,"[0, 100000]","[0, 100000]",0,0,15087,23779
yolov8x_training,857.671310,82,219.157,13370.3125,98,870,10001,"[0, 100000]","[0, 100000]",0,0,15185,26708
yolov8x_training,858.748379,79,216.302,13370.3125,24,2505,10001,"[0, 100000]","[0, 100000]",0,0,15136,27197
yolov8x_training,859.830494,82,214.908,13370.3125,52,930,10001,"[0, 100000]","[0, 100000]",0,0,15087,26708
yolov8x_training,860.873375,83,215.564,13370.3125,100,2505,10001,"[0, 100000]","[0, 100000]",0,0,6005,101416
yolov8x_training,861.966154,81,213.111,13370.3125,98,885,10001,"[0, 100000]","[0, 100000]",0,0,15283,25878
yolov8x_training,863.030689,81,218.257,13370.3125,95,810,10001,"[0, 100000]","[0, 100000]",0,0,15136,27343
yolov8x_training,864.091108,79,218.988,13370.3125,53,900,10001,"[0, 100000]","[0, 100000]",0,0,15429,24609
yolov8x_training,865.172189,82,219.297,13370.3125,100,855,10001,"[0, 100000]","[0, 100000]",0,0,15136,21972
yolov8x_training,866.223541,79,219.169,13370.3125,100,2505,10001,"[0, 100000]","[0, 100000]",0,0,15576,27929
yolov8x_training,867.289755,82,217.846,13370.3125,98,1080,10001,"[0, 100000]","[0, 100000]",0,0,15234,25439
yolov8x_training,868.368766,82,214.816,13370.3125,45,1252,10001,"[0, 100000]","[0, 100000]",0,0,15185,27148
yolov8x_training,869.449214,83,217.147,13370.3125,33,1665,10001,"[0, 100000]","[0, 100000]",0,0,15234,24023
yolov8x_training,870.508106,83,212.938,13370.3125,100,810,10001,"[0, 100000]","[0, 100000]",0,0,15136,27685
yolov8x_training,871.577810,79,219.140,13370.3125,100,765,10001,"[0, 100000]","[0, 100000]",0,0,14990,27343
yolov8x_training,872.646828,83,219.785,13370.3125,98,825,10001,"[0, 100000]","[0, 100000]",0,0,15185,26757
yolov8x_training,873.720980,78,218.874,13370.3125,60,2325,10001,"[0, 100000]","[0, 100000]",0,0,15136,24902
yolov8x_training,874.782123,81,222.203,13370.3125,29,2070,10001,"[0, 100000]","[0, 100000]",0,0,15087,28369
yolov8x_training,875.855279,82,214.920,13370.3125,100,2505,10001,"[0, 100000]","[0, 100000]",0,0,15039,27294
yolov8x_training,876.926050,83,220.203,13370.3125,100,1935,10001,"[0, 100000]","[0, 100000]",0,0,15185,27197
yolov8x_training,877.996079,83,214.383,13370.3125,97,825,10001,"[0, 100000]","[0, 100000]",0,0,14746,25000
yolov8x_training,879.052788,79,219.920,13370.3125,13,810,10001,"[0, 100000]","[0, 100000]",0,0,15039,27099
yolov8x_training,880.125883,80,218.489,13370.3125,88,1200,10001,"[0, 100000]","[0, 100000]",0,0,15185,25585
yolov8x_training,881.205071,78,218.648,13370.3125,100,2475,10001,"[0, 100000]","[0, 100000]",0,0,15087,27832
yolov8x_training,882.275563,80,223.240,13370.3125,98,2505,10001,"[0, 100000]","[0, 100000]",0,0,14843,24511
yolov8x_training,883.336778,82,214.573,13370.3125,74,885,10001,"[0, 100000]","[0, 100000]",0,0,15136,28417
yolov8x_training,884.414136,83,218.118,13370.3125,21,2475,10001,"[0, 100000]","[0, 100000]",0,0,15039,28417
yolov8x_training,885.483170,83,215.241,13370.3125,95,855,10001,"[0, 100000]","[0, 100000]",0,0,15332,24804
yolov8x_training,886.551096,80,218.868,13370.3125,100,780,10001,"[0, 100000]","[0, 100000]",0,0,14794,24462
yolov8x_training,887.603657,79,219.482,13370.3125,98,825,10001,"[0, 100000]","[0, 100000]",0,0,15283,26708
yolov8x_training,888.683083,80,219.859,13370.3125,78,855,10001,"[0, 100000]","[0, 100000]",0,0,15234,26757
yolov8x_training,889.754157,79,221.326,13370.3125,18,1252,10001,"[0, 100000]","[0, 100000]",0,0,15136,27734
yolov8x_training,890.822490,82,214.022,13370.3125,68,1665,10001,"[0, 100000]","[0, 100000]",0,0,15039,23291
yolov8x_training,891.877644,83,216.291,13370.3125,100,2505,10001,"[0, 100000]","[0, 100000]",0,0,15136,26660
yolov8x_training,892.944664,83,214.987,13370.3125,99,1830,10001,"[0, 100000]","[0, 100000]",0,0,15332,25390
yolov8x_training,894.017001,82,217.408,13370.3125,98,795,10001,"[0, 100000]","[0, 100000]",0,0,15234,27148
yolov8x_training,895.092175,79,220.291,13370.3125,50,780,10001,"[0, 100000]","[0, 100000]",0,0,14794,24951
yolov8x_training,896.140505,83,218.039,13370.3125,100,1185,10001,"[0, 100000]","[0, 100000]",0,0,15087,27001
yolov8x_training,897.205522,79,217.974,13370.3125,100,1695,10001,"[0, 100000]","[0, 100000]",0,0,15234,25878
yolov8x_training,898.279307,81,220.913,13370.3125,98,2370,10001,"[0, 100000]","[0, 100000]",0,0,15185,26806
yolov8x_training,899.342077,82,212.637,13370.3125,74,1065,10001,"[0, 100000]","[0, 100000]",0,0,14941,22167
yolov8x_training,900.415058,83,219.053,13370.3125,14,2490,10001,"[0, 100000]","[0, 100000]",0,0,15087,27734
yolov8x_training,901.483972,83,214.623,13370.3125,100,825,10001,"[0, 100000]","[0, 100000]",0,0,15136,25878
yolov8x_training,902.553892,79,219.584,13370.3125,100,795,10001,"[0, 100000]","[0, 100000]",0,0,15136,26757
yolov8x_training,903.617231,80,221.111,13370.3125,98,810,10001,"[0, 100000]","[0, 100000]",0,0,14941,22558
yolov8x_training,904.660927,82,221.304,13370.3125,81,870,10001,"[0, 100000]","[0, 100000]",0,0,14990,25195
yolov8x_training,905.735768,79,222.284,13370.3125,23,2505,10001,"[0, 100000]","[0, 100000]",0,0,15185,26074
yolov8x_training,906.806742,82,214.196,13370.3125,55,1845,10001,"[0, 100000]","[0, 100000]",0,0,15087,27734
yolov8x_training,907.877236,83,214.890,13370.3125,100,1252,10001,"[0, 100000]","[0, 100000]",0,0,14941,23339
yolov8x_training,908.932204,82,218.134,13370.3125,98,2040,10001,"[0, 100000]","[0, 100000]",0,0,15185,27929
yolov8x_training,909.996329,83,214.710,13370.3125,98,810,10001,"[0, 100000]","[0, 100000]",0,0,15478,24560
yolov8x_training,911.057473,79,221.093,13370.3125,31,795,10001,"[0, 100000]","[0, 100000]",0,0,15380,24609
yolov8x_training,912.119795,80,220.685,13370.3125,96,945,10001,"[0, 100000]","[0, 100000]",0,0,15234,22558
yolov8x_training,913.175533,80,221.174,13370.3125,100,840,10001,"[0, 100000]","[0, 100000]",0,0,15136,26562
yolov8x_training,914.218728,80,220.107,13370.3125,98,2520,10001,"[0, 100000]","[0, 100000]",0,0,6054,103759
yolov8x_training,915.282098,83,215.666,13370.3125,63,900,10001,"[0, 100000]","[0, 100000]",0,0,4443,103466
yolov8x_training,916.362481,83,218.232,13370.3125,14,2400,10001,"[0, 100000]","[0, 100000]",0,0,5322,103369
yolov8x_training,917.474849,83,213.605,13370.3125,96,855,10001,"[0, 100000]","[0, 100000]",0,0,15283,24560
yolov8x_training,918.555790,79,217.662,13370.3125,100,795,10001,"[0, 100000]","[0, 100000]",0,0,15429,24609
yolov8x_training,919.628638,81,219.480,13370.3125,98,1005,10001,"[0, 100000]","[0, 100000]",0,0,15185,27197
yolov8x_training,920.671555,79,215.910,13370.3125,52,1335,10001,"[0, 100000]","[0, 100000]",0,0,6347,103222
yolov8x_training,921.736418,82,218.440,13370.3125,39,2235,10001,"[0, 100000]","[0, 100000]",0,0,15185,25341
yolov8x_training,922.846803,82,214.899,13370.3125,100,1350,10001,"[0, 100000]","[0, 100000]",0,0,15087,27978
yolov8x_training,923.913466,83,220.407,13370.3125,100,2190,10001,"[0, 100000]","[0, 100000]",0,0,15136,25390
yolov8x_training,924.956392,83,213.920,13370.3125,98,810,10001,"[0, 100000]","[0, 100000]",0,0,15136,21923
yolov8x_training,926.049908,79,219.112,13370.3125,23,780,10001,"[0, 100000]","[0, 100000]",0,0,15136,26660
yolov8x_training,927.121701,82,217.532,13370.3125,100,960,10001,"[0, 100000]","[0, 100000]",0,0,15185,28173
yolov8x_training,928.192665,79,219.073,13370.3125,100,840,10001,"[0, 100000]","[0, 100000]",0,0,15332,25097
yolov8x_training,929.268985,80,223.096,13370.3125,98,2610,10001,"[0, 100000]","[0, 100000]",0,0,15234,22607
yolov8x_training,930.326441,83,215.663,13370.3125,68,885,10001,"[0, 100000]","[0, 100000]",0,0,15136,27099
yolov8x_training,931.389000,82,218.340,13370.3125,20,2505,10001,"[0, 100000]","[0, 100000]",0,0,15429,25830
yolov8x_training,932.469506,83,215.023,13370.3125,84,1470,10001,"[0, 100000]","[0, 100000]",0,0,15136,25781
yolov8x_training,933.512378,79,215.908,13370.3125,100,795,10001,"[0, 100000]","[0, 100000]",0,0,5908,101464
yolov8x_training,934.579228,81,218.054,13370.3125,98,945,10001,"[0, 100000]","[0, 100000]",0,0,6787,102343
yolov8x_training,935.649937,79,214.886,13370.3125,41,1125,10001,"[0, 100000]","[0, 100000]",0,0,6494,103515
yolov8x_training,936.722245,82,218.864,13370.3125,28,2505,10001,"[0, 100000]","[0, 100000]",0,0,6250,103808
yolov8x_training,937.789204,83,213.081,13370.3125,96,870,10001,"[0, 100000]","[0, 100000]",0,0,3955,34277
yolov8x_training,938.852905,83,217.689,13370.3125,100,2520,10001,"[0, 100000]","[0, 100000]",0,0,5029,103857
yolov8x_training,939.930164,83,218.594,13370.3125,98,840,10001,"[0, 100000]","[0, 100000]",0,0,4052,32470
yolov8x_training,940.995045,79,219.547,13370.3125,43,780,10001,"[0, 100000]","[0, 100000]",0,0,3222,36181
yolov8x_training,942.066764,82,220.010,13370.3125,100,930,10001,"[0, 100000]","[0, 100000]",0,0,89453,20410
yolov8x_training,943.109852,83,218.182,13370.3125,99,1350,10001,"[0, 100000]","[0, 100000]",0,0,292,1038818
yolov8x_training,944.152693,82,215.082,13370.3125,98,2250,10001,"[0, 100000]","[0, 100000]",0,0,341,341
yolov8x_training,945.195746,83,217.893,13370.3125,41,870,10001,"[0, 100000]","[0, 100000]",0,0,341,292
yolov8x_training,946.238358,83,219.247,13370.3125,36,825,10001,"[0, 100000]","[0, 100000]",0,0,5859,93994
yolov8x_training,947.282009,84,218.322,13370.3125,100,1005,10001,"[0, 100000]","[0, 100000]",0,0,2099,8398
yolov8x_training,948.325345,79,217.997,13370.3125,98,2295,10001,"[0, 100000]","[0, 100000]",0,0,2587,12646
yolov8x_training,949.368216,82,215.775,13370.3125,98,1245,10001,"[0, 100000]","[0, 100000]",0,0,3613,12500
yolov8x_training,950.411218,83,215.304,13370.3125,44,855,10001,"[0, 100000]","[0, 100000]",0,0,4101,14941
yolov8x_training,951.454257,83,216.756,13370.3125,42,2490,10001,"[0, 100000]","[0, 100000]",0,0,4296,15917
yolov8x_training,952.504702,81,214.424,13370.3125,100,810,10001,"[0, 100000]","[0, 100000]",0,0,15527,24511
yolov8x_training,953.572196,79,221.088,13370.3125,99,810,10001,"[0, 100000]","[0, 100000]",0,0,14941,25048
yolov8x_training,954.621644,82,221.240,13370.3125,98,945,10001,"[0, 100000]","[0, 100000]",0,0,15429,25390
yolov8x_training,955.698282,79,217.848,13370.3125,37,1230,10001,"[0, 100000]","[0, 100000]",0,0,15185,27099
yolov8x_training,956.761558,82,218.335,13370.3125,34,2505,10001,"[0, 100000]","[0, 100000]",0,0,15087,25830
yolov8x_training,957.838000,83,213.026,13370.3125,96,870,10001,"[0, 100000]","[0, 100000]",0,0,15185,22656
yolov8x_training,958.891100,83,220.734,13370.3125,100,2625,10001,"[0, 100000]","[0, 100000]",0,0,15234,27929
yolov8x_training,959.966147,83,214.448,13370.3125,98,870,10001,"[0, 100000]","[0, 100000]",0,0,14990,25781
yolov8x_training,961.009070,81,194.739,13370.3125,65,2235,10001,"[0, 100000]","[0, 100000]",0,0,2197,6640
yolov8x_training,962.052265,78,207.861,13370.3125,46,810,10001,"[0, 100000]","[0, 100000]",0,0,341,1040966
yolov8x_training,963.095270,82,195.812,13370.3125,0,885,10001,"[0, 100000]","[0, 100000]",0,0,5712,28710
yolov8x_training,964.138331,82,179.915,13370.3125,63,2655,10001,"[0, 100000]","[0, 100000]",0,0,1806,71630
yolov8x_training,965.181602,79,185.342,13370.3125,89,2505,10001,"[0, 100000]","[0, 100000]",0,0,341,292
yolov8x_training,966.224335,78,202.436,13370.3125,88,795,10001,"[0, 100000]","[0, 100000]",0,0,3369,14355
yolov8x_training,967.267529,79,209.223,13370.3125,94,2625,10001,"[0, 100000]","[0, 100000]",0,0,4394,14990
yolov8x_training,968.313962,82,214.824,13370.3125,59,885,10001,"[0, 100000]","[0, 100000]",0,0,14892,27197
yolov8x_training,969.392852,83,220.175,13370.3125,27,2505,10001,"[0, 100000]","[0, 100000]",0,0,14892,27343
yolov8x_training,970.471115,83,214.283,13370.3125,86,1935,10001,"[0, 100000]","[0, 100000]",0,0,15087,23925
yolov8x_training,971.536188,78,215.801,13370.3125,100,810,10001,"[0, 100000]","[0, 100000]",0,0,15185,25781
yolov8x_training,972.615600,81,217.559,13370.3125,95,780,10001,"[0, 100000]","[0, 100000]",0,0,14990,25097
yolov8x_training,973.692107,78,216.113,13370.3125,60,855,10001,"[0, 100000]","[0, 100000]",0,0,14941,26367
yolov8x_training,974.774671,82,218.222,13370.3125,31,2505,10001,"[0, 100000]","[0, 100000]",0,0,14941,22216
yolov8x_training,975.836123,82,220.767,13370.3125,100,900,10001,"[0, 100000]","[0, 100000]",0,0,15185,24707
yolov8x_training,976.878985,82,214.855,13370.3125,100,2520,10001,"[0, 100000]","[0, 100000]",0,0,6103,103125
yolov8x_training,977.942171,80,219.237,13370.3125,95,840,10001,"[0, 100000]","[0, 100000]",0,0,5175,101367
yolov8x_training,979.019582,79,214.846,13370.3125,27,795,10001,"[0, 100000]","[0, 100000]",0,0,5908,102880
yolov8x_training,980.102734,82,219.286,13370.3125,98,780,10001,"[0, 100000]","[0, 100000]",0,0,15185,28857
yolov8x_training,981.172983,78,219.207,13370.3125,100,960,10001,"[0, 100000]","[0, 100000]",0,0,15234,24707
yolov8x_training,982.252630,82,216.654,13370.3125,95,2655,10001,"[0, 100000]","[0, 100000]",0,0,15087,25097
yolov8x_training,983.295522,82,221.772,13370.3125,96,1425,10001,"[0, 100000]","[0, 100000]",0,0,6347,101660
yolov8x_training,984.401479,83,214.838,13370.3125,77,2505,10001,"[0, 100000]","[0, 100000]",0,0,15087,29833
yolov8x_training,985.480860,82,220.626,13370.3125,22,885,10001,"[0, 100000]","[0, 100000]",0,0,14990,29589
yolov8x_training,986.547761,79,213.947,13370.3125,96,795,10001,"[0, 100000]","[0, 100000]",0,0,15234,27197
yolov8x_training,987.618063,81,220.367,13370.3125,100,795,10001,"[0, 100000]","[0, 100000]",0,0,14990,25097
yolov8x_training,988.688633,78,217.728,13370.3125,95,840,10001,"[0, 100000]","[0, 100000]",0,0,15136,26708
yolov8x_training,989.731687,82,216.254,13370.3125,56,2505,10001,"[0, 100000]","[0, 100000]",0,0,6054,103173
yolov8x_training,990.793181,83,219.215,13370.3125,18,900,10001,"[0, 100000]","[0, 100000]",0,0,4003,34521
yolov8x_training,991.853964,82,213.123,13370.3125,100,2535,10001,"[0, 100000]","[0, 100000]",0,0,90673,35009
yolov8x_training,992.930514,82,219.401,13370.3125,100,900,10001,"[0, 100000]","[0, 100000]",0,0,5126,103271
yolov8x_training,994.006385,79,213.978,13370.3125,94,810,10001,"[0, 100000]","[0, 100000]",0,0,5029,102978
yolov8x_training,995.082709,81,219.738,13370.3125,25,945,10001,"[0, 100000]","[0, 100000]",0,0,6591,101269
yolov8x_training,996.155327,79,219.972,13370.3125,90,945,10001,"[0, 100000]","[0, 100000]",0,0,6005,101953
yolov8x_training,997.226907,80,223.978,13370.3125,100,2655,10001,"[0, 100000]","[0, 100000]",0,0,15283,24755
yolov8x_training,998.299736,82,220.667,13370.3125,96,2040,10001,"[0, 100000]","[0, 100000]",0,0,14990,28515
yolov8x_training,999.370497,83,216.163,13370.3125,93,2490,10001,"[0, 100000]","[0, 100000]",0,0,15087,25244
yolov8x_training,1000.445678,83,215.017,13370.3125,36,2115,10001,"[0, 100000]","[0, 100000]",0,0,14941,23779
yolov8x_training,1001.514206,78,213.133,13370.3125,57,810,10001,"[0, 100000]","[0, 100000]",0,0,14990,29003
yolov8x_training,1002.574346,80,217.954,13370.3125,100,810,10001,"[0, 100000]","[0, 100000]",0,0,14990,29150
yolov8x_training,1003.633208,82,221.615,13370.3125,100,1185,10001,"[0, 100000]","[0, 100000]",0,0,14746,28515
yolov8x_training,1004.702964,79,220.584,13370.3125,96,855,10001,"[0, 100000]","[0, 100000]",0,0,14648,23437
yolov8x_training,1005.749560,82,219.398,13370.3125,60,2505,10001,"[0, 100000]","[0, 100000]",0,0,15234,26074
yolov8x_training,1006.820613,82,224.012,13370.3125,15,900,10001,"[0, 100000]","[0, 100000]",0,0,15039,26367
yolov8x_training,1007.896594,82,214.223,13370.3125,70,2595,10001,"[0, 100000]","[0, 100000]",0,0,14990,29199
yolov8x_training,1008.979713,83,219.764,13370.3125,100,1020,10001,"[0, 100000]","[0, 100000]",0,0,14990,23193
yolov8x_training,1010.043375,79,213.201,13370.3125,96,780,10001,"[0, 100000]","[0, 100000]",0,0,15429,24658
yolov8x_training,1011.124150,82,218.518,13370.3125,21,810,10001,"[0, 100000]","[0, 100000]",0,0,15234,25830
yolov8x_training,1012.199816,79,218.691,13370.3125,100,840,10001,"[0, 100000]","[0, 100000]",0,0,15234,25830
yolov8x_training,1013.276422,82,218.238,13370.3125,100,2505,10001,"[0, 100000]","[0, 100000]",0,0,15136,25048
yolov8x_training,1014.324381,83,224.501,13370.3125,95,1530,10001,"[0, 100000]","[0, 100000]",0,0,14843,24658
yolov8x_training,1015.398106,83,215.034,13370.3125,66,2505,10001,"[0, 100000]","[0, 100000]",0,0,15332,25146
yolov8x_training,1016.474721,83,219.931,13370.3125,20,1605,10001,"[0, 100000]","[0, 100000]",0,0,15185,25732
yolov8x_training,1017.545429,79,215.685,13370.3125,80,795,10001,"[0, 100000]","[0, 100000]",0,0,14941,22558
yolov8x_training,1018.588308,81,218.185,13370.3125,100,810,10001,"[0, 100000]","[0, 100000]",0,0,8056,29589
yolov8x_training,1019.631210,82,208.841,13370.3125,95,1245,10001,"[0, 100000]","[0, 100000]",0,0,341,292
yolov8x_training,1020.674120,78,203.777,13370.3125,61,825,10001,"[0, 100000]","[0, 100000]",0,0,6201,94482
yolov8x_training,1021.739230,83,189.615,13370.3125,0,855,10001,"[0, 100000]","[0, 100000]",0,0,341,292
yolov8x_training,1022.781929,78,207.699,13370.3125,100,1635,10001,"[0, 100000]","[0, 100000]",0,0,4736,15332
yolov8x_training,1023.825179,82,196.954,13370.3125,2,810,10001,"[0, 100000]","[0, 100000]",0,0,12011,292
yolov8x_training,1024.868143,80,177.238,13370.3125,14,2505,10001,"[0, 100000]","[0, 100000]",0,0,341,292
yolov8x_training,1025.927788,82,184.683,13370.3125,90,1252,10001,"[0, 100000]","[0, 100000]",0,0,13330,33105
yolov8x_training,1026.970814,79,203.858,13370.3125,94,1245,10001,"[0, 100000]","[0, 100000]",0,0,2539,3906
yolov8x_training,1028.014390,80,202.854,13370.3125,71,930,10001,"[0, 100000]","[0, 100000]",0,0,4296,14843
yolov8x_training,1029.057367,78,214.606,13370.3125,95,795,10001,"[0, 100000]","[0, 100000]",0,0,15185,21972
yolov8x_training,1030.107518,81,218.316,13370.3125,17,765,10001,"[0, 100000]","[0, 100000]",0,0,15283,28955
yolov8x_training,1031.177889,78,219.463,13370.3125,85,810,10001,"[0, 100000]","[0, 100000]",0,0,15136,24707
yolov8x_training,1032.220728,82,215.424,13370.3125,100,2505,10001,"[0, 100000]","[0, 100000]",0,0,6103,102539
yolov8x_training,1033.289176,82,221.090,13370.3125,95,1320,10001,"[0, 100000]","[0, 100000]",0,0,6445,101708
yolov8x_training,1034.358584,82,214.176,13370.3125,59,780,10001,"[0, 100000]","[0, 100000]",0,0,6103,103027
yolov8x_training,1035.420281,81,216.504,13370.3125,36,930,10001,"[0, 100000]","[0, 100000]",0,0,4199,34033
yolov8x_training,1036.483045,79,213.949,13370.3125,100,795,10001,"[0, 100000]","[0, 100000]",0,0,25195,37548
yolov8x_training,1037.556659,82,217.078,13370.3125,100,855,10001,"[0, 100000]","[0, 100000]",0,0,89550,20703
yolov8x_training,1038.599872,82,218.688,13370.3125,96,840,10001,"[0, 100000]","[0, 100000]",0,0,89013,18994
yolov8x_training,1039.642853,81,217.368,13370.3125,45,2505,10001,"[0, 100000]","[0, 100000]",0,0,341,292
yolov8x_training,1040.686792,82,218.135,13370.3125,29,960,10001,"[0, 100000]","[0, 100000]",0,0,341,292
yolov8x_training,1041.729459,82,213.978,13370.3125,100,765,10001,"[0, 100000]","[0, 100000]",0,0,19091,341
yolov8x_training,1042.772871,83,222.550,13370.3125,100,810,10001,"[0, 100000]","[0, 100000]",0,0,1757,1123
yolov8x_training,1043.815932,78,217.258,13370.3125,95,840,10001,"[0, 100000]","[0, 100000]",0,0,2148,10546
yolov8x_training,1044.858891,81,216.930,13370.3125,71,1252,10001,"[0, 100000]","[0, 100000]",0,0,2490,11474
yolov8x_training,1045.901984,82,220.680,13370.3125,25,855,10001,"[0, 100000]","[0, 100000]",0,0,4150,16015
yolov8x_training,1046.944883,82,215.362,13370.3125,100,2475,10001,"[0, 100000]","[0, 100000]",0,0,3906,20458
yolov8x_training,1048.001145,78,215.442,13370.3125,96,855,10001,"[0, 100000]","[0, 100000]",0,0,14990,30273
yolov8x_training,1049.082892,79,216.147,13370.3125,20,810,10001,"[0, 100000]","[0, 100000]",0,0,14794,29003
yolov8x_training,1050.134564,82,218.654,13370.3125,48,1020,10001,"[0, 100000]","[0, 100000]",0,0,15283,26074
yolov8x_training,1051.205089,79,221.375,13370.3125,100,2640,10001,"[0, 100000]","[0, 100000]",0,0,15283,29638
yolov8x_training,1052.285086,82,219.710,13370.3125,95,2505,10001,"[0, 100000]","[0, 100000]",0,0,15136,28808
yolov8x_training,1053.327978,83,215.439,13370.3125,95,840,10001,"[0, 100000]","[0, 100000]",0,0,5957,102099
yolov8x_training,1054.392268,83,215.009,13370.3125,21,2340,10001,"[0, 100000]","[0, 100000]",0,0,6250,100146
yolov8x_training,1055.459622,78,217.622,13370.3125,76,855,10001,"[0, 100000]","[0, 100000]",0,0,6396,101464
yolov8x_training,1056.534299,80,219.157,13370.3125,100,810,10001,"[0, 100000]","[0, 100000]",0,0,6396,101513
yolov8x_training,1057.606921,82,217.940,13370.3125,96,975,10001,"[0, 100000]","[0, 100000]",0,0,5029,100488
yolov8x_training,1058.685398,81,215.800,13370.3125,78,1485,10001,"[0, 100000]","[0, 100000]",0,0,5615,100292
yolov8x_training,1059.761636,82,222.213,13370.3125,22,2220,10001,"[0, 100000]","[0, 100000]",0,0,7128,101513
yolov8x_training,1060.831358,83,214.180,13370.3125,79,855,10001,"[0, 100000]","[0, 100000]",0,0,6591,101074
yolov8x_training,1061.902895,83,217.671,13370.3125,100,2400,10001,"[0, 100000]","[0, 100000]",0,0,5957,98730
yolov8x_training,1062.978668,79,213.718,13370.3125,95,825,10001,"[0, 100000]","[0, 100000]",0,0,6005,102050
yolov8x_training,1064.045132,82,218.064,13370.3125,75,780,10001,"[0, 100000]","[0, 100000]",0,0,6103,99511
yolov8x_training,1065.120729,82,219.068,13370.3125,86,1335,10001,"[0, 100000]","[0, 100000]",0,0,6982,101318
yolov8x_training,1066.191036,82,216.699,13370.3125,100,2475,10001,"[0, 100000]","[0, 100000]",0,0,2978,38037
yolov8x_training,1067.262910,83,223.808,13370.3125,96,2190,10001,"[0, 100000]","[0, 100000]",0,0,6396,101806
yolov8x_training,1068.338096,82,214.832,13370.3125,58,795,10001,"[0, 100000]","[0, 100000]",0,0,6445,100390
yolov8x_training,1069.412847,83,219.769,13370.3125,32,2130,10001,"[0, 100000]","[0, 100000]",0,0,6347,101855
yolov8x_training,1070.481796,83,214.506,13370.3125,94,840,10001,"[0, 100000]","[0, 100000]",0,0,4492,100537
yolov8x_training,1071.564000,79,216.552,13370.3125,100,780,10001,"[0, 100000]","[0, 100000]",0,0,6445,101904
yolov8x_training,1072.636622,82,218.046,13370.3125,96,855,10001,"[0, 100000]","[0, 100000]",0,0,5175,100097
yolov8x_training,1073.714176,79,217.459,13370.3125,49,2505,10001,"[0, 100000]","[0, 100000]",0,0,4248,99707
yolov8x_training,1074.796738,82,214.428,13370.3125,45,1275,10001,"[0, 100000]","[0, 100000]",0,0,3955,34423
yolov8x_training,1075.859545,83,216.035,13370.3125,100,825,10001,"[0, 100000]","[0, 100000]",0,0,3466,35498
yolov8x_training,1076.925922,81,218.916,13370.3125,95,900,10001,"[0, 100000]","[0, 100000]",0,0,2929,37011
yolov8x_training,1077.997682,79,217.130,13370.3125,94,810,10001,"[0, 100000]","[0, 100000]",0,0,89990,24902
yolov8x_training,1079.078485,79,219.324,13370.3125,75,930,10001,"[0, 100000]","[0, 100000]",0,0,90429,27246
yolov8x_training,1080.156269,82,220.432,13370.3125,100,960,10001,"[0, 100000]","[0, 100000]",0,0,4150,33251
yolov8x_training,1081.221453,79,221.500,13370.3125,95,2415,10001,"[0, 100000]","[0, 100000]",0,0,4492,102050
yolov8x_training,1082.302594,82,215.317,13370.3125,85,885,10001,"[0, 100000]","[0, 100000]",0,0,4541,102197
yolov8x_training,1083.383333,83,215.854,13370.3125,28,2505,10001,"[0, 100000]","[0, 100000]",0,0,6396,99121
yolov8x_training,1084.453995,82,219.234,13370.3125,58,870,10001,"[0, 100000]","[0, 100000]",0,0,6152,101464
yolov8x_training,1085.518539,81,217.425,13370.3125,100,780,10001,"[0, 100000]","[0, 100000]",0,0,6005,101513
yolov8x_training,1086.582115,79,215.042,13370.3125,94,1125,10001,"[0, 100000]","[0, 100000]",0,0,3955,33886
yolov8x_training,1087.646362,82,220.109,13370.3125,86,930,10001,"[0, 100000]","[0, 100000]",0,0,341,1040771
yolov8x_training,1088.689148,80,220.064,13370.3125,18,2325,10001,"[0, 100000]","[0, 100000]",0,0,292,1036083
yolov8x_training,1089.732055,83,215.517,13370.3125,80,825,10001,"[0, 100000]","[0, 100000]",0,0,341,292
yolov8x_training,1090.774701,83,219.606,13370.3125,100,810,10001,"[0, 100000]","[0, 100000]",0,0,976,292
yolov8x_training,1091.817678,82,217.737,13370.3125,95,1170,10001,"[0, 100000]","[0, 100000]",0,0,1953,120458
yolov8x_training,1092.861283,79,222.105,13370.3125,78,1245,10001,"[0, 100000]","[0, 100000]",0,0,2490,10107
yolov8x_training,1093.904537,79,221.778,13370.3125,16,960,10001,"[0, 100000]","[0, 100000]",0,0,2734,9375
yolov8x_training,1094.947872,82,215.054,13370.3125,64,855,10001,"[0, 100000]","[0, 100000]",0,0,2587,12011
yolov8x_training,1095.990856,83,221.986,13370.3125,100,1252,10001,"[0, 100000]","[0, 100000]",0,0,3222,12744
yolov8x_training,1097.034210,83,216.810,13370.3125,100,1440,10001,"[0, 100000]","[0, 100000]",0,0,3466,20800
yolov8x_training,1098.077250,83,215.785,13370.3125,47,810,10001,"[0, 100000]","[0, 100000]",0,0,3466,15527
yolov8x_training,1099.120389,79,220.091,13370.3125,35,810,10001,"[0, 100000]","[0, 100000]",0,0,6591,25976
yolov8x_training,1100.191632,83,216.116,13370.3125,100,1080,10001,"[0, 100000]","[0, 100000]",0,0,15332,26074
yolov8x_training,1101.273932,79,217.183,13370.3125,95,2505,10001,"[0, 100000]","[0, 100000]",0,0,14990,26269
yolov8x_training,1102.341898,82,214.802,13370.3125,89,1725,10001,"[0, 100000]","[0, 100000]",0,0,15185,29638
yolov8x_training,1103.414513,83,215.586,13370.3125,38,2505,10001,"[0, 100000]","[0, 100000]",0,0,15332,23583
yolov8x_training,1104.469868,82,219.078,13370.3125,48,2055,10001,"[0, 100000]","[0, 100000]",0,0,15136,27246
yolov8x_training,1105.551371,83,215.675,13370.3125,100,810,10001,"[0, 100000]","[0, 100000]",0,0,15429,26220
yolov8x_training,1106.594636,79,214.064,13370.3125,95,960,10001,"[0, 100000]","[0, 100000]",0,0,4882,101708
yolov8x_training,1107.673594,79,217.402,13370.3125,74,855,10001,"[0, 100000]","[0, 100000]",0,0,90185,27294
yolov8x_training,1108.752345,82,213.529,13370.3125,34,2160,10001,"[0, 100000]","[0, 100000]",0,0,90283,27783
yolov8x_training,1109.829713,83,215.279,13370.3125,100,810,10001,"[0, 100000]","[0, 100000]",0,0,89599,20751
yolov8x_training,1110.872803,82,217.851,13370.3125,95,915,10001,"[0, 100000]","[0, 100000]",0,0,341,292
yolov8x_training,1111.915436,79,215.984,13370.3125,79,810,10001,"[0, 100000]","[0, 100000]",0,0,17089,14501
yolov8x_training,1112.958364,82,215.836,13370.3125,24,1560,10001,"[0, 100000]","[0, 100000]",0,0,2001,8593
yolov8x_training,1114.001475,83,217.943,13370.3125,100,1695,10001,"[0, 100000]","[0, 100000]",0,0,2685,10644
yolov8x_training,1115.044976,83,218.776,13370.3125,100,2310,10001,"[0, 100000]","[0, 100000]",0,0,3417,11767
yolov8x_training,1116.088156,83,213.098,13370.3125,56,825,10001,"[0, 100000]","[0, 100000]",0,0,3466,19531
yolov8x_training,1117.132381,79,218.951,13370.3125,36,765,10001,"[0, 100000]","[0, 100000]",0,0,4492,14843
yolov8x_training,1118.180178,84,218.679,13370.3125,100,1125,10001,"[0, 100000]","[0, 100000]",0,0,14990,30517
yolov8x_training,1119.263485,79,216.904,13370.3125,100,1965,10001,"[0, 100000]","[0, 100000]",0,0,15087,25244
yolov8x_training,1120.332573,82,215.474,13370.3125,95,1875,10001,"[0, 100000]","[0, 100000]",0,0,14892,26562
yolov8x_training,1121.375871,83,215.723,13370.3125,14,1290,10001,"[0, 100000]","[0, 100000]",0,0,6103,101611
yolov8x_training,1122.438337,81,219.472,13370.3125,72,1005,10001,"[0, 100000]","[0, 100000]",0,0,4931,101855
yolov8x_training,1123.517145,81,219.013,13370.3125,100,795,10001,"[0, 100000]","[0, 100000]",0,0,6640,100537
yolov8x_training,1124.627838,79,217.750,13370.3125,95,780,10001,"[0, 100000]","[0, 100000]",0,0,15527,26074
yolov8x_training,1125.707323,80,220.700,13370.3125,82,855,10001,"[0, 100000]","[0, 100000]",0,0,15234,26123
yolov8x_training,1126.772583,80,218.212,13370.3125,17,2550,10001,"[0, 100000]","[0, 100000]",0,0,14990,28076
yolov8x_training,1127.847398,82,213.784,13370.3125,61,1845,10001,"[0, 100000]","[0, 100000]",0,0,15087,23486
yolov8x_training,1128.902642,83,216.199,13370.3125,100,2505,10001,"[0, 100000]","[0, 100000]",0,0,15429,26074
yolov8x_training,1129.983192,81,215.741,13370.3125,96,1695,10001,"[0, 100000]","[0, 100000]",0,0,15039,26318
yolov8x_training,1131.049036,80,216.702,13370.3125,90,795,10001,"[0, 100000]","[0, 100000]",0,0,15087,25732
yolov8x_training,1132.123247,79,221.771,13370.3125,54,825,10001,"[0, 100000]","[0, 100000]",0,0,15136,23193
yolov8x_training,1133.196637,81,217.366,13370.3125,100,825,10001,"[0, 100000]","[0, 100000]",0,0,15283,30029
yolov8x_training,1134.276114,80,218.538,13370.3125,96,2505,10001,"[0, 100000]","[0, 100000]",0,0,15234,31005
yolov8x_training,1135.319559,83,215.173,13370.3125,75,1005,10001,"[0, 100000]","[0, 100000]",0,0,6250,102099
yolov8x_training,1136.386918,83,216.668,13370.3125,17,2550,10001,"[0, 100000]","[0, 100000]",0,0,5566,100585
yolov8x_training,1137.464198,83,216.337,13370.3125,92,855,10001,"[0, 100000]","[0, 100000]",0,0,6542,100244
yolov8x_training,1138.533989,79,219.304,13370.3125,100,810,10001,"[0, 100000]","[0, 100000]",0,0,6591,102001
yolov8x_training,1139.605782,81,215.832,13370.3125,95,1425,10001,"[0, 100000]","[0, 100000]",0,0,4003,33984
yolov8x_training,1140.668712,83,218.592,13370.3125,51,870,10001,"[0, 100000]","[0, 100000]",0,0,90332,28369
yolov8x_training,1141.744564,81,220.121,13370.3125,38,2520,10001,"[0, 100000]","[0, 100000]",0,0,4833,101660
yolov8x_training,1142.824661,83,214.704,13370.3125,100,840,10001,"[0, 100000]","[0, 100000]",0,0,4882,101269
yolov8x_training,1143.904096,82,218.541,13370.3125,100,2370,10001,"[0, 100000]","[0, 100000]",0,0,4931,101806
yolov8x_training,1144.983440,84,214.796,13370.3125,94,840,10001,"[0, 100000]","[0, 100000]",0,0,4199,101708
yolov8x_training,1146.101118,79,218.786,13370.3125,36,810,10001,"[0, 100000]","[0, 100000]",0,0,14990,26171
yolov8x_training,1147.180252,83,218.405,13370.3125,100,1170,10001,"[0, 100000]","[0, 100000]",0,0,15332,26123
yolov8x_training,1148.259941,79,215.409,13370.3125,96,2505,10001,"[0, 100000]","[0, 100000]",0,0,15527,26074
yolov8x_training,1149.339671,82,214.414,13370.3125,94,2205,10001,"[0, 100000]","[0, 100000]",0,0,14941,23535
yolov8x_training,1150.396677,83,216.929,13370.3125,28,2505,10001,"[0, 100000]","[0, 100000]",0,0,15185,27685
yolov8x_training,1151.473900,82,219.685,13370.3125,59,2220,10001,"[0, 100000]","[0, 100000]",0,0,15332,27490
yolov8x_training,1152.516834,80,216.887,13370.3125,100,780,10001,"[0, 100000]","[0, 100000]",0,0,6005,100976
yolov8x_training,1153.581290,79,219.628,13370.3125,95,795,10001,"[0, 100000]","[0, 100000]",0,0,4443,99804
yolov8x_training,1154.693190,81,219.676,13370.3125,76,945,10001,"[0, 100000]","[0, 100000]",0,0,15039,26611
yolov8x_training,1155.757611,80,221.976,13370.3125,16,2655,10001,"[0, 100000]","[0, 100000]",0,0,15625,25878
yolov8x_training,1156.801166,83,215.842,13370.3125,57,1875,10001,"[0, 100000]","[0, 100000]",0,0,6103,101220
yolov8x_training,1157.868942,83,218.725,13370.3125,100,780,10001,"[0, 100000]","[0, 100000]",0,0,341,292
yolov8x_training,1158.911550,79,203.147,13370.3125,53,795,10001,"[0, 100000]","[0, 100000]",0,0,927,292
yolov8x_training,1159.954294,82,217.784,13370.3125,24,1020,10001,"[0, 100000]","[0, 100000]",0,0,2294,7470
yolov8x_training,1160.997165,83,217.075,13370.3125,100,1845,10001,"[0, 100000]","[0, 100000]",0,0,2539,12011
yolov8x_training,1162.040306,84,220.668,13370.3125,96,2505,10001,"[0, 100000]","[0, 100000]",0,0,2685,13378
yolov8x_training,1163.083380,83,215.347,13370.3125,59,885,10001,"[0, 100000]","[0, 100000]",0,0,4101,14306
yolov8x_training,1164.126385,79,219.355,13370.3125,31,810,10001,"[0, 100000]","[0, 100000]",0,0,2832,23291
yolov8x_training,1165.169712,81,220.409,13370.3125,100,840,10001,"[0, 100000]","[0, 100000]",0,0,4980,23925
yolov8x_training,1166.216342,79,218.053,13370.3125,100,840,10001,"[0, 100000]","[0, 100000]",0,0,15039,25048
yolov8x_training,1167.259187,82,216.484,13370.3125,94,2430,10001,"[0, 100000]","[0, 100000]",0,0,6787,102099
yolov8x_training,1168.333360,83,214.997,13370.3125,33,855,10001,"[0, 100000]","[0, 100000]",0,0,4980,101904
yolov8x_training,1169.412029,83,219.096,13370.3125,42,2325,10001,"[0, 100000]","[0, 100000]",0,0,2978,37451
yolov8x_training,1170.482981,81,216.480,13370.3125,100,810,10001,"[0, 100000]","[0, 100000]",0,0,6591,99853
yolov8x_training,1171.557872,80,218.711,13370.3125,96,795,10001,"[0, 100000]","[0, 100000]",0,0,4003,34082
yolov8x_training,1172.620535,82,218.433,13370.3125,89,855,10001,"[0, 100000]","[0, 100000]",0,0,89697,22656
yolov8x_training,1173.703378,80,223.140,13370.3125,13,2655,10001,"[0, 100000]","[0, 100000]",0,0,90576,36523
yolov8x_training,1174.777853,83,215.698,13370.3125,80,1440,10001,"[0, 100000]","[0, 100000]",0,0,3466,34716
yolov8x_training,1175.844392,83,219.734,13370.3125,100,795,10001,"[0, 100000]","[0, 100000]",0,0,4101,33447
yolov8x_training,1176.910686,83,218.534,13370.3125,95,1395,10001,"[0, 100000]","[0, 100000]",0,0,90185,27001
yolov8x_training,1177.990830,79,218.428,13370.3125,74,810,10001,"[0, 100000]","[0, 100000]",0,0,90039,24804
yolov8x_training,1179.072124,81,216.243,13370.3125,17,960,10001,"[0, 100000]","[0, 100000]",0,0,2929,37011
yolov8x_training,1180.143003,83,219.504,13370.3125,100,840,10001,"[0, 100000]","[0, 100000]",0,0,4394,99609
yolov8x_training,1181.223782,81,221.583,13370.3125,95,2505,10001,"[0, 100000]","[0, 100000]",0,0,3271,36523
yolov8x_training,1182.291925,83,213.236,13370.3125,54,1575,10001,"[0, 100000]","[0, 100000]",0,0,341,292
yolov8x_training,1183.334649,82,183.106,13370.3125,89,2505,10001,"[0, 100000]","[0, 100000]",0,0,3222,35302
yolov8x_training,1184.404899,79,190.603,13370.3125,100,1545,10001,"[0, 100000]","[0, 100000]",0,0,3759,12158
yolov8x_training,1185.448123,81,203.401,13370.3125,79,855,10001,"[0, 100000]","[0, 100000]",0,0,89892,23583
yolov8x_training,1186.530041,80,199.255,13370.3125,92,855,10001,"[0, 100000]","[0, 100000]",0,0,2587,5371
yolov8x_training,1187.573700,78,202.854,13370.3125,100,825,10001,"[0, 100000]","[0, 100000]",0,0,341,244
yolov8x_training,1188.637096,80,199.806,13370.3125,46,840,10001,"[0, 100000]","[0, 100000]",0,0,13232,38623
yolov8x_training,1189.680104,82,185.895,13370.3125,0,2565,10001,"[0, 100000]","[0, 100000]",0,0,341,292
yolov8x_training,1190.739965,78,215.879,13370.3125,100,825,10001,"[0, 100000]","[0, 100000]",0,0,13916,32958
yolov8x_training,1191.783612,82,186.638,13370.3125,61,780,10001,"[0, 100000]","[0, 100000]",0,0,2392,5078
yolov8x_training,1192.826961,78,210.470,13370.3125,80,1275,10001,"[0, 100000]","[0, 100000]",0,0,2490,8496
yolov8x_training,1193.870063,80,215.982,13370.3125,14,2655,10001,"[0, 100000]","[0, 100000]",0,0,2734,14208
yolov8x_training,1194.913083,82,219.033,13370.3125,95,900,10001,"[0, 100000]","[0, 100000]",0,0,4150,16943
yolov8x_training,1195.956041,83,214.110,13370.3125,100,2505,10001,"[0, 100000]","[0, 100000]",0,0,5273,13867
yolov8x_training,1197.008237,83,220.428,13370.3125,95,1695,10001,"[0, 100000]","[0, 100000]",0,0,14941,23779
yolov8x_training,1198.069105,78,212.346,13370.3125,47,795,10001,"[0, 100000]","[0, 100000]",0,0,14941,28076
yolov8x_training,1199.135593,82,219.372,13370.3125,20,780,10001,"[0, 100000]","[0, 100000]",0,0,14892,32421
yolov8x_training,1200.213094,78,217.397,13370.3125,70,855,10001,"[0, 100000]","[0, 100000]",0,0,14843,30566
yolov8x_training,1201.288101,81,219.483,13370.3125,100,2505,10001,"[0, 100000]","[0, 100000]",0,0,15039,25000
yolov8x_training,1202.352305,82,219.768,13370.3125,94,1605,10001,"[0, 100000]","[0, 100000]",0,0,14892,31152
yolov8x_training,1203.395308,82,215.008,13370.3125,74,2625,10001,"[0, 100000]","[0, 100000]",0,0,6933,103125
yolov8x_training,1204.465176,79,217.166,13370.3125,31,840,10001,"[0, 100000]","[0, 100000]",0,0,89746,24316
yolov8x_training,1205.544657,80,214.066,13370.3125,100,795,10001,"[0, 100000]","[0, 100000]",0,0,341,1039990
yolov8x_training,1206.587791,82,218.944,13370.3125,95,1005,10001,"[0, 100000]","[0, 100000]",0,0,341,244
yolov8x_training,1207.630400,82,214.169,13370.3125,68,2595,10001,"[0, 100000]","[0, 100000]",0,0,1025,292
yolov8x_training,1208.673520,82,214.918,13370.3125,21,885,10001,"[0, 100000]","[0, 100000]",0,0,2392,9326
yolov8x_training,1209.716663,83,212.836,13370.3125,100,810,10001,"[0, 100000]","[0, 100000]",0,0,4003,14404
yolov8x_training,1210.759837,79,213.133,13370.3125,95,885,10001,"[0, 100000]","[0, 100000]",0,0,3320,25097
yolov8x_training,1211.839988,82,214.822,13370.3125,49,2325,10001,"[0, 100000]","[0, 100000]",0,0,15234,26367
yolov8x_training,1212.882863,83,214.409,13370.3125,56,810,10001,"[0, 100000]","[0, 100000]",0,0,4980,100732
yolov8x_training,1213.961157,82,213.332,13370.3125,100,885,10001,"[0, 100000]","[0, 100000]",0,0,3564,34716
yolov8x_training,1215.027872,79,214.984,13370.3125,95,795,10001,"[0, 100000]","[0, 100000]",0,0,341,1036669
yolov8x_training,1216.071116,82,215.994,13370.3125,22,870,10001,"[0, 100000]","[0, 100000]",0,0,341,292
yolov8x_training,1217.113784,82,216.452,13370.3125,100,2505,10001,"[0, 100000]","[0, 100000]",0,0,1855,124951
yolov8x_training,1218.158163,80,215.406,13370.3125,94,825,10001,"[0, 100000]","[0, 100000]",0,0,2832,8984
yolov8x_training,1219.201672,83,215.265,13370.3125,7,765,10001,"[0, 100000]","[0, 100000]",0,0,3076,22412
yolov8x_training,1220.255343,79,215.507,13370.3125,98,870,10001,"[0, 100000]","[0, 100000]",0,0,15185,23242
yolov8x_training,1221.323184,82,216.227,13370.3125,97,2280,10001,"[0, 100000]","[0, 100000]",0,0,14892,29492
yolov8x_training,1222.366027,83,214.729,13370.3125,85,795,10001,"[0, 100000]","[0, 100000]",0,0,5029,100341
yolov8x_training,1223.442518,81,215.729,13370.3125,19,870,10001,"[0, 100000]","[0, 100000]",0,0,89746,23388
yolov8x_training,1224.523763,79,215.123,13370.3125,100,795,10001,"[0, 100000]","[0, 100000]",0,0,292,1034375
yolov8x_training,1225.566586,82,217.385,13370.3125,95,1245,10001,"[0, 100000]","[0, 100000]",0,0,341,292
yolov8x_training,1226.609305,83,214.560,13370.3125,64,2505,10001,"[0, 100000]","[0, 100000]",0,0,2246,1318
yolov8x_training,1227.652794,81,214.908,13370.3125,25,900,10001,"[0, 100000]","[0, 100000]",0,0,2392,10009
yolov8x_training,1228.695722,83,213.747,13370.3125,100,810,10001,"[0, 100000]","[0, 100000]",0,0,3710,20361
yolov8x_training,1229.738673,79,214.230,13370.3125,95,855,10001,"[0, 100000]","[0, 100000]",0,0,4833,26318
yolov8x_training,1230.781728,82,214.648,13370.3125,63,2505,10001,"[0, 100000]","[0, 100000]",0,0,5908,98144
yolov8x_training,1231.842332,83,213.629,13370.3125,41,870,10001,"[0, 100000]","[0, 100000]",0,0,31494,37939
yolov8x_training,1232.915378,84,214.377,13370.3125,100,2040,10001,"[0, 100000]","[0, 100000]",0,0,89941,25683
yolov8x_training,1233.994212,79,215.380,13370.3125,94,795,10001,"[0, 100000]","[0, 100000]",0,0,292,1032128
yolov8x_training,1235.036900,82,215.437,13370.3125,44,1185,10001,"[0, 100000]","[0, 100000]",0,0,341,292
yolov8x_training,1236.079576,83,216.392,13370.3125,56,2310,10001,"[0, 100000]","[0, 100000]",0,0,1953,41601
yolov8x_training,1237.122592,81,214.563,13370.3125,96,1170,10001,"[0, 100000]","[0, 100000]",0,0,2539,10986
yolov8x_training,1238.165578,79,214.617,13370.3125,48,810,10001,"[0, 100000]","[0, 100000]",0,0,4199,16357
yolov8x_training,1239.210639,78,214.601,13370.3125,73,1140,10001,"[0, 100000]","[0, 100000]",0,0,14941,23974
yolov8x_training,1240.253648,82,214.039,13370.3125,100,1252,10001,"[0, 100000]","[0, 100000]",0,0,5957,101757
yolov8x_training,1241.319040,83,214.758,13370.3125,95,885,10001,"[0, 100000]","[0, 100000]",0,0,90283,28613
yolov8x_training,1242.394799,83,215.431,13370.3125,16,2235,10001,"[0, 100000]","[0, 100000]",0,0,89941,23925
yolov8x_training,1243.475152,78,218.494,13370.3125,57,855,10001,"[0, 100000]","[0, 100000]",0,0,90332,28125
yolov8x_training,1244.552552,80,216.028,13370.3125,100,825,10001,"[0, 100000]","[0, 100000]",0,0,4980,100341
yolov8x_training,1245.630609,82,218.876,13370.3125,95,1140,10001,"[0, 100000]","[0, 100000]",0,0,6542,101123
yolov8x_training,1246.703181,81,219.895,13370.3125,96,2205,10001,"[0, 100000]","[0, 100000]",0,0,5078,100048
yolov8x_training,1247.781258,82,221.629,13370.3125,26,2400,10001,"[0, 100000]","[0, 100000]",0,0,4003,33007
yolov8x_training,1248.845619,83,210.946,13370.3125,71,840,10001,"[0, 100000]","[0, 100000]",0,0,4882,100683
yolov8x_training,1249.925050,83,216.868,13370.3125,100,2265,10001,"[0, 100000]","[0, 100000]",0,0,4833,101904
yolov8x_training,1251.004989,78,215.088,13370.3125,95,795,10001,"[0, 100000]","[0, 100000]",0,0,3955,33691
yolov8x_training,1252.069148,82,218.957,13370.3125,72,810,10001,"[0, 100000]","[0, 100000]",0,0,48583,35742
yolov8x_training,1253.143480,82,204.728,13370.3125,100,2505,10001,"[0, 100000]","[0, 100000]",0,0,341,292
yolov8x_training,1254.186352,79,201.688,13370.3125,76,1050,10001,"[0, 100000]","[0, 100000]",0,0,89013,18750
yolov8x_training,1255.230235,81,199.591,13370.3125,0,780,10001,"[0, 100000]","[0, 100000]",0,0,4150,14599
yolov8x_training,1256.273099,82,178.777,13370.3125,67,1845,10001,"[0, 100000]","[0, 100000]",0,0,341,292
yolov8x_training,1257.315948,82,187.027,13370.3125,90,2505,10001,"[0, 100000]","[0, 100000]",0,0,292,292
yolov8x_training,1258.358773,79,201.254,13370.3125,100,855,10001,"[0, 100000]","[0, 100000]",0,0,3271,23632
yolov8x_training,1259.402775,78,200.798,13370.3125,0,765,10001,"[0, 100000]","[0, 100000]",0,0,1416,244
yolov8x_training,1260.445738,82,183.333,13370.3125,22,2355,10001,"[0, 100000]","[0, 100000]",0,0,341,1031982
yolov8x_training,1261.489051,82,179.470,13370.3125,95,870,10001,"[0, 100000]","[0, 100000]",0,0,2148,9667
yolov8x_training,1262.532224,82,215.647,13370.3125,75,1252,10001,"[0, 100000]","[0, 100000]",0,0,2490,11865
yolov8x_training,1263.575537,83,223.310,13370.3125,15,1845,10001,"[0, 100000]","[0, 100000]",0,0,3271,11914
yolov8x_training,1264.618553,78,215.190,13370.3125,91,795,10001,"[0, 100000]","[0, 100000]",0,0,3076,23095
yolov8x_training,1265.661517,81,216.563,13370.3125,100,765,10001,"[0, 100000]","[0, 100000]",0,0,4785,14892
yolov8x_training,1266.710078,78,218.833,13370.3125,96,1095,10001,"[0, 100000]","[0, 100000]",0,0,14843,25634
yolov8x_training,1267.768545,81,217.675,13370.3125,73,2505,10001,"[0, 100000]","[0, 100000]",0,0,15185,26464
yolov8x_training,1268.841212,82,221.087,13370.3125,16,1650,10001,"[0, 100000]","[0, 100000]",0,0,15087,24804
yolov8x_training,1269.921422,82,214.934,13370.3125,78,1860,10001,"[0, 100000]","[0, 100000]",0,0,15087,26757
yolov8x_training,1270.989387,82,216.397,13370.3125,100,2355,10001,"[0, 100000]","[0, 100000]",0,0,15087,25097
yolov8x_training,1272.046260,78,212.836,13370.3125,96,840,10001,"[0, 100000]","[0, 100000]",0,0,15429,26464
yolov8x_training,1273.123225,81,217.582,13370.3125,13,795,10001,"[0, 100000]","[0, 100000]",0,0,15136,24707
yolov8x_training,1274.166055,82,216.934,13370.3125,85,1425,10001,"[0, 100000]","[0, 100000]",0,0,5908,101513
yolov8x_training,1275.226176,81,220.305,13370.3125,100,990,10001,"[0, 100000]","[0, 100000]",0,0,6103,102050
yolov8x_training,1276.287561,82,220.593,13370.3125,95,2475,10001,"[0, 100000]","[0, 100000]",0,0,6250,103076
yolov8x_training,1277.356039,82,214.987,13370.3125,73,825,10001,"[0, 100000]","[0, 100000]",0,0,6298,101757
yolov8x_training,1278.429462,83,219.642,13370.3125,9,2355,10001,"[0, 100000]","[0, 100000]",0,0,6835,103662
yolov8x_training,1279.501286,78,214.284,13370.3125,67,870,10001,"[0, 100000]","[0, 100000]",0,0,6298,101660
yolov8x_training,1280.574865,81,217.257,13370.3125,100,825,10001,"[0, 100000]","[0, 100000]",0,0,6054,103222
yolov8x_training,1281.639563,82,218.193,13370.3125,95,1080,10001,"[0, 100000]","[0, 100000]",0,0,6542,103369
yolov8x_training,1282.711288,81,217.131,13370.3125,88,1590,10001,"[0, 100000]","[0, 100000]",0,0,5371,102636
yolov8x_training,1283.788281,79,224.589,13370.3125,17,2505,10001,"[0, 100000]","[0, 100000]",0,0,6347,101953
yolov8x_training,1284.891512,82,214.991,13370.3125,74,855,10001,"[0, 100000]","[0, 100000]",0,0,15136,25732
yolov8x_training,1285.958698,82,218.376,13370.3125,100,2535,10001,"[0, 100000]","[0, 100000]",0,0,15087,24755
yolov8x_training,1287.029805,80,213.851,13370.3125,95,885,10001,"[0, 100000]","[0, 100000]",0,0,15039,27734
yolov8x_training,1288.105392,83,217.228,13370.3125,22,810,10001,"[0, 100000]","[0, 100000]",0,0,14892,25048
yolov8x_training,1289.166695,79,217.160,13370.3125,50,855,10001,"[0, 100000]","[0, 100000]",0,0,15039,28906
yolov8x_training,1290.242309,81,218.004,13370.3125,100,870,10001,"[0, 100000]","[0, 100000]",0,0,15039,28564
yolov8x_training,1291.320103,79,218.835,13370.3125,96,2505,10001,"[0, 100000]","[0, 100000]",0,0,14892,26367
yolov8x_training,1292.401624,82,213.785,13370.3125,92,1200,10001,"[0, 100000]","[0, 100000]",0,0,14648,24707
yolov8x_training,1293.464806,82,216.822,13370.3125,18,2505,10001,"[0, 100000]","[0, 100000]",0,0,15039,30175
yolov8x_training,1294.546758,82,215.946,13370.3125,76,840,10001,"[0, 100000]","[0, 100000]",0,0,14843,27832
yolov8x_training,1295.622485,78,217.445,13370.3125,100,765,10001,"[0, 100000]","[0, 100000]",0,0,14697,29248
yolov8x_training,1296.665288,79,218.644,13370.3125,96,1230,10001,"[0, 100000]","[0, 100000]",0,0,6250,101367
yolov8x_training,1297.735052,78,214.803,13370.3125,55,2505,10001,"[0, 100000]","[0, 100000]",0,0,4980,103759
yolov8x_training,1298.813268,81,217.714,13370.3125,51,1485,10001,"[0, 100000]","[0, 100000]",0,0,6250,102001
yolov8x_training,1299.886982,83,215.135,13370.3125,100,795,10001,"[0, 100000]","[0, 100000]",0,0,6298,103222
yolov8x_training,1300.961726,82,219.021,13370.3125,99,1020,10001,"[0, 100000]","[0, 100000]",0,0,4101,32617
yolov8x_training,1302.028197,83,214.568,13370.3125,94,795,10001,"[0, 100000]","[0, 100000]",0,0,5517,102832
yolov8x_training,1303.105168,79,219.174,13370.3125,47,795,10001,"[0, 100000]","[0, 100000]",0,0,6738,102636
yolov8x_training,1304.177094,81,219.539,13370.3125,100,840,10001,"[0, 100000]","[0, 100000]",0,0,6591,103173
yolov8x_training,1305.249789,79,219.480,13370.3125,100,2505,10001,"[0, 100000]","[0, 100000]",0,0,4492,101464
yolov8x_training,1306.332325,82,214.173,13370.3125,95,885,10001,"[0, 100000]","[0, 100000]",0,0,5957,102978
yolov8x_training,1307.396377,83,217.526,13370.3125,27,810,10001,"[0, 100000]","[0, 100000]",0,0,6250,103417
yolov8x_training,1308.471768,81,220.617,13370.3125,61,870,10001,"[0, 100000]","[0, 100000]",0,0,5273,103320
yolov8x_training,1309.549818,83,217.615,13370.3125,100,795,10001,"[0, 100000]","[0, 100000]",0,0,6396,101025
yolov8x_training,1310.616847,79,218.450,13370.3125,96,840,10001,"[0, 100000]","[0, 100000]",0,0,5957,101220
yolov8x_training,1311.680657,82,219.498,13370.3125,86,855,10001,"[0, 100000]","[0, 100000]",0,0,5175,102978
yolov8x_training,1312.759751,79,220.049,13370.3125,35,1252,10001,"[0, 100000]","[0, 100000]",0,0,6542,100439
yolov8x_training,1313.832491,82,214.847,13370.3125,60,1680,10001,"[0, 100000]","[0, 100000]",0,0,6298,102246
yolov8x_training,1314.906709,82,216.632,13370.3125,100,2505,10001,"[0, 100000]","[0, 100000]",0,0,5810,102832
yolov8x_training,1315.969313,82,217.549,13370.3125,94,1605,10001,"[0, 100000]","[0, 100000]",0,0,4492,103369
yolov8x_training,1317.049755,80,217.717,13370.3125,87,780,10001,"[0, 100000]","[0, 100000]",0,0,4980,103955
yolov8x_training,1318.128442,79,218.491,13370.3125,76,795,10001,"[0, 100000]","[0, 100000]",0,0,6298,102246
yolov8x_training,1319.241723,81,220.809,13370.3125,100,855,10001,"[0, 100000]","[0, 100000]",0,0,15136,27246
yolov8x_training,1320.325380,79,218.848,13370.3125,96,2610,10001,"[0, 100000]","[0, 100000]",0,0,14990,24707
yolov8x_training,1321.368314,82,214.636,13370.3125,63,870,10001,"[0, 100000]","[0, 100000]",0,0,6298,102001
yolov8x_training,1322.429704,83,219.039,13370.3125,15,2370,10001,"[0, 100000]","[0, 100000]",0,0,3857,32861
yolov8x_training,1323.495894,83,216.964,13370.3125,100,825,10001,"[0, 100000]","[0, 100000]",0,0,3564,34570
yolov8x_training,1324.564927,79,217.993,13370.3125,100,810,10001,"[0, 100000]","[0, 100000]",0,0,90673,34912
yolov8x_training,1325.640814,82,218.365,13370.3125,95,975,10001,"[0, 100000]","[0, 100000]",0,0,90429,29345
yolov8x_training,1326.717200,79,218.435,13370.3125,48,1770,10001,"[0, 100000]","[0, 100000]",0,0,89892,24902
yolov8x_training,1327.797816,82,217.954,13370.3125,49,1965,10001,"[0, 100000]","[0, 100000]",0,0,5029,100585
yolov8x_training,1328.875921,83,215.690,13370.3125,100,780,10001,"[0, 100000]","[0, 100000]",0,0,2880,38623
yolov8x_training,1329.944488,82,219.353,13370.3125,94,1830,10001,"[0, 100000]","[0, 100000]",0,0,3955,33447
yolov8x_training,1331.009335,83,217.274,13370.3125,96,825,10001,"[0, 100000]","[0, 100000]",0,0,4394,101855
yolov8x_training,1332.090742,79,218.543,13370.3125,45,780,10001,"[0, 100000]","[0, 100000]",0,0,6054,101513
yolov8x_training,1333.157119,82,218.501,13370.3125,100,1020,10001,"[0, 100000]","[0, 100000]",0,0,4638,103125
yolov8x_training,1334.238455,79,218.971,13370.3125,96,2505,10001,"[0, 100000]","[0, 100000]",0,0,4687,103759
yolov8x_training,1335.318818,82,215.975,13370.3125,95,1980,10001,"[0, 100000]","[0, 100000]",0,0,6835,101855
yolov8x_training,1336.387049,83,214.907,13370.3125,35,780,10001,"[0, 100000]","[0, 100000]",0,0,6201,102880
yolov8x_training,1337.454577,81,217.528,13370.3125,58,1680,10001,"[0, 100000]","[0, 100000]",0,0,4443,103320
yolov8x_training,1338.537276,81,217.406,13370.3125,100,780,10001,"[0, 100000]","[0, 100000]",0,0,6054,102441
yolov8x_training,1339.612139,79,220.478,13370.3125,96,795,10001,"[0, 100000]","[0, 100000]",0,0,6738,101904
yolov8x_training,1340.683563,82,219.559,13370.3125,87,855,10001,"[0, 100000]","[0, 100000]",0,0,5859,103125
yolov8x_training,1341.750629,79,218.844,13370.3125,16,2505,10001,"[0, 100000]","[0, 100000]",0,0,4492,102490
yolov8x_training,1342.832701,82,215.391,13370.3125,67,1020,10001,"[0, 100000]","[0, 100000]",0,0,6005,101806
yolov8x_training,1343.908778,83,217.904,13370.3125,100,2535,10001,"[0, 100000]","[0, 100000]",0,0,4199,35009
yolov8x_training,1344.971291,83,219.603,13370.3125,95,885,10001,"[0, 100000]","[0, 100000]",0,0,4052,33935
yolov8x_training,1346.035881,79,219.415,13370.3125,76,825,10001,"[0, 100000]","[0, 100000]",0,0,90429,27929
yolov8x_training,1347.113399,80,218.499,13370.3125,88,1020,10001,"[0, 100000]","[0, 100000]",0,0,3564,35449
yolov8x_training,1348.179579,82,217.623,13370.3125,100,855,10001,"[0, 100000]","[0, 100000]",0,0,88769,15429
yolov8x_training,1349.223141,81,219.007,13370.3125,96,2355,10001,"[0, 100000]","[0, 100000]",0,0,341,1035937
yolov8x_training,1350.265922,82,214.879,13370.3125,58,810,10001,"[0, 100000]","[0, 100000]",0,0,341,439
yolov8x_training,1351.308795,83,219.535,13370.3125,35,810,10001,"[0, 100000]","[0, 100000]",0,0,1562,292
yolov8x_training,1352.351764,84,218.099,13370.3125,100,1530,10001,"[0, 100000]","[0, 100000]",0,0,2343,6933
yolov8x_training,1353.395052,79,219.784,13370.3125,100,1320,10001,"[0, 100000]","[0, 100000]",0,0,2197,10253
yolov8x_training,1354.438040,82,219.167,13370.3125,95,1425,10001,"[0, 100000]","[0, 100000]",0,0,2685,13281
yolov8x_training,1355.480955,83,214.371,13370.3125,64,870,10001,"[0, 100000]","[0, 100000]",0,0,3759,13085
yolov8x_training,1356.523854,82,224.020,13370.3125,16,2505,10001,"[0, 100000]","[0, 100000]",0,0,4150,18457
yolov8x_training,1357.567173,83,215.506,13370.3125,86,1335,10001,"[0, 100000]","[0, 100000]",0,0,4296,15380
yolov8x_training,1358.614061,79,215.992,13370.3125,100,795,10001,"[0, 100000]","[0, 100000]",0,0,15039,26220
yolov8x_training,1359.657111,81,220.485,13370.3125,96,795,10001,"[0, 100000]","[0, 100000]",0,0,6250,102099
yolov8x_training,1360.753929,79,217.426,13370.3125,51,855,10001,"[0, 100000]","[0, 100000]",0,0,15234,24316
yolov8x_training,1361.797249,82,217.008,13370.3125,36,2475,10001,"[0, 100000]","[0, 100000]",0,0,5761,103027
yolov8x_training,1362.874288,83,214.323,13370.3125,100,840,10001,"[0, 100000]","[0, 100000]",0,0,4882,103320
yolov8x_training,1363.954216,81,217.984,13370.3125,96,1965,10001,"[0, 100000]","[0, 100000]",0,0,4150,102099
yolov8x_training,1365.035619,82,217.652,13370.3125,84,825,10001,"[0, 100000]","[0, 100000]",0,0,6005,103369
yolov8x_training,1366.100703,80,216.713,13370.3125,24,780,10001,"[0, 100000]","[0, 100000]",0,0,4492,102050
yolov8x_training,1367.181271,82,217.815,13370.3125,100,840,10001,"[0, 100000]","[0, 100000]",0,0,4443,102148
yolov8x_training,1368.262797,80,223.916,13370.3125,95,2655,10001,"[0, 100000]","[0, 100000]",0,0,4199,31835
yolov8x_training,1369.326570,83,214.656,13370.3125,64,900,10001,"[0, 100000]","[0, 100000]",0,0,6445,101904
yolov8x_training,1370.399895,83,220.764,13370.3125,12,795,10001,"[0, 100000]","[0, 100000]",0,0,5957,102099
yolov8x_training,1371.475250,83,218.305,13370.3125,91,1230,10001,"[0, 100000]","[0, 100000]",0,0,4931,103222
yolov8x_training,1372.553006,79,216.903,13370.3125,100,795,10001,"[0, 100000]","[0, 100000]",0,0,3027,36523
yolov8x_training,1373.625717,82,217.859,13370.3125,96,945,10001,"[0, 100000]","[0, 100000]",0,0,3417,36279
yolov8x_training,1374.693110,83,215.121,13370.3125,30,2445,10001,"[0, 100000]","[0, 100000]",0,0,341,1038476
yolov8x_training,1375.735770,83,215.129,13370.3125,58,1830,10001,"[0, 100000]","[0, 100000]",0,0,341,292
yolov8x_training,1376.778448,83,214.877,13370.3125,100,795,10001,"[0, 100000]","[0, 100000]",0,0,2294,114990
yolov8x_training,1377.822477,84,217.600,13370.3125,95,945,10001,"[0, 100000]","[0, 100000]",0,0,2392,10302
yolov8x_training,1378.865586,79,217.451,13370.3125,57,1275,10001,"[0, 100000]","[0, 100000]",0,0,2832,13574
yolov8x_training,1379.908438,82,215.602,13370.3125,38,2475,10001,"[0, 100000]","[0, 100000]",0,0,2636,20703
yolov8x_training,1380.951299,83,213.408,13370.3125,100,1095,10001,"[0, 100000]","[0, 100000]",0,0,3320,19091
yolov8x_training,1381.995677,83,220.489,13370.3125,100,2325,10001,"[0, 100000]","[0, 100000]",0,0,7568,31103
yolov8x_training,1383.070127,81,217.231,13370.3125,96,810,10001,"[0, 100000]","[0, 100000]",0,0,14892,25830
yolov8x_training,1384.113277,79,218.171,13370.3125,75,810,10001,"[0, 100000]","[0, 100000]",0,0,6445,101757
yolov8x_training,1385.186693,83,215.448,13370.3125,100,840,10001,"[0, 100000]","[0, 100000]",0,0,6494,103173
yolov8x_training,1386.257373,80,221.531,13370.3125,96,2625,10001,"[0, 100000]","[0, 100000]",0,0,6542,103076
yolov8x_training,1387.330821,83,215.359,13370.3125,66,1020,10001,"[0, 100000]","[0, 100000]",0,0,6054,102832
yolov8x_training,1388.407122,83,219.242,13370.3125,16,780,10001,"[0, 100000]","[0, 100000]",0,0,48486,35742
yolov8x_training,1389.481330,83,216.854,13370.3125,100,885,10001,"[0, 100000]","[0, 100000]",0,0,6005,102783
yolov8x_training,1390.556961,79,217.173,13370.3125,100,810,10001,"[0, 100000]","[0, 100000]",0,0,3515,34716
yolov8x_training,1391.624584,82,217.441,13370.3125,96,1215,10001,"[0, 100000]","[0, 100000]",0,0,89062,18603
yolov8x_training,1392.667681,83,220.198,13370.3125,34,1350,10001,"[0, 100000]","[0, 100000]",0,0,292,292
yolov8x_training,1393.710443,82,215.991,13370.3125,60,2220,10001,"[0, 100000]","[0, 100000]",0,0,341,292
yolov8x_training,1394.753118,83,216.420,13370.3125,100,780,10001,"[0, 100000]","[0, 100000]",0,0,1318,292
yolov8x_training,1395.795887,81,220.192,13370.3125,96,795,10001,"[0, 100000]","[0, 100000]",0,0,2050,7666
yolov8x_training,1396.839111,80,218.289,13370.3125,80,870,10001,"[0, 100000]","[0, 100000]",0,0,2734,9863
yolov8x_training,1397.881974,80,218.975,13370.3125,14,1252,10001,"[0, 100000]","[0, 100000]",0,0,4150,14160
yolov8x_training,1398.924891,83,214.466,13370.3125,79,1005,10001,"[0, 100000]","[0, 100000]",0,0,3173,23925
yolov8x_training,1399.967847,83,218.550,13370.3125,100,1327,10001,"[0, 100000]","[0, 100000]",0,0,3662,21826
yolov8x_training,1401.010832,82,221.185,13370.3125,95,2325,10001,"[0, 100000]","[0, 100000]",0,0,5468,27294
yolov8x_training,1402.064545,81,218.972,13370.3125,85,840,10001,"[0, 100000]","[0, 100000]",0,0,15234,25146
yolov8x_training,1403.143111,79,218.083,13370.3125,68,795,10001,"[0, 100000]","[0, 100000]",0,0,14892,25097
yolov8x_training,1404.219857,80,220.707,13370.3125,100,960,10001,"[0, 100000]","[0, 100000]",0,0,15087,22558
yolov8x_training,1405.285352,79,218.157,13370.3125,96,1365,10001,"[0, 100000]","[0, 100000]",0,0,15039,27490
yolov8x_training,1406.344152,82,217.247,13370.3125,86,2325,10001,"[0, 100000]","[0, 100000]",0,0,15380,26025
yolov8x_training,1407.413132,83,220.634,13370.3125,28,885,10001,"[0, 100000]","[0, 100000]",0,0,15380,25976
yolov8x_training,1408.477150,83,213.558,13370.3125,39,1252,10001,"[0, 100000]","[0, 100000]",0,0,15380,20068
yolov8x_training,1409.529428,83,227.237,13370.3125,100,1455,10001,"[0, 100000]","[0, 100000]",0,0,15185,29052
yolov8x_training,1410.572483,79,216.530,13370.3125,100,795,10001,"[0, 100000]","[0, 100000]",0,0,6054,99951
yolov8x_training,1411.636893,83,193.426,13370.3125,57,2505,10001,"[0, 100000]","[0, 100000]",0,0,2050,8886
yolov8x_training,1412.680465,80,205.635,13370.3125,90,1035,10001,"[0, 100000]","[0, 100000]",0,0,292,244
yolov8x_training,1413.725945,78,199.422,13370.3125,20,795,10001,"[0, 100000]","[0, 100000]",0,0,14111,32080
yolov8x_training,1414.769267,82,195.487,13370.3125,26,2070,10001,"[0, 100000]","[0, 100000]",0,0,341,292
yolov8x_training,1415.811810,83,214.841,13370.3125,65,810,10001,"[0, 100000]","[0, 100000]",0,0,341,292
yolov8x_training,1416.854400,83,218.269,13370.3125,100,765,10001,"[0, 100000]","[0, 100000]",0,0,1123,292
yolov8x_training,1417.897355,79,219.019,13370.3125,95,870,10001,"[0, 100000]","[0, 100000]",0,0,2050,7861
yolov8x_training,1418.940462,82,218.519,13370.3125,72,780,10001,"[0, 100000]","[0, 100000]",0,0,2636,9130
yolov8x_training,1419.983366,82,221.647,13370.3125,15,870,10001,"[0, 100000]","[0, 100000]",0,0,2929,12841
yolov8x_training,1421.027125,82,215.625,13370.3125,77,2535,10001,"[0, 100000]","[0, 100000]",0,0,3271,18066
yolov8x_training,1422.073122,83,216.431,13370.3125,100,900,10001,"[0, 100000]","[0, 100000]",0,0,14843,23535
yolov8x_training,1423.134966,79,213.358,13370.3125,46,795,10001,"[0, 100000]","[0, 100000]",0,0,15332,25292
yolov8x_training,1424.213082,82,220.295,13370.3125,42,1500,10001,"[0, 100000]","[0, 100000]",0,0,15136,26269
yolov8x_training,1425.293187,80,218.063,13370.3125,100,2565,10001,"[0, 100000]","[0, 100000]",0,0,15039,25976
yolov8x_training,1426.336142,82,218.060,13370.3125,96,2145,10001,"[0, 100000]","[0, 100000]",0,0,6054,100488
yolov8x_training,1427.427865,83,215.855,13370.3125,95,1485,10001,"[0, 100000]","[0, 100000]",0,0,15185,27294
yolov8x_training,1428.510944,83,217.035,13370.3125,33,2160,10001,"[0, 100000]","[0, 100000]",0,0,15087,25781
yolov8x_training,1429.590816,79,215.186,13370.3125,68,810,10001,"[0, 100000]","[0, 100000]",0,0,15234,25927
yolov8x_training,1430.663368,80,218.974,13370.3125,100,795,10001,"[0, 100000]","[0, 100000]",0,0,15039,25048
yolov8x_training,1431.738817,79,217.383,13370.3125,95,810,10001,"[0, 100000]","[0, 100000]",0,0,14843,29833
yolov8x_training,1432.810395,82,220.596,13370.3125,78,2505,10001,"[0, 100000]","[0, 100000]",0,0,15039,26025
yolov8x_training,1433.886912,82,221.710,13370.3125,19,1530,10001,"[0, 100000]","[0, 100000]",0,0,15136,25732
yolov8x_training,1434.930259,83,213.189,13370.3125,75,1290,10001,"[0, 100000]","[0, 100000]",0,0,6494,98632
yolov8x_training,1436.001230,83,218.010,13370.3125,100,885,10001,"[0, 100000]","[0, 100000]",0,0,5908,101708
yolov8x_training,1437.067778,79,215.674,13370.3125,95,810,10001,"[0, 100000]","[0, 100000]",0,0,4150,32763
yolov8x_training,1438.129330,82,216.991,13370.3125,53,1110,10001,"[0, 100000]","[0, 100000]",0,0,89208,20312
yolov8x_training,1439.172785,83,221.909,13370.3125,100,1260,10001,"[0, 100000]","[0, 100000]",0,0,341,1033642
yolov8x_training,1440.215450,81,217.338,13370.3125,100,2355,10001,"[0, 100000]","[0, 100000]",0,0,341,292
yolov8x_training,1441.258062,83,218.230,13370.3125,95,885,10001,"[0, 100000]","[0, 100000]",0,0,585,292
yolov8x_training,1442.300758,83,214.835,13370.3125,26,795,10001,"[0, 100000]","[0, 100000]",0,0,2246,6494
yolov8x_training,1443.344042,79,216.282,13370.3125,60,1200,10001,"[0, 100000]","[0, 100000]",0,0,2587,10009
yolov8x_training,1444.387284,81,218.683,13370.3125,100,2505,10001,"[0, 100000]","[0, 100000]",0,0,4052,13671
yolov8x_training,1445.430324,83,219.475,13370.3125,95,1035,10001,"[0, 100000]","[0, 100000]",0,0,3173,23974
yolov8x_training,1446.476756,83,214.309,13370.3125,78,2505,10001,"[0, 100000]","[0, 100000]",0,0,14746,28173
yolov8x_training,1447.545041,83,220.748,13370.3125,20,1560,10001,"[0, 100000]","[0, 100000]",0,0,15087,26367
yolov8x_training,1448.624924,79,215.645,13370.3125,100,795,10001,"[0, 100000]","[0, 100000]",0,0,15087,25976
yolov8x_training,1449.667762,82,218.864,13370.3125,100,945,10001,"[0, 100000]","[0, 100000]",0,0,5859,102490
yolov8x_training,1450.728686,80,218.849,13370.3125,95,855,10001,"[0, 100000]","[0, 100000]",0,0,4638,101367
yolov8x_training,1451.844154,82,218.896,13370.3125,37,2505,10001,"[0, 100000]","[0, 100000]",0,0,14941,26123
yolov8x_training,1452.923794,83,215.606,13370.3125,52,945,10001,"[0, 100000]","[0, 100000]",0,0,15136,27294
yolov8x_training,1453.999657,83,218.061,13370.3125,100,2475,10001,"[0, 100000]","[0, 100000]",0,0,15429,26416
yolov8x_training,1455.074458,80,215.379,13370.3125,96,870,10001,"[0, 100000]","[0, 100000]",0,0,14941,27880
yolov8x_training,1456.127694,80,215.399,13370.3125,45,825,10001,"[0, 100000]","[0, 100000]",0,0,15380,27539
yolov8x_training,1457.202202,83,218.846,13370.3125,47,960,10001,"[0, 100000]","[0, 100000]",0,0,15039,26074
yolov8x_training,1458.282945,80,219.849,13370.3125,100,1140,10001,"[0, 100000]","[0, 100000]",0,0,15039,26953
yolov8x_training,1459.326041,83,217.411,13370.3125,96,2490,10001,"[0, 100000]","[0, 100000]",0,0,5078,99218
yolov8x_training,1460.442669,83,215.962,13370.3125,80,2325,10001,"[0, 100000]","[0, 100000]",0,0,15136,27197
yolov8x_training,1461.516655,83,218.242,13370.3125,22,2085,10001,"[0, 100000]","[0, 100000]",0,0,15039,27587
yolov8x_training,1462.592566,79,214.872,13370.3125,77,780,10001,"[0, 100000]","[0, 100000]",0,0,14794,31103
yolov8x_training,1463.674763,82,217.561,13370.3125,100,810,10001,"[0, 100000]","[0, 100000]",0,0,15039,25488
yolov8x_training,1464.739306,79,217.525,13370.3125,95,900,10001,"[0, 100000]","[0, 100000]",0,0,15185,27539
yolov8x_training,1465.782522,82,218.539,13370.3125,58,1252,10001,"[0, 100000]","[0, 100000]",0,0,6152,100683
yolov8x_training,1466.844380,83,218.138,13370.3125,20,1035,10001,"[0, 100000]","[0, 100000]",0,0,90527,35156
yolov8x_training,1467.919515,81,214.643,13370.3125,100,780,10001,"[0, 100000]","[0, 100000]",0,0,2978,37646
yolov8x_training,1468.991364,80,219.467,13370.3125,95,900,10001,"[0, 100000]","[0, 100000]",0,0,6347,102978
yolov8x_training,1470.063749,80,214.818,13370.3125,95,810,10001,"[0, 100000]","[0, 100000]",0,0,3027,38476
yolov8x_training,1471.124977,82,218.949,13370.3125,57,1140,10001,"[0, 100000]","[0, 100000]",0,0,89648,22412
yolov8x_training,1472.207203,83,221.808,13370.3125,100,915,10001,"[0, 100000]","[0, 100000]",0,0,48144,37890
yolov8x_training,1473.279514,82,216.967,13370.3125,99,2505,10001,"[0, 100000]","[0, 100000]",0,0,4980,97265
yolov8x_training,1474.357836,83,215.945,13370.3125,91,870,10001,"[0, 100000]","[0, 100000]",0,0,3027,37353
yolov8x_training,1475.428305,83,215.297,13370.3125,15,2205,10001,"[0, 100000]","[0, 100000]",0,0,90283,28222
yolov8x_training,1476.507094,79,218.791,13370.3125,60,825,10001,"[0, 100000]","[0, 100000]",0,0,89843,25292
yolov8x_training,1477.587913,81,218.127,13370.3125,100,810,10001,"[0, 100000]","[0, 100000]",0,0,6933,102197
yolov8x_training,1478.658987,83,216.528,13370.3125,94,1395,10001,"[0, 100000]","[0, 100000]",0,0,4150,35205
yolov8x_training,1479.720187,83,218.005,13370.3125,88,2505,10001,"[0, 100000]","[0, 100000]",0,0,90039,25927
yolov8x_training,1480.799189,83,223.561,13370.3125,11,2145,10001,"[0, 100000]","[0, 100000]",0,0,89990,25732
yolov8x_training,1481.877573,83,215.004,13370.3125,78,795,10001,"[0, 100000]","[0, 100000]",0,0,6347,101220
yolov8x_training,1482.953445,83,220.073,13370.3125,100,2190,10001,"[0, 100000]","[0, 100000]",0,0,4833,101611
yolov8x_training,1484.034509,79,215.728,13370.3125,94,825,10001,"[0, 100000]","[0, 100000]",0,0,4589,101074
yolov8x_training,1485.112592,82,218.332,13370.3125,72,810,10001,"[0, 100000]","[0, 100000]",0,0,6152,99609
yolov8x_training,1486.187952,83,217.764,13370.3125,78,1140,10001,"[0, 100000]","[0, 100000]",0,0,5859,102050
yolov8x_training,1487.252043,82,217.097,13370.3125,100,2505,10001,"[0, 100000]","[0, 100000]",0,0,4931,102050
yolov8x_training,1488.329809,83,224.029,13370.3125,95,2250,10001,"[0, 100000]","[0, 100000]",0,0,6689,99658
yolov8x_training,1489.399387,83,213.865,13370.3125,81,825,10001,"[0, 100000]","[0, 100000]",0,0,4199,33886
yolov8x_training,1490.462501,83,217.657,13370.3125,17,2235,10001,"[0, 100000]","[0, 100000]",0,0,292,292
yolov8x_training,1491.505166,83,193.213,13370.3125,91,2505,10001,"[0, 100000]","[0, 100000]",0,0,5468,28173
yolov8x_training,1492.548186,80,203.244,13370.3125,100,1365,10001,"[0, 100000]","[0, 100000]",0,0,4638,81982
yolov8x_training,1493.592451,78,200.927,13370.3125,45,780,10001,"[0, 100000]","[0, 100000]",0,0,292,341
yolov8x_training,1494.635243,82,183.752,13370.3125,17,2445,10001,"[0, 100000]","[0, 100000]",0,0,4199,16406
yolov8x_training,1495.678821,83,186.927,13370.3125,89,2505,10001,"[0, 100000]","[0, 100000]",0,0,341,292
yolov8x_training,1496.721643,80,200.964,13370.3125,100,1125,10001,"[0, 100000]","[0, 100000]",0,0,341,1030273
yolov8x_training,1497.764395,82,199.159,13370.3125,36,780,10001,"[0, 100000]","[0, 100000]",0,0,3955,15039
yolov8x_training,1498.807372,82,181.949,13370.3125,7,2445,10001,"[0, 100000]","[0, 100000]",0,0,341,341
yolov8x_training,1499.850168,78,189.052,13370.3125,90,2505,10001,"[0, 100000]","[0, 100000]",0,0,6640,23193
yolov8x_training,1500.893376,81,216.740,13370.3125,49,1620,10001,"[0, 100000]","[0, 100000]",0,0,13378,26660
yolov8x_training,1501.963554,82,213.850,13370.3125,100,2505,10001,"[0, 100000]","[0, 100000]",0,0,15185,27099
yolov8x_training,1503.045158,82,216.501,13370.3125,100,1575,10001,"[0, 100000]","[0, 100000]",0,0,14990,25927
yolov8x_training,1504.124774,83,214.475,13370.3125,95,825,10001,"[0, 100000]","[0, 100000]",0,0,14843,22705
yolov8x_training,1505.197469,79,218.034,13370.3125,47,810,10001,"[0, 100000]","[0, 100000]",0,0,14990,29589
yolov8x_training,1506.276164,81,217.509,13370.3125,100,960,10001,"[0, 100000]","[0, 100000]",0,0,14990,29931
yolov8x_training,1507.345685,79,220.761,13370.3125,96,2505,10001,"[0, 100000]","[0, 100000]",0,0,15332,24804
yolov8x_training,1508.421677,82,213.815,13370.3125,96,1110,10001,"[0, 100000]","[0, 100000]",0,0,14843,24951
yolov8x_training,1509.482370,82,215.324,13370.3125,26,1252,10001,"[0, 100000]","[0, 100000]",0,0,14843,26464
yolov8x_training,1510.525283,78,202.644,13370.3125,100,840,10001,"[0, 100000]","[0, 100000]",0,0,2441,10253
yolov8x_training,1511.568464,80,201.802,13370.3125,47,825,10001,"[0, 100000]","[0, 100000]",0,0,341,292
yolov8x_training,1512.628544,82,187.365,13370.3125,0,1125,10001,"[0, 100000]","[0, 100000]",0,0,14062,31396
yolov8x_training,1513.671921,81,194.299,13370.3125,81,1260,10001,"[0, 100000]","[0, 100000]",0,0,341,292
yolov8x_training,1514.714525,82,223.160,13370.3125,13,2490,10001,"[0, 100000]","[0, 100000]",0,0,341,341
yolov8x_training,1515.757182,82,213.531,13370.3125,79,825,10001,"[0, 100000]","[0, 100000]",0,0,1269,292
yolov8x_training,1516.801590,82,218.477,13370.3125,100,780,10001,"[0, 100000]","[0, 100000]",0,0,2343,6445
yolov8x_training,1517.844425,83,219.424,13370.3125,96,1095,10001,"[0, 100000]","[0, 100000]",0,0,2490,8642
yolov8x_training,1518.887844,78,219.011,13370.3125,78,1350,10001,"[0, 100000]","[0, 100000]",0,0,2978,13330
yolov8x_training,1519.930716,80,219.306,13370.3125,24,2100,10001,"[0, 100000]","[0, 100000]",0,0,2978,23486
yolov8x_training,1520.973688,82,215.462,13370.3125,86,2505,10001,"[0, 100000]","[0, 100000]",0,0,4736,16503
yolov8x_training,1522.037558,83,217.563,13370.3125,100,1830,10001,"[0, 100000]","[0, 100000]",0,0,14843,23144
yolov8x_training,1523.088114,82,213.061,13370.3125,95,810,10001,"[0, 100000]","[0, 100000]",0,0,14990,27539
yolov8x_training,1524.131046,78,217.595,13370.3125,64,765,10001,"[0, 100000]","[0, 100000]",0,0,6298,103417
yolov8x_training,1525.199043,81,217.457,13370.3125,100,855,10001,"[0, 100000]","[0, 100000]",0,0,6298,102880
yolov8x_training,1526.273300,78,217.187,13370.3125,100,1252,10001,"[0, 100000]","[0, 100000]",0,0,3564,34814
yolov8x_training,1527.341306,81,215.348,13370.3125,96,900,10001,"[0, 100000]","[0, 100000]",0,0,3271,35888
yolov8x_training,1528.411233,82,215.880,13370.3125,11,780,10001,"[0, 100000]","[0, 100000]",0,0,89404,21142
yolov8x_training,1529.454791,81,219.286,13370.3125,78,1080,10001,"[0, 100000]","[0, 100000]",0,0,292,1034912
yolov8x_training,1530.497594,81,222.194,13370.3125,100,795,10001,"[0, 100000]","[0, 100000]",0,0,341,292
yolov8x_training,1531.540174,79,217.237,13370.3125,96,780,10001,"[0, 100000]","[0, 100000]",0,0,341,292
yolov8x_training,1532.582827,82,218.763,13370.3125,82,840,10001,"[0, 100000]","[0, 100000]",0,0,2587,3466
yolov8x_training,1533.625937,83,222.625,13370.3125,22,2505,10001,"[0, 100000]","[0, 100000]",0,0,2294,9716
yolov8x_training,1534.668949,80,213.165,13370.3125,63,1365,10001,"[0, 100000]","[0, 100000]",0,0,2587,11279
yolov8x_training,1535.711800,80,217.607,13370.3125,100,810,10001,"[0, 100000]","[0, 100000]",0,0,3955,13525
yolov8x_training,1536.754738,83,214.297,13370.3125,95,1080,10001,"[0, 100000]","[0, 100000]",0,0,4785,15771
yolov8x_training,1537.810535,78,217.012,13370.3125,57,1110,10001,"[0, 100000]","[0, 100000]",0,0,15283,26367
yolov8x_training,1538.867632,81,220.014,13370.3125,28,2370,10001,"[0, 100000]","[0, 100000]",0,0,14892,31201
yolov8x_training,1539.935731,82,214.089,13370.3125,99,900,10001,"[0, 100000]","[0, 100000]",0,0,15185,26025
yolov8x_training,1541.015388,83,220.298,13370.3125,100,2475,10001,"[0, 100000]","[0, 100000]",0,0,15283,27294
yolov8x_training,1542.058196,83,213.859,13370.3125,94,810,10001,"[0, 100000]","[0, 100000]",0,0,6298,100830
yolov8x_training,1543.171753,79,218.932,13370.3125,42,810,10001,"[0, 100000]","[0, 100000]",0,0,15136,27001
yolov8x_training,1544.250941,83,218.842,13370.3125,100,810,10001,"[0, 100000]","[0, 100000]",0,0,15283,26611
yolov8x_training,1545.316066,79,220.432,13370.3125,96,2505,10001,"[0, 100000]","[0, 100000]",0,0,15087,25683
yolov8x_training,1546.358850,82,217.012,13370.3125,95,2220,10001,"[0, 100000]","[0, 100000]",0,0,5859,100048
yolov8x_training,1547.454678,82,214.275,13370.3125,43,2175,10001,"[0, 100000]","[0, 100000]",0,0,15039,26757
yolov8x_training,1548.497642,83,216.647,13370.3125,54,2220,10001,"[0, 100000]","[0, 100000]",0,0,341,1038476
yolov8x_training,1549.540726,82,189.754,13370.3125,95,960,10001,"[0, 100000]","[0, 100000]",0,0,2392,10205
yolov8x_training,1550.583697,78,206.526,13370.3125,92,825,10001,"[0, 100000]","[0, 100000]",0,0,341,292
yolov8x_training,1551.648384,82,192.736,13370.3125,2,840,10001,"[0, 100000]","[0, 100000]",0,0,14550,29199
yolov8x_training,1552.691518,82,177.510,13370.3125,55,2505,10001,"[0, 100000]","[0, 100000]",0,0,2490,25732
yolov8x_training,1553.734577,79,189.404,13370.3125,91,1770,10001,"[0, 100000]","[0, 100000]",0,0,341,292
yolov8x_training,1554.778290,78,204.535,13370.3125,100,810,10001,"[0, 100000]","[0, 100000]",0,0,14111,27294
yolov8x_training,1555.821306,82,197.457,13370.3125,1,855,10001,"[0, 100000]","[0, 100000]",0,0,1416,292
yolov8x_training,1556.864429,81,177.377,13370.3125,68,2505,10001,"[0, 100000]","[0, 100000]",0,0,341,428417
yolov8x_training,1557.907064,78,195.471,13370.3125,90,870,10001,"[0, 100000]","[0, 100000]",0,0,3564,19677
yolov8x_training,1558.950893,80,202.293,13370.3125,87,825,10001,"[0, 100000]","[0, 100000]",0,0,781,292
yolov8x_training,1559.993606,81,189.924,13370.3125,0,870,10001,"[0, 100000]","[0, 100000]",0,0,3808,15429
yolov8x_training,1561.036138,82,217.172,13370.3125,100,2505,10001,"[0, 100000]","[0, 100000]",0,0,2832,24267
yolov8x_training,1562.078901,80,214.236,13370.3125,95,1485,10001,"[0, 100000]","[0, 100000]",0,0,4443,16162
yolov8x_training,1563.121782,79,216.554,13370.3125,91,795,10001,"[0, 100000]","[0, 100000]",0,0,13916,30761
yolov8x_training,1564.176572,78,222.708,13370.3125,55,810,10001,"[0, 100000]","[0, 100000]",0,0,14843,25292
yolov8x_training,1565.229815,81,220.786,13370.3125,100,1455,10001,"[0, 100000]","[0, 100000]",0,0,14843,25097
yolov8x_training,1566.305301,78,216.629,13370.3125,98,2505,10001,"[0, 100000]","[0, 100000]",0,0,14941,26416
yolov8x_training,1567.369902,81,217.867,13370.3125,96,2325,10001,"[0, 100000]","[0, 100000]",0,0,15185,24707
yolov8x_training,1568.438874,82,212.284,13370.3125,63,870,10001,"[0, 100000]","[0, 100000]",0,0,14794,25781
yolov8x_training,1569.495287,82,218.131,13370.3125,19,2550,10001,"[0, 100000]","[0, 100000]",0,0,15234,28564
yolov8x_training,1570.566735,82,214.312,13370.3125,92,1410,10001,"[0, 100000]","[0, 100000]",0,0,15185,25830
yolov8x_training,1571.645094,78,216.977,13370.3125,100,795,10001,"[0, 100000]","[0, 100000]",0,0,15039,25390
yolov8x_training,1572.716240,80,217.853,13370.3125,96,810,10001,"[0, 100000]","[0, 100000]",0,0,14843,26074
yolov8x_training,1573.765896,80,220.668,13370.3125,67,810,10001,"[0, 100000]","[0, 100000]",0,0,15087,25683
yolov8x_training,1574.829223,79,222.829,13370.3125,17,2655,10001,"[0, 100000]","[0, 100000]",0,0,15039,26074
yolov8x_training,1575.872039,82,214.761,13370.3125,60,1965,10001,"[0, 100000]","[0, 100000]",0,0,6787,103417
yolov8x_training,1576.941881,82,216.086,13370.3125,100,1252,10001,"[0, 100000]","[0, 100000]",0,0,4443,101318
yolov8x_training,1578.061461,82,212.940,13370.3125,95,1650,10001,"[0, 100000]","[0, 100000]",0,0,15087,25097
yolov8x_training,1579.135477,78,217.357,13370.3125,75,795,10001,"[0, 100000]","[0, 100000]",0,0,14941,28564
yolov8x_training,1580.178034,80,206.200,13370.3125,100,870,10001,"[0, 100000]","[0, 100000]",0,0,390,1034082
yolov8x_training,1581.220031,82,224.385,13370.3125,95,2505,10001,"[0, 100000]","[0, 100000]",0,0,390,341
yolov8x_training,1582.262118,82,213.722,13370.3125,77,1545,10001,"[0, 100000]","[0, 100000]",0,0,439,341
yolov8x_training,1583.304292,83,216.794,13370.3125,18,795,10001,"[0, 100000]","[0, 100000]",0,0,2197,3515
yolov8x_training,1584.346520,82,219.950,13370.3125,90,765,10001,"[0, 100000]","[0, 100000]",0,0,2148,9326
yolov8x_training,1585.389207,80,220.113,13370.3125,100,825,10001,"[0, 100000]","[0, 100000]",0,0,2441,10595
yolov8x_training,1586.431486,79,223.186,13370.3125,96,2505,10001,"[0, 100000]","[0, 100000]",0,0,2978,13134
yolov8x_training,1587.474401,82,215.398,13370.3125,73,825,10001,"[0, 100000]","[0, 100000]",0,0,3515,19970
yolov8x_training,1588.517509,82,217.570,13370.3125,13,2655,10001,"[0, 100000]","[0, 100000]",0,0,3906,16796
yolov8x_training,1589.560138,82,213.474,13370.3125,85,1620,10001,"[0, 100000]","[0, 100000]",0,0,5957,26074
yolov8x_training,1590.630947,78,219.542,13370.3125,100,795,10001,"[0, 100000]","[0, 100000]",0,0,15136,29882
yolov8x_training,1591.691005,79,218.842,13370.3125,96,795,10001,"[0, 100000]","[0, 100000]",0,0,15136,30859
yolov8x_training,1592.748700,81,223.861,13370.3125,84,1485,10001,"[0, 100000]","[0, 100000]",0,0,14843,26660
yolov8x_training,1593.809759,79,220.486,13370.3125,36,1530,10001,"[0, 100000]","[0, 100000]",0,0,15234,30126
yolov8x_training,1594.880152,82,214.071,13370.3125,61,2175,10001,"[0, 100000]","[0, 100000]",0,0,15087,24707
yolov8x_training,1595.949825,83,216.980,13370.3125,100,1320,10001,"[0, 100000]","[0, 100000]",0,0,15234,29052
yolov8x_training,1597.030824,82,218.458,13370.3125,97,2355,10001,"[0, 100000]","[0, 100000]",0,0,14892,26074
yolov8x_training,1598.079280,83,213.888,13370.3125,94,855,10001,"[0, 100000]","[0, 100000]",0,0,15332,23925
yolov8x_training,1599.150573,79,218.918,13370.3125,38,825,10001,"[0, 100000]","[0, 100000]",0,0,15576,28710
yolov8x_training,1600.217165,81,219.697,13370.3125,100,930,10001,"[0, 100000]","[0, 100000]",0,0,15039,25878
yolov8x_training,1601.287209,78,217.549,13370.3125,100,840,10001,"[0, 100000]","[0, 100000]",0,0,14990,25537
yolov8x_training,1602.342688,80,222.714,13370.3125,96,2505,10001,"[0, 100000]","[0, 100000]",0,0,15185,27294
yolov8x_training,1603.407485,82,214.552,13370.3125,78,1260,10001,"[0, 100000]","[0, 100000]",0,0,15087,28564
yolov8x_training,1604.478378,82,218.807,13370.3125,16,1320,10001,"[0, 100000]","[0, 100000]",0,0,14990,24707
yolov8x_training,1605.547362,81,215.365,13370.3125,65,1890,10001,"[0, 100000]","[0, 100000]",0,0,14843,25488
yolov8x_training,1606.600640,81,217.381,13370.3125,100,810,10001,"[0, 100000]","[0, 100000]",0,0,15087,25878
yolov8x_training,1607.663773,80,218.629,13370.3125,96,810,10001,"[0, 100000]","[0, 100000]",0,0,15380,33544
yolov8x_training,1608.733832,82,224.249,13370.3125,95,1155,10001,"[0, 100000]","[0, 100000]",0,0,14990,24462
yolov8x_training,1609.804859,79,217.868,13370.3125,42,855,10001,"[0, 100000]","[0, 100000]",0,0,14794,27197
yolov8x_training,1610.873108,82,216.966,13370.3125,44,2445,10001,"[0, 100000]","[0, 100000]",0,0,14941,24658
yolov8x_training,1611.953118,83,214.645,13370.3125,100,1620,10001,"[0, 100000]","[0, 100000]",0,0,15136,24169
yolov8x_training,1613.028580,82,218.206,13370.3125,95,2220,10001,"[0, 100000]","[0, 100000]",0,0,15087,25439
yolov8x_training,1614.103293,83,216.637,13370.3125,91,885,10001,"[0, 100000]","[0, 100000]",0,0,14941,26269
yolov8x_training,1615.169643,79,218.531,13370.3125,55,810,10001,"[0, 100000]","[0, 100000]",0,0,15087,25927
yolov8x_training,1616.248114,81,219.106,13370.3125,100,1095,10001,"[0, 100000]","[0, 100000]",0,0,15039,25146
yolov8x_training,1617.317699,79,219.423,13370.3125,95,1350,10001,"[0, 100000]","[0, 100000]",0,0,15039,27294
yolov8x_training,1618.399999,82,214.569,13370.3125,91,2370,10001,"[0, 100000]","[0, 100000]",0,0,14599,25585
yolov8x_training,1619.456570,83,217.485,13370.3125,19,1110,10001,"[0, 100000]","[0, 100000]",0,0,15283,26123
yolov8x_training,1620.499713,83,218.443,13370.3125,76,2175,10001,"[0, 100000]","[0, 100000]",0,0,6005,102783
yolov8x_training,1621.567337,79,216.475,13370.3125,100,795,10001,"[0, 100000]","[0, 100000]",0,0,6933,102441
yolov8x_training,1622.635379,80,216.696,13370.3125,96,795,10001,"[0, 100000]","[0, 100000]",0,0,4443,101416
yolov8x_training,1623.715705,82,217.121,13370.3125,72,1155,10001,"[0, 100000]","[0, 100000]",0,0,6005,101562
yolov8x_training,1624.780365,80,219.759,13370.3125,17,2655,10001,"[0, 100000]","[0, 100000]",0,0,4101,33154
yolov8x_training,1625.846713,82,217.437,13370.3125,93,1665,10001,"[0, 100000]","[0, 100000]",0,0,89550,20458
yolov8x_training,1626.889367,83,213.884,13370.3125,100,810,10001,"[0, 100000]","[0, 100000]",0,0,390,1031445
yolov8x_training,1627.931827,83,217.988,13370.3125,95,765,10001,"[0, 100000]","[0, 100000]",0,0,439,341
yolov8x_training,1628.973914,79,217.423,13370.3125,96,780,10001,"[0, 100000]","[0, 100000]",0,0,1171,341
yolov8x_training,1630.016135,82,220.154,13370.3125,80,795,10001,"[0, 100000]","[0, 100000]",0,0,2294,3417
yolov8x_training,1631.058469,83,217.318,13370.3125,13,900,10001,"[0, 100000]","[0, 100000]",0,0,2490,10595
yolov8x_training,1632.101000,82,219.737,13370.3125,92,2505,10001,"[0, 100000]","[0, 100000]",0,0,2832,13916
yolov8x_training,1633.143321,83,222.238,13370.3125,100,885,10001,"[0, 100000]","[0, 100000]",0,0,4199,17480
yolov8x_training,1634.186418,79,215.657,13370.3125,56,780,10001,"[0, 100000]","[0, 100000]",0,0,4052,15576
yolov8x_training,1635.229263,82,218.093,13370.3125,19,975,10001,"[0, 100000]","[0, 100000]",0,0,6250,31152
yolov8x_training,1636.305472,79,217.206,13370.3125,100,1050,10001,"[0, 100000]","[0, 100000]",0,0,15087,24902
yolov8x_training,1637.385151,82,217.073,13370.3125,100,2385,10001,"[0, 100000]","[0, 100000]",0,0,15283,23974
yolov8x_training,1638.428277,83,215.875,13370.3125,96,855,10001,"[0, 100000]","[0, 100000]",0,0,5029,101464
yolov8x_training,1639.540575,83,215.352,13370.3125,26,2010,10001,"[0, 100000]","[0, 100000]",0,0,15039,26269
yolov8x_training,1640.616069,79,215.841,13370.3125,60,810,10001,"[0, 100000]","[0, 100000]",0,0,14941,29345
yolov8x_training,1641.685695,80,216.969,13370.3125,100,795,10001,"[0, 100000]","[0, 100000]",0,0,14990,24560
yolov8x_training,1642.728841,83,217.601,13370.3125,96,1080,10001,"[0, 100000]","[0, 100000]",0,0,6640,101318
yolov8x_training,1643.800133,81,217.972,13370.3125,86,2655,10001,"[0, 100000]","[0, 100000]",0,0,6152,102490
yolov8x_training,1644.864949,83,216.962,13370.3125,13,900,10001,"[0, 100000]","[0, 100000]",0,0,4248,102490
yolov8x_training,1645.945596,83,214.978,13370.3125,77,795,10001,"[0, 100000]","[0, 100000]",0,0,6250,102001
yolov8x_training,1647.019552,83,218.692,13370.3125,100,1380,10001,"[0, 100000]","[0, 100000]",0,0,6054,101220
yolov8x_training,1648.084125,79,213.424,13370.3125,95,795,10001,"[0, 100000]","[0, 100000]",0,0,6542,102490
yolov8x_training,1649.151469,82,220.203,13370.3125,15,810,10001,"[0, 100000]","[0, 100000]",0,0,6787,102832
yolov8x_training,1650.222533,83,216.185,13370.3125,87,870,10001,"[0, 100000]","[0, 100000]",0,0,3222,36767
yolov8x_training,1651.291700,82,217.617,13370.3125,100,2505,10001,"[0, 100000]","[0, 100000]",0,0,90136,24072
yolov8x_training,1652.373066,83,223.504,13370.3125,96,885,10001,"[0, 100000]","[0, 100000]",0,0,7080,102246
yolov8x_training,1653.444118,83,214.325,13370.3125,61,810,10001,"[0, 100000]","[0, 100000]",0,0,5224,102685
yolov8x_training,1654.521820,84,220.850,13370.3125,20,870,10001,"[0, 100000]","[0, 100000]",0,0,4589,102587
yolov8x_training,1655.602047,79,214.559,13370.3125,90,780,10001,"[0, 100000]","[0, 100000]",0,0,6738,101025
yolov8x_training,1656.671364,82,217.911,13370.3125,100,975,10001,"[0, 100000]","[0, 100000]",0,0,6201,101708
yolov8x_training,1657.735095,83,220.946,13370.3125,95,885,10001,"[0, 100000]","[0, 100000]",0,0,6738,102734
yolov8x_training,1658.807250,82,215.464,13370.3125,72,2505,10001,"[0, 100000]","[0, 100000]",0,0,4296,34326
yolov8x_training,1659.870935,83,222.173,13370.3125,26,1290,10001,"[0, 100000]","[0, 100000]",0,0,89208,19775
yolov8x_training,1660.913543,82,214.784,13370.3125,100,810,10001,"[0, 100000]","[0, 100000]",0,0,390,1038818
yolov8x_training,1661.955971,80,220.697,13370.3125,100,900,10001,"[0, 100000]","[0, 100000]",0,0,390,341
yolov8x_training,1662.998089,79,219.818,13370.3125,96,810,10001,"[0, 100000]","[0, 100000]",0,0,1171,341
yolov8x_training,1664.040829,82,216.681,13370.3125,47,975,10001,"[0, 100000]","[0, 100000]",0,0,2099,41015
yolov8x_training,1665.083430,83,218.914,13370.3125,51,840,10001,"[0, 100000]","[0, 100000]",0,0,2441,10546
yolov8x_training,1666.126023,82,219.953,13370.3125,100,2505,10001,"[0, 100000]","[0, 100000]",0,0,2539,11083
yolov8x_training,1667.169184,81,215.157,13370.3125,96,885,10001,"[0, 100000]","[0, 100000]",0,0,3808,15283
yolov8x_training,1668.211661,80,215.847,13370.3125,40,780,10001,"[0, 100000]","[0, 100000]",0,0,2783,23681
yolov8x_training,1669.255078,79,216.101,13370.3125,56,1125,10001,"[0, 100000]","[0, 100000]",0,0,15185,25146
yolov8x_training,1670.331999,82,216.613,13370.3125,100,2505,10001,"[0, 100000]","[0, 100000]",0,0,15283,24853
yolov8x_training,1671.400202,83,226.085,13370.3125,96,2325,10001,"[0, 100000]","[0, 100000]",0,0,14990,24023
yolov8x_training,1672.473740,83,214.831,13370.3125,86,1995,10001,"[0, 100000]","[0, 100000]",0,0,15234,24951
yolov8x_training,1673.516881,84,216.237,13370.3125,12,1860,10001,"[0, 100000]","[0, 100000]",0,0,6152,102587
yolov8x_training,1674.581569,79,215.269,13370.3125,94,780,10001,"[0, 100000]","[0, 100000]",0,0,3320,38623
yolov8x_training,1675.653746,82,218.813,13370.3125,100,795,10001,"[0, 100000]","[0, 100000]",0,0,89990,24902
yolov8x_training,1676.734043,83,218.396,13370.3125,95,840,10001,"[0, 100000]","[0, 100000]",0,0,4248,34228
yolov8x_training,1677.797333,83,216.392,13370.3125,40,2505,10001,"[0, 100000]","[0, 100000]",0,0,89501,21093
yolov8x_training,1678.839978,83,214.640,13370.3125,42,870,10001,"[0, 100000]","[0, 100000]",0,0,488,341
yolov8x_training,1679.882235,83,214.623,13370.3125,100,810,10001,"[0, 100000]","[0, 100000]",0,0,1660,341
yolov8x_training,1680.924453,79,217.903,13370.3125,95,1170,10001,"[0, 100000]","[0, 100000]",0,0,2197,1611
yolov8x_training,1681.967152,82,217.675,13370.3125,91,810,10001,"[0, 100000]","[0, 100000]",0,0,2490,9960
yolov8x_training,1683.009897,83,221.918,13370.3125,18,870,10001,"[0, 100000]","[0, 100000]",0,0,2929,10693
yolov8x_training,1684.052197,83,215.359,13370.3125,90,2505,10001,"[0, 100000]","[0, 100000]",0,0,4296,17187
yolov8x_training,1685.095041,83,221.341,13370.3125,100,1590,10001,"[0, 100000]","[0, 100000]",0,0,4394,14990
yolov8x_training,1686.164124,79,215.880,13370.3125,39,795,10001,"[0, 100000]","[0, 100000]",0,0,14990,27343
yolov8x_training,1687.231657,82,219.940,13370.3125,45,840,10001,"[0, 100000]","[0, 100000]",0,0,14794,22412
yolov8x_training,1688.298997,79,218.698,13370.3125,100,855,10001,"[0, 100000]","[0, 100000]",0,0,14892,30224
yolov8x_training,1689.376460,83,218.527,13370.3125,96,2475,10001,"[0, 100000]","[0, 100000]",0,0,14892,28906
yolov8x_training,1690.452276,83,214.393,13370.3125,96,870,10001,"[0, 100000]","[0, 100000]",0,0,15283,24658
yolov8x_training,1691.528606,81,215.497,13370.3125,41,1245,10001,"[0, 100000]","[0, 100000]",0,0,15283,21728
yolov8x_training,1692.601712,79,214.153,13370.3125,58,810,10001,"[0, 100000]","[0, 100000]",0,0,15136,28857
yolov8x_training,1693.676566,82,216.885,13370.3125,100,795,10001,"[0, 100000]","[0, 100000]",0,0,14990,29394
yolov8x_training,1694.758263,79,219.554,13370.3125,95,1170,10001,"[0, 100000]","[0, 100000]",0,0,14990,29833
yolov8x_training,1695.837272,82,219.950,13370.3125,88,2295,10001,"[0, 100000]","[0, 100000]",0,0,15332,27539
yolov8x_training,1696.892407,83,221.061,13370.3125,13,2130,10001,"[0, 100000]","[0, 100000]",0,0,14892,27636
yolov8x_training,1697.935137,84,216.504,13370.3125,77,795,10001,"[0, 100000]","[0, 100000]",0,0,6005,101123
yolov8x_training,1698.999109,84,217.907,13370.3125,100,2280,10001,"[0, 100000]","[0, 100000]",0,0,4248,33984
yolov8x_training,1700.062714,79,215.730,13370.3125,95,810,10001,"[0, 100000]","[0, 100000]",0,0,88916,19140
yolov8x_training,1701.105368,82,218.320,13370.3125,48,810,10001,"[0, 100000]","[0, 100000]",0,0,390,1040820
yolov8x_training,1702.147709,83,219.122,13370.3125,26,960,10001,"[0, 100000]","[0, 100000]",0,0,439,341
yolov8x_training,1703.189802,82,216.015,13370.3125,96,2505,10001,"[0, 100000]","[0, 100000]",0,0,2050,2246
yolov8x_training,1704.232472,80,217.219,13370.3125,95,1590,10001,"[0, 100000]","[0, 100000]",0,0,2587,24755
yolov8x_training,1705.275345,82,215.575,13370.3125,41,795,10001,"[0, 100000]","[0, 100000]",0,0,3271,8789
yolov8x_training,1706.318045,79,217.034,13370.3125,56,945,10001,"[0, 100000]","[0, 100000]",0,0,4150,14404
yolov8x_training,1707.360656,81,221.027,13370.3125,100,855,10001,"[0, 100000]","[0, 100000]",0,0,3906,13964
yolov8x_training,1708.403319,83,219.743,13370.3125,96,2505,10001,"[0, 100000]","[0, 100000]",0,0,4296,18457
yolov8x_training,1709.470569,83,215.184,13370.3125,77,1200,10001,"[0, 100000]","[0, 100000]",0,0,14941,28662
yolov8x_training,1710.513288,83,218.732,13370.3125,16,2250,10001,"[0, 100000]","[0, 100000]",0,0,6103,101220
yolov8x_training,1711.576058,79,215.276,13370.3125,83,825,10001,"[0, 100000]","[0, 100000]",0,0,5224,99560
yolov8x_training,1712.654325,82,217.381,13370.3125,100,795,10001,"[0, 100000]","[0, 100000]",0,0,6201,102636
yolov8x_training,1713.722745,83,218.337,13370.3125,95,870,10001,"[0, 100000]","[0, 100000]",0,0,4101,33837
yolov8x_training,1714.783664,79,216.277,13370.3125,56,2505,10001,"[0, 100000]","[0, 100000]",0,0,89990,24609
yolov8x_training,1715.862412,82,214.652,13370.3125,38,1515,10001,"[0, 100000]","[0, 100000]",0,0,88964,17968
yolov8x_training,1716.905338,83,214.476,13370.3125,100,780,10001,"[0, 100000]","[0, 100000]",0,0,390,1029833
yolov8x_training,1717.948045,81,218.817,13370.3125,96,930,10001,"[0, 100000]","[0, 100000]",0,0,341,292
yolov8x_training,1718.990965,83,196.379,13370.3125,25,2505,10001,"[0, 100000]","[0, 100000]",0,0,292,571582
yolov8x_training,1720.033755,81,183.479,13370.3125,81,1252,10001,"[0, 100000]","[0, 100000]",0,0,4541,16308
yolov8x_training,1721.076944,78,204.502,13370.3125,100,1665,10001,"[0, 100000]","[0, 100000]",0,0,1562,292
yolov8x_training,1722.120204,83,205.627,13370.3125,79,2505,10001,"[0, 100000]","[0, 100000]",0,0,3369,20654
yolov8x_training,1723.163835,79,191.226,13370.3125,100,1515,10001,"[0, 100000]","[0, 100000]",0,0,683,292
yolov8x_training,1724.206828,78,203.620,13370.3125,69,960,10001,"[0, 100000]","[0, 100000]",0,0,292,292
yolov8x_training,1725.249854,82,196.241,13370.3125,58,780,10001,"[0, 100000]","[0, 100000]",0,0,2783,10107
yolov8x_training,1726.293064,83,218.760,13370.3125,35,765,10001,"[0, 100000]","[0, 100000]",0,0,3076,11914
yolov8x_training,1727.336087,83,221.395,13370.3125,93,1470,10001,"[0, 100000]","[0, 100000]",0,0,3271,17431
yolov8x_training,1728.379084,78,218.397,13370.3125,100,2430,10001,"[0, 100000]","[0, 100000]",0,0,3173,24707
yolov8x_training,1729.422683,81,218.292,13370.3125,96,1710,10001,"[0, 100000]","[0, 100000]",0,0,11572,28417
yolov8x_training,1730.481891,82,214.707,13370.3125,56,2505,10001,"[0, 100000]","[0, 100000]",0,0,15234,25097
yolov8x_training,1731.524736,83,218.858,13370.3125,20,1875,10001,"[0, 100000]","[0, 100000]",0,0,6640,101904
yolov8x_training,1732.582579,83,213.692,13370.3125,96,795,10001,"[0, 100000]","[0, 100000]",0,0,6054,103125
yolov8x_training,1733.646827,79,219.319,13370.3125,100,810,10001,"[0, 100000]","[0, 100000]",0,0,6933,103417
yolov8x_training,1734.716909,81,217.265,13370.3125,95,870,10001,"[0, 100000]","[0, 100000]",0,0,4003,33642
yolov8x_training,1735.781530,79,216.867,13370.3125,52,2505,10001,"[0, 100000]","[0, 100000]",0,0,89697,23193
yolov8x_training,1736.862691,82,215.481,13370.3125,42,915,10001,"[0, 100000]","[0, 100000]",0,0,3125,38574
yolov8x_training,1737.935315,83,216.192,13370.3125,100,795,10001,"[0, 100000]","[0, 100000]",0,0,90087,26513
yolov8x_training,1739.015044,81,217.929,13370.3125,95,855,10001,"[0, 100000]","[0, 100000]",0,0,89892,25732
yolov8x_training,1740.095047,81,218.033,13370.3125,87,825,10001,"[0, 100000]","[0, 100000]",0,0,88818,15771
yolov8x_training,1741.138201,80,215.718,13370.3125,5,1455,10001,"[0, 100000]","[0, 100000]",0,0,341,1032958
yolov8x_training,1742.181123,83,218.471,13370.3125,100,1665,10001,"[0, 100000]","[0, 100000]",0,0,341,292
yolov8x_training,1743.223926,82,219.557,13370.3125,95,2190,10001,"[0, 100000]","[0, 100000]",0,0,1757,878
yolov8x_training,1744.266949,82,214.464,13370.3125,70,855,10001,"[0, 100000]","[0, 100000]",0,0,2294,6884
yolov8x_training,1745.309970,83,215.625,13370.3125,37,780,10001,"[0, 100000]","[0, 100000]",0,0,2832,13378
yolov8x_training,1746.353243,81,217.630,13370.3125,100,855,10001,"[0, 100000]","[0, 100000]",0,0,2880,23095
yolov8x_training,1747.396269,79,217.970,13370.3125,95,1252,10001,"[0, 100000]","[0, 100000]",0,0,4931,22558
yolov8x_training,1748.452151,82,214.304,13370.3125,84,1035,10001,"[0, 100000]","[0, 100000]",0,0,15234,24707
yolov8x_training,1749.495343,83,216.675,13370.3125,13,2505,10001,"[0, 100000]","[0, 100000]",0,0,6152,102978
yolov8x_training,1750.558178,84,218.989,13370.3125,92,840,10001,"[0, 100000]","[0, 100000]",0,0,4003,33447
yolov8x_training,1751.623913,79,219.351,13370.3125,100,810,10001,"[0, 100000]","[0, 100000]",0,0,89501,20947
yolov8x_training,1752.667212,82,215.224,13370.3125,95,1035,10001,"[0, 100000]","[0, 100000]",0,0,341,292
yolov8x_training,1753.709798,83,217.324,13370.3125,21,1252,10001,"[0, 100000]","[0, 100000]",0,0,390,292
yolov8x_training,1754.752500,82,215.649,13370.3125,56,1230,10001,"[0, 100000]","[0, 100000]",0,0,2050,7763
yolov8x_training,1755.795748,83,216.613,13370.3125,100,810,10001,"[0, 100000]","[0, 100000]",0,0,2490,10107
yolov8x_training,1756.838799,83,216.867,13370.3125,96,1125,10001,"[0, 100000]","[0, 100000]",0,0,4150,14697
yolov8x_training,1757.881885,79,215.822,13370.3125,62,2310,10001,"[0, 100000]","[0, 100000]",0,0,4101,16308
yolov8x_training,1758.945836,82,215.507,13370.3125,35,2085,10001,"[0, 100000]","[0, 100000]",0,0,14941,21875
yolov8x_training,1759.988880,83,213.813,13370.3125,100,2580,10001,"[0, 100000]","[0, 100000]",0,0,6640,101074
yolov8x_training,1761.057656,83,216.120,13370.3125,95,825,10001,"[0, 100000]","[0, 100000]",0,0,90429,35400
yolov8x_training,1762.133179,79,215.619,13370.3125,45,765,10001,"[0, 100000]","[0, 100000]",0,0,89599,21435
yolov8x_training,1763.176726,82,219.735,13370.3125,100,825,10001,"[0, 100000]","[0, 100000]",0,0,341,292
yolov8x_training,1764.219315,83,217.896,13370.3125,95,2595,10001,"[0, 100000]","[0, 100000]",0,0,439,292
yolov8x_training,1765.262265,83,215.309,13370.3125,68,840,10001,"[0, 100000]","[0, 100000]",0,0,2294,6250
yolov8x_training,1766.305474,83,219.664,13370.3125,29,825,10001,"[0, 100000]","[0, 100000]",0,0,2197,10888
yolov8x_training,1767.348726,83,216.840,13370.3125,97,1125,10001,"[0, 100000]","[0, 100000]",0,0,2978,11718
yolov8x_training,1768.391851,79,214.981,13370.3125,95,2505,10001,"[0, 100000]","[0, 100000]",0,0,4980,13867
yolov8x_training,1769.461077,83,214.185,13370.3125,72,1020,10001,"[0, 100000]","[0, 100000]",0,0,15234,24658
yolov8x_training,1770.504200,83,216.571,13370.3125,12,2325,10001,"[0, 100000]","[0, 100000]",0,0,6494,99804
yolov8x_training,1771.576003,83,213.375,13370.3125,100,810,10001,"[0, 100000]","[0, 100000]",0,0,6347,103320
yolov8x_training,1772.644413,79,215.409,13370.3125,95,765,10001,"[0, 100000]","[0, 100000]",0,0,90625,34667
yolov8x_training,1773.720130,82,220.183,13370.3125,95,945,10001,"[0, 100000]","[0, 100000]",0,0,89794,23632
yolov8x_training,1774.803548,80,217.476,13370.3125,13,2505,10001,"[0, 100000]","[0, 100000]",0,0,341,966455
yolov8x_training,1775.846715,82,215.393,13370.3125,93,855,10001,"[0, 100000]","[0, 100000]",0,0,341,307177
yolov8x_training,1776.889315,83,216.915,13370.3125,100,795,10001,"[0, 100000]","[0, 100000]",0,0,878,292
yolov8x_training,1777.932294,83,216.967,13370.3125,95,1335,10001,"[0, 100000]","[0, 100000]",0,0,2197,5908
yolov8x_training,1778.975738,79,216.342,13370.3125,34,780,10001,"[0, 100000]","[0, 100000]",0,0,2734,9863
yolov8x_training,1780.018777,82,214.988,13370.3125,72,840,10001,"[0, 100000]","[0, 100000]",0,0,4101,14794
yolov8x_training,1781.061700,83,216.944,13370.3125,100,2580,10001,"[0, 100000]","[0, 100000]",0,0,2880,23046
yolov8x_training,1782.104725,82,213.750,13370.3125,94,1065,10001,"[0, 100000]","[0, 100000]",0,0,5224,22460
yolov8x_training,1783.159334,80,217.439,13370.3125,79,750,10001,"[0, 100000]","[0, 100000]",0,0,15136,25781
yolov8x_training,1784.239280,80,215.230,13370.3125,89,960,10001,"[0, 100000]","[0, 100000]",0,0,15185,23925
yolov8x_training,1785.282212,79,216.220,13370.3125,100,1320,10001,"[0, 100000]","[0, 100000]",0,0,6103,102490
yolov8x_training,1786.344714,80,223.407,13370.3125,96,2475,10001,"[0, 100000]","[0, 100000]",0,0,6005,101025
yolov8x_training,1787.420571,83,213.878,13370.3125,55,855,10001,"[0, 100000]","[0, 100000]",0,0,6347,102490
yolov8x_training,1788.496745,82,217.605,13370.3125,45,2400,10001,"[0, 100000]","[0, 100000]",0,0,4541,102929
yolov8x_training,1789.579005,82,214.551,13370.3125,100,840,10001,"[0, 100000]","[0, 100000]",0,0,6298,103320
yolov8x_training,1790.654352,79,219.112,13370.3125,96,795,10001,"[0, 100000]","[0, 100000]",0,0,4101,101904
yolov8x_training,1791.738405,82,217.669,13370.3125,89,1125,10001,"[0, 100000]","[0, 100000]",0,0,6054,102050
yolov8x_training,1792.804251,79,220.415,13370.3125,17,2505,10001,"[0, 100000]","[0, 100000]",0,0,4199,32275
yolov8x_training,1793.866977,83,215.720,13370.3125,64,1740,10001,"[0, 100000]","[0, 100000]",0,0,89160,18408
yolov8x_training,1794.910524,83,215.438,13370.3125,100,780,10001,"[0, 100000]","[0, 100000]",0,0,341,292
yolov8x_training,1795.953104,83,218.319,13370.3125,95,915,10001,"[0, 100000]","[0, 100000]",0,0,341,292
yolov8x_training,1796.995703,79,215.737,13370.3125,65,810,10001,"[0, 100000]","[0, 100000]",0,0,2441,3906
yolov8x_training,1798.038728,82,216.171,13370.3125,39,1020,10001,"[0, 100000]","[0, 100000]",0,0,2343,11669
yolov8x_training,1799.081812,83,221.128,13370.3125,100,1590,10001,"[0, 100000]","[0, 100000]",0,0,3222,12011
yolov8x_training,1800.124676,82,213.917,13370.3125,95,1695,10001,"[0, 100000]","[0, 100000]",0,0,3271,18164
yolov8x_training,1801.172971,79,217.033,13370.3125,80,765,10001,"[0, 100000]","[0, 100000]",0,0,14990,25781
yolov8x_training,1802.250788,80,218.177,13370.3125,95,810,10001,"[0, 100000]","[0, 100000]",0,0,15087,22265
yolov8x_training,1803.322754,79,216.483,13370.3125,100,855,10001,"[0, 100000]","[0, 100000]",0,0,14794,30566
yolov8x_training,1804.403478,82,218.351,13370.3125,96,2475,10001,"[0, 100000]","[0, 100000]",0,0,14892,30371
yolov8x_training,1805.475466,83,215.409,13370.3125,42,1035,10001,"[0, 100000]","[0, 100000]",0,0,15478,24707
yolov8x_training,1806.518838,83,217.122,13370.3125,41,2265,10001,"[0, 100000]","[0, 100000]",0,0,5224,101953
yolov8x_training,1807.596339,80,215.032,13370.3125,100,780,10001,"[0, 100000]","[0, 100000]",0,0,4492,102050
yolov8x_training,1808.676433,81,215.922,13370.3125,95,945,10001,"[0, 100000]","[0, 100000]",0,0,89599,21289
yolov8x_training,1809.720054,83,215.614,13370.3125,50,1260,10001,"[0, 100000]","[0, 100000]",0,0,292,292
yolov8x_training,1810.762711,83,218.615,13370.3125,45,2460,10001,"[0, 100000]","[0, 100000]",0,0,341,292
yolov8x_training,1811.805372,83,215.621,13370.3125,100,825,10001,"[0, 100000]","[0, 100000]",0,0,1074,292
yolov8x_training,1812.848310,82,218.354,13370.3125,100,765,10001,"[0, 100000]","[0, 100000]",0,0,2099,8300
yolov8x_training,1813.891284,83,222.970,13370.3125,95,990,10001,"[0, 100000]","[0, 100000]",0,0,2636,7861
yolov8x_training,1814.934397,79,217.256,13370.3125,35,1350,10001,"[0, 100000]","[0, 100000]",0,0,2832,12744
yolov8x_training,1815.977297,82,215.887,13370.3125,61,1485,10001,"[0, 100000]","[0, 100000]",0,0,2929,21875
yolov8x_training,1817.020321,83,216.942,13370.3125,100,2385,10001,"[0, 100000]","[0, 100000]",0,0,5566,14550
yolov8x_training,1818.071470,82,218.063,13370.3125,95,1980,10001,"[0, 100000]","[0, 100000]",0,0,15039,22021
yolov8x_training,1819.127800,81,217.842,13370.3125,83,810,10001,"[0, 100000]","[0, 100000]",0,0,15234,25341
yolov8x_training,1820.170591,80,217.498,13370.3125,33,780,10001,"[0, 100000]","[0, 100000]",0,0,6005,102929
yolov8x_training,1821.231459,82,220.679,13370.3125,100,870,10001,"[0, 100000]","[0, 100000]",0,0,4931,104003
yolov8x_training,1822.309879,80,222.547,13370.3125,96,2565,10001,"[0, 100000]","[0, 100000]",0,0,4492,102880
yolov8x_training,1823.427120,82,215.515,13370.3125,84,1725,10001,"[0, 100000]","[0, 100000]",0,0,15380,24023
yolov8x_training,1824.470166,83,218.022,13370.3125,10,795,10001,"[0, 100000]","[0, 100000]",0,0,6005,102441
yolov8x_training,1825.534454,83,218.762,13370.3125,92,1020,10001,"[0, 100000]","[0, 100000]",0,0,6396,103466
yolov8x_training,1826.608706,79,217.369,13370.3125,100,765,10001,"[0, 100000]","[0, 100000]",0,0,2978,36962
yolov8x_training,1827.679960,82,217.106,13370.3125,96,930,10001,"[0, 100000]","[0, 100000]",0,0,2929,38623
yolov8x_training,1828.748853,83,216.421,13370.3125,35,1185,10001,"[0, 100000]","[0, 100000]",0,0,59667,36523
yolov8x_training,1829.823056,82,216.976,13370.3125,33,2505,10001,"[0, 100000]","[0, 100000]",0,0,90380,27246
yolov8x_training,1830.901637,83,213.501,13370.3125,100,1215,10001,"[0, 100000]","[0, 100000]",0,0,2880,37792
yolov8x_training,1831.973849,83,218.137,13370.3125,98,765,10001,"[0, 100000]","[0, 100000]",0,0,5175,101757
yolov8x_training,1833.051130,84,218.151,13370.3125,95,1275,10001,"[0, 100000]","[0, 100000]",0,0,6347,103173
yolov8x_training,1834.121859,79,219.586,13370.3125,57,795,10001,"[0, 100000]","[0, 100000]",0,0,4296,102587
yolov8x_training,1835.205094,82,217.931,13370.3125,100,795,10001,"[0, 100000]","[0, 100000]",0,0,6494,100537
yolov8x_training,1836.309818,79,217.904,13370.3125,100,855,10001,"[0, 100000]","[0, 100000]",0,0,15283,27685
yolov8x_training,1837.352818,82,218.836,13370.3125,96,2580,10001,"[0, 100000]","[0, 100000]",0,0,6250,103808
yolov8x_training,1838.420914,83,221.170,13370.3125,40,1035,10001,"[0, 100000]","[0, 100000]",0,0,6347,101660
yolov8x_training,1839.496188,83,214.249,13370.3125,39,2505,10001,"[0, 100000]","[0, 100000]",0,0,4150,33300
yolov8x_training,1840.562258,82,215.808,13370.3125,100,855,10001,"[0, 100000]","[0, 100000]",0,0,4345,103466
yolov8x_training,1841.642850,79,214.948,13370.3125,95,825,10001,"[0, 100000]","[0, 100000]",0,0,6396,101953
yolov8x_training,1842.711768,82,218.701,13370.3125,95,1065,10001,"[0, 100000]","[0, 100000]",0,0,4638,102001
yolov8x_training,1843.792848,79,217.850,13370.3125,28,930,10001,"[0, 100000]","[0, 100000]",0,0,5175,100683
yolov8x_training,1844.900377,82,218.326,13370.3125,55,2475,10001,"[0, 100000]","[0, 100000]",0,0,15087,25830
yolov8x_training,1845.974801,83,221.736,13370.3125,32,870,10001,"[0, 100000]","[0, 100000]",0,0,15380,25976
yolov8x_training,1847.017817,82,215.053,13370.3125,91,2505,10001,"[0, 100000]","[0, 100000]",0,0,6103,104003
yolov8x_training,1848.081722,83,217.938,13370.3125,100,870,10001,"[0, 100000]","[0, 100000]",0,0,6542,100537
yolov8x_training,1849.178051,79,213.805,13370.3125,95,780,10001,"[0, 100000]","[0, 100000]",0,0,14892,25390
yolov8x_training,1850.255321,82,218.079,13370.3125,17,960,10001,"[0, 100000]","[0, 100000]",0,0,15283,24707
yolov8x_training,1851.318690,79,218.823,13370.3125,91,855,10001,"[0, 100000]","[0, 100000]",0,0,15283,25830
yolov8x_training,1852.361724,82,217.365,13370.3125,100,2610,10001,"[0, 100000]","[0, 100000]",0,0,6054,100439
yolov8x_training,1853.427469,83,220.686,13370.3125,96,855,10001,"[0, 100000]","[0, 100000]",0,0,6787,102978
yolov8x_training,1854.498912,81,214.313,13370.3125,51,2460,10001,"[0, 100000]","[0, 100000]",0,0,6591,102929
yolov8x_training,1855.570051,81,220.981,13370.3125,38,855,10001,"[0, 100000]","[0, 100000]",0,0,5175,101904
yolov8x_training,1856.647338,79,215.415,13370.3125,96,810,10001,"[0, 100000]","[0, 100000]",0,0,5957,100976
yolov8x_training,1857.723977,82,218.689,13370.3125,100,1110,10001,"[0, 100000]","[0, 100000]",0,0,5859,102441
yolov8x_training,1858.786314,79,219.428,13370.3125,96,1170,10001,"[0, 100000]","[0, 100000]",0,0,6738,103320
yolov8x_training,1859.857244,83,216.782,13370.3125,53,2370,10001,"[0, 100000]","[0, 100000]",0,0,90625,31542
yolov8x_training,1860.935087,83,212.787,13370.3125,56,810,10001,"[0, 100000]","[0, 100000]",0,0,90234,27343
yolov8x_training,1862.013577,83,217.915,13370.3125,100,1905,10001,"[0, 100000]","[0, 100000]",0,0,4980,103564
yolov8x_training,1863.093397,79,215.257,13370.3125,96,825,10001,"[0, 100000]","[0, 100000]",0,0,4833,103320
yolov8x_training,1864.171727,81,217.615,13370.3125,93,750,10001,"[0, 100000]","[0, 100000]",0,0,4003,33837
yolov8x_training,1865.234988,83,219.846,13370.3125,75,900,10001,"[0, 100000]","[0, 100000]",0,0,2978,36914
yolov8x_training,1866.306175,82,219.504,13370.3125,100,2640,10001,"[0, 100000]","[0, 100000]",0,0,4003,33789
yolov8x_training,1867.371105,83,219.410,13370.3125,96,1035,10001,"[0, 100000]","[0, 100000]",0,0,89697,23144
yolov8x_training,1868.453825,82,215.350,13370.3125,57,795,10001,"[0, 100000]","[0, 100000]",0,0,89843,23876
yolov8x_training,1869.534195,84,216.898,13370.3125,16,870,10001,"[0, 100000]","[0, 100000]",0,0,89355,20751
yolov8x_training,1870.577686,79,218.290,13370.3125,98,810,10001,"[0, 100000]","[0, 100000]",0,0,390,1030908
yolov8x_training,1871.620262,83,217.535,13370.3125,96,1485,10001,"[0, 100000]","[0, 100000]",0,0,341,292
yolov8x_training,1872.662889,83,217.239,13370.3125,96,1050,10001,"[0, 100000]","[0, 100000]",0,0,1757,2148
yolov8x_training,1873.705740,81,218.215,13370.3125,44,2505,10001,"[0, 100000]","[0, 100000]",0,0,2294,6933
yolov8x_training,1874.748883,79,214.025,13370.3125,57,840,10001,"[0, 100000]","[0, 100000]",0,0,2734,12939
yolov8x_training,1875.791914,84,215.064,13370.3125,100,750,10001,"[0, 100000]","[0, 100000]",0,0,2636,23681
yolov8x_training,1876.834869,79,218.517,13370.3125,96,1050,10001,"[0, 100000]","[0, 100000]",0,0,3906,18066
yolov8x_training,1877.884965,82,217.335,13370.3125,70,2505,10001,"[0, 100000]","[0, 100000]",0,0,15087,25976
yolov8x_training,1878.928131,83,218.549,13370.3125,28,975,10001,"[0, 100000]","[0, 100000]",0,0,6542,101855
yolov8x_training,1879.999030,83,216.043,13370.3125,100,2490,10001,"[0, 100000]","[0, 100000]",0,0,5078,102929
yolov8x_training,1881.077310,81,218.612,13370.3125,100,915,10001,"[0, 100000]","[0, 100000]",0,0,6542,102197
yolov8x_training,1882.186233,80,213.585,13370.3125,55,780,10001,"[0, 100000]","[0, 100000]",0,0,15332,24804
yolov8x_training,1883.253579,82,219.113,13370.3125,31,855,10001,"[0, 100000]","[0, 100000]",0,0,15136,28222
yolov8x_training,1884.330739,80,219.204,13370.3125,100,855,10001,"[0, 100000]","[0, 100000]",0,0,15283,24707
yolov8x_training,1885.409759,82,218.664,13370.3125,100,1252,10001,"[0, 100000]","[0, 100000]",0,0,14843,22314
yolov8x_training,1886.484841,83,216.893,13370.3125,96,870,10001,"[0, 100000]","[0, 100000]",0,0,15136,25732
yolov8x_training,1887.562912,83,214.454,13370.3125,28,2385,10001,"[0, 100000]","[0, 100000]",0,0,15380,24707
yolov8x_training,1888.606001,79,214.345,13370.3125,66,840,10001,"[0, 100000]","[0, 100000]",0,0,5957,103320
yolov8x_training,1889.668048,80,218.708,13370.3125,100,810,10001,"[0, 100000]","[0, 100000]",0,0,4833,100927
yolov8x_training,1890.785153,83,217.266,13370.3125,95,1380,10001,"[0, 100000]","[0, 100000]",0,0,15039,25781
yolov8x_training,1891.864657,82,219.439,13370.3125,71,2505,10001,"[0, 100000]","[0, 100000]",0,0,15087,25097
yolov8x_training,1892.940455,83,222.091,13370.3125,16,2010,10001,"[0, 100000]","[0, 100000]",0,0,15087,25439
yolov8x_training,1894.023174,84,214.171,13370.3125,75,2505,10001,"[0, 100000]","[0, 100000]",0,0,15136,22216
yolov8x_training,1895.086315,84,217.903,13370.3125,100,1950,10001,"[0, 100000]","[0, 100000]",0,0,14990,25634
yolov8x_training,1896.158202,79,215.828,13370.3125,95,810,10001,"[0, 100000]","[0, 100000]",0,0,15185,25195
yolov8x_training,1897.242805,82,217.823,13370.3125,20,795,10001,"[0, 100000]","[0, 100000]",0,0,15087,24169
yolov8x_training,1898.322882,79,218.351,13370.3125,100,825,10001,"[0, 100000]","[0, 100000]",0,0,15136,22216
yolov8x_training,1899.382092,82,217.624,13370.3125,100,2505,10001,"[0, 100000]","[0, 100000]",0,0,15234,26513
yolov8x_training,1900.459058,83,220.113,13370.3125,95,1395,10001,"[0, 100000]","[0, 100000]",0,0,15332,24707
yolov8x_training,1901.536655,82,215.128,13370.3125,54,1252,10001,"[0, 100000]","[0, 100000]",0,0,15039,27490
yolov8x_training,1902.579722,82,217.227,13370.3125,29,1020,10001,"[0, 100000]","[0, 100000]",0,0,6103,102148
yolov8x_training,1903.643279,80,214.725,13370.3125,100,780,10001,"[0, 100000]","[0, 100000]",0,0,6298,102001
yolov8x_training,1904.704560,83,219.110,13370.3125,97,945,10001,"[0, 100000]","[0, 100000]",0,0,6445,103417
yolov8x_training,1905.776799,83,218.897,13370.3125,95,855,10001,"[0, 100000]","[0, 100000]",0,0,6347,102392
yolov8x_training,1906.849720,82,220.800,13370.3125,56,2505,10001,"[0, 100000]","[0, 100000]",0,0,6054,100097
yolov8x_training,1907.935548,83,225.541,13370.3125,26,1260,10001,"[0, 100000]","[0, 100000]",0,0,15332,25195
yolov8x_training,1909.008500,83,214.905,13370.3125,89,2505,10001,"[0, 100000]","[0, 100000]",0,0,15136,29003
yolov8x_training,1910.089612,83,220.494,13370.3125,100,1770,10001,"[0, 100000]","[0, 100000]",0,0,15380,29882
yolov8x_training,1911.162480,79,214.907,13370.3125,96,780,10001,"[0, 100000]","[0, 100000]",0,0,15039,22021
yolov8x_training,1912.219579,82,217.817,13370.3125,21,795,10001,"[0, 100000]","[0, 100000]",0,0,15185,24658
yolov8x_training,1913.294374,79,220.285,13370.3125,79,990,10001,"[0, 100000]","[0, 100000]",0,0,15136,25976
yolov8x_training,1914.362064,82,220.562,13370.3125,100,2505,10001,"[0, 100000]","[0, 100000]",0,0,14843,26855
yolov8x_training,1915.434613,83,225.188,13370.3125,96,2490,10001,"[0, 100000]","[0, 100000]",0,0,15234,21679
yolov8x_training,1916.486274,84,215.712,13370.3125,92,840,10001,"[0, 100000]","[0, 100000]",0,0,15283,28564
yolov8x_training,1917.557577,84,218.564,13370.3125,22,1252,10001,"[0, 100000]","[0, 100000]",0,0,15234,25878
yolov8x_training,1918.636856,79,213.852,13370.3125,71,840,10001,"[0, 100000]","[0, 100000]",0,0,15087,25048
yolov8x_training,1919.709612,81,219.870,13370.3125,100,780,10001,"[0, 100000]","[0, 100000]",0,0,15039,25048
yolov8x_training,1920.756057,83,218.927,13370.3125,96,900,10001,"[0, 100000]","[0, 100000]",0,0,14941,25048
yolov8x_training,1921.835002,80,220.446,13370.3125,95,855,10001,"[0, 100000]","[0, 100000]",0,0,15136,25634
yolov8x_training,1922.910063,83,218.592,13370.3125,47,2505,10001,"[0, 100000]","[0, 100000]",0,0,15332,25976
yolov8x_training,1923.984386,83,214.501,13370.3125,52,1230,10001,"[0, 100000]","[0, 100000]",0,0,14990,25097
yolov8x_training,1925.050424,82,215.519,13370.3125,100,2505,10001,"[0, 100000]","[0, 100000]",0,0,14941,26318
yolov8x_training,1926.125106,79,215.711,13370.3125,97,870,10001,"[0, 100000]","[0, 100000]",0,0,14843,28955
yolov8x_training,1927.204897,80,217.148,13370.3125,21,795,10001,"[0, 100000]","[0, 100000]",0,0,15087,30078
yolov8x_training,1928.279037,83,220.195,13370.3125,72,960,10001,"[0, 100000]","[0, 100000]",0,0,15136,25146
yolov8x_training,1929.332797,83,221.576,13370.3125,100,825,10001,"[0, 100000]","[0, 100000]",0,0,15039,24658
yolov8x_training,1930.375678,80,217.743,13370.3125,95,2505,10001,"[0, 100000]","[0, 100000]",0,0,6201,103173
yolov8x_training,1931.438849,82,216.583,13370.3125,85,960,10001,"[0, 100000]","[0, 100000]",0,0,6250,103173
yolov8x_training,1932.507094,83,215.535,13370.3125,37,2505,10001,"[0, 100000]","[0, 100000]",0,0,6005,101025
yolov8x_training,1933.612137,83,215.186,13370.3125,51,1200,10001,"[0, 100000]","[0, 100000]",0,0,14941,26708
yolov8x_training,1934.691140,83,214.860,13370.3125,100,765,10001,"[0, 100000]","[0, 100000]",0,0,15039,24658
yolov8x_training,1935.770058,79,218.101,13370.3125,97,960,10001,"[0, 100000]","[0, 100000]",0,0,15283,24853
yolov8x_training,1936.813335,79,218.092,13370.3125,90,855,10001,"[0, 100000]","[0, 100000]",0,0,6542,99804
yolov8x_training,1937.885592,80,220.311,13370.3125,16,2370,10001,"[0, 100000]","[0, 100000]",0,0,6005,103466
yolov8x_training,1938.951490,83,214.866,13370.3125,92,780,10001,"[0, 100000]","[0, 100000]",0,0,90771,34716
yolov8x_training,1940.027381,83,217.977,13370.3125,100,1095,10001,"[0, 100000]","[0, 100000]",0,0,89404,20996
yolov8x_training,1941.070486,84,217.310,13370.3125,95,780,10001,"[0, 100000]","[0, 100000]",0,0,292,292
yolov8x_training,1942.113108,79,217.068,13370.3125,29,930,10001,"[0, 100000]","[0, 100000]",0,0,341,292
yolov8x_training,1943.155818,83,217.838,13370.3125,55,1080,10001,"[0, 100000]","[0, 100000]",0,0,1953,3222
yolov8x_training,1944.198741,83,221.768,13370.3125,96,1252,10001,"[0, 100000]","[0, 100000]",0,0,2294,9814
yolov8x_training,1945.242052,82,215.811,13370.3125,96,915,10001,"[0, 100000]","[0, 100000]",0,0,2343,10302
yolov8x_training,1946.284893,83,216.282,13370.3125,42,780,10001,"[0, 100000]","[0, 100000]",0,0,2685,10888
yolov8x_training,1947.328534,83,218.136,13370.3125,52,885,10001,"[0, 100000]","[0, 100000]",0,0,3955,17138
yolov8x_training,1948.371837,81,220.757,13370.3125,100,900,10001,"[0, 100000]","[0, 100000]",0,0,3955,13623
yolov8x_training,1949.415086,79,218.100,13370.3125,97,1252,10001,"[0, 100000]","[0, 100000]",0,0,4541,19775
yolov8x_training,1950.476640,82,216.309,13370.3125,92,855,10001,"[0, 100000]","[0, 100000]",0,0,14843,30615
yolov8x_training,1951.549263,83,217.692,13370.3125,19,1260,10001,"[0, 100000]","[0, 100000]",0,0,15234,24707
yolov8x_training,1952.627344,83,214.268,13370.3125,48,990,10001,"[0, 100000]","[0, 100000]",0,0,15332,21142
yolov8x_training,1953.697743,81,216.144,13370.3125,100,810,10001,"[0, 100000]","[0, 100000]",0,0,15283,28515
yolov8x_training,1954.741155,80,216.386,13370.3125,96,1350,10001,"[0, 100000]","[0, 100000]",0,0,6152,103271
yolov8x_training,1955.806726,79,218.467,13370.3125,78,2505,10001,"[0, 100000]","[0, 100000]",0,0,6298,102197
yolov8x_training,1956.880437,81,225.050,13370.3125,14,2355,10001,"[0, 100000]","[0, 100000]",0,0,4980,99658
yolov8x_training,1957.957955,83,214.583,13370.3125,86,840,10001,"[0, 100000]","[0, 100000]",0,0,5957,102099
yolov8x_training,1959.025100,84,218.353,13370.3125,100,2370,10001,"[0, 100000]","[0, 100000]",0,0,6152,103222
yolov8x_training,1960.100172,83,214.922,13370.3125,95,810,10001,"[0, 100000]","[0, 100000]",0,0,4296,103076
yolov8x_training,1961.182631,79,218.676,13370.3125,55,810,10001,"[0, 100000]","[0, 100000]",0,0,5273,102148
yolov8x_training,1962.260640,82,219.682,13370.3125,93,1065,10001,"[0, 100000]","[0, 100000]",0,0,6152,102148
yolov8x_training,1963.324632,79,215.655,13370.3125,100,2505,10001,"[0, 100000]","[0, 100000]",0,0,4541,102441
yolov8x_training,1964.404393,82,215.601,13370.3125,95,1845,10001,"[0, 100000]","[0, 100000]",0,0,4833,102685
yolov8x_training,1965.483712,83,215.862,13370.3125,49,795,10001,"[0, 100000]","[0, 100000]",0,0,6591,100585
yolov8x_training,1966.589423,83,219.928,13370.3125,43,2190,10001,"[0, 100000]","[0, 100000]",0,0,14843,28955
yolov8x_training,1967.661873,84,215.704,13370.3125,100,825,10001,"[0, 100000]","[0, 100000]",0,0,15039,24609
yolov8x_training,1968.736912,79,218.557,13370.3125,100,795,10001,"[0, 100000]","[0, 100000]",0,0,15234,25048
yolov8x_training,1969.806087,84,219.856,13370.3125,96,1200,10001,"[0, 100000]","[0, 100000]",0,0,15136,24365
yolov8x_training,1970.867811,79,220.241,13370.3125,58,1170,10001,"[0, 100000]","[0, 100000]",0,0,14941,28173
yolov8x_training,1971.911182,82,216.560,13370.3125,39,2040,10001,"[0, 100000]","[0, 100000]",0,0,6445,103173
yolov8x_training,1972.980719,83,215.865,13370.3125,100,810,10001,"[0, 100000]","[0, 100000]",0,0,5664,103222
yolov8x_training,1974.057681,83,219.771,13370.3125,97,1755,10001,"[0, 100000]","[0, 100000]",0,0,4931,101757
yolov8x_training,1975.175468,83,215.996,13370.3125,93,780,10001,"[0, 100000]","[0, 100000]",0,0,14941,25585
yolov8x_training,1976.257849,80,219.093,13370.3125,55,765,10001,"[0, 100000]","[0, 100000]",0,0,15136,25878
yolov8x_training,1977.338950,80,217.692,13370.3125,100,870,10001,"[0, 100000]","[0, 100000]",0,0,15136,24804
yolov8x_training,1978.418138,80,223.858,13370.3125,95,2505,10001,"[0, 100000]","[0, 100000]",0,0,14990,22167
yolov8x_training,1979.486255,82,215.627,13370.3125,79,885,10001,"[0, 100000]","[0, 100000]",0,0,15332,28906
yolov8x_training,1980.558395,83,216.300,13370.3125,20,2535,10001,"[0, 100000]","[0, 100000]",0,0,15136,23925
yolov8x_training,1981.636753,83,215.065,13370.3125,92,855,10001,"[0, 100000]","[0, 100000]",0,0,15087,24658
yolov8x_training,1982.679670,79,217.603,13370.3125,100,825,10001,"[0, 100000]","[0, 100000]",0,0,6396,100537
yolov8x_training,1983.787702,82,217.270,13370.3125,96,1230,10001,"[0, 100000]","[0, 100000]",0,0,14990,29833
yolov8x_training,1984.871243,79,216.597,13370.3125,49,1950,10001,"[0, 100000]","[0, 100000]",0,0,14892,27294
yolov8x_training,1985.947071,82,216.223,13370.3125,31,2265,10001,"[0, 100000]","[0, 100000]",0,0,15136,29003
yolov8x_training,1987.027566,83,215.395,13370.3125,100,2505,10001,"[0, 100000]","[0, 100000]",0,0,14794,24902
yolov8x_training,1988.090328,83,219.418,13370.3125,96,2130,10001,"[0, 100000]","[0, 100000]",0,0,15283,25732
yolov8x_training,1989.170631,83,214.986,13370.3125,96,780,10001,"[0, 100000]","[0, 100000]",0,0,15039,25146
yolov8x_training,1990.245395,79,218.580,13370.3125,55,765,10001,"[0, 100000]","[0, 100000]",0,0,14892,29150
yolov8x_training,1991.323080,82,220.922,13370.3125,100,960,10001,"[0, 100000]","[0, 100000]",0,0,14843,26318
yolov8x_training,1992.379786,79,217.626,13370.3125,96,2505,10001,"[0, 100000]","[0, 100000]",0,0,14794,27978
yolov8x_training,1993.453444,82,216.131,13370.3125,96,1875,10001,"[0, 100000]","[0, 100000]",0,0,14990,25097
yolov8x_training,1994.532898,83,215.310,13370.3125,22,1252,10001,"[0, 100000]","[0, 100000]",0,0,15136,24707
yolov8x_training,1995.611204,83,215.247,13370.3125,54,1755,10001,"[0, 100000]","[0, 100000]",0,0,14892,23046
yolov8x_training,1996.668077,82,217.466,13370.3125,100,795,10001,"[0, 100000]","[0, 100000]",0,0,15283,24902
yolov8x_training,1997.711336,80,218.439,13370.3125,96,795,10001,"[0, 100000]","[0, 100000]",0,0,6054,101708
yolov8x_training,1998.773524,82,220.395,13370.3125,94,870,10001,"[0, 100000]","[0, 100000]",0,0,6542,102831
yolov8x_training,1999.845769,79,222.031,13370.3125,27,1425,10001,"[0, 100000]","[0, 100000]",0,0,6347,101806
yolov8x_training,2000.920243,82,214.371,13370.3125,63,2130,10001,"[0, 100000]","[0, 100000]",0,0,5908,101806
yolov8x_training,2001.981859,83,217.974,13370.3125,100,780,10001,"[0, 100000]","[0, 100000]",0,0,6396,101464
yolov8x_training,2003.055092,82,219.657,13370.3125,95,1890,10001,"[0, 100000]","[0, 100000]",0,0,4589,102880
yolov8x_training,2004.134454,81,216.898,13370.3125,82,810,10001,"[0, 100000]","[0, 100000]",0,0,9521,36425
yolov8x_training,2005.208600,81,218.114,13370.3125,82,795,10001,"[0, 100000]","[0, 100000]",0,0,4589,102343
yolov8x_training,2006.290860,83,218.325,13370.3125,100,840,10001,"[0, 100000]","[0, 100000]",0,0,4931,103173
yolov8x_training,2007.369712,82,219.220,13370.3125,95,2505,10001,"[0, 100000]","[0, 100000]",0,0,4980,100878
yolov8x_training,2008.449063,83,214.112,13370.3125,59,885,10001,"[0, 100000]","[0, 100000]",0,0,3515,34716
yolov8x_training,2009.516563,84,217.659,13370.3125,39,2535,10001,"[0, 100000]","[0, 100000]",0,0,4345,101269
yolov8x_training,2010.598580,83,218.695,13370.3125,100,840,10001,"[0, 100000]","[0, 100000]",0,0,4199,33984
yolov8x_training,2011.664464,80,216.284,13370.3125,95,795,10001,"[0, 100000]","[0, 100000]",0,0,89550,22412
yolov8x_training,2012.746988,82,221.164,13370.3125,91,1380,10001,"[0, 100000]","[0, 100000]",0,0,89599,23144
yolov8x_training,2013.828050,79,220.228,13370.3125,22,2055,10001,"[0, 100000]","[0, 100000]",0,0,5322,103466
yolov8x_training,2014.905768,83,213.545,13370.3125,70,1785,10001,"[0, 100000]","[0, 100000]",0,0,4199,34765
yolov8x_training,2015.968786,83,218.978,13370.3125,100,810,10001,"[0, 100000]","[0, 100000]",0,0,2978,37158
yolov8x_training,2017.042404,82,217.766,13370.3125,96,1845,10001,"[0, 100000]","[0, 100000]",0,0,90429,29296
yolov8x_training,2018.119960,81,217.800,13370.3125,78,795,10001,"[0, 100000]","[0, 100000]",0,0,6347,101318
yolov8x_training,2019.194582,80,217.171,13370.3125,23,765,10001,"[0, 100000]","[0, 100000]",0,0,4150,33886
yolov8x_training,2020.258799,83,218.304,13370.3125,100,855,10001,"[0, 100000]","[0, 100000]",0,0,89941,25244
yolov8x_training,2021.339665,80,222.569,13370.3125,95,1252,10001,"[0, 100000]","[0, 100000]",0,0,2880,38281
yolov8x_training,2022.409429,83,215.344,13370.3125,77,1620,10001,"[0, 100000]","[0, 100000]",0,0,2880,37744
yolov8x_training,2023.481302,84,215.530,13370.3125,29,780,10001,"[0, 100000]","[0, 100000]",0,0,89550,21142
yolov8x_training,2024.524540,84,218.606,13370.3125,100,870,10001,"[0, 100000]","[0, 100000]",0,0,341,341
yolov8x_training,2025.567473,79,216.163,13370.3125,100,810,10001,"[0, 100000]","[0, 100000]",0,0,12548,341
yolov8x_training,2026.610203,82,217.844,13370.3125,96,1110,10001,"[0, 100000]","[0, 100000]",0,0,1953,976
yolov8x_training,2027.653064,83,219.413,13370.3125,31,1350,10001,"[0, 100000]","[0, 100000]",0,0,2539,10058
yolov8x_training,2028.696432,83,214.998,13370.3125,41,2325,10001,"[0, 100000]","[0, 100000]",0,0,2539,11669
yolov8x_training,2029.740916,83,216.525,13370.3125,100,825,10001,"[0, 100000]","[0, 100000]",0,0,3076,12402
yolov8x_training,2030.783857,79,219.665,13370.3125,95,810,10001,"[0, 100000]","[0, 100000]",0,0,3173,20849
yolov8x_training,2031.827193,83,219.000,13370.3125,95,1245,10001,"[0, 100000]","[0, 100000]",0,0,4833,14599
yolov8x_training,2032.884234,79,218.153,13370.3125,29,1560,10001,"[0, 100000]","[0, 100000]",0,0,14990,22021
yolov8x_training,2033.943975,82,214.588,13370.3125,60,2295,10001,"[0, 100000]","[0, 100000]",0,0,14990,25146
yolov8x_training,2035.013844,83,216.901,13370.3125,100,1335,10001,"[0, 100000]","[0, 100000]",0,0,15136,27734
yolov8x_training,2036.073217,83,220.802,13370.3125,97,2385,10001,"[0, 100000]","[0, 100000]",0,0,15087,27343
yolov8x_training,2037.139215,83,215.138,13370.3125,95,870,10001,"[0, 100000]","[0, 100000]",0,0,15087,22363
yolov8x_training,2038.192779,79,219.261,13370.3125,51,795,10001,"[0, 100000]","[0, 100000]",0,0,15527,26367
yolov8x_training,2039.236035,82,218.252,13370.3125,99,960,10001,"[0, 100000]","[0, 100000]",0,0,6298,103125
yolov8x_training,2040.302433,83,215.599,13370.3125,96,1200,10001,"[0, 100000]","[0, 100000]",0,0,5078,103173
yolov8x_training,2041.380133,81,221.443,13370.3125,95,1252,10001,"[0, 100000]","[0, 100000]",0,0,6494,102099
yolov8x_training,2042.450570,83,214.950,13370.3125,54,1275,10001,"[0, 100000]","[0, 100000]",0,0,6054,103173
yolov8x_training,2043.517578,83,216.076,13370.3125,53,1267,10001,"[0, 100000]","[0, 100000]",0,0,4345,102978
yolov8x_training,2044.598677,82,221.516,13370.3125,100,840,10001,"[0, 100000]","[0, 100000]",0,0,4638,102832
yolov8x_training,2045.679468,79,220.343,13370.3125,97,780,10001,"[0, 100000]","[0, 100000]",0,0,6494,101611
yolov8x_training,2046.789380,82,218.302,13370.3125,96,975,10001,"[0, 100000]","[0, 100000]",0,0,15380,27685
yolov8x_training,2047.870861,79,219.786,13370.3125,35,855,10001,"[0, 100000]","[0, 100000]",0,0,15185,26416
yolov8x_training,2048.939239,82,216.331,13370.3125,50,2535,10001,"[0, 100000]","[0, 100000]",0,0,15380,25146
yolov8x_training,2050.006728,83,223.655,13370.3125,100,885,10001,"[0, 100000]","[0, 100000]",0,0,14990,26464
yolov8x_training,2051.063284,84,215.349,13370.3125,96,2505,10001,"[0, 100000]","[0, 100000]",0,0,14990,29687
yolov8x_training,2052.138631,84,222.060,13370.3125,95,1170,10001,"[0, 100000]","[0, 100000]",0,0,15380,26025
yolov8x_training,2053.213167,79,214.664,13370.3125,41,795,10001,"[0, 100000]","[0, 100000]",0,0,15332,25830
yolov8x_training,2054.280407,82,220.048,13370.3125,100,765,10001,"[0, 100000]","[0, 100000]",0,0,14843,24365
yolov8x_training,2055.332323,79,219.684,13370.3125,65,795,10001,"[0, 100000]","[0, 100000]",0,0,15673,24023
yolov8x_training,2056.399961,81,222.159,13370.3125,100,2505,10001,"[0, 100000]","[0, 100000]",0,0,15039,28564
yolov8x_training,2057.442897,83,219.076,13370.3125,95,1980,10001,"[0, 100000]","[0, 100000]",0,0,6542,101464
yolov8x_training,2058.514322,83,213.515,13370.3125,75,2565,10001,"[0, 100000]","[0, 100000]",0,0,90625,33740
yolov8x_training,2059.591104,81,217.306,13370.3125,31,825,10001,"[0, 100000]","[0, 100000]",0,0,90087,25732
yolov8x_training,2060.672088,82,214.379,13370.3125,100,795,10001,"[0, 100000]","[0, 100000]",0,0,292,1036474
yolov8x_training,2061.714841,83,215.449,13370.3125,96,870,10001,"[0, 100000]","[0, 100000]",0,0,341,292
yolov8x_training,2062.757592,82,214.704,13370.3125,56,2490,10001,"[0, 100000]","[0, 100000]",0,0,1806,85986
yolov8x_training,2063.800658,80,217.453,13370.3125,46,840,10001,"[0, 100000]","[0, 100000]",0,0,2392,10253
yolov8x_training,2064.843564,84,213.860,13370.3125,100,780,10001,"[0, 100000]","[0, 100000]",0,0,4101,17041
yolov8x_training,2065.886475,79,217.967,13370.3125,95,840,10001,"[0, 100000]","[0, 100000]",0,0,3759,17675
yolov8x_training,2066.939957,82,214.316,13370.3125,54,2460,10001,"[0, 100000]","[0, 100000]",0,0,15136,29833
yolov8x_training,2068.004954,83,218.924,13370.3125,40,840,10001,"[0, 100000]","[0, 100000]",0,0,15039,26171
yolov8x_training,2069.083454,81,215.711,13370.3125,92,2400,10001,"[0, 100000]","[0, 100000]",0,0,15185,26025
yolov8x_training,2070.159845,83,219.303,13370.3125,100,885,10001,"[0, 100000]","[0, 100000]",0,0,15136,26269
yolov8x_training,2071.224397,79,213.707,13370.3125,57,810,10001,"[0, 100000]","[0, 100000]",0,0,14990,26318
yolov8x_training,2072.302942,82,218.671,13370.3125,36,1125,10001,"[0, 100000]","[0, 100000]",0,0,15234,25292
yolov8x_training,2073.387299,80,218.337,13370.3125,100,2115,10001,"[0, 100000]","[0, 100000]",0,0,15380,23876
yolov8x_training,2074.430537,83,218.751,13370.3125,96,2205,10001,"[0, 100000]","[0, 100000]",0,0,5908,100146
yolov8x_training,2075.525570,83,214.902,13370.3125,96,1710,10001,"[0, 100000]","[0, 100000]",0,0,15380,24658
yolov8x_training,2076.603591,83,218.048,13370.3125,30,2130,10001,"[0, 100000]","[0, 100000]",0,0,15234,24707
yolov8x_training,2077.671401,79,215.599,13370.3125,57,810,10001,"[0, 100000]","[0, 100000]",0,0,14990,26318
yolov8x_training,2078.714323,80,216.535,13370.3125,100,780,10001,"[0, 100000]","[0, 100000]",0,0,6201,100341
yolov8x_training,2079.776416,83,218.311,13370.3125,95,1110,10001,"[0, 100000]","[0, 100000]",0,0,6054,104589
yolov8x_training,2080.844966,82,218.114,13370.3125,79,1320,10001,"[0, 100000]","[0, 100000]",0,0,4541,103125
yolov8x_training,2081.926808,83,217.352,13370.3125,18,1380,10001,"[0, 100000]","[0, 100000]",0,0,90625,35009
yolov8x_training,2083.003476,84,213.879,13370.3125,95,795,10001,"[0, 100000]","[0, 100000]",0,0,3320,35351
yolov8x_training,2084.071321,84,218.333,13370.3125,100,1830,10001,"[0, 100000]","[0, 100000]",0,0,5175,102880
yolov8x_training,2085.146883,79,214.331,13370.3125,95,780,10001,"[0, 100000]","[0, 100000]",0,0,6396,103613
yolov8x_training,2086.220189,82,217.692,13370.3125,18,750,10001,"[0, 100000]","[0, 100000]",0,0,4003,32666
yolov8x_training,2087.283690,83,219.032,13370.3125,91,1035,10001,"[0, 100000]","[0, 100000]",0,0,90722,34863
yolov8x_training,2088.358459,82,218.803,13370.3125,100,2505,10001,"[0, 100000]","[0, 100000]",0,0,4003,32519
yolov8x_training,2089.422148,83,218.930,13370.3125,96,1155,10001,"[0, 100000]","[0, 100000]",0,0,89941,25000
yolov8x_training,2090.503201,81,214.490,13370.3125,49,780,10001,"[0, 100000]","[0, 100000]",0,0,89111,17968
yolov8x_training,2091.546335,81,217.180,13370.3125,38,885,10001,"[0, 100000]","[0, 100000]",0,0,341,292
yolov8x_training,2092.589058,80,217.937,13370.3125,100,810,10001,"[0, 100000]","[0, 100000]",0,0,341,292
yolov8x_training,2093.631771,83,218.242,13370.3125,96,1230,10001,"[0, 100000]","[0, 100000]",0,0,1904,2441
yolov8x_training,2094.674979,83,218.729,13370.3125,88,2505,10001,"[0, 100000]","[0, 100000]",0,0,2441,8740
yolov8x_training,2095.718009,83,223.639,13370.3125,21,2235,10001,"[0, 100000]","[0, 100000]",0,0,2636,11181
yolov8x_training,2096.761750,79,215.573,13370.3125,72,810,10001,"[0, 100000]","[0, 100000]",0,0,3515,13427
yolov8x_training,2097.804537,82,216.660,13370.3125,100,780,10001,"[0, 100000]","[0, 100000]",0,0,3564,18017
yolov8x_training,2098.847890,79,221.293,13370.3125,96,1350,10001,"[0, 100000]","[0, 100000]",0,0,5859,28906
yolov8x_training,2099.918185,82,217.017,13370.3125,73,1252,10001,"[0, 100000]","[0, 100000]",0,0,14990,25146
yolov8x_training,2100.961096,83,218.262,13370.3125,31,915,10001,"[0, 100000]","[0, 100000]",0,0,5957,103125
yolov8x_training,2102.026365,81,214.780,13370.3125,100,2505,10001,"[0, 100000]","[0, 100000]",0,0,6689,103027
yolov8x_training,2103.098329,83,219.356,13370.3125,100,1035,10001,"[0, 100000]","[0, 100000]",0,0,4833,101660
yolov8x_training,2104.217873,79,213.964,13370.3125,95,780,10001,"[0, 100000]","[0, 100000]",0,0,15185,24707
yolov8x_training,2105.289668,83,217.862,13370.3125,40,930,10001,"[0, 100000]","[0, 100000]",0,0,15087,28906
yolov8x_training,2106.332667,80,217.918,13370.3125,100,1035,10001,"[0, 100000]","[0, 100000]",0,0,5908,103613
yolov8x_training,2107.398896,82,219.287,13370.3125,100,2505,10001,"[0, 100000]","[0, 100000]",0,0,4785,102392
yolov8x_training,2108.478563,83,214.728,13370.3125,95,840,10001,"[0, 100000]","[0, 100000]",0,0,6250,102148
yolov8x_training,2109.539834,83,216.535,13370.3125,18,2265,10001,"[0, 100000]","[0, 100000]",0,0,3955,34326
yolov8x_training,2110.603236,79,220.051,13370.3125,69,810,10001,"[0, 100000]","[0, 100000]",0,0,3222,36767
yolov8x_training,2111.674415,80,217.773,13370.3125,100,810,10001,"[0, 100000]","[0, 100000]",0,0,3027,37500
yolov8x_training,2112.745064,83,217.658,13370.3125,95,1095,10001,"[0, 100000]","[0, 100000]",0,0,4150,33300
yolov8x_training,2113.811231,83,218.003,13370.3125,85,2370,10001,"[0, 100000]","[0, 100000]",0,0,89599,21533
yolov8x_training,2114.854422,83,216.469,13370.3125,11,1905,10001,"[0, 100000]","[0, 100000]",0,0,341,292
yolov8x_training,2115.897005,83,214.027,13370.3125,87,780,10001,"[0, 100000]","[0, 100000]",0,0,9960,292
yolov8x_training,2116.939684,84,217.584,13370.3125,100,765,10001,"[0, 100000]","[0, 100000]",0,0,1708,341
yolov8x_training,2117.982548,79,219.030,13370.3125,96,855,10001,"[0, 100000]","[0, 100000]",0,0,2246,8056
yolov8x_training,2119.026046,82,218.376,13370.3125,76,765,10001,"[0, 100000]","[0, 100000]",0,0,2343,9521
yolov8x_training,2120.069680,83,219.905,13370.3125,21,990,10001,"[0, 100000]","[0, 100000]",0,0,2929,13183
yolov8x_training,2121.112709,84,214.808,13370.3125,94,2505,10001,"[0, 100000]","[0, 100000]",0,0,4052,15966
yolov8x_training,2122.155834,83,221.168,13370.3125,100,1620,10001,"[0, 100000]","[0, 100000]",0,0,4150,15966
yolov8x_training,2123.205175,79,214.404,13370.3125,96,795,10001,"[0, 100000]","[0, 100000]",0,0,15039,26171
yolov8x_training,2124.269790,82,218.474,13370.3125,14,765,10001,"[0, 100000]","[0, 100000]",0,0,15234,24902
yolov8x_training,2125.349326,79,216.270,13370.3125,98,915,10001,"[0, 100000]","[0, 100000]",0,0,15283,24707
yolov8x_training,2126.420086,82,216.529,13370.3125,100,1252,10001,"[0, 100000]","[0, 100000]",0,0,15234,28613
yolov8x_training,2127.490527,83,224.160,13370.3125,96,2265,10001,"[0, 100000]","[0, 100000]",0,0,15136,22753
yolov8x_training,2128.550576,83,214.516,13370.3125,63,2295,10001,"[0, 100000]","[0, 100000]",0,0,15136,25097
yolov8x_training,2129.593539,82,220.206,13370.3125,26,1965,10001,"[0, 100000]","[0, 100000]",0,0,6201,102978
yolov8x_training,2130.655619,79,215.011,13370.3125,100,795,10001,"[0, 100000]","[0, 100000]",0,0,4248,33886
yolov8x_training,2131.719246,82,218.466,13370.3125,100,765,10001,"[0, 100000]","[0, 100000]",0,0,89501,22314
yolov8x_training,2132.802221,83,219.545,13370.3125,96,915,10001,"[0, 100000]","[0, 100000]",0,0,4931,103320
yolov8x_training,2133.881993,82,219.642,13370.3125,37,2505,10001,"[0, 100000]","[0, 100000]",0,0,6152,102832
yolov8x_training,2134.949546,83,216.007,13370.3125,37,1380,10001,"[0, 100000]","[0, 100000]",0,0,5517,102929
yolov8x_training,2136.027099,81,215.132,13370.3125,100,2505,10001,"[0, 100000]","[0, 100000]",0,0,5273,102197
yolov8x_training,2137.139465,80,216.991,13370.3125,97,1575,10001,"[0, 100000]","[0, 100000]",0,0,15087,28906
yolov8x_training,2138.182552,80,215.496,13370.3125,95,780,10001,"[0, 100000]","[0, 100000]",0,0,6005,102636
yolov8x_training,2139.247108,83,217.829,13370.3125,56,945,10001,"[0, 100000]","[0, 100000]",0,0,6640,102783
yolov8x_training,2140.317479,82,221.504,13370.3125,100,825,10001,"[0, 100000]","[0, 100000]",0,0,6933,102197
yolov8x_training,2141.388893,79,217.589,13370.3125,97,1252,10001,"[0, 100000]","[0, 100000]",0,0,6542,102685
yolov8x_training,2142.458651,82,214.195,13370.3125,90,855,10001,"[0, 100000]","[0, 100000]",0,0,5468,103417
yolov8x_training,2143.535322,83,217.446,13370.3125,17,2475,10001,"[0, 100000]","[0, 100000]",0,0,4199,34082
yolov8x_training,2144.599195,82,218.016,13370.3125,60,900,10001,"[0, 100000]","[0, 100000]",0,0,90673,36914
yolov8x_training,2145.673063,82,216.929,13370.3125,100,825,10001,"[0, 100000]","[0, 100000]",0,0,4150,32763
yolov8x_training,2146.735056,80,219.123,13370.3125,95,1080,10001,"[0, 100000]","[0, 100000]",0,0,90576,36621
yolov8x_training,2147.809599,82,220.072,13370.3125,86,1395,10001,"[0, 100000]","[0, 100000]",0,0,89404,21093
yolov8x_training,2148.853111,80,224.608,13370.3125,20,2490,10001,"[0, 100000]","[0, 100000]",0,0,341,1035888
yolov8x_training,2149.895748,82,215.831,13370.3125,66,870,10001,"[0, 100000]","[0, 100000]",0,0,341,292
yolov8x_training,2150.938380,83,217.434,13370.3125,100,795,10001,"[0, 100000]","[0, 100000]",0,0,341,292
yolov8x_training,2151.980955,82,218.327,13370.3125,96,975,10001,"[0, 100000]","[0, 100000]",0,0,1708,1660
yolov8x_training,2153.024424,81,218.685,13370.3125,81,1020,10001,"[0, 100000]","[0, 100000]",0,0,2197,8056
yolov8x_training,2154.067295,80,219.302,13370.3125,16,1080,10001,"[0, 100000]","[0, 100000]",0,0,2392,12158
yolov8x_training,2155.110414,83,214.721,13370.3125,75,1350,10001,"[0, 100000]","[0, 100000]",0,0,4150,14501
yolov8x_training,2156.153287,83,221.533,13370.3125,100,2340,10001,"[0, 100000]","[0, 100000]",0,0,2783,20996
yolov8x_training,2157.196864,82,213.643,13370.3125,96,855,10001,"[0, 100000]","[0, 100000]",0,0,5322,13964
yolov8x_training,2158.240333,80,218.308,13370.3125,20,810,10001,"[0, 100000]","[0, 100000]",0,0,6591,27050
yolov8x_training,2159.296815,80,220.213,13370.3125,62,915,10001,"[0, 100000]","[0, 100000]",0,0,15087,25976
yolov8x_training,2160.375115,81,222.053,13370.3125,100,855,10001,"[0, 100000]","[0, 100000]",0,0,14746,22998
yolov8x_training,2161.423515,79,220.901,13370.3125,96,1252,10001,"[0, 100000]","[0, 100000]",0,0,15087,25097
yolov8x_training,2162.500247,82,215.115,13370.3125,96,885,10001,"[0, 100000]","[0, 100000]",0,0,15185,23876
yolov8x_training,2163.567729,83,217.159,13370.3125,28,2505,10001,"[0, 100000]","[0, 100000]",0,0,14990,27734
yolov8x_training,2164.644152,83,215.096,13370.3125,41,1140,10001,"[0, 100000]","[0, 100000]",0,0,14746,23925
yolov8x_training,2165.700512,83,214.610,13370.3125,100,795,10001,"[0, 100000]","[0, 100000]",0,0,14892,25097
yolov8x_training,2166.773992,79,220.024,13370.3125,96,780,10001,"[0, 100000]","[0, 100000]",0,0,14843,25439
yolov8x_training,2167.842737,84,219.264,13370.3125,96,840,10001,"[0, 100000]","[0, 100000]",0,0,15332,27636
yolov8x_training,2168.885626,79,217.818,13370.3125,50,1500,10001,"[0, 100000]","[0, 100000]",0,0,6054,99511
yolov8x_training,2169.953273,82,216.871,13370.3125,49,2040,10001,"[0, 100000]","[0, 100000]",0,0,5908,101513
yolov8x_training,2171.018633,83,214.665,13370.3125,100,795,10001,"[0, 100000]","[0, 100000]",0,0,4785,101416
yolov8x_training,2172.098516,81,219.691,13370.3125,94,1275,10001,"[0, 100000]","[0, 100000]",0,0,6201,101708
yolov8x_training,2173.174078,83,217.888,13370.3125,93,810,10001,"[0, 100000]","[0, 100000]",0,0,6494,99365
yolov8x_training,2174.247046,79,217.993,13370.3125,56,780,10001,"[0, 100000]","[0, 100000]",0,0,6054,103027
yolov8x_training,2175.312054,82,220.311,13370.3125,100,870,10001,"[0, 100000]","[0, 100000]",0,0,6347,99609
yolov8x_training,2176.386309,80,219.374,13370.3125,96,2505,10001,"[0, 100000]","[0, 100000]",0,0,6298,101513
yolov8x_training,2177.462120,83,214.586,13370.3125,0,780,10001,"[0, 100000]","[0, 100000]",0,0,2246,8154
yolov8x_training,2178.505165,83,186.031,13370.3125,1,1560,10001,"[0, 100000]","[0, 100000]",0,0,341,292
yolov8x_training,2179.547949,82,178.116,13370.3125,90,2520,10001,"[0, 100000]","[0, 100000]",0,0,6884,92968
yolov8x_training,2180.618141,84,200.437,13370.3125,100,840,10001,"[0, 100000]","[0, 100000]",0,0,90771,34423
yolov8x_training,2181.693927,80,203.657,13370.3125,92,855,10001,"[0, 100000]","[0, 100000]",0,0,1464,292
yolov8x_training,2182.736673,83,218.056,13370.3125,18,2505,10001,"[0, 100000]","[0, 100000]",0,0,2197,9472
yolov8x_training,2183.779569,81,213.374,13370.3125,80,1035,10001,"[0, 100000]","[0, 100000]",0,0,2734,9716
yolov8x_training,2184.823068,79,218.043,13370.3125,100,780,10001,"[0, 100000]","[0, 100000]",0,0,3125,13574
yolov8x_training,2185.866141,82,218.189,13370.3125,96,945,10001,"[0, 100000]","[0, 100000]",0,0,3613,18945
yolov8x_training,2186.909441,80,220.500,13370.3125,85,855,10001,"[0, 100000]","[0, 100000]",0,0,3710,14257
yolov8x_training,2187.952081,79,222.558,13370.3125,20,1252,10001,"[0, 100000]","[0, 100000]",0,0,4980,14257
yolov8x_training,2189.006680,82,215.457,13370.3125,67,1275,10001,"[0, 100000]","[0, 100000]",0,0,15039,26367
yolov8x_training,2190.080943,83,217.373,13370.3125,100,2565,10001,"[0, 100000]","[0, 100000]",0,0,14941,29003
yolov8x_training,2191.154198,82,215.981,13370.3125,95,1650,10001,"[0, 100000]","[0, 100000]",0,0,14892,22021
yolov8x_training,2192.221277,81,216.827,13370.3125,83,780,10001,"[0, 100000]","[0, 100000]",0,0,14794,30273
yolov8x_training,2193.283086,80,219.323,13370.3125,64,780,10001,"[0, 100000]","[0, 100000]",0,0,15429,28222
yolov8x_training,2194.326142,82,220.333,13370.3125,100,1200,10001,"[0, 100000]","[0, 100000]",0,0,5957,101367
yolov8x_training,2195.390144,80,222.114,13370.3125,95,2610,10001,"[0, 100000]","[0, 100000]",0,0,3515,37402
yolov8x_training,2196.449377,83,216.231,13370.3125,71,840,10001,"[0, 100000]","[0, 100000]",0,0,90478,31542
yolov8x_training,2197.526200,83,217.669,13370.3125,25,810,10001,"[0, 100000]","[0, 100000]",0,0,89648,21484
yolov8x_training,2198.569539,83,217.103,13370.3125,100,795,10001,"[0, 100000]","[0, 100000]",0,0,341,292
yolov8x_training,2199.612178,79,217.487,13370.3125,100,825,10001,"[0, 100000]","[0, 100000]",0,0,341,292
yolov8x_training,2200.654962,82,218.149,13370.3125,96,1185,10001,"[0, 100000]","[0, 100000]",0,0,927,292
yolov8x_training,2201.697833,83,215.835,13370.3125,44,1515,10001,"[0, 100000]","[0, 100000]",0,0,2343,6250
yolov8x_training,2202.740826,83,216.083,13370.3125,34,2145,10001,"[0, 100000]","[0, 100000]",0,0,2343,10400
yolov8x_training,2203.783788,84,214.087,13370.3125,100,810,10001,"[0, 100000]","[0, 100000]",0,0,2832,13281
yolov8x_training,2204.826817,79,219.698,13370.3125,98,810,10001,"[0, 100000]","[0, 100000]",0,0,4101,13916
yolov8x_training,2205.869642,83,219.279,13370.3125,95,1350,10001,"[0, 100000]","[0, 100000]",0,0,3417,24365
yolov8x_training,2206.912549,79,217.659,13370.3125,54,1275,10001,"[0, 100000]","[0, 100000]",0,0,6396,22119
yolov8x_training,2207.956671,82,219.807,13370.3125,34,2295,10001,"[0, 100000]","[0, 100000]",0,0,15429,28564
yolov8x_training,2209.022984,83,214.584,13370.3125,100,810,10001,"[0, 100000]","[0, 100000]",0,0,15722,24902
yolov8x_training,2210.096545,83,220.177,13370.3125,100,2400,10001,"[0, 100000]","[0, 100000]",0,0,15087,28857
yolov8x_training,2211.175420,83,215.512,13370.3125,95,885,10001,"[0, 100000]","[0, 100000]",0,0,14599,26757
yolov8x_training,2212.230930,79,219.170,13370.3125,61,810,10001,"[0, 100000]","[0, 100000]",0,0,14990,28027
yolov8x_training,2213.297799,80,218.650,13370.3125,80,795,10001,"[0, 100000]","[0, 100000]",0,0,15136,27392
yolov8x_training,2214.371703,79,220.111,13370.3125,100,855,10001,"[0, 100000]","[0, 100000]",0,0,14941,29638
yolov8x_training,2215.443721,80,224.369,13370.3125,96,2640,10001,"[0, 100000]","[0, 100000]",0,0,15087,21679
yolov8x_training,2216.491870,82,214.867,13370.3125,88,1830,10001,"[0, 100000]","[0, 100000]",0,0,14794,29541
yolov8x_training,2217.562191,83,218.409,13370.3125,20,1890,10001,"[0, 100000]","[0, 100000]",0,0,14990,25585
yolov8x_training,2218.640501,82,214.825,13370.3125,66,2130,10001,"[0, 100000]","[0, 100000]",0,0,15087,25732
yolov8x_training,2219.709700,83,217.484,13370.3125,100,810,10001,"[0, 100000]","[0, 100000]",0,0,14697,27441
yolov8x_training,2220.775942,79,217.887,13370.3125,95,810,10001,"[0, 100000]","[0, 100000]",0,0,15039,27001
yolov8x_training,2221.855805,81,218.848,13370.3125,83,855,10001,"[0, 100000]","[0, 100000]",0,0,14990,27587
yolov8x_training,2222.929276,80,221.817,13370.3125,28,2505,10001,"[0, 100000]","[0, 100000]",0,0,15429,30078
yolov8x_training,2224.002547,82,214.046,13370.3125,64,2160,10001,"[0, 100000]","[0, 100000]",0,0,15234,22998
yolov8x_training,2225.068738,83,217.404,13370.3125,100,2580,10001,"[0, 100000]","[0, 100000]",0,0,14892,30810
yolov8x_training,2226.111444,83,218.293,13370.3125,94,1605,10001,"[0, 100000]","[0, 100000]",0,0,5957,101318
yolov8x_training,2227.175677,79,217.459,13370.3125,78,750,10001,"[0, 100000]","[0, 100000]",0,0,4687,101855
yolov8x_training,2228.256040,80,216.948,13370.3125,100,870,10001,"[0, 100000]","[0, 100000]",0,0,2929,37988
yolov8x_training,2229.325398,83,218.369,13370.3125,100,855,10001,"[0, 100000]","[0, 100000]",0,0,6445,100878
yolov8x_training,2230.399894,82,221.118,13370.3125,96,2520,10001,"[0, 100000]","[0, 100000]",0,0,4931,98291
yolov8x_training,2231.479506,78,207.532,13370.3125,61,810,10001,"[0, 100000]","[0, 100000]",0,0,2392,12402
yolov8x_training,2232.522829,82,194.629,13370.3125,0,855,10001,"[0, 100000]","[0, 100000]",0,0,341,292
yolov8x_training,2233.565953,82,180.104,13370.3125,44,2505,10001,"[0, 100000]","[0, 100000]",0,0,4052,33251
yolov8x_training,2234.632941,80,182.132,13370.3125,89,840,10001,"[0, 100000]","[0, 100000]",0,0,2734,10009
yolov8x_training,2235.676464,78,205.836,13370.3125,100,780,10001,"[0, 100000]","[0, 100000]",0,0,292,292
yolov8x_training,2236.719813,83,199.382,13370.3125,11,975,10001,"[0, 100000]","[0, 100000]",0,0,4150,34082
yolov8x_training,2237.782852,82,178.780,13370.3125,6,2505,10001,"[0, 100000]","[0, 100000]",0,0,2880,9667
yolov8x_training,2238.826458,81,183.318,13370.3125,90,2565,10001,"[0, 100000]","[0, 100000]",0,0,341,1033496
yolov8x_training,2239.869339,82,213.746,13370.3125,72,1845,10001,"[0, 100000]","[0, 100000]",0,0,341,292
yolov8x_training,2240.911902,83,214.894,13370.3125,100,795,10001,"[0, 100000]","[0, 100000]",0,0,1171,292
yolov8x_training,2241.954564,83,217.259,13370.3125,95,915,10001,"[0, 100000]","[0, 100000]",0,0,2343,5468
yolov8x_training,2242.997925,78,217.739,13370.3125,69,855,10001,"[0, 100000]","[0, 100000]",0,0,2490,8496
yolov8x_training,2244.041219,80,219.425,13370.3125,19,780,10001,"[0, 100000]","[0, 100000]",0,0,2587,10888
yolov8x_training,2245.084259,82,213.995,13370.3125,88,795,10001,"[0, 100000]","[0, 100000]",0,0,3076,12402
yolov8x_training,2246.127272,82,208.943,13370.3125,100,870,10001,"[0, 100000]","[0, 100000]",0,0,5908,101562
yolov8x_training,2247.190184,78,218.793,13370.3125,57,810,10001,"[0, 100000]","[0, 100000]",0,0,82421,35839
yolov8x_training,2248.263928,82,215.403,13370.3125,100,1185,10001,"[0, 100000]","[0, 100000]",0,0,89746,23974
yolov8x_training,2249.346053,79,215.556,13370.3125,96,2655,10001,"[0, 100000]","[0, 100000]",0,0,88769,15673
yolov8x_training,2250.389406,82,214.503,13370.3125,58,1230,10001,"[0, 100000]","[0, 100000]",0,0,341,341
yolov8x_training,2251.432089,82,215.554,13370.3125,30,825,10001,"[0, 100000]","[0, 100000]",0,0,5468,94238
yolov8x_training,2252.475410,80,213.859,13370.3125,100,1155,10001,"[0, 100000]","[0, 100000]",0,0,2441,10546
yolov8x_training,2253.518830,81,215.015,13370.3125,96,1327,10001,"[0, 100000]","[0, 100000]",0,0,4003,14892
yolov8x_training,2254.561813,83,213.611,13370.3125,43,2505,10001,"[0, 100000]","[0, 100000]",0,0,5517,29003
yolov8x_training,2255.618515,82,215.097,13370.3125,51,2505,10001,"[0, 100000]","[0, 100000]",0,0,14843,30615
yolov8x_training,2256.661438,78,211.880,13370.3125,100,795,10001,"[0, 100000]","[0, 100000]",0,0,3613,34277
yolov8x_training,2257.729999,81,218.130,13370.3125,95,810,10001,"[0, 100000]","[0, 100000]",0,0,90673,34521
yolov8x_training,2258.806157,82,221.102,13370.3125,68,1395,10001,"[0, 100000]","[0, 100000]",0,0,4833,101171
yolov8x_training,2259.919380,80,222.712,13370.3125,10,1545,10001,"[0, 100000]","[0, 100000]",0,0,15136,29785
yolov8x_training,2260.962297,82,215.041,13370.3125,82,2070,10001,"[0, 100000]","[0, 100000]",0,0,6054,102001
yolov8x_training,2262.027635,83,216.603,13370.3125,100,795,10001,"[0, 100000]","[0, 100000]",0,0,4101,34667
yolov8x_training,2263.090597,83,217.080,13370.3125,94,1425,10001,"[0, 100000]","[0, 100000]",0,0,89306,19970
yolov8x_training,2264.133694,79,216.384,13370.3125,44,780,10001,"[0, 100000]","[0, 100000]",0,0,390,1029052
yolov8x_training,2265.176299,82,216.839,13370.3125,35,975,10001,"[0, 100000]","[0, 100000]",0,0,292,292
yolov8x_training,2266.218905,82,220.776,13370.3125,100,855,10001,"[0, 100000]","[0, 100000]",0,0,878,292
yolov8x_training,2267.261614,84,220.464,13370.3125,95,2655,10001,"[0, 100000]","[0, 100000]",0,0,1806,125292
yolov8x_training,2268.304497,82,215.016,13370.3125,34,870,10001,"[0, 100000]","[0, 100000]",0,0,2685,9375
yolov8x_training,2269.347820,78,209.304,13370.3125,100,1695,10001,"[0, 100000]","[0, 100000]",0,0,90332,27197
yolov8x_training,2270.426284,82,190.615,13370.3125,8,825,10001,"[0, 100000]","[0, 100000]",0,0,2832,9326
yolov8x_training,2271.469744,83,180.646,13370.3125,88,2445,10001,"[0, 100000]","[0, 100000]",0,0,292,292
yolov8x_training,2272.532175,79,198.704,13370.3125,100,1335,10001,"[0, 100000]","[0, 100000]",0,0,14062,28564
yolov8x_training,2273.575461,78,200.384,13370.3125,19,825,10001,"[0, 100000]","[0, 100000]",0,0,1416,244
yolov8x_training,2274.618817,83,189.221,13370.3125,6,1230,10001,"[0, 100000]","[0, 100000]",0,0,341,292
yolov8x_training,2275.661980,82,191.738,13370.3125,90,2505,10001,"[0, 100000]","[0, 100000]",0,0,4003,17382
yolov8x_training,2276.705814,80,214.162,13370.3125,37,840,10001,"[0, 100000]","[0, 100000]",0,0,5566,25927
yolov8x_training,2277.762196,79,214.520,13370.3125,100,795,10001,"[0, 100000]","[0, 100000]",0,0,15087,26171
yolov8x_training,2278.833937,82,219.540,13370.3125,100,960,10001,"[0, 100000]","[0, 100000]",0,0,15136,27929
yolov8x_training,2279.896299,79,216.643,13370.3125,95,1035,10001,"[0, 100000]","[0, 100000]",0,0,15283,28515
yolov8x_training,2280.972948,82,216.860,13370.3125,42,2385,10001,"[0, 100000]","[0, 100000]",0,0,15234,30029
yolov8x_training,2282.045091,83,218.256,13370.3125,26,885,10001,"[0, 100000]","[0, 100000]",0,0,15039,26269
yolov8x_training,2283.118370,82,213.752,13370.3125,100,2505,10001,"[0, 100000]","[0, 100000]",0,0,15234,23193
yolov8x_training,2284.170766,83,222.260,13370.3125,100,915,10001,"[0, 100000]","[0, 100000]",0,0,15039,30810
yolov8x_training,2285.240471,79,214.121,13370.3125,95,780,10001,"[0, 100000]","[0, 100000]",0,0,15185,25830
yolov8x_training,2286.320122,82,216.886,13370.3125,19,915,10001,"[0, 100000]","[0, 100000]",0,0,15234,26123
yolov8x_training,2287.363273,79,217.020,13370.3125,100,855,10001,"[0, 100000]","[0, 100000]",0,0,5029,99609
yolov8x_training,2288.474354,82,215.301,13370.3125,100,2355,10001,"[0, 100000]","[0, 100000]",0,0,15429,27148
yolov8x_training,2289.546580,82,218.509,13370.3125,95,840,10001,"[0, 100000]","[0, 100000]",0,0,15283,28710
yolov8x_training,2290.617186,81,214.321,13370.3125,44,2415,10001,"[0, 100000]","[0, 100000]",0,0,15283,25292
yolov8x_training,2291.660556,81,215.445,13370.3125,35,855,10001,"[0, 100000]","[0, 100000]",0,0,6005,100537
yolov8x_training,2292.721774,79,214.607,13370.3125,100,810,10001,"[0, 100000]","[0, 100000]",0,0,5957,101123
yolov8x_training,2293.782694,82,217.061,13370.3125,94,1125,10001,"[0, 100000]","[0, 100000]",0,0,3759,33691
yolov8x_training,2294.849136,80,217.853,13370.3125,96,2505,10001,"[0, 100000]","[0, 100000]",0,0,3515,35253
yolov8x_training,2295.917221,82,219.522,13370.3125,38,2310,10001,"[0, 100000]","[0, 100000]",0,0,90722,34716
yolov8x_training,2296.993040,83,215.093,13370.3125,50,810,10001,"[0, 100000]","[0, 100000]",0,0,4785,101708
yolov8x_training,2298.072624,78,214.786,13370.3125,100,825,10001,"[0, 100000]","[0, 100000]",0,0,1660,292
yolov8x_training,2299.115775,82,189.830,13370.3125,0,1860,10001,"[0, 100000]","[0, 100000]",0,0,341,292
yolov8x_training,2300.158568,82,197.409,13370.3125,58,855,10001,"[0, 100000]","[0, 100000]",0,0,2392,12207
yolov8x_training,2301.201890,83,216.147,13370.3125,100,2445,10001,"[0, 100000]","[0, 100000]",0,0,4150,18066
yolov8x_training,2302.245187,80,214.936,13370.3125,95,885,10001,"[0, 100000]","[0, 100000]",0,0,2978,21044
yolov8x_training,2303.288808,79,214.253,13370.3125,36,810,10001,"[0, 100000]","[0, 100000]",0,0,4248,19824
yolov8x_training,2304.338732,82,218.666,13370.3125,50,1125,10001,"[0, 100000]","[0, 100000]",0,0,15185,26171
yolov8x_training,2305.412971,80,220.616,13370.3125,100,1215,10001,"[0, 100000]","[0, 100000]",0,0,14990,26611
yolov8x_training,2306.486054,82,217.220,13370.3125,96,2505,10001,"[0, 100000]","[0, 100000]",0,0,14941,27441
yolov8x_training,2307.554257,83,217.108,13370.3125,96,1020,10001,"[0, 100000]","[0, 100000]",0,0,15234,25976
yolov8x_training,2308.627198,83,214.328,13370.3125,22,2055,10001,"[0, 100000]","[0, 100000]",0,0,15283,27783
yolov8x_training,2309.704306,78,213.327,13370.3125,59,840,10001,"[0, 100000]","[0, 100000]",0,0,14794,30712
yolov8x_training,2310.758169,79,217.301,13370.3125,100,795,10001,"[0, 100000]","[0, 100000]",0,0,14746,25048
yolov8x_training,2311.825476,82,219.601,13370.3125,100,855,10001,"[0, 100000]","[0, 100000]",0,0,15087,29443
yolov8x_training,2312.896585,79,216.875,13370.3125,95,855,10001,"[0, 100000]","[0, 100000]",0,0,15087,27490
yolov8x_training,2313.951402,82,220.492,13370.3125,61,2505,10001,"[0, 100000]","[0, 100000]",0,0,15185,27539
yolov8x_training,2314.994668,83,221.760,13370.3125,16,1725,10001,"[0, 100000]","[0, 100000]",0,0,6054,100439
yolov8x_training,2316.080498,82,215.691,13370.3125,97,2505,10001,"[0, 100000]","[0, 100000]",0,0,14941,31054
yolov8x_training,2317.162757,83,218.835,13370.3125,100,1605,10001,"[0, 100000]","[0, 100000]",0,0,15087,30273
yolov8x_training,2318.233229,79,214.596,13370.3125,95,780,10001,"[0, 100000]","[0, 100000]",0,0,14990,26464
yolov8x_training,2319.305454,82,219.092,13370.3125,20,810,10001,"[0, 100000]","[0, 100000]",0,0,14843,24365
yolov8x_training,2320.351979,79,219.700,13370.3125,68,1260,10001,"[0, 100000]","[0, 100000]",0,0,14941,25683
yolov8x_training,2321.418434,81,222.443,13370.3125,100,1575,10001,"[0, 100000]","[0, 100000]",0,0,14794,30957
yolov8x_training,2322.490770,83,219.874,13370.3125,96,2325,10001,"[0, 100000]","[0, 100000]",0,0,15136,25048
yolov8x_training,2323.566168,83,213.747,13370.3125,96,1545,10001,"[0, 100000]","[0, 100000]",0,0,14892,23486
yolov8x_training,2324.638473,83,215.897,13370.3125,24,2385,10001,"[0, 100000]","[0, 100000]",0,0,14941,31835
yolov8x_training,2325.710226,79,215.203,13370.3125,79,825,10001,"[0, 100000]","[0, 100000]",0,0,15136,26074
yolov8x_training,2326.773378,80,218.843,13370.3125,100,780,10001,"[0, 100000]","[0, 100000]",0,0,14892,28759
yolov8x_training,2327.816322,83,218.027,13370.3125,94,1200,10001,"[0, 100000]","[0, 100000]",0,0,6005,99169
yolov8x_training,2328.883182,81,218.547,13370.3125,80,1680,10001,"[0, 100000]","[0, 100000]",0,0,6542,100390
yolov8x_training,2329.950717,83,220.422,13370.3125,22,2070,10001,"[0, 100000]","[0, 100000]",0,0,6152,101269
yolov8x_training,2331.013735,83,215.953,13370.3125,62,825,10001,"[0, 100000]","[0, 100000]",0,0,4785,100878
yolov8x_training,2332.092352,83,217.087,13370.3125,100,1920,10001,"[0, 100000]","[0, 100000]",0,0,3613,33203
yolov8x_training,2333.159760,79,213.407,13370.3125,94,810,10001,"[0, 100000]","[0, 100000]",0,0,6298,101708
yolov8x_training,2334.227119,82,216.004,13370.3125,86,780,10001,"[0, 100000]","[0, 100000]",0,0,3271,36181
yolov8x_training,2335.297189,83,216.487,13370.3125,97,900,10001,"[0, 100000]","[0, 100000]",0,0,89355,20458
yolov8x_training,2336.340461,81,213.712,13370.3125,100,2505,10001,"[0, 100000]","[0, 100000]",0,0,341,292
yolov8x_training,2337.383072,83,214.745,13370.3125,95,855,10001,"[0, 100000]","[0, 100000]",0,0,1074,292
yolov8x_training,2338.425820,84,215.852,13370.3125,9,795,10001,"[0, 100000]","[0, 100000]",0,0,2441,10156
yolov8x_training,2339.469168,79,217.692,13370.3125,91,1050,10001,"[0, 100000]","[0, 100000]",0,0,2880,10644
yolov8x_training,2340.512047,82,214.451,13370.3125,100,2505,10001,"[0, 100000]","[0, 100000]",0,0,2880,24365
yolov8x_training,2341.569269,83,215.207,13370.3125,85,2505,10001,"[0, 100000]","[0, 100000]",0,0,14892,29589
yolov8x_training,2342.612214,83,214.756,13370.3125,13,2205,10001,"[0, 100000]","[0, 100000]",0,0,6689,100537
yolov8x_training,2343.684476,79,215.523,13370.3125,98,825,10001,"[0, 100000]","[0, 100000]",0,0,4833,102392
yolov8x_training,2344.764097,82,217.835,13370.3125,100,810,10001,"[0, 100000]","[0, 100000]",0,0,5957,101953
yolov8x_training,2345.824357,83,217.314,13370.3125,95,1020,10001,"[0, 100000]","[0, 100000]",0,0,6445,101269
yolov8x_training,2346.897396,82,218.088,13370.3125,64,2505,10001,"[0, 100000]","[0, 100000]",0,0,4833,101904
yolov8x_training,2347.977384,83,220.001,13370.3125,30,1935,10001,"[0, 100000]","[0, 100000]",0,0,4541,99316
yolov8x_training,2349.097339,82,214.554,13370.3125,100,2505,10001,"[0, 100000]","[0, 100000]",0,0,15234,26074
yolov8x_training,2350.170353,80,215.397,13370.3125,100,1515,10001,"[0, 100000]","[0, 100000]",0,0,14990,32666
yolov8x_training,2351.245208,79,214.438,13370.3125,94,795,10001,"[0, 100000]","[0, 100000]",0,0,15234,30175
yolov8x_training,2352.316194,82,222.765,13370.3125,35,825,10001,"[0, 100000]","[0, 100000]",0,0,14941,22998
yolov8x_training,2353.374490,79,218.934,13370.3125,97,1035,10001,"[0, 100000]","[0, 100000]",0,0,14941,27441
yolov8x_training,2354.437745,82,217.008,13370.3125,100,2505,10001,"[0, 100000]","[0, 100000]",0,0,15283,26562
yolov8x_training,2355.480935,83,219.874,13370.3125,95,1965,10001,"[0, 100000]","[0, 100000]",0,0,5957,102148
yolov8x_training,2356.544242,81,212.827,13370.3125,46,780,10001,"[0, 100000]","[0, 100000]",0,0,3369,36865
yolov8x_training,2357.605159,83,217.944,13370.3125,37,1830,10001,"[0, 100000]","[0, 100000]",0,0,5908,101562
yolov8x_training,2358.680696,84,214.304,13370.3125,100,795,10001,"[0, 100000]","[0, 100000]",0,0,4931,103222
yolov8x_training,2359.759439,79,215.122,13370.3125,100,960,10001,"[0, 100000]","[0, 100000]",0,0,3564,34960
yolov8x_training,2360.826910,82,220.805,13370.3125,95,975,10001,"[0, 100000]","[0, 100000]",0,0,89892,25292
yolov8x_training,2361.907762,83,204.648,13370.3125,0,1620,10001,"[0, 100000]","[0, 100000]",0,0,2441,6542
yolov8x_training,2362.951164,81,178.482,13370.3125,90,2505,10001,"[0, 100000]","[0, 100000]",0,0,341,292
yolov8x_training,2363.993961,83,200.867,13370.3125,100,855,10001,"[0, 100000]","[0, 100000]",0,0,2539,11816
yolov8x_training,2365.037049,79,217.491,13370.3125,30,2505,10001,"[0, 100000]","[0, 100000]",0,0,4199,15283
yolov8x_training,2366.079890,82,214.126,13370.3125,46,930,10001,"[0, 100000]","[0, 100000]",0,0,3076,24121
yolov8x_training,2367.123211,83,214.821,13370.3125,100,1252,10001,"[0, 100000]","[0, 100000]",0,0,5615,25732
yolov8x_training,2368.171125,83,216.638,13370.3125,95,1305,10001,"[0, 100000]","[0, 100000]",0,0,15185,26464
yolov8x_training,2369.214055,81,214.907,13370.3125,95,795,10001,"[0, 100000]","[0, 100000]",0,0,6152,102050
yolov8x_training,2370.279942,79,217.918,13370.3125,65,960,10001,"[0, 100000]","[0, 100000]",0,0,4150,33789
yolov8x_training,2371.343205,82,218.997,13370.3125,100,1005,10001,"[0, 100000]","[0, 100000]",0,0,89746,24267
yolov8x_training,2372.424255,79,220.963,13370.3125,94,2430,10001,"[0, 100000]","[0, 100000]",0,0,6738,101123
yolov8x_training,2373.496008,82,215.504,13370.3125,81,840,10001,"[0, 100000]","[0, 100000]",0,0,5517,100732
yolov8x_training,2374.574132,83,218.520,13370.3125,10,2040,10001,"[0, 100000]","[0, 100000]",0,0,6738,99804
yolov8x_training,2375.643551,82,219.692,13370.3125,60,885,10001,"[0, 100000]","[0, 100000]",0,0,4833,100781
yolov8x_training,2376.724007,80,217.031,13370.3125,100,810,10001,"[0, 100000]","[0, 100000]",0,0,6884,101904
yolov8x_training,2377.795498,81,217.478,13370.3125,96,1185,10001,"[0, 100000]","[0, 100000]",0,0,6445,100927
yolov8x_training,2378.869349,79,218.683,13370.3125,79,1980,10001,"[0, 100000]","[0, 100000]",0,0,6347,101367
yolov8x_training,2379.944297,80,225.173,13370.3125,14,2430,10001,"[0, 100000]","[0, 100000]",0,0,6689,100878
yolov8x_training,2381.051184,82,215.617,13370.3125,80,840,10001,"[0, 100000]","[0, 100000]",0,0,15283,25683
yolov8x_training,2382.129287,83,217.456,13370.3125,100,2400,10001,"[0, 100000]","[0, 100000]",0,0,15039,26611
yolov8x_training,2383.172245,83,215.845,13370.3125,95,795,10001,"[0, 100000]","[0, 100000]",0,0,6005,100000
yolov8x_training,2384.238863,79,219.583,13370.3125,64,795,10001,"[0, 100000]","[0, 100000]",0,0,6494,100585
yolov8x_training,2385.310261,81,219.307,13370.3125,85,1440,10001,"[0, 100000]","[0, 100000]",0,0,6054,101562
yolov8x_training,2386.373119,79,216.305,13370.3125,100,2505,10001,"[0, 100000]","[0, 100000]",0,0,88964,19677
yolov8x_training,2387.415967,83,216.906,13370.3125,5,795,10001,"[0, 100000]","[0, 100000]",0,0,2734,21093
yolov8x_training,2388.459224,81,206.871,13370.3125,100,855,10001,"[0, 100000]","[0, 100000]",0,0,2880,23437
yolov8x_training,2389.502257,80,223.285,13370.3125,95,2505,10001,"[0, 100000]","[0, 100000]",0,0,5615,14794
yolov8x_training,2390.545165,83,215.817,13370.3125,2,1005,10001,"[0, 100000]","[0, 100000]",0,0,341,292
yolov8x_training,2391.596844,82,181.931,13370.3125,89,2505,10001,"[0, 100000]","[0, 100000]",0,0,13623,35888
yolov8x_training,2392.640080,78,193.372,13370.3125,100,1260,10001,"[0, 100000]","[0, 100000]",0,0,2099,8203
yolov8x_training,2393.683197,82,199.678,13370.3125,25,825,10001,"[0, 100000]","[0, 100000]",0,0,292,292
yolov8x_training,2394.725982,83,180.459,13370.3125,17,2550,10001,"[0, 100000]","[0, 100000]",0,0,4736,17529
yolov8x_training,2395.769556,80,189.009,13370.3125,89,2505,10001,"[0, 100000]","[0, 100000]",0,0,1367,292
yolov8x_training,2396.812863,78,202.455,13370.3125,100,960,10001,"[0, 100000]","[0, 100000]",0,0,341,292
yolov8x_training,2397.855696,81,201.575,13370.3125,33,795,10001,"[0, 100000]","[0, 100000]",0,0,5322,16113
yolov8x_training,2398.898947,82,182.615,13370.3125,22,2520,10001,"[0, 100000]","[0, 100000]",0,0,10107,41162
yolov8x_training,2399.941947,79,183.073,13370.3125,87,2505,10001,"[0, 100000]","[0, 100000]",0,0,341,292
yolov8x_training,2400.984795,78,198.879,13370.3125,100,1710,10001,"[0, 100000]","[0, 100000]",0,0,10644,27685
yolov8x_training,2402.028260,82,198.137,13370.3125,71,825,10001,"[0, 100000]","[0, 100000]",0,0,1757,2294
yolov8x_training,2403.071659,82,188.934,13370.3125,0,2505,10001,"[0, 100000]","[0, 100000]",0,0,341,292
yolov8x_training,2404.114939,78,190.865,13370.3125,76,795,10001,"[0, 100000]","[0, 100000]",0,0,14013,292
yolov8x_training,2405.158093,79,220.396,13370.3125,19,855,10001,"[0, 100000]","[0, 100000]",0,0,1171,292
yolov8x_training,2406.200770,81,220.837,13370.3125,69,855,10001,"[0, 100000]","[0, 100000]",0,0,2392,4833
yolov8x_training,2407.243845,82,219.880,13370.3125,100,2505,10001,"[0, 100000]","[0, 100000]",0,0,2392,9277
yolov8x_training,2408.286950,80,213.076,13370.3125,92,1425,10001,"[0, 100000]","[0, 100000]",0,0,2734,10888
yolov8x_training,2409.330698,80,216.211,13370.3125,25,780,10001,"[0, 100000]","[0, 100000]",0,0,3320,11962
yolov8x_training,2410.374044,82,217.114,13370.3125,70,840,10001,"[0, 100000]","[0, 100000]",0,0,4394,16162
yolov8x_training,2411.416820,78,218.865,13370.3125,100,870,10001,"[0, 100000]","[0, 100000]",0,0,4931,24121
yolov8x_training,2412.459824,79,221.973,13370.3125,95,1252,10001,"[0, 100000]","[0, 100000]",0,0,11572,28710
yolov8x_training,2413.516304,81,214.418,13370.3125,96,1740,10001,"[0, 100000]","[0, 100000]",0,0,14990,27294
yolov8x_training,2414.574563,82,217.125,13370.3125,45,1365,10001,"[0, 100000]","[0, 100000]",0,0,15185,27197
yolov8x_training,2415.639269,82,220.428,13370.3125,18,2460,10001,"[0, 100000]","[0, 100000]",0,0,15039,22998
yolov8x_training,2416.698313,82,213.655,13370.3125,89,855,10001,"[0, 100000]","[0, 100000]",0,0,15039,26611
yolov8x_training,2417.775443,78,217.455,13370.3125,100,825,10001,"[0, 100000]","[0, 100000]",0,0,15185,25976
yolov8x_training,2418.833588,80,218.420,13370.3125,96,975,10001,"[0, 100000]","[0, 100000]",0,0,15136,27587
yolov8x_training,2419.904775,78,221.099,13370.3125,89,855,10001,"[0, 100000]","[0, 100000]",0,0,15039,26660
yolov8x_training,2420.956611,79,220.532,13370.3125,13,2625,10001,"[0, 100000]","[0, 100000]",0,0,15087,25781
yolov8x_training,2422.032584,82,215.475,13370.3125,72,1110,10001,"[0, 100000]","[0, 100000]",0,0,15185,27099
yolov8x_training,2423.112713,83,218.514,13370.3125,100,2505,10001,"[0, 100000]","[0, 100000]",0,0,14941,27099
yolov8x_training,2424.174524,81,215.706,13370.3125,95,1605,10001,"[0, 100000]","[0, 100000]",0,0,14941,23046
yolov8x_training,2425.232126,81,216.042,13370.3125,89,795,10001,"[0, 100000]","[0, 100000]",0,0,15332,26416
yolov8x_training,2426.305312,79,220.091,13370.3125,44,795,10001,"[0, 100000]","[0, 100000]",0,0,15087,30322
yolov8x_training,2427.377205,82,219.018,13370.3125,100,825,10001,"[0, 100000]","[0, 100000]",0,0,15283,25146
yolov8x_training,2428.420358,79,219.277,13370.3125,96,2505,10001,"[0, 100000]","[0, 100000]",0,0,6250,100585
yolov8x_training,2429.488797,82,214.915,13370.3125,89,1665,10001,"[0, 100000]","[0, 100000]",0,0,5810,101269
yolov8x_training,2430.552877,82,215.814,13370.3125,12,810,10001,"[0, 100000]","[0, 100000]",0,0,5078,100439
yolov8x_training,2431.630538,83,218.183,13370.3125,89,1110,10001,"[0, 100000]","[0, 100000]",0,0,4199,101855
yolov8x_training,2432.714037,78,219.251,13370.3125,100,810,10001,"[0, 100000]","[0, 100000]",0,0,6201,101513
yolov8x_training,2433.828886,80,217.876,13370.3125,94,795,10001,"[0, 100000]","[0, 100000]",0,0,14892,28222
yolov8x_training,2434.907663,78,218.998,13370.3125,75,840,10001,"[0, 100000]","[0, 100000]",0,0,15283,27587
yolov8x_training,2435.983647,81,219.069,13370.3125,18,2655,10001,"[0, 100000]","[0, 100000]",0,0,15039,31347
yolov8x_training,2437.055603,82,212.877,13370.3125,85,1425,10001,"[0, 100000]","[0, 100000]",0,0,15185,23339
yolov8x_training,2438.119501,83,217.928,13370.3125,100,2505,10001,"[0, 100000]","[0, 100000]",0,0,15283,29541
yolov8x_training,2439.186892,83,215.593,13370.3125,95,1590,10001,"[0, 100000]","[0, 100000]",0,0,15087,27050
yolov8x_training,2440.262742,78,217.322,13370.3125,77,765,10001,"[0, 100000]","[0, 100000]",0,0,14843,30761
yolov8x_training,2441.338917,80,219.729,13370.3125,89,765,10001,"[0, 100000]","[0, 100000]",0,0,14746,27197
yolov8x_training,2442.399621,79,217.639,13370.3125,100,855,10001,"[0, 100000]","[0, 100000]",0,0,14941,30468
yolov8x_training,2443.442566,81,220.800,13370.3125,95,2505,10001,"[0, 100000]","[0, 100000]",0,0,6005,98876
yolov8x_training,2444.509487,83,214.897,13370.3125,43,870,10001,"[0, 100000]","[0, 100000]",0,0,4296,101367
yolov8x_training,2445.592257,83,216.670,13370.3125,38,2340,10001,"[0, 100000]","[0, 100000]",0,0,90527,34765
yolov8x_training,2446.668934,82,217.434,13370.3125,100,840,10001,"[0, 100000]","[0, 100000]",0,0,4589,101757
yolov8x_training,2447.750990,79,217.789,13370.3125,95,795,10001,"[0, 100000]","[0, 100000]",0,0,6298,101611
yolov8x_training,2448.825669,82,222.797,13370.3125,94,1440,10001,"[0, 100000]","[0, 100000]",0,0,6152,102441
yolov8x_training,2449.891189,79,219.779,13370.3125,43,1035,10001,"[0, 100000]","[0, 100000]",0,0,4687,100634
yolov8x_training,2450.970636,82,214.637,13370.3125,58,2250,10001,"[0, 100000]","[0, 100000]",0,0,6347,101708
yolov8x_training,2452.032494,83,217.132,13370.3125,100,780,10001,"[0, 100000]","[0, 100000]",0,0,3466,34521
yolov8x_training,2453.101001,81,219.177,13370.3125,95,2085,10001,"[0, 100000]","[0, 100000]",0,0,2929,38623
yolov8x_training,2454.170573,80,217.812,13370.3125,83,795,10001,"[0, 100000]","[0, 100000]",0,0,89648,21386
yolov8x_training,2455.214057,80,220.361,13370.3125,17,810,10001,"[0, 100000]","[0, 100000]",0,0,88476,15136
yolov8x_training,2456.257511,82,216.735,13370.3125,65,855,10001,"[0, 100000]","[0, 100000]",0,0,341,292
yolov8x_training,2457.300160,83,220.875,13370.3125,96,2505,10001,"[0, 100000]","[0, 100000]",0,0,1611,341
yolov8x_training,2458.342979,83,213.742,13370.3125,74,1620,10001,"[0, 100000]","[0, 100000]",0,0,2343,24658
yolov8x_training,2459.386436,83,217.320,13370.3125,19,780,10001,"[0, 100000]","[0, 100000]",0,0,2441,10302
yolov8x_training,2460.429449,83,218.627,13370.3125,94,915,10001,"[0, 100000]","[0, 100000]",0,0,3076,12109
yolov8x_training,2461.472881,79,217.551,13370.3125,100,840,10001,"[0, 100000]","[0, 100000]",0,0,2587,20507
yolov8x_training,2462.515864,81,224.654,13370.3125,96,1252,10001,"[0, 100000]","[0, 100000]",0,0,3466,15283
yolov8x_training,2463.559312,83,215.050,13370.3125,57,855,10001,"[0, 100000]","[0, 100000]",0,0,11621,32177
yolov8x_training,2464.630535,83,220.443,13370.3125,34,2550,10001,"[0, 100000]","[0, 100000]",0,0,14892,29394
yolov8x_training,2465.673357,78,209.594,13370.3125,100,825,10001,"[0, 100000]","[0, 100000]",0,0,292,292
yolov8x_training,2466.716170,82,210.773,13370.3125,75,855,10001,"[0, 100000]","[0, 100000]",0,0,1611,292
yolov8x_training,2467.759410,83,218.770,13370.3125,28,2580,10001,"[0, 100000]","[0, 100000]",0,0,2246,10351
yolov8x_training,2468.802652,83,215.105,13370.3125,93,885,10001,"[0, 100000]","[0, 100000]",0,0,2783,10644
yolov8x_training,2469.846059,79,218.050,13370.3125,95,810,10001,"[0, 100000]","[0, 100000]",0,0,4101,17285
yolov8x_training,2470.888897,81,215.127,13370.3125,90,1080,10001,"[0, 100000]","[0, 100000]",0,0,5957,24755
yolov8x_training,2471.952676,80,218.645,13370.3125,20,1267,10001,"[0, 100000]","[0, 100000]",0,0,15625,32226
yolov8x_training,2473.031823,82,214.240,13370.3125,66,2475,10001,"[0, 100000]","[0, 100000]",0,0,15039,28417
yolov8x_training,2474.096559,83,217.844,13370.3125,100,1425,10001,"[0, 100000]","[0, 100000]",0,0,15185,27148
yolov8x_training,2475.172410,83,217.197,13370.3125,94,2220,10001,"[0, 100000]","[0, 100000]",0,0,15087,29150
yolov8x_training,2476.215354,79,217.357,13370.3125,79,765,10001,"[0, 100000]","[0, 100000]",0,0,5859,101953
yolov8x_training,2477.278204,80,218.912,13370.3125,97,810,10001,"[0, 100000]","[0, 100000]",0,0,4443,99414
yolov8x_training,2478.355113,83,219.744,13370.3125,100,1020,10001,"[0, 100000]","[0, 100000]",0,0,6835,100292
yolov8x_training,2479.424407,82,216.262,13370.3125,95,2505,10001,"[0, 100000]","[0, 100000]",0,0,3564,37011
yolov8x_training,2480.483872,83,221.085,13370.3125,38,1065,10001,"[0, 100000]","[0, 100000]",0,0,89013,18896
yolov8x_training,2481.527058,83,214.895,13370.3125,51,810,10001,"[0, 100000]","[0, 100000]",0,0,341,292
yolov8x_training,2482.569707,81,218.447,13370.3125,100,1155,10001,"[0, 100000]","[0, 100000]",0,0,634,292
yolov8x_training,2483.612517,80,217.344,13370.3125,95,780,10001,"[0, 100000]","[0, 100000]",0,0,2392,4785
yolov8x_training,2484.655595,82,219.730,13370.3125,84,990,10001,"[0, 100000]","[0, 100000]",0,0,2490,8837
yolov8x_training,2485.698761,83,221.997,13370.3125,14,2655,10001,"[0, 100000]","[0, 100000]",0,0,2734,14257
yolov8x_training,2486.741633,83,221.868,13370.3125,87,2010,10001,"[0, 100000]","[0, 100000]",0,0,4394,17236
yolov8x_training,2487.785191,79,214.981,13370.3125,67,780,10001,"[0, 100000]","[0, 100000]",0,0,3125,23876
yolov8x_training,2488.836092,80,219.185,13370.3125,100,795,10001,"[0, 100000]","[0, 100000]",0,0,14990,24414
yolov8x_training,2489.893977,79,219.796,13370.3125,96,870,10001,"[0, 100000]","[0, 100000]",0,0,14941,25976
yolov8x_training,2490.937228,82,216.490,13370.3125,78,2655,10001,"[0, 100000]","[0, 100000]",0,0,6152,101611
yolov8x_training,2492.012604,83,218.739,13370.3125,13,1020,10001,"[0, 100000]","[0, 100000]",0,0,4003,34130
yolov8x_training,2493.076519,82,213.691,13370.3125,98,810,10001,"[0, 100000]","[0, 100000]",0,0,341,967968
yolov8x_training,2494.119487,80,218.830,13370.3125,96,825,10001,"[0, 100000]","[0, 100000]",0,0,341,292
yolov8x_training,2495.162100,82,217.823,13370.3125,94,795,10001,"[0, 100000]","[0, 100000]",0,0,439,341
yolov8x_training,2496.204895,83,218.527,13370.3125,20,855,10001,"[0, 100000]","[0, 100000]",0,0,2246,3759
yolov8x_training,2497.251735,84,221.235,13370.3125,71,1252,10001,"[0, 100000]","[0, 100000]",0,0,2343,10253
yolov8x_training,2498.294997,84,222.406,13370.3125,94,1020,10001,"[0, 100000]","[0, 100000]",0,0,2685,13281
yolov8x_training,2499.338254,79,215.221,13370.3125,72,795,10001,"[0, 100000]","[0, 100000]",0,0,4150,16992
yolov8x_training,2500.381531,82,218.593,13370.3125,31,975,10001,"[0, 100000]","[0, 100000]",0,0,4248,14550
yolov8x_training,2501.431139,79,217.524,13370.3125,99,930,10001,"[0, 100000]","[0, 100000]",0,0,15380,26171
yolov8x_training,2502.507501,82,217.211,13370.3125,100,2310,10001,"[0, 100000]","[0, 100000]",0,0,15185,27490
yolov8x_training,2503.577318,83,218.022,13370.3125,96,840,10001,"[0, 100000]","[0, 100000]",0,0,14892,29638
yolov8x_training,2504.657274,82,213.952,13370.3125,57,2370,10001,"[0, 100000]","[0, 100000]",0,0,14697,26318
yolov8x_training,2505.729690,80,216.259,13370.3125,44,825,10001,"[0, 100000]","[0, 100000]",0,0,15673,25244
yolov8x_training,2506.773117,81,214.653,13370.3125,100,765,10001,"[0, 100000]","[0, 100000]",0,0,6396,99658
yolov8x_training,2507.846315,83,219.608,13370.3125,95,840,10001,"[0, 100000]","[0, 100000]",0,0,4833,101806
yolov8x_training,2508.926499,82,220.008,13370.3125,79,2655,10001,"[0, 100000]","[0, 100000]",0,0,4296,100292
yolov8x_training,2510.008934,83,219.166,13370.3125,15,1020,10001,"[0, 100000]","[0, 100000]",0,0,6103,100097
yolov8x_training,2511.073910,83,216.239,13370.3125,95,780,10001,"[0, 100000]","[0, 100000]",0,0,6591,100732
yolov8x_training,2512.147268,82,217.167,13370.3125,100,870,10001,"[0, 100000]","[0, 100000]",0,0,3906,34326
yolov8x_training,2513.210978,79,214.830,13370.3125,95,810,10001,"[0, 100000]","[0, 100000]",0,0,89355,20898
yolov8x_training,2514.254363,82,218.214,13370.3125,45,1095,10001,"[0, 100000]","[0, 100000]",0,0,292,1028417
yolov8x_training,2515.297071,83,192.864,13370.3125,77,1650,10001,"[0, 100000]","[0, 100000]",0,0,3857,18603
yolov8x_training,2516.340572,83,205.510,13370.3125,87,1140,10001,"[0, 100000]","[0, 100000]",0,0,90087,23974
yolov8x_training,2517.422896,82,219.208,13370.3125,100,2505,10001,"[0, 100000]","[0, 100000]",0,0,6298,99853
yolov8x_training,2518.496170,83,221.185,13370.3125,95,1680,10001,"[0, 100000]","[0, 100000]",0,0,4150,32812
yolov8x_training,2519.558887,83,215.559,13370.3125,68,780,10001,"[0, 100000]","[0, 100000]",0,0,4150,32617
yolov8x_training,2520.621773,83,219.307,13370.3125,19,1890,10001,"[0, 100000]","[0, 100000]",0,0,89941,24853
yolov8x_training,2521.703003,79,213.944,13370.3125,83,780,10001,"[0, 100000]","[0, 100000]",0,0,3808,35009
yolov8x_training,2522.768269,82,217.356,13370.3125,100,810,10001,"[0, 100000]","[0, 100000]",0,0,292,292
yolov8x_training,2523.816900,83,189.798,13370.3125,0,1050,10001,"[0, 100000]","[0, 100000]",0,0,13916,29785
yolov8x_training,2524.860330,84,182.438,13370.3125,78,2505,10001,"[0, 100000]","[0, 100000]",0,0,1806,2050
yolov8x_training,2525.903414,81,195.720,13370.3125,100,2325,10001,"[0, 100000]","[0, 100000]",0,0,341,244
yolov8x_training,2526.946821,78,204.112,13370.3125,86,960,10001,"[0, 100000]","[0, 100000]",0,0,14160,30664
yolov8x_training,2527.989980,81,191.752,13370.3125,3,780,10001,"[0, 100000]","[0, 100000]",0,0,2490,10107
yolov8x_training,2529.033467,83,179.671,13370.3125,43,2505,10001,"[0, 100000]","[0, 100000]",0,0,89746,24023
yolov8x_training,2530.115548,83,213.970,13370.3125,100,2310,10001,"[0, 100000]","[0, 100000]",0,0,5078,99755
yolov8x_training,2531.192881,78,215.370,13370.3125,95,825,10001,"[0, 100000]","[0, 100000]",0,0,5957,102099
yolov8x_training,2532.298538,80,217.611,13370.3125,37,795,10001,"[0, 100000]","[0, 100000]",0,0,15136,27001
yolov8x_training,2533.341453,82,220.095,13370.3125,56,930,10001,"[0, 100000]","[0, 100000]",0,0,6054,101416
yolov8x_training,2534.435919,79,217.922,13370.3125,100,915,10001,"[0, 100000]","[0, 100000]",0,0,14892,27636
yolov8x_training,2535.506393,82,219.986,13370.3125,97,2190,10001,"[0, 100000]","[0, 100000]",0,0,15429,28857
yolov8x_training,2536.579744,83,215.531,13370.3125,95,900,10001,"[0, 100000]","[0, 100000]",0,0,15185,25781
yolov8x_training,2537.645864,82,215.232,13370.3125,57,2505,10001,"[0, 100000]","[0, 100000]",0,0,14941,24804
yolov8x_training,2538.720689,79,214.458,13370.3125,40,870,10001,"[0, 100000]","[0, 100000]",0,0,15283,25146
yolov8x_training,2539.798861,81,214.954,13370.3125,100,810,10001,"[0, 100000]","[0, 100000]",0,0,15136,27050
yolov8x_training,2540.872711,82,219.439,13370.3125,96,1140,10001,"[0, 100000]","[0, 100000]",0,0,15429,28466
yolov8x_training,2541.942223,80,222.612,13370.3125,94,840,10001,"[0, 100000]","[0, 100000]",0,0,14990,24072
yolov8x_training,2542.985366,82,218.170,13370.3125,39,2505,10001,"[0, 100000]","[0, 100000]",0,0,89404,22314
yolov8x_training,2544.029192,79,204.759,13370.3125,100,810,10001,"[0, 100000]","[0, 100000]",0,0,4541,18164
yolov8x_training,2545.072509,83,198.755,13370.3125,28,780,10001,"[0, 100000]","[0, 100000]",0,0,341,292
yolov8x_training,2546.115355,83,180.559,13370.3125,14,2505,10001,"[0, 100000]","[0, 100000]",0,0,90576,32080
yolov8x_training,2547.192077,81,200.320,13370.3125,88,1395,10001,"[0, 100000]","[0, 100000]",0,0,2294,10595
yolov8x_training,2548.235316,78,203.850,13370.3125,100,780,10001,"[0, 100000]","[0, 100000]",0,0,292,292
yolov8x_training,2549.278137,78,190.845,13370.3125,10,795,10001,"[0, 100000]","[0, 100000]",0,0,4443,89160
yolov8x_training,2550.359186,80,176.747,13370.3125,87,2505,10001,"[0, 100000]","[0, 100000]",0,0,2490,10253
yolov8x_training,2551.402745,81,188.082,13370.3125,94,2505,10001,"[0, 100000]","[0, 100000]",0,0,292,292
yolov8x_training,2552.445775,78,202.776,13370.3125,87,1230,10001,"[0, 100000]","[0, 100000]",0,0,6591,92187
yolov8x_training,2553.518654,80,198.940,13370.3125,0,795,10001,"[0, 100000]","[0, 100000]",0,0,1660,341
yolov8x_training,2554.561822,81,180.733,13370.3125,72,2460,10001,"[0, 100000]","[0, 100000]",0,0,341,292
yolov8x_training,2555.604944,81,186.420,13370.3125,100,855,10001,"[0, 100000]","[0, 100000]",0,0,5126,16113
yolov8x_training,2556.648273,78,201.325,13370.3125,84,825,10001,"[0, 100000]","[0, 100000]",0,0,1855,2490
yolov8x_training,2557.691885,80,188.771,13370.3125,0,915,10001,"[0, 100000]","[0, 100000]",0,0,88671,16845
yolov8x_training,2558.735318,81,209.700,13370.3125,100,795,10001,"[0, 100000]","[0, 100000]",0,0,292,1037988
yolov8x_training,2559.778108,82,218.401,13370.3125,95,1020,10001,"[0, 100000]","[0, 100000]",0,0,292,341
yolov8x_training,2560.820752,82,221.859,13370.3125,75,2505,10001,"[0, 100000]","[0, 100000]",0,0,341,292
yolov8x_training,2561.863411,83,225.432,13370.3125,17,2295,10001,"[0, 100000]","[0, 100000]",0,0,16406,292
yolov8x_training,2562.908163,82,212.318,13370.3125,79,885,10001,"[0, 100000]","[0, 100000]",0,0,341,292
yolov8x_training,2563.950834,83,215.971,13370.3125,100,810,10001,"[0, 100000]","[0, 100000]",0,0,2294,6250
yolov8x_training,2564.994542,78,218.764,13370.3125,96,885,10001,"[0, 100000]","[0, 100000]",0,0,2343,9423
yolov8x_training,2566.037572,80,218.379,13370.3125,84,1290,10001,"[0, 100000]","[0, 100000]",0,0,2587,11181
yolov8x_training,2567.080462,82,219.397,13370.3125,22,2505,10001,"[0, 100000]","[0, 100000]",0,0,4150,15820
yolov8x_training,2568.123517,82,215.131,13370.3125,56,990,10001,"[0, 100000]","[0, 100000]",0,0,3027,23144
yolov8x_training,2569.166608,82,215.662,13370.3125,100,2505,10001,"[0, 100000]","[0, 100000]",0,0,3369,14990
yolov8x_training,2570.209618,83,224.409,13370.3125,100,2310,10001,"[0, 100000]","[0, 100000]",0,0,3466,16455
yolov8x_training,2571.252729,78,214.849,13370.3125,96,825,10001,"[0, 100000]","[0, 100000]",0,0,3955,18408
yolov8x_training,2572.301570,81,220.989,13370.3125,20,810,10001,"[0, 100000]","[0, 100000]",0,0,15087,29492
yolov8x_training,2573.370907,78,220.532,13370.3125,62,795,10001,"[0, 100000]","[0, 100000]",0,0,15234,22998
yolov8x_training,2574.436392,81,218.100,13370.3125,100,855,10001,"[0, 100000]","[0, 100000]",0,0,14794,30175
yolov8x_training,2575.509457,79,218.128,13370.3125,95,2535,10001,"[0, 100000]","[0, 100000]",0,0,15283,24902
yolov8x_training,2576.572230,82,214.237,13370.3125,90,990,10001,"[0, 100000]","[0, 100000]",0,0,15332,31787
yolov8x_training,2577.628222,82,216.859,13370.3125,54,2415,10001,"[0, 100000]","[0, 100000]",0,0,14892,22070
yolov8x_training,2578.676214,83,220.699,13370.3125,14,2220,10001,"[0, 100000]","[0, 100000]",0,0,15087,34130
yolov8x_training,2579.742279,83,214.986,13370.3125,87,825,10001,"[0, 100000]","[0, 100000]",0,0,15136,27343
yolov8x_training,2580.785590,78,216.109,13370.3125,100,795,10001,"[0, 100000]","[0, 100000]",0,0,6347,100488
yolov8x_training,2581.848264,80,220.148,13370.3125,95,1050,10001,"[0, 100000]","[0, 100000]",0,0,4443,102294
yolov8x_training,2582.929201,82,224.354,13370.3125,74,1252,10001,"[0, 100000]","[0, 100000]",0,0,14892,22021
yolov8x_training,2583.983814,79,220.223,13370.3125,14,1252,10001,"[0, 100000]","[0, 100000]",0,0,15234,27978
yolov8x_training,2585.026775,81,216.393,13370.3125,32,1410,10001,"[0, 100000]","[0, 100000]",0,0,6054,100878
yolov8x_training,2586.088704,83,213.522,13370.3125,100,780,10001,"[0, 100000]","[0, 100000]",0,0,4003,33886
yolov8x_training,2587.189578,83,222.112,13370.3125,94,1725,10001,"[0, 100000]","[0, 100000]",0,0,15185,26953
yolov8x_training,2588.253130,83,214.494,13370.3125,95,825,10001,"[0, 100000]","[0, 100000]",0,0,14843,30810
yolov8x_training,2589.296032,78,218.396,13370.3125,38,765,10001,"[0, 100000]","[0, 100000]",0,0,5957,101123
yolov8x_training,2590.365044,81,216.746,13370.3125,100,870,10001,"[0, 100000]","[0, 100000]",0,0,3613,34228
yolov8x_training,2591.469305,79,218.490,13370.3125,100,1252,10001,"[0, 100000]","[0, 100000]",0,0,14990,22949
yolov8x_training,2592.533193,80,224.594,13370.3125,96,2295,10001,"[0, 100000]","[0, 100000]",0,0,14843,31054
yolov8x_training,2593.576209,82,215.084,13370.3125,73,855,10001,"[0, 100000]","[0, 100000]",0,0,13671,23828
yolov8x_training,2594.624783,82,218.348,13370.3125,52,1252,10001,"[0, 100000]","[0, 100000]",0,0,14990,23339
yolov8x_training,2595.667618,81,218.798,13370.3125,38,2325,10001,"[0, 100000]","[0, 100000]",0,0,5712,28076
yolov8x_training,2596.710449,83,215.238,13370.3125,100,795,10001,"[0, 100000]","[0, 100000]",0,0,5859,101611
yolov8x_training,2597.777716,81,198.227,13370.3125,89,2505,10001,"[0, 100000]","[0, 100000]",0,0,2050,9521
yolov8x_training,2598.821255,78,201.480,13370.3125,100,1215,10001,"[0, 100000]","[0, 100000]",0,0,341,292
yolov8x_training,2599.866755,80,200.270,13370.3125,34,810,10001,"[0, 100000]","[0, 100000]",0,0,14062,32373
yolov8x_training,2600.909892,82,186.292,13370.3125,14,2100,10001,"[0, 100000]","[0, 100000]",0,0,2343,27490
yolov8x_training,2601.953391,79,188.941,13370.3125,91,2655,10001,"[0, 100000]","[0, 100000]",0,0,292,292
yolov8x_training,2602.996331,78,203.693,13370.3125,100,1590,10001,"[0, 100000]","[0, 100000]",0,0,14306,25634
yolov8x_training,2604.039441,82,199.707,13370.3125,52,765,10001,"[0, 100000]","[0, 100000]",0,0,2685,3955
yolov8x_training,2605.083252,79,194.684,13370.3125,7,2505,10001,"[0, 100000]","[0, 100000]",0,0,4248,18212
yolov8x_training,2606.126609,82,212.228,13370.3125,76,960,10001,"[0, 100000]","[0, 100000]",0,0,2685,20898
yolov8x_training,2607.169553,82,217.683,13370.3125,100,2505,10001,"[0, 100000]","[0, 100000]",0,0,3076,23681
yolov8x_training,2608.213079,82,213.738,13370.3125,97,1845,10001,"[0, 100000]","[0, 100000]",0,0,4248,19189
yolov8x_training,2609.277294,82,216.948,13370.3125,95,825,10001,"[0, 100000]","[0, 100000]",0,0,15039,24609
yolov8x_training,2610.320678,79,216.592,13370.3125,68,885,10001,"[0, 100000]","[0, 100000]",0,0,6152,100878
yolov8x_training,2611.384374,82,217.240,13370.3125,100,885,10001,"[0, 100000]","[0, 100000]",0,0,6494,102148
yolov8x_training,2612.458696,79,218.887,13370.3125,95,1282,10001,"[0, 100000]","[0, 100000]",0,0,4785,103027
yolov8x_training,2613.529494,82,214.792,13370.3125,82,1125,10001,"[0, 100000]","[0, 100000]",0,0,6640,103906
yolov8x_training,2614.598271,82,218.848,13370.3125,35,2505,10001,"[0, 100000]","[0, 100000]",0,0,6152,102490
yolov8x_training,2615.678145,84,217.166,13370.3125,56,2370,10001,"[0, 100000]","[0, 100000]",0,0,15136,23388
yolov8x_training,2616.721068,83,214.249,13370.3125,84,870,10001,"[0, 100000]","[0, 100000]",0,0,6494,27685
yolov8x_training,2617.786092,78,221.507,13370.3125,100,780,10001,"[0, 100000]","[0, 100000]",0,0,14794,31835
yolov8x_training,2618.858242,79,220.332,13370.3125,96,870,10001,"[0, 100000]","[0, 100000]",0,0,15185,23339
yolov8x_training,2619.914162,82,221.911,13370.3125,93,945,10001,"[0, 100000]","[0, 100000]",0,0,15136,25927
yolov8x_training,2620.987841,79,217.181,13370.3125,20,2505,10001,"[0, 100000]","[0, 100000]",0,0,15234,28662
yolov8x_training,2622.030815,82,214.778,13370.3125,49,1500,10001,"[0, 100000]","[0, 100000]",0,0,6396,101611
yolov8x_training,2623.092277,83,215.801,13370.3125,100,795,10001,"[0, 100000]","[0, 100000]",0,0,4833,100683
yolov8x_training,2624.170922,81,217.952,13370.3125,95,1140,10001,"[0, 100000]","[0, 100000]",0,0,6689,101123
yolov8x_training,2625.241826,78,216.643,13370.3125,79,810,10001,"[0, 100000]","[0, 100000]",0,0,3955,32421
yolov8x_training,2626.308102,80,215.550,13370.3125,94,1485,10001,"[0, 100000]","[0, 100000]",0,0,90527,36865
yolov8x_training,2627.374810,82,224.609,13370.3125,100,855,10001,"[0, 100000]","[0, 100000]",0,0,3613,34130
yolov8x_training,2628.469703,79,224.389,13370.3125,99,2655,10001,"[0, 100000]","[0, 100000]",0,0,15185,26123
yolov8x_training,2629.548155,82,211.382,13370.3125,94,1905,10001,"[0, 100000]","[0, 100000]",0,0,15234,27197
yolov8x_training,2630.600358,82,216.413,13370.3125,48,1252,10001,"[0, 100000]","[0, 100000]",0,0,15136,34912
yolov8x_training,2631.652605,83,221.377,13370.3125,13,2355,10001,"[0, 100000]","[0, 100000]",0,0,14892,23144
yolov8x_training,2632.695500,82,222.006,13370.3125,54,1830,10001,"[0, 100000]","[0, 100000]",0,0,9179,30468
yolov8x_training,2633.738472,83,216.107,13370.3125,100,810,10001,"[0, 100000]","[0, 100000]",0,0,11181,24218
yolov8x_training,2634.781294,79,218.093,13370.3125,100,795,10001,"[0, 100000]","[0, 100000]",0,0,5712,100390
yolov8x_training,2635.843444,81,219.239,13370.3125,95,1035,10001,"[0, 100000]","[0, 100000]",0,0,6445,100341
yolov8x_training,2636.946395,79,218.411,13370.3125,60,930,10001,"[0, 100000]","[0, 100000]",0,0,15136,26855
yolov8x_training,2637.989445,81,219.730,13370.3125,31,2310,10001,"[0, 100000]","[0, 100000]",0,0,5908,101123
yolov8x_training,2639.049800,83,214.941,13370.3125,95,870,10001,"[0, 100000]","[0, 100000]",0,0,292,292
yolov8x_training,2640.092469,79,195.229,13370.3125,91,2505,10001,"[0, 100000]","[0, 100000]",0,0,4882,17724
yolov8x_training,2641.136408,78,198.202,13370.3125,100,825,10001,"[0, 100000]","[0, 100000]",0,0,2050,9130
yolov8x_training,2642.179817,83,201.656,13370.3125,64,855,10001,"[0, 100000]","[0, 100000]",0,0,89453,20556
yolov8x_training,2643.222991,79,217.244,13370.3125,35,840,10001,"[0, 100000]","[0, 100000]",0,0,341,1027197
yolov8x_training,2644.265579,82,216.406,13370.3125,43,840,10001,"[0, 100000]","[0, 100000]",0,0,439,292
yolov8x_training,2645.308307,83,212.122,13370.3125,96,2340,10001,"[0, 100000]","[0, 100000]",0,0,2490,8447
yolov8x_training,2646.351301,83,214.550,13370.3125,38,840,10001,"[0, 100000]","[0, 100000]",0,0,2685,13476
yolov8x_training,2647.394495,79,221.751,13370.3125,27,780,10001,"[0, 100000]","[0, 100000]",0,0,3369,12744
yolov8x_training,2648.438166,83,219.928,13370.3125,100,915,10001,"[0, 100000]","[0, 100000]",0,0,2636,23242
yolov8x_training,2649.481300,78,218.358,13370.3125,100,945,10001,"[0, 100000]","[0, 100000]",0,0,4296,13281
yolov8x_training,2650.524400,80,221.484,13370.3125,95,2625,10001,"[0, 100000]","[0, 100000]",0,0,3710,25146
yolov8x_training,2651.601747,82,216.220,13370.3125,56,975,10001,"[0, 100000]","[0, 100000]",0,0,15283,26660
yolov8x_training,2652.644813,82,216.243,13370.3125,54,2220,10001,"[0, 100000]","[0, 100000]",0,0,6884,102148
yolov8x_training,2653.710252,82,218.932,13370.3125,100,825,10001,"[0, 100000]","[0, 100000]",0,0,3955,32666
yolov8x_training,2654.771193,79,214.928,13370.3125,94,795,10001,"[0, 100000]","[0, 100000]",0,0,89599,21044
yolov8x_training,2655.814565,83,219.165,13370.3125,59,855,10001,"[0, 100000]","[0, 100000]",0,0,341,292
yolov8x_training,2656.857237,82,222.986,13370.3125,21,2505,10001,"[0, 100000]","[0, 100000]",0,0,341,292
yolov8x_training,2657.899988,83,213.822,13370.3125,82,1305,10001,"[0, 100000]","[0, 100000]",0,0,1757,124804
yolov8x_training,2658.943097,83,219.026,13370.3125,100,795,10001,"[0, 100000]","[0, 100000]",0,0,2294,7128
yolov8x_training,2659.986051,82,220.953,13370.3125,95,780,10001,"[0, 100000]","[0, 100000]",0,0,2294,7568
yolov8x_training,2661.029053,81,227.027,13370.3125,96,930,10001,"[0, 100000]","[0, 100000]",0,0,2636,8398
yolov8x_training,2662.072120,79,221.688,13370.3125,35,1020,10001,"[0, 100000]","[0, 100000]",0,0,2148,8251
yolov8x_training,2663.115060,80,222.738,13370.3125,20,765,10001,"[0, 100000]","[0, 100000]",0,0,2685,9765
yolov8x_training,2664.158177,82,215.672,13370.3125,75,1200,10001,"[0, 100000]","[0, 100000]",0,0,2685,10839
yolov8x_training,2665.201124,83,215.249,13370.3125,100,2505,10001,"[0, 100000]","[0, 100000]",0,0,2587,11718
yolov8x_training,2666.243998,83,229.905,13370.3125,100,2550,10001,"[0, 100000]","[0, 100000]",0,0,2685,10498
yolov8x_training,2667.287031,83,216.001,13370.3125,96,1095,10001,"[0, 100000]","[0, 100000]",0,0,4150,17480
yolov8x_training,2668.330125,79,219.007,13370.3125,15,795,10001,"[0, 100000]","[0, 100000]",0,0,2783,22851
yolov8x_training,2669.373000,80,220.870,13370.3125,85,975,10001,"[0, 100000]","[0, 100000]",0,0,4736,24853
yolov8x_training,2670.415874,81,223.546,13370.3125,100,885,10001,"[0, 100000]","[0, 100000]",0,0,7031,25585
yolov8x_training,2671.459326,83,211.474,13370.3125,58,870,10001,"[0, 100000]","[0, 100000]",0,0,341,341
yolov8x_training,2672.501914,84,218.871,13370.3125,43,780,10001,"[0, 100000]","[0, 100000]",0,0,341,341
yolov8x_training,2673.544602,82,225.814,13370.3125,70,780,10001,"[0, 100000]","[0, 100000]",0,0,19628,292
yolov8x_training,2674.587422,79,216.194,13370.3125,100,855,10001,"[0, 100000]","[0, 100000]",0,0,2050,3271
yolov8x_training,2675.630344,80,220.314,13370.3125,95,810,10001,"[0, 100000]","[0, 100000]",0,0,2587,9960
yolov8x_training,2676.673258,82,215.578,13370.3125,87,1050,10001,"[0, 100000]","[0, 100000]",0,0,2441,9277
yolov8x_training,2677.716255,83,218.165,13370.3125,15,2505,10001,"[0, 100000]","[0, 100000]",0,0,2929,12255
yolov8x_training,2678.759246,83,215.199,13370.3125,86,1575,10001,"[0, 100000]","[0, 100000]",0,0,3125,24072
yolov8x_training,2679.802869,79,217.822,13370.3125,100,765,10001,"[0, 100000]","[0, 100000]",0,0,6103,28222
yolov8x_training,2680.846038,82,216.632,13370.3125,95,930,10001,"[0, 100000]","[0, 100000]",0,0,5126,100341
yolov8x_training,2681.924334,80,215.344,13370.3125,20,2505,10001,"[0, 100000]","[0, 100000]",0,0,4101,32470
yolov8x_training,2682.991343,83,216.194,13370.3125,87,870,10001,"[0, 100000]","[0, 100000]",0,0,292,1034423
yolov8x_training,2684.033974,81,216.472,13370.3125,100,810,10001,"[0, 100000]","[0, 100000]",0,0,341,341
yolov8x_training,2685.076794,79,215.632,13370.3125,81,930,10001,"[0, 100000]","[0, 100000]",0,0,2539,26123
yolov8x_training,2686.120487,82,214.100,13370.3125,17,1545,10001,"[0, 100000]","[0, 100000]",0,0,2539,11718
yolov8x_training,2687.163485,83,214.984,13370.3125,97,915,10001,"[0, 100000]","[0, 100000]",0,0,2783,23291
yolov8x_training,2688.213587,82,215.175,13370.3125,95,2325,10001,"[0, 100000]","[0, 100000]",0,0,15039,23535
yolov8x_training,2689.290172,79,216.517,13370.3125,71,780,10001,"[0, 100000]","[0, 100000]",0,0,14990,26269
yolov8x_training,2690.333078,82,213.747,13370.3125,100,960,10001,"[0, 100000]","[0, 100000]",0,0,3027,37158
yolov8x_training,2691.406040,83,216.660,13370.3125,95,2520,10001,"[0, 100000]","[0, 100000]",0,0,292,1039306
yolov8x_training,2692.448977,83,214.674,13370.3125,54,1890,10001,"[0, 100000]","[0, 100000]",0,0,341,292
yolov8x_training,2693.491639,82,213.213,13370.3125,56,810,10001,"[0, 100000]","[0, 100000]",0,0,2099,3369
yolov8x_training,2694.534587,79,216.006,13370.3125,100,1035,10001,"[0, 100000]","[0, 100000]",0,0,2685,13427
yolov8x_training,2695.577785,82,217.135,13370.3125,95,2655,10001,"[0, 100000]","[0, 100000]",0,0,3125,22167
yolov8x_training,2696.620844,83,216.766,13370.3125,27,1125,10001,"[0, 100000]","[0, 100000]",0,0,6591,32568
yolov8x_training,2697.664067,83,215.670,13370.3125,77,2025,10001,"[0, 100000]","[0, 100000]",0,0,6884,100927
yolov8x_training,2698.732991,79,214.568,13370.3125,100,780,10001,"[0, 100000]","[0, 100000]",0,0,89892,23681
yolov8x_training,2699.813176,82,214.258,13370.3125,95,1125,10001,"[0, 100000]","[0, 100000]",0,0,341,292
yolov8x_training,2700.855821,83,214.021,13370.3125,20,1252,10001,"[0, 100000]","[0, 100000]",0,0,341,292
yolov8x_training,2701.898580,82,210.333,13370.3125,100,855,10001,"[0, 100000]","[0, 100000]",0,0,2294,7324
yolov8x_training,2702.941526,83,215.173,13370.3125,98,810,10001,"[0, 100000]","[0, 100000]",0,0,2587,11621
yolov8x_training,2703.984589,79,217.600,13370.3125,96,1485,10001,"[0, 100000]","[0, 100000]",0,0,3808,17431
yolov8x_training,2705.029863,82,214.011,13370.3125,73,2505,10001,"[0, 100000]","[0, 100000]",0,0,6591,30664
yolov8x_training,2706.072840,83,217.990,13370.3125,15,915,10001,"[0, 100000]","[0, 100000]",0,0,6152,100488
yolov8x_training,2707.134172,81,215.316,13370.3125,100,2280,10001,"[0, 100000]","[0, 100000]",0,0,90087,23974
yolov8x_training,2708.213735,79,219.076,13370.3125,94,810,10001,"[0, 100000]","[0, 100000]",0,0,4785,100878
yolov8x_training,2709.291464,81,216.236,13370.3125,94,765,10001,"[0, 100000]","[0, 100000]",0,0,2978,37792
yolov8x_training,2710.364371,83,220.690,13370.3125,65,2505,10001,"[0, 100000]","[0, 100000]",0,0,90625,35058
yolov8x_training,2711.438868,81,221.464,13370.3125,100,2505,10001,"[0, 100000]","[0, 100000]",0,0,89404,20947
yolov8x_training,2712.482197,83,211.545,13370.3125,95,855,10001,"[0, 100000]","[0, 100000]",0,0,341,341
yolov8x_training,2713.524926,82,214.855,13370.3125,39,795,10001,"[0, 100000]","[0, 100000]",0,0,683,292
yolov8x_training,2714.567752,79,219.109,13370.3125,60,1530,10001,"[0, 100000]","[0, 100000]",0,0,2050,7861
yolov8x_training,2715.610791,82,216.484,13370.3125,100,900,10001,"[0, 100000]","[0, 100000]",0,0,11035,32128
yolov8x_training,2716.654166,79,203.521,13370.3125,57,795,10001,"[0, 100000]","[0, 100000]",0,0,2392,3125
yolov8x_training,2717.697984,83,195.673,13370.3125,16,1125,10001,"[0, 100000]","[0, 100000]",0,0,390,292
yolov8x_training,2718.741225,83,187.581,13370.3125,92,2505,10001,"[0, 100000]","[0, 100000]",0,0,2880,24121
yolov8x_training,2719.784425,79,209.826,13370.3125,100,1110,10001,"[0, 100000]","[0, 100000]",0,0,341,1028906
yolov8x_training,2720.827353,82,225.893,13370.3125,98,1035,10001,"[0, 100000]","[0, 100000]",0,0,341,1033251
yolov8x_training,2721.870350,83,225.528,13370.3125,92,2475,10001,"[0, 100000]","[0, 100000]",0,0,292,1039501
yolov8x_training,2722.913193,82,218.869,13370.3125,38,2235,10001,"[0, 100000]","[0, 100000]",0,0,341,292
yolov8x_training,2723.955797,83,219.641,13370.3125,32,885,10001,"[0, 100000]","[0, 100000]",0,0,341,292
yolov8x_training,2724.998468,83,216.993,13370.3125,61,810,10001,"[0, 100000]","[0, 100000]",0,0,341,292
yolov8x_training,2726.041635,83,216.669,13370.3125,100,810,10001,"[0, 100000]","[0, 100000]",0,0,292,292
yolov8x_training,2727.084249,84,222.461,13370.3125,100,870,10001,"[0, 100000]","[0, 100000]",0,0,341,292
yolov8x_training,2728.126847,79,222.407,13370.3125,98,780,10001,"[0, 100000]","[0, 100000]",0,0,1025,292
yolov8x_training,2729.169983,80,224.316,13370.3125,76,810,10001,"[0, 100000]","[0, 100000]",0,0,3027,292
yolov8x_training,2730.212784,82,220.894,13370.3125,41,900,10001,"[0, 100000]","[0, 100000]",0,0,878,292
yolov8x_training,2731.255633,83,225.891,13370.3125,22,2295,10001,"[0, 100000]","[0, 100000]",0,0,537,292
yolov8x_training,2732.298347,83,225.248,13370.3125,61,1125,10001,"[0, 100000]","[0, 100000]",0,0,2099,1269
yolov8x_training,2733.342145,82,221.357,13370.3125,100,2295,10001,"[0, 100000]","[0, 100000]",0,0,1806,107373
yolov8x_training,2734.385305,81,226.592,13370.3125,98,2010,10001,"[0, 100000]","[0, 100000]",0,0,1757,2392
yolov8x_training,2735.428122,84,216.554,13370.3125,78,810,10001,"[0, 100000]","[0, 100000]",0,0,2392,10058
yolov8x_training,2736.471354,83,219.019,13370.3125,16,795,10001,"[0, 100000]","[0, 100000]",0,0,2441,9716
yolov8x_training,2737.514835,79,219.569,13370.3125,57,1035,10001,"[0, 100000]","[0, 100000]",0,0,2587,13574
yolov8x_training,2738.557986,80,223.736,13370.3125,100,840,10001,"[0, 100000]","[0, 100000]",0,0,2832,13574
yolov8x_training,2739.600859,83,218.885,13370.3125,99,2505,10001,"[0, 100000]","[0, 100000]",0,0,3125,22705
yolov8x_training,2740.644102,83,215.747,13370.3125,98,1125,10001,"[0, 100000]","[0, 100000]",0,0,3955,15429
yolov8x_training,2741.687158,82,215.454,13370.3125,39,2505,10001,"[0, 100000]","[0, 100000]",0,0,3320,25537
yolov8x_training,2742.755237,79,217.579,13370.3125,55,855,10001,"[0, 100000]","[0, 100000]",0,0,15185,25830
yolov8x_training,2743.818113,80,215.430,13370.3125,100,795,10001,"[0, 100000]","[0, 100000]",0,0,15136,25439
yolov8x_training,2744.892801,82,221.562,13370.3125,100,810,10001,"[0, 100000]","[0, 100000]",0,0,15039,22558
yolov8x_training,2745.953443,80,219.098,13370.3125,98,840,10001,"[0, 100000]","[0, 100000]",0,0,15234,25781
yolov8x_training,2747.021840,83,215.710,13370.3125,48,2385,10001,"[0, 100000]","[0, 100000]",0,0,15380,27148
yolov8x_training,2748.079038,83,222.754,13370.3125,24,1290,10001,"[0, 100000]","[0, 100000]",0,0,15136,22949
yolov8x_training,2749.135883,84,214.815,13370.3125,87,2505,10001,"[0, 100000]","[0, 100000]",0,0,15380,24804
yolov8x_training,2750.183163,84,222.038,13370.3125,100,2190,10001,"[0, 100000]","[0, 100000]",0,0,15087,21826
yolov8x_training,2751.226456,79,217.013,13370.3125,96,780,10001,"[0, 100000]","[0, 100000]",0,0,90576,35839
yolov8x_training,2752.300916,82,215.342,13370.3125,64,930,10001,"[0, 100000]","[0, 100000]",0,0,88720,15429
yolov8x_training,2753.344477,83,216.106,13370.3125,100,1245,10001,"[0, 100000]","[0, 100000]",0,0,292,292
yolov8x_training,2754.387251,83,217.172,13370.3125,95,1980,10001,"[0, 100000]","[0, 100000]",0,0,1806,537
yolov8x_training,2755.430706,82,215.534,13370.3125,53,780,10001,"[0, 100000]","[0, 100000]",0,0,2832,8935
yolov8x_training,2756.473813,79,217.516,13370.3125,53,975,10001,"[0, 100000]","[0, 100000]",0,0,3955,17382
yolov8x_training,2757.517009,80,220.279,13370.3125,100,2655,10001,"[0, 100000]","[0, 100000]",0,0,2832,24365
yolov8x_training,2758.560905,83,216.448,13370.3125,95,2295,10001,"[0, 100000]","[0, 100000]",0,0,14990,31738
yolov8x_training,2759.603812,83,217.699,13370.3125,61,810,10001,"[0, 100000]","[0, 100000]",0,0,6933,99658
yolov8x_training,2760.674412,82,215.470,13370.3125,23,1020,10001,"[0, 100000]","[0, 100000]",0,0,90283,27783
yolov8x_training,2761.751274,80,215.362,13370.3125,100,780,10001,"[0, 100000]","[0, 100000]",0,0,6250,99560
yolov8x_training,2762.825819,83,215.620,13370.3125,96,1110,10001,"[0, 100000]","[0, 100000]",0,0,2929,38378
yolov8x_training,2763.896771,83,219.352,13370.3125,95,2040,10001,"[0, 100000]","[0, 100000]",0,0,89404,20507
yolov8x_training,2764.940154,83,222.739,13370.3125,42,1132,10001,"[0, 100000]","[0, 100000]",0,0,341,1033984
yolov8x_training,2765.983027,83,215.621,13370.3125,55,825,10001,"[0, 100000]","[0, 100000]",0,0,341,292
yolov8x_training,2767.025628,83,218.621,13370.3125,100,795,10001,"[0, 100000]","[0, 100000]",0,0,292,292
yolov8x_training,2768.068347,79,221.433,13370.3125,100,915,10001,"[0, 100000]","[0, 100000]",0,0,1904,3173
yolov8x_training,2769.111248,81,217.563,13370.3125,95,1260,10001,"[0, 100000]","[0, 100000]",0,0,2148,10595
yolov8x_training,2770.154229,83,221.129,13370.3125,21,1110,10001,"[0, 100000]","[0, 100000]",0,0,2490,11816
yolov8x_training,2771.197382,83,214.606,13370.3125,58,2505,10001,"[0, 100000]","[0, 100000]",0,0,2783,23095
yolov8x_training,2772.240396,83,221.449,13370.3125,100,1890,10001,"[0, 100000]","[0, 100000]",0,0,3710,17626
yolov8x_training,2773.285143,79,214.077,13370.3125,94,810,10001,"[0, 100000]","[0, 100000]",0,0,15039,26123
yolov8x_training,2774.327977,82,216.969,13370.3125,27,810,10001,"[0, 100000]","[0, 100000]",0,0,6005,101074
yolov8x_training,2775.392471,83,219.943,13370.3125,100,810,10001,"[0, 100000]","[0, 100000]",0,0,6445,100585
yolov8x_training,2776.466969,83,216.500,13370.3125,100,2505,10001,"[0, 100000]","[0, 100000]",0,0,3173,36962
yolov8x_training,2777.538364,83,217.246,13370.3125,96,1275,10001,"[0, 100000]","[0, 100000]",0,0,3564,34716
yolov8x_training,2778.606367,83,215.162,13370.3125,36,780,10001,"[0, 100000]","[0, 100000]",0,0,3564,34716
yolov8x_training,2779.673696,79,220.914,13370.3125,52,900,10001,"[0, 100000]","[0, 100000]",0,0,90380,28271
yolov8x_training,2780.752262,80,217.651,13370.3125,100,780,10001,"[0, 100000]","[0, 100000]",0,0,89062,16894
yolov8x_training,2781.795549,83,217.865,13370.3125,96,945,10001,"[0, 100000]","[0, 100000]",0,0,341,503906
yolov8x_training,2782.838080,84,219.639,13370.3125,80,1005,10001,"[0, 100000]","[0, 100000]",0,0,341,292
yolov8x_training,2783.880702,85,225.446,13370.3125,18,2520,10001,"[0, 100000]","[0, 100000]",0,0,1074,292
yolov8x_training,2784.923736,84,213.285,13370.3125,61,870,10001,"[0, 100000]","[0, 100000]",0,0,1757,125390
yolov8x_training,2785.966944,83,218.830,13370.3125,100,795,10001,"[0, 100000]","[0, 100000]",0,0,1855,2099
yolov8x_training,2787.009790,83,218.010,13370.3125,100,825,10001,"[0, 100000]","[0, 100000]",0,0,2636,10009
yolov8x_training,2788.053990,80,220.023,13370.3125,95,840,10001,"[0, 100000]","[0, 100000]",0,0,3613,14843
yolov8x_training,2789.096936,80,214.205,13370.3125,20,1905,10001,"[0, 100000]","[0, 100000]",0,0,4003,15527
yolov8x_training,2790.139839,82,215.511,13370.3125,54,900,10001,"[0, 100000]","[0, 100000]",0,0,3515,20996
yolov8x_training,2791.182843,79,210.109,13370.3125,100,810,10001,"[0, 100000]","[0, 100000]",0,0,1123,341
yolov8x_training,2792.229856,83,183.148,13370.3125,18,1590,10001,"[0, 100000]","[0, 100000]",0,0,89013,20800
yolov8x_training,2793.273356,83,190.494,13370.3125,35,2505,10001,"[0, 100000]","[0, 100000]",0,0,2636,10009
yolov8x_training,2794.316143,83,220.358,13370.3125,100,2160,10001,"[0, 100000]","[0, 100000]",0,0,2832,11474
yolov8x_training,2795.359058,83,213.929,13370.3125,67,825,10001,"[0, 100000]","[0, 100000]",0,0,3955,15039
yolov8x_training,2796.401856,79,220.351,13370.3125,22,780,10001,"[0, 100000]","[0, 100000]",0,0,3076,20898
yolov8x_training,2797.444781,84,220.173,13370.3125,86,1005,10001,"[0, 100000]","[0, 100000]",0,0,4150,14257
yolov8x_training,2798.487720,80,221.953,13370.3125,100,2505,10001,"[0, 100000]","[0, 100000]",0,0,6640,21875
yolov8x_training,2799.530779,79,223.557,13370.3125,99,2340,10001,"[0, 100000]","[0, 100000]",0,0,4443,15917
yolov8x_training,2800.573853,82,218.052,13370.3125,97,1515,10001,"[0, 100000]","[0, 100000]",0,0,12597,24755
yolov8x_training,2801.628100,83,215.242,13370.3125,69,1252,10001,"[0, 100000]","[0, 100000]",0,0,15673,33984
yolov8x_training,2802.696516,83,220.104,13370.3125,22,2220,10001,"[0, 100000]","[0, 100000]",0,0,15039,23779
yolov8x_training,2803.757329,81,213.893,13370.3125,70,840,10001,"[0, 100000]","[0, 100000]",0,0,15332,25341
yolov8x_training,2804.833619,79,217.920,13370.3125,100,810,10001,"[0, 100000]","[0, 100000]",0,0,15478,28271
yolov8x_training,2805.887257,80,224.181,13370.3125,98,960,10001,"[0, 100000]","[0, 100000]",0,0,15087,28027
yolov8x_training,2806.943073,84,223.768,13370.3125,97,915,10001,"[0, 100000]","[0, 100000]",0,0,15283,29638
yolov8x_training,2807.986062,80,223.275,13370.3125,59,2505,10001,"[0, 100000]","[0, 100000]",0,0,6250,28076
yolov8x_training,2809.031668,80,227.835,13370.3125,22,2250,10001,"[0, 100000]","[0, 100000]",0,0,14990,28271
yolov8x_training,2810.086069,82,213.562,13370.3125,54,990,10001,"[0, 100000]","[0, 100000]",0,0,15087,23291
yolov8x_training,2811.158592,83,216.508,13370.3125,100,2505,10001,"[0, 100000]","[0, 100000]",0,0,15039,22558
yolov8x_training,2812.220474,83,218.328,13370.3125,100,1575,10001,"[0, 100000]","[0, 100000]",0,0,15332,25878
yolov8x_training,2813.293200,84,216.111,13370.3125,98,810,10001,"[0, 100000]","[0, 100000]",0,0,15332,25781
yolov8x_training,2814.358778,79,219.968,13370.3125,38,810,10001,"[0, 100000]","[0, 100000]",0,0,15527,32568
yolov8x_training,2815.414147,81,223.948,13370.3125,89,885,10001,"[0, 100000]","[0, 100000]",0,0,15039,22363
yolov8x_training,2816.457333,82,220.569,13370.3125,100,840,10001,"[0, 100000]","[0, 100000]",0,0,15039,29589
yolov8x_training,2817.500237,80,220.048,13370.3125,98,2505,10001,"[0, 100000]","[0, 100000]",0,0,5859,103466
yolov8x_training,2818.566416,83,215.725,13370.3125,84,1005,10001,"[0, 100000]","[0, 100000]",0,0,5957,103662
yolov8x_training,2819.664806,84,218.805,13370.3125,34,1252,10001,"[0, 100000]","[0, 100000]",0,0,15039,24755
yolov8x_training,2820.718771,84,220.976,13370.3125,47,2235,10001,"[0, 100000]","[0, 100000]",0,0,15283,23437
yolov8x_training,2821.761838,83,214.896,13370.3125,100,780,10001,"[0, 100000]","[0, 100000]",0,0,6787,105322
yolov8x_training,2822.832544,80,216.741,13370.3125,99,780,10001,"[0, 100000]","[0, 100000]",0,0,5224,102685
yolov8x_training,2823.941957,84,226.344,13370.3125,98,1065,10001,"[0, 100000]","[0, 100000]",0,0,14990,20361
yolov8x_training,2824.994990,79,220.354,13370.3125,31,1125,10001,"[0, 100000]","[0, 100000]",0,0,15136,25830
yolov8x_training,2826.073095,83,218.333,13370.3125,35,2295,10001,"[0, 100000]","[0, 100000]",0,0,15136,25097
yolov8x_training,2827.151684,83,216.807,13370.3125,100,2430,10001,"[0, 100000]","[0, 100000]",0,0,15234,24609
yolov8x_training,2828.194596,83,219.148,13370.3125,100,2190,10001,"[0, 100000]","[0, 100000]",0,0,6201,102246
yolov8x_training,2829.294451,83,214.704,13370.3125,98,795,10001,"[0, 100000]","[0, 100000]",0,0,15087,26269
yolov8x_training,2830.370628,80,218.491,13370.3125,55,750,10001,"[0, 100000]","[0, 100000]",0,0,15380,24609
yolov8x_training,2831.449651,83,222.617,13370.3125,100,855,10001,"[0, 100000]","[0, 100000]",0,0,15429,24560
yolov8x_training,2832.530385,80,220.060,13370.3125,99,2505,10001,"[0, 100000]","[0, 100000]",0,0,14892,22167
yolov8x_training,2833.602545,83,216.618,13370.3125,90,915,10001,"[0, 100000]","[0, 100000]",0,0,15429,26708
yolov8x_training,2834.651772,83,219.551,13370.3125,29,2505,10001,"[0, 100000]","[0, 100000]",0,0,15673,34033
yolov8x_training,2835.694724,84,225.503,13370.3125,34,1117,10001,"[0, 100000]","[0, 100000]",0,0,6591,30664
yolov8x_training,2836.752371,83,215.859,13370.3125,74,930,10001,"[0, 100000]","[0, 100000]",0,0,15283,29003
yolov8x_training,2837.795310,84,219.849,13370.3125,100,780,10001,"[0, 100000]","[0, 100000]",0,0,14062,28369
yolov8x_training,2838.849961,80,223.186,13370.3125,99,795,10001,"[0, 100000]","[0, 100000]",0,0,15869,30175
yolov8x_training,2839.905537,81,221.078,13370.3125,98,1230,10001,"[0, 100000]","[0, 100000]",0,0,15087,24560
yolov8x_training,2840.951524,82,223.944,13370.3125,69,885,10001,"[0, 100000]","[0, 100000]",0,0,14892,23828
yolov8x_training,2841.995787,79,220.225,13370.3125,27,2505,10001,"[0, 100000]","[0, 100000]",0,0,15185,23388
yolov8x_training,2843.039356,83,216.121,13370.3125,50,1830,10001,"[0, 100000]","[0, 100000]",0,0,6103,104248
yolov8x_training,2844.105816,84,218.502,13370.3125,100,810,10001,"[0, 100000]","[0, 100000]",0,0,6738,104101
yolov8x_training,2845.165961,84,222.208,13370.3125,100,2175,10001,"[0, 100000]","[0, 100000]",0,0,6152,101953
yolov8x_training,2846.260981,84,214.488,13370.3125,98,825,10001,"[0, 100000]","[0, 100000]",0,0,15283,28613
yolov8x_training,2847.342699,79,217.547,13370.3125,32,780,10001,"[0, 100000]","[0, 100000]",0,0,15185,25830
yolov8x_training,2848.422695,82,220.990,13370.3125,98,1020,10001,"[0, 100000]","[0, 100000]",0,0,14941,26513
yolov8x_training,2849.474725,79,224.636,13370.3125,100,990,10001,"[0, 100000]","[0, 100000]",0,0,14990,24902
yolov8x_training,2850.536299,81,222.632,13370.3125,98,2295,10001,"[0, 100000]","[0, 100000]",0,0,15087,27929
yolov8x_training,2851.591565,83,218.112,13370.3125,90,1275,10001,"[0, 100000]","[0, 100000]",0,0,15478,34375
yolov8x_training,2852.634522,84,219.465,13370.3125,31,1305,10001,"[0, 100000]","[0, 100000]",0,0,13134,25732
yolov8x_training,2853.705590,84,225.574,13370.3125,13,2190,10001,"[0, 100000]","[0, 100000]",0,0,15039,22607
yolov8x_training,2854.770933,84,214.182,13370.3125,97,840,10001,"[0, 100000]","[0, 100000]",0,0,15185,27978
yolov8x_training,2855.841530,80,219.235,13370.3125,100,795,10001,"[0, 100000]","[0, 100000]",0,0,15087,24511
yolov8x_training,2856.907906,81,219.910,13370.3125,98,1020,10001,"[0, 100000]","[0, 100000]",0,0,15039,27392
yolov8x_training,2857.966084,79,221.301,13370.3125,72,1500,10001,"[0, 100000]","[0, 100000]",0,0,14941,23779
yolov8x_training,2859.038641,81,223.461,13370.3125,9,2640,10001,"[0, 100000]","[0, 100000]",0,0,15087,26708
yolov8x_training,2860.116426,83,215.050,13370.3125,91,915,10001,"[0, 100000]","[0, 100000]",0,0,15185,25439
yolov8x_training,2861.159319,84,219.605,13370.3125,100,2505,10001,"[0, 100000]","[0, 100000]",0,0,341,150195
yolov8x_training,2862.202352,82,192.478,13370.3125,57,2520,10001,"[0, 100000]","[0, 100000]",0,0,3515,20019
yolov8x_training,2863.245734,79,202.517,13370.3125,89,1665,10001,"[0, 100000]","[0, 100000]",0,0,927,292
yolov8x_training,2864.288698,84,202.410,13370.3125,97,840,10001,"[0, 100000]","[0, 100000]",0,0,341,292
yolov8x_training,2865.331816,82,184.575,13370.3125,1,2340,10001,"[0, 100000]","[0, 100000]",0,0,5468,28662
yolov8x_training,2866.374810,83,175.869,13370.3125,86,2505,10001,"[0, 100000]","[0, 100000]",0,0,2099,7714
yolov8x_training,2867.418128,80,189.311,13370.3125,100,2505,10001,"[0, 100000]","[0, 100000]",0,0,341,292
yolov8x_training,2868.460893,83,209.388,13370.3125,60,795,10001,"[0, 100000]","[0, 100000]",0,0,3173,12841
yolov8x_training,2869.504177,83,224.950,13370.3125,100,1065,10001,"[0, 100000]","[0, 100000]",0,0,3662,15234
yolov8x_training,2870.547285,79,219.804,13370.3125,100,1230,10001,"[0, 100000]","[0, 100000]",0,0,4003,14404
yolov8x_training,2871.590571,80,223.519,13370.3125,95,2400,10001,"[0, 100000]","[0, 100000]",0,0,4003,17382
yolov8x_training,2872.633477,82,216.437,13370.3125,80,2055,10001,"[0, 100000]","[0, 100000]",0,0,3320,28808
yolov8x_training,2873.677255,83,216.072,13370.3125,31,2010,10001,"[0, 100000]","[0, 100000]",0,0,4052,14550
yolov8x_training,2874.720936,83,219.117,13370.3125,56,2325,10001,"[0, 100000]","[0, 100000]",0,0,13427,27929
yolov8x_training,2875.770094,83,216.873,13370.3125,100,870,10001,"[0, 100000]","[0, 100000]",0,0,14453,27197
yolov8x_training,2876.823051,79,221.555,13370.3125,100,765,10001,"[0, 100000]","[0, 100000]",0,0,15087,28955
yolov8x_training,2877.870926,80,221.350,13370.3125,95,795,10001,"[0, 100000]","[0, 100000]",0,0,14843,24462
yolov8x_training,2878.913798,82,226.142,13370.3125,96,975,10001,"[0, 100000]","[0, 100000]",0,0,6591,28515
yolov8x_training,2879.966535,79,220.144,13370.3125,50,840,10001,"[0, 100000]","[0, 100000]",0,0,15185,28564
yolov8x_training,2881.011177,80,227.139,13370.3125,22,2655,10001,"[0, 100000]","[0, 100000]",0,0,14941,25048
yolov8x_training,2882.065343,82,216.342,13370.3125,57,2370,10001,"[0, 100000]","[0, 100000]",0,0,14794,25000
yolov8x_training,2883.108273,83,215.227,13370.3125,100,870,10001,"[0, 100000]","[0, 100000]",0,0,12939,28320
yolov8x_training,2884.154653,83,220.861,13370.3125,100,2505,10001,"[0, 100000]","[0, 100000]",0,0,14794,25097
yolov8x_training,2885.197480,83,223.855,13370.3125,95,2370,10001,"[0, 100000]","[0, 100000]",0,0,11572,29199
yolov8x_training,2886.240539,82,221.246,13370.3125,96,1890,10001,"[0, 100000]","[0, 100000]",0,0,5224,23242
yolov8x_training,2887.283510,84,216.695,13370.3125,81,855,10001,"[0, 100000]","[0, 100000]",0,0,5371,27246
yolov8x_training,2888.326291,79,222.243,13370.3125,41,765,10001,"[0, 100000]","[0, 100000]",0,0,3955,19482
yolov8x_training,2889.369711,80,227.152,13370.3125,39,795,10001,"[0, 100000]","[0, 100000]",0,0,4541,14794
yolov8x_training,2890.412601,82,221.921,13370.3125,100,780,10001,"[0, 100000]","[0, 100000]",0,0,7031,25830
yolov8x_training,2891.455451,81,221.273,13370.3125,100,795,10001,"[0, 100000]","[0, 100000]",0,0,6152,31445
yolov8x_training,2892.498465,80,226.368,13370.3125,95,2505,10001,"[0, 100000]","[0, 100000]",0,0,9716,32275
yolov8x_training,2893.546502,83,217.270,13370.3125,96,2370,10001,"[0, 100000]","[0, 100000]",0,0,14941,25097
yolov8x_training,2894.589336,83,215.140,13370.3125,86,1605,10001,"[0, 100000]","[0, 100000]",0,0,12792,24023
yolov8x_training,2895.632618,83,219.541,13370.3125,42,840,10001,"[0, 100000]","[0, 100000]",0,0,4443,25488
yolov8x_training,2896.675781,84,222.809,13370.3125,25,2640,10001,"[0, 100000]","[0, 100000]",0,0,5517,24658
yolov8x_training,2897.718542,82,223.478,13370.3125,77,2040,10001,"[0, 100000]","[0, 100000]",0,0,4199,25097
yolov8x_training,2898.761404,84,217.354,13370.3125,94,990,10001,"[0, 100000]","[0, 100000]",0,0,4882,19335
yolov8x_training,2899.804406,84,221.443,13370.3125,100,855,10001,"[0, 100000]","[0, 100000]",0,0,2783,23779
yolov8x_training,2900.847361,79,222.970,13370.3125,100,810,10001,"[0, 100000]","[0, 100000]",0,0,2978,23486
yolov8x_training,2901.890449,80,223.210,13370.3125,100,765,10001,"[0, 100000]","[0, 100000]",0,0,4101,17041
yolov8x_training,2902.933310,81,226.650,13924.3125,96,795,10001,"[0, 100000]","[0, 100000]",0,0,282519,1123
yolov8x_training,2903.977066,79,158.380,16770.3125,0,2595,10001,"[0, 100000]","[0, 100000]",0,0,19824,84521
yolov8x_training,2905.021594,78,150.491,16770.3125,32,2355,10001,"[0, 100000]","[0, 100000]",0,0,390,292
yolov8x_training,2906.087002,78,94.776,16770.3125,0,2505,10001,"[0, 100000]","[0, 100000]",0,0,292,292
yolov8x_training,2907.351988,77,87.106,16770.3125,0,2505,10001,"[0, 100000]","[0, 100000]",0,0,292,292
yolov8x_training,2908.394803,77,87.869,16774.3125,2,2505,10001,"[0, 100000]","[0, 100000]",0,0,385839,927
yolov8x_training,2909.442969,76,87.845,16774.3125,0,2505,10001,"[0, 100000]","[0, 100000]",0,0,341,292
yolov8x_training,2910.485816,76,85.144,16774.3125,0,2505,10001,"[0, 100000]","[0, 100000]",0,0,292,292
yolov8x_training,2911.528597,75,84.031,16774.3125,0,2505,10001,"[0, 100000]","[0, 100000]",0,0,341,292
yolov8x_training,2912.603975,75,83.777,16774.3125,0,2505,10001,"[0, 100000]","[0, 100000]",0,0,341,292
yolov8x_training,2913.918281,75,83.425,16774.3125,0,2505,10001,"[0, 100000]","[0, 100000]",0,0,292,292
yolov8x_training,2914.962026,74,83.126,16774.3125,0,2505,10001,"[0, 100000]","[0, 100000]",0,0,390,292
yolov8x_training,2916.018361,79,96.355,16774.3125,0,2505,10001,"[0, 100000]","[0, 100000]",0,0,439,634
yolov8x_training,2917.112841,76,162.296,16774.3125,15,2670,10001,"[0, 100000]","[0, 100000]",0,0,3466,21435
yolov8x_training,2918.166962,74,125.882,16774.3125,0,2670,10001,"[0, 100000]","[0, 100000]",0,0,390,341
yolov8x_training,2919.217598,74,99.932,16774.3125,0,2505,10001,"[0, 100000]","[0, 100000]",0,0,341,292
yolov8x_training,2920.270068,73,83.096,14182.3125,0,2505,10001,"[0, 100000]","[0, 100000]",0,0,488,1464
