Kernel,Time (s),Temperature (C),Power (W),Memory Usage (MB),GPU Utilization (%),Graphics Clock (MHz),Memory Clock (MHz),Decoder Utilization (%),Encoder Utilization (%),Decoder Memory Usage (MB),Encoder Memory Usage (MB),PCIe Tx Throughput (KB/s),PCIe Rx Throughput (KB/s)
yolov8x_training,0.000740,41,26.852,622.1250,0,210,405,"[0, 100000]","[0, 100000]",0,0,341,292
yolov8x_training,1.047017,41,26.869,622.1250,0,210,405,"[0, 100000]","[0, 100000]",0,0,341,292
yolov8x_training,2.090125,41,26.912,622.1250,0,210,405,"[0, 100000]","[0, 100000]",0,0,341,292
yolov8x_training,3.136311,41,26.897,625.0000,0,210,405,"[0, 100000]","[0, 100000]",0,0,341,292
yolov8x_training,4.178609,42,31.781,1436.3125,0,2505,10001,"[0, 100000]","[0, 100000]",0,0,6494,2441
yolov8x_training,5.221633,42,67.133,1532.3125,0,2505,10001,"[0, 100000]","[0, 100000]",0,0,292,292
yolov8x_training,6.264938,42,66.420,1780.3125,1,2505,10001,"[0, 100000]","[0, 100000]",0,0,341,292
yolov8x_training,7.307321,46,83.685,12914.3125,73,630,10001,"[0, 100000]","[0, 100000]",0,0,2392,20214
yolov8x_training,8.350255,47,148.048,12914.3125,100,2505,10001,"[0, 100000]","[0, 100000]",0,0,3857,10156
yolov8x_training,9.393337,47,147.067,12976.3125,74,2505,10001,"[0, 100000]","[0, 100000]",0,0,341,292
yolov8x_training,10.436194,44,138.745,12976.3125,19,540,10001,"[0, 100000]","[0, 100000]",0,0,292,292
yolov8x_training,11.478748,45,168.085,12976.3125,60,570,10001,"[0, 100000]","[0, 100000]",0,0,3564,13964
yolov8x_training,12.521361,49,165.073,12976.3125,83,2505,10001,"[0, 100000]","[0, 100000]",0,0,1806,6835
yolov8x_training,13.592962,47,177.239,12976.3125,96,2505,10001,"[0, 100000]","[0, 100000]",0,0,14746,14355
yolov8x_training,14.635659,50,178.020,12976.3125,83,585,10001,"[0, 100000]","[0, 100000]",0,0,1904,6738
yolov8x_training,15.678823,50,166.040,13064.3125,58,2250,10001,"[0, 100000]","[0, 100000]",0,0,90478,26367
yolov8x_training,16.771631,50,170.076,13066.3125,96,585,10001,"[0, 100000]","[0, 100000]",0,0,1855,9277
yolov8x_training,17.814700,47,171.187,13066.3125,100,585,10001,"[0, 100000]","[0, 100000]",0,0,341,292
yolov8x_training,18.857546,51,159.080,13066.3125,7,1575,10001,"[0, 100000]","[0, 100000]",0,0,90722,25292
yolov8x_training,19.936719,50,149.428,13066.3125,0,555,10001,"[0, 100000]","[0, 100000]",0,0,4394,93554
yolov8x_training,21.062897,48,151.833,13066.3125,28,585,10001,"[0, 100000]","[0, 100000]",0,0,14160,26708
yolov8x_training,22.129181,49,152.971,13066.3125,87,525,10001,"[0, 100000]","[0, 100000]",0,0,13867,21679
yolov8x_training,23.210200,49,151.320,13066.3125,100,705,10001,"[0, 100000]","[0, 100000]",0,0,14306,19824
yolov8x_training,24.253038,51,151.304,13066.3125,97,675,10001,"[0, 100000]","[0, 100000]",0,0,13330,17919
yolov8x_training,25.315173,52,159.428,13066.3125,93,2505,10001,"[0, 100000]","[0, 100000]",0,0,13769,25683
yolov8x_training,26.358282,52,167.211,13066.3125,96,615,10001,"[0, 100000]","[0, 100000]",0,0,2441,10009
yolov8x_training,27.400868,50,176.056,13066.3125,100,555,10001,"[0, 100000]","[0, 100000]",0,0,341,292
yolov8x_training,28.443417,54,168.533,13066.3125,13,585,10001,"[0, 100000]","[0, 100000]",0,0,3955,12158
yolov8x_training,29.486331,54,168.985,13066.3125,97,1252,10001,"[0, 100000]","[0, 100000]",0,0,1953,5468
yolov8x_training,30.529519,54,185.608,13066.3125,100,1005,10001,"[0, 100000]","[0, 100000]",0,0,5810,26855
yolov8x_training,31.572651,55,168.405,13066.3125,23,555,10001,"[0, 100000]","[0, 100000]",0,0,1904,7763
yolov8x_training,32.615355,54,167.661,13150.3125,96,1252,10001,"[0, 100000]","[0, 100000]",0,0,90673,28271
yolov8x_training,33.706011,56,177.321,13150.3125,100,645,10001,"[0, 100000]","[0, 100000]",0,0,2099,9228
yolov8x_training,34.748214,56,173.226,13368.3125,54,615,10001,"[0, 100000]","[0, 100000]",0,0,390,341
yolov8x_training,35.790444,56,167.598,13368.3125,79,915,10001,"[0, 100000]","[0, 100000]",0,0,2783,22753
yolov8x_training,36.833662,54,174.804,13368.3125,96,855,10001,"[0, 100000]","[0, 100000]",0,0,2197,7617
yolov8x_training,37.876228,57,172.895,13368.3125,100,600,10001,"[0, 100000]","[0, 100000]",0,0,89062,18261
yolov8x_training,38.919354,57,164.192,13368.3125,76,615,10001,"[0, 100000]","[0, 100000]",0,0,3710,12255
yolov8x_training,39.962090,57,166.533,13368.3125,96,795,10001,"[0, 100000]","[0, 100000]",0,0,1904,8203
yolov8x_training,41.004512,55,175.874,13368.3125,100,810,10001,"[0, 100000]","[0, 100000]",0,0,89404,21044
yolov8x_training,42.047695,57,173.415,13368.3125,33,600,10001,"[0, 100000]","[0, 100000]",0,0,2099,12744
yolov8x_training,43.090987,58,164.840,13368.3125,99,1125,10001,"[0, 100000]","[0, 100000]",0,0,1708,3369
yolov8x_training,44.133298,57,166.505,13368.3125,100,585,10001,"[0, 100000]","[0, 100000]",0,0,5175,97851
yolov8x_training,45.218450,60,176.528,13368.3125,100,570,10001,"[0, 100000]","[0, 100000]",0,0,2343,9277
yolov8x_training,46.260633,59,173.155,13368.3125,19,555,10001,"[0, 100000]","[0, 100000]",0,0,390,341
yolov8x_training,47.305996,59,165.568,13368.3125,96,2505,10001,"[0, 100000]","[0, 100000]",0,0,14648,12841
yolov8x_training,48.348726,58,172.923,13368.3125,100,630,10001,"[0, 100000]","[0, 100000]",0,0,2197,7763
yolov8x_training,49.390423,59,172.096,13368.3125,100,540,10001,"[0, 100000]","[0, 100000]",0,0,390,1026904
yolov8x_training,50.433031,60,168.524,13368.3125,20,555,10001,"[0, 100000]","[0, 100000]",0,0,3662,25000
yolov8x_training,51.475707,60,173.932,13368.3125,75,570,10001,"[0, 100000]","[0, 100000]",0,0,1904,4687
yolov8x_training,52.518556,58,178.029,13368.3125,100,585,10001,"[0, 100000]","[0, 100000]",0,0,3466,34960
yolov8x_training,53.601789,60,173.651,13368.3125,98,510,10001,"[0, 100000]","[0, 100000]",0,0,2539,9716
yolov8x_training,54.644765,61,166.792,13368.3125,26,825,10001,"[0, 100000]","[0, 100000]",0,0,878,292
yolov8x_training,55.700560,61,170.235,13368.3125,97,600,10001,"[0, 100000]","[0, 100000]",0,0,14892,15527
yolov8x_training,56.743409,59,177.640,13368.3125,100,540,10001,"[0, 100000]","[0, 100000]",0,0,2050,10107
yolov8x_training,57.786193,61,173.785,13368.3125,100,540,10001,"[0, 100000]","[0, 100000]",0,0,341,292
yolov8x_training,58.828850,62,167.816,13368.3125,17,2505,10001,"[0, 100000]","[0, 100000]",0,0,9326,22949
yolov8x_training,59.872129,62,171.554,13368.3125,97,585,10001,"[0, 100000]","[0, 100000]",0,0,2001,9033
yolov8x_training,60.915676,60,176.695,13368.3125,100,540,10001,"[0, 100000]","[0, 100000]",0,0,341,1028173
yolov8x_training,61.959312,62,173.178,13368.3125,23,525,10001,"[0, 100000]","[0, 100000]",0,0,14746,15722
yolov8x_training,63.002198,63,168.045,13368.3125,96,2235,10001,"[0, 100000]","[0, 100000]",0,0,2099,8642
yolov8x_training,64.045174,63,169.371,13368.3125,100,585,10001,"[0, 100000]","[0, 100000]",0,0,341,292
yolov8x_training,65.091471,61,179.252,13368.3125,100,540,10001,"[0, 100000]","[0, 100000]",0,0,14501,15625
yolov8x_training,66.134503,63,174.974,13368.3125,47,510,10001,"[0, 100000]","[0, 100000]",0,0,2001,9082
yolov8x_training,67.177639,64,169.320,13368.3125,54,585,10001,"[0, 100000]","[0, 100000]",0,0,341,292
yolov8x_training,68.245027,64,169.487,13368.3125,97,585,10001,"[0, 100000]","[0, 100000]",0,0,14453,20898
yolov8x_training,69.287918,62,174.566,13368.3125,100,660,10001,"[0, 100000]","[0, 100000]",0,0,2441,8837
yolov8x_training,70.330836,67,181.198,13368.3125,100,495,10001,"[0, 100000]","[0, 100000]",0,0,390,292
yolov8x_training,71.373509,65,166.382,13368.3125,30,1110,10001,"[0, 100000]","[0, 100000]",0,0,8642,23339
yolov8x_training,72.416692,65,171.119,13368.3125,97,735,10001,"[0, 100000]","[0, 100000]",0,0,1855,8691
yolov8x_training,73.459619,63,177.939,13368.3125,100,660,10001,"[0, 100000]","[0, 100000]",0,0,292,292
yolov8x_training,74.531519,66,174.983,13368.3125,100,525,10001,"[0, 100000]","[0, 100000]",0,0,14892,15771
yolov8x_training,75.574419,66,174.536,13368.3125,44,525,10001,"[0, 100000]","[0, 100000]",0,0,1855,9277
yolov8x_training,76.617377,66,164.650,13368.3125,61,2025,10001,"[0, 100000]","[0, 100000]",0,0,927,292
yolov8x_training,77.706903,65,170.943,13368.3125,96,570,10001,"[0, 100000]","[0, 100000]",0,0,14306,19042
yolov8x_training,78.749964,67,184.571,13368.3125,100,570,10001,"[0, 100000]","[0, 100000]",0,0,1660,7812
yolov8x_training,79.792931,65,175.907,13368.3125,72,510,10001,"[0, 100000]","[0, 100000]",0,0,341,341
yolov8x_training,80.837169,67,167.925,13368.3125,19,2340,10001,"[0, 100000]","[0, 100000]",0,0,14599,18701
yolov8x_training,81.880014,67,171.219,13368.3125,97,570,10001,"[0, 100000]","[0, 100000]",0,0,2246,9619
yolov8x_training,82.922958,65,178.119,13368.3125,97,810,10001,"[0, 100000]","[0, 100000]",0,0,1318,110791
yolov8x_training,83.965907,64,174.134,13368.3125,100,495,10001,"[0, 100000]","[0, 100000]",0,0,3466,29296
yolov8x_training,85.059463,66,175.204,13368.3125,46,510,10001,"[0, 100000]","[0, 100000]",0,0,1953,15429
yolov8x_training,86.102730,68,169.603,13368.3125,72,555,10001,"[0, 100000]","[0, 100000]",0,0,1855,4101
yolov8x_training,87.145697,67,173.109,13368.3125,96,2505,10001,"[0, 100000]","[0, 100000]",0,0,2978,36865
yolov8x_training,88.235698,66,176.555,13368.3125,100,645,10001,"[0, 100000]","[0, 100000]",0,0,2050,18212
yolov8x_training,89.278641,65,173.819,13368.3125,100,495,10001,"[0, 100000]","[0, 100000]",0,0,2246,6494
yolov8x_training,90.321867,68,174.575,13368.3125,75,525,10001,"[0, 100000]","[0, 100000]",0,0,390,292
yolov8x_training,91.385175,69,171.498,13368.3125,21,540,10001,"[0, 100000]","[0, 100000]",0,0,14648,16845
yolov8x_training,92.428127,68,170.468,13368.3125,95,2505,10001,"[0, 100000]","[0, 100000]",0,0,2392,10546
yolov8x_training,93.470946,68,171.746,13368.3125,96,525,10001,"[0, 100000]","[0, 100000]",0,0,1562,3320
yolov8x_training,94.513809,67,176.521,13368.3125,100,915,10001,"[0, 100000]","[0, 100000]",0,0,88916,18359
yolov8x_training,95.557269,70,176.164,13368.3125,100,525,10001,"[0, 100000]","[0, 100000]",0,0,3222,16455
yolov8x_training,96.600598,68,174.041,13368.3125,73,510,10001,"[0, 100000]","[0, 100000]",0,0,2246,8886
yolov8x_training,97.643619,69,171.159,13368.3125,22,645,10001,"[0, 100000]","[0, 100000]",0,0,1416,78515
yolov8x_training,98.686838,69,166.549,13368.3125,76,2505,10001,"[0, 100000]","[0, 100000]",0,0,89550,20019
yolov8x_training,99.731799,69,170.859,13368.3125,95,525,10001,"[0, 100000]","[0, 100000]",0,0,14599,14794
yolov8x_training,100.774627,67,177.920,13368.3125,100,585,10001,"[0, 100000]","[0, 100000]",0,0,2246,9423
yolov8x_training,101.817554,67,175.908,13368.3125,100,495,10001,"[0, 100000]","[0, 100000]",0,0,2099,4248
yolov8x_training,102.916207,71,179.844,13368.3125,100,540,10001,"[0, 100000]","[0, 100000]",0,0,14501,20019
yolov8x_training,103.959414,70,166.688,13368.3125,100,2235,10001,"[0, 100000]","[0, 100000]",0,0,3027,12158
yolov8x_training,105.002519,70,172.840,13368.3125,97,555,10001,"[0, 100000]","[0, 100000]",0,0,1855,3613
yolov8x_training,106.045535,69,177.258,13368.3125,100,555,10001,"[0, 100000]","[0, 100000]",0,0,53564,209619
yolov8x_training,107.109071,67,176.256,13368.3125,100,495,10001,"[0, 100000]","[0, 100000]",0,0,14306,13623
yolov8x_training,108.152172,71,176.756,13368.3125,98,540,10001,"[0, 100000]","[0, 100000]",0,0,2246,9716
yolov8x_training,109.195071,69,176.269,13368.3125,36,495,10001,"[0, 100000]","[0, 100000]",0,0,1660,4589
yolov8x_training,110.238162,71,171.135,13368.3125,61,2205,10001,"[0, 100000]","[0, 100000]",0,0,90234,26855
yolov8x_training,111.342181,71,171.826,13368.3125,97,2295,10001,"[0, 100000]","[0, 100000]",0,0,2392,9619
yolov8x_training,112.385198,70,175.623,13368.3125,97,555,10001,"[0, 100000]","[0, 100000]",0,0,1855,7275
yolov8x_training,113.428095,69,177.667,13368.3125,100,615,10001,"[0, 100000]","[0, 100000]",0,0,634,292
yolov8x_training,114.471001,68,176.062,13368.3125,100,495,10001,"[0, 100000]","[0, 100000]",0,0,3369,24951
yolov8x_training,115.572854,71,176.005,13368.3125,100,510,10001,"[0, 100000]","[0, 100000]",0,0,2001,17578
yolov8x_training,116.615686,71,175.804,13368.3125,31,1560,10001,"[0, 100000]","[0, 100000]",0,0,2099,3271
yolov8x_training,117.659074,71,169.714,13368.3125,99,2505,10001,"[0, 100000]","[0, 100000]",0,0,89208,19970
yolov8x_training,118.707561,71,173.534,13368.3125,97,495,10001,"[0, 100000]","[0, 100000]",0,0,14599,17138
yolov8x_training,119.750803,69,181.273,13368.3125,100,510,10001,"[0, 100000]","[0, 100000]",0,0,2294,11083
yolov8x_training,120.795633,69,174.801,13368.3125,100,510,10001,"[0, 100000]","[0, 100000]",0,0,1416,7568
yolov8x_training,121.838745,71,176.564,13368.3125,100,495,10001,"[0, 100000]","[0, 100000]",0,0,341,292
yolov8x_training,122.932183,70,174.542,13368.3125,17,495,10001,"[0, 100000]","[0, 100000]",0,0,14257,18359
yolov8x_training,123.975067,72,171.078,13368.3125,61,885,10001,"[0, 100000]","[0, 100000]",0,0,1855,15283
yolov8x_training,125.018195,72,169.305,13368.3125,96,2505,10001,"[0, 100000]","[0, 100000]",0,0,1660,7666
yolov8x_training,126.061136,72,172.462,13368.3125,97,645,10001,"[0, 100000]","[0, 100000]",0,0,488,292
yolov8x_training,127.103889,71,177.405,13368.3125,100,540,10001,"[0, 100000]","[0, 100000]",0,0,4980,96972
yolov8x_training,128.187102,69,178.929,13368.3125,100,615,10001,"[0, 100000]","[0, 100000]",0,0,1904,16601
yolov8x_training,129.229981,73,177.469,13368.3125,100,525,10001,"[0, 100000]","[0, 100000]",0,0,1611,7275
yolov8x_training,130.272827,72,175.411,13368.3125,54,495,10001,"[0, 100000]","[0, 100000]",0,0,390,292
yolov8x_training,131.315576,73,174.014,13368.3125,17,465,10001,"[0, 100000]","[0, 100000]",0,0,89501,20117
yolov8x_training,132.384636,73,168.300,13368.3125,33,1125,10001,"[0, 100000]","[0, 100000]",0,0,14550,19726
yolov8x_training,133.427530,72,166.944,13368.3125,94,2505,10001,"[0, 100000]","[0, 100000]",0,0,2636,10009
yolov8x_training,134.470373,72,171.720,13368.3125,97,555,10001,"[0, 100000]","[0, 100000]",0,0,1660,7666
yolov8x_training,135.513318,72,174.982,13368.3125,97,495,10001,"[0, 100000]","[0, 100000]",0,0,976,830
yolov8x_training,136.556208,72,177.623,13368.3125,100,510,10001,"[0, 100000]","[0, 100000]",0,0,88867,17968
yolov8x_training,137.647852,70,175.043,13368.3125,100,720,10001,"[0, 100000]","[0, 100000]",0,0,14453,18310
yolov8x_training,138.690751,70,174.291,13368.3125,100,495,10001,"[0, 100000]","[0, 100000]",0,0,2050,17041
yolov8x_training,139.733607,70,174.723,13368.3125,100,495,10001,"[0, 100000]","[0, 100000]",0,0,1953,9619
yolov8x_training,140.776456,74,174.874,13368.3125,100,465,10001,"[0, 100000]","[0, 100000]",0,0,1806,4638
yolov8x_training,141.819710,73,174.294,13368.3125,99,510,10001,"[0, 100000]","[0, 100000]",0,0,390,292
yolov8x_training,142.862376,73,176.488,13368.3125,66,465,10001,"[0, 100000]","[0, 100000]",0,0,3759,97802
yolov8x_training,143.965081,74,171.819,13368.3125,55,1575,10001,"[0, 100000]","[0, 100000]",0,0,2050,16503
yolov8x_training,145.008023,73,167.585,13368.3125,90,2490,10001,"[0, 100000]","[0, 100000]",0,0,1806,8349
yolov8x_training,146.050941,73,170.526,13368.3125,97,720,10001,"[0, 100000]","[0, 100000]",0,0,1464,3125
yolov8x_training,147.093786,73,172.751,13368.3125,95,555,10001,"[0, 100000]","[0, 100000]",0,0,341,341
yolov8x_training,148.136460,73,175.627,13368.3125,96,495,10001,"[0, 100000]","[0, 100000]",0,0,4296,95703
yolov8x_training,149.245728,73,177.681,13368.3125,100,750,10001,"[0, 100000]","[0, 100000]",0,0,2392,9423
yolov8x_training,150.288810,71,177.135,13368.3125,100,480,10001,"[0, 100000]","[0, 100000]",0,0,2050,9326
yolov8x_training,151.331742,71,174.995,13368.3125,100,420,10001,"[0, 100000]","[0, 100000]",0,0,1562,7568
yolov8x_training,152.374916,71,174.516,13368.3125,100,480,10001,"[0, 100000]","[0, 100000]",0,0,17041,11328
yolov8x_training,153.417826,73,173.947,13368.3125,100,540,10001,"[0, 100000]","[0, 100000]",0,0,341,1040771
yolov8x_training,154.517362,74,174.203,13368.3125,97,495,10001,"[0, 100000]","[0, 100000]",0,0,14550,16601
yolov8x_training,155.560472,72,169.204,13368.3125,69,480,10001,"[0, 100000]","[0, 100000]",0,0,3027,10058
yolov8x_training,156.603414,74,167.693,13368.3125,22,435,10001,"[0, 100000]","[0, 100000]",0,0,1757,5761
yolov8x_training,157.646939,74,172.437,13368.3125,97,1980,10001,"[0, 100000]","[0, 100000]",0,0,976,292
yolov8x_training,158.689621,74,177.073,13368.3125,96,2490,10001,"[0, 100000]","[0, 100000]",0,0,341,1039160
yolov8x_training,159.779418,74,179.015,13368.3125,96,540,10001,"[0, 100000]","[0, 100000]",0,0,14550,17333
yolov8x_training,160.822213,74,176.036,13368.3125,100,510,10001,"[0, 100000]","[0, 100000]",0,0,2343,8935
yolov8x_training,161.865136,73,176.223,13368.3125,100,585,10001,"[0, 100000]","[0, 100000]",0,0,2001,9082
yolov8x_training,162.908274,73,176.854,13368.3125,100,660,10001,"[0, 100000]","[0, 100000]",0,0,1708,7519
yolov8x_training,163.951204,72,176.405,13368.3125,100,480,10001,"[0, 100000]","[0, 100000]",0,0,341,292
yolov8x_training,164.993860,71,174.253,13368.3125,78,420,10001,"[0, 100000]","[0, 100000]",0,0,89648,24023
yolov8x_training,166.098582,71,174.806,13368.3125,59,480,10001,"[0, 100000]","[0, 100000]",0,0,2490,16210
yolov8x_training,167.141460,75,174.535,13368.3125,22,540,10001,"[0, 100000]","[0, 100000]",0,0,2978,10253
yolov8x_training,168.184331,74,174.798,13368.3125,20,495,10001,"[0, 100000]","[0, 100000]",0,0,1855,7714
yolov8x_training,169.227419,75,171.863,13368.3125,25,495,10001,"[0, 100000]","[0, 100000]",0,0,1660,6640
yolov8x_training,170.270412,74,171.825,13368.3125,38,480,10001,"[0, 100000]","[0, 100000]",0,0,976,878
yolov8x_training,171.313244,74,167.914,13368.3125,63,420,10001,"[0, 100000]","[0, 100000]",0,0,341,1032861
yolov8x_training,172.356509,73,166.641,13368.3125,83,405,10001,"[0, 100000]","[0, 100000]",0,0,5957,83447
yolov8x_training,173.457208,75,170.627,13368.3125,98,465,10001,"[0, 100000]","[0, 100000]",0,0,2050,9570
yolov8x_training,174.500157,75,172.861,13370.3125,97,1395,10001,"[0, 100000]","[0, 100000]",0,0,2001,11523
yolov8x_training,175.543472,74,175.900,13370.3125,97,2430,10001,"[0, 100000]","[0, 100000]",0,0,1660,7177
yolov8x_training,176.586398,74,178.642,13370.3125,97,1252,10001,"[0, 100000]","[0, 100000]",0,0,1025,1171
yolov8x_training,177.629283,74,178.333,13370.3125,100,510,10001,"[0, 100000]","[0, 100000]",0,0,341,292
yolov8x_training,178.715219,74,175.537,13370.3125,100,510,10001,"[0, 100000]","[0, 100000]",0,0,14208,20166
yolov8x_training,179.757440,74,179.722,13370.3125,100,495,10001,"[0, 100000]","[0, 100000]",0,0,10546,23144
yolov8x_training,180.800350,74,159.474,13370.3125,100,2505,10001,"[0, 100000]","[0, 100000]",0,0,2929,33984
yolov8x_training,181.897154,74,164.319,13370.3125,93,480,10001,"[0, 100000]","[0, 100000]",0,0,4101,96337
yolov8x_training,182.998281,75,167.219,13370.3125,74,390,10001,"[0, 100000]","[0, 100000]",0,0,2343,10009
yolov8x_training,184.041570,74,166.714,13370.3125,88,450,10001,"[0, 100000]","[0, 100000]",0,0,2978,9277
yolov8x_training,185.084007,75,166.280,13370.3125,98,585,10001,"[0, 100000]","[0, 100000]",0,0,1904,8935
yolov8x_training,186.126161,75,170.096,13370.3125,96,1800,10001,"[0, 100000]","[0, 100000]",0,0,1660,6250
yolov8x_training,187.168386,75,173.149,13370.3125,97,2235,10001,"[0, 100000]","[0, 100000]",0,0,390,341
yolov8x_training,188.210562,75,175.978,13370.3125,96,2505,10001,"[0, 100000]","[0, 100000]",0,0,88964,19238
yolov8x_training,189.252414,75,177.363,13370.3125,97,2505,10001,"[0, 100000]","[0, 100000]",0,0,4003,96093
yolov8x_training,190.344585,75,178.563,13370.3125,97,1252,10001,"[0, 100000]","[0, 100000]",0,0,5029,22265
yolov8x_training,191.387748,75,179.658,13370.3125,97,540,10001,"[0, 100000]","[0, 100000]",0,0,2148,17675
yolov8x_training,192.430951,75,182.672,13370.3125,100,495,10001,"[0, 100000]","[0, 100000]",0,0,2099,6152
yolov8x_training,193.474595,74,172.893,13370.3125,100,495,10001,"[0, 100000]","[0, 100000]",0,0,1464,4003
yolov8x_training,194.517568,75,173.539,13370.3125,100,495,10001,"[0, 100000]","[0, 100000]",0,0,1123,390
yolov8x_training,195.560445,74,175.774,13370.3125,100,1050,10001,"[0, 100000]","[0, 100000]",0,0,341,292
yolov8x_training,196.602324,74,174.662,13370.3125,100,735,10001,"[0, 100000]","[0, 100000]",0,0,3125,23193
yolov8x_training,197.708352,75,173.731,13370.3125,100,795,10001,"[0, 100000]","[0, 100000]",0,0,13183,19091
yolov8x_training,198.751036,74,175.483,13370.3125,100,585,10001,"[0, 100000]","[0, 100000]",0,0,2050,9570
yolov8x_training,199.793954,74,176.312,13370.3125,100,615,10001,"[0, 100000]","[0, 100000]",0,0,2587,10644
yolov8x_training,200.836177,74,175.616,13370.3125,100,480,10001,"[0, 100000]","[0, 100000]",0,0,1855,6884
yolov8x_training,201.878504,73,174.791,13370.3125,100,465,10001,"[0, 100000]","[0, 100000]",0,0,1660,5322
yolov8x_training,202.920967,73,174.928,13370.3125,100,420,10001,"[0, 100000]","[0, 100000]",0,0,634,341
yolov8x_training,203.963334,73,162.162,13370.3125,100,480,10001,"[0, 100000]","[0, 100000]",0,0,1660,6689
yolov8x_training,205.005652,75,174.576,13370.3125,100,495,10001,"[0, 100000]","[0, 100000]",0,0,1171,439
yolov8x_training,206.048035,75,175.720,13370.3125,100,555,10001,"[0, 100000]","[0, 100000]",0,0,390,341
yolov8x_training,207.089410,75,175.143,13370.3125,100,735,10001,"[0, 100000]","[0, 100000]",0,0,3906,22216
yolov8x_training,208.188085,75,175.992,13370.3125,100,735,10001,"[0, 100000]","[0, 100000]",0,0,13281,15771
yolov8x_training,209.231045,75,175.151,13370.3125,100,600,10001,"[0, 100000]","[0, 100000]",0,0,2246,9716
yolov8x_training,210.273881,75,175.318,13370.3125,100,690,10001,"[0, 100000]","[0, 100000]",0,0,1904,17529
yolov8x_training,211.316827,75,174.048,13370.3125,100,750,10001,"[0, 100000]","[0, 100000]",0,0,1904,10205
yolov8x_training,212.359820,75,175.908,13370.3125,100,870,10001,"[0, 100000]","[0, 100000]",0,0,1757,8593
yolov8x_training,213.402715,75,175.609,13370.3125,100,1215,10001,"[0, 100000]","[0, 100000]",0,0,1660,7714
yolov8x_training,214.445779,75,175.328,13370.3125,100,1050,10001,"[0, 100000]","[0, 100000]",0,0,1513,4003
yolov8x_training,215.489005,75,174.499,13370.3125,100,1080,10001,"[0, 100000]","[0, 100000]",0,0,4541,98583
yolov8x_training,216.532530,75,175.687,13370.3125,100,780,10001,"[0, 100000]","[0, 100000]",0,0,292,292
yolov8x_training,217.575174,75,173.854,13370.3125,100,675,10001,"[0, 100000]","[0, 100000]",0,0,292,292
yolov8x_training,218.617640,75,172.983,13370.3125,100,495,10001,"[0, 100000]","[0, 100000]",0,0,90039,25781
yolov8x_training,219.745726,75,174.095,13370.3125,100,465,10001,"[0, 100000]","[0, 100000]",0,0,14501,14550
yolov8x_training,220.788695,75,173.019,13370.3125,100,465,10001,"[0, 100000]","[0, 100000]",0,0,3125,11572
yolov8x_training,221.831554,76,172.490,13370.3125,100,495,10001,"[0, 100000]","[0, 100000]",0,0,1855,14892
yolov8x_training,222.874065,76,172.400,13370.3125,100,465,10001,"[0, 100000]","[0, 100000]",0,0,2099,10205
yolov8x_training,223.916682,76,172.231,13370.3125,100,465,10001,"[0, 100000]","[0, 100000]",0,0,1757,7763
yolov8x_training,224.959099,76,174.969,13370.3125,100,480,10001,"[0, 100000]","[0, 100000]",0,0,1562,6787
yolov8x_training,226.001383,76,171.588,13370.3125,100,495,10001,"[0, 100000]","[0, 100000]",0,0,1513,5664
yolov8x_training,227.043647,76,172.326,13370.3125,100,525,10001,"[0, 100000]","[0, 100000]",0,0,1074,1318
yolov8x_training,228.086015,76,172.414,13370.3125,100,480,10001,"[0, 100000]","[0, 100000]",0,0,390,292
yolov8x_training,229.128336,76,176.637,13370.3125,100,480,10001,"[0, 100000]","[0, 100000]",0,0,89697,20263
yolov8x_training,230.171247,76,174.696,13370.3125,100,480,10001,"[0, 100000]","[0, 100000]",0,0,5175,96142
yolov8x_training,231.271097,76,174.444,13370.3125,100,495,10001,"[0, 100000]","[0, 100000]",0,0,3808,12597
yolov8x_training,232.314216,76,173.174,13370.3125,100,465,10001,"[0, 100000]","[0, 100000]",0,0,2539,9716
yolov8x_training,233.357192,76,173.639,13370.3125,100,480,10001,"[0, 100000]","[0, 100000]",0,0,2197,16796
yolov8x_training,234.400347,76,173.096,13370.3125,100,465,10001,"[0, 100000]","[0, 100000]",0,0,2294,10644
yolov8x_training,235.443256,76,174.495,13370.3125,100,450,10001,"[0, 100000]","[0, 100000]",0,0,1855,7958
yolov8x_training,236.486321,76,171.824,13370.3125,100,510,10001,"[0, 100000]","[0, 100000]",0,0,1904,6054
yolov8x_training,237.529786,76,175.413,13370.3125,100,450,10001,"[0, 100000]","[0, 100000]",0,0,1123,27099
yolov8x_training,238.573327,76,174.137,13370.3125,100,465,10001,"[0, 100000]","[0, 100000]",0,0,292,292
yolov8x_training,239.615935,76,173.173,13370.3125,100,450,10001,"[0, 100000]","[0, 100000]",0,0,341,341
yolov8x_training,240.658591,76,172.564,13370.3125,100,480,10001,"[0, 100000]","[0, 100000]",0,0,89794,20996
yolov8x_training,241.701333,76,173.798,13370.3125,100,510,10001,"[0, 100000]","[0, 100000]",0,0,3125,33642
yolov8x_training,242.800457,76,174.161,13370.3125,97,525,10001,"[0, 100000]","[0, 100000]",0,0,13281,16210
yolov8x_training,243.843171,76,178.478,13370.3125,96,825,10001,"[0, 100000]","[0, 100000]",0,0,2392,16162
yolov8x_training,244.886076,76,178.734,13370.3125,95,705,10001,"[0, 100000]","[0, 100000]",0,0,2050,9570
yolov8x_training,245.928950,76,178.257,13370.3125,96,2505,10001,"[0, 100000]","[0, 100000]",0,0,1855,15332
yolov8x_training,246.971466,76,176.495,13370.3125,96,2505,10001,"[0, 100000]","[0, 100000]",0,0,2148,9375
yolov8x_training,248.013715,76,175.645,13370.3125,97,2505,10001,"[0, 100000]","[0, 100000]",0,0,1757,7714
yolov8x_training,249.055417,76,174.842,13370.3125,96,2475,10001,"[0, 100000]","[0, 100000]",0,0,1855,6005
yolov8x_training,250.098615,76,173.128,13370.3125,97,2340,10001,"[0, 100000]","[0, 100000]",0,0,1513,5615
yolov8x_training,251.141589,76,171.014,13370.3125,93,2220,10001,"[0, 100000]","[0, 100000]",0,0,292,292
yolov8x_training,252.184275,76,167.124,13370.3125,98,2505,10001,"[0, 100000]","[0, 100000]",0,0,732,292
yolov8x_training,253.227426,76,165.348,13370.3125,0,465,10001,"[0, 100000]","[0, 100000]",0,0,1806,7666
yolov8x_training,254.270545,74,159.783,13370.3125,100,450,10001,"[0, 100000]","[0, 100000]",0,0,4541,21191
yolov8x_training,255.313777,76,157.506,13370.3125,93,2505,10001,"[0, 100000]","[0, 100000]",0,0,6201,86181
yolov8x_training,256.410969,77,165.782,13370.3125,53,435,10001,"[0, 100000]","[0, 100000]",0,0,292,1027978
yolov8x_training,257.454402,76,166.923,13370.3125,47,450,10001,"[0, 100000]","[0, 100000]",0,0,3955,97705
yolov8x_training,258.571880,76,173.526,13370.3125,53,465,10001,"[0, 100000]","[0, 100000]",0,0,14648,15527
yolov8x_training,259.614998,76,173.355,13370.3125,75,480,10001,"[0, 100000]","[0, 100000]",0,0,3173,11767
yolov8x_training,260.658022,77,174.259,13370.3125,82,495,10001,"[0, 100000]","[0, 100000]",0,0,1855,8398
yolov8x_training,261.701041,77,173.528,13370.3125,95,450,10001,"[0, 100000]","[0, 100000]",0,0,2880,11230
yolov8x_training,262.744101,78,173.716,13370.3125,95,465,10001,"[0, 100000]","[0, 100000]",0,0,2001,7910
yolov8x_training,263.787083,78,172.521,13370.3125,100,480,10001,"[0, 100000]","[0, 100000]",0,0,1806,8837
yolov8x_training,264.830026,76,174.988,13370.3125,100,465,10001,"[0, 100000]","[0, 100000]",0,0,1855,5517
yolov8x_training,265.873259,76,173.890,13370.3125,100,480,10001,"[0, 100000]","[0, 100000]",0,0,1513,4394
yolov8x_training,266.916418,74,174.083,13370.3125,100,510,10001,"[0, 100000]","[0, 100000]",0,0,1367,3271
yolov8x_training,267.959349,74,175.112,13370.3125,100,555,10001,"[0, 100000]","[0, 100000]",0,0,878,292
yolov8x_training,269.002200,74,175.246,13370.3125,100,585,10001,"[0, 100000]","[0, 100000]",0,0,341,292
yolov8x_training,270.044900,74,175.714,13370.3125,100,615,10001,"[0, 100000]","[0, 100000]",0,0,40087,440771
yolov8x_training,271.088147,74,175.401,13370.3125,100,780,10001,"[0, 100000]","[0, 100000]",0,0,2929,35888
yolov8x_training,272.186895,74,175.486,13370.3125,100,720,10001,"[0, 100000]","[0, 100000]",0,0,13330,17919
yolov8x_training,273.229916,75,173.881,13370.3125,100,645,10001,"[0, 100000]","[0, 100000]",0,0,2490,19042
yolov8x_training,274.272872,75,173.326,13370.3125,100,630,10001,"[0, 100000]","[0, 100000]",0,0,3320,10986
yolov8x_training,275.315701,76,170.905,13370.3125,100,465,10001,"[0, 100000]","[0, 100000]",0,0,3417,9570
yolov8x_training,276.358735,76,174.204,13370.3125,100,465,10001,"[0, 100000]","[0, 100000]",0,0,1953,16943
yolov8x_training,277.402052,76,175.118,13370.3125,96,465,10001,"[0, 100000]","[0, 100000]",0,0,3076,11083
yolov8x_training,278.444994,76,176.529,13370.3125,97,540,10001,"[0, 100000]","[0, 100000]",0,0,2050,8740
yolov8x_training,279.487953,76,180.611,13370.3125,96,570,10001,"[0, 100000]","[0, 100000]",0,0,1855,8691
yolov8x_training,280.531062,76,179.411,13370.3125,96,585,10001,"[0, 100000]","[0, 100000]",0,0,1464,6054
yolov8x_training,281.574243,77,176.657,13370.3125,96,1252,10001,"[0, 100000]","[0, 100000]",0,0,1611,5957
yolov8x_training,282.617236,77,174.047,13370.3125,96,2505,10001,"[0, 100000]","[0, 100000]",0,0,1513,2832
yolov8x_training,283.660212,77,170.634,13370.3125,97,2340,10001,"[0, 100000]","[0, 100000]",0,0,976,1904
yolov8x_training,284.703533,77,165.621,13370.3125,100,2160,10001,"[0, 100000]","[0, 100000]",0,0,16357,292
yolov8x_training,285.746445,77,167.181,13370.3125,91,1605,10001,"[0, 100000]","[0, 100000]",0,0,341,292
yolov8x_training,286.789109,77,167.215,13370.3125,100,570,10001,"[0, 100000]","[0, 100000]",0,0,292,1029150
yolov8x_training,287.831720,77,169.582,13370.3125,67,480,10001,"[0, 100000]","[0, 100000]",0,0,2978,23339
yolov8x_training,288.958674,77,171.248,13370.3125,43,465,10001,"[0, 100000]","[0, 100000]",0,0,14404,16894
yolov8x_training,290.001816,77,170.726,13370.3125,46,390,10001,"[0, 100000]","[0, 100000]",0,0,2246,9521
yolov8x_training,291.045124,77,173.063,13370.3125,18,390,10001,"[0, 100000]","[0, 100000]",0,0,2099,8007
yolov8x_training,292.088238,77,172.417,13370.3125,23,390,10001,"[0, 100000]","[0, 100000]",0,0,3027,9863
yolov8x_training,293.131262,77,175.070,13370.3125,16,390,10001,"[0, 100000]","[0, 100000]",0,0,1757,9130
yolov8x_training,294.174329,77,173.455,13370.3125,18,360,10001,"[0, 100000]","[0, 100000]",0,0,1806,8691
yolov8x_training,295.217351,76,174.483,13370.3125,35,390,10001,"[0, 100000]","[0, 100000]",0,0,1708,5126
yolov8x_training,296.260279,76,173.828,13370.3125,39,480,10001,"[0, 100000]","[0, 100000]",0,0,1513,5615
yolov8x_training,297.303386,77,174.907,13370.3125,56,450,10001,"[0, 100000]","[0, 100000]",0,0,1123,2490
yolov8x_training,298.346585,77,174.532,13370.3125,57,480,10001,"[0, 100000]","[0, 100000]",0,0,390,292
yolov8x_training,299.389349,77,173.576,13370.3125,79,495,10001,"[0, 100000]","[0, 100000]",0,0,390,292
yolov8x_training,300.432091,77,174.852,13370.3125,76,495,10001,"[0, 100000]","[0, 100000]",0,0,341,1040771
yolov8x_training,301.475094,77,174.064,13370.3125,98,480,10001,"[0, 100000]","[0, 100000]",0,0,72119,31494
yolov8x_training,302.580077,78,174.964,13370.3125,100,480,10001,"[0, 100000]","[0, 100000]",0,0,12646,15332
yolov8x_training,303.623110,78,173.986,13370.3125,100,465,10001,"[0, 100000]","[0, 100000]",0,0,5908,23535
yolov8x_training,304.666735,75,172.826,13370.3125,100,420,10001,"[0, 100000]","[0, 100000]",0,0,3662,13720
yolov8x_training,305.709667,74,175.422,13370.3125,100,420,10001,"[0, 100000]","[0, 100000]",0,0,2490,9033
yolov8x_training,306.752712,75,174.894,13370.3125,100,465,10001,"[0, 100000]","[0, 100000]",0,0,2001,17675
yolov8x_training,307.795954,75,175.514,13370.3125,100,615,10001,"[0, 100000]","[0, 100000]",0,0,2880,11181
yolov8x_training,308.839012,75,175.782,13370.3125,100,630,10001,"[0, 100000]","[0, 100000]",0,0,1855,8544
yolov8x_training,309.881912,75,174.943,13370.3125,100,705,10001,"[0, 100000]","[0, 100000]",0,0,1855,7714
yolov8x_training,310.924845,75,175.123,13370.3125,100,600,10001,"[0, 100000]","[0, 100000]",0,0,1513,6005
yolov8x_training,311.967799,76,173.697,13370.3125,100,675,10001,"[0, 100000]","[0, 100000]",0,0,1416,3466
yolov8x_training,313.011091,76,173.752,13370.3125,100,630,10001,"[0, 100000]","[0, 100000]",0,0,4199,104248
yolov8x_training,314.054229,76,173.195,13370.3125,100,495,10001,"[0, 100000]","[0, 100000]",0,0,488,292
yolov8x_training,315.097098,77,173.141,13370.3125,100,465,10001,"[0, 100000]","[0, 100000]",0,0,341,292
yolov8x_training,316.139756,77,174.109,13370.3125,97,495,10001,"[0, 100000]","[0, 100000]",0,0,341,1036035
yolov8x_training,317.182515,77,179.761,13370.3125,97,435,10001,"[0, 100000]","[0, 100000]",0,0,89941,20800
yolov8x_training,318.297018,77,177.601,13370.3125,97,510,10001,"[0, 100000]","[0, 100000]",0,0,14257,14941
yolov8x_training,319.340032,77,179.117,13370.3125,96,735,10001,"[0, 100000]","[0, 100000]",0,0,12060,13085
yolov8x_training,320.383036,77,175.679,13370.3125,96,1275,10001,"[0, 100000]","[0, 100000]",0,0,2685,9667
yolov8x_training,321.426124,77,171.650,13370.3125,96,2505,10001,"[0, 100000]","[0, 100000]",0,0,1855,8300
yolov8x_training,322.469064,77,166.384,13370.3125,100,2340,10001,"[0, 100000]","[0, 100000]",0,0,1855,16552
yolov8x_training,323.512103,77,167.891,13370.3125,99,2310,10001,"[0, 100000]","[0, 100000]",0,0,2441,10351
yolov8x_training,324.554941,77,166.651,13370.3125,96,2175,10001,"[0, 100000]","[0, 100000]",0,0,1855,8544
yolov8x_training,325.597844,77,169.020,13370.3125,92,1725,10001,"[0, 100000]","[0, 100000]",0,0,1708,6835
yolov8x_training,326.640738,77,168.499,13370.3125,73,1605,10001,"[0, 100000]","[0, 100000]",0,0,1513,6152
yolov8x_training,327.684030,78,170.603,13370.3125,65,480,10001,"[0, 100000]","[0, 100000]",0,0,1464,6445
yolov8x_training,328.727322,78,171.685,13370.3125,32,450,10001,"[0, 100000]","[0, 100000]",0,0,830,1904
yolov8x_training,329.770709,77,173.736,13370.3125,34,435,10001,"[0, 100000]","[0, 100000]",0,0,1220,292
yolov8x_training,330.813424,78,173.535,13370.3125,18,405,10001,"[0, 100000]","[0, 100000]",0,0,341,292
yolov8x_training,331.855991,77,175.527,13370.3125,20,390,10001,"[0, 100000]","[0, 100000]",0,0,390,782226
yolov8x_training,332.898513,76,175.342,13370.3125,29,390,10001,"[0, 100000]","[0, 100000]",0,0,3515,27978
yolov8x_training,334.035986,77,173.010,13370.3125,68,435,10001,"[0, 100000]","[0, 100000]",0,0,14501,15283
yolov8x_training,335.079147,78,175.635,13370.3125,72,465,10001,"[0, 100000]","[0, 100000]",0,0,2587,18750
yolov8x_training,336.122097,79,173.637,13370.3125,100,495,10001,"[0, 100000]","[0, 100000]",0,0,3222,9619
yolov8x_training,337.165278,78,173.128,13370.3125,100,480,10001,"[0, 100000]","[0, 100000]",0,0,1806,10644
yolov8x_training,338.208422,75,174.820,13370.3125,100,465,10001,"[0, 100000]","[0, 100000]",0,0,1855,16552
yolov8x_training,339.251337,75,174.712,13370.3125,100,435,10001,"[0, 100000]","[0, 100000]",0,0,2929,11621
yolov8x_training,340.294276,75,175.361,13370.3125,100,450,10001,"[0, 100000]","[0, 100000]",0,0,2050,9179
yolov8x_training,341.337226,75,175.907,13370.3125,100,480,10001,"[0, 100000]","[0, 100000]",0,0,1806,8642
yolov8x_training,342.380133,75,167.562,13370.3125,100,450,10001,"[0, 100000]","[0, 100000]",0,0,3076,9375
yolov8x_training,343.423278,78,167.389,13370.3125,96,2505,10001,"[0, 100000]","[0, 100000]",0,0,1953,9375
yolov8x_training,344.466272,78,166.850,13370.3125,93,2205,10001,"[0, 100000]","[0, 100000]",0,0,1904,15869
yolov8x_training,345.509329,78,167.982,13370.3125,81,1545,10001,"[0, 100000]","[0, 100000]",0,0,1953,16552
yolov8x_training,346.552691,78,171.082,13370.3125,46,495,10001,"[0, 100000]","[0, 100000]",0,0,1904,10595
yolov8x_training,347.595539,78,172.035,13370.3125,48,495,10001,"[0, 100000]","[0, 100000]",0,0,2001,8251
yolov8x_training,348.638617,78,172.659,13370.3125,17,450,10001,"[0, 100000]","[0, 100000]",0,0,1757,8203
yolov8x_training,349.681605,76,174.652,13370.3125,13,390,10001,"[0, 100000]","[0, 100000]",0,0,1708,7714
yolov8x_training,350.724679,78,173.170,13370.3125,50,435,10001,"[0, 100000]","[0, 100000]",0,0,1660,7617
yolov8x_training,351.767438,78,173.606,13370.3125,76,450,10001,"[0, 100000]","[0, 100000]",0,0,1611,5810
yolov8x_training,352.810436,75,164.661,13370.3125,99,480,10001,"[0, 100000]","[0, 100000]",0,0,2978,9521
yolov8x_training,353.925358,77,164.688,13370.3125,95,2505,10001,"[0, 100000]","[0, 100000]",0,0,14648,15380
yolov8x_training,355.019148,78,166.960,13370.3125,0,480,10001,"[0, 100000]","[0, 100000]",0,0,12548,29345
yolov8x_training,356.062483,75,159.806,13370.3125,100,465,10001,"[0, 100000]","[0, 100000]",0,0,292,1040625
yolov8x_training,357.105723,77,159.776,13370.3125,92,525,10001,"[0, 100000]","[0, 100000]",0,0,292,292
yolov8x_training,358.148784,78,165.623,13370.3125,54,2310,10001,"[0, 100000]","[0, 100000]",0,0,1611,7080
yolov8x_training,359.191922,78,167.856,13370.3125,35,450,10001,"[0, 100000]","[0, 100000]",0,0,1562,3564
yolov8x_training,360.234903,78,171.812,13370.3125,43,435,10001,"[0, 100000]","[0, 100000]",0,0,927,292
yolov8x_training,361.277776,78,174.304,13370.3125,14,420,10001,"[0, 100000]","[0, 100000]",0,0,341,292
yolov8x_training,362.320511,77,174.112,13370.3125,17,435,10001,"[0, 100000]","[0, 100000]",0,0,341,292
yolov8x_training,363.363091,77,173.832,13370.3125,33,435,10001,"[0, 100000]","[0, 100000]",0,0,292,705517
yolov8x_training,364.405904,77,173.827,13370.3125,51,375,10001,"[0, 100000]","[0, 100000]",0,0,89404,20996
yolov8x_training,365.449372,78,174.622,13370.3125,76,450,10001,"[0, 100000]","[0, 100000]",0,0,3710,97656
yolov8x_training,366.565417,79,172.930,13370.3125,92,450,10001,"[0, 100000]","[0, 100000]",0,0,12597,15234
yolov8x_training,367.607422,78,174.464,13370.3125,100,510,10001,"[0, 100000]","[0, 100000]",0,0,6054,20605
yolov8x_training,368.650753,78,173.870,13370.3125,100,510,10001,"[0, 100000]","[0, 100000]",0,0,3320,10107
yolov8x_training,369.693645,75,172.600,13370.3125,100,405,10001,"[0, 100000]","[0, 100000]",0,0,2392,8544
yolov8x_training,370.736866,75,176.291,13370.3125,100,405,10001,"[0, 100000]","[0, 100000]",0,0,1953,16552
yolov8x_training,371.779422,75,174.365,13370.3125,100,450,10001,"[0, 100000]","[0, 100000]",0,0,2880,10888
yolov8x_training,372.822329,76,173.470,13370.3125,100,615,10001,"[0, 100000]","[0, 100000]",0,0,1806,9765
yolov8x_training,373.865281,77,174.798,13370.3125,100,705,10001,"[0, 100000]","[0, 100000]",0,0,2246,7324
yolov8x_training,374.908272,77,175.096,13370.3125,100,645,10001,"[0, 100000]","[0, 100000]",0,0,1757,8544
yolov8x_training,375.951072,77,174.595,13370.3125,100,450,10001,"[0, 100000]","[0, 100000]",0,0,1757,8056
yolov8x_training,376.993909,77,175.392,13370.3125,97,465,10001,"[0, 100000]","[0, 100000]",0,0,1611,5859
yolov8x_training,378.037123,78,173.955,13370.3125,97,495,10001,"[0, 100000]","[0, 100000]",0,0,1611,5419
yolov8x_training,379.080145,78,174.698,13370.3125,100,495,10001,"[0, 100000]","[0, 100000]",0,0,976,96289
yolov8x_training,380.123160,78,173.566,13370.3125,100,525,10001,"[0, 100000]","[0, 100000]",0,0,781,292
yolov8x_training,381.166424,78,167.250,13370.3125,95,2505,10001,"[0, 100000]","[0, 100000]",0,0,1806,3466
yolov8x_training,382.208438,75,168.031,13370.3125,0,480,10001,"[0, 100000]","[0, 100000]",0,0,1806,16357
yolov8x_training,383.254619,76,162.312,13370.3125,100,585,10001,"[0, 100000]","[0, 100000]",0,0,13964,18798
yolov8x_training,384.297985,78,159.720,13370.3125,95,2505,10001,"[0, 100000]","[0, 100000]",0,0,341,1035498
yolov8x_training,385.341116,78,175.232,13370.3125,99,540,10001,"[0, 100000]","[0, 100000]",0,0,4003,100830
yolov8x_training,386.458244,78,170.237,13370.3125,100,465,10001,"[0, 100000]","[0, 100000]",0,0,14550,13037
yolov8x_training,387.501134,78,166.474,13370.3125,100,420,10001,"[0, 100000]","[0, 100000]",0,0,3808,12158
yolov8x_training,388.544060,77,168.850,13370.3125,82,390,10001,"[0, 100000]","[0, 100000]",0,0,2539,9228
yolov8x_training,389.586988,77,169.203,13370.3125,71,360,10001,"[0, 100000]","[0, 100000]",0,0,1904,17187
yolov8x_training,390.629952,78,171.111,13370.3125,46,405,10001,"[0, 100000]","[0, 100000]",0,0,2392,14355
yolov8x_training,391.673036,78,172.912,13370.3125,45,450,10001,"[0, 100000]","[0, 100000]",0,0,2197,8251
yolov8x_training,392.715959,78,173.332,13370.3125,14,450,10001,"[0, 100000]","[0, 100000]",0,0,1757,8398
yolov8x_training,393.758897,79,175.274,13370.3125,15,480,10001,"[0, 100000]","[0, 100000]",0,0,1660,6445
yolov8x_training,394.801742,79,174.283,13370.3125,23,495,10001,"[0, 100000]","[0, 100000]",0,0,1660,5957
yolov8x_training,395.844625,78,173.840,13370.3125,26,465,10001,"[0, 100000]","[0, 100000]",0,0,1513,3759
yolov8x_training,396.887511,75,175.132,13370.3125,63,465,10001,"[0, 100000]","[0, 100000]",0,0,878,2490
yolov8x_training,397.930346,76,163.074,13370.3125,59,495,10001,"[0, 100000]","[0, 100000]",0,0,1806,8837
yolov8x_training,398.973451,78,159.100,13370.3125,94,2505,10001,"[0, 100000]","[0, 100000]",0,0,3564,9570
yolov8x_training,400.067271,77,166.408,13370.3125,0,450,10001,"[0, 100000]","[0, 100000]",0,0,12402,25927
yolov8x_training,401.110510,76,158.401,13370.3125,100,600,10001,"[0, 100000]","[0, 100000]",0,0,341,292
yolov8x_training,402.153240,78,160.503,13370.3125,97,2505,10001,"[0, 100000]","[0, 100000]",0,0,683,341
yolov8x_training,403.196028,78,180.573,13370.3125,96,2490,10001,"[0, 100000]","[0, 100000]",0,0,341,292
yolov8x_training,404.238632,78,179.181,13370.3125,97,2295,10001,"[0, 100000]","[0, 100000]",0,0,341,1030566
yolov8x_training,405.281599,78,177.740,13370.3125,97,1635,10001,"[0, 100000]","[0, 100000]",0,0,88525,15576
yolov8x_training,406.325234,78,175.819,13370.3125,96,2205,10001,"[0, 100000]","[0, 100000]",0,0,5078,98388
yolov8x_training,407.446466,78,169.269,13370.3125,97,810,10001,"[0, 100000]","[0, 100000]",0,0,14599,15429
yolov8x_training,408.489428,79,165.907,13370.3125,100,480,10001,"[0, 100000]","[0, 100000]",0,0,3759,23779
yolov8x_training,409.532486,77,168.772,13370.3125,58,450,10001,"[0, 100000]","[0, 100000]",0,0,2343,20654
yolov8x_training,410.575668,78,172.504,13370.3125,46,375,10001,"[0, 100000]","[0, 100000]",0,0,3271,9472
yolov8x_training,411.618792,78,173.644,13370.3125,16,435,10001,"[0, 100000]","[0, 100000]",0,0,1953,8593
yolov8x_training,412.661621,79,173.139,13370.3125,15,435,10001,"[0, 100000]","[0, 100000]",0,0,2099,15771
yolov8x_training,413.704723,75,173.064,13370.3125,47,465,10001,"[0, 100000]","[0, 100000]",0,0,2392,13867
yolov8x_training,414.748245,75,175.837,13370.3125,63,495,10001,"[0, 100000]","[0, 100000]",0,0,2197,7519
yolov8x_training,415.791137,75,174.495,13370.3125,82,450,10001,"[0, 100000]","[0, 100000]",0,0,1855,8544
yolov8x_training,416.834152,77,167.493,13370.3125,97,525,10001,"[0, 100000]","[0, 100000]",0,0,6542,19726
yolov8x_training,417.877500,78,161.969,13370.3125,100,780,10001,"[0, 100000]","[0, 100000]",0,0,292,292
yolov8x_training,418.920493,75,159.315,13370.3125,28,465,10001,"[0, 100000]","[0, 100000]",0,0,927,292
yolov8x_training,419.963717,77,156.593,13370.3125,79,660,10001,"[0, 100000]","[0, 100000]",0,0,2636,10205
yolov8x_training,421.006940,78,162.961,13370.3125,59,1800,10001,"[0, 100000]","[0, 100000]",0,0,12451,24609
yolov8x_training,422.049936,76,163.271,13370.3125,55,495,10001,"[0, 100000]","[0, 100000]",0,0,292,1029785
yolov8x_training,423.093049,78,160.658,13370.3125,100,495,10001,"[0, 100000]","[0, 100000]",0,0,341,292
yolov8x_training,424.135920,78,154.712,13370.3125,98,2505,10001,"[0, 100000]","[0, 100000]",0,0,1806,6103
yolov8x_training,425.179106,78,167.467,13370.3125,25,465,10001,"[0, 100000]","[0, 100000]",0,0,2246,8056
yolov8x_training,426.222243,79,174.425,13370.3125,19,450,10001,"[0, 100000]","[0, 100000]",0,0,1855,9228
yolov8x_training,427.265132,78,173.819,13370.3125,32,435,10001,"[0, 100000]","[0, 100000]",0,0,1757,7714
yolov8x_training,428.308192,76,174.270,13370.3125,46,510,10001,"[0, 100000]","[0, 100000]",0,0,1660,5859
yolov8x_training,429.351435,75,174.893,13370.3125,72,465,10001,"[0, 100000]","[0, 100000]",0,0,1611,5908
yolov8x_training,430.394441,75,174.110,13370.3125,92,465,10001,"[0, 100000]","[0, 100000]",0,0,1562,2880
yolov8x_training,431.437410,76,174.018,13370.3125,100,435,10001,"[0, 100000]","[0, 100000]",0,0,1171,2539
yolov8x_training,432.480699,76,175.200,13370.3125,100,435,10001,"[0, 100000]","[0, 100000]",0,0,15966,292
yolov8x_training,433.523834,77,174.679,13370.3125,100,570,10001,"[0, 100000]","[0, 100000]",0,0,341,292
yolov8x_training,434.566423,77,174.747,13370.3125,100,615,10001,"[0, 100000]","[0, 100000]",0,0,341,292
yolov8x_training,435.609096,77,174.029,13370.3125,100,780,10001,"[0, 100000]","[0, 100000]",0,0,292,1039892
yolov8x_training,436.651794,77,176.501,13370.3125,100,735,10001,"[0, 100000]","[0, 100000]",0,0,90234,27343
yolov8x_training,437.757197,78,175.109,13370.3125,100,495,10001,"[0, 100000]","[0, 100000]",0,0,12939,15283
yolov8x_training,438.799983,78,175.628,13370.3125,100,480,10001,"[0, 100000]","[0, 100000]",0,0,2294,17968
yolov8x_training,439.843020,78,174.338,13370.3125,100,450,10001,"[0, 100000]","[0, 100000]",0,0,2246,8837
yolov8x_training,440.886123,78,172.820,13370.3125,100,525,10001,"[0, 100000]","[0, 100000]",0,0,1806,8349
yolov8x_training,441.929318,78,176.633,13370.3125,100,720,10001,"[0, 100000]","[0, 100000]",0,0,1806,16650
yolov8x_training,442.972252,78,176.890,13370.3125,96,2505,10001,"[0, 100000]","[0, 100000]",0,0,1904,13916
yolov8x_training,444.015232,78,178.238,13370.3125,96,2475,10001,"[0, 100000]","[0, 100000]",0,0,1904,9667
yolov8x_training,445.058146,78,176.065,13370.3125,95,2085,10001,"[0, 100000]","[0, 100000]",0,0,1757,7275
yolov8x_training,446.101625,78,166.551,13370.3125,0,420,10001,"[0, 100000]","[0, 100000]",0,0,2783,19335
yolov8x_training,447.144615,76,161.881,13370.3125,100,435,10001,"[0, 100000]","[0, 100000]",0,0,341,1031689
yolov8x_training,448.188309,78,164.198,13370.3125,100,465,10001,"[0, 100000]","[0, 100000]",0,0,2978,21142
yolov8x_training,449.335519,78,172.978,13370.3125,100,825,10001,"[0, 100000]","[0, 100000]",0,0,14355,14453
yolov8x_training,450.378414,78,177.210,13370.3125,96,750,10001,"[0, 100000]","[0, 100000]",0,0,2294,19238
yolov8x_training,451.421541,78,177.369,13370.3125,97,2505,10001,"[0, 100000]","[0, 100000]",0,0,2246,17041
yolov8x_training,452.464398,78,172.740,13370.3125,97,2130,10001,"[0, 100000]","[0, 100000]",0,0,2343,8447
yolov8x_training,453.507713,78,167.918,13370.3125,96,1635,10001,"[0, 100000]","[0, 100000]",0,0,1757,8154
yolov8x_training,454.550517,79,166.774,13370.3125,100,645,10001,"[0, 100000]","[0, 100000]",0,0,2539,12548
yolov8x_training,455.593437,77,169.187,13370.3125,96,465,10001,"[0, 100000]","[0, 100000]",0,0,2539,10009
yolov8x_training,456.636366,78,169.995,13370.3125,63,420,10001,"[0, 100000]","[0, 100000]",0,0,2197,8349
yolov8x_training,457.679332,78,172.721,13370.3125,49,390,10001,"[0, 100000]","[0, 100000]",0,0,1904,7861
yolov8x_training,458.722373,79,173.005,13370.3125,22,390,10001,"[0, 100000]","[0, 100000]",0,0,1708,7666
yolov8x_training,459.765259,77,175.091,13370.3125,15,435,10001,"[0, 100000]","[0, 100000]",0,0,1855,5029
yolov8x_training,460.808526,77,174.065,13370.3125,36,420,10001,"[0, 100000]","[0, 100000]",0,0,1611,5761
yolov8x_training,461.851449,75,174.068,13370.3125,53,465,10001,"[0, 100000]","[0, 100000]",0,0,1464,5566
yolov8x_training,462.894438,76,174.864,13370.3125,91,480,10001,"[0, 100000]","[0, 100000]",0,0,1464,2832
yolov8x_training,463.937387,76,174.805,13370.3125,100,420,10001,"[0, 100000]","[0, 100000]",0,0,927,927
yolov8x_training,464.980246,76,175.270,13370.3125,100,390,10001,"[0, 100000]","[0, 100000]",0,0,341,292
yolov8x_training,466.023013,77,173.818,13370.3125,100,450,10001,"[0, 100000]","[0, 100000]",0,0,341,292
yolov8x_training,467.065652,76,176.580,13370.3125,100,525,10001,"[0, 100000]","[0, 100000]",0,0,341,1041357
yolov8x_training,468.108877,76,175.465,13370.3125,100,555,10001,"[0, 100000]","[0, 100000]",0,0,90185,20800
yolov8x_training,469.152025,76,176.455,13370.3125,100,705,10001,"[0, 100000]","[0, 100000]",0,0,3808,97216
yolov8x_training,470.288195,77,173.709,13370.3125,100,450,10001,"[0, 100000]","[0, 100000]",0,0,14648,14892
yolov8x_training,471.331113,77,173.132,13370.3125,100,495,10001,"[0, 100000]","[0, 100000]",0,0,2441,18164
yolov8x_training,472.374129,78,173.323,13370.3125,96,705,10001,"[0, 100000]","[0, 100000]",0,0,2539,17138
yolov8x_training,473.417093,78,178.992,13370.3125,96,2505,10001,"[0, 100000]","[0, 100000]",0,0,3271,9814
yolov8x_training,474.460207,78,174.534,13370.3125,96,2220,10001,"[0, 100000]","[0, 100000]",0,0,2441,9082
yolov8x_training,475.503217,78,170.737,13370.3125,96,1710,10001,"[0, 100000]","[0, 100000]",0,0,2001,10107
yolov8x_training,476.546850,78,167.829,13370.3125,94,480,10001,"[0, 100000]","[0, 100000]",0,0,2099,15527
yolov8x_training,477.589812,78,168.954,13370.3125,86,465,10001,"[0, 100000]","[0, 100000]",0,0,2099,11474
yolov8x_training,478.634920,79,171.129,13370.3125,53,435,10001,"[0, 100000]","[0, 100000]",0,0,2050,8349
yolov8x_training,479.677785,79,172.427,13370.3125,43,375,10001,"[0, 100000]","[0, 100000]",0,0,1806,8056
yolov8x_training,480.720777,78,173.926,13370.3125,15,420,10001,"[0, 100000]","[0, 100000]",0,0,1953,7910
yolov8x_training,481.763762,77,174.704,13370.3125,28,450,10001,"[0, 100000]","[0, 100000]",0,0,1806,5419
yolov8x_training,482.806595,78,174.177,13370.3125,58,510,10001,"[0, 100000]","[0, 100000]",0,0,1562,5859
yolov8x_training,483.849526,78,175.212,13370.3125,77,465,10001,"[0, 100000]","[0, 100000]",0,0,1464,6787
yolov8x_training,484.892418,80,173.858,13370.3125,100,420,10001,"[0, 100000]","[0, 100000]",0,0,1513,5859
yolov8x_training,485.935371,78,173.833,13370.3125,100,435,10001,"[0, 100000]","[0, 100000]",0,0,1611,3515
yolov8x_training,486.978676,76,174.410,13370.3125,100,555,10001,"[0, 100000]","[0, 100000]",0,0,1513,2587
yolov8x_training,488.021740,76,174.570,13370.3125,100,675,10001,"[0, 100000]","[0, 100000]",0,0,1025,33447
yolov8x_training,489.064895,77,173.287,13370.3125,100,450,10001,"[0, 100000]","[0, 100000]",0,0,1074,2636
yolov8x_training,490.108368,78,174.007,13370.3125,100,480,10001,"[0, 100000]","[0, 100000]",0,0,10351,54541
yolov8x_training,491.150339,78,175.698,13370.3125,97,2400,10001,"[0, 100000]","[0, 100000]",0,0,927,341
yolov8x_training,492.193124,78,176.824,13370.3125,95,2490,10001,"[0, 100000]","[0, 100000]",0,0,11962,44433
yolov8x_training,493.236079,78,172.555,13370.3125,100,1710,10001,"[0, 100000]","[0, 100000]",0,0,341,341
yolov8x_training,494.278738,78,168.341,13370.3125,100,1440,10001,"[0, 100000]","[0, 100000]",0,0,341,292
yolov8x_training,495.321385,79,168.134,13370.3125,62,450,10001,"[0, 100000]","[0, 100000]",0,0,341,292
yolov8x_training,496.363973,79,171.955,13370.3125,38,420,10001,"[0, 100000]","[0, 100000]",0,0,341,292
yolov8x_training,497.406644,78,174.048,13370.3125,13,390,10001,"[0, 100000]","[0, 100000]",0,0,341,292
yolov8x_training,498.449363,77,174.546,13370.3125,43,450,10001,"[0, 100000]","[0, 100000]",0,0,341,1035839
yolov8x_training,499.492250,78,174.327,13370.3125,67,450,10001,"[0, 100000]","[0, 100000]",0,0,90234,27294
yolov8x_training,500.640059,79,174.811,13370.3125,85,510,10001,"[0, 100000]","[0, 100000]",0,0,14355,12646
yolov8x_training,501.682927,78,173.869,13370.3125,100,435,10001,"[0, 100000]","[0, 100000]",0,0,2294,19384
yolov8x_training,502.725872,76,173.193,13370.3125,100,435,10001,"[0, 100000]","[0, 100000]",0,0,11279,11181
yolov8x_training,503.769106,76,175.052,13370.3125,100,615,10001,"[0, 100000]","[0, 100000]",0,0,3320,10351
yolov8x_training,504.812171,77,174.718,13370.3125,100,510,10001,"[0, 100000]","[0, 100000]",0,0,2490,8642
yolov8x_training,505.855029,78,173.983,13370.3125,100,480,10001,"[0, 100000]","[0, 100000]",0,0,1757,10058
yolov8x_training,506.898080,78,172.776,13370.3125,100,510,10001,"[0, 100000]","[0, 100000]",0,0,1904,8349
yolov8x_training,507.940982,78,179.100,13370.3125,97,780,10001,"[0, 100000]","[0, 100000]",0,0,1953,9716
yolov8x_training,508.983823,78,171.597,13370.3125,100,2460,10001,"[0, 100000]","[0, 100000]",0,0,1806,7617
yolov8x_training,510.026762,78,168.131,13370.3125,100,2040,10001,"[0, 100000]","[0, 100000]",0,0,2978,9375
yolov8x_training,511.069621,78,169.385,13370.3125,74,705,10001,"[0, 100000]","[0, 100000]",0,0,2636,10009
yolov8x_training,512.112430,78,169.706,13370.3125,66,450,10001,"[0, 100000]","[0, 100000]",0,0,2197,7714
yolov8x_training,513.155243,79,172.342,13370.3125,27,420,10001,"[0, 100000]","[0, 100000]",0,0,1855,7080
yolov8x_training,514.198101,77,173.729,13370.3125,12,390,10001,"[0, 100000]","[0, 100000]",0,0,2001,8496
yolov8x_training,515.241117,78,172.075,13370.3125,70,450,10001,"[0, 100000]","[0, 100000]",0,0,1855,7470
yolov8x_training,516.283991,79,173.174,13370.3125,100,480,10001,"[0, 100000]","[0, 100000]",0,0,1904,7763
yolov8x_training,517.326948,79,175.259,13370.3125,100,450,10001,"[0, 100000]","[0, 100000]",0,0,1611,6347
yolov8x_training,518.369821,78,174.524,13370.3125,100,390,10001,"[0, 100000]","[0, 100000]",0,0,1855,5419
yolov8x_training,519.412780,76,174.877,13370.3125,100,525,10001,"[0, 100000]","[0, 100000]",0,0,1464,5908
yolov8x_training,520.455585,76,176.852,13370.3125,100,615,10001,"[0, 100000]","[0, 100000]",0,0,1611,6250
yolov8x_training,521.498669,77,174.469,13370.3125,100,540,10001,"[0, 100000]","[0, 100000]",0,0,1513,6347
yolov8x_training,522.541886,78,172.812,13370.3125,100,480,10001,"[0, 100000]","[0, 100000]",0,0,1464,4248
yolov8x_training,523.584929,78,175.876,13370.3125,100,540,10001,"[0, 100000]","[0, 100000]",0,0,1562,2734
yolov8x_training,524.627758,78,180.496,13370.3125,97,480,10001,"[0, 100000]","[0, 100000]",0,0,1171,390
yolov8x_training,525.670563,79,178.829,13370.3125,96,2505,10001,"[0, 100000]","[0, 100000]",0,0,1171,292
yolov8x_training,526.713253,78,174.601,13370.3125,97,1237,10001,"[0, 100000]","[0, 100000]",0,0,537,292
yolov8x_training,527.755985,78,168.482,13370.3125,100,1455,10001,"[0, 100000]","[0, 100000]",0,0,341,341
yolov8x_training,528.798967,79,170.037,13370.3125,82,450,10001,"[0, 100000]","[0, 100000]",0,0,341,292
yolov8x_training,529.841625,79,172.875,13370.3125,59,420,10001,"[0, 100000]","[0, 100000]",0,0,341,292
yolov8x_training,530.884233,78,173.673,13370.3125,14,405,10001,"[0, 100000]","[0, 100000]",0,0,341,292
yolov8x_training,531.926841,78,173.749,13370.3125,24,405,10001,"[0, 100000]","[0, 100000]",0,0,292,1027734
yolov8x_training,532.969762,79,173.248,13370.3125,69,495,10001,"[0, 100000]","[0, 100000]",0,0,292,1041357
yolov8x_training,534.012725,79,174.710,13370.3125,100,450,10001,"[0, 100000]","[0, 100000]",0,0,88720,16650
yolov8x_training,535.055845,79,173.931,13370.3125,100,375,10001,"[0, 100000]","[0, 100000]",0,0,75732,21337
yolov8x_training,536.210654,76,174.781,13370.3125,100,555,10001,"[0, 100000]","[0, 100000]",0,0,14257,13769
yolov8x_training,537.253610,77,174.104,13370.3125,100,660,10001,"[0, 100000]","[0, 100000]",0,0,2539,18017
yolov8x_training,538.296398,78,173.204,13370.3125,100,480,10001,"[0, 100000]","[0, 100000]",0,0,2587,18457
yolov8x_training,539.339207,78,173.844,13370.3125,100,480,10001,"[0, 100000]","[0, 100000]",0,0,3076,9667
yolov8x_training,540.382316,78,175.242,13370.3125,97,495,10001,"[0, 100000]","[0, 100000]",0,0,3662,12792
yolov8x_training,541.425550,79,177.216,13370.3125,96,1515,10001,"[0, 100000]","[0, 100000]",0,0,2099,9179
yolov8x_training,542.468487,79,170.790,13370.3125,97,2490,10001,"[0, 100000]","[0, 100000]",0,0,2050,9228
yolov8x_training,543.511333,79,167.424,13370.3125,99,1695,10001,"[0, 100000]","[0, 100000]",0,0,1904,9326
yolov8x_training,544.554202,79,171.500,13370.3125,53,480,10001,"[0, 100000]","[0, 100000]",0,0,1855,16796
yolov8x_training,545.597248,79,172.881,13370.3125,40,420,10001,"[0, 100000]","[0, 100000]",0,0,1806,15087
yolov8x_training,546.640131,77,174.207,13370.3125,29,390,10001,"[0, 100000]","[0, 100000]",0,0,2978,10009
yolov8x_training,547.683021,78,174.851,13370.3125,35,405,10001,"[0, 100000]","[0, 100000]",0,0,2148,8935
yolov8x_training,548.725948,79,174.394,13370.3125,69,435,10001,"[0, 100000]","[0, 100000]",0,0,2197,7324
yolov8x_training,549.768743,79,174.947,13370.3125,87,435,10001,"[0, 100000]","[0, 100000]",0,0,1708,8447
yolov8x_training,550.811580,80,174.872,13370.3125,100,450,10001,"[0, 100000]","[0, 100000]",0,0,1806,7617
yolov8x_training,551.854444,76,174.505,13370.3125,100,420,10001,"[0, 100000]","[0, 100000]",0,0,1757,6835
yolov8x_training,552.897417,76,176.259,13370.3125,100,435,10001,"[0, 100000]","[0, 100000]",0,0,1904,5517
yolov8x_training,553.940259,77,174.716,13370.3125,100,585,10001,"[0, 100000]","[0, 100000]",0,0,1562,6152
yolov8x_training,554.983123,78,174.517,13370.3125,100,945,10001,"[0, 100000]","[0, 100000]",0,0,1416,6005
yolov8x_training,556.025962,78,174.816,13370.3125,100,525,10001,"[0, 100000]","[0, 100000]",0,0,1416,4248
yolov8x_training,557.068851,78,174.155,13370.3125,97,450,10001,"[0, 100000]","[0, 100000]",0,0,1562,1953
yolov8x_training,558.111938,79,178.730,13370.3125,96,525,10001,"[0, 100000]","[0, 100000]",0,0,976,36181
yolov8x_training,559.155161,79,178.477,13370.3125,97,2160,10001,"[0, 100000]","[0, 100000]",0,0,1074,341
yolov8x_training,560.197948,79,174.517,13370.3125,96,1252,10001,"[0, 100000]","[0, 100000]",0,0,16650,14746
yolov8x_training,561.240817,79,168.496,13370.3125,89,2190,10001,"[0, 100000]","[0, 100000]",0,0,390,292
yolov8x_training,562.283522,79,169.557,13370.3125,75,1590,10001,"[0, 100000]","[0, 100000]",0,0,341,292
yolov8x_training,563.326118,79,172.183,13370.3125,28,405,10001,"[0, 100000]","[0, 100000]",0,0,341,292
yolov8x_training,564.368778,79,175.443,13370.3125,16,375,10001,"[0, 100000]","[0, 100000]",0,0,341,341
yolov8x_training,565.411452,78,174.127,13370.3125,39,405,10001,"[0, 100000]","[0, 100000]",0,0,341,1030419
yolov8x_training,566.454412,79,173.707,13370.3125,73,420,10001,"[0, 100000]","[0, 100000]",0,0,341,341
yolov8x_training,567.497154,80,174.617,13370.3125,100,465,10001,"[0, 100000]","[0, 100000]",0,0,341,1038720
yolov8x_training,568.540154,78,174.753,13370.3125,100,450,10001,"[0, 100000]","[0, 100000]",0,0,89355,20751
yolov8x_training,569.583364,76,174.397,13370.3125,100,450,10001,"[0, 100000]","[0, 100000]",0,0,90625,19531
yolov8x_training,570.743858,78,173.802,13370.3125,100,540,10001,"[0, 100000]","[0, 100000]",0,0,14453,15722
yolov8x_training,571.786685,78,173.721,13370.3125,100,645,10001,"[0, 100000]","[0, 100000]",0,0,4003,22900
yolov8x_training,572.829521,78,173.396,13370.3125,100,480,10001,"[0, 100000]","[0, 100000]",0,0,4345,19091
yolov8x_training,573.872501,79,175.423,13370.3125,95,495,10001,"[0, 100000]","[0, 100000]",0,0,3613,12207
yolov8x_training,574.915570,79,173.763,13370.3125,97,2505,10001,"[0, 100000]","[0, 100000]",0,0,3466,10888
yolov8x_training,575.958488,79,167.896,13370.3125,97,2235,10001,"[0, 100000]","[0, 100000]",0,0,3173,11474
yolov8x_training,577.001322,79,170.212,13370.3125,29,465,10001,"[0, 100000]","[0, 100000]",0,0,2050,17431
yolov8x_training,578.044192,79,173.595,13370.3125,16,390,10001,"[0, 100000]","[0, 100000]",0,0,3271,10156
yolov8x_training,579.087017,79,174.224,13370.3125,42,360,10001,"[0, 100000]","[0, 100000]",0,0,2392,7861
yolov8x_training,580.130410,79,174.838,13370.3125,60,435,10001,"[0, 100000]","[0, 100000]",0,0,1904,10302
yolov8x_training,581.173667,79,175.201,13370.3125,92,450,10001,"[0, 100000]","[0, 100000]",0,0,1660,14208
yolov8x_training,582.216915,80,174.415,13370.3125,100,510,10001,"[0, 100000]","[0, 100000]",0,0,2197,13964
yolov8x_training,583.260808,76,174.044,13370.3125,100,465,10001,"[0, 100000]","[0, 100000]",0,0,2294,11132
yolov8x_training,584.304064,76,173.336,13370.3125,100,390,10001,"[0, 100000]","[0, 100000]",0,0,2539,11279
yolov8x_training,585.346851,77,177.006,13370.3125,100,555,10001,"[0, 100000]","[0, 100000]",0,0,2539,8837
yolov8x_training,586.389635,78,173.803,13370.3125,100,780,10001,"[0, 100000]","[0, 100000]",0,0,2050,10058
yolov8x_training,587.432980,78,172.872,13370.3125,100,420,10001,"[0, 100000]","[0, 100000]",0,0,2539,9326
yolov8x_training,588.475858,79,178.272,13370.3125,97,525,10001,"[0, 100000]","[0, 100000]",0,0,2001,9423
yolov8x_training,589.518713,79,171.851,13370.3125,96,2505,10001,"[0, 100000]","[0, 100000]",0,0,2587,9570
yolov8x_training,590.561512,79,167.733,13370.3125,100,2460,10001,"[0, 100000]","[0, 100000]",0,0,2099,8349
yolov8x_training,591.604437,79,170.483,13370.3125,81,1395,10001,"[0, 100000]","[0, 100000]",0,0,2343,9716
yolov8x_training,592.647311,79,173.894,13370.3125,25,450,10001,"[0, 100000]","[0, 100000]",0,0,2197,7812
yolov8x_training,593.690419,79,173.984,13370.3125,14,420,10001,"[0, 100000]","[0, 100000]",0,0,1904,8007
yolov8x_training,594.733402,79,168.767,13370.3125,70,480,10001,"[0, 100000]","[0, 100000]",0,0,2246,13378
yolov8x_training,595.776269,76,175.019,13370.3125,100,450,10001,"[0, 100000]","[0, 100000]",0,0,1757,14160
yolov8x_training,596.819232,77,174.590,13370.3125,100,465,10001,"[0, 100000]","[0, 100000]",0,0,2929,11474
yolov8x_training,597.862080,78,174.151,13370.3125,100,615,10001,"[0, 100000]","[0, 100000]",0,0,2734,8398
yolov8x_training,598.904917,78,176.295,13370.3125,100,705,10001,"[0, 100000]","[0, 100000]",0,0,2197,8740
yolov8x_training,599.947738,78,175.355,13370.3125,100,435,10001,"[0, 100000]","[0, 100000]",0,0,1953,8203
yolov8x_training,600.990500,79,174.543,13370.3125,99,480,10001,"[0, 100000]","[0, 100000]",0,0,2001,8154
yolov8x_training,602.033598,79,172.424,13370.3125,100,1005,10001,"[0, 100000]","[0, 100000]",0,0,1660,7666
yolov8x_training,603.076389,79,175.807,13370.3125,99,2505,10001,"[0, 100000]","[0, 100000]",0,0,1855,7373
yolov8x_training,604.119279,79,178.350,13370.3125,99,2175,10001,"[0, 100000]","[0, 100000]",0,0,1562,6396
yolov8x_training,605.162045,79,177.481,13370.3125,99,1620,10001,"[0, 100000]","[0, 100000]",0,0,1464,6542
yolov8x_training,606.204973,79,174.759,13370.3125,99,495,10001,"[0, 100000]","[0, 100000]",0,0,1416,5908
yolov8x_training,607.247882,79,170.273,13370.3125,100,450,10001,"[0, 100000]","[0, 100000]",0,0,1416,4931
yolov8x_training,608.290735,78,168.467,13370.3125,69,435,10001,"[0, 100000]","[0, 100000]",0,0,1562,2978
yolov8x_training,609.333598,79,171.831,13370.3125,63,405,10001,"[0, 100000]","[0, 100000]",0,0,1025,878
yolov8x_training,610.376446,79,174.197,13370.3125,23,390,10001,"[0, 100000]","[0, 100000]",0,0,1171,341
yolov8x_training,611.419441,80,174.864,13370.3125,22,420,10001,"[0, 100000]","[0, 100000]",0,0,341,292
yolov8x_training,612.462117,79,173.906,13370.3125,37,465,10001,"[0, 100000]","[0, 100000]",0,0,341,292
yolov8x_training,613.504782,76,173.462,13370.3125,71,390,10001,"[0, 100000]","[0, 100000]",0,0,341,341
yolov8x_training,614.547440,77,172.506,13370.3125,100,600,10001,"[0, 100000]","[0, 100000]",0,0,341,292
yolov8x_training,615.590092,78,173.231,13370.3125,100,630,10001,"[0, 100000]","[0, 100000]",0,0,341,341
yolov8x_training,616.632783,79,173.541,13370.3125,100,480,10001,"[0, 100000]","[0, 100000]",0,0,585,292
yolov8x_training,617.675553,79,174.091,13370.3125,100,540,10001,"[0, 100000]","[0, 100000]",0,0,341,292
yolov8x_training,618.718483,79,172.782,13370.3125,100,2505,10001,"[0, 100000]","[0, 100000]",0,0,537,292
yolov8x_training,619.761541,79,177.253,13370.3125,95,2085,10001,"[0, 100000]","[0, 100000]",0,0,341,292
yolov8x_training,620.805209,79,171.588,13370.3125,95,420,10001,"[0, 100000]","[0, 100000]",0,0,341,341
yolov8x_training,621.847867,77,166.868,13370.3125,93,375,10001,"[0, 100000]","[0, 100000]",0,0,341,292
yolov8x_training,622.890516,79,170.790,13370.3125,75,435,10001,"[0, 100000]","[0, 100000]",0,0,341,292
yolov8x_training,623.933225,80,173.693,13370.3125,18,510,10001,"[0, 100000]","[0, 100000]",0,0,341,292
yolov8x_training,624.975933,76,172.094,13370.3125,32,375,10001,"[0, 100000]","[0, 100000]",0,0,488,292
yolov8x_training,626.018699,77,174.368,13370.3125,100,465,10001,"[0, 100000]","[0, 100000]",0,0,341,292
yolov8x_training,627.061431,78,174.446,13370.3125,100,675,10001,"[0, 100000]","[0, 100000]",0,0,341,292
yolov8x_training,628.104098,78,175.700,13370.3125,100,645,10001,"[0, 100000]","[0, 100000]",0,0,292,292
yolov8x_training,629.146688,79,175.327,13370.3125,100,480,10001,"[0, 100000]","[0, 100000]",0,0,341,292
yolov8x_training,630.189270,79,174.419,13370.3125,100,465,10001,"[0, 100000]","[0, 100000]",0,0,341,1030419
yolov8x_training,631.232248,79,172.053,13370.3125,96,660,10001,"[0, 100000]","[0, 100000]",0,0,341,292
yolov8x_training,632.274891,79,177.633,13370.3125,96,2505,10001,"[0, 100000]","[0, 100000]",0,0,341,1035400
yolov8x_training,633.317834,80,177.408,13370.3125,96,1515,10001,"[0, 100000]","[0, 100000]",0,0,341,1028027
yolov8x_training,634.360700,79,172.001,13370.3125,100,450,10001,"[0, 100000]","[0, 100000]",0,0,89257,20849
yolov8x_training,635.404412,78,169.492,13370.3125,87,420,10001,"[0, 100000]","[0, 100000]",0,0,341,292
yolov8x_training,636.447321,76,162.136,13370.3125,22,420,10001,"[0, 100000]","[0, 100000]",0,0,1220,2978
yolov8x_training,637.490280,78,158.788,13370.3125,100,2505,10001,"[0, 100000]","[0, 100000]",0,0,2099,11767
yolov8x_training,638.571519,79,167.644,13370.3125,98,465,10001,"[0, 100000]","[0, 100000]",0,0,12207,26513
yolov8x_training,639.615053,77,158.878,13370.3125,0,390,10001,"[0, 100000]","[0, 100000]",0,0,292,244
yolov8x_training,640.658621,78,167.446,13370.3125,100,465,10001,"[0, 100000]","[0, 100000]",0,0,292,1036474
yolov8x_training,641.701385,79,175.315,13370.3125,100,465,10001,"[0, 100000]","[0, 100000]",0,0,341,1034277
yolov8x_training,642.744435,79,174.299,13370.3125,100,525,10001,"[0, 100000]","[0, 100000]",0,0,90771,23583
yolov8x_training,643.896574,79,174.874,13370.3125,100,2505,10001,"[0, 100000]","[0, 100000]",0,0,14453,11474
yolov8x_training,644.939437,79,178.072,13370.3125,96,2265,10001,"[0, 100000]","[0, 100000]",0,0,5908,19873
yolov8x_training,645.982573,79,170.540,13370.3125,96,735,10001,"[0, 100000]","[0, 100000]",0,0,4443,19091
yolov8x_training,647.025568,79,167.288,13370.3125,100,465,10001,"[0, 100000]","[0, 100000]",0,0,3271,10546
yolov8x_training,648.068479,78,170.928,13370.3125,58,435,10001,"[0, 100000]","[0, 100000]",0,0,3222,11425
yolov8x_training,649.111809,79,172.394,13370.3125,23,375,10001,"[0, 100000]","[0, 100000]",0,0,3076,11865
yolov8x_training,650.154595,79,173.985,13370.3125,37,435,10001,"[0, 100000]","[0, 100000]",0,0,3369,10400
yolov8x_training,651.197565,76,172.558,13370.3125,74,450,10001,"[0, 100000]","[0, 100000]",0,0,2929,10595
yolov8x_training,652.240333,77,173.320,13370.3125,100,375,10001,"[0, 100000]","[0, 100000]",0,0,2099,17041
yolov8x_training,653.282423,78,172.475,13370.3125,100,585,10001,"[0, 100000]","[0, 100000]",0,0,3271,9912
yolov8x_training,654.325247,78,175.789,13370.3125,100,480,10001,"[0, 100000]","[0, 100000]",0,0,3125,11328
yolov8x_training,655.368370,79,176.202,13370.3125,100,465,10001,"[0, 100000]","[0, 100000]",0,0,2197,8691
yolov8x_training,656.411385,79,173.957,13370.3125,100,480,10001,"[0, 100000]","[0, 100000]",0,0,1904,7812
yolov8x_training,657.454262,79,176.476,13370.3125,100,1275,10001,"[0, 100000]","[0, 100000]",0,0,1904,13085
yolov8x_training,658.497121,79,178.313,13370.3125,97,2505,10001,"[0, 100000]","[0, 100000]",0,0,1757,10205
yolov8x_training,659.540116,79,177.055,13370.3125,96,2190,10001,"[0, 100000]","[0, 100000]",0,0,2392,12695
yolov8x_training,660.583043,79,168.680,13370.3125,97,555,10001,"[0, 100000]","[0, 100000]",0,0,2099,12060
yolov8x_training,661.625927,79,167.476,13370.3125,100,435,10001,"[0, 100000]","[0, 100000]",0,0,2099,9570
yolov8x_training,662.668841,79,169.868,13370.3125,92,390,10001,"[0, 100000]","[0, 100000]",0,0,1904,6982
yolov8x_training,663.711957,79,170.823,13370.3125,53,390,10001,"[0, 100000]","[0, 100000]",0,0,1806,7275
yolov8x_training,664.754885,80,173.298,13370.3125,41,390,10001,"[0, 100000]","[0, 100000]",0,0,1562,6933
yolov8x_training,665.797908,77,166.389,13370.3125,22,465,10001,"[0, 100000]","[0, 100000]",0,0,7519,14648
yolov8x_training,666.840924,79,167.115,13370.3125,100,2505,10001,"[0, 100000]","[0, 100000]",0,0,3710,91650
yolov8x_training,667.945856,78,167.437,13370.3125,93,450,10001,"[0, 100000]","[0, 100000]",0,0,292,1028076
yolov8x_training,668.988957,76,160.244,13370.3125,0,435,10001,"[0, 100000]","[0, 100000]",0,0,5664,92431
yolov8x_training,670.032232,78,175.822,13370.3125,100,510,10001,"[0, 100000]","[0, 100000]",0,0,341,292
yolov8x_training,671.074852,78,175.135,13370.3125,100,555,10001,"[0, 100000]","[0, 100000]",0,0,292,292
yolov8x_training,672.117494,78,175.699,13370.3125,100,615,10001,"[0, 100000]","[0, 100000]",0,0,341,292
yolov8x_training,673.160132,79,172.714,13370.3125,100,480,10001,"[0, 100000]","[0, 100000]",0,0,341,292
yolov8x_training,674.202766,79,173.101,13370.3125,97,540,10001,"[0, 100000]","[0, 100000]",0,0,390,292
yolov8x_training,675.245375,79,178.233,13370.3125,97,1185,10001,"[0, 100000]","[0, 100000]",0,0,341,292
yolov8x_training,676.287946,79,177.498,13370.3125,96,2265,10001,"[0, 100000]","[0, 100000]",0,0,341,292
yolov8x_training,677.330543,80,167.871,13370.3125,100,480,10001,"[0, 100000]","[0, 100000]",0,0,341,292
yolov8x_training,678.373196,79,169.722,13370.3125,64,420,10001,"[0, 100000]","[0, 100000]",0,0,341,341
yolov8x_training,679.415881,79,174.272,13370.3125,49,375,10001,"[0, 100000]","[0, 100000]",0,0,341,1033154
yolov8x_training,680.459230,80,173.207,13370.3125,8,435,10001,"[0, 100000]","[0, 100000]",0,0,292,1036572
yolov8x_training,681.502159,76,174.647,13370.3125,49,495,10001,"[0, 100000]","[0, 100000]",0,0,341,1028417
yolov8x_training,682.544964,77,173.695,13370.3125,95,450,10001,"[0, 100000]","[0, 100000]",0,0,341,1034375
yolov8x_training,683.587574,77,173.439,13370.3125,100,435,10001,"[0, 100000]","[0, 100000]",0,0,341,1028222
yolov8x_training,684.630422,78,173.044,13370.3125,100,810,10001,"[0, 100000]","[0, 100000]",0,0,341,341
yolov8x_training,685.673004,79,174.755,13370.3125,100,465,10001,"[0, 100000]","[0, 100000]",0,0,341,292
yolov8x_training,686.715630,79,171.726,13370.3125,100,495,10001,"[0, 100000]","[0, 100000]",0,0,292,1030908
yolov8x_training,687.758245,79,174.698,13370.3125,97,585,10001,"[0, 100000]","[0, 100000]",0,0,341,1031982
yolov8x_training,688.800931,79,179.422,13370.3125,97,2505,10001,"[0, 100000]","[0, 100000]",0,0,88720,16259
yolov8x_training,689.843876,79,174.154,13370.3125,97,1515,10001,"[0, 100000]","[0, 100000]",0,0,341,1037890
yolov8x_training,690.886573,79,168.391,13370.3125,97,420,10001,"[0, 100000]","[0, 100000]",0,0,292,1039306
yolov8x_training,691.929641,79,172.410,13370.3125,55,420,10001,"[0, 100000]","[0, 100000]",0,0,341,1030468
yolov8x_training,692.972418,78,173.980,13370.3125,12,405,10001,"[0, 100000]","[0, 100000]",0,0,341,1033642
yolov8x_training,694.015226,79,173.433,13370.3125,99,465,10001,"[0, 100000]","[0, 100000]",0,0,341,292
yolov8x_training,695.057805,79,171.053,13370.3125,100,435,10001,"[0, 100000]","[0, 100000]",0,0,341,292
yolov8x_training,696.100818,76,173.812,13370.3125,100,600,10001,"[0, 100000]","[0, 100000]",0,0,341,292
yolov8x_training,697.143556,78,176.064,13370.3125,100,615,10001,"[0, 100000]","[0, 100000]",0,0,341,292
yolov8x_training,698.186185,78,172.207,13370.3125,100,435,10001,"[0, 100000]","[0, 100000]",0,0,341,292
yolov8x_training,699.228792,79,172.661,13370.3125,97,1005,10001,"[0, 100000]","[0, 100000]",0,0,341,292
yolov8x_training,700.271410,79,177.752,13370.3125,96,1252,10001,"[0, 100000]","[0, 100000]",0,0,341,292
yolov8x_training,701.314032,79,169.028,13370.3125,100,480,10001,"[0, 100000]","[0, 100000]",0,0,341,292
yolov8x_training,702.356975,79,168.897,13370.3125,52,420,10001,"[0, 100000]","[0, 100000]",0,0,341,292
yolov8x_training,703.399575,79,173.875,13370.3125,11,375,10001,"[0, 100000]","[0, 100000]",0,0,341,292
yolov8x_training,704.442191,78,174.339,13370.3125,21,435,10001,"[0, 100000]","[0, 100000]",0,0,341,292
yolov8x_training,705.484818,79,173.421,13370.3125,71,465,10001,"[0, 100000]","[0, 100000]",0,0,341,292
yolov8x_training,706.527513,80,172.893,13370.3125,100,420,10001,"[0, 100000]","[0, 100000]",0,0,341,292
yolov8x_training,707.570158,76,173.172,13370.3125,100,615,10001,"[0, 100000]","[0, 100000]",0,0,341,292
yolov8x_training,708.612845,77,177.118,13370.3125,100,690,10001,"[0, 100000]","[0, 100000]",0,0,341,292
yolov8x_training,709.655488,78,171.634,13370.3125,100,435,10001,"[0, 100000]","[0, 100000]",0,0,341,292
yolov8x_training,710.698160,78,174.130,13370.3125,100,465,10001,"[0, 100000]","[0, 100000]",0,0,390,292
yolov8x_training,711.740905,79,176.355,13370.3125,97,1470,10001,"[0, 100000]","[0, 100000]",0,0,292,1031884
yolov8x_training,712.783705,79,177.884,13370.3125,97,2505,10001,"[0, 100000]","[0, 100000]",0,0,341,292
yolov8x_training,713.826426,79,171.267,13370.3125,97,780,10001,"[0, 100000]","[0, 100000]",0,0,341,1033349
yolov8x_training,714.869564,79,167.260,13370.3125,100,435,10001,"[0, 100000]","[0, 100000]",0,0,341,292
yolov8x_training,715.912182,80,173.146,13370.3125,47,375,10001,"[0, 100000]","[0, 100000]",0,0,292,1038720
yolov8x_training,716.954966,78,172.466,13370.3125,22,435,10001,"[0, 100000]","[0, 100000]",0,0,341,596826
yolov8x_training,717.997500,79,174.748,13370.3125,51,420,10001,"[0, 100000]","[0, 100000]",0,0,341,1041015
yolov8x_training,719.040340,79,173.670,13370.3125,100,465,10001,"[0, 100000]","[0, 100000]",0,0,341,1038525
yolov8x_training,720.083292,80,174.692,13370.3125,100,465,10001,"[0, 100000]","[0, 100000]",0,0,4052,20019
yolov8x_training,721.232239,76,175.124,13370.3125,100,390,10001,"[0, 100000]","[0, 100000]",0,0,14550,12792
yolov8x_training,722.275116,77,173.688,13370.3125,100,600,10001,"[0, 100000]","[0, 100000]",0,0,2246,19384
yolov8x_training,723.318036,78,175.927,13370.3125,100,675,10001,"[0, 100000]","[0, 100000]",0,0,2685,14746
yolov8x_training,724.361324,78,175.439,13370.3125,100,495,10001,"[0, 100000]","[0, 100000]",0,0,2734,9814
yolov8x_training,725.404756,79,172.584,13370.3125,100,510,10001,"[0, 100000]","[0, 100000]",0,0,3466,11279
yolov8x_training,726.447823,79,179.716,13370.3125,96,630,10001,"[0, 100000]","[0, 100000]",0,0,2246,8740
yolov8x_training,727.490889,79,173.948,13370.3125,97,2430,10001,"[0, 100000]","[0, 100000]",0,0,2050,7861
yolov8x_training,728.533926,79,167.711,13370.3125,100,1935,10001,"[0, 100000]","[0, 100000]",0,0,2050,8691
yolov8x_training,729.576911,79,169.897,13370.3125,78,480,10001,"[0, 100000]","[0, 100000]",0,0,1806,8007
yolov8x_training,730.619875,79,173.951,13370.3125,40,405,10001,"[0, 100000]","[0, 100000]",0,0,1855,10253
yolov8x_training,731.662837,78,174.175,13370.3125,22,360,10001,"[0, 100000]","[0, 100000]",0,0,1855,8007
yolov8x_training,732.705850,79,174.187,13370.3125,50,450,10001,"[0, 100000]","[0, 100000]",0,0,1904,15917
yolov8x_training,733.748697,81,173.200,13370.3125,72,480,10001,"[0, 100000]","[0, 100000]",0,0,1757,13281
yolov8x_training,734.791520,80,175.356,13370.3125,100,450,10001,"[0, 100000]","[0, 100000]",0,0,2880,11132
yolov8x_training,735.834268,77,175.430,13370.3125,100,450,10001,"[0, 100000]","[0, 100000]",0,0,2636,9619
yolov8x_training,736.877064,77,173.686,13370.3125,100,615,10001,"[0, 100000]","[0, 100000]",0,0,2050,9570
yolov8x_training,737.919882,77,173.856,13370.3125,100,540,10001,"[0, 100000]","[0, 100000]",0,0,1708,9472
yolov8x_training,738.962785,78,174.037,13370.3125,100,480,10001,"[0, 100000]","[0, 100000]",0,0,1953,8593
yolov8x_training,740.005600,79,174.400,13370.3125,100,525,10001,"[0, 100000]","[0, 100000]",0,0,1806,7617
yolov8x_training,741.048420,79,179.611,13370.3125,96,615,10001,"[0, 100000]","[0, 100000]",0,0,1708,7714
yolov8x_training,742.091491,79,177.893,13370.3125,96,2505,10001,"[0, 100000]","[0, 100000]",0,0,1562,8154
yolov8x_training,743.134473,79,172.709,13370.3125,97,2310,10001,"[0, 100000]","[0, 100000]",0,0,1806,5419
yolov8x_training,744.177318,79,169.026,13370.3125,83,1260,10001,"[0, 100000]","[0, 100000]",0,0,1416,5273
yolov8x_training,745.220206,79,169.928,13370.3125,68,480,10001,"[0, 100000]","[0, 100000]",0,0,1416,5468
yolov8x_training,746.263029,80,173.337,13370.3125,25,420,10001,"[0, 100000]","[0, 100000]",0,0,1318,5908
yolov8x_training,747.305988,79,174.603,13370.3125,9,375,10001,"[0, 100000]","[0, 100000]",0,0,1611,6689
yolov8x_training,748.348874,79,172.554,13370.3125,70,435,10001,"[0, 100000]","[0, 100000]",0,0,1416,5615
yolov8x_training,749.391905,79,175.505,13370.3125,88,495,10001,"[0, 100000]","[0, 100000]",0,0,1367,3710
yolov8x_training,750.434960,78,173.542,13370.3125,100,420,10001,"[0, 100000]","[0, 100000]",0,0,1562,4394
yolov8x_training,751.477838,77,175.517,13370.3125,100,435,10001,"[0, 100000]","[0, 100000]",0,0,1562,2734
yolov8x_training,752.520675,77,174.891,13370.3125,100,690,10001,"[0, 100000]","[0, 100000]",0,0,1562,3613
yolov8x_training,753.563596,79,174.799,13370.3125,100,645,10001,"[0, 100000]","[0, 100000]",0,0,1025,3027
yolov8x_training,754.606634,78,174.043,13370.3125,100,465,10001,"[0, 100000]","[0, 100000]",0,0,1025,732
yolov8x_training,755.649561,79,176.792,13370.3125,100,495,10001,"[0, 100000]","[0, 100000]",0,0,1025,292
yolov8x_training,756.692459,79,176.116,13370.3125,97,2505,10001,"[0, 100000]","[0, 100000]",0,0,1123,292
yolov8x_training,757.735312,79,175.905,13370.3125,96,2505,10001,"[0, 100000]","[0, 100000]",0,0,341,292
yolov8x_training,758.777959,79,170.044,13370.3125,97,1980,10001,"[0, 100000]","[0, 100000]",0,0,341,292
yolov8x_training,759.820559,79,168.515,13370.3125,97,480,10001,"[0, 100000]","[0, 100000]",0,0,292,292
yolov8x_training,760.863148,80,171.958,13370.3125,73,435,10001,"[0, 100000]","[0, 100000]",0,0,390,292
yolov8x_training,761.905836,80,172.226,13370.3125,12,375,10001,"[0, 100000]","[0, 100000]",0,0,390,292
yolov8x_training,762.948493,79,173.231,13370.3125,21,420,10001,"[0, 100000]","[0, 100000]",0,0,292,292
yolov8x_training,763.991107,80,175.040,13370.3125,71,420,10001,"[0, 100000]","[0, 100000]",0,0,341,1034570
yolov8x_training,765.033967,79,172.752,13370.3125,100,435,10001,"[0, 100000]","[0, 100000]",0,0,341,292
yolov8x_training,766.076542,77,173.365,13370.3125,100,420,10001,"[0, 100000]","[0, 100000]",0,0,341,292
yolov8x_training,767.119161,78,176.063,13370.3125,100,540,10001,"[0, 100000]","[0, 100000]",0,0,341,292
yolov8x_training,768.161868,78,174.511,13370.3125,100,1005,10001,"[0, 100000]","[0, 100000]",0,0,341,1034130
yolov8x_training,769.204762,79,174.145,13370.3125,99,465,10001,"[0, 100000]","[0, 100000]",0,0,341,1040722
yolov8x_training,770.247854,79,177.462,13370.3125,96,480,10001,"[0, 100000]","[0, 100000]",0,0,89062,18261
yolov8x_training,771.291233,79,177.825,13370.3125,97,1252,10001,"[0, 100000]","[0, 100000]",0,0,89160,17089
yolov8x_training,772.334898,79,173.356,13370.3125,96,2505,10001,"[0, 100000]","[0, 100000]",0,0,3564,21972
yolov8x_training,773.493625,79,168.734,13370.3125,70,900,10001,"[0, 100000]","[0, 100000]",0,0,14550,13574
yolov8x_training,774.536486,80,172.854,13370.3125,48,450,10001,"[0, 100000]","[0, 100000]",0,0,2490,18164
yolov8x_training,775.579309,79,173.892,13370.3125,13,405,10001,"[0, 100000]","[0, 100000]",0,0,8398,12646
yolov8x_training,776.622113,79,174.069,13370.3125,51,420,10001,"[0, 100000]","[0, 100000]",0,0,3515,13330
yolov8x_training,777.665444,80,173.641,13370.3125,90,495,10001,"[0, 100000]","[0, 100000]",0,0,5810,21289
yolov8x_training,778.708555,77,173.129,13370.3125,100,435,10001,"[0, 100000]","[0, 100000]",0,0,3808,12109
yolov8x_training,779.751483,77,175.519,13370.3125,100,465,10001,"[0, 100000]","[0, 100000]",0,0,3125,10546
yolov8x_training,780.794280,77,176.810,13370.3125,100,480,10001,"[0, 100000]","[0, 100000]",0,0,2099,8642
yolov8x_training,781.837319,79,175.003,13370.3125,100,630,10001,"[0, 100000]","[0, 100000]",0,0,3320,10156
yolov8x_training,782.880153,79,171.614,13370.3125,100,420,10001,"[0, 100000]","[0, 100000]",0,0,3271,10156
yolov8x_training,783.922966,79,177.046,13370.3125,97,495,10001,"[0, 100000]","[0, 100000]",0,0,3125,10546
yolov8x_training,784.965898,79,174.386,13370.3125,97,2505,10001,"[0, 100000]","[0, 100000]",0,0,2490,8642
yolov8x_training,786.009256,79,168.478,13370.3125,97,2130,10001,"[0, 100000]","[0, 100000]",0,0,2099,9179
yolov8x_training,787.052068,79,169.690,13370.3125,61,555,10001,"[0, 100000]","[0, 100000]",0,0,2148,8789
yolov8x_training,788.094935,80,173.082,13370.3125,14,435,10001,"[0, 100000]","[0, 100000]",0,0,1904,9521
yolov8x_training,789.137743,80,175.292,13370.3125,27,390,10001,"[0, 100000]","[0, 100000]",0,0,13671,22705
yolov8x_training,790.180796,78,158.137,13370.3125,100,795,10001,"[0, 100000]","[0, 100000]",0,0,3271,98828
yolov8x_training,791.291014,79,168.024,13370.3125,93,510,10001,"[0, 100000]","[0, 100000]",0,0,292,292
yolov8x_training,792.334053,76,168.938,13370.3125,0,990,10001,"[0, 100000]","[0, 100000]",0,0,1806,8447
yolov8x_training,793.446058,79,156.004,13370.3125,92,2505,10001,"[0, 100000]","[0, 100000]",0,0,12353,22412
yolov8x_training,794.489540,79,168.714,13370.3125,76,585,10001,"[0, 100000]","[0, 100000]",0,0,13964,13085
yolov8x_training,795.532494,80,173.090,13370.3125,37,420,10001,"[0, 100000]","[0, 100000]",0,0,6250,15966
yolov8x_training,796.575335,79,174.804,13370.3125,12,390,10001,"[0, 100000]","[0, 100000]",0,0,11279,12402
yolov8x_training,797.618122,79,174.515,13370.3125,51,420,10001,"[0, 100000]","[0, 100000]",0,0,2880,18554
yolov8x_training,798.661332,80,174.306,13370.3125,77,420,10001,"[0, 100000]","[0, 100000]",0,0,5566,19921
yolov8x_training,799.704659,77,171.635,13370.3125,100,450,10001,"[0, 100000]","[0, 100000]",0,0,2587,18408
yolov8x_training,800.747504,77,175.796,13370.3125,100,375,10001,"[0, 100000]","[0, 100000]",0,0,1806,17822
yolov8x_training,801.790398,78,173.853,13370.3125,100,540,10001,"[0, 100000]","[0, 100000]",0,0,3369,11035
yolov8x_training,802.833281,79,174.800,13370.3125,100,480,10001,"[0, 100000]","[0, 100000]",0,0,2441,16943
yolov8x_training,803.876104,79,173.459,13370.3125,100,465,10001,"[0, 100000]","[0, 100000]",0,0,2246,8203
yolov8x_training,804.919327,79,176.340,13370.3125,97,480,10001,"[0, 100000]","[0, 100000]",0,0,2099,7861
yolov8x_training,805.962373,79,175.731,13370.3125,96,2505,10001,"[0, 100000]","[0, 100000]",0,0,2197,9375
yolov8x_training,807.005483,79,168.466,13370.3125,97,2220,10001,"[0, 100000]","[0, 100000]",0,0,2001,8105
yolov8x_training,808.048612,79,170.158,13370.3125,57,1620,10001,"[0, 100000]","[0, 100000]",0,0,2050,8740
yolov8x_training,809.091432,80,173.877,13370.3125,11,450,10001,"[0, 100000]","[0, 100000]",0,0,1855,8056
yolov8x_training,810.134335,79,173.109,13370.3125,36,405,10001,"[0, 100000]","[0, 100000]",0,0,1904,8984
yolov8x_training,811.177103,80,173.182,13370.3125,90,435,10001,"[0, 100000]","[0, 100000]",0,0,1660,9082
yolov8x_training,812.220088,80,173.911,13370.3125,100,435,10001,"[0, 100000]","[0, 100000]",0,0,1855,8398
yolov8x_training,813.263364,77,173.481,13370.3125,100,465,10001,"[0, 100000]","[0, 100000]",0,0,1904,7910
yolov8x_training,814.306194,77,173.508,13370.3125,100,435,10001,"[0, 100000]","[0, 100000]",0,0,1953,9570
yolov8x_training,815.349213,78,175.385,13370.3125,100,675,10001,"[0, 100000]","[0, 100000]",0,0,1757,8300
yolov8x_training,816.392077,79,170.855,13370.3125,100,480,10001,"[0, 100000]","[0, 100000]",0,0,1904,9179
yolov8x_training,817.434911,79,170.566,13370.3125,96,615,10001,"[0, 100000]","[0, 100000]",0,0,3466,11279
yolov8x_training,818.477839,79,174.415,13370.3125,95,2505,10001,"[0, 100000]","[0, 100000]",0,0,2294,8984
yolov8x_training,819.520748,79,176.628,13370.3125,100,2190,10001,"[0, 100000]","[0, 100000]",0,0,2636,9472
yolov8x_training,820.563587,80,172.759,13370.3125,43,480,10001,"[0, 100000]","[0, 100000]",0,0,2099,8691
yolov8x_training,821.655011,78,168.946,13370.3125,0,435,10001,"[0, 100000]","[0, 100000]",0,0,12158,25878
yolov8x_training,822.697732,77,165.833,13370.3125,100,465,10001,"[0, 100000]","[0, 100000]",0,0,2490,17675
yolov8x_training,823.740525,77,173.992,13370.3125,100,375,10001,"[0, 100000]","[0, 100000]",0,0,5761,19091
yolov8x_training,824.783945,78,174.969,13370.3125,100,540,10001,"[0, 100000]","[0, 100000]",0,0,2539,17089
yolov8x_training,825.826724,79,173.402,13370.3125,100,465,10001,"[0, 100000]","[0, 100000]",0,0,12353,12939
yolov8x_training,826.869534,79,175.440,13370.3125,100,465,10001,"[0, 100000]","[0, 100000]",0,0,3613,12939
yolov8x_training,827.912342,79,175.705,13370.3125,100,480,10001,"[0, 100000]","[0, 100000]",0,0,2685,10595
yolov8x_training,828.955218,79,174.429,13370.3125,100,2430,10001,"[0, 100000]","[0, 100000]",0,0,2197,8789
yolov8x_training,829.998053,79,175.875,13370.3125,100,2400,10001,"[0, 100000]","[0, 100000]",0,0,2978,8544
yolov8x_training,831.041058,79,177.654,13370.3125,97,1845,10001,"[0, 100000]","[0, 100000]",0,0,2197,8593
yolov8x_training,832.084121,80,170.104,13370.3125,100,480,10001,"[0, 100000]","[0, 100000]",0,0,1757,7861
yolov8x_training,833.127021,78,168.273,13370.3125,76,405,10001,"[0, 100000]","[0, 100000]",0,0,2001,9423
yolov8x_training,834.170065,80,171.792,13370.3125,28,405,10001,"[0, 100000]","[0, 100000]",0,0,1757,7763
yolov8x_training,835.213412,80,174.359,13370.3125,18,435,10001,"[0, 100000]","[0, 100000]",0,0,1953,9667
yolov8x_training,836.256443,77,173.588,13370.3125,71,465,10001,"[0, 100000]","[0, 100000]",0,0,2001,7421
yolov8x_training,837.299369,77,172.876,13370.3125,100,435,10001,"[0, 100000]","[0, 100000]",0,0,2050,8398
yolov8x_training,838.342246,79,172.779,13370.3125,100,585,10001,"[0, 100000]","[0, 100000]",0,0,2978,8642
yolov8x_training,839.385267,79,174.101,13370.3125,100,465,10001,"[0, 100000]","[0, 100000]",0,0,2490,8251
yolov8x_training,840.428384,79,173.255,13370.3125,100,480,10001,"[0, 100000]","[0, 100000]",0,0,2148,8203
yolov8x_training,841.471429,79,173.658,13370.3125,100,2505,10001,"[0, 100000]","[0, 100000]",0,0,2246,9375
yolov8x_training,842.514266,79,178.542,13370.3125,96,2160,10001,"[0, 100000]","[0, 100000]",0,0,2490,8398
yolov8x_training,843.557328,80,174.332,13370.3125,96,450,10001,"[0, 100000]","[0, 100000]",0,0,1904,9130
yolov8x_training,844.600158,80,168.944,13370.3125,100,420,10001,"[0, 100000]","[0, 100000]",0,0,1904,8251
yolov8x_training,845.642970,79,169.966,13370.3125,77,360,10001,"[0, 100000]","[0, 100000]",0,0,1757,11230
yolov8x_training,846.686167,80,174.709,13370.3125,48,435,10001,"[0, 100000]","[0, 100000]",0,0,1708,8203
yolov8x_training,847.728998,78,172.972,13370.3125,12,495,10001,"[0, 100000]","[0, 100000]",0,0,1806,12353
yolov8x_training,848.772018,77,174.318,13370.3125,46,450,10001,"[0, 100000]","[0, 100000]",0,0,1904,8007
yolov8x_training,849.814839,77,173.613,13370.3125,100,450,10001,"[0, 100000]","[0, 100000]",0,0,1953,14990
yolov8x_training,850.857598,79,174.422,13370.3125,100,795,10001,"[0, 100000]","[0, 100000]",0,0,1855,7617
yolov8x_training,851.901080,79,173.540,13370.3125,100,480,10001,"[0, 100000]","[0, 100000]",0,0,1953,9423
yolov8x_training,852.944037,79,171.534,13370.3125,100,495,10001,"[0, 100000]","[0, 100000]",0,0,2099,8154
yolov8x_training,853.987320,79,175.525,13370.3125,100,2010,10001,"[0, 100000]","[0, 100000]",0,0,1953,10205
yolov8x_training,855.030447,79,178.645,13370.3125,97,2460,10001,"[0, 100000]","[0, 100000]",0,0,1757,8056
yolov8x_training,856.073317,80,174.895,13370.3125,97,1560,10001,"[0, 100000]","[0, 100000]",0,0,1904,11767
yolov8x_training,857.116184,80,169.444,13370.3125,73,450,10001,"[0, 100000]","[0, 100000]",0,0,1757,8544
yolov8x_training,858.159149,79,170.725,13370.3125,58,375,10001,"[0, 100000]","[0, 100000]",0,0,1855,12646
yolov8x_training,859.202012,80,173.471,13370.3125,14,435,10001,"[0, 100000]","[0, 100000]",0,0,1806,7910
yolov8x_training,860.244838,77,173.095,13370.3125,52,495,10001,"[0, 100000]","[0, 100000]",0,0,1904,9716
yolov8x_training,861.287761,77,175.067,13370.3125,99,450,10001,"[0, 100000]","[0, 100000]",0,0,1708,9472
yolov8x_training,862.330673,78,172.683,13370.3125,100,510,10001,"[0, 100000]","[0, 100000]",0,0,1904,13134
yolov8x_training,863.373548,79,173.473,13370.3125,100,600,10001,"[0, 100000]","[0, 100000]",0,0,1855,7861
yolov8x_training,864.416373,79,173.746,13370.3125,100,450,10001,"[0, 100000]","[0, 100000]",0,0,1806,10693
yolov8x_training,865.459385,79,173.045,13370.3125,100,585,10001,"[0, 100000]","[0, 100000]",0,0,2099,6982
yolov8x_training,866.502376,79,177.080,13370.3125,97,2505,10001,"[0, 100000]","[0, 100000]",0,0,2099,8349
yolov8x_training,867.545193,80,177.683,13370.3125,97,2130,10001,"[0, 100000]","[0, 100000]",0,0,1904,8398
yolov8x_training,868.588012,80,168.306,13370.3125,100,480,10001,"[0, 100000]","[0, 100000]",0,0,1855,9716
yolov8x_training,869.631252,79,170.529,13370.3125,94,420,10001,"[0, 100000]","[0, 100000]",0,0,1904,7568
yolov8x_training,870.674084,80,172.904,13370.3125,46,360,10001,"[0, 100000]","[0, 100000]",0,0,1953,16503
yolov8x_training,871.716921,80,174.501,13370.3125,24,420,10001,"[0, 100000]","[0, 100000]",0,0,1708,11865
yolov8x_training,872.759718,77,173.678,13370.3125,35,495,10001,"[0, 100000]","[0, 100000]",0,0,1806,15966
yolov8x_training,873.802638,77,173.756,13370.3125,74,450,10001,"[0, 100000]","[0, 100000]",0,0,1757,8740
yolov8x_training,874.845693,78,174.826,13370.3125,100,540,10001,"[0, 100000]","[0, 100000]",0,0,1953,15283
yolov8x_training,875.888928,79,173.831,13370.3125,100,720,10001,"[0, 100000]","[0, 100000]",0,0,2050,12353
yolov8x_training,876.931887,79,175.616,13370.3125,100,480,10001,"[0, 100000]","[0, 100000]",0,0,3125,9375
yolov8x_training,877.974801,79,172.367,13370.3125,100,540,10001,"[0, 100000]","[0, 100000]",0,0,1855,14013
yolov8x_training,879.017824,79,174.201,13370.3125,100,2505,10001,"[0, 100000]","[0, 100000]",0,0,1953,14990
yolov8x_training,880.060810,80,179.574,13370.3125,96,2070,10001,"[0, 100000]","[0, 100000]",0,0,1757,14062
yolov8x_training,881.103695,80,173.369,13370.3125,96,780,10001,"[0, 100000]","[0, 100000]",0,0,2734,10791
yolov8x_training,882.146698,79,169.144,13370.3125,78,480,10001,"[0, 100000]","[0, 100000]",0,0,1611,14062
yolov8x_training,883.189667,79,170.553,13370.3125,52,405,10001,"[0, 100000]","[0, 100000]",0,0,1904,10644
yolov8x_training,884.232560,81,175.255,13370.3125,13,390,10001,"[0, 100000]","[0, 100000]",0,0,2734,8691
yolov8x_training,885.275561,78,173.419,13370.3125,49,480,10001,"[0, 100000]","[0, 100000]",0,0,2148,11425
yolov8x_training,886.318341,77,175.065,13370.3125,97,435,10001,"[0, 100000]","[0, 100000]",0,0,2539,9375
yolov8x_training,887.361205,78,172.908,13370.3125,100,540,10001,"[0, 100000]","[0, 100000]",0,0,2734,10742
yolov8x_training,888.404113,79,174.010,13370.3125,100,540,10001,"[0, 100000]","[0, 100000]",0,0,1708,13964
yolov8x_training,889.447161,79,173.687,13370.3125,100,450,10001,"[0, 100000]","[0, 100000]",0,0,2978,9375
yolov8x_training,890.489986,79,173.791,13370.3125,100,540,10001,"[0, 100000]","[0, 100000]",0,0,2001,12207
yolov8x_training,891.532764,79,177.350,13370.3125,97,2505,10001,"[0, 100000]","[0, 100000]",0,0,2880,9667
yolov8x_training,892.575644,80,176.840,13370.3125,96,1860,10001,"[0, 100000]","[0, 100000]",0,0,1708,13867
yolov8x_training,893.618509,80,168.532,13370.3125,100,480,10001,"[0, 100000]","[0, 100000]",0,0,2880,10449
yolov8x_training,894.661332,79,170.846,13370.3125,96,420,10001,"[0, 100000]","[0, 100000]",0,0,1757,13085
yolov8x_training,895.704213,80,173.050,13370.3125,33,405,10001,"[0, 100000]","[0, 100000]",0,0,2929,10888
yolov8x_training,896.747137,78,174.857,13370.3125,17,435,10001,"[0, 100000]","[0, 100000]",0,0,2197,10888
yolov8x_training,897.790006,77,173.832,13370.3125,58,495,10001,"[0, 100000]","[0, 100000]",0,0,2294,13085
yolov8x_training,898.832803,78,173.756,13370.3125,97,435,10001,"[0, 100000]","[0, 100000]",0,0,1757,14306
yolov8x_training,899.875609,79,172.966,13370.3125,100,585,10001,"[0, 100000]","[0, 100000]",0,0,1757,15283
yolov8x_training,900.918459,79,174.094,13370.3125,100,465,10001,"[0, 100000]","[0, 100000]",0,0,1660,8886
yolov8x_training,901.961509,80,174.405,13370.3125,100,450,10001,"[0, 100000]","[0, 100000]",0,0,1806,15087
yolov8x_training,903.004415,80,173.069,13370.3125,100,975,10001,"[0, 100000]","[0, 100000]",0,0,1562,10546
yolov8x_training,904.047328,80,177.905,13370.3125,97,2505,10001,"[0, 100000]","[0, 100000]",0,0,1708,13671
yolov8x_training,905.090085,80,169.473,13370.3125,99,1110,10001,"[0, 100000]","[0, 100000]",0,0,1611,7568
yolov8x_training,906.132987,79,168.494,13370.3125,70,420,10001,"[0, 100000]","[0, 100000]",0,0,2099,14843
yolov8x_training,907.175857,81,174.139,13370.3125,6,390,10001,"[0, 100000]","[0, 100000]",0,0,1806,8349
yolov8x_training,908.218905,80,172.825,13370.3125,37,435,10001,"[0, 100000]","[0, 100000]",0,0,2050,16601
yolov8x_training,909.261700,77,175.525,13370.3125,72,405,10001,"[0, 100000]","[0, 100000]",0,0,1757,14697
yolov8x_training,910.304497,78,172.844,13370.3125,100,450,10001,"[0, 100000]","[0, 100000]",0,0,1855,12939
yolov8x_training,911.347260,79,173.498,13370.3125,100,555,10001,"[0, 100000]","[0, 100000]",0,0,1757,8007
yolov8x_training,912.390244,77,174.455,13370.3125,100,540,10001,"[0, 100000]","[0, 100000]",0,0,1757,10302
yolov8x_training,913.433421,79,174.990,13370.3125,100,435,10001,"[0, 100000]","[0, 100000]",0,0,1708,8837
yolov8x_training,914.476339,79,174.778,13370.3125,100,510,10001,"[0, 100000]","[0, 100000]",0,0,1757,16015
yolov8x_training,915.519223,79,176.531,13370.3125,97,1252,10001,"[0, 100000]","[0, 100000]",0,0,1806,14160
yolov8x_training,916.562326,80,175.393,13370.3125,96,2190,10001,"[0, 100000]","[0, 100000]",0,0,1855,12353
yolov8x_training,917.605107,80,169.055,13370.3125,100,465,10001,"[0, 100000]","[0, 100000]",0,0,1611,8349
yolov8x_training,918.648434,80,171.415,13370.3125,63,405,10001,"[0, 100000]","[0, 100000]",0,0,1953,9082
yolov8x_training,919.691514,78,173.510,13370.3125,12,390,10001,"[0, 100000]","[0, 100000]",0,0,1806,8349
yolov8x_training,920.734521,80,174.990,13370.3125,40,405,10001,"[0, 100000]","[0, 100000]",0,0,1855,17089
yolov8x_training,921.777381,80,175.495,13370.3125,65,495,10001,"[0, 100000]","[0, 100000]",0,0,1660,10009
yolov8x_training,922.820237,80,174.655,13370.3125,100,450,10001,"[0, 100000]","[0, 100000]",0,0,2050,14160
yolov8x_training,923.863350,77,174.407,13370.3125,100,585,10001,"[0, 100000]","[0, 100000]",0,0,2050,12939
yolov8x_training,924.906405,77,175.938,13370.3125,100,855,10001,"[0, 100000]","[0, 100000]",0,0,2929,10009
yolov8x_training,925.949268,78,177.773,13370.3125,100,630,10001,"[0, 100000]","[0, 100000]",0,0,1855,7568
yolov8x_training,926.992156,79,173.602,13370.3125,100,450,10001,"[0, 100000]","[0, 100000]",0,0,2099,7958
yolov8x_training,928.035092,79,174.910,13370.3125,100,540,10001,"[0, 100000]","[0, 100000]",0,0,1855,7470
yolov8x_training,929.077916,79,181.905,13370.3125,97,2505,10001,"[0, 100000]","[0, 100000]",0,0,1855,7470
yolov8x_training,930.120859,80,176.701,13370.3125,97,2430,10001,"[0, 100000]","[0, 100000]",0,0,1855,7373
yolov8x_training,931.163656,80,168.424,13370.3125,100,525,10001,"[0, 100000]","[0, 100000]",0,0,1757,8593
yolov8x_training,932.206481,80,171.253,13370.3125,53,450,10001,"[0, 100000]","[0, 100000]",0,0,1660,7519
yolov8x_training,933.249442,80,172.710,13370.3125,28,360,10001,"[0, 100000]","[0, 100000]",0,0,1904,7812
yolov8x_training,934.292373,79,174.104,13370.3125,33,375,10001,"[0, 100000]","[0, 100000]",0,0,1660,6542
yolov8x_training,935.335694,77,168.028,13370.3125,100,390,10001,"[0, 100000]","[0, 100000]",0,0,2246,8398
yolov8x_training,936.378852,79,162.810,13370.3125,96,2505,10001,"[0, 100000]","[0, 100000]",0,0,88916,18164
yolov8x_training,937.421954,78,165.276,13370.3125,0,450,10001,"[0, 100000]","[0, 100000]",0,0,390,341
yolov8x_training,938.465249,77,160.769,13370.3125,100,510,10001,"[0, 100000]","[0, 100000]",0,0,2001,8300
yolov8x_training,939.518435,79,156.568,13370.3125,92,2505,10001,"[0, 100000]","[0, 100000]",0,0,14453,14599
yolov8x_training,940.561474,80,169.052,13370.3125,67,435,10001,"[0, 100000]","[0, 100000]",0,0,12548,14013
yolov8x_training,941.623823,79,172.218,13370.3125,10,420,10001,"[0, 100000]","[0, 100000]",0,0,14355,14550
yolov8x_training,942.666756,80,173.417,13370.3125,54,420,10001,"[0, 100000]","[0, 100000]",0,0,5322,21044
yolov8x_training,943.709592,80,174.300,13370.3125,99,450,10001,"[0, 100000]","[0, 100000]",0,0,14062,20019
yolov8x_training,944.752556,77,173.934,13370.3125,100,390,10001,"[0, 100000]","[0, 100000]",0,0,3759,22509
yolov8x_training,945.800773,78,173.669,13370.3125,100,540,10001,"[0, 100000]","[0, 100000]",0,0,14355,11328
yolov8x_training,946.843629,79,174.017,13370.3125,100,480,10001,"[0, 100000]","[0, 100000]",0,0,10107,12646
yolov8x_training,947.903515,79,172.516,13370.3125,100,540,10001,"[0, 100000]","[0, 100000]",0,0,14160,17675
yolov8x_training,948.946536,79,178.414,13370.3125,96,2505,10001,"[0, 100000]","[0, 100000]",0,0,6835,13427
yolov8x_training,949.999348,80,169.109,13370.3125,96,1770,10001,"[0, 100000]","[0, 100000]",0,0,14160,13378
yolov8x_training,951.042623,80,169.704,13370.3125,59,480,10001,"[0, 100000]","[0, 100000]",0,0,14208,17285
yolov8x_training,952.095824,80,173.037,13370.3125,12,420,10001,"[0, 100000]","[0, 100000]",0,0,14599,14208
yolov8x_training,953.140558,79,173.599,13370.3125,51,420,10001,"[0, 100000]","[0, 100000]",0,0,14355,14160
yolov8x_training,954.199130,81,172.875,13370.3125,100,465,10001,"[0, 100000]","[0, 100000]",0,0,14257,14599
yolov8x_training,955.242396,77,172.375,13370.3125,100,375,10001,"[0, 100000]","[0, 100000]",0,0,6494,14892
yolov8x_training,956.285414,77,175.365,13370.3125,100,540,10001,"[0, 100000]","[0, 100000]",0,0,9570,13916
yolov8x_training,957.328312,79,175.838,13370.3125,100,735,10001,"[0, 100000]","[0, 100000]",0,0,4150,21679
yolov8x_training,958.378343,79,171.708,13370.3125,100,510,10001,"[0, 100000]","[0, 100000]",0,0,14501,13720
yolov8x_training,959.421249,79,174.590,13370.3125,96,750,10001,"[0, 100000]","[0, 100000]",0,0,13281,15771
yolov8x_training,960.476889,79,172.612,13370.3125,96,2265,10001,"[0, 100000]","[0, 100000]",0,0,14550,12841
yolov8x_training,961.519859,79,167.956,13370.3125,100,765,10001,"[0, 100000]","[0, 100000]",0,0,12304,14843
yolov8x_training,962.576344,80,172.230,13370.3125,36,420,10001,"[0, 100000]","[0, 100000]",0,0,14599,13037
yolov8x_training,963.619229,79,173.982,13370.3125,16,360,10001,"[0, 100000]","[0, 100000]",0,0,12841,14111
yolov8x_training,964.670935,80,171.631,13370.3125,78,495,10001,"[0, 100000]","[0, 100000]",0,0,14453,15527
yolov8x_training,965.715900,80,174.830,13370.3125,100,465,10001,"[0, 100000]","[0, 100000]",0,0,14355,13281
yolov8x_training,966.774061,77,172.754,13370.3125,100,525,10001,"[0, 100000]","[0, 100000]",0,0,14599,13623
yolov8x_training,967.816863,78,175.424,13370.3125,100,690,10001,"[0, 100000]","[0, 100000]",0,0,13476,14013
yolov8x_training,968.869223,79,171.939,13370.3125,100,480,10001,"[0, 100000]","[0, 100000]",0,0,14648,14697
yolov8x_training,969.912084,79,176.560,13370.3125,97,555,10001,"[0, 100000]","[0, 100000]",0,0,5908,24121
yolov8x_training,970.954990,80,177.408,13370.3125,97,2505,10001,"[0, 100000]","[0, 100000]",0,0,12402,13964
yolov8x_training,971.997743,80,168.456,13370.3125,96,1935,10001,"[0, 100000]","[0, 100000]",0,0,5761,18554
yolov8x_training,973.040641,80,170.753,13370.3125,100,480,10001,"[0, 100000]","[0, 100000]",0,0,8251,13476
yolov8x_training,974.083710,80,173.719,13370.3125,30,420,10001,"[0, 100000]","[0, 100000]",0,0,3564,13964
yolov8x_training,975.127162,79,174.740,13370.3125,32,375,10001,"[0, 100000]","[0, 100000]",0,0,3808,12353
yolov8x_training,976.170183,79,175.253,13370.3125,58,420,10001,"[0, 100000]","[0, 100000]",0,0,3808,11718
yolov8x_training,977.213264,81,172.894,13370.3125,100,435,10001,"[0, 100000]","[0, 100000]",0,0,2294,19042
yolov8x_training,978.256099,77,173.295,13370.3125,100,375,10001,"[0, 100000]","[0, 100000]",0,0,2490,18798
yolov8x_training,979.299109,77,176.225,13370.3125,100,525,10001,"[0, 100000]","[0, 100000]",0,0,2880,16357
yolov8x_training,980.342234,78,175.410,13370.3125,100,660,10001,"[0, 100000]","[0, 100000]",0,0,3222,13964
yolov8x_training,981.385091,79,172.351,13370.3125,100,465,10001,"[0, 100000]","[0, 100000]",0,0,2929,22900
yolov8x_training,982.427974,79,176.111,13370.3125,97,570,10001,"[0, 100000]","[0, 100000]",0,0,2539,17041
yolov8x_training,983.470824,80,179.526,13370.3125,96,2475,10001,"[0, 100000]","[0, 100000]",0,0,3857,10937
yolov8x_training,984.513708,80,171.095,13370.3125,97,2475,10001,"[0, 100000]","[0, 100000]",0,0,3271,9570
yolov8x_training,985.556591,80,169.822,13370.3125,80,555,10001,"[0, 100000]","[0, 100000]",0,0,3515,13818
yolov8x_training,986.599361,80,173.103,13370.3125,53,450,10001,"[0, 100000]","[0, 100000]",0,0,2343,8886
yolov8x_training,987.642324,80,174.568,13370.3125,19,405,10001,"[0, 100000]","[0, 100000]",0,0,2392,9033
yolov8x_training,988.685230,79,173.353,13370.3125,34,420,10001,"[0, 100000]","[0, 100000]",0,0,2148,8886
yolov8x_training,989.728125,80,173.002,13370.3125,91,495,10001,"[0, 100000]","[0, 100000]",0,0,3857,11376
yolov8x_training,990.771031,77,173.084,13370.3125,100,450,10001,"[0, 100000]","[0, 100000]",0,0,3173,10937
yolov8x_training,991.813946,77,174.184,13370.3125,100,525,10001,"[0, 100000]","[0, 100000]",0,0,3564,14111
yolov8x_training,992.856922,79,174.813,13370.3125,100,720,10001,"[0, 100000]","[0, 100000]",0,0,3759,13037
yolov8x_training,993.899733,79,173.611,13370.3125,100,450,10001,"[0, 100000]","[0, 100000]",0,0,4003,12207
yolov8x_training,994.942729,79,178.031,13370.3125,96,465,10001,"[0, 100000]","[0, 100000]",0,0,2343,8154
yolov8x_training,995.985790,80,177.355,13370.3125,97,2505,10001,"[0, 100000]","[0, 100000]",0,0,3222,10839
yolov8x_training,997.028628,80,168.425,13370.3125,96,2235,10001,"[0, 100000]","[0, 100000]",0,0,3173,10839
yolov8x_training,998.071388,80,171.000,13370.3125,44,450,10001,"[0, 100000]","[0, 100000]",0,0,3173,11132
yolov8x_training,999.114256,80,175.753,13370.3125,17,405,10001,"[0, 100000]","[0, 100000]",0,0,3027,9667
yolov8x_training,1000.157436,79,173.418,13370.3125,55,435,10001,"[0, 100000]","[0, 100000]",0,0,3906,11767
yolov8x_training,1001.200683,80,174.136,13370.3125,93,435,10001,"[0, 100000]","[0, 100000]",0,0,3125,11621
yolov8x_training,1002.243547,77,173.137,13370.3125,100,450,10001,"[0, 100000]","[0, 100000]",0,0,1757,23779
yolov8x_training,1003.286399,77,174.400,13370.3125,100,435,10001,"[0, 100000]","[0, 100000]",0,0,2539,17041
yolov8x_training,1004.329240,79,173.524,13370.3125,100,810,10001,"[0, 100000]","[0, 100000]",0,0,7177,12988
yolov8x_training,1005.372409,79,172.027,13370.3125,100,450,10001,"[0, 100000]","[0, 100000]",0,0,3955,21777
yolov8x_training,1006.416523,79,173.782,13370.3125,97,570,10001,"[0, 100000]","[0, 100000]",0,0,14257,15429
yolov8x_training,1007.459679,80,173.768,13370.3125,97,2505,10001,"[0, 100000]","[0, 100000]",0,0,4541,23828
yolov8x_training,1008.502923,79,169.672,13370.3125,98,1650,10001,"[0, 100000]","[0, 100000]",0,0,13085,13769
yolov8x_training,1009.545721,80,172.040,13370.3125,67,450,10001,"[0, 100000]","[0, 100000]",0,0,2294,19580
yolov8x_training,1010.588744,80,173.674,13370.3125,20,420,10001,"[0, 100000]","[0, 100000]",0,0,5468,20654
yolov8x_training,1011.632015,78,175.266,13370.3125,32,405,10001,"[0, 100000]","[0, 100000]",0,0,3222,13916
yolov8x_training,1012.674861,80,174.007,13370.3125,81,405,10001,"[0, 100000]","[0, 100000]",0,0,4296,22021
yolov8x_training,1013.717673,80,174.144,13370.3125,100,465,10001,"[0, 100000]","[0, 100000]",0,0,3857,22705
yolov8x_training,1014.760582,77,173.202,13370.3125,100,420,10001,"[0, 100000]","[0, 100000]",0,0,12548,14013
yolov8x_training,1015.803320,78,175.626,13370.3125,100,540,10001,"[0, 100000]","[0, 100000]",0,0,10156,12255
yolov8x_training,1016.856399,79,172.220,13370.3125,100,435,10001,"[0, 100000]","[0, 100000]",0,0,14599,13525
yolov8x_training,1017.900077,79,175.337,13370.3125,96,480,10001,"[0, 100000]","[0, 100000]",0,0,14257,15332
yolov8x_training,1018.942919,80,176.698,13370.3125,95,1252,10001,"[0, 100000]","[0, 100000]",0,0,13671,15722
yolov8x_training,1019.985806,80,169.201,13370.3125,97,2175,10001,"[0, 100000]","[0, 100000]",0,0,5761,17382
yolov8x_training,1021.028672,80,172.031,13370.3125,94,465,10001,"[0, 100000]","[0, 100000]",0,0,12939,17041
yolov8x_training,1022.071714,80,175.248,13370.3125,10,420,10001,"[0, 100000]","[0, 100000]",0,0,1611,22558
yolov8x_training,1023.114534,79,173.208,13370.3125,55,420,10001,"[0, 100000]","[0, 100000]",0,0,13867,13183
yolov8x_training,1024.157441,80,176.045,13370.3125,84,420,10001,"[0, 100000]","[0, 100000]",0,0,2294,18261
yolov8x_training,1025.200331,80,173.871,13370.3125,100,450,10001,"[0, 100000]","[0, 100000]",0,0,12548,14013
yolov8x_training,1026.243185,77,173.826,13370.3125,100,420,10001,"[0, 100000]","[0, 100000]",0,0,4394,21386
yolov8x_training,1027.286556,78,176.845,13370.3125,100,525,10001,"[0, 100000]","[0, 100000]",0,0,5078,20654
yolov8x_training,1028.329868,79,173.473,13370.3125,100,765,10001,"[0, 100000]","[0, 100000]",0,0,5029,22851
yolov8x_training,1029.372666,79,173.360,13370.3125,98,450,10001,"[0, 100000]","[0, 100000]",0,0,13525,14208
yolov8x_training,1030.415521,80,179.406,13370.3125,97,510,10001,"[0, 100000]","[0, 100000]",0,0,1660,23828
yolov8x_training,1031.458484,80,171.153,13370.3125,97,2505,10001,"[0, 100000]","[0, 100000]",0,0,8203,12597
yolov8x_training,1032.501336,80,168.413,13370.3125,100,2415,10001,"[0, 100000]","[0, 100000]",0,0,2294,19384
yolov8x_training,1033.544144,80,171.546,13370.3125,60,630,10001,"[0, 100000]","[0, 100000]",0,0,4394,20996
yolov8x_training,1034.586964,80,173.934,13370.3125,17,420,10001,"[0, 100000]","[0, 100000]",0,0,2783,21630
yolov8x_training,1035.629845,80,172.678,13370.3125,54,450,10001,"[0, 100000]","[0, 100000]",0,0,13476,13867
yolov8x_training,1036.672686,81,175.827,13370.3125,88,435,10001,"[0, 100000]","[0, 100000]",0,0,2539,17089
yolov8x_training,1037.715480,77,173.692,13370.3125,100,450,10001,"[0, 100000]","[0, 100000]",0,0,7666,13476
yolov8x_training,1038.758609,77,173.463,13370.3125,100,390,10001,"[0, 100000]","[0, 100000]",0,0,13037,16943
yolov8x_training,1039.814517,79,173.578,13370.3125,100,585,10001,"[0, 100000]","[0, 100000]",0,0,14453,16601
yolov8x_training,1040.857417,79,173.947,13370.3125,100,480,10001,"[0, 100000]","[0, 100000]",0,0,9960,14062
yolov8x_training,1041.900182,79,179.074,13370.3125,96,480,10001,"[0, 100000]","[0, 100000]",0,0,5566,20751
yolov8x_training,1042.943073,80,170.621,13370.3125,96,2505,10001,"[0, 100000]","[0, 100000]",0,0,13427,16259
yolov8x_training,1044.005877,80,175.779,13370.3125,99,1635,10001,"[0, 100000]","[0, 100000]",0,0,14648,16064
yolov8x_training,1045.049444,80,171.516,13370.3125,54,465,10001,"[0, 100000]","[0, 100000]",0,0,14550,12988
yolov8x_training,1046.105740,79,169.587,13370.3125,62,405,10001,"[0, 100000]","[0, 100000]",0,0,14550,14306
yolov8x_training,1047.148568,80,172.960,13370.3125,29,420,10001,"[0, 100000]","[0, 100000]",0,0,3369,22900
yolov8x_training,1048.191675,80,173.925,13370.3125,36,495,10001,"[0, 100000]","[0, 100000]",0,0,10351,12304
yolov8x_training,1049.234601,77,175.398,13370.3125,71,450,10001,"[0, 100000]","[0, 100000]",0,0,11621,13623
yolov8x_training,1050.285161,78,173.434,13370.3125,100,540,10001,"[0, 100000]","[0, 100000]",0,0,14501,13574
yolov8x_training,1051.328584,79,173.671,13370.3125,100,660,10001,"[0, 100000]","[0, 100000]",0,0,14453,10253
yolov8x_training,1052.387213,80,173.853,13370.3125,100,495,10001,"[0, 100000]","[0, 100000]",0,0,14355,10351
yolov8x_training,1053.430088,80,173.212,13370.3125,100,600,10001,"[0, 100000]","[0, 100000]",0,0,11523,12207
yolov8x_training,1054.473007,80,175.738,13370.3125,97,2475,10001,"[0, 100000]","[0, 100000]",0,0,7373,12646
yolov8x_training,1055.515805,80,178.247,13370.3125,96,1605,10001,"[0, 100000]","[0, 100000]",0,0,5712,19726
yolov8x_training,1056.558672,80,169.604,13370.3125,100,390,10001,"[0, 100000]","[0, 100000]",0,0,13427,17626
yolov8x_training,1057.607556,79,169.838,13370.3125,79,420,10001,"[0, 100000]","[0, 100000]",0,0,14501,14306
yolov8x_training,1058.660416,81,173.493,13370.3125,21,405,10001,"[0, 100000]","[0, 100000]",0,0,14599,14111
yolov8x_training,1059.703158,79,175.305,13370.3125,30,480,10001,"[0, 100000]","[0, 100000]",0,0,1757,23730
yolov8x_training,1060.746030,77,173.822,13370.3125,76,375,10001,"[0, 100000]","[0, 100000]",0,0,13476,13085
yolov8x_training,1061.788903,79,173.458,13370.3125,100,525,10001,"[0, 100000]","[0, 100000]",0,0,13134,15771
yolov8x_training,1062.831868,79,173.057,13370.3125,100,510,10001,"[0, 100000]","[0, 100000]",0,0,9667,13085
yolov8x_training,1063.875332,80,177.921,13370.3125,100,405,10001,"[0, 100000]","[0, 100000]",0,0,7666,17626
yolov8x_training,1064.918178,80,173.192,13370.3125,100,570,10001,"[0, 100000]","[0, 100000]",0,0,11279,21875
yolov8x_training,1065.961011,80,175.151,13370.3125,100,2505,10001,"[0, 100000]","[0, 100000]",0,0,2392,16894
yolov8x_training,1067.003818,80,176.377,13370.3125,97,1875,10001,"[0, 100000]","[0, 100000]",0,0,11962,12207
yolov8x_training,1068.046956,80,175.494,13370.3125,97,450,10001,"[0, 100000]","[0, 100000]",0,0,2294,19335
yolov8x_training,1069.089858,79,169.594,13370.3125,79,435,10001,"[0, 100000]","[0, 100000]",0,0,12841,16699
yolov8x_training,1070.132663,80,171.920,13370.3125,33,435,10001,"[0, 100000]","[0, 100000]",0,0,3955,21777
yolov8x_training,1071.185730,80,174.247,13370.3125,34,480,10001,"[0, 100000]","[0, 100000]",0,0,14453,16992
yolov8x_training,1072.228680,77,173.590,13370.3125,76,450,10001,"[0, 100000]","[0, 100000]",0,0,7031,13525
yolov8x_training,1073.271575,78,175.475,13370.3125,100,495,10001,"[0, 100000]","[0, 100000]",0,0,6103,17919
yolov8x_training,1074.314414,79,175.029,13370.3125,100,540,10001,"[0, 100000]","[0, 100000]",0,0,3759,12744
yolov8x_training,1075.357570,79,176.178,13370.3125,100,660,10001,"[0, 100000]","[0, 100000]",0,0,2685,18994
yolov8x_training,1076.400431,79,177.441,13370.3125,100,480,10001,"[0, 100000]","[0, 100000]",0,0,2929,10546
yolov8x_training,1077.443489,80,175.307,13370.3125,100,465,10001,"[0, 100000]","[0, 100000]",0,0,3125,10546
yolov8x_training,1078.486257,80,174.965,13370.3125,100,465,10001,"[0, 100000]","[0, 100000]",0,0,1855,8544
yolov8x_training,1079.529110,80,175.641,13370.3125,96,2505,10001,"[0, 100000]","[0, 100000]",0,0,2490,8593
yolov8x_training,1080.572145,80,178.284,13370.3125,96,1800,10001,"[0, 100000]","[0, 100000]",0,0,1855,8544
yolov8x_training,1081.615232,80,169.710,13370.3125,100,450,10001,"[0, 100000]","[0, 100000]",0,0,2197,9130
yolov8x_training,1082.658159,79,170.473,13370.3125,81,405,10001,"[0, 100000]","[0, 100000]",0,0,2197,8740
yolov8x_training,1083.700982,80,174.792,13370.3125,25,420,10001,"[0, 100000]","[0, 100000]",0,0,2001,8691
yolov8x_training,1084.743937,79,175.201,13370.3125,19,420,10001,"[0, 100000]","[0, 100000]",0,0,2050,8349
yolov8x_training,1085.786806,77,172.680,13370.3125,79,435,10001,"[0, 100000]","[0, 100000]",0,0,2441,8544
yolov8x_training,1086.829792,78,176.328,13370.3125,100,390,10001,"[0, 100000]","[0, 100000]",0,0,1904,9228
yolov8x_training,1087.872885,79,173.334,13370.3125,100,660,10001,"[0, 100000]","[0, 100000]",0,0,2148,8789
yolov8x_training,1088.915968,79,176.779,13370.3125,100,585,10001,"[0, 100000]","[0, 100000]",0,0,1757,9667
yolov8x_training,1089.958993,80,175.281,13370.3125,100,450,10001,"[0, 100000]","[0, 100000]",0,0,1904,9130
yolov8x_training,1091.001838,80,174.297,13370.3125,100,570,10001,"[0, 100000]","[0, 100000]",0,0,2050,9472
yolov8x_training,1092.045087,80,176.859,13370.3125,98,2490,10001,"[0, 100000]","[0, 100000]",0,0,2148,8642
yolov8x_training,1093.088187,80,176.288,13370.3125,97,1800,10001,"[0, 100000]","[0, 100000]",0,0,1904,8203
yolov8x_training,1094.131050,80,169.916,13370.3125,86,435,10001,"[0, 100000]","[0, 100000]",0,0,1855,9277
yolov8x_training,1095.174485,80,171.058,13370.3125,59,390,10001,"[0, 100000]","[0, 100000]",0,0,1757,9326
yolov8x_training,1096.217567,81,174.584,13370.3125,13,405,10001,"[0, 100000]","[0, 100000]",0,0,1806,10156
yolov8x_training,1097.260628,79,174.862,13370.3125,39,435,10001,"[0, 100000]","[0, 100000]",0,0,1904,17285
yolov8x_training,1098.303396,77,175.183,13370.3125,79,435,10001,"[0, 100000]","[0, 100000]",0,0,1855,11767
yolov8x_training,1099.346266,78,174.265,13370.3125,100,390,10001,"[0, 100000]","[0, 100000]",0,0,1855,16845
yolov8x_training,1100.389308,79,173.463,13370.3125,100,540,10001,"[0, 100000]","[0, 100000]",0,0,1806,16503
yolov8x_training,1101.432125,79,176.568,13370.3125,100,705,10001,"[0, 100000]","[0, 100000]",0,0,2392,13281
yolov8x_training,1102.475626,80,173.025,13370.3125,100,495,10001,"[0, 100000]","[0, 100000]",0,0,1757,9521
yolov8x_training,1103.518524,80,173.886,13370.3125,100,1095,10001,"[0, 100000]","[0, 100000]",0,0,1904,13769
yolov8x_training,1104.561365,80,176.914,13370.3125,96,2325,10001,"[0, 100000]","[0, 100000]",0,0,2001,8349
yolov8x_training,1105.604409,80,169.271,13370.3125,97,525,10001,"[0, 100000]","[0, 100000]",0,0,2343,9033
yolov8x_training,1106.647757,80,169.626,13370.3125,59,420,10001,"[0, 100000]","[0, 100000]",0,0,3173,10546
yolov8x_training,1107.690561,82,173.607,13370.3125,21,435,10001,"[0, 100000]","[0, 100000]",0,0,3173,11767
yolov8x_training,1108.733338,77,173.959,13370.3125,54,450,10001,"[0, 100000]","[0, 100000]",0,0,2343,19433
yolov8x_training,1109.776168,78,173.321,13370.3125,93,405,10001,"[0, 100000]","[0, 100000]",0,0,2539,18408
yolov8x_training,1110.818967,79,173.120,13370.3125,100,555,10001,"[0, 100000]","[0, 100000]",0,0,5712,19775
yolov8x_training,1111.861868,79,174.338,13370.3125,100,510,10001,"[0, 100000]","[0, 100000]",0,0,3955,21777
yolov8x_training,1112.907411,80,172.897,13370.3125,100,495,10001,"[0, 100000]","[0, 100000]",0,0,14453,13330
yolov8x_training,1113.950316,80,173.500,13370.3125,100,2505,10001,"[0, 100000]","[0, 100000]",0,0,5810,22265
yolov8x_training,1115.005628,80,177.012,13370.3125,96,1710,10001,"[0, 100000]","[0, 100000]",0,0,14257,11962
yolov8x_training,1116.048608,80,168.945,13370.3125,95,465,10001,"[0, 100000]","[0, 100000]",0,0,12158,13574
yolov8x_training,1117.106095,80,171.536,13370.3125,29,435,10001,"[0, 100000]","[0, 100000]",0,0,14501,12060
yolov8x_training,1118.149008,81,173.906,13370.3125,15,390,10001,"[0, 100000]","[0, 100000]",0,0,12988,14257
yolov8x_training,1119.199836,77,173.010,13370.3125,76,495,10001,"[0, 100000]","[0, 100000]",0,0,14208,18115
yolov8x_training,1120.242971,78,175.128,13370.3125,100,450,10001,"[0, 100000]","[0, 100000]",0,0,12451,14062
yolov8x_training,1121.306752,79,172.345,13370.3125,100,540,10001,"[0, 100000]","[0, 100000]",0,0,14501,9619
yolov8x_training,1122.369771,80,175.515,13370.3125,100,465,10001,"[0, 100000]","[0, 100000]",0,0,13330,24121
yolov8x_training,1123.412595,80,171.607,13370.3125,100,2505,10001,"[0, 100000]","[0, 100000]",0,0,3808,86181
yolov8x_training,1124.527496,80,169.720,13370.3125,42,405,10001,"[0, 100000]","[0, 100000]",0,0,341,292
yolov8x_training,1125.570250,78,158.200,13370.3125,99,675,10001,"[0, 100000]","[0, 100000]",0,0,1367,6250
yolov8x_training,1126.613271,80,170.385,13370.3125,98,510,10001,"[0, 100000]","[0, 100000]",0,0,1806,8251
yolov8x_training,1127.656342,80,166.924,13370.3125,94,2085,10001,"[0, 100000]","[0, 100000]",0,0,2099,7373
yolov8x_training,1128.699563,80,166.504,13370.3125,0,450,10001,"[0, 100000]","[0, 100000]",0,0,3759,12646
yolov8x_training,1129.742624,77,173.734,13370.3125,54,480,10001,"[0, 100000]","[0, 100000]",0,0,2294,15771
yolov8x_training,1130.785437,79,173.220,13370.3125,100,375,10001,"[0, 100000]","[0, 100000]",0,0,4052,11816
yolov8x_training,1131.828572,79,175.632,13370.3125,100,435,10001,"[0, 100000]","[0, 100000]",0,0,2685,9033
yolov8x_training,1132.871429,79,175.003,13370.3125,100,690,10001,"[0, 100000]","[0, 100000]",0,0,2978,9179
yolov8x_training,1133.914332,80,175.636,13370.3125,100,420,10001,"[0, 100000]","[0, 100000]",0,0,3222,11083
yolov8x_training,1134.957225,79,172.783,13370.3125,100,555,10001,"[0, 100000]","[0, 100000]",0,0,3076,11865
yolov8x_training,1136.000062,80,176.051,13370.3125,97,2505,10001,"[0, 100000]","[0, 100000]",0,0,2294,15771
yolov8x_training,1137.042870,80,174.241,13370.3125,97,1830,10001,"[0, 100000]","[0, 100000]",0,0,4003,11718
yolov8x_training,1138.085678,80,170.071,13370.3125,83,465,10001,"[0, 100000]","[0, 100000]",0,0,2246,16992
yolov8x_training,1139.128856,80,171.721,13370.3125,37,420,10001,"[0, 100000]","[0, 100000]",0,0,2587,18457
yolov8x_training,1140.171623,79,175.592,13370.3125,23,375,10001,"[0, 100000]","[0, 100000]",0,0,2539,15576
yolov8x_training,1141.214631,80,174.333,13370.3125,55,405,10001,"[0, 100000]","[0, 100000]",0,0,3808,12744
yolov8x_training,1142.257933,81,174.068,13370.3125,100,450,10001,"[0, 100000]","[0, 100000]",0,0,1855,20019
yolov8x_training,1143.300852,79,174.522,13370.3125,100,450,10001,"[0, 100000]","[0, 100000]",0,0,3076,10546
yolov8x_training,1144.343678,77,175.010,13370.3125,100,555,10001,"[0, 100000]","[0, 100000]",0,0,2392,15771
yolov8x_training,1145.386555,79,174.626,13370.3125,100,480,10001,"[0, 100000]","[0, 100000]",0,0,3173,15380
yolov8x_training,1146.429399,79,173.489,13370.3125,100,510,10001,"[0, 100000]","[0, 100000]",0,0,7812,16064
yolov8x_training,1147.472455,80,179.706,13370.3125,96,2505,10001,"[0, 100000]","[0, 100000]",0,0,5761,23339
yolov8x_training,1148.515620,80,173.312,13370.3125,97,2055,10001,"[0, 100000]","[0, 100000]",0,0,12548,12353
yolov8x_training,1149.558367,80,168.656,13370.3125,100,480,10001,"[0, 100000]","[0, 100000]",0,0,10302,12207
yolov8x_training,1150.601326,80,173.041,13370.3125,67,390,10001,"[0, 100000]","[0, 100000]",0,0,11425,10937
yolov8x_training,1151.644591,80,173.262,13370.3125,14,405,10001,"[0, 100000]","[0, 100000]",0,0,4492,20996
yolov8x_training,1152.696363,80,173.470,13370.3125,30,435,10001,"[0, 100000]","[0, 100000]",0,0,14208,11621
yolov8x_training,1153.739415,81,173.594,13370.3125,94,450,10001,"[0, 100000]","[0, 100000]",0,0,13183,15869
yolov8x_training,1154.795743,77,173.257,13370.3125,100,435,10001,"[0, 100000]","[0, 100000]",0,0,14550,12207
yolov8x_training,1155.838530,78,174.767,13370.3125,100,675,10001,"[0, 100000]","[0, 100000]",0,0,8886,12646
yolov8x_training,1156.897410,79,173.437,13370.3125,100,495,10001,"[0, 100000]","[0, 100000]",0,0,14501,13037
yolov8x_training,1157.940248,79,172.699,13370.3125,100,1305,10001,"[0, 100000]","[0, 100000]",0,0,5810,16992
yolov8x_training,1158.993417,80,176.658,13370.3125,96,2295,10001,"[0, 100000]","[0, 100000]",0,0,14550,11962
yolov8x_training,1160.036257,80,168.532,13370.3125,96,780,10001,"[0, 100000]","[0, 100000]",0,0,5273,21826
yolov8x_training,1161.079106,80,170.547,13370.3125,52,450,10001,"[0, 100000]","[0, 100000]",0,0,5810,15283
yolov8x_training,1162.122226,80,173.052,13370.3125,23,360,10001,"[0, 100000]","[0, 100000]",0,0,6054,19531
yolov8x_training,1163.173527,80,174.166,13370.3125,51,435,10001,"[0, 100000]","[0, 100000]",0,0,14160,12402
yolov8x_training,1164.216501,80,173.805,13370.3125,95,495,10001,"[0, 100000]","[0, 100000]",0,0,9814,12597
yolov8x_training,1165.260414,77,173.924,13370.3125,100,435,10001,"[0, 100000]","[0, 100000]",0,0,14306,17382
yolov8x_training,1166.303243,77,175.411,13370.3125,100,435,10001,"[0, 100000]","[0, 100000]",0,0,10986,19531
yolov8x_training,1167.346646,78,176.061,13370.3125,100,555,10001,"[0, 100000]","[0, 100000]",0,0,14306,13378
yolov8x_training,1168.389543,79,173.005,13370.3125,100,465,10001,"[0, 100000]","[0, 100000]",0,0,4687,23486
yolov8x_training,1169.432749,79,174.946,13370.3125,100,525,10001,"[0, 100000]","[0, 100000]",0,0,3515,21875
yolov8x_training,1170.475595,80,180.964,13370.3125,97,810,10001,"[0, 100000]","[0, 100000]",0,0,3027,17089
yolov8x_training,1171.518832,80,177.092,13370.3125,96,2505,10001,"[0, 100000]","[0, 100000]",0,0,2929,8984
yolov8x_training,1172.561564,80,169.766,13370.3125,97,2190,10001,"[0, 100000]","[0, 100000]",0,0,2441,9521
yolov8x_training,1173.604670,80,170.053,13370.3125,99,465,10001,"[0, 100000]","[0, 100000]",0,0,3320,11376
yolov8x_training,1174.647455,80,173.414,13370.3125,32,420,10001,"[0, 100000]","[0, 100000]",0,0,3027,11035
yolov8x_training,1175.690241,79,175.122,13370.3125,20,375,10001,"[0, 100000]","[0, 100000]",0,0,2929,8593
yolov8x_training,1176.733110,80,173.459,13370.3125,53,435,10001,"[0, 100000]","[0, 100000]",0,0,3076,10400
yolov8x_training,1177.776067,79,174.153,13370.3125,97,435,10001,"[0, 100000]","[0, 100000]",0,0,2197,16650
yolov8x_training,1178.819010,77,173.750,13370.3125,100,435,10001,"[0, 100000]","[0, 100000]",0,0,3417,15136
yolov8x_training,1179.861847,78,175.729,13370.3125,100,585,10001,"[0, 100000]","[0, 100000]",0,0,2050,21044
yolov8x_training,1180.904746,79,172.373,13370.3125,100,420,10001,"[0, 100000]","[0, 100000]",0,0,4003,22265
yolov8x_training,1181.947573,79,174.345,13370.3125,100,555,10001,"[0, 100000]","[0, 100000]",0,0,5419,20556
yolov8x_training,1182.990449,80,178.356,13370.3125,96,2505,10001,"[0, 100000]","[0, 100000]",0,0,2880,16992
yolov8x_training,1184.033241,80,171.372,13370.3125,97,2250,10001,"[0, 100000]","[0, 100000]",0,0,2148,7958
yolov8x_training,1185.076277,80,168.842,13370.3125,95,1680,10001,"[0, 100000]","[0, 100000]",0,0,2880,9423
yolov8x_training,1186.119248,80,171.226,13370.3125,46,465,10001,"[0, 100000]","[0, 100000]",0,0,2148,8740
yolov8x_training,1187.162419,80,174.663,13370.3125,22,390,10001,"[0, 100000]","[0, 100000]",0,0,2197,8740
yolov8x_training,1188.205451,80,173.893,13370.3125,49,390,10001,"[0, 100000]","[0, 100000]",0,0,2587,9472
yolov8x_training,1189.248274,80,172.735,13370.3125,97,495,10001,"[0, 100000]","[0, 100000]",0,0,3222,10644
yolov8x_training,1190.291319,77,174.373,13370.3125,100,435,10001,"[0, 100000]","[0, 100000]",0,0,3222,12060
yolov8x_training,1191.334131,77,174.378,13370.3125,100,510,10001,"[0, 100000]","[0, 100000]",0,0,2929,9082
yolov8x_training,1192.377131,78,176.931,13370.3125,100,615,10001,"[0, 100000]","[0, 100000]",0,0,3222,11621
yolov8x_training,1193.420268,79,172.495,13370.3125,100,450,10001,"[0, 100000]","[0, 100000]",0,0,2978,11523
yolov8x_training,1194.463044,79,174.856,13370.3125,100,495,10001,"[0, 100000]","[0, 100000]",0,0,3564,10595
yolov8x_training,1195.505813,80,179.737,13370.3125,97,2505,10001,"[0, 100000]","[0, 100000]",0,0,2197,8935
yolov8x_training,1196.548937,80,173.000,13370.3125,97,2370,10001,"[0, 100000]","[0, 100000]",0,0,2783,9423
yolov8x_training,1197.591665,80,168.297,13370.3125,100,615,10001,"[0, 100000]","[0, 100000]",0,0,2929,9277
yolov8x_training,1198.634728,80,172.619,13370.3125,64,435,10001,"[0, 100000]","[0, 100000]",0,0,2148,8691
yolov8x_training,1199.677620,79,173.619,13370.3125,17,390,10001,"[0, 100000]","[0, 100000]",0,0,2246,9667
yolov8x_training,1200.720601,80,174.766,13370.3125,36,435,10001,"[0, 100000]","[0, 100000]",0,0,1855,8007
yolov8x_training,1201.763514,80,175.025,13370.3125,73,480,10001,"[0, 100000]","[0, 100000]",0,0,1806,9277
yolov8x_training,1202.806508,80,175.265,13370.3125,100,465,10001,"[0, 100000]","[0, 100000]",0,0,1855,7519
yolov8x_training,1203.850495,77,172.220,13370.3125,100,420,10001,"[0, 100000]","[0, 100000]",0,0,1904,8496
yolov8x_training,1204.893427,78,175.196,13370.3125,100,615,10001,"[0, 100000]","[0, 100000]",0,0,2050,7763
yolov8x_training,1205.936602,79,172.394,13370.3125,100,405,10001,"[0, 100000]","[0, 100000]",0,0,2148,9130
yolov8x_training,1206.979540,79,175.269,13370.3125,100,510,10001,"[0, 100000]","[0, 100000]",0,0,1953,7910
yolov8x_training,1208.022525,80,178.765,13370.3125,97,570,10001,"[0, 100000]","[0, 100000]",0,0,1855,9326
yolov8x_training,1209.065452,80,170.235,13370.3125,96,2445,10001,"[0, 100000]","[0, 100000]",0,0,2880,9082
yolov8x_training,1210.108237,80,168.618,13370.3125,62,585,10001,"[0, 100000]","[0, 100000]",0,0,2392,9228
yolov8x_training,1211.151216,80,174.046,13370.3125,12,435,10001,"[0, 100000]","[0, 100000]",0,0,3369,10937
yolov8x_training,1212.194203,80,173.373,13370.3125,51,390,10001,"[0, 100000]","[0, 100000]",0,0,2246,9667
yolov8x_training,1213.237249,80,176.276,13370.3125,87,420,10001,"[0, 100000]","[0, 100000]",0,0,2001,8105
yolov8x_training,1214.280341,81,175.180,13370.3125,100,480,10001,"[0, 100000]","[0, 100000]",0,0,1904,10058
yolov8x_training,1215.323501,77,174.644,13370.3125,100,450,10001,"[0, 100000]","[0, 100000]",0,0,1855,7617
yolov8x_training,1216.366313,77,173.669,13370.3125,100,420,10001,"[0, 100000]","[0, 100000]",0,0,1904,8544
yolov8x_training,1217.409256,79,175.177,13370.3125,100,900,10001,"[0, 100000]","[0, 100000]",0,0,1757,8154
yolov8x_training,1218.452863,79,174.335,13370.3125,100,465,10001,"[0, 100000]","[0, 100000]",0,0,1855,9033
yolov8x_training,1219.495764,79,174.188,13370.3125,96,495,10001,"[0, 100000]","[0, 100000]",0,0,1953,8349
yolov8x_training,1220.538785,80,175.254,13370.3125,97,1252,10001,"[0, 100000]","[0, 100000]",0,0,2148,8398
yolov8x_training,1221.581640,80,169.434,13370.3125,100,1950,10001,"[0, 100000]","[0, 100000]",0,0,2880,8642
yolov8x_training,1222.624624,80,170.799,13370.3125,69,510,10001,"[0, 100000]","[0, 100000]",0,0,1904,8935
yolov8x_training,1223.667437,80,174.427,13370.3125,43,390,10001,"[0, 100000]","[0, 100000]",0,0,1611,8935
yolov8x_training,1224.710487,79,173.605,13370.3125,13,345,10001,"[0, 100000]","[0, 100000]",0,0,1904,9570
yolov8x_training,1225.753441,81,173.517,13370.3125,51,435,10001,"[0, 100000]","[0, 100000]",0,0,1855,8007
yolov8x_training,1226.796389,81,174.844,13370.3125,100,495,10001,"[0, 100000]","[0, 100000]",0,0,1855,17480
yolov8x_training,1227.839264,77,173.644,13370.3125,100,465,10001,"[0, 100000]","[0, 100000]",0,0,1806,7617
yolov8x_training,1228.882203,78,174.863,13370.3125,100,555,10001,"[0, 100000]","[0, 100000]",0,0,1904,11767
yolov8x_training,1229.925023,79,176.771,13370.3125,100,570,10001,"[0, 100000]","[0, 100000]",0,0,1611,8154
yolov8x_training,1230.967859,79,173.299,13370.3125,100,480,10001,"[0, 100000]","[0, 100000]",0,0,1904,15820
yolov8x_training,1232.010906,79,174.600,13370.3125,100,495,10001,"[0, 100000]","[0, 100000]",0,0,1757,8251
yolov8x_training,1233.053949,80,176.475,13370.3125,97,1252,10001,"[0, 100000]","[0, 100000]",0,0,1855,10498
yolov8x_training,1234.096934,80,169.403,13370.3125,80,2085,10001,"[0, 100000]","[0, 100000]",0,0,1904,7812
yolov8x_training,1235.139868,80,171.263,13370.3125,43,450,10001,"[0, 100000]","[0, 100000]",0,0,1757,11279
yolov8x_training,1236.183097,79,175.549,13370.3125,18,405,10001,"[0, 100000]","[0, 100000]",0,0,1708,7958
yolov8x_training,1237.226105,80,173.296,13370.3125,54,435,10001,"[0, 100000]","[0, 100000]",0,0,1757,8935
yolov8x_training,1238.269065,81,175.022,13370.3125,100,435,10001,"[0, 100000]","[0, 100000]",0,0,1708,9033
yolov8x_training,1239.312136,79,174.259,13370.3125,100,450,10001,"[0, 100000]","[0, 100000]",0,0,1806,11767
yolov8x_training,1240.354992,77,174.021,13370.3125,100,390,10001,"[0, 100000]","[0, 100000]",0,0,1806,7617
yolov8x_training,1241.397860,79,174.210,13370.3125,100,735,10001,"[0, 100000]","[0, 100000]",0,0,1806,9179
yolov8x_training,1242.440711,79,173.635,13370.3125,100,480,10001,"[0, 100000]","[0, 100000]",0,0,1806,7861
yolov8x_training,1243.483706,79,177.423,13370.3125,97,450,10001,"[0, 100000]","[0, 100000]",0,0,1904,16162
yolov8x_training,1244.526514,80,180.559,13370.3125,96,1140,10001,"[0, 100000]","[0, 100000]",0,0,1806,8349
yolov8x_training,1245.569472,80,173.229,13370.3125,97,2505,10001,"[0, 100000]","[0, 100000]",0,0,1953,15917
yolov8x_training,1246.612324,80,170.229,13370.3125,100,1965,10001,"[0, 100000]","[0, 100000]",0,0,1708,8447
yolov8x_training,1247.655167,80,170.822,13370.3125,57,480,10001,"[0, 100000]","[0, 100000]",0,0,1904,15869
yolov8x_training,1248.698040,79,174.642,13370.3125,23,420,10001,"[0, 100000]","[0, 100000]",0,0,1708,9326
yolov8x_training,1249.741444,80,174.120,13370.3125,45,435,10001,"[0, 100000]","[0, 100000]",0,0,1806,15869
yolov8x_training,1250.784369,81,174.140,13370.3125,76,450,10001,"[0, 100000]","[0, 100000]",0,0,1660,8984
yolov8x_training,1251.827379,77,173.168,13370.3125,100,450,10001,"[0, 100000]","[0, 100000]",0,0,1757,9765
yolov8x_training,1252.870482,78,174.700,13370.3125,100,405,10001,"[0, 100000]","[0, 100000]",0,0,1611,9619
yolov8x_training,1253.913327,78,176.269,13370.3125,100,600,10001,"[0, 100000]","[0, 100000]",0,0,1855,16162
yolov8x_training,1254.956547,79,172.894,13370.3125,100,480,10001,"[0, 100000]","[0, 100000]",0,0,1806,9277
yolov8x_training,1255.999910,79,180.956,13370.3125,97,420,10001,"[0, 100000]","[0, 100000]",0,0,1806,16601
yolov8x_training,1257.042833,80,178.528,13370.3125,96,615,10001,"[0, 100000]","[0, 100000]",0,0,1757,8642
yolov8x_training,1258.085813,80,169.269,13370.3125,100,2505,10001,"[0, 100000]","[0, 100000]",0,0,1855,15820
yolov8x_training,1259.128749,80,171.038,13370.3125,65,2115,10001,"[0, 100000]","[0, 100000]",0,0,1806,14355
yolov8x_training,1260.171690,80,172.983,13370.3125,27,450,10001,"[0, 100000]","[0, 100000]",0,0,2197,14013
yolov8x_training,1261.215304,79,169.984,13370.3125,37,420,10001,"[0, 100000]","[0, 100000]",0,0,1660,13671
yolov8x_training,1262.258228,80,171.815,13370.3125,80,405,10001,"[0, 100000]","[0, 100000]",0,0,1904,15283
yolov8x_training,1263.301245,80,174.292,13370.3125,100,435,10001,"[0, 100000]","[0, 100000]",0,0,1757,15332
yolov8x_training,1264.344056,77,174.632,13370.3125,100,450,10001,"[0, 100000]","[0, 100000]",0,0,2148,13183
yolov8x_training,1265.387833,78,174.029,13370.3125,100,525,10001,"[0, 100000]","[0, 100000]",0,0,1611,9765
yolov8x_training,1266.430813,79,173.129,13370.3125,100,765,10001,"[0, 100000]","[0, 100000]",0,0,1806,11669
yolov8x_training,1267.473595,79,174.762,13370.3125,100,405,10001,"[0, 100000]","[0, 100000]",0,0,1806,8056
yolov8x_training,1268.516420,80,173.164,13370.3125,100,525,10001,"[0, 100000]","[0, 100000]",0,0,1757,8935
yolov8x_training,1269.559216,80,174.154,13370.3125,100,2505,10001,"[0, 100000]","[0, 100000]",0,0,2001,7763
yolov8x_training,1270.602123,80,178.872,13370.3125,96,1620,10001,"[0, 100000]","[0, 100000]",0,0,2001,8691
yolov8x_training,1271.645098,80,169.701,13370.3125,96,450,10001,"[0, 100000]","[0, 100000]",0,0,2783,9423
yolov8x_training,1272.687918,80,169.362,13370.3125,74,390,10001,"[0, 100000]","[0, 100000]",0,0,2343,8984
yolov8x_training,1273.730846,81,173.245,13370.3125,41,435,10001,"[0, 100000]","[0, 100000]",0,0,3271,11328
yolov8x_training,1274.773746,77,173.465,13370.3125,34,450,10001,"[0, 100000]","[0, 100000]",0,0,3808,11816
yolov8x_training,1275.816656,78,174.389,13370.3125,76,375,10001,"[0, 100000]","[0, 100000]",0,0,2001,16699
yolov8x_training,1276.859601,79,173.223,13370.3125,100,540,10001,"[0, 100000]","[0, 100000]",0,0,2490,18017
yolov8x_training,1277.902469,79,175.191,13370.3125,100,480,10001,"[0, 100000]","[0, 100000]",0,0,2246,15722
yolov8x_training,1278.945272,80,175.905,13370.3125,100,510,10001,"[0, 100000]","[0, 100000]",0,0,2734,19384
yolov8x_training,1279.998805,80,172.717,13370.3125,100,2505,10001,"[0, 100000]","[0, 100000]",0,0,14404,14599
yolov8x_training,1281.041726,80,180.239,13370.3125,96,1680,10001,"[0, 100000]","[0, 100000]",0,0,4296,19042
yolov8x_training,1282.084607,80,172.726,13370.3125,96,465,10001,"[0, 100000]","[0, 100000]",0,0,5566,17333
yolov8x_training,1283.127520,78,168.953,13370.3125,78,405,10001,"[0, 100000]","[0, 100000]",0,0,4638,21728
yolov8x_training,1284.170424,80,173.830,13370.3125,23,390,10001,"[0, 100000]","[0, 100000]",0,0,13183,13378
yolov8x_training,1285.213233,81,175.236,13370.3125,22,435,10001,"[0, 100000]","[0, 100000]",0,0,1660,21435
yolov8x_training,1286.257533,77,174.200,13370.3125,74,450,10001,"[0, 100000]","[0, 100000]",0,0,14404,14599
yolov8x_training,1287.300388,78,173.721,13370.3125,100,420,10001,"[0, 100000]","[0, 100000]",0,0,5615,20703
yolov8x_training,1288.343655,79,174.293,13370.3125,100,615,10001,"[0, 100000]","[0, 100000]",0,0,12988,15966
yolov8x_training,1289.386628,79,176.059,13370.3125,100,585,10001,"[0, 100000]","[0, 100000]",0,0,4443,22119
yolov8x_training,1290.436117,80,176.140,13370.3125,100,480,10001,"[0, 100000]","[0, 100000]",0,0,14599,14160
yolov8x_training,1291.479074,80,172.539,13370.3125,100,2505,10001,"[0, 100000]","[0, 100000]",0,0,6298,14941
yolov8x_training,1292.528516,80,176.671,13370.3125,96,2070,10001,"[0, 100000]","[0, 100000]",0,0,14355,12841
yolov8x_training,1293.571478,80,171.532,13370.3125,96,450,10001,"[0, 100000]","[0, 100000]",0,0,13232,12597
yolov8x_training,1294.624069,80,170.592,13370.3125,100,405,10001,"[0, 100000]","[0, 100000]",0,0,14257,15429
yolov8x_training,1295.667031,80,174.293,13370.3125,45,390,10001,"[0, 100000]","[0, 100000]",0,0,4687,22070
yolov8x_training,1296.709855,79,175.839,13370.3125,12,420,10001,"[0, 100000]","[0, 100000]",0,0,13378,11572
yolov8x_training,1297.752688,77,174.374,13370.3125,61,420,10001,"[0, 100000]","[0, 100000]",0,0,7861,12646
yolov8x_training,1298.809490,78,174.544,13370.3125,94,375,10001,"[0, 100000]","[0, 100000]",0,0,14306,9130
yolov8x_training,1299.852331,79,174.110,13370.3125,100,585,10001,"[0, 100000]","[0, 100000]",0,0,9472,12451
yolov8x_training,1300.906629,79,175.516,13370.3125,100,435,10001,"[0, 100000]","[0, 100000]",0,0,14453,12207
yolov8x_training,1301.949522,80,173.581,13370.3125,100,510,10001,"[0, 100000]","[0, 100000]",0,0,13330,13769
yolov8x_training,1303.006023,80,175.451,13370.3125,100,2505,10001,"[0, 100000]","[0, 100000]",0,0,14355,11816
yolov8x_training,1304.048890,80,175.141,13370.3125,97,1575,10001,"[0, 100000]","[0, 100000]",0,0,10693,12207
yolov8x_training,1305.105782,80,170.324,13370.3125,75,465,10001,"[0, 100000]","[0, 100000]",0,0,14453,11376
yolov8x_training,1306.148640,80,171.663,13370.3125,36,405,10001,"[0, 100000]","[0, 100000]",0,0,11718,12792
yolov8x_training,1307.205371,79,174.361,13370.3125,40,435,10001,"[0, 100000]","[0, 100000]",0,0,14550,12207
yolov8x_training,1308.254521,77,173.783,13370.3125,80,450,10001,"[0, 100000]","[0, 100000]",0,0,12353,27099
yolov8x_training,1309.308209,79,175.405,13370.3125,100,390,10001,"[0, 100000]","[0, 100000]",0,0,14160,12988
yolov8x_training,1310.351051,79,174.393,13370.3125,100,585,10001,"[0, 100000]","[0, 100000]",0,0,9814,12744
yolov8x_training,1311.407040,79,175.631,13370.3125,100,420,10001,"[0, 100000]","[0, 100000]",0,0,14257,13525
yolov8x_training,1312.449908,80,172.757,13370.3125,100,510,10001,"[0, 100000]","[0, 100000]",0,0,12451,14062
yolov8x_training,1313.509525,80,174.775,13370.3125,96,2505,10001,"[0, 100000]","[0, 100000]",0,0,14306,17285
yolov8x_training,1314.552424,80,175.649,13370.3125,96,1605,10001,"[0, 100000]","[0, 100000]",0,0,4589,21044
yolov8x_training,1315.604073,81,169.899,13370.3125,100,465,10001,"[0, 100000]","[0, 100000]",0,0,14404,11914
yolov8x_training,1316.646932,80,171.326,13370.3125,53,390,10001,"[0, 100000]","[0, 100000]",0,0,6347,16064
yolov8x_training,1317.702472,79,174.095,13370.3125,20,435,10001,"[0, 100000]","[0, 100000]",0,0,14355,10253
yolov8x_training,1318.745389,77,173.507,13370.3125,56,465,10001,"[0, 100000]","[0, 100000]",0,0,5322,22802
yolov8x_training,1319.788267,78,174.152,13370.3125,84,405,10001,"[0, 100000]","[0, 100000]",0,0,12890,13281
yolov8x_training,1320.831165,79,174.474,13370.3125,100,525,10001,"[0, 100000]","[0, 100000]",0,0,6835,13720
yolov8x_training,1321.881534,79,174.874,13370.3125,100,675,10001,"[0, 100000]","[0, 100000]",0,0,14306,10351
yolov8x_training,1322.924443,80,174.092,13370.3125,100,480,10001,"[0, 100000]","[0, 100000]",0,0,11376,13574
yolov8x_training,1323.977691,80,172.572,13370.3125,100,2505,10001,"[0, 100000]","[0, 100000]",0,0,13769,12255
yolov8x_training,1325.024934,80,178.352,13370.3125,96,2190,10001,"[0, 100000]","[0, 100000]",0,0,14160,16748
yolov8x_training,1326.083012,81,169.705,13370.3125,97,465,10001,"[0, 100000]","[0, 100000]",0,0,14208,12353
yolov8x_training,1327.125860,79,169.508,13370.3125,57,435,10001,"[0, 100000]","[0, 100000]",0,0,10253,12646
yolov8x_training,1328.178410,80,173.489,13370.3125,17,420,10001,"[0, 100000]","[0, 100000]",0,0,14306,9082
yolov8x_training,1329.221249,77,174.391,13370.3125,60,495,10001,"[0, 100000]","[0, 100000]",0,0,12890,14062
yolov8x_training,1330.276768,78,175.287,13370.3125,100,450,10001,"[0, 100000]","[0, 100000]",0,0,14501,11669
yolov8x_training,1331.319584,79,174.200,13370.3125,100,495,10001,"[0, 100000]","[0, 100000]",0,0,13671,12792
yolov8x_training,1332.374244,79,174.259,13370.3125,100,720,10001,"[0, 100000]","[0, 100000]",0,0,14257,13916
yolov8x_training,1333.422814,80,174.776,13370.3125,100,480,10001,"[0, 100000]","[0, 100000]",0,0,14453,16113
yolov8x_training,1334.480652,80,172.338,13370.3125,100,2505,10001,"[0, 100000]","[0, 100000]",0,0,14208,13769
yolov8x_training,1335.523540,80,178.630,13370.3125,97,2190,10001,"[0, 100000]","[0, 100000]",0,0,7324,13476
yolov8x_training,1336.573960,80,170.025,13370.3125,97,465,10001,"[0, 100000]","[0, 100000]",0,0,14501,13085
yolov8x_training,1337.616866,79,169.587,13370.3125,77,405,10001,"[0, 100000]","[0, 100000]",0,0,13330,13476
yolov8x_training,1338.672174,80,173.719,13370.3125,37,420,10001,"[0, 100000]","[0, 100000]",0,0,14306,12744
yolov8x_training,1339.715020,80,174.530,13370.3125,30,450,10001,"[0, 100000]","[0, 100000]",0,0,2490,17675
yolov8x_training,1340.770441,77,173.673,13370.3125,53,495,10001,"[0, 100000]","[0, 100000]",0,0,14306,14306
yolov8x_training,1341.813528,79,173.872,13370.3125,100,465,10001,"[0, 100000]","[0, 100000]",0,0,2294,17822
yolov8x_training,1342.856367,79,175.523,13370.3125,100,510,10001,"[0, 100000]","[0, 100000]",0,0,11523,12060
yolov8x_training,1343.899199,80,174.715,13370.3125,100,465,10001,"[0, 100000]","[0, 100000]",0,0,3955,22460
yolov8x_training,1344.942029,80,175.403,13370.3125,100,480,10001,"[0, 100000]","[0, 100000]",0,0,9521,11230
yolov8x_training,1345.984965,80,173.303,13370.3125,100,615,10001,"[0, 100000]","[0, 100000]",0,0,4638,20703
yolov8x_training,1347.030584,80,176.824,13370.3125,96,2310,10001,"[0, 100000]","[0, 100000]",0,0,14306,13574
yolov8x_training,1348.076904,80,168.717,13370.3125,97,660,10001,"[0, 100000]","[0, 100000]",0,0,14111,16113
yolov8x_training,1349.131771,79,171.404,13370.3125,36,435,10001,"[0, 100000]","[0, 100000]",0,0,14257,12060
yolov8x_training,1350.174859,81,173.356,13370.3125,19,405,10001,"[0, 100000]","[0, 100000]",0,0,12207,13525
yolov8x_training,1351.230999,77,173.307,13370.3125,74,435,10001,"[0, 100000]","[0, 100000]",0,0,14208,12695
yolov8x_training,1352.273916,78,175.420,13370.3125,100,435,10001,"[0, 100000]","[0, 100000]",0,0,1123,19238
yolov8x_training,1353.316709,79,174.880,13370.3125,100,390,10001,"[0, 100000]","[0, 100000]",0,0,5371,18310
yolov8x_training,1354.359751,79,174.008,13370.3125,100,585,10001,"[0, 100000]","[0, 100000]",0,0,6250,14746
yolov8x_training,1355.407092,80,175.732,13370.3125,100,465,10001,"[0, 100000]","[0, 100000]",0,0,14453,13378
yolov8x_training,1356.450014,79,171.982,13370.3125,100,480,10001,"[0, 100000]","[0, 100000]",0,0,13281,14208
yolov8x_training,1357.509095,80,177.753,13370.3125,96,2505,10001,"[0, 100000]","[0, 100000]",0,0,14599,12744
yolov8x_training,1358.551968,80,171.174,13370.3125,97,1725,10001,"[0, 100000]","[0, 100000]",0,0,13037,13818
yolov8x_training,1359.614357,80,170.088,13370.3125,100,450,10001,"[0, 100000]","[0, 100000]",0,0,14306,13916
yolov8x_training,1360.657253,80,174.016,13370.3125,32,375,10001,"[0, 100000]","[0, 100000]",0,0,6250,13867
yolov8x_training,1361.707776,80,173.868,13370.3125,18,420,10001,"[0, 100000]","[0, 100000]",0,0,14550,12792
yolov8x_training,1362.750667,81,173.592,13370.3125,74,435,10001,"[0, 100000]","[0, 100000]",0,0,13427,14111
yolov8x_training,1363.810599,77,175.040,13370.3125,100,405,10001,"[0, 100000]","[0, 100000]",0,0,14111,13525
yolov8x_training,1364.853598,78,173.475,13370.3125,100,570,10001,"[0, 100000]","[0, 100000]",0,0,9033,12646
yolov8x_training,1365.899879,79,176.071,13370.3125,100,450,10001,"[0, 100000]","[0, 100000]",0,0,14257,16552
yolov8x_training,1366.947630,79,172.915,13370.3125,100,495,10001,"[0, 100000]","[0, 100000]",0,0,14355,13037
yolov8x_training,1368.006325,80,177.490,13370.3125,96,2505,10001,"[0, 100000]","[0, 100000]",0,0,14550,12500
yolov8x_training,1369.049087,80,172.740,13370.3125,96,1605,10001,"[0, 100000]","[0, 100000]",0,0,12939,14160
yolov8x_training,1370.099058,80,170.553,13370.3125,64,465,10001,"[0, 100000]","[0, 100000]",0,0,14306,16650
yolov8x_training,1371.142207,80,173.972,13370.3125,14,435,10001,"[0, 100000]","[0, 100000]",0,0,14453,14648
yolov8x_training,1372.206087,80,174.504,13370.3125,58,435,10001,"[0, 100000]","[0, 100000]",0,0,14306,12646
yolov8x_training,1373.248977,80,174.141,13370.3125,99,435,10001,"[0, 100000]","[0, 100000]",0,0,12500,14062
yolov8x_training,1374.304036,77,174.260,13370.3125,100,390,10001,"[0, 100000]","[0, 100000]",0,0,14453,12304
yolov8x_training,1375.346946,78,175.217,13370.3125,100,600,10001,"[0, 100000]","[0, 100000]",0,0,1855,24169
yolov8x_training,1376.389794,78,177.313,13370.3125,100,645,10001,"[0, 100000]","[0, 100000]",0,0,7177,11914
yolov8x_training,1377.432858,79,172.817,13370.3125,100,495,10001,"[0, 100000]","[0, 100000]",0,0,8251,12597
yolov8x_training,1378.485671,79,174.766,13370.3125,97,2505,10001,"[0, 100000]","[0, 100000]",0,0,14453,9667
yolov8x_training,1379.528578,80,175.554,13370.3125,96,2205,10001,"[0, 100000]","[0, 100000]",0,0,6005,17431
yolov8x_training,1380.580842,80,170.115,13370.3125,100,465,10001,"[0, 100000]","[0, 100000]",0,0,14306,11669
yolov8x_training,1381.623634,80,171.328,13370.3125,58,390,10001,"[0, 100000]","[0, 100000]",0,0,12060,13574
yolov8x_training,1382.666480,80,175.639,13370.3125,27,375,10001,"[0, 100000]","[0, 100000]",0,0,8056,11914
yolov8x_training,1383.709476,80,174.469,13370.3125,34,420,10001,"[0, 100000]","[0, 100000]",0,0,11376,14111
yolov8x_training,1384.762730,81,174.030,13370.3125,79,495,10001,"[0, 100000]","[0, 100000]",0,0,14599,11767
yolov8x_training,1385.805626,77,173.407,13370.3125,100,390,10001,"[0, 100000]","[0, 100000]",0,0,13281,13769
yolov8x_training,1386.856636,78,175.196,13370.3125,100,555,10001,"[0, 100000]","[0, 100000]",0,0,14306,13134
yolov8x_training,1387.902803,79,176.667,13370.3125,100,480,10001,"[0, 100000]","[0, 100000]",0,0,12744,20068
yolov8x_training,1388.959149,79,172.978,13370.3125,100,495,10001,"[0, 100000]","[0, 100000]",0,0,12890,19238
yolov8x_training,1390.001952,80,178.750,13370.3125,96,2505,10001,"[0, 100000]","[0, 100000]",0,0,13330,13427
yolov8x_training,1391.051476,80,170.005,13370.3125,97,2085,10001,"[0, 100000]","[0, 100000]",0,0,14208,17089
yolov8x_training,1392.094258,80,170.107,13370.3125,100,450,10001,"[0, 100000]","[0, 100000]",0,0,4394,21826
yolov8x_training,1393.137529,80,174.147,13370.3125,25,420,10001,"[0, 100000]","[0, 100000]",0,0,3662,19433
yolov8x_training,1394.180376,80,175.860,13370.3125,21,375,10001,"[0, 100000]","[0, 100000]",0,0,2001,8642
yolov8x_training,1395.223186,80,178.922,13370.3125,20,360,10001,"[0, 100000]","[0, 100000]",0,0,1806,8593
yolov8x_training,1396.266098,79,175.298,13370.3125,44,420,10001,"[0, 100000]","[0, 100000]",0,0,1757,11767
yolov8x_training,1397.309107,80,174.951,13370.3125,98,435,10001,"[0, 100000]","[0, 100000]",0,0,1806,7421
yolov8x_training,1398.352065,81,175.958,13370.3125,100,435,10001,"[0, 100000]","[0, 100000]",0,0,1904,12646
yolov8x_training,1399.394886,77,174.696,13370.3125,100,375,10001,"[0, 100000]","[0, 100000]",0,0,1806,8935
yolov8x_training,1400.438038,78,175.962,13370.3125,100,585,10001,"[0, 100000]","[0, 100000]",0,0,1757,15185
yolov8x_training,1401.480892,79,176.112,13370.3125,100,480,10001,"[0, 100000]","[0, 100000]",0,0,1562,8544
yolov8x_training,1402.524005,79,175.278,13370.3125,100,450,10001,"[0, 100000]","[0, 100000]",0,0,1855,13183
yolov8x_training,1403.566867,80,176.279,13370.3125,97,2505,10001,"[0, 100000]","[0, 100000]",0,0,1757,7617
yolov8x_training,1404.609663,80,174.652,13370.3125,97,2355,10001,"[0, 100000]","[0, 100000]",0,0,1757,12646
yolov8x_training,1405.652577,80,170.535,13370.3125,100,705,10001,"[0, 100000]","[0, 100000]",0,0,1757,8398
yolov8x_training,1406.695666,80,171.988,13370.3125,70,405,10001,"[0, 100000]","[0, 100000]",0,0,2490,10888
yolov8x_training,1407.738460,80,175.660,13370.3125,51,360,10001,"[0, 100000]","[0, 100000]",0,0,1757,13818
yolov8x_training,1408.781474,80,172.707,13370.3125,18,405,10001,"[0, 100000]","[0, 100000]",0,0,1855,15722
yolov8x_training,1409.824570,81,173.850,13370.3125,62,480,10001,"[0, 100000]","[0, 100000]",0,0,1757,14257
yolov8x_training,1410.867340,79,174.933,13370.3125,100,450,10001,"[0, 100000]","[0, 100000]",0,0,1757,13574
yolov8x_training,1411.910178,78,174.520,13370.3125,100,570,10001,"[0, 100000]","[0, 100000]",0,0,1708,8251
yolov8x_training,1412.953170,79,175.054,13370.3125,100,630,10001,"[0, 100000]","[0, 100000]",0,0,1904,9912
yolov8x_training,1413.996333,79,173.931,13370.3125,100,465,10001,"[0, 100000]","[0, 100000]",0,0,1806,8203
yolov8x_training,1415.039164,80,178.912,13370.3125,97,690,10001,"[0, 100000]","[0, 100000]",0,0,2050,8349
yolov8x_training,1416.082055,80,174.358,13370.3125,97,2430,10001,"[0, 100000]","[0, 100000]",0,0,2392,8154
yolov8x_training,1417.125386,80,168.884,13370.3125,85,585,10001,"[0, 100000]","[0, 100000]",0,0,1904,9179
yolov8x_training,1418.168164,80,173.543,13370.3125,40,450,10001,"[0, 100000]","[0, 100000]",0,0,1953,7666
yolov8x_training,1419.211026,80,174.359,13370.3125,19,360,10001,"[0, 100000]","[0, 100000]",0,0,1708,9375
yolov8x_training,1420.253827,80,175.440,13370.3125,55,390,10001,"[0, 100000]","[0, 100000]",0,0,1855,8007
yolov8x_training,1421.296811,80,173.635,13370.3125,95,495,10001,"[0, 100000]","[0, 100000]",0,0,2148,8398
yolov8x_training,1422.339858,77,174.846,13370.3125,100,450,10001,"[0, 100000]","[0, 100000]",0,0,2832,8593
yolov8x_training,1423.382760,78,174.071,13370.3125,100,510,10001,"[0, 100000]","[0, 100000]",0,0,2490,8837
yolov8x_training,1424.425753,79,175.856,13370.3125,100,465,10001,"[0, 100000]","[0, 100000]",0,0,2734,9521
yolov8x_training,1425.468769,79,172.507,13370.3125,100,495,10001,"[0, 100000]","[0, 100000]",0,0,3955,11718
yolov8x_training,1426.511608,80,177.676,13370.3125,96,2505,10001,"[0, 100000]","[0, 100000]",0,0,2001,17675
yolov8x_training,1427.554498,80,172.288,13370.3125,97,2175,10001,"[0, 100000]","[0, 100000]",0,0,2685,16699
yolov8x_training,1428.597337,80,170.157,13370.3125,100,465,10001,"[0, 100000]","[0, 100000]",0,0,12500,15185
yolov8x_training,1429.640075,80,174.124,13370.3125,44,405,10001,"[0, 100000]","[0, 100000]",0,0,3320,15185
yolov8x_training,1430.682929,80,176.174,13370.3125,8,390,10001,"[0, 100000]","[0, 100000]",0,0,3173,19824
yolov8x_training,1431.726015,80,173.610,13370.3125,56,435,10001,"[0, 100000]","[0, 100000]",0,0,3564,23242
yolov8x_training,1432.769099,79,175.003,13370.3125,97,495,10001,"[0, 100000]","[0, 100000]",0,0,11914,13525
yolov8x_training,1433.811949,77,172.760,13370.3125,100,390,10001,"[0, 100000]","[0, 100000]",0,0,12207,14990
yolov8x_training,1434.867230,78,175.792,13370.3125,100,525,10001,"[0, 100000]","[0, 100000]",0,0,14453,13134
yolov8x_training,1435.910121,79,172.915,13370.3125,100,480,10001,"[0, 100000]","[0, 100000]",0,0,7373,13525
yolov8x_training,1436.961000,80,174.108,13370.3125,100,465,10001,"[0, 100000]","[0, 100000]",0,0,14404,15087
yolov8x_training,1438.006463,80,177.036,13370.3125,96,2505,10001,"[0, 100000]","[0, 100000]",0,0,14306,12060
yolov8x_training,1439.060699,80,170.232,13370.3125,96,1770,10001,"[0, 100000]","[0, 100000]",0,0,14453,13330
yolov8x_training,1440.103620,80,171.964,13370.3125,74,450,10001,"[0, 100000]","[0, 100000]",0,0,3906,86669
yolov8x_training,1441.225138,78,159.569,13370.3125,100,420,10001,"[0, 100000]","[0, 100000]",0,0,341,292
yolov8x_training,1442.267871,80,158.952,13370.3125,98,2505,10001,"[0, 100000]","[0, 100000]",0,0,1562,4443
yolov8x_training,1443.311007,80,168.993,13370.3125,11,435,10001,"[0, 100000]","[0, 100000]",0,0,1855,11767
yolov8x_training,1444.354665,79,157.979,13370.3125,100,795,10001,"[0, 100000]","[0, 100000]",0,0,4980,95410
yolov8x_training,1445.467479,80,169.470,13370.3125,96,555,10001,"[0, 100000]","[0, 100000]",0,0,14355,18066
yolov8x_training,1446.518783,80,171.463,13370.3125,97,2475,10001,"[0, 100000]","[0, 100000]",0,0,14355,14550
yolov8x_training,1447.561808,80,169.029,13370.3125,100,1770,10001,"[0, 100000]","[0, 100000]",0,0,12646,14013
yolov8x_training,1448.619015,80,172.555,13370.3125,37,435,10001,"[0, 100000]","[0, 100000]",0,0,14453,14648
yolov8x_training,1449.662050,79,174.347,13370.3125,16,360,10001,"[0, 100000]","[0, 100000]",0,0,13769,12744
yolov8x_training,1450.713841,80,172.557,13370.3125,72,450,10001,"[0, 100000]","[0, 100000]",0,0,14453,17236
yolov8x_training,1451.756768,81,175.801,13370.3125,100,495,10001,"[0, 100000]","[0, 100000]",0,0,4101,21728
yolov8x_training,1452.803571,77,174.044,13370.3125,100,390,10001,"[0, 100000]","[0, 100000]",0,0,14355,13671
yolov8x_training,1453.846477,78,174.948,13370.3125,100,540,10001,"[0, 100000]","[0, 100000]",0,0,11474,14062
yolov8x_training,1454.898218,79,172.918,13370.3125,100,495,10001,"[0, 100000]","[0, 100000]",0,0,14257,13134
yolov8x_training,1455.942359,79,174.441,13370.3125,100,480,10001,"[0, 100000]","[0, 100000]",0,0,14257,14990
yolov8x_training,1456.999094,80,177.188,13370.3125,96,2505,10001,"[0, 100000]","[0, 100000]",0,0,14453,10107
yolov8x_training,1458.042406,80,169.115,13370.3125,95,2175,10001,"[0, 100000]","[0, 100000]",0,0,14257,16406
yolov8x_training,1459.094994,80,171.765,13370.3125,99,465,10001,"[0, 100000]","[0, 100000]",0,0,14501,14843
yolov8x_training,1460.143943,80,174.187,13370.3125,20,390,10001,"[0, 100000]","[0, 100000]",0,0,14355,16552
yolov8x_training,1461.196336,80,173.908,13370.3125,78,390,10001,"[0, 100000]","[0, 100000]",0,0,14453,12744
yolov8x_training,1462.239212,81,174.596,13370.3125,100,480,10001,"[0, 100000]","[0, 100000]",0,0,13085,13769
yolov8x_training,1463.297076,77,173.674,13370.3125,100,375,10001,"[0, 100000]","[0, 100000]",0,0,14453,13281
yolov8x_training,1464.339971,78,175.985,13370.3125,100,540,10001,"[0, 100000]","[0, 100000]",0,0,7861,13818
yolov8x_training,1465.383082,79,173.324,13370.3125,100,600,10001,"[0, 100000]","[0, 100000]",0,0,13232,17089
yolov8x_training,1466.425904,79,175.753,13370.3125,100,435,10001,"[0, 100000]","[0, 100000]",0,0,5859,16796
yolov8x_training,1467.474399,80,176.803,13370.3125,96,1215,10001,"[0, 100000]","[0, 100000]",0,0,14404,10400
yolov8x_training,1468.519032,80,169.568,13370.3125,97,2475,10001,"[0, 100000]","[0, 100000]",0,0,14404,14941
yolov8x_training,1469.578664,80,171.013,13370.3125,65,465,10001,"[0, 100000]","[0, 100000]",0,0,14550,14355
yolov8x_training,1470.621622,80,174.929,13370.3125,34,420,10001,"[0, 100000]","[0, 100000]",0,0,4492,21240
yolov8x_training,1471.664650,79,175.314,13370.3125,31,420,10001,"[0, 100000]","[0, 100000]",0,0,6591,13574
yolov8x_training,1472.707513,80,174.402,13370.3125,59,435,10001,"[0, 100000]","[0, 100000]",0,0,2587,17724
yolov8x_training,1473.758627,80,174.321,13370.3125,100,450,10001,"[0, 100000]","[0, 100000]",0,0,14160,18554
yolov8x_training,1474.801577,77,174.604,13370.3125,100,450,10001,"[0, 100000]","[0, 100000]",0,0,12451,14501
yolov8x_training,1475.849716,79,174.392,13370.3125,100,525,10001,"[0, 100000]","[0, 100000]",0,0,14453,14062
yolov8x_training,1476.892672,79,173.568,13370.3125,100,795,10001,"[0, 100000]","[0, 100000]",0,0,13183,14892
yolov8x_training,1477.935632,80,163.304,13370.3125,100,2505,10001,"[0, 100000]","[0, 100000]",0,0,3710,24804
yolov8x_training,1479.068198,80,170.933,13370.3125,97,1620,10001,"[0, 100000]","[0, 100000]",0,0,13232,19921
yolov8x_training,1480.173488,80,174.085,13370.3125,20,420,10001,"[0, 100000]","[0, 100000]",0,0,14160,13769
yolov8x_training,1481.216506,77,166.308,13370.3125,100,450,10001,"[0, 100000]","[0, 100000]",0,0,292,1035156
yolov8x_training,1482.259517,80,164.440,13370.3125,96,420,10001,"[0, 100000]","[0, 100000]",0,0,341,292
yolov8x_training,1483.302273,80,180.739,13370.3125,97,495,10001,"[0, 100000]","[0, 100000]",0,0,390,292
yolov8x_training,1484.344909,80,173.798,13370.3125,96,2505,10001,"[0, 100000]","[0, 100000]",0,0,292,292
yolov8x_training,1485.387443,80,178.206,13370.3125,90,2475,10001,"[0, 100000]","[0, 100000]",0,0,341,341
yolov8x_training,1486.430019,80,177.403,13370.3125,37,465,10001,"[0, 100000]","[0, 100000]",0,0,341,292
yolov8x_training,1487.472676,79,168.914,13370.3125,16,390,10001,"[0, 100000]","[0, 100000]",0,0,341,292
yolov8x_training,1488.515399,80,174.417,13370.3125,70,390,10001,"[0, 100000]","[0, 100000]",0,0,341,292
yolov8x_training,1489.557996,81,174.356,13370.3125,100,495,10001,"[0, 100000]","[0, 100000]",0,0,292,292
yolov8x_training,1490.600592,77,173.928,13370.3125,100,375,10001,"[0, 100000]","[0, 100000]",0,0,732,292
yolov8x_training,1491.643636,78,174.269,13370.3125,100,540,10001,"[0, 100000]","[0, 100000]",0,0,878,341
yolov8x_training,1492.686278,79,174.468,13370.3125,100,645,10001,"[0, 100000]","[0, 100000]",0,0,1171,341
yolov8x_training,1493.728971,80,175.830,13370.3125,100,420,10001,"[0, 100000]","[0, 100000]",0,0,1074,292
yolov8x_training,1494.771632,80,172.776,13370.3125,100,1170,10001,"[0, 100000]","[0, 100000]",0,0,1025,2197
yolov8x_training,1495.814534,80,175.610,13370.3125,97,2475,10001,"[0, 100000]","[0, 100000]",0,0,1269,2734
yolov8x_training,1496.857963,80,176.447,13370.3125,96,825,10001,"[0, 100000]","[0, 100000]",0,0,1513,2929
yolov8x_training,1497.900814,79,168.821,13370.3125,100,420,10001,"[0, 100000]","[0, 100000]",0,0,1513,3027
yolov8x_training,1498.943683,80,171.964,13370.3125,78,405,10001,"[0, 100000]","[0, 100000]",0,0,1611,5761
yolov8x_training,1499.986514,81,174.538,13370.3125,13,480,10001,"[0, 100000]","[0, 100000]",0,0,1513,5908
yolov8x_training,1501.029437,77,174.433,13370.3125,41,375,10001,"[0, 100000]","[0, 100000]",0,0,1416,6152
yolov8x_training,1502.072308,78,174.456,13370.3125,96,525,10001,"[0, 100000]","[0, 100000]",0,0,1513,6152
yolov8x_training,1503.115266,79,173.482,13370.3125,100,525,10001,"[0, 100000]","[0, 100000]",0,0,1367,6494
yolov8x_training,1504.158157,80,175.859,13370.3125,100,405,10001,"[0, 100000]","[0, 100000]",0,0,1367,6103
yolov8x_training,1505.201323,80,172.312,13370.3125,100,1252,10001,"[0, 100000]","[0, 100000]",0,0,1611,5078
yolov8x_training,1506.244170,80,177.684,13370.3125,96,2460,10001,"[0, 100000]","[0, 100000]",0,0,1562,5615
yolov8x_training,1507.287003,80,176.324,13370.3125,97,825,10001,"[0, 100000]","[0, 100000]",0,0,1660,4345
yolov8x_training,1508.329956,79,168.616,13370.3125,81,435,10001,"[0, 100000]","[0, 100000]",0,0,1806,7617
yolov8x_training,1509.372867,77,167.111,13370.3125,67,450,10001,"[0, 100000]","[0, 100000]",0,0,6103,19628
yolov8x_training,1510.449852,79,161.227,13370.3125,100,495,10001,"[0, 100000]","[0, 100000]",0,0,12646,28759
yolov8x_training,1511.492754,80,169.400,13370.3125,93,1545,10001,"[0, 100000]","[0, 100000]",0,0,341,292
yolov8x_training,1512.535930,77,161.566,13370.3125,0,390,10001,"[0, 100000]","[0, 100000]",0,0,1708,4833
yolov8x_training,1513.579107,79,158.962,13370.3125,100,1080,10001,"[0, 100000]","[0, 100000]",0,0,1904,15722
yolov8x_training,1514.622380,79,171.114,13370.3125,96,2250,10001,"[0, 100000]","[0, 100000]",0,0,3076,10351
yolov8x_training,1515.665388,80,169.334,13370.3125,100,435,10001,"[0, 100000]","[0, 100000]",0,0,2978,10986
yolov8x_training,1516.708245,80,172.159,13370.3125,46,435,10001,"[0, 100000]","[0, 100000]",0,0,2539,18017
yolov8x_training,1517.751074,81,174.464,13370.3125,14,435,10001,"[0, 100000]","[0, 100000]",0,0,3564,13330
yolov8x_training,1518.794322,77,173.692,13370.3125,58,450,10001,"[0, 100000]","[0, 100000]",0,0,5761,21679
yolov8x_training,1519.837228,78,174.713,13370.3125,97,390,10001,"[0, 100000]","[0, 100000]",0,0,2392,17480
yolov8x_training,1520.880146,79,173.163,13370.3125,100,540,10001,"[0, 100000]","[0, 100000]",0,0,11376,15136
yolov8x_training,1521.922951,79,176.670,13370.3125,100,480,10001,"[0, 100000]","[0, 100000]",0,0,7958,12548
yolov8x_training,1522.977237,80,173.068,13370.3125,100,510,10001,"[0, 100000]","[0, 100000]",0,0,14648,14062
yolov8x_training,1524.020009,80,175.841,13370.3125,100,2505,10001,"[0, 100000]","[0, 100000]",0,0,10400,12646
yolov8x_training,1525.073405,80,176.858,13370.3125,96,1605,10001,"[0, 100000]","[0, 100000]",0,0,14501,14941
yolov8x_training,1526.118612,80,168.760,13370.3125,97,450,10001,"[0, 100000]","[0, 100000]",0,0,14550,14111
yolov8x_training,1527.174385,80,171.420,13370.3125,35,420,10001,"[0, 100000]","[0, 100000]",0,0,14453,14746
yolov8x_training,1528.219416,81,173.684,13370.3125,19,435,10001,"[0, 100000]","[0, 100000]",0,0,14453,14697
yolov8x_training,1529.280891,77,174.049,13370.3125,74,465,10001,"[0, 100000]","[0, 100000]",0,0,14453,17138
yolov8x_training,1530.323864,78,174.383,13370.3125,100,390,10001,"[0, 100000]","[0, 100000]",0,0,5664,17382
yolov8x_training,1531.375215,79,173.521,13370.3125,100,600,10001,"[0, 100000]","[0, 100000]",0,0,14306,11523
yolov8x_training,1532.418070,79,175.059,13370.3125,100,525,10001,"[0, 100000]","[0, 100000]",0,0,8935,12744
yolov8x_training,1533.477904,80,172.633,13370.3125,100,495,10001,"[0, 100000]","[0, 100000]",0,0,14257,16064
yolov8x_training,1534.520761,80,175.540,13370.3125,97,2505,10001,"[0, 100000]","[0, 100000]",0,0,8398,12939
yolov8x_training,1535.563608,80,179.550,13370.3125,96,1800,10001,"[0, 100000]","[0, 100000]",0,0,12841,17822
yolov8x_training,1536.606525,80,171.497,13370.3125,96,555,10001,"[0, 100000]","[0, 100000]",0,0,4492,22021
yolov8x_training,1537.653618,80,170.362,13370.3125,67,390,10001,"[0, 100000]","[0, 100000]",0,0,14306,14257
yolov8x_training,1538.697474,80,174.452,13370.3125,38,420,10001,"[0, 100000]","[0, 100000]",0,0,14208,18066
yolov8x_training,1539.748631,77,174.521,13370.3125,38,495,10001,"[0, 100000]","[0, 100000]",0,0,14648,14843
yolov8x_training,1540.794523,77,174.455,13370.3125,72,435,10001,"[0, 100000]","[0, 100000]",0,0,14111,13281
yolov8x_training,1541.847522,79,174.194,13370.3125,100,465,10001,"[0, 100000]","[0, 100000]",0,0,14355,16259
yolov8x_training,1542.893266,79,174.549,13370.3125,100,810,10001,"[0, 100000]","[0, 100000]",0,0,14111,13378
yolov8x_training,1543.951252,79,175.034,13370.3125,100,480,10001,"[0, 100000]","[0, 100000]",0,0,14257,11474
yolov8x_training,1544.994054,80,172.747,13370.3125,100,2445,10001,"[0, 100000]","[0, 100000]",0,0,13769,14746
yolov8x_training,1546.055784,80,179.406,13370.3125,96,2190,10001,"[0, 100000]","[0, 100000]",0,0,14404,16845
yolov8x_training,1547.098769,80,171.740,13370.3125,96,570,10001,"[0, 100000]","[0, 100000]",0,0,6103,14941
yolov8x_training,1548.148756,79,169.342,13370.3125,55,420,10001,"[0, 100000]","[0, 100000]",0,0,14404,13720
yolov8x_training,1549.191593,80,173.841,13370.3125,17,435,10001,"[0, 100000]","[0, 100000]",0,0,13330,14648
yolov8x_training,1550.248281,77,174.085,13370.3125,53,495,10001,"[0, 100000]","[0, 100000]",0,0,14453,10351
yolov8x_training,1551.291096,77,174.257,13370.3125,100,450,10001,"[0, 100000]","[0, 100000]",0,0,13330,15039
yolov8x_training,1552.354165,79,174.259,13370.3125,100,570,10001,"[0, 100000]","[0, 100000]",0,0,14599,16894
yolov8x_training,1553.397073,79,176.613,13370.3125,100,810,10001,"[0, 100000]","[0, 100000]",0,0,4345,21044
yolov8x_training,1554.448970,80,175.096,13370.3125,100,480,10001,"[0, 100000]","[0, 100000]",0,0,14111,12500
yolov8x_training,1555.496624,80,173.149,13370.3125,100,1252,10001,"[0, 100000]","[0, 100000]",0,0,13574,22021
yolov8x_training,1556.547952,80,180.045,13370.3125,96,2220,10001,"[0, 100000]","[0, 100000]",0,0,14013,13378
yolov8x_training,1557.591009,80,172.963,13370.3125,96,540,10001,"[0, 100000]","[0, 100000]",0,0,10400,12304
yolov8x_training,1558.642951,79,170.140,13370.3125,81,405,10001,"[0, 100000]","[0, 100000]",0,0,14697,14746
yolov8x_training,1559.687974,80,174.233,13370.3125,39,420,10001,"[0, 100000]","[0, 100000]",0,0,13964,12841
yolov8x_training,1560.741811,77,173.998,13370.3125,37,510,10001,"[0, 100000]","[0, 100000]",0,0,14453,16357
yolov8x_training,1561.784650,77,175.779,13370.3125,72,450,10001,"[0, 100000]","[0, 100000]",0,0,3857,22509
yolov8x_training,1562.827546,78,173.724,13370.3125,100,420,10001,"[0, 100000]","[0, 100000]",0,0,2050,24169
yolov8x_training,1563.870554,79,175.544,13370.3125,100,525,10001,"[0, 100000]","[0, 100000]",0,0,2441,17187
yolov8x_training,1564.913508,79,175.127,13370.3125,100,675,10001,"[0, 100000]","[0, 100000]",0,0,5078,19824
yolov8x_training,1565.956659,80,174.093,13370.3125,100,450,10001,"[0, 100000]","[0, 100000]",0,0,4248,21826
yolov8x_training,1566.999723,80,173.676,13370.3125,100,480,10001,"[0, 100000]","[0, 100000]",0,0,1757,23730
yolov8x_training,1568.042568,80,180.627,13370.3125,96,1875,10001,"[0, 100000]","[0, 100000]",0,0,3564,11718
yolov8x_training,1569.085320,80,177.035,13370.3125,96,2175,10001,"[0, 100000]","[0, 100000]",0,0,2441,17724
yolov8x_training,1570.128259,81,168.995,13370.3125,94,480,10001,"[0, 100000]","[0, 100000]",0,0,2294,19335
yolov8x_training,1571.171306,79,172.160,13370.3125,41,435,10001,"[0, 100000]","[0, 100000]",0,0,11474,15722
yolov8x_training,1572.214083,81,174.356,13370.3125,16,405,10001,"[0, 100000]","[0, 100000]",0,0,5810,18798
yolov8x_training,1573.261698,77,173.499,13370.3125,75,495,10001,"[0, 100000]","[0, 100000]",0,0,14306,14306
yolov8x_training,1574.304562,78,174.298,13370.3125,100,435,10001,"[0, 100000]","[0, 100000]",0,0,13134,15576
yolov8x_training,1575.352113,79,174.639,13370.3125,100,525,10001,"[0, 100000]","[0, 100000]",0,0,14306,17919
yolov8x_training,1576.394991,79,177.098,13370.3125,100,555,10001,"[0, 100000]","[0, 100000]",0,0,6103,22363
yolov8x_training,1577.445341,80,175.365,13370.3125,100,420,10001,"[0, 100000]","[0, 100000]",0,0,14404,17871
yolov8x_training,1578.502825,80,173.186,13370.3125,96,2505,10001,"[0, 100000]","[0, 100000]",0,0,14453,14257
yolov8x_training,1579.570975,80,175.367,13370.3125,97,2205,10001,"[0, 100000]","[0, 100000]",0,0,14453,19824
yolov8x_training,1580.613834,80,169.923,13370.3125,100,450,10001,"[0, 100000]","[0, 100000]",0,0,10107,24804
yolov8x_training,1581.675556,80,173.496,13370.3125,41,435,10001,"[0, 100000]","[0, 100000]",0,0,14501,14501
yolov8x_training,1582.722810,78,174.602,13370.3125,15,405,10001,"[0, 100000]","[0, 100000]",0,0,14111,18066
yolov8x_training,1583.795266,81,174.254,13370.3125,83,435,10001,"[0, 100000]","[0, 100000]",0,0,14208,13476
yolov8x_training,1584.838323,77,173.347,13370.3125,100,435,10001,"[0, 100000]","[0, 100000]",0,0,13281,15087
yolov8x_training,1585.915250,78,173.861,13370.3125,100,765,10001,"[0, 100000]","[0, 100000]",0,0,14160,14599
yolov8x_training,1586.962666,79,172.730,13370.3125,100,495,10001,"[0, 100000]","[0, 100000]",0,0,14111,18261
yolov8x_training,1588.034084,79,175.952,13370.3125,100,2505,10001,"[0, 100000]","[0, 100000]",0,0,14599,14941
yolov8x_training,1589.083065,80,169.447,13370.3125,96,1680,10001,"[0, 100000]","[0, 100000]",0,0,14160,18408
yolov8x_training,1590.138546,80,170.869,13370.3125,50,435,10001,"[0, 100000]","[0, 100000]",0,0,14306,11669
yolov8x_training,1591.181453,80,174.857,13370.3125,18,375,10001,"[0, 100000]","[0, 100000]",0,0,13183,16845
yolov8x_training,1592.223458,79,173.335,13370.3125,53,360,10001,"[0, 100000]","[0, 100000]",0,0,90332,22119
yolov8x_training,1593.337360,79,158.063,13370.3125,100,420,10001,"[0, 100000]","[0, 100000]",0,0,292,292
yolov8x_training,1594.380709,80,161.186,13370.3125,100,1185,10001,"[0, 100000]","[0, 100000]",0,0,1220,3320
yolov8x_training,1595.423549,80,169.828,13370.3125,63,435,10001,"[0, 100000]","[0, 100000]",0,0,927,2490
yolov8x_training,1596.466415,80,174.612,13370.3125,18,405,10001,"[0, 100000]","[0, 100000]",0,0,1074,3125
yolov8x_training,1597.509333,79,175.894,13370.3125,40,435,10001,"[0, 100000]","[0, 100000]",0,0,1025,2539
yolov8x_training,1598.552120,81,174.054,13370.3125,97,435,10001,"[0, 100000]","[0, 100000]",0,0,1513,2783
yolov8x_training,1599.594995,77,170.091,13370.3125,100,1020,10001,"[0, 100000]","[0, 100000]",0,0,1757,5957
yolov8x_training,1600.638245,79,168.238,13370.3125,95,2505,10001,"[0, 100000]","[0, 100000]",0,0,2441,9570
yolov8x_training,1601.681376,80,177.330,13370.3125,97,2190,10001,"[0, 100000]","[0, 100000]",0,0,2441,10742
yolov8x_training,1602.724136,80,170.414,13370.3125,100,480,10001,"[0, 100000]","[0, 100000]",0,0,1806,12353
yolov8x_training,1603.767088,80,171.819,13370.3125,52,420,10001,"[0, 100000]","[0, 100000]",0,0,2832,10253
yolov8x_training,1604.809944,79,175.373,13370.3125,26,405,10001,"[0, 100000]","[0, 100000]",0,0,2685,8251
yolov8x_training,1605.852815,80,174.020,13370.3125,39,435,10001,"[0, 100000]","[0, 100000]",0,0,2929,9619
yolov8x_training,1606.895649,81,174.739,13370.3125,78,450,10001,"[0, 100000]","[0, 100000]",0,0,2880,8642
yolov8x_training,1607.938627,79,174.933,13370.3125,100,435,10001,"[0, 100000]","[0, 100000]",0,0,2929,10693
yolov8x_training,1608.981528,77,174.303,13370.3125,100,585,10001,"[0, 100000]","[0, 100000]",0,0,2636,8398
yolov8x_training,1610.024990,78,176.649,13370.3125,100,945,10001,"[0, 100000]","[0, 100000]",0,0,2636,10351
yolov8x_training,1611.067778,79,172.739,13370.3125,100,420,10001,"[0, 100000]","[0, 100000]",0,0,2490,9228
yolov8x_training,1612.110593,79,170.070,13370.3125,100,2505,10001,"[0, 100000]","[0, 100000]",0,0,2050,9130
yolov8x_training,1613.153639,80,171.524,13370.3125,1,435,10001,"[0, 100000]","[0, 100000]",0,0,3417,77148
yolov8x_training,1614.275166,77,163.258,13370.3125,100,420,10001,"[0, 100000]","[0, 100000]",0,0,292,292
yolov8x_training,1615.317904,79,163.585,13370.3125,93,937,10001,"[0, 100000]","[0, 100000]",0,0,10595,35449
yolov8x_training,1616.361322,80,170.174,13370.3125,51,435,10001,"[0, 100000]","[0, 100000]",0,0,1269,5859
yolov8x_training,1617.404153,80,174.705,13370.3125,34,405,10001,"[0, 100000]","[0, 100000]",0,0,1416,6152
yolov8x_training,1618.447050,79,174.391,13370.3125,39,405,10001,"[0, 100000]","[0, 100000]",0,0,1416,6054
yolov8x_training,1619.489980,80,174.582,13370.3125,77,495,10001,"[0, 100000]","[0, 100000]",0,0,1513,6591
yolov8x_training,1620.532882,79,173.658,13370.3125,100,405,10001,"[0, 100000]","[0, 100000]",0,0,1416,6347
yolov8x_training,1621.575649,77,175.133,13370.3125,100,525,10001,"[0, 100000]","[0, 100000]",0,0,1513,6201
yolov8x_training,1622.618560,78,173.911,13370.3125,100,540,10001,"[0, 100000]","[0, 100000]",0,0,1855,5224
yolov8x_training,1623.661931,79,174.979,13370.3125,100,480,10001,"[0, 100000]","[0, 100000]",0,0,1367,5859
yolov8x_training,1624.704991,79,174.216,13370.3125,97,540,10001,"[0, 100000]","[0, 100000]",0,0,1562,5810
yolov8x_training,1625.747890,80,179.524,13370.3125,97,1252,10001,"[0, 100000]","[0, 100000]",0,0,1269,5761
yolov8x_training,1626.790684,80,173.213,13370.3125,96,2160,10001,"[0, 100000]","[0, 100000]",0,0,1464,6250
yolov8x_training,1627.833950,80,168.972,13370.3125,96,495,10001,"[0, 100000]","[0, 100000]",0,0,1464,5371
yolov8x_training,1628.877167,80,173.738,13370.3125,41,420,10001,"[0, 100000]","[0, 100000]",0,0,1611,5468
yolov8x_training,1629.920088,79,174.383,13370.3125,19,420,10001,"[0, 100000]","[0, 100000]",0,0,1464,5957
yolov8x_training,1630.963053,80,174.421,13370.3125,73,480,10001,"[0, 100000]","[0, 100000]",0,0,1806,4833
yolov8x_training,1632.005879,81,175.428,13370.3125,100,450,10001,"[0, 100000]","[0, 100000]",0,0,1708,6103
yolov8x_training,1633.049226,79,159.981,13370.3125,100,1020,10001,"[0, 100000]","[0, 100000]",0,0,3271,10205
yolov8x_training,1634.092265,79,169.100,13370.3125,93,900,10001,"[0, 100000]","[0, 100000]",0,0,3515,87792
yolov8x_training,1635.204104,79,159.366,13370.3125,100,375,10001,"[0, 100000]","[0, 100000]",0,0,292,292
yolov8x_training,1636.246863,79,162.495,13370.3125,93,510,10001,"[0, 100000]","[0, 100000]",0,0,1757,2685
yolov8x_training,1637.289819,79,170.084,13370.3125,67,1560,10001,"[0, 100000]","[0, 100000]",0,0,1513,6542
yolov8x_training,1638.332609,80,171.429,13370.3125,42,420,10001,"[0, 100000]","[0, 100000]",0,0,1757,7226
yolov8x_training,1639.375416,79,175.523,13370.3125,22,360,10001,"[0, 100000]","[0, 100000]",0,0,1464,6738
yolov8x_training,1640.418234,79,173.882,13370.3125,57,420,10001,"[0, 100000]","[0, 100000]",0,0,1660,6591
yolov8x_training,1641.461063,80,175.412,13370.3125,99,465,10001,"[0, 100000]","[0, 100000]",0,0,1513,5078
yolov8x_training,1642.503974,81,175.582,13370.3125,100,435,10001,"[0, 100000]","[0, 100000]",0,0,1562,5615
yolov8x_training,1643.546802,77,173.916,13370.3125,100,525,10001,"[0, 100000]","[0, 100000]",0,0,1660,5224
yolov8x_training,1644.589996,77,176.004,13370.3125,100,555,10001,"[0, 100000]","[0, 100000]",0,0,1562,5566
yolov8x_training,1645.633177,79,174.237,13370.3125,100,480,10001,"[0, 100000]","[0, 100000]",0,0,1611,4492
yolov8x_training,1646.676260,79,173.755,13370.3125,100,465,10001,"[0, 100000]","[0, 100000]",0,0,1611,5664
yolov8x_training,1647.719122,79,179.494,13370.3125,97,2505,10001,"[0, 100000]","[0, 100000]",0,0,1562,5029
yolov8x_training,1648.762030,79,175.948,13370.3125,97,2490,10001,"[0, 100000]","[0, 100000]",0,0,1562,5810
yolov8x_training,1649.804960,80,169.897,13370.3125,100,885,10001,"[0, 100000]","[0, 100000]",0,0,1464,5566
yolov8x_training,1650.847932,80,171.541,13370.3125,65,420,10001,"[0, 100000]","[0, 100000]",0,0,1562,5810
yolov8x_training,1651.890953,79,173.997,13370.3125,41,390,10001,"[0, 100000]","[0, 100000]",0,0,1513,5126
yolov8x_training,1652.933801,79,173.969,13370.3125,32,435,10001,"[0, 100000]","[0, 100000]",0,0,1660,5371
yolov8x_training,1653.976619,81,174.904,13370.3125,75,465,10001,"[0, 100000]","[0, 100000]",0,0,1367,5322
yolov8x_training,1655.019411,77,172.947,13370.3125,100,375,10001,"[0, 100000]","[0, 100000]",0,0,1708,6640
yolov8x_training,1656.062237,77,166.348,13370.3125,100,465,10001,"[0, 100000]","[0, 100000]",0,0,1660,11718
yolov8x_training,1657.105070,79,181.038,13370.3125,97,510,10001,"[0, 100000]","[0, 100000]",0,0,1855,15771
yolov8x_training,1658.148154,80,171.627,13370.3125,100,2505,10001,"[0, 100000]","[0, 100000]",0,0,1806,13476
yolov8x_training,1659.191099,80,168.811,13370.3125,89,2085,10001,"[0, 100000]","[0, 100000]",0,0,2490,12255
yolov8x_training,1660.233867,80,172.408,13370.3125,19,480,10001,"[0, 100000]","[0, 100000]",0,0,1708,8007
yolov8x_training,1661.276764,79,174.790,13370.3125,25,345,10001,"[0, 100000]","[0, 100000]",0,0,1757,15234
yolov8x_training,1662.319563,80,175.282,13370.3125,77,435,10001,"[0, 100000]","[0, 100000]",0,0,1660,9033
yolov8x_training,1663.363421,81,174.117,13370.3125,100,495,10001,"[0, 100000]","[0, 100000]",0,0,2099,16064
yolov8x_training,1664.406376,77,175.059,13370.3125,100,450,10001,"[0, 100000]","[0, 100000]",0,0,1611,12939
yolov8x_training,1665.449175,77,175.304,13370.3125,100,420,10001,"[0, 100000]","[0, 100000]",0,0,2929,9521
yolov8x_training,1666.492253,78,176.302,13370.3125,100,735,10001,"[0, 100000]","[0, 100000]",0,0,1806,13427
yolov8x_training,1667.535172,79,174.744,13370.3125,100,495,10001,"[0, 100000]","[0, 100000]",0,0,2929,10400
yolov8x_training,1668.577995,79,174.479,13370.3125,100,465,10001,"[0, 100000]","[0, 100000]",0,0,2246,10400
yolov8x_training,1669.620803,80,178.459,13370.3125,97,1005,10001,"[0, 100000]","[0, 100000]",0,0,2001,15771
yolov8x_training,1670.663564,80,171.829,13370.3125,96,2475,10001,"[0, 100000]","[0, 100000]",0,0,2050,11474
yolov8x_training,1671.706363,79,168.573,13370.3125,95,1620,10001,"[0, 100000]","[0, 100000]",0,0,2929,10742
yolov8x_training,1672.749266,80,173.762,13370.3125,63,480,10001,"[0, 100000]","[0, 100000]",0,0,1757,14111
yolov8x_training,1673.792182,79,173.216,13370.3125,17,375,10001,"[0, 100000]","[0, 100000]",0,0,1757,15185
yolov8x_training,1674.834983,80,173.873,13370.3125,53,420,10001,"[0, 100000]","[0, 100000]",0,0,1806,8642
yolov8x_training,1675.878012,80,173.723,13370.3125,100,450,10001,"[0, 100000]","[0, 100000]",0,0,1806,10693
yolov8x_training,1676.920833,77,174.552,13370.3125,100,420,10001,"[0, 100000]","[0, 100000]",0,0,1806,8056
yolov8x_training,1677.964053,78,174.686,13370.3125,100,855,10001,"[0, 100000]","[0, 100000]",0,0,1855,8203
yolov8x_training,1679.006945,79,173.332,13370.3125,100,465,10001,"[0, 100000]","[0, 100000]",0,0,1757,8203
yolov8x_training,1680.049825,79,178.667,13370.3125,98,510,10001,"[0, 100000]","[0, 100000]",0,0,1855,10009
yolov8x_training,1681.092915,79,178.191,13370.3125,97,2505,10001,"[0, 100000]","[0, 100000]",0,0,1757,8154
yolov8x_training,1682.135700,80,169.019,13370.3125,97,2250,10001,"[0, 100000]","[0, 100000]",0,0,1953,9326
yolov8x_training,1683.178591,80,171.333,13370.3125,35,480,10001,"[0, 100000]","[0, 100000]",0,0,2636,8203
yolov8x_training,1684.221558,80,173.213,13370.3125,15,405,10001,"[0, 100000]","[0, 100000]",0,0,2343,9326
yolov8x_training,1685.264467,80,173.995,13370.3125,75,420,10001,"[0, 100000]","[0, 100000]",0,0,3173,9814
yolov8x_training,1686.307341,81,173.441,13370.3125,100,495,10001,"[0, 100000]","[0, 100000]",0,0,3955,11816
yolov8x_training,1687.350363,77,174.090,13370.3125,100,450,10001,"[0, 100000]","[0, 100000]",0,0,2148,16699
yolov8x_training,1688.393190,78,174.793,13370.3125,100,525,10001,"[0, 100000]","[0, 100000]",0,0,2490,19433
yolov8x_training,1689.436059,79,174.389,13370.3125,100,630,10001,"[0, 100000]","[0, 100000]",0,0,5371,17382
yolov8x_training,1690.479259,79,172.918,13370.3125,97,495,10001,"[0, 100000]","[0, 100000]",0,0,4003,21777
yolov8x_training,1691.523277,80,180.321,13370.3125,96,2505,10001,"[0, 100000]","[0, 100000]",0,0,14306,12109
yolov8x_training,1692.566282,80,168.667,13370.3125,100,2205,10001,"[0, 100000]","[0, 100000]",0,0,11865,14062
yolov8x_training,1693.620924,80,171.576,13370.3125,76,465,10001,"[0, 100000]","[0, 100000]",0,0,14501,13281
yolov8x_training,1694.665217,80,173.726,13370.3125,20,405,10001,"[0, 100000]","[0, 100000]",0,0,14257,14062
yolov8x_training,1695.719680,79,174.176,13370.3125,36,420,10001,"[0, 100000]","[0, 100000]",0,0,14599,12890
yolov8x_training,1696.762602,81,173.894,13370.3125,92,495,10001,"[0, 100000]","[0, 100000]",0,0,13037,14404
yolov8x_training,1697.826691,77,174.138,13370.3125,100,450,10001,"[0, 100000]","[0, 100000]",0,0,14550,13623
yolov8x_training,1698.869591,78,174.678,13370.3125,100,420,10001,"[0, 100000]","[0, 100000]",0,0,7373,13281
yolov8x_training,1699.924338,79,174.642,13370.3125,100,615,10001,"[0, 100000]","[0, 100000]",0,0,14453,10449
yolov8x_training,1700.967210,79,173.282,13370.3125,100,450,10001,"[0, 100000]","[0, 100000]",0,0,8203,12646
yolov8x_training,1702.026520,80,178.977,13370.3125,97,630,10001,"[0, 100000]","[0, 100000]",0,0,14355,15869
yolov8x_training,1703.069420,80,169.441,13370.3125,96,2475,10001,"[0, 100000]","[0, 100000]",0,0,4638,20703
yolov8x_training,1704.124877,80,172.178,13370.3125,92,750,10001,"[0, 100000]","[0, 100000]",0,0,14599,12988
yolov8x_training,1705.180451,79,172.353,13370.3125,34,435,10001,"[0, 100000]","[0, 100000]",0,0,14306,10058
yolov8x_training,1706.242076,80,174.245,13370.3125,94,375,10001,"[0, 100000]","[0, 100000]",0,0,14160,11523
yolov8x_training,1707.299454,77,172.232,13370.3125,100,450,10001,"[0, 100000]","[0, 100000]",0,0,14501,12353
yolov8x_training,1708.361457,77,174.762,13370.3125,100,405,10001,"[0, 100000]","[0, 100000]",0,0,14453,12500
yolov8x_training,1709.404269,79,173.258,13370.3125,100,585,10001,"[0, 100000]","[0, 100000]",0,0,5908,16357
yolov8x_training,1710.459056,79,174.614,13370.3125,100,420,10001,"[0, 100000]","[0, 100000]",0,0,14208,10791
yolov8x_training,1711.501974,80,175.093,13370.3125,96,495,10001,"[0, 100000]","[0, 100000]",0,0,12744,14111
yolov8x_training,1712.562501,80,174.192,13370.3125,96,2505,10001,"[0, 100000]","[0, 100000]",0,0,14306,15283
yolov8x_training,1713.605452,80,178.270,13370.3125,79,1620,10001,"[0, 100000]","[0, 100000]",0,0,10693,13623
yolov8x_training,1714.659056,80,170.385,13370.3125,96,465,10001,"[0, 100000]","[0, 100000]",0,0,14550,12109
yolov8x_training,1715.701896,79,170.018,13370.3125,75,375,10001,"[0, 100000]","[0, 100000]",0,0,7373,14160
yolov8x_training,1716.756452,81,174.247,13370.3125,41,420,10001,"[0, 100000]","[0, 100000]",0,0,14306,11718
yolov8x_training,1717.799536,77,173.794,13370.3125,37,450,10001,"[0, 100000]","[0, 100000]",0,0,10888,12255
yolov8x_training,1718.856172,78,174.134,13370.3125,75,420,10001,"[0, 100000]","[0, 100000]",0,0,14355,9277
yolov8x_training,1719.898970,79,173.949,13370.3125,100,540,10001,"[0, 100000]","[0, 100000]",0,0,13037,14062
yolov8x_training,1720.971351,79,175.653,13370.3125,100,450,10001,"[0, 100000]","[0, 100000]",0,0,14404,14208
yolov8x_training,1722.014084,80,173.265,13370.3125,100,570,10001,"[0, 100000]","[0, 100000]",0,0,7373,21728
yolov8x_training,1723.060103,80,175.821,13370.3125,100,2475,10001,"[0, 100000]","[0, 100000]",0,0,14306,15527
yolov8x_training,1724.103062,80,179.570,13370.3125,97,1485,10001,"[0, 100000]","[0, 100000]",0,0,6298,14648
yolov8x_training,1725.154757,80,170.282,13370.3125,90,450,10001,"[0, 100000]","[0, 100000]",0,0,14257,10351
yolov8x_training,1726.197580,79,170.389,13370.3125,52,345,10001,"[0, 100000]","[0, 100000]",0,0,9521,12597
yolov8x_training,1727.250353,81,174.113,13370.3125,19,420,10001,"[0, 100000]","[0, 100000]",0,0,14453,12890
yolov8x_training,1728.293266,77,174.961,13370.3125,54,450,10001,"[0, 100000]","[0, 100000]",0,0,13134,14550
yolov8x_training,1729.356715,78,174.716,13370.3125,100,375,10001,"[0, 100000]","[0, 100000]",0,0,14355,13818
yolov8x_training,1730.399522,79,173.499,13370.3125,100,585,10001,"[0, 100000]","[0, 100000]",0,0,11279,14111
yolov8x_training,1731.457321,79,174.990,13370.3125,100,405,10001,"[0, 100000]","[0, 100000]",0,0,14111,15283
yolov8x_training,1732.500145,80,175.153,13370.3125,100,495,10001,"[0, 100000]","[0, 100000]",0,0,11181,14062
yolov8x_training,1733.555470,80,175.050,13370.3125,100,2505,10001,"[0, 100000]","[0, 100000]",0,0,14208,14599
yolov8x_training,1734.598283,80,179.100,13370.3125,97,1605,10001,"[0, 100000]","[0, 100000]",0,0,11376,14013
yolov8x_training,1735.649271,80,170.408,13370.3125,96,465,10001,"[0, 100000]","[0, 100000]",0,0,14306,11767
yolov8x_training,1736.692096,79,170.313,13370.3125,73,345,10001,"[0, 100000]","[0, 100000]",0,0,12744,14160
yolov8x_training,1737.753866,81,174.480,13370.3125,40,405,10001,"[0, 100000]","[0, 100000]",0,0,14160,17236
yolov8x_training,1738.796951,77,174.347,13370.3125,37,450,10001,"[0, 100000]","[0, 100000]",0,0,9716,12695
yolov8x_training,1739.849604,78,174.295,13370.3125,80,375,10001,"[0, 100000]","[0, 100000]",0,0,14453,12548
yolov8x_training,1740.894323,79,173.864,13370.3125,100,585,10001,"[0, 100000]","[0, 100000]",0,0,14257,18408
yolov8x_training,1741.951318,79,175.122,13370.3125,100,465,10001,"[0, 100000]","[0, 100000]",0,0,14257,13525
yolov8x_training,1743.005665,80,175.646,13370.3125,100,540,10001,"[0, 100000]","[0, 100000]",0,0,14453,15283
yolov8x_training,1744.071693,80,174.848,13370.3125,100,2505,10001,"[0, 100000]","[0, 100000]",0,0,14208,14697
yolov8x_training,1745.114637,80,175.405,13370.3125,95,1590,10001,"[0, 100000]","[0, 100000]",0,0,11621,14062
yolov8x_training,1746.165106,80,170.204,13370.3125,73,450,10001,"[0, 100000]","[0, 100000]",0,0,14550,12548
yolov8x_training,1747.207960,80,172.136,13370.3125,31,345,10001,"[0, 100000]","[0, 100000]",0,0,12890,14257
yolov8x_training,1748.266770,79,174.483,13370.3125,34,420,10001,"[0, 100000]","[0, 100000]",0,0,14306,11718
yolov8x_training,1749.312213,77,173.039,13370.3125,78,420,10001,"[0, 100000]","[0, 100000]",0,0,14062,19384
yolov8x_training,1750.363226,78,175.329,13370.3125,100,390,10001,"[0, 100000]","[0, 100000]",0,0,14355,13378
yolov8x_training,1751.406150,79,173.326,13370.3125,100,540,10001,"[0, 100000]","[0, 100000]",0,0,11572,14062
yolov8x_training,1752.464238,79,176.089,13370.3125,100,435,10001,"[0, 100000]","[0, 100000]",0,0,14160,9765
yolov8x_training,1753.507209,80,173.194,13370.3125,100,540,10001,"[0, 100000]","[0, 100000]",0,0,13330,13574
yolov8x_training,1754.560052,80,177.719,13370.3125,97,2220,10001,"[0, 100000]","[0, 100000]",0,0,14306,15673
yolov8x_training,1755.604748,80,175.596,13370.3125,96,1665,10001,"[0, 100000]","[0, 100000]",0,0,14501,13427
yolov8x_training,1756.661339,80,170.373,13370.3125,100,450,10001,"[0, 100000]","[0, 100000]",0,0,14208,14160
yolov8x_training,1757.707561,80,172.095,13370.3125,62,360,10001,"[0, 100000]","[0, 100000]",0,0,14160,13769
yolov8x_training,1758.759183,79,174.335,13370.3125,9,420,10001,"[0, 100000]","[0, 100000]",0,0,14208,13085
yolov8x_training,1759.802100,77,174.386,13370.3125,53,465,10001,"[0, 100000]","[0, 100000]",0,0,13378,11083
yolov8x_training,1760.864395,78,174.360,13370.3125,96,375,10001,"[0, 100000]","[0, 100000]",0,0,14404,10937
yolov8x_training,1761.907327,79,173.541,13370.3125,100,555,10001,"[0, 100000]","[0, 100000]",0,0,12304,14062
yolov8x_training,1762.963319,79,175.935,13370.3125,100,405,10001,"[0, 100000]","[0, 100000]",0,0,14404,10156
yolov8x_training,1764.006125,80,172.875,13370.3125,100,465,10001,"[0, 100000]","[0, 100000]",0,0,8105,13330
yolov8x_training,1765.049153,80,175.021,13370.3125,100,2505,10001,"[0, 100000]","[0, 100000]",0,0,8203,11230
yolov8x_training,1766.092049,80,179.362,13370.3125,96,2220,10001,"[0, 100000]","[0, 100000]",0,0,2783,22460
yolov8x_training,1767.139657,80,170.455,13370.3125,97,480,10001,"[0, 100000]","[0, 100000]",0,0,14355,10498
yolov8x_training,1768.182569,80,169.918,13370.3125,56,405,10001,"[0, 100000]","[0, 100000]",0,0,13330,13769
yolov8x_training,1769.225389,80,175.881,13370.3125,19,405,10001,"[0, 100000]","[0, 100000]",0,0,5712,16259
yolov8x_training,1770.268370,79,174.588,13370.3125,35,405,10001,"[0, 100000]","[0, 100000]",0,0,4833,20703
yolov8x_training,1771.319429,77,173.947,13370.3125,99,420,10001,"[0, 100000]","[0, 100000]",0,0,14599,11669
yolov8x_training,1772.362226,79,174.584,13370.3125,100,420,10001,"[0, 100000]","[0, 100000]",0,0,11669,13427
yolov8x_training,1773.414613,79,174.660,13370.3125,100,585,10001,"[0, 100000]","[0, 100000]",0,0,14550,12939
yolov8x_training,1774.457456,80,174.687,13370.3125,100,435,10001,"[0, 100000]","[0, 100000]",0,0,14501,13427
yolov8x_training,1775.520088,80,173.767,13370.3125,100,930,10001,"[0, 100000]","[0, 100000]",0,0,14208,10937
yolov8x_training,1776.562963,80,178.384,13370.3125,97,2505,10001,"[0, 100000]","[0, 100000]",0,0,13427,16992
yolov8x_training,1777.628708,80,171.361,13370.3125,97,720,10001,"[0, 100000]","[0, 100000]",0,0,14111,18701
yolov8x_training,1778.671706,80,169.079,13370.3125,95,405,10001,"[0, 100000]","[0, 100000]",0,0,4101,21777
yolov8x_training,1779.715971,80,173.804,13370.3125,52,390,10001,"[0, 100000]","[0, 100000]",0,0,14501,11767
yolov8x_training,1780.780909,77,173.315,13370.3125,19,495,10001,"[0, 100000]","[0, 100000]",0,0,14160,18994
yolov8x_training,1781.834138,77,175.400,13370.3125,77,450,10001,"[0, 100000]","[0, 100000]",0,0,14404,12255
yolov8x_training,1782.877966,79,172.958,13370.3125,100,495,10001,"[0, 100000]","[0, 100000]",0,0,14160,15136
yolov8x_training,1783.931531,79,174.557,13370.3125,100,675,10001,"[0, 100000]","[0, 100000]",0,0,14550,13476
yolov8x_training,1784.992799,80,174.648,13370.3125,100,525,10001,"[0, 100000]","[0, 100000]",0,0,14355,13769
yolov8x_training,1786.059627,80,174.079,13370.3125,100,2505,10001,"[0, 100000]","[0, 100000]",0,0,12939,23828
yolov8x_training,1787.113040,80,171.811,13370.3125,95,1680,10001,"[0, 100000]","[0, 100000]",0,0,14501,12353
yolov8x_training,1788.172382,79,170.274,13370.3125,50,450,10001,"[0, 100000]","[0, 100000]",0,0,14453,12548
yolov8x_training,1789.215223,80,174.037,13370.3125,26,375,10001,"[0, 100000]","[0, 100000]",0,0,4541,23486
yolov8x_training,1790.258123,79,175.719,13370.3125,41,420,10001,"[0, 100000]","[0, 100000]",0,0,7861,11181
yolov8x_training,1791.300945,77,173.707,13370.3125,80,495,10001,"[0, 100000]","[0, 100000]",0,0,6445,13037
yolov8x_training,1792.350400,78,174.734,13370.3125,100,450,10001,"[0, 100000]","[0, 100000]",0,0,14453,12304
yolov8x_training,1793.393328,79,175.476,13370.3125,100,450,10001,"[0, 100000]","[0, 100000]",0,0,1660,22900
yolov8x_training,1794.436168,79,175.857,13370.3125,100,585,10001,"[0, 100000]","[0, 100000]",0,0,9960,10839
yolov8x_training,1795.479030,80,174.976,13370.3125,100,420,10001,"[0, 100000]","[0, 100000]",0,0,8447,12646
yolov8x_training,1796.537712,80,173.511,13370.3125,100,1252,10001,"[0, 100000]","[0, 100000]",0,0,14453,15234
yolov8x_training,1797.580559,80,179.361,13370.3125,96,2475,10001,"[0, 100000]","[0, 100000]",0,0,6396,14550
yolov8x_training,1798.636152,80,170.573,13370.3125,96,735,10001,"[0, 100000]","[0, 100000]",0,0,14355,16015
yolov8x_training,1799.678990,79,170.634,13370.3125,71,420,10001,"[0, 100000]","[0, 100000]",0,0,9277,12695
yolov8x_training,1800.734265,80,174.406,13370.3125,35,345,10001,"[0, 100000]","[0, 100000]",0,0,14404,13183
yolov8x_training,1801.777206,80,173.770,13370.3125,40,420,10001,"[0, 100000]","[0, 100000]",0,0,5712,18310
yolov8x_training,1802.826735,81,174.439,13370.3125,74,420,10001,"[0, 100000]","[0, 100000]",0,0,14355,13476
yolov8x_training,1803.869606,77,173.893,13370.3125,100,420,10001,"[0, 100000]","[0, 100000]",0,0,13378,13769
yolov8x_training,1804.951401,78,174.863,13370.3125,100,555,10001,"[0, 100000]","[0, 100000]",0,0,14404,11914
yolov8x_training,1805.994247,79,173.514,13370.3125,100,465,10001,"[0, 100000]","[0, 100000]",0,0,8056,12695
yolov8x_training,1807.057068,79,175.443,13370.3125,100,2505,10001,"[0, 100000]","[0, 100000]",0,0,14013,20605
yolov8x_training,1808.100078,80,175.130,13370.3125,95,2205,10001,"[0, 100000]","[0, 100000]",0,0,5712,18603
yolov8x_training,1809.145202,80,170.488,13370.3125,97,465,10001,"[0, 100000]","[0, 100000]",0,0,14013,10400
yolov8x_training,1810.188199,80,172.080,13370.3125,36,405,10001,"[0, 100000]","[0, 100000]",0,0,13281,13476
yolov8x_training,1811.266712,80,174.556,13370.3125,40,405,10001,"[0, 100000]","[0, 100000]",0,0,14355,10693
yolov8x_training,1812.309520,81,172.904,13370.3125,100,435,10001,"[0, 100000]","[0, 100000]",0,0,13232,13330
yolov8x_training,1813.375242,77,173.777,13370.3125,100,435,10001,"[0, 100000]","[0, 100000]",0,0,14208,17871
yolov8x_training,1814.418050,78,176.182,13370.3125,100,540,10001,"[0, 100000]","[0, 100000]",0,0,5664,19580
yolov8x_training,1815.467036,79,176.323,13370.3125,100,405,10001,"[0, 100000]","[0, 100000]",0,0,14404,10742
yolov8x_training,1816.509828,79,172.685,13370.3125,100,495,10001,"[0, 100000]","[0, 100000]",0,0,13574,16650
yolov8x_training,1817.566858,80,177.416,13370.3125,96,2505,10001,"[0, 100000]","[0, 100000]",0,0,14355,12255
yolov8x_training,1818.609704,80,171.657,13370.3125,97,1665,10001,"[0, 100000]","[0, 100000]",0,0,10449,12255
yolov8x_training,1819.661008,80,170.360,13370.3125,98,450,10001,"[0, 100000]","[0, 100000]",0,0,14404,13085
yolov8x_training,1820.703861,80,173.901,13370.3125,39,405,10001,"[0, 100000]","[0, 100000]",0,0,14599,13281
yolov8x_training,1821.752411,80,175.217,13370.3125,22,405,10001,"[0, 100000]","[0, 100000]",0,0,14306,17138
yolov8x_training,1822.795187,80,175.216,13370.3125,61,495,10001,"[0, 100000]","[0, 100000]",0,0,4003,21630
yolov8x_training,1823.845231,80,174.573,13370.3125,95,450,10001,"[0, 100000]","[0, 100000]",0,0,14404,11962
yolov8x_training,1824.888140,77,173.704,13370.3125,100,495,10001,"[0, 100000]","[0, 100000]",0,0,4052,24609
yolov8x_training,1825.930987,78,177.327,13370.3125,100,540,10001,"[0, 100000]","[0, 100000]",0,0,13330,14843
yolov8x_training,1826.973830,79,175.549,13370.3125,100,420,10001,"[0, 100000]","[0, 100000]",0,0,5664,20751
yolov8x_training,1828.017542,79,173.229,13370.3125,100,1770,10001,"[0, 100000]","[0, 100000]",0,0,14306,13037
yolov8x_training,1829.060377,80,180.671,13370.3125,96,2505,10001,"[0, 100000]","[0, 100000]",0,0,5810,23339
yolov8x_training,1830.106657,80,171.041,13370.3125,97,1920,10001,"[0, 100000]","[0, 100000]",0,0,14404,15087
yolov8x_training,1831.149491,80,170.431,13370.3125,100,495,10001,"[0, 100000]","[0, 100000]",0,0,4833,20654
yolov8x_training,1832.192407,80,174.061,13370.3125,26,405,10001,"[0, 100000]","[0, 100000]",0,0,12939,15576
yolov8x_training,1833.235280,80,174.293,13370.3125,21,360,10001,"[0, 100000]","[0, 100000]",0,0,5371,22851
yolov8x_training,1834.278095,80,174.435,13370.3125,76,420,10001,"[0, 100000]","[0, 100000]",0,0,13183,12500
yolov8x_training,1835.320932,81,174.199,13370.3125,100,435,10001,"[0, 100000]","[0, 100000]",0,0,12988,13574
yolov8x_training,1836.377647,77,173.768,13370.3125,100,390,10001,"[0, 100000]","[0, 100000]",0,0,14257,10400
yolov8x_training,1837.420524,78,175.093,13370.3125,100,540,10001,"[0, 100000]","[0, 100000]",0,0,13769,11621
yolov8x_training,1838.476395,79,174.578,13370.3125,100,435,10001,"[0, 100000]","[0, 100000]",0,0,14550,12792
yolov8x_training,1839.520228,80,173.406,13370.3125,97,480,10001,"[0, 100000]","[0, 100000]",0,0,14306,12792
yolov8x_training,1840.574073,80,176.751,13370.3125,97,2505,10001,"[0, 100000]","[0, 100000]",0,0,14599,12939
yolov8x_training,1841.616896,80,169.101,13370.3125,100,1545,10001,"[0, 100000]","[0, 100000]",0,0,13378,13330
yolov8x_training,1842.677778,80,171.832,13370.3125,76,450,10001,"[0, 100000]","[0, 100000]",0,0,14404,11035
yolov8x_training,1843.720542,80,173.744,13370.3125,19,420,10001,"[0, 100000]","[0, 100000]",0,0,7763,12646
yolov8x_training,1844.774415,80,174.775,13370.3125,37,435,10001,"[0, 100000]","[0, 100000]",0,0,14208,11816
yolov8x_training,1845.817482,81,174.333,13370.3125,96,450,10001,"[0, 100000]","[0, 100000]",0,0,13281,13525
yolov8x_training,1846.879572,77,173.153,13370.3125,100,375,10001,"[0, 100000]","[0, 100000]",0,0,14501,12744
yolov8x_training,1847.922432,78,175.134,13370.3125,100,585,10001,"[0, 100000]","[0, 100000]",0,0,10351,13671
yolov8x_training,1848.973321,79,174.478,13370.3125,100,435,10001,"[0, 100000]","[0, 100000]",0,0,14599,12500
yolov8x_training,1850.016696,80,173.369,13370.3125,100,540,10001,"[0, 100000]","[0, 100000]",0,0,14453,11718
yolov8x_training,1851.083599,80,175.965,13370.3125,96,2490,10001,"[0, 100000]","[0, 100000]",0,0,14208,18261
yolov8x_training,1852.126543,80,169.696,13370.3125,98,1560,10001,"[0, 100000]","[0, 100000]",0,0,5566,20800
yolov8x_training,1853.176824,80,172.704,13370.3125,27,450,10001,"[0, 100000]","[0, 100000]",0,0,14257,13525
yolov8x_training,1854.233916,80,174.053,13370.3125,31,390,10001,"[0, 100000]","[0, 100000]",0,0,14599,12597
yolov8x_training,1855.284995,80,173.832,13370.3125,95,435,10001,"[0, 100000]","[0, 100000]",0,0,14404,17089
yolov8x_training,1856.334547,80,175.328,13370.3125,100,435,10001,"[0, 100000]","[0, 100000]",0,0,14208,10302
yolov8x_training,1857.391750,77,174.377,13370.3125,100,420,10001,"[0, 100000]","[0, 100000]",0,0,14453,12646
yolov8x_training,1858.434597,79,174.864,13370.3125,100,870,10001,"[0, 100000]","[0, 100000]",0,0,13232,13183
yolov8x_training,1859.487525,79,174.556,13370.3125,100,465,10001,"[0, 100000]","[0, 100000]",0,0,14501,12597
yolov8x_training,1860.530240,80,174.146,13370.3125,97,832,10001,"[0, 100000]","[0, 100000]",0,0,13330,14257
yolov8x_training,1861.593237,80,173.647,13370.3125,97,2280,10001,"[0, 100000]","[0, 100000]",0,0,14306,12548
yolov8x_training,1862.636100,80,168.944,13370.3125,97,450,10001,"[0, 100000]","[0, 100000]",0,0,8349,12597
yolov8x_training,1863.694481,80,174.402,13370.3125,57,420,10001,"[0, 100000]","[0, 100000]",0,0,14404,13720
yolov8x_training,1864.737468,79,174.311,13370.3125,20,420,10001,"[0, 100000]","[0, 100000]",0,0,9277,12646
yolov8x_training,1865.814988,81,175.218,13370.3125,61,450,10001,"[0, 100000]","[0, 100000]",0,0,14453,15185
yolov8x_training,1866.857888,77,172.451,13370.3125,100,375,10001,"[0, 100000]","[0, 100000]",0,0,5371,18554
yolov8x_training,1867.912927,78,175.482,13370.3125,100,510,10001,"[0, 100000]","[0, 100000]",0,0,14355,14599
yolov8x_training,1868.955760,79,174.700,13370.3125,100,615,10001,"[0, 100000]","[0, 100000]",0,0,12158,14062
yolov8x_training,1870.007978,79,173.132,13370.3125,100,495,10001,"[0, 100000]","[0, 100000]",0,0,14648,11718
yolov8x_training,1871.050738,80,175.342,13370.3125,96,2505,10001,"[0, 100000]","[0, 100000]",0,0,12841,13623
yolov8x_training,1872.103438,80,170.971,13370.3125,96,2130,10001,"[0, 100000]","[0, 100000]",0,0,14257,13037
yolov8x_training,1873.146425,80,170.256,13370.3125,100,465,10001,"[0, 100000]","[0, 100000]",0,0,12890,15234
yolov8x_training,1874.205235,80,174.108,13370.3125,19,390,10001,"[0, 100000]","[0, 100000]",0,0,14453,12207
yolov8x_training,1875.256263,80,173.868,13370.3125,63,405,10001,"[0, 100000]","[0, 100000]",0,0,14404,19335
yolov8x_training,1876.305591,81,175.287,13370.3125,100,435,10001,"[0, 100000]","[0, 100000]",0,0,14404,12109
yolov8x_training,1877.362526,77,174.042,13370.3125,100,450,10001,"[0, 100000]","[0, 100000]",0,0,14404,14404
yolov8x_training,1878.424848,78,175.106,13370.3125,100,525,10001,"[0, 100000]","[0, 100000]",0,0,14306,12207
yolov8x_training,1879.467786,79,173.515,13370.3125,100,480,10001,"[0, 100000]","[0, 100000]",0,0,13037,13720
yolov8x_training,1880.523021,79,174.801,13370.3125,97,510,10001,"[0, 100000]","[0, 100000]",0,0,14453,13085
yolov8x_training,1881.577274,80,173.626,13370.3125,96,2505,10001,"[0, 100000]","[0, 100000]",0,0,14257,18359
yolov8x_training,1882.640946,80,170.924,13370.3125,100,1545,10001,"[0, 100000]","[0, 100000]",0,0,14550,13378
yolov8x_training,1883.685521,80,172.799,13370.3125,37,420,10001,"[0, 100000]","[0, 100000]",0,0,14501,10888
yolov8x_training,1884.740093,80,174.674,13370.3125,22,345,10001,"[0, 100000]","[0, 100000]",0,0,14599,13232
yolov8x_training,1885.782936,80,175.610,13370.3125,73,420,10001,"[0, 100000]","[0, 100000]",0,0,1464,15820
yolov8x_training,1886.825728,79,175.213,13370.3125,100,480,10001,"[0, 100000]","[0, 100000]",0,0,5761,18164
yolov8x_training,1887.868876,77,173.442,13370.3125,100,375,10001,"[0, 100000]","[0, 100000]",0,0,11181,14013
yolov8x_training,1888.920272,78,175.988,13370.3125,100,540,10001,"[0, 100000]","[0, 100000]",0,0,14550,12304
yolov8x_training,1889.963090,79,173.683,13370.3125,100,645,10001,"[0, 100000]","[0, 100000]",0,0,11376,13671
yolov8x_training,1891.025244,79,174.621,13370.3125,100,510,10001,"[0, 100000]","[0, 100000]",0,0,14306,16992
yolov8x_training,1892.068358,80,175.156,13370.3125,96,2505,10001,"[0, 100000]","[0, 100000]",0,0,7568,12597
yolov8x_training,1893.115525,80,169.874,13370.3125,97,1935,10001,"[0, 100000]","[0, 100000]",0,0,14208,14648
yolov8x_training,1894.163805,80,171.981,13370.3125,83,465,10001,"[0, 100000]","[0, 100000]",0,0,14501,15673
yolov8x_training,1895.217320,80,174.491,13370.3125,35,405,10001,"[0, 100000]","[0, 100000]",0,0,14453,12207
yolov8x_training,1896.264814,80,174.151,13370.3125,72,405,10001,"[0, 100000]","[0, 100000]",0,0,14208,16748
yolov8x_training,1897.321209,79,173.668,13370.3125,100,480,10001,"[0, 100000]","[0, 100000]",0,0,14453,10839
yolov8x_training,1898.364089,77,174.162,13370.3125,100,375,10001,"[0, 100000]","[0, 100000]",0,0,13964,16552
yolov8x_training,1899.436013,78,175.933,13370.3125,100,525,10001,"[0, 100000]","[0, 100000]",0,0,14160,12939
yolov8x_training,1900.478852,79,171.031,13370.3125,100,450,10001,"[0, 100000]","[0, 100000]",0,0,12939,14257
yolov8x_training,1901.537322,80,176.042,13370.3125,97,1215,10001,"[0, 100000]","[0, 100000]",0,0,14404,12548
yolov8x_training,1902.580254,80,171.770,13370.3125,96,1237,10001,"[0, 100000]","[0, 100000]",0,0,13330,13330
yolov8x_training,1903.623097,80,170.418,13370.3125,93,1215,10001,"[0, 100000]","[0, 100000]",0,0,12988,13964
yolov8x_training,1904.665958,80,173.850,13370.3125,48,450,10001,"[0, 100000]","[0, 100000]",0,0,5712,18212
yolov8x_training,1905.713459,81,174.672,13370.3125,18,405,10001,"[0, 100000]","[0, 100000]",0,0,14453,13671
yolov8x_training,1906.756205,80,174.129,13370.3125,52,405,10001,"[0, 100000]","[0, 100000]",0,0,13427,13378
yolov8x_training,1907.816543,80,174.296,13370.3125,98,495,10001,"[0, 100000]","[0, 100000]",0,0,14501,12451
yolov8x_training,1908.860544,77,172.972,13370.3125,100,390,10001,"[0, 100000]","[0, 100000]",0,0,14306,14111
yolov8x_training,1909.922796,79,174.966,13370.3125,100,600,10001,"[0, 100000]","[0, 100000]",0,0,14208,14746
yolov8x_training,1910.965659,79,175.174,13370.3125,100,645,10001,"[0, 100000]","[0, 100000]",0,0,4736,11621
yolov8x_training,1912.010642,79,174.413,13370.3125,100,495,10001,"[0, 100000]","[0, 100000]",0,0,14062,13085
yolov8x_training,1913.053599,80,177.746,13370.3125,97,2505,10001,"[0, 100000]","[0, 100000]",0,0,14013,12548
yolov8x_training,1914.118609,80,170.628,13370.3125,97,1695,10001,"[0, 100000]","[0, 100000]",0,0,14160,15722
yolov8x_training,1915.161480,80,172.424,13370.3125,78,465,10001,"[0, 100000]","[0, 100000]",0,0,5908,16357
yolov8x_training,1916.215860,80,174.236,13370.3125,34,420,10001,"[0, 100000]","[0, 100000]",0,0,14306,9619
yolov8x_training,1917.258702,80,173.775,13370.3125,77,435,10001,"[0, 100000]","[0, 100000]",0,0,10546,12255
yolov8x_training,1918.312968,80,174.111,13370.3125,100,480,10001,"[0, 100000]","[0, 100000]",0,0,14404,11816
yolov8x_training,1919.355932,77,174.023,13370.3125,100,375,10001,"[0, 100000]","[0, 100000]",0,0,12890,13671
yolov8x_training,1920.413785,78,176.272,13370.3125,100,525,10001,"[0, 100000]","[0, 100000]",0,0,14599,10302
yolov8x_training,1921.456674,79,173.596,13370.3125,100,660,10001,"[0, 100000]","[0, 100000]",0,0,10693,12207
yolov8x_training,1922.516176,79,174.741,13370.3125,96,495,10001,"[0, 100000]","[0, 100000]",0,0,14306,13037
yolov8x_training,1923.566725,80,177.907,13370.3125,97,1252,10001,"[0, 100000]","[0, 100000]",0,0,14111,13818
yolov8x_training,1924.631072,80,170.722,13370.3125,100,1710,10001,"[0, 100000]","[0, 100000]",0,0,14404,12451
yolov8x_training,1925.673928,80,174.164,13370.3125,36,465,10001,"[0, 100000]","[0, 100000]",0,0,12500,14501
yolov8x_training,1926.727628,79,174.809,13370.3125,20,405,10001,"[0, 100000]","[0, 100000]",0,0,14355,13769
yolov8x_training,1927.775446,81,174.608,13370.3125,78,390,10001,"[0, 100000]","[0, 100000]",0,0,14257,16406
yolov8x_training,1928.838520,77,175.373,13370.3125,100,480,10001,"[0, 100000]","[0, 100000]",0,0,14404,15771
yolov8x_training,1929.881445,78,174.979,13370.3125,100,390,10001,"[0, 100000]","[0, 100000]",0,0,5761,18310
yolov8x_training,1930.936438,79,173.613,13370.3125,100,540,10001,"[0, 100000]","[0, 100000]",0,0,14208,20263
yolov8x_training,1931.979478,79,175.019,13370.3125,100,465,10001,"[0, 100000]","[0, 100000]",0,0,5615,18603
yolov8x_training,1933.026904,80,176.031,13370.3125,97,465,10001,"[0, 100000]","[0, 100000]",0,0,14306,11474
yolov8x_training,1934.070920,80,172.767,13370.3125,96,1252,10001,"[0, 100000]","[0, 100000]",0,0,12353,27832
yolov8x_training,1935.128504,80,178.325,13370.3125,99,1680,10001,"[0, 100000]","[0, 100000]",0,0,13525,16699
yolov8x_training,1936.171265,80,170.943,13370.3125,57,450,10001,"[0, 100000]","[0, 100000]",0,0,11523,14062
yolov8x_training,1937.225601,79,171.193,13370.3125,62,390,10001,"[0, 100000]","[0, 100000]",0,0,14501,12548
yolov8x_training,1938.268492,80,174.109,13370.3125,14,435,10001,"[0, 100000]","[0, 100000]",0,0,10937,12402
yolov8x_training,1939.330790,77,174.801,13370.3125,60,480,10001,"[0, 100000]","[0, 100000]",0,0,14306,14062
yolov8x_training,1940.373770,78,174.425,13370.3125,98,375,10001,"[0, 100000]","[0, 100000]",0,0,12500,14550
yolov8x_training,1941.424312,79,175.495,13370.3125,100,495,10001,"[0, 100000]","[0, 100000]",0,0,14355,13671
yolov8x_training,1942.467129,79,173.538,13370.3125,100,555,10001,"[0, 100000]","[0, 100000]",0,0,11962,14062
yolov8x_training,1943.523305,80,176.040,13370.3125,100,465,10001,"[0, 100000]","[0, 100000]",0,0,14111,11523
yolov8x_training,1944.569058,80,173.315,13370.3125,99,2505,10001,"[0, 100000]","[0, 100000]",0,0,14208,15771
yolov8x_training,1945.624163,80,179.934,13370.3125,97,1725,10001,"[0, 100000]","[0, 100000]",0,0,14111,10937
yolov8x_training,1946.667038,80,171.708,13370.3125,96,450,10001,"[0, 100000]","[0, 100000]",0,0,13183,12060
yolov8x_training,1947.719932,79,170.567,13370.3125,90,405,10001,"[0, 100000]","[0, 100000]",0,0,14404,12841
yolov8x_training,1948.774235,80,173.914,13370.3125,38,420,10001,"[0, 100000]","[0, 100000]",0,0,14111,19824
yolov8x_training,1949.818703,77,174.841,13370.3125,24,480,10001,"[0, 100000]","[0, 100000]",0,0,14306,12890
yolov8x_training,1950.863167,78,175.363,13370.3125,73,390,10001,"[0, 100000]","[0, 100000]",0,0,14355,9765
yolov8x_training,1951.919136,79,173.792,13370.3125,100,540,10001,"[0, 100000]","[0, 100000]",0,0,14208,12890
yolov8x_training,1952.961934,79,174.992,13370.3125,100,645,10001,"[0, 100000]","[0, 100000]",0,0,12548,14062
yolov8x_training,1954.017323,80,176.094,13370.3125,100,525,10001,"[0, 100000]","[0, 100000]",0,0,14306,14843
yolov8x_training,1955.060082,80,173.078,13370.3125,100,1252,10001,"[0, 100000]","[0, 100000]",0,0,13281,13232
yolov8x_training,1956.117008,80,176.854,13370.3125,97,1740,10001,"[0, 100000]","[0, 100000]",0,0,14404,13378
yolov8x_training,1957.159946,80,173.987,13370.3125,96,435,10001,"[0, 100000]","[0, 100000]",0,0,4296,23095
yolov8x_training,1958.202736,80,170.540,13370.3125,74,420,10001,"[0, 100000]","[0, 100000]",0,0,11523,10839
yolov8x_training,1959.245869,80,171.902,13370.3125,35,435,10001,"[0, 100000]","[0, 100000]",0,0,9277,12695
yolov8x_training,1960.288905,81,175.221,13370.3125,29,375,10001,"[0, 100000]","[0, 100000]",0,0,14160,17285
yolov8x_training,1961.331723,77,174.604,13370.3125,62,435,10001,"[0, 100000]","[0, 100000]",0,0,6152,18066
yolov8x_training,1962.374564,78,175.815,13370.3125,100,405,10001,"[0, 100000]","[0, 100000]",0,0,13085,13134
yolov8x_training,1963.417406,79,174.931,13370.3125,100,570,10001,"[0, 100000]","[0, 100000]",0,0,3808,22216
yolov8x_training,1964.460278,79,175.200,13370.3125,100,720,10001,"[0, 100000]","[0, 100000]",0,0,10400,10839
yolov8x_training,1965.503142,80,174.370,13370.3125,100,450,10001,"[0, 100000]","[0, 100000]",0,0,6201,14892
yolov8x_training,1966.559278,80,173.907,13370.3125,100,2355,10001,"[0, 100000]","[0, 100000]",0,0,14306,11328
yolov8x_training,1967.602240,80,180.265,13370.3125,97,2460,10001,"[0, 100000]","[0, 100000]",0,0,13378,13916
yolov8x_training,1968.665534,80,170.933,13370.3125,97,780,10001,"[0, 100000]","[0, 100000]",0,0,14257,17968
yolov8x_training,1969.708332,79,168.998,13370.3125,90,420,10001,"[0, 100000]","[0, 100000]",0,0,4345,21093
yolov8x_training,1970.761112,80,173.602,13370.3125,51,345,10001,"[0, 100000]","[0, 100000]",0,0,14355,15771
yolov8x_training,1971.804099,80,174.182,13370.3125,20,405,10001,"[0, 100000]","[0, 100000]",0,0,12890,15869
yolov8x_training,1972.855036,78,174.056,13370.3125,60,435,10001,"[0, 100000]","[0, 100000]",0,0,14453,11474
yolov8x_training,1973.897836,79,173.542,13370.3125,100,420,10001,"[0, 100000]","[0, 100000]",0,0,11376,12255
yolov8x_training,1974.959356,79,174.969,13370.3125,100,600,10001,"[0, 100000]","[0, 100000]",0,0,14550,12695
yolov8x_training,1976.002112,80,173.489,13370.3125,100,435,10001,"[0, 100000]","[0, 100000]",0,0,7861,12646
yolov8x_training,1977.056728,80,173.692,13370.3125,100,750,10001,"[0, 100000]","[0, 100000]",0,0,14550,12500
yolov8x_training,1978.099516,80,178.035,13370.3125,97,2475,10001,"[0, 100000]","[0, 100000]",0,0,9423,12500
yolov8x_training,1979.142481,80,175.292,13370.3125,97,1395,10001,"[0, 100000]","[0, 100000]",0,0,12792,13525
yolov8x_training,1980.185332,80,169.638,13370.3125,88,435,10001,"[0, 100000]","[0, 100000]",0,0,6152,17041
yolov8x_training,1981.231486,79,172.262,13370.3125,32,390,10001,"[0, 100000]","[0, 100000]",0,0,14355,12255
yolov8x_training,1982.274271,81,173.669,13370.3125,18,420,10001,"[0, 100000]","[0, 100000]",0,0,13281,13916
yolov8x_training,1983.329950,77,174.496,13370.3125,80,480,10001,"[0, 100000]","[0, 100000]",0,0,14501,12207
yolov8x_training,1984.374971,78,173.815,13370.3125,100,360,10001,"[0, 100000]","[0, 100000]",0,0,14648,13916
yolov8x_training,1985.436571,79,174.307,13370.3125,100,525,10001,"[0, 100000]","[0, 100000]",0,0,14208,13867
yolov8x_training,1986.479476,80,174.684,13370.3125,100,465,10001,"[0, 100000]","[0, 100000]",0,0,8203,12646
yolov8x_training,1987.531348,80,174.672,13370.3125,100,495,10001,"[0, 100000]","[0, 100000]",0,0,14355,12890
yolov8x_training,1988.574199,80,173.463,13370.3125,97,2505,10001,"[0, 100000]","[0, 100000]",0,0,12890,13671
yolov8x_training,1989.632212,80,176.926,13370.3125,97,1785,10001,"[0, 100000]","[0, 100000]",0,0,14501,11523
yolov8x_training,1990.675065,80,169.108,13370.3125,100,465,10001,"[0, 100000]","[0, 100000]",0,0,9960,12207
yolov8x_training,1991.727600,80,171.899,13370.3125,79,390,10001,"[0, 100000]","[0, 100000]",0,0,14599,13085
yolov8x_training,1992.770416,80,173.473,13370.3125,22,435,10001,"[0, 100000]","[0, 100000]",0,0,13720,12988
yolov8x_training,1993.834068,77,174.873,13370.3125,36,495,10001,"[0, 100000]","[0, 100000]",0,0,14062,16406
yolov8x_training,1994.877063,78,173.839,13370.3125,97,375,10001,"[0, 100000]","[0, 100000]",0,0,5761,18310
yolov8x_training,1995.928032,79,174.247,13370.3125,100,510,10001,"[0, 100000]","[0, 100000]",0,0,14453,12939
yolov8x_training,1996.970955,80,176.387,13370.3125,100,990,10001,"[0, 100000]","[0, 100000]",0,0,4101,23779
yolov8x_training,1998.013819,80,176.422,13370.3125,100,480,10001,"[0, 100000]","[0, 100000]",0,0,13330,14843
yolov8x_training,1999.056713,80,172.893,13370.3125,100,1770,10001,"[0, 100000]","[0, 100000]",0,0,5224,19873
yolov8x_training,2000.107873,80,178.765,13370.3125,97,2310,10001,"[0, 100000]","[0, 100000]",0,0,14453,12011
yolov8x_training,2001.150653,80,171.441,13370.3125,96,510,10001,"[0, 100000]","[0, 100000]",0,0,11865,12255
yolov8x_training,2002.207331,79,169.937,13370.3125,57,420,10001,"[0, 100000]","[0, 100000]",0,0,14306,11523
yolov8x_training,2003.250394,80,173.456,13370.3125,23,435,10001,"[0, 100000]","[0, 100000]",0,0,8691,12695
yolov8x_training,2004.302583,77,174.990,13370.3125,53,435,10001,"[0, 100000]","[0, 100000]",0,0,14208,14501
yolov8x_training,2005.345453,78,174.408,13370.3125,93,450,10001,"[0, 100000]","[0, 100000]",0,0,13037,14306
yolov8x_training,2006.388279,78,176.099,13370.3125,100,390,10001,"[0, 100000]","[0, 100000]",0,0,11328,12402
yolov8x_training,2007.431135,79,174.372,13370.3125,100,600,10001,"[0, 100000]","[0, 100000]",0,0,4589,20996
yolov8x_training,2008.483437,79,175.096,13370.3125,100,435,10001,"[0, 100000]","[0, 100000]",0,0,14404,12207
yolov8x_training,2009.526531,80,172.494,13370.3125,100,480,10001,"[0, 100000]","[0, 100000]",0,0,14013,14550
yolov8x_training,2010.581795,80,174.686,13370.3125,97,2505,10001,"[0, 100000]","[0, 100000]",0,0,14453,12158
yolov8x_training,2011.624628,80,175.288,13370.3125,97,2175,10001,"[0, 100000]","[0, 100000]",0,0,12988,14062
yolov8x_training,2012.705336,80,170.445,13370.3125,100,465,10001,"[0, 100000]","[0, 100000]",0,0,14355,12402
yolov8x_training,2013.748194,80,172.934,13370.3125,37,390,10001,"[0, 100000]","[0, 100000]",0,0,13134,17578
yolov8x_training,2014.800096,77,174.483,13370.3125,19,420,10001,"[0, 100000]","[0, 100000]",0,0,14501,12988
yolov8x_training,2015.844246,78,173.781,13370.3125,75,435,10001,"[0, 100000]","[0, 100000]",0,0,14111,12402
yolov8x_training,2016.907259,79,174.847,13370.3125,100,405,10001,"[0, 100000]","[0, 100000]",0,0,14306,15380
yolov8x_training,2017.950142,79,174.189,13370.3125,100,585,10001,"[0, 100000]","[0, 100000]",0,0,3466,17724
yolov8x_training,2018.993008,80,178.093,13370.3125,100,465,10001,"[0, 100000]","[0, 100000]",0,0,9716,16162
yolov8x_training,2020.036244,80,173.944,13370.3125,100,495,10001,"[0, 100000]","[0, 100000]",0,0,5664,21777
yolov8x_training,2021.079368,80,175.690,13370.3125,100,2505,10001,"[0, 100000]","[0, 100000]",0,0,12841,12890
yolov8x_training,2022.122269,80,177.770,13370.3125,96,2265,10001,"[0, 100000]","[0, 100000]",0,0,6201,19287
yolov8x_training,2023.174502,80,170.396,13370.3125,96,465,10001,"[0, 100000]","[0, 100000]",0,0,14306,15185
yolov8x_training,2024.219943,80,172.041,13370.3125,35,405,10001,"[0, 100000]","[0, 100000]",0,0,14355,9814
yolov8x_training,2025.278070,80,174.196,13370.3125,42,405,10001,"[0, 100000]","[0, 100000]",0,0,14306,11816
yolov8x_training,2026.320929,78,173.814,13370.3125,78,495,10001,"[0, 100000]","[0, 100000]",0,0,13281,13867
yolov8x_training,2027.374110,79,174.692,13370.3125,100,465,10001,"[0, 100000]","[0, 100000]",0,0,14648,13085
yolov8x_training,2028.422693,78,173.308,13370.3125,100,540,10001,"[0, 100000]","[0, 100000]",0,0,14453,16113
yolov8x_training,2029.475216,78,175.588,13370.3125,100,750,10001,"[0, 100000]","[0, 100000]",0,0,14355,12695
yolov8x_training,2030.518201,79,173.120,13370.3125,100,450,10001,"[0, 100000]","[0, 100000]",0,0,11669,14013
yolov8x_training,2031.577865,79,174.681,13370.3125,96,2505,10001,"[0, 100000]","[0, 100000]",0,0,14257,9521
yolov8x_training,2032.620727,80,175.895,13370.3125,97,2190,10001,"[0, 100000]","[0, 100000]",0,0,11718,13671
yolov8x_training,2033.672406,80,170.134,13370.3125,100,480,10001,"[0, 100000]","[0, 100000]",0,0,14111,13134
yolov8x_training,2034.715415,80,171.819,13370.3125,57,390,10001,"[0, 100000]","[0, 100000]",0,0,14453,13623
yolov8x_training,2035.780959,80,174.030,13370.3125,17,420,10001,"[0, 100000]","[0, 100000]",0,0,14453,14160
yolov8x_training,2036.823796,80,174.341,13370.3125,59,495,10001,"[0, 100000]","[0, 100000]",0,0,10839,13769
yolov8x_training,2037.876837,79,174.054,13370.3125,99,450,10001,"[0, 100000]","[0, 100000]",0,0,13964,12109
yolov8x_training,2038.919892,78,173.837,13370.3125,100,540,10001,"[0, 100000]","[0, 100000]",0,0,12548,14062
yolov8x_training,2039.972751,78,175.544,13370.3125,100,765,10001,"[0, 100000]","[0, 100000]",0,0,14355,13378
yolov8x_training,2041.015554,79,172.912,13370.3125,100,495,10001,"[0, 100000]","[0, 100000]",0,0,13378,12207
yolov8x_training,2042.079556,80,174.514,13370.3125,100,2505,10001,"[0, 100000]","[0, 100000]",0,0,14355,14501
yolov8x_training,2043.122546,80,176.075,13370.3125,97,2250,10001,"[0, 100000]","[0, 100000]",0,0,12451,14501
yolov8x_training,2044.174701,80,170.211,13370.3125,97,465,10001,"[0, 100000]","[0, 100000]",0,0,14550,12402
yolov8x_training,2045.217523,80,171.923,13370.3125,34,405,10001,"[0, 100000]","[0, 100000]",0,0,6152,16113
yolov8x_training,2046.269813,80,173.883,13370.3125,34,390,10001,"[0, 100000]","[0, 100000]",0,0,14404,14306
yolov8x_training,2047.312680,80,173.241,13370.3125,76,510,10001,"[0, 100000]","[0, 100000]",0,0,12792,14257
yolov8x_training,2048.370660,80,174.454,13370.3125,100,450,10001,"[0, 100000]","[0, 100000]",0,0,12890,22949
yolov8x_training,2049.413675,78,173.567,13370.3125,100,525,10001,"[0, 100000]","[0, 100000]",0,0,14501,12939
yolov8x_training,2050.476562,78,176.204,13370.3125,100,735,10001,"[0, 100000]","[0, 100000]",0,0,14257,15332
yolov8x_training,2051.519442,78,182.026,13370.3125,100,780,10001,"[0, 100000]","[0, 100000]",0,0,1757,9423
yolov8x_training,2052.562337,79,177.338,13370.3125,100,450,10001,"[0, 100000]","[0, 100000]",0,0,2197,7568
yolov8x_training,2053.605433,80,174.381,13370.3125,97,1080,10001,"[0, 100000]","[0, 100000]",0,0,2539,8593
yolov8x_training,2054.648919,80,180.049,13370.3125,96,2460,10001,"[0, 100000]","[0, 100000]",0,0,1953,8105
yolov8x_training,2055.691869,80,170.751,13370.3125,97,1545,10001,"[0, 100000]","[0, 100000]",0,0,2246,8789
yolov8x_training,2056.734879,80,169.817,13370.3125,95,465,10001,"[0, 100000]","[0, 100000]",0,0,2880,8447
yolov8x_training,2057.777860,81,173.265,13370.3125,34,405,10001,"[0, 100000]","[0, 100000]",0,0,3125,10595
yolov8x_training,2058.820679,80,174.462,13370.3125,20,420,10001,"[0, 100000]","[0, 100000]",0,0,3125,11474
yolov8x_training,2059.863729,81,173.774,13370.3125,77,495,10001,"[0, 100000]","[0, 100000]",0,0,3710,12207
yolov8x_training,2060.906833,79,175.113,13370.3125,100,450,10001,"[0, 100000]","[0, 100000]",0,0,3369,10546
yolov8x_training,2061.949680,78,174.758,13370.3125,100,465,10001,"[0, 100000]","[0, 100000]",0,0,3173,11425
yolov8x_training,2062.992562,78,176.092,13370.3125,100,555,10001,"[0, 100000]","[0, 100000]",0,0,2197,15722
yolov8x_training,2064.035436,79,172.634,13370.3125,100,450,10001,"[0, 100000]","[0, 100000]",0,0,2490,18310
yolov8x_training,2065.078313,80,174.090,13370.3125,100,1710,10001,"[0, 100000]","[0, 100000]",0,0,3564,20019
yolov8x_training,2066.121201,80,174.373,13370.3125,96,2490,10001,"[0, 100000]","[0, 100000]",0,0,4638,21337
yolov8x_training,2067.164968,80,169.898,13370.3125,97,870,10001,"[0, 100000]","[0, 100000]",0,0,14404,9326
yolov8x_training,2068.207827,80,171.716,13370.3125,37,435,10001,"[0, 100000]","[0, 100000]",0,0,13232,13330
yolov8x_training,2069.268538,80,174.467,13370.3125,34,360,10001,"[0, 100000]","[0, 100000]",0,0,14550,12548
yolov8x_training,2070.321125,81,172.897,13370.3125,77,435,10001,"[0, 100000]","[0, 100000]",0,0,14257,17480
yolov8x_training,2071.363990,78,166.536,13370.3125,100,570,10001,"[0, 100000]","[0, 100000]",0,0,292,292
yolov8x_training,2072.406754,80,155.893,13370.3125,72,2505,10001,"[0, 100000]","[0, 100000]",0,0,1660,6640
yolov8x_training,2073.449802,79,165.277,13370.3125,44,450,10001,"[0, 100000]","[0, 100000]",0,0,1855,17285
yolov8x_training,2074.492715,78,162.914,13370.3125,100,720,10001,"[0, 100000]","[0, 100000]",0,0,3027,9375
yolov8x_training,2075.556259,80,168.823,13370.3125,95,570,10001,"[0, 100000]","[0, 100000]",0,0,14257,18945
yolov8x_training,2076.605043,80,177.971,13370.3125,97,2490,10001,"[0, 100000]","[0, 100000]",0,0,14550,12548
yolov8x_training,2077.647908,80,168.746,13370.3125,100,1875,10001,"[0, 100000]","[0, 100000]",0,0,6933,13964
yolov8x_training,2078.690976,80,171.081,13370.3125,65,465,10001,"[0, 100000]","[0, 100000]",0,0,8837,13476
yolov8x_training,2079.734278,80,173.680,13370.3125,32,405,10001,"[0, 100000]","[0, 100000]",0,0,2734,17578
yolov8x_training,2080.777166,82,179.261,13370.3125,25,405,10001,"[0, 100000]","[0, 100000]",0,0,1611,9423
yolov8x_training,2081.820034,80,176.822,13370.3125,11,1515,10001,"[0, 100000]","[0, 100000]",0,0,1757,8300
yolov8x_training,2082.862867,80,171.344,13370.3125,40,420,10001,"[0, 100000]","[0, 100000]",0,0,2001,8398
yolov8x_training,2083.905659,80,174.219,13370.3125,13,420,10001,"[0, 100000]","[0, 100000]",0,0,2050,8789
yolov8x_training,2084.948572,79,180.535,13370.3125,74,375,10001,"[0, 100000]","[0, 100000]",0,0,1660,8398
yolov8x_training,2085.991553,80,172.837,13370.3125,63,420,10001,"[0, 100000]","[0, 100000]",0,0,1757,8544
yolov8x_training,2087.034567,81,173.525,13370.3125,100,450,10001,"[0, 100000]","[0, 100000]",0,0,1757,7958
yolov8x_training,2088.077376,77,175.427,13370.3125,100,420,10001,"[0, 100000]","[0, 100000]",0,0,1757,7275
yolov8x_training,2089.120206,78,174.556,13370.3125,100,675,10001,"[0, 100000]","[0, 100000]",0,0,1855,7373
yolov8x_training,2090.163267,79,173.476,13370.3125,100,480,10001,"[0, 100000]","[0, 100000]",0,0,1757,7958
yolov8x_training,2091.206283,80,174.050,13370.3125,97,510,10001,"[0, 100000]","[0, 100000]",0,0,1855,8251
yolov8x_training,2092.249088,80,179.333,13370.3125,96,1252,10001,"[0, 100000]","[0, 100000]",0,0,1708,7568
yolov8x_training,2093.292047,80,170.362,13370.3125,100,1620,10001,"[0, 100000]","[0, 100000]",0,0,1904,8447
yolov8x_training,2094.334904,80,170.165,13370.3125,61,450,10001,"[0, 100000]","[0, 100000]",0,0,2050,8105
yolov8x_training,2095.378307,79,173.558,13370.3125,15,420,10001,"[0, 100000]","[0, 100000]",0,0,2099,9472
yolov8x_training,2096.421249,80,174.148,13370.3125,56,420,10001,"[0, 100000]","[0, 100000]",0,0,2197,8398
yolov8x_training,2097.464283,81,173.924,13370.3125,100,435,10001,"[0, 100000]","[0, 100000]",0,0,2880,10742
yolov8x_training,2098.508876,77,174.104,13370.3125,100,435,10001,"[0, 100000]","[0, 100000]",0,0,2246,11376
yolov8x_training,2099.552575,78,175.629,13370.3125,100,555,10001,"[0, 100000]","[0, 100000]",0,0,2001,10693
yolov8x_training,2100.595507,79,175.534,13370.3125,100,675,10001,"[0, 100000]","[0, 100000]",0,0,2001,8691
yolov8x_training,2101.638366,79,173.085,13370.3125,100,435,10001,"[0, 100000]","[0, 100000]",0,0,2783,10742
yolov8x_training,2102.681216,80,180.364,13370.3125,96,555,10001,"[0, 100000]","[0, 100000]",0,0,2978,10644
yolov8x_training,2103.724046,80,172.127,13370.3125,96,2490,10001,"[0, 100000]","[0, 100000]",0,0,2978,9423
yolov8x_training,2104.766966,80,168.648,13370.3125,98,1590,10001,"[0, 100000]","[0, 100000]",0,0,2880,9228
yolov8x_training,2105.809858,81,173.482,13370.3125,42,390,10001,"[0, 100000]","[0, 100000]",0,0,1708,14697
yolov8x_training,2106.852591,79,173.913,13370.3125,16,390,10001,"[0, 100000]","[0, 100000]",0,0,1855,15820
yolov8x_training,2107.895550,80,173.830,13370.3125,72,375,10001,"[0, 100000]","[0, 100000]",0,0,1855,16503
yolov8x_training,2108.938751,80,174.721,13370.3125,100,465,10001,"[0, 100000]","[0, 100000]",0,0,1904,9863
yolov8x_training,2109.981937,78,173.057,13370.3125,100,435,10001,"[0, 100000]","[0, 100000]",0,0,1904,8837
yolov8x_training,2111.024879,79,176.080,13370.3125,100,945,10001,"[0, 100000]","[0, 100000]",0,0,2099,8251
yolov8x_training,2112.067775,79,173.510,13370.3125,100,405,10001,"[0, 100000]","[0, 100000]",0,0,2197,9423
yolov8x_training,2113.110658,80,177.437,13370.3125,97,480,10001,"[0, 100000]","[0, 100000]",0,0,2294,8544
yolov8x_training,2114.153644,80,174.188,13370.3125,97,2490,10001,"[0, 100000]","[0, 100000]",0,0,2441,9130
yolov8x_training,2115.196649,80,169.039,13370.3125,84,1785,10001,"[0, 100000]","[0, 100000]",0,0,3173,8593
yolov8x_training,2116.239591,80,173.360,13370.3125,17,435,10001,"[0, 100000]","[0, 100000]",0,0,2294,18652
yolov8x_training,2117.282616,79,174.195,13370.3125,40,405,10001,"[0, 100000]","[0, 100000]",0,0,3466,12890
yolov8x_training,2118.325518,82,173.622,13370.3125,99,405,10001,"[0, 100000]","[0, 100000]",0,0,2636,17333
yolov8x_training,2119.368823,80,181.024,13370.3125,74,420,10001,"[0, 100000]","[0, 100000]",0,0,1855,9765
yolov8x_training,2120.411862,80,172.914,13370.3125,100,450,10001,"[0, 100000]","[0, 100000]",0,0,2001,8593
yolov8x_training,2121.454743,78,172.814,13370.3125,100,435,10001,"[0, 100000]","[0, 100000]",0,0,2929,10498
yolov8x_training,2122.497515,79,174.922,13370.3125,100,495,10001,"[0, 100000]","[0, 100000]",0,0,2587,19433
yolov8x_training,2123.540312,80,172.939,13370.3125,100,420,10001,"[0, 100000]","[0, 100000]",0,0,3125,15185
yolov8x_training,2124.583147,80,175.372,13370.3125,96,2295,10001,"[0, 100000]","[0, 100000]",0,0,2148,21630
yolov8x_training,2125.626124,80,170.343,13370.3125,96,2505,10001,"[0, 100000]","[0, 100000]",0,0,2636,17089
yolov8x_training,2126.668913,80,170.049,13370.3125,83,555,10001,"[0, 100000]","[0, 100000]",0,0,13037,13818
yolov8x_training,2127.711755,80,174.439,13370.3125,40,435,10001,"[0, 100000]","[0, 100000]",0,0,11572,12646
yolov8x_training,2128.767117,80,174.061,13370.3125,35,435,10001,"[0, 100000]","[0, 100000]",0,0,14648,13232
yolov8x_training,2129.811063,80,174.225,13370.3125,78,420,10001,"[0, 100000]","[0, 100000]",0,0,14208,17382
yolov8x_training,2130.866109,77,174.017,13370.3125,100,450,10001,"[0, 100000]","[0, 100000]",0,0,14746,12646
yolov8x_training,2131.909045,78,174.358,13370.3125,100,420,10001,"[0, 100000]","[0, 100000]",0,0,11425,14013
yolov8x_training,2132.951822,79,176.467,13370.3125,100,540,10001,"[0, 100000]","[0, 100000]",0,0,14208,18701
yolov8x_training,2133.994676,79,174.611,13370.3125,100,645,10001,"[0, 100000]","[0, 100000]",0,0,2685,19335
yolov8x_training,2135.044875,80,174.606,13370.3125,100,495,10001,"[0, 100000]","[0, 100000]",0,0,14599,11035
yolov8x_training,2136.087777,80,178.816,13370.3125,96,2505,10001,"[0, 100000]","[0, 100000]",0,0,11816,12255
yolov8x_training,2137.138686,80,169.911,13370.3125,97,1755,10001,"[0, 100000]","[0, 100000]",0,0,14160,16455
yolov8x_training,2138.181688,80,172.638,13370.3125,84,450,10001,"[0, 100000]","[0, 100000]",0,0,5908,22851
yolov8x_training,2139.224551,80,174.340,13370.3125,16,420,10001,"[0, 100000]","[0, 100000]",0,0,13085,12304
yolov8x_training,2140.267473,79,174.147,13370.3125,58,420,10001,"[0, 100000]","[0, 100000]",0,0,10498,12207
yolov8x_training,2141.324271,81,173.764,13370.3125,100,495,10001,"[0, 100000]","[0, 100000]",0,0,14648,13574
yolov8x_training,2142.367028,77,173.959,13370.3125,100,435,10001,"[0, 100000]","[0, 100000]",0,0,13183,15332
yolov8x_training,2143.422414,78,174.300,13370.3125,100,540,10001,"[0, 100000]","[0, 100000]",0,0,14453,11083
yolov8x_training,2144.465248,79,174.327,13370.3125,100,885,10001,"[0, 100000]","[0, 100000]",0,0,12451,14013
yolov8x_training,2145.519809,79,174.047,13370.3125,97,435,10001,"[0, 100000]","[0, 100000]",0,0,14501,12158
yolov8x_training,2146.562651,80,179.201,13370.3125,96,525,10001,"[0, 100000]","[0, 100000]",0,0,6054,22119
yolov8x_training,2147.619632,80,170.655,13370.3125,100,2475,10001,"[0, 100000]","[0, 100000]",0,0,14550,13574
yolov8x_training,2148.662446,80,171.030,13370.3125,74,1665,10001,"[0, 100000]","[0, 100000]",0,0,13476,13232
yolov8x_training,2149.715745,80,173.693,13370.3125,12,435,10001,"[0, 100000]","[0, 100000]",0,0,14550,15625
yolov8x_training,2150.762376,79,174.770,13370.3125,35,360,10001,"[0, 100000]","[0, 100000]",0,0,14160,14160
yolov8x_training,2151.828122,81,173.855,13370.3125,99,390,10001,"[0, 100000]","[0, 100000]",0,0,14355,18359
yolov8x_training,2152.870931,77,175.158,13370.3125,100,450,10001,"[0, 100000]","[0, 100000]",0,0,11181,16650
yolov8x_training,2153.915693,78,175.256,13370.3125,100,420,10001,"[0, 100000]","[0, 100000]",0,0,14550,14306
yolov8x_training,2154.970073,79,174.142,13370.3125,100,540,10001,"[0, 100000]","[0, 100000]",0,0,14062,20019
yolov8x_training,2156.034003,80,173.457,13370.3125,100,465,10001,"[0, 100000]","[0, 100000]",0,0,14550,15087
yolov8x_training,2157.080845,80,173.600,13370.3125,96,780,10001,"[0, 100000]","[0, 100000]",0,0,14599,15478
yolov8x_training,2158.132135,80,175.833,13370.3125,97,2220,10001,"[0, 100000]","[0, 100000]",0,0,14404,16650
yolov8x_training,2159.175044,80,176.410,13370.3125,84,555,10001,"[0, 100000]","[0, 100000]",0,0,2490,9082
yolov8x_training,2160.217885,80,174.897,13370.3125,26,390,10001,"[0, 100000]","[0, 100000]",0,0,3759,12792
yolov8x_training,2161.260750,81,169.954,13370.3125,24,390,10001,"[0, 100000]","[0, 100000]",0,0,3125,10546
yolov8x_training,2162.303687,80,172.713,13370.3125,26,420,10001,"[0, 100000]","[0, 100000]",0,0,2832,18066
yolov8x_training,2163.346493,82,174.817,13370.3125,21,390,10001,"[0, 100000]","[0, 100000]",0,0,3173,14453
yolov8x_training,2164.389270,78,173.793,13370.3125,81,435,10001,"[0, 100000]","[0, 100000]",0,0,4199,21826
yolov8x_training,2165.432343,78,174.911,13370.3125,100,420,10001,"[0, 100000]","[0, 100000]",0,0,1806,22900
yolov8x_training,2166.475181,79,173.679,13370.3125,100,750,10001,"[0, 100000]","[0, 100000]",0,0,12890,15087
yolov8x_training,2167.517993,79,175.398,13370.3125,100,450,10001,"[0, 100000]","[0, 100000]",0,0,11718,14062
yolov8x_training,2168.584010,80,172.265,13370.3125,100,2505,10001,"[0, 100000]","[0, 100000]",0,0,14355,17333
yolov8x_training,2169.626919,80,178.874,13370.3125,97,2445,10001,"[0, 100000]","[0, 100000]",0,0,3271,21630
yolov8x_training,2170.676121,80,177.985,13370.3125,96,570,10001,"[0, 100000]","[0, 100000]",0,0,14648,13232
yolov8x_training,2171.718964,80,168.838,13370.3125,100,420,10001,"[0, 100000]","[0, 100000]",0,0,9423,12695
yolov8x_training,2172.762127,80,172.224,13370.3125,63,390,10001,"[0, 100000]","[0, 100000]",0,0,13623,17431
yolov8x_training,2173.805067,81,175.319,13370.3125,30,435,10001,"[0, 100000]","[0, 100000]",0,0,5908,20019
yolov8x_training,2174.854367,77,173.035,13370.3125,39,435,10001,"[0, 100000]","[0, 100000]",0,0,14599,13281
yolov8x_training,2175.897231,78,173.797,13370.3125,76,390,10001,"[0, 100000]","[0, 100000]",0,0,10693,12255
yolov8x_training,2176.940202,79,173.965,13370.3125,100,585,10001,"[0, 100000]","[0, 100000]",0,0,13232,15966
yolov8x_training,2177.983024,79,176.071,13370.3125,100,720,10001,"[0, 100000]","[0, 100000]",0,0,5859,18652
yolov8x_training,2179.034153,80,174.482,13370.3125,100,495,10001,"[0, 100000]","[0, 100000]",0,0,14404,16064
yolov8x_training,2180.076966,80,173.271,13370.3125,100,630,10001,"[0, 100000]","[0, 100000]",0,0,12548,14550
yolov8x_training,2181.130472,80,173.981,13370.3125,100,2250,10001,"[0, 100000]","[0, 100000]",0,0,13427,16162
yolov8x_training,2182.173206,80,178.398,13370.3125,95,795,10001,"[0, 100000]","[0, 100000]",0,0,2343,19384
yolov8x_training,2183.231687,80,170.454,13370.3125,80,435,10001,"[0, 100000]","[0, 100000]",0,0,14501,13330
yolov8x_training,2184.274537,80,171.501,13370.3125,35,420,10001,"[0, 100000]","[0, 100000]",0,0,9863,12695
yolov8x_training,2185.325838,79,173.614,13370.3125,36,495,10001,"[0, 100000]","[0, 100000]",0,0,14306,14550
yolov8x_training,2186.368757,77,174.524,13370.3125,73,450,10001,"[0, 100000]","[0, 100000]",0,0,13330,14062
yolov8x_training,2187.428004,79,172.986,13370.3125,100,540,10001,"[0, 100000]","[0, 100000]",0,0,14404,13720
yolov8x_training,2188.470914,79,174.064,13370.3125,100,675,10001,"[0, 100000]","[0, 100000]",0,0,13378,13427
yolov8x_training,2189.516169,80,174.923,13370.3125,100,450,10001,"[0, 100000]","[0, 100000]",0,0,14355,17724
yolov8x_training,2190.559084,80,175.514,13370.3125,100,465,10001,"[0, 100000]","[0, 100000]",0,0,4345,20947
yolov8x_training,2191.608859,80,173.909,13370.3125,97,2505,10001,"[0, 100000]","[0, 100000]",0,0,14111,13330
yolov8x_training,2192.651852,80,177.886,13370.3125,97,1740,10001,"[0, 100000]","[0, 100000]",0,0,13232,15380
yolov8x_training,2193.706929,80,170.066,13370.3125,100,465,10001,"[0, 100000]","[0, 100000]",0,0,14648,12988
yolov8x_training,2194.749726,79,170.148,13370.3125,74,405,10001,"[0, 100000]","[0, 100000]",0,0,11962,14013
yolov8x_training,2195.792479,80,173.946,13370.3125,23,405,10001,"[0, 100000]","[0, 100000]",0,0,13232,15722
yolov8x_training,2196.847333,77,174.345,13370.3125,27,480,10001,"[0, 100000]","[0, 100000]",0,0,14648,13281
yolov8x_training,2197.909185,78,173.143,13370.3125,93,390,10001,"[0, 100000]","[0, 100000]",0,0,14404,16650
yolov8x_training,2198.952028,79,173.490,13370.3125,100,510,10001,"[0, 100000]","[0, 100000]",0,0,8447,12597
yolov8x_training,2199.994948,78,182.285,13370.3125,100,675,10001,"[0, 100000]","[0, 100000]",0,0,2001,6445
yolov8x_training,2201.037749,79,179.070,13370.3125,89,540,10001,"[0, 100000]","[0, 100000]",0,0,2197,12890
yolov8x_training,2202.081785,80,173.054,13370.3125,100,510,10001,"[0, 100000]","[0, 100000]",0,0,1855,16406
yolov8x_training,2203.124631,80,174.742,13370.3125,100,450,10001,"[0, 100000]","[0, 100000]",0,0,2490,12548
yolov8x_training,2204.167491,80,174.374,13370.3125,100,495,10001,"[0, 100000]","[0, 100000]",0,0,1806,15185
yolov8x_training,2205.210325,80,177.113,13370.3125,97,2490,10001,"[0, 100000]","[0, 100000]",0,0,2294,11328
yolov8x_training,2206.255053,80,177.334,13370.3125,97,1665,10001,"[0, 100000]","[0, 100000]",0,0,1708,11816
yolov8x_training,2207.298866,80,168.946,13370.3125,88,465,10001,"[0, 100000]","[0, 100000]",0,0,1757,16796
yolov8x_training,2208.341732,80,171.327,13370.3125,31,375,10001,"[0, 100000]","[0, 100000]",0,0,1757,9912
yolov8x_training,2209.384708,81,173.336,13370.3125,17,420,10001,"[0, 100000]","[0, 100000]",0,0,1806,10156
yolov8x_training,2210.427863,78,173.857,13370.3125,80,435,10001,"[0, 100000]","[0, 100000]",0,0,2050,8349
yolov8x_training,2211.470758,78,174.899,13370.3125,100,390,10001,"[0, 100000]","[0, 100000]",0,0,1855,7958
yolov8x_training,2212.513635,79,173.465,13370.3125,100,675,10001,"[0, 100000]","[0, 100000]",0,0,2294,9033
yolov8x_training,2213.556564,79,175.621,13370.3125,100,465,10001,"[0, 100000]","[0, 100000]",0,0,2490,8544
yolov8x_training,2214.599734,80,173.441,13370.3125,100,495,10001,"[0, 100000]","[0, 100000]",0,0,4003,11572
yolov8x_training,2215.642720,80,175.010,13370.3125,96,2505,10001,"[0, 100000]","[0, 100000]",0,0,3076,10498
yolov8x_training,2216.685589,80,178.263,13370.3125,96,1590,10001,"[0, 100000]","[0, 100000]",0,0,2343,20214
yolov8x_training,2217.728690,80,168.977,13370.3125,100,450,10001,"[0, 100000]","[0, 100000]",0,0,2636,18945
yolov8x_training,2218.771641,80,171.833,13370.3125,57,450,10001,"[0, 100000]","[0, 100000]",0,0,2148,22949
yolov8x_training,2219.814641,81,174.478,13370.3125,18,420,10001,"[0, 100000]","[0, 100000]",0,0,3076,22509
yolov8x_training,2220.857734,77,173.576,13370.3125,57,450,10001,"[0, 100000]","[0, 100000]",0,0,10156,12646
yolov8x_training,2221.900564,78,175.051,13370.3125,92,375,10001,"[0, 100000]","[0, 100000]",0,0,13281,13183
yolov8x_training,2222.943599,78,182.258,13370.3125,100,435,10001,"[0, 100000]","[0, 100000]",0,0,1757,7519
yolov8x_training,2223.986504,79,173.029,13370.3125,100,435,10001,"[0, 100000]","[0, 100000]",0,0,1904,8593
yolov8x_training,2225.029367,79,174.328,13370.3125,100,570,10001,"[0, 100000]","[0, 100000]",0,0,2490,9130
yolov8x_training,2226.072202,80,175.354,13370.3125,100,405,10001,"[0, 100000]","[0, 100000]",0,0,2294,9082
yolov8x_training,2227.115144,80,174.623,13370.3125,100,630,10001,"[0, 100000]","[0, 100000]",0,0,3808,11376
yolov8x_training,2228.157951,80,178.257,13370.3125,96,2475,10001,"[0, 100000]","[0, 100000]",0,0,3808,11718
yolov8x_training,2229.200807,81,171.368,13370.3125,97,645,10001,"[0, 100000]","[0, 100000]",0,0,3125,18750
yolov8x_training,2230.243973,79,168.988,13370.3125,71,420,10001,"[0, 100000]","[0, 100000]",0,0,2539,18310
yolov8x_training,2231.286841,80,174.081,13370.3125,12,420,10001,"[0, 100000]","[0, 100000]",0,0,5566,20898
yolov8x_training,2232.335759,77,173.180,13370.3125,52,480,10001,"[0, 100000]","[0, 100000]",0,0,14501,14013
yolov8x_training,2233.386941,78,173.759,13370.3125,100,450,10001,"[0, 100000]","[0, 100000]",0,0,14062,18115
yolov8x_training,2234.430135,79,173.855,13370.3125,100,435,10001,"[0, 100000]","[0, 100000]",0,0,14111,14599
yolov8x_training,2235.493598,80,174.771,13370.3125,100,1020,10001,"[0, 100000]","[0, 100000]",0,0,13525,16650
yolov8x_training,2236.536393,80,176.119,13370.3125,100,480,10001,"[0, 100000]","[0, 100000]",0,0,2490,18359
yolov8x_training,2237.579186,80,173.555,13370.3125,100,480,10001,"[0, 100000]","[0, 100000]",0,0,5908,17138
yolov8x_training,2238.622114,80,179.122,13370.3125,97,2505,10001,"[0, 100000]","[0, 100000]",0,0,11523,14453
yolov8x_training,2239.668592,81,174.090,13370.3125,96,1710,10001,"[0, 100000]","[0, 100000]",0,0,14160,15380
yolov8x_training,2240.711424,80,168.965,13370.3125,100,465,10001,"[0, 100000]","[0, 100000]",0,0,3076,23046
yolov8x_training,2241.754327,80,172.979,13370.3125,50,420,10001,"[0, 100000]","[0, 100000]",0,0,13427,13330
yolov8x_training,2242.797067,81,174.294,13370.3125,13,405,10001,"[0, 100000]","[0, 100000]",0,0,9423,12207
yolov8x_training,2243.853395,77,173.857,13370.3125,57,495,10001,"[0, 100000]","[0, 100000]",0,0,14404,16601
yolov8x_training,2244.896255,78,173.574,13370.3125,95,435,10001,"[0, 100000]","[0, 100000]",0,0,6103,15087
yolov8x_training,2245.939267,79,174.186,13370.3125,100,510,10001,"[0, 100000]","[0, 100000]",0,0,13476,17578
yolov8x_training,2246.982149,79,177.320,13370.3125,100,555,10001,"[0, 100000]","[0, 100000]",0,0,5615,20751
yolov8x_training,2248.028078,80,175.114,13370.3125,100,435,10001,"[0, 100000]","[0, 100000]",0,0,14501,13330
yolov8x_training,2249.070993,80,173.480,13370.3125,100,495,10001,"[0, 100000]","[0, 100000]",0,0,12597,14013
yolov8x_training,2250.128551,80,176.497,13370.3125,96,2475,10001,"[0, 100000]","[0, 100000]",0,0,14453,12353
yolov8x_training,2251.171516,80,170.689,13370.3125,97,1665,10001,"[0, 100000]","[0, 100000]",0,0,9326,12597
yolov8x_training,2252.232212,80,169.644,13370.3125,59,435,10001,"[0, 100000]","[0, 100000]",0,0,14306,17041
yolov8x_training,2253.275104,80,174.010,13370.3125,17,420,10001,"[0, 100000]","[0, 100000]",0,0,8203,12988
yolov8x_training,2254.324725,80,174.105,13370.3125,53,360,10001,"[0, 100000]","[0, 100000]",0,0,14062,11279
yolov8x_training,2255.367563,80,174.843,13370.3125,91,465,10001,"[0, 100000]","[0, 100000]",0,0,13281,13427
yolov8x_training,2256.426264,77,172.956,13370.3125,100,420,10001,"[0, 100000]","[0, 100000]",0,0,14599,12500
yolov8x_training,2257.469352,77,176.053,13370.3125,100,540,10001,"[0, 100000]","[0, 100000]",0,0,2197,19628
yolov8x_training,2258.512263,77,181.251,13370.3125,100,600,10001,"[0, 100000]","[0, 100000]",0,0,1806,9277
yolov8x_training,2259.555562,78,174.554,13370.3125,100,510,10001,"[0, 100000]","[0, 100000]",0,0,1855,8349
yolov8x_training,2260.641679,80,163.416,13370.3125,96,2250,10001,"[0, 100000]","[0, 100000]",0,0,14599,14160
yolov8x_training,2261.685707,80,168.495,13370.3125,100,480,10001,"[0, 100000]","[0, 100000]",0,0,14404,10546
yolov8x_training,2262.744337,80,171.858,13370.3125,57,420,10001,"[0, 100000]","[0, 100000]",0,0,14404,13037
yolov8x_training,2263.787420,80,174.239,13370.3125,18,420,10001,"[0, 100000]","[0, 100000]",0,0,11572,13671
yolov8x_training,2264.844098,80,173.483,13370.3125,55,495,10001,"[0, 100000]","[0, 100000]",0,0,14306,13085
yolov8x_training,2265.886961,81,174.114,13370.3125,100,420,10001,"[0, 100000]","[0, 100000]",0,0,12548,14013
yolov8x_training,2266.932838,77,173.309,13370.3125,100,525,10001,"[0, 100000]","[0, 100000]",0,0,14257,19140
yolov8x_training,2267.975673,78,177.429,13370.3125,100,555,10001,"[0, 100000]","[0, 100000]",0,0,2783,22509
yolov8x_training,2269.019862,79,175.257,13370.3125,100,450,10001,"[0, 100000]","[0, 100000]",0,0,14355,11425
yolov8x_training,2270.066379,79,172.756,13370.3125,100,525,10001,"[0, 100000]","[0, 100000]",0,0,12841,22070
yolov8x_training,2271.123148,80,179.794,13370.3125,96,2475,10001,"[0, 100000]","[0, 100000]",0,0,14160,13183
yolov8x_training,2272.168735,80,169.569,13370.3125,95,1605,10001,"[0, 100000]","[0, 100000]",0,0,14111,17285
yolov8x_training,2273.249933,80,170.361,13370.3125,25,435,10001,"[0, 100000]","[0, 100000]",0,0,14257,19384
yolov8x_training,2274.305771,80,174.437,13370.3125,22,420,10001,"[0, 100000]","[0, 100000]",0,0,14257,16894
yolov8x_training,2275.356226,81,172.420,13370.3125,92,450,10001,"[0, 100000]","[0, 100000]",0,0,14208,14404
yolov8x_training,2276.401156,78,173.431,13370.3125,100,375,10001,"[0, 100000]","[0, 100000]",0,0,14306,13427
yolov8x_training,2277.468839,78,173.996,13370.3125,100,540,10001,"[0, 100000]","[0, 100000]",0,0,14208,22021
yolov8x_training,2278.519896,79,173.650,13370.3125,100,480,10001,"[0, 100000]","[0, 100000]",0,0,14355,12158
yolov8x_training,2279.579024,79,173.710,13370.3125,97,495,10001,"[0, 100000]","[0, 100000]",0,0,14697,13916
yolov8x_training,2280.621834,80,179.033,13370.3125,96,2505,10001,"[0, 100000]","[0, 100000]",0,0,12109,14013
yolov8x_training,2281.678673,80,170.368,13370.3125,100,1605,10001,"[0, 100000]","[0, 100000]",0,0,14306,11718
yolov8x_training,2282.723848,80,171.384,13370.3125,64,420,10001,"[0, 100000]","[0, 100000]",0,0,14355,17236
yolov8x_training,2283.795688,80,173.502,13370.3125,6,435,10001,"[0, 100000]","[0, 100000]",0,0,14306,14697
yolov8x_training,2284.844213,80,174.011,13370.3125,54,435,10001,"[0, 100000]","[0, 100000]",0,0,14355,19824
yolov8x_training,2285.897202,80,174.761,13370.3125,100,450,10001,"[0, 100000]","[0, 100000]",0,0,14208,11328
yolov8x_training,2286.940981,77,174.753,13370.3125,100,420,10001,"[0, 100000]","[0, 100000]",0,0,14062,16162
yolov8x_training,2287.994746,79,175.291,13370.3125,100,660,10001,"[0, 100000]","[0, 100000]",0,0,14111,12500
yolov8x_training,2289.040823,79,173.534,13370.3125,100,405,10001,"[0, 100000]","[0, 100000]",0,0,14111,17919
yolov8x_training,2290.092879,80,173.974,13370.3125,100,1410,10001,"[0, 100000]","[0, 100000]",0,0,14355,13720
yolov8x_training,2291.137018,80,174.235,13370.3125,95,2505,10001,"[0, 100000]","[0, 100000]",0,0,14208,13378
yolov8x_training,2292.191236,80,169.725,13370.3125,96,765,10001,"[0, 100000]","[0, 100000]",0,0,14501,14404
yolov8x_training,2293.237935,80,171.689,13370.3125,27,420,10001,"[0, 100000]","[0, 100000]",0,0,14208,14550
yolov8x_training,2294.293139,80,173.788,13370.3125,36,405,10001,"[0, 100000]","[0, 100000]",0,0,14208,13085
yolov8x_training,2295.336088,80,174.481,13370.3125,71,420,10001,"[0, 100000]","[0, 100000]",0,0,13281,13769
yolov8x_training,2296.395153,78,172.897,13370.3125,100,435,10001,"[0, 100000]","[0, 100000]",0,0,14306,14111
yolov8x_training,2297.447583,77,174.559,13370.3125,100,435,10001,"[0, 100000]","[0, 100000]",0,0,14501,16552
yolov8x_training,2298.515986,79,173.194,13370.3125,100,540,10001,"[0, 100000]","[0, 100000]",0,0,14501,14208
yolov8x_training,2299.558874,79,172.979,13370.3125,100,465,10001,"[0, 100000]","[0, 100000]",0,0,8496,12646
yolov8x_training,2300.624153,80,176.394,13370.3125,97,2505,10001,"[0, 100000]","[0, 100000]",0,0,14062,18701
yolov8x_training,2301.667161,80,170.298,13370.3125,98,2115,10001,"[0, 100000]","[0, 100000]",0,0,1513,8642
yolov8x_training,2302.709996,80,171.488,13370.3125,100,1425,10001,"[0, 100000]","[0, 100000]",0,0,3320,14013
yolov8x_training,2303.752862,80,178.969,13370.3125,69,847,10001,"[0, 100000]","[0, 100000]",0,0,2636,10986
yolov8x_training,2304.795680,80,170.341,13370.3125,80,450,10001,"[0, 100000]","[0, 100000]",0,0,1855,9521
yolov8x_training,2305.838603,80,174.403,13370.3125,30,405,10001,"[0, 100000]","[0, 100000]",0,0,1855,15234
yolov8x_training,2306.881440,80,173.990,13370.3125,35,405,10001,"[0, 100000]","[0, 100000]",0,0,1953,9130
yolov8x_training,2307.924453,81,174.480,13370.3125,80,480,10001,"[0, 100000]","[0, 100000]",0,0,1806,10205
yolov8x_training,2308.967648,77,173.855,13370.3125,100,375,10001,"[0, 100000]","[0, 100000]",0,0,2246,9472
yolov8x_training,2310.010766,78,175.073,13370.3125,100,540,10001,"[0, 100000]","[0, 100000]",0,0,2246,8349
yolov8x_training,2311.053740,79,174.347,13370.3125,100,480,10001,"[0, 100000]","[0, 100000]",0,0,3271,10107
yolov8x_training,2312.096682,79,172.935,13370.3125,100,510,10001,"[0, 100000]","[0, 100000]",0,0,3564,13037
yolov8x_training,2313.139802,80,176.611,13370.3125,97,2475,10001,"[0, 100000]","[0, 100000]",0,0,2734,21533
yolov8x_training,2314.182667,79,187.023,13370.3125,93,405,10001,"[0, 100000]","[0, 100000]",0,0,1855,8593
yolov8x_training,2315.225647,80,172.324,13370.3125,96,480,10001,"[0, 100000]","[0, 100000]",0,0,1904,7763
yolov8x_training,2316.268576,80,178.693,13370.3125,97,2505,10001,"[0, 100000]","[0, 100000]",0,0,2001,7470
yolov8x_training,2317.311441,80,170.729,13370.3125,67,525,10001,"[0, 100000]","[0, 100000]",0,0,1513,6591
yolov8x_training,2318.354400,80,173.179,13370.3125,100,2145,10001,"[0, 100000]","[0, 100000]",0,0,1708,5957
yolov8x_training,2319.397336,80,169.866,13370.3125,47,450,10001,"[0, 100000]","[0, 100000]",0,0,1757,9228
yolov8x_training,2320.440339,81,173.684,13370.3125,9,360,10001,"[0, 100000]","[0, 100000]",0,0,1904,8105
yolov8x_training,2321.483716,80,174.250,13370.3125,53,390,10001,"[0, 100000]","[0, 100000]",0,0,1708,8154
yolov8x_training,2322.526783,81,174.510,13370.3125,95,510,10001,"[0, 100000]","[0, 100000]",0,0,1806,7714
yolov8x_training,2323.570037,77,172.823,13370.3125,100,420,10001,"[0, 100000]","[0, 100000]",0,0,2050,7812
yolov8x_training,2324.613013,78,174.740,13370.3125,100,540,10001,"[0, 100000]","[0, 100000]",0,0,1855,8496
yolov8x_training,2325.655919,79,173.530,13370.3125,100,645,10001,"[0, 100000]","[0, 100000]",0,0,2050,7812
yolov8x_training,2326.698752,79,173.789,13370.3125,100,405,10001,"[0, 100000]","[0, 100000]",0,0,2050,7470
yolov8x_training,2327.741661,80,176.720,13370.3125,96,2505,10001,"[0, 100000]","[0, 100000]",0,0,2099,10644
yolov8x_training,2328.784575,80,169.198,13370.3125,96,2475,10001,"[0, 100000]","[0, 100000]",0,0,1855,10595
yolov8x_training,2329.827473,80,170.644,13370.3125,66,480,10001,"[0, 100000]","[0, 100000]",0,0,2783,10693
yolov8x_training,2330.870265,79,174.753,13370.3125,29,420,10001,"[0, 100000]","[0, 100000]",0,0,1855,15722
yolov8x_training,2331.913175,80,172.091,13370.3125,53,405,10001,"[0, 100000]","[0, 100000]",0,0,1904,12597
yolov8x_training,2332.956121,81,174.747,13370.3125,96,495,10001,"[0, 100000]","[0, 100000]",0,0,1806,16601
yolov8x_training,2333.999126,77,173.363,13370.3125,100,390,10001,"[0, 100000]","[0, 100000]",0,0,1757,11376
yolov8x_training,2335.042027,78,175.151,13370.3125,100,600,10001,"[0, 100000]","[0, 100000]",0,0,1806,9570
yolov8x_training,2336.085027,79,173.327,13370.3125,100,480,10001,"[0, 100000]","[0, 100000]",0,0,1904,9228
yolov8x_training,2337.127881,79,175.450,13370.3125,100,495,10001,"[0, 100000]","[0, 100000]",0,0,2099,8349
yolov8x_training,2338.170736,80,177.430,13370.3125,97,2505,10001,"[0, 100000]","[0, 100000]",0,0,3173,10107
yolov8x_training,2339.213559,80,168.829,13370.3125,97,2205,10001,"[0, 100000]","[0, 100000]",0,0,2343,8349
yolov8x_training,2340.256538,80,171.362,13370.3125,38,480,10001,"[0, 100000]","[0, 100000]",0,0,3710,12646
yolov8x_training,2341.299416,80,173.838,13370.3125,18,405,10001,"[0, 100000]","[0, 100000]",0,0,3027,10498
yolov8x_training,2342.342272,80,175.255,13370.3125,63,405,10001,"[0, 100000]","[0, 100000]",0,0,3759,12207
yolov8x_training,2343.385673,81,173.248,13370.3125,100,495,10001,"[0, 100000]","[0, 100000]",0,0,2441,19482
yolov8x_training,2344.428879,77,172.907,13370.3125,100,375,10001,"[0, 100000]","[0, 100000]",0,0,5761,19384
yolov8x_training,2345.471908,78,175.217,13370.3125,100,540,10001,"[0, 100000]","[0, 100000]",0,0,13232,16943
yolov8x_training,2346.523707,79,172.427,13370.3125,100,480,10001,"[0, 100000]","[0, 100000]",0,0,14501,16503
yolov8x_training,2347.566650,79,175.773,13370.3125,97,480,10001,"[0, 100000]","[0, 100000]",0,0,4589,20605
yolov8x_training,2348.620024,80,179.148,13370.3125,96,2505,10001,"[0, 100000]","[0, 100000]",0,0,14453,14257
yolov8x_training,2349.663038,80,168.267,13370.3125,100,2250,10001,"[0, 100000]","[0, 100000]",0,0,11376,13964
yolov8x_training,2350.720719,80,171.083,13370.3125,54,480,10001,"[0, 100000]","[0, 100000]",0,0,14355,17724
yolov8x_training,2351.763584,80,173.667,13370.3125,11,420,10001,"[0, 100000]","[0, 100000]",0,0,5761,19921
yolov8x_training,2352.814703,80,173.306,13370.3125,51,405,10001,"[0, 100000]","[0, 100000]",0,0,14404,15185
yolov8x_training,2353.857545,81,174.026,13370.3125,97,480,10001,"[0, 100000]","[0, 100000]",0,0,11425,13476
yolov8x_training,2354.912733,77,173.504,13370.3125,100,375,10001,"[0, 100000]","[0, 100000]",0,0,14306,12988
yolov8x_training,2355.955559,78,175.472,13370.3125,100,525,10001,"[0, 100000]","[0, 100000]",0,0,13085,14160
yolov8x_training,2357.015985,79,172.922,13370.3125,100,630,10001,"[0, 100000]","[0, 100000]",0,0,14550,13037
yolov8x_training,2358.059040,79,173.651,13370.3125,100,495,10001,"[0, 100000]","[0, 100000]",0,0,12939,15039
yolov8x_training,2359.113144,80,176.795,13370.3125,96,2505,10001,"[0, 100000]","[0, 100000]",0,0,14501,10888
yolov8x_training,2360.156002,80,168.183,13370.3125,96,2220,10001,"[0, 100000]","[0, 100000]",0,0,11328,12207
yolov8x_training,2361.210765,80,171.054,13370.3125,95,450,10001,"[0, 100000]","[0, 100000]",0,0,14257,13769
yolov8x_training,2362.253749,80,174.215,13370.3125,10,435,10001,"[0, 100000]","[0, 100000]",0,0,12158,13574
yolov8x_training,2363.296590,79,173.984,13370.3125,55,375,10001,"[0, 100000]","[0, 100000]",0,0,12060,14013
yolov8x_training,2364.339486,81,174.406,13370.3125,89,420,10001,"[0, 100000]","[0, 100000]",0,0,5664,18457
yolov8x_training,2365.393492,77,172.074,13370.3125,100,435,10001,"[0, 100000]","[0, 100000]",0,0,14062,13427
yolov8x_training,2366.436506,77,174.053,13370.3125,100,435,10001,"[0, 100000]","[0, 100000]",0,0,6347,15185
yolov8x_training,2367.486619,79,173.848,13370.3125,100,540,10001,"[0, 100000]","[0, 100000]",0,0,14550,14208
yolov8x_training,2368.529592,79,174.670,13370.3125,100,1065,10001,"[0, 100000]","[0, 100000]",0,0,2246,18164
yolov8x_training,2369.575438,80,174.241,13370.3125,96,495,10001,"[0, 100000]","[0, 100000]",0,0,14111,17431
yolov8x_training,2370.618252,80,179.100,13370.3125,97,570,10001,"[0, 100000]","[0, 100000]",0,0,4345,18701
yolov8x_training,2371.661243,80,170.336,13370.3125,100,2475,10001,"[0, 100000]","[0, 100000]",0,0,4003,21777
yolov8x_training,2372.704104,80,170.529,13370.3125,79,1635,10001,"[0, 100000]","[0, 100000]",0,0,1953,20654
yolov8x_training,2373.747105,80,174.208,13370.3125,24,405,10001,"[0, 100000]","[0, 100000]",0,0,2392,17626
yolov8x_training,2374.790192,79,174.819,13370.3125,14,405,10001,"[0, 100000]","[0, 100000]",0,0,2539,19531
yolov8x_training,2375.833341,80,174.859,13370.3125,64,405,10001,"[0, 100000]","[0, 100000]",0,0,2685,17089
yolov8x_training,2376.876234,81,174.798,13370.3125,100,420,10001,"[0, 100000]","[0, 100000]",0,0,2539,18212
yolov8x_training,2377.919124,77,173.619,13370.3125,100,435,10001,"[0, 100000]","[0, 100000]",0,0,5126,21728
yolov8x_training,2378.962121,78,174.250,13370.3125,100,420,10001,"[0, 100000]","[0, 100000]",0,0,5664,22314
yolov8x_training,2380.005589,79,173.545,13370.3125,100,855,10001,"[0, 100000]","[0, 100000]",0,0,14697,13964
yolov8x_training,2381.048515,79,175.777,13370.3125,100,450,10001,"[0, 100000]","[0, 100000]",0,0,11669,12207
yolov8x_training,2382.110448,80,173.311,13370.3125,97,705,10001,"[0, 100000]","[0, 100000]",0,0,14062,19482
yolov8x_training,2383.153584,80,175.354,13370.3125,95,2490,10001,"[0, 100000]","[0, 100000]",0,0,6201,14306
yolov8x_training,2384.209677,80,177.290,13370.3125,91,915,10001,"[0, 100000]","[0, 100000]",0,0,14404,17187
yolov8x_training,2385.252669,80,168.476,13370.3125,100,420,10001,"[0, 100000]","[0, 100000]",0,0,3710,23242
yolov8x_training,2386.295540,79,170.440,13370.3125,57,405,10001,"[0, 100000]","[0, 100000]",0,0,5957,18310
yolov8x_training,2387.338810,81,173.592,13370.3125,6,450,10001,"[0, 100000]","[0, 100000]",0,0,8349,21875
yolov8x_training,2388.387734,77,174.035,13370.3125,52,450,10001,"[0, 100000]","[0, 100000]",0,0,14404,16943
yolov8x_training,2389.430617,77,173.638,13370.3125,94,390,10001,"[0, 100000]","[0, 100000]",0,0,6054,17138
yolov8x_training,2390.483083,79,172.574,13370.3125,100,570,10001,"[0, 100000]","[0, 100000]",0,0,14648,13232
yolov8x_training,2391.525887,79,174.386,13370.3125,100,630,10001,"[0, 100000]","[0, 100000]",0,0,9570,12597
yolov8x_training,2392.582506,80,173.911,13370.3125,100,480,10001,"[0, 100000]","[0, 100000]",0,0,14697,13427
yolov8x_training,2393.625401,80,172.647,13370.3125,100,2505,10001,"[0, 100000]","[0, 100000]",0,0,12841,14990
yolov8x_training,2394.684909,80,177.246,13370.3125,97,1755,10001,"[0, 100000]","[0, 100000]",0,0,14550,15380
yolov8x_training,2395.730269,80,169.953,13370.3125,97,465,10001,"[0, 100000]","[0, 100000]",0,0,14111,20800
yolov8x_training,2396.786208,79,170.557,13370.3125,70,420,10001,"[0, 100000]","[0, 100000]",0,0,14306,17480
yolov8x_training,2397.829259,80,174.433,13370.3125,32,420,10001,"[0, 100000]","[0, 100000]",0,0,9277,13671
yolov8x_training,2398.880775,77,173.615,13370.3125,39,450,10001,"[0, 100000]","[0, 100000]",0,0,14160,11279
yolov8x_training,2399.923633,77,174.035,13370.3125,79,405,10001,"[0, 100000]","[0, 100000]",0,0,12353,14013
yolov8x_training,2400.979651,79,173.196,13370.3125,100,540,10001,"[0, 100000]","[0, 100000]",0,0,14453,14062
yolov8x_training,2402.022590,79,175.265,13370.3125,100,645,10001,"[0, 100000]","[0, 100000]",0,0,13427,14160
yolov8x_training,2403.083836,80,174.641,13370.3125,100,480,10001,"[0, 100000]","[0, 100000]",0,0,14355,15087
yolov8x_training,2404.126661,80,171.944,13370.3125,100,2505,10001,"[0, 100000]","[0, 100000]",0,0,10400,12695
yolov8x_training,2405.177258,80,176.685,13370.3125,97,1725,10001,"[0, 100000]","[0, 100000]",0,0,14599,14257
yolov8x_training,2406.220110,80,173.438,13370.3125,96,480,10001,"[0, 100000]","[0, 100000]",0,0,3125,24121
yolov8x_training,2407.262936,80,169.980,13370.3125,82,420,10001,"[0, 100000]","[0, 100000]",0,0,9326,12597
yolov8x_training,2408.305743,80,171.230,13370.3125,40,435,10001,"[0, 100000]","[0, 100000]",0,0,12451,14501
yolov8x_training,2409.359939,80,173.454,13370.3125,32,495,10001,"[0, 100000]","[0, 100000]",0,0,14404,12548
yolov8x_training,2410.402942,77,173.661,13370.3125,77,450,10001,"[0, 100000]","[0, 100000]",0,0,6250,15039
yolov8x_training,2411.453758,79,173.367,13370.3125,100,540,10001,"[0, 100000]","[0, 100000]",0,0,14501,16308
yolov8x_training,2412.497695,79,174.753,13370.3125,100,585,10001,"[0, 100000]","[0, 100000]",0,0,14404,10644
yolov8x_training,2413.554206,79,174.112,13370.3125,100,450,10001,"[0, 100000]","[0, 100000]",0,0,14599,13818
yolov8x_training,2414.597163,80,172.763,13370.3125,100,495,10001,"[0, 100000]","[0, 100000]",0,0,12890,14160
yolov8x_training,2415.650936,80,176.471,13370.3125,96,2505,10001,"[0, 100000]","[0, 100000]",0,0,14257,15380
yolov8x_training,2416.693940,80,178.799,13370.3125,96,2100,10001,"[0, 100000]","[0, 100000]",0,0,2392,17773
yolov8x_training,2417.736745,80,169.257,13370.3125,100,480,10001,"[0, 100000]","[0, 100000]",0,0,11474,14062
yolov8x_training,2418.779544,79,169.834,13370.3125,83,405,10001,"[0, 100000]","[0, 100000]",0,0,7812,13476
yolov8x_training,2419.834521,80,172.455,13370.3125,19,435,10001,"[0, 100000]","[0, 100000]",0,0,14306,12500
yolov8x_training,2420.877422,79,175.256,13370.3125,33,435,10001,"[0, 100000]","[0, 100000]",0,0,2490,20166
yolov8x_training,2421.920565,77,175.490,13370.3125,71,435,10001,"[0, 100000]","[0, 100000]",0,0,2636,17089
yolov8x_training,2422.963413,78,174.456,13370.3125,100,375,10001,"[0, 100000]","[0, 100000]",0,0,3564,13281
yolov8x_training,2424.006408,79,174.275,13370.3125,100,600,10001,"[0, 100000]","[0, 100000]",0,0,4541,21435
yolov8x_training,2425.049499,79,175.597,13370.3125,100,540,10001,"[0, 100000]","[0, 100000]",0,0,3613,12158
yolov8x_training,2426.092409,80,174.549,13370.3125,100,450,10001,"[0, 100000]","[0, 100000]",0,0,2490,19384
yolov8x_training,2427.135211,80,174.689,13370.3125,100,495,10001,"[0, 100000]","[0, 100000]",0,0,3417,11425
yolov8x_training,2428.178071,80,176.551,13370.3125,100,2490,10001,"[0, 100000]","[0, 100000]",0,0,2539,18408
yolov8x_training,2429.220844,80,175.660,13370.3125,97,1710,10001,"[0, 100000]","[0, 100000]",0,0,3125,15332
yolov8x_training,2430.263750,80,169.872,13370.3125,95,465,10001,"[0, 100000]","[0, 100000]",0,0,3466,13330
yolov8x_training,2431.306588,79,170.270,13370.3125,60,405,10001,"[0, 100000]","[0, 100000]",0,0,3662,12744
yolov8x_training,2432.350264,81,173.515,13370.3125,14,405,10001,"[0, 100000]","[0, 100000]",0,0,1953,21044
yolov8x_training,2433.393116,77,173.850,13370.3125,53,495,10001,"[0, 100000]","[0, 100000]",0,0,3222,14501
yolov8x_training,2434.435948,77,174.974,13370.3125,96,435,10001,"[0, 100000]","[0, 100000]",0,0,2783,17675
yolov8x_training,2435.478971,79,173.161,13370.3125,100,435,10001,"[0, 100000]","[0, 100000]",0,0,2734,18408
yolov8x_training,2436.521841,79,174.294,13370.3125,100,660,10001,"[0, 100000]","[0, 100000]",0,0,3173,16113
yolov8x_training,2437.564774,79,177.612,13370.3125,100,465,10001,"[0, 100000]","[0, 100000]",0,0,2490,9375
yolov8x_training,2438.607594,80,175.082,13370.3125,100,495,10001,"[0, 100000]","[0, 100000]",0,0,3857,11767
yolov8x_training,2439.650497,80,174.513,13370.3125,100,840,10001,"[0, 100000]","[0, 100000]",0,0,3906,11572
yolov8x_training,2440.693396,80,178.796,13370.3125,97,2340,10001,"[0, 100000]","[0, 100000]",0,0,3759,11572
yolov8x_training,2441.736279,80,176.834,13370.3125,99,1575,10001,"[0, 100000]","[0, 100000]",0,0,2880,10595
yolov8x_training,2442.779091,78,170.123,13370.3125,100,435,10001,"[0, 100000]","[0, 100000]",0,0,2783,16455
yolov8x_training,2443.821952,80,172.108,13370.3125,55,375,10001,"[0, 100000]","[0, 100000]",0,0,4003,12207
yolov8x_training,2444.864858,80,173.534,13370.3125,12,405,10001,"[0, 100000]","[0, 100000]",0,0,3906,22998
yolov8x_training,2445.907658,77,175.014,13370.3125,56,465,10001,"[0, 100000]","[0, 100000]",0,0,2148,23730
yolov8x_training,2446.950582,79,173.234,13370.3125,100,435,10001,"[0, 100000]","[0, 100000]",0,0,12207,14013
yolov8x_training,2447.993490,79,173.679,13370.3125,100,540,10001,"[0, 100000]","[0, 100000]",0,0,8886,12646
yolov8x_training,2449.046116,80,174.774,13370.3125,100,420,10001,"[0, 100000]","[0, 100000]",0,0,14453,11328
yolov8x_training,2450.088966,80,173.460,13370.3125,100,510,10001,"[0, 100000]","[0, 100000]",0,0,11914,12304
yolov8x_training,2451.146902,80,174.299,13370.3125,100,2505,10001,"[0, 100000]","[0, 100000]",0,0,14257,15234
yolov8x_training,2452.189842,80,176.539,13370.3125,96,1725,10001,"[0, 100000]","[0, 100000]",0,0,7861,12597
yolov8x_training,2453.232639,80,170.148,13370.3125,96,435,10001,"[0, 100000]","[0, 100000]",0,0,5810,18261
yolov8x_training,2454.275535,79,170.442,13370.3125,56,390,10001,"[0, 100000]","[0, 100000]",0,0,4296,20996
yolov8x_training,2455.325257,80,172.930,13370.3125,15,405,10001,"[0, 100000]","[0, 100000]",0,0,14453,12158
yolov8x_training,2456.368109,77,173.747,13370.3125,56,495,10001,"[0, 100000]","[0, 100000]",0,0,12304,14697
yolov8x_training,2457.410879,78,173.754,13370.3125,100,435,10001,"[0, 100000]","[0, 100000]",0,0,11914,14013
yolov8x_training,2458.453774,78,175.689,13370.3125,100,405,10001,"[0, 100000]","[0, 100000]",0,0,2490,22851
yolov8x_training,2459.496645,79,174.955,13370.3125,100,540,10001,"[0, 100000]","[0, 100000]",0,0,2099,19580
yolov8x_training,2460.539535,79,176.105,13370.3125,100,675,10001,"[0, 100000]","[0, 100000]",0,0,4541,23583
yolov8x_training,2461.582688,80,173.020,13370.3125,100,465,10001,"[0, 100000]","[0, 100000]",0,0,12109,14013
yolov8x_training,2462.625495,80,174.732,13370.3125,100,525,10001,"[0, 100000]","[0, 100000]",0,0,2490,17138
yolov8x_training,2463.668364,80,179.425,13370.3125,97,2505,10001,"[0, 100000]","[0, 100000]",0,0,6298,14892
yolov8x_training,2464.711217,80,172.077,13370.3125,96,1650,10001,"[0, 100000]","[0, 100000]",0,0,7177,15771
yolov8x_training,2465.763502,79,169.558,13370.3125,81,435,10001,"[0, 100000]","[0, 100000]",0,0,14648,14208
yolov8x_training,2466.806335,80,173.838,13370.3125,48,360,10001,"[0, 100000]","[0, 100000]",0,0,4589,21582
yolov8x_training,2467.849391,79,174.396,13370.3125,27,405,10001,"[0, 100000]","[0, 100000]",0,0,6103,14599
yolov8x_training,2468.892256,77,175.019,13370.3125,59,480,10001,"[0, 100000]","[0, 100000]",0,0,3320,14062
yolov8x_training,2469.935133,78,175.264,13370.3125,100,450,10001,"[0, 100000]","[0, 100000]",0,0,3759,12792
yolov8x_training,2470.977960,79,175.590,13370.3125,100,405,10001,"[0, 100000]","[0, 100000]",0,0,3955,12158
yolov8x_training,2472.020762,79,173.471,13370.3125,100,555,10001,"[0, 100000]","[0, 100000]",0,0,2246,18847
yolov8x_training,2473.063651,80,176.628,13370.3125,100,600,10001,"[0, 100000]","[0, 100000]",0,0,3271,10546
yolov8x_training,2474.106475,79,173.505,13370.3125,100,450,10001,"[0, 100000]","[0, 100000]",0,0,3271,9619
yolov8x_training,2475.149332,79,173.777,13370.3125,100,510,10001,"[0, 100000]","[0, 100000]",0,0,2392,9619
yolov8x_training,2476.192329,80,177.460,13370.3125,97,2505,10001,"[0, 100000]","[0, 100000]",0,0,2539,9716
yolov8x_training,2477.235899,80,177.648,13370.3125,96,2220,10001,"[0, 100000]","[0, 100000]",0,0,1953,9130
yolov8x_training,2478.278958,80,169.927,13370.3125,100,630,10001,"[0, 100000]","[0, 100000]",0,0,2099,8251
yolov8x_training,2479.321850,80,170.242,13370.3125,57,405,10001,"[0, 100000]","[0, 100000]",0,0,2050,8349
yolov8x_training,2480.364659,78,172.824,13370.3125,14,450,10001,"[0, 100000]","[0, 100000]",0,0,3271,9570
yolov8x_training,2481.407518,80,174.061,13370.3125,55,435,10001,"[0, 100000]","[0, 100000]",0,0,2587,9619
yolov8x_training,2482.450521,81,174.742,13370.3125,99,435,10001,"[0, 100000]","[0, 100000]",0,0,2197,8349
yolov8x_training,2483.493416,79,173.644,13370.3125,100,390,10001,"[0, 100000]","[0, 100000]",0,0,2197,8154
yolov8x_training,2484.536420,77,173.455,13370.3125,100,555,10001,"[0, 100000]","[0, 100000]",0,0,3613,10791
yolov8x_training,2485.579250,79,175.242,13370.3125,100,480,10001,"[0, 100000]","[0, 100000]",0,0,2978,10546
yolov8x_training,2486.622153,79,171.998,13370.3125,100,480,10001,"[0, 100000]","[0, 100000]",0,0,2343,18652
yolov8x_training,2487.665228,79,178.105,13370.3125,97,2505,10001,"[0, 100000]","[0, 100000]",0,0,3125,15039
yolov8x_training,2488.708100,80,172.293,13370.3125,97,1710,10001,"[0, 100000]","[0, 100000]",0,0,3808,22265
yolov8x_training,2489.751025,79,168.128,13370.3125,94,450,10001,"[0, 100000]","[0, 100000]",0,0,2587,17968
yolov8x_training,2490.793806,80,173.295,13370.3125,46,390,10001,"[0, 100000]","[0, 100000]",0,0,2441,18457
yolov8x_training,2491.836594,80,174.026,13370.3125,18,420,10001,"[0, 100000]","[0, 100000]",0,0,2343,18408
yolov8x_training,2492.879563,80,173.366,13370.3125,56,495,10001,"[0, 100000]","[0, 100000]",0,0,12451,14501
yolov8x_training,2493.922343,81,174.050,13370.3125,99,450,10001,"[0, 100000]","[0, 100000]",0,0,3125,17138
yolov8x_training,2494.965263,77,174.715,13370.3125,100,420,10001,"[0, 100000]","[0, 100000]",0,0,4150,21777
yolov8x_training,2496.008150,77,174.588,13370.3125,100,585,10001,"[0, 100000]","[0, 100000]",0,0,1660,23681
yolov8x_training,2497.050978,79,174.148,13370.3125,100,465,10001,"[0, 100000]","[0, 100000]",0,0,10742,12646
yolov8x_training,2498.093807,79,175.516,13370.3125,100,465,10001,"[0, 100000]","[0, 100000]",0,0,2539,17968
yolov8x_training,2499.136575,79,174.476,13370.3125,100,2505,10001,"[0, 100000]","[0, 100000]",0,0,13281,14843
yolov8x_training,2500.179463,80,177.369,13370.3125,97,2220,10001,"[0, 100000]","[0, 100000]",0,0,3808,22460
yolov8x_training,2501.222259,80,169.873,13370.3125,96,555,10001,"[0, 100000]","[0, 100000]",0,0,4199,20996
yolov8x_training,2502.265071,79,169.795,13370.3125,61,465,10001,"[0, 100000]","[0, 100000]",0,0,3515,22167
yolov8x_training,2503.309657,80,173.098,13370.3125,15,420,10001,"[0, 100000]","[0, 100000]",0,0,14550,13574
yolov8x_training,2504.352459,80,174.124,13370.3125,56,420,10001,"[0, 100000]","[0, 100000]",0,0,8740,12597
yolov8x_training,2505.405440,81,174.200,13370.3125,100,450,10001,"[0, 100000]","[0, 100000]",0,0,14599,13623
yolov8x_training,2506.448243,77,173.682,13370.3125,100,420,10001,"[0, 100000]","[0, 100000]",0,0,6005,23046
yolov8x_training,2507.491812,77,176.068,13370.3125,100,525,10001,"[0, 100000]","[0, 100000]",0,0,9619,12207
yolov8x_training,2508.534625,79,175.385,13370.3125,100,840,10001,"[0, 100000]","[0, 100000]",0,0,11572,14062
yolov8x_training,2509.582491,79,172.386,13370.3125,100,435,10001,"[0, 100000]","[0, 100000]",0,0,14648,14111
yolov8x_training,2510.625319,79,175.051,13370.3125,96,1005,10001,"[0, 100000]","[0, 100000]",0,0,12890,15039
yolov8x_training,2511.668155,80,175.979,13370.3125,97,2475,10001,"[0, 100000]","[0, 100000]",0,0,9277,12597
yolov8x_training,2512.711015,80,169.285,13370.3125,97,2130,10001,"[0, 100000]","[0, 100000]",0,0,2636,16650
yolov8x_training,2513.753885,80,171.089,13370.3125,68,450,10001,"[0, 100000]","[0, 100000]",0,0,5761,17138
yolov8x_training,2514.796732,80,174.155,13370.3125,41,390,10001,"[0, 100000]","[0, 100000]",0,0,5175,21728
yolov8x_training,2515.841232,79,174.105,13370.3125,36,405,10001,"[0, 100000]","[0, 100000]",0,0,14355,11718
yolov8x_training,2516.884107,80,174.115,13370.3125,76,495,10001,"[0, 100000]","[0, 100000]",0,0,13085,13769
yolov8x_training,2517.940385,77,173.187,13370.3125,100,390,10001,"[0, 100000]","[0, 100000]",0,0,14697,14062
yolov8x_training,2518.983171,77,175.072,13370.3125,100,525,10001,"[0, 100000]","[0, 100000]",0,0,6347,21679
yolov8x_training,2520.029838,79,174.850,13370.3125,100,660,10001,"[0, 100000]","[0, 100000]",0,0,14404,18701
yolov8x_training,2521.072669,79,175.308,13370.3125,100,405,10001,"[0, 100000]","[0, 100000]",0,0,7324,14404
yolov8x_training,2522.118229,79,174.233,13370.3125,100,585,10001,"[0, 100000]","[0, 100000]",0,0,14453,14941
yolov8x_training,2523.165826,80,175.850,13370.3125,96,2505,10001,"[0, 100000]","[0, 100000]",0,0,14355,15283
yolov8x_training,2524.208669,80,170.071,13370.3125,97,630,10001,"[0, 100000]","[0, 100000]",0,0,14160,17187
yolov8x_training,2525.251550,80,172.195,13370.3125,45,450,10001,"[0, 100000]","[0, 100000]",0,0,12988,19384
yolov8x_training,2526.297000,80,173.475,13370.3125,17,390,10001,"[0, 100000]","[0, 100000]",0,0,14355,14257
yolov8x_training,2527.342336,79,174.278,13370.3125,55,420,10001,"[0, 100000]","[0, 100000]",0,0,14306,13818
yolov8x_training,2528.402472,81,173.677,13370.3125,100,450,10001,"[0, 100000]","[0, 100000]",0,0,14208,13378
yolov8x_training,2529.445369,77,173.630,13370.3125,100,390,10001,"[0, 100000]","[0, 100000]",0,0,10107,12548
yolov8x_training,2530.498372,78,174.226,13370.3125,100,555,10001,"[0, 100000]","[0, 100000]",0,0,14453,13574
yolov8x_training,2531.541272,79,173.543,13370.3125,100,495,10001,"[0, 100000]","[0, 100000]",0,0,12207,13476
yolov8x_training,2532.595312,79,173.144,13370.3125,97,495,10001,"[0, 100000]","[0, 100000]",0,0,14306,14111
yolov8x_training,2533.642753,80,178.339,13370.3125,96,1252,10001,"[0, 100000]","[0, 100000]",0,0,14062,19238
yolov8x_training,2534.693980,80,170.443,13370.3125,100,1680,10001,"[0, 100000]","[0, 100000]",0,0,14355,16308
yolov8x_training,2535.748437,80,169.643,13370.3125,80,465,10001,"[0, 100000]","[0, 100000]",0,0,14257,20947
yolov8x_training,2536.796552,80,173.322,13370.3125,21,420,10001,"[0, 100000]","[0, 100000]",0,0,14453,14062
yolov8x_training,2537.839576,78,174.921,13370.3125,32,435,10001,"[0, 100000]","[0, 100000]",0,0,2294,19335
yolov8x_training,2538.882756,81,173.827,13370.3125,74,495,10001,"[0, 100000]","[0, 100000]",0,0,9179,12597
yolov8x_training,2539.925574,80,174.329,13370.3125,100,450,10001,"[0, 100000]","[0, 100000]",0,0,4687,20996
yolov8x_training,2540.972188,77,173.501,13370.3125,100,525,10001,"[0, 100000]","[0, 100000]",0,0,14404,14306
yolov8x_training,2542.015039,78,175.083,13370.3125,100,690,10001,"[0, 100000]","[0, 100000]",0,0,13427,13769
yolov8x_training,2543.077273,79,172.415,13370.3125,100,510,10001,"[0, 100000]","[0, 100000]",0,0,14453,13916
yolov8x_training,2544.120208,79,175.318,13370.3125,97,705,10001,"[0, 100000]","[0, 100000]",0,0,13281,15820
yolov8x_training,2545.172303,80,170.784,13370.3125,97,2265,10001,"[0, 100000]","[0, 100000]",0,0,14257,13720
yolov8x_training,2546.229414,80,168.710,13370.3125,99,525,10001,"[0, 100000]","[0, 100000]",0,0,14648,16064
yolov8x_training,2547.272426,80,173.217,13370.3125,10,420,10001,"[0, 100000]","[0, 100000]",0,0,13574,14355
yolov8x_training,2548.315393,79,173.773,13370.3125,34,375,10001,"[0, 100000]","[0, 100000]",0,0,11328,13476
yolov8x_training,2549.372193,80,172.532,13370.3125,94,405,10001,"[0, 100000]","[0, 100000]",0,0,14599,13867
yolov8x_training,2550.415083,80,173.133,13370.3125,100,450,10001,"[0, 100000]","[0, 100000]",0,0,13427,13720
yolov8x_training,2551.471964,77,173.674,13370.3125,100,420,10001,"[0, 100000]","[0, 100000]",0,0,14550,13623
yolov8x_training,2552.514817,78,174.706,13370.3125,100,540,10001,"[0, 100000]","[0, 100000]",0,0,13427,14062
yolov8x_training,2553.568181,79,172.020,13370.3125,100,465,10001,"[0, 100000]","[0, 100000]",0,0,14697,14990
yolov8x_training,2554.611180,80,174.799,13370.3125,97,540,10001,"[0, 100000]","[0, 100000]",0,0,14501,7421
yolov8x_training,2555.671126,80,171.525,13370.3125,97,2475,10001,"[0, 100000]","[0, 100000]",0,0,14648,13476
yolov8x_training,2556.728196,79,168.647,13370.3125,89,1620,10001,"[0, 100000]","[0, 100000]",0,0,14550,14404
yolov8x_training,2557.778365,80,172.016,13370.3125,16,435,10001,"[0, 100000]","[0, 100000]",0,0,13085,28515
yolov8x_training,2558.821185,80,176.054,13370.3125,20,390,10001,"[0, 100000]","[0, 100000]",0,0,5175,20117
yolov8x_training,2559.879004,81,172.971,13370.3125,77,375,10001,"[0, 100000]","[0, 100000]",0,0,14404,16113
yolov8x_training,2560.921846,79,173.530,13370.3125,100,465,10001,"[0, 100000]","[0, 100000]",0,0,3271,22949
yolov8x_training,2561.966093,77,173.301,13370.3125,100,450,10001,"[0, 100000]","[0, 100000]",0,0,14306,14453
yolov8x_training,2563.009181,78,175.485,13370.3125,100,600,10001,"[0, 100000]","[0, 100000]",0,0,14404,13916
yolov8x_training,2564.066281,79,172.618,13370.3125,100,450,10001,"[0, 100000]","[0, 100000]",0,0,14208,15136
yolov8x_training,2565.109217,79,174.198,13370.3125,96,465,10001,"[0, 100000]","[0, 100000]",0,0,11132,12207
yolov8x_training,2566.158718,80,174.504,13370.3125,97,2505,10001,"[0, 100000]","[0, 100000]",0,0,14355,20410
yolov8x_training,2567.201649,80,169.322,13370.3125,99,2175,10001,"[0, 100000]","[0, 100000]",0,0,2441,18066
yolov8x_training,2568.245013,80,171.325,13370.3125,93,480,10001,"[0, 100000]","[0, 100000]",0,0,14746,15087
yolov8x_training,2569.287832,80,174.119,13370.3125,10,405,10001,"[0, 100000]","[0, 100000]",0,0,13330,14111
yolov8x_training,2570.344159,79,172.355,13370.3125,74,420,10001,"[0, 100000]","[0, 100000]",0,0,14306,15966
yolov8x_training,2571.387056,81,174.130,13370.3125,100,495,10001,"[0, 100000]","[0, 100000]",0,0,13720,13183
yolov8x_training,2572.440045,77,173.201,13370.3125,100,375,10001,"[0, 100000]","[0, 100000]",0,0,14404,17871
yolov8x_training,2573.482901,77,177.055,13370.3125,100,435,10001,"[0, 100000]","[0, 100000]",0,0,2343,18115
yolov8x_training,2574.527372,79,174.582,13370.3125,100,825,10001,"[0, 100000]","[0, 100000]",0,0,14501,13525
yolov8x_training,2575.570163,79,173.205,13370.3125,100,450,10001,"[0, 100000]","[0, 100000]",0,0,4833,22314
yolov8x_training,2576.613211,79,177.500,13370.3125,97,495,10001,"[0, 100000]","[0, 100000]",0,0,7617,13427
yolov8x_training,2577.656242,80,178.816,13370.3125,96,1252,10001,"[0, 100000]","[0, 100000]",0,0,3076,17285
yolov8x_training,2578.699125,80,170.100,13370.3125,100,2220,10001,"[0, 100000]","[0, 100000]",0,0,4052,21777
yolov8x_training,2579.742219,80,169.984,13370.3125,77,615,10001,"[0, 100000]","[0, 100000]",0,0,4101,22265
yolov8x_training,2580.785230,80,173.764,13370.3125,11,435,10001,"[0, 100000]","[0, 100000]",0,0,8203,14160
yolov8x_training,2581.828374,79,174.920,13370.3125,29,360,10001,"[0, 100000]","[0, 100000]",0,0,2343,19335
yolov8x_training,2582.871317,80,173.753,13370.3125,74,405,10001,"[0, 100000]","[0, 100000]",0,0,4003,21289
yolov8x_training,2583.914143,80,174.494,13370.3125,100,465,10001,"[0, 100000]","[0, 100000]",0,0,3808,21679
yolov8x_training,2584.959033,77,173.898,13370.3125,100,420,10001,"[0, 100000]","[0, 100000]",0,0,14599,14501
yolov8x_training,2586.001849,78,177.021,13370.3125,100,540,10001,"[0, 100000]","[0, 100000]",0,0,3955,23974
yolov8x_training,2587.044714,79,172.930,13370.3125,100,555,10001,"[0, 100000]","[0, 100000]",0,0,11718,12207
yolov8x_training,2588.087733,79,174.010,13370.3125,100,480,10001,"[0, 100000]","[0, 100000]",0,0,11230,13476
yolov8x_training,2589.130563,80,177.674,13370.3125,97,1470,10001,"[0, 100000]","[0, 100000]",0,0,4199,21875
yolov8x_training,2590.173562,80,169.777,13370.3125,96,2490,10001,"[0, 100000]","[0, 100000]",0,0,3808,21728
yolov8x_training,2591.217744,80,169.446,13370.3125,100,555,10001,"[0, 100000]","[0, 100000]",0,0,14599,14013
yolov8x_training,2592.260842,80,173.628,13370.3125,17,465,10001,"[0, 100000]","[0, 100000]",0,0,14550,13623
yolov8x_training,2593.321841,79,173.853,13370.3125,52,405,10001,"[0, 100000]","[0, 100000]",0,0,14306,14160
yolov8x_training,2594.364713,80,173.350,13370.3125,94,450,10001,"[0, 100000]","[0, 100000]",0,0,2490,17968
yolov8x_training,2595.407695,80,176.000,13370.3125,100,495,10001,"[0, 100000]","[0, 100000]",0,0,6738,14599
yolov8x_training,2596.450536,77,174.283,13370.3125,100,435,10001,"[0, 100000]","[0, 100000]",0,0,3173,22119
yolov8x_training,2597.498895,79,174.098,13370.3125,100,555,10001,"[0, 100000]","[0, 100000]",0,0,14404,10498
yolov8x_training,2598.541708,79,175.027,13370.3125,100,555,10001,"[0, 100000]","[0, 100000]",0,0,2343,18603
yolov8x_training,2599.584538,79,173.555,13370.3125,96,420,10001,"[0, 100000]","[0, 100000]",0,0,10351,13623
yolov8x_training,2600.627319,80,178.800,13370.3125,96,495,10001,"[0, 100000]","[0, 100000]",0,0,5859,18310
yolov8x_training,2601.677067,80,173.772,13370.3125,100,2505,10001,"[0, 100000]","[0, 100000]",0,0,14697,13085
yolov8x_training,2602.719901,80,178.504,13370.3125,78,1695,10001,"[0, 100000]","[0, 100000]",0,0,11621,14062
yolov8x_training,2603.764476,80,170.494,13370.3125,21,405,10001,"[0, 100000]","[0, 100000]",0,0,14062,22216
yolov8x_training,2604.807407,79,170.415,13370.3125,21,390,10001,"[0, 100000]","[0, 100000]",0,0,8886,17333
yolov8x_training,2605.857758,80,172.959,13370.3125,79,420,10001,"[0, 100000]","[0, 100000]",0,0,14404,14160
yolov8x_training,2606.900724,80,173.736,13370.3125,100,495,10001,"[0, 100000]","[0, 100000]",0,0,10742,12597
yolov8x_training,2607.954093,77,173.732,13370.3125,100,390,10001,"[0, 100000]","[0, 100000]",0,0,14453,13867
yolov8x_training,2608.997535,78,174.797,13370.3125,100,510,10001,"[0, 100000]","[0, 100000]",0,0,14306,15722
yolov8x_training,2610.040486,79,174.686,13370.3125,100,870,10001,"[0, 100000]","[0, 100000]",0,0,9277,12548
yolov8x_training,2611.083226,79,174.995,13370.3125,100,435,10001,"[0, 100000]","[0, 100000]",0,0,6201,15185
yolov8x_training,2612.129651,80,172.787,13370.3125,100,585,10001,"[0, 100000]","[0, 100000]",0,0,14257,15625
yolov8x_training,2613.172439,80,175.307,13370.3125,100,2505,10001,"[0, 100000]","[0, 100000]",0,0,1757,24169
yolov8x_training,2614.215233,80,177.159,13370.3125,96,1695,10001,"[0, 100000]","[0, 100000]",0,0,9423,12646
yolov8x_training,2615.258046,80,174.510,13370.3125,96,465,10001,"[0, 100000]","[0, 100000]",0,0,2343,19873
yolov8x_training,2616.300931,80,169.432,13370.3125,98,420,10001,"[0, 100000]","[0, 100000]",0,0,2294,19384
yolov8x_training,2617.343721,79,169.741,13370.3125,63,420,10001,"[0, 100000]","[0, 100000]",0,0,3613,12988
yolov8x_training,2618.386834,81,173.723,13370.3125,16,360,10001,"[0, 100000]","[0, 100000]",0,0,2441,22900
yolov8x_training,2619.429610,77,174.264,13370.3125,50,465,10001,"[0, 100000]","[0, 100000]",0,0,1953,22900
yolov8x_training,2620.472573,78,172.940,13370.3125,100,435,10001,"[0, 100000]","[0, 100000]",0,0,11328,13476
yolov8x_training,2621.515466,79,175.394,13370.3125,100,540,10001,"[0, 100000]","[0, 100000]",0,0,2587,18261
yolov8x_training,2622.558316,79,174.279,13370.3125,100,660,10001,"[0, 100000]","[0, 100000]",0,0,2539,18457
yolov8x_training,2623.601157,79,176.898,13370.3125,100,435,10001,"[0, 100000]","[0, 100000]",0,0,3320,14648
yolov8x_training,2624.644374,80,172.856,13370.3125,100,615,10001,"[0, 100000]","[0, 100000]",0,0,3613,22509
yolov8x_training,2625.687263,80,175.890,13370.3125,100,1252,10001,"[0, 100000]","[0, 100000]",0,0,3759,12109
yolov8x_training,2626.730082,80,178.398,13370.3125,97,1830,10001,"[0, 100000]","[0, 100000]",0,0,3857,11279
yolov8x_training,2627.772940,80,176.024,13370.3125,97,615,10001,"[0, 100000]","[0, 100000]",0,0,3125,10546
yolov8x_training,2628.815834,79,169.287,13370.3125,98,420,10001,"[0, 100000]","[0, 100000]",0,0,2783,17724
yolov8x_training,2629.858838,79,170.474,13370.3125,69,345,10001,"[0, 100000]","[0, 100000]",0,0,3222,9472
yolov8x_training,2630.901833,80,174.219,13370.3125,23,405,10001,"[0, 100000]","[0, 100000]",0,0,2392,8691
yolov8x_training,2631.944948,80,173.828,13370.3125,14,510,10001,"[0, 100000]","[0, 100000]",0,0,2246,8349
yolov8x_training,2632.987835,77,175.015,13370.3125,66,435,10001,"[0, 100000]","[0, 100000]",0,0,2197,8349
yolov8x_training,2634.030814,78,173.942,13370.3125,96,435,10001,"[0, 100000]","[0, 100000]",0,0,1806,11669
yolov8x_training,2635.075054,79,174.374,13370.3125,100,675,10001,"[0, 100000]","[0, 100000]",0,0,1904,9423
yolov8x_training,2636.117898,79,175.396,13370.3125,100,645,10001,"[0, 100000]","[0, 100000]",0,0,1757,17187
yolov8x_training,2637.160721,80,173.948,13370.3125,100,450,10001,"[0, 100000]","[0, 100000]",0,0,1855,13818
yolov8x_training,2638.203591,80,173.639,13370.3125,100,495,10001,"[0, 100000]","[0, 100000]",0,0,1806,17041
yolov8x_training,2639.246475,80,175.513,13370.3125,100,1215,10001,"[0, 100000]","[0, 100000]",0,0,1904,14941
yolov8x_training,2640.289409,80,178.521,13370.3125,97,2505,10001,"[0, 100000]","[0, 100000]",0,0,3076,9960
yolov8x_training,2641.332487,80,177.276,13370.3125,96,1965,10001,"[0, 100000]","[0, 100000]",0,0,2783,9863
yolov8x_training,2642.375329,80,168.267,13370.3125,100,465,10001,"[0, 100000]","[0, 100000]",0,0,2783,11083
yolov8x_training,2643.418330,80,170.359,13370.3125,63,420,10001,"[0, 100000]","[0, 100000]",0,0,2929,10693
yolov8x_training,2644.461343,80,172.765,13370.3125,44,375,10001,"[0, 100000]","[0, 100000]",0,0,2197,8203
yolov8x_training,2645.504259,81,174.174,13370.3125,15,405,10001,"[0, 100000]","[0, 100000]",0,0,2197,7373
yolov8x_training,2646.547129,78,173.672,13370.3125,50,495,10001,"[0, 100000]","[0, 100000]",0,0,1855,8251
yolov8x_training,2647.590429,77,174.614,13370.3125,99,390,10001,"[0, 100000]","[0, 100000]",0,0,2099,8349
yolov8x_training,2648.633232,79,174.625,13370.3125,100,540,10001,"[0, 100000]","[0, 100000]",0,0,2050,8398
yolov8x_training,2649.676196,79,175.908,13370.3125,100,1005,10001,"[0, 100000]","[0, 100000]",0,0,2050,8349
yolov8x_training,2650.719180,79,175.786,13370.3125,100,480,10001,"[0, 100000]","[0, 100000]",0,0,2050,8496
yolov8x_training,2651.762311,80,174.551,13370.3125,100,450,10001,"[0, 100000]","[0, 100000]",0,0,1806,8642
yolov8x_training,2652.805059,80,173.405,13370.3125,100,1230,10001,"[0, 100000]","[0, 100000]",0,0,2001,8105
yolov8x_training,2653.848006,80,179.135,13370.3125,97,2325,10001,"[0, 100000]","[0, 100000]",0,0,1904,8154
yolov8x_training,2654.890899,80,176.245,13370.3125,97,1845,10001,"[0, 100000]","[0, 100000]",0,0,1855,7470
yolov8x_training,2655.933856,80,169.582,13370.3125,96,435,10001,"[0, 100000]","[0, 100000]",0,0,2050,8300
yolov8x_training,2656.976852,80,172.003,13370.3125,58,375,10001,"[0, 100000]","[0, 100000]",0,0,1953,7861
yolov8x_training,2658.019757,81,173.974,13370.3125,15,360,10001,"[0, 100000]","[0, 100000]",0,0,2001,8691
yolov8x_training,2659.062656,77,174.919,13370.3125,41,495,10001,"[0, 100000]","[0, 100000]",0,0,2050,8154
yolov8x_training,2660.105960,77,175.196,13370.3125,93,390,10001,"[0, 100000]","[0, 100000]",0,0,1806,8154
yolov8x_training,2661.148736,79,174.317,13370.3125,100,480,10001,"[0, 100000]","[0, 100000]",0,0,2001,7617
yolov8x_training,2662.191703,79,175.152,13370.3125,100,765,10001,"[0, 100000]","[0, 100000]",0,0,1904,8105
yolov8x_training,2663.234641,79,177.137,13370.3125,100,465,10001,"[0, 100000]","[0, 100000]",0,0,1855,8105
yolov8x_training,2664.277554,80,174.181,13370.3125,100,465,10001,"[0, 100000]","[0, 100000]",0,0,1806,8789
yolov8x_training,2665.320320,80,173.701,13370.3125,97,1005,10001,"[0, 100000]","[0, 100000]",0,0,1806,7666
yolov8x_training,2666.363132,80,177.563,13370.3125,96,2295,10001,"[0, 100000]","[0, 100000]",0,0,1855,7617
yolov8x_training,2667.405964,80,173.341,13370.3125,98,1050,10001,"[0, 100000]","[0, 100000]",0,0,1757,7666
yolov8x_training,2668.448738,79,170.012,13370.3125,75,435,10001,"[0, 100000]","[0, 100000]",0,0,1806,7861
yolov8x_training,2669.491712,79,172.185,13370.3125,51,375,10001,"[0, 100000]","[0, 100000]",0,0,1708,8251
yolov8x_training,2670.534524,81,174.696,13370.3125,16,405,10001,"[0, 100000]","[0, 100000]",0,0,1757,7568
yolov8x_training,2671.577415,79,174.924,13370.3125,37,495,10001,"[0, 100000]","[0, 100000]",0,0,1708,6591
yolov8x_training,2672.620188,77,173.099,13370.3125,94,375,10001,"[0, 100000]","[0, 100000]",0,0,1806,7421
yolov8x_training,2673.663091,78,173.164,13370.3125,100,525,10001,"[0, 100000]","[0, 100000]",0,0,1757,8007
yolov8x_training,2674.706280,79,176.264,13370.3125,100,1080,10001,"[0, 100000]","[0, 100000]",0,0,1806,7861
yolov8x_training,2675.749097,79,176.652,13370.3125,100,480,10001,"[0, 100000]","[0, 100000]",0,0,1708,6494
yolov8x_training,2676.791959,80,172.494,13370.3125,100,480,10001,"[0, 100000]","[0, 100000]",0,0,1855,7421
yolov8x_training,2677.834890,80,175.539,13370.3125,97,2505,10001,"[0, 100000]","[0, 100000]",0,0,1855,8105
yolov8x_training,2678.878276,80,178.029,13370.3125,96,1695,10001,"[0, 100000]","[0, 100000]",0,0,1660,7861
yolov8x_training,2679.921259,78,168.834,13370.3125,100,465,10001,"[0, 100000]","[0, 100000]",0,0,1904,8544
yolov8x_training,2680.964090,80,171.676,13370.3125,57,435,10001,"[0, 100000]","[0, 100000]",0,0,2099,8349
yolov8x_training,2682.006915,81,173.850,13370.3125,10,420,10001,"[0, 100000]","[0, 100000]",0,0,2050,7373
yolov8x_training,2683.049632,77,173.514,13370.3125,59,495,10001,"[0, 100000]","[0, 100000]",0,0,1855,10644
yolov8x_training,2684.092380,78,174.579,13370.3125,98,375,10001,"[0, 100000]","[0, 100000]",0,0,1855,10107
yolov8x_training,2685.135598,79,174.755,13370.3125,100,630,10001,"[0, 100000]","[0, 100000]",0,0,1806,10644
yolov8x_training,2686.178469,79,177.495,13370.3125,100,675,10001,"[0, 100000]","[0, 100000]",0,0,2148,7519
yolov8x_training,2687.221280,80,173.157,13370.3125,100,465,10001,"[0, 100000]","[0, 100000]",0,0,1904,9667
yolov8x_training,2688.264192,80,172.765,13370.3125,100,585,10001,"[0, 100000]","[0, 100000]",0,0,2880,10791
yolov8x_training,2689.307075,80,178.422,13370.3125,97,2295,10001,"[0, 100000]","[0, 100000]",0,0,2490,12841
yolov8x_training,2690.349951,80,169.926,13370.3125,100,1650,10001,"[0, 100000]","[0, 100000]",0,0,2685,11230
yolov8x_training,2691.392845,80,169.432,13370.3125,59,450,10001,"[0, 100000]","[0, 100000]",0,0,1904,15380
yolov8x_training,2692.435863,80,174.005,13370.3125,19,390,10001,"[0, 100000]","[0, 100000]",0,0,1757,16992
yolov8x_training,2693.478941,77,173.550,13370.3125,60,405,10001,"[0, 100000]","[0, 100000]",0,0,1953,16455
yolov8x_training,2694.522104,77,174.641,13370.3125,99,450,10001,"[0, 100000]","[0, 100000]",0,0,1806,15917
yolov8x_training,2695.565096,79,172.685,13370.3125,100,435,10001,"[0, 100000]","[0, 100000]",0,0,1806,10351
yolov8x_training,2696.608158,79,175.513,13370.3125,100,615,10001,"[0, 100000]","[0, 100000]",0,0,1806,16308
yolov8x_training,2697.650959,79,176.191,13370.3125,100,465,10001,"[0, 100000]","[0, 100000]",0,0,1806,9619
yolov8x_training,2698.694175,79,172.660,13370.3125,100,480,10001,"[0, 100000]","[0, 100000]",0,0,1806,10058
yolov8x_training,2699.737027,79,175.523,13370.3125,97,2505,10001,"[0, 100000]","[0, 100000]",0,0,1953,10888
yolov8x_training,2700.780118,80,178.709,13370.3125,97,2475,10001,"[0, 100000]","[0, 100000]",0,0,1806,16650
yolov8x_training,2701.823074,80,169.792,13370.3125,100,690,10001,"[0, 100000]","[0, 100000]",0,0,1806,9960
yolov8x_training,2702.866058,80,170.302,13370.3125,86,435,10001,"[0, 100000]","[0, 100000]",0,0,2001,15869
yolov8x_training,2703.908977,80,173.391,13370.3125,37,420,10001,"[0, 100000]","[0, 100000]",0,0,1855,9619
yolov8x_training,2704.952077,79,174.183,13370.3125,16,420,10001,"[0, 100000]","[0, 100000]",0,0,1757,9863
yolov8x_training,2705.994967,81,173.414,13370.3125,79,435,10001,"[0, 100000]","[0, 100000]",0,0,1904,8984
yolov8x_training,2707.037786,80,174.286,13370.3125,100,390,10001,"[0, 100000]","[0, 100000]",0,0,1904,8203
yolov8x_training,2708.080598,77,174.192,13370.3125,100,585,10001,"[0, 100000]","[0, 100000]",0,0,1757,10058
yolov8x_training,2709.123564,78,175.955,13370.3125,100,645,10001,"[0, 100000]","[0, 100000]",0,0,1757,12695
yolov8x_training,2710.167435,79,173.139,13370.3125,100,495,10001,"[0, 100000]","[0, 100000]",0,0,2050,8593
yolov8x_training,2711.210423,79,175.174,13370.3125,100,645,10001,"[0, 100000]","[0, 100000]",0,0,2001,8349
yolov8x_training,2712.253244,80,177.135,13370.3125,97,2220,10001,"[0, 100000]","[0, 100000]",0,0,2929,9033
yolov8x_training,2713.296277,80,168.487,13370.3125,98,570,10001,"[0, 100000]","[0, 100000]",0,0,2392,9179
yolov8x_training,2714.339561,80,171.174,13370.3125,34,420,10001,"[0, 100000]","[0, 100000]",0,0,3955,11816
yolov8x_training,2715.382377,79,174.081,13370.3125,15,405,10001,"[0, 100000]","[0, 100000]",0,0,3125,11425
yolov8x_training,2716.425200,80,173.030,13370.3125,75,495,10001,"[0, 100000]","[0, 100000]",0,0,2246,19384
yolov8x_training,2717.468142,81,173.967,13370.3125,100,450,10001,"[0, 100000]","[0, 100000]",0,0,2636,17919
yolov8x_training,2718.511075,77,174.130,13370.3125,100,435,10001,"[0, 100000]","[0, 100000]",0,0,3173,14501
yolov8x_training,2719.553912,77,174.589,13370.3125,100,585,10001,"[0, 100000]","[0, 100000]",0,0,3710,13037
yolov8x_training,2720.596956,79,174.137,13370.3125,100,450,10001,"[0, 100000]","[0, 100000]",0,0,2294,18603
yolov8x_training,2721.639827,79,173.210,13370.3125,100,510,10001,"[0, 100000]","[0, 100000]",0,0,2099,18994
yolov8x_training,2722.682763,80,176.672,13370.3125,97,2505,10001,"[0, 100000]","[0, 100000]",0,0,11572,12207
yolov8x_training,2723.726063,80,170.589,13370.3125,96,1770,10001,"[0, 100000]","[0, 100000]",0,0,6201,14111
yolov8x_training,2724.786772,80,169.014,13370.3125,79,435,10001,"[0, 100000]","[0, 100000]",0,0,14404,19238
yolov8x_training,2725.829570,80,173.335,13370.3125,37,375,10001,"[0, 100000]","[0, 100000]",0,0,4541,20605
yolov8x_training,2726.876278,79,173.648,13370.3125,34,405,10001,"[0, 100000]","[0, 100000]",0,0,14501,14208
yolov8x_training,2727.919151,79,179.758,13370.3125,73,405,10001,"[0, 100000]","[0, 100000]",0,0,1806,9765
yolov8x_training,2728.962313,81,173.166,13370.3125,64,480,10001,"[0, 100000]","[0, 100000]",0,0,3125,10498
yolov8x_training,2730.005229,78,173.185,13370.3125,100,435,10001,"[0, 100000]","[0, 100000]",0,0,2929,11083
yolov8x_training,2731.048160,77,174.329,13370.3125,100,480,10001,"[0, 100000]","[0, 100000]",0,0,3515,13281
yolov8x_training,2732.091461,78,175.307,13370.3125,100,645,10001,"[0, 100000]","[0, 100000]",0,0,3759,12109
yolov8x_training,2733.134417,79,171.955,13370.3125,100,450,10001,"[0, 100000]","[0, 100000]",0,0,2539,17675
yolov8x_training,2734.177318,80,175.051,13370.3125,96,1860,10001,"[0, 100000]","[0, 100000]",0,0,2343,19287
yolov8x_training,2735.220588,80,171.269,13370.3125,96,2235,10001,"[0, 100000]","[0, 100000]",0,0,7519,12890
yolov8x_training,2736.263792,80,168.504,13370.3125,100,840,10001,"[0, 100000]","[0, 100000]",0,0,5908,16308
yolov8x_training,2737.311343,80,172.548,13370.3125,16,420,10001,"[0, 100000]","[0, 100000]",0,0,14355,14208
yolov8x_training,2738.358633,79,173.840,13370.3125,37,435,10001,"[0, 100000]","[0, 100000]",0,0,13623,19970
yolov8x_training,2739.414374,80,174.928,13370.3125,88,480,10001,"[0, 100000]","[0, 100000]",0,0,14355,13525
yolov8x_training,2740.457262,80,173.552,13370.3125,100,465,10001,"[0, 100000]","[0, 100000]",0,0,4687,22949
yolov8x_training,2741.500974,80,181.329,13370.3125,100,465,10001,"[0, 100000]","[0, 100000]",0,0,2050,8349
yolov8x_training,2742.543769,77,172.481,13370.3125,100,375,10001,"[0, 100000]","[0, 100000]",0,0,1708,10644
yolov8x_training,2743.587077,77,176.457,13370.3125,100,600,10001,"[0, 100000]","[0, 100000]",0,0,1904,10253
yolov8x_training,2744.630327,79,176.349,13370.3125,100,510,10001,"[0, 100000]","[0, 100000]",0,0,1806,8544
yolov8x_training,2745.673617,79,171.898,13370.3125,100,465,10001,"[0, 100000]","[0, 100000]",0,0,2050,8691
yolov8x_training,2746.716642,80,178.481,13370.3125,97,1005,10001,"[0, 100000]","[0, 100000]",0,0,2050,8349
yolov8x_training,2747.759551,80,172.495,13370.3125,97,1740,10001,"[0, 100000]","[0, 100000]",0,0,3125,10302
yolov8x_training,2748.802379,80,168.972,13370.3125,86,510,10001,"[0, 100000]","[0, 100000]",0,0,2734,9570
yolov8x_training,2749.845251,80,173.505,13370.3125,29,405,10001,"[0, 100000]","[0, 100000]",0,0,3759,12695
yolov8x_training,2750.888430,79,174.651,13370.3125,18,390,10001,"[0, 100000]","[0, 100000]",0,0,3857,11816
yolov8x_training,2751.931346,81,172.377,13370.3125,75,495,10001,"[0, 100000]","[0, 100000]",0,0,2490,18457
yolov8x_training,2752.974212,78,173.631,13370.3125,100,435,10001,"[0, 100000]","[0, 100000]",0,0,2587,17089
yolov8x_training,2754.017048,77,174.467,13370.3125,100,540,10001,"[0, 100000]","[0, 100000]",0,0,6738,13525
yolov8x_training,2755.060265,78,175.852,13370.3125,100,690,10001,"[0, 100000]","[0, 100000]",0,0,5615,20800
yolov8x_training,2756.110046,79,171.944,13370.3125,100,525,10001,"[0, 100000]","[0, 100000]",0,0,14599,13720
yolov8x_training,2757.171447,80,175.979,13370.3125,96,2505,10001,"[0, 100000]","[0, 100000]",0,0,14404,16699
yolov8x_training,2758.226756,80,169.865,13370.3125,96,1755,10001,"[0, 100000]","[0, 100000]",0,0,14550,13085
yolov8x_training,2759.271828,80,169.863,13370.3125,96,450,10001,"[0, 100000]","[0, 100000]",0,0,14111,16699
yolov8x_training,2760.325400,80,173.336,13370.3125,16,420,10001,"[0, 100000]","[0, 100000]",0,0,14599,14306
yolov8x_training,2761.377553,79,174.054,13370.3125,61,420,10001,"[0, 100000]","[0, 100000]",0,0,14501,17529
yolov8x_training,2762.426172,81,174.343,13370.3125,100,465,10001,"[0, 100000]","[0, 100000]",0,0,14306,11279
yolov8x_training,2763.469093,77,173.929,13370.3125,100,375,10001,"[0, 100000]","[0, 100000]",0,0,13134,14208
yolov8x_training,2764.530205,78,174.059,13370.3125,100,540,10001,"[0, 100000]","[0, 100000]",0,0,14160,18066
yolov8x_training,2765.590334,79,173.142,13370.3125,100,405,10001,"[0, 100000]","[0, 100000]",0,0,14013,19677
yolov8x_training,2766.642203,79,173.538,13370.3125,97,1275,10001,"[0, 100000]","[0, 100000]",0,0,14501,15039
yolov8x_training,2767.685112,80,175.126,13370.3125,97,2475,10001,"[0, 100000]","[0, 100000]",0,0,12207,13671
yolov8x_training,2768.742834,80,169.344,13370.3125,99,615,10001,"[0, 100000]","[0, 100000]",0,0,14453,11572
yolov8x_training,2769.785744,80,171.426,13370.3125,50,420,10001,"[0, 100000]","[0, 100000]",0,0,11376,12597
yolov8x_training,2770.842356,78,172.965,13370.3125,9,450,10001,"[0, 100000]","[0, 100000]",0,0,14208,12060
yolov8x_training,2771.885257,80,174.543,13370.3125,54,420,10001,"[0, 100000]","[0, 100000]",0,0,12255,14208
yolov8x_training,2772.941914,79,172.749,13370.3125,100,450,10001,"[0, 100000]","[0, 100000]",0,0,14599,13769
yolov8x_training,2773.984889,77,174.429,13370.3125,100,405,10001,"[0, 100000]","[0, 100000]",0,0,8544,13330
yolov8x_training,2775.042873,78,173.960,13370.3125,100,585,10001,"[0, 100000]","[0, 100000]",0,0,14306,10449
yolov8x_training,2776.085738,79,172.781,13370.3125,100,480,10001,"[0, 100000]","[0, 100000]",0,0,9472,12695
yolov8x_training,2777.149014,79,173.686,13370.3125,100,555,10001,"[0, 100000]","[0, 100000]",0,0,14111,22558
yolov8x_training,2778.192155,80,175.918,13370.3125,96,1252,10001,"[0, 100000]","[0, 100000]",0,0,5908,19433
yolov8x_training,2779.237966,80,170.063,13370.3125,96,1665,10001,"[0, 100000]","[0, 100000]",0,0,14355,14453
yolov8x_training,2780.297365,80,171.923,13370.3125,22,465,10001,"[0, 100000]","[0, 100000]",0,0,14257,15625
yolov8x_training,2781.355948,79,173.091,13370.3125,48,405,10001,"[0, 100000]","[0, 100000]",0,0,12841,23193
yolov8x_training,2782.403181,81,173.194,13370.3125,100,435,10001,"[0, 100000]","[0, 100000]",0,0,14111,13330
yolov8x_training,2783.455317,77,174.008,13370.3125,100,450,10001,"[0, 100000]","[0, 100000]",0,0,14404,16259
yolov8x_training,2784.516383,77,173.866,13370.3125,100,435,10001,"[0, 100000]","[0, 100000]",0,0,14404,14208
yolov8x_training,2785.559327,79,174.876,13370.3125,100,990,10001,"[0, 100000]","[0, 100000]",0,0,14013,12890
yolov8x_training,2786.614668,79,173.834,13370.3125,100,450,10001,"[0, 100000]","[0, 100000]",0,0,14062,13037
yolov8x_training,2787.673702,80,174.658,13370.3125,96,1252,10001,"[0, 100000]","[0, 100000]",0,0,14501,15136
yolov8x_training,2788.716780,80,168.576,13370.3125,100,2205,10001,"[0, 100000]","[0, 100000]",0,0,14453,13232
yolov8x_training,2789.781382,80,171.315,13370.3125,57,450,10001,"[0, 100000]","[0, 100000]",0,0,14111,16406
yolov8x_training,2790.824315,80,173.987,13370.3125,16,420,10001,"[0, 100000]","[0, 100000]",0,0,5908,20800
yolov8x_training,2791.881274,80,173.868,13370.3125,48,390,10001,"[0, 100000]","[0, 100000]",0,0,14404,15869
yolov8x_training,2792.924357,81,173.147,13370.3125,94,480,10001,"[0, 100000]","[0, 100000]",0,0,6884,13525
yolov8x_training,2793.975084,77,173.316,13370.3125,100,390,10001,"[0, 100000]","[0, 100000]",0,0,14257,12207
yolov8x_training,2795.029059,78,175.555,13370.3125,100,540,10001,"[0, 100000]","[0, 100000]",0,0,14208,18310
yolov8x_training,2796.094731,79,171.575,13370.3125,100,435,10001,"[0, 100000]","[0, 100000]",0,0,14453,13964
yolov8x_training,2797.137702,79,175.321,13370.3125,96,495,10001,"[0, 100000]","[0, 100000]",0,0,13281,13818
yolov8x_training,2798.191584,80,171.492,13370.3125,96,2490,10001,"[0, 100000]","[0, 100000]",0,0,12695,23730
yolov8x_training,2799.234323,79,168.535,13370.3125,99,1695,10001,"[0, 100000]","[0, 100000]",0,0,12011,14013
yolov8x_training,2800.290514,80,172.950,13370.3125,13,435,10001,"[0, 100000]","[0, 100000]",0,0,14306,15869
yolov8x_training,2801.337676,80,175.167,13370.3125,29,375,10001,"[0, 100000]","[0, 100000]",0,0,14160,17236
yolov8x_training,2802.389241,80,172.114,13370.3125,94,435,10001,"[0, 100000]","[0, 100000]",0,0,14550,15332
yolov8x_training,2803.432223,79,174.129,13370.3125,100,465,10001,"[0, 100000]","[0, 100000]",0,0,13378,14404
yolov8x_training,2804.503490,77,173.143,13370.3125,100,420,10001,"[0, 100000]","[0, 100000]",0,0,14355,20117
yolov8x_training,2805.546328,79,175.127,13370.3125,100,540,10001,"[0, 100000]","[0, 100000]",0,0,4394,21777
yolov8x_training,2806.589257,79,172.566,13370.3125,100,450,10001,"[0, 100000]","[0, 100000]",0,0,13769,14990
yolov8x_training,2807.636057,80,176.504,13370.3125,97,555,10001,"[0, 100000]","[0, 100000]",0,0,14208,17529
yolov8x_training,2808.691431,80,171.085,13370.3125,96,2490,10001,"[0, 100000]","[0, 100000]",0,0,14257,14355
yolov8x_training,2809.754194,80,168.439,13370.3125,84,1275,10001,"[0, 100000]","[0, 100000]",0,0,12402,26318
yolov8x_training,2810.813166,80,172.478,13370.3125,15,420,10001,"[0, 100000]","[0, 100000]",0,0,14550,13818
yolov8x_training,2811.856056,79,174.530,13370.3125,39,390,10001,"[0, 100000]","[0, 100000]",0,0,11181,13671
yolov8x_training,2812.922381,80,171.999,13370.3125,95,450,10001,"[0, 100000]","[0, 100000]",0,0,14404,19287
yolov8x_training,2813.965242,77,175.371,13370.3125,100,435,10001,"[0, 100000]","[0, 100000]",0,0,5615,22070
yolov8x_training,2815.008141,78,174.447,13370.3125,100,540,10001,"[0, 100000]","[0, 100000]",0,0,13427,13818
yolov8x_training,2816.051079,79,173.608,13370.3125,100,795,10001,"[0, 100000]","[0, 100000]",0,0,11865,12207
yolov8x_training,2817.094434,79,172.849,13370.3125,100,2010,10001,"[0, 100000]","[0, 100000]",0,0,4296,9765
yolov8x_training,2818.137269,79,181.239,13370.3125,100,405,10001,"[0, 100000]","[0, 100000]",0,0,2539,19384
yolov8x_training,2819.180087,80,173.337,13370.3125,96,1665,10001,"[0, 100000]","[0, 100000]",0,0,3662,22509
yolov8x_training,2820.222984,80,168.351,13370.3125,96,2475,10001,"[0, 100000]","[0, 100000]",0,0,2001,22021
yolov8x_training,2821.273191,80,172.051,13370.3125,92,600,10001,"[0, 100000]","[0, 100000]",0,0,14160,21044
yolov8x_training,2822.324844,80,174.329,13370.3125,20,420,10001,"[0, 100000]","[0, 100000]",0,0,14453,13867
yolov8x_training,2823.374150,80,173.867,13370.3125,79,420,10001,"[0, 100000]","[0, 100000]",0,0,14257,19580
yolov8x_training,2824.431347,78,173.388,13370.3125,100,495,10001,"[0, 100000]","[0, 100000]",0,0,14355,17871
yolov8x_training,2825.484704,77,173.512,13370.3125,100,375,10001,"[0, 100000]","[0, 100000]",0,0,14453,15039
yolov8x_training,2826.530682,79,173.902,13370.3125,100,525,10001,"[0, 100000]","[0, 100000]",0,0,14355,14990
yolov8x_training,2827.583636,79,174.492,13370.3125,100,630,10001,"[0, 100000]","[0, 100000]",0,0,14355,13525
yolov8x_training,2828.634467,79,175.260,13370.3125,96,510,10001,"[0, 100000]","[0, 100000]",0,0,14160,21289
yolov8x_training,2829.709425,80,172.666,13370.3125,96,2505,10001,"[0, 100000]","[0, 100000]",0,0,14208,17578
yolov8x_training,2830.752453,80,178.587,13370.3125,74,1755,10001,"[0, 100000]","[0, 100000]",0,0,5859,16015
yolov8x_training,2831.801886,80,170.126,13370.3125,15,435,10001,"[0, 100000]","[0, 100000]",0,0,14501,14306
yolov8x_training,2832.848248,79,169.945,13370.3125,77,375,10001,"[0, 100000]","[0, 100000]",0,0,14111,16210
yolov8x_training,2833.908067,81,173.583,13370.3125,17,405,10001,"[0, 100000]","[0, 100000]",0,0,14111,17724
yolov8x_training,2834.950948,77,174.038,13370.3125,36,465,10001,"[0, 100000]","[0, 100000]",0,0,5468,20605
yolov8x_training,2836.005482,78,173.405,13370.3125,90,420,10001,"[0, 100000]","[0, 100000]",0,0,14550,13330
yolov8x_training,2837.048249,79,173.243,13370.3125,100,615,10001,"[0, 100000]","[0, 100000]",0,0,11474,14013
yolov8x_training,2838.106788,79,173.754,13370.3125,100,420,10001,"[0, 100000]","[0, 100000]",0,0,14306,17578
yolov8x_training,2839.149823,80,173.489,13370.3125,100,555,10001,"[0, 100000]","[0, 100000]",0,0,11523,14111
yolov8x_training,2840.192750,80,178.492,13370.3125,100,2490,10001,"[0, 100000]","[0, 100000]",0,0,2929,12548
yolov8x_training,2841.235710,80,183.390,13370.3125,100,2460,10001,"[0, 100000]","[0, 100000]",0,0,2148,8251
yolov8x_training,2842.278584,80,178.643,13370.3125,98,2190,10001,"[0, 100000]","[0, 100000]",0,0,2294,8886
yolov8x_training,2843.321499,80,175.030,13370.3125,96,570,10001,"[0, 100000]","[0, 100000]",0,0,2001,8349
yolov8x_training,2844.364415,79,169.694,13370.3125,66,435,10001,"[0, 100000]","[0, 100000]",0,0,4199,11376
yolov8x_training,2845.407256,80,172.337,13370.3125,28,420,10001,"[0, 100000]","[0, 100000]",0,0,3076,10546
yolov8x_training,2846.450027,77,174.052,13370.3125,36,495,10001,"[0, 100000]","[0, 100000]",0,0,5810,18603
yolov8x_training,2847.492934,77,172.163,13370.3125,91,405,10001,"[0, 100000]","[0, 100000]",0,0,5712,21728
yolov8x_training,2848.536336,79,173.015,13370.3125,100,570,10001,"[0, 100000]","[0, 100000]",0,0,13330,14990
yolov8x_training,2849.579147,79,174.874,13370.3125,100,600,10001,"[0, 100000]","[0, 100000]",0,0,12500,14013
yolov8x_training,2850.640716,80,174.333,13370.3125,100,495,10001,"[0, 100000]","[0, 100000]",0,0,14306,14794
yolov8x_training,2851.683591,80,173.272,13370.3125,100,2505,10001,"[0, 100000]","[0, 100000]",0,0,7861,12646
yolov8x_training,2852.734436,80,178.474,13370.3125,96,1635,10001,"[0, 100000]","[0, 100000]",0,0,14453,15478
yolov8x_training,2853.777324,80,171.136,13370.3125,96,480,10001,"[0, 100000]","[0, 100000]",0,0,12939,13330
yolov8x_training,2854.834728,79,169.287,13370.3125,80,420,10001,"[0, 100000]","[0, 100000]",0,0,14697,15966
yolov8x_training,2855.877507,80,173.430,13370.3125,38,450,10001,"[0, 100000]","[0, 100000]",0,0,5224,24707
yolov8x_training,2856.920448,79,175.611,13370.3125,19,495,10001,"[0, 100000]","[0, 100000]",0,0,8984,12646
yolov8x_training,2857.963260,77,173.635,13370.3125,54,450,10001,"[0, 100000]","[0, 100000]",0,0,5957,18017
yolov8x_training,2859.014528,79,173.422,13370.3125,100,540,10001,"[0, 100000]","[0, 100000]",0,0,14697,14062
yolov8x_training,2860.059632,79,173.681,13370.3125,100,870,10001,"[0, 100000]","[0, 100000]",0,0,14550,15527
yolov8x_training,2861.111647,79,175.121,13370.3125,100,465,10001,"[0, 100000]","[0, 100000]",0,0,14453,15039
yolov8x_training,2862.154590,80,172.901,13370.3125,100,465,10001,"[0, 100000]","[0, 100000]",0,0,13378,14160
yolov8x_training,2863.197396,80,176.865,13370.3125,100,2505,10001,"[0, 100000]","[0, 100000]",0,0,14208,15087
yolov8x_training,2864.240269,80,180.066,13370.3125,96,2355,10001,"[0, 100000]","[0, 100000]",0,0,2880,18457
yolov8x_training,2865.283200,80,172.130,13370.3125,96,675,10001,"[0, 100000]","[0, 100000]",0,0,4150,21777
yolov8x_training,2866.326042,79,168.116,13370.3125,76,420,10001,"[0, 100000]","[0, 100000]",0,0,5468,20751
yolov8x_training,2867.376730,80,172.837,13370.3125,19,450,10001,"[0, 100000]","[0, 100000]",0,0,14306,14257
yolov8x_training,2868.419612,80,173.650,13370.3125,34,420,10001,"[0, 100000]","[0, 100000]",0,0,13085,16308
yolov8x_training,2869.462451,77,174.494,13370.3125,81,450,10001,"[0, 100000]","[0, 100000]",0,0,2636,20019
yolov8x_training,2870.505281,79,181.397,13370.3125,38,465,10001,"[0, 100000]","[0, 100000]",0,0,1855,11865
yolov8x_training,2871.549081,77,173.296,13370.3125,93,435,10001,"[0, 100000]","[0, 100000]",0,0,1855,10009
yolov8x_training,2872.592193,78,175.611,13370.3125,100,390,10001,"[0, 100000]","[0, 100000]",0,0,1904,15869
yolov8x_training,2873.635173,79,173.130,13370.3125,100,705,10001,"[0, 100000]","[0, 100000]",0,0,1806,9326
yolov8x_training,2874.678177,79,175.151,13370.3125,100,480,10001,"[0, 100000]","[0, 100000]",0,0,2050,17041
yolov8x_training,2875.721007,79,174.562,13370.3125,100,465,10001,"[0, 100000]","[0, 100000]",0,0,1855,16162
yolov8x_training,2876.764169,80,173.387,13370.3125,100,1500,10001,"[0, 100000]","[0, 100000]",0,0,2001,15869
yolov8x_training,2877.807415,80,177.475,13370.3125,96,2265,10001,"[0, 100000]","[0, 100000]",0,0,1708,8740
yolov8x_training,2878.850283,80,171.411,13370.3125,97,675,10001,"[0, 100000]","[0, 100000]",0,0,1806,9033
yolov8x_training,2879.893245,79,169.381,13370.3125,70,420,10001,"[0, 100000]","[0, 100000]",0,0,1904,9326
yolov8x_training,2880.936214,80,172.819,13370.3125,45,360,10001,"[0, 100000]","[0, 100000]",0,0,1806,10595
yolov8x_training,2881.979170,80,174.030,13370.3125,20,435,10001,"[0, 100000]","[0, 100000]",0,0,1904,8837
yolov8x_training,2883.022083,77,173.099,13370.3125,60,450,10001,"[0, 100000]","[0, 100000]",0,0,1904,9082
yolov8x_training,2884.065195,79,171.722,13370.3125,100,540,10001,"[0, 100000]","[0, 100000]",0,0,3027,10986
yolov8x_training,2885.108145,79,176.124,13370.3125,100,810,10001,"[0, 100000]","[0, 100000]",0,0,2246,8593
yolov8x_training,2886.151248,79,174.621,13370.3125,100,435,10001,"[0, 100000]","[0, 100000]",0,0,3076,10498
yolov8x_training,2887.194187,80,172.897,13370.3125,100,555,10001,"[0, 100000]","[0, 100000]",0,0,2978,10546
yolov8x_training,2888.236948,80,176.386,13370.3125,100,1252,10001,"[0, 100000]","[0, 100000]",0,0,3027,16015
yolov8x_training,2889.279879,80,177.063,13370.3125,96,1725,10001,"[0, 100000]","[0, 100000]",0,0,3808,12744
yolov8x_training,2890.323036,79,169.491,13370.3125,71,420,10001,"[0, 100000]","[0, 100000]",0,0,1904,20703
yolov8x_training,2891.365846,80,171.493,13370.3125,45,360,10001,"[0, 100000]","[0, 100000]",0,0,3759,12939
yolov8x_training,2892.408689,81,174.230,13370.3125,19,405,10001,"[0, 100000]","[0, 100000]",0,0,2539,18066
yolov8x_training,2893.451519,77,173.818,13370.3125,56,495,10001,"[0, 100000]","[0, 100000]",0,0,2539,19531
yolov8x_training,2894.494889,78,173.907,13370.3125,100,405,10001,"[0, 100000]","[0, 100000]",0,0,2783,19384
yolov8x_training,2895.537867,79,175.240,13370.3125,100,435,10001,"[0, 100000]","[0, 100000]",0,0,3710,12744
yolov8x_training,2896.581064,79,174.240,13370.3125,100,660,10001,"[0, 100000]","[0, 100000]",0,0,3710,12158
yolov8x_training,2897.623915,79,177.387,13370.3125,100,480,10001,"[0, 100000]","[0, 100000]",0,0,3076,10888
yolov8x_training,2898.666814,80,172.695,13370.3125,100,510,10001,"[0, 100000]","[0, 100000]",0,0,2294,19433
yolov8x_training,2899.709676,80,175.373,13370.3125,97,2505,10001,"[0, 100000]","[0, 100000]",0,0,2539,17187
yolov8x_training,2900.752570,80,176.316,13370.3125,97,1695,10001,"[0, 100000]","[0, 100000]",0,0,5615,19873
yolov8x_training,2901.795613,80,167.846,13370.3125,100,480,10001,"[0, 100000]","[0, 100000]",0,0,3613,21728
yolov8x_training,2902.843888,79,170.772,13370.3125,61,420,10001,"[0, 100000]","[0, 100000]",0,0,14453,12060
yolov8x_training,2903.886725,80,173.842,13370.3125,18,435,10001,"[0, 100000]","[0, 100000]",0,0,12548,14013
yolov8x_training,2904.937570,77,173.398,13370.3125,55,465,10001,"[0, 100000]","[0, 100000]",0,0,14746,14599
yolov8x_training,2905.983007,78,173.671,13370.3125,92,450,10001,"[0, 100000]","[0, 100000]",0,0,14599,13769
yolov8x_training,2907.041185,79,173.020,13370.3125,100,540,10001,"[0, 100000]","[0, 100000]",0,0,14355,10400
yolov8x_training,2908.085066,79,175.632,13370.3125,100,675,10001,"[0, 100000]","[0, 100000]",0,0,14160,17626
yolov8x_training,2909.136784,80,173.043,13370.3125,100,465,10001,"[0, 100000]","[0, 100000]",0,0,14501,16064
yolov8x_training,2910.181688,80,173.346,13370.3125,100,735,10001,"[0, 100000]","[0, 100000]",0,0,14306,13183
yolov8x_training,2911.243794,80,177.334,13370.3125,95,2250,10001,"[0, 100000]","[0, 100000]",0,0,14111,18652
yolov8x_training,2912.286817,80,168.192,13370.3125,96,690,10001,"[0, 100000]","[0, 100000]",0,0,7910,13476
yolov8x_training,2913.337248,80,170.607,13370.3125,41,435,10001,"[0, 100000]","[0, 100000]",0,0,14306,14111
yolov8x_training,2914.380170,80,173.495,13370.3125,13,420,10001,"[0, 100000]","[0, 100000]",0,0,12744,14062
yolov8x_training,2915.422974,77,174.495,13370.3125,60,435,10001,"[0, 100000]","[0, 100000]",0,0,11425,12890
yolov8x_training,2916.466072,77,174.848,13370.3125,88,465,10001,"[0, 100000]","[0, 100000]",0,0,2343,19433
yolov8x_training,2917.509107,78,174.026,13370.3125,100,390,10001,"[0, 100000]","[0, 100000]",0,0,4443,21679
yolov8x_training,2918.552151,79,174.054,13370.3125,100,555,10001,"[0, 100000]","[0, 100000]",0,0,3369,21679
yolov8x_training,2919.595477,79,176.396,13370.3125,100,690,10001,"[0, 100000]","[0, 100000]",0,0,2246,18701
yolov8x_training,2920.638315,79,172.674,13370.3125,100,450,10001,"[0, 100000]","[0, 100000]",0,0,2539,17968
yolov8x_training,2921.681133,79,172.510,13370.3125,97,585,10001,"[0, 100000]","[0, 100000]",0,0,4052,24023
yolov8x_training,2922.723995,79,180.280,13370.3125,97,2505,10001,"[0, 100000]","[0, 100000]",0,0,2587,19531
yolov8x_training,2923.767173,80,173.826,13370.3125,97,1740,10001,"[0, 100000]","[0, 100000]",0,0,3515,21923
yolov8x_training,2924.810032,80,168.238,13370.3125,100,465,10001,"[0, 100000]","[0, 100000]",0,0,2636,17041
yolov8x_training,2925.852748,80,172.748,13370.3125,50,435,10001,"[0, 100000]","[0, 100000]",0,0,2343,22949
yolov8x_training,2926.895570,80,173.654,13370.3125,18,435,10001,"[0, 100000]","[0, 100000]",0,0,2246,18212
yolov8x_training,2927.938525,80,173.265,13370.3125,54,495,10001,"[0, 100000]","[0, 100000]",0,0,12939,13623
yolov8x_training,2928.981450,81,174.302,13370.3125,96,450,10001,"[0, 100000]","[0, 100000]",0,0,6835,13427
yolov8x_training,2930.024452,77,172.569,13370.3125,100,525,10001,"[0, 100000]","[0, 100000]",0,0,12890,16015
yolov8x_training,2931.067334,77,176.263,13370.3125,100,600,10001,"[0, 100000]","[0, 100000]",0,0,5810,21728
yolov8x_training,2932.111406,79,174.271,13370.3125,100,435,10001,"[0, 100000]","[0, 100000]",0,0,14501,12548
yolov8x_training,2933.154227,79,172.628,13370.3125,100,510,10001,"[0, 100000]","[0, 100000]",0,0,6396,18261
yolov8x_training,2934.209309,79,176.040,13370.3125,97,2505,10001,"[0, 100000]","[0, 100000]",0,0,14746,14257
yolov8x_training,2935.252240,80,173.222,13370.3125,96,2010,10001,"[0, 100000]","[0, 100000]",0,0,5566,23486
yolov8x_training,2936.295208,80,170.088,13370.3125,97,480,10001,"[0, 100000]","[0, 100000]",0,0,11474,13623
yolov8x_training,2937.338070,80,171.530,13370.3125,40,420,10001,"[0, 100000]","[0, 100000]",0,0,11669,14013
yolov8x_training,2938.390496,79,173.269,13370.3125,34,405,10001,"[0, 100000]","[0, 100000]",0,0,14501,13818
yolov8x_training,2939.433426,80,173.736,13370.3125,76,495,10001,"[0, 100000]","[0, 100000]",0,0,10791,12207
yolov8x_training,2940.476245,81,175.152,13370.3125,100,450,10001,"[0, 100000]","[0, 100000]",0,0,5859,17089
yolov8x_training,2941.519486,77,172.352,13370.3125,100,420,10001,"[0, 100000]","[0, 100000]",0,0,5908,17089
yolov8x_training,2942.562579,78,174.488,13370.3125,100,690,10001,"[0, 100000]","[0, 100000]",0,0,8447,21484
yolov8x_training,2943.605737,79,176.228,13370.3125,100,480,10001,"[0, 100000]","[0, 100000]",0,0,3466,22509
yolov8x_training,2944.648597,79,172.477,13370.3125,100,495,10001,"[0, 100000]","[0, 100000]",0,0,5712,23095
yolov8x_training,2945.691755,79,177.307,13370.3125,97,1200,10001,"[0, 100000]","[0, 100000]",0,0,2587,17041
yolov8x_training,2946.734564,80,176.390,13370.3125,97,2220,10001,"[0, 100000]","[0, 100000]",0,0,5615,20361
yolov8x_training,2947.777807,80,168.251,13370.3125,100,675,10001,"[0, 100000]","[0, 100000]",0,0,5224,19775
yolov8x_training,2948.828024,80,171.279,13370.3125,55,435,10001,"[0, 100000]","[0, 100000]",0,0,14697,13183
yolov8x_training,2949.870863,80,173.181,13370.3125,22,390,10001,"[0, 100000]","[0, 100000]",0,0,5957,21044
yolov8x_training,2950.914118,79,174.778,13370.3125,42,420,10001,"[0, 100000]","[0, 100000]",0,0,5566,19775
yolov8x_training,2951.956951,80,173.669,13370.3125,72,495,10001,"[0, 100000]","[0, 100000]",0,0,8837,16015
yolov8x_training,2952.999765,80,175.052,13370.3125,100,435,10001,"[0, 100000]","[0, 100000]",0,0,4394,22265
yolov8x_training,2954.043150,77,174.302,13370.3125,100,435,10001,"[0, 100000]","[0, 100000]",0,0,4345,22949
yolov8x_training,2955.086153,78,174.021,13370.3125,100,915,10001,"[0, 100000]","[0, 100000]",0,0,13427,14306
yolov8x_training,2956.129085,79,173.335,13370.3125,100,480,10001,"[0, 100000]","[0, 100000]",0,0,2539,17968
yolov8x_training,2957.171866,79,174.438,13370.3125,100,510,10001,"[0, 100000]","[0, 100000]",0,0,7470,12646
yolov8x_training,2958.214664,80,179.259,13370.3125,97,2505,10001,"[0, 100000]","[0, 100000]",0,0,2783,19335
yolov8x_training,2959.257642,80,172.613,13370.3125,96,2265,10001,"[0, 100000]","[0, 100000]",0,0,5371,21679
yolov8x_training,2960.300452,80,168.235,13370.3125,100,750,10001,"[0, 100000]","[0, 100000]",0,0,4345,22314
yolov8x_training,2961.347349,80,172.841,13370.3125,20,435,10001,"[0, 100000]","[0, 100000]",0,0,14501,14208
yolov8x_training,2962.390324,79,173.773,13370.3125,34,405,10001,"[0, 100000]","[0, 100000]",0,0,11279,14062
yolov8x_training,2963.444696,80,172.980,13370.3125,94,495,10001,"[0, 100000]","[0, 100000]",0,0,14599,13183
yolov8x_training,2964.487678,80,173.984,13370.3125,100,450,10001,"[0, 100000]","[0, 100000]",0,0,13281,15234
yolov8x_training,2965.538836,77,173.170,13370.3125,100,525,10001,"[0, 100000]","[0, 100000]",0,0,14599,14697
yolov8x_training,2966.581717,78,176.752,13370.3125,100,540,10001,"[0, 100000]","[0, 100000]",0,0,5517,23535
yolov8x_training,2967.625035,79,173.027,13370.3125,100,435,10001,"[0, 100000]","[0, 100000]",0,0,11279,12207
yolov8x_training,2968.668100,79,173.697,13370.3125,97,510,10001,"[0, 100000]","[0, 100000]",0,0,2587,17968
yolov8x_training,2969.710920,80,178.406,13370.3125,96,2505,10001,"[0, 100000]","[0, 100000]",0,0,4443,20996
yolov8x_training,2970.753808,80,170.633,13370.3125,96,2235,10001,"[0, 100000]","[0, 100000]",0,0,2392,17626
yolov8x_training,2971.801199,80,169.578,13370.3125,82,480,10001,"[0, 100000]","[0, 100000]",0,0,14111,10546
yolov8x_training,2972.844105,80,173.038,13370.3125,42,420,10001,"[0, 100000]","[0, 100000]",0,0,2294,20312
yolov8x_training,2973.887059,79,174.002,13370.3125,13,420,10001,"[0, 100000]","[0, 100000]",0,0,5664,20703
yolov8x_training,2974.930380,80,173.812,13370.3125,48,435,10001,"[0, 100000]","[0, 100000]",0,0,5175,19775
yolov8x_training,2975.973241,81,175.314,13370.3125,100,450,10001,"[0, 100000]","[0, 100000]",0,0,2832,16601
yolov8x_training,2977.016239,80,180.303,13370.3125,59,480,10001,"[0, 100000]","[0, 100000]",0,0,1806,9277
yolov8x_training,2978.059408,79,173.884,13370.3125,100,450,10001,"[0, 100000]","[0, 100000]",0,0,1855,9472
yolov8x_training,2979.102576,77,175.068,13370.3125,100,420,10001,"[0, 100000]","[0, 100000]",0,0,1757,9521
yolov8x_training,2980.145507,78,174.135,13370.3125,100,600,10001,"[0, 100000]","[0, 100000]",0,0,1953,8642
yolov8x_training,2981.188327,79,173.450,13370.3125,100,465,10001,"[0, 100000]","[0, 100000]",0,0,1806,11767
yolov8x_training,2982.232106,79,174.971,13370.3125,100,525,10001,"[0, 100000]","[0, 100000]",0,0,1708,13037
yolov8x_training,2983.275221,80,180.561,13370.3125,97,735,10001,"[0, 100000]","[0, 100000]",0,0,1757,16650
yolov8x_training,2984.318372,80,172.895,13370.3125,100,2340,10001,"[0, 100000]","[0, 100000]",0,0,1855,12695
yolov8x_training,2985.361258,80,168.183,13370.3125,93,1725,10001,"[0, 100000]","[0, 100000]",0,0,2929,9765
yolov8x_training,2986.404192,80,170.831,13370.3125,42,420,10001,"[0, 100000]","[0, 100000]",0,0,1855,16748
yolov8x_training,2987.447012,81,174.495,13370.3125,7,360,10001,"[0, 100000]","[0, 100000]",0,0,2490,12304
yolov8x_training,2988.489836,80,174.215,13370.3125,50,390,10001,"[0, 100000]","[0, 100000]",0,0,2685,14111
yolov8x_training,2989.533348,80,175.335,13370.3125,81,435,10001,"[0, 100000]","[0, 100000]",0,0,2880,9814
yolov8x_training,2990.576386,80,173.904,13370.3125,100,450,10001,"[0, 100000]","[0, 100000]",0,0,1855,16162
yolov8x_training,2991.619330,77,173.052,13370.3125,100,435,10001,"[0, 100000]","[0, 100000]",0,0,2783,10986
yolov8x_training,2992.662158,78,176.287,13370.3125,100,810,10001,"[0, 100000]","[0, 100000]",0,0,1806,15771
yolov8x_training,2993.705040,79,173.946,13370.3125,100,450,10001,"[0, 100000]","[0, 100000]",0,0,2148,13671
yolov8x_training,2994.749463,79,173.734,13370.3125,96,480,10001,"[0, 100000]","[0, 100000]",0,0,1806,15820
yolov8x_training,2995.792333,80,180.245,13370.3125,97,495,10001,"[0, 100000]","[0, 100000]",0,0,2880,9472
yolov8x_training,2996.835180,80,173.940,13370.3125,97,2505,10001,"[0, 100000]","[0, 100000]",0,0,2929,10693
yolov8x_training,2997.878051,80,181.176,13370.3125,94,465,10001,"[0, 100000]","[0, 100000]",0,0,1660,7812
yolov8x_training,2998.920886,80,170.864,13370.3125,100,2265,10001,"[0, 100000]","[0, 100000]",0,0,1953,8300
yolov8x_training,2999.963791,80,169.971,13370.3125,77,705,10001,"[0, 100000]","[0, 100000]",0,0,1904,8496
yolov8x_training,3001.006603,79,173.277,13370.3125,18,420,10001,"[0, 100000]","[0, 100000]",0,0,2050,7666
yolov8x_training,3002.049593,80,173.359,13370.3125,35,420,10001,"[0, 100000]","[0, 100000]",0,0,1855,8593
yolov8x_training,3003.092510,79,183.971,13370.3125,90,375,10001,"[0, 100000]","[0, 100000]",0,0,1904,4589
yolov8x_training,3004.135334,80,171.415,13370.3125,69,465,10001,"[0, 100000]","[0, 100000]",0,0,1611,5761
yolov8x_training,3005.178320,80,174.238,13370.3125,100,435,10001,"[0, 100000]","[0, 100000]",0,0,1660,6250
yolov8x_training,3006.221134,77,174.551,13370.3125,100,435,10001,"[0, 100000]","[0, 100000]",0,0,1904,4638
yolov8x_training,3007.264013,78,176.499,13370.3125,100,555,10001,"[0, 100000]","[0, 100000]",0,0,1855,5224
yolov8x_training,3008.307065,79,173.765,13370.3125,100,525,10001,"[0, 100000]","[0, 100000]",0,0,1806,5224
yolov8x_training,3009.349952,79,173.668,13370.3125,96,495,10001,"[0, 100000]","[0, 100000]",0,0,1708,6738
yolov8x_training,3010.392935,80,179.005,13370.3125,97,615,10001,"[0, 100000]","[0, 100000]",0,0,1708,5371
yolov8x_training,3011.435892,80,172.086,13370.3125,97,2475,10001,"[0, 100000]","[0, 100000]",0,0,1513,2636
yolov8x_training,3012.478868,80,171.688,13370.3125,100,2490,10001,"[0, 100000]","[0, 100000]",0,0,1562,7421
yolov8x_training,3013.521779,80,169.590,13370.3125,59,690,10001,"[0, 100000]","[0, 100000]",0,0,1416,6738
yolov8x_training,3014.565308,80,173.847,13370.3125,20,405,10001,"[0, 100000]","[0, 100000]",0,0,1464,6152
yolov8x_training,3015.608231,80,173.099,13370.3125,54,435,10001,"[0, 100000]","[0, 100000]",0,0,1660,5517
yolov8x_training,3016.651080,81,174.156,13370.3125,96,495,10001,"[0, 100000]","[0, 100000]",0,0,1367,5859
yolov8x_training,3017.693966,77,174.071,13370.3125,100,405,10001,"[0, 100000]","[0, 100000]",0,0,1757,4443
yolov8x_training,3018.736811,77,176.343,13370.3125,100,435,10001,"[0, 100000]","[0, 100000]",0,0,1562,5712
yolov8x_training,3019.779697,78,177.109,13370.3125,100,555,10001,"[0, 100000]","[0, 100000]",0,0,1367,5419
yolov8x_training,3020.822659,79,173.655,13370.3125,100,645,10001,"[0, 100000]","[0, 100000]",0,0,1464,6250
yolov8x_training,3021.865647,79,173.962,13370.3125,96,450,10001,"[0, 100000]","[0, 100000]",0,0,1318,5810
yolov8x_training,3022.908844,80,178.887,13370.3125,95,600,10001,"[0, 100000]","[0, 100000]",0,0,1269,5810
yolov8x_training,3023.952083,80,169.871,13370.3125,100,2235,10001,"[0, 100000]","[0, 100000]",0,0,1806,5615
yolov8x_training,3024.995329,80,170.128,13370.3125,71,630,10001,"[0, 100000]","[0, 100000]",0,0,2099,5419
yolov8x_training,3026.038952,80,171.694,13370.3125,0,420,10001,"[0, 100000]","[0, 100000]",0,0,1904,8105
yolov8x_training,3027.081876,80,174.051,13370.3125,55,420,10001,"[0, 100000]","[0, 100000]",0,0,1904,7763
yolov8x_training,3028.124930,79,172.409,13370.3125,99,465,10001,"[0, 100000]","[0, 100000]",0,0,1757,7812
yolov8x_training,3029.167996,77,173.812,13370.3125,100,420,10001,"[0, 100000]","[0, 100000]",0,0,1806,8593
yolov8x_training,3030.210853,78,175.093,13370.3125,100,810,10001,"[0, 100000]","[0, 100000]",0,0,2050,8349
yolov8x_training,3031.253762,79,172.404,13370.3125,100,480,10001,"[0, 100000]","[0, 100000]",0,0,1953,8300
yolov8x_training,3032.296647,79,174.540,13370.3125,100,495,10001,"[0, 100000]","[0, 100000]",0,0,1904,10644
yolov8x_training,3033.339532,80,177.609,13370.3125,96,2505,10001,"[0, 100000]","[0, 100000]",0,0,2001,7470
yolov8x_training,3034.382414,80,170.590,13370.3125,92,2190,10001,"[0, 100000]","[0, 100000]",0,0,2050,8398
yolov8x_training,3035.425280,80,170.027,13370.3125,54,555,10001,"[0, 100000]","[0, 100000]",0,0,2099,6591
yolov8x_training,3036.468390,80,173.061,13370.3125,18,405,10001,"[0, 100000]","[0, 100000]",0,0,2148,11376
yolov8x_training,3037.511384,80,174.512,13370.3125,54,390,10001,"[0, 100000]","[0, 100000]",0,0,2685,10107
yolov8x_training,3038.554471,81,173.414,13370.3125,100,495,10001,"[0, 100000]","[0, 100000]",0,0,2539,10205
yolov8x_training,3039.597317,78,173.628,13370.3125,100,465,10001,"[0, 100000]","[0, 100000]",0,0,1904,10693
yolov8x_training,3040.640224,77,176.815,13370.3125,100,450,10001,"[0, 100000]","[0, 100000]",0,0,2392,11816
yolov8x_training,3041.683208,78,176.973,13370.3125,100,525,10001,"[0, 100000]","[0, 100000]",0,0,2050,7519
yolov8x_training,3042.726096,79,173.736,13370.3125,100,795,10001,"[0, 100000]","[0, 100000]",0,0,1855,10156
yolov8x_training,3043.768960,79,175.810,13370.3125,100,495,10001,"[0, 100000]","[0, 100000]",0,0,2148,8105
yolov8x_training,3044.811811,80,178.482,13370.3125,96,510,10001,"[0, 100000]","[0, 100000]",0,0,1953,10742
yolov8x_training,3045.854763,80,173.085,13370.3125,96,1252,10001,"[0, 100000]","[0, 100000]",0,0,2197,7177
yolov8x_training,3046.897835,80,169.545,13370.3125,91,2250,10001,"[0, 100000]","[0, 100000]",0,0,1855,9521
yolov8x_training,3047.940724,80,171.325,13370.3125,51,735,10001,"[0, 100000]","[0, 100000]",0,0,2001,8740
yolov8x_training,3048.983539,79,169.395,13370.3125,16,435,10001,"[0, 100000]","[0, 100000]",0,0,1855,10253
yolov8x_training,3050.027084,80,171.606,13370.3125,51,390,10001,"[0, 100000]","[0, 100000]",0,0,1806,10644
yolov8x_training,3051.069928,79,183.896,13370.3125,100,360,10001,"[0, 100000]","[0, 100000]",0,0,1757,9179
yolov8x_training,3052.112907,80,172.471,13370.3125,82,405,10001,"[0, 100000]","[0, 100000]",0,0,1171,3710
yolov8x_training,3053.155697,80,168.968,13370.3125,55,435,10001,"[0, 100000]","[0, 100000]",0,0,1611,2685
yolov8x_training,3054.198527,80,175.466,13370.3125,82,390,10001,"[0, 100000]","[0, 100000]",0,0,1074,31298
yolov8x_training,3055.241835,77,172.773,13370.3125,100,435,10001,"[0, 100000]","[0, 100000]",0,0,1660,3076
yolov8x_training,3056.284684,77,175.777,13370.3125,100,390,10001,"[0, 100000]","[0, 100000]",0,0,1123,33886
yolov8x_training,3057.328070,79,173.743,13370.3125,100,540,10001,"[0, 100000]","[0, 100000]",0,0,1562,3173
yolov8x_training,3058.371486,79,174.564,13370.3125,100,495,10001,"[0, 100000]","[0, 100000]",0,0,1513,3222
yolov8x_training,3059.414320,80,174.693,13370.3125,100,465,10001,"[0, 100000]","[0, 100000]",0,0,1660,3222
yolov8x_training,3060.457493,80,171.845,13370.3125,100,915,10001,"[0, 100000]","[0, 100000]",0,0,1562,3710
yolov8x_training,3061.500463,80,175.054,13370.3125,96,2205,10001,"[0, 100000]","[0, 100000]",0,0,1464,6445
yolov8x_training,3062.543462,80,176.356,13370.3125,97,615,10001,"[0, 100000]","[0, 100000]",0,0,1513,6542
yolov8x_training,3063.586317,79,169.713,13370.3125,74,420,10001,"[0, 100000]","[0, 100000]",0,0,1367,6054
yolov8x_training,3064.629551,80,171.880,13370.3125,38,435,10001,"[0, 100000]","[0, 100000]",0,0,1318,6347
yolov8x_training,3065.672506,80,173.618,13370.3125,34,450,10001,"[0, 100000]","[0, 100000]",0,0,1269,6005
yolov8x_training,3066.715668,77,176.441,13370.3125,62,450,10001,"[0, 100000]","[0, 100000]",0,0,1464,6689
yolov8x_training,3067.758700,78,173.661,13370.3125,100,510,10001,"[0, 100000]","[0, 100000]",0,0,1269,6054
yolov8x_training,3068.801517,79,175.317,13370.3125,100,585,10001,"[0, 100000]","[0, 100000]",0,0,1416,6103
yolov8x_training,3069.844329,79,175.550,13370.3125,100,480,10001,"[0, 100000]","[0, 100000]",0,0,1416,5468
yolov8x_training,3070.887188,80,173.612,13370.3125,100,480,10001,"[0, 100000]","[0, 100000]",0,0,1513,6298
yolov8x_training,3071.930166,80,172.967,13370.3125,100,1252,10001,"[0, 100000]","[0, 100000]",0,0,1611,6054
yolov8x_training,3072.973007,80,178.955,13370.3125,97,1237,10001,"[0, 100000]","[0, 100000]",0,0,1562,6347
yolov8x_training,3074.016191,80,178.875,13370.3125,96,930,10001,"[0, 100000]","[0, 100000]",0,0,1513,5957
yolov8x_training,3075.059023,80,172.808,13370.3125,96,480,10001,"[0, 100000]","[0, 100000]",0,0,1562,3271
yolov8x_training,3076.101918,80,179.478,13370.3125,85,1635,10001,"[0, 100000]","[0, 100000]",0,0,341,292
yolov8x_training,3077.144725,77,168.409,13370.3125,51,435,10001,"[0, 100000]","[0, 100000]",0,0,1757,8154
yolov8x_training,3078.205268,79,158.344,13370.3125,90,2505,10001,"[0, 100000]","[0, 100000]",0,0,14453,13964
yolov8x_training,3079.248180,80,179.758,13370.3125,96,2475,10001,"[0, 100000]","[0, 100000]",0,0,2539,17138
yolov8x_training,3080.290988,80,176.791,13370.3125,96,660,10001,"[0, 100000]","[0, 100000]",0,0,11279,12695
yolov8x_training,3081.334172,80,168.533,13370.3125,98,435,10001,"[0, 100000]","[0, 100000]",0,0,9814,14062
yolov8x_training,3082.384124,80,171.300,13370.3125,36,450,10001,"[0, 100000]","[0, 100000]",0,0,14697,13818
yolov8x_training,3083.427006,81,173.868,13370.3125,16,450,10001,"[0, 100000]","[0, 100000]",0,0,10888,12207
yolov8x_training,3084.477107,77,174.586,13370.3125,62,480,10001,"[0, 100000]","[0, 100000]",0,0,13378,21972
yolov8x_training,3085.519916,77,174.449,13370.3125,99,435,10001,"[0, 100000]","[0, 100000]",0,0,5664,22900
yolov8x_training,3086.566345,79,173.236,13370.3125,100,540,10001,"[0, 100000]","[0, 100000]",0,0,14355,13623
yolov8x_training,3087.609264,79,174.917,13370.3125,100,780,10001,"[0, 100000]","[0, 100000]",0,0,5761,18261
yolov8x_training,3088.652245,80,176.987,13370.3125,100,450,10001,"[0, 100000]","[0, 100000]",0,0,13183,17187
yolov8x_training,3089.695261,80,174.837,13370.3125,100,465,10001,"[0, 100000]","[0, 100000]",0,0,3955,22070
yolov8x_training,3090.738482,80,183.093,13370.3125,96,2505,10001,"[0, 100000]","[0, 100000]",0,0,3027,14013
yolov8x_training,3091.781831,80,184.345,13370.3125,100,2505,10001,"[0, 100000]","[0, 100000]",0,0,2050,9179
yolov8x_training,3092.824584,80,179.759,13370.3125,96,2220,10001,"[0, 100000]","[0, 100000]",0,0,2099,8105
yolov8x_training,3093.867513,80,172.675,13370.3125,97,630,10001,"[0, 100000]","[0, 100000]",0,0,1904,8691
yolov8x_training,3094.910501,80,169.822,13370.3125,80,420,10001,"[0, 100000]","[0, 100000]",0,0,2539,9130
yolov8x_training,3095.953434,81,173.981,13370.3125,30,390,10001,"[0, 100000]","[0, 100000]",0,0,2343,9619
yolov8x_training,3096.996475,77,172.817,13370.3125,36,495,10001,"[0, 100000]","[0, 100000]",0,0,3710,12695
yolov8x_training,3098.039329,77,173.584,13370.3125,77,450,10001,"[0, 100000]","[0, 100000]",0,0,3125,11669
yolov8x_training,3099.082087,79,173.399,13370.3125,100,525,10001,"[0, 100000]","[0, 100000]",0,0,2539,18017
yolov8x_training,3100.124914,79,174.397,13370.3125,100,660,10001,"[0, 100000]","[0, 100000]",0,0,2539,17041
yolov8x_training,3101.167684,80,174.812,13370.3125,100,480,10001,"[0, 100000]","[0, 100000]",0,0,5908,16162
yolov8x_training,3102.210726,80,173.146,13370.3125,100,630,10001,"[0, 100000]","[0, 100000]",0,0,5664,21728
yolov8x_training,3103.261599,80,175.838,13370.3125,96,2295,10001,"[0, 100000]","[0, 100000]",0,0,14453,15185
yolov8x_training,3104.304506,80,170.969,13370.3125,96,525,10001,"[0, 100000]","[0, 100000]",0,0,2050,8935
yolov8x_training,3105.347513,80,170.913,13370.3125,100,420,10001,"[0, 100000]","[0, 100000]",0,0,2978,9570
yolov8x_training,3106.390392,78,169.225,13370.3125,77,435,10001,"[0, 100000]","[0, 100000]",0,0,2636,9423
yolov8x_training,3107.433486,81,173.658,13370.3125,8,450,10001,"[0, 100000]","[0, 100000]",0,0,3662,12744
yolov8x_training,3108.476866,80,174.791,13370.3125,34,405,10001,"[0, 100000]","[0, 100000]",0,0,3759,11767
yolov8x_training,3109.519732,77,173.287,13370.3125,89,450,10001,"[0, 100000]","[0, 100000]",0,0,4052,11816
yolov8x_training,3110.562635,78,174.668,13370.3125,100,405,10001,"[0, 100000]","[0, 100000]",0,0,3173,9472
yolov8x_training,3111.605712,79,173.426,13370.3125,100,540,10001,"[0, 100000]","[0, 100000]",0,0,3027,15722
yolov8x_training,3112.648569,79,176.091,13370.3125,100,450,10001,"[0, 100000]","[0, 100000]",0,0,3515,14208
yolov8x_training,3113.691594,80,173.135,13370.3125,100,495,10001,"[0, 100000]","[0, 100000]",0,0,3759,13183
yolov8x_training,3114.734861,80,175.489,13370.3125,100,2505,10001,"[0, 100000]","[0, 100000]",0,0,3857,11669
yolov8x_training,3115.777642,80,180.546,13370.3125,96,2220,10001,"[0, 100000]","[0, 100000]",0,0,3955,11425
yolov8x_training,3116.820457,80,176.443,13370.3125,97,1665,10001,"[0, 100000]","[0, 100000]",0,0,3027,11035
yolov8x_training,3117.863317,78,169.660,13370.3125,100,435,10001,"[0, 100000]","[0, 100000]",0,0,2636,18994
yolov8x_training,3118.906236,80,171.853,13370.3125,55,375,10001,"[0, 100000]","[0, 100000]",0,0,3173,14746
yolov8x_training,3119.949087,80,173.306,13370.3125,16,405,10001,"[0, 100000]","[0, 100000]",0,0,3613,21630
yolov8x_training,3120.991982,77,173.982,13370.3125,58,465,10001,"[0, 100000]","[0, 100000]",0,0,2539,17041
yolov8x_training,3122.034744,78,175.331,13370.3125,100,375,10001,"[0, 100000]","[0, 100000]",0,0,3369,24169
yolov8x_training,3123.077572,79,173.682,13370.3125,100,540,10001,"[0, 100000]","[0, 100000]",0,0,2246,18408
yolov8x_training,3124.120446,79,174.577,13370.3125,100,525,10001,"[0, 100000]","[0, 100000]",0,0,6005,16308
yolov8x_training,3125.163460,80,173.823,13370.3125,100,450,10001,"[0, 100000]","[0, 100000]",0,0,4687,20654
yolov8x_training,3126.208161,80,172.957,13370.3125,100,2505,10001,"[0, 100000]","[0, 100000]",0,0,14501,13330
yolov8x_training,3127.255369,80,178.542,13370.3125,96,2235,10001,"[0, 100000]","[0, 100000]",0,0,14404,15771
yolov8x_training,3128.314495,80,169.814,13370.3125,96,705,10001,"[0, 100000]","[0, 100000]",0,0,14404,16064
yolov8x_training,3129.357337,79,169.951,13370.3125,60,435,10001,"[0, 100000]","[0, 100000]",0,0,11279,14013
yolov8x_training,3130.413847,81,173.450,13370.3125,12,435,10001,"[0, 100000]","[0, 100000]",0,0,14501,15234
yolov8x_training,3131.456671,77,173.478,13370.3125,57,465,10001,"[0, 100000]","[0, 100000]",0,0,5664,19433
yolov8x_training,3132.503727,78,174.923,13370.3125,100,450,10001,"[0, 100000]","[0, 100000]",0,0,14404,16601
yolov8x_training,3133.546616,79,174.709,13370.3125,100,465,10001,"[0, 100000]","[0, 100000]",0,0,5175,22851
yolov8x_training,3134.589468,79,175.755,13370.3125,100,540,10001,"[0, 100000]","[0, 100000]",0,0,13720,12548
yolov8x_training,3135.632249,80,175.874,13370.3125,100,480,10001,"[0, 100000]","[0, 100000]",0,0,13330,14599
yolov8x_training,3136.682461,80,172.490,13370.3125,100,525,10001,"[0, 100000]","[0, 100000]",0,0,14453,16064
yolov8x_training,3137.725318,80,177.578,13370.3125,97,2505,10001,"[0, 100000]","[0, 100000]",0,0,4638,22265
yolov8x_training,3138.768789,80,176.757,13370.3125,96,2190,10001,"[0, 100000]","[0, 100000]",0,0,11621,12158
yolov8x_training,3139.811930,80,170.304,13370.3125,97,1335,10001,"[0, 100000]","[0, 100000]",0,0,2587,17041
yolov8x_training,3140.854656,79,170.620,13370.3125,77,420,10001,"[0, 100000]","[0, 100000]",0,0,7714,13476
yolov8x_training,3141.897629,80,174.487,13370.3125,42,375,10001,"[0, 100000]","[0, 100000]",0,0,6689,16455
yolov8x_training,3142.940450,78,175.280,13370.3125,35,405,10001,"[0, 100000]","[0, 100000]",0,0,2783,16650
yolov8x_training,3143.983330,79,180.505,13370.3125,38,435,10001,"[0, 100000]","[0, 100000]",0,0,1757,8935
yolov8x_training,3145.026209,80,173.982,13370.3125,53,495,10001,"[0, 100000]","[0, 100000]",0,0,2050,9228
yolov8x_training,3146.069080,81,175.552,13370.3125,88,435,10001,"[0, 100000]","[0, 100000]",0,0,1806,12158
yolov8x_training,3147.112898,77,173.891,13370.3125,100,420,10001,"[0, 100000]","[0, 100000]",0,0,2050,8398
yolov8x_training,3148.155665,77,174.750,13370.3125,100,720,10001,"[0, 100000]","[0, 100000]",0,0,1806,8740
yolov8x_training,3149.198876,79,174.951,13370.3125,100,420,10001,"[0, 100000]","[0, 100000]",0,0,2441,8544
yolov8x_training,3150.241850,79,174.302,13370.3125,100,525,10001,"[0, 100000]","[0, 100000]",0,0,2001,9228
yolov8x_training,3151.284661,79,178.330,13370.3125,98,2505,10001,"[0, 100000]","[0, 100000]",0,0,2099,8691
yolov8x_training,3152.327610,80,175.743,13370.3125,97,2280,10001,"[0, 100000]","[0, 100000]",0,0,2099,8740
yolov8x_training,3153.370509,80,169.724,13370.3125,87,465,10001,"[0, 100000]","[0, 100000]",0,0,2246,8398
yolov8x_training,3154.413439,80,171.780,13370.3125,61,405,10001,"[0, 100000]","[0, 100000]",0,0,1855,9130
yolov8x_training,3155.456262,79,172.946,13370.3125,18,435,10001,"[0, 100000]","[0, 100000]",0,0,2441,8593
yolov8x_training,3156.499218,80,173.690,13370.3125,59,465,10001,"[0, 100000]","[0, 100000]",0,0,2294,8789
yolov8x_training,3157.542061,81,173.504,13370.3125,100,435,10001,"[0, 100000]","[0, 100000]",0,0,3955,11767
yolov8x_training,3158.584850,77,174.526,13370.3125,100,435,10001,"[0, 100000]","[0, 100000]",0,0,3222,11376
yolov8x_training,3159.627603,78,174.581,13370.3125,100,660,10001,"[0, 100000]","[0, 100000]",0,0,2490,18017
yolov8x_training,3160.670407,79,173.863,13370.3125,100,405,10001,"[0, 100000]","[0, 100000]",0,0,2636,18945
yolov8x_training,3161.713327,79,173.834,13370.3125,97,570,10001,"[0, 100000]","[0, 100000]",0,0,2929,18164
yolov8x_training,3162.756393,80,181.016,13370.3125,96,2505,10001,"[0, 100000]","[0, 100000]",0,0,3808,11816
yolov8x_training,3163.799242,80,172.576,13370.3125,97,1740,10001,"[0, 100000]","[0, 100000]",0,0,1953,18994
yolov8x_training,3164.842071,80,168.469,13370.3125,95,465,10001,"[0, 100000]","[0, 100000]",0,0,2246,18359
yolov8x_training,3165.885045,80,173.251,13370.3125,32,405,10001,"[0, 100000]","[0, 100000]",0,0,6933,13281
yolov8x_training,3166.928046,79,173.952,13370.3125,18,420,10001,"[0, 100000]","[0, 100000]",0,0,6933,13623
yolov8x_training,3167.970999,80,173.259,13370.3125,76,435,10001,"[0, 100000]","[0, 100000]",0,0,12011,22021
yolov8x_training,3169.013826,81,175.824,13370.3125,100,435,10001,"[0, 100000]","[0, 100000]",0,0,2050,22900
yolov8x_training,3170.056799,77,173.108,13370.3125,100,540,10001,"[0, 100000]","[0, 100000]",0,0,4541,23095
yolov8x_training,3171.099575,77,177.631,13370.3125,100,600,10001,"[0, 100000]","[0, 100000]",0,0,2246,19824
yolov8x_training,3172.142455,79,173.773,13370.3125,100,465,10001,"[0, 100000]","[0, 100000]",0,0,13281,14794
yolov8x_training,3173.185242,79,172.290,13370.3125,100,450,10001,"[0, 100000]","[0, 100000]",0,0,3271,17480
yolov8x_training,3174.228170,79,176.862,13370.3125,99,660,10001,"[0, 100000]","[0, 100000]",0,0,7470,16650
yolov8x_training,3175.271044,80,175.679,13370.3125,97,2490,10001,"[0, 100000]","[0, 100000]",0,0,4003,21728
yolov8x_training,3176.313868,80,170.062,13370.3125,97,660,10001,"[0, 100000]","[0, 100000]",0,0,13916,13427
yolov8x_training,3177.356661,80,172.129,13370.3125,44,405,10001,"[0, 100000]","[0, 100000]",0,0,9472,13427
yolov8x_training,3178.399693,80,174.848,13370.3125,20,435,10001,"[0, 100000]","[0, 100000]",0,0,11621,14062
yolov8x_training,3179.442465,80,174.511,13370.3125,52,420,10001,"[0, 100000]","[0, 100000]",0,0,10595,13720
yolov8x_training,3180.499404,81,173.315,13370.3125,100,450,10001,"[0, 100000]","[0, 100000]",0,0,14306,16699
yolov8x_training,3181.542460,77,172.934,13370.3125,100,375,10001,"[0, 100000]","[0, 100000]",0,0,6445,14355
yolov8x_training,3182.585438,78,175.169,13370.3125,100,540,10001,"[0, 100000]","[0, 100000]",0,0,5957,19580
yolov8x_training,3183.628269,79,174.990,13370.3125,100,810,10001,"[0, 100000]","[0, 100000]",0,0,2343,22900
yolov8x_training,3184.671228,79,172.240,13370.3125,100,465,10001,"[0, 100000]","[0, 100000]",0,0,13378,14111
yolov8x_training,3185.714047,80,175.514,13370.3125,97,585,10001,"[0, 100000]","[0, 100000]",0,0,6152,21679
yolov8x_training,3186.756995,80,178.069,13370.3125,97,1770,10001,"[0, 100000]","[0, 100000]",0,0,4687,21777
yolov8x_training,3187.799824,80,171.085,13370.3125,97,2175,10001,"[0, 100000]","[0, 100000]",0,0,2490,19482
yolov8x_training,3188.842995,80,169.438,13370.3125,80,465,10001,"[0, 100000]","[0, 100000]",0,0,4296,21777
yolov8x_training,3189.885805,80,173.965,13370.3125,48,405,10001,"[0, 100000]","[0, 100000]",0,0,3759,12646
yolov8x_training,3190.929013,79,173.677,13370.3125,17,450,10001,"[0, 100000]","[0, 100000]",0,0,2441,17529
yolov8x_training,3191.971960,80,175.596,13370.3125,51,375,10001,"[0, 100000]","[0, 100000]",0,0,3955,11474
yolov8x_training,3193.014929,80,183.366,13370.3125,98,390,10001,"[0, 100000]","[0, 100000]",0,0,1806,17480
yolov8x_training,3194.057738,80,172.037,13370.3125,75,450,10001,"[0, 100000]","[0, 100000]",0,0,1855,15429
yolov8x_training,3195.100525,80,174.469,13370.3125,100,450,10001,"[0, 100000]","[0, 100000]",0,0,1757,14404
yolov8x_training,3196.143267,77,174.090,13370.3125,100,510,10001,"[0, 100000]","[0, 100000]",0,0,1953,15576
yolov8x_training,3197.186255,78,174.972,13370.3125,100,645,10001,"[0, 100000]","[0, 100000]",0,0,1953,9716
yolov8x_training,3198.229169,79,173.514,13370.3125,100,450,10001,"[0, 100000]","[0, 100000]",0,0,1904,17675
yolov8x_training,3199.271982,79,174.841,13370.3125,100,510,10001,"[0, 100000]","[0, 100000]",0,0,1806,9570
yolov8x_training,3200.315177,80,180.167,13370.3125,97,1177,10001,"[0, 100000]","[0, 100000]",0,0,1757,16552
yolov8x_training,3201.358134,80,173.463,13370.3125,100,2295,10001,"[0, 100000]","[0, 100000]",0,0,1806,16357
yolov8x_training,3202.400956,80,168.984,13370.3125,87,1545,10001,"[0, 100000]","[0, 100000]",0,0,2294,13378
yolov8x_training,3203.443755,80,172.031,13370.3125,38,435,10001,"[0, 100000]","[0, 100000]",0,0,1806,15478
yolov8x_training,3204.486504,80,173.294,13370.3125,21,345,10001,"[0, 100000]","[0, 100000]",0,0,1806,16503
yolov8x_training,3205.529417,80,179.242,13370.3125,20,330,10001,"[0, 100000]","[0, 100000]",0,0,1904,8349
yolov8x_training,3206.572242,80,175.109,13370.3125,42,420,10001,"[0, 100000]","[0, 100000]",0,0,1806,8203
yolov8x_training,3207.615247,80,173.667,13370.3125,95,480,10001,"[0, 100000]","[0, 100000]",0,0,2197,7373
yolov8x_training,3208.658101,81,175.678,13370.3125,100,435,10001,"[0, 100000]","[0, 100000]",0,0,1855,7519
yolov8x_training,3209.700945,77,174.175,13370.3125,100,540,10001,"[0, 100000]","[0, 100000]",0,0,2294,7421
yolov8x_training,3210.743924,78,176.108,13370.3125,100,690,10001,"[0, 100000]","[0, 100000]",0,0,1806,8496
yolov8x_training,3211.786730,79,174.279,13370.3125,100,480,10001,"[0, 100000]","[0, 100000]",0,0,1855,8154
yolov8x_training,3212.829613,79,174.253,13370.3125,100,510,10001,"[0, 100000]","[0, 100000]",0,0,1806,8300
yolov8x_training,3213.872442,80,176.775,13370.3125,96,2505,10001,"[0, 100000]","[0, 100000]",0,0,2050,8447
yolov8x_training,3214.915338,80,170.510,13370.3125,96,2250,10001,"[0, 100000]","[0, 100000]",0,0,2099,8593
yolov8x_training,3215.958191,80,169.818,13370.3125,85,480,10001,"[0, 100000]","[0, 100000]",0,0,2050,8544
yolov8x_training,3217.000983,80,173.291,13370.3125,46,405,10001,"[0, 100000]","[0, 100000]",0,0,2050,7519
yolov8x_training,3218.044026,79,173.287,13370.3125,23,420,10001,"[0, 100000]","[0, 100000]",0,0,2050,8642
yolov8x_training,3219.086950,80,174.590,13370.3125,57,435,10001,"[0, 100000]","[0, 100000]",0,0,1904,7861
yolov8x_training,3220.129786,81,175.112,13370.3125,100,495,10001,"[0, 100000]","[0, 100000]",0,0,2148,7763
yolov8x_training,3221.172877,77,173.437,13370.3125,100,390,10001,"[0, 100000]","[0, 100000]",0,0,2099,8398
yolov8x_training,3222.215739,78,174.228,13370.3125,100,585,10001,"[0, 100000]","[0, 100000]",0,0,2050,9179
yolov8x_training,3223.258609,79,175.012,13370.3125,100,645,10001,"[0, 100000]","[0, 100000]",0,0,1904,8203
yolov8x_training,3224.301975,79,173.326,13370.3125,100,450,10001,"[0, 100000]","[0, 100000]",0,0,2050,7519
yolov8x_training,3225.344949,79,178.803,13370.3125,97,465,10001,"[0, 100000]","[0, 100000]",0,0,1855,8300
yolov8x_training,3226.387863,80,177.432,13370.3125,96,2505,10001,"[0, 100000]","[0, 100000]",0,0,2050,9179
yolov8x_training,3227.430602,80,168.507,13370.3125,97,2250,10001,"[0, 100000]","[0, 100000]",0,0,2099,8251
yolov8x_training,3228.473521,80,171.405,13370.3125,38,465,10001,"[0, 100000]","[0, 100000]",0,0,2587,10937
yolov8x_training,3229.516336,80,176.025,13370.3125,87,2055,10001,"[0, 100000]","[0, 100000]",0,0,1806,5419
yolov8x_training,3230.559597,80,172.005,13370.3125,23,435,10001,"[0, 100000]","[0, 100000]",0,0,1708,5419
yolov8x_training,3231.602427,80,174.412,13370.3125,36,420,10001,"[0, 100000]","[0, 100000]",0,0,1855,6640
yolov8x_training,3232.645263,81,173.483,13370.3125,92,495,10001,"[0, 100000]","[0, 100000]",0,0,1806,7910
yolov8x_training,3233.688224,80,174.893,13370.3125,100,450,10001,"[0, 100000]","[0, 100000]",0,0,1855,5517
yolov8x_training,3234.731246,77,175.023,13370.3125,100,390,10001,"[0, 100000]","[0, 100000]",0,0,1904,4882
yolov8x_training,3235.774400,78,176.312,13370.3125,100,465,10001,"[0, 100000]","[0, 100000]",0,0,1269,5810
yolov8x_training,3236.817358,79,174.910,13370.3125,100,960,10001,"[0, 100000]","[0, 100000]",0,0,1660,5273
yolov8x_training,3237.860140,79,173.782,13370.3125,100,480,10001,"[0, 100000]","[0, 100000]",0,0,1513,6201
yolov8x_training,3238.903140,79,176.563,13370.3125,96,480,10001,"[0, 100000]","[0, 100000]",0,0,1464,6152
yolov8x_training,3239.946011,80,177.838,13370.3125,97,630,10001,"[0, 100000]","[0, 100000]",0,0,1416,6298
yolov8x_training,3240.988894,80,169.697,13370.3125,100,2265,10001,"[0, 100000]","[0, 100000]",0,0,1416,6201
yolov8x_training,3242.031701,80,169.568,13370.3125,87,1590,10001,"[0, 100000]","[0, 100000]",0,0,1562,6005
yolov8x_training,3243.074561,80,173.673,13370.3125,45,450,10001,"[0, 100000]","[0, 100000]",0,0,1611,5859
yolov8x_training,3244.117613,79,174.527,13370.3125,22,405,10001,"[0, 100000]","[0, 100000]",0,0,1562,6591
yolov8x_training,3245.160484,80,181.072,13370.3125,51,405,10001,"[0, 100000]","[0, 100000]",0,0,927,1123
yolov8x_training,3246.203270,80,175.220,13370.3125,29,360,10001,"[0, 100000]","[0, 100000]",0,0,341,292
yolov8x_training,3247.245872,80,172.391,13370.3125,11,420,10001,"[0, 100000]","[0, 100000]",0,0,341,292
yolov8x_training,3248.288463,80,174.314,13370.3125,55,420,10001,"[0, 100000]","[0, 100000]",0,0,341,341
yolov8x_training,3249.331146,81,174.931,13370.3125,100,450,10001,"[0, 100000]","[0, 100000]",0,0,341,292
yolov8x_training,3250.373779,77,174.480,13370.3125,100,390,10001,"[0, 100000]","[0, 100000]",0,0,341,292
yolov8x_training,3251.416325,78,174.127,13370.3125,100,555,10001,"[0, 100000]","[0, 100000]",0,0,292,292
yolov8x_training,3252.458884,79,173.536,13370.3125,100,645,10001,"[0, 100000]","[0, 100000]",0,0,341,292
yolov8x_training,3253.501549,80,174.507,13370.3125,97,450,10001,"[0, 100000]","[0, 100000]",0,0,341,292
yolov8x_training,3254.544162,80,181.775,13370.3125,97,480,10001,"[0, 100000]","[0, 100000]",0,0,341,292
yolov8x_training,3255.586818,80,172.792,13370.3125,100,2490,10001,"[0, 100000]","[0, 100000]",0,0,341,292
yolov8x_training,3256.629395,80,168.903,13370.3125,70,1590,10001,"[0, 100000]","[0, 100000]",0,0,89990,19238
yolov8x_training,3257.672523,80,173.739,13370.3125,83,960,10001,"[0, 100000]","[0, 100000]",0,0,28369,591259
yolov8x_training,3258.715796,81,171.239,13370.3125,46,435,10001,"[0, 100000]","[0, 100000]",0,0,341,1034521
yolov8x_training,3259.758515,79,174.036,13370.3125,19,375,10001,"[0, 100000]","[0, 100000]",0,0,341,1041503
yolov8x_training,3260.801579,80,174.129,13370.3125,55,435,10001,"[0, 100000]","[0, 100000]",0,0,341,1033593
yolov8x_training,3261.844270,81,175.683,13370.3125,100,465,10001,"[0, 100000]","[0, 100000]",0,0,89355,17089
yolov8x_training,3262.887919,79,174.650,13370.3125,100,450,10001,"[0, 100000]","[0, 100000]",0,0,341,1033544
yolov8x_training,3263.930572,78,174.835,13370.3125,100,420,10001,"[0, 100000]","[0, 100000]",0,0,341,1035986
yolov8x_training,3264.973217,79,174.981,13370.3125,100,600,10001,"[0, 100000]","[0, 100000]",0,0,341,1029199
yolov8x_training,3266.015799,80,173.609,13370.3125,100,480,10001,"[0, 100000]","[0, 100000]",0,0,341,1031250
yolov8x_training,3267.058464,80,177.974,13370.3125,96,465,10001,"[0, 100000]","[0, 100000]",0,0,341,292
yolov8x_training,3268.101112,80,172.731,13370.3125,97,2505,10001,"[0, 100000]","[0, 100000]",0,0,292,292
yolov8x_training,3269.143680,80,168.519,13370.3125,95,2175,10001,"[0, 100000]","[0, 100000]",0,0,341,292
yolov8x_training,3270.186248,80,174.253,13370.3125,38,405,10001,"[0, 100000]","[0, 100000]",0,0,341,292
yolov8x_training,3271.229973,80,174.703,13370.3125,19,390,10001,"[0, 100000]","[0, 100000]",0,0,341,292
yolov8x_training,3272.272687,81,174.224,13370.3125,76,435,10001,"[0, 100000]","[0, 100000]",0,0,341,292
yolov8x_training,3273.315324,80,173.849,13370.3125,100,420,10001,"[0, 100000]","[0, 100000]",0,0,14843,292
yolov8x_training,3274.358316,78,175.729,13370.3125,100,390,10001,"[0, 100000]","[0, 100000]",0,0,341,292
yolov8x_training,3275.400959,78,174.616,13370.3125,100,540,10001,"[0, 100000]","[0, 100000]",0,0,14013,292
yolov8x_training,3276.443622,80,173.600,13370.3125,100,510,10001,"[0, 100000]","[0, 100000]",0,0,585,292
yolov8x_training,3277.486271,80,176.019,13370.3125,97,420,10001,"[0, 100000]","[0, 100000]",0,0,16699,14501
yolov8x_training,3278.529336,80,173.003,13370.3125,97,600,10001,"[0, 100000]","[0, 100000]",0,0,1171,292
yolov8x_training,3279.572076,80,175.130,13370.3125,97,2505,10001,"[0, 100000]","[0, 100000]",0,0,4687,99902
yolov8x_training,3280.615754,80,177.970,13370.3125,97,675,10001,"[0, 100000]","[0, 100000]",0,0,1074,1318
yolov8x_training,3281.658646,79,168.942,13370.3125,100,405,10001,"[0, 100000]","[0, 100000]",0,0,1025,80908
yolov8x_training,3282.701573,80,171.800,13370.3125,37,405,10001,"[0, 100000]","[0, 100000]",0,0,1513,3076
yolov8x_training,3283.744460,81,174.373,13370.3125,12,480,10001,"[0, 100000]","[0, 100000]",0,0,1464,3662
yolov8x_training,3284.787273,78,175.238,13370.3125,71,450,10001,"[0, 100000]","[0, 100000]",0,0,1171,3417
yolov8x_training,3285.830175,78,173.938,13370.3125,97,435,10001,"[0, 100000]","[0, 100000]",0,0,1318,27587
yolov8x_training,3286.873811,79,173.884,13370.3125,100,750,10001,"[0, 100000]","[0, 100000]",0,0,1708,2783
yolov8x_training,3287.916756,80,175.798,13370.3125,100,480,10001,"[0, 100000]","[0, 100000]",0,0,1416,3955
yolov8x_training,3288.959553,80,172.809,13370.3125,100,495,10001,"[0, 100000]","[0, 100000]",0,0,1611,5566
yolov8x_training,3290.002363,80,174.646,13370.3125,100,1252,10001,"[0, 100000]","[0, 100000]",0,0,1513,2880
yolov8x_training,3291.045824,80,176.638,13370.3125,96,1680,10001,"[0, 100000]","[0, 100000]",0,0,1562,7275
yolov8x_training,3292.088907,80,171.729,13370.3125,96,465,10001,"[0, 100000]","[0, 100000]",0,0,1708,6494
yolov8x_training,3293.132098,80,170.372,13370.3125,68,450,10001,"[0, 100000]","[0, 100000]",0,0,1367,5810
yolov8x_training,3294.175153,81,174.231,13370.3125,34,435,10001,"[0, 100000]","[0, 100000]",0,0,1464,6298
yolov8x_training,3295.218320,78,173.932,13370.3125,34,435,10001,"[0, 100000]","[0, 100000]",0,0,1367,5517
yolov8x_training,3296.261269,77,175.590,13370.3125,64,420,10001,"[0, 100000]","[0, 100000]",0,0,1611,6640
yolov8x_training,3297.304327,78,174.238,13370.3125,100,525,10001,"[0, 100000]","[0, 100000]",0,0,1513,6250
yolov8x_training,3298.347434,79,174.221,13370.3125,100,660,10001,"[0, 100000]","[0, 100000]",0,0,1464,7031
yolov8x_training,3299.390328,79,173.630,13370.3125,100,405,10001,"[0, 100000]","[0, 100000]",0,0,1269,6347
yolov8x_training,3300.433571,80,173.361,13370.3125,100,495,10001,"[0, 100000]","[0, 100000]",0,0,1464,6054
yolov8x_training,3301.476426,80,174.294,13370.3125,96,2475,10001,"[0, 100000]","[0, 100000]",0,0,1611,5419
yolov8x_training,3302.519253,80,178.987,13370.3125,96,1650,10001,"[0, 100000]","[0, 100000]",0,0,1464,5810
yolov8x_training,3303.562233,79,169.868,13370.3125,97,405,10001,"[0, 100000]","[0, 100000]",0,0,1806,5810
yolov8x_training,3304.605155,80,170.038,13370.3125,62,375,10001,"[0, 100000]","[0, 100000]",0,0,1806,5615
yolov8x_training,3305.648012,81,173.280,13370.3125,11,375,10001,"[0, 100000]","[0, 100000]",0,0,1708,8789
yolov8x_training,3306.690834,77,172.711,13370.3125,73,390,10001,"[0, 100000]","[0, 100000]",0,0,1757,7666
yolov8x_training,3307.733840,79,173.105,13370.3125,100,555,10001,"[0, 100000]","[0, 100000]",0,0,2148,7763
yolov8x_training,3308.776976,79,174.937,13370.3125,100,1035,10001,"[0, 100000]","[0, 100000]",0,0,2197,7861
yolov8x_training,3309.820371,80,175.141,13370.3125,100,450,10001,"[0, 100000]","[0, 100000]",0,0,2099,8007
yolov8x_training,3310.863192,80,173.091,13370.3125,100,480,10001,"[0, 100000]","[0, 100000]",0,0,2050,7373
yolov8x_training,3311.905984,80,177.116,13370.3125,96,2505,10001,"[0, 100000]","[0, 100000]",0,0,2050,8447
yolov8x_training,3312.948752,80,178.534,13370.3125,96,2220,10001,"[0, 100000]","[0, 100000]",0,0,2001,7519
yolov8x_training,3313.991627,79,170.817,13370.3125,100,450,10001,"[0, 100000]","[0, 100000]",0,0,2539,11328
yolov8x_training,3315.036239,80,171.477,13370.3125,60,435,10001,"[0, 100000]","[0, 100000]",0,0,2441,10986
yolov8x_training,3316.079070,80,173.996,13370.3125,13,375,10001,"[0, 100000]","[0, 100000]",0,0,1757,16113
yolov8x_training,3317.121883,77,173.413,13370.3125,59,450,10001,"[0, 100000]","[0, 100000]",0,0,1904,15869
yolov8x_training,3318.164693,79,173.810,13370.3125,100,540,10001,"[0, 100000]","[0, 100000]",0,0,1806,15771
yolov8x_training,3319.207479,79,174.525,13370.3125,100,960,10001,"[0, 100000]","[0, 100000]",0,0,1806,16259
yolov8x_training,3320.250386,80,174.187,13370.3125,100,450,10001,"[0, 100000]","[0, 100000]",0,0,1855,8544
yolov8x_training,3321.293319,80,173.507,13370.3125,100,495,10001,"[0, 100000]","[0, 100000]",0,0,1660,9912
yolov8x_training,3322.336488,80,175.466,13370.3125,100,2505,10001,"[0, 100000]","[0, 100000]",0,0,1904,10986
yolov8x_training,3323.379627,80,178.819,13370.3125,96,2085,10001,"[0, 100000]","[0, 100000]",0,0,1757,11669
yolov8x_training,3324.424333,80,170.907,13370.3125,100,450,10001,"[0, 100000]","[0, 100000]",0,0,1806,9082
yolov8x_training,3325.467232,80,179.573,13370.3125,97,1650,10001,"[0, 100000]","[0, 100000]",0,0,2001,7421
yolov8x_training,3326.510160,80,169.350,13370.3125,53,435,10001,"[0, 100000]","[0, 100000]",0,0,2880,11132
yolov8x_training,3327.552957,80,174.112,13370.3125,25,390,10001,"[0, 100000]","[0, 100000]",0,0,2001,9179
yolov8x_training,3328.595853,80,175.181,13370.3125,41,390,10001,"[0, 100000]","[0, 100000]",0,0,2978,10742
yolov8x_training,3329.638636,77,174.607,13370.3125,76,450,10001,"[0, 100000]","[0, 100000]",0,0,1855,10644
yolov8x_training,3330.681467,78,175.579,13370.3125,100,450,10001,"[0, 100000]","[0, 100000]",0,0,2587,10400
yolov8x_training,3331.724521,79,173.988,13370.3125,100,540,10001,"[0, 100000]","[0, 100000]",0,0,2001,10888
yolov8x_training,3332.767414,79,174.553,13370.3125,100,465,10001,"[0, 100000]","[0, 100000]",0,0,2929,10009
yolov8x_training,3333.810208,80,175.492,13370.3125,100,435,10001,"[0, 100000]","[0, 100000]",0,0,1953,9423
yolov8x_training,3334.853033,80,174.513,13370.3125,100,690,10001,"[0, 100000]","[0, 100000]",0,0,2880,10742
yolov8x_training,3335.895902,80,177.768,13370.3125,96,2490,10001,"[0, 100000]","[0, 100000]",0,0,2734,10888
yolov8x_training,3336.938710,80,173.474,13370.3125,97,765,10001,"[0, 100000]","[0, 100000]",0,0,2880,9375
yolov8x_training,3337.981542,79,168.245,13370.3125,94,420,10001,"[0, 100000]","[0, 100000]",0,0,2734,10693
yolov8x_training,3339.024368,80,172.620,13370.3125,33,390,10001,"[0, 100000]","[0, 100000]",0,0,1904,15332
yolov8x_training,3340.067468,81,174.962,13370.3125,20,405,10001,"[0, 100000]","[0, 100000]",0,0,2783,10595
yolov8x_training,3341.110330,77,174.268,13370.3125,59,450,10001,"[0, 100000]","[0, 100000]",0,0,1855,15771
yolov8x_training,3342.153433,78,174.923,13370.3125,99,390,10001,"[0, 100000]","[0, 100000]",0,0,1904,15966
yolov8x_training,3343.196313,79,173.667,13370.3125,100,660,10001,"[0, 100000]","[0, 100000]",0,0,1904,15478
yolov8x_training,3344.239071,79,175.398,13370.3125,100,450,10001,"[0, 100000]","[0, 100000]",0,0,1806,16748
yolov8x_training,3345.281858,80,173.291,13370.3125,100,480,10001,"[0, 100000]","[0, 100000]",0,0,1806,11718
yolov8x_training,3346.324959,80,177.611,13370.3125,100,2505,10001,"[0, 100000]","[0, 100000]",0,0,1806,16992
yolov8x_training,3347.367705,80,180.197,13370.3125,97,2205,10001,"[0, 100000]","[0, 100000]",0,0,1806,9716
yolov8x_training,3348.410842,80,170.868,13370.3125,100,495,10001,"[0, 100000]","[0, 100000]",0,0,1708,16210
yolov8x_training,3349.453568,80,170.194,13370.3125,49,405,10001,"[0, 100000]","[0, 100000]",0,0,1904,9179
yolov8x_training,3350.496481,80,174.771,13370.3125,24,405,10001,"[0, 100000]","[0, 100000]",0,0,1953,9716
yolov8x_training,3351.539428,77,173.920,13370.3125,54,480,10001,"[0, 100000]","[0, 100000]",0,0,2246,9033
yolov8x_training,3352.582410,78,174.474,13370.3125,95,435,10001,"[0, 100000]","[0, 100000]",0,0,2099,8154
yolov8x_training,3353.625319,79,173.462,13370.3125,100,420,10001,"[0, 100000]","[0, 100000]",0,0,3271,11181
yolov8x_training,3354.668195,79,175.407,13370.3125,100,555,10001,"[0, 100000]","[0, 100000]",0,0,1904,9179
yolov8x_training,3355.710970,80,175.328,13370.3125,100,465,10001,"[0, 100000]","[0, 100000]",0,0,2539,9082
yolov8x_training,3356.753804,80,174.485,13370.3125,100,480,10001,"[0, 100000]","[0, 100000]",0,0,2441,8544
yolov8x_training,3357.796801,80,174.156,13370.3125,97,2505,10001,"[0, 100000]","[0, 100000]",0,0,3857,12255
yolov8x_training,3358.839687,80,174.998,13370.3125,96,2160,10001,"[0, 100000]","[0, 100000]",0,0,3173,11328
yolov8x_training,3359.882493,80,169.679,13370.3125,91,435,10001,"[0, 100000]","[0, 100000]",0,0,2294,19091
yolov8x_training,3360.925321,80,171.895,13370.3125,59,420,10001,"[0, 100000]","[0, 100000]",0,0,2783,17089
yolov8x_training,3361.968132,79,173.413,13370.3125,15,420,10001,"[0, 100000]","[0, 100000]",0,0,4443,21044
yolov8x_training,3363.011002,77,174.301,13370.3125,55,480,10001,"[0, 100000]","[0, 100000]",0,0,4443,21777
yolov8x_training,3364.054257,79,173.680,13370.3125,100,390,10001,"[0, 100000]","[0, 100000]",0,0,13330,14111
yolov8x_training,3365.097369,79,174.814,13370.3125,100,510,10001,"[0, 100000]","[0, 100000]",0,0,4003,24365
yolov8x_training,3366.140538,79,176.693,13370.3125,100,705,10001,"[0, 100000]","[0, 100000]",0,0,12255,14257
yolov8x_training,3367.183481,80,173.633,13370.3125,100,420,10001,"[0, 100000]","[0, 100000]",0,0,7275,13427
yolov8x_training,3368.234372,80,173.328,13370.3125,100,615,10001,"[0, 100000]","[0, 100000]",0,0,14501,12402
yolov8x_training,3369.277789,80,178.798,13370.3125,96,2490,10001,"[0, 100000]","[0, 100000]",0,0,14453,15380
yolov8x_training,3370.333515,80,170.179,13370.3125,96,570,10001,"[0, 100000]","[0, 100000]",0,0,14550,13378
yolov8x_training,3371.376328,80,170.307,13370.3125,48,420,10001,"[0, 100000]","[0, 100000]",0,0,14208,12792
yolov8x_training,3372.425904,80,173.807,13370.3125,19,405,10001,"[0, 100000]","[0, 100000]",0,0,14404,19091
yolov8x_training,3373.468707,80,175.705,13370.3125,43,405,10001,"[0, 100000]","[0, 100000]",0,0,5371,21679
yolov8x_training,3374.511969,81,174.364,13370.3125,95,450,10001,"[0, 100000]","[0, 100000]",0,0,14648,13720
yolov8x_training,3375.556340,80,173.661,13370.3125,100,375,10001,"[0, 100000]","[0, 100000]",0,0,14306,14062
yolov8x_training,3376.602166,78,173.531,13370.3125,100,585,10001,"[0, 100000]","[0, 100000]",0,0,14257,18945
yolov8x_training,3377.645011,78,177.720,13370.3125,100,915,10001,"[0, 100000]","[0, 100000]",0,0,4003,21044
yolov8x_training,3378.695070,79,173.456,13370.3125,100,495,10001,"[0, 100000]","[0, 100000]",0,0,14257,14941
yolov8x_training,3379.737942,79,174.660,13370.3125,97,855,10001,"[0, 100000]","[0, 100000]",0,0,10888,12646
yolov8x_training,3380.791271,80,177.920,13370.3125,96,2295,10001,"[0, 100000]","[0, 100000]",0,0,14404,12695
yolov8x_training,3381.834097,80,168.657,13370.3125,100,660,10001,"[0, 100000]","[0, 100000]",0,0,10644,12158
yolov8x_training,3382.876916,80,171.384,13370.3125,65,420,10001,"[0, 100000]","[0, 100000]",0,0,6347,14111
yolov8x_training,3383.919746,80,173.455,13370.3125,38,360,10001,"[0, 100000]","[0, 100000]",0,0,12841,16113
yolov8x_training,3384.971345,80,173.902,13370.3125,39,405,10001,"[0, 100000]","[0, 100000]",0,0,14208,13232
yolov8x_training,3386.014230,80,174.058,13370.3125,77,450,10001,"[0, 100000]","[0, 100000]",0,0,10009,12158
yolov8x_training,3387.065278,77,173.325,13370.3125,100,420,10001,"[0, 100000]","[0, 100000]",0,0,14599,12695
yolov8x_training,3388.109409,78,174.787,13370.3125,100,585,10001,"[0, 100000]","[0, 100000]",0,0,14453,12402
yolov8x_training,3389.152333,79,174.286,13370.3125,100,480,10001,"[0, 100000]","[0, 100000]",0,0,13525,14257
yolov8x_training,3390.195409,79,174.495,13370.3125,100,465,10001,"[0, 100000]","[0, 100000]",0,0,9521,12597
yolov8x_training,3391.243848,80,173.960,13370.3125,100,2505,10001,"[0, 100000]","[0, 100000]",0,0,14453,15136
yolov8x_training,3392.286707,80,176.451,13370.3125,95,2190,10001,"[0, 100000]","[0, 100000]",0,0,13378,14306
yolov8x_training,3393.343345,80,169.775,13370.3125,97,450,10001,"[0, 100000]","[0, 100000]",0,0,14599,14599
yolov8x_training,3394.386604,80,171.768,13370.3125,36,420,10001,"[0, 100000]","[0, 100000]",0,0,14648,13085
yolov8x_training,3395.443125,79,173.457,13370.3125,37,405,10001,"[0, 100000]","[0, 100000]",0,0,14550,15380
yolov8x_training,3396.485966,80,174.410,13370.3125,75,495,10001,"[0, 100000]","[0, 100000]",0,0,11767,14013
yolov8x_training,3397.528718,81,175.357,13370.3125,100,435,10001,"[0, 100000]","[0, 100000]",0,0,8886,12646
yolov8x_training,3398.571620,77,174.625,13370.3125,100,390,10001,"[0, 100000]","[0, 100000]",0,0,13330,15966
yolov8x_training,3399.623190,78,174.739,13370.3125,100,540,10001,"[0, 100000]","[0, 100000]",0,0,14550,13574
yolov8x_training,3400.665982,79,173.298,13370.3125,100,480,10001,"[0, 100000]","[0, 100000]",0,0,13232,13964
yolov8x_training,3401.725265,79,173.538,13370.3125,97,510,10001,"[0, 100000]","[0, 100000]",0,0,14257,11376
yolov8x_training,3402.768094,80,178.329,13370.3125,96,2505,10001,"[0, 100000]","[0, 100000]",0,0,8789,12646
yolov8x_training,3403.819608,80,169.702,13370.3125,100,1725,10001,"[0, 100000]","[0, 100000]",0,0,14355,14355
yolov8x_training,3404.866980,80,170.196,13370.3125,80,450,10001,"[0, 100000]","[0, 100000]",0,0,14306,14648
yolov8x_training,3405.921785,80,173.850,13370.3125,13,390,10001,"[0, 100000]","[0, 100000]",0,0,14453,10205
yolov8x_training,3406.964620,79,174.090,13370.3125,39,420,10001,"[0, 100000]","[0, 100000]",0,0,11523,12744
yolov8x_training,3408.021772,81,173.656,13370.3125,92,435,10001,"[0, 100000]","[0, 100000]",0,0,14599,11767
yolov8x_training,3409.064647,77,173.253,13370.3125,100,375,10001,"[0, 100000]","[0, 100000]",0,0,11816,12255
yolov8x_training,3410.107965,78,175.125,13370.3125,100,585,10001,"[0, 100000]","[0, 100000]",0,0,13281,14892
yolov8x_training,3411.150744,79,176.738,13370.3125,100,660,10001,"[0, 100000]","[0, 100000]",0,0,4638,20654
yolov8x_training,3412.204797,80,172.074,13370.3125,100,495,10001,"[0, 100000]","[0, 100000]",0,0,12695,21679
yolov8x_training,3413.254646,80,175.827,13370.3125,96,2505,10001,"[0, 100000]","[0, 100000]",0,0,14355,17041
yolov8x_training,3414.323881,80,170.441,13370.3125,97,1695,10001,"[0, 100000]","[0, 100000]",0,0,14111,15039
yolov8x_training,3415.366692,80,170.599,13370.3125,56,480,10001,"[0, 100000]","[0, 100000]",0,0,8691,12597
yolov8x_training,3416.415368,81,173.492,13370.3125,17,435,10001,"[0, 100000]","[0, 100000]",0,0,14355,14160
yolov8x_training,3417.459908,80,174.047,13370.3125,59,435,10001,"[0, 100000]","[0, 100000]",0,0,14160,9765
yolov8x_training,3418.509219,81,173.608,13370.3125,100,450,10001,"[0, 100000]","[0, 100000]",0,0,14306,17529
yolov8x_training,3419.552119,79,175.094,13370.3125,100,450,10001,"[0, 100000]","[0, 100000]",0,0,4687,21044
yolov8x_training,3420.595361,78,174.295,13370.3125,100,525,10001,"[0, 100000]","[0, 100000]",0,0,13378,14404
yolov8x_training,3421.638320,79,175.728,13370.3125,100,825,10001,"[0, 100000]","[0, 100000]",0,0,14355,10693
yolov8x_training,3422.694036,79,173.336,13370.3125,100,480,10001,"[0, 100000]","[0, 100000]",0,0,14306,15869
yolov8x_training,3423.736879,80,175.600,13370.3125,97,510,10001,"[0, 100000]","[0, 100000]",0,0,1855,22509
yolov8x_training,3424.779722,80,176.585,13370.3125,97,2505,10001,"[0, 100000]","[0, 100000]",0,0,13378,13720
yolov8x_training,3425.822604,80,168.575,13370.3125,100,1650,10001,"[0, 100000]","[0, 100000]",0,0,10986,12304
yolov8x_training,3426.881025,80,171.572,13370.3125,52,435,10001,"[0, 100000]","[0, 100000]",0,0,14306,16699
yolov8x_training,3427.923946,80,174.428,13370.3125,14,390,10001,"[0, 100000]","[0, 100000]",0,0,4541,21533
yolov8x_training,3428.967128,80,174.973,13370.3125,46,405,10001,"[0, 100000]","[0, 100000]",0,0,4150,21679
yolov8x_training,3430.010120,80,175.060,13370.3125,73,480,10001,"[0, 100000]","[0, 100000]",0,0,3662,12988
yolov8x_training,3431.052969,80,174.900,13370.3125,100,450,10001,"[0, 100000]","[0, 100000]",0,0,4833,23291
yolov8x_training,3432.095803,77,174.543,13370.3125,100,435,10001,"[0, 100000]","[0, 100000]",0,0,3417,24169
yolov8x_training,3433.138573,79,174.277,13370.3125,100,990,10001,"[0, 100000]","[0, 100000]",0,0,11035,13525
yolov8x_training,3434.181472,79,174.146,13370.3125,100,450,10001,"[0, 100000]","[0, 100000]",0,0,6298,13525
yolov8x_training,3435.237632,80,173.887,13370.3125,100,630,10001,"[0, 100000]","[0, 100000]",0,0,14501,16259
yolov8x_training,3436.280482,80,177.280,13370.3125,96,2505,10001,"[0, 100000]","[0, 100000]",0,0,5859,18554
yolov8x_training,3437.330154,80,170.295,13370.3125,97,615,10001,"[0, 100000]","[0, 100000]",0,0,14404,13769
yolov8x_training,3438.372995,80,172.433,13370.3125,35,420,10001,"[0, 100000]","[0, 100000]",0,0,13378,13574
yolov8x_training,3439.438578,79,173.906,13370.3125,39,405,10001,"[0, 100000]","[0, 100000]",0,0,14160,18652
yolov8x_training,3440.481484,80,174.310,13370.3125,77,420,10001,"[0, 100000]","[0, 100000]",0,0,5664,18212
yolov8x_training,3441.527650,81,173.367,13370.3125,100,435,10001,"[0, 100000]","[0, 100000]",0,0,14306,16064
yolov8x_training,3442.572844,77,174.878,13370.3125,100,405,10001,"[0, 100000]","[0, 100000]",0,0,14550,13183
yolov8x_training,3443.632621,78,174.275,13370.3125,100,600,10001,"[0, 100000]","[0, 100000]",0,0,14501,12060
yolov8x_training,3444.675536,79,172.564,13370.3125,100,480,10001,"[0, 100000]","[0, 100000]",0,0,7714,13134
yolov8x_training,3445.718731,79,175.344,13370.3125,96,495,10001,"[0, 100000]","[0, 100000]",0,0,6298,13574
yolov8x_training,3446.761590,80,180.424,13370.3125,97,2460,10001,"[0, 100000]","[0, 100000]",0,0,2783,17138
yolov8x_training,3447.804746,80,171.216,13370.3125,96,2505,10001,"[0, 100000]","[0, 100000]",0,0,3173,22509
yolov8x_training,3448.847585,80,177.070,13370.3125,87,2385,10001,"[0, 100000]","[0, 100000]",0,0,1660,9570
yolov8x_training,3449.890385,80,169.728,13370.3125,85,1710,10001,"[0, 100000]","[0, 100000]",0,0,2148,8154
yolov8x_training,3450.933327,80,172.108,13370.3125,58,465,10001,"[0, 100000]","[0, 100000]",0,0,2099,8544
yolov8x_training,3451.976421,80,173.947,13370.3125,16,435,10001,"[0, 100000]","[0, 100000]",0,0,3271,10302
yolov8x_training,3453.019386,80,174.384,13370.3125,56,435,10001,"[0, 100000]","[0, 100000]",0,0,3076,10058
yolov8x_training,3454.062545,80,173.463,13370.3125,100,450,10001,"[0, 100000]","[0, 100000]",0,0,3710,12353
yolov8x_training,3455.105607,78,174.000,13370.3125,100,390,10001,"[0, 100000]","[0, 100000]",0,0,3759,11718
yolov8x_training,3456.148408,79,174.570,13370.3125,100,540,10001,"[0, 100000]","[0, 100000]",0,0,1806,20703
yolov8x_training,3457.191328,79,173.749,13370.3125,100,480,10001,"[0, 100000]","[0, 100000]",0,0,2441,16796
yolov8x_training,3458.234147,80,173.523,13370.3125,100,555,10001,"[0, 100000]","[0, 100000]",0,0,14013,18603
yolov8x_training,3459.277040,80,176.659,13370.3125,97,2505,10001,"[0, 100000]","[0, 100000]",0,0,6347,17724
yolov8x_training,3460.326968,80,170.116,13370.3125,96,1695,10001,"[0, 100000]","[0, 100000]",0,0,14501,13818
yolov8x_training,3461.369852,80,171.819,13370.3125,78,465,10001,"[0, 100000]","[0, 100000]",0,0,12353,14013
yolov8x_training,3462.412623,81,174.961,13370.3125,20,390,10001,"[0, 100000]","[0, 100000]",0,0,5908,16015
yolov8x_training,3463.455575,80,173.822,13370.3125,59,420,10001,"[0, 100000]","[0, 100000]",0,0,8984,14013
yolov8x_training,3464.505673,81,173.635,13370.3125,100,480,10001,"[0, 100000]","[0, 100000]",0,0,14501,11718
yolov8x_training,3465.548549,78,174.224,13370.3125,100,435,10001,"[0, 100000]","[0, 100000]",0,0,11328,13330
yolov8x_training,3466.591445,77,180.544,13370.3125,100,435,10001,"[0, 100000]","[0, 100000]",0,0,1562,8886
yolov8x_training,3467.634451,78,174.680,13370.3125,100,435,10001,"[0, 100000]","[0, 100000]",0,0,3125,10107
yolov8x_training,3468.677253,79,174.752,13370.3125,100,495,10001,"[0, 100000]","[0, 100000]",0,0,3320,14062
yolov8x_training,3469.720225,79,172.870,13370.3125,100,420,10001,"[0, 100000]","[0, 100000]",0,0,3808,11718
yolov8x_training,3470.763411,80,176.392,13370.3125,96,615,10001,"[0, 100000]","[0, 100000]",0,0,1806,23925
yolov8x_training,3471.806283,80,171.608,13370.3125,97,2505,10001,"[0, 100000]","[0, 100000]",0,0,2441,17041
yolov8x_training,3472.849314,80,169.649,13370.3125,77,600,10001,"[0, 100000]","[0, 100000]",0,0,6201,14843
yolov8x_training,3473.892170,80,173.909,13370.3125,38,420,10001,"[0, 100000]","[0, 100000]",0,0,9765,14648
yolov8x_training,3474.939952,79,173.802,13370.3125,38,435,10001,"[0, 100000]","[0, 100000]",0,0,14648,13427
yolov8x_training,3475.982848,81,182.937,13370.3125,80,375,10001,"[0, 100000]","[0, 100000]",0,0,1562,6787
yolov8x_training,3477.025795,80,176.990,13370.3125,38,375,10001,"[0, 100000]","[0, 100000]",0,0,2197,11328
yolov8x_training,3478.068622,80,173.447,13370.3125,33,405,10001,"[0, 100000]","[0, 100000]",0,0,2880,10888
yolov8x_training,3479.111572,81,174.549,13370.3125,94,495,10001,"[0, 100000]","[0, 100000]",0,0,2783,9130
yolov8x_training,3480.154437,77,173.589,13370.3125,100,450,10001,"[0, 100000]","[0, 100000]",0,0,2832,9570
yolov8x_training,3481.197556,78,175.598,13370.3125,100,585,10001,"[0, 100000]","[0, 100000]",0,0,1953,15136
yolov8x_training,3482.240503,79,174.331,13370.3125,100,510,10001,"[0, 100000]","[0, 100000]",0,0,1806,16992
yolov8x_training,3483.283269,80,174.338,13370.3125,100,480,10001,"[0, 100000]","[0, 100000]",0,0,1904,9619
yolov8x_training,3484.326451,80,179.212,13370.3125,97,1530,10001,"[0, 100000]","[0, 100000]",0,0,1855,14160
yolov8x_training,3485.369187,80,169.622,13370.3125,96,2505,10001,"[0, 100000]","[0, 100000]",0,0,1855,9423
yolov8x_training,3486.412799,80,169.850,13370.3125,60,1755,10001,"[0, 100000]","[0, 100000]",0,0,1855,8154
yolov8x_training,3487.455707,80,173.371,13370.3125,18,420,10001,"[0, 100000]","[0, 100000]",0,0,2197,8544
yolov8x_training,3488.498696,80,174.074,13370.3125,63,405,10001,"[0, 100000]","[0, 100000]",0,0,3076,10595
yolov8x_training,3489.541508,81,173.841,13370.3125,100,465,10001,"[0, 100000]","[0, 100000]",0,0,3955,11865
yolov8x_training,3490.584503,77,175.061,13370.3125,100,450,10001,"[0, 100000]","[0, 100000]",0,0,2978,15673
yolov8x_training,3491.627389,79,173.909,13370.3125,100,525,10001,"[0, 100000]","[0, 100000]",0,0,4248,20654
yolov8x_training,3492.670228,79,173.181,13370.3125,100,675,10001,"[0, 100000]","[0, 100000]",0,0,2783,16796
yolov8x_training,3493.713061,80,175.298,13370.3125,96,450,10001,"[0, 100000]","[0, 100000]",0,0,5810,23339
yolov8x_training,3494.756172,80,181.529,13370.3125,96,600,10001,"[0, 100000]","[0, 100000]",0,0,12597,14355
yolov8x_training,3495.813722,80,174.089,13370.3125,86,2220,10001,"[0, 100000]","[0, 100000]",0,0,14453,14111
yolov8x_training,3496.856674,80,175.653,13370.3125,49,570,10001,"[0, 100000]","[0, 100000]",0,0,11572,12207
yolov8x_training,3497.912898,80,170.322,13370.3125,16,390,10001,"[0, 100000]","[0, 100000]",0,0,14501,13330
yolov8x_training,3498.969845,80,172.346,13370.3125,57,465,10001,"[0, 100000]","[0, 100000]",0,0,14355,15429
yolov8x_training,3500.036722,77,173.015,13370.3125,100,450,10001,"[0, 100000]","[0, 100000]",0,0,14355,16601
yolov8x_training,3501.079643,78,174.278,13370.3125,100,390,10001,"[0, 100000]","[0, 100000]",0,0,2685,22216
yolov8x_training,3502.122555,78,180.480,13370.3125,100,450,10001,"[0, 100000]","[0, 100000]",0,0,2001,8886
yolov8x_training,3503.165323,77,181.189,13370.3125,25,480,10001,"[0, 100000]","[0, 100000]",0,0,2050,9277
yolov8x_training,3504.208083,78,172.406,13370.3125,89,525,10001,"[0, 100000]","[0, 100000]",0,0,2929,9619
yolov8x_training,3505.250962,79,173.889,13370.3125,100,750,10001,"[0, 100000]","[0, 100000]",0,0,3027,10009
yolov8x_training,3506.294003,80,173.647,13370.3125,100,465,10001,"[0, 100000]","[0, 100000]",0,0,1855,17382
yolov8x_training,3507.336856,80,173.362,13370.3125,100,1147,10001,"[0, 100000]","[0, 100000]",0,0,1806,12695
yolov8x_training,3508.381539,80,176.055,13370.3125,97,2190,10001,"[0, 100000]","[0, 100000]",0,0,1855,8544
yolov8x_training,3509.424500,80,174.288,13370.3125,97,510,10001,"[0, 100000]","[0, 100000]",0,0,1855,9082
yolov8x_training,3510.467279,79,170.587,13370.3125,70,405,10001,"[0, 100000]","[0, 100000]",0,0,2294,8593
yolov8x_training,3511.510327,80,172.221,13370.3125,41,390,10001,"[0, 100000]","[0, 100000]",0,0,2148,8593
yolov8x_training,3512.553323,80,173.219,13370.3125,32,510,10001,"[0, 100000]","[0, 100000]",0,0,3906,10937
yolov8x_training,3513.596331,77,173.914,13370.3125,77,435,10001,"[0, 100000]","[0, 100000]",0,0,3271,9521
yolov8x_training,3514.639102,77,182.030,13370.3125,58,420,10001,"[0, 100000]","[0, 100000]",0,0,1611,14941
yolov8x_training,3515.681948,78,171.427,13370.3125,100,540,10001,"[0, 100000]","[0, 100000]",0,0,1708,12402
yolov8x_training,3516.725218,79,173.951,13370.3125,100,660,10001,"[0, 100000]","[0, 100000]",0,0,1855,10253
yolov8x_training,3517.768534,79,180.474,13370.3125,100,480,10001,"[0, 100000]","[0, 100000]",0,0,1904,7031
yolov8x_training,3518.811505,79,171.753,13370.3125,100,405,10001,"[0, 100000]","[0, 100000]",0,0,2832,10253
yolov8x_training,3519.854420,80,173.264,13370.3125,100,495,10001,"[0, 100000]","[0, 100000]",0,0,2783,10937
yolov8x_training,3520.897248,80,173.720,13370.3125,97,2505,10001,"[0, 100000]","[0, 100000]",0,0,1806,15332
yolov8x_training,3521.940102,80,179.160,13370.3125,97,1620,10001,"[0, 100000]","[0, 100000]",0,0,2050,13964
yolov8x_training,3522.984653,79,170.320,13370.3125,100,420,10001,"[0, 100000]","[0, 100000]",0,0,1806,16162
yolov8x_training,3524.027614,80,171.015,13370.3125,78,405,10001,"[0, 100000]","[0, 100000]",0,0,1757,15869
yolov8x_training,3525.070457,81,174.242,13370.3125,8,390,10001,"[0, 100000]","[0, 100000]",0,0,1806,13818
yolov8x_training,3526.113242,77,174.816,13370.3125,37,435,10001,"[0, 100000]","[0, 100000]",0,0,1904,10107
yolov8x_training,3527.156410,78,175.064,13370.3125,100,420,10001,"[0, 100000]","[0, 100000]",0,0,1855,9277
yolov8x_training,3528.199842,79,173.363,13370.3125,100,870,10001,"[0, 100000]","[0, 100000]",0,0,1855,8203
yolov8x_training,3529.242591,80,174.938,13370.3125,100,450,10001,"[0, 100000]","[0, 100000]",0,0,1806,8544
yolov8x_training,3530.285459,80,174.455,13370.3125,100,420,10001,"[0, 100000]","[0, 100000]",0,0,1757,10107
yolov8x_training,3531.328485,80,180.442,13370.3125,100,420,10001,"[0, 100000]","[0, 100000]",0,0,1757,9765
yolov8x_training,3532.371331,80,171.702,13370.3125,100,480,10001,"[0, 100000]","[0, 100000]",0,0,2880,11425
yolov8x_training,3533.414100,80,174.376,13370.3125,97,2505,10001,"[0, 100000]","[0, 100000]",0,0,2001,14062
yolov8x_training,3534.457316,80,175.132,13370.3125,97,1635,10001,"[0, 100000]","[0, 100000]",0,0,2880,10742
yolov8x_training,3535.500094,79,169.999,13370.3125,71,420,10001,"[0, 100000]","[0, 100000]",0,0,1904,16162
yolov8x_training,3536.543071,80,172.211,13370.3125,35,360,10001,"[0, 100000]","[0, 100000]",0,0,1806,15625
yolov8x_training,3537.586191,79,173.759,13370.3125,31,375,10001,"[0, 100000]","[0, 100000]",0,0,1757,11669
yolov8x_training,3538.629442,77,173.537,13370.3125,81,435,10001,"[0, 100000]","[0, 100000]",0,0,1708,10839
yolov8x_training,3539.672557,79,174.276,13370.3125,100,450,10001,"[0, 100000]","[0, 100000]",0,0,1855,8398
yolov8x_training,3540.715586,79,175.198,13370.3125,100,675,10001,"[0, 100000]","[0, 100000]",0,0,1806,10253
yolov8x_training,3541.758769,80,174.945,13370.3125,100,420,10001,"[0, 100000]","[0, 100000]",0,0,2148,8593
yolov8x_training,3542.801640,80,172.495,13370.3125,100,600,10001,"[0, 100000]","[0, 100000]",0,0,3027,11767
yolov8x_training,3543.844484,80,175.862,13370.3125,97,2265,10001,"[0, 100000]","[0, 100000]",0,0,2441,17724
yolov8x_training,3544.887479,80,170.504,13370.3125,96,585,10001,"[0, 100000]","[0, 100000]",0,0,2685,17431
yolov8x_training,3545.930311,79,169.669,13370.3125,73,420,10001,"[0, 100000]","[0, 100000]",0,0,9082,18359
yolov8x_training,3546.973152,80,174.349,13370.3125,28,405,10001,"[0, 100000]","[0, 100000]",0,0,6005,21728
yolov8x_training,3548.016339,77,174.295,13370.3125,39,480,10001,"[0, 100000]","[0, 100000]",0,0,13281,14453
yolov8x_training,3549.063138,78,174.453,13370.3125,74,450,10001,"[0, 100000]","[0, 100000]",0,0,14257,16748
yolov8x_training,3550.111915,79,174.362,13370.3125,100,465,10001,"[0, 100000]","[0, 100000]",0,0,14550,16650
yolov8x_training,3551.154717,79,174.258,13370.3125,100,840,10001,"[0, 100000]","[0, 100000]",0,0,13281,14648
yolov8x_training,3552.216153,80,174.782,13370.3125,100,465,10001,"[0, 100000]","[0, 100000]",0,0,14453,12890
yolov8x_training,3553.263489,80,173.020,13370.3125,100,2505,10001,"[0, 100000]","[0, 100000]",0,0,14306,19287
yolov8x_training,3554.315944,80,179.662,13370.3125,96,2175,10001,"[0, 100000]","[0, 100000]",0,0,14257,12695
yolov8x_training,3555.358830,80,171.845,13370.3125,95,495,10001,"[0, 100000]","[0, 100000]",0,0,12988,14062
yolov8x_training,3556.419029,79,170.180,13370.3125,59,420,10001,"[0, 100000]","[0, 100000]",0,0,14355,17333
yolov8x_training,3557.461912,80,174.164,13370.3125,12,420,10001,"[0, 100000]","[0, 100000]",0,0,7910,12548
yolov8x_training,3558.507173,77,173.853,13370.3125,49,495,10001,"[0, 100000]","[0, 100000]",0,0,14160,18359
yolov8x_training,3559.550068,77,175.965,13370.3125,70,465,10001,"[0, 100000]","[0, 100000]",0,0,4199,22265
yolov8x_training,3560.597339,79,172.757,13370.3125,100,435,10001,"[0, 100000]","[0, 100000]",0,0,14355,14599
yolov8x_training,3561.640153,79,174.028,13370.3125,100,555,10001,"[0, 100000]","[0, 100000]",0,0,11425,12255
yolov8x_training,3562.689650,80,175.252,13370.3125,100,450,10001,"[0, 100000]","[0, 100000]",0,0,12988,19531
yolov8x_training,3563.734775,80,173.492,13370.3125,100,510,10001,"[0, 100000]","[0, 100000]",0,0,14355,11767
yolov8x_training,3564.790824,80,175.035,13370.3125,96,2505,10001,"[0, 100000]","[0, 100000]",0,0,14648,13769
yolov8x_training,3565.833661,80,179.083,13370.3125,97,2100,10001,"[0, 100000]","[0, 100000]",0,0,2441,17138
yolov8x_training,3566.876503,80,169.402,13370.3125,100,480,10001,"[0, 100000]","[0, 100000]",0,0,11035,12255
yolov8x_training,3567.919451,79,169.489,13370.3125,76,435,10001,"[0, 100000]","[0, 100000]",0,0,6201,15136
yolov8x_training,3568.962269,80,174.121,13370.3125,23,405,10001,"[0, 100000]","[0, 100000]",0,0,6152,14746
yolov8x_training,3570.005095,80,174.589,13370.3125,21,435,10001,"[0, 100000]","[0, 100000]",0,0,6201,22314
yolov8x_training,3571.048009,78,173.641,13370.3125,78,450,10001,"[0, 100000]","[0, 100000]",0,0,4443,22265
yolov8x_training,3572.095711,78,174.323,13370.3125,99,420,10001,"[0, 100000]","[0, 100000]",0,0,14306,15576
yolov8x_training,3573.151785,79,172.620,13370.3125,100,840,10001,"[0, 100000]","[0, 100000]",0,0,14550,13232
yolov8x_training,3574.194579,80,175.298,13370.3125,100,465,10001,"[0, 100000]","[0, 100000]",0,0,14111,17626
yolov8x_training,3575.250305,80,172.280,13370.3125,100,495,10001,"[0, 100000]","[0, 100000]",0,0,14111,13916
yolov8x_training,3576.293206,80,178.117,13370.3125,96,2505,10001,"[0, 100000]","[0, 100000]",0,0,7421,13085
yolov8x_training,3577.350467,80,171.243,13370.3125,97,1650,10001,"[0, 100000]","[0, 100000]",0,0,14306,12109
yolov8x_training,3578.393266,79,169.682,13370.3125,75,450,10001,"[0, 100000]","[0, 100000]",0,0,11328,12695
yolov8x_training,3579.437093,80,173.029,13370.3125,24,420,10001,"[0, 100000]","[0, 100000]",0,0,13037,26220
yolov8x_training,3580.479996,81,176.426,13370.3125,17,405,10001,"[0, 100000]","[0, 100000]",0,0,4833,22070
yolov8x_training,3581.526647,77,173.336,13370.3125,81,480,10001,"[0, 100000]","[0, 100000]",0,0,14013,12792
yolov8x_training,3582.569740,78,174.631,13370.3125,100,450,10001,"[0, 100000]","[0, 100000]",0,0,11718,14062
yolov8x_training,3583.627139,79,173.904,13370.3125,100,540,10001,"[0, 100000]","[0, 100000]",0,0,14355,10937
yolov8x_training,3584.670000,79,175.426,13370.3125,100,690,10001,"[0, 100000]","[0, 100000]",0,0,9570,12207
yolov8x_training,3585.723768,80,173.541,13370.3125,100,465,10001,"[0, 100000]","[0, 100000]",0,0,14404,14306
yolov8x_training,3586.766688,80,174.181,13370.3125,97,480,10001,"[0, 100000]","[0, 100000]",0,0,2441,16894
yolov8x_training,3587.809615,80,178.653,13370.3125,97,2505,10001,"[0, 100000]","[0, 100000]",0,0,6005,18261
yolov8x_training,3588.852679,80,172.014,13370.3125,96,1785,10001,"[0, 100000]","[0, 100000]",0,0,9326,12988
yolov8x_training,3589.909761,79,169.991,13370.3125,84,405,10001,"[0, 100000]","[0, 100000]",0,0,14257,16552
yolov8x_training,3590.952729,80,173.472,13370.3125,34,390,10001,"[0, 100000]","[0, 100000]",0,0,11816,14062
yolov8x_training,3592.004749,80,173.763,13370.3125,39,375,10001,"[0, 100000]","[0, 100000]",0,0,14501,13232
yolov8x_training,3593.047551,80,173.991,13370.3125,78,450,10001,"[0, 100000]","[0, 100000]",0,0,13330,16992
yolov8x_training,3594.092324,77,173.574,13370.3125,100,420,10001,"[0, 100000]","[0, 100000]",0,0,14257,17041
yolov8x_training,3595.135146,77,176.716,13370.3125,100,525,10001,"[0, 100000]","[0, 100000]",0,0,5761,19140
yolov8x_training,3596.186987,79,174.681,13370.3125,100,645,10001,"[0, 100000]","[0, 100000]",0,0,13916,18603
yolov8x_training,3597.229906,79,173.234,13370.3125,100,435,10001,"[0, 100000]","[0, 100000]",0,0,6835,14306
yolov8x_training,3598.284812,80,174.492,13370.3125,100,1252,10001,"[0, 100000]","[0, 100000]",0,0,14550,13720
yolov8x_training,3599.327661,80,176.517,13370.3125,96,2205,10001,"[0, 100000]","[0, 100000]",0,0,12939,17919
yolov8x_training,3600.383877,80,169.726,13370.3125,96,480,10001,"[0, 100000]","[0, 100000]",0,0,14355,15820
yolov8x_training,3601.426749,80,171.120,13370.3125,45,420,10001,"[0, 100000]","[0, 100000]",0,0,4052,23779
yolov8x_training,3602.469580,80,174.806,13370.3125,19,420,10001,"[0, 100000]","[0, 100000]",0,0,4345,21044
yolov8x_training,3603.512387,80,175.399,13370.3125,52,390,10001,"[0, 100000]","[0, 100000]",0,0,4052,21679
yolov8x_training,3604.556824,81,174.369,13370.3125,100,435,10001,"[0, 100000]","[0, 100000]",0,0,14306,15429
yolov8x_training,3605.599738,77,172.685,13370.3125,100,420,10001,"[0, 100000]","[0, 100000]",0,0,12646,15917
yolov8x_training,3606.657265,78,174.625,13370.3125,100,735,10001,"[0, 100000]","[0, 100000]",0,0,14453,13134
yolov8x_training,3607.700099,79,174.190,13370.3125,100,420,10001,"[0, 100000]","[0, 100000]",0,0,14160,11523
yolov8x_training,3608.762319,80,173.382,13370.3125,96,2430,10001,"[0, 100000]","[0, 100000]",0,0,14404,16601
yolov8x_training,3609.805232,80,179.096,13370.3125,96,2475,10001,"[0, 100000]","[0, 100000]",0,0,6201,13769
yolov8x_training,3610.861862,80,170.170,13370.3125,100,690,10001,"[0, 100000]","[0, 100000]",0,0,14355,16699
yolov8x_training,3611.904639,80,170.115,13370.3125,73,420,10001,"[0, 100000]","[0, 100000]",0,0,11376,14843
yolov8x_training,3612.955007,81,173.583,13370.3125,7,435,10001,"[0, 100000]","[0, 100000]",0,0,14257,14355
yolov8x_training,3613.997888,80,174.454,13370.3125,35,435,10001,"[0, 100000]","[0, 100000]",0,0,11914,15185
yolov8x_training,3615.058558,81,174.506,13370.3125,96,450,10001,"[0, 100000]","[0, 100000]",0,0,14208,13232
yolov8x_training,3616.101516,77,174.676,13370.3125,100,420,10001,"[0, 100000]","[0, 100000]",0,0,10205,14160
yolov8x_training,3617.148892,78,175.532,13370.3125,100,645,10001,"[0, 100000]","[0, 100000]",0,0,14160,18164
yolov8x_training,3618.191779,79,175.051,13370.3125,100,465,10001,"[0, 100000]","[0, 100000]",0,0,5664,22119
yolov8x_training,3619.240117,79,174.010,13370.3125,100,480,10001,"[0, 100000]","[0, 100000]",0,0,14453,16406
yolov8x_training,3620.289681,80,177.196,13370.3125,97,2505,10001,"[0, 100000]","[0, 100000]",0,0,14355,17089
yolov8x_training,3621.357030,80,170.998,13370.3125,96,1785,10001,"[0, 100000]","[0, 100000]",0,0,14404,15576
yolov8x_training,3622.399865,80,169.856,13370.3125,60,465,10001,"[0, 100000]","[0, 100000]",0,0,13476,16162
yolov8x_training,3623.458705,80,173.812,13370.3125,14,420,10001,"[0, 100000]","[0, 100000]",0,0,14404,17626
yolov8x_training,3624.501657,80,173.717,13370.3125,56,435,10001,"[0, 100000]","[0, 100000]",0,0,2783,18017
yolov8x_training,3625.544548,81,176.021,13370.3125,99,495,10001,"[0, 100000]","[0, 100000]",0,0,4052,21044
yolov8x_training,3626.587467,79,173.880,13370.3125,100,435,10001,"[0, 100000]","[0, 100000]",0,0,5810,22216
yolov8x_training,3627.630478,78,173.816,13370.3125,100,540,10001,"[0, 100000]","[0, 100000]",0,0,13330,15185
yolov8x_training,3628.682901,78,175.968,13370.3125,100,720,10001,"[0, 100000]","[0, 100000]",0,0,14257,19775
yolov8x_training,3629.732238,79,172.455,13370.3125,100,495,10001,"[0, 100000]","[0, 100000]",0,0,13574,15136
yolov8x_training,3630.775069,80,176.170,13370.3125,96,1147,10001,"[0, 100000]","[0, 100000]",0,0,12597,15185
yolov8x_training,3631.830443,80,170.908,13370.3125,95,2220,10001,"[0, 100000]","[0, 100000]",0,0,14550,14208
yolov8x_training,3632.873400,80,168.261,13370.3125,89,510,10001,"[0, 100000]","[0, 100000]",0,0,10009,12841
yolov8x_training,3633.931348,80,173.186,13370.3125,37,420,10001,"[0, 100000]","[0, 100000]",0,0,14355,11376
yolov8x_training,3634.974270,79,174.090,13370.3125,15,420,10001,"[0, 100000]","[0, 100000]",0,0,10644,12646
yolov8x_training,3636.028030,80,173.463,13370.3125,73,495,10001,"[0, 100000]","[0, 100000]",0,0,13232,20166
yolov8x_training,3637.073164,80,174.095,13370.3125,100,435,10001,"[0, 100000]","[0, 100000]",0,0,13916,17333
yolov8x_training,3638.133544,77,173.904,13370.3125,100,525,10001,"[0, 100000]","[0, 100000]",0,0,14160,18652
yolov8x_training,3639.176614,79,175.206,13370.3125,100,720,10001,"[0, 100000]","[0, 100000]",0,0,6347,15185
yolov8x_training,3640.228614,79,171.772,13370.3125,100,495,10001,"[0, 100000]","[0, 100000]",0,0,13867,15722
yolov8x_training,3641.271418,80,174.495,13370.3125,96,1530,10001,"[0, 100000]","[0, 100000]",0,0,7128,13623
yolov8x_training,3642.324531,80,171.071,13370.3125,95,2295,10001,"[0, 100000]","[0, 100000]",0,0,14208,15136
yolov8x_training,3643.367458,80,168.155,13370.3125,99,555,10001,"[0, 100000]","[0, 100000]",0,0,13476,12841
yolov8x_training,3644.427624,81,173.372,13370.3125,18,435,10001,"[0, 100000]","[0, 100000]",0,0,14306,11572
yolov8x_training,3645.470476,80,174.912,13370.3125,28,375,10001,"[0, 100000]","[0, 100000]",0,0,6298,17431
yolov8x_training,3646.513374,80,174.494,13370.3125,79,390,10001,"[0, 100000]","[0, 100000]",0,0,9423,13037
yolov8x_training,3647.556614,81,173.579,13370.3125,100,450,10001,"[0, 100000]","[0, 100000]",0,0,4980,20800
yolov8x_training,3648.599696,77,173.499,13370.3125,100,435,10001,"[0, 100000]","[0, 100000]",0,0,8203,22070
yolov8x_training,3649.643048,78,176.648,13370.3125,100,555,10001,"[0, 100000]","[0, 100000]",0,0,4248,21777
yolov8x_training,3650.686003,79,175.088,13370.3125,100,630,10001,"[0, 100000]","[0, 100000]",0,0,13623,13769
yolov8x_training,3651.728913,79,172.718,13370.3125,100,450,10001,"[0, 100000]","[0, 100000]",0,0,4003,24121
yolov8x_training,3652.784120,80,175.834,13370.3125,96,2505,10001,"[0, 100000]","[0, 100000]",0,0,14697,14453
yolov8x_training,3653.826977,80,169.577,13370.3125,97,2190,10001,"[0, 100000]","[0, 100000]",0,0,11425,14648
yolov8x_training,3654.879663,80,169.926,13370.3125,81,450,10001,"[0, 100000]","[0, 100000]",0,0,14257,15966
yolov8x_training,3655.924929,80,173.886,13370.3125,45,390,10001,"[0, 100000]","[0, 100000]",0,0,14306,13085
yolov8x_training,3656.982669,80,171.814,13370.3125,33,405,10001,"[0, 100000]","[0, 100000]",0,0,14257,13720
yolov8x_training,3658.025609,81,173.757,13370.3125,74,495,10001,"[0, 100000]","[0, 100000]",0,0,8398,13427
yolov8x_training,3659.085317,77,173.293,13370.3125,100,390,10001,"[0, 100000]","[0, 100000]",0,0,14501,14794
yolov8x_training,3660.128334,77,173.931,13370.3125,100,540,10001,"[0, 100000]","[0, 100000]",0,0,3759,23828
yolov8x_training,3661.171329,78,176.763,13370.3125,100,660,10001,"[0, 100000]","[0, 100000]",0,0,2587,19873
yolov8x_training,3662.214239,79,174.907,13370.3125,100,480,10001,"[0, 100000]","[0, 100000]",0,0,3759,12744
yolov8x_training,3663.257475,79,173.370,13370.3125,100,510,10001,"[0, 100000]","[0, 100000]",0,0,4345,22558
yolov8x_training,3664.300488,80,178.139,13370.3125,96,840,10001,"[0, 100000]","[0, 100000]",0,0,1708,23730
yolov8x_training,3665.344326,80,169.632,13370.3125,96,2295,10001,"[0, 100000]","[0, 100000]",0,0,14257,15966
yolov8x_training,3666.387316,80,169.530,13370.3125,100,825,10001,"[0, 100000]","[0, 100000]",0,0,13134,17236
yolov8x_training,3667.440419,80,173.180,13370.3125,14,435,10001,"[0, 100000]","[0, 100000]",0,0,14453,11523
yolov8x_training,3668.483241,79,174.193,13370.3125,54,390,10001,"[0, 100000]","[0, 100000]",0,0,13183,15185
yolov8x_training,3669.533506,81,173.478,13370.3125,100,495,10001,"[0, 100000]","[0, 100000]",0,0,14404,18408
yolov8x_training,3670.576324,80,176.013,13370.3125,100,465,10001,"[0, 100000]","[0, 100000]",0,0,5371,23242
yolov8x_training,3671.619186,77,173.518,13370.3125,100,435,10001,"[0, 100000]","[0, 100000]",0,0,6835,19531
yolov8x_training,3672.662336,78,177.029,13370.3125,100,540,10001,"[0, 100000]","[0, 100000]",0,0,2441,19433
yolov8x_training,3673.705212,79,173.442,13370.3125,100,480,10001,"[0, 100000]","[0, 100000]",0,0,11132,14892
yolov8x_training,3674.748000,79,173.681,13370.3125,96,480,10001,"[0, 100000]","[0, 100000]",0,0,11230,15576
yolov8x_training,3675.794350,80,177.083,13370.3125,97,2505,10001,"[0, 100000]","[0, 100000]",0,0,14306,15332
yolov8x_training,3676.839571,80,168.877,13370.3125,100,2265,10001,"[0, 100000]","[0, 100000]",0,0,14160,14306
yolov8x_training,3677.902164,80,171.516,13370.3125,61,480,10001,"[0, 100000]","[0, 100000]",0,0,14306,16455
yolov8x_training,3678.945106,80,174.017,13370.3125,18,420,10001,"[0, 100000]","[0, 100000]",0,0,5712,20654
yolov8x_training,3679.989278,80,173.117,13370.3125,50,420,10001,"[0, 100000]","[0, 100000]",0,0,14160,18994
yolov8x_training,3681.032794,81,174.036,13370.3125,90,495,10001,"[0, 100000]","[0, 100000]",0,0,14501,14501
yolov8x_training,3682.079531,77,174.571,13370.3125,100,450,10001,"[0, 100000]","[0, 100000]",0,0,14111,15869
yolov8x_training,3683.122528,77,173.952,13370.3125,100,420,10001,"[0, 100000]","[0, 100000]",0,0,5566,18505
yolov8x_training,3684.171596,79,174.496,13370.3125,100,720,10001,"[0, 100000]","[0, 100000]",0,0,14257,15673
yolov8x_training,3685.218168,79,172.237,13370.3125,100,420,10001,"[0, 100000]","[0, 100000]",0,0,14208,15820
yolov8x_training,3686.267640,80,174.056,13370.3125,96,555,10001,"[0, 100000]","[0, 100000]",0,0,14257,17675
yolov8x_training,3687.310618,80,174.298,13370.3125,96,2505,10001,"[0, 100000]","[0, 100000]",0,0,4394,22802
yolov8x_training,3688.357324,80,169.999,13370.3125,96,1755,10001,"[0, 100000]","[0, 100000]",0,0,14111,16992
yolov8x_training,3689.400196,80,171.900,13370.3125,67,450,10001,"[0, 100000]","[0, 100000]",0,0,11328,14599
yolov8x_training,3690.449345,79,173.495,13370.3125,32,435,10001,"[0, 100000]","[0, 100000]",0,0,14550,14746
yolov8x_training,3691.495113,80,175.157,13370.3125,70,405,10001,"[0, 100000]","[0, 100000]",0,0,14404,13037
yolov8x_training,3692.553764,80,172.983,13370.3125,100,465,10001,"[0, 100000]","[0, 100000]",0,0,14599,14404
yolov8x_training,3693.596595,77,173.476,13370.3125,100,375,10001,"[0, 100000]","[0, 100000]",0,0,4589,21630
yolov8x_training,3694.639687,78,177.225,13370.3125,100,495,10001,"[0, 100000]","[0, 100000]",0,0,5712,18261
yolov8x_training,3695.682632,79,175.089,13370.3125,100,585,10001,"[0, 100000]","[0, 100000]",0,0,7568,16894
yolov8x_training,3696.730067,79,172.907,13370.3125,96,480,10001,"[0, 100000]","[0, 100000]",0,0,14160,11914
yolov8x_training,3697.772900,80,178.332,13370.3125,96,960,10001,"[0, 100000]","[0, 100000]",0,0,13134,15039
yolov8x_training,3698.829618,80,169.780,13370.3125,100,2235,10001,"[0, 100000]","[0, 100000]",0,0,14599,14160
yolov8x_training,3699.872765,80,170.402,13370.3125,80,615,10001,"[0, 100000]","[0, 100000]",0,0,14062,15722
yolov8x_training,3700.933853,80,173.631,13370.3125,11,420,10001,"[0, 100000]","[0, 100000]",0,0,14404,16503
yolov8x_training,3701.976628,79,173.906,13370.3125,40,390,10001,"[0, 100000]","[0, 100000]",0,0,2880,18017
yolov8x_training,3703.019519,80,175.362,13370.3125,85,390,10001,"[0, 100000]","[0, 100000]",0,0,11230,15966
yolov8x_training,3704.062526,79,173.976,13370.3125,100,450,10001,"[0, 100000]","[0, 100000]",0,0,4052,21875
yolov8x_training,3705.105732,77,173.867,13370.3125,100,420,10001,"[0, 100000]","[0, 100000]",0,0,14013,12207
yolov8x_training,3706.148877,79,175.142,13370.3125,100,555,10001,"[0, 100000]","[0, 100000]",0,0,13183,15039
yolov8x_training,3707.209931,79,173.018,13370.3125,100,420,10001,"[0, 100000]","[0, 100000]",0,0,14648,14404
yolov8x_training,3708.252837,80,174.439,13370.3125,97,465,10001,"[0, 100000]","[0, 100000]",0,0,8154,13427
yolov8x_training,3709.308607,80,173.277,13370.3125,96,2505,10001,"[0, 100000]","[0, 100000]",0,0,14404,14990
yolov8x_training,3710.351566,80,168.154,13370.3125,99,2295,10001,"[0, 100000]","[0, 100000]",0,0,4248,23730
yolov8x_training,3711.394386,80,172.846,13370.3125,85,480,10001,"[0, 100000]","[0, 100000]",0,0,9179,13476
yolov8x_training,3712.437567,80,175.161,13370.3125,18,420,10001,"[0, 100000]","[0, 100000]",0,0,5957,17431
yolov8x_training,3713.482069,80,173.240,13370.3125,78,420,10001,"[0, 100000]","[0, 100000]",0,0,14208,14306
yolov8x_training,3714.525003,81,174.535,13370.3125,100,420,10001,"[0, 100000]","[0, 100000]",0,0,13378,14892
yolov8x_training,3715.579238,77,173.422,13370.3125,100,450,10001,"[0, 100000]","[0, 100000]",0,0,14306,17675
yolov8x_training,3716.622190,77,176.611,13370.3125,100,390,10001,"[0, 100000]","[0, 100000]",0,0,4589,22265
yolov8x_training,3717.665725,79,174.612,13370.3125,100,540,10001,"[0, 100000]","[0, 100000]",0,0,13525,14355
yolov8x_training,3718.708565,79,172.642,13370.3125,100,495,10001,"[0, 100000]","[0, 100000]",0,0,2636,19384
yolov8x_training,3719.751482,80,176.359,13370.3125,97,465,10001,"[0, 100000]","[0, 100000]",0,0,5810,18261
yolov8x_training,3720.794429,80,173.489,13370.3125,96,630,10001,"[0, 100000]","[0, 100000]",0,0,8789,17675
yolov8x_training,3721.842876,80,173.591,13370.3125,98,2250,10001,"[0, 100000]","[0, 100000]",0,0,14404,14746
yolov8x_training,3722.885772,80,175.643,13370.3125,60,630,10001,"[0, 100000]","[0, 100000]",0,0,13232,14550
yolov8x_training,3723.942605,78,169.424,13370.3125,14,420,10001,"[0, 100000]","[0, 100000]",0,0,14257,12841
yolov8x_training,3724.985665,80,171.874,13370.3125,57,405,10001,"[0, 100000]","[0, 100000]",0,0,12695,15771
yolov8x_training,3726.039263,80,173.230,13370.3125,100,495,10001,"[0, 100000]","[0, 100000]",0,0,14550,14599
yolov8x_training,3727.085974,77,173.885,13370.3125,53,435,10001,"[0, 100000]","[0, 100000]",0,0,14208,16552
yolov8x_training,3728.137774,79,173.281,13370.3125,100,540,10001,"[0, 100000]","[0, 100000]",0,0,14599,14843
yolov8x_training,3729.180563,79,175.639,13370.3125,100,585,10001,"[0, 100000]","[0, 100000]",0,0,13574,14453
yolov8x_training,3730.239881,79,174.860,13370.3125,100,465,10001,"[0, 100000]","[0, 100000]",0,0,14550,14257
yolov8x_training,3731.282752,80,173.377,13370.3125,100,555,10001,"[0, 100000]","[0, 100000]",0,0,6494,17041
yolov8x_training,3732.337901,80,173.671,13370.3125,100,2220,10001,"[0, 100000]","[0, 100000]",0,0,14404,14501
yolov8x_training,3733.380780,80,176.571,13370.3125,96,555,10001,"[0, 100000]","[0, 100000]",0,0,13281,14648
yolov8x_training,3734.423649,80,169.351,13370.3125,98,420,10001,"[0, 100000]","[0, 100000]",0,0,13232,15185
yolov8x_training,3735.466666,79,170.187,13370.3125,66,405,10001,"[0, 100000]","[0, 100000]",0,0,2783,17968
yolov8x_training,3736.509456,81,175.482,13370.3125,14,405,10001,"[0, 100000]","[0, 100000]",0,0,4345,20996
yolov8x_training,3737.552265,79,174.489,13370.3125,40,495,10001,"[0, 100000]","[0, 100000]",0,0,2343,23730
yolov8x_training,3738.595258,77,175.789,13370.3125,80,435,10001,"[0, 100000]","[0, 100000]",0,0,4345,23242
yolov8x_training,3739.638135,78,173.614,13370.3125,100,420,10001,"[0, 100000]","[0, 100000]",0,0,2197,17724
yolov8x_training,3740.681022,79,173.137,13370.3125,100,825,10001,"[0, 100000]","[0, 100000]",0,0,10009,12695
yolov8x_training,3741.723962,79,175.951,13370.3125,100,465,10001,"[0, 100000]","[0, 100000]",0,0,4638,20605
yolov8x_training,3742.766811,80,174.722,13370.3125,100,480,10001,"[0, 100000]","[0, 100000]",0,0,6201,17675
yolov8x_training,3743.809639,80,173.479,13370.3125,100,2505,10001,"[0, 100000]","[0, 100000]",0,0,13134,17822
yolov8x_training,3744.852605,80,180.611,13370.3125,96,1725,10001,"[0, 100000]","[0, 100000]",0,0,11425,15478
yolov8x_training,3745.895694,80,175.468,13370.3125,97,450,10001,"[0, 100000]","[0, 100000]",0,0,2441,16796
yolov8x_training,3746.938548,79,169.670,13370.3125,100,405,10001,"[0, 100000]","[0, 100000]",0,0,11279,14501
yolov8x_training,3747.981390,80,172.456,13370.3125,62,420,10001,"[0, 100000]","[0, 100000]",0,0,8886,12744
yolov8x_training,3749.031388,79,173.259,13370.3125,13,495,10001,"[0, 100000]","[0, 100000]",0,0,14208,16357
yolov8x_training,3750.074355,77,173.418,13370.3125,52,450,10001,"[0, 100000]","[0, 100000]",0,0,12158,15136
yolov8x_training,3751.119560,78,175.437,13370.3125,100,420,10001,"[0, 100000]","[0, 100000]",0,0,14013,19873
yolov8x_training,3752.162541,79,173.877,13370.3125,100,540,10001,"[0, 100000]","[0, 100000]",0,0,5517,21044
yolov8x_training,3753.209331,79,174.245,13370.3125,100,480,10001,"[0, 100000]","[0, 100000]",0,0,14550,14697
yolov8x_training,3754.252180,80,175.159,13370.3125,100,420,10001,"[0, 100000]","[0, 100000]",0,0,3613,22167
yolov8x_training,3755.296535,80,173.543,13370.3125,100,750,10001,"[0, 100000]","[0, 100000]",0,0,14453,16503
yolov8x_training,3756.339337,80,178.127,13370.3125,97,2490,10001,"[0, 100000]","[0, 100000]",0,0,9130,12792
yolov8x_training,3757.390534,80,171.646,13370.3125,97,750,10001,"[0, 100000]","[0, 100000]",0,0,14306,10693
yolov8x_training,3758.433419,79,168.334,13370.3125,77,405,10001,"[0, 100000]","[0, 100000]",0,0,14062,13134
yolov8x_training,3759.491312,80,173.114,13370.3125,15,450,10001,"[0, 100000]","[0, 100000]",0,0,14404,14794
yolov8x_training,3760.534179,80,174.053,13370.3125,39,435,10001,"[0, 100000]","[0, 100000]",0,0,14257,15185
yolov8x_training,3761.591018,77,173.540,13370.3125,92,435,10001,"[0, 100000]","[0, 100000]",0,0,13623,16015
yolov8x_training,3762.633776,79,173.307,13370.3125,100,420,10001,"[0, 100000]","[0, 100000]",0,0,12597,15234
yolov8x_training,3763.688516,79,173.865,13370.3125,100,765,10001,"[0, 100000]","[0, 100000]",0,0,14648,14843
yolov8x_training,3764.731433,80,175.763,13370.3125,100,420,10001,"[0, 100000]","[0, 100000]",0,0,14550,14306
yolov8x_training,3765.786364,80,171.620,13370.3125,100,615,10001,"[0, 100000]","[0, 100000]",0,0,14501,14941
yolov8x_training,3766.829205,80,179.357,13370.3125,97,2505,10001,"[0, 100000]","[0, 100000]",0,0,2148,19677
yolov8x_training,3767.872755,80,177.332,13370.3125,95,1635,10001,"[0, 100000]","[0, 100000]",0,0,14404,16015
yolov8x_training,3768.915547,80,168.392,13370.3125,100,450,10001,"[0, 100000]","[0, 100000]",0,0,8837,12792
yolov8x_training,3769.970321,80,171.402,13370.3125,58,420,10001,"[0, 100000]","[0, 100000]",0,0,14404,16162
yolov8x_training,3771.013117,80,173.856,13370.3125,16,435,10001,"[0, 100000]","[0, 100000]",0,0,6250,13281
yolov8x_training,3772.067560,77,173.445,13370.3125,53,450,10001,"[0, 100000]","[0, 100000]",0,0,14160,12353
yolov8x_training,3773.110434,78,174.085,13370.3125,94,405,10001,"[0, 100000]","[0, 100000]",0,0,11816,14843
yolov8x_training,3774.153198,79,174.200,13370.3125,100,570,10001,"[0, 100000]","[0, 100000]",0,0,11572,14843
yolov8x_training,3775.195967,79,174.553,13370.3125,100,795,10001,"[0, 100000]","[0, 100000]",0,0,9667,14843
yolov8x_training,3776.248046,80,174.943,13370.3125,100,495,10001,"[0, 100000]","[0, 100000]",0,0,14550,14306
yolov8x_training,3777.290919,80,172.593,13370.3125,100,1275,10001,"[0, 100000]","[0, 100000]",0,0,8154,12841
yolov8x_training,3778.341928,80,177.531,13370.3125,96,2235,10001,"[0, 100000]","[0, 100000]",0,0,14599,14550
yolov8x_training,3779.384756,80,172.280,13370.3125,96,555,10001,"[0, 100000]","[0, 100000]",0,0,12890,15576
yolov8x_training,3780.434450,79,169.210,13370.3125,65,435,10001,"[0, 100000]","[0, 100000]",0,0,14355,20019
yolov8x_training,3781.477276,80,173.189,13370.3125,37,360,10001,"[0, 100000]","[0, 100000]",0,0,6054,20361
yolov8x_training,3782.529142,80,173.612,13370.3125,34,405,10001,"[0, 100000]","[0, 100000]",0,0,14453,18261
yolov8x_training,3783.572010,77,174.585,13370.3125,70,465,10001,"[0, 100000]","[0, 100000]",0,0,6298,14599
yolov8x_training,3784.623732,78,173.198,13370.3125,100,420,10001,"[0, 100000]","[0, 100000]",0,0,14404,13330
yolov8x_training,3785.666590,79,174.296,13370.3125,100,585,10001,"[0, 100000]","[0, 100000]",0,0,2392,19042
yolov8x_training,3786.718894,79,176.192,13370.3125,100,450,10001,"[0, 100000]","[0, 100000]",0,0,14404,15283
yolov8x_training,3787.761781,80,172.365,13370.3125,100,525,10001,"[0, 100000]","[0, 100000]",0,0,10302,13085
yolov8x_training,3788.804976,80,168.521,13370.3125,94,1590,10001,"[0, 100000]","[0, 100000]",0,0,341,244
yolov8x_training,3789.847721,77,160.440,13370.3125,0,435,10001,"[0, 100000]","[0, 100000]",0,0,927,2001
yolov8x_training,3790.890671,79,158.683,13370.3125,100,2505,10001,"[0, 100000]","[0, 100000]",0,0,1757,14453
yolov8x_training,3791.974201,80,168.634,13370.3125,98,465,10001,"[0, 100000]","[0, 100000]",0,0,12060,28271
yolov8x_training,3793.017335,77,161.610,13370.3125,0,450,10001,"[0, 100000]","[0, 100000]",0,0,341,292
yolov8x_training,3794.060045,80,159.384,13370.3125,100,495,10001,"[0, 100000]","[0, 100000]",0,0,878,292
yolov8x_training,3795.103485,80,167.546,13370.3125,95,1455,10001,"[0, 100000]","[0, 100000]",0,0,1562,5810
yolov8x_training,3796.146568,79,170.222,13370.3125,91,435,10001,"[0, 100000]","[0, 100000]",0,0,1513,6005
yolov8x_training,3797.189497,80,172.081,13370.3125,58,390,10001,"[0, 100000]","[0, 100000]",0,0,1269,5761
yolov8x_training,3798.232333,80,173.395,13370.3125,13,435,10001,"[0, 100000]","[0, 100000]",0,0,1904,4541
yolov8x_training,3799.275245,77,173.789,13370.3125,56,480,10001,"[0, 100000]","[0, 100000]",0,0,1416,5712
yolov8x_training,3800.318155,78,173.744,13370.3125,100,390,10001,"[0, 100000]","[0, 100000]",0,0,1611,5761
yolov8x_training,3801.361104,79,174.667,13370.3125,100,540,10001,"[0, 100000]","[0, 100000]",0,0,1464,6152
yolov8x_training,3802.403942,79,175.175,13370.3125,100,660,10001,"[0, 100000]","[0, 100000]",0,0,1757,4589
yolov8x_training,3803.446831,80,175.861,13370.3125,100,480,10001,"[0, 100000]","[0, 100000]",0,0,1367,5859
yolov8x_training,3804.489702,80,173.344,13370.3125,96,510,10001,"[0, 100000]","[0, 100000]",0,0,1660,5224
yolov8x_training,3805.532700,79,176.731,13370.3125,97,2505,10001,"[0, 100000]","[0, 100000]",0,0,1855,4980
yolov8x_training,3806.575769,80,172.801,13370.3125,100,1665,10001,"[0, 100000]","[0, 100000]",0,0,1806,7275
yolov8x_training,3807.618578,79,168.486,13370.3125,81,465,10001,"[0, 100000]","[0, 100000]",0,0,1708,6396
yolov8x_training,3808.662118,80,173.053,13370.3125,22,405,10001,"[0, 100000]","[0, 100000]",0,0,1757,7714
yolov8x_training,3809.704947,80,173.844,13370.3125,37,420,10001,"[0, 100000]","[0, 100000]",0,0,1904,8349
yolov8x_training,3810.747952,77,173.449,13370.3125,94,435,10001,"[0, 100000]","[0, 100000]",0,0,1806,7861
yolov8x_training,3811.790889,79,173.818,13370.3125,100,420,10001,"[0, 100000]","[0, 100000]",0,0,1757,7568
yolov8x_training,3812.833750,79,174.425,13370.3125,100,975,10001,"[0, 100000]","[0, 100000]",0,0,1904,8105
yolov8x_training,3813.876737,80,174.679,13370.3125,100,480,10001,"[0, 100000]","[0, 100000]",0,0,1708,8203
yolov8x_training,3814.919623,79,172.773,13370.3125,100,495,10001,"[0, 100000]","[0, 100000]",0,0,2148,8300
yolov8x_training,3815.962434,79,178.592,13370.3125,96,2505,10001,"[0, 100000]","[0, 100000]",0,0,1855,8154
yolov8x_training,3817.005325,80,175.906,13370.3125,97,2175,10001,"[0, 100000]","[0, 100000]",0,0,2197,8203
yolov8x_training,3818.048357,80,168.708,13370.3125,100,600,10001,"[0, 100000]","[0, 100000]",0,0,2099,7812
yolov8x_training,3819.091280,80,171.498,13370.3125,57,405,10001,"[0, 100000]","[0, 100000]",0,0,1855,10693
yolov8x_training,3820.134158,79,174.891,13370.3125,25,390,10001,"[0, 100000]","[0, 100000]",0,0,2001,9472
yolov8x_training,3821.176985,80,172.844,13370.3125,52,495,10001,"[0, 100000]","[0, 100000]",0,0,2783,10693
yolov8x_training,3822.219705,81,174.161,13370.3125,95,450,10001,"[0, 100000]","[0, 100000]",0,0,1904,10498
yolov8x_training,3823.262862,77,175.079,13370.3125,100,525,10001,"[0, 100000]","[0, 100000]",0,0,2294,11035
yolov8x_training,3824.305727,77,176.308,13370.3125,100,480,10001,"[0, 100000]","[0, 100000]",0,0,2050,8447
yolov8x_training,3825.348503,79,172.197,13370.3125,100,405,10001,"[0, 100000]","[0, 100000]",0,0,2880,8984
yolov8x_training,3826.391324,79,174.555,13370.3125,100,510,10001,"[0, 100000]","[0, 100000]",0,0,1855,10205
yolov8x_training,3827.434334,79,177.084,13370.3125,96,2505,10001,"[0, 100000]","[0, 100000]",0,0,2832,10693
yolov8x_training,3828.477153,80,177.884,13370.3125,96,2235,10001,"[0, 100000]","[0, 100000]",0,0,2050,8447
yolov8x_training,3829.519901,80,170.291,13370.3125,100,525,10001,"[0, 100000]","[0, 100000]",0,0,1953,9521
yolov8x_training,3830.562825,80,170.472,13370.3125,65,435,10001,"[0, 100000]","[0, 100000]",0,0,2050,8447
yolov8x_training,3831.605775,81,166.107,13370.3125,100,450,10001,"[0, 100000]","[0, 100000]",0,0,3466,11767
yolov8x_training,3832.648697,80,175.206,13370.3125,100,405,10001,"[0, 100000]","[0, 100000]",0,0,3955,11816
yolov8x_training,3833.691740,77,172.962,13370.3125,100,555,10001,"[0, 100000]","[0, 100000]",0,0,2343,18701
yolov8x_training,3834.734642,78,175.134,13370.3125,100,480,10001,"[0, 100000]","[0, 100000]",0,0,3515,13427
yolov8x_training,3835.777562,79,173.702,13370.3125,100,465,10001,"[0, 100000]","[0, 100000]",0,0,3466,13037
yolov8x_training,3836.820519,79,175.201,13370.3125,100,495,10001,"[0, 100000]","[0, 100000]",0,0,2343,8740
yolov8x_training,3837.863926,80,176.768,13370.3125,97,2505,10001,"[0, 100000]","[0, 100000]",0,0,3222,11767
yolov8x_training,3838.906685,80,174.914,13370.3125,96,2010,10001,"[0, 100000]","[0, 100000]",0,0,2148,8593
yolov8x_training,3839.949785,80,169.413,13370.3125,99,480,10001,"[0, 100000]","[0, 100000]",0,0,2929,10595
yolov8x_training,3840.992545,80,172.092,13370.3125,60,390,10001,"[0, 100000]","[0, 100000]",0,0,2929,9033
yolov8x_training,3842.035553,79,173.557,13370.3125,11,405,10001,"[0, 100000]","[0, 100000]",0,0,3515,13623
yolov8x_training,3843.078442,80,174.313,13370.3125,54,495,10001,"[0, 100000]","[0, 100000]",0,0,3173,13964
yolov8x_training,3844.121210,81,175.806,13370.3125,100,435,10001,"[0, 100000]","[0, 100000]",0,0,3466,12255
yolov8x_training,3845.164053,77,173.780,13370.3125,100,375,10001,"[0, 100000]","[0, 100000]",0,0,3759,11962
yolov8x_training,3846.206928,79,166.366,13370.3125,100,450,10001,"[0, 100000]","[0, 100000]",0,0,341,1033203
yolov8x_training,3847.250098,80,160.550,13370.3125,93,390,10001,"[0, 100000]","[0, 100000]",0,0,292,292
yolov8x_training,3848.292916,80,162.603,13370.3125,0,435,10001,"[0, 100000]","[0, 100000]",0,0,1416,6494
yolov8x_training,3849.335821,77,162.381,13370.3125,100,480,10001,"[0, 100000]","[0, 100000]",0,0,2880,10449
yolov8x_training,3850.378678,80,163.233,13370.3125,100,2415,10001,"[0, 100000]","[0, 100000]",0,0,4980,19873
yolov8x_training,3851.421589,80,168.644,13370.3125,100,585,10001,"[0, 100000]","[0, 100000]",0,0,1806,22949
yolov8x_training,3852.466004,80,173.105,13370.3125,19,435,10001,"[0, 100000]","[0, 100000]",0,0,14062,17480
yolov8x_training,3853.508976,81,167.963,13370.3125,100,465,10001,"[0, 100000]","[0, 100000]",0,0,341,1031982
yolov8x_training,3854.552149,78,169.646,13370.3125,100,615,10001,"[0, 100000]","[0, 100000]",0,0,292,292
yolov8x_training,3855.594918,79,155.688,13370.3125,100,2505,10001,"[0, 100000]","[0, 100000]",0,0,1660,6250
yolov8x_training,3856.638024,80,169.123,13370.3125,5,435,10001,"[0, 100000]","[0, 100000]",0,0,1806,16308
yolov8x_training,3857.681135,80,169.347,13370.3125,100,435,10001,"[0, 100000]","[0, 100000]",0,0,1806,11718
yolov8x_training,3858.724150,77,174.529,13370.3125,100,375,10001,"[0, 100000]","[0, 100000]",0,0,1855,15380
yolov8x_training,3859.766973,78,174.217,13370.3125,100,675,10001,"[0, 100000]","[0, 100000]",0,0,1708,13818
yolov8x_training,3860.809893,79,173.526,13370.3125,100,480,10001,"[0, 100000]","[0, 100000]",0,0,1904,12841
yolov8x_training,3861.852755,79,175.176,13370.3125,96,540,10001,"[0, 100000]","[0, 100000]",0,0,1757,13964
yolov8x_training,3862.895566,79,180.892,13370.3125,96,735,10001,"[0, 100000]","[0, 100000]",0,0,1757,15966
yolov8x_training,3863.938524,80,175.033,13370.3125,96,2370,10001,"[0, 100000]","[0, 100000]",0,0,1806,16113
yolov8x_training,3864.981390,80,169.151,13370.3125,100,1770,10001,"[0, 100000]","[0, 100000]",0,0,2880,10644
yolov8x_training,3866.024219,80,171.944,13370.3125,68,450,10001,"[0, 100000]","[0, 100000]",0,0,2832,10253
yolov8x_training,3867.066998,80,174.324,13370.3125,41,405,10001,"[0, 100000]","[0, 100000]",0,0,2148,13818
yolov8x_training,3868.110210,80,173.340,13370.3125,34,420,10001,"[0, 100000]","[0, 100000]",0,0,1953,12548
yolov8x_training,3869.153167,80,175.722,13370.3125,72,435,10001,"[0, 100000]","[0, 100000]",0,0,2734,11816
yolov8x_training,3870.195951,80,173.635,13370.3125,100,450,10001,"[0, 100000]","[0, 100000]",0,0,3076,9423
yolov8x_training,3871.238735,79,175.692,13370.3125,100,390,10001,"[0, 100000]","[0, 100000]",0,0,2001,9228
yolov8x_training,3872.281494,77,174.636,13370.3125,100,600,10001,"[0, 100000]","[0, 100000]",0,0,2246,10937
yolov8x_training,3873.324262,78,175.816,13370.3125,100,630,10001,"[0, 100000]","[0, 100000]",0,0,2148,11425
yolov8x_training,3874.367027,79,173.451,13370.3125,100,450,10001,"[0, 100000]","[0, 100000]",0,0,2832,10302
yolov8x_training,3875.409853,79,178.370,13370.3125,100,495,10001,"[0, 100000]","[0, 100000]",0,0,1757,10644
yolov8x_training,3876.452568,80,176.862,13370.3125,97,2490,10001,"[0, 100000]","[0, 100000]",0,0,2685,10742
yolov8x_training,3877.495396,80,168.396,13370.3125,96,1590,10001,"[0, 100000]","[0, 100000]",0,0,2734,11083
yolov8x_training,3878.538255,80,171.387,13370.3125,36,435,10001,"[0, 100000]","[0, 100000]",0,0,1806,15332
yolov8x_training,3879.581229,79,174.013,13370.3125,17,345,10001,"[0, 100000]","[0, 100000]",0,0,2441,12353
yolov8x_training,3880.624067,80,173.554,13370.3125,78,390,10001,"[0, 100000]","[0, 100000]",0,0,1904,15283
yolov8x_training,3881.667207,80,176.219,13370.3125,100,480,10001,"[0, 100000]","[0, 100000]",0,0,2246,10986
yolov8x_training,3882.709927,79,175.958,13370.3125,100,435,10001,"[0, 100000]","[0, 100000]",0,0,2929,9716
yolov8x_training,3883.752788,77,174.282,13370.3125,100,540,10001,"[0, 100000]","[0, 100000]",0,0,2929,9960
yolov8x_training,3884.795573,78,174.138,13370.3125,100,525,10001,"[0, 100000]","[0, 100000]",0,0,1904,15917
yolov8x_training,3885.838495,79,172.620,13370.3125,100,435,10001,"[0, 100000]","[0, 100000]",0,0,2490,12695
yolov8x_training,3886.881323,79,173.233,13370.3125,96,690,10001,"[0, 100000]","[0, 100000]",0,0,1757,10498
yolov8x_training,3887.924048,80,176.036,13370.3125,97,2505,10001,"[0, 100000]","[0, 100000]",0,0,1708,12646
yolov8x_training,3888.967361,80,169.414,13370.3125,100,1710,10001,"[0, 100000]","[0, 100000]",0,0,1855,9716
yolov8x_training,3890.010555,80,171.628,13370.3125,54,450,10001,"[0, 100000]","[0, 100000]",0,0,1855,10107
yolov8x_training,3891.053510,79,173.807,13370.3125,17,405,10001,"[0, 100000]","[0, 100000]",0,0,2099,8203
yolov8x_training,3892.096547,80,173.422,13370.3125,53,420,10001,"[0, 100000]","[0, 100000]",0,0,2001,8203
yolov8x_training,3893.139632,80,173.418,13370.3125,100,450,10001,"[0, 100000]","[0, 100000]",0,0,3222,10009
yolov8x_training,3894.182641,77,173.255,13370.3125,100,375,10001,"[0, 100000]","[0, 100000]",0,0,2539,9521
yolov8x_training,3895.225459,78,174.491,13370.3125,100,585,10001,"[0, 100000]","[0, 100000]",0,0,3906,12011
yolov8x_training,3896.268428,79,172.975,13370.3125,100,480,10001,"[0, 100000]","[0, 100000]",0,0,3173,11425
yolov8x_training,3897.311244,79,173.654,13370.3125,100,510,10001,"[0, 100000]","[0, 100000]",0,0,2343,17480
yolov8x_training,3898.354336,80,175.550,13370.3125,97,2505,10001,"[0, 100000]","[0, 100000]",0,0,2734,17968
yolov8x_training,3899.397163,80,169.809,13370.3125,96,1815,10001,"[0, 100000]","[0, 100000]",0,0,7714,13525
yolov8x_training,3900.440164,80,171.393,13370.3125,45,480,10001,"[0, 100000]","[0, 100000]",0,0,2832,17041
yolov8x_training,3901.483002,80,174.842,13370.3125,15,420,10001,"[0, 100000]","[0, 100000]",0,0,2001,20703
yolov8x_training,3902.525854,80,173.562,13370.3125,54,435,10001,"[0, 100000]","[0, 100000]",0,0,3955,22998
yolov8x_training,3903.568722,81,174.348,13370.3125,100,480,10001,"[0, 100000]","[0, 100000]",0,0,11572,12207
yolov8x_training,3904.611869,77,173.847,13370.3125,100,450,10001,"[0, 100000]","[0, 100000]",0,0,13281,16455
yolov8x_training,3905.663997,78,173.864,13370.3125,100,525,10001,"[0, 100000]","[0, 100000]",0,0,14160,12841
yolov8x_training,3906.707058,79,173.859,13370.3125,100,660,10001,"[0, 100000]","[0, 100000]",0,0,11376,12207
yolov8x_training,3907.757330,79,172.644,13370.3125,96,465,10001,"[0, 100000]","[0, 100000]",0,0,14111,19482
yolov8x_training,3908.800378,80,178.189,13370.3125,96,480,10001,"[0, 100000]","[0, 100000]",0,0,2490,22705
yolov8x_training,3909.847955,80,172.489,13370.3125,96,2505,10001,"[0, 100000]","[0, 100000]",0,0,14355,16455
yolov8x_training,3910.890900,80,167.895,13370.3125,98,1710,10001,"[0, 100000]","[0, 100000]",0,0,5664,19140
yolov8x_training,3911.933970,80,172.711,13370.3125,46,465,10001,"[0, 100000]","[0, 100000]",0,0,4736,21044
yolov8x_training,3912.977194,80,173.586,13370.3125,13,390,10001,"[0, 100000]","[0, 100000]",0,0,5517,22070
yolov8x_training,3914.020109,80,173.485,13370.3125,59,405,10001,"[0, 100000]","[0, 100000]",0,0,13818,13867
yolov8x_training,3915.063042,81,173.825,13370.3125,91,495,10001,"[0, 100000]","[0, 100000]",0,0,11376,14062
yolov8x_training,3916.123400,77,173.549,13370.3125,100,420,10001,"[0, 100000]","[0, 100000]",0,0,14453,12939
yolov8x_training,3917.166308,78,175.815,13370.3125,100,480,10001,"[0, 100000]","[0, 100000]",0,0,10986,12255
yolov8x_training,3918.223005,79,173.123,13370.3125,100,585,10001,"[0, 100000]","[0, 100000]",0,0,14355,13525
yolov8x_training,3919.265896,79,173.539,13370.3125,100,480,10001,"[0, 100000]","[0, 100000]",0,0,11376,14013
yolov8x_training,3920.325611,80,176.875,13370.3125,96,1252,10001,"[0, 100000]","[0, 100000]",0,0,14501,16357
yolov8x_training,3921.368531,80,168.484,13370.3125,96,2220,10001,"[0, 100000]","[0, 100000]",0,0,6640,13476
yolov8x_training,3922.420235,80,171.220,13370.3125,96,450,10001,"[0, 100000]","[0, 100000]",0,0,14257,10156
yolov8x_training,3923.463186,80,174.423,13370.3125,10,405,10001,"[0, 100000]","[0, 100000]",0,0,13281,14306
yolov8x_training,3924.522307,80,173.236,13370.3125,67,390,10001,"[0, 100000]","[0, 100000]",0,0,14550,14697
yolov8x_training,3925.565322,81,172.847,13370.3125,100,480,10001,"[0, 100000]","[0, 100000]",0,0,6054,15136
yolov8x_training,3926.615166,77,174.687,13370.3125,100,420,10001,"[0, 100000]","[0, 100000]",0,0,14550,14404
yolov8x_training,3927.659754,78,175.287,13370.3125,100,540,10001,"[0, 100000]","[0, 100000]",0,0,14208,13037
yolov8x_training,3928.718653,79,172.549,13370.3125,100,495,10001,"[0, 100000]","[0, 100000]",0,0,14453,13818
yolov8x_training,3929.761582,79,173.873,13370.3125,96,510,10001,"[0, 100000]","[0, 100000]",0,0,13183,14208
yolov8x_training,3930.813980,80,177.707,13370.3125,97,2505,10001,"[0, 100000]","[0, 100000]",0,0,14648,14355
yolov8x_training,3931.856857,80,168.488,13370.3125,100,2250,10001,"[0, 100000]","[0, 100000]",0,0,13037,14062
yolov8x_training,3932.913989,80,171.234,13370.3125,61,705,10001,"[0, 100000]","[0, 100000]",0,0,14208,11376
yolov8x_training,3933.956903,80,173.722,13370.3125,14,405,10001,"[0, 100000]","[0, 100000]",0,0,6347,20898
yolov8x_training,3935.008893,80,173.834,13370.3125,43,405,10001,"[0, 100000]","[0, 100000]",0,0,14160,18994
yolov8x_training,3936.054165,81,173.835,13370.3125,90,420,10001,"[0, 100000]","[0, 100000]",0,0,14501,14013
yolov8x_training,3937.108021,77,173.267,13370.3125,100,450,10001,"[0, 100000]","[0, 100000]",0,0,14355,19775
yolov8x_training,3938.158494,78,176.452,13370.3125,100,375,10001,"[0, 100000]","[0, 100000]",0,0,14355,17089
yolov8x_training,3939.214262,79,173.168,13370.3125,100,675,10001,"[0, 100000]","[0, 100000]",0,0,14306,13427
yolov8x_training,3940.257148,79,173.212,13370.3125,100,450,10001,"[0, 100000]","[0, 100000]",0,0,11328,13330
yolov8x_training,3941.314721,80,177.397,13370.3125,96,870,10001,"[0, 100000]","[0, 100000]",0,0,14648,14062
yolov8x_training,3942.357615,80,174.879,13370.3125,96,2505,10001,"[0, 100000]","[0, 100000]",0,0,13281,13623
yolov8x_training,3943.411860,80,175.469,13370.3125,100,780,10001,"[0, 100000]","[0, 100000]",0,0,14111,11376
yolov8x_training,3944.455119,80,168.185,13370.3125,17,420,10001,"[0, 100000]","[0, 100000]",0,0,14257,14306
yolov8x_training,3945.511181,80,171.544,13370.3125,74,435,10001,"[0, 100000]","[0, 100000]",0,0,14257,12988
yolov8x_training,3946.554114,81,174.089,13370.3125,100,420,10001,"[0, 100000]","[0, 100000]",0,0,13378,13427
yolov8x_training,3947.609099,77,172.919,13370.3125,100,420,10001,"[0, 100000]","[0, 100000]",0,0,14208,14599
yolov8x_training,3948.652735,78,173.882,13370.3125,100,435,10001,"[0, 100000]","[0, 100000]",0,0,14355,11767
yolov8x_training,3949.715990,79,172.603,13370.3125,100,1005,10001,"[0, 100000]","[0, 100000]",0,0,14208,18017
yolov8x_training,3950.758887,79,176.097,13370.3125,100,450,10001,"[0, 100000]","[0, 100000]",0,0,6250,15185
yolov8x_training,3951.814884,80,173.365,13370.3125,100,720,10001,"[0, 100000]","[0, 100000]",0,0,13232,17480
yolov8x_training,3952.857695,80,174.983,13370.3125,97,2505,10001,"[0, 100000]","[0, 100000]",0,0,8837,12597
yolov8x_training,3953.900578,80,179.108,13370.3125,96,765,10001,"[0, 100000]","[0, 100000]",0,0,11962,17089
yolov8x_training,3954.943596,80,170.007,13370.3125,96,465,10001,"[0, 100000]","[0, 100000]",0,0,3808,21826
yolov8x_training,3955.986614,80,169.668,13370.3125,66,405,10001,"[0, 100000]","[0, 100000]",0,0,13525,14794
yolov8x_training,3957.032937,80,173.753,13370.3125,40,435,10001,"[0, 100000]","[0, 100000]",0,0,14453,14453
yolov8x_training,3958.086360,77,173.605,13370.3125,35,450,10001,"[0, 100000]","[0, 100000]",0,0,14453,12890
yolov8x_training,3959.129984,77,174.867,13370.3125,75,420,10001,"[0, 100000]","[0, 100000]",0,0,14208,13525
yolov8x_training,3960.192261,79,172.909,13370.3125,100,585,10001,"[0, 100000]","[0, 100000]",0,0,14453,16162
yolov8x_training,3961.235194,79,174.744,13370.3125,100,600,10001,"[0, 100000]","[0, 100000]",0,0,10009,12646
yolov8x_training,3962.286920,80,173.751,13370.3125,100,495,10001,"[0, 100000]","[0, 100000]",0,0,14404,14111
yolov8x_training,3963.329806,80,172.436,13370.3125,100,2505,10001,"[0, 100000]","[0, 100000]",0,0,12988,14355
yolov8x_training,3964.385156,80,178.879,13370.3125,96,1785,10001,"[0, 100000]","[0, 100000]",0,0,14746,14111
yolov8x_training,3965.446956,80,168.348,13370.3125,98,480,10001,"[0, 100000]","[0, 100000]",0,0,14453,13574
yolov8x_training,3966.510576,80,169.396,13370.3125,39,450,10001,"[0, 100000]","[0, 100000]",0,0,14257,17626
yolov8x_training,3967.553469,81,173.712,13370.3125,14,435,10001,"[0, 100000]","[0, 100000]",0,0,10498,13085
yolov8x_training,3968.601336,77,173.180,13370.3125,77,435,10001,"[0, 100000]","[0, 100000]",0,0,14599,14599
yolov8x_training,3969.644379,78,174.621,13370.3125,100,420,10001,"[0, 100000]","[0, 100000]",0,0,13378,15039
yolov8x_training,3970.703310,79,172.504,13370.3125,100,840,10001,"[0, 100000]","[0, 100000]",0,0,14453,14355
yolov8x_training,3971.746272,79,175.154,13370.3125,100,435,10001,"[0, 100000]","[0, 100000]",0,0,12451,14599
yolov8x_training,3972.807322,80,173.269,13370.3125,100,615,10001,"[0, 100000]","[0, 100000]",0,0,14648,13574
yolov8x_training,3973.850185,80,174.749,13370.3125,97,2490,10001,"[0, 100000]","[0, 100000]",0,0,12988,14501
yolov8x_training,3974.903279,80,177.838,13370.3125,96,540,10001,"[0, 100000]","[0, 100000]",0,0,14648,13476
yolov8x_training,3975.946131,80,168.447,13370.3125,100,435,10001,"[0, 100000]","[0, 100000]",0,0,9130,12597
yolov8x_training,3976.988950,80,171.393,13370.3125,63,405,10001,"[0, 100000]","[0, 100000]",0,0,8398,12597
yolov8x_training,3978.031743,80,174.383,13370.3125,41,420,10001,"[0, 100000]","[0, 100000]",0,0,4638,20996
yolov8x_training,3979.079198,77,173.262,13370.3125,32,495,10001,"[0, 100000]","[0, 100000]",0,0,14257,13183
yolov8x_training,3980.122111,77,174.387,13370.3125,76,450,10001,"[0, 100000]","[0, 100000]",0,0,14599,13427
yolov8x_training,3981.180213,79,173.121,13370.3125,100,495,10001,"[0, 100000]","[0, 100000]",0,0,14697,13525
yolov8x_training,3982.222988,79,173.999,13370.3125,100,675,10001,"[0, 100000]","[0, 100000]",0,0,13085,13818
yolov8x_training,3983.273377,80,174.023,13370.3125,100,450,10001,"[0, 100000]","[0, 100000]",0,0,14062,18115
yolov8x_training,3984.316434,80,172.161,13370.3125,100,555,10001,"[0, 100000]","[0, 100000]",0,0,11865,15917
yolov8x_training,3985.381371,80,176.030,13370.3125,99,2220,10001,"[0, 100000]","[0, 100000]",0,0,14550,13867
yolov8x_training,3986.424252,80,172.561,13370.3125,97,690,10001,"[0, 100000]","[0, 100000]",0,0,7617,13476
yolov8x_training,3987.467128,78,169.739,13370.3125,72,435,10001,"[0, 100000]","[0, 100000]",0,0,5761,17578
yolov8x_training,3988.510031,80,172.095,13370.3125,49,375,10001,"[0, 100000]","[0, 100000]",0,0,2929,17822
yolov8x_training,3989.553219,81,174.590,13370.3125,14,390,10001,"[0, 100000]","[0, 100000]",0,0,5566,21728
yolov8x_training,3990.596138,78,173.655,13370.3125,54,495,10001,"[0, 100000]","[0, 100000]",0,0,3759,12109
yolov8x_training,3991.638931,78,175.797,13370.3125,100,435,10001,"[0, 100000]","[0, 100000]",0,0,3125,12207
yolov8x_training,3992.682018,77,180.366,13370.3125,72,450,10001,"[0, 100000]","[0, 100000]",0,0,1757,9277
yolov8x_training,3993.725051,78,174.476,13370.3125,100,390,10001,"[0, 100000]","[0, 100000]",0,0,1806,10302
yolov8x_training,3994.767812,79,174.018,13370.3125,100,585,10001,"[0, 100000]","[0, 100000]",0,0,1855,16992
yolov8x_training,3995.810644,79,174.352,13370.3125,100,480,10001,"[0, 100000]","[0, 100000]",0,0,1757,8935
yolov8x_training,3996.853777,80,173.193,13370.3125,100,465,10001,"[0, 100000]","[0, 100000]",0,0,1953,9765
yolov8x_training,3997.896738,80,173.418,13370.3125,97,2505,10001,"[0, 100000]","[0, 100000]",0,0,2197,8544
yolov8x_training,3998.939711,80,178.792,13370.3125,96,2235,10001,"[0, 100000]","[0, 100000]",0,0,2099,8398
yolov8x_training,3999.982535,80,170.032,13370.3125,100,465,10001,"[0, 100000]","[0, 100000]",0,0,3125,10107
yolov8x_training,4001.025331,79,170.910,13370.3125,76,390,10001,"[0, 100000]","[0, 100000]",0,0,2636,9179
yolov8x_training,4002.068548,81,173.536,13370.3125,16,420,10001,"[0, 100000]","[0, 100000]",0,0,2929,10156
yolov8x_training,4003.111323,80,176.284,13370.3125,25,420,10001,"[0, 100000]","[0, 100000]",0,0,2246,9521
yolov8x_training,4004.154467,77,173.332,13370.3125,78,435,10001,"[0, 100000]","[0, 100000]",0,0,3320,10156
yolov8x_training,4005.197242,79,173.891,13370.3125,100,435,10001,"[0, 100000]","[0, 100000]",0,0,3417,10839
yolov8x_training,4006.240064,79,174.451,13370.3125,100,675,10001,"[0, 100000]","[0, 100000]",0,0,2294,19433
yolov8x_training,4007.282853,80,175.420,13370.3125,100,465,10001,"[0, 100000]","[0, 100000]",0,0,3125,10498
yolov8x_training,4008.325562,80,174.568,13370.3125,100,525,10001,"[0, 100000]","[0, 100000]",0,0,3710,13037
yolov8x_training,4009.368455,80,174.302,13370.3125,100,1252,10001,"[0, 100000]","[0, 100000]",0,0,3857,12011
yolov8x_training,4010.411334,80,176.777,13370.3125,96,1755,10001,"[0, 100000]","[0, 100000]",0,0,2441,17529
yolov8x_training,4011.454334,80,171.122,13370.3125,100,450,10001,"[0, 100000]","[0, 100000]",0,0,3222,10839
yolov8x_training,4012.497098,79,170.029,13370.3125,63,405,10001,"[0, 100000]","[0, 100000]",0,0,3173,15722
yolov8x_training,4013.539907,80,174.166,13370.3125,35,405,10001,"[0, 100000]","[0, 100000]",0,0,3320,9130
yolov8x_training,4014.582909,80,173.944,13370.3125,35,390,10001,"[0, 100000]","[0, 100000]",0,0,3271,15527
yolov8x_training,4015.625957,77,172.735,13370.3125,90,450,10001,"[0, 100000]","[0, 100000]",0,0,1757,22900
yolov8x_training,4016.671799,79,173.062,13370.3125,100,540,10001,"[0, 100000]","[0, 100000]",0,0,14550,12451
yolov8x_training,4017.714622,79,174.951,13370.3125,100,765,10001,"[0, 100000]","[0, 100000]",0,0,8251,12939
yolov8x_training,4018.769250,80,174.882,13370.3125,100,480,10001,"[0, 100000]","[0, 100000]",0,0,14550,13916
yolov8x_training,4019.812046,80,172.638,13370.3125,100,1065,10001,"[0, 100000]","[0, 100000]",0,0,13281,14892
yolov8x_training,4020.866278,80,177.321,13370.3125,96,2490,10001,"[0, 100000]","[0, 100000]",0,0,14257,13476
yolov8x_training,4021.909199,80,172.557,13370.3125,97,1740,10001,"[0, 100000]","[0, 100000]",0,0,5908,22558
yolov8x_training,4022.952546,79,170.076,13370.3125,90,465,10001,"[0, 100000]","[0, 100000]",0,0,8105,13427
yolov8x_training,4023.995448,80,171.981,13370.3125,58,405,10001,"[0, 100000]","[0, 100000]",0,0,5615,18554
yolov8x_training,4025.043488,81,174.451,13370.3125,14,390,10001,"[0, 100000]","[0, 100000]",0,0,14453,15429
yolov8x_training,4026.086329,77,173.729,13370.3125,52,495,10001,"[0, 100000]","[0, 100000]",0,0,4638,23486
yolov8x_training,4027.131179,78,175.488,13370.3125,100,450,10001,"[0, 100000]","[0, 100000]",0,0,14355,16796
yolov8x_training,4028.174116,79,173.314,13370.3125,100,420,10001,"[0, 100000]","[0, 100000]",0,0,2636,17919
yolov8x_training,4029.216883,79,176.165,13370.3125,100,540,10001,"[0, 100000]","[0, 100000]",0,0,3906,21826
yolov8x_training,4030.259716,80,175.242,13370.3125,100,480,10001,"[0, 100000]","[0, 100000]",0,0,4736,22119
yolov8x_training,4031.306756,80,172.116,13370.3125,100,495,10001,"[0, 100000]","[0, 100000]",0,0,14404,10302
yolov8x_training,4032.349575,80,178.377,13370.3125,97,2505,10001,"[0, 100000]","[0, 100000]",0,0,9472,12695
yolov8x_training,4033.405502,80,172.759,13370.3125,96,1740,10001,"[0, 100000]","[0, 100000]",0,0,14501,13085
yolov8x_training,4034.448321,79,168.351,13370.3125,99,465,10001,"[0, 100000]","[0, 100000]",0,0,11425,14013
yolov8x_training,4035.500113,80,173.079,13370.3125,12,420,10001,"[0, 100000]","[0, 100000]",0,0,14697,15039
yolov8x_training,4036.542867,81,174.171,13370.3125,37,435,10001,"[0, 100000]","[0, 100000]",0,0,12695,14111
yolov8x_training,4037.602157,81,173.941,13370.3125,97,435,10001,"[0, 100000]","[0, 100000]",0,0,14208,13037
yolov8x_training,4038.645034,81,175.456,13370.3125,100,420,10001,"[0, 100000]","[0, 100000]",0,0,2294,18652
yolov8x_training,4039.687921,77,174.242,13370.3125,100,525,10001,"[0, 100000]","[0, 100000]",0,0,10449,12646
yolov8x_training,4040.730988,78,175.797,13370.3125,100,735,10001,"[0, 100000]","[0, 100000]",0,0,11376,14013
yolov8x_training,4041.773752,79,172.813,13370.3125,100,450,10001,"[0, 100000]","[0, 100000]",0,0,11621,15380
yolov8x_training,4042.816572,79,175.062,13370.3125,96,540,10001,"[0, 100000]","[0, 100000]",0,0,5810,21728
yolov8x_training,4043.863617,80,179.225,13370.3125,97,2505,10001,"[0, 100000]","[0, 100000]",0,0,14355,12353
yolov8x_training,4044.906457,80,190.824,13370.3125,94,1185,10001,"[0, 100000]","[0, 100000]",0,0,1562,6982
yolov8x_training,4045.949364,79,183.916,13370.3125,100,510,10001,"[0, 100000]","[0, 100000]",0,0,2148,8056
yolov8x_training,4046.992209,80,176.909,13370.3125,96,2505,10001,"[0, 100000]","[0, 100000]",0,0,2050,8349
yolov8x_training,4048.035014,80,173.407,13370.3125,96,1725,10001,"[0, 100000]","[0, 100000]",0,0,2099,11376
yolov8x_training,4049.077905,80,168.415,13370.3125,99,465,10001,"[0, 100000]","[0, 100000]",0,0,1855,10693
yolov8x_training,4050.120618,81,173.104,13370.3125,35,405,10001,"[0, 100000]","[0, 100000]",0,0,2929,9716
yolov8x_training,4051.163559,80,174.668,13370.3125,21,420,10001,"[0, 100000]","[0, 100000]",0,0,2734,11035
yolov8x_training,4052.206464,80,173.693,13370.3125,80,465,10001,"[0, 100000]","[0, 100000]",0,0,2880,10693
yolov8x_training,4053.249335,77,176.201,13370.3125,100,450,10001,"[0, 100000]","[0, 100000]",0,0,1904,9423
yolov8x_training,4054.292400,79,160.521,13370.3125,100,2505,10001,"[0, 100000]","[0, 100000]",0,0,89843,22705
yolov8x_training,4055.413891,79,167.446,13370.3125,100,435,10001,"[0, 100000]","[0, 100000]",0,0,292,292
yolov8x_training,4056.456670,77,158.696,13370.3125,100,465,10001,"[0, 100000]","[0, 100000]",0,0,1660,5175
yolov8x_training,4057.499658,80,158.794,13370.3125,81,2505,10001,"[0, 100000]","[0, 100000]",0,0,2148,8349
yolov8x_training,4058.577553,80,166.824,13370.3125,51,435,10001,"[0, 100000]","[0, 100000]",0,0,14648,11865
yolov8x_training,4059.620406,81,173.384,13370.3125,100,435,10001,"[0, 100000]","[0, 100000]",0,0,2490,18066
yolov8x_training,4060.663328,77,174.062,13370.3125,100,390,10001,"[0, 100000]","[0, 100000]",0,0,8398,11230
yolov8x_training,4061.706229,77,174.654,13370.3125,100,615,10001,"[0, 100000]","[0, 100000]",0,0,3271,14990
yolov8x_training,4062.749437,78,176.572,13370.3125,100,795,10001,"[0, 100000]","[0, 100000]",0,0,5810,18798
yolov8x_training,4063.792933,79,172.705,13370.3125,100,435,10001,"[0, 100000]","[0, 100000]",0,0,3955,12158
yolov8x_training,4064.835810,79,175.518,13370.3125,100,975,10001,"[0, 100000]","[0, 100000]",0,0,2050,16699
yolov8x_training,4065.878588,80,177.921,13370.3125,97,2490,10001,"[0, 100000]","[0, 100000]",0,0,2978,20556
yolov8x_training,4066.921541,80,170.075,13370.3125,97,1950,10001,"[0, 100000]","[0, 100000]",0,0,3613,18798
yolov8x_training,4067.964336,80,170.120,13370.3125,86,465,10001,"[0, 100000]","[0, 100000]",0,0,3564,13330
yolov8x_training,4069.007203,80,173.517,13370.3125,52,405,10001,"[0, 100000]","[0, 100000]",0,0,2539,21142
yolov8x_training,4070.050132,80,174.626,13370.3125,17,360,10001,"[0, 100000]","[0, 100000]",0,0,3662,12646
yolov8x_training,4071.092976,80,173.567,13370.3125,41,435,10001,"[0, 100000]","[0, 100000]",0,0,1660,18945
yolov8x_training,4072.135900,81,175.169,13370.3125,94,465,10001,"[0, 100000]","[0, 100000]",0,0,4052,11230
yolov8x_training,4073.178819,77,174.784,13370.3125,100,435,10001,"[0, 100000]","[0, 100000]",0,0,2490,14941
yolov8x_training,4074.221625,77,173.954,13370.3125,100,540,10001,"[0, 100000]","[0, 100000]",0,0,2587,18457
yolov8x_training,4075.264642,79,176.126,13370.3125,100,480,10001,"[0, 100000]","[0, 100000]",0,0,2880,19970
yolov8x_training,4076.307472,79,172.825,13370.3125,100,465,10001,"[0, 100000]","[0, 100000]",0,0,2441,17480
yolov8x_training,4077.350354,80,174.797,13370.3125,97,2505,10001,"[0, 100000]","[0, 100000]",0,0,13281,12841
yolov8x_training,4078.393399,80,169.869,13370.3125,96,2190,10001,"[0, 100000]","[0, 100000]",0,0,13183,13232
yolov8x_training,4079.436332,80,169.831,13370.3125,100,465,10001,"[0, 100000]","[0, 100000]",0,0,11279,11914
yolov8x_training,4080.479263,80,173.553,13370.3125,30,375,10001,"[0, 100000]","[0, 100000]",0,0,5517,20654
yolov8x_training,4081.530100,80,174.264,13370.3125,33,375,10001,"[0, 100000]","[0, 100000]",0,0,14208,11718
yolov8x_training,4082.573043,80,173.259,13370.3125,76,450,10001,"[0, 100000]","[0, 100000]",0,0,10253,12402
yolov8x_training,4083.616337,80,175.419,13370.3125,100,480,10001,"[0, 100000]","[0, 100000]",0,0,5615,18261
yolov8x_training,4084.659321,77,175.266,13370.3125,100,420,10001,"[0, 100000]","[0, 100000]",0,0,6298,15478
yolov8x_training,4085.702207,78,174.047,13370.3125,100,525,10001,"[0, 100000]","[0, 100000]",0,0,6787,18359
yolov8x_training,4086.745117,79,177.061,13370.3125,100,675,10001,"[0, 100000]","[0, 100000]",0,0,2490,18017
yolov8x_training,4087.788079,79,173.477,13370.3125,100,465,10001,"[0, 100000]","[0, 100000]",0,0,13281,12646
yolov8x_training,4088.830957,80,173.617,13370.3125,97,555,10001,"[0, 100000]","[0, 100000]",0,0,4589,23779
yolov8x_training,4089.873788,80,177.554,13370.3125,96,2490,10001,"[0, 100000]","[0, 100000]",0,0,10693,11914
yolov8x_training,4090.916634,80,168.364,13370.3125,100,1680,10001,"[0, 100000]","[0, 100000]",0,0,11621,14990
yolov8x_training,4091.963384,80,171.674,13370.3125,74,465,10001,"[0, 100000]","[0, 100000]",0,0,14257,14453
yolov8x_training,4093.008105,80,173.483,13370.3125,23,360,10001,"[0, 100000]","[0, 100000]",0,0,14306,13525
yolov8x_training,4094.069509,80,173.176,13370.3125,34,435,10001,"[0, 100000]","[0, 100000]",0,0,14257,14941
yolov8x_training,4095.112430,81,174.500,13370.3125,93,465,10001,"[0, 100000]","[0, 100000]",0,0,11230,14062
yolov8x_training,4096.168030,77,173.148,13370.3125,100,390,10001,"[0, 100000]","[0, 100000]",0,0,14404,12890
yolov8x_training,4097.210878,78,173.877,13370.3125,100,540,10001,"[0, 100000]","[0, 100000]",0,0,5908,18310
yolov8x_training,4098.263351,79,174.777,13370.3125,100,435,10001,"[0, 100000]","[0, 100000]",0,0,14355,13232
yolov8x_training,4099.306157,80,173.584,13370.3125,100,465,10001,"[0, 100000]","[0, 100000]",0,0,10839,12207
yolov8x_training,4100.364583,80,175.639,13370.3125,96,2505,10001,"[0, 100000]","[0, 100000]",0,0,14599,10888
yolov8x_training,4101.407553,80,169.234,13370.3125,96,1605,10001,"[0, 100000]","[0, 100000]",0,0,8837,12646
yolov8x_training,4102.461128,80,171.408,13370.3125,30,450,10001,"[0, 100000]","[0, 100000]",0,0,13281,18701
yolov8x_training,4103.503979,80,173.666,13370.3125,20,360,10001,"[0, 100000]","[0, 100000]",0,0,13232,13378
yolov8x_training,4104.562517,80,174.005,13370.3125,79,420,10001,"[0, 100000]","[0, 100000]",0,0,14257,11962
yolov8x_training,4105.605500,81,173.532,13370.3125,100,450,10001,"[0, 100000]","[0, 100000]",0,0,6591,14892
yolov8x_training,4106.648336,77,175.888,13370.3125,100,450,10001,"[0, 100000]","[0, 100000]",0,0,5419,18261
yolov8x_training,4107.691597,77,174.085,13370.3125,100,540,10001,"[0, 100000]","[0, 100000]",0,0,5615,20654
yolov8x_training,4108.744999,79,175.479,13370.3125,100,660,10001,"[0, 100000]","[0, 100000]",0,0,14404,13574
yolov8x_training,4109.787890,79,173.417,13370.3125,100,405,10001,"[0, 100000]","[0, 100000]",0,0,2636,17089
yolov8x_training,4110.844647,79,175.095,13370.3125,97,630,10001,"[0, 100000]","[0, 100000]",0,0,14257,15087
yolov8x_training,4111.887677,80,171.516,13370.3125,97,2490,10001,"[0, 100000]","[0, 100000]",0,0,8691,12988
yolov8x_training,4112.938715,80,169.975,13370.3125,91,1020,10001,"[0, 100000]","[0, 100000]",0,0,14111,11376
yolov8x_training,4113.981773,80,173.330,13370.3125,33,390,10001,"[0, 100000]","[0, 100000]",0,0,11718,12255
yolov8x_training,4115.037400,78,173.567,13370.3125,17,360,10001,"[0, 100000]","[0, 100000]",0,0,14453,12792
yolov8x_training,4116.080336,81,173.689,13370.3125,75,420,10001,"[0, 100000]","[0, 100000]",0,0,12792,14208
yolov8x_training,4117.138226,77,174.087,13370.3125,100,465,10001,"[0, 100000]","[0, 100000]",0,0,14453,12304
yolov8x_training,4118.181067,77,173.447,13370.3125,100,435,10001,"[0, 100000]","[0, 100000]",0,0,13183,13964
yolov8x_training,4119.234104,79,175.915,13370.3125,100,585,10001,"[0, 100000]","[0, 100000]",0,0,14501,13281
yolov8x_training,4120.277137,79,171.918,13370.3125,100,450,10001,"[0, 100000]","[0, 100000]",0,0,13232,14306
yolov8x_training,4121.335554,79,175.644,13370.3125,97,615,10001,"[0, 100000]","[0, 100000]",0,0,14599,13134
yolov8x_training,4122.378427,80,173.874,13370.3125,96,2505,10001,"[0, 100000]","[0, 100000]",0,0,5908,22363
yolov8x_training,4123.421981,80,170.179,13370.3125,98,1755,10001,"[0, 100000]","[0, 100000]",0,0,12109,12402
yolov8x_training,4124.464863,80,171.590,13370.3125,34,450,10001,"[0, 100000]","[0, 100000]",0,0,4589,21191
yolov8x_training,4125.519757,80,173.779,13370.3125,39,390,10001,"[0, 100000]","[0, 100000]",0,0,14599,13330
yolov8x_training,4126.562731,80,173.270,13370.3125,74,435,10001,"[0, 100000]","[0, 100000]",0,0,10058,13574
yolov8x_training,4127.605570,81,174.119,13370.3125,100,495,10001,"[0, 100000]","[0, 100000]",0,0,4345,17382
yolov8x_training,4128.648342,77,173.446,13370.3125,100,450,10001,"[0, 100000]","[0, 100000]",0,0,2783,14501
yolov8x_training,4129.691229,77,174.567,13370.3125,100,420,10001,"[0, 100000]","[0, 100000]",0,0,2099,16308
yolov8x_training,4130.734138,78,178.133,13370.3125,100,510,10001,"[0, 100000]","[0, 100000]",0,0,2246,8691
yolov8x_training,4131.777088,79,176.719,13370.3125,100,525,10001,"[0, 100000]","[0, 100000]",0,0,2880,9960
yolov8x_training,4132.819973,79,174.035,13370.3125,100,465,10001,"[0, 100000]","[0, 100000]",0,0,2148,8398
yolov8x_training,4133.862728,79,176.372,13370.3125,100,480,10001,"[0, 100000]","[0, 100000]",0,0,1660,8447
yolov8x_training,4134.905560,80,181.200,13370.3125,96,495,10001,"[0, 100000]","[0, 100000]",0,0,2001,14306
yolov8x_training,4135.948487,80,179.630,13370.3125,96,675,10001,"[0, 100000]","[0, 100000]",0,0,2539,9472
yolov8x_training,4136.991335,80,176.072,13370.3125,97,1252,10001,"[0, 100000]","[0, 100000]",0,0,1904,10302
yolov8x_training,4138.034050,80,169.665,13370.3125,100,1875,10001,"[0, 100000]","[0, 100000]",0,0,1855,6835
yolov8x_training,4139.076834,80,170.467,13370.3125,90,1590,10001,"[0, 100000]","[0, 100000]",0,0,1660,7714
yolov8x_training,4140.119755,80,173.068,13370.3125,73,450,10001,"[0, 100000]","[0, 100000]",0,0,1562,7617
yolov8x_training,4141.162632,80,174.810,13370.3125,47,405,10001,"[0, 100000]","[0, 100000]",0,0,1660,4980
yolov8x_training,4142.205864,80,175.032,13370.3125,27,405,10001,"[0, 100000]","[0, 100000]",0,0,1220,5419
yolov8x_training,4143.248634,79,174.814,13370.3125,22,360,10001,"[0, 100000]","[0, 100000]",0,0,1464,5908
yolov8x_training,4144.291531,80,175.966,13370.3125,43,435,10001,"[0, 100000]","[0, 100000]",0,0,1611,4541
yolov8x_training,4145.334372,80,177.315,13370.3125,77,435,10001,"[0, 100000]","[0, 100000]",0,0,927,1318
yolov8x_training,4146.377255,81,176.692,13370.3125,89,480,10001,"[0, 100000]","[0, 100000]",0,0,1171,292
yolov8x_training,4147.419908,81,175.714,13370.3125,100,450,10001,"[0, 100000]","[0, 100000]",0,0,341,292
yolov8x_training,4148.462496,77,175.458,13370.3125,100,375,10001,"[0, 100000]","[0, 100000]",0,0,341,292
yolov8x_training,4149.505110,77,177.747,13370.3125,100,390,10001,"[0, 100000]","[0, 100000]",0,0,341,1034765
yolov8x_training,4150.547726,78,173.972,13370.3125,100,585,10001,"[0, 100000]","[0, 100000]",0,0,341,1031103
yolov8x_training,4151.589349,79,176.892,13370.3125,100,570,10001,"[0, 100000]","[0, 100000]",0,0,90820,22314
yolov8x_training,4152.727443,79,175.442,13370.3125,100,660,10001,"[0, 100000]","[0, 100000]",0,0,14599,10595
yolov8x_training,4153.770080,79,175.672,13370.3125,100,480,10001,"[0, 100000]","[0, 100000]",0,0,2343,20214
yolov8x_training,4154.813050,79,175.195,13370.3125,97,450,10001,"[0, 100000]","[0, 100000]",0,0,3125,10595
yolov8x_training,4155.855917,79,181.456,13370.3125,96,420,10001,"[0, 100000]","[0, 100000]",0,0,2001,8251
yolov8x_training,4156.898935,80,181.382,13370.3125,96,510,10001,"[0, 100000]","[0, 100000]",0,0,1708,12841
yolov8x_training,4157.941717,80,177.117,13370.3125,96,600,10001,"[0, 100000]","[0, 100000]",0,0,2539,12597
yolov8x_training,4158.984134,80,171.759,13370.3125,96,2505,10001,"[0, 100000]","[0, 100000]",0,0,2929,10791
yolov8x_training,4160.026575,80,168.833,13370.3125,100,2430,10001,"[0, 100000]","[0, 100000]",0,0,2099,7763
yolov8x_training,4161.068760,80,171.632,13370.3125,77,1635,10001,"[0, 100000]","[0, 100000]",0,0,1904,8251
yolov8x_training,4162.110993,80,172.993,13370.3125,65,1590,10001,"[0, 100000]","[0, 100000]",0,0,1806,6689
yolov8x_training,4163.153083,80,174.762,13370.3125,36,480,10001,"[0, 100000]","[0, 100000]",0,0,1757,5468
yolov8x_training,4164.195231,80,176.375,13370.3125,33,435,10001,"[0, 100000]","[0, 100000]",0,0,1611,6347
yolov8x_training,4165.237461,80,170.087,13370.3125,27,390,10001,"[0, 100000]","[0, 100000]",0,0,1660,2832
yolov8x_training,4166.279697,81,169.427,13370.3125,33,405,10001,"[0, 100000]","[0, 100000]",0,0,6298,88330
yolov8x_training,4167.322922,79,172.006,13370.3125,41,360,10001,"[0, 100000]","[0, 100000]",0,0,585,341
yolov8x_training,4168.365114,80,172.285,13370.3125,58,435,10001,"[0, 100000]","[0, 100000]",0,0,14111,71386
yolov8x_training,4169.407372,77,139.888,14976.3125,99,375,10001,"[0, 100000]","[0, 100000]",0,0,4913818,634
yolov8x_training,4170.459727,79,141.401,16770.3125,100,570,10001,"[0, 100000]","[0, 100000]",0,0,683,7568
yolov8x_training,4171.579563,76,108.036,16770.3125,0,2505,10001,"[0, 100000]","[0, 100000]",0,0,390,292
yolov8x_training,4172.623182,76,90.692,16774.3125,24,2505,10001,"[0, 100000]","[0, 100000]",0,0,1301025,830
yolov8x_training,4173.667735,76,86.490,16774.3125,0,2505,10001,"[0, 100000]","[0, 100000]",0,0,341,292
yolov8x_training,4174.710421,76,85.132,16774.3125,0,2505,10001,"[0, 100000]","[0, 100000]",0,0,292,292
yolov8x_training,4175.752979,75,83.865,16774.3125,0,2505,10001,"[0, 100000]","[0, 100000]",0,0,341,292
yolov8x_training,4176.845781,75,83.684,16774.3125,0,2505,10001,"[0, 100000]","[0, 100000]",0,0,341,292
yolov8x_training,4177.997303,75,83.402,16774.3125,0,2505,10001,"[0, 100000]","[0, 100000]",0,0,341,292
yolov8x_training,4179.063647,76,108.195,16774.3125,100,375,10001,"[0, 100000]","[0, 100000]",0,0,390,75683
yolov8x_training,4180.137851,77,120.272,16774.3125,100,2505,10001,"[0, 100000]","[0, 100000]",0,0,20605,75634
yolov8x_training,4181.190526,74,112.319,16774.3125,3,2505,10001,"[0, 100000]","[0, 100000]",0,0,341,292
yolov8x_training,4182.291248,74,84.072,16774.3125,0,2505,10001,"[0, 100000]","[0, 100000]",0,0,390,292
yolov8x_training,4183.384643,74,82.682,16774.3125,0,2505,10001,"[0, 100000]","[0, 100000]",0,0,585,1562
